# Blender 5.2.0 LTS
# www.blender.org
o obj4
v 0.175273 5.588568 0.333622
v 0.152184 5.570444 0.344096
v 0.168596 5.547659 0.322364
v 0.189656 5.547744 0.308238
v 0.119360 5.608883 0.380380
v 0.117950 5.575790 0.371032
v 0.060041 5.586215 0.401944
v 0.079351 5.573386 0.375919
v 0.185700 5.549684 0.303296
v 0.171275 5.590352 0.328649
v 0.164640 5.549600 0.317423
v 0.185700 5.549684 0.303296
v 0.148186 5.572228 0.339123
v 0.114615 5.578238 0.365795
v 0.171275 5.590352 0.328649
v 0.116024 5.611331 0.375143
v 0.057584 5.589355 0.396751
v 0.076895 5.576525 0.370726
v 0.116024 5.611331 0.375143
v 0.057584 5.589355 0.396751
v -0.168596 5.547659 0.322364
v -0.152184 5.570444 0.344096
v -0.175273 5.588568 0.333622
v -0.189656 5.547744 0.308238
v -0.119360 5.608883 0.380380
v -0.117950 5.575790 0.371032
v -0.079351 5.573386 0.375919
v -0.060041 5.586215 0.401944
v -0.171275 5.590352 0.328649
v -0.185700 5.549684 0.303296
v -0.185700 5.549684 0.303296
v -0.164640 5.549600 0.317423
v -0.148186 5.572228 0.339123
v -0.114615 5.578238 0.365795
v -0.116024 5.611331 0.375143
v -0.171275 5.590352 0.328649
v -0.076895 5.576525 0.370726
v -0.057584 5.589355 0.396751
v -0.057584 5.589355 0.396751
v -0.116024 5.611331 0.375143
v 0.382406 5.792192 -0.190290
v 0.390693 5.685099 -0.195980
v 0.222694 5.685099 -0.395730
v 0.217909 5.792191 -0.385876
v -0.006797 5.685099 -0.468843
v -0.006797 5.792191 -0.457466
v -0.006797 5.792191 -0.457466
v -0.006797 5.685099 -0.468843
v -0.236288 5.685099 -0.395730
v -0.231504 5.792191 -0.385876
v -0.404288 5.685101 -0.195980
v -0.396000 5.792192 -0.190291
v -0.465780 5.685101 0.076885
v -0.456211 5.792193 0.076885
v -0.404288 5.685101 0.349748
v -0.396001 5.792192 0.344060
v -0.236289 5.685099 0.549499
v -0.231504 5.792191 0.539645
v -0.006797 5.685099 0.622612
v -0.006798 5.792191 0.611235
v 0.222694 5.685098 0.549499
v 0.217909 5.792191 0.539645
v 0.390693 5.685099 0.349748
v 0.382406 5.792192 0.344060
v 0.452185 5.685101 0.076884
v 0.442616 5.792192 0.076885
v 0.203829 5.857429 -0.067704
v 0.228126 5.757636 -0.084382
v 0.128836 5.757636 -0.202438
v 0.114808 5.857429 -0.173549
v -0.006797 5.757636 -0.245649
v -0.006797 5.857429 -0.212291
v -0.006797 5.857429 -0.212291
v -0.006797 5.757636 -0.245649
v -0.142430 5.757636 -0.202438
v -0.128403 5.857429 -0.173549
v -0.241720 5.757636 -0.084382
v -0.217424 5.857429 -0.067704
v -0.278063 5.757636 0.076884
v -0.250008 5.857429 0.076884
v -0.241720 5.757636 0.238151
v -0.217424 5.857429 0.221472
v -0.142430 5.757636 0.356207
v -0.128403 5.857429 0.327318
v -0.006797 5.757636 0.399418
v -0.006797 5.857429 0.366060
v 0.128836 5.757636 0.356207
v 0.114808 5.857429 0.327318
v 0.228126 5.757636 0.238151
v 0.203829 5.857429 0.221472
v 0.264469 5.757636 0.076884
v 0.236413 5.857429 0.076884
v 0.165179 5.943124 -0.041171
v 0.092493 5.943124 -0.127594
v -0.006797 5.943124 -0.159227
v -0.006797 5.943124 -0.159227
v -0.106088 5.943124 -0.127594
v -0.178773 5.943124 -0.041171
v -0.205378 5.943124 0.076884
v -0.178773 5.943124 0.194940
v -0.106088 5.943124 0.281363
v -0.006797 5.943124 0.312996
v 0.092493 5.943124 0.281363
v 0.165179 5.943124 0.194940
v 0.191783 5.943124 0.076884
v 0.114808 6.008880 -0.006593
v 0.063411 6.008880 -0.067704
v -0.006797 6.008880 -0.090071
v -0.006797 6.008880 -0.090071
v -0.077006 6.008880 -0.067704
v -0.128402 6.008880 -0.006593
v -0.147215 6.008880 0.076884
v -0.128402 6.008880 0.160362
v -0.077006 6.008880 0.221472
v -0.006797 6.008880 0.243840
v 0.063411 6.008880 0.221472
v 0.114808 6.008880 0.160362
v 0.133620 6.008880 0.076884
v 0.056150 6.050217 0.033673
v 0.029545 6.050217 0.002040
v -0.006797 6.050217 -0.009538
v -0.006797 6.050217 -0.009538
v -0.043140 6.050217 0.002040
v -0.069745 6.050217 0.033673
v -0.079483 6.050217 0.076884
v -0.069745 6.050217 0.120096
v -0.043140 6.050217 0.151729
v -0.006797 6.050217 0.163307
v 0.029545 6.050217 0.151729
v 0.056150 6.050217 0.120096
v 0.065888 6.050217 0.076884
v -0.006797 6.064316 0.076884
v 0.236413 5.650543 -0.090071
v 0.133620 5.650543 -0.212291
v -0.006797 5.650543 -0.257027
v -0.006797 5.650543 -0.257027
v -0.147215 5.650543 -0.212291
v -0.250008 5.650543 -0.090071
v -0.287633 5.650543 0.076884
v -0.250008 5.650543 0.243840
v -0.147215 5.650543 0.366060
v -0.006797 5.650543 0.410796
v 0.133620 5.650543 0.366060
v 0.236413 5.650543 0.243840
v 0.274038 5.650543 0.076884
v -0.116823 5.318144 0.427622
v -0.062558 5.322124 0.466995
v -0.028030 5.367639 0.476274
v -0.054129 5.381792 0.469243
v -0.085377 5.305356 0.451584
v -0.062575 5.307423 0.465871
v -0.022415 5.367165 0.464993
v -0.056576 5.333165 0.455428
v -0.109821 5.317728 0.417133
v -0.047641 5.381303 0.458462
v -0.056375 5.306738 0.454829
v -0.077889 5.305014 0.441431
v -0.109821 5.317728 0.417133
v -0.056576 5.333165 0.455428
v -0.022415 5.367165 0.464993
v 0.000000 5.362413 0.487925
v 0.000000 5.362103 0.475989
v -0.047641 5.381303 0.458462
v -0.109821 5.317728 0.417133
v -0.022415 5.367165 0.464993
v -0.047641 5.381303 0.458462
v -0.109821 5.317728 0.417133
v -0.077889 5.305014 0.441431
v -0.077889 5.305014 0.441431
v -0.056375 5.306738 0.454829
v -0.100726 5.268889 0.423858
v -0.055301 5.265606 0.441613
v -0.056420 5.283803 0.439588
v -0.104228 5.283482 0.416281
v -0.081738 5.540691 0.336581
v -0.083387 5.557910 0.345349
v -0.112411 5.558649 0.338513
v -0.111917 5.540078 0.331262
v -0.111900 5.496738 0.353696
v -0.067942 5.506147 0.370642
v -0.078198 5.517091 0.345685
v -0.111675 5.508064 0.345550
v -0.162297 5.541295 0.319326
v -0.146763 5.559484 0.325424
v -0.150252 5.565655 0.333438
v -0.167987 5.539922 0.308760
v -0.112196 5.566199 0.342151
v -0.076964 5.564949 0.353993
v -0.073412 5.570542 0.369378
v -0.114068 5.572490 0.363770
v -0.055792 5.539191 0.368641
v -0.062010 5.540653 0.349164
v -0.141541 5.261009 0.356468
v -0.145503 5.308752 0.345526
v -0.165352 5.325248 0.291024
v -0.152672 5.254160 0.306237
v -0.192218 5.320324 0.222944
v -0.206469 5.419995 0.242560
v -0.223185 5.384876 0.100217
v -0.203270 5.307619 0.139259
v -0.148601 5.513048 0.333610
v -0.155928 5.504430 0.331863
v -0.144363 5.552598 0.325409
v -0.155806 5.540080 0.320566
v -0.144090 5.539034 0.327045
v -0.111744 5.515203 0.338525
v -0.082472 5.520233 0.341614
v -0.143958 5.517457 0.331054
v -0.114653 5.485188 0.368684
v -0.030979 5.489808 0.396279
v -0.171402 5.497685 0.324907
v -0.190687 5.540018 0.292696
v -0.175139 5.586266 0.321527
v -0.115587 5.610124 0.374400
v -0.052598 5.585132 0.398974
v -0.036470 5.537185 0.390491
v -0.035874 5.438723 0.403426
v -0.117420 5.437416 0.355504
v -0.214016 5.533282 0.257498
v -0.200782 5.616260 0.277520
v -0.127644 5.652423 0.340897
v -0.011742 5.563466 0.423885
v -0.020887 5.567487 0.419090
v -0.020392 5.523636 0.413117
v -0.010090 5.522374 0.424762
v -0.021558 5.481070 0.443025
v -0.011802 5.481273 0.462255
v -0.067588 5.541526 0.343756
v -0.117139 5.374864 0.379254
v -0.046876 5.408923 0.439658
v -0.077889 5.305014 0.441431
v -0.056375 5.306738 0.454829
v -0.014184 5.436207 0.495504
v -0.026831 5.435059 0.473663
v -0.030672 5.417145 0.486022
v -0.017794 5.417294 0.510236
v 0.000000 5.520886 0.432137
v 0.000000 5.561691 0.425003
v 0.000000 5.482461 0.466951
v 0.000000 5.437586 0.508060
v -0.087410 5.253847 0.434739
v -0.107661 5.249991 0.413839
v -0.055535 5.219333 0.433112
v -0.054467 5.247722 0.447246
v -0.058550 5.190304 0.428086
v -0.112602 5.222832 0.387983
v -0.113662 5.201605 0.350614
v -0.062272 5.166182 0.395344
v -0.109821 5.317728 0.417133
v -0.123060 5.283579 0.396353
v -0.077889 5.305014 0.441431
v -0.027276 5.571785 0.412765
v -0.027635 5.533140 0.403910
v -0.025068 5.488143 0.421882
v -0.043124 5.386846 0.472695
v -0.022543 5.378348 0.497569
v -0.022694 5.390569 0.521266
v -0.037786 5.391592 0.499635
v -0.039053 5.415324 0.458656
v -0.030770 5.436447 0.445085
v -0.032172 5.604737 0.419465
v -0.041909 5.600038 0.412868
v -0.031386 5.588679 0.416286
v -0.023950 5.585374 0.422775
v -0.013737 5.584595 0.425624
v -0.015858 5.606396 0.420010
v 0.000000 5.583678 0.423983
v 0.000000 5.605401 0.419063
v 0.000000 5.389368 0.539420
v 0.000000 5.420592 0.523286
v -0.109821 5.317728 0.417133
v -0.047641 5.381303 0.458462
v -0.109821 5.317728 0.417133
v -0.123029 5.270134 0.403239
v -0.109821 5.317728 0.417133
v -0.056576 5.333165 0.455428
v -0.022415 5.367165 0.464993
v -0.047641 5.381303 0.458462
v -0.109821 5.317728 0.417133
v -0.077889 5.305014 0.441431
v -0.056375 5.306738 0.454829
v -0.056576 5.333165 0.455428
v -0.047641 5.381303 0.458462
v -0.022415 5.367165 0.464993
v -0.047641 5.381303 0.458462
v -0.144363 5.552598 0.325409
v -0.112411 5.558649 0.338513
v -0.155806 5.540080 0.320566
v -0.143958 5.517457 0.331054
v -0.111744 5.515203 0.338525
v -0.082472 5.520233 0.341614
v -0.067588 5.541526 0.343756
v -0.083387 5.557910 0.345349
v -0.062283 5.853326 -0.097448
v -0.062283 5.741356 -0.217983
v -0.120926 5.725538 -0.188488
v -0.120926 5.825930 -0.080419
v -0.062283 5.894301 0.067206
v -0.120926 5.862667 0.067206
v -0.061029 5.853326 0.231860
v -0.120926 5.825930 0.214830
v -0.048306 5.741356 0.352395
v -0.096890 5.725538 0.322899
v -0.062283 5.588411 -0.250916
v -0.120926 5.588411 -0.222450
v -0.171283 5.700375 -0.141567
v -0.171283 5.782338 -0.053329
v -0.171283 5.812338 0.067206
v -0.171283 5.782338 0.187741
v -0.154975 5.700375 0.275979
v -0.171283 5.588411 -0.173864
v -0.209924 5.667581 -0.080419
v -0.209924 5.725538 -0.018025
v -0.209924 5.746752 0.067206
v -0.209924 5.725538 0.152437
v -0.204604 5.655695 0.210778
v -0.209924 5.588411 -0.103256
v -0.234214 5.528879 -0.015180
v -0.233745 5.563978 0.017267
v -0.233053 5.576933 0.061311
v -0.232030 5.568256 0.080084
v -0.227911 5.525141 0.118264
v -0.224483 5.484025 0.132764
v -0.233891 5.489963 -0.021029
v -0.267632 5.506907 0.048779
v -0.246219 5.510042 0.108121
v -0.260538 5.543622 0.076905
v -0.270226 5.548480 0.047536
v -0.282518 5.504125 -0.013049
v -0.279023 5.534880 0.012557
v -0.263070 5.466379 0.049223
v -0.238592 5.476056 0.120540
v -0.279377 5.471751 -0.017747
v 0.000000 5.137722 0.384260
v -0.064625 5.156027 0.359244
v -0.062295 5.150768 0.307916
v 0.000000 5.132392 0.337238
v -0.164576 5.242970 0.181368
v -0.162690 5.247059 0.250773
v -0.222255 5.430305 0.100991
v -0.114945 5.189757 0.304988
v -0.114821 5.191406 0.235859
v -0.062620 5.149230 0.214370
v 0.000000 5.141438 0.238654
v -0.198963 5.289130 0.055375
v -0.162851 5.227047 0.089988
v -0.236045 5.388645 0.087703
v -0.238338 5.428613 0.093690
v -0.256354 5.423673 0.045336
v -0.236634 5.371133 0.039960
v -0.115701 5.182759 0.142918
v -0.210869 5.364060 0.056504
v -0.065764 5.664735 0.384418
v -0.160792 5.193771 0.058249
v -0.185889 5.261846 0.010147
v -0.263257 5.426816 -0.015770
v -0.236009 5.390039 -0.009649
v -0.116472 5.148635 0.112346
v -0.062359 5.118663 0.157308
v -0.200789 5.385355 0.001710
v -0.063634 5.540176 -0.246411
v -0.120592 5.540176 -0.212352
v -0.166549 5.540176 -0.168158
v -0.201814 5.540176 -0.103256
v -0.222511 5.433865 -0.014465
v -0.067588 5.391569 -0.218060
v -0.119407 5.392785 -0.188988
v -0.157240 5.393315 -0.142872
v -0.184205 5.394614 -0.088659
v -0.120355 5.271626 -0.147168
v -0.155577 5.272582 -0.116902
v -0.174582 5.271254 -0.072844
v -0.025915 5.666986 0.391213
v -0.255351 5.568881 0.046222
v -0.248203 5.561276 0.081321
v -0.236792 5.520718 0.118381
v -0.265254 5.521674 -0.026999
v -0.261930 5.555672 0.004093
v -0.230461 5.481078 0.132896
v -0.263508 5.483927 -0.032691
v -0.227977 5.427345 0.101329
v -0.226461 5.362478 0.039071
v -0.222988 5.385033 -0.017758
v -0.249008 5.430351 -0.028674
v 0.000000 5.148514 0.417380
v -0.062979 5.270918 -0.169556
v -2.609894 4.672900 0.031907
v -2.512907 4.668772 -0.013879
v -2.510205 4.722838 -0.000197
v -2.606761 4.722521 0.040504
v -2.688612 4.681727 0.048782
v -2.613056 4.684369 0.022498
v -2.610449 4.723353 0.031121
v -2.674217 4.724867 0.056136
v -2.674217 4.724867 0.056136
v -2.610449 4.723353 0.031121
v -2.605877 4.763761 0.018609
v -2.689500 4.771751 0.057743
v -2.508198 4.780041 0.002888
v -2.602708 4.774400 0.029737
v -3.051703 4.553041 0.170596
v -3.065881 4.571000 0.189042
v -3.084279 4.599383 0.170330
v -3.067250 4.568188 0.146403
v -3.084279 4.599383 0.170330
v -3.065881 4.571000 0.189042
v -3.048146 4.600695 0.196614
v -3.062270 4.639403 0.186337
v -3.066343 4.635045 0.144869
v -3.054953 4.612484 0.130965
v -3.066343 4.635045 0.144869
v -3.051396 4.660138 0.156983
v -2.902193 4.695658 0.049670
v -2.913179 4.740774 0.062739
v -2.968314 4.748675 0.058308
v -2.969885 4.710990 0.045921
v -2.968314 4.748675 0.058308
v -2.913179 4.740774 0.062739
v -2.902210 4.790419 0.059508
v -2.967535 4.787009 0.051804
v -2.510004 4.802064 -0.124921
v -2.610699 4.797750 -0.106856
v -2.610175 4.787561 -0.106526
v -2.674521 4.795462 0.015935
v -2.795333 4.814196 0.022831
v -2.796631 4.803147 0.059004
v -2.900877 4.812167 0.023058
v -2.673610 4.816516 -0.101596
v -2.799256 4.832103 -0.059393
v -2.903080 4.830700 -0.059137
v -2.973800 4.801821 -0.018112
v -2.967697 4.811623 0.023041
v -2.799391 4.832538 -0.141384
v -2.903092 4.830433 -0.141507
v -2.973924 4.807125 -0.100240
v -2.969120 4.820696 -0.059156
v -2.675511 4.795285 -0.209336
v -2.608256 4.759450 -0.213543
v -2.688565 4.766865 -0.233558
v -2.514851 4.778762 -0.225263
v -2.609592 4.769736 -0.223430
v -2.796101 4.804581 -0.217189
v -2.794031 4.777272 -0.250727
v -2.901209 4.806818 -0.225835
v -2.900867 4.782555 -0.258122
v -2.973767 4.802005 -0.182473
v -2.969086 4.820934 -0.141357
v -2.968253 4.781876 -0.253888
v -2.967885 4.808325 -0.223812
v -2.516130 4.725107 -0.241274
v -2.611179 4.725396 -0.232014
v -2.610397 4.725464 -0.221632
v -2.690499 4.730731 -0.244375
v -2.690499 4.730731 -0.244375
v -2.610397 4.725464 -0.221632
v -2.612439 4.693024 -0.213543
v -2.680989 4.695575 -0.247013
v -2.514857 4.672163 -0.225145
v -2.614113 4.682481 -0.223237
v -2.795296 4.737111 -0.261907
v -2.795296 4.737111 -0.261907
v -2.797304 4.703672 -0.250728
v -2.902712 4.743362 -0.268885
v -2.902712 4.743362 -0.268885
v -2.904356 4.708184 -0.258125
v -2.970106 4.745579 -0.263913
v -2.970106 4.745579 -0.263913
v -2.972301 4.710960 -0.253888
v -2.518881 4.649873 -0.122015
v -2.623461 4.663360 -0.106857
v -2.622566 4.673431 -0.106460
v -2.682014 4.679306 -0.164552
v -2.797460 4.696517 -0.217191
v -2.903414 4.695956 -0.225845
v -2.796438 4.702544 -0.141383
v -2.899670 4.695352 -0.141679
v -2.977587 4.701447 -0.182482
v -2.973186 4.697619 -0.223815
v -2.682468 4.675468 -0.041019
v -2.797186 4.696391 -0.065395
v -2.900155 4.692756 -0.061103
v -2.977512 4.700375 -0.100341
v -2.973186 4.694442 -0.141409
v -2.623461 4.663360 -0.106857
v -2.518881 4.649873 -0.122015
v -2.799723 4.683132 0.005615
v -2.804599 4.674582 0.037513
v -2.901526 4.689994 0.014962
v -2.977292 4.700172 -0.019216
v -2.973161 4.693652 -0.059610
v -2.971591 4.696389 0.018009
v -3.263749 4.674045 -0.223520
v -3.257114 4.685674 -0.207097
v -3.270914 4.703909 -0.201433
v -3.281789 4.698731 -0.223520
v -3.257114 4.685674 -0.239944
v -3.270914 4.703909 -0.245607
v -3.270914 4.703909 -0.245607
v -3.281789 4.698731 -0.223520
v -3.278080 4.733768 -0.223520
v -3.267797 4.730187 -0.239944
v -3.270914 4.703909 -0.201433
v -3.267797 4.730187 -0.207097
v -3.317960 4.648258 -0.141325
v -3.310397 4.660323 -0.124902
v -3.325125 4.678116 -0.119238
v -3.337194 4.672379 -0.141325
v -3.310397 4.660323 -0.157749
v -3.325125 4.678116 -0.163412
v -3.325125 4.678116 -0.163412
v -3.337194 4.672379 -0.141325
v -3.332291 4.707975 -0.141325
v -3.321079 4.704842 -0.157749
v -3.325125 4.678116 -0.119238
v -3.321079 4.704842 -0.124902
v -3.349839 4.633090 -0.059130
v -3.341112 4.645714 -0.042707
v -3.357004 4.662951 -0.037043
v -3.370569 4.656497 -0.059130
v -3.341112 4.645714 -0.075553
v -3.357004 4.662951 -0.081217
v -3.357004 4.662951 -0.081217
v -3.370569 4.656497 -0.059130
v -3.364170 4.692814 -0.059130
v -3.351795 4.690228 -0.075553
v -3.357004 4.662951 -0.037043
v -3.351795 4.690228 -0.042707
v -3.320734 4.646937 0.023065
v -3.311831 4.659643 0.039488
v -3.327899 4.676796 0.045152
v -3.341691 4.670238 0.023065
v -3.311831 4.659643 0.006642
v -3.327899 4.676796 0.000978
v -3.327899 4.676796 0.000978
v -3.341691 4.670238 0.023065
v -3.335065 4.706655 0.023065
v -3.322515 4.704156 0.006642
v -3.327899 4.676796 0.045152
v -3.322515 4.704156 0.039488
v -2.995380 4.709706 -0.196383
v -2.995701 4.698276 -0.223522
v -2.994675 4.710975 -0.250660
v -3.102228 4.711631 -0.247088
v -3.101747 4.700225 -0.223520
v -3.117581 4.700516 -0.223520
v -3.118288 4.711728 -0.246555
v -3.102328 4.711370 -0.199953
v -3.118297 4.711623 -0.200486
v -2.992526 4.743915 -0.259706
v -2.992526 4.743915 -0.259706
v -2.990617 4.778168 -0.250660
v -3.105441 4.778049 -0.247088
v -3.103822 4.744676 -0.254944
v -3.120441 4.744789 -0.254233
v -3.122587 4.778027 -0.246555
v -3.120441 4.744789 -0.254233
v -3.103822 4.744676 -0.254944
v -2.990315 4.794784 -0.223520
v -2.991360 4.787278 -0.196381
v -3.105487 4.780228 -0.199953
v -3.105995 4.790411 -0.223520
v -3.123268 4.789756 -0.223520
v -3.122528 4.779176 -0.200486
v -2.984550 4.750810 -0.182425
v -2.993490 4.749146 -0.187336
v -2.984550 4.750810 -0.182425
v -2.993490 4.749146 -0.187336
v -3.103919 4.745960 -0.192097
v -3.120408 4.745489 -0.192808
v -3.120408 4.745489 -0.192808
v -3.103919 4.745960 -0.192097
v -2.995510 4.709064 -0.114210
v -2.996173 4.695471 -0.141342
v -2.995487 4.709244 -0.168470
v -3.128005 4.706372 -0.164767
v -3.127437 4.694710 -0.141327
v -3.141893 4.694620 -0.141325
v -3.142598 4.706058 -0.164360
v -3.128008 4.706342 -0.117886
v -3.142599 4.706037 -0.118291
v -2.993466 4.749742 -0.177512
v -2.993466 4.749742 -0.177512
v -2.991448 4.790473 -0.168465
v -2.990771 4.804938 -0.141327
v -2.991445 4.792037 -0.114192
v -3.131421 4.776325 -0.117884
v -3.131990 4.787897 -0.141325
v -3.147542 4.786017 -0.141325
v -3.146836 4.774594 -0.118291
v -3.131421 4.776169 -0.164767
v -3.146836 4.774594 -0.164360
v -2.984560 4.752413 -0.100253
v -2.993478 4.750667 -0.105156
v -2.984560 4.752413 -0.100253
v -2.993478 4.750667 -0.105156
v -3.129714 4.741341 -0.110071
v -3.144718 4.740313 -0.110613
v -3.144718 4.740313 -0.110613
v -3.129714 4.741341 -0.110071
v -2.995408 4.708595 -0.032305
v -2.996114 4.695113 -0.059350
v -2.995491 4.709042 -0.086344
v -3.137558 4.704297 -0.082533
v -3.136970 4.692644 -0.059150
v -3.150598 4.692404 -0.059130
v -3.151304 4.703835 -0.082165
v -3.137551 4.704237 -0.035761
v -3.151304 4.703820 -0.036096
v -2.993476 4.750720 -0.095333
v -2.993476 4.750720 -0.095333
v -2.991449 4.792000 -0.086279
v -2.990796 4.804745 -0.059147
v -2.991471 4.790083 -0.032066
v -3.141067 4.773938 -0.035740
v -3.141651 4.785644 -0.059132
v -3.156247 4.783801 -0.059130
v -3.155541 4.772371 -0.036096
v -3.141065 4.774109 -0.082528
v -3.155541 4.772377 -0.082165
v -2.984499 4.749973 -0.018363
v -2.993435 4.749138 -0.023164
v -2.984499 4.749973 -0.018363
v -2.993435 4.749138 -0.023164
v -3.139309 4.739066 -0.027954
v -3.153423 4.738095 -0.028418
v -3.153423 4.738095 -0.028418
v -3.139309 4.739066 -0.027954
v -2.993370 4.713005 0.046172
v -2.994804 4.698977 0.020206
v -2.995088 4.709386 -0.005048
v -3.118477 4.708498 -0.000402
v -3.117784 4.697679 0.022822
v -3.129213 4.697560 0.023065
v -3.129944 4.708416 0.000030
v -3.118298 4.709289 0.046105
v -3.129908 4.708940 0.046099
v -2.993456 4.748600 -0.013341
v -2.993456 4.748600 -0.013341
v -2.991349 4.787436 -0.004149
v -2.990205 4.796741 0.023049
v -2.990210 4.781607 0.049537
v -3.121985 4.775452 0.046391
v -3.122612 4.787376 0.023063
v -3.134918 4.786509 0.023065
v -3.134231 4.774878 0.046099
v -3.122034 4.776878 -0.000325
v -3.134180 4.775899 0.000030
v -2.991552 4.747123 0.056596
v -2.991552 4.747123 0.056596
v -3.120122 4.742318 0.054017
v -3.132071 4.741870 0.053777
v -3.132071 4.741870 0.053777
v -3.120122 4.742318 0.054017
v -3.144717 4.740326 -0.172038
v -3.129712 4.741260 -0.172581
v -3.129712 4.741260 -0.172581
v -3.144717 4.740326 -0.172038
v -3.153422 4.738104 -0.089843
v -3.139311 4.739222 -0.090327
v -3.139311 4.739222 -0.090327
v -3.153422 4.738104 -0.089843
v -3.132061 4.742198 -0.007648
v -3.120275 4.742743 -0.008132
v -3.120275 4.742743 -0.008132
v -3.132061 4.742198 -0.007648
v -3.130952 4.699299 -0.223520
v -3.131957 4.710273 -0.200571
v -3.179205 4.705603 -0.200864
v -3.177201 4.695091 -0.223520
v -3.131949 4.710355 -0.246470
v -3.179204 4.705618 -0.246177
v -3.185216 4.737111 -0.253729
v -3.134968 4.743065 -0.254120
v -3.137981 4.775922 -0.246470
v -3.134968 4.743065 -0.254120
v -3.185216 4.737111 -0.253729
v -3.191228 4.768632 -0.246177
v -3.193226 4.779250 -0.223520
v -3.138958 4.787404 -0.223520
v -3.137933 4.776855 -0.200571
v -3.191219 4.768827 -0.200864
v -3.185211 4.737230 -0.193312
v -3.134941 4.743632 -0.192921
v -3.134941 4.743632 -0.192921
v -3.185211 4.737230 -0.193312
v -3.153212 4.692039 -0.141325
v -3.154110 4.703334 -0.118347
v -3.226590 4.686295 -0.118698
v -3.224485 4.675789 -0.141325
v -3.154109 4.703350 -0.164304
v -3.226590 4.686296 -0.163952
v -3.232903 4.717824 -0.171494
v -3.156803 4.737245 -0.171963
v -3.159496 4.771140 -0.164304
v -3.156803 4.737245 -0.171963
v -3.232903 4.717824 -0.171494
v -3.239217 4.749353 -0.163952
v -3.241322 4.759859 -0.141325
v -3.160394 4.782435 -0.141325
v -3.159496 4.771132 -0.118347
v -3.239217 4.749353 -0.118698
v -3.232903 4.717824 -0.111156
v -3.156803 4.737230 -0.110687
v -3.156803 4.737230 -0.110687
v -3.232903 4.717824 -0.111156
v -3.163206 4.688950 -0.059130
v -3.164100 4.700246 -0.036150
v -3.247504 4.676968 -0.036507
v -3.245388 4.666463 -0.059130
v -3.164100 4.700261 -0.082110
v -3.247504 4.676968 -0.081754
v -3.253853 4.708475 -0.089295
v -3.166780 4.734163 -0.089770
v -3.169462 4.768065 -0.082110
v -3.166780 4.734163 -0.089770
v -3.253853 4.708475 -0.089295
v -3.260201 4.739975 -0.081754
v -3.262318 4.750480 -0.059130
v -3.170356 4.779364 -0.059130
v -3.169463 4.768065 -0.036150
v -3.260201 4.739975 -0.036507
v -3.253853 4.708469 -0.028966
v -3.166782 4.734156 -0.028491
v -3.166782 4.734156 -0.028491
v -3.253853 4.708469 -0.028966
v -3.138936 4.695486 0.023065
v -3.139789 4.706767 0.046053
v -3.218057 4.689547 0.045691
v -3.215952 4.679059 0.023065
v -3.139821 4.706296 0.000076
v -3.218061 4.689504 0.000439
v -3.224380 4.720944 -0.007103
v -3.142409 4.739818 -0.007587
v -3.144998 4.773261 0.000076
v -3.142409 4.739818 -0.007587
v -3.224380 4.720944 -0.007103
v -3.230700 4.752376 0.000439
v -3.232808 4.762791 0.023065
v -3.145890 4.783848 0.023065
v -3.145044 4.772348 0.046053
v -3.230703 4.752271 0.045691
v -3.224381 4.720905 0.053233
v -3.142418 4.739521 0.053716
v -3.142418 4.739521 0.053716
v -3.224381 4.720905 0.053233
v -3.188127 4.694091 -0.223520
v -3.190367 4.704498 -0.200933
v -3.231009 4.689092 -0.201223
v -3.228583 4.678982 -0.223520
v -3.190367 4.704493 -0.246107
v -3.231009 4.689092 -0.245818
v -3.197087 4.735700 -0.253636
v -3.238289 4.719428 -0.253251
v -3.203807 4.766909 -0.246107
v -3.197087 4.735700 -0.253636
v -3.238289 4.719428 -0.253251
v -3.245567 4.749757 -0.245818
v -3.206047 4.777325 -0.223520
v -3.247994 4.759868 -0.223520
v -3.203808 4.766932 -0.200933
v -3.245567 4.749757 -0.201223
v -3.197088 4.735715 -0.193404
v -3.238289 4.719428 -0.193790
v -3.197088 4.735715 -0.193404
v -3.238289 4.719428 -0.193790
v -3.232539 4.673954 -0.141325
v -3.234779 4.684370 -0.118738
v -3.281640 4.665008 -0.119028
v -3.279213 4.654898 -0.141325
v -3.234779 4.684370 -0.163912
v -3.281640 4.665008 -0.163623
v -3.241503 4.715630 -0.171441
v -3.288919 4.695344 -0.171055
v -3.248225 4.746892 -0.163912
v -3.241503 4.715630 -0.171441
v -3.288919 4.695344 -0.171055
v -3.296197 4.725673 -0.163623
v -3.250465 4.757308 -0.141325
v -3.298624 4.735782 -0.141325
v -3.248225 4.746892 -0.118738
v -3.296197 4.725673 -0.119028
v -3.241503 4.715630 -0.111209
v -3.288919 4.695344 -0.111595
v -3.241503 4.715630 -0.111209
v -3.288919 4.695344 -0.111595
v -3.253768 4.664172 -0.059130
v -3.256009 4.674595 -0.036543
v -3.309029 4.651981 -0.036833
v -3.306602 4.641871 -0.059130
v -3.256009 4.674595 -0.081717
v -3.309029 4.651981 -0.081428
v -3.262731 4.705850 -0.089246
v -3.316308 4.682310 -0.088860
v -3.269454 4.737111 -0.081717
v -3.262731 4.705850 -0.089246
v -3.316308 4.682310 -0.088860
v -3.323587 4.712646 -0.081428
v -3.271696 4.747533 -0.059130
v -3.326013 4.722756 -0.059130
v -3.269454 4.737111 -0.036543
v -3.323587 4.712646 -0.036833
v -3.262731 4.705850 -0.029014
v -3.316308 4.682310 -0.029400
v -3.262731 4.705850 -0.029014
v -3.316308 4.682310 -0.029400
v -3.224225 4.677296 0.023065
v -3.226464 4.687697 0.045652
v -3.279247 4.666149 0.045362
v -3.276820 4.656034 0.023065
v -3.226465 4.687704 0.000478
v -3.279247 4.666149 0.000767
v -3.233186 4.718921 -0.007051
v -3.286526 4.696478 -0.006665
v -3.239905 4.750132 0.000478
v -3.233186 4.718921 -0.007051
v -3.286526 4.696478 -0.006665
v -3.293805 4.726815 0.000767
v -3.242145 4.760530 0.023065
v -3.296231 4.736924 0.023065
v -3.239904 4.750115 0.045652
v -3.293805 4.726815 0.045362
v -3.233185 4.718906 0.053181
v -3.286526 4.696478 0.052795
v -3.233185 4.718906 0.053181
v -3.286526 4.696478 0.052795
v -2.731004 4.685205 0.075436
v -2.816150 4.663068 0.060957
v -2.808997 4.790800 0.084859
v -2.731804 4.760001 0.084131
v -2.874753 4.734418 0.135430
v -2.844756 4.687660 0.141990
v -2.719768 4.721832 0.080984
v -2.719768 4.721832 0.080984
v -2.840060 4.650564 0.132169
v -2.844539 4.619526 0.118191
v -2.840060 4.650564 0.132169
v -2.890385 4.682183 0.067307
v -2.903698 4.725860 0.074014
v -2.903698 4.725860 0.074014
v -2.894300 4.770060 0.080062
v -2.921969 4.733327 0.114830
v -2.882353 4.614191 0.096084
v -2.933592 4.587548 0.110209
v -2.917566 4.574835 0.140122
v -2.926734 4.569224 0.142875
v -2.940024 4.584206 0.111982
v -2.913349 4.643595 0.170534
v -2.924277 4.700403 0.158851
v -2.930494 4.696135 0.161792
v -2.921960 4.638066 0.174118
v -2.913895 4.604201 0.158334
v -2.923164 4.598382 0.161618
v -2.913895 4.604201 0.158334
v -2.923164 4.598382 0.161618
v -2.920854 4.651869 0.090193
v -2.959325 4.639738 0.100164
v -2.927790 4.695143 0.100650
v -2.927790 4.695143 0.100650
v -2.955092 4.712422 0.131236
v -2.947360 4.563636 0.147496
v -3.007699 4.547289 0.161013
v -3.010411 4.565995 0.127854
v -2.957956 4.579565 0.116025
v -2.948712 4.688981 0.166717
v -3.002005 4.668059 0.181126
v -3.002379 4.611865 0.194721
v -2.942447 4.631389 0.179367
v -2.944043 4.592219 0.166617
v -3.005122 4.574186 0.181241
v -2.944043 4.592219 0.166617
v -3.005122 4.574186 0.181241
v -3.018808 4.620765 0.115466
v -2.976172 4.634367 0.104501
v -2.977066 4.674475 0.117569
v -3.017819 4.658159 0.129187
v -2.971426 4.704603 0.136528
v -2.977066 4.674475 0.117569
v -3.017819 4.658159 0.129187
v -3.013489 4.685341 0.149173
v -2.961165 4.680892 0.112876
v -2.961165 4.680892 0.112876
v -2.288301 4.766797 -0.042433
v -2.308589 4.800680 -0.162054
v -2.509180 4.799281 -0.124856
v -2.509500 4.775694 -0.001664
v -2.261021 4.766404 -0.275611
v -2.514704 4.774549 -0.221232
v -2.296238 4.683880 -0.310718
v -2.080568 4.759279 -0.315178
v -2.076938 4.631077 -0.368556
v -2.295778 4.601238 -0.266472
v -2.072553 4.502270 -0.315178
v -2.296812 4.568843 -0.142707
v -2.072748 4.472612 -0.169140
v -2.289590 4.599686 -0.059106
v -2.296812 4.568843 -0.142707
v -2.072748 4.472612 -0.169140
v -2.075872 4.524526 -0.066591
v -2.295230 4.683123 -0.023679
v -2.076617 4.630270 -0.005937
v -2.076320 4.758910 -0.042626
v -2.077610 4.812018 -0.187471
v -1.862271 4.749294 -0.327590
v -1.857960 4.615214 -0.382325
v -1.853585 4.480685 -0.327492
v -1.862371 4.443030 -0.178919
v -1.862371 4.443030 -0.178919
v -1.859264 4.493042 -0.073216
v -1.879406 4.619068 -0.027654
v -1.857495 4.748679 -0.046939
v -1.862453 4.804751 -0.195576
v -1.751726 4.610881 -0.373185
v -1.755610 4.741177 -0.323196
v -1.645245 4.726299 -0.323996
v -1.641684 4.606347 -0.371212
v -1.749712 4.480314 -0.323126
v -1.636823 4.486337 -0.323895
v -1.746129 4.426437 -0.181421
v -1.631967 4.437181 -0.189186
v -1.748583 4.481105 -0.080368
v -1.746129 4.426437 -0.181421
v -1.631967 4.437181 -0.189186
v -1.638644 4.486526 -0.095764
v -1.751788 4.610447 -0.051608
v -1.642120 4.605865 -0.052644
v -1.755064 4.740945 -0.064403
v -1.642448 4.726008 -0.078995
v -1.756493 4.795180 -0.202261
v -1.643689 4.775570 -0.209942
v -1.524372 4.605459 -0.399240
v -1.529232 4.717537 -0.344150
v -1.401890 4.717607 -0.360041
v -1.391324 4.608094 -0.408346
v -1.523402 4.493160 -0.344099
v -1.397552 4.496007 -0.362527
v -1.515316 4.447702 -0.193857
v -1.394119 4.450125 -0.193905
v -1.503999 4.505247 -0.091076
v -1.515316 4.447702 -0.193857
v -1.394119 4.450125 -0.193905
v -1.397365 4.494705 -0.066549
v -1.537702 4.605306 -0.040704
v -1.405265 4.604267 -0.006525
v -1.528257 4.717497 -0.066371
v -1.404426 4.716314 -0.048759
v -1.525613 4.763125 -0.213437
v -1.401212 4.762117 -0.211546
v -1.212729 4.730411 -0.371583
v -1.204100 4.611838 -0.441721
v -1.209655 4.479556 -0.390060
v -1.212936 4.430040 -0.209663
v -1.212936 4.430040 -0.209663
v -1.220788 4.486780 -0.044795
v -1.219555 4.599061 0.032458
v -1.215407 4.724852 0.004909
v -1.218250 4.779183 -0.196120
v -0.987346 4.772054 -0.343992
v -0.991468 4.643610 -0.432053
v -1.011366 4.495592 -0.391388
v -1.014877 4.418744 -0.218885
v -1.014877 4.418744 -0.218885
v -1.024964 4.504492 -0.061542
v -0.982886 4.641595 0.049948
v -0.977105 4.772406 0.027048
v -0.974819 4.842227 -0.149114
v -0.685827 4.888134 -0.262063
v -0.661036 4.786233 -0.395377
v -0.763489 4.573589 -0.392473
v -0.772614 4.404078 -0.211479
v -0.772614 4.404078 -0.211479
v -0.841935 4.488634 -0.068490
v -0.829810 4.635789 0.047613
v -0.768265 4.768730 0.039480
v -0.748102 4.878142 -0.102923
v -0.518823 0.693736 -0.352900
v -0.517423 1.023416 -0.380760
v -0.423479 1.018674 -0.404500
v -0.441792 0.695334 -0.376034
v -0.329104 0.694367 -0.299820
v -0.280325 0.998075 -0.320876
v -0.286912 0.696961 -0.134658
v -0.225067 0.968514 -0.132437
v -0.325645 0.696655 0.024698
v -0.286912 0.696961 -0.134658
v -0.225067 0.968514 -0.132437
v -0.277780 0.943841 0.049951
v -0.379508 0.693452 0.087258
v -0.345025 0.945632 0.121886
v -0.431002 0.948077 0.142793
v -0.449605 0.694521 0.107674
v -0.518684 0.700432 0.085373
v -0.515722 0.953688 0.118059
v -0.582855 0.966543 0.052780
v -0.571369 0.704420 0.027309
v -0.610715 0.703297 -0.132388
v -0.635961 0.999665 -0.129341
v -0.571161 0.696343 -0.291464
v -0.610715 0.703297 -0.132388
v -0.635961 0.999665 -0.129341
v -0.583470 1.021470 -0.311960
v -0.509281 1.310148 -0.412940
v -0.400377 1.303012 -0.439481
v -0.229172 1.281782 -0.337311
v -0.163162 1.253013 -0.103930
v -0.163162 1.253013 -0.103930
v -0.227897 1.233761 0.123610
v -0.309306 1.228879 0.208867
v -0.408889 1.233579 0.232052
v -0.507176 1.244335 0.206012
v -0.587364 1.259868 0.127694
v -0.652423 1.290539 -0.098847
v -0.652423 1.290539 -0.098847
v -0.588553 1.307415 -0.327047
v -0.497969 1.622672 -0.380463
v -0.378882 1.616745 -0.408148
v -0.187719 1.591623 -0.298548
v -0.111839 1.561163 -0.043034
v -0.111839 1.561163 -0.043034
v -0.184105 1.542682 0.209008
v -0.275391 1.538711 0.304495
v -0.387631 1.544089 0.330459
v -0.498334 1.555561 0.301979
v -0.588660 1.572120 0.214462
v -0.661117 1.601973 -0.036705
v -0.661117 1.601973 -0.036705
v -0.587047 1.619952 -0.287858
v -0.485340 1.818794 -0.357380
v -0.481056 1.925268 -0.348213
v -0.378326 1.920889 -0.372483
v -0.383572 1.813979 -0.380660
v -0.206341 1.791726 -0.281666
v -0.198844 1.897154 -0.268762
v -0.133935 1.764034 -0.042627
v -0.125645 1.865913 -0.018543
v -0.205508 1.747017 0.196193
v -0.133935 1.764034 -0.042627
v -0.125645 1.865913 -0.018543
v -0.198149 1.846448 0.231298
v -0.287596 1.745219 0.278726
v -0.281092 1.844500 0.317159
v -0.380239 1.848875 0.339867
v -0.385573 1.750313 0.300371
v -0.483368 1.759858 0.276012
v -0.479417 1.858342 0.313901
v -0.561744 1.872899 0.235089
v -0.564982 1.773186 0.200216
v -0.636915 1.800594 -0.037242
v -0.634603 1.903387 -0.013464
v -0.565421 1.817279 -0.275934
v -0.636915 1.800594 -0.037242
v -0.634603 1.903387 -0.013464
v -0.562150 1.923827 -0.263231
v -0.475750 2.090333 -0.314446
v -0.472287 2.232749 -0.307380
v -0.364417 2.227268 -0.332018
v -0.366849 2.085789 -0.340765
v -0.177451 2.058100 -0.237644
v -0.175547 2.203765 -0.228692
v -0.100070 2.023915 0.012141
v -0.098144 2.172480 0.022176
v -0.177049 2.001379 0.261654
v -0.100070 2.023915 0.012141
v -0.098144 2.172480 0.022176
v -0.174634 2.155121 0.273088
v -0.264085 1.998296 0.345280
v -0.262013 2.154089 0.358780
v -0.366033 2.159745 0.381855
v -0.369284 2.003128 0.370034
v -0.475006 2.013861 0.342627
v -0.470233 2.168077 0.355766
v -0.556957 2.181619 0.277076
v -0.560906 2.029093 0.265618
v -0.637752 2.063890 0.017560
v -0.634028 2.211570 0.027707
v -0.560786 2.086669 -0.231976
v -0.637752 2.063890 0.017560
v -0.634028 2.211570 0.027707
v -0.557495 2.231216 -0.222914
v -0.473743 2.455929 -0.283153
v -0.351690 2.451844 -0.308226
v -0.137684 2.422441 -0.203519
v -0.049230 2.393952 0.052904
v -0.049230 2.393952 0.052904
v -0.140476 2.351503 0.307064
v -0.232057 2.376654 0.399673
v -0.353492 2.383902 0.420851
v -0.471280 2.396480 0.394953
v -0.569845 2.411423 0.315013
v -0.657885 2.440393 0.059907
v -0.657885 2.440393 0.059907
v -0.570457 2.456128 -0.196838
v -0.441684 2.737779 -0.270494
v -0.317787 2.727290 -0.297323
v -0.095506 2.700719 -0.190318
v -0.012082 2.678854 0.073389
v -0.012082 2.678854 0.073389
v -0.083008 2.661022 0.334927
v -0.196211 2.668670 0.426979
v -0.317728 2.674848 0.452164
v -0.439797 2.685702 0.424780
v -0.541046 2.682869 0.343512
v -0.631728 2.708238 0.081417
v -0.631728 2.708238 0.081417
v -0.541520 2.721058 -0.182410
v -0.413444 2.986402 -0.270072
v -0.416590 3.152022 -0.268945
v -0.292649 3.107689 -0.353652
v -0.291508 2.941579 -0.308997
v -0.074788 2.835453 -0.283605
v -0.054999 3.019624 -0.354808
v -0.005170 2.778776 0.083139
v -0.003479 2.965828 0.092760
v -0.061112 2.777290 0.374863
v -0.005170 2.778776 0.083139
v -0.003479 2.965828 0.092760
v -0.056869 2.982886 0.442854
v -0.179042 2.786292 0.470471
v -0.177815 3.021761 0.569558
v -0.294171 3.067564 0.575529
v -0.298217 2.848026 0.508312
v -0.408184 2.929996 0.486310
v -0.407280 3.104701 0.527088
v -0.506836 3.150977 0.423132
v -0.509512 2.950921 0.407442
v -0.509734 3.003870 -0.167932
v -0.597598 3.013629 0.125615
v -0.595670 3.194526 0.164968
v -0.503988 3.182483 -0.149727
v -0.483318 1.696085 -0.354476
v -0.386077 1.691059 -0.377285
v -0.216709 1.671153 -0.280011
v -0.147509 1.646937 -0.044640
v -0.215737 1.633400 0.190550
v -0.147509 1.646937 -0.044640
v -0.294252 1.633004 0.272203
v -0.387857 1.638172 0.293443
v -0.481479 1.646546 0.269612
v -0.559580 1.657619 0.194794
v -0.628194 1.681413 -0.038931
v -0.559906 1.695200 -0.273994
v -0.628194 1.681413 -0.038931
v -0.398343 3.472377 -0.294544
v -0.394168 3.590132 -0.296205
v -0.277916 3.568802 -0.394539
v -0.282448 3.429245 -0.385481
v 0.000000 3.404575 -0.440863
v 0.000000 3.562011 -0.460730
v -0.394629 3.456955 0.612327
v -0.391152 3.588651 0.667911
v -0.481192 3.610055 0.517173
v -0.486407 3.474499 0.471317
v -0.560967 3.483054 0.157150
v -0.554489 3.610748 0.184615
v -0.486375 3.476608 -0.155097
v -0.560967 3.483054 0.157150
v -0.554489 3.610748 0.184615
v -0.481121 3.611091 -0.147909
v -0.385944 3.732831 -0.307236
v -0.270763 3.705957 -0.407771
v 0.000000 3.712355 -0.475970
v -0.382539 3.734892 0.660942
v -0.470142 3.760473 0.510354
v -0.542140 3.770204 0.175211
v -0.542140 3.770204 0.175211
v -0.470193 3.759623 -0.159509
v -0.391364 3.877446 -0.334769
v -0.255333 3.891542 -0.431331
v 0.000000 3.900734 -0.499906
v -0.387322 3.882347 0.625150
v -0.474945 3.883328 0.477977
v -0.547437 3.944385 0.143825
v -0.547437 3.944385 0.143825
v -0.475451 3.879394 -0.189757
v -0.378701 4.063216 -0.361559
v -0.265761 4.076713 -0.454987
v 0.000000 4.076416 -0.513269
v -0.375612 4.065545 0.518736
v -0.463491 4.079466 0.382834
v -0.534273 4.146994 0.077281
v -0.534273 4.146994 0.077281
v -0.463112 4.075541 -0.227603
v -0.404952 4.223827 -0.363270
v -0.281760 4.206079 -0.463983
v 0.000000 4.223638 -0.504355
v 0.000000 4.212442 -0.505057
v -0.413395 4.219754 0.487828
v -0.496717 4.237550 0.325003
v -0.538684 4.253675 0.051179
v -0.538684 4.253675 0.051179
v -0.497433 4.229759 -0.219345
v -0.432610 4.402676 -0.372877
v -0.310483 4.408866 -0.474742
v 0.000000 4.389935 -0.511069
v -0.421156 4.424372 0.450156
v -0.506925 4.404829 0.250426
v -0.560590 4.352678 0.033416
v -0.560590 4.352678 0.033416
v -0.527621 4.369489 -0.218297
v -0.433919 4.487588 -0.371039
v -0.302128 4.533083 -0.448356
v 0.000000 4.519016 -0.483725
v -0.398228 4.565454 0.409214
v -0.497782 4.531568 0.271034
v -0.551710 4.354944 0.033197
v -0.497536 4.401844 0.247743
v -0.491494 4.527563 0.265173
v -0.557284 4.417974 -0.052863
v -0.505465 4.347708 -0.224426
v -0.551710 4.354944 0.033197
v -0.557284 4.417974 -0.052863
v -0.514184 4.424733 -0.256530
v -0.386250 4.656492 -0.408797
v -0.361888 4.853253 -0.354005
v -0.256296 4.820611 -0.403219
v -0.280616 4.658562 -0.426257
v 0.000000 4.644882 -0.459246
v 0.000000 4.784835 -0.404114
v -0.377483 4.685824 0.363775
v -0.370691 4.869845 0.229530
v -0.477243 4.907343 0.115218
v -0.478905 4.696918 0.260361
v -0.288621 4.965083 -0.213728
v -0.206010 4.929953 -0.277274
v 0.000000 4.896366 -0.307001
v -0.290013 4.963438 0.183499
v -0.355376 4.997064 0.123217
v -0.541810 4.927048 -0.146763
v -0.408589 5.014990 -0.048719
v -0.467969 4.880054 -0.304768
v -0.541810 4.927048 -0.146763
v -0.408589 5.014990 -0.048719
v -0.355957 4.996668 -0.149734
v -0.151375 5.057507 -0.197878
v -0.105879 5.034482 -0.225754
v 0.000000 4.998155 -0.238437
v -0.148885 5.058383 0.141889
v -0.184671 5.075605 0.084125
v -0.216396 5.091220 -0.038305
v -0.216396 5.091220 -0.038305
v -0.184953 5.075211 -0.151558
v -0.396450 3.269926 -0.306241
v -0.398343 3.472377 -0.294544
v -0.282448 3.429245 -0.385481
v -0.263537 3.253528 -0.392408
v 0.000000 3.219101 -0.416327
v 0.000000 3.404575 -0.440863
v -0.154281 3.223891 0.661782
v -0.147941 3.413603 0.758063
v -0.281143 3.436147 0.700984
v -0.285308 3.251215 0.615795
v -0.395816 3.265902 0.548085
v -0.394629 3.456955 0.612327
v -0.486407 3.474499 0.471317
v -0.507932 3.278296 0.434426
v -0.477451 3.284571 -0.156848
v -0.577896 3.304106 0.141785
v -0.560967 3.483054 0.157150
v -0.486375 3.476608 -0.155097
v -0.391499 4.562756 0.403571
v -0.425665 4.486824 -0.365631
v -0.297794 4.530459 -0.439936
v 0.000000 4.516486 -0.474881
v -0.555607 4.842234 -0.341088
v -0.625067 4.911980 -0.203202
v -0.625067 4.911980 -0.203202
v -0.612439 4.887852 -0.047835
v -0.609491 4.728480 0.147373
v -0.601945 4.567715 0.070425
v -0.647840 4.446661 -0.067679
v -0.647840 4.446661 -0.067679
v -0.606833 4.426555 -0.228691
v -0.558497 4.602470 -0.348153
v -0.480808 4.630656 -0.361505
v -0.577896 3.304106 0.141785
v -0.560967 3.483054 0.157150
v -0.597598 3.013629 0.125615
v -0.595670 3.194526 0.164968
v -0.451497 0.586778 -0.340633
v -0.466448 0.373114 -0.350147
v -0.540087 0.372896 -0.329727
v -0.526344 0.587334 -0.320246
v -0.335433 0.595353 -0.282725
v -0.341652 0.422645 -0.295956
v -0.466448 0.373114 -0.350147
v -0.451497 0.586778 -0.340633
v -0.282076 0.587704 -0.136499
v -0.255643 0.389424 -0.140482
v -0.580587 0.586323 -0.264955
v -0.594185 0.380353 -0.280091
v -0.663943 0.366177 -0.143520
v -0.621261 0.597522 -0.124262
v -0.317043 0.327287 0.444494
v -0.280156 0.292040 0.475409
v -0.271859 0.292205 0.244951
v -0.296693 0.343319 0.245312
v -0.407553 0.364807 0.545578
v -0.469961 0.365510 0.560865
v -0.472302 0.294365 0.634102
v -0.403395 0.297685 0.607918
v -0.564107 0.362959 0.510429
v -0.618127 0.333739 0.434891
v -0.648345 0.292578 0.462181
v -0.581788 0.293521 0.551331
v -0.467387 0.174902 -0.365199
v -0.544785 0.174902 -0.343527
v -0.333788 0.174902 -0.310354
v -0.467387 0.174902 -0.365199
v -0.242134 0.175124 -0.139255
v -0.268997 0.161253 0.496062
v -0.256450 0.161253 0.248981
v -0.474608 0.161253 0.662027
v -0.397529 0.161253 0.634761
v -0.660157 0.161253 0.486066
v -0.596528 0.161253 0.566986
v -0.601318 0.174902 -0.292127
v -0.675767 0.174902 -0.140190
v -0.580587 0.586323 -0.264955
v -0.621261 0.597522 -0.124262
v -0.621261 0.597522 -0.124262
v -0.588559 0.591599 0.023756
v -0.528890 0.602464 0.073569
v -0.457772 0.603843 0.093657
v -0.386371 0.605558 0.077072
v -0.320741 0.605000 0.015164
v -0.282076 0.587704 -0.136499
v -0.282076 0.587704 -0.136499
v -0.335433 0.595353 -0.282725
v -0.451497 0.586778 -0.340633
v -0.526344 0.587334 -0.320246
v -0.320741 0.605000 0.015164
v -0.325731 0.464044 0.120597
v -0.302314 0.434433 0.029110
v -0.277757 0.325912 0.022875
v -0.386371 0.605558 0.077072
v -0.457772 0.603843 0.093657
v -0.458996 0.466435 0.184476
v -0.400454 0.467780 0.174702
v -0.528890 0.602464 0.073569
v -0.588559 0.591599 0.023756
v -0.585483 0.450578 0.132381
v -0.514720 0.464100 0.179427
v -0.638555 0.432737 0.027374
v -0.663071 0.325103 0.019961
v -0.263698 0.170105 0.013470
v -0.675994 0.170971 -0.012230
v -0.342558 0.388574 0.325632
v -0.464325 0.391585 0.372483
v -0.412235 0.393909 0.365825
v -0.579717 0.383054 0.343334
v -0.515494 0.392941 0.366646
v -0.634497 0.344362 0.257751
v -0.674383 0.285177 0.246221
v -0.689477 0.160937 0.255274
v -0.368898 0.362787 0.509693
v -0.533204 0.364431 0.539052
v -0.256450 0.161253 0.248981
v -0.268997 0.161253 0.496062
v -0.471838 0.161253 0.464808
v -0.475064 0.161253 0.247011
v -0.263698 0.170105 0.013470
v -0.470271 0.169942 0.018321
v -0.242134 0.175124 -0.139255
v -0.467750 0.174928 -0.132572
v -0.333788 0.174902 -0.310354
v -0.469389 0.174902 -0.264256
v -0.467387 0.174902 -0.365199
v -0.397529 0.161253 0.634761
v -0.474608 0.161253 0.662027
v -0.471245 0.161253 0.536240
v -0.340803 0.161253 0.579707
v -0.544785 0.174902 -0.343527
v -0.601318 0.174902 -0.292127
v -0.675767 0.174902 -0.140190
v -0.675994 0.170971 -0.012230
v -0.689477 0.160937 0.255274
v -0.660157 0.161253 0.486066
v -0.544448 0.161253 0.626209
v -0.596528 0.161253 0.566986
v -0.539606 0.290192 0.600445
v -0.544448 0.161253 0.626209
v -0.352938 0.292124 0.560116
v -0.340803 0.161253 0.579707
v -0.147941 3.413603 0.758063
v -0.147596 3.563568 0.823321
v -0.278562 3.567452 0.763330
v -0.281143 3.436147 0.700984
v -0.143511 3.695570 0.817518
v -0.271350 3.708374 0.758106
v -0.149957 3.917833 0.784429
v -0.276984 3.898097 0.723878
v -0.140003 4.134311 0.666520
v -0.267565 4.080848 0.608818
v -0.146713 4.245941 0.638695
v -0.284211 4.213018 0.580299
v -0.165309 4.438673 0.597210
v -0.312233 4.434942 0.539687
v -0.162506 4.538664 0.545920
v -0.303770 4.552421 0.499144
v -0.151098 4.638693 0.496832
v -0.136121 4.788874 0.346129
v -0.255832 4.821434 0.300889
v -0.279456 4.657202 0.460530
v -0.109015 4.899408 0.255519
v -0.207638 4.930125 0.218833
v -0.057016 5.019029 0.210244
v -0.108365 5.020216 0.180796
v -0.160804 4.534095 0.538001
v -0.299187 4.549140 0.491852
v 0.000000 3.219101 -0.416327
v 0.000000 3.149361 0.532288
v 0.000000 3.189271 0.560514
v 0.000000 5.110857 0.170685
v -0.056576 5.077814 0.160327
v 0.000000 5.081286 0.167322
v -0.067694 5.176821 -0.184863
v -0.119162 5.183580 -0.163909
v -0.152755 5.188519 -0.132256
v -0.177626 5.190235 -0.065022
v -0.172663 5.176337 0.023419
v -0.146758 5.139450 0.074588
v -0.107167 5.104763 0.124598
v -0.055898 5.015702 0.203660
v 0.000000 4.998891 0.212453
v -0.106819 5.016246 0.174744
v -0.147195 5.053314 0.136626
v -0.182170 5.069159 0.081115
v -0.213484 5.084172 -0.038002
v -0.182170 5.069159 -0.148024
v -0.149036 5.052739 -0.192694
v -0.104828 5.030340 -0.219619
v -0.555607 4.842234 -0.341088
v -0.558497 4.602470 -0.348153
v -0.606833 4.426555 -0.228691
v -0.606833 4.426555 -0.228691
v -0.647840 4.446661 -0.067679
v -0.601945 4.567715 0.070425
v -0.609491 4.728480 0.147373
v -0.612439 4.887852 -0.047835
v -0.625067 4.911980 -0.203202
v -0.388563 1.598425 -0.359785
v -0.474853 1.603360 -0.339524
v -0.230497 1.579083 -0.268873
v -0.164643 1.555266 -0.044491
v -0.230371 1.541654 0.182022
v -0.164643 1.555266 -0.044491
v -0.387576 1.545882 0.276519
v -0.302589 1.540992 0.257201
v -0.545018 1.565356 0.185930
v -0.473228 1.554209 0.254727
v -0.611028 1.589148 -0.038881
v -0.545269 1.602696 -0.265426
v -0.611028 1.589148 -0.038881
v -0.497536 4.401844 0.247743
v -0.551710 4.354944 0.033197
v -0.551710 4.354944 0.033197
v -0.505465 4.347708 -0.224426
v -0.425665 4.486824 -0.365631
v -0.297794 4.530459 -0.439936
v -0.491494 4.527563 0.265173
v -0.391499 4.562756 0.403571
v -0.160804 4.534095 0.538001
v -0.299187 4.549140 0.491852
v 0.000000 4.528204 0.537756
v 0.000000 4.533316 0.545387
v -0.514184 4.424733 -0.256530
v -0.522676 4.429210 -0.262060
v -0.474853 1.603360 -0.339524
v -0.388563 1.598425 -0.359785
v -0.230497 1.579083 -0.268873
v -0.164643 1.555266 -0.044491
v -0.164643 1.555266 -0.044491
v -0.230371 1.541654 0.182022
v -0.302589 1.540992 0.257201
v -0.387576 1.545882 0.276519
v -0.473228 1.554209 0.254727
v -0.545018 1.565356 0.185930
v -0.611028 1.589148 -0.038881
v -0.611028 1.589148 -0.038881
v -0.545269 1.602696 -0.265426
v -2.610449 4.723353 0.031121
v -2.613056 4.684369 0.022498
v -2.611189 4.677594 0.028073
v -2.610175 4.787561 -0.106526
v -2.605877 4.763761 0.018609
v -2.604009 4.770052 0.025185
v -2.610397 4.725464 -0.221632
v -2.608256 4.759450 -0.213543
v -2.609055 4.765522 -0.219399
v -2.622566 4.673431 -0.106460
v -2.612439 4.693024 -0.213543
v -2.613425 4.686796 -0.219269
v -0.149036 5.052739 -0.192694
v -0.104828 5.030340 -0.219619
v -0.147195 5.053314 0.136626
v -0.182170 5.069159 0.081115
v -0.213484 5.084172 -0.038002
v -0.213484 5.084172 -0.038002
v -0.182170 5.069159 -0.148024
v -0.055898 5.015702 0.203660
v -0.106819 5.016246 0.174744
v 0.000000 4.998891 0.212453
v 0.000000 5.001570 0.219346
v -2.510611 4.721189 -0.004127
v -2.514202 4.673467 -0.017714
v -2.514295 4.726760 -0.239352
v -2.514169 4.676477 -0.221177
v -2.518348 4.654015 -0.124698
v -2.622566 4.673431 -0.106460
v -2.518348 4.654015 -0.124698
v 0.000000 5.328761 0.487007
v 0.000000 5.306273 0.491618
v 0.000000 5.362103 0.475989
v 0.000000 5.328081 0.475243
v -0.056576 5.333165 0.455428
v -0.022415 5.367165 0.464993
v 0.000000 5.328081 0.475243
v 0.000000 5.305286 0.479818
v -0.056375 5.306738 0.454829
v -0.056576 5.333165 0.455428
v 0.000000 5.328081 0.475243
v -0.056375 5.306738 0.454829
v 0.000000 5.305286 0.479818
v 0.000000 5.362103 0.475989
v 0.000000 5.362103 0.475989
v -0.022415 5.367165 0.464993
v -0.056576 5.333165 0.455428
v 0.000000 5.328081 0.475243
v 0.000000 5.278960 0.454468
v 0.000000 5.305286 0.479818
v -0.056375 5.306738 0.454829
v 0.000000 5.261521 0.462781
v 0.000000 5.210070 0.455400
v 0.000000 5.243762 0.472530
v 0.000000 5.305286 0.479818
v 0.000000 5.328081 0.475243
v -0.056576 5.333165 0.455428
v -0.056375 5.306738 0.454829
v 0.000000 5.371525 0.507791
v 0.000000 5.175862 0.445988
v 0.000000 5.362103 0.475989
v -0.022415 5.367165 0.464993
v 0.000000 5.862340 -0.103053
v 0.000000 5.746563 -0.227692
v 0.000000 5.904714 0.067206
v 0.000000 5.862334 0.237461
v 0.000000 5.746511 0.362006
v 0.000000 5.588410 -0.264285
v 0.000000 5.540176 -0.263137
v 0.000000 5.390659 -0.228559
v 0.000000 5.668406 0.396315
v 0.000000 5.270723 -0.175691
v 0.000000 2.991947 0.077542
v 0.000000 2.991947 0.077542
v 0.000000 4.889407 0.265134
v 0.000000 4.778202 0.355147
v 0.000000 4.629851 0.496110
v 0.000000 4.528204 0.537756
v 0.000000 4.436429 0.601018
v 0.000000 4.292740 0.642940
v 0.000000 4.174072 0.672211
v 0.000000 3.931680 0.791192
v 0.000000 3.694951 0.823812
v 0.000000 3.566892 0.829045
v 0.000000 3.391339 0.764234
v 0.000000 3.391339 0.764234
v 0.000000 5.165354 -0.186453
v 0.000000 4.994428 -0.232058
v 0.000000 4.516486 -0.474881
v 0.000000 4.994428 -0.232058
v 0.028030 5.367639 0.476274
v 0.062558 5.322124 0.466995
v 0.116823 5.318144 0.427622
v 0.054129 5.381792 0.469243
v 0.062575 5.307423 0.465871
v 0.085377 5.305356 0.451584
v 0.109821 5.317728 0.417133
v 0.056576 5.333165 0.455428
v 0.022415 5.367165 0.464993
v 0.047641 5.381303 0.458462
v 0.109821 5.317728 0.417133
v 0.077889 5.305014 0.441431
v 0.056375 5.306738 0.454829
v 0.056576 5.333165 0.455428
v 0.022415 5.367165 0.464993
v 0.000000 5.362103 0.475989
v 0.109821 5.317728 0.417133
v 0.047641 5.381303 0.458462
v 0.047641 5.381303 0.458462
v 0.022415 5.367165 0.464993
v 0.077889 5.305014 0.441431
v 0.109821 5.317728 0.417133
v 0.056375 5.306738 0.454829
v 0.077889 5.305014 0.441431
v 0.056420 5.283803 0.439588
v 0.055301 5.265606 0.441613
v 0.100726 5.268889 0.423858
v 0.104228 5.283482 0.416281
v 0.112411 5.558649 0.338513
v 0.083387 5.557910 0.345349
v 0.081738 5.540691 0.336581
v 0.111917 5.540078 0.331262
v 0.078198 5.517091 0.345685
v 0.067942 5.506147 0.370642
v 0.111900 5.496738 0.353696
v 0.111675 5.508064 0.345550
v 0.150252 5.565655 0.333438
v 0.146763 5.559484 0.325424
v 0.162297 5.541295 0.319326
v 0.167987 5.539922 0.308760
v 0.073412 5.570542 0.369378
v 0.076964 5.564949 0.353993
v 0.112196 5.566199 0.342151
v 0.114068 5.572490 0.363770
v 0.055792 5.539191 0.368641
v 0.062010 5.540653 0.349164
v 0.165352 5.325248 0.291024
v 0.145503 5.308752 0.345526
v 0.141541 5.261009 0.356468
v 0.152672 5.254160 0.306237
v 0.223185 5.384876 0.100217
v 0.206469 5.419995 0.242560
v 0.192218 5.320324 0.222944
v 0.203270 5.307619 0.139259
v 0.155928 5.504430 0.331863
v 0.148601 5.513048 0.333610
v 0.144363 5.552598 0.325409
v 0.144090 5.539034 0.327045
v 0.155806 5.540080 0.320566
v 0.082472 5.520233 0.341614
v 0.111744 5.515203 0.338525
v 0.143958 5.517457 0.331054
v 0.030979 5.489808 0.396279
v 0.114653 5.485188 0.368684
v 0.171402 5.497685 0.324907
v 0.190687 5.540018 0.292696
v 0.175139 5.586266 0.321527
v 0.115587 5.610124 0.374400
v 0.052598 5.585132 0.398974
v 0.036470 5.537185 0.390491
v 0.035874 5.438723 0.403426
v 0.117420 5.437416 0.355504
v 0.214016 5.533282 0.257498
v 0.200782 5.616260 0.277520
v 0.127644 5.652423 0.340897
v 0.020392 5.523636 0.413117
v 0.020887 5.567487 0.419090
v 0.011742 5.563466 0.423885
v 0.010090 5.522374 0.424762
v 0.011802 5.481273 0.462255
v 0.021558 5.481070 0.443025
v 0.067588 5.541526 0.343756
v 0.046876 5.408923 0.439658
v 0.117139 5.374864 0.379254
v 0.077889 5.305014 0.441431
v 0.056375 5.306738 0.454829
v 0.030672 5.417145 0.486022
v 0.026831 5.435059 0.473663
v 0.014184 5.436207 0.495504
v 0.017794 5.417294 0.510236
v 0.055535 5.219333 0.433112
v 0.107661 5.249991 0.413839
v 0.087410 5.253847 0.434739
v 0.054467 5.247722 0.447246
v 0.113662 5.201605 0.350614
v 0.112602 5.222832 0.387983
v 0.058550 5.190304 0.428086
v 0.062272 5.166182 0.395344
v 0.123060 5.283579 0.396353
v 0.109821 5.317728 0.417133
v 0.077889 5.305014 0.441431
v 0.027635 5.533140 0.403910
v 0.027276 5.571785 0.412765
v 0.025068 5.488143 0.421882
v 0.022694 5.390569 0.521266
v 0.022543 5.378348 0.497569
v 0.043124 5.386846 0.472695
v 0.037786 5.391592 0.499635
v 0.039053 5.415324 0.458656
v 0.030770 5.436447 0.445085
v 0.031386 5.588679 0.416286
v 0.041909 5.600038 0.412868
v 0.032172 5.604737 0.419465
v 0.023950 5.585374 0.422775
v 0.013737 5.584595 0.425624
v 0.015858 5.606396 0.420010
v 0.047641 5.381303 0.458462
v 0.109821 5.317728 0.417133
v 0.109821 5.317728 0.417133
v 0.123029 5.270134 0.403239
v 0.022415 5.367165 0.464993
v 0.056576 5.333165 0.455428
v 0.109821 5.317728 0.417133
v 0.047641 5.381303 0.458462
v 0.056375 5.306738 0.454829
v 0.077889 5.305014 0.441431
v 0.109821 5.317728 0.417133
v 0.056576 5.333165 0.455428
v 0.022415 5.367165 0.464993
v 0.047641 5.381303 0.458462
v 0.047641 5.381303 0.458462
v 0.144363 5.552598 0.325409
v 0.112411 5.558649 0.338513
v 0.155806 5.540080 0.320566
v 0.143958 5.517457 0.331054
v 0.111744 5.515203 0.338525
v 0.082472 5.520233 0.341614
v 0.067588 5.541526 0.343756
v 0.083387 5.557910 0.345349
v 0.120926 5.725538 -0.188488
v 0.062283 5.741356 -0.217983
v 0.062283 5.853326 -0.097448
v 0.120926 5.825930 -0.080419
v 0.062283 5.894301 0.067206
v 0.120926 5.862667 0.067206
v 0.061029 5.853326 0.231860
v 0.120926 5.825930 0.214830
v 0.048306 5.741356 0.352395
v 0.096890 5.725538 0.322899
v 0.120926 5.588411 -0.222450
v 0.062283 5.588411 -0.250916
v 0.171283 5.700375 -0.141567
v 0.171283 5.782338 -0.053329
v 0.171283 5.812338 0.067206
v 0.171283 5.782338 0.187741
v 0.154975 5.700375 0.275979
v 0.171283 5.588411 -0.173864
v 0.209924 5.667581 -0.080419
v 0.209924 5.725538 -0.018025
v 0.209924 5.746752 0.067206
v 0.209924 5.725538 0.152437
v 0.204604 5.655695 0.210778
v 0.209924 5.588411 -0.103256
v 0.234214 5.528879 -0.015180
v 0.233745 5.563978 0.017267
v 0.233053 5.576933 0.061311
v 0.232030 5.568256 0.080084
v 0.227911 5.525141 0.118264
v 0.224483 5.484025 0.132764
v 0.233891 5.489963 -0.021029
v 0.260538 5.543622 0.076905
v 0.246219 5.510042 0.108121
v 0.267632 5.506907 0.048779
v 0.270226 5.548480 0.047536
v 0.282518 5.504125 -0.013049
v 0.279023 5.534880 0.012557
v 0.238592 5.476056 0.120540
v 0.263070 5.466379 0.049223
v 0.279377 5.471751 -0.017747
v 0.062295 5.150768 0.307916
v 0.064625 5.156027 0.359244
v 0.162690 5.247059 0.250773
v 0.164576 5.242970 0.181368
v 0.222255 5.430305 0.100991
v 0.114821 5.191406 0.235859
v 0.114945 5.189757 0.304988
v 0.062620 5.149230 0.214370
v 0.162851 5.227047 0.089988
v 0.198963 5.289130 0.055375
v 0.256354 5.423673 0.045336
v 0.238338 5.428613 0.093690
v 0.236045 5.388645 0.087703
v 0.236634 5.371133 0.039960
v 0.115701 5.182759 0.142918
v 0.210869 5.364060 0.056504
v 0.065764 5.664735 0.384418
v 0.160792 5.193771 0.058249
v 0.185889 5.261846 0.010147
v 0.263257 5.426816 -0.015770
v 0.236009 5.390039 -0.009649
v 0.116472 5.148635 0.112346
v 0.062359 5.118663 0.157308
v 0.200789 5.385355 0.001710
v 0.063634 5.540176 -0.246411
v 0.120592 5.540176 -0.212352
v 0.166549 5.540176 -0.168158
v 0.201814 5.540176 -0.103256
v 0.222511 5.433865 -0.014465
v 0.067588 5.391569 -0.218060
v 0.119407 5.392785 -0.188988
v 0.157240 5.393315 -0.142872
v 0.184205 5.394614 -0.088659
v 0.120355 5.271626 -0.147168
v 0.155577 5.272582 -0.116902
v 0.174582 5.271254 -0.072844
v 0.025915 5.666986 0.391213
v 0.255351 5.568881 0.046222
v 0.248203 5.561276 0.081321
v 0.236792 5.520718 0.118381
v 0.265254 5.521674 -0.026999
v 0.261930 5.555672 0.004093
v 0.230461 5.481078 0.132896
v 0.263508 5.483927 -0.032691
v 0.227977 5.427345 0.101329
v 0.226461 5.362478 0.039071
v 0.222988 5.385033 -0.017758
v 0.249008 5.430351 -0.028674
v 0.062979 5.270918 -0.169556
v 2.510205 4.722838 -0.000197
v 2.512907 4.668772 -0.013879
v 2.609894 4.672900 0.031907
v 2.606761 4.722521 0.040504
v 2.610449 4.723353 0.031121
v 2.613056 4.684369 0.022498
v 2.688612 4.681727 0.048782
v 2.674217 4.724867 0.056136
v 2.605877 4.763761 0.018609
v 2.610449 4.723353 0.031121
v 2.674217 4.724867 0.056136
v 2.689500 4.771751 0.057743
v 2.508198 4.780041 0.002888
v 2.602708 4.774400 0.029737
v 3.084279 4.599383 0.170330
v 3.065881 4.571000 0.189042
v 3.051703 4.553041 0.170596
v 3.067250 4.568188 0.146403
v 3.048146 4.600695 0.196614
v 3.065881 4.571000 0.189042
v 3.084279 4.599383 0.170330
v 3.062270 4.639403 0.186337
v 3.066343 4.635045 0.144869
v 3.054953 4.612484 0.130965
v 3.066343 4.635045 0.144869
v 3.051396 4.660138 0.156983
v 2.968314 4.748675 0.058308
v 2.913179 4.740774 0.062739
v 2.902193 4.695658 0.049670
v 2.969885 4.710990 0.045921
v 2.902210 4.790419 0.059508
v 2.913179 4.740774 0.062739
v 2.968314 4.748675 0.058308
v 2.967535 4.787009 0.051804
v 2.510004 4.802064 -0.124921
v 2.610699 4.797750 -0.106856
v 2.610175 4.787561 -0.106526
v 2.674521 4.795462 0.015935
v 2.795333 4.814196 0.022831
v 2.796631 4.803147 0.059004
v 2.900877 4.812167 0.023058
v 2.673610 4.816516 -0.101596
v 2.799256 4.832103 -0.059393
v 2.903080 4.830700 -0.059137
v 2.973800 4.801821 -0.018112
v 2.967697 4.811623 0.023041
v 2.799391 4.832538 -0.141384
v 2.903092 4.830433 -0.141507
v 2.973924 4.807125 -0.100240
v 2.969120 4.820696 -0.059156
v 2.675511 4.795285 -0.209336
v 2.608256 4.759450 -0.213543
v 2.688565 4.766865 -0.233558
v 2.514851 4.778762 -0.225263
v 2.609592 4.769736 -0.223430
v 2.796101 4.804581 -0.217189
v 2.794031 4.777272 -0.250727
v 2.901209 4.806818 -0.225835
v 2.900867 4.782555 -0.258122
v 2.973767 4.802005 -0.182473
v 2.969086 4.820934 -0.141357
v 2.967885 4.808325 -0.223812
v 2.968253 4.781876 -0.253888
v 2.516130 4.725107 -0.241274
v 2.611179 4.725396 -0.232014
v 2.610397 4.725464 -0.221632
v 2.690499 4.730731 -0.244375
v 2.612439 4.693024 -0.213543
v 2.610397 4.725464 -0.221632
v 2.690499 4.730731 -0.244375
v 2.680989 4.695575 -0.247013
v 2.514857 4.672163 -0.225145
v 2.614113 4.682481 -0.223237
v 2.795296 4.737111 -0.261907
v 2.795296 4.737111 -0.261907
v 2.797304 4.703672 -0.250728
v 2.902712 4.743362 -0.268885
v 2.902712 4.743362 -0.268885
v 2.904356 4.708184 -0.258125
v 2.970106 4.745579 -0.263913
v 2.970106 4.745579 -0.263913
v 2.972301 4.710960 -0.253888
v 2.518881 4.649873 -0.122015
v 2.623461 4.663360 -0.106857
v 2.622566 4.673431 -0.106460
v 2.682014 4.679306 -0.164552
v 2.797460 4.696517 -0.217191
v 2.903414 4.695956 -0.225845
v 2.796438 4.702544 -0.141383
v 2.899670 4.695352 -0.141679
v 2.977587 4.701447 -0.182482
v 2.973186 4.697619 -0.223815
v 2.682468 4.675468 -0.041019
v 2.797186 4.696391 -0.065395
v 2.900155 4.692756 -0.061103
v 2.977512 4.700375 -0.100341
v 2.973186 4.694442 -0.141409
v 2.518881 4.649873 -0.122015
v 2.623461 4.663360 -0.106857
v 2.799723 4.683132 0.005615
v 2.804599 4.674582 0.037513
v 2.901526 4.689994 0.014962
v 2.977292 4.700172 -0.019216
v 2.973161 4.693652 -0.059610
v 2.971591 4.696389 0.018009
v 3.270914 4.703909 -0.201433
v 3.257114 4.685674 -0.207097
v 3.263749 4.674045 -0.223520
v 3.281789 4.698731 -0.223520
v 3.257114 4.685674 -0.239944
v 3.270914 4.703909 -0.245607
v 3.278080 4.733768 -0.223520
v 3.281789 4.698731 -0.223520
v 3.270914 4.703909 -0.245607
v 3.267797 4.730187 -0.239944
v 3.267797 4.730187 -0.207097
v 3.270914 4.703909 -0.201433
v 3.325125 4.678116 -0.119238
v 3.310397 4.660323 -0.124902
v 3.317960 4.648258 -0.141325
v 3.337194 4.672379 -0.141325
v 3.310397 4.660323 -0.157749
v 3.325125 4.678116 -0.163412
v 3.332291 4.707975 -0.141325
v 3.337194 4.672379 -0.141325
v 3.325125 4.678116 -0.163412
v 3.321079 4.704842 -0.157749
v 3.321079 4.704842 -0.124902
v 3.325125 4.678116 -0.119238
v 3.357004 4.662951 -0.037043
v 3.341112 4.645714 -0.042707
v 3.349839 4.633090 -0.059130
v 3.370569 4.656497 -0.059130
v 3.341112 4.645714 -0.075553
v 3.357004 4.662951 -0.081217
v 3.364170 4.692814 -0.059130
v 3.370569 4.656497 -0.059130
v 3.357004 4.662951 -0.081217
v 3.351795 4.690228 -0.075553
v 3.351795 4.690228 -0.042707
v 3.357004 4.662951 -0.037043
v 3.327899 4.676796 0.045152
v 3.311831 4.659643 0.039488
v 3.320734 4.646937 0.023065
v 3.341691 4.670238 0.023065
v 3.311831 4.659643 0.006642
v 3.327899 4.676796 0.000978
v 3.335065 4.706655 0.023065
v 3.341691 4.670238 0.023065
v 3.327899 4.676796 0.000978
v 3.322515 4.704156 0.006642
v 3.322515 4.704156 0.039488
v 3.327899 4.676796 0.045152
v 2.995380 4.709706 -0.196383
v 2.995701 4.698276 -0.223522
v 2.994675 4.710975 -0.250660
v 3.117581 4.700516 -0.223520
v 3.101747 4.700225 -0.223520
v 3.102228 4.711631 -0.247088
v 3.118288 4.711728 -0.246555
v 3.118297 4.711623 -0.200486
v 3.102328 4.711370 -0.199953
v 2.992526 4.743915 -0.259706
v 2.992526 4.743915 -0.259706
v 2.990617 4.778168 -0.250660
v 3.120441 4.744789 -0.254233
v 3.103822 4.744676 -0.254944
v 3.105441 4.778049 -0.247088
v 3.122587 4.778027 -0.246555
v 3.120441 4.744789 -0.254233
v 3.103822 4.744676 -0.254944
v 2.990315 4.794784 -0.223520
v 2.991360 4.787278 -0.196381
v 3.123268 4.789756 -0.223520
v 3.105995 4.790411 -0.223520
v 3.105487 4.780228 -0.199953
v 3.122528 4.779176 -0.200486
v 2.984550 4.750810 -0.182425
v 2.993490 4.749146 -0.187336
v 2.993490 4.749146 -0.187336
v 2.984550 4.750810 -0.182425
v 3.120408 4.745489 -0.192808
v 3.103919 4.745960 -0.192097
v 3.120408 4.745489 -0.192808
v 3.103919 4.745960 -0.192097
v 2.995510 4.709064 -0.114210
v 2.996173 4.695471 -0.141342
v 2.995487 4.709244 -0.168470
v 3.141893 4.694620 -0.141325
v 3.127437 4.694710 -0.141327
v 3.128005 4.706372 -0.164767
v 3.142598 4.706058 -0.164360
v 3.142599 4.706037 -0.118291
v 3.128008 4.706342 -0.117886
v 2.993466 4.749742 -0.177512
v 2.993466 4.749742 -0.177512
v 2.991448 4.790473 -0.168465
v 2.990771 4.804938 -0.141327
v 2.991445 4.792037 -0.114192
v 3.147542 4.786017 -0.141325
v 3.131990 4.787897 -0.141325
v 3.131421 4.776325 -0.117884
v 3.146836 4.774594 -0.118291
v 3.146836 4.774594 -0.164360
v 3.131421 4.776169 -0.164767
v 2.984560 4.752413 -0.100253
v 2.993478 4.750667 -0.105156
v 2.993478 4.750667 -0.105156
v 2.984560 4.752413 -0.100253
v 3.144718 4.740313 -0.110613
v 3.129714 4.741341 -0.110071
v 3.144718 4.740313 -0.110613
v 3.129714 4.741341 -0.110071
v 2.995408 4.708595 -0.032305
v 2.996114 4.695113 -0.059350
v 2.995491 4.709042 -0.086344
v 3.150598 4.692404 -0.059130
v 3.136970 4.692644 -0.059150
v 3.137558 4.704297 -0.082533
v 3.151304 4.703835 -0.082165
v 3.151304 4.703820 -0.036096
v 3.137551 4.704237 -0.035761
v 2.993476 4.750720 -0.095333
v 2.993476 4.750720 -0.095333
v 2.991449 4.792000 -0.086279
v 2.990796 4.804745 -0.059147
v 2.991471 4.790083 -0.032066
v 3.156247 4.783801 -0.059130
v 3.141651 4.785644 -0.059132
v 3.141067 4.773938 -0.035740
v 3.155541 4.772371 -0.036096
v 3.155541 4.772377 -0.082165
v 3.141065 4.774109 -0.082528
v 2.984499 4.749973 -0.018363
v 2.993435 4.749138 -0.023164
v 2.993435 4.749138 -0.023164
v 2.984499 4.749973 -0.018363
v 3.153423 4.738095 -0.028418
v 3.139309 4.739066 -0.027954
v 3.153423 4.738095 -0.028418
v 3.139309 4.739066 -0.027954
v 2.993370 4.713005 0.046172
v 2.994804 4.698977 0.020206
v 2.995088 4.709386 -0.005048
v 3.129213 4.697560 0.023065
v 3.117784 4.697679 0.022822
v 3.118477 4.708498 -0.000402
v 3.129944 4.708416 0.000030
v 3.129908 4.708940 0.046099
v 3.118298 4.709289 0.046105
v 2.993456 4.748600 -0.013341
v 2.993456 4.748600 -0.013341
v 2.991349 4.787436 -0.004149
v 2.990205 4.796741 0.023049
v 2.990210 4.781607 0.049537
v 3.134918 4.786509 0.023065
v 3.122612 4.787376 0.023063
v 3.121985 4.775452 0.046391
v 3.134231 4.774878 0.046099
v 3.134180 4.775899 0.000030
v 3.122034 4.776878 -0.000325
v 2.991552 4.747123 0.056596
v 2.991552 4.747123 0.056596
v 3.132071 4.741870 0.053777
v 3.120122 4.742318 0.054017
v 3.132071 4.741870 0.053777
v 3.120122 4.742318 0.054017
v 3.144717 4.740326 -0.172038
v 3.129712 4.741260 -0.172581
v 3.144717 4.740326 -0.172038
v 3.129712 4.741260 -0.172581
v 3.153422 4.738104 -0.089843
v 3.139311 4.739222 -0.090327
v 3.153422 4.738104 -0.089843
v 3.139311 4.739222 -0.090327
v 3.132061 4.742198 -0.007648
v 3.120275 4.742743 -0.008132
v 3.132061 4.742198 -0.007648
v 3.120275 4.742743 -0.008132
v 3.179205 4.705603 -0.200864
v 3.131957 4.710273 -0.200571
v 3.130952 4.699299 -0.223520
v 3.177201 4.695091 -0.223520
v 3.131949 4.710355 -0.246470
v 3.179204 4.705618 -0.246177
v 3.134968 4.743065 -0.254120
v 3.185216 4.737111 -0.253729
v 3.185216 4.737111 -0.253729
v 3.134968 4.743065 -0.254120
v 3.137981 4.775922 -0.246470
v 3.191228 4.768632 -0.246177
v 3.138958 4.787404 -0.223520
v 3.193226 4.779250 -0.223520
v 3.137933 4.776855 -0.200571
v 3.191219 4.768827 -0.200864
v 3.134941 4.743632 -0.192921
v 3.185211 4.737230 -0.193312
v 3.185211 4.737230 -0.193312
v 3.134941 4.743632 -0.192921
v 3.226590 4.686295 -0.118698
v 3.154110 4.703334 -0.118347
v 3.153212 4.692039 -0.141325
v 3.224485 4.675789 -0.141325
v 3.154109 4.703350 -0.164304
v 3.226590 4.686296 -0.163952
v 3.156803 4.737245 -0.171963
v 3.232903 4.717824 -0.171494
v 3.232903 4.717824 -0.171494
v 3.156803 4.737245 -0.171963
v 3.159496 4.771140 -0.164304
v 3.239217 4.749353 -0.163952
v 3.160394 4.782435 -0.141325
v 3.241322 4.759859 -0.141325
v 3.159496 4.771132 -0.118347
v 3.239217 4.749353 -0.118698
v 3.156803 4.737230 -0.110687
v 3.232903 4.717824 -0.111156
v 3.232903 4.717824 -0.111156
v 3.156803 4.737230 -0.110687
v 3.247504 4.676968 -0.036507
v 3.164100 4.700246 -0.036150
v 3.163206 4.688950 -0.059130
v 3.245388 4.666463 -0.059130
v 3.164100 4.700261 -0.082110
v 3.247504 4.676968 -0.081754
v 3.166780 4.734163 -0.089770
v 3.253853 4.708475 -0.089295
v 3.253853 4.708475 -0.089295
v 3.166780 4.734163 -0.089770
v 3.169462 4.768065 -0.082110
v 3.260201 4.739975 -0.081754
v 3.170356 4.779364 -0.059130
v 3.262318 4.750480 -0.059130
v 3.169463 4.768065 -0.036150
v 3.260201 4.739975 -0.036507
v 3.166782 4.734156 -0.028491
v 3.253853 4.708469 -0.028966
v 3.253853 4.708469 -0.028966
v 3.166782 4.734156 -0.028491
v 3.218057 4.689547 0.045691
v 3.139789 4.706767 0.046053
v 3.138936 4.695486 0.023065
v 3.215952 4.679059 0.023065
v 3.139821 4.706296 0.000076
v 3.218061 4.689504 0.000439
v 3.142409 4.739818 -0.007587
v 3.224380 4.720944 -0.007103
v 3.224380 4.720944 -0.007103
v 3.142409 4.739818 -0.007587
v 3.144998 4.773261 0.000076
v 3.230700 4.752376 0.000439
v 3.145890 4.783848 0.023065
v 3.232808 4.762791 0.023065
v 3.145044 4.772348 0.046053
v 3.230703 4.752271 0.045691
v 3.142418 4.739521 0.053716
v 3.224381 4.720905 0.053233
v 3.224381 4.720905 0.053233
v 3.142418 4.739521 0.053716
v 3.231009 4.689092 -0.201223
v 3.190367 4.704498 -0.200933
v 3.188127 4.694091 -0.223520
v 3.228583 4.678982 -0.223520
v 3.190367 4.704493 -0.246107
v 3.231009 4.689092 -0.245818
v 3.197087 4.735700 -0.253636
v 3.238289 4.719428 -0.253251
v 3.238289 4.719428 -0.253251
v 3.197087 4.735700 -0.253636
v 3.203807 4.766909 -0.246107
v 3.245567 4.749757 -0.245818
v 3.206047 4.777325 -0.223520
v 3.247994 4.759868 -0.223520
v 3.203808 4.766932 -0.200933
v 3.245567 4.749757 -0.201223
v 3.197088 4.735715 -0.193404
v 3.238289 4.719428 -0.193790
v 3.238289 4.719428 -0.193790
v 3.197088 4.735715 -0.193404
v 3.281640 4.665008 -0.119028
v 3.234779 4.684370 -0.118738
v 3.232539 4.673954 -0.141325
v 3.279213 4.654898 -0.141325
v 3.234779 4.684370 -0.163912
v 3.281640 4.665008 -0.163623
v 3.241503 4.715630 -0.171441
v 3.288919 4.695344 -0.171055
v 3.288919 4.695344 -0.171055
v 3.241503 4.715630 -0.171441
v 3.248225 4.746892 -0.163912
v 3.296197 4.725673 -0.163623
v 3.250465 4.757308 -0.141325
v 3.298624 4.735782 -0.141325
v 3.248225 4.746892 -0.118738
v 3.296197 4.725673 -0.119028
v 3.241503 4.715630 -0.111209
v 3.288919 4.695344 -0.111595
v 3.288919 4.695344 -0.111595
v 3.241503 4.715630 -0.111209
v 3.309029 4.651981 -0.036833
v 3.256009 4.674595 -0.036543
v 3.253768 4.664172 -0.059130
v 3.306602 4.641871 -0.059130
v 3.256009 4.674595 -0.081717
v 3.309029 4.651981 -0.081428
v 3.262731 4.705850 -0.089246
v 3.316308 4.682310 -0.088860
v 3.316308 4.682310 -0.088860
v 3.262731 4.705850 -0.089246
v 3.269454 4.737111 -0.081717
v 3.323587 4.712646 -0.081428
v 3.271696 4.747533 -0.059130
v 3.326013 4.722756 -0.059130
v 3.269454 4.737111 -0.036543
v 3.323587 4.712646 -0.036833
v 3.262731 4.705850 -0.029014
v 3.316308 4.682310 -0.029400
v 3.316308 4.682310 -0.029400
v 3.262731 4.705850 -0.029014
v 3.279247 4.666149 0.045362
v 3.226464 4.687697 0.045652
v 3.224225 4.677296 0.023065
v 3.276820 4.656034 0.023065
v 3.226465 4.687704 0.000478
v 3.279247 4.666149 0.000767
v 3.233186 4.718921 -0.007051
v 3.286526 4.696478 -0.006665
v 3.286526 4.696478 -0.006665
v 3.233186 4.718921 -0.007051
v 3.239905 4.750132 0.000478
v 3.293805 4.726815 0.000767
v 3.242145 4.760530 0.023065
v 3.296231 4.736924 0.023065
v 3.239904 4.750115 0.045652
v 3.293805 4.726815 0.045362
v 3.233185 4.718906 0.053181
v 3.286526 4.696478 0.052795
v 3.286526 4.696478 0.052795
v 3.233185 4.718906 0.053181
v 2.816150 4.663068 0.060957
v 2.731004 4.685205 0.075436
v 2.731804 4.760001 0.084131
v 2.808997 4.790800 0.084859
v 2.874753 4.734418 0.135430
v 2.844756 4.687660 0.141990
v 2.719768 4.721832 0.080984
v 2.719768 4.721832 0.080984
v 2.840060 4.650564 0.132169
v 2.719768 4.721832 0.080984
v 2.844539 4.619526 0.118191
v 2.840060 4.650564 0.132169
v 2.890385 4.682183 0.067307
v 2.903698 4.725860 0.074014
v 2.903698 4.725860 0.074014
v 2.894300 4.770060 0.080062
v 2.921969 4.733327 0.114830
v 2.882353 4.614191 0.096084
v 2.926734 4.569224 0.142875
v 2.917566 4.574835 0.140122
v 2.933592 4.587548 0.110209
v 2.940024 4.584206 0.111982
v 2.930494 4.696135 0.161792
v 2.924277 4.700403 0.158851
v 2.913349 4.643595 0.170534
v 2.921960 4.638066 0.174118
v 2.923164 4.598382 0.161618
v 2.913895 4.604201 0.158334
v 2.913895 4.604201 0.158334
v 2.923164 4.598382 0.161618
v 2.920854 4.651869 0.090193
v 2.959325 4.639738 0.100164
v 2.927790 4.695143 0.100650
v 2.927790 4.695143 0.100650
v 2.955092 4.712422 0.131236
v 3.010411 4.565995 0.127854
v 3.007699 4.547289 0.161013
v 2.947360 4.563636 0.147496
v 2.957956 4.579565 0.116025
v 3.002379 4.611865 0.194721
v 3.002005 4.668059 0.181126
v 2.948712 4.688981 0.166717
v 2.942447 4.631389 0.179367
v 2.944043 4.592219 0.166617
v 3.005122 4.574186 0.181241
v 3.005122 4.574186 0.181241
v 2.944043 4.592219 0.166617
v 3.018808 4.620765 0.115466
v 2.976172 4.634367 0.104501
v 2.977066 4.674475 0.117569
v 3.017819 4.658159 0.129187
v 3.017819 4.658159 0.129187
v 2.977066 4.674475 0.117569
v 2.971426 4.704603 0.136528
v 3.013489 4.685341 0.149173
v 2.961165 4.680892 0.112876
v 2.961165 4.680892 0.112876
v 2.509180 4.799281 -0.124856
v 2.308589 4.800680 -0.162054
v 2.288301 4.766797 -0.042433
v 2.509500 4.775694 -0.001664
v 2.514704 4.774549 -0.221232
v 2.261021 4.766404 -0.275611
v 2.080568 4.759279 -0.315178
v 2.296238 4.683880 -0.310718
v 2.076938 4.631077 -0.368556
v 2.295778 4.601238 -0.266472
v 2.072553 4.502270 -0.315178
v 2.296812 4.568843 -0.142707
v 2.072748 4.472612 -0.169140
v 2.072748 4.472612 -0.169140
v 2.296812 4.568843 -0.142707
v 2.289590 4.599686 -0.059106
v 2.075872 4.524526 -0.066591
v 2.295230 4.683123 -0.023679
v 2.076617 4.630270 -0.005937
v 2.076320 4.758910 -0.042626
v 2.077610 4.812018 -0.187471
v 1.862271 4.749294 -0.327590
v 1.857960 4.615214 -0.382325
v 1.853585 4.480685 -0.327492
v 1.862371 4.443030 -0.178919
v 1.862371 4.443030 -0.178919
v 1.859264 4.493042 -0.073216
v 1.879406 4.619068 -0.027654
v 1.857495 4.748679 -0.046939
v 1.862453 4.804751 -0.195576
v 1.645245 4.726299 -0.323996
v 1.755610 4.741177 -0.323196
v 1.751726 4.610881 -0.373185
v 1.641684 4.606347 -0.371212
v 1.749712 4.480314 -0.323126
v 1.636823 4.486337 -0.323895
v 1.746129 4.426437 -0.181421
v 1.631967 4.437181 -0.189186
v 1.631967 4.437181 -0.189186
v 1.746129 4.426437 -0.181421
v 1.748583 4.481105 -0.080368
v 1.638644 4.486526 -0.095764
v 1.751788 4.610447 -0.051608
v 1.642120 4.605865 -0.052644
v 1.755064 4.740945 -0.064403
v 1.642448 4.726008 -0.078995
v 1.756493 4.795180 -0.202261
v 1.643689 4.775570 -0.209942
v 1.401890 4.717607 -0.360041
v 1.529232 4.717537 -0.344150
v 1.524372 4.605459 -0.399240
v 1.391324 4.608094 -0.408346
v 1.523402 4.493160 -0.344099
v 1.397552 4.496007 -0.362527
v 1.515316 4.447702 -0.193857
v 1.394119 4.450125 -0.193905
v 1.394119 4.450125 -0.193905
v 1.515316 4.447702 -0.193857
v 1.503999 4.505247 -0.091076
v 1.397365 4.494705 -0.066549
v 1.537702 4.605306 -0.040704
v 1.405265 4.604267 -0.006525
v 1.528257 4.717497 -0.066371
v 1.404426 4.716314 -0.048759
v 1.525613 4.763125 -0.213437
v 1.401212 4.762117 -0.211546
v 1.212729 4.730411 -0.371583
v 1.204100 4.611838 -0.441721
v 1.209655 4.479556 -0.390060
v 1.212936 4.430040 -0.209663
v 1.212936 4.430040 -0.209663
v 1.220788 4.486780 -0.044795
v 1.219555 4.599061 0.032458
v 1.215407 4.724852 0.004909
v 1.218250 4.779183 -0.196120
v 0.987346 4.772054 -0.343992
v 0.991468 4.643610 -0.432053
v 1.011366 4.495592 -0.391388
v 1.014877 4.418744 -0.218885
v 1.014877 4.418744 -0.218885
v 1.024964 4.504492 -0.061542
v 0.982886 4.641595 0.049948
v 0.977105 4.772406 0.027048
v 0.974819 4.842227 -0.149114
v 0.685827 4.888134 -0.262063
v 0.661036 4.786233 -0.395377
v 0.763489 4.573589 -0.392473
v 0.772614 4.404078 -0.211479
v 0.772614 4.404078 -0.211479
v 0.841935 4.488634 -0.068490
v 0.829810 4.635789 0.047613
v 0.768265 4.768730 0.039480
v 0.748102 4.878142 -0.102923
v 0.423479 1.018674 -0.404500
v 0.517423 1.023416 -0.380760
v 0.518823 0.693736 -0.352900
v 0.441792 0.695334 -0.376034
v 0.329104 0.694367 -0.299820
v 0.280325 0.998075 -0.320876
v 0.286912 0.696961 -0.134658
v 0.225067 0.968514 -0.132437
v 0.225067 0.968514 -0.132437
v 0.286912 0.696961 -0.134658
v 0.325645 0.696655 0.024698
v 0.277780 0.943841 0.049951
v 0.431002 0.948077 0.142793
v 0.345025 0.945632 0.121886
v 0.378847 0.700507 0.088291
v 0.449605 0.694521 0.107674
v 0.582855 0.966543 0.052780
v 0.515722 0.953688 0.118059
v 0.518684 0.700432 0.085373
v 0.571369 0.704420 0.027309
v 0.610715 0.703297 -0.132388
v 0.635961 0.999665 -0.129341
v 0.635961 0.999665 -0.129341
v 0.610715 0.703297 -0.132388
v 0.571161 0.696343 -0.291464
v 0.583470 1.021470 -0.311960
v 0.400377 1.303012 -0.439481
v 0.509281 1.310148 -0.412940
v 0.229172 1.281782 -0.337311
v 0.163162 1.253013 -0.103930
v 0.163162 1.253013 -0.103930
v 0.227897 1.233761 0.123610
v 0.408889 1.233579 0.232052
v 0.309306 1.228879 0.208867
v 0.587364 1.259868 0.127694
v 0.507176 1.244335 0.206012
v 0.652423 1.290539 -0.098847
v 0.652423 1.290539 -0.098847
v 0.588553 1.307415 -0.327047
v 0.378882 1.616745 -0.408148
v 0.497969 1.622672 -0.380463
v 0.187719 1.591623 -0.298548
v 0.111839 1.561163 -0.043034
v 0.111839 1.561163 -0.043034
v 0.184105 1.542682 0.209008
v 0.387631 1.544089 0.330459
v 0.275391 1.538711 0.304495
v 0.588660 1.572120 0.214462
v 0.498334 1.555561 0.301979
v 0.661117 1.601973 -0.036705
v 0.661117 1.601973 -0.036705
v 0.587047 1.619952 -0.287858
v 0.378326 1.920889 -0.372483
v 0.481056 1.925268 -0.348213
v 0.485340 1.818794 -0.357380
v 0.383572 1.813979 -0.380660
v 0.206341 1.791726 -0.281666
v 0.198844 1.897154 -0.268762
v 0.133935 1.764034 -0.042627
v 0.125645 1.865913 -0.018543
v 0.125645 1.865913 -0.018543
v 0.133935 1.764034 -0.042627
v 0.205508 1.747017 0.196193
v 0.198149 1.846448 0.231298
v 0.380239 1.848875 0.339867
v 0.281092 1.844500 0.317159
v 0.287596 1.745219 0.278726
v 0.385573 1.750313 0.300371
v 0.561744 1.872899 0.235089
v 0.479417 1.858342 0.313901
v 0.483368 1.759858 0.276012
v 0.564982 1.773186 0.200216
v 0.636915 1.800594 -0.037242
v 0.634603 1.903387 -0.013464
v 0.634603 1.903387 -0.013464
v 0.636915 1.800594 -0.037242
v 0.565421 1.817279 -0.275934
v 0.562150 1.923827 -0.263231
v 0.364417 2.227268 -0.332018
v 0.472287 2.232749 -0.307380
v 0.475750 2.090333 -0.314446
v 0.366849 2.085789 -0.340765
v 0.177451 2.058100 -0.237644
v 0.175547 2.203765 -0.228692
v 0.100070 2.023915 0.012141
v 0.098144 2.172480 0.022176
v 0.098144 2.172480 0.022176
v 0.100070 2.023915 0.012141
v 0.177049 2.001379 0.261654
v 0.174634 2.155121 0.273088
v 0.366033 2.159745 0.381855
v 0.262013 2.154089 0.358780
v 0.264085 1.998296 0.345280
v 0.369284 2.003128 0.370034
v 0.556957 2.181619 0.277076
v 0.470233 2.168077 0.355766
v 0.475006 2.013861 0.342627
v 0.560906 2.029093 0.265618
v 0.637752 2.063890 0.017560
v 0.634028 2.211570 0.027707
v 0.634028 2.211570 0.027707
v 0.637752 2.063890 0.017560
v 0.560786 2.086669 -0.231976
v 0.557495 2.231216 -0.222914
v 0.351690 2.451844 -0.308226
v 0.473743 2.455929 -0.283153
v 0.137684 2.422441 -0.203519
v 0.049230 2.393952 0.052904
v 0.049230 2.393952 0.052904
v 0.140476 2.351503 0.307064
v 0.353492 2.383902 0.420851
v 0.232057 2.376654 0.399673
v 0.569845 2.411423 0.315013
v 0.471280 2.396480 0.394953
v 0.657885 2.440393 0.059907
v 0.657885 2.440393 0.059907
v 0.570457 2.456128 -0.196838
v 0.317787 2.727290 -0.297323
v 0.441684 2.737779 -0.270494
v 0.095506 2.700719 -0.190318
v 0.012082 2.678854 0.073389
v 0.012082 2.678854 0.073389
v 0.083008 2.661022 0.334927
v 0.317728 2.674848 0.452164
v 0.196211 2.668670 0.426979
v 0.541046 2.682869 0.343512
v 0.439797 2.685702 0.424780
v 0.631728 2.708238 0.081417
v 0.631728 2.708238 0.081417
v 0.541520 2.721058 -0.182410
v 0.292649 3.107689 -0.353652
v 0.416590 3.152022 -0.268945
v 0.413444 2.986402 -0.270072
v 0.291508 2.941579 -0.308997
v 0.074788 2.835453 -0.283605
v 0.054999 3.019624 -0.354808
v 0.005170 2.778776 0.083139
v 0.003479 2.965828 0.092760
v 0.003479 2.965828 0.092760
v 0.005170 2.778776 0.083139
v 0.061112 2.777290 0.374863
v 0.056869 2.982886 0.442854
v 0.294171 3.067564 0.575529
v 0.177815 3.021761 0.569558
v 0.179042 2.786292 0.470471
v 0.298217 2.848026 0.508312
v 0.506836 3.150977 0.423132
v 0.407280 3.104701 0.527088
v 0.408184 2.929996 0.486310
v 0.509512 2.950921 0.407442
v 0.595670 3.194526 0.164968
v 0.597598 3.013629 0.125615
v 0.509734 3.003870 -0.167932
v 0.503988 3.182483 -0.149727
v 0.483318 1.696085 -0.354476
v 0.386077 1.691059 -0.377285
v 0.216709 1.671153 -0.280011
v 0.147509 1.646937 -0.044640
v 0.147509 1.646937 -0.044640
v 0.215737 1.633400 0.190550
v 0.294252 1.633004 0.272203
v 0.387857 1.638172 0.293443
v 0.481479 1.646546 0.269612
v 0.559580 1.657619 0.194794
v 0.628194 1.681413 -0.038931
v 0.628194 1.681413 -0.038931
v 0.559906 1.695200 -0.273994
v 0.277916 3.568802 -0.394539
v 0.394168 3.590132 -0.296205
v 0.398343 3.472377 -0.294544
v 0.282448 3.429245 -0.385481
v 0.481192 3.610055 0.517173
v 0.391152 3.588651 0.667911
v 0.394629 3.456955 0.612327
v 0.486407 3.474499 0.471317
v 0.560967 3.483054 0.157150
v 0.554489 3.610748 0.184615
v 0.554489 3.610748 0.184615
v 0.560967 3.483054 0.157150
v 0.486375 3.476608 -0.155097
v 0.481121 3.611091 -0.147909
v 0.270763 3.705957 -0.407771
v 0.385944 3.732831 -0.307236
v 0.470142 3.760473 0.510354
v 0.382539 3.734892 0.660942
v 0.542140 3.770204 0.175211
v 0.542140 3.770204 0.175211
v 0.470193 3.759623 -0.159509
v 0.255333 3.891542 -0.431331
v 0.391364 3.877446 -0.334769
v 0.474945 3.883328 0.477977
v 0.387322 3.882347 0.625150
v 0.547437 3.944385 0.143825
v 0.547437 3.944385 0.143825
v 0.475451 3.879394 -0.189757
v 0.265761 4.076713 -0.454987
v 0.378701 4.063216 -0.361559
v 0.463491 4.079466 0.382834
v 0.375612 4.065545 0.518736
v 0.534273 4.146994 0.077281
v 0.534273 4.146994 0.077281
v 0.463112 4.075541 -0.227603
v 0.281760 4.206079 -0.463983
v 0.404952 4.223827 -0.363270
v 0.496717 4.237550 0.325003
v 0.413395 4.219754 0.487828
v 0.538684 4.253675 0.051179
v 0.538684 4.253675 0.051179
v 0.497433 4.229759 -0.219345
v 0.310483 4.408866 -0.474742
v 0.432610 4.402676 -0.372877
v 0.506925 4.404829 0.250426
v 0.421156 4.424372 0.450156
v 0.560590 4.352678 0.033416
v 0.560590 4.352678 0.033416
v 0.527621 4.369489 -0.218297
v 0.302128 4.533083 -0.448356
v 0.433919 4.487588 -0.371039
v 0.497782 4.531568 0.271034
v 0.398228 4.565454 0.409214
v 0.491494 4.527563 0.265173
v 0.497536 4.401844 0.247743
v 0.551710 4.354944 0.033197
v 0.557284 4.417974 -0.052863
v 0.557284 4.417974 -0.052863
v 0.551710 4.354944 0.033197
v 0.505465 4.347708 -0.224426
v 0.514184 4.424733 -0.256530
v 0.256296 4.820611 -0.403219
v 0.361888 4.853253 -0.354005
v 0.386250 4.656492 -0.408797
v 0.280616 4.658562 -0.426257
v 0.477243 4.907343 0.115218
v 0.370691 4.869845 0.229530
v 0.377483 4.685824 0.363775
v 0.478905 4.696918 0.260361
v 0.206010 4.929953 -0.277274
v 0.288621 4.965083 -0.213728
v 0.355376 4.997064 0.123217
v 0.290013 4.963438 0.183499
v 0.541810 4.927048 -0.146763
v 0.408589 5.014990 -0.048719
v 0.408589 5.014990 -0.048719
v 0.541810 4.927048 -0.146763
v 0.467969 4.880054 -0.304768
v 0.355957 4.996668 -0.149734
v 0.105879 5.034482 -0.225754
v 0.151375 5.057507 -0.197878
v 0.184671 5.075605 0.084125
v 0.148885 5.058383 0.141889
v 0.216396 5.091220 -0.038305
v 0.216396 5.091220 -0.038305
v 0.184953 5.075211 -0.151558
v 0.282448 3.429245 -0.385481
v 0.398343 3.472377 -0.294544
v 0.396450 3.269926 -0.306241
v 0.263537 3.253528 -0.392408
v 0.000000 3.219101 -0.416327
v 0.000000 3.404575 -0.440863
v 0.281143 3.436147 0.700984
v 0.147941 3.413603 0.758063
v 0.154281 3.223891 0.661782
v 0.285308 3.251215 0.615795
v 0.486407 3.474499 0.471317
v 0.394629 3.456955 0.612327
v 0.395816 3.265902 0.548085
v 0.507932 3.278296 0.434426
v 0.560967 3.483054 0.157150
v 0.577896 3.304106 0.141785
v 0.477451 3.284571 -0.156848
v 0.486375 3.476608 -0.155097
v 0.391499 4.562756 0.403571
v 0.425665 4.486824 -0.365631
v 0.297794 4.530459 -0.439936
v 0.625067 4.911980 -0.203202
v 0.555607 4.842234 -0.341088
v 0.612439 4.887852 -0.047835
v 0.625067 4.911980 -0.203202
v 0.609491 4.728480 0.147373
v 0.601945 4.567715 0.070425
v 0.647840 4.446661 -0.067679
v 0.606833 4.426555 -0.228691
v 0.647840 4.446661 -0.067679
v 0.480808 4.630656 -0.361505
v 0.558497 4.602470 -0.348153
v 0.577896 3.304106 0.141785
v 0.560967 3.483054 0.157150
v 0.597598 3.013629 0.125615
v 0.595670 3.194526 0.164968
v 0.540087 0.372896 -0.329727
v 0.466448 0.373114 -0.350147
v 0.451497 0.586778 -0.340633
v 0.526344 0.587334 -0.320246
v 0.466448 0.373114 -0.350147
v 0.341652 0.422645 -0.295956
v 0.335433 0.595353 -0.282725
v 0.451497 0.586778 -0.340633
v 0.255643 0.389424 -0.140482
v 0.282076 0.587704 -0.136499
v 0.663943 0.366177 -0.143520
v 0.594185 0.380353 -0.280091
v 0.580587 0.586323 -0.264955
v 0.621261 0.597522 -0.124262
v 0.271859 0.292205 0.244951
v 0.280156 0.292040 0.475409
v 0.317043 0.327287 0.444494
v 0.296693 0.343319 0.245312
v 0.472302 0.294365 0.634102
v 0.469961 0.365510 0.560865
v 0.407553 0.364807 0.545578
v 0.403395 0.297685 0.607918
v 0.648345 0.292578 0.462181
v 0.618127 0.333739 0.434891
v 0.564107 0.362959 0.510429
v 0.581788 0.293521 0.551331
v 0.467387 0.174902 -0.365199
v 0.544785 0.174902 -0.343527
v 0.333788 0.174902 -0.310354
v 0.467387 0.174902 -0.365199
v 0.242134 0.175124 -0.139255
v 0.256450 0.161253 0.248981
v 0.268997 0.161253 0.496062
v 0.474608 0.161253 0.662027
v 0.397529 0.161253 0.634761
v 0.660157 0.161253 0.486066
v 0.596528 0.161253 0.566986
v 0.601318 0.174902 -0.292127
v 0.675767 0.174902 -0.140190
v 0.580587 0.586323 -0.264955
v 0.621261 0.597522 -0.124262
v 0.621261 0.597522 -0.124262
v 0.588559 0.591599 0.023756
v 0.528890 0.602464 0.073569
v 0.457772 0.603843 0.093657
v 0.385710 0.612614 0.078105
v 0.320741 0.605000 0.015164
v 0.282076 0.587704 -0.136499
v 0.282076 0.587704 -0.136499
v 0.335433 0.595353 -0.282725
v 0.451497 0.586778 -0.340633
v 0.526344 0.587334 -0.320246
v 0.325731 0.464044 0.120597
v 0.320741 0.605000 0.015164
v 0.302314 0.434433 0.029110
v 0.277757 0.325912 0.022875
v 0.458996 0.466435 0.184476
v 0.457772 0.603843 0.093657
v 0.385710 0.612614 0.078105
v 0.400454 0.467780 0.174702
v 0.585483 0.450578 0.132381
v 0.588559 0.591599 0.023756
v 0.528890 0.602464 0.073569
v 0.514720 0.464100 0.179427
v 0.638555 0.432737 0.027374
v 0.663071 0.325103 0.019961
v 0.263698 0.170105 0.013470
v 0.675994 0.170971 -0.012230
v 0.342558 0.388574 0.325632
v 0.464325 0.391585 0.372483
v 0.412235 0.393909 0.365825
v 0.579717 0.383054 0.343334
v 0.515494 0.392941 0.366646
v 0.634497 0.344362 0.257751
v 0.674383 0.285177 0.246221
v 0.689477 0.160937 0.255274
v 0.368898 0.362787 0.509693
v 0.533204 0.364431 0.539052
v 0.471838 0.161253 0.464808
v 0.268997 0.161253 0.496062
v 0.256450 0.161253 0.248981
v 0.475064 0.161253 0.247011
v 0.263698 0.170105 0.013470
v 0.470271 0.169942 0.018321
v 0.242134 0.175124 -0.139255
v 0.467750 0.174928 -0.132572
v 0.333788 0.174902 -0.310354
v 0.469389 0.174902 -0.264256
v 0.467387 0.174902 -0.365199
v 0.471245 0.161253 0.536240
v 0.474608 0.161253 0.662027
v 0.397529 0.161253 0.634761
v 0.340803 0.161253 0.579707
v 0.544785 0.174902 -0.343527
v 0.601318 0.174902 -0.292127
v 0.675767 0.174902 -0.140190
v 0.675994 0.170971 -0.012230
v 0.689477 0.160937 0.255274
v 0.660157 0.161253 0.486066
v 0.544448 0.161253 0.626209
v 0.596528 0.161253 0.566986
v 0.539606 0.290192 0.600445
v 0.544448 0.161253 0.626209
v 0.352938 0.292124 0.560116
v 0.340803 0.161253 0.579707
v 0.278562 3.567452 0.763330
v 0.147596 3.563568 0.823321
v 0.147941 3.413603 0.758063
v 0.281143 3.436147 0.700984
v 0.271350 3.708374 0.758106
v 0.143511 3.695570 0.817518
v 0.276984 3.898097 0.723878
v 0.149957 3.917833 0.784429
v 0.267565 4.080848 0.608818
v 0.140003 4.134311 0.666520
v 0.284211 4.213018 0.580299
v 0.146713 4.245941 0.638695
v 0.312233 4.434942 0.539687
v 0.165309 4.438673 0.597210
v 0.303770 4.552421 0.499144
v 0.162506 4.538664 0.545920
v 0.255832 4.821434 0.300889
v 0.136121 4.788874 0.346129
v 0.151098 4.638693 0.496832
v 0.279456 4.657202 0.460530
v 0.207638 4.930125 0.218833
v 0.109015 4.899408 0.255519
v 0.108365 5.020216 0.180796
v 0.057016 5.019029 0.210244
v 0.160804 4.534095 0.538001
v 0.299187 4.549140 0.491852
v 0.000000 3.219101 -0.416327
v 0.000000 3.149361 0.532288
v 0.000000 3.189271 0.560514
v 0.056576 5.077814 0.160327
v 0.067694 5.176821 -0.184863
v 0.119162 5.183580 -0.163909
v 0.152755 5.188519 -0.132256
v 0.177626 5.190235 -0.065022
v 0.172663 5.176337 0.023419
v 0.146758 5.139450 0.074588
v 0.107167 5.104763 0.124598
v 0.055898 5.015702 0.203660
v 0.106819 5.016246 0.174744
v 0.147195 5.053314 0.136626
v 0.182170 5.069159 0.081115
v 0.213484 5.084172 -0.038002
v 0.182170 5.069159 -0.148024
v 0.149036 5.052739 -0.192694
v 0.104828 5.030340 -0.219619
v 0.555607 4.842234 -0.341088
v 0.558497 4.602470 -0.348153
v 0.606833 4.426555 -0.228691
v 0.606833 4.426555 -0.228691
v 0.647840 4.446661 -0.067679
v 0.601945 4.567715 0.070425
v 0.609491 4.728480 0.147373
v 0.612439 4.887852 -0.047835
v 0.625067 4.911980 -0.203202
v 0.474853 1.603360 -0.339524
v 0.388563 1.598425 -0.359785
v 0.230497 1.579083 -0.268873
v 0.164643 1.555266 -0.044491
v 0.164643 1.555266 -0.044491
v 0.230371 1.541654 0.182022
v 0.302589 1.540992 0.257201
v 0.387576 1.545882 0.276519
v 0.473228 1.554209 0.254727
v 0.545018 1.565356 0.185930
v 0.611028 1.589148 -0.038881
v 0.611028 1.589148 -0.038881
v 0.545269 1.602696 -0.265426
v 0.551710 4.354944 0.033197
v 0.497536 4.401844 0.247743
v 0.505465 4.347708 -0.224426
v 0.551710 4.354944 0.033197
v 0.297794 4.530459 -0.439936
v 0.425665 4.486824 -0.365631
v 0.491494 4.527563 0.265173
v 0.391499 4.562756 0.403571
v 0.299187 4.549140 0.491852
v 0.160804 4.534095 0.538001
v 0.514184 4.424733 -0.256530
v 0.522676 4.429210 -0.262060
v 0.388563 1.598425 -0.359785
v 0.474853 1.603360 -0.339524
v 0.230497 1.579083 -0.268873
v 0.164643 1.555266 -0.044491
v 0.230371 1.541654 0.182022
v 0.164643 1.555266 -0.044491
v 0.387576 1.545882 0.276519
v 0.302589 1.540992 0.257201
v 0.545018 1.565356 0.185930
v 0.473228 1.554209 0.254727
v 0.611028 1.589148 -0.038881
v 0.545269 1.602696 -0.265426
v 0.611028 1.589148 -0.038881
v 2.610449 4.723353 0.031121
v 2.611189 4.677594 0.028073
v 2.613056 4.684369 0.022498
v 2.610175 4.787561 -0.106526
v 2.604009 4.770052 0.025185
v 2.605877 4.763761 0.018609
v 2.610397 4.725464 -0.221632
v 2.609055 4.765522 -0.219399
v 2.608256 4.759450 -0.213543
v 2.622566 4.673431 -0.106460
v 2.613425 4.686796 -0.219269
v 2.612439 4.693024 -0.213543
v 0.104828 5.030340 -0.219619
v 0.149036 5.052739 -0.192694
v 0.182170 5.069159 0.081115
v 0.147195 5.053314 0.136626
v 0.213484 5.084172 -0.038002
v 0.182170 5.069159 -0.148024
v 0.213484 5.084172 -0.038002
v 0.106819 5.016246 0.174744
v 0.055898 5.015702 0.203660
v 2.510611 4.721189 -0.004127
v 2.514202 4.673467 -0.017714
v 2.514295 4.726760 -0.239352
v 2.514169 4.676477 -0.221177
v 2.518348 4.654015 -0.124698
v 2.622566 4.673431 -0.106460
v 2.518348 4.654015 -0.124698
v 0.000000 5.328081 0.475243
v 0.000000 5.328081 0.475243
v 0.000000 5.362103 0.475989
v 0.022415 5.367165 0.464993
v 0.056576 5.333165 0.455428
v 0.000000 5.305286 0.479818
v 0.000000 5.305286 0.479818
v 0.000000 5.328081 0.475243
v 0.056576 5.333165 0.455428
v 0.056375 5.306738 0.454829
v 0.000000 5.305286 0.479818
v 0.056375 5.306738 0.454829
v 0.000000 5.362103 0.475989
v 0.000000 5.328081 0.475243
v 0.056576 5.333165 0.455428
v 0.022415 5.367165 0.464993
v 0.000000 5.362103 0.475989
v 0.000000 5.305286 0.479818
v 0.056375 5.306738 0.454829
v 0.000000 5.328081 0.475243
v 0.000000 5.328081 0.475243
v 0.000000 5.305286 0.479818
v 0.000000 5.305286 0.479818
v 0.056375 5.306738 0.454829
v 0.056576 5.333165 0.455428
v 0.000000 5.362103 0.475989
v 0.022415 5.367165 0.464993
v 0.000000 5.746563 -0.227692
v 0.000000 5.862340 -0.103053
v 0.000000 5.904714 0.067206
v 0.000000 5.588410 -0.264285
v 0.000000 5.540176 -0.263137
v 0.000000 5.390659 -0.228559
v 0.000000 5.270723 -0.175691
v 0.000000 2.991947 0.077542
v 0.000000 2.991947 0.077542
v 0.000000 3.391339 0.764234
v 0.000000 5.165354 -0.186453
v 0.000000 4.994428 -0.232058
v 0.324934 4.605659 0.506431
v 0.320719 4.475294 0.541607
v 0.376691 4.479288 0.496112
v 0.380301 4.609582 0.461108
v 0.299608 4.776953 0.392132
v 0.357968 4.779735 0.355333
v 0.295057 4.860106 0.305510
v 0.350271 4.865108 0.266516
v 0.285355 5.048408 0.106254
v 0.287953 4.976115 0.199098
v 0.352946 4.977209 0.201376
v 0.348677 5.045080 0.105100
v 0.283649 5.078138 -0.088365
v 0.353720 5.060633 -0.089838
v 0.243558 4.987435 -0.242330
v 0.315797 4.987435 -0.242330
v 0.246372 4.855902 -0.384328
v 0.318612 4.855902 -0.384328
v 0.234780 4.746393 -0.445382
v 0.307020 4.746393 -0.445382
v 0.224851 4.534407 -0.485760
v 0.296794 4.533835 -0.479249
v 0.225204 4.401162 -0.501360
v 0.297147 4.400590 -0.494849
v 0.223463 4.398928 -0.482318
v 0.295406 4.398356 -0.475807
v 0.223110 4.532173 -0.466718
v 0.295406 4.398356 -0.475807
v 0.295053 4.531601 -0.460207
v 0.233739 4.729585 -0.429939
v 0.305985 4.729587 -0.429828
v 0.246691 4.834287 -0.383199
v 0.318931 4.834287 -0.383199
v 0.243558 4.966787 -0.242641
v 0.315797 4.966787 -0.242641
v 0.279007 5.059421 -0.090008
v 0.349124 5.042099 -0.091465
v 0.280771 5.030368 0.103473
v 0.345633 5.026630 0.101356
v 0.278257 4.957507 0.186574
v 0.345651 4.958212 0.186558
v 0.289929 4.770561 0.377217
v 0.285602 4.849617 0.293837
v 0.341094 4.853099 0.256252
v 0.348340 4.773163 0.340427
v 0.313456 4.599508 0.492033
v 0.368817 4.603377 0.446787
v 0.309432 4.469092 0.527258
v 0.365403 4.473085 0.481763
v 0.365403 4.473085 0.481763
v 0.368817 4.603377 0.446787
v 0.348340 4.773163 0.340427
v 0.341094 4.853099 0.256252
v 0.345651 4.958212 0.186558
v 0.345633 5.026630 0.101356
v 0.349124 5.042099 -0.091465
v 0.315797 4.966787 -0.242641
v 0.318931 4.834287 -0.383199
v 0.305985 4.729587 -0.429828
v 0.295053 4.531601 -0.460207
v -0.376691 4.479288 0.496112
v -0.320719 4.475294 0.541607
v -0.324934 4.605659 0.506431
v -0.380301 4.609582 0.461108
v -0.299608 4.776953 0.392132
v -0.357968 4.779735 0.355333
v -0.295057 4.860106 0.305510
v -0.350271 4.865108 0.266516
v -0.352946 4.977209 0.201376
v -0.287953 4.976115 0.199098
v -0.285355 5.048408 0.106254
v -0.348677 5.045080 0.105100
v -0.283649 5.078138 -0.088365
v -0.353720 5.060633 -0.089838
v -0.243558 4.987435 -0.242330
v -0.315797 4.987435 -0.242330
v -0.246372 4.855902 -0.384328
v -0.318612 4.855902 -0.384328
v -0.234780 4.746393 -0.445382
v -0.307020 4.746393 -0.445382
v -0.224851 4.534407 -0.485760
v -0.296794 4.533835 -0.479249
v -0.225204 4.401162 -0.501360
v -0.297147 4.400590 -0.494849
v -0.223463 4.398928 -0.482318
v -0.295406 4.398356 -0.475807
v -0.295406 4.398356 -0.475807
v -0.223110 4.532173 -0.466718
v -0.295053 4.531601 -0.460207
v -0.233739 4.729585 -0.429939
v -0.305985 4.729587 -0.429828
v -0.246691 4.834287 -0.383199
v -0.318931 4.834287 -0.383199
v -0.243558 4.966787 -0.242641
v -0.315797 4.966787 -0.242641
v -0.279007 5.059421 -0.090008
v -0.349124 5.042099 -0.091465
v -0.280771 5.030368 0.103473
v -0.345633 5.026630 0.101356
v -0.278257 4.957507 0.186574
v -0.345651 4.958212 0.186558
v -0.341094 4.853099 0.256252
v -0.285602 4.849617 0.293837
v -0.289929 4.770561 0.377217
v -0.348340 4.773163 0.340427
v -0.313456 4.599508 0.492033
v -0.368817 4.603377 0.446787
v -0.309432 4.469092 0.527258
v -0.365403 4.473085 0.481763
v -0.365403 4.473085 0.481763
v -0.368817 4.603377 0.446787
v -0.348340 4.773163 0.340427
v -0.341094 4.853099 0.256252
v -0.345651 4.958212 0.186558
v -0.345633 5.026630 0.101356
v -0.349124 5.042099 -0.091465
v -0.315797 4.966787 -0.242641
v -0.318931 4.834287 -0.383199
v -0.305985 4.729587 -0.429828
v -0.295053 4.531601 -0.460207
vn 0.7314 0.0228 0.6815
vn 0.4936 -0.3889 0.7779
vn 0.4318 -0.4901 0.7572
vn 0.8203 -0.2661 0.5063
vn 0.4953 -0.0491 0.8673
vn 0.4431 -0.4801 0.7571
vn 0.1324 -0.2422 0.9611
vn 0.2548 -0.6611 0.7057
vn 0.7798 0.0268 -0.6255
vn 0.5777 0.8082 -0.1144
vn -0.4876 -0.8712 0.0567
vn -0.4754 -0.8796 0.0152
vn -0.1570 -0.9311 -0.3292
vn 0.5776 0.8083 -0.1144
vn 0.1640 0.9360 0.3114
vn -0.6143 0.5514 0.5644
vn -0.3568 -0.8753 -0.3263
vn 0.1639 0.9360 0.3114
vn -0.6144 0.5513 0.5644
vn -0.4318 -0.4900 0.7572
vn -0.4936 -0.3889 0.7779
vn -0.7314 0.0228 0.6815
vn -0.8203 -0.2661 0.5063
vn -0.4953 -0.0491 0.8673
vn -0.4430 -0.4801 0.7571
vn -0.2547 -0.6611 0.7058
vn -0.1324 -0.2422 0.9611
vn -0.5777 0.8082 -0.1144
vn -0.7798 0.0268 -0.6255
vn -0.7798 0.0268 -0.6254
vn 0.4876 -0.8712 0.0567
vn 0.4754 -0.8796 0.0151
vn 0.1570 -0.9311 -0.3292
vn -0.1639 0.9360 0.3114
vn -0.5776 0.8083 -0.1144
vn 0.3568 -0.8753 -0.3263
vn 0.6143 0.5513 0.5645
vn 0.4832 0.8450 -0.2291
vn 0.6617 -0.6750 -0.3265
vn 0.4014 -0.6968 -0.5944
vn 0.2982 0.8550 -0.4243
vn -0.0000 -0.7081 -0.7061
vn -0.0000 0.8603 -0.5098
vn -0.0000 -0.7081 -0.7062
vn -0.4014 -0.6969 -0.5943
vn -0.2982 0.8550 -0.4243
vn -0.6617 -0.6750 -0.3265
vn -0.4832 0.8450 -0.2290
vn -0.7475 -0.6643 -0.0000
vn -0.5422 0.8403 -0.0000
vn -0.6617 -0.6750 0.3265
vn -0.4832 0.8450 0.2291
vn -0.4014 -0.6968 0.5943
vn -0.2982 0.8550 0.4243
vn -0.0000 -0.7080 0.7062
vn -0.0000 0.8603 0.5098
vn 0.4014 -0.6969 0.5943
vn 0.2982 0.8550 0.4243
vn 0.6617 -0.6750 0.3265
vn 0.4832 0.8450 0.2291
vn 0.7475 -0.6643 -0.0000
vn 0.5422 0.8403 -0.0000
vn 0.8375 0.3640 -0.4076
vn 0.1066 0.9926 -0.0573
vn 0.0534 0.9948 -0.0872
vn 0.5203 0.3902 -0.7596
vn -0.0000 0.9957 -0.0927
vn -0.0000 0.4056 -0.9140
vn -0.0001 0.4056 -0.9140
vn -0.0534 0.9948 -0.0872
vn -0.5203 0.3902 -0.7596
vn -0.1066 0.9926 -0.0573
vn -0.8375 0.3639 -0.4076
vn -0.1304 0.9915 -0.0000
vn -0.9358 0.3526 -0.0000
vn -0.1066 0.9926 0.0573
vn -0.8375 0.3640 0.4076
vn -0.0534 0.9948 0.0872
vn -0.5203 0.3902 0.7596
vn -0.0000 0.9957 0.0928
vn -0.0000 0.4056 0.9140
vn 0.0534 0.9948 0.0872
vn 0.5203 0.3902 0.7596
vn 0.1066 0.9926 0.0573
vn 0.8375 0.3639 0.4076
vn 0.1304 0.9915 -0.0000
vn 0.9358 0.3526 -0.0000
vn 0.7492 0.5541 -0.3629
vn 0.4599 0.5850 -0.6680
vn 0.0001 0.6027 -0.7980
vn -0.0001 0.6027 -0.7980
vn -0.4599 0.5850 -0.6680
vn -0.7492 0.5541 -0.3629
vn -0.8414 0.5404 -0.0000
vn -0.7492 0.5541 0.3629
vn -0.4599 0.5850 0.6680
vn -0.0000 0.6027 0.7980
vn 0.4599 0.5850 0.6680
vn 0.7492 0.5541 0.3629
vn 0.8414 0.5404 -0.0000
vn 0.6053 0.7412 -0.2902
vn 0.3664 0.7669 -0.5269
vn -0.0000 0.7811 -0.6244
vn -0.3664 0.7669 -0.5269
vn -0.6053 0.7412 -0.2902
vn -0.6840 0.7295 -0.0000
vn -0.6053 0.7412 0.2902
vn -0.3664 0.7669 0.5269
vn -0.0000 0.7811 0.6244
vn 0.3665 0.7669 0.5269
vn 0.6053 0.7412 0.2902
vn 0.6840 0.7295 -0.0000
vn 0.4062 0.8937 -0.1907
vn 0.2436 0.9070 -0.3435
vn -0.0000 0.9143 -0.4050
vn -0.2436 0.9070 -0.3435
vn -0.4061 0.8937 -0.1907
vn -0.4605 0.8876 -0.0000
vn -0.4062 0.8937 0.1907
vn -0.2436 0.9070 0.3435
vn -0.0000 0.9143 0.4050
vn 0.2436 0.9070 0.3435
vn 0.4061 0.8937 0.1906
vn 0.4605 0.8876 -0.0000
vn -0.0000 1.0000 -0.0000
vn 0.1670 -0.9829 -0.0774
vn 0.0988 -0.9855 -0.1377
vn -0.0000 -0.9870 -0.1610
vn -0.0988 -0.9855 -0.1377
vn -0.1670 -0.9829 -0.0774
vn -0.1904 -0.9817 -0.0000
vn -0.1671 -0.9829 0.0774
vn -0.0988 -0.9855 0.1377
vn -0.0000 -0.9870 0.1610
vn 0.0988 -0.9855 0.1377
vn 0.1670 -0.9829 0.0774
vn 0.1904 -0.9817 -0.0000
vn -0.8882 0.2915 0.3552
vn -0.4534 0.0442 0.8902
vn -0.3627 0.1647 0.9172
vn -0.6038 0.3576 0.7125
vn -0.5599 -0.5264 0.6399
vn -0.3959 -0.3998 0.8267
vn 0.4961 -0.0374 -0.8674
vn 0.4962 -0.0374 -0.8674
vn 0.5726 -0.0261 -0.8194
vn 0.1939 0.9809 0.0137
vn -0.0000 0.1470 0.9891
vn 0.2837 -0.0037 -0.9589
vn 0.2671 0.0655 -0.9614
vn 0.3652 -0.7680 -0.5261
vn -0.5313 0.7624 -0.3694
vn 0.4323 0.8795 0.1988
vn -0.2669 -0.9516 -0.1524
vn 0.0393 -0.9965 0.0736
vn 0.0392 -0.9965 0.0736
vn -0.3714 0.2327 0.8988
vn -0.3242 0.2899 0.9005
vn -0.3321 0.2351 0.9135
vn -0.3887 0.2081 0.8975
vn -0.2325 -0.0574 0.9709
vn -0.2065 -0.4158 0.8857
vn -0.2090 -0.3125 0.9266
vn -0.1927 0.0122 0.9812
vn -0.3180 0.6400 0.6995
vn -0.4987 0.4849 0.7184
vn -0.5466 0.6020 0.5821
vn -0.2782 0.6365 0.7194
vn -0.5597 0.0232 0.8284
vn -0.2317 -0.6757 0.6998
vn -0.5358 -0.3839 0.7520
vn -0.5959 -0.0363 0.8022
vn -0.1520 -0.8483 0.5072
vn -0.4495 -0.7918 0.4136
vn -0.4986 -0.5330 0.6836
vn -0.4380 -0.5087 0.7412
vn -0.7524 -0.0915 0.6523
vn -0.8748 -0.0056 0.4844
vn -0.9206 -0.2334 0.3131
vn -0.9228 0.0893 0.3748
vn -0.8874 -0.0607 0.4570
vn -0.9178 -0.3049 0.2545
vn -0.9381 -0.1988 0.2837
vn -0.9385 -0.1082 0.3278
vn -0.9824 -0.1514 0.1097
vn -0.9494 -0.2999 0.0934
vn -0.4115 0.3597 0.8374
vn -0.4452 0.4681 0.7633
vn -0.2588 -0.1523 0.9539
vn -0.4702 0.1352 0.8721
vn -0.2458 0.0789 0.9661
vn -0.1647 0.2452 0.9554
vn -0.1839 0.2586 0.9483
vn -0.1856 0.2281 0.9558
vn -0.5789 -0.0593 0.8132
vn -0.6670 0.0745 0.7414
vn -0.7584 -0.1662 0.6302
vn -0.8386 -0.0593 0.5415
vn -0.7430 0.1176 0.6588
vn -0.5715 0.1118 0.8129
vn -0.5263 -0.0584 0.8483
vn -0.7223 -0.1182 0.6814
vn -0.6444 0.2780 0.7123
vn -0.7374 -0.0063 0.6755
vn -0.9734 -0.0129 0.2286
vn -0.9084 0.2157 0.3582
vn -0.6762 0.3782 0.6322
vn -0.4319 -0.0256 0.9016
vn -0.6843 -0.1246 0.7185
vn -0.8074 0.1696 0.5652
vn -0.6249 0.3198 0.7122
vn -0.8850 0.3122 0.3454
vn -0.6674 0.4890 0.5616
vn -0.4445 -0.1084 0.8892
vn -0.8050 0.2856 0.5201
vn -0.6992 0.4253 0.5747
vn -0.4011 -0.4741 0.7839
vn -0.4010 -0.4740 0.7839
vn -0.4011 -0.4741 0.7838
vn -0.6750 0.4970 0.5453
vn -0.8728 0.3638 0.3254
vn -0.8642 0.3863 0.3223
vn -0.6818 0.4448 0.5808
vn -0.0000 0.5071 0.8619
vn -0.0000 0.0547 0.9985
vn -0.0000 0.6582 0.7529
vn -0.0000 0.6621 0.7495
vn -0.5134 -0.4371 0.7384
vn -0.7002 -0.3183 0.6390
vn -0.4772 -0.3331 0.8132
vn -0.4307 -0.4317 0.7925
vn -0.5352 -0.5001 0.6808
vn -0.7678 -0.4527 0.4534
vn -0.7831 -0.5625 0.2651
vn -0.5558 -0.7301 0.3974
vn -0.6696 -0.1276 0.7317
vn -0.8818 0.0946 0.4621
vn -0.6796 -0.0384 0.7326
vn -0.6951 -0.2412 0.6772
vn -0.8455 -0.0874 0.5268
vn -0.9569 0.1509 0.2480
vn -0.9240 -0.2158 0.3156
vn -0.4753 -0.8136 0.3348
vn -0.7188 -0.1986 0.6663
vn -0.9110 -0.0463 0.4098
vn -0.9084 0.3679 0.1986
vn -0.9412 0.2910 0.1715
vn -0.3879 0.2632 0.8833
vn -0.5501 0.1422 0.8229
vn -0.5977 -0.2681 0.7556
vn -0.4082 -0.0503 0.9115
vn -0.0769 0.0831 0.9936
vn -0.1072 0.3745 0.9210
vn -0.0000 0.1212 0.9926
vn -0.0000 0.3511 0.9363
vn -0.0000 -0.2276 0.9738
vn -0.0000 0.5397 0.8418
vn -0.7187 0.3473 0.6024
vn -0.7187 0.3473 0.6023
vn -0.8933 0.1381 0.4278
vn -0.8634 -0.1306 0.4874
vn -0.4961 0.0374 0.8674
vn -0.4961 0.0374 0.8675
vn -0.5726 0.0261 0.8194
vn -0.6948 -0.0291 0.7187
vn -0.5872 -0.7432 0.3207
vn -0.5871 -0.7433 0.3206
vn -0.9358 0.2347 0.2631
vn -0.3131 -0.2252 0.9226
vn -0.3062 -0.4094 0.8595
vn -0.1152 0.2154 0.9697
vn -0.0937 0.5846 0.8059
vn -0.1601 0.6724 0.7226
vn -0.3383 0.5751 0.7449
vn -0.6078 -0.1863 0.7719
vn -0.3605 -0.5438 0.7578
vn -0.3196 0.8345 -0.4489
vn -0.3260 0.4773 -0.8160
vn -0.5891 0.4135 -0.6943
vn -0.5874 0.7131 -0.3827
vn -0.3155 0.9489 0.0004
vn -0.5800 0.8146 0.0012
vn -0.3395 0.8268 0.4485
vn -0.5987 0.6881 0.4099
vn -0.3396 0.6039 0.7211
vn -0.5775 0.5042 0.6421
vn -0.3278 0.1380 -0.9346
vn -0.5773 0.1107 -0.8090
vn -0.7849 0.3244 -0.5279
vn -0.7782 0.5538 -0.2962
vn -0.7732 0.6341 -0.0000
vn -0.7797 0.5206 0.3481
vn -0.7438 0.4145 0.5243
vn -0.7865 0.0754 -0.6129
vn -0.9360 0.1946 -0.2934
vn -0.9441 0.2933 -0.1502
vn -0.9439 0.3302 0.0024
vn -0.9407 0.2647 0.2123
vn -0.9470 0.1705 0.2723
vn -0.9202 0.0315 -0.3903
vn -0.9378 0.1564 -0.3099
vn -0.9710 0.2070 -0.1197
vn -0.9841 0.1775 0.0069
vn -0.9819 0.1216 0.1450
vn -0.9795 0.0801 0.1849
vn -0.9912 0.0544 0.1209
vn -0.7633 -0.0892 -0.6398
vn -0.9532 -0.0911 0.2884
vn -0.9071 -0.0047 0.4208
vn -0.9056 0.1317 0.4032
vn -0.9509 0.2206 0.2172
vn -0.9965 0.0289 -0.0780
vn -0.9751 0.2215 0.0060
vn -0.9475 -0.1706 0.2705
vn -0.8816 -0.1664 0.4417
vn -0.9770 -0.1938 -0.0885
vn -0.0000 -0.9790 0.2041
vn -0.5077 -0.8481 0.1517
vn -0.4053 -0.9142 0.0085
vn -0.0000 -0.9996 0.0276
vn -0.8361 -0.5421 0.0844
vn -0.8812 -0.4489 0.1485
vn -0.9903 -0.0518 0.1288
vn -0.7289 -0.6781 0.0949
vn -0.6869 -0.7255 0.0431
vn -0.4812 -0.8594 0.1730
vn -0.0000 -0.9929 0.1191
vn -0.9536 -0.2971 -0.0481
vn -0.8658 -0.4804 0.1398
vn -0.8611 -0.3733 0.3451
vn -0.8942 -0.2243 0.3874
vn -0.9390 -0.2972 0.1730
vn -0.8485 -0.5262 0.0559
vn -0.7610 -0.6128 0.2128
vn -0.9509 -0.2794 -0.1328
vn -0.5065 0.3487 0.7886
vn -0.9098 -0.2473 0.3333
vn -0.9866 -0.1435 -0.0782
vn -0.9171 -0.3723 -0.1427
vn -0.8014 -0.5512 -0.2323
vn -0.8007 -0.2830 0.5279
vn -0.5711 -0.4979 0.6527
vn -0.9268 -0.2286 -0.2979
vn -0.3443 -0.1565 -0.9257
vn -0.6061 -0.1426 -0.7825
vn -0.8041 -0.1436 -0.5769
vn -0.8797 -0.1711 -0.4437
vn -0.8018 -0.2275 -0.5526
vn -0.3109 -0.2594 -0.9143
vn -0.5881 -0.2001 -0.7836
vn -0.8133 -0.1484 -0.5627
vn -0.9247 -0.1566 -0.3471
vn -0.5565 -0.1017 -0.8246
vn -0.8387 -0.0675 -0.5405
vn -0.9687 -0.0817 -0.2343
vn -0.2512 0.4133 0.8753
vn -0.5196 0.8530 -0.0489
vn -0.5935 0.5925 0.5447
vn -0.5753 0.3581 0.7354
vn -0.2305 0.4294 -0.8732
vn -0.3697 0.7701 -0.5198
vn -0.4542 -0.1734 0.8739
vn -0.0453 0.0112 -0.9989
vn -0.4922 -0.3074 0.8144
vn -0.0701 -0.9817 -0.1768
vn 0.2685 -0.4737 -0.8387
vn 0.0637 -0.1470 -0.9871
vn -0.0000 -0.8589 0.5122
vn -0.3082 0.3173 0.8968
vn -0.3306 0.3516 0.8758
vn -0.2394 -0.1514 -0.9590
vn 0.1375 -0.8603 0.4909
vn 0.0693 -0.9300 0.3611
vn 0.3674 -0.0865 0.9260
vn 0.3686 -0.0916 0.9251
vn 0.1539 -0.9456 0.2868
vn 0.1530 -0.9249 0.3481
vn 0.3811 -0.0217 0.9243
vn 0.4184 -0.0436 0.9072
vn 0.4184 -0.0435 0.9072
vn 0.3812 -0.0216 0.9243
vn 0.4390 0.7457 0.5013
vn 0.3676 0.7005 0.6117
vn 0.0906 0.8947 0.4374
vn 0.1376 0.8207 0.5545
vn -0.2676 -0.9459 0.1835
vn -0.4375 -0.4644 0.7700
vn -0.9928 0.0072 0.1199
vn -0.5886 -0.5085 -0.6285
vn -0.9928 0.0072 0.1198
vn -0.4376 -0.4644 0.7700
vn -0.1343 -0.0098 0.9909
vn -0.4700 0.4530 0.7575
vn -0.7824 0.3741 -0.4978
vn -0.5140 -0.0301 -0.8573
vn -0.6163 0.7874 0.0075
vn -0.3361 -0.9161 0.2189
vn -0.3068 -0.0803 0.9484
vn -0.1017 -0.0700 0.9924
vn -0.1064 -0.5444 0.8320
vn -0.3068 -0.0802 0.9484
vn -0.1473 0.7442 0.6515
vn -0.1367 0.4194 0.8974
vn -0.0513 0.9982 -0.0295
vn -0.0439 0.9990 0.0082
vn 0.4209 0.9067 -0.0279
vn 0.2731 0.9275 0.2553
vn 0.0958 0.9583 0.2691
vn 0.0984 0.8625 0.4964
vn -0.0627 0.9571 0.2830
vn 0.2282 0.9735 -0.0170
vn 0.0764 0.9884 0.1310
vn -0.0728 0.9914 0.1091
vn -0.4048 0.9026 0.1466
vn -0.1984 0.9617 0.1891
vn 0.0713 0.9817 -0.1768
vn -0.0583 0.9870 -0.1496
vn -0.4584 0.8888 0.0004
vn -0.3285 0.9427 0.0573
vn 0.2492 0.8966 -0.3660
vn 0.3959 0.6816 -0.6153
vn 0.2524 0.5709 -0.7812
vn -0.0941 0.8640 -0.4947
vn -0.0942 0.8422 -0.5309
vn 0.0970 0.9116 -0.3995
vn 0.1219 0.5295 -0.8395
vn -0.0033 0.9138 -0.4062
vn 0.0378 0.5270 -0.8490
vn -0.3746 0.9071 -0.1922
vn -0.3238 0.9446 -0.0548
vn -0.1152 0.4863 -0.8662
vn -0.1702 0.9547 -0.2440
vn -0.0707 -0.0037 -0.9975
vn -0.0707 -0.0109 -0.9974
vn 0.3104 0.1092 -0.9443
vn 0.1980 0.0911 -0.9760
vn 0.1980 0.0910 -0.9760
vn 0.3103 0.1091 -0.9443
vn 0.1591 -0.8887 -0.4301
vn 0.0856 -0.8238 -0.5604
vn -0.1301 -0.8730 -0.4700
vn -0.1279 -0.8706 -0.4750
vn 0.1023 0.0417 -0.9939
vn 0.1023 0.0416 -0.9939
vn 0.0094 -0.7674 -0.6411
vn 0.0144 0.0016 -0.9999
vn 0.0144 0.0015 -0.9999
vn -0.0060 -0.6407 -0.7678
vn -0.0963 0.0065 -0.9953
vn -0.0963 0.0064 -0.9953
vn -0.0832 -0.5555 -0.8274
vn -0.0924 -0.9949 -0.0408
vn -0.0858 -0.9962 -0.0149
vn 0.0182 -0.9989 -0.0426
vn -0.0727 -0.9910 -0.1122
vn -0.0324 -0.9954 -0.0904
vn 0.0031 -0.9967 -0.0815
vn -0.0749 -0.9971 -0.0157
vn 0.0181 -0.9998 -0.0118
vn -0.2140 -0.9764 -0.0296
vn -0.0745 -0.9898 -0.1214
vn -0.0534 -0.9986 -0.0014
vn -0.0849 -0.9931 -0.0805
vn -0.0096 -0.9975 -0.0694
vn -0.2265 -0.9739 -0.0173
vn -0.0844 -0.9964 -0.0118
vn -0.0858 -0.9962 -0.0148
vn -0.0924 -0.9949 -0.0407
vn -0.0466 -0.9959 -0.0777
vn -0.0296 -0.9968 -0.0742
vn -0.0828 -0.9949 -0.0570
vn -0.2609 -0.9652 0.0186
vn -0.1070 -0.9943 -0.0020
vn -0.1280 -0.9785 0.1615
vn -0.3737 -0.9275 -0.0000
vn -0.2236 -0.6207 0.7515
vn -0.5471 -0.1417 0.8250
vn -0.9657 -0.2595 -0.0000
vn -0.2236 -0.6207 -0.7515
vn -0.5471 -0.1417 -0.8250
vn -0.5471 -0.1416 -0.8250
vn -0.9658 -0.2595 -0.0000
vn -0.8840 0.4674 -0.0000
vn -0.6180 0.3476 -0.7051
vn -0.6181 0.3476 0.7051
vn -0.3335 -0.9427 -0.0000
vn -0.1750 -0.6206 0.7644
vn -0.5178 -0.1341 0.8450
vn -0.9645 -0.2641 -0.0000
vn -0.1750 -0.6205 -0.7644
vn -0.5178 -0.1341 -0.8449
vn -0.5178 -0.1340 -0.8450
vn -0.8702 0.4926 -0.0000
vn -0.5873 0.3683 -0.7207
vn -0.5178 -0.1341 0.8449
vn -0.5874 0.3682 0.7207
vn -0.2899 -0.9571 -0.0000
vn -0.1240 -0.6185 0.7759
vn -0.4863 -0.1257 0.8647
vn -0.9628 -0.2702 -0.0000
vn -0.1240 -0.6185 -0.7759
vn -0.4863 -0.1257 -0.8647
vn -0.8546 0.5192 -0.0000
vn -0.5542 0.3893 -0.7357
vn -0.5542 0.3893 0.7357
vn -0.2839 -0.9588 -0.0000
vn -0.1171 -0.6181 0.7774
vn -0.4820 -0.1246 0.8673
vn -0.9625 -0.2711 -0.0000
vn -0.1171 -0.6181 -0.7773
vn -0.4820 -0.1246 -0.8673
vn -0.4820 -0.1245 -0.8673
vn -0.8525 0.5228 -0.0000
vn -0.5496 0.3922 -0.7376
vn -0.5497 0.3922 0.7376
vn -0.1240 -0.5928 0.7958
vn -0.0528 -0.9980 -0.0360
vn -0.0464 -0.5944 -0.8029
vn -0.0326 -0.5890 -0.8075
vn -0.0223 -0.9997 -0.0141
vn 0.0300 -0.9995 -0.0035
vn 0.0048 -0.5586 -0.8294
vn -0.0337 -0.5633 0.8256
vn 0.0043 -0.5509 0.8346
vn -0.0623 0.0083 -0.9980
vn -0.0623 0.0084 -0.9980
vn -0.0825 0.5724 -0.8158
vn -0.0328 0.5836 -0.8114
vn -0.0378 0.0105 -0.9992
vn -0.0251 0.0129 -0.9996
vn -0.0578 0.5808 -0.8120
vn -0.0378 0.0104 -0.9992
vn -0.1569 0.9760 -0.1507
vn -0.2082 0.6395 0.7401
vn -0.0554 0.6026 0.7961
vn -0.0415 0.9939 -0.1026
vn -0.0913 0.9954 -0.0292
vn -0.0714 0.5833 0.8091
vn -0.9978 0.0620 -0.0245
vn -0.1380 0.0148 0.9903
vn -0.1380 0.0147 0.9903
vn -0.0423 0.0055 0.9991
vn -0.0280 0.0105 0.9996
vn -0.0280 0.0106 0.9996
vn -0.0423 0.0056 0.9991
vn -0.0935 -0.5591 0.8238
vn -0.0502 -0.9987 -0.0033
vn -0.0905 -0.5640 -0.8208
vn -0.0115 -0.5517 -0.8340
vn 0.0065 -1.0000 -0.0018
vn 0.1056 -0.9944 -0.0005
vn 0.0465 -0.5356 -0.8432
vn -0.0114 -0.5481 0.8363
vn 0.0467 -0.5355 0.8433
vn -0.1162 0.0184 -0.9931
vn -0.1974 0.5821 -0.7887
vn -0.2586 0.9657 -0.0230
vn -0.2120 0.5859 0.7821
vn -0.0829 0.5516 0.8300
vn -0.1197 0.9927 -0.0156
vn -0.1847 0.9828 -0.0009
vn -0.1182 0.5670 0.8152
vn -0.0794 0.5497 -0.8316
vn -0.1165 0.5680 -0.8147
vn -0.9981 0.0608 -0.0000
vn -0.1189 0.0178 0.9927
vn -0.9982 0.0608 -0.0000
vn -0.1189 0.0177 0.9927
vn -0.0366 0.0006 0.9993
vn -0.0272 0.0138 0.9995
vn -0.0272 0.0139 0.9995
vn -0.0366 0.0007 0.9993
vn -0.0784 -0.5617 0.8236
vn -0.0397 -0.9992 -0.0045
vn -0.0840 -0.5528 -0.8290
vn -0.0040 -0.5471 -0.8371
vn 0.0184 -0.9998 -0.0043
vn 0.1430 -0.9897 -0.0004
vn 0.0668 -0.5308 -0.8449
vn -0.0033 -0.5537 0.8327
vn 0.0669 -0.5308 0.8449
vn -0.1134 0.0196 -0.9934
vn -0.2084 0.5879 -0.7816
vn -0.2563 0.9663 0.0260
vn -0.1923 0.5791 0.7922
vn -0.0805 0.5458 0.8341
vn -0.1254 0.9919 0.0191
vn -0.2090 0.9779 0.0011
vn -0.1307 0.5697 0.8114
vn -0.0858 0.5512 -0.8300
vn -0.1330 0.5689 -0.8115
vn -0.9981 0.0578 0.0234
vn -0.1068 0.0165 0.9941
vn -0.9981 0.0577 0.0234
vn -0.0329 -0.0010 0.9995
vn -0.0251 0.0170 0.9995
vn -0.0251 0.0172 0.9995
vn -0.0329 -0.0009 0.9995
vn -0.0005 -0.5750 0.8182
vn -0.0290 -0.9970 0.0717
vn -0.1152 -0.5763 -0.8091
vn -0.0234 -0.5575 -0.8299
vn 0.0110 -0.9988 0.0477
vn 0.1046 -0.9944 0.0167
vn 0.0397 -0.5456 -0.8371
vn 0.0099 -0.5807 0.8140
vn 0.0574 -0.5468 0.8353
vn -0.1284 0.0229 -0.9915
vn -0.1284 0.0230 -0.9915
vn -0.2044 0.6253 -0.7532
vn -0.1807 0.9776 0.1074
vn -0.0842 0.5588 0.8250
vn -0.0469 0.5688 0.8211
vn -0.0730 0.9949 0.0702
vn -0.1485 0.9886 0.0236
vn -0.0914 0.5813 0.8086
vn -0.0675 0.5900 -0.8045
vn -0.1034 0.5832 -0.8057
vn -0.0262 -0.0227 0.9994
vn -0.0262 -0.0228 0.9994
vn -0.0166 -0.0196 0.9997
vn -0.0150 0.0148 0.9998
vn -0.0150 0.0149 0.9998
vn -0.0269 0.0143 -0.9995
vn -0.0363 0.0015 -0.9993
vn -0.0363 0.0016 -0.9993
vn -0.0260 0.0164 -0.9995
vn -0.0349 -0.0000 -0.9994
vn -0.0349 0.0001 -0.9994
vn -0.0260 0.0165 -0.9995
vn -0.0282 0.0149 -0.9995
vn -0.0418 0.0099 -0.9991
vn -0.0418 0.0100 -0.9991
vn -0.0283 0.0150 -0.9995
vn 0.0934 -0.9956 -0.0014
vn 0.0507 -0.5583 0.8281
vn 0.0502 -0.5534 0.8314
vn 0.0935 -0.9956 -0.0009
vn 0.0508 -0.5621 -0.8255
vn 0.0503 -0.5564 -0.8294
vn -0.0104 0.0122 -0.9999
vn -0.0099 0.0081 -0.9999
vn -0.0850 0.5756 -0.8133
vn -0.0099 0.0082 -0.9999
vn -0.0104 0.0123 -0.9999
vn -0.0857 0.5800 -0.8101
vn -0.1467 0.9891 -0.0100
vn -0.1467 0.9891 -0.0136
vn -0.0902 0.5796 0.8099
vn -0.0903 0.5806 0.8092
vn -0.0112 0.0114 0.9999
vn -0.0109 0.0090 0.9999
vn -0.0109 0.0089 0.9999
vn -0.0112 0.0113 0.9999
vn 0.2245 -0.9745 -0.0003
vn 0.1206 -0.5296 0.8396
vn 0.1264 -0.5546 0.8225
vn 0.2244 -0.9745 -0.0002
vn 0.1206 -0.5295 -0.8397
vn 0.1265 -0.5545 -0.8225
vn -0.0072 -0.0013 -1.0000
vn -0.0130 0.0218 -0.9997
vn -0.1618 0.5786 -0.7994
vn -0.0131 0.0219 -0.9997
vn -0.0072 -0.0012 -1.0000
vn -0.1536 0.5486 -0.8219
vn -0.2672 0.9636 0.0001
vn -0.2671 0.9637 0.0001
vn -0.1617 0.5785 0.7995
vn -0.1535 0.5485 0.8219
vn -0.0072 -0.0011 1.0000
vn -0.0131 0.0218 0.9997
vn -0.0131 0.0217 0.9997
vn -0.0072 -0.0012 1.0000
vn 0.2655 -0.9641 -0.0002
vn 0.1422 -0.5217 0.8412
vn 0.1519 -0.5566 0.8167
vn 0.2653 -0.9642 -0.0002
vn 0.1422 -0.5216 -0.8413
vn 0.1520 -0.5566 -0.8167
vn -0.0047 -0.0060 -1.0000
vn -0.0139 0.0251 -0.9996
vn -0.1824 0.5789 -0.7948
vn -0.0139 0.0252 -0.9996
vn -0.0047 -0.0059 -1.0000
vn -0.1704 0.5399 -0.8243
vn -0.2986 0.9544 -0.0000
vn -0.2986 0.9544 0.0001
vn -0.1824 0.5789 0.7948
vn -0.1703 0.5398 0.8244
vn -0.0047 -0.0059 1.0000
vn -0.0139 0.0251 0.9996
vn -0.0138 0.0251 0.9996
vn 0.2094 -0.9778 0.0066
vn 0.1139 -0.5384 0.8349
vn 0.1186 -0.5598 0.8201
vn 0.2094 -0.9778 0.0050
vn 0.1124 -0.5376 -0.8357
vn 0.1169 -0.5580 -0.8216
vn -0.0071 0.0012 -1.0000
vn -0.0116 0.0207 -0.9997
vn -0.1449 0.5857 -0.7975
vn -0.0116 0.0208 -0.9997
vn -0.0071 0.0013 -1.0000
vn -0.1388 0.5603 -0.8166
vn -0.2349 0.9720 0.0097
vn -0.2349 0.9720 0.0105
vn -0.1415 0.5836 0.7997
vn -0.1361 0.5607 0.8168
vn -0.0064 0.0017 1.0000
vn -0.0106 0.0203 0.9997
vn -0.0063 0.0016 1.0000
vn 0.2999 -0.9540 -0.0000
vn 0.1622 -0.5275 0.8340
vn 0.1146 -0.5786 0.8075
vn 0.2515 -0.9679 -0.0000
vn 0.1622 -0.5277 -0.8338
vn 0.1145 -0.5786 -0.8075
vn -0.0172 0.0217 -0.9996
vn -0.0980 -0.0218 -0.9949
vn -0.2056 0.5761 -0.7911
vn -0.0172 0.0218 -0.9996
vn -0.0980 -0.0217 -0.9949
vn -0.3328 0.5078 -0.7946
vn -0.3313 0.9435 -0.0006
vn -0.4997 0.8662 -0.0001
vn -0.2066 0.5755 0.7913
vn -0.3329 0.5077 0.7946
vn -0.0174 0.0216 0.9996
vn -0.0980 -0.0218 0.9949
vn -0.0174 0.0215 0.9996
vn 0.3582 -0.9337 -0.0000
vn 0.1954 -0.5185 0.8325
vn 0.1395 -0.5757 0.8056
vn 0.2848 -0.9586 -0.0000
vn 0.1954 -0.5185 -0.8325
vn 0.1395 -0.5757 -0.8056
vn -0.0180 0.0221 -0.9996
vn -0.0847 -0.0220 -0.9962
vn -0.2403 0.5671 -0.7878
vn -0.0180 0.0222 -0.9996
vn -0.3283 0.5049 -0.7983
vn -0.3852 0.9228 -0.0000
vn -0.5022 0.8648 -0.0000
vn -0.2403 0.5671 0.7878
vn -0.3283 0.5048 0.7983
vn -0.0181 0.0222 0.9996
vn -0.0847 -0.0220 0.9962
vn -0.0180 0.0221 0.9996
vn 0.3742 -0.9273 -0.0000
vn 0.2048 -0.5154 0.8321
vn 0.1550 -0.5727 0.8050
vn 0.3047 -0.9524 -0.0000
vn 0.2048 -0.5155 -0.8321
vn 0.1550 -0.5727 -0.8050
vn -0.0176 0.0226 -0.9996
vn -0.0745 -0.0208 -0.9970
vn -0.2480 0.5654 -0.7866
vn -0.0176 0.0227 -0.9996
vn -0.0746 -0.0207 -0.9970
vn -0.3212 0.5057 -0.8006
vn -0.3972 0.9177 -0.0000
vn -0.4973 0.8676 -0.0000
vn -0.2479 0.5655 0.7866
vn -0.3212 0.5057 0.8007
vn -0.0177 0.0227 0.9996
vn -0.0746 -0.0207 0.9970
vn -0.0176 0.0227 0.9996
vn -0.0745 -0.0207 0.9970
vn 0.3549 -0.9349 -0.0000
vn 0.1940 -0.5196 0.8321
vn 0.1487 -0.5722 0.8065
vn 0.2959 -0.9552 -0.0000
vn 0.1938 -0.5195 -0.8322
vn 0.1488 -0.5721 -0.8066
vn -0.0168 0.0222 -0.9996
vn -0.0755 -0.0191 -0.9970
vn -0.2344 0.5690 -0.7882
vn -0.0755 -0.0190 -0.9970
vn -0.3170 0.5097 -0.7999
vn -0.3759 0.9267 0.0003
vn -0.4885 0.8726 0.0001
vn -0.2340 0.5692 0.7882
vn -0.3169 0.5097 0.7999
vn -0.0167 0.0223 0.9996
vn -0.0755 -0.0190 0.9970
vn -0.0167 0.0222 0.9996
vn -0.0755 -0.0191 0.9970
vn 0.4666 -0.7304 0.4987
vn 0.1216 -0.8507 -0.5114
vn 0.1207 0.6067 0.7857
vn 0.3626 0.3523 0.8628
vn 0.0756 0.5411 0.8376
vn 0.3478 0.1589 0.9240
vn 0.4816 -0.1181 0.8684
vn 0.4920 -0.2476 0.8346
vn 0.5416 -0.8337 0.1083
vn -0.3954 -0.4745 -0.7864
vn -0.9577 0.0726 -0.2785
vn -0.9577 0.0727 -0.2785
vn -0.3780 0.7482 0.5452
vn -0.5327 0.8010 0.2733
vn 0.0898 -0.6556 -0.7497
vn 0.1062 -0.6012 -0.7920
vn 0.5404 -0.8337 0.1134
vn 0.3760 -0.9038 0.2043
vn 0.0050 -0.5876 -0.8092
vn 0.3816 -0.0084 0.9243
vn 0.0926 0.4586 0.8838
vn 0.0741 0.4578 0.8860
vn 0.2846 0.0108 0.9586
vn 0.5038 -0.3615 0.7845
vn 0.3878 -0.4041 0.8284
vn 0.5038 -0.3614 0.7845
vn 0.3878 -0.4041 0.8285
vn -0.2846 -0.2131 -0.9347
vn -0.2353 -0.0720 -0.9693
vn -0.6274 0.2060 -0.7510
vn -0.6274 0.2061 -0.7509
vn -0.4853 0.8744 0.0029
vn 0.3014 -0.9338 0.1931
vn 0.1262 -0.9812 0.1461
vn -0.1415 -0.5815 -0.8011
vn -0.0435 -0.5594 -0.8277
vn 0.0311 0.4998 0.8656
vn -0.0418 0.4939 0.8685
vn 0.1557 -0.0105 0.9877
vn 0.2374 0.0179 0.9712
vn 0.3291 -0.4253 0.8431
vn 0.2441 -0.4644 0.8513
vn 0.3291 -0.4254 0.8431
vn -0.2985 -0.0423 -0.9535
vn -0.2452 -0.0289 -0.9690
vn -0.4026 0.4264 -0.8100
vn -0.4301 0.4365 -0.7902
vn -0.3814 0.9224 0.0608
vn -0.4027 0.4265 -0.8099
vn -0.4302 0.4366 -0.7902
vn -0.4429 0.8961 0.0285
vn -0.4257 0.3338 -0.8410
vn 0.0465 0.7707 0.6354
vn -0.0062 1.0000 0.0008
vn 0.0367 0.9993 0.0112
vn 0.1449 0.7660 0.6262
vn -0.1193 0.7587 -0.6404
vn -0.0902 0.8203 -0.5648
vn -0.2837 -0.0037 -0.9589
vn -0.0595 0.7121 -0.6995
vn -0.1657 -0.0302 -0.9857
vn -0.4059 -0.7399 -0.5364
vn -0.2607 -0.7642 -0.5899
vn -0.3689 -0.9291 0.0255
vn -0.2594 -0.9647 0.0457
vn -0.2282 -0.7419 0.6305
vn -0.3688 -0.9292 0.0256
vn -0.2594 -0.9647 0.0458
vn -0.1446 -0.7060 0.6933
vn -0.0026 -0.0916 0.9958
vn -0.0168 -0.1176 0.9929
vn 0.0373 0.7140 0.6991
vn 0.0068 1.0000 0.0001
vn 0.0199 0.6915 -0.7221
vn -0.0218 -0.0120 -0.9997
vn -0.0831 -0.7595 -0.6452
vn -0.1137 -0.9924 0.0477
vn -0.0240 -0.6648 0.7466
vn 0.0797 -0.1000 0.9918
vn 0.1049 0.6661 0.7384
vn 0.0575 0.9983 0.0001
vn 0.0477 0.0007 -0.9989
vn 0.0865 0.6937 -0.7151
vn 0.0158 0.7140 -0.7000
vn -0.0854 -0.0068 -0.9963
vn 0.0098 -0.7459 -0.6660
vn -0.0125 -0.7577 -0.6525
vn 0.0005 -0.9998 0.0198
vn 0.0792 -0.9967 0.0178
vn 0.0494 -0.6126 0.7888
vn 0.0006 -0.9998 0.0198
vn 0.0793 -0.9967 0.0179
vn 0.0689 -0.6523 0.7548
vn 0.1130 -0.0764 0.9907
vn 0.0073 -0.0878 0.9961
vn 0.1653 0.6410 0.7495
vn 0.0801 0.7009 0.7088
vn 0.1331 0.9911 -0.0000
vn 0.1141 0.9935 -0.0043
vn -0.1404 -0.0026 -0.9901
vn -0.0640 0.7433 -0.6658
vn -0.0864 0.7851 -0.6133
vn -0.1361 0.0299 -0.9902
vn -0.0576 -0.7765 -0.6275
vn -0.1148 -0.7854 -0.6083
vn 0.0187 -0.9996 0.0193
vn -0.0819 -0.9965 0.0145
vn -0.0792 -0.7085 0.7013
vn -0.0819 -0.9965 0.0146
vn -0.1376 -0.7727 0.6197
vn -0.1423 -0.1026 0.9845
vn -0.2196 -0.1164 0.9686
vn -0.0585 0.7429 0.6668
vn -0.1531 0.7819 0.6043
vn 0.0213 0.9998 -0.0052
vn -0.0683 0.9977 -0.0018
vn -0.1042 0.8004 -0.5904
vn -0.0531 0.0773 -0.9956
vn -0.0574 -0.7623 -0.6446
vn -0.0381 -0.9992 0.0139
vn -0.0381 -0.9992 0.0140
vn -0.0176 -0.7893 0.6137
vn -0.0911 -0.2288 0.9692
vn -0.2139 0.7267 0.6528
vn -0.1686 0.9857 -0.0029
vn -0.1547 0.8286 -0.5381
vn 0.0181 0.1930 -0.9810
vn 0.0856 -0.6589 -0.7473
vn 0.0359 -0.9956 -0.0864
vn 0.0359 -0.9956 -0.0865
vn 0.0159 -0.7796 0.6260
vn -0.0309 -0.2479 0.9683
vn -0.1726 0.7145 0.6780
vn -0.2133 0.9750 0.0615
vn -0.1695 0.8859 -0.4317
vn 0.0838 0.3350 -0.9385
vn 0.1601 -0.4638 -0.8714
vn 0.0636 -0.9659 -0.2509
vn 0.0636 -0.9659 -0.2510
vn -0.0979 -0.7815 0.6161
vn -0.1657 -0.3720 0.9133
vn -0.2419 0.5530 0.7973
vn -0.2171 0.9550 0.2021
vn -0.5191 -0.1047 -0.8483
vn -0.5169 -0.0751 -0.8528
vn 0.2374 -0.1254 -0.9633
vn 0.2310 -0.1476 -0.9617
vn 0.7900 -0.1636 -0.5909
vn 0.7911 -0.1719 -0.5871
vn 0.9867 -0.1581 -0.0376
vn 0.9771 -0.2099 -0.0361
vn 0.9040 -0.1651 0.3944
vn 0.9771 -0.2099 -0.0360
vn 0.8935 -0.2362 0.3819
vn 0.5187 -0.1700 0.8379
vn 0.5109 -0.2616 0.8188
vn -0.0336 -0.2350 0.9714
vn -0.0273 -0.1387 0.9900
vn -0.5307 -0.0861 0.8432
vn -0.5325 -0.1787 0.8273
vn -0.9107 -0.1029 0.4001
vn -0.9160 -0.0371 0.3994
vn -0.9992 -0.0336 -0.0232
vn -0.9978 -0.0649 -0.0143
vn -0.9065 -0.0561 -0.4184
vn -0.9992 -0.0336 -0.0233
vn -0.9978 -0.0649 -0.0144
vn -0.9077 -0.0497 -0.4166
vn -0.4982 0.0256 -0.8667
vn 0.2526 -0.0172 -0.9674
vn 0.7941 -0.0934 -0.6006
vn 0.9834 -0.1789 -0.0317
vn 0.9834 -0.1789 -0.0316
vn 0.8862 -0.2435 0.3942
vn 0.4901 -0.3076 0.8156
vn -0.0355 -0.2994 0.9535
vn -0.5155 -0.2364 0.8236
vn -0.9030 -0.1190 0.4129
vn -0.9993 -0.0369 -0.0102
vn -0.9993 -0.0369 -0.0103
vn -0.9034 0.0151 -0.4284
vn -0.5070 0.1059 -0.8554
vn 0.2630 0.0722 -0.9621
vn 0.8161 -0.0375 -0.5768
vn 0.9870 -0.1604 -0.0026
vn 0.9870 -0.1604 -0.0025
vn 0.8785 -0.2396 0.4134
vn 0.4772 -0.3067 0.8235
vn -0.0356 -0.3006 0.9531
vn -0.5053 -0.2409 0.8286
vn -0.8950 -0.1231 0.4288
vn -0.9995 -0.0279 0.0160
vn -0.9995 -0.0278 0.0160
vn -0.9098 0.0534 -0.4117
vn -0.5039 0.0298 -0.8633
vn -0.4874 0.1502 -0.8602
vn 0.2676 0.1227 -0.9557
vn 0.2619 0.0145 -0.9650
vn 0.7973 -0.0326 -0.6028
vn 0.7978 0.0141 -0.6027
vn 0.9949 -0.0954 -0.0331
vn 0.9922 -0.1231 -0.0179
vn 0.9050 -0.1499 0.3980
vn 0.9949 -0.0954 -0.0329
vn 0.9922 -0.1231 -0.0178
vn 0.8867 -0.2077 0.4130
vn 0.5034 -0.2133 0.8373
vn 0.4753 -0.2663 0.8386
vn -0.0336 -0.2571 0.9658
vn -0.0327 -0.2174 0.9755
vn -0.5164 -0.1746 0.8383
vn -0.4959 -0.2053 0.8438
vn -0.8988 -0.0963 0.4276
vn -0.9103 -0.0844 0.4053
vn -0.9994 -0.0250 -0.0238
vn -1.0000 0.0003 -0.0038
vn -0.9039 0.0135 -0.4275
vn -0.9994 -0.0250 -0.0239
vn -1.0000 0.0003 -0.0039
vn -0.9001 0.0853 -0.4273
vn -0.4962 0.1250 -0.8592
vn -0.4709 0.0777 -0.8788
vn 0.2496 0.0644 -0.9662
vn 0.2715 0.1069 -0.9565
vn 0.8156 0.0128 -0.5785
vn 0.7776 -0.0251 -0.6283
vn 0.9965 -0.0833 0.0021
vn 0.9922 -0.1226 -0.0238
vn 0.8950 -0.1276 0.4274
vn 0.9965 -0.0833 0.0022
vn 0.9922 -0.1226 -0.0237
vn 0.8863 -0.1595 0.4347
vn 0.4928 -0.1471 0.8576
vn 0.4611 -0.1628 0.8723
vn -0.0283 -0.1403 0.9897
vn -0.0194 -0.1338 0.9908
vn -0.4887 -0.1034 0.8663
vn -0.4752 -0.1177 0.8720
vn -0.8895 -0.0857 0.4488
vn -0.8955 -0.0483 0.4425
vn -0.9999 0.0066 0.0130
vn -0.9991 -0.0423 -0.0070
vn -0.9051 0.0653 -0.4201
vn -0.9999 0.0066 0.0129
vn -0.9991 -0.0424 -0.0070
vn -0.8920 0.0153 -0.4518
vn -0.4690 0.0896 -0.8787
vn 0.2312 0.0359 -0.9722
vn 0.7731 -0.0715 -0.6303
vn 0.9855 -0.1689 -0.0144
vn 0.8714 -0.2034 0.4465
vn 0.4456 -0.1759 0.8778
vn -0.0300 -0.1328 0.9907
vn -0.4563 -0.0926 0.8850
vn -0.8801 -0.0357 0.4735
vn -0.9998 0.0156 0.0097
vn -0.9998 0.0157 0.0096
vn -0.8889 0.0618 -0.4538
vn -0.4834 0.0757 -0.8721
vn 0.1374 -0.0722 -0.9879
vn 0.7589 -0.1529 -0.6331
vn 0.9860 -0.1649 -0.0256
vn 0.9860 -0.1649 -0.0255
vn 0.8776 -0.1988 0.4362
vn 0.4249 -0.2238 0.8771
vn -0.0550 -0.1729 0.9834
vn -0.4617 -0.1033 0.8810
vn -0.8812 0.0244 0.4721
vn -0.9952 0.0982 0.0016
vn -0.9952 0.0982 0.0015
vn -0.8845 0.1243 -0.4496
vn -0.5721 0.0122 -0.8201
vn -0.6885 -0.0284 -0.7247
vn -0.2562 -0.2266 -0.9397
vn -0.1185 -0.2142 -0.9696
vn 0.7557 -0.2342 -0.6116
vn 0.6535 -0.3162 -0.6877
vn 0.9935 -0.1124 -0.0169
vn 0.9868 -0.1618 0.0075
vn 0.9069 -0.1680 0.3864
vn 0.9935 -0.1124 -0.0168
vn 0.8456 -0.2941 0.4456
vn 0.4070 -0.3329 0.8506
vn 0.2853 -0.4007 0.8707
vn -0.2807 -0.2622 0.9233
vn -0.1383 -0.2925 0.9462
vn -0.5216 -0.1710 0.8359
vn -0.5842 -0.1305 0.8010
vn -0.8922 -0.0212 0.4511
vn -0.8823 -0.0239 0.4702
vn -0.9008 0.1017 -0.4222
vn -0.9979 0.0641 0.0034
vn -0.9978 0.0550 0.0367
vn -0.9201 0.0877 -0.3817
vn -0.5062 -0.0921 -0.8575
vn 0.2594 -0.0975 -0.9608
vn 0.7943 -0.1239 -0.5948
vn 0.9901 -0.1393 -0.0149
vn 0.9003 -0.1384 0.4127
vn 0.9901 -0.1393 -0.0148
vn 0.5024 -0.1270 0.8552
vn -0.0227 -0.1146 0.9932
vn -0.5016 -0.1125 0.8578
vn -0.9013 -0.1161 0.4174
vn -0.9935 -0.1136 -0.0097
vn -0.9005 -0.1040 -0.4222
vn -0.9935 -0.1136 -0.0098
vn -0.7601 0.0065 -0.6497
vn -0.7710 0.0065 -0.6368
vn -0.3751 -0.0689 -0.9244
vn -0.3466 -0.0465 -0.9368
vn -0.0000 -0.0729 -0.9973
vn -0.0000 -0.0931 -0.9957
vn -0.7267 -0.2150 0.6524
vn -0.7624 -0.0778 0.6424
vn -0.9416 0.0114 0.3364
vn -0.9340 -0.0315 0.3559
vn -0.9989 0.0446 -0.0167
vn -0.9986 0.0502 0.0186
vn -0.9372 0.0377 -0.3467
vn -0.9989 0.0446 -0.0168
vn -0.9486 0.0546 -0.3117
vn -0.7633 -0.0646 -0.6427
vn -0.3891 -0.0918 -0.9166
vn -0.0000 -0.1057 -0.9944
vn -0.7570 0.0999 0.6457
vn -0.9440 0.0677 0.3230
vn -0.9997 0.0225 0.0086
vn -0.9997 0.0225 0.0085
vn -0.9545 -0.0273 -0.2969
vn -0.7489 -0.0895 -0.6567
vn -0.3718 -0.1093 -0.9218
vn -0.0000 -0.1122 -0.9937
vn -0.7390 0.2657 0.6191
vn -0.9312 0.1369 0.3378
vn -0.9990 0.0422 0.0163
vn -0.9990 0.0422 0.0162
vn -0.9514 -0.0468 -0.3044
vn -0.7391 -0.0994 -0.6662
vn -0.3612 -0.0817 -0.9289
vn -0.0000 -0.0652 -0.9979
vn -0.7512 0.2290 0.6191
vn -0.9376 0.1062 0.3311
vn -0.9997 -0.0157 -0.0185
vn -0.9997 -0.0157 -0.0186
vn -0.9417 -0.0621 -0.3308
vn -0.7442 -0.1454 -0.6519
vn -0.3298 -0.0725 -0.9413
vn -0.0000 -0.0391 -0.9992
vn -0.0000 -0.0107 -0.9999
vn -0.7793 0.0434 0.6251
vn -0.9500 -0.0151 0.3117
vn -0.9918 -0.1274 0.0140
vn -0.9918 -0.1274 0.0139
vn -0.9309 -0.1758 -0.3201
vn -0.7197 -0.0973 -0.6875
vn -0.3049 0.0275 -0.9520
vn -0.0000 0.0501 -0.9987
vn -0.7933 0.1375 0.5931
vn -0.9405 0.0403 0.3374
vn -0.9897 -0.1406 0.0254
vn -0.9897 -0.1406 0.0253
vn -0.9120 -0.1948 -0.3609
vn -0.6591 0.0430 -0.7508
vn -0.2357 0.1934 -0.9524
vn -0.0000 0.2108 -0.9775
vn -0.7942 0.2077 0.5710
vn -0.8773 0.1399 0.4590
vn -0.9896 0.0246 0.1417
vn -0.9773 0.0745 0.1983
vn -0.8576 -0.0667 0.5100
vn -0.8403 -0.5143 0.1717
vn -0.9501 -0.2520 -0.1838
vn -0.8403 -0.5143 0.1716
vn -0.4994 -0.5971 -0.6277
vn -0.4006 0.1108 -0.9095
vn -0.2464 0.5468 -0.8002
vn -0.0655 0.4797 -0.8750
vn -0.1510 0.1696 -0.9739
vn -0.0000 0.1883 -0.9821
vn -0.0000 0.4632 -0.8862
vn -0.5619 0.4430 0.6986
vn -0.4448 0.5588 0.6999
vn -0.5852 0.6400 0.4979
vn -0.7083 0.2779 0.6489
vn -0.1786 0.7579 -0.6275
vn -0.0401 0.6891 -0.7236
vn -0.0000 0.6490 -0.7608
vn -0.2778 0.6529 0.7046
vn -0.4639 0.7991 0.3825
vn -0.3559 0.9285 -0.1060
vn -0.4902 0.8714 0.0202
vn -0.2038 0.6817 -0.7027
vn -0.3017 0.8561 -0.4196
vn -0.3077 0.6331 -0.7103
vn -0.0926 0.5377 -0.8381
vn -0.0000 0.5046 -0.8634
vn -0.2280 0.6806 0.6963
vn -0.3448 0.8742 0.3420
vn -0.3812 0.9245 0.0055
vn -0.3812 0.9245 0.0054
vn -0.3698 0.8117 -0.4521
vn -0.7172 -0.0204 -0.6965
vn -0.3466 -0.0465 -0.9369
vn -0.2666 -0.1235 -0.9559
vn 0.0509 -0.1579 -0.9861
vn 0.0345 -0.5003 0.8651
vn -0.1579 -0.4652 0.8710
vn -0.5028 -0.3458 0.7922
vn -0.4334 -0.2921 0.8526
vn -0.6652 -0.1513 0.7312
vn -0.9340 -0.0314 0.3560
vn -0.9167 0.0171 0.3993
vn -0.9242 0.0566 -0.3776
vn -0.9961 0.0787 -0.0403
vn -0.7092 0.2300 0.6664
vn -0.5245 -0.1524 -0.8377
vn -0.2075 0.0664 -0.9760
vn -0.0000 0.1209 -0.9927
vn 0.1131 0.4426 -0.8896
vn -0.1617 0.9732 -0.1636
vn -0.1618 0.9732 -0.1636
vn -0.3616 0.8268 0.4309
vn -0.6026 0.2948 0.7416
vn -0.5491 -0.4462 0.7067
vn -0.2815 -0.8217 0.4956
vn -0.2816 -0.8217 0.4955
vn 0.0140 -0.8878 -0.4600
vn 0.1433 -0.3422 -0.9287
vn -0.3074 -0.0286 -0.9512
vn -0.9961 0.0787 -0.0402
vn -0.9979 0.0641 0.0035
vn 0.1878 -0.0696 -0.9797
vn 0.1586 0.0627 -0.9853
vn -0.4865 0.0739 -0.8706
vn -0.5109 -0.0220 -0.8594
vn 0.7763 -0.0158 -0.6302
vn 0.7188 0.0579 -0.6928
vn 0.1587 0.0627 -0.9853
vn 0.1879 -0.0696 -0.9797
vn 0.9925 0.0696 -0.1006
vn 0.9780 0.0891 -0.1887
vn -0.8877 0.0871 -0.4520
vn -0.8505 0.0961 -0.5171
vn -0.9703 0.1200 -0.2100
vn -0.9846 0.1568 -0.0768
vn 0.7611 0.6240 0.1772
vn 0.9383 0.2534 0.2355
vn 0.9798 0.1983 0.0263
vn 0.8985 0.4228 0.1178
vn 0.2250 0.8961 0.3827
vn -0.0372 0.9025 0.4291
vn -0.0525 0.3885 0.9200
vn 0.4748 0.3660 0.8004
vn -0.4887 0.8231 0.2892
vn -0.7352 0.6560 0.1708
vn -0.9258 0.2646 0.2699
vn -0.7503 0.2935 0.5924
vn 0.1664 -0.1924 -0.9671
vn -0.4454 -0.3660 -0.8171
vn 0.6477 -0.4031 -0.6465
vn 0.8139 -0.5464 -0.1976
vn 0.6158 -0.7689 0.1719
vn 0.5773 -0.8165 -0.0094
vn -0.0494 -0.4879 0.8715
vn 0.4315 -0.5535 0.7124
vn -0.5993 -0.7763 0.1954
vn -0.6087 -0.6225 0.4920
vn -0.6923 -0.5590 -0.4563
vn -0.7672 -0.6080 -0.2042
vn -0.8878 0.0871 -0.4520
vn -0.9847 0.1567 -0.0768
vn -0.9847 0.1567 -0.0767
vn -0.8797 0.2638 0.3957
vn -0.5049 0.3275 0.7987
vn -0.0255 0.3342 0.9422
vn 0.4942 0.3010 0.8156
vn 0.9196 0.1339 0.3693
vn 0.1879 -0.0697 -0.9797
vn -0.5109 -0.0221 -0.8594
vn 0.8164 0.4451 0.3681
vn 0.9624 0.1897 0.1945
vn 0.9853 0.1378 0.1012
vn 0.4942 0.3011 0.8155
vn -0.0255 0.3343 0.9421
vn -0.0135 0.7964 0.6047
vn 0.2851 0.7777 0.5603
vn -0.5049 0.3275 0.7986
vn -0.7210 0.5830 0.3747
vn -0.3090 0.7837 0.5389
vn -0.9446 0.2886 0.1563
vn -0.9856 0.1673 0.0245
vn 0.6150 -0.7885 0.0093
vn -0.6184 -0.7849 -0.0388
vn 0.5839 0.7712 0.2537
vn -0.0100 0.9680 0.2507
vn 0.1258 0.9570 0.2612
vn -0.5157 0.8272 0.2230
vn -0.1533 0.9554 0.2524
vn -0.8297 0.5376 0.1504
vn -0.9763 0.2116 0.0460
vn -0.5863 -0.8101 0.0048
vn 0.4734 0.8329 0.2867
vn -0.2523 0.8916 0.3760
vn 0.6159 -0.7689 0.1718
vn -0.0000 -1.0000 -0.0000
vn 0.0003 -0.9998 -0.0197
vn -0.0000 -0.9994 -0.0355
vn 0.8139 -0.5464 -0.1977
vn 0.0003 -0.9998 -0.0176
vn 0.6477 -0.4032 -0.6465
vn -0.0000 -1.0000 0.0001
vn 0.1663 -0.1924 -0.9671
vn 0.4315 -0.5534 0.7124
vn 0.5612 -0.6438 0.5202
vn -0.4453 -0.3661 -0.8171
vn -0.7673 -0.6080 -0.2042
vn -0.6184 -0.7849 -0.0387
vn -0.5015 -0.5504 0.6675
vn -0.6087 -0.6224 0.4920
vn -0.5549 0.3403 0.7591
vn 0.7122 0.3091 0.6303
vn 0.5612 -0.6438 0.5201
vn -0.1580 -0.4651 0.8710
vn -0.2300 -0.1923 0.9540
vn -0.5328 -0.1574 0.8315
vn -0.2242 0.1047 0.9689
vn -0.5298 0.1029 0.8419
vn -0.2661 0.3138 0.9114
vn -0.5470 0.3041 0.7799
vn -0.2859 0.3806 0.8794
vn -0.5552 0.3342 0.7616
vn -0.2614 0.1901 0.9463
vn -0.5128 0.1095 0.8515
vn -0.2174 0.2775 0.9358
vn -0.4991 0.1995 0.8432
vn -0.1599 0.4338 0.8867
vn -0.4953 0.3436 0.7979
vn -0.0579 0.5799 0.8126
vn -0.0399 0.6813 0.7309
vn -0.2020 0.6489 0.7335
vn -0.2978 0.5553 0.7765
vn -0.0920 0.5771 0.8115
vn -0.1624 0.5896 0.7912
vn -0.1440 0.4421 0.8853
vn -0.2114 0.5350 0.8180
vn -0.1004 0.3613 0.9270
vn -0.4302 0.3360 0.8379
vn -0.0000 -0.0000 -1.0000
vn -0.0160 -0.3763 -0.9264
vn -0.0000 -0.5898 0.8076
vn -0.0000 -0.5655 0.8248
vn -0.0000 -0.7074 0.7068
vn -0.2821 0.3946 0.8745
vn -0.0000 0.3646 0.9312
vn -0.1463 0.2254 -0.9632
vn -0.5005 0.2394 -0.8320
vn -0.8418 0.2048 -0.4995
vn -0.9784 0.1567 -0.1347
vn -0.9624 0.1651 0.2155
vn -0.7228 0.2848 0.6296
vn -0.4928 0.3508 0.7963
vn -0.1863 0.5141 0.8373
vn -0.0000 0.5219 0.8530
vn -0.3799 0.4897 0.7848
vn -0.4909 0.4753 0.7301
vn -0.8404 0.3528 0.4114
vn -0.9609 0.2764 -0.0177
vn -0.8320 0.2701 -0.4847
vn -0.4809 0.2919 -0.8268
vn -0.1143 0.2628 -0.9581
vn 0.1433 -0.3421 -0.9287
vn 0.0141 -0.8878 -0.4601
vn -0.2815 -0.8217 0.4955
vn -0.5490 -0.4462 0.7068
vn -0.6026 0.2947 0.7416
vn 0.2682 -0.1859 -0.9453
vn -0.5041 -0.1822 -0.8442
vn 0.8024 -0.1886 -0.5662
vn 0.9830 -0.1835 -0.0006
vn 0.8948 -0.1796 0.4088
vn -0.0156 -0.1807 0.9834
vn 0.5057 -0.1836 0.8429
vn -0.8906 -0.1808 0.4172
vn -0.4910 -0.1815 0.8520
vn -0.9832 -0.1825 0.0003
vn -0.8935 -0.1794 -0.4116
vn -0.9832 -0.1825 0.0002
vn 0.0027 0.9745 -0.2243
vn 0.0027 0.9745 -0.2244
vn 0.5443 0.8329 0.1003
vn 0.5443 0.8329 0.1002
vn -0.0798 0.9140 0.3977
vn 0.0133 0.9563 0.2920
vn -0.0005 0.9548 0.2971
vn -0.0653 0.9065 0.4172
vn -0.4165 0.1599 -0.8949
vn -0.4164 0.1599 -0.8950
vn -0.4165 0.1599 -0.8950
vn 0.2237 0.9348 -0.2760
vn 0.1657 0.9220 -0.3498
vn 0.1657 0.9221 -0.3498
vn 0.2233 0.9347 -0.2765
vn 0.2175 0.9011 -0.3751
vn 0.2175 0.9011 -0.3752
vn -0.0000 0.8503 -0.5262
vn 0.0283 0.8500 -0.5260
vn -0.0000 0.8504 -0.5262
vn 0.2987 0.9386 -0.1727
vn -0.0275 0.8843 0.4661
vn 0.4032 0.4524 0.7954
vn 0.2010 0.9270 0.3168
vn 0.0018 0.9394 0.3427
vn -0.0005 0.9396 0.3422
vn 0.2012 0.9270 0.3166
vn -0.1101 0.9664 0.2321
vn -0.1117 0.9671 0.2284
vn -0.1101 0.9665 0.2321
vn -0.1131 0.9887 0.0985
vn -0.1123 0.9889 0.0971
vn -0.0572 0.9977 0.0364
vn -0.0570 0.9977 0.0363
vn 0.0240 0.9994 0.0233
vn 0.0756 0.9968 0.0261
vn 0.0753 0.9968 0.0261
vn 0.0237 0.9994 0.0233
vn 0.1205 0.9924 0.0263
vn 0.1957 0.9799 0.0397
vn 0.1949 0.9800 0.0394
vn 0.1198 0.9924 0.0264
vn 0.1958 0.9798 0.0397
vn 0.2494 0.9637 0.0955
vn 0.2486 0.9640 0.0941
vn 0.2737 0.9440 0.1841
vn 0.2738 0.9442 0.1830
vn 0.2486 0.9640 0.0942
vn -0.9871 -0.0522 0.1512
vn -0.9527 0.0738 0.2947
vn -0.9535 0.0816 0.2901
vn -0.9867 -0.0514 0.1544
vn -0.9867 -0.0515 0.1539
vn -0.9870 0.1105 0.1164
vn -0.9992 0.0102 0.0381
vn -0.9992 0.0101 0.0380
vn -0.9878 0.1088 0.1112
vn -0.9875 0.1096 0.1135
vn -0.9976 -0.0604 0.0339
vn -0.9939 0.0524 0.0968
vn -0.9939 0.0522 0.0969
vn -0.9977 -0.0582 0.0361
vn -0.9976 -0.0587 0.0356
vn -0.9904 0.1359 -0.0268
vn -0.9992 0.0334 0.0224
vn -0.9992 0.0345 0.0216
vn -0.9906 0.1348 -0.0246
vn -0.9905 0.1350 -0.0252
vn 0.6681 0.6574 0.3485
vn 0.4212 0.7854 0.4536
vn 0.4333 0.7813 0.4493
vn 0.6677 0.6577 0.3487
vn 0.7798 0.5533 -0.2929
vn 0.8653 0.4425 -0.2356
vn 0.8604 0.4483 -0.2423
vn 0.7794 0.5569 -0.2872
vn 0.8653 0.4424 -0.2356
vn 0.9058 0.4237 -0.0089
vn 0.9054 0.4245 -0.0015
vn 0.9058 0.4237 -0.0088
vn 0.8402 0.4919 0.2281
vn 0.8338 0.5000 0.2342
vn 0.9054 0.4245 -0.0014
vn 0.2938 0.8669 -0.4026
vn 0.2654 0.8581 -0.4396
vn 0.2654 0.8581 -0.4397
vn 0.2969 0.8678 -0.3984
vn -0.0000 0.9236 -0.3833
vn 0.7748 0.5831 -0.2443
vn 0.7748 0.5831 -0.2442
vn 0.1176 -0.1036 0.9876
vn 0.9809 -0.0135 -0.1940
vn 0.9946 0.0323 -0.0991
vn -0.1260 -0.7442 0.6559
vn 0.9970 -0.0462 -0.0627
vn 0.9990 0.0101 -0.0425
vn 0.9857 0.0918 -0.1412
vn -0.2671 0.0655 -0.9614
vn 0.9512 -0.0445 -0.3053
vn -0.3652 -0.7679 -0.5263
vn 0.9869 -0.1283 -0.0978
vn -0.3198 -0.9475 0.0066
vn 0.9992 -0.0013 -0.0395
vn -0.0000 0.0500 0.9988
vn -0.0000 -0.3832 0.9237
vn 0.4059 -0.7399 -0.5364
vn 0.3588 -0.0388 -0.9326
vn 0.3588 -0.0389 -0.9326
vn 0.1193 0.7587 -0.6404
vn 0.0902 0.8203 -0.5648
vn 0.3641 -0.0736 -0.9285
vn 0.3640 -0.0735 -0.9285
vn -0.0474 -0.9971 0.0601
vn 0.3688 -0.9292 0.0256
vn 0.3198 -0.9475 0.0066
vn 0.1260 -0.7441 0.6561
vn -0.0000 -0.0000 1.0000
vn -0.3588 0.0388 0.9326
vn -0.3588 0.0389 0.9326
vn 0.2282 -0.7419 0.6305
vn -0.2946 -0.6076 0.7376
vn -0.2946 -0.6075 0.7376
vn -0.0000 0.3397 0.9405
vn -0.0000 0.2703 0.9628
vn -0.0000 -0.3278 0.9447
vn -0.0000 -0.4437 0.8962
vn 0.3689 -0.9291 0.0255
vn -0.3640 0.0736 0.9285
vn -0.3640 0.0735 0.9285
vn 0.0026 -0.0916 0.9958
vn -0.1177 -0.1035 0.9876
vn -0.1450 0.7661 0.6262
vn -0.0000 -0.9146 0.4043
vn -0.0000 -0.5514 0.8343
vn -0.3677 -0.8859 0.2828
vn -0.0465 0.7707 0.6354
vn -0.0000 0.3891 0.9212
vn -0.0000 0.8805 -0.4741
vn -0.0001 0.5034 -0.8641
vn -0.0000 1.0000 -0.0010
vn -0.0000 0.8860 0.4637
vn -0.0000 0.6532 0.7572
vn -0.0000 0.1537 -0.9881
vn -0.0001 -0.1684 -0.9857
vn -0.0001 -0.2890 -0.9573
vn -0.0000 0.3975 0.9176
vn -0.0000 -0.1710 -0.9853
vn -0.0160 -0.3765 -0.9263
vn -0.0000 -0.9824 -0.1868
vn -0.0001 -0.9824 -0.1867
vn -0.0000 0.5493 0.8357
vn -0.0000 0.3739 0.9275
vn -0.0000 0.6762 0.7367
vn -0.0000 0.5847 0.8112
vn -0.0000 0.3718 0.9283
vn -0.0000 0.3352 0.9422
vn -0.0000 0.4772 0.8788
vn -0.0000 0.2379 0.9713
vn -0.0000 0.3774 0.9260
vn -0.0000 0.3204 0.9473
vn -0.0000 0.1058 0.9944
vn -0.0000 -0.1968 0.9804
vn -0.0000 -0.5239 0.8518
vn -0.0000 -0.5240 0.8517
vn -0.0000 0.2160 -0.9764
vn -0.0000 0.2467 -0.9691
vn -0.0000 0.9633 0.2685
vn -0.0000 0.9633 0.2684
vn -0.0000 0.8597 0.5108
vn -0.7845 -0.1544 -0.6006
vn 0.3627 0.1647 0.9173
vn 0.4534 0.0442 0.8902
vn 0.8882 0.2914 0.3553
vn 0.6038 0.3576 0.7125
vn 0.3959 -0.3998 0.8267
vn 0.5599 -0.5264 0.6399
vn -0.4962 -0.0374 -0.8674
vn -0.4961 -0.0374 -0.8674
vn -0.5726 -0.0261 -0.8194
vn -0.1938 0.9809 0.0138
vn -0.1938 0.9809 0.0137
vn 0.5313 0.7624 -0.3695
vn 0.5313 0.7624 -0.3694
vn -0.4323 0.8795 0.1988
vn 0.2669 -0.9516 -0.1524
vn 0.2668 -0.9516 -0.1524
vn -0.0393 -0.9965 0.0736
vn -0.0392 -0.9965 0.0736
vn 0.3321 0.2351 0.9135
vn 0.3242 0.2899 0.9005
vn 0.3714 0.2327 0.8988
vn 0.3887 0.2081 0.8976
vn 0.2090 -0.3125 0.9266
vn 0.2065 -0.4158 0.8857
vn 0.2325 -0.0574 0.9709
vn 0.1927 0.0122 0.9812
vn 0.5466 0.6020 0.5821
vn 0.4987 0.4849 0.7184
vn 0.3180 0.6400 0.6995
vn 0.2782 0.6365 0.7194
vn 0.5358 -0.3839 0.7520
vn 0.2317 -0.6757 0.6998
vn 0.5596 0.0232 0.8284
vn 0.5959 -0.0363 0.8022
vn 0.4986 -0.5330 0.6836
vn 0.4495 -0.7918 0.4136
vn 0.1520 -0.8483 0.5073
vn 0.4380 -0.5087 0.7412
vn 0.7524 -0.0915 0.6523
vn 0.8748 -0.0056 0.4844
vn 0.8874 -0.0607 0.4570
vn 0.9228 0.0893 0.3748
vn 0.9206 -0.2334 0.3131
vn 0.9178 -0.3049 0.2544
vn 0.9824 -0.1513 0.1097
vn 0.9385 -0.1081 0.3278
vn 0.9381 -0.1988 0.2837
vn 0.9494 -0.2999 0.0934
vn 0.4453 0.4682 0.7633
vn 0.4115 0.3597 0.8374
vn 0.2588 -0.1523 0.9539
vn 0.2458 0.0789 0.9661
vn 0.4702 0.1352 0.8721
vn 0.1839 0.2586 0.9483
vn 0.1647 0.2452 0.9554
vn 0.1856 0.2281 0.9558
vn 0.6670 0.0745 0.7414
vn 0.5789 -0.0593 0.8132
vn 0.7584 -0.1662 0.6302
vn 0.8386 -0.0593 0.5414
vn 0.7431 0.1176 0.6588
vn 0.5715 0.1118 0.8129
vn 0.5264 -0.0584 0.8482
vn 0.7223 -0.1182 0.6814
vn 0.6444 0.2780 0.7123
vn 0.7374 -0.0063 0.6755
vn 0.9734 -0.0129 0.2286
vn 0.9084 0.2157 0.3582
vn 0.6762 0.3782 0.6322
vn 0.8074 0.1696 0.5651
vn 0.6843 -0.1246 0.7185
vn 0.4319 -0.0256 0.9016
vn 0.6249 0.3198 0.7122
vn 0.6674 0.4890 0.5616
vn 0.8850 0.3122 0.3454
vn 0.4445 -0.1084 0.8892
vn 0.6992 0.4253 0.5747
vn 0.8050 0.2856 0.5201
vn 0.4010 -0.4740 0.7839
vn 0.4011 -0.4741 0.7838
vn 0.8642 0.3863 0.3223
vn 0.8728 0.3638 0.3254
vn 0.6750 0.4970 0.5453
vn 0.6818 0.4448 0.5808
vn 0.4772 -0.3331 0.8132
vn 0.7003 -0.3183 0.6390
vn 0.5134 -0.4371 0.7384
vn 0.4307 -0.4317 0.7926
vn 0.7831 -0.5625 0.2651
vn 0.7678 -0.4527 0.4534
vn 0.5352 -0.5001 0.6808
vn 0.5558 -0.7302 0.3974
vn 0.6796 -0.0384 0.7326
vn 0.8818 0.0946 0.4621
vn 0.6697 -0.1276 0.7316
vn 0.6696 -0.1276 0.7317
vn 0.6795 -0.0385 0.7326
vn 0.8455 -0.0874 0.5268
vn 0.6951 -0.2412 0.6772
vn 0.9569 0.1509 0.2480
vn 0.7188 -0.1986 0.6663
vn 0.4753 -0.8136 0.3348
vn 0.9240 -0.2158 0.3156
vn 0.9110 -0.0463 0.4098
vn 0.9084 0.3679 0.1986
vn 0.9412 0.2910 0.1715
vn 0.5977 -0.2681 0.7556
vn 0.5501 0.1422 0.8229
vn 0.3879 0.2632 0.8833
vn 0.4081 -0.0503 0.9115
vn 0.0769 0.0831 0.9936
vn 0.1072 0.3745 0.9210
vn 0.7187 0.3473 0.6023
vn 0.7187 0.3473 0.6024
vn 0.8933 0.1381 0.4278
vn 0.8634 -0.1306 0.4874
vn 0.4961 0.0374 0.8674
vn 0.5726 0.0261 0.8194
vn 0.6948 -0.0291 0.7187
vn 0.5871 -0.7433 0.3206
vn 0.9358 0.2347 0.2631
vn 0.3131 -0.2252 0.9226
vn 0.3062 -0.4094 0.8595
vn 0.1152 0.2154 0.9697
vn 0.0937 0.5846 0.8059
vn 0.1601 0.6724 0.7226
vn 0.3383 0.5751 0.7449
vn 0.6078 -0.1863 0.7719
vn 0.3605 -0.5438 0.7579
vn 0.5891 0.4133 -0.6943
vn 0.3260 0.4773 -0.8160
vn 0.3196 0.8345 -0.4489
vn 0.5874 0.7131 -0.3827
vn 0.3155 0.9489 0.0004
vn 0.5799 0.8147 0.0012
vn 0.3395 0.8268 0.4485
vn 0.5987 0.6881 0.4099
vn 0.3396 0.6039 0.7211
vn 0.5775 0.5042 0.6421
vn 0.5773 0.1107 -0.8090
vn 0.3278 0.1380 -0.9346
vn 0.7849 0.3244 -0.5279
vn 0.7782 0.5538 -0.2962
vn 0.7732 0.6341 -0.0000
vn 0.7797 0.5206 0.3481
vn 0.7438 0.4145 0.5243
vn 0.7865 0.0754 -0.6129
vn 0.9360 0.1946 -0.2934
vn 0.9441 0.2933 -0.1502
vn 0.9439 0.3302 0.0024
vn 0.9407 0.2647 0.2124
vn 0.9470 0.1705 0.2723
vn 0.9202 0.0315 -0.3903
vn 0.9378 0.1564 -0.3099
vn 0.9710 0.2070 -0.1197
vn 0.9841 0.1775 0.0068
vn 0.9819 0.1216 0.1450
vn 0.9795 0.0801 0.1849
vn 0.9912 0.0544 0.1209
vn 0.7633 -0.0892 -0.6398
vn 0.9056 0.1317 0.4032
vn 0.9071 -0.0047 0.4208
vn 0.9532 -0.0911 0.2884
vn 0.9509 0.2206 0.2173
vn 0.9965 0.0289 -0.0780
vn 0.9751 0.2215 0.0060
vn 0.8816 -0.1656 0.4420
vn 0.9475 -0.1706 0.2705
vn 0.9770 -0.1938 -0.0885
vn 0.4052 -0.9142 0.0085
vn 0.5077 -0.8481 0.1517
vn 0.8812 -0.4489 0.1485
vn 0.8361 -0.5421 0.0844
vn 0.9903 -0.0519 0.1288
vn 0.6869 -0.7255 0.0431
vn 0.7289 -0.6781 0.0949
vn 0.4812 -0.8594 0.1730
vn 0.8658 -0.4804 0.1398
vn 0.9536 -0.2971 -0.0481
vn 0.9390 -0.2972 0.1730
vn 0.8942 -0.2244 0.3874
vn 0.8611 -0.3736 0.3449
vn 0.8485 -0.5262 0.0559
vn 0.7610 -0.6128 0.2128
vn 0.9509 -0.2794 -0.1329
vn 0.5065 0.3487 0.7886
vn 0.9098 -0.2473 0.3333
vn 0.9866 -0.1435 -0.0782
vn 0.9171 -0.3723 -0.1427
vn 0.8014 -0.5512 -0.2323
vn 0.8007 -0.2830 0.5280
vn 0.5711 -0.4979 0.6527
vn 0.9268 -0.2286 -0.2978
vn 0.3443 -0.1565 -0.9257
vn 0.6061 -0.1426 -0.7825
vn 0.8041 -0.1436 -0.5769
vn 0.8797 -0.1711 -0.4437
vn 0.8018 -0.2275 -0.5527
vn 0.3109 -0.2594 -0.9143
vn 0.5881 -0.2001 -0.7836
vn 0.8133 -0.1484 -0.5627
vn 0.9247 -0.1566 -0.3470
vn 0.5565 -0.1017 -0.8246
vn 0.8387 -0.0675 -0.5405
vn 0.9687 -0.0817 -0.2343
vn 0.2512 0.4133 0.8753
vn 0.5196 0.8530 -0.0489
vn 0.5934 0.5925 0.5447
vn 0.5753 0.3581 0.7354
vn 0.2305 0.4294 -0.8732
vn 0.3697 0.7701 -0.5198
vn 0.4542 -0.1734 0.8739
vn 0.0453 0.0112 -0.9989
vn 0.4922 -0.3074 0.8144
vn 0.0701 -0.9817 -0.1769
vn -0.2685 -0.4738 -0.8387
vn -0.0637 -0.1470 -0.9871
vn 0.3306 0.3516 0.8758
vn 0.3082 0.3173 0.8968
vn 0.2394 -0.1514 -0.9590
vn -0.3674 -0.0865 0.9260
vn -0.0693 -0.9300 0.3611
vn -0.1375 -0.8603 0.4909
vn -0.3686 -0.0916 0.9251
vn -0.3811 -0.0217 0.9243
vn -0.1530 -0.9249 0.3481
vn -0.1539 -0.9456 0.2868
vn -0.4184 -0.0436 0.9072
vn -0.4390 0.7457 0.5013
vn -0.3812 -0.0216 0.9243
vn -0.4184 -0.0435 0.9072
vn -0.3676 0.7005 0.6117
vn -0.0906 0.8947 0.4374
vn -0.1376 0.8207 0.5545
vn 0.9928 0.0072 0.1199
vn 0.4376 -0.4644 0.7700
vn 0.2676 -0.9459 0.1835
vn 0.5886 -0.5085 -0.6285
vn 0.1343 -0.0098 0.9909
vn 0.4375 -0.4644 0.7700
vn 0.9928 0.0072 0.1198
vn 0.4700 0.4530 0.7575
vn 0.7824 0.3741 -0.4979
vn 0.5140 -0.0300 -0.8573
vn 0.7824 0.3741 -0.4978
vn 0.6163 0.7874 0.0075
vn 0.1017 -0.0700 0.9924
vn 0.3068 -0.0803 0.9484
vn 0.3361 -0.9161 0.2189
vn 0.1064 -0.5444 0.8320
vn 0.1473 0.7442 0.6515
vn 0.3068 -0.0802 0.9484
vn 0.1367 0.4194 0.8974
vn 0.0513 0.9982 -0.0295
vn 0.0439 0.9990 0.0082
vn -0.4210 0.9066 -0.0279
vn -0.2731 0.9275 0.2553
vn -0.0958 0.9583 0.2691
vn -0.0984 0.8625 0.4964
vn 0.0627 0.9571 0.2830
vn -0.2282 0.9735 -0.0170
vn -0.0764 0.9884 0.1310
vn 0.0728 0.9914 0.1091
vn 0.4048 0.9026 0.1466
vn 0.1984 0.9617 0.1891
vn -0.0713 0.9817 -0.1768
vn 0.0582 0.9870 -0.1496
vn 0.4584 0.8888 0.0004
vn 0.3286 0.9427 0.0573
vn -0.2492 0.8966 -0.3660
vn -0.3959 0.6816 -0.6153
vn -0.2524 0.5709 -0.7812
vn 0.0942 0.8640 -0.4947
vn 0.0942 0.8422 -0.5309
vn -0.0970 0.9116 -0.3995
vn -0.1219 0.5295 -0.8395
vn 0.0033 0.9138 -0.4062
vn -0.0378 0.5270 -0.8490
vn 0.3746 0.9071 -0.1922
vn 0.3238 0.9446 -0.0548
vn 0.1702 0.9547 -0.2439
vn 0.1151 0.4863 -0.8662
vn 0.0707 -0.0037 -0.9975
vn 0.0707 -0.0109 -0.9974
vn -0.3104 0.1092 -0.9443
vn -0.1980 0.0911 -0.9760
vn -0.1591 -0.8887 -0.4301
vn -0.3104 0.1091 -0.9443
vn -0.1980 0.0910 -0.9760
vn -0.0857 -0.8238 -0.5604
vn 0.1280 -0.8733 -0.4700
vn 0.1279 -0.8706 -0.4750
vn -0.1023 0.0417 -0.9939
vn -0.1023 0.0416 -0.9939
vn -0.0094 -0.7674 -0.6411
vn -0.0144 0.0016 -0.9999
vn -0.0144 0.0015 -0.9999
vn 0.0060 -0.6407 -0.7678
vn 0.0963 0.0065 -0.9953
vn 0.0963 0.0064 -0.9953
vn 0.0832 -0.5555 -0.8274
vn 0.0924 -0.9949 -0.0408
vn 0.0858 -0.9962 -0.0149
vn -0.0182 -0.9989 -0.0426
vn 0.0727 -0.9910 -0.1122
vn 0.0324 -0.9954 -0.0904
vn -0.0031 -0.9967 -0.0815
vn 0.0749 -0.9971 -0.0157
vn -0.0181 -0.9998 -0.0118
vn 0.2140 -0.9764 -0.0296
vn 0.0745 -0.9898 -0.1214
vn 0.0534 -0.9986 -0.0014
vn 0.0849 -0.9931 -0.0805
vn 0.0096 -0.9975 -0.0694
vn 0.2265 -0.9739 -0.0173
vn 0.0845 -0.9964 -0.0118
vn -0.0693 -0.9300 0.3610
vn 0.0924 -0.9949 -0.0407
vn 0.0858 -0.9962 -0.0148
vn 0.0466 -0.9959 -0.0777
vn 0.0296 -0.9968 -0.0742
vn 0.0828 -0.9949 -0.0570
vn 0.2609 -0.9652 0.0186
vn 0.1070 -0.9943 -0.0020
vn 0.1280 -0.9785 0.1615
vn 0.5471 -0.1417 0.8250
vn 0.2236 -0.6207 0.7515
vn 0.3737 -0.9275 -0.0000
vn 0.9657 -0.2595 -0.0000
vn 0.2236 -0.6207 -0.7515
vn 0.5471 -0.1417 -0.8250
vn 0.8840 0.4674 -0.0000
vn 0.9658 -0.2595 -0.0000
vn 0.5472 -0.1417 -0.8250
vn 0.6180 0.3476 -0.7051
vn 0.6181 0.3476 0.7051
vn 0.5178 -0.1341 0.8449
vn 0.1750 -0.6206 0.7644
vn 0.3335 -0.9427 -0.0000
vn 0.9645 -0.2641 -0.0000
vn 0.1750 -0.6205 -0.7644
vn 0.5178 -0.1341 -0.8450
vn 0.8702 0.4926 -0.0000
vn 0.5178 -0.1340 -0.8449
vn 0.5874 0.3682 -0.7207
vn 0.5874 0.3682 0.7207
vn 0.4863 -0.1257 0.8647
vn 0.1240 -0.6185 0.7759
vn 0.2899 -0.9571 -0.0000
vn 0.9628 -0.2702 -0.0000
vn 0.1240 -0.6185 -0.7759
vn 0.4863 -0.1257 -0.8647
vn 0.8546 0.5192 -0.0000
vn 0.5542 0.3893 -0.7357
vn 0.5542 0.3893 0.7357
vn 0.4820 -0.1246 0.8673
vn 0.1171 -0.6181 0.7773
vn 0.2839 -0.9588 -0.0000
vn 0.9625 -0.2712 -0.0000
vn 0.1171 -0.6181 -0.7773
vn 0.4819 -0.1246 -0.8673
vn 0.8525 0.5228 -0.0000
vn 0.4820 -0.1245 -0.8673
vn 0.5496 0.3922 -0.7376
vn 0.5497 0.3922 0.7376
vn 0.4820 -0.1245 0.8673
vn 0.1240 -0.5928 0.7958
vn 0.0528 -0.9980 -0.0360
vn 0.0464 -0.5943 -0.8029
vn -0.0299 -0.9995 -0.0035
vn 0.0223 -0.9997 -0.0141
vn 0.0326 -0.5890 -0.8075
vn -0.0048 -0.5586 -0.8294
vn -0.0043 -0.5509 0.8346
vn 0.0337 -0.5633 0.8256
vn 0.0623 0.0083 -0.9980
vn 0.0623 0.0084 -0.9980
vn 0.0825 0.5724 -0.8158
vn 0.0251 0.0129 -0.9996
vn 0.0378 0.0105 -0.9992
vn 0.0328 0.5836 -0.8114
vn 0.0578 0.5808 -0.8120
vn 0.0378 0.0104 -0.9992
vn 0.1569 0.9760 -0.1507
vn 0.2082 0.6394 0.7401
vn 0.0913 0.9954 -0.0292
vn 0.0415 0.9939 -0.1026
vn 0.0554 0.6026 0.7961
vn 0.0714 0.5832 0.8092
vn 0.9978 0.0620 -0.0245
vn 0.1380 0.0148 0.9903
vn 0.1380 0.0147 0.9903
vn 0.0280 0.0105 0.9996
vn 0.0423 0.0055 0.9991
vn 0.0280 0.0106 0.9996
vn 0.0423 0.0056 0.9991
vn 0.0935 -0.5591 0.8238
vn 0.0502 -0.9987 -0.0033
vn 0.0905 -0.5640 -0.8208
vn -0.1056 -0.9944 -0.0005
vn -0.0065 -1.0000 -0.0019
vn 0.0115 -0.5517 -0.8340
vn -0.0465 -0.5356 -0.8432
vn -0.0467 -0.5355 0.8433
vn 0.0114 -0.5481 0.8363
vn 0.1162 0.0184 -0.9931
vn 0.1975 0.5821 -0.7888
vn 0.2586 0.9657 -0.0230
vn 0.2120 0.5859 0.7821
vn 0.1847 0.9828 -0.0009
vn 0.1197 0.9927 -0.0156
vn 0.0829 0.5516 0.8300
vn 0.1182 0.5670 0.8152
vn 0.1165 0.5680 -0.8147
vn 0.0794 0.5497 -0.8316
vn 0.9981 0.0608 -0.0000
vn 0.1189 0.0178 0.9927
vn 0.1189 0.0177 0.9927
vn 0.9982 0.0608 -0.0000
vn 0.0271 0.0138 0.9995
vn 0.0366 0.0006 0.9993
vn 0.0272 0.0139 0.9995
vn 0.0366 0.0007 0.9993
vn 0.0784 -0.5617 0.8236
vn 0.0397 -0.9992 -0.0045
vn 0.0841 -0.5528 -0.8291
vn -0.1430 -0.9897 -0.0004
vn -0.0184 -0.9998 -0.0043
vn 0.0040 -0.5471 -0.8371
vn -0.0668 -0.5308 -0.8449
vn -0.0669 -0.5308 0.8449
vn 0.0033 -0.5537 0.8327
vn 0.1134 0.0195 -0.9934
vn 0.1134 0.0196 -0.9934
vn 0.2084 0.5879 -0.7816
vn 0.2563 0.9663 0.0260
vn 0.1923 0.5791 0.7922
vn 0.2088 0.9780 0.0010
vn 0.1254 0.9919 0.0191
vn 0.0805 0.5458 0.8341
vn 0.1307 0.5697 0.8114
vn 0.1331 0.5689 -0.8116
vn 0.0858 0.5512 -0.8300
vn 0.9981 0.0578 0.0234
vn 0.1068 0.0165 0.9941
vn 0.0251 0.0170 0.9995
vn 0.0329 -0.0010 0.9995
vn 0.0251 0.0172 0.9995
vn 0.0329 -0.0009 0.9995
vn 0.0005 -0.5750 0.8182
vn 0.0290 -0.9970 0.0717
vn 0.1152 -0.5763 -0.8091
vn -0.1046 -0.9944 0.0167
vn -0.0110 -0.9988 0.0477
vn 0.0234 -0.5575 -0.8299
vn -0.0396 -0.5456 -0.8371
vn -0.0574 -0.5468 0.8353
vn -0.0099 -0.5807 0.8140
vn 0.1284 0.0229 -0.9915
vn 0.1284 0.0230 -0.9915
vn 0.2044 0.6253 -0.7532
vn 0.1807 0.9776 0.1074
vn 0.0842 0.5588 0.8250
vn 0.1485 0.9886 0.0236
vn 0.0730 0.9949 0.0702
vn 0.0469 0.5688 0.8211
vn 0.0914 0.5813 0.8086
vn 0.1034 0.5832 -0.8057
vn 0.0675 0.5900 -0.8045
vn 0.0262 -0.0227 0.9994
vn 0.0262 -0.0228 0.9994
vn 0.0150 0.0148 0.9998
vn 0.0166 -0.0197 0.9997
vn 0.0167 -0.0196 0.9997
vn 0.0269 0.0143 -0.9995
vn 0.0362 0.0015 -0.9993
vn 0.0362 0.0016 -0.9993
vn 0.0260 0.0164 -0.9995
vn 0.0349 -0.0000 -0.9994
vn 0.0261 0.0165 -0.9995
vn 0.0349 0.0001 -0.9994
vn 0.0283 0.0149 -0.9995
vn 0.0418 0.0099 -0.9991
vn 0.0283 0.0150 -0.9995
vn 0.0418 0.0100 -0.9991
vn -0.0503 -0.5534 0.8314
vn -0.0507 -0.5583 0.8281
vn -0.0933 -0.9956 -0.0014
vn -0.0935 -0.9956 -0.0009
vn -0.0508 -0.5621 -0.8255
vn -0.0503 -0.5564 -0.8294
vn 0.0099 0.0081 -0.9999
vn 0.0104 0.0122 -0.9999
vn 0.0104 0.0123 -0.9999
vn 0.0099 0.0082 -0.9999
vn 0.0850 0.5756 -0.8133
vn 0.0857 0.5800 -0.8101
vn 0.1467 0.9891 -0.0136
vn 0.1467 0.9891 -0.0100
vn 0.0902 0.5796 0.8099
vn 0.0903 0.5806 0.8092
vn 0.0109 0.0090 0.9999
vn 0.0112 0.0114 0.9999
vn 0.0112 0.0113 0.9999
vn 0.0109 0.0089 0.9999
vn -0.1264 -0.5546 0.8225
vn -0.1206 -0.5296 0.8396
vn -0.2244 -0.9745 -0.0003
vn -0.2245 -0.9745 -0.0002
vn -0.1206 -0.5295 -0.8397
vn -0.1265 -0.5545 -0.8225
vn 0.0130 0.0218 -0.9997
vn 0.0072 -0.0013 -1.0000
vn 0.0072 -0.0012 -1.0000
vn 0.0131 0.0218 -0.9997
vn 0.1618 0.5786 -0.7994
vn 0.1536 0.5486 -0.8219
vn 0.2671 0.9637 0.0001
vn 0.2672 0.9636 0.0001
vn 0.1617 0.5785 0.7995
vn 0.1535 0.5485 0.8219
vn 0.0131 0.0218 0.9997
vn 0.0073 -0.0011 1.0000
vn 0.0072 -0.0012 1.0000
vn 0.0130 0.0217 0.9997
vn -0.1519 -0.5567 0.8167
vn -0.1422 -0.5217 0.8412
vn -0.2655 -0.9641 -0.0002
vn -0.2653 -0.9642 -0.0002
vn -0.1422 -0.5216 -0.8413
vn -0.1520 -0.5566 -0.8167
vn 0.0139 0.0251 -0.9996
vn 0.0047 -0.0059 -1.0000
vn 0.0139 0.0252 -0.9996
vn 0.1825 0.5789 -0.7947
vn 0.1704 0.5399 -0.8243
vn 0.2986 0.9544 -0.0000
vn 0.1824 0.5789 0.7948
vn 0.1703 0.5398 0.8244
vn 0.0139 0.0252 0.9996
vn 0.0047 -0.0059 1.0000
vn 0.0138 0.0251 0.9996
vn -0.1186 -0.5598 0.8201
vn -0.1139 -0.5384 0.8349
vn -0.2094 -0.9778 0.0067
vn -0.2094 -0.9778 0.0050
vn -0.1124 -0.5376 -0.8357
vn -0.1168 -0.5580 -0.8216
vn 0.0116 0.0207 -0.9997
vn 0.0071 0.0012 -1.0000
vn 0.0071 0.0013 -1.0000
vn 0.0116 0.0208 -0.9997
vn 0.1449 0.5857 -0.7975
vn 0.1388 0.5603 -0.8166
vn 0.2349 0.9720 0.0106
vn 0.2349 0.9720 0.0098
vn 0.1415 0.5836 0.7997
vn 0.1361 0.5607 0.8168
vn 0.0106 0.0203 0.9997
vn 0.0064 0.0017 1.0000
vn 0.0064 0.0016 1.0000
vn 0.0106 0.0202 0.9997
vn -0.1146 -0.5786 0.8075
vn -0.1622 -0.5275 0.8340
vn -0.2999 -0.9540 -0.0000
vn -0.2515 -0.9679 -0.0000
vn -0.1622 -0.5277 -0.8338
vn -0.1145 -0.5787 -0.8075
vn 0.0172 0.0217 -0.9996
vn 0.0980 -0.0218 -0.9949
vn 0.0980 -0.0217 -0.9949
vn 0.0172 0.0218 -0.9996
vn 0.2056 0.5761 -0.7911
vn 0.3328 0.5078 -0.7946
vn 0.3313 0.9435 -0.0006
vn 0.4997 0.8662 -0.0001
vn 0.2066 0.5755 0.7913
vn 0.3329 0.5077 0.7946
vn 0.0174 0.0216 0.9996
vn 0.0980 -0.0218 0.9949
vn 0.0174 0.0215 0.9996
vn -0.1395 -0.5757 0.8056
vn -0.1953 -0.5185 0.8325
vn -0.3582 -0.9337 -0.0000
vn -0.2848 -0.9586 -0.0000
vn -0.1954 -0.5185 -0.8325
vn -0.1395 -0.5757 -0.8056
vn 0.0180 0.0221 -0.9996
vn 0.0847 -0.0220 -0.9962
vn 0.0181 0.0222 -0.9996
vn 0.2403 0.5671 -0.7878
vn 0.3284 0.5049 -0.7983
vn 0.3852 0.9228 -0.0000
vn 0.5022 0.8648 -0.0000
vn 0.2403 0.5671 0.7878
vn 0.3283 0.5048 0.7983
vn 0.0180 0.0222 0.9996
vn 0.0847 -0.0220 0.9962
vn 0.0180 0.0221 0.9996
vn -0.1550 -0.5727 0.8050
vn -0.2048 -0.5154 0.8321
vn -0.3742 -0.9273 -0.0000
vn -0.3047 -0.9524 -0.0000
vn -0.2048 -0.5155 -0.8321
vn -0.1550 -0.5727 -0.8050
vn 0.0176 0.0226 -0.9996
vn 0.0746 -0.0208 -0.9970
vn 0.0746 -0.0207 -0.9970
vn 0.0177 0.0227 -0.9996
vn 0.2479 0.5655 -0.7866
vn 0.3212 0.5057 -0.8006
vn 0.3972 0.9177 -0.0000
vn 0.4973 0.8676 -0.0000
vn 0.2479 0.5655 0.7866
vn 0.3212 0.5057 0.8007
vn 0.0176 0.0227 0.9996
vn 0.0746 -0.0207 0.9970
vn 0.0745 -0.0207 0.9970
vn -0.1487 -0.5722 0.8065
vn -0.1940 -0.5197 0.8321
vn -0.3549 -0.9349 -0.0000
vn -0.2959 -0.9552 -0.0001
vn -0.1938 -0.5195 -0.8322
vn -0.1487 -0.5722 -0.8065
vn 0.0168 0.0222 -0.9996
vn 0.0755 -0.0191 -0.9970
vn 0.0755 -0.0190 -0.9970
vn 0.0169 0.0222 -0.9996
vn 0.2344 0.5690 -0.7882
vn 0.3170 0.5097 -0.7999
vn 0.3758 0.9267 0.0003
vn 0.4885 0.8726 0.0001
vn 0.2340 0.5692 0.7882
vn 0.3169 0.5097 0.7999
vn 0.0167 0.0223 0.9996
vn 0.0755 -0.0190 0.9970
vn 0.0755 -0.0191 0.9970
vn 0.0167 0.0222 0.9996
vn -0.1216 -0.8507 -0.5114
vn -0.4666 -0.7304 0.4987
vn -0.3626 0.3523 0.8628
vn -0.1207 0.6067 0.7857
vn -0.0756 0.5411 0.8376
vn -0.3478 0.1588 0.9240
vn -0.4816 -0.1181 0.8684
vn -0.4816 -0.1182 0.8684
vn -0.4920 -0.2477 0.8346
vn -0.5416 -0.8337 0.1083
vn -0.4920 -0.2476 0.8346
vn 0.3954 -0.4745 -0.7864
vn 0.9577 0.0726 -0.2785
vn 0.9577 0.0727 -0.2785
vn 0.3781 0.7482 0.5452
vn 0.5327 0.8010 0.2733
vn -0.0898 -0.6556 -0.7497
vn -0.3760 -0.9038 0.2043
vn -0.5404 -0.8337 0.1134
vn -0.1062 -0.6012 -0.7920
vn -0.0050 -0.5875 -0.8092
vn -0.0741 0.4578 0.8860
vn -0.0926 0.4586 0.8838
vn -0.3816 -0.0084 0.9243
vn -0.2846 0.0108 0.9586
vn -0.3878 -0.4041 0.8284
vn -0.5039 -0.3615 0.7845
vn -0.5039 -0.3614 0.7845
vn -0.3878 -0.4041 0.8285
vn 0.2846 -0.2131 -0.9347
vn 0.2353 -0.0720 -0.9693
vn 0.6274 0.2060 -0.7510
vn 0.6274 0.2061 -0.7509
vn 0.4849 0.8745 0.0027
vn 0.1415 -0.5815 -0.8011
vn -0.1262 -0.9812 0.1460
vn -0.3014 -0.9338 0.1931
vn 0.0435 -0.5594 -0.8277
vn -0.1557 -0.0105 0.9877
vn 0.0418 0.4939 0.8685
vn -0.0311 0.4998 0.8656
vn -0.2374 0.0179 0.9712
vn -0.3291 -0.4253 0.8431
vn -0.2441 -0.4644 0.8513
vn 0.2985 -0.0423 -0.9535
vn 0.2455 -0.0290 -0.9690
vn 0.4027 0.4264 -0.8100
vn 0.4301 0.4365 -0.7902
vn 0.4302 0.4366 -0.7902
vn 0.4027 0.4265 -0.8099
vn 0.3814 0.9224 0.0608
vn 0.4429 0.8961 0.0285
vn 0.4257 0.3338 -0.8410
vn -0.0368 0.9993 0.0113
vn 0.0062 1.0000 0.0008
vn 0.0595 0.7121 -0.6995
vn 0.1657 -0.0302 -0.9857
vn 0.2607 -0.7642 -0.5899
vn 0.2594 -0.9647 0.0457
vn 0.2594 -0.9647 0.0458
vn 0.1446 -0.7060 0.6933
vn 0.0168 -0.1176 0.9929
vn -0.0373 0.7140 0.6991
vn -0.0068 1.0000 0.0001
vn -0.0199 0.6915 -0.7221
vn 0.0218 -0.0120 -0.9997
vn 0.0831 -0.7595 -0.6452
vn 0.1137 -0.9924 0.0477
vn 0.0240 -0.6648 0.7466
vn -0.0797 -0.1000 0.9918
vn -0.1049 0.6661 0.7384
vn -0.0575 0.9983 0.0001
vn -0.0158 0.7140 -0.7000
vn -0.0865 0.6937 -0.7151
vn -0.0477 0.0007 -0.9989
vn 0.0854 -0.0068 -0.9963
vn -0.0098 -0.7459 -0.6660
vn 0.0125 -0.7577 -0.6525
vn -0.0005 -0.9998 0.0198
vn -0.0792 -0.9967 0.0179
vn -0.0793 -0.9967 0.0179
vn -0.0494 -0.6126 0.7888
vn -0.0689 -0.6523 0.7548
vn -0.1130 -0.0764 0.9907
vn -0.0073 -0.0878 0.9961
vn -0.1653 0.6410 0.7495
vn -0.0801 0.7009 0.7088
vn -0.1331 0.9911 -0.0000
vn -0.1141 0.9935 -0.0043
vn 0.0864 0.7850 -0.6134
vn 0.0640 0.7433 -0.6658
vn 0.1404 -0.0026 -0.9901
vn 0.1361 0.0299 -0.9902
vn 0.0576 -0.7765 -0.6275
vn 0.1148 -0.7854 -0.6083
vn -0.0187 -0.9996 0.0193
vn 0.0819 -0.9965 0.0145
vn 0.0819 -0.9965 0.0146
vn 0.0792 -0.7085 0.7013
vn 0.1376 -0.7727 0.6197
vn 0.1423 -0.1026 0.9845
vn 0.2196 -0.1164 0.9686
vn 0.0585 0.7429 0.6668
vn 0.1531 0.7819 0.6043
vn -0.0213 0.9998 -0.0052
vn 0.0683 0.9977 -0.0018
vn 0.1042 0.8004 -0.5904
vn 0.0531 0.0773 -0.9956
vn 0.0574 -0.7623 -0.6446
vn 0.0381 -0.9992 0.0139
vn 0.0381 -0.9992 0.0140
vn 0.0176 -0.7893 0.6137
vn 0.0911 -0.2288 0.9692
vn 0.2139 0.7267 0.6528
vn 0.1686 0.9857 -0.0029
vn 0.1547 0.8286 -0.5381
vn -0.0181 0.1930 -0.9810
vn -0.0856 -0.6589 -0.7473
vn -0.0359 -0.9956 -0.0864
vn -0.0359 -0.9956 -0.0865
vn -0.0159 -0.7796 0.6261
vn 0.0309 -0.2479 0.9683
vn 0.1726 0.7145 0.6780
vn 0.2133 0.9750 0.0615
vn 0.1695 0.8859 -0.4317
vn -0.0838 0.3350 -0.9385
vn -0.1601 -0.4638 -0.8714
vn -0.0637 -0.9659 -0.2509
vn -0.0636 -0.9659 -0.2510
vn 0.0979 -0.7815 0.6161
vn 0.1657 -0.3720 0.9133
vn 0.2419 0.5531 0.7973
vn 0.2171 0.9550 0.2021
vn -0.2374 -0.1254 -0.9633
vn 0.5169 -0.0751 -0.8528
vn 0.5191 -0.1047 -0.8483
vn -0.2310 -0.1476 -0.9617
vn -0.7900 -0.1636 -0.5909
vn -0.7911 -0.1719 -0.5871
vn -0.9867 -0.1581 -0.0376
vn -0.9771 -0.2099 -0.0361
vn -0.9057 -0.1641 0.3908
vn -0.8936 -0.2363 0.3816
vn 0.0345 -0.2352 0.9713
vn -0.5108 -0.2621 0.8188
vn -0.5186 -0.1713 0.8377
vn 0.0337 -0.1381 0.9899
vn 0.9107 -0.1029 0.4001
vn 0.5325 -0.1787 0.8273
vn 0.5307 -0.0861 0.8432
vn 0.9160 -0.0371 0.3994
vn 0.9992 -0.0336 -0.0232
vn 0.9978 -0.0649 -0.0143
vn 0.9978 -0.0649 -0.0144
vn 0.9992 -0.0336 -0.0233
vn 0.9065 -0.0561 -0.4184
vn 0.9077 -0.0497 -0.4166
vn -0.2526 -0.0172 -0.9674
vn 0.4982 0.0256 -0.8667
vn -0.7941 -0.0934 -0.6006
vn -0.9834 -0.1789 -0.0317
vn -0.9834 -0.1789 -0.0316
vn -0.8862 -0.2435 0.3942
vn 0.0355 -0.2994 0.9535
vn -0.4901 -0.3076 0.8156
vn 0.9030 -0.1190 0.4129
vn 0.5155 -0.2364 0.8236
vn 0.9993 -0.0369 -0.0102
vn 0.9993 -0.0368 -0.0103
vn 0.9034 0.0151 -0.4284
vn -0.2630 0.0735 -0.9620
vn 0.5070 0.1059 -0.8554
vn -0.8161 -0.0375 -0.5768
vn -0.9870 -0.1604 -0.0026
vn -0.9870 -0.1604 -0.0025
vn -0.8785 -0.2396 0.4134
vn 0.0356 -0.3006 0.9531
vn -0.4772 -0.3067 0.8235
vn 0.8950 -0.1231 0.4288
vn 0.5053 -0.2409 0.8286
vn 0.9995 -0.0279 0.0160
vn 0.9995 -0.0278 0.0159
vn 0.9098 0.0534 -0.4117
vn -0.2676 0.1226 -0.9557
vn 0.4874 0.1502 -0.8602
vn 0.5039 0.0298 -0.8633
vn -0.2619 0.0145 -0.9650
vn -0.7973 -0.0326 -0.6028
vn -0.7978 0.0140 -0.6027
vn -0.9949 -0.0954 -0.0331
vn -0.9922 -0.1231 -0.0179
vn -0.9922 -0.1231 -0.0178
vn -0.9949 -0.0954 -0.0329
vn -0.9050 -0.1499 0.3980
vn -0.8867 -0.2078 0.4130
vn 0.0336 -0.2571 0.9658
vn -0.4753 -0.2663 0.8386
vn -0.5034 -0.2133 0.8373
vn 0.0327 -0.2174 0.9755
vn 0.8988 -0.0963 0.4276
vn 0.4959 -0.2053 0.8438
vn 0.5164 -0.1746 0.8383
vn 0.9103 -0.0844 0.4053
vn 0.9994 -0.0249 -0.0238
vn 1.0000 0.0003 -0.0038
vn 1.0000 0.0003 -0.0039
vn 0.9994 -0.0249 -0.0239
vn 0.9039 0.0135 -0.4275
vn 0.9000 0.0860 -0.4273
vn -0.2496 0.0644 -0.9662
vn 0.4709 0.0777 -0.8788
vn 0.4961 0.1250 -0.8592
vn -0.2715 0.1069 -0.9565
vn -0.8156 0.0129 -0.5785
vn -0.7776 -0.0251 -0.6283
vn -0.9965 -0.0832 0.0021
vn -0.9922 -0.1226 -0.0238
vn -0.9922 -0.1226 -0.0237
vn -0.9965 -0.0832 0.0022
vn -0.8950 -0.1276 0.4274
vn -0.8863 -0.1595 0.4347
vn 0.0283 -0.1403 0.9897
vn -0.4611 -0.1628 0.8723
vn -0.4928 -0.1471 0.8576
vn 0.0194 -0.1338 0.9908
vn 0.8895 -0.0857 0.4488
vn 0.4752 -0.1177 0.8720
vn 0.4887 -0.1034 0.8663
vn 0.8955 -0.0483 0.4425
vn 0.9999 0.0065 0.0130
vn 0.9991 -0.0423 -0.0070
vn 0.9999 0.0066 0.0129
vn 0.9051 0.0653 -0.4201
vn 0.8920 0.0153 -0.4518
vn -0.2312 0.0359 -0.9722
vn 0.4690 0.0896 -0.8787
vn -0.7731 -0.0715 -0.6303
vn -0.9855 -0.1689 -0.0144
vn -0.8714 -0.2034 0.4465
vn 0.0300 -0.1328 0.9907
vn -0.4456 -0.1759 0.8778
vn 0.8801 -0.0357 0.4735
vn 0.4563 -0.0926 0.8850
vn 0.9998 0.0156 0.0097
vn 0.9998 0.0156 0.0096
vn 0.8889 0.0618 -0.4538
vn -0.1375 -0.0722 -0.9879
vn 0.4834 0.0757 -0.8721
vn -0.7589 -0.1529 -0.6330
vn -0.9860 -0.1649 -0.0256
vn -0.9860 -0.1649 -0.0255
vn -0.8776 -0.1988 0.4362
vn 0.0550 -0.1729 0.9834
vn -0.4249 -0.2238 0.8771
vn 0.8812 0.0244 0.4721
vn 0.4617 -0.1033 0.8810
vn 0.9952 0.0982 0.0016
vn 0.9952 0.0982 0.0015
vn 0.8845 0.1243 -0.4496
vn 0.2562 -0.2266 -0.9397
vn 0.6885 -0.0284 -0.7247
vn 0.5721 0.0122 -0.8201
vn 0.1185 -0.2142 -0.9696
vn -0.7557 -0.2342 -0.6116
vn -0.6535 -0.3162 -0.6877
vn -0.9935 -0.1124 -0.0169
vn -0.9868 -0.1618 0.0075
vn -0.9935 -0.1124 -0.0168
vn -0.9069 -0.1677 0.3867
vn -0.8455 -0.2941 0.4456
vn 0.2807 -0.2622 0.9233
vn -0.2853 -0.4007 0.8707
vn -0.4070 -0.3329 0.8506
vn 0.1383 -0.2926 0.9462
vn 0.8922 -0.0212 0.4511
vn 0.5842 -0.1305 0.8010
vn 0.5216 -0.1710 0.8359
vn 0.8823 -0.0239 0.4702
vn 0.9978 0.0550 0.0367
vn 0.9979 0.0641 0.0034
vn 0.9008 0.1012 -0.4222
vn 0.9201 0.0877 -0.3817
vn 0.5007 -0.0316 -0.8650
vn -0.2732 -0.0399 -0.9611
vn -0.7943 -0.1239 -0.5948
vn -0.9901 -0.1394 -0.0149
vn -0.9901 -0.1393 -0.0148
vn -0.9003 -0.1384 0.4127
vn -0.5024 -0.1270 0.8552
vn 0.0228 -0.1146 0.9932
vn 0.5015 -0.1125 0.8578
vn 0.9012 -0.1162 0.4174
vn 0.9979 -0.0641 0.0032
vn 0.9979 -0.0641 0.0031
vn 0.9047 -0.0515 -0.4229
vn 0.3751 -0.0689 -0.9244
vn 0.7710 0.0065 -0.6368
vn 0.7601 0.0065 -0.6497
vn 0.3466 -0.0465 -0.9368
vn 0.9416 0.0114 0.3364
vn 0.7624 -0.0778 0.6424
vn 0.7267 -0.2150 0.6524
vn 0.9340 -0.0315 0.3559
vn 0.9989 0.0446 -0.0167
vn 0.9986 0.0502 0.0186
vn 0.9989 0.0446 -0.0168
vn 0.9372 0.0377 -0.3467
vn 0.9486 0.0546 -0.3117
vn 0.3891 -0.0918 -0.9166
vn 0.7633 -0.0646 -0.6428
vn 0.9440 0.0677 0.3230
vn 0.7570 0.0999 0.6457
vn 0.9997 0.0224 0.0086
vn 0.9997 0.0224 0.0085
vn 0.9545 -0.0273 -0.2969
vn 0.3718 -0.1093 -0.9218
vn 0.7489 -0.0895 -0.6567
vn 0.9312 0.1369 0.3378
vn 0.7390 0.2657 0.6191
vn 0.9990 0.0422 0.0163
vn 0.9990 0.0422 0.0162
vn 0.9514 -0.0468 -0.3044
vn 0.3612 -0.0817 -0.9289
vn 0.7391 -0.0994 -0.6662
vn 0.9376 0.1062 0.3311
vn 0.7512 0.2290 0.6191
vn 0.9997 -0.0157 -0.0185
vn 0.9997 -0.0157 -0.0186
vn 0.9417 -0.0621 -0.3308
vn 0.3298 -0.0725 -0.9413
vn 0.7442 -0.1454 -0.6519
vn 0.9500 -0.0151 0.3117
vn 0.7793 0.0434 0.6251
vn 0.9918 -0.1274 0.0140
vn 0.9918 -0.1274 0.0139
vn 0.9309 -0.1758 -0.3201
vn 0.3049 0.0275 -0.9520
vn 0.7197 -0.0973 -0.6875
vn 0.9405 0.0403 0.3374
vn 0.7933 0.1375 0.5931
vn 0.9897 -0.1406 0.0254
vn 0.9897 -0.1406 0.0253
vn 0.9120 -0.1948 -0.3609
vn 0.2357 0.1934 -0.9524
vn 0.6591 0.0430 -0.7508
vn 0.8773 0.1399 0.4590
vn 0.7942 0.2077 0.5710
vn 0.8576 -0.0667 0.5100
vn 0.9773 0.0745 0.1983
vn 0.9896 0.0246 0.1417
vn 0.8403 -0.5143 0.1717
vn 0.8403 -0.5143 0.1716
vn 0.9501 -0.2520 -0.1838
vn 0.4994 -0.5971 -0.6277
vn 0.0655 0.4797 -0.8750
vn 0.2464 0.5468 -0.8002
vn 0.4006 0.1108 -0.9095
vn 0.1510 0.1696 -0.9739
vn 0.5852 0.6400 0.4979
vn 0.4448 0.5588 0.6999
vn 0.5619 0.4430 0.6986
vn 0.7083 0.2779 0.6489
vn 0.0401 0.6891 -0.7236
vn 0.1786 0.7579 -0.6275
vn 0.4639 0.7991 0.3825
vn 0.2778 0.6529 0.7046
vn 0.3559 0.9285 -0.1060
vn 0.4902 0.8714 0.0202
vn 0.2038 0.6817 -0.7027
vn 0.3017 0.8561 -0.4196
vn 0.0926 0.5377 -0.8380
vn 0.3077 0.6331 -0.7103
vn 0.3448 0.8742 0.3420
vn 0.2280 0.6806 0.6963
vn 0.3812 0.9245 0.0054
vn 0.3812 0.9245 0.0053
vn 0.3698 0.8117 -0.4521
vn 0.3466 -0.0465 -0.9369
vn 0.7172 -0.0204 -0.6965
vn 0.2666 -0.1235 -0.9559
vn 0.5028 -0.3458 0.7922
vn 0.1579 -0.4652 0.8710
vn -0.0345 -0.5003 0.8652
vn 0.4334 -0.2921 0.8526
vn 0.9340 -0.0314 0.3560
vn 0.7267 -0.2150 0.6525
vn 0.6652 -0.1513 0.7312
vn 0.9167 0.0171 0.3993
vn 0.9961 0.0787 -0.0403
vn 0.9242 0.0566 -0.3776
vn 0.7092 0.2300 0.6664
vn 0.5245 -0.1524 -0.8377
vn 0.2075 0.0664 -0.9760
vn 0.1617 0.9732 -0.1636
vn -0.1131 0.4426 -0.8896
vn 0.3616 0.8268 0.4309
vn 0.6026 0.2948 0.7416
vn 0.5491 -0.4462 0.7067
vn 0.2816 -0.8217 0.4956
vn -0.0140 -0.8878 -0.4600
vn 0.2815 -0.8217 0.4955
vn 0.3074 -0.0286 -0.9512
vn -0.1433 -0.3422 -0.9287
vn 0.9961 0.0787 -0.0402
vn 0.9979 0.0641 0.0035
vn 0.4865 0.0739 -0.8706
vn -0.1586 0.0627 -0.9853
vn -0.1878 -0.0696 -0.9797
vn 0.5109 -0.0220 -0.8594
vn -0.1587 0.0627 -0.9853
vn -0.7188 0.0579 -0.6928
vn -0.7763 -0.0158 -0.6302
vn -0.1879 -0.0696 -0.9797
vn -0.9780 0.0891 -0.1887
vn -0.9925 0.0696 -0.1006
vn 0.9703 0.1200 -0.2100
vn 0.8505 0.0961 -0.5171
vn 0.8877 0.0871 -0.4520
vn 0.9846 0.1568 -0.0768
vn -0.9798 0.1983 0.0263
vn -0.9383 0.2534 0.2355
vn -0.7611 0.6240 0.1772
vn -0.8985 0.4228 0.1178
vn 0.0525 0.3885 0.9200
vn 0.0373 0.9025 0.4291
vn -0.2250 0.8961 0.3827
vn -0.4748 0.3660 0.8004
vn 0.9258 0.2646 0.2698
vn 0.7352 0.6560 0.1708
vn 0.4887 0.8231 0.2892
vn 0.7503 0.2936 0.5924
vn -0.1664 -0.1924 -0.9671
vn 0.4454 -0.3660 -0.8171
vn -0.6477 -0.4031 -0.6465
vn -0.8139 -0.5464 -0.1976
vn -0.5773 -0.8165 -0.0094
vn -0.6158 -0.7689 0.1718
vn 0.0494 -0.4880 0.8715
vn -0.4315 -0.5535 0.7124
vn 0.5993 -0.7763 0.1954
vn 0.6087 -0.6225 0.4920
vn 0.6923 -0.5590 -0.4563
vn 0.7672 -0.6080 -0.2042
vn 0.8878 0.0871 -0.4520
vn 0.9847 0.1567 -0.0768
vn 0.9847 0.1567 -0.0767
vn 0.8797 0.2638 0.3957
vn 0.5049 0.3275 0.7986
vn 0.0378 0.3397 0.9398
vn -0.5025 0.2796 0.8181
vn -0.9191 0.1362 0.3697
vn -0.9925 0.0696 -0.1007
vn -0.1879 -0.0697 -0.9797
vn 0.5109 -0.0221 -0.8594
vn -0.8196 0.4386 0.3686
vn -0.9191 0.1363 0.3697
vn -0.9624 0.1897 0.1945
vn -0.9853 0.1378 0.1012
vn 0.0212 0.7936 0.6080
vn 0.0378 0.3398 0.9398
vn -0.5025 0.2797 0.8181
vn -0.2863 0.7723 0.5671
vn 0.7210 0.5830 0.3747
vn 0.5049 0.3276 0.7986
vn 0.3090 0.7837 0.5389
vn 0.9446 0.2886 0.1563
vn 0.9856 0.1673 0.0245
vn -0.6150 -0.7885 0.0093
vn 0.6184 -0.7849 -0.0387
vn -0.5839 0.7712 0.2537
vn 0.0100 0.9680 0.2507
vn -0.1258 0.9570 0.2613
vn 0.5157 0.8272 0.2230
vn 0.1533 0.9554 0.2524
vn 0.8297 0.5376 0.1504
vn 0.9763 0.2116 0.0460
vn 0.5863 -0.8101 0.0048
vn -0.4734 0.8329 0.2867
vn 0.2523 0.8916 0.3760
vn -0.0003 -0.9998 -0.0195
vn -0.0003 -0.9998 -0.0176
vn -0.6477 -0.4032 -0.6465
vn 0.0494 -0.4879 0.8715
vn -0.4315 -0.5534 0.7124
vn -0.5612 -0.6438 0.5201
vn 0.4453 -0.3661 -0.8171
vn 0.6924 -0.5590 -0.4562
vn 0.7673 -0.6080 -0.2042
vn 0.6184 -0.7849 -0.0388
vn 0.5993 -0.7763 0.1953
vn 0.5015 -0.5504 0.6675
vn 0.6087 -0.6224 0.4921
vn 0.5549 0.3403 0.7591
vn -0.7122 0.3091 0.6303
vn 0.5328 -0.1574 0.8315
vn 0.2300 -0.1923 0.9540
vn 0.1580 -0.4651 0.8710
vn 0.5298 0.1029 0.8419
vn 0.2242 0.1046 0.9689
vn 0.5470 0.3042 0.7799
vn 0.2660 0.3139 0.9114
vn 0.5552 0.3342 0.7616
vn 0.2859 0.3806 0.8794
vn 0.5128 0.1095 0.8515
vn 0.2614 0.1901 0.9463
vn 0.4991 0.1995 0.8432
vn 0.2174 0.2775 0.9358
vn 0.4953 0.3436 0.7979
vn 0.1599 0.4338 0.8867
vn 0.2020 0.6489 0.7335
vn 0.0399 0.6813 0.7309
vn 0.0585 0.5799 0.8126
vn 0.2978 0.5553 0.7765
vn 0.1624 0.5896 0.7912
vn 0.0920 0.5771 0.8115
vn 0.2114 0.5350 0.8180
vn 0.1440 0.4421 0.8853
vn 0.1005 0.3613 0.9270
vn 0.4302 0.3360 0.8379
vn -0.0161 -0.3764 -0.9263
vn -0.0000 -0.5655 0.8247
vn 0.2821 0.3946 0.8745
vn 0.1463 0.2254 -0.9632
vn 0.5005 0.2394 -0.8320
vn 0.8418 0.2048 -0.4995
vn 0.9784 0.1567 -0.1347
vn 0.9624 0.1651 0.2155
vn 0.7228 0.2848 0.6296
vn 0.4928 0.3508 0.7963
vn 0.1863 0.5141 0.8373
vn 0.3799 0.4897 0.7848
vn 0.4909 0.4753 0.7301
vn 0.8404 0.3528 0.4114
vn 0.9609 0.2764 -0.0177
vn 0.8320 0.2701 -0.4847
vn 0.4809 0.2919 -0.8268
vn 0.1143 0.2628 -0.9581
vn -0.1433 -0.3421 -0.9287
vn -0.0140 -0.8878 -0.4601
vn 0.5490 -0.4462 0.7067
vn 0.6026 0.2947 0.7416
vn 0.3616 0.8268 0.4310
vn 0.1618 0.9732 -0.1636
vn 0.5109 -0.1821 -0.8401
vn 0.5041 -0.1821 -0.8442
vn -0.2682 -0.1859 -0.9453
vn -0.2359 -0.1866 -0.9537
vn -0.8024 -0.1886 -0.5662
vn -0.9830 -0.1835 -0.0006
vn -0.8946 -0.1808 0.4086
vn -0.5057 -0.1836 0.8429
vn 0.0156 -0.1807 0.9834
vn 0.4910 -0.1815 0.8520
vn 0.8906 -0.1809 0.4172
vn 0.9832 -0.1825 0.0003
vn 0.9828 -0.1824 -0.0277
vn 0.9828 -0.1825 -0.0278
vn 0.9832 -0.1825 0.0002
vn 0.8935 -0.1794 -0.4116
vn 0.8900 -0.1795 -0.4192
vn -0.0026 0.9745 -0.2243
vn -0.0027 0.9745 -0.2244
vn -0.5443 0.8329 0.1003
vn -0.5443 0.8329 0.1004
vn 0.0005 0.9548 0.2971
vn -0.0133 0.9563 0.2920
vn 0.0799 0.9141 0.3977
vn 0.0653 0.9065 0.4172
vn 0.4164 0.1599 -0.8950
vn 0.4165 0.1599 -0.8950
vn 0.4165 0.1599 -0.8949
vn -0.1657 0.9220 -0.3498
vn -0.2237 0.9348 -0.2760
vn -0.2233 0.9347 -0.2765
vn -0.2175 0.9011 -0.3751
vn -0.2175 0.9011 -0.3752
vn -0.0283 0.8500 -0.5260
vn -0.2987 0.9386 -0.1727
vn -0.2234 0.9347 -0.2765
vn 0.0276 0.8843 0.4660
vn 0.0275 0.8843 0.4661
vn 0.0652 0.9065 0.4172
vn -0.4032 0.4525 0.7954
vn -0.4033 0.4524 0.7954
vn -0.4032 0.4524 0.7954
vn 0.0005 0.9396 0.3422
vn -0.0018 0.9394 0.3427
vn -0.2010 0.9270 0.3168
vn -0.2012 0.9270 0.3166
vn 0.1117 0.9671 0.2284
vn 0.1101 0.9664 0.2321
vn 0.1123 0.9889 0.0971
vn 0.1131 0.9887 0.0985
vn 0.0570 0.9977 0.0363
vn 0.0572 0.9977 0.0364
vn -0.0753 0.9968 0.0261
vn -0.0756 0.9968 0.0262
vn -0.0240 0.9994 0.0233
vn -0.0237 0.9994 0.0233
vn -0.1949 0.9800 0.0394
vn -0.1957 0.9799 0.0397
vn -0.1204 0.9924 0.0264
vn -0.1198 0.9924 0.0264
vn -0.2486 0.9640 0.0941
vn -0.2494 0.9637 0.0955
vn -0.2738 0.9442 0.1830
vn -0.2737 0.9440 0.1841
vn -0.2486 0.9640 0.0942
vn 0.9535 0.0816 0.2901
vn 0.9527 0.0738 0.2947
vn 0.9871 -0.0522 0.1512
vn 0.9867 -0.0516 0.1539
vn 0.9867 -0.0514 0.1544
vn 0.9992 0.0101 0.0380
vn 0.9992 0.0102 0.0380
vn 0.9870 0.1105 0.1164
vn 0.9875 0.1095 0.1135
vn 0.9878 0.1088 0.1111
vn 0.9939 0.0522 0.0969
vn 0.9939 0.0524 0.0968
vn 0.9976 -0.0604 0.0339
vn 0.9976 -0.0587 0.0356
vn 0.9977 -0.0582 0.0361
vn 0.9992 0.0345 0.0216
vn 0.9992 0.0334 0.0224
vn 0.9904 0.1359 -0.0268
vn 0.9905 0.1351 -0.0251
vn 0.9906 0.1348 -0.0246
vn -0.4333 0.7813 0.4493
vn -0.4212 0.7854 0.4536
vn -0.6681 0.6574 0.3485
vn -0.6677 0.6577 0.3487
vn -0.8604 0.4483 -0.2424
vn -0.8653 0.4424 -0.2357
vn -0.7798 0.5533 -0.2929
vn -0.7794 0.5569 -0.2872
vn -0.9054 0.4245 -0.0015
vn -0.9058 0.4237 -0.0089
vn -0.8338 0.5000 0.2342
vn -0.8402 0.4919 0.2281
vn -0.9058 0.4237 -0.0088
vn -0.9054 0.4245 -0.0014
vn -0.2654 0.8581 -0.4396
vn -0.2938 0.8669 -0.4026
vn -0.2969 0.8678 -0.3984
vn -0.7748 0.5831 -0.2442
vn -0.9946 0.0323 -0.0991
vn -0.9809 -0.0135 -0.1940
vn -0.9970 -0.0463 -0.0627
vn -0.9990 0.0102 -0.0425
vn -0.9857 0.0918 -0.1412
vn -0.9512 -0.0445 -0.3053
vn -0.9869 -0.1283 -0.0978
vn -0.9992 -0.0013 -0.0395
vn -0.9992 -0.0013 -0.0396
vn -0.3587 -0.0388 -0.9326
vn -0.3588 -0.0388 -0.9326
vn -0.3640 -0.0735 -0.9285
vn 0.7845 -0.1544 -0.6006
vn -0.3641 -0.0735 -0.9285
vn 0.0474 -0.9971 0.0601
vn 0.3588 0.0388 0.9326
vn 0.3588 0.0389 0.9326
vn 0.2946 -0.6076 0.7376
vn 0.2946 -0.6075 0.7376
vn 0.3640 0.0735 0.9285
vn 0.3641 0.0736 0.9285
vn 0.3640 0.0736 0.9285
vn 0.3677 -0.8859 0.2828
vn 0.0001 0.5034 -0.8641
vn 0.0001 -0.1684 -0.9857
vn 0.0001 -0.2890 -0.9573
vn -0.0000 -0.9824 -0.1867
vn 0.0001 -0.9824 -0.1867
vn 0.3259 0.4014 0.8560
vn 0.3448 0.0796 0.9353
vn 0.7951 0.0211 0.6061
vn 0.7119 0.3657 0.5996
vn 0.2045 0.6010 0.7726
vn 0.6608 0.5227 0.5387
vn 0.0151 0.6787 0.7343
vn 0.5573 0.5436 0.6277
vn -0.1401 0.9435 0.3002
vn -0.1617 0.6953 0.7003
vn 0.3852 0.6525 0.6526
vn 0.3500 0.8922 0.2853
vn -0.0717 0.9821 -0.1744
vn 0.3601 0.9131 -0.1911
vn -0.1767 0.8054 -0.5658
vn 0.2322 0.7704 -0.5938
vn -0.2121 0.6274 -0.7493
vn 0.2240 0.6303 -0.7434
vn -0.1595 0.2924 -0.9429
vn 0.2094 0.2792 -0.9371
vn -0.1861 0.1534 -0.9705
vn 0.2999 0.1365 -0.9442
vn -0.1670 -0.0233 -0.9857
vn 0.3409 -0.0274 -0.9397
vn -0.3401 -0.2455 0.9078
vn 0.1678 -0.2496 0.9537
vn -0.3326 -0.1289 0.9342
vn 0.1678 -0.2495 0.9537
vn 0.1929 -0.1506 0.9696
vn -0.3236 -0.2202 0.9202
vn 0.2650 -0.2669 0.9266
vn -0.2125 -0.5895 0.7793
vn 0.2286 -0.6201 0.7505
vn -0.2923 -0.7513 0.5917
vn 0.1815 -0.7960 0.5775
vn -0.4333 -0.8720 0.2278
vn 0.1725 -0.9732 0.1521
vn -0.4488 -0.8517 -0.2706
vn 0.2085 -0.9285 -0.3071
vn -0.4834 -0.6184 -0.6196
vn 0.1836 -0.6840 -0.7060
vn -0.6799 -0.4803 -0.5541
vn -0.6127 -0.5609 -0.5568
vn -0.0234 -0.6675 -0.7442
vn -0.1771 -0.6295 -0.7566
vn -0.7901 -0.2802 -0.5452
vn -0.2769 -0.4522 -0.8479
vn -0.7854 -0.2923 -0.5457
vn -0.3994 -0.3432 -0.8501
vn -0.3993 -0.3432 -0.8502
vn -0.2768 -0.4523 -0.8479
vn -0.1770 -0.6295 -0.7566
vn -0.0234 -0.6675 -0.7443
vn 0.1837 -0.6840 -0.7060
vn 0.2086 -0.9285 -0.3071
vn 0.1726 -0.9732 0.1520
vn 0.2651 -0.2668 0.9266
vn 0.1930 -0.1506 0.9696
vn -0.7951 0.0211 0.6061
vn -0.3448 0.0796 0.9353
vn -0.3259 0.4014 0.8560
vn -0.7119 0.3657 0.5996
vn -0.2045 0.6010 0.7726
vn -0.6608 0.5226 0.5387
vn -0.0151 0.6787 0.7343
vn -0.5573 0.5436 0.6277
vn -0.3852 0.6524 0.6527
vn 0.1617 0.6953 0.7003
vn 0.1401 0.9435 0.3002
vn -0.3500 0.8922 0.2854
vn 0.0717 0.9820 -0.1745
vn -0.3601 0.9131 -0.1911
vn 0.1767 0.8054 -0.5658
vn -0.2322 0.7704 -0.5938
vn 0.2121 0.6274 -0.7493
vn -0.2240 0.6302 -0.7434
vn 0.1595 0.2924 -0.9429
vn -0.2094 0.2792 -0.9371
vn 0.1861 0.1535 -0.9705
vn -0.2999 0.1365 -0.9442
vn 0.1671 -0.0233 -0.9857
vn -0.3409 -0.0274 -0.9397
vn 0.3401 -0.2455 0.9078
vn -0.1679 -0.2495 0.9537
vn -0.1678 -0.2495 0.9537
vn 0.3326 -0.1291 0.9342
vn -0.1929 -0.1506 0.9696
vn 0.3236 -0.2203 0.9202
vn -0.2650 -0.2669 0.9266
vn 0.2125 -0.5895 0.7793
vn -0.2286 -0.6201 0.7505
vn 0.2923 -0.7513 0.5917
vn -0.1815 -0.7960 0.5775
vn 0.4333 -0.8720 0.2278
vn -0.1725 -0.9732 0.1520
vn 0.4488 -0.8517 -0.2706
vn -0.2085 -0.9285 -0.3071
vn 0.4834 -0.6184 -0.6196
vn -0.1836 -0.6840 -0.7060
vn 0.0234 -0.6675 -0.7442
vn 0.6127 -0.5609 -0.5568
vn 0.6799 -0.4802 -0.5542
vn 0.1771 -0.6294 -0.7566
vn 0.7901 -0.2802 -0.5453
vn 0.2769 -0.4522 -0.8479
vn 0.7854 -0.2923 -0.5457
vn 0.3994 -0.3432 -0.8501
vn 0.3994 -0.3433 -0.8501
vn 0.2768 -0.4522 -0.8479
vn 0.1770 -0.6294 -0.7567
vn -0.1837 -0.6840 -0.7060
vn -0.2086 -0.9286 -0.3070
vn -0.1726 -0.9732 0.1520
vn -0.2651 -0.2669 0.9266
vn -0.1930 -0.1506 0.9696
vt 0.103610 0.001680
vt 0.102840 0.006210
vt 0.098040 0.004210
vt 0.096310 0.000960
vt 0.111410 0.009490
vt 0.106750 0.011360
vt 0.112960 0.019220
vt 0.108500 0.016760
vt 0.096440 0.000000
vt 0.103720 0.000720
vt 0.097480 0.004950
vt 0.095480 0.001530
vt 0.102230 0.006990
vt 0.105980 0.011950
vt 0.104330 0.001030
vt 0.112090 0.008790
vt 0.112320 0.019960
vt 0.107760 0.017370
vt 0.112390 0.009410
vt 0.113890 0.018990
vt 0.129060 0.002560
vt 0.131070 0.007370
vt 0.126530 0.008130
vt 0.125820 0.000830
vt 0.134350 0.015940
vt 0.136210 0.011270
vt 0.141610 0.013020
vt 0.144080 0.017480
vt 0.125570 0.008240
vt 0.124850 0.000960
vt 0.126380 0.000000
vt 0.129810 0.002000
vt 0.131840 0.006760
vt 0.136800 0.010500
vt 0.133650 0.016620
vt 0.125880 0.008850
vt 0.142230 0.012280
vt 0.144810 0.016840
vt 0.143850 0.018410
vt 0.134260 0.016910
vt 0.349350 0.060320
vt 0.337060 0.070460
vt 0.319280 0.041850
vt 0.332340 0.033140
vt 0.300210 0.014830
vt 0.316700 0.004240
vt 0.582450 0.017320
vt 0.597830 0.029480
vt 0.576200 0.054500
vt 0.564050 0.044540
vt 0.555690 0.081220
vt 0.544460 0.069930
vt 0.531350 0.107850
vt 0.521730 0.094110
vt 0.501370 0.127910
vt 0.495540 0.113030
vt 0.471450 0.138710
vt 0.469180 0.123450
vt 0.443260 0.139190
vt 0.443940 0.125280
vt 0.415240 0.135950
vt 0.419000 0.120980
vt 0.386530 0.122260
vt 0.393790 0.108020
vt 0.358670 0.099350
vt 0.369590 0.086620
vt 0.387190 0.037760
vt 0.373240 0.045970
vt 0.362340 0.023910
vt 0.378830 0.019000
vt 0.356140 0.002140
vt 0.375100 0.000000
vt 0.524750 0.007370
vt 0.543420 0.011360
vt 0.535110 0.032420
vt 0.519180 0.025910
vt 0.522090 0.053300
vt 0.509020 0.043760
vt 0.505960 0.072540
vt 0.495630 0.059910
vt 0.486380 0.086350
vt 0.479860 0.072260
vt 0.465810 0.094300
vt 0.463000 0.079580
vt 0.445420 0.095340
vt 0.446110 0.081240
vt 0.425220 0.092310
vt 0.429460 0.077930
vt 0.405530 0.082370
vt 0.413410 0.068990
vt 0.387410 0.066700
vt 0.398930 0.055150
vt 0.401290 0.031140
vt 0.395320 0.015940
vt 0.393930 0.000390
vt 0.505980 0.005900
vt 0.503060 0.021250
vt 0.495640 0.035790
vt 0.485250 0.048810
vt 0.473180 0.059150
vt 0.460120 0.065540
vt 0.446800 0.067290
vt 0.433710 0.064240
vt 0.421340 0.056600
vt 0.410350 0.045120
vt 0.415430 0.026410
vt 0.411740 0.015280
vt 0.412180 0.004170
vt 0.487440 0.007880
vt 0.486790 0.018970
vt 0.482030 0.029690
vt 0.474820 0.039330
vt 0.466390 0.047120
vt 0.457120 0.052160
vt 0.447470 0.053630
vt 0.438010 0.051220
vt 0.429280 0.045300
vt 0.421650 0.036710
vt 0.430130 0.023820
vt 0.428520 0.017520
vt 0.429610 0.011740
vt 0.469360 0.013700
vt 0.469870 0.019550
vt 0.467650 0.025660
vt 0.463860 0.031340
vt 0.459170 0.035970
vt 0.453850 0.039090
vt 0.448140 0.039950
vt 0.442550 0.038530
vt 0.437560 0.034900
vt 0.433350 0.029840
vt 0.448900 0.024630
vt 0.319430 0.091710
vt 0.300360 0.066880
vt 0.282760 0.049040
vt 0.611840 0.065240
vt 0.592560 0.081270
vt 0.571150 0.104100
vt 0.544050 0.127000
vt 0.513790 0.149590
vt 0.478110 0.163940
vt 0.441780 0.169140
vt 0.406150 0.160390
vt 0.372040 0.142620
vt 0.344150 0.117160
vt 0.001810 0.034390
vt 0.007580 0.026440
vt 0.016120 0.025730
vt 0.015410 0.030180
vt 0.003340 0.028520
vt 0.005710 0.025340
vt 0.258190 0.016210
vt 0.257050 0.009130
vt 0.260730 0.000000
vt 0.262050 0.014260
vt 0.808030 0.000000
vt 0.808810 0.003630
vt 0.807810 0.009690
vt 0.804200 0.000530
vt 0.017800 0.026380
vt 0.018010 0.021600
vt 0.019250 0.022940
vt 0.253740 0.181820
vt 0.287320 0.179180
vt 0.287300 0.187700
vt 0.015860 0.031970
vt 0.002320 0.036170
vt 0.017930 0.026460
vt 0.017080 0.030090
vt 0.000000 0.034040
vt 0.001540 0.028080
vt 0.001940 0.027340
vt 0.004130 0.024340
vt 0.736880 0.117930
vt 0.732320 0.115620
vt 0.730960 0.113330
vt 0.737260 0.117290
vt 0.246150 0.003980
vt 0.246170 0.006780
vt 0.241770 0.006700
vt 0.241710 0.003780
vt 0.745250 0.090280
vt 0.740760 0.088030
vt 0.742440 0.086930
vt 0.745220 0.088840
vt 0.749090 0.085910
vt 0.747370 0.083700
vt 0.747360 0.082440
vt 0.750350 0.086280
vt 0.744320 0.082520
vt 0.741260 0.082280
vt 0.739720 0.080840
vt 0.743040 0.080460
vt 0.739350 0.084200
vt 0.741150 0.084510
vt 0.744920 0.122010
vt 0.747840 0.117650
vt 0.754110 0.117940
vt 0.749660 0.125710
vt 0.762770 0.122200
vt 0.760750 0.106140
vt 0.777040 0.111880
vt 0.772790 0.126360
vt 0.748160 0.088910
vt 0.749090 0.090130
vt 0.236820 0.005400
vt 0.235020 0.003580
vt 0.236970 0.003410
vt 0.242050 0.000000
vt 0.246330 0.000910
vt 0.237220 0.000220
vt 0.745270 0.092510
vt 0.737130 0.088990
vt 0.750990 0.091500
vt 0.753370 0.086720
vt 0.749570 0.080190
vt 0.742040 0.076140
vt 0.736140 0.077730
vt 0.736250 0.083740
vt 0.738340 0.095390
vt 0.747390 0.099690
vt 0.758080 0.089640
vt 0.755020 0.078020
vt 0.744530 0.069460
vt 0.731650 0.080740
vt 0.732710 0.079900
vt 0.733460 0.085460
vt 0.731830 0.086150
vt 0.733350 0.090920
vt 0.731530 0.091850
vt 0.248450 0.004200
vt 0.745240 0.107460
vt 0.735650 0.099460
vt 0.733810 0.113820
vt 0.732650 0.113400
vt 0.731410 0.096820
vt 0.733020 0.096510
vt 0.732350 0.098970
vt 0.731010 0.098930
vt 0.730520 0.086990
vt 0.730500 0.081520
vt 0.730410 0.092530
vt 0.730140 0.097650
vt 0.735660 0.118480
vt 0.738480 0.119860
vt 0.734870 0.121620
vt 0.733230 0.117920
vt 0.735440 0.125260
vt 0.740380 0.124140
vt 0.742850 0.129220
vt 0.736980 0.130190
vt 0.738510 0.115860
vt 0.742010 0.117540
vt 0.736960 0.115800
vt 0.733620 0.079260
vt 0.734550 0.084300
vt 0.734890 0.089720
vt 0.730530 0.103980
vt 0.730200 0.103660
vt 0.730770 0.101760
vt 0.731060 0.101800
vt 0.733720 0.099090
vt 0.734880 0.096060
vt 0.733770 0.074680
vt 0.735080 0.075070
vt 0.733930 0.076760
vt 0.732920 0.077350
vt 0.731830 0.077850
vt 0.732070 0.074820
vt 0.730450 0.078520
vt 0.730390 0.075540
vt 0.729920 0.102210
vt 0.730020 0.099480
vt 0.739520 0.105590
vt 0.736210 0.101760
vt 0.742690 0.113880
vt 0.740680 0.118720
vt 0.150560 0.000000
vt 0.159940 0.002970
vt 0.164690 0.008350
vt 0.160720 0.010090
vt 0.697710 0.001340
vt 0.703710 0.000000
vt 0.707380 0.000580
vt 0.707060 0.004420
vt 0.730420 0.104680
vt 0.730330 0.104940
vt 0.732080 0.102310
vt 0.747290 0.084440
vt 0.744750 0.083330
vt 0.748490 0.085940
vt 0.747640 0.088200
vt 0.745190 0.087910
vt 0.742950 0.086800
vt 0.741740 0.084560
vt 0.742560 0.083200
vt 0.791270 0.028760
vt 0.811890 0.039440
vt 0.807350 0.051120
vt 0.789070 0.041760
vt 0.767640 0.027520
vt 0.770020 0.041430
vt 0.741050 0.030540
vt 0.750780 0.043460
vt 0.735150 0.051840
vt 0.742190 0.056190
vt 0.827100 0.059520
vt 0.820130 0.068020
vt 0.800480 0.061210
vt 0.786860 0.053770
vt 0.772420 0.053250
vt 0.758860 0.054650
vt 0.750920 0.063400
vt 0.811140 0.074750
vt 0.793920 0.070130
vt 0.784600 0.064570
vt 0.774800 0.063130
vt 0.766160 0.064930
vt 0.760910 0.072030
vt 0.800810 0.079950
vt 0.791030 0.089620
vt 0.785540 0.085620
vt 0.779600 0.084450
vt 0.777260 0.085420
vt 0.773840 0.091080
vt 0.772950 0.096840
vt 0.793280 0.095360
vt 0.781880 0.094490
vt 0.776050 0.094380
vt 0.779010 0.090240
vt 0.782190 0.090130
vt 0.787470 0.095470
vt 0.785520 0.092050
vt 0.781950 0.099730
vt 0.775150 0.098750
vt 0.788360 0.098820
vt 0.732180 0.133470
vt 0.738550 0.134900
vt 0.740620 0.141770
vt 0.732500 0.139300
vt 0.763430 0.136420
vt 0.755380 0.130510
vt 0.775440 0.104600
vt 0.745980 0.134640
vt 0.751600 0.142080
vt 0.745230 0.154140
vt 0.733070 0.152400
vt 0.783120 0.130480
vt 0.775640 0.144060
vt 0.778690 0.109950
vt 0.777600 0.104740
vt 0.782630 0.105270
vt 0.784000 0.111580
vt 0.761780 0.151890
vt 0.782930 0.116590
vt 0.736990 0.065620
vt 0.780360 0.152130
vt 0.789850 0.138100
vt 0.788440 0.103530
vt 0.788610 0.108570
vt 0.766100 0.159710
vt 0.749950 0.164760
vt 0.790900 0.114710
vt 0.829510 0.068870
vt 0.821000 0.076630
vt 0.813390 0.082780
vt 0.803890 0.087400
vt 0.793710 0.104960
vt 0.833570 0.094380
vt 0.823960 0.100960
vt 0.814510 0.106620
vt 0.804870 0.110600
vt 0.821860 0.123190
vt 0.812890 0.127190
vt 0.803870 0.130240
vt 0.732820 0.065440
vt 0.781740 0.087360
vt 0.778090 0.087590
vt 0.774610 0.092470
vt 0.789380 0.093040
vt 0.786250 0.089250
vt 0.773670 0.097520
vt 0.790140 0.096950
vt 0.776190 0.104980
vt 0.784420 0.113390
vt 0.790000 0.109940
vt 0.790700 0.103460
vt 0.731930 0.129400
vt 0.833130 0.116940
vt 0.015580 0.291890
vt 0.029800 0.288510
vt 0.029800 0.296490
vt 0.015580 0.297920
vt 0.572170 0.921960
vt 0.583860 0.922660
vt 0.584100 0.928450
vt 0.574320 0.928540
vt 0.957220 0.393500
vt 0.965880 0.398740
vt 0.963660 0.404600
vt 0.951700 0.398190
vt 0.029800 0.304530
vt 0.015580 0.304200
vt 0.520790 0.942990
vt 0.517310 0.945700
vt 0.512620 0.939810
vt 0.518330 0.939520
vt 0.912770 0.346000
vt 0.918750 0.343520
vt 0.919090 0.348630
vt 0.914690 0.352540
vt 0.513260 0.931180
vt 0.517160 0.932750
vt 0.908770 0.353230
vt 0.912120 0.356950
vt 0.541240 0.909610
vt 0.535800 0.912080
vt 0.531270 0.911400
vt 0.532280 0.905370
vt 0.911800 0.388590
vt 0.917700 0.387450
vt 0.920210 0.394000
vt 0.910970 0.393980
vt 0.029800 0.323020
vt 0.015580 0.322710
vt 0.961470 0.422950
vt 0.952510 0.405180
vt 0.934530 0.402990
vt 0.935200 0.397670
vt 0.918800 0.400780
vt 0.951090 0.421750
vt 0.932280 0.414850
vt 0.916330 0.413760
vt 0.905490 0.404920
vt 0.909120 0.398970
vt 0.932180 0.426480
vt 0.916140 0.426530
vt 0.903750 0.420560
vt 0.905890 0.412920
vt 0.951160 0.437160
vt 0.962070 0.439350
vt 0.950120 0.442660
vt 0.029800 0.338180
vt 0.015580 0.338850
vt 0.933670 0.437940
vt 0.934740 0.444130
vt 0.918630 0.439390
vt 0.920190 0.445190
vt 0.905850 0.436000
vt 0.905990 0.428040
vt 0.911830 0.446830
vt 0.909460 0.441710
vt 0.029800 0.346280
vt 0.015580 0.344440
vt 0.963230 0.444460
vt 0.951060 0.448120
vt 0.592940 0.879910
vt 0.601860 0.889280
vt 0.598280 0.893060
vt 0.591150 0.884820
vt 0.029800 0.354140
vt 0.015580 0.349850
vt 0.935560 0.450190
vt 0.579910 0.872570
vt 0.577000 0.876900
vt 0.921180 0.451010
vt 0.569600 0.864590
vt 0.565750 0.868580
vt 0.913820 0.451870
vt 0.564800 0.860140
vt 0.560190 0.862510
vt 0.023620 0.368140
vt 0.008540 0.364470
vt 0.589620 0.906200
vt 0.585380 0.895200
vt 0.574120 0.881100
vt 0.562140 0.872170
vt 0.568100 0.890310
vt 0.554100 0.881990
vt 0.549680 0.867820
vt 0.555870 0.864620
vt 0.577480 0.910590
vt 0.562620 0.900130
vt 0.547690 0.893050
vt 0.539710 0.880070
vt 0.545280 0.874330
vt 0.015580 0.273200
vt 0.029800 0.272560
vt 0.558190 0.910100
vt 0.555880 0.914700
vt 0.543280 0.904390
vt 0.533080 0.894460
vt 0.537060 0.887780
vt 0.532840 0.900940
vt 0.556780 0.821650
vt 0.554100 0.821610
vt 0.552650 0.818810
vt 0.557390 0.817720
vt 0.559350 0.822370
vt 0.561590 0.820120
vt 0.886410 0.484900
vt 0.881990 0.484420
vt 0.883960 0.480270
vt 0.886590 0.481040
vt 0.878840 0.481240
vt 0.881730 0.478660
vt 0.511790 0.834000
vt 0.509940 0.836060
vt 0.506860 0.835120
vt 0.509370 0.830790
vt 0.514260 0.832770
vt 0.514200 0.829560
vt 0.850920 0.450090
vt 0.847950 0.446690
vt 0.852380 0.445060
vt 0.853890 0.447390
vt 0.848020 0.442160
vt 0.852040 0.442300
vt 0.484120 0.866020
vt 0.483740 0.868850
vt 0.480520 0.869580
vt 0.480310 0.864470
vt 0.485830 0.863730
vt 0.484030 0.860950
vt 0.841870 0.404970
vt 0.840930 0.400430
vt 0.845710 0.401380
vt 0.845980 0.404210
vt 0.843540 0.396590
vt 0.847040 0.398880
vt 0.481340 0.913870
vt 0.482850 0.916300
vt 0.480770 0.918900
vt 0.477380 0.915070
vt 0.481260 0.911000
vt 0.478090 0.910000
vt 0.866120 0.358060
vt 0.868410 0.353970
vt 0.871380 0.357860
vt 0.869740 0.360200
vt 0.872940 0.352820
vt 0.874060 0.356870
vt 0.551410 0.862750
vt 0.555190 0.861280
vt 0.559210 0.859910
vt 0.557900 0.845100
vt 0.554170 0.845280
vt 0.554220 0.842820
vt 0.558010 0.842800
vt 0.550390 0.845330
vt 0.550440 0.842770
vt 0.564000 0.858750
vt 0.912410 0.452830
vt 0.909380 0.448400
vt 0.898860 0.460230
vt 0.902840 0.463200
vt 0.901610 0.465000
vt 0.897520 0.462190
vt 0.563070 0.842890
vt 0.562790 0.844870
vt 0.906730 0.444380
vt 0.904030 0.441240
vt 0.892890 0.455880
vt 0.895830 0.457940
vt 0.894510 0.460050
vt 0.891450 0.458080
vt 0.900790 0.439170
vt 0.899230 0.439740
vt 0.547510 0.863180
vt 0.546780 0.862040
vt 0.545310 0.845100
vt 0.545320 0.842490
vt 0.887070 0.455520
vt 0.888610 0.453100
vt 0.539610 0.874750
vt 0.542550 0.871530
vt 0.545320 0.868060
vt 0.532070 0.854130
vt 0.529330 0.856460
vt 0.527830 0.854660
vt 0.530770 0.852320
vt 0.526600 0.858830
vt 0.525020 0.857150
vt 0.547400 0.863040
vt 0.900390 0.439310
vt 0.901970 0.433810
vt 0.901930 0.429080
vt 0.900440 0.424820
vt 0.879780 0.431620
vt 0.881060 0.435010
vt 0.878930 0.435710
vt 0.877610 0.432330
vt 0.881880 0.438620
vt 0.879770 0.439250
vt 0.897720 0.420940
vt 0.896530 0.421020
vt 0.535820 0.877250
vt 0.534990 0.876660
vt 0.522880 0.861930
vt 0.521300 0.860640
vt 0.875460 0.427700
vt 0.877770 0.426840
vt 0.531430 0.890200
vt 0.533440 0.886250
vt 0.535120 0.882140
vt 0.515270 0.875020
vt 0.513870 0.878210
vt 0.511810 0.877360
vt 0.513410 0.874000
vt 0.512590 0.881450
vt 0.510560 0.880870
vt 0.535210 0.876860
vt 0.896730 0.420960
vt 0.900360 0.416620
vt 0.901730 0.412220
vt 0.901580 0.407440
vt 0.879600 0.404400
vt 0.879220 0.407960
vt 0.877160 0.407560
vt 0.877540 0.404020
vt 0.878290 0.411380
vt 0.876220 0.410970
vt 0.900090 0.402140
vt 0.899620 0.402010
vt 0.527900 0.894140
vt 0.527590 0.894040
vt 0.510970 0.885900
vt 0.509100 0.885640
vt 0.877810 0.398970
vt 0.880000 0.399320
vt 0.529090 0.905990
vt 0.529050 0.901780
vt 0.529000 0.898060
vt 0.509910 0.901940
vt 0.510640 0.905600
vt 0.508860 0.906030
vt 0.508110 0.902300
vt 0.511400 0.909270
vt 0.509750 0.909770
vt 0.526880 0.893950
vt 0.898680 0.401720
vt 0.903440 0.399810
vt 0.906000 0.396480
vt 0.908100 0.392510
vt 0.894180 0.380020
vt 0.891550 0.382790
vt 0.890410 0.381480
vt 0.892970 0.378830
vt 0.888890 0.385210
vt 0.887700 0.383840
vt 0.910330 0.387810
vt 0.529410 0.911130
vt 0.512510 0.914090
vt 0.511140 0.914630
vt 0.896370 0.375140
vt 0.897600 0.376320
vt 0.534940 0.849290
vt 0.535820 0.850950
vt 0.882920 0.443800
vt 0.880720 0.444320
vt 0.515740 0.869610
vt 0.517240 0.870750
vt 0.876760 0.416170
vt 0.874580 0.415740
vt 0.507130 0.897260
vt 0.508780 0.897050
vt 0.884990 0.388510
vt 0.883640 0.386940
vt 0.554370 0.840760
vt 0.550610 0.840600
vt 0.551270 0.833250
vt 0.555030 0.833740
vt 0.558120 0.840820
vt 0.558860 0.833970
vt 0.563830 0.834280
vt 0.563060 0.841070
vt 0.896510 0.464100
vt 0.900680 0.466800
vt 0.896990 0.473300
vt 0.892830 0.470680
vt 0.889610 0.468760
vt 0.893340 0.461990
vt 0.890120 0.460020
vt 0.886310 0.467120
vt 0.881800 0.465150
vt 0.885740 0.457700
vt 0.545550 0.840200
vt 0.546380 0.832430
vt 0.526660 0.853220
vt 0.523890 0.855710
vt 0.516870 0.846910
vt 0.519830 0.844560
vt 0.529640 0.850960
vt 0.522820 0.842260
vt 0.526810 0.839410
vt 0.533890 0.848080
vt 0.878040 0.439950
vt 0.878940 0.445030
vt 0.867660 0.448650
vt 0.866720 0.443830
vt 0.865690 0.440230
vt 0.877130 0.436300
vt 0.875760 0.432800
vt 0.864260 0.436780
vt 0.861970 0.432460
vt 0.873460 0.428210
vt 0.520230 0.859280
vt 0.513130 0.850090
vt 0.509890 0.876570
vt 0.508690 0.880080
vt 0.496700 0.875200
vt 0.498020 0.871680
vt 0.511530 0.873230
vt 0.499550 0.868250
vt 0.501790 0.863880
vt 0.514080 0.868840
vt 0.874130 0.410750
vt 0.872340 0.415540
vt 0.858790 0.412720
vt 0.860470 0.408120
vt 0.861420 0.404500
vt 0.875110 0.407160
vt 0.875530 0.403450
vt 0.861910 0.400790
vt 0.862090 0.395880
vt 0.875660 0.398340
vt 0.507400 0.885000
vt 0.495240 0.879880
vt 0.507320 0.906420
vt 0.508290 0.910090
vt 0.496850 0.913180
vt 0.495810 0.909560
vt 0.506580 0.902740
vt 0.494840 0.905910
vt 0.493690 0.901150
vt 0.505690 0.897710
vt 0.886520 0.382700
vt 0.882340 0.385610
vt 0.874020 0.375230
vt 0.878130 0.372640
vt 0.881110 0.370410
vt 0.889370 0.380300
vt 0.892030 0.377600
vt 0.883900 0.367910
vt 0.887340 0.364440
vt 0.895420 0.373910
vt 0.509830 0.914860
vt 0.498360 0.917820
vt 0.555240 0.832100
vt 0.551370 0.831520
vt 0.552820 0.825300
vt 0.556130 0.825920
vt 0.559190 0.832350
vt 0.559490 0.826190
vt 0.564140 0.832660
vt 0.564160 0.826040
vt 0.891920 0.472150
vt 0.895940 0.474960
vt 0.891890 0.481160
vt 0.888960 0.477670
vt 0.888840 0.470300
vt 0.886140 0.475720
vt 0.885590 0.468780
vt 0.882920 0.474630
vt 0.880980 0.467150
vt 0.878390 0.474480
vt 0.546530 0.830610
vt 0.548390 0.823870
vt 0.519080 0.843590
vt 0.516030 0.845940
vt 0.511920 0.839830
vt 0.514680 0.837820
vt 0.522110 0.841210
vt 0.517340 0.835690
vt 0.526080 0.838370
vt 0.520780 0.832500
vt 0.865460 0.444220
vt 0.866250 0.449050
vt 0.858050 0.451140
vt 0.858370 0.446520
vt 0.864480 0.440660
vt 0.857690 0.443110
vt 0.863020 0.437280
vt 0.856050 0.440070
vt 0.860580 0.433050
vt 0.852840 0.436740
vt 0.512280 0.849080
vt 0.507940 0.842300
vt 0.496830 0.871190
vt 0.495440 0.874770
vt 0.487840 0.871280
vt 0.489150 0.868060
vt 0.498350 0.867670
vt 0.490460 0.864850
vt 0.500570 0.863320
vt 0.492020 0.860390
vt 0.859120 0.407810
vt 0.857300 0.412360
vt 0.848170 0.409810
vt 0.850780 0.405930
vt 0.860090 0.404240
vt 0.851950 0.402620
vt 0.860540 0.400560
vt 0.852130 0.399120
vt 0.860590 0.395660
vt 0.851200 0.394540
vt 0.493970 0.879430
vt 0.485840 0.875560
vt 0.494580 0.909910
vt 0.495640 0.913620
vt 0.487620 0.915600
vt 0.486660 0.912260
vt 0.493550 0.906200
vt 0.485650 0.908930
vt 0.492400 0.901440
vt 0.484020 0.904490
vt 0.877330 0.371530
vt 0.873120 0.373960
vt 0.867800 0.366010
vt 0.872280 0.364730
vt 0.880310 0.369390
vt 0.875300 0.362960
vt 0.883030 0.366920
vt 0.877750 0.360450
vt 0.886370 0.363350
vt 0.880130 0.356430
vt 0.497180 0.918250
vt 0.488690 0.920210
vt 0.564990 0.923610
vt 0.553190 0.918190
vt 0.934320 0.393340
vt 0.946480 0.393230
vt 0.928680 0.380420
vt 0.935870 0.376210
vt 0.950870 0.389320
vt 0.568080 0.927960
vt 0.551090 0.931220
vt 0.547660 0.927670
vt 0.939990 0.372330
vt 0.541890 0.914060
vt 0.537510 0.912100
vt 0.917330 0.384590
vt 0.922400 0.389260
vt 0.921250 0.379380
vt 0.542030 0.925400
vt 0.535170 0.930390
vt 0.538100 0.934650
vt 0.536960 0.935590
vt 0.534360 0.931060
vt 0.931140 0.365240
vt 0.925030 0.371700
vt 0.924650 0.370570
vt 0.930630 0.363810
vt 0.542020 0.937520
vt 0.540720 0.938620
vt 0.935440 0.360920
vt 0.934890 0.359360
vt 0.536340 0.920370
vt 0.530390 0.923500
vt 0.533610 0.915230
vt 0.915050 0.378200
vt 0.918730 0.372840
vt 0.534560 0.937300
vt 0.526740 0.941420
vt 0.525560 0.936140
vt 0.532070 0.932340
vt 0.923150 0.368040
vt 0.919120 0.360610
vt 0.923810 0.353550
vt 0.928970 0.361210
vt 0.933100 0.356630
vt 0.927130 0.348670
vt 0.538010 0.941000
vt 0.528610 0.946120
vt 0.522050 0.928880
vt 0.527930 0.924960
vt 0.525660 0.919280
vt 0.519440 0.923730
vt 0.917430 0.370110
vt 0.911910 0.370160
vt 0.909340 0.363060
vt 0.914440 0.363380
vt 0.528180 0.917810
vt 0.913060 0.372750
vt 0.062370 0.304830
vt 0.062370 0.323990
vt 0.030380 0.322970
vt 0.030380 0.304510
vt 0.066250 0.340870
vt 0.030380 0.338070
vt 0.066250 0.354380
vt 0.095750 0.343630
vt 0.095750 0.362550
vt 0.066250 0.368120
vt 0.095750 0.381740
vt 0.054570 0.384800
vt 0.088760 0.401510
vt 0.062370 0.278060
vt 0.062370 0.264920
vt 0.095750 0.251190
vt 0.095750 0.267900
vt 0.062370 0.291740
vt 0.095750 0.285000
vt 0.095750 0.303540
vt 0.095750 0.324820
vt 0.124890 0.344930
vt 0.124890 0.365180
vt 0.124890 0.385710
vt 0.124890 0.407820
vt 0.124890 0.249110
vt 0.124890 0.266080
vt 0.124890 0.284750
vt 0.124890 0.303110
vt 0.124890 0.325040
vt 0.142140 0.365850
vt 0.142140 0.345110
vt 0.157950 0.346380
vt 0.157950 0.366760
vt 0.142140 0.386720
vt 0.157950 0.386850
vt 0.142140 0.408990
vt 0.157950 0.408280
vt 0.142140 0.265930
vt 0.142140 0.249380
vt 0.157950 0.250590
vt 0.157950 0.266400
vt 0.142140 0.285190
vt 0.157950 0.285630
vt 0.142140 0.304210
vt 0.157950 0.304790
vt 0.142140 0.325740
vt 0.157950 0.326840
vt 0.175120 0.368060
vt 0.175120 0.349120
vt 0.192190 0.351740
vt 0.192190 0.370000
vt 0.175120 0.386560
vt 0.192190 0.388060
vt 0.175120 0.409560
vt 0.192190 0.413310
vt 0.175120 0.267660
vt 0.175120 0.250410
vt 0.192190 0.246740
vt 0.192190 0.265930
vt 0.175120 0.285510
vt 0.192190 0.284450
vt 0.175120 0.303510
vt 0.192190 0.302420
vt 0.175120 0.327610
vt 0.192190 0.328080
vt 0.219760 0.354150
vt 0.219760 0.373870
vt 0.219760 0.393400
vt 0.219760 0.419460
vt 0.219760 0.236420
vt 0.219760 0.261120
vt 0.219760 0.279710
vt 0.219760 0.297770
vt 0.219760 0.327810
vt 0.252590 0.353540
vt 0.252590 0.375600
vt 0.252590 0.396980
vt 0.252590 0.424200
vt 0.245780 0.228580
vt 0.245780 0.254390
vt 0.252590 0.278260
vt 0.252590 0.296800
vt 0.252590 0.324170
vt 0.299670 0.343380
vt 0.299670 0.367470
vt 0.280230 0.393920
vt 0.280230 0.429870
vt 0.278090 0.219640
vt 0.278090 0.246230
vt 0.278090 0.273400
vt 0.299670 0.292730
vt 0.299670 0.319600
vt 0.844600 0.327020
vt 0.845330 0.279230
vt 0.859780 0.280050
vt 0.856280 0.326500
vt 0.876040 0.328710
vt 0.884260 0.284280
vt 0.900570 0.333340
vt 0.911940 0.293070
vt 0.891070 0.674580
vt 0.914300 0.668760
vt 0.926220 0.706690
vt 0.898190 0.711010
vt 0.879040 0.676040
vt 0.883660 0.713700
vt 0.870300 0.714440
vt 0.868390 0.676540
vt 0.857750 0.676520
vt 0.856940 0.714300
vt 0.842770 0.713980
vt 0.846270 0.675420
vt 0.822620 0.671140
vt 0.814280 0.712780
vt 0.832820 0.327430
vt 0.808840 0.328320
vt 0.803580 0.283990
vt 0.831200 0.279760
vt 0.847680 0.238230
vt 0.863260 0.239410
vt 0.891230 0.243140
vt 0.926170 0.249940
vt 0.938130 0.747530
vt 0.904410 0.754970
vt 0.887460 0.757500
vt 0.872670 0.758700
vt 0.857860 0.759040
vt 0.841420 0.758330
vt 0.807010 0.754680
vt 0.796690 0.239090
vt 0.831240 0.238160
vt 0.849600 0.193160
vt 0.866830 0.194560
vt 0.898350 0.198510
vt 0.936570 0.202150
vt 0.945670 0.794110
vt 0.908540 0.801880
vt 0.890640 0.804810
vt 0.875020 0.806460
vt 0.859300 0.806580
vt 0.841930 0.805470
vt 0.804200 0.801640
vt 0.793190 0.190800
vt 0.831240 0.192470
vt 0.182480 0.492040
vt 0.197690 0.493390
vt 0.196450 0.508140
vt 0.181150 0.506470
vt 0.177560 0.534910
vt 0.193080 0.537670
vt 0.171010 0.570690
vt 0.186650 0.575130
vt 0.542920 0.380760
vt 0.579180 0.374820
vt 0.579800 0.390140
vt 0.542380 0.396160
vt 0.525470 0.383110
vt 0.525480 0.398630
vt 0.511090 0.400020
vt 0.510160 0.384420
vt 0.494760 0.385390
vt 0.496490 0.400630
vt 0.480050 0.400780
vt 0.477880 0.385620
vt 0.441300 0.383870
vt 0.442190 0.399280
vt 0.183430 0.476090
vt 0.184860 0.439970
vt 0.200220 0.438980
vt 0.198810 0.476780
vt 0.221850 0.494480
vt 0.242530 0.496120
vt 0.241780 0.512220
vt 0.220900 0.511200
vt 0.217200 0.542820
vt 0.239440 0.543950
vt 0.210950 0.580710
vt 0.233580 0.581990
vt 0.544720 0.419360
vt 0.582130 0.414030
vt 0.585230 0.435550
vt 0.547250 0.441960
vt 0.527860 0.421440
vt 0.529170 0.444240
vt 0.513390 0.445610
vt 0.512720 0.422770
vt 0.497250 0.423600
vt 0.497430 0.446070
vt 0.479960 0.446140
vt 0.480700 0.423950
vt 0.442690 0.423350
vt 0.441450 0.444920
vt 0.222380 0.476880
vt 0.223210 0.438270
vt 0.243270 0.440160
vt 0.242990 0.478530
vt 0.275150 0.496220
vt 0.275730 0.514510
vt 0.273660 0.549490
vt 0.267010 0.588420
vt 0.590320 0.468300
vt 0.550850 0.471460
vt 0.532760 0.477840
vt 0.515130 0.479010
vt 0.497790 0.479850
vt 0.479520 0.480010
vt 0.440160 0.478590
vt 0.273630 0.437210
vt 0.274720 0.477320
vt 0.316880 0.497460
vt 0.318380 0.516750
vt 0.318210 0.554710
vt 0.307710 0.595440
vt 0.598940 0.508140
vt 0.559680 0.517210
vt 0.538030 0.521360
vt 0.519230 0.522720
vt 0.500300 0.522880
vt 0.481050 0.519830
vt 0.439960 0.517270
vt 0.307590 0.437470
vt 0.312010 0.477720
vt 0.352680 0.493290
vt 0.374570 0.485190
vt 0.375000 0.509520
vt 0.351250 0.514310
vt 0.344010 0.548780
vt 0.376420 0.546830
vt 0.320920 0.599230
vt 0.346610 0.608220
vt 0.560890 0.535450
vt 0.601940 0.521740
vt 0.609310 0.546920
vt 0.562480 0.567390
vt 0.539400 0.540580
vt 0.537730 0.578620
vt 0.520280 0.584590
vt 0.521150 0.550260
vt 0.503190 0.560490
vt 0.501620 0.587000
vt 0.479630 0.589260
vt 0.484000 0.560170
vt 0.351020 0.471840
vt 0.344990 0.426460
vt 0.367550 0.415080
vt 0.374620 0.462690
vt 0.164850 0.490620
vt 0.163510 0.504850
vt 0.159980 0.532800
vt 0.153160 0.567830
vt 0.539750 0.364360
vt 0.575000 0.358160
vt 0.523480 0.366590
vt 0.509640 0.368010
vt 0.495620 0.368850
vt 0.479870 0.368900
vt 0.444200 0.366640
vt 0.165820 0.474630
vt 0.167220 0.438860
vt 0.570970 0.800280
vt 0.570810 0.783030
vt 0.593270 0.785470
vt 0.592450 0.805940
vt 0.634620 0.809800
vt 0.635250 0.786620
vt 0.071820 0.593650
vt 0.080810 0.612180
vt 0.056360 0.619970
vt 0.046410 0.601750
vt 0.000000 0.613520
vt 0.007920 0.630970
vt 0.547220 0.800910
vt 0.500520 0.802820
vt 0.495740 0.784390
vt 0.545500 0.781280
vt 0.571810 0.762010
vt 0.594600 0.765300
vt 0.635850 0.764660
vt 0.083640 0.633410
vt 0.060080 0.641980
vt 0.012060 0.654570
vt 0.496100 0.761100
vt 0.546380 0.759390
vt 0.573410 0.740440
vt 0.597790 0.738010
vt 0.636600 0.737120
vt 0.082990 0.655620
vt 0.059590 0.660840
vt 0.013760 0.680950
vt 0.498630 0.735580
vt 0.549070 0.741430
vt 0.576180 0.713050
vt 0.597680 0.710750
vt 0.637290 0.711640
vt 0.078500 0.686200
vt 0.054790 0.692500
vt 0.011780 0.712090
vt 0.506250 0.705530
vt 0.552720 0.712100
vt 0.573120 0.689360
vt 0.596370 0.691860
vt 0.637870 0.690270
vt 0.637830 0.691900
vt 0.075870 0.709550
vt 0.050280 0.717570
vt 0.011290 0.728160
vt 0.508180 0.689760
vt 0.548220 0.688950
vt 0.571360 0.662900
vt 0.593840 0.662360
vt 0.638530 0.666100
vt 0.076630 0.739780
vt 0.044830 0.744220
vt 0.010940 0.743080
vt 0.508710 0.674900
vt 0.544870 0.667790
vt 0.571330 0.650260
vt 0.594290 0.644060
vt 0.639060 0.646680
vt 0.078560 0.761260
vt 0.053180 0.761010
vt 0.587090 0.821460
vt 0.619960 0.818620
vt 0.627810 0.835410
vt 0.577900 0.834050
vt 0.310540 0.823120
vt 0.290010 0.855350
vt 0.287980 0.839890
vt 0.302990 0.813500
vt 0.329180 0.777230
vt 0.331100 0.747080
vt 0.347270 0.753300
vt 0.344840 0.776940
vt 0.385840 0.777610
vt 0.384700 0.755570
vt 0.656990 0.848250
vt 0.658070 0.881220
vt 0.639780 0.895880
vt 0.638070 0.858260
vt 0.339130 0.719830
vt 0.352710 0.728800
vt 0.383570 0.733880
vt 0.670000 0.896370
vt 0.659510 0.905080
vt 0.616410 0.927670
vt 0.643840 0.926100
vt 0.314500 0.741520
vt 0.300260 0.718990
vt 0.316900 0.697990
vt 0.327940 0.710840
vt 0.359700 0.706660
vt 0.366760 0.711310
vt 0.382630 0.715840
vt 0.689900 0.912140
vt 0.682940 0.919840
vt 0.672970 0.935890
vt 0.344310 0.686130
vt 0.353510 0.700640
vt 0.390840 0.484350
vt 0.418590 0.474790
vt 0.412610 0.492160
vt 0.395060 0.507320
vt 0.415000 0.546850
vt 0.426510 0.524470
vt 0.539280 0.612290
vt 0.539640 0.643730
vt 0.519100 0.642620
vt 0.518660 0.612650
vt 0.499630 0.611010
vt 0.498930 0.640540
vt 0.475430 0.636810
vt 0.476520 0.607660
vt 0.389220 0.460560
vt 0.383160 0.415300
vt 0.408100 0.407590
vt 0.416220 0.452990
vt 0.652190 0.829740
vt 0.321680 0.801760
vt 0.343020 0.795710
vt 0.386830 0.796510
vt 0.301580 0.749370
vt 0.289480 0.728670
vt 0.601770 0.930220
vt 0.611930 0.909500
vt 0.616660 0.872860
vt 0.599890 0.853110
vt 0.572860 0.847160
vt 0.275410 0.833620
vt 0.288870 0.813120
vt 0.301540 0.783730
vt 0.313420 0.780290
vt 0.432880 0.601960
vt 0.429640 0.627900
vt 0.439930 0.560770
vt 0.439250 0.586890
vt 0.101690 0.936260
vt 0.074140 0.921100
vt 0.079040 0.911020
vt 0.106730 0.926040
vt 0.199800 0.917220
vt 0.222040 0.904940
vt 0.238830 0.918040
vt 0.211090 0.932560
vt 0.188200 0.897560
vt 0.211400 0.880510
vt 0.111900 0.915850
vt 0.085040 0.902010
vt 0.094330 0.881430
vt 0.124090 0.897890
vt 0.174280 0.803200
vt 0.178960 0.795880
vt 0.192390 0.825500
vt 0.184680 0.829630
vt 0.158930 0.793500
vt 0.151080 0.791810
vt 0.150450 0.778390
vt 0.159940 0.781110
vt 0.139130 0.797840
vt 0.129480 0.805430
vt 0.124210 0.798680
vt 0.134060 0.787220
vt 0.047740 0.908690
vt 0.052960 0.898130
vt 0.252860 0.885680
vt 0.264080 0.903580
vt 0.236890 0.862410
vt 0.191850 0.781540
vt 0.209440 0.815120
vt 0.149430 0.761020
vt 0.164300 0.762790
vt 0.110680 0.784510
vt 0.123260 0.771930
vt 0.058260 0.888290
vt 0.070500 0.866940
vt 0.830580 0.343890
vt 0.808800 0.344030
vt 0.825540 0.656060
vt 0.847120 0.658510
vt 0.857480 0.662010
vt 0.867630 0.663160
vt 0.877740 0.663250
vt 0.889930 0.660990
vt 0.911270 0.653150
vt 0.897130 0.349090
vt 0.874780 0.343420
vt 0.854730 0.343040
vt 0.842420 0.342990
vt 0.172440 0.881310
vt 0.177130 0.855120
vt 0.189750 0.863800
vt 0.204400 0.855720
vt 0.163150 0.873790
vt 0.154090 0.871500
vt 0.153510 0.848060
vt 0.163390 0.849040
vt 0.144930 0.874120
vt 0.135960 0.879440
vt 0.130960 0.853300
vt 0.144140 0.848500
vt 0.116890 0.865220
vt 0.101820 0.858100
vt 0.224660 0.844390
vt 0.079460 0.851140
vt 0.171150 0.823000
vt 0.152390 0.818350
vt 0.160070 0.818970
vt 0.134940 0.820910
vt 0.144870 0.819010
vt 0.121620 0.829260
vt 0.111070 0.826260
vt 0.094870 0.816520
vt 0.164200 0.797530
vt 0.143190 0.794510
vt 0.920410 0.516600
vt 0.922420 0.480530
vt 0.952020 0.485240
vt 0.952340 0.517040
vt 0.921300 0.551020
vt 0.951470 0.550460
vt 0.918040 0.573320
vt 0.951000 0.572510
vt 0.931300 0.598380
vt 0.951140 0.591740
vt 0.950780 0.606480
vt 0.941290 0.460360
vt 0.952560 0.456440
vt 0.951980 0.474800
vt 0.932970 0.468360
vt 0.962100 0.603370
vt 0.970390 0.595910
vt 0.981370 0.573770
vt 0.981490 0.555080
vt 0.983660 0.515990
vt 0.979540 0.482260
vt 0.962740 0.461720
vt 0.970300 0.470400
vt 0.140800 0.781480
vt 0.135450 0.764340
vt 0.168280 0.785400
vt 0.177150 0.769080
vt 0.118820 0.580900
vt 0.122130 0.604670
vt 0.101580 0.606430
vt 0.094790 0.586630
vt 0.123370 0.623320
vt 0.103770 0.626700
vt 0.122980 0.655310
vt 0.103490 0.654360
vt 0.122210 0.690700
vt 0.099960 0.685560
vt 0.121690 0.707470
vt 0.098890 0.705120
vt 0.119900 0.736190
vt 0.097050 0.738140
vt 0.119640 0.752620
vt 0.097440 0.756280
vt 0.692010 0.831330
vt 0.693540 0.862460
vt 0.675560 0.869730
vt 0.673500 0.836580
vt 0.697090 0.883500
vt 0.682280 0.889820
vt 0.704740 0.902160
vt 0.696480 0.904580
vt 0.690190 0.815090
vt 0.669030 0.820650
vt 0.414810 0.547180
vt 0.564250 0.595280
vt 0.564030 0.601920
vt 0.733600 0.166930
vt 0.746850 0.173210
vt 0.733850 0.174450
vt 0.837260 0.130820
vt 0.827360 0.136260
vt 0.818810 0.138730
vt 0.805360 0.144970
vt 0.788050 0.155100
vt 0.775640 0.163320
vt 0.761420 0.169260
vt 0.745100 0.187870
vt 0.734360 0.189780
vt 0.755340 0.186340
vt 0.767240 0.182030
vt 0.781330 0.177790
vt 0.805900 0.168960
vt 0.825210 0.161630
vt 0.834060 0.158410
vt 0.842000 0.155300
vt 0.317710 0.361340
vt 0.317710 0.397490
vt 0.302470 0.428090
vt 0.299710 0.210150
vt 0.299710 0.234370
vt 0.317710 0.256760
vt 0.317710 0.280510
vt 0.317710 0.314160
vt 0.317710 0.336040
vt 0.149900 0.503950
vt 0.150960 0.489710
vt 0.146430 0.531490
vt 0.139540 0.565230
vt 0.537240 0.350960
vt 0.571210 0.345060
vt 0.509430 0.354300
vt 0.522160 0.352990
vt 0.481600 0.355320
vt 0.496390 0.355160
vt 0.447100 0.353200
vt 0.152200 0.473540
vt 0.153450 0.438390
vt 0.044130 0.745430
vt 0.011240 0.744370
vt 0.508690 0.673580
vt 0.543970 0.663740
vt 0.571240 0.648840
vt 0.594510 0.642740
vt 0.052400 0.761880
vt 0.078690 0.762560
vt 0.119870 0.753960
vt 0.097800 0.757560
vt 0.144080 0.753610
vt 0.144080 0.752260
vt 0.550040 0.658530
vt 0.551090 0.659360
vt 0.850490 0.186240
vt 0.867900 0.187620
vt 0.898760 0.191170
vt 0.934620 0.194460
vt 0.945060 0.802100
vt 0.910010 0.808990
vt 0.891640 0.812650
vt 0.875400 0.813980
vt 0.859050 0.813980
vt 0.841040 0.812580
vt 0.805650 0.809160
vt 0.796030 0.183510
vt 0.831760 0.185570
vt 0.013880 0.298230
vt 0.013880 0.291450
vt 0.012170 0.291720
vt 0.013880 0.322870
vt 0.013880 0.305080
vt 0.013780 0.304550
vt 0.013880 0.344190
vt 0.013880 0.338580
vt 0.017740 0.338750
vt 0.007340 0.363600
vt 0.013880 0.349510
vt 0.015810 0.349710
vt 0.360370 0.705820
vt 0.367290 0.710360
vt 0.690610 0.912930
vt 0.683760 0.920570
vt 0.674040 0.936230
vt 0.345340 0.685720
vt 0.354290 0.699870
vt 0.704950 0.903170
vt 0.696980 0.905530
vt 0.713090 0.900620
vt 0.713100 0.899530
vt 0.030380 0.296120
vt 0.030380 0.288450
vt 0.030380 0.346060
vt 0.030380 0.354460
vt 0.024280 0.367830
vt 0.013880 0.273390
vt 0.030380 0.272310
vt 0.013760 0.018910
vt 0.010920 0.017120
vt 0.253660 0.195740
vt 0.669640 0.000610
vt 0.669770 0.005580
vt 0.660990 0.005170
vt 0.665970 0.000000
vt 0.251390 0.167720
vt 0.288530 0.171300
vt 0.688350 0.001530
vt 0.688290 0.004930
vt 0.679350 0.003840
vt 0.679700 0.000000
vt 0.004280 0.024160
vt 0.009240 0.016790
vt 0.272570 0.094380
vt 0.303900 0.107280
vt 0.300440 0.123050
vt 0.632980 0.004970
vt 0.629310 0.005630
vt 0.624270 0.000520
vt 0.633040 0.000000
vt 0.268350 0.106970
vt 0.291560 0.201990
vt 0.730240 0.112160
vt 0.730110 0.111070
vt 0.730470 0.111970
vt 0.730620 0.114810
vt 0.731320 0.121520
vt 0.730900 0.117140
vt 0.258860 0.213550
vt 0.614750 0.000000
vt 0.615060 0.003380
vt 0.606540 0.005550
vt 0.605910 0.001740
vt 0.267440 0.120680
vt 0.298810 0.130540
vt 0.297430 0.138810
vt 0.729760 0.104590
vt 0.731660 0.125220
vt 0.729990 0.105870
vt 0.729990 0.106120
vt 0.264470 0.133440
vt 0.794970 0.015860
vt 0.819310 0.031020
vt 0.765410 0.010300
vt 0.728520 0.014750
vt 0.729750 0.053370
vt 0.835590 0.053140
vt 0.838780 0.060940
vt 0.844850 0.086780
vt 0.730160 0.066840
vt 0.845650 0.108650
vt 0.351010 0.607440
vt 0.612690 0.549580
vt 0.713270 0.881720
vt 0.713480 0.860700
vt 0.713760 0.830550
vt 0.713920 0.814350
vt 0.144000 0.735720
vt 0.143890 0.713670
vt 0.143810 0.695810
vt 0.143620 0.657300
vt 0.143460 0.622690
vt 0.143370 0.603910
vt 0.143250 0.577210
vt 0.560800 0.642250
vt 0.848700 0.123740
vt 0.856710 0.147980
vt 0.639100 0.645340
vt 0.382580 0.714790
vt 0.020930 0.018120
vt 0.017910 0.010100
vt 0.022620 0.001480
vt 0.024650 0.015580
vt 0.016120 0.008890
vt 0.017970 0.005380
vt 0.202650 0.000000
vt 0.201480 0.009770
vt 0.197070 0.015440
vt 0.194620 0.011860
vt 0.465160 0.000750
vt 0.459660 0.003490
vt 0.455960 0.003810
vt 0.455350 0.000000
vt 0.022240 0.019370
vt 0.019750 0.022140
vt 0.024440 0.001180
vt 0.026460 0.015220
vt 0.025280 0.017130
vt 0.022370 0.019450
vt 0.016800 0.003940
vt 0.021530 0.000000
vt 0.014530 0.007890
vt 0.016300 0.004630
vt 0.729310 0.112770
vt 0.729000 0.115150
vt 0.727330 0.115570
vt 0.728040 0.113660
vt 0.219670 0.006700
vt 0.215280 0.006800
vt 0.215280 0.003990
vt 0.219730 0.003770
vt 0.719030 0.087610
vt 0.720740 0.088630
vt 0.716640 0.091090
vt 0.716540 0.089660
vt 0.714100 0.083420
vt 0.714180 0.084690
vt 0.712630 0.086960
vt 0.711410 0.087410
vt 0.721510 0.081350
vt 0.720120 0.082870
vt 0.717090 0.083300
vt 0.718220 0.081160
vt 0.721970 0.084740
vt 0.720240 0.085140
vt 0.710410 0.118750
vt 0.717090 0.117510
vt 0.720080 0.121280
vt 0.715360 0.125870
vt 0.686710 0.114610
vt 0.702610 0.107760
vt 0.701830 0.123780
vt 0.691990 0.128700
vt 0.712900 0.091180
vt 0.713700 0.089920
vt 0.224620 0.005390
vt 0.224460 0.003400
vt 0.226410 0.003560
vt 0.215090 0.000920
vt 0.219370 0.000000
vt 0.224200 0.000200
vt 0.724150 0.089510
vt 0.716810 0.093300
vt 0.711140 0.092660
vt 0.708460 0.088030
vt 0.711770 0.081310
vt 0.718920 0.076810
vt 0.724810 0.078060
vt 0.724930 0.084130
vt 0.723240 0.096170
vt 0.715440 0.100530
vt 0.704000 0.091240
vt 0.706220 0.079480
vt 0.716060 0.070320
vt 0.727640 0.085700
vt 0.728250 0.080050
vt 0.729320 0.080820
vt 0.729220 0.086270
vt 0.729290 0.092010
vt 0.727610 0.091280
vt 0.212990 0.004220
vt 0.725790 0.100840
vt 0.718760 0.107850
vt 0.729290 0.111320
vt 0.729880 0.109280
vt 0.727950 0.099570
vt 0.727570 0.097070
vt 0.728930 0.097100
vt 0.729060 0.099230
vt 0.728090 0.121140
vt 0.725720 0.118330
vt 0.727570 0.117160
vt 0.728890 0.117470
vt 0.721890 0.128880
vt 0.723990 0.123240
vt 0.728040 0.124970
vt 0.727140 0.130000
vt 0.723760 0.115660
vt 0.727420 0.112870
vt 0.729030 0.111290
vt 0.726580 0.084600
vt 0.727330 0.079460
vt 0.726240 0.090140
vt 0.729010 0.102150
vt 0.729400 0.104570
vt 0.729340 0.104670
vt 0.728790 0.102440
vt 0.727080 0.099970
vt 0.726120 0.096860
vt 0.726910 0.076980
vt 0.725700 0.075340
vt 0.726980 0.074890
vt 0.727940 0.077510
vt 0.729050 0.077940
vt 0.728670 0.074920
vt 0.726230 0.103790
vt 0.725080 0.107270
vt 0.723450 0.112260
vt 0.724460 0.116880
vt 0.172590 0.007480
vt 0.177660 0.002400
vt 0.187200 0.000000
vt 0.176440 0.009460
vt 0.436990 0.000360
vt 0.440680 0.000000
vt 0.446590 0.001700
vt 0.437080 0.004220
vt 0.729500 0.105590
vt 0.729470 0.105540
vt 0.728250 0.103380
vt 0.714350 0.085410
vt 0.716750 0.084130
vt 0.713220 0.086960
vt 0.714140 0.089200
vt 0.716460 0.088750
vt 0.718490 0.087500
vt 0.719680 0.085230
vt 0.718930 0.083820
vt 0.652340 0.056100
vt 0.647030 0.044750
vt 0.666880 0.032740
vt 0.669930 0.045570
vt 0.690360 0.029970
vt 0.688900 0.044000
vt 0.717060 0.031300
vt 0.708200 0.044790
vt 0.724270 0.052170
vt 0.717550 0.056940
vt 0.640720 0.073790
vt 0.633210 0.065780
vt 0.659860 0.065700
vt 0.672940 0.057390
vt 0.687290 0.055940
vt 0.700890 0.056460
vt 0.709340 0.064670
vt 0.650140 0.079910
vt 0.667000 0.074170
vt 0.675910 0.068020
vt 0.685570 0.065940
vt 0.694290 0.067180
vt 0.699990 0.073900
vt 0.660790 0.084410
vt 0.671200 0.093390
vt 0.676390 0.089050
vt 0.682240 0.087480
vt 0.684620 0.088290
vt 0.688430 0.093700
vt 0.689720 0.099380
vt 0.669340 0.099270
vt 0.683210 0.093210
vt 0.686450 0.097140
vt 0.680650 0.097630
vt 0.680040 0.093320
vt 0.675140 0.098980
vt 0.676850 0.095450
vt 0.687660 0.101430
vt 0.680940 0.102860
vt 0.674490 0.102380
vt 0.724730 0.141920
vt 0.726130 0.134840
vt 0.709790 0.131380
vt 0.702030 0.138020
vt 0.687800 0.107260
vt 0.714100 0.142840
vt 0.719180 0.134800
vt 0.721140 0.154710
vt 0.690260 0.146590
vt 0.681900 0.133560
vt 0.680650 0.108420
vt 0.685650 0.107550
vt 0.684920 0.112800
vt 0.679720 0.114800
vt 0.704590 0.153480
vt 0.681140 0.119710
vt 0.723280 0.066020
vt 0.686070 0.154990
vt 0.675670 0.141640
vt 0.674730 0.107080
vt 0.674920 0.112110
vt 0.700770 0.161630
vt 0.717160 0.165690
vt 0.673050 0.118380
vt 0.631430 0.075270
vt 0.640430 0.082440
vt 0.648430 0.088060
vt 0.658220 0.092040
vt 0.669570 0.108860
vt 0.629090 0.100970
vt 0.639120 0.106900
vt 0.648920 0.111910
vt 0.658810 0.115230
vt 0.642710 0.128930
vt 0.651930 0.132310
vt 0.661140 0.134740
vt 0.727410 0.065600
vt 0.680300 0.090530
vt 0.683960 0.090520
vt 0.687760 0.095140
vt 0.673070 0.096700
vt 0.675930 0.092700
vt 0.689040 0.100100
vt 0.672580 0.100640
vt 0.687070 0.107690
vt 0.679430 0.116630
vt 0.673610 0.113570
vt 0.672470 0.107160
vt 0.631050 0.123440
vt 0.299260 0.131000
vt 0.301240 0.123250
vt 0.315740 0.129180
vt 0.314770 0.135120
vt 0.008200 0.497580
vt 0.009950 0.492120
vt 0.021560 0.494080
vt 0.017550 0.499840
vt 0.857710 0.060130
vt 0.855620 0.054220
vt 0.864380 0.049170
vt 0.869800 0.053970
vt 0.298120 0.138950
vt 0.312040 0.141010
vt 0.057490 0.536520
vt 0.049990 0.537410
vt 0.049520 0.533060
vt 0.053720 0.532290
vt 0.903400 0.005100
vt 0.903830 0.000000
vt 0.909760 0.002590
vt 0.907720 0.009090
vt 0.063210 0.529780
vt 0.059340 0.528120
vt 0.913630 0.009900
vt 0.910200 0.013550
vt 0.063200 0.495490
vt 0.058710 0.495990
vt 0.053750 0.492190
vt 0.063450 0.489370
vt 0.901380 0.050450
vt 0.904020 0.043960
vt 0.909900 0.045240
vt 0.910610 0.050640
vt 0.292120 0.156660
vt 0.306860 0.158890
vt 0.859510 0.078510
vt 0.868840 0.060940
vt 0.886860 0.059140
vt 0.886310 0.053800
vt 0.902640 0.057270
vt 0.869910 0.077540
vt 0.888860 0.071040
vt 0.904830 0.070280
vt 0.915860 0.061690
vt 0.912350 0.055660
vt 0.888720 0.082670
vt 0.904750 0.083050
vt 0.917260 0.077360
vt 0.915280 0.069680
vt 0.869510 0.092940
vt 0.858560 0.094900
vt 0.870430 0.098460
vt 0.289180 0.171520
vt 0.302210 0.174450
vt 0.886980 0.094080
vt 0.885790 0.100250
vt 0.901990 0.095840
vt 0.900310 0.101610
vt 0.914850 0.092710
vt 0.914870 0.084770
vt 0.911120 0.098350
vt 0.908640 0.103410
vt 0.287670 0.179470
vt 0.302240 0.180120
vt 0.857290 0.099980
vt 0.869380 0.103900
vt 0.002750 0.461110
vt 0.000000 0.456680
vt 0.010880 0.449400
vt 0.011530 0.454570
vt 0.287970 0.187490
vt 0.302240 0.185600
vt 0.884840 0.106290
vt 0.025490 0.445550
vt 0.027280 0.450470
vt 0.899200 0.107400
vt 0.037340 0.440880
vt 0.040150 0.445690
vt 0.906540 0.108400
vt 0.042620 0.438430
vt 0.046740 0.441360
vt 0.292170 0.202400
vt 0.307630 0.201360
vt 0.008260 0.475490
vt 0.014880 0.465880
vt 0.029120 0.455190
vt 0.042920 0.449910
vt 0.032910 0.465410
vt 0.048640 0.461100
vt 0.055970 0.448320
vt 0.050570 0.444040
vt 0.019040 0.482250
vt 0.035950 0.476040
vt 0.052260 0.473450
vt 0.063170 0.462460
vt 0.058950 0.455590
vt 0.304460 0.107630
vt 0.319080 0.110800
vt 0.037680 0.486530
vt 0.038570 0.491440
vt 0.053390 0.486080
vt 0.066020 0.478410
vt 0.063910 0.470770
vt 0.064360 0.484890
vt 0.058010 0.398900
vt 0.056160 0.401480
vt 0.053490 0.401150
vt 0.053470 0.397160
vt 0.050820 0.401520
vt 0.048940 0.398960
vt 0.935740 0.137460
vt 0.937620 0.141650
vt 0.933190 0.142030
vt 0.933100 0.138160
vt 0.938010 0.135890
vt 0.940840 0.138550
vt 0.103150 0.422820
vt 0.099930 0.423100
vt 0.098520 0.420720
vt 0.101580 0.418080
vt 0.096320 0.419010
vt 0.097060 0.415870
vt 0.968090 0.102890
vt 0.972490 0.104630
vt 0.969430 0.107960
vt 0.966530 0.105180
vt 0.968500 0.100140
vt 0.972520 0.100110
vt 0.123510 0.471010
vt 0.120850 0.469010
vt 0.121650 0.466260
vt 0.125780 0.466420
vt 0.121000 0.463460
vt 0.123790 0.461660
vt 0.975720 0.059620
vt 0.980520 0.058790
vt 0.979470 0.063320
vt 0.975380 0.062440
vt 0.974450 0.057080
vt 0.978010 0.054890
vt 0.102060 0.523840
vt 0.101800 0.520500
vt 0.104410 0.519310
vt 0.107020 0.522550
vt 0.106070 0.516950
vt 0.109270 0.517900
vt 0.950880 0.015300
vt 0.953920 0.011470
vt 0.956130 0.015600
vt 0.952470 0.017680
vt 0.948220 0.014260
vt 0.949410 0.010230
vt 0.055210 0.442970
vt 0.051700 0.440900
vt 0.047920 0.439010
vt 0.053910 0.422560
vt 0.053840 0.425030
vt 0.050130 0.424560
vt 0.050100 0.422250
vt 0.057710 0.422820
vt 0.057640 0.425390
vt 0.043310 0.437470
vt 0.907940 0.109390
vt 0.911050 0.105020
vt 0.918460 0.121780
vt 0.917260 0.119960
vt 0.921310 0.117070
vt 0.922610 0.119060
vt 0.045030 0.422070
vt 0.045240 0.424090
vt 0.913800 0.101070
vt 0.916560 0.097980
vt 0.925660 0.116990
vt 0.924390 0.114860
vt 0.927380 0.112860
vt 0.928770 0.115090
vt 0.919850 0.095950
vt 0.921400 0.096550
vt 0.059950 0.443010
vt 0.058910 0.444210
vt 0.062880 0.422860
vt 0.062780 0.425490
vt 0.933210 0.112640
vt 0.931730 0.110180
vt 0.064450 0.457150
vt 0.062210 0.453380
vt 0.060170 0.449430
vt 0.079260 0.438640
vt 0.077560 0.440250
vt 0.075090 0.437400
vt 0.076620 0.435800
vt 0.081780 0.441600
vt 0.080050 0.443130
vt 0.058960 0.444170
vt 0.920240 0.096090
vt 0.918770 0.090600
vt 0.918900 0.085900
vt 0.920470 0.081700
vt 0.941780 0.092910
vt 0.939660 0.092180
vt 0.941030 0.088780
vt 0.943170 0.089540
vt 0.940860 0.096460
vt 0.938770 0.095790
vt 0.923290 0.077930
vt 0.924440 0.078040
vt 0.068640 0.459880
vt 0.067720 0.460280
vt 0.085190 0.445590
vt 0.083550 0.446900
vt 0.945420 0.084920
vt 0.943130 0.083970
vt 0.068820 0.474650
vt 0.067840 0.470100
vt 0.067200 0.465490
vt 0.091560 0.466800
vt 0.089320 0.467020
vt 0.088920 0.463470
vt 0.091070 0.463070
vt 0.091720 0.470550
vt 0.089620 0.470550
vt 0.068210 0.460070
vt 0.924240 0.077970
vt 0.920710 0.073520
vt 0.919450 0.069080
vt 0.919710 0.064310
vt 0.944130 0.065010
vt 0.942050 0.065360
vt 0.941760 0.061780
vt 0.943830 0.061460
vt 0.944980 0.068450
vt 0.942890 0.068810
vt 0.921320 0.059030
vt 0.921800 0.058930
vt 0.071650 0.479570
vt 0.071320 0.479600
vt 0.091830 0.475540
vt 0.090100 0.475310
vt 0.943690 0.056400
vt 0.941490 0.056690
vt 0.066440 0.490560
vt 0.067820 0.486560
vt 0.069100 0.482980
vt 0.084950 0.498210
vt 0.083530 0.497030
vt 0.085760 0.494030
vt 0.087260 0.495180
vt 0.082520 0.501150
vt 0.081300 0.500000
vt 0.072640 0.479630
vt 0.922740 0.058640
vt 0.918020 0.056630
vt 0.915530 0.053250
vt 0.913510 0.049240
vt 0.931410 0.038560
vt 0.930240 0.039850
vt 0.927670 0.037030
vt 0.928900 0.035860
vt 0.934080 0.040980
vt 0.932860 0.042320
vt 0.911380 0.044500
vt 0.064600 0.495290
vt 0.079100 0.504880
vt 0.078300 0.503870
vt 0.925570 0.032110
vt 0.924320 0.033260
vt 0.072860 0.432080
vt 0.071650 0.433500
vt 0.939800 0.101530
vt 0.937600 0.101000
vt 0.090270 0.458100
vt 0.088390 0.458660
vt 0.946490 0.073260
vt 0.944300 0.073640
vt 0.090380 0.491070
vt 0.088860 0.490010
vt 0.938070 0.044150
vt 0.936700 0.045690
vt 0.057540 0.413300
vt 0.057670 0.420640
vt 0.053880 0.420490
vt 0.053720 0.413420
vt 0.050100 0.420270
vt 0.049860 0.413280
vt 0.045100 0.420200
vt 0.044880 0.413120
vt 0.922880 0.130180
vt 0.919350 0.123600
vt 0.923580 0.120990
vt 0.927100 0.127660
vt 0.926800 0.118950
vt 0.930370 0.125820
vt 0.930060 0.117070
vt 0.933700 0.124250
vt 0.934490 0.114850
vt 0.938260 0.122390
vt 0.062520 0.412930
vt 0.062750 0.420580
vt 0.091160 0.432450
vt 0.083060 0.440260
vt 0.080600 0.437340
vt 0.088610 0.429640
vt 0.077940 0.434610
vt 0.086020 0.426880
vt 0.074110 0.431100
vt 0.082500 0.423430
vt 0.952740 0.106110
vt 0.941560 0.102250
vt 0.942570 0.097190
vt 0.953790 0.101320
vt 0.943560 0.093540
vt 0.954900 0.097730
vt 0.945010 0.090060
vt 0.956420 0.094320
vt 0.947420 0.085510
vt 0.958820 0.090060
vt 0.094400 0.436150
vt 0.086340 0.444280
vt 0.106540 0.469800
vt 0.093720 0.470350
vt 0.093660 0.466620
vt 0.106570 0.466040
vt 0.093160 0.462930
vt 0.106370 0.462270
vt 0.092170 0.457930
vt 0.105820 0.457380
vt 0.962360 0.070630
vt 0.948740 0.073110
vt 0.947070 0.068280
vt 0.960790 0.065980
vt 0.946180 0.064660
vt 0.959940 0.062340
vt 0.945850 0.060950
vt 0.959540 0.058620
vt 0.945860 0.055830
vt 0.959480 0.053710
vt 0.106260 0.474700
vt 0.093510 0.475430
vt 0.091840 0.510320
vt 0.083620 0.502090
vt 0.086150 0.499260
vt 0.094600 0.507750
vt 0.088460 0.496300
vt 0.097320 0.505100
vt 0.091570 0.492240
vt 0.100770 0.501580
vt 0.947920 0.032620
vt 0.939400 0.042840
vt 0.935280 0.039850
vt 0.943850 0.029950
vt 0.932480 0.037390
vt 0.940920 0.027670
vt 0.929870 0.034650
vt 0.938170 0.025110
vt 0.926540 0.030890
vt 0.934800 0.021580
vt 0.088150 0.513510
vt 0.080040 0.505600
vt 0.056910 0.405280
vt 0.057610 0.411580
vt 0.053670 0.411760
vt 0.053530 0.405490
vt 0.049700 0.411600
vt 0.050150 0.405340
vt 0.044730 0.411400
vt 0.045520 0.404600
vt 0.927790 0.138150
vt 0.923890 0.131860
vt 0.927970 0.129150
vt 0.930810 0.134730
vt 0.931100 0.127380
vt 0.933670 0.132850
vt 0.934380 0.125920
vt 0.936910 0.131840
vt 0.939030 0.124400
vt 0.941450 0.131790
vt 0.061500 0.404410
vt 0.062560 0.411170
vt 0.097240 0.426390
vt 0.092140 0.431630
vt 0.089510 0.428800
vt 0.094900 0.423890
vt 0.086900 0.425940
vt 0.092670 0.421290
vt 0.083430 0.422480
vt 0.089880 0.417490
vt 0.962280 0.108830
vt 0.954140 0.106550
vt 0.955040 0.101730
vt 0.962070 0.104200
vt 0.956100 0.098200
vt 0.962830 0.100820
vt 0.957640 0.094860
vt 0.964550 0.097820
vt 0.960190 0.090680
vt 0.967840 0.094570
vt 0.100710 0.429570
vt 0.095360 0.435330
vt 0.116150 0.469580
vt 0.107860 0.469860
vt 0.107870 0.466020
vt 0.116200 0.466100
vt 0.107730 0.462180
vt 0.116240 0.462610
vt 0.107240 0.457300
vt 0.116550 0.457870
vt 0.973050 0.067990
vt 0.963860 0.070310
vt 0.962150 0.065710
vt 0.970540 0.064040
vt 0.961270 0.062110
vt 0.969450 0.060710
vt 0.960910 0.058430
vt 0.969360 0.057200
vt 0.960990 0.053520
vt 0.970400 0.052640
vt 0.116310 0.474320
vt 0.107530 0.474750
vt 0.098230 0.517290
vt 0.092630 0.511320
vt 0.095470 0.508700
vt 0.100870 0.515000
vt 0.098280 0.506050
vt 0.103530 0.512740
vt 0.101760 0.502570
vt 0.107340 0.509900
vt 0.954310 0.023520
vt 0.948840 0.031360
vt 0.944670 0.028860
vt 0.949860 0.022150
vt 0.941730 0.026660
vt 0.946870 0.020330
vt 0.939060 0.024140
vt 0.944470 0.017770
vt 0.935790 0.020510
vt 0.942160 0.013710
vt 0.094800 0.520580
vt 0.088870 0.514460
vt 0.039670 0.495560
vt 0.028560 0.497130
vt 0.875120 0.049120
vt 0.887280 0.049490
vt 0.893180 0.036700
vt 0.886090 0.032340
vt 0.870820 0.045120
vt 0.022990 0.500460
vt 0.033970 0.507100
vt 0.024210 0.499750
vt 0.039070 0.505620
vt 0.882040 0.028380
vt 0.051570 0.496350
vt 0.057300 0.496410
vt 0.904450 0.041100
vt 0.899280 0.045670
vt 0.900630 0.035810
vt 0.045270 0.506420
vt 0.043240 0.517090
vt 0.043040 0.515700
vt 0.047900 0.514210
vt 0.048080 0.515240
vt 0.897410 0.026920
vt 0.897020 0.028050
vt 0.891030 0.021460
vt 0.891570 0.020050
vt 0.038430 0.517160
vt 0.038170 0.515790
vt 0.886810 0.017070
vt 0.887400 0.015520
vt 0.052930 0.505210
vt 0.055800 0.511720
vt 0.058310 0.502410
vt 0.906860 0.034750
vt 0.903280 0.029320
vt 0.051040 0.524840
vt 0.046460 0.527870
vt 0.043820 0.519820
vt 0.048950 0.517670
vt 0.898580 0.009920
vt 0.903140 0.017070
vt 0.898960 0.024430
vt 0.893280 0.017480
vt 0.889240 0.012820
vt 0.895360 0.004980
vt 0.041800 0.529900
vt 0.038770 0.520300
vt 0.058520 0.521730
vt 0.056750 0.514570
vt 0.062160 0.511630
vt 0.063930 0.519680
vt 0.912870 0.019720
vt 0.910160 0.026770
vt 0.904640 0.026600
vt 0.907760 0.019930
vt 0.061130 0.508560
vt 0.908960 0.029330
vt 0.291730 0.156540
vt 0.262450 0.152510
vt 0.225050 0.165960
vt 0.220890 0.184420
vt 0.218600 0.203490
vt 0.222370 0.224180
vt 0.240810 0.074970
vt 0.237940 0.091420
vt 0.236040 0.108430
vt 0.233360 0.126760
vt 0.229060 0.147580
vt 0.193790 0.161880
vt 0.190000 0.181750
vt 0.187700 0.202170
vt 0.188990 0.224810
vt 0.209460 0.067450
vt 0.206560 0.084150
vt 0.207290 0.103200
vt 0.201450 0.120810
vt 0.197760 0.142400
vt 0.162160 0.157880
vt 0.178420 0.159410
vt 0.174910 0.179830
vt 0.159100 0.178020
vt 0.173160 0.200680
vt 0.157340 0.198080
vt 0.171660 0.223000
vt 0.155930 0.219560
vt 0.177100 0.063360
vt 0.192570 0.064800
vt 0.190810 0.081270
vt 0.175140 0.079040
vt 0.187880 0.100300
vt 0.171460 0.097900
vt 0.185970 0.119250
vt 0.168420 0.116800
vt 0.182160 0.140420
vt 0.165260 0.138610
vt 0.125600 0.157000
vt 0.144710 0.157650
vt 0.141690 0.176320
vt 0.122690 0.175010
vt 0.141170 0.195000
vt 0.123100 0.193390
vt 0.140370 0.218170
vt 0.123860 0.219120
vt 0.147710 0.054380
vt 0.162290 0.060620
vt 0.155740 0.076970
vt 0.140550 0.072590
vt 0.155750 0.095070
vt 0.135800 0.090540
vt 0.151040 0.112500
vt 0.132080 0.108120
vt 0.147420 0.136310
vt 0.128550 0.133530
vt 0.097740 0.154630
vt 0.095490 0.174240
vt 0.096320 0.194180
vt 0.097760 0.220840
vt 0.125410 0.040050
vt 0.116880 0.063620
vt 0.109420 0.081180
vt 0.103650 0.098500
vt 0.100630 0.128430
vt 0.064340 0.148240
vt 0.065290 0.170760
vt 0.068360 0.192980
vt 0.067970 0.220500
vt 0.099480 0.027630
vt 0.090540 0.052250
vt 0.075000 0.073760
vt 0.068160 0.091380
vt 0.063500 0.118320
vt 0.019150 0.130130
vt 0.016580 0.154110
vt 0.032440 0.183660
vt 0.031780 0.220000
vt 0.068310 0.013180
vt 0.066560 0.039830
vt 0.053620 0.065140
vt 0.038720 0.082160
vt 0.030720 0.108020
vt 0.386770 0.916840
vt 0.401220 0.917690
vt 0.396430 0.965240
vt 0.384880 0.963380
vt 0.365000 0.963290
vt 0.361970 0.918210
vt 0.340100 0.965060
vt 0.333450 0.923750
vt 0.859170 0.875630
vt 0.868980 0.837080
vt 0.892480 0.841610
vt 0.887390 0.878400
vt 0.915430 0.880270
vt 0.902040 0.880260
vt 0.904550 0.843500
vt 0.915240 0.842350
vt 0.942890 0.878280
vt 0.928760 0.879380
vt 0.925850 0.841720
vt 0.937250 0.839970
vt 0.960620 0.834380
vt 0.971270 0.875490
vt 0.442140 0.927240
vt 0.431800 0.970660
vt 0.408080 0.967010
vt 0.415190 0.919850
vt 0.388000 0.876060
vt 0.403620 0.876680
vt 0.359780 0.876540
vt 0.324300 0.879270
vt 0.849540 0.917070
vt 0.883620 0.922640
vt 0.915520 0.924590
vt 0.900680 0.924210
vt 0.946700 0.922490
vt 0.930330 0.924110
vt 0.980850 0.916930
vt 0.454170 0.883430
vt 0.419950 0.878510
vt 0.389630 0.831100
vt 0.406900 0.831690
vt 0.357860 0.831380
vt 0.319480 0.830590
vt 0.844600 0.964000
vt 0.882100 0.969700
vt 0.915820 0.972420
vt 0.900140 0.971630
vt 0.948810 0.969580
vt 0.931530 0.971660
vt 0.986260 0.963660
vt 0.463210 0.835860
vt 0.425220 0.833130
vt 0.555230 0.261820
vt 0.554640 0.247030
vt 0.569900 0.246480
vt 0.570580 0.260940
vt 0.572870 0.289490
vt 0.557270 0.291420
vt 0.577570 0.325510
vt 0.561850 0.329120
vt 0.631000 0.243300
vt 0.631920 0.228000
vt 0.668060 0.234670
vt 0.668290 0.250080
vt 0.699500 0.254570
vt 0.685140 0.252890
vt 0.685460 0.237370
vt 0.700740 0.238990
vt 0.730510 0.255960
vt 0.714080 0.255470
vt 0.716120 0.240270
vt 0.733000 0.240840
vt 0.769600 0.239840
vt 0.768400 0.255220
vt 0.554790 0.192610
vt 0.570170 0.194410
vt 0.569710 0.230520
vt 0.554290 0.230400
vt 0.509790 0.263730
vt 0.509660 0.247620
vt 0.530430 0.246910
vt 0.530680 0.263640
vt 0.533050 0.295360
vt 0.510910 0.295490
vt 0.537560 0.333480
vt 0.515200 0.333660
vt 0.624650 0.288590
vt 0.628190 0.267150
vt 0.665480 0.273230
vt 0.662500 0.295780
vt 0.696280 0.300110
vt 0.680520 0.298420
vt 0.682300 0.275640
vt 0.697400 0.277280
vt 0.729690 0.301310
vt 0.712220 0.300890
vt 0.712860 0.278430
vt 0.729400 0.279110
vt 0.767410 0.279280
vt 0.768220 0.300870
vt 0.511280 0.191670
vt 0.531660 0.190760
vt 0.530660 0.229310
vt 0.509910 0.230030
vt 0.475800 0.264660
vt 0.476990 0.246400
vt 0.476750 0.299680
vt 0.482080 0.338780
vt 0.618900 0.321240
vt 0.658300 0.325200
vt 0.693860 0.333460
vt 0.676260 0.331940
vt 0.729450 0.335180
vt 0.711180 0.334660
vt 0.768830 0.334560
vt 0.480620 0.187540
vt 0.478070 0.227520
vt 0.433130 0.265580
vt 0.435110 0.246330
vt 0.432480 0.303610
vt 0.441840 0.344590
vt 0.609480 0.360890
vt 0.648540 0.370750
vt 0.688880 0.377080
vt 0.670110 0.375340
vt 0.727110 0.374970
vt 0.707800 0.377620
vt 0.768250 0.373230
vt 0.446110 0.186570
vt 0.440530 0.226740
vt 0.376350 0.257020
vt 0.377150 0.232830
vt 0.399180 0.241350
vt 0.400240 0.262390
vt 0.407090 0.297140
vt 0.375150 0.294860
vt 0.428760 0.348020
vt 0.403160 0.356390
vt 0.598330 0.399450
vt 0.606210 0.374430
vt 0.646980 0.388960
vt 0.644730 0.420870
vt 0.686580 0.438920
vt 0.669250 0.432600
vt 0.668350 0.394540
vt 0.686400 0.404580
vt 0.727120 0.444410
vt 0.705190 0.441700
vt 0.704150 0.415170
vt 0.723340 0.415230
vt 0.386040 0.162960
vt 0.408440 0.174800
vt 0.401370 0.219970
vt 0.377790 0.210370
vt 0.587580 0.246000
vt 0.588270 0.260250
vt 0.590500 0.288330
vt 0.595450 0.323660
vt 0.636440 0.211420
vt 0.671560 0.218340
vt 0.687780 0.220900
vt 0.701590 0.222600
vt 0.715600 0.223720
vt 0.731340 0.224090
vt 0.767050 0.222560
vt 0.587910 0.194280
vt 0.587370 0.230010
vt 0.677230 0.787760
vt 0.699790 0.786540
vt 0.698690 0.803760
vt 0.676940 0.808240
vt 0.230530 0.619140
vt 0.206010 0.611590
vt 0.214820 0.592970
vt 0.240300 0.600830
vt 0.286830 0.612160
vt 0.279070 0.629680
vt 0.774670 0.791980
vt 0.768900 0.810130
vt 0.722370 0.805680
vt 0.725160 0.786170
vt 0.677000 0.767540
vt 0.699930 0.765500
vt 0.227020 0.641190
vt 0.203380 0.632840
vt 0.275160 0.653320
vt 0.775580 0.768710
vt 0.725470 0.764260
vt 0.675300 0.740120
vt 0.699510 0.743870
vt 0.227690 0.660040
vt 0.204240 0.655040
vt 0.273700 0.679720
vt 0.774440 0.743080
vt 0.723760 0.746190
vt 0.676900 0.712910
vt 0.698230 0.716370
vt 0.232790 0.691650
vt 0.209020 0.685580
vt 0.275980 0.710840
vt 0.768470 0.712670
vt 0.721710 0.716700
vt 0.679230 0.694110
vt 0.702580 0.692880
vt 0.237540 0.716680
vt 0.211870 0.708910
vt 0.276620 0.726900
vt 0.767400 0.696820
vt 0.727460 0.693830
vt 0.683350 0.664800
vt 0.705780 0.666560
vt 0.243240 0.743280
vt 0.211390 0.739140
vt 0.277110 0.741820
vt 0.767680 0.681950
vt 0.731960 0.672890
vt 0.683900 0.646500
vt 0.706490 0.653940
vt 0.235040 0.760150
vt 0.209670 0.760640
vt 0.799610 0.837060
vt 0.807790 0.820430
vt 0.840590 0.823900
vt 0.849540 0.836670
vt 0.489640 0.829410
vt 0.489220 0.845000
vt 0.465460 0.815070
vt 0.471970 0.804720
vt 0.421690 0.749430
vt 0.437130 0.741570
vt 0.442160 0.771360
vt 0.426560 0.772690
vt 0.786480 0.897290
vt 0.768480 0.882280
vt 0.770190 0.849340
vt 0.788910 0.859710
vt 0.413740 0.725630
vt 0.426320 0.715300
vt 0.766580 0.906110
vt 0.756260 0.897200
vt 0.809230 0.929530
vt 0.781840 0.927420
vt 0.446160 0.691270
vt 0.464900 0.710440
vt 0.453060 0.734320
vt 0.436520 0.705200
vt 0.397950 0.709690
vt 0.404490 0.704340
vt 0.742870 0.920420
vt 0.736050 0.912580
vt 0.752520 0.936660
vt 0.417680 0.682320
vt 0.410030 0.697700
vt 0.336880 0.238910
vt 0.332990 0.221050
vt 0.360540 0.231730
vt 0.356040 0.254470
vt 0.337440 0.295300
vt 0.326820 0.272850
vt 0.686580 0.496960
vt 0.666030 0.497660
vt 0.667020 0.466230
vt 0.687640 0.467000
vt 0.730360 0.492030
vt 0.706790 0.495290
vt 0.706690 0.465750
vt 0.729860 0.462870
vt 0.345700 0.154460
vt 0.370420 0.162830
vt 0.363160 0.207920
vt 0.336370 0.199500
vt 0.775350 0.830930
vt 0.452170 0.794980
vt 0.430320 0.791180
vt 0.476620 0.718950
vt 0.466730 0.740790
vt 0.814060 0.911440
vt 0.823820 0.932350
vt 0.810040 0.874720
vt 0.827180 0.855300
vt 0.854330 0.849870
vt 0.485970 0.802870
vt 0.501480 0.821870
vt 0.458160 0.772770
vt 0.470330 0.774960
vt 0.773610 0.458050
vt 0.776320 0.484060
vt 0.767400 0.416730
vt 0.767550 0.442860
vt 0.890590 0.627750
vt 0.896350 0.637370
vt 0.870220 0.654880
vt 0.864310 0.645130
vt 0.731390 0.648280
vt 0.747070 0.633860
vt 0.770220 0.644320
vt 0.760200 0.660520
vt 0.755720 0.608650
vt 0.780190 0.623790
vt 0.872770 0.599610
vt 0.883820 0.619300
vt 0.858270 0.635430
vt 0.844560 0.618590
vt 0.770200 0.552300
vt 0.781070 0.521670
vt 0.786360 0.528560
vt 0.778230 0.555770
vt 0.807980 0.501800
vt 0.808500 0.515230
vt 0.800820 0.517580
vt 0.798750 0.505330
vt 0.835840 0.519780
vt 0.831170 0.526950
vt 0.820910 0.520220
vt 0.825050 0.509210
vt 0.921570 0.622700
vt 0.915450 0.612630
vt 0.714810 0.617150
vt 0.705060 0.635890
vt 0.728850 0.592680
vt 0.752340 0.543370
vt 0.767010 0.508460
vt 0.807510 0.484410
vt 0.792840 0.487440
vt 0.848110 0.504500
vt 0.834510 0.493040
vt 0.909310 0.603300
vt 0.895250 0.583100
vt 0.408410 0.983620
vt 0.430020 0.986270
vt 0.956860 0.819490
vt 0.935440 0.823140
vt 0.925290 0.827220
vt 0.915200 0.828940
vt 0.905130 0.830660
vt 0.892930 0.827990
vt 0.871170 0.821320
vt 0.341700 0.981100
vt 0.364560 0.978050
vt 0.384520 0.979980
vt 0.396760 0.981350
vt 0.787880 0.580570
vt 0.794570 0.606340
vt 0.775980 0.590240
vt 0.760710 0.583390
vt 0.810860 0.571520
vt 0.812440 0.594890
vt 0.803790 0.598790
vt 0.801070 0.573370
vt 0.833820 0.574760
vt 0.831140 0.601240
vt 0.821760 0.596710
vt 0.820250 0.571140
vt 0.848880 0.585420
vt 0.863280 0.577020
vt 0.739600 0.573750
vt 0.884940 0.568140
vt 0.791150 0.548030
vt 0.809440 0.541800
vt 0.801850 0.543080
vt 0.827050 0.542850
vt 0.816990 0.541810
vt 0.841040 0.550020
vt 0.851300 0.546110
vt 0.866600 0.535010
vt 0.795910 0.522060
vt 0.816580 0.517250
vt 0.969910 0.233520
vt 0.999700 0.230220
vt 1.000000 0.266340
vt 0.968090 0.265280
vt 0.997480 0.300690
vt 0.967370 0.298700
vt 0.999680 0.323120
vt 0.966800 0.320740
vt 0.985250 0.347510
vt 0.965750 0.339950
vt 0.965410 0.354690
vt 0.970440 0.223100
vt 0.970730 0.204720
vt 0.981810 0.209180
vt 0.989740 0.217560
vt 0.954250 0.351040
vt 0.946320 0.343190
vt 0.936400 0.320560
vt 0.937160 0.301880
vt 0.936860 0.262740
vt 0.942570 0.229250
vt 0.960320 0.209520
vt 0.952350 0.217840
vt 0.817850 0.504070
vt 0.821720 0.486530
vt 0.790820 0.510310
vt 0.780580 0.494810
vt 0.185180 0.606040
vt 0.164620 0.604470
vt 0.167700 0.580670
vt 0.191790 0.586170
vt 0.183190 0.626320
vt 0.163560 0.623130
vt 0.183730 0.653980
vt 0.164250 0.655110
vt 0.187560 0.685150
vt 0.165350 0.690490
vt 0.188810 0.704700
vt 0.166040 0.707260
vt 0.190960 0.737690
vt 0.168100 0.735960
vt 0.190750 0.755840
vt 0.168510 0.752390
vt 0.751210 0.870460
vt 0.733380 0.862840
vt 0.735500 0.831750
vt 0.753910 0.837350
vt 0.744100 0.890420
vt 0.729420 0.883810
vt 0.729620 0.904900
vt 0.721410 0.902320
vt 0.737630 0.815540
vt 0.758680 0.821510
vt 0.337580 0.295640
vt 0.642400 0.448710
vt 0.642490 0.455360
vt 0.720810 0.173970
vt 0.627850 0.137560
vt 0.638090 0.142320
vt 0.646790 0.144220
vt 0.660630 0.149540
vt 0.678580 0.158480
vt 0.691490 0.165870
vt 0.706050 0.170910
vt 0.723510 0.188530
vt 0.713210 0.187620
vt 0.701080 0.184050
vt 0.686760 0.180720
vt 0.661680 0.173520
vt 0.641920 0.167500
vt 0.632880 0.164870
vt 0.624740 0.162290
vt 0.000000 0.145030
vt 0.001470 0.181940
vt 0.007460 0.213990
vt 0.047750 0.000000
vt 0.042640 0.023680
vt 0.025120 0.043350
vt 0.015320 0.065730
vt 0.011830 0.099240
vt 0.010390 0.121170
vt 0.601490 0.245830
vt 0.601900 0.260060
vt 0.604090 0.287760
vt 0.609160 0.321850
vt 0.640500 0.198410
vt 0.674350 0.204990
vt 0.689380 0.207330
vt 0.702080 0.208890
vt 0.715100 0.210020
vt 0.729890 0.210470
vt 0.764420 0.209060
vt 0.601690 0.194620
vt 0.601030 0.229680
vt 0.276820 0.743110
vt 0.243950 0.744480
vt 0.733080 0.668890
vt 0.767780 0.680630
vt 0.683760 0.645170
vt 0.706660 0.652520
vt 0.235840 0.761010
vt 0.209550 0.761940
vt 0.190390 0.757120
vt 0.168290 0.753730
vt 0.727310 0.663350
vt 0.726200 0.664130
vt 0.389360 0.824080
vt 0.406820 0.824720
vt 0.358300 0.824050
vt 0.322300 0.823180
vt 0.881020 0.976880
vt 0.845650 0.971940
vt 0.915870 0.979930
vt 0.899570 0.979510
vt 0.950090 0.976640
vt 0.932190 0.979030
vt 0.985240 0.971250
vt 0.425500 0.826220
vt 0.461230 0.828290
vt 0.316020 0.135660
vt 0.316440 0.129130
vt 0.317510 0.129040
vt 0.308250 0.159290
vt 0.312670 0.141480
vt 0.313620 0.142190
vt 0.303690 0.180120
vt 0.302960 0.174480
vt 0.304080 0.174490
vt 0.308960 0.200700
vt 0.302980 0.185590
vt 0.304100 0.185590
vt 0.397330 0.708800
vt 0.403740 0.703560
vt 0.742040 0.921130
vt 0.735330 0.913360
vt 0.751450 0.936970
vt 0.409170 0.697020
vt 0.416600 0.682020
vt 0.729110 0.905840
vt 0.721180 0.903320
vt 0.320500 0.111250
vt 0.572150 0.006730
vt 0.569190 0.002740
vt 0.571700 0.000000
vt 0.578810 0.001000
vt 0.596200 0.000000
vt 0.596800 0.003340
vt 0.588510 0.006250
vt 0.587550 0.002510
vt 0.009900 0.015740
vt 0.014440 0.008100
vt 0.642720 0.004970
vt 0.642630 0.000000
vt 0.651400 0.000480
vt 0.646380 0.005610
vt 0.729980 0.110140
vt 0.729880 0.109290
vt 0.716380 0.003380
vt 0.716080 0.000000
vt 0.716070 0.000000
vt 0.725080 0.000120
vt 0.725150 0.003970
vt 0.729800 0.106480
vt 0.729600 0.105990
vt 0.639070 0.036830
vt 0.662340 0.020120
vt 0.691450 0.012650
vt 0.624310 0.059970
vt 0.621650 0.067970
vt 0.617330 0.094130
vt 0.618000 0.116000
vt 0.398820 0.355520
vt 0.594890 0.402040
vt 0.644900 0.495750
vt 0.615960 0.131260
vt 0.609580 0.155970
vt 0.256070 0.950410
vt 0.274800 0.949220
vt 0.273320 0.959080
vt 0.253830 0.960740
vt 0.226410 0.951850
vt 0.223980 0.961550
vt 0.209300 0.952960
vt 0.205740 0.962490
vt 0.169750 0.954620
vt 0.186310 0.954150
vt 0.186920 0.963600
vt 0.170280 0.963970
vt 0.141550 0.955930
vt 0.142300 0.966500
vt 0.116040 0.956210
vt 0.117260 0.966680
vt 0.088110 0.957000
vt 0.088860 0.967660
vt 0.070040 0.957670
vt 0.070930 0.968210
vt 0.038850 0.958360
vt 0.039340 0.969140
vt 0.020260 0.958580
vt 0.019750 0.968270
vt 0.018800 0.956380
vt 0.018360 0.970200
vt 0.038830 0.955550
vt 0.018630 0.945630
vt 0.038880 0.944940
vt 0.068240 0.954930
vt 0.068900 0.944450
vt 0.085670 0.954930
vt 0.085850 0.944150
vt 0.114130 0.953960
vt 0.114770 0.943500
vt 0.140660 0.953380
vt 0.140640 0.942680
vt 0.170140 0.951980
vt 0.169500 0.942430
vt 0.186620 0.950650
vt 0.185910 0.940830
vt 0.225540 0.949270
vt 0.209000 0.950200
vt 0.204760 0.941160
vt 0.222010 0.939880
vt 0.255740 0.947600
vt 0.252350 0.937630
vt 0.276160 0.947210
vt 0.272980 0.936820
vt 0.275130 0.961100
vt 0.253830 0.963580
vt 0.223380 0.964240
vt 0.206320 0.965110
vt 0.187730 0.967050
vt 0.170710 0.966700
vt 0.141640 0.969070
vt 0.115490 0.969130
vt 0.086560 0.969810
vt 0.069190 0.971050
vt 0.039370 0.972010
vt 0.809480 0.953330
vt 0.810980 0.963180
vt 0.792240 0.962030
vt 0.789980 0.951700
vt 0.762580 0.960640
vt 0.760130 0.950950
vt 0.745470 0.959560
vt 0.741890 0.950040
vt 0.723070 0.948970
vt 0.722470 0.958410
vt 0.705920 0.957980
vt 0.706430 0.948630
vt 0.677710 0.956710
vt 0.678440 0.946150
vt 0.652200 0.956480
vt 0.653400 0.946010
vt 0.624270 0.955740
vt 0.625000 0.945090
vt 0.606200 0.955110
vt 0.607070 0.944570
vt 0.575010 0.954480
vt 0.575480 0.943690
vt 0.556410 0.954280
vt 0.555890 0.944590
vt 0.554960 0.956490
vt 0.554500 0.942670
vt 0.554810 0.967240
vt 0.574990 0.957280
vt 0.575060 0.967900
vt 0.604410 0.957850
vt 0.605080 0.968330
vt 0.621830 0.957820
vt 0.622040 0.968600
vt 0.650300 0.958740
vt 0.650960 0.969190
vt 0.676820 0.959270
vt 0.676820 0.969970
vt 0.706310 0.960620
vt 0.705690 0.970170
vt 0.722790 0.961920
vt 0.722100 0.971730
vt 0.740950 0.971370
vt 0.745180 0.962320
vt 0.761710 0.963220
vt 0.758200 0.972620
vt 0.791920 0.964840
vt 0.788540 0.974820
vt 0.812330 0.965190
vt 0.809180 0.975590
vt 0.811290 0.951310
vt 0.789970 0.948860
vt 0.759520 0.948260
vt 0.742460 0.947420
vt 0.723870 0.945520
vt 0.706850 0.945890
vt 0.677780 0.943570
vt 0.651630 0.943560
vt 0.622700 0.942940
vt 0.605320 0.941730
vt 0.575500 0.940820
s 1
f 1/1/1 2/2/2 3/3/3
f 3/3/3 4/4/4 1/1/1
f 2/2/2 1/1/1 5/5/5
f 5/5/5 6/6/6 2/2/2
f 7/7/7 8/8/8 6/6/6
f 6/6/6 5/5/5 7/7/7
f 9/9/9 10/10/10 1/1/1
f 1/1/1 4/4/4 9/9/9
f 11/11/11 12/12/9 4/4/4
f 4/4/4 3/3/3 11/11/11
f 13/13/12 11/11/11 3/3/3
f 3/3/3 2/2/2 13/13/12
f 14/14/13 13/13/12 2/2/2
f 2/2/2 6/6/6 14/14/13
f 15/15/14 16/16/15 5/5/5
f 5/5/5 1/1/1 15/15/14
f 17/17/16 18/18/17 8/8/8
f 8/8/8 7/7/7 17/17/16
f 19/19/18 20/20/19 7/7/7
f 7/7/7 5/5/5 19/19/18
f 18/18/17 14/14/13 6/6/6
f 6/6/6 8/8/8 18/18/17
f 21/21/20 22/22/21 23/23/22
f 23/23/22 24/24/23 21/21/20
f 25/25/24 23/23/22 22/22/21
f 22/22/21 26/26/25 25/25/24
f 26/26/25 27/27/26 28/28/27
f 28/28/27 25/25/24 26/26/25
f 23/23/22 29/29/28 30/30/29
f 30/30/29 24/24/23 23/23/22
f 24/24/23 31/31/30 32/32/31
f 32/32/31 21/21/20 24/24/23
f 21/21/20 32/32/31 33/33/32
f 33/33/32 22/22/21 21/21/20
f 22/22/21 33/33/32 34/34/33
f 34/34/33 26/26/25 22/22/21
f 25/25/24 35/35/34 36/36/35
f 36/36/35 23/23/22 25/25/24
f 27/27/26 37/37/36 38/38/37
f 38/38/37 28/28/27 27/27/26
f 28/28/27 39/39/37 40/40/34
f 40/40/34 25/25/24 28/28/27
f 26/26/25 34/34/33 37/37/36
f 37/37/36 27/27/26 26/26/25
f 41/41/38 42/42/39 43/43/40
f 43/43/40 44/44/41 41/41/38
f 44/44/41 43/43/40 45/45/42
f 45/45/42 46/46/43 44/44/41
f 47/47/43 48/48/44 49/49/45
f 49/49/45 50/50/46 47/47/43
f 50/50/46 49/49/45 51/51/47
f 51/51/47 52/52/48 50/50/46
f 52/52/48 51/51/47 53/53/49
f 53/53/49 54/54/50 52/52/48
f 54/54/50 53/53/49 55/55/51
f 55/55/51 56/56/52 54/54/50
f 56/56/52 55/55/51 57/57/53
f 57/57/53 58/58/54 56/56/52
f 58/58/54 57/57/53 59/59/55
f 59/59/55 60/60/56 58/58/54
f 60/60/56 59/59/55 61/61/57
f 61/61/57 62/62/58 60/60/56
f 62/62/58 61/61/57 63/63/59
f 63/63/59 64/64/60 62/62/58
f 64/64/60 63/63/59 65/65/61
f 65/65/61 66/66/62 64/64/60
f 66/66/62 65/65/61 42/42/39
f 42/42/39 41/41/38 66/66/62
f 67/67/63 68/68/64 69/69/65
f 69/69/65 70/70/66 67/67/63
f 70/70/66 69/69/65 71/71/67
f 71/71/67 72/72/68 70/70/66
f 73/73/69 74/74/67 75/75/70
f 75/75/70 76/76/71 73/73/69
f 76/76/71 75/75/70 77/77/72
f 77/77/72 78/78/73 76/76/71
f 78/78/73 77/77/72 79/79/74
f 79/79/74 80/80/75 78/78/73
f 80/80/75 79/79/74 81/81/76
f 81/81/76 82/82/77 80/80/75
f 82/82/77 81/81/76 83/83/78
f 83/83/78 84/84/79 82/82/77
f 84/84/79 83/83/78 85/85/80
f 85/85/80 86/86/81 84/84/79
f 86/86/81 85/85/80 87/87/82
f 87/87/82 88/88/83 86/86/81
f 88/88/83 87/87/82 89/89/84
f 89/89/84 90/90/85 88/88/83
f 90/90/85 89/89/84 91/91/86
f 91/91/86 92/92/87 90/90/85
f 92/92/87 91/91/86 68/68/64
f 68/68/64 67/67/63 92/92/87
f 93/93/88 67/67/63 70/70/66
f 70/70/66 94/94/89 93/93/88
f 94/94/89 70/70/66 72/72/68
f 72/72/68 95/95/90 94/94/89
f 96/96/91 73/73/69 76/76/71
f 76/76/71 97/97/92 96/96/91
f 97/97/92 76/76/71 78/78/73
f 78/78/73 98/98/93 97/97/92
f 98/98/93 78/78/73 80/80/75
f 80/80/75 99/99/94 98/98/93
f 99/99/94 80/80/75 82/82/77
f 82/82/77 100/100/95 99/99/94
f 100/100/95 82/82/77 84/84/79
f 84/84/79 101/101/96 100/100/95
f 101/101/96 84/84/79 86/86/81
f 86/86/81 102/102/97 101/101/96
f 102/102/97 86/86/81 88/88/83
f 88/88/83 103/103/98 102/102/97
f 103/103/98 88/88/83 90/90/85
f 90/90/85 104/104/99 103/103/98
f 104/104/99 90/90/85 92/92/87
f 92/92/87 105/105/100 104/104/99
f 105/105/100 92/92/87 67/67/63
f 67/67/63 93/93/88 105/105/100
f 106/106/101 93/93/88 94/94/89
f 94/94/89 107/107/102 106/106/101
f 107/107/102 94/94/89 95/95/90
f 95/95/90 108/108/103 107/107/102
f 109/109/103 96/96/91 97/97/92
f 97/97/92 110/110/104 109/109/103
f 110/110/104 97/97/92 98/98/93
f 98/98/93 111/111/105 110/110/104
f 111/111/105 98/98/93 99/99/94
f 99/99/94 112/112/106 111/111/105
f 112/112/106 99/99/94 100/100/95
f 100/100/95 113/113/107 112/112/106
f 113/113/107 100/100/95 101/101/96
f 101/101/96 114/114/108 113/113/107
f 114/114/108 101/101/96 102/102/97
f 102/102/97 115/115/109 114/114/108
f 115/115/109 102/102/97 103/103/98
f 103/103/98 116/116/110 115/115/109
f 116/116/110 103/103/98 104/104/99
f 104/104/99 117/117/111 116/116/110
f 117/117/111 104/104/99 105/105/100
f 105/105/100 118/118/112 117/117/111
f 118/118/112 105/105/100 93/93/88
f 93/93/88 106/106/101 118/118/112
f 119/119/113 106/106/101 107/107/102
f 107/107/102 120/120/114 119/119/113
f 120/120/114 107/107/102 108/108/103
f 108/108/103 121/121/115 120/120/114
f 122/122/115 109/109/103 110/110/104
f 110/110/104 123/123/116 122/122/115
f 123/123/116 110/110/104 111/111/105
f 111/111/105 124/124/117 123/123/116
f 124/124/117 111/111/105 112/112/106
f 112/112/106 125/125/118 124/124/117
f 125/125/118 112/112/106 113/113/107
f 113/113/107 126/126/119 125/125/118
f 126/126/119 113/113/107 114/114/108
f 114/114/108 127/127/120 126/126/119
f 127/127/120 114/114/108 115/115/109
f 115/115/109 128/128/121 127/127/120
f 128/128/121 115/115/109 116/116/110
f 116/116/110 129/129/122 128/128/121
f 129/129/122 116/116/110 117/117/111
f 117/117/111 130/130/123 129/129/122
f 130/130/123 117/117/111 118/118/112
f 118/118/112 131/131/124 130/130/123
f 131/131/124 118/118/112 106/106/101
f 106/106/101 119/119/113 131/131/124
f 119/119/113 120/120/114 132/132/125
f 120/120/114 121/121/115 132/132/125
f 122/122/115 123/123/116 132/132/125
f 123/123/116 124/124/117 132/132/125
f 124/124/117 125/125/118 132/132/125
f 125/125/118 126/126/119 132/132/125
f 126/126/119 127/127/120 132/132/125
f 127/127/120 128/128/121 132/132/125
f 128/128/121 129/129/122 132/132/125
f 129/129/122 130/130/123 132/132/125
f 130/130/123 131/131/124 132/132/125
f 131/131/124 119/119/113 132/132/125
f 42/42/39 133/133/126 134/134/127
f 134/134/127 43/43/40 42/42/39
f 44/44/41 69/69/65 68/68/64
f 68/68/64 41/41/38 44/44/41
f 43/43/40 134/134/127 135/135/128
f 135/135/128 45/45/42 43/43/40
f 46/46/43 71/71/67 69/69/65
f 69/69/65 44/44/41 46/46/43
f 48/48/44 136/136/128 137/137/129
f 137/137/129 49/49/45 48/48/44
f 50/50/46 75/75/70 74/74/67
f 74/74/67 47/47/43 50/50/46
f 49/49/45 137/137/129 138/138/130
f 138/138/130 51/51/47 49/49/45
f 52/52/48 77/77/72 75/75/70
f 75/75/70 50/50/46 52/52/48
f 51/51/47 138/138/130 139/139/131
f 139/139/131 53/53/49 51/51/47
f 54/54/50 79/79/74 77/77/72
f 77/77/72 52/52/48 54/54/50
f 53/53/49 139/139/131 140/140/132
f 140/140/132 55/55/51 53/53/49
f 56/56/52 81/81/76 79/79/74
f 79/79/74 54/54/50 56/56/52
f 55/55/51 140/140/132 141/141/133
f 141/141/133 57/57/53 55/55/51
f 58/58/54 83/83/78 81/81/76
f 81/81/76 56/56/52 58/58/54
f 57/57/53 141/141/133 142/142/134
f 142/142/134 59/59/55 57/57/53
f 60/60/56 85/85/80 83/83/78
f 83/83/78 58/58/54 60/60/56
f 59/59/55 142/142/134 143/143/135
f 143/143/135 61/61/57 59/59/55
f 62/62/58 87/87/82 85/85/80
f 85/85/80 60/60/56 62/62/58
f 61/61/57 143/143/135 144/144/136
f 144/144/136 63/63/59 61/61/57
f 64/64/60 89/89/84 87/87/82
f 87/87/82 62/62/58 64/64/60
f 63/63/59 144/144/136 145/145/137
f 145/145/137 65/65/61 63/63/59
f 66/66/62 91/91/86 89/89/84
f 89/89/84 64/64/60 66/66/62
f 65/65/61 145/145/137 133/133/126
f 133/133/126 42/42/39 65/65/61
f 41/41/38 68/68/64 91/91/86
f 91/91/86 66/66/62 41/41/38
f 146/146/138 147/147/139 148/148/140
f 148/148/140 149/149/141 146/146/138
f 146/146/138 150/150/142 151/151/143
f 151/151/143 147/147/139 146/146/138
f 152/152/144 153/153/145 154/154/144
f 154/154/144 155/155/144 152/152/144
f 156/156/146 157/157/146 158/158/146
f 158/158/146 159/159/146 156/156/146
f 160/160/147 148/148/140 161/161/148
f 160/160/147 161/161/148 162/162/147
f 2301/163/149 2896/164/150 2897/165/151
f 163/166/152 164/167/152 146/146/138
f 146/146/138 149/149/141 163/166/152
f 165/168/153 166/169/153 149/149/141
f 149/149/141 148/148/140 165/168/153
f 167/170/154 168/171/154 150/150/142
f 150/150/142 146/146/138 167/170/154
f 169/172/155 170/173/156 151/151/143
f 151/151/143 150/150/142 169/172/155
f 171/174/157 172/175/158 173/176/159
f 173/176/159 174/177/160 171/174/157
f 175/178/161 176/179/162 177/180/163
f 177/180/163 178/181/164 175/178/161
f 179/182/165 180/183/166 181/184/167
f 181/184/167 182/185/168 179/182/165
f 183/186/169 184/187/170 185/188/171
f 185/188/171 186/189/172 183/186/169
f 187/190/173 188/191/174 189/192/175
f 189/192/175 190/193/176 187/190/173
f 191/194/177 189/192/175 188/191/174
f 188/191/174 192/195/178 191/194/177
f 193/196/179 194/197/180 195/198/181
f 195/198/181 196/199/182 193/196/179
f 197/200/183 198/201/184 199/202/185
f 199/202/185 200/203/186 197/200/183
f 182/185/168 201/204/187 202/205/188
f 202/205/188 179/182/165 182/185/168
f 203/206/189 204/207/190 205/208/191
f 190/193/176 185/188/171 184/187/170
f 184/187/170 187/190/173 190/193/176
f 192/195/178 181/184/167 180/183/166
f 180/183/166 191/194/177 192/195/178
f 206/209/192 207/210/193 175/178/161
f 175/178/161 178/181/164 206/209/192
f 204/207/190 208/211/194 205/208/191
f 186/189/172 202/205/188 201/204/187
f 201/204/187 183/186/169 186/189/172
f 209/212/195 210/213/196 180/183/166
f 180/183/166 179/182/165 209/212/195
f 179/182/165 202/205/188 211/214/197
f 211/214/197 209/212/195 179/182/165
f 212/215/198 211/214/197 202/205/188
f 202/205/188 186/189/172 212/215/198
f 186/189/172 185/188/171 213/216/199
f 213/216/199 212/215/198 186/189/172
f 214/217/200 213/216/199 185/188/171
f 185/188/171 190/193/176 214/217/200
f 190/193/176 189/192/175 215/218/201
f 215/218/201 214/217/200 190/193/176
f 216/219/202 215/218/201 189/192/175
f 189/192/175 191/194/177 216/219/202
f 191/194/177 180/183/166 210/213/196
f 210/213/196 216/219/202 191/194/177
f 217/220/203 210/213/196 209/212/195
f 209/212/195 218/221/204 217/220/203
f 209/212/195 211/214/197 198/201/184
f 198/201/184 218/221/204 209/212/195
f 219/222/205 198/201/184 211/214/197
f 211/214/197 212/215/198 219/222/205
f 212/215/198 213/216/199 220/223/206
f 220/223/206 219/222/205 212/215/198
f 221/224/207 220/223/206 213/216/199
f 213/216/199 214/217/200 221/224/207
f 222/225/208 223/226/209 224/227/210
f 224/227/210 225/228/211 222/225/208
f 224/227/210 226/229/212 227/230/213
f 227/230/213 225/228/211 224/227/210
f 178/181/164 177/180/163 203/206/189
f 203/206/189 205/208/191 178/181/164
f 205/208/191 208/211/194 206/209/192
f 206/209/192 178/181/164 205/208/191
f 228/231/214 176/179/162 175/178/161
f 207/210/193 228/231/214 175/178/161
f 229/232/215 230/233/216 217/220/203
f 217/220/203 218/221/204 229/232/215
f 231/234/217 174/177/218 173/176/217
f 173/176/217 232/235/219 231/234/217
f 233/236/220 234/237/221 235/238/222
f 235/238/222 236/239/223 233/236/220
f 226/229/212 234/237/221 233/236/220
f 233/236/220 227/230/213 226/229/212
f 222/225/208 225/228/211 237/240/224
f 237/240/224 238/241/225 222/225/208
f 225/228/211 227/230/213 239/242/226
f 239/242/226 237/240/224 225/228/211
f 227/230/213 233/236/220 240/243/227
f 240/243/227 239/242/226 227/230/213
f 241/244/228 242/245/229 243/246/230
f 243/246/230 244/247/231 241/244/228
f 245/248/232 246/249/233 247/250/234
f 247/250/234 248/251/235 245/248/232
f 249/252/236 250/253/237 174/177/238
f 174/177/238 251/254/236 249/252/236
f 252/255/239 253/256/240 224/227/210
f 224/227/210 223/226/209 252/255/239
f 253/256/240 254/257/241 226/229/212
f 226/229/212 224/227/210 253/256/240
f 255/258/242 256/259/243 257/260/244
f 257/260/244 258/261/245 255/258/242
f 259/262/246 235/238/222 234/237/221
f 234/237/221 260/263/247 259/262/246
f 254/257/241 260/263/247 234/237/221
f 234/237/221 226/229/212 254/257/241
f 261/264/248 262/265/249 263/266/250
f 263/266/250 264/267/251 261/264/248
f 261/264/248 264/267/251 265/268/252
f 265/268/252 266/269/253 261/264/248
f 266/269/253 265/268/252 267/270/254
f 267/270/254 268/271/255 266/269/253
f 236/239/223 257/260/244 269/272/256
f 269/272/256 270/273/257 236/239/223
f 236/239/223 235/238/222 258/261/245
f 258/261/245 257/260/244 236/239/223
f 259/262/246 255/258/242 258/261/245
f 258/261/245 235/238/222 259/262/246
f 271/274/258 272/275/259 230/233/216
f 230/233/216 229/232/215 271/274/258
f 229/232/215 194/197/180 250/253/237
f 250/253/237 273/276/260 229/232/215
f 274/277/261 250/253/237 194/197/180
f 194/197/180 193/196/179 274/277/261
f 243/246/230 242/245/229 246/249/233
f 246/249/233 245/248/232 243/246/230
f 275/278/262 276/279/262 277/280/262
f 277/280/262 278/281/263 275/278/262
f 279/282/264 280/283/264 281/284/264
f 281/284/264 282/285/264 279/282/264
f 174/177/238 250/253/237 274/277/261
f 274/277/261 171/174/265 174/177/238
f 283/286/266 284/287/267 256/259/243
f 256/259/243 255/258/242 283/286/266
f 230/233/216 285/288/268 255/258/242
f 255/258/242 259/262/246 230/233/216
f 259/262/246 260/263/247 217/220/203
f 217/220/203 230/233/216 259/262/246
f 210/213/196 217/220/203 260/263/247
f 260/263/247 254/257/241 210/213/196
f 216/219/202 210/213/196 254/257/241
f 254/257/241 253/256/240 216/219/202
f 215/218/201 216/219/202 253/256/240
f 253/256/240 252/255/239 215/218/201
f 187/190/173 184/187/170 286/289/269
f 286/289/269 287/290/270 187/190/173
f 183/186/169 288/291/271 286/289/269
f 286/289/269 184/187/170 183/186/169
f 183/186/169 201/204/187 289/292/272
f 289/292/272 288/291/271 183/186/169
f 182/185/168 290/293/273 289/292/272
f 289/292/272 201/204/187 182/185/168
f 182/185/168 181/184/167 291/294/274
f 291/294/274 290/293/273 182/185/168
f 192/195/178 292/295/275 291/294/274
f 291/294/274 181/184/167 192/195/178
f 192/195/178 188/191/174 293/296/276
f 293/296/276 292/295/275 192/195/178
f 187/190/173 287/290/270 293/296/276
f 293/296/276 188/191/174 187/190/173
f 294/297/277 295/298/278 296/299/279
f 296/299/279 297/300/280 294/297/277
f 298/301/281 294/297/277 297/300/280
f 297/300/280 299/302/282 298/301/281
f 300/303/283 298/301/281 299/302/282
f 299/302/282 301/304/284 300/303/283
f 302/305/285 300/303/283 301/304/284
f 301/304/284 303/306/286 302/305/285
f 295/298/278 304/307/287 305/308/288
f 305/308/288 296/299/279 295/298/278
f 297/300/280 296/299/279 306/309/289
f 306/309/289 307/310/290 297/300/280
f 299/302/282 297/300/280 307/310/290
f 307/310/290 308/311/291 299/302/282
f 301/304/284 299/302/282 308/311/291
f 308/311/291 309/312/292 301/304/284
f 303/306/286 301/304/284 309/312/292
f 309/312/292 310/313/293 303/306/286
f 296/299/279 305/308/288 311/314/294
f 311/314/294 306/309/289 296/299/279
f 307/310/290 306/309/289 312/315/295
f 312/315/295 313/316/296 307/310/290
f 308/311/291 307/310/290 313/316/296
f 313/316/296 314/317/297 308/311/291
f 309/312/292 308/311/291 314/317/297
f 314/317/297 315/318/298 309/312/292
f 310/313/293 309/312/292 315/318/298
f 315/318/298 316/319/299 310/313/293
f 306/309/289 311/314/294 317/320/300
f 317/320/300 312/315/295 306/309/289
f 313/316/296 312/315/295 318/321/301
f 318/321/301 319/322/302 313/316/296
f 314/317/297 313/316/296 319/322/302
f 319/322/302 320/323/303 314/317/297
f 315/318/298 314/317/297 320/323/303
f 320/323/303 321/324/304 315/318/298
f 316/319/299 315/318/298 321/324/304
f 321/324/304 322/325/305 316/319/299
f 322/325/305 323/326/306 220/223/206
f 220/223/206 316/319/299 322/325/305
f 312/315/295 317/320/300 324/327/307
f 324/327/307 318/321/301 312/315/295
f 325/328/308 326/329/309 327/330/310
f 327/330/310 328/331/311 325/328/308
f 329/332/312 325/328/308 328/331/311
f 328/331/311 330/333/313 329/332/312
f 325/328/308 331/334/314 332/335/315
f 332/335/315 326/329/309 325/328/308
f 333/336/316 331/334/314 325/328/308
f 325/328/308 329/332/312 333/336/316
f 334/337/317 335/338/318 336/339/319
f 336/339/319 337/340/320 334/337/317
f 338/341/321 339/342/322 197/200/183
f 197/200/183 200/203/186 338/341/321
f 198/201/184 219/222/205 340/343/323
f 340/343/323 199/202/185 198/201/184
f 219/222/205 220/223/206 323/326/306
f 323/326/306 340/343/323 219/222/205
f 335/338/318 341/344/324 342/345/325
f 342/345/325 336/339/319 335/338/318
f 337/340/320 336/339/319 343/346/326
f 343/346/326 344/347/327 337/340/320
f 200/203/186 345/348/328 346/349/329
f 346/349/329 338/341/321 200/203/186
f 347/350/330 348/351/331 349/352/332
f 349/352/332 350/353/333 347/350/330
f 348/351/331 332/335/315 331/334/314
f 331/334/314 349/352/332 348/351/331
f 336/339/319 342/345/325 351/354/334
f 351/354/334 343/346/326 336/339/319
f 200/203/186 199/202/185 352/355/335
f 352/355/335 345/348/328 200/203/186
f 316/319/299 220/223/206 221/224/207
f 221/224/207 310/313/293 316/319/299
f 310/313/293 221/224/207 353/356/336
f 353/356/336 303/306/286 310/313/293
f 354/357/337 346/349/329 345/348/328
f 345/348/328 355/358/338 354/357/337
f 350/353/333 349/352/332 356/359/339
f 356/359/339 357/360/340 350/353/333
f 349/352/332 331/334/314 333/336/316
f 333/336/316 356/359/339 349/352/332
f 343/346/326 351/354/334 358/361/341
f 358/361/341 359/362/342 343/346/326
f 345/348/328 352/355/335 360/363/343
f 360/363/343 355/358/338 345/348/328
f 305/308/288 304/307/287 361/364/344
f 361/364/344 362/365/345 305/308/288
f 311/314/294 305/308/288 362/365/345
f 362/365/345 363/366/346 311/314/294
f 317/320/300 311/314/294 363/366/346
f 363/366/346 364/367/347 317/320/300
f 324/327/307 317/320/300 364/367/347
f 364/367/347 365/368/348 324/327/307
f 362/365/345 361/364/344 366/369/349
f 366/369/349 367/370/350 362/365/345
f 363/366/346 362/365/345 367/370/350
f 367/370/350 368/371/351 363/366/346
f 364/367/347 363/366/346 368/371/351
f 368/371/351 369/372/352 364/367/347
f 365/368/348 364/367/347 369/372/352
f 369/372/352 360/363/343 365/368/348
f 368/371/351 367/370/350 370/373/353
f 370/373/353 371/374/354 368/371/351
f 369/372/352 368/371/351 371/374/354
f 371/374/354 372/375/355 369/372/352
f 360/363/343 369/372/352 372/375/355
f 372/375/355 355/358/338 360/363/343
f 303/306/286 353/356/336 373/376/356
f 373/376/356 302/305/285 303/306/286
f 321/324/304 320/323/303 374/377/357
f 374/377/357 375/378/358 321/324/304
f 322/325/305 321/324/304 375/378/358
f 375/378/358 376/379/359 322/325/305
f 319/322/302 318/321/301 377/380/360
f 377/380/360 378/381/361 319/322/302
f 320/323/303 319/322/302 378/381/361
f 378/381/361 374/377/357 320/323/303
f 323/326/306 322/325/305 376/379/359
f 376/379/359 379/382/362 323/326/306
f 318/321/301 324/327/307 380/383/363
f 380/383/363 377/380/360 318/321/301
f 340/343/323 381/384/364 199/202/185
f 199/202/185 382/385/365 352/355/335
f 340/343/323 323/326/306 379/382/362
f 379/382/362 381/384/364 340/343/323
f 360/363/343 352/355/335 382/385/365
f 382/385/365 383/386/366 360/363/343
f 365/368/348 360/363/343 383/386/366
f 383/386/366 384/387/367 365/368/348
f 324/327/307 365/368/348 384/387/367
f 384/387/367 380/383/363 324/327/307
f 375/378/358 374/377/357 328/331/311
f 328/331/311 327/330/310 375/378/358
f 376/379/359 375/378/358 327/330/310
f 327/330/310 326/329/309 376/379/359
f 378/381/361 377/380/360 329/332/312
f 329/332/312 330/333/313 378/381/361
f 374/377/357 378/381/361 330/333/313
f 330/333/313 328/331/311 374/377/357
f 379/382/362 376/379/359 326/329/309
f 326/329/309 332/335/315 379/382/362
f 377/380/360 380/383/363 333/336/316
f 333/336/316 329/332/312 377/380/360
f 199/202/185 381/384/364 348/351/331
f 348/351/331 347/350/330 199/202/185
f 382/385/365 199/202/185 347/350/330
f 347/350/330 350/353/333 382/385/365
f 381/384/364 379/382/362 332/335/315
f 332/335/315 348/351/331 381/384/364
f 383/386/366 382/385/365 350/353/333
f 350/353/333 357/360/340 383/386/366
f 384/387/367 383/386/366 357/360/340
f 357/360/340 356/359/339 384/387/367
f 380/383/363 384/387/367 356/359/339
f 356/359/339 333/336/316 380/383/363
f 218/221/204 198/201/184 197/200/183
f 197/200/183 195/198/181 218/221/204
f 195/198/181 197/200/183 339/342/322
f 339/342/322 196/199/182 195/198/181
f 248/251/235 247/250/234 341/344/324
f 341/344/324 335/338/318 248/251/235
f 385/388/368 248/251/235 335/338/318
f 335/338/318 334/337/317 385/388/368
f 218/221/204 195/198/181 194/197/180
f 194/197/180 229/232/215 218/221/204
f 241/244/369 244/247/370 172/175/158
f 172/175/158 171/174/157 241/244/369
f 171/174/265 274/277/261 242/245/229
f 242/245/229 241/244/228 171/174/265
f 274/277/261 193/196/179 246/249/233
f 246/249/233 242/245/229 274/277/261
f 193/196/179 196/199/182 247/250/234
f 247/250/234 246/249/233 193/196/179
f 196/199/182 339/342/322 341/344/324
f 341/344/324 247/250/234 196/199/182
f 338/341/321 342/345/325 341/344/324
f 341/344/324 339/342/322 338/341/321
f 338/341/321 346/349/329 351/354/334
f 351/354/334 342/345/325 338/341/321
f 354/357/337 358/361/341 351/354/334
f 351/354/334 346/349/329 354/357/337
f 366/369/349 386/389/371 370/373/353
f 370/373/353 367/370/350 366/369/349
f 387/390/372 388/391/373 389/392/374
f 389/392/374 390/393/375 387/390/372
f 391/394/376 392/395/377 393/396/378
f 393/396/378 394/397/379 391/394/376
f 395/398/380 396/399/381 397/400/382
f 397/400/382 398/401/383 395/398/380
f 390/393/375 389/392/374 399/402/384
f 399/402/384 400/403/385 390/393/375
f 401/404/386 402/405/387 403/406/388
f 403/406/388 404/407/389 401/404/386
f 405/408/390 406/409/391 407/410/392
f 407/410/392 408/411/393 405/408/390
f 404/407/389 403/406/388 409/412/394
f 409/412/394 410/413/395 404/407/389
f 411/414/394 405/408/390 408/411/393
f 408/411/393 412/415/396 411/414/394
f 413/416/397 414/417/398 415/418/399
f 415/418/399 416/419/400 413/416/397
f 417/420/399 418/421/401 419/422/402
f 419/422/402 420/423/403 417/420/399
f 400/403/385 399/402/384 421/424/404
f 421/424/404 422/425/405 400/403/385
f 398/401/383 397/400/382 423/426/406
f 423/426/406 424/427/407 398/401/383
f 398/401/383 424/427/407 425/428/408
f 425/428/408 426/429/409 398/401/383
f 426/429/409 425/428/408 427/430/410
f 427/430/410 419/422/402 426/429/409
f 427/430/410 420/423/403 419/422/402
f 424/427/407 423/426/406 428/431/411
f 429/432/412 425/428/408 424/427/407
f 424/427/407 428/431/411 429/432/412
f 430/433/413 427/430/410 425/428/408
f 425/428/408 429/432/412 430/433/413
f 431/434/414 432/435/415 427/430/410
f 429/432/412 428/431/411 433/436/416
f 434/437/417 430/433/413 429/432/412
f 429/432/412 433/436/416 434/437/417
f 435/438/418 436/439/419 430/433/413
f 428/431/411 423/426/406 437/440/420
f 437/440/420 423/426/406 438/441/421
f 438/441/421 439/442/422 437/440/420
f 422/425/405 421/424/404 440/443/423
f 440/443/423 441/444/424 422/425/405
f 442/445/425 433/436/416 428/431/411
f 428/431/411 437/440/420 442/445/425
f 442/445/425 437/440/420 439/442/422
f 439/442/422 443/446/426 442/445/425
f 444/447/427 434/437/417 433/436/416
f 433/436/416 442/445/425 444/447/427
f 444/447/427 442/445/425 443/446/426
f 443/446/426 445/448/428 444/447/427
f 446/449/429 447/450/430 434/437/417
f 444/447/427 448/451/431 449/452/432
f 441/444/424 440/443/423 450/453/433
f 450/453/433 451/454/434 441/444/424
f 439/442/422 438/441/421 452/455/435
f 452/455/435 453/456/436 439/442/422
f 454/457/437 455/458/438 456/459/439
f 456/459/439 457/460/440 454/457/437
f 451/454/434 450/453/433 458/461/441
f 458/461/441 459/462/442 451/454/434
f 439/442/422 453/456/436 460/463/443
f 460/463/443 443/446/426 439/442/422
f 461/464/444 454/457/437 457/460/440
f 457/460/440 462/465/445 461/464/444
f 443/446/426 460/463/443 463/466/446
f 463/466/446 445/448/428 443/446/426
f 464/467/447 461/464/444 462/465/445
f 462/465/445 465/468/448 464/467/447
f 445/448/428 463/466/446 466/469/449
f 466/469/449 448/451/431 445/448/428
f 467/470/450 464/467/447 465/468/448
f 465/468/448 468/471/451 467/470/450
f 459/462/442 458/461/441 469/472/452
f 469/472/452 470/473/453 459/462/442
f 457/460/440 456/459/439 471/474/454
f 471/474/454 472/475/455 457/460/440
f 457/460/440 472/475/455 473/476/456
f 473/476/456 462/465/445 457/460/440
f 462/465/445 473/476/456 474/477/457
f 474/477/457 465/468/448 462/465/445
f 474/477/457 468/471/451 465/468/448
f 473/476/456 472/475/455 475/478/458
f 476/479/459 474/477/457 473/476/456
f 473/476/456 475/478/458 476/479/459
f 477/480/460 478/481/461 474/477/457
f 472/475/455 471/474/454 479/482/462
f 480/483/463 475/478/458 472/475/455
f 472/475/455 479/482/462 480/483/463
f 481/484/464 476/479/459 475/478/458
f 475/478/458 480/483/463 481/484/464
f 482/485/465 483/486/466 476/479/459
f 479/482/462 471/474/454 392/395/377
f 392/395/377 391/394/376 479/482/462
f 484/487/467 485/488/468 388/391/373
f 388/391/373 387/390/372 484/487/467
f 480/483/463 479/482/462 486/489/469
f 486/489/469 479/482/462 391/394/376
f 391/394/376 487/490/470 486/489/469
f 488/491/471 481/484/464 480/483/463
f 480/483/463 486/489/469 488/491/471
f 488/491/471 486/489/469 487/490/470
f 487/490/470 413/416/397 488/491/471
f 489/492/472 490/493/473 481/484/464
f 488/491/471 416/419/400 491/494/474
f 492/495/475 493/496/476 494/497/477
f 494/497/477 495/498/478 492/495/475
f 496/499/479 492/495/475 495/498/478
f 495/498/478 497/500/480 496/499/479
f 498/501/481 499/502/482 500/503/483
f 500/503/483 501/504/484 498/501/481
f 499/502/482 502/505/477 503/506/485
f 503/506/485 500/503/483 499/502/482
f 504/507/486 505/508/487 506/509/488
f 506/509/488 507/510/489 504/507/486
f 508/511/490 504/507/486 507/510/489
f 507/510/489 509/512/491 508/511/490
f 510/513/492 511/514/489 512/515/493
f 512/515/493 513/516/494 510/513/492
f 511/514/489 514/517/495 515/518/496
f 515/518/496 512/515/493 511/514/489
f 516/519/497 517/520/498 518/521/499
f 518/521/499 519/522/500 516/519/497
f 520/523/501 516/519/497 519/522/500
f 519/522/500 521/524/502 520/523/501
f 522/525/502 523/526/500 524/527/503
f 524/527/503 525/528/504 522/525/502
f 523/526/500 526/529/499 527/530/505
f 527/530/505 524/527/503 523/526/500
f 528/531/506 529/532/507 530/533/508
f 530/533/508 531/534/509 528/531/506
f 532/535/510 528/531/506 531/534/509
f 531/534/509 533/536/511 532/535/510
f 534/537/512 535/538/509 536/539/513
f 536/539/513 537/540/514 534/537/512
f 535/538/509 538/541/508 539/542/515
f 539/542/515 536/539/513 535/538/509
f 478/481/461 477/480/460 540/543/516
f 540/543/516 541/544/517 478/481/461
f 468/471/451 478/481/461 541/544/517
f 541/544/517 542/545/518 468/471/451
f 543/546/519 544/547/520 545/548/521
f 545/548/521 546/549/522 543/546/519
f 544/547/520 547/550/523 548/551/524
f 548/551/524 545/548/521 544/547/520
f 467/470/450 468/471/451 542/545/518
f 542/545/518 549/552/525 467/470/450
f 448/451/431 466/469/449 550/553/526
f 550/553/526 551/554/527 448/451/431
f 552/555/528 553/556/529 554/557/530
f 554/557/530 555/558/531 552/555/528
f 543/546/519 546/549/522 556/559/530
f 556/559/530 557/560/532 543/546/519
f 449/452/432 448/451/431 551/554/527
f 551/554/527 558/561/533 449/452/432
f 446/449/429 449/452/432 558/561/533
f 558/561/533 559/562/534 446/449/429
f 560/563/535 561/564/536 562/565/537
f 562/565/537 563/566/538 560/563/535
f 552/555/528 555/558/531 562/565/537
f 562/565/537 561/564/536 552/555/528
f 564/567/539 446/449/429 559/562/534
f 559/562/534 565/568/540 564/567/539
f 477/480/460 566/569/539 567/570/541
f 567/570/541 540/543/516 477/480/460
f 547/550/523 568/571/542 569/572/543
f 569/572/543 548/551/524 547/550/523
f 560/563/535 563/566/538 570/573/544
f 570/573/544 571/574/545 560/563/535
f 483/486/466 482/485/465 572/575/546
f 572/575/546 573/576/547 483/486/466
f 477/480/460 483/486/466 573/576/547
f 573/576/547 574/577/548 477/480/460
f 575/578/549 576/579/550 577/580/551
f 577/580/551 578/581/552 575/578/549
f 576/579/550 579/582/553 580/583/554
f 580/583/554 577/580/551 576/579/550
f 566/569/539 477/480/460 574/577/548
f 574/577/548 581/584/555 566/569/539
f 446/449/429 564/567/539 582/585/555
f 582/585/555 583/586/556 446/449/429
f 447/450/430 446/449/429 583/586/556
f 583/586/556 584/587/557 447/450/430
f 435/438/418 447/450/430 584/587/557
f 584/587/557 585/588/558 435/438/418
f 586/589/559 587/590/560 588/591/561
f 588/591/561 589/592/562 586/589/559
f 590/593/563 591/594/564 588/591/561
f 588/591/561 587/590/560 590/593/563
f 592/595/565 435/438/418 585/588/558
f 585/588/558 593/596/566 592/595/565
f 482/485/465 594/597/567 595/598/568
f 595/598/568 572/575/546 482/485/465
f 579/582/553 596/599/569 597/600/570
f 597/600/570 580/583/554 579/582/553
f 586/589/559 589/592/562 598/601/571
f 598/601/571 599/602/572 586/589/559
f 490/493/473 489/492/472 600/603/573
f 600/603/573 601/604/574 490/493/473
f 482/485/465 490/493/473 601/604/574
f 601/604/574 602/605/575 482/485/465
f 603/606/576 604/607/577 605/608/578
f 605/608/578 606/609/579 603/606/576
f 604/607/577 607/610/580 608/611/581
f 608/611/581 605/608/578 604/607/577
f 594/597/567 482/485/465 602/605/575
f 602/605/575 609/612/582 594/597/567
f 435/438/418 592/595/565 610/613/582
f 610/613/582 611/614/583 435/438/418
f 436/439/419 435/438/418 611/614/583
f 611/614/583 612/615/584 436/439/419
f 431/434/414 436/439/419 612/615/584
f 612/615/584 613/616/585 431/434/414
f 614/617/586 615/618/587 616/619/588
f 616/619/588 617/620/589 614/617/586
f 618/621/590 619/622/591 616/619/588
f 616/619/588 615/618/587 618/621/590
f 620/623/592 431/434/414 613/616/585
f 613/616/585 621/624/593 620/623/592
f 489/492/472 622/625/594 623/626/593
f 623/626/593 600/603/573 489/492/472
f 607/610/580 624/627/595 625/628/596
f 625/628/596 608/611/581 607/610/580
f 614/617/586 617/620/589 626/629/597
f 626/629/597 627/630/598 614/617/586
f 491/494/474 416/419/400 628/631/599
f 628/631/599 629/632/600 491/494/474
f 489/492/472 491/494/474 629/632/600
f 629/632/600 630/633/601 489/492/472
f 631/634/602 632/635/603 633/636/604
f 633/636/604 634/637/605 631/634/602
f 632/635/603 635/638/606 636/639/607
f 636/639/607 633/636/604 632/635/603
f 622/625/594 489/492/472 630/633/601
f 630/633/601 637/640/608 622/625/594
f 431/434/414 620/623/592 638/641/609
f 638/641/609 639/642/610 431/434/414
f 432/435/415 431/434/414 639/642/610
f 639/642/610 640/643/611 432/435/415
f 420/423/403 432/435/415 640/643/611
f 640/643/611 641/644/612 420/423/403
f 642/645/613 643/646/614 644/647/615
f 644/647/615 645/648/616 642/645/613
f 646/649/617 647/650/618 644/647/615
f 644/647/615 643/646/614 646/649/617
f 417/420/399 420/423/403 641/644/612
f 641/644/612 648/651/619 417/420/399
f 416/419/400 415/418/399 649/652/620
f 649/652/620 628/631/599 416/419/400
f 635/638/606 650/653/621 651/654/622
f 651/654/622 636/639/607 635/638/606
f 642/645/613 645/648/616 652/655/623
f 652/655/623 653/656/621 642/645/613
f 575/578/549 578/581/552 654/657/624
f 654/657/624 655/658/625 575/578/549
f 590/593/563 656/659/626 657/660/624
f 657/660/624 591/594/564 590/593/563
f 603/606/576 606/609/579 658/661/627
f 658/661/627 659/662/628 603/606/576
f 618/621/590 660/663/629 661/664/630
f 661/664/630 619/622/591 618/621/590
f 631/634/602 634/637/605 662/665/631
f 662/665/631 663/666/632 631/634/602
f 646/649/617 664/667/633 665/668/634
f 665/668/634 647/650/618 646/649/617
f 666/669/635 667/670/636 668/671/637
f 668/671/637 669/672/638 666/669/635
f 670/673/639 666/669/635 669/672/638
f 669/672/638 671/674/640 670/673/639
f 671/674/640 672/675/641 673/676/642
f 673/676/642 670/673/639 671/674/640
f 674/677/643 675/678/644 676/679/645
f 676/679/645 677/680/646 674/677/643
f 677/680/646 678/681/647 679/682/648
f 679/682/648 674/677/643 677/680/646
f 680/683/649 679/682/648 678/681/647
f 678/681/647 681/684/650 680/683/649
f 681/684/650 682/685/651 683/686/652
f 683/686/652 680/683/649 681/684/650
f 667/670/636 684/687/653 685/688/654
f 685/688/654 668/671/637 667/670/636
f 686/689/655 687/690/656 688/691/657
f 688/691/657 689/692/658 686/689/655
f 690/693/659 686/689/655 689/692/658
f 689/692/658 691/694/660 690/693/659
f 691/694/660 692/695/661 693/696/662
f 693/696/662 690/693/659 691/694/660
f 694/697/663 695/698/664 696/699/665
f 696/699/665 697/700/666 694/697/663
f 697/700/666 698/701/667 699/702/668
f 699/702/668 694/697/663 697/700/666
f 700/703/669 699/702/668 698/701/667
f 698/701/667 701/704/670 700/703/669
f 701/704/670 702/705/671 703/706/672
f 703/706/672 700/703/669 701/704/670
f 687/690/656 704/707/673 705/708/674
f 705/708/674 688/691/657 687/690/656
f 706/709/675 707/710/676 708/711/677
f 708/711/677 709/712/678 706/709/675
f 710/713/679 706/709/675 709/712/678
f 709/712/678 711/714/680 710/713/679
f 711/714/680 712/715/681 713/716/682
f 713/716/682 710/713/679 711/714/680
f 714/717/683 715/718/684 716/719/685
f 716/719/685 717/720/686 714/717/683
f 717/720/686 718/721/687 719/722/688
f 719/722/688 714/717/683 717/720/686
f 720/723/689 719/722/688 718/721/687
f 718/721/687 721/724/690 720/723/689
f 721/724/690 722/725/691 723/726/692
f 723/726/692 720/723/689 721/724/690
f 707/710/676 724/727/693 725/728/691
f 725/728/691 708/711/677 707/710/676
f 726/729/694 727/730/695 728/731/696
f 728/731/696 729/732/697 726/729/694
f 730/733/698 726/729/694 729/732/697
f 729/732/697 731/734/699 730/733/698
f 731/734/699 732/735/700 733/736/701
f 733/736/701 730/733/698 731/734/699
f 734/737/702 735/738/703 736/739/704
f 736/739/704 737/740/705 734/737/702
f 737/740/705 738/741/706 739/742/707
f 739/742/707 734/737/702 737/740/705
f 740/743/708 739/742/707 738/741/706
f 738/741/706 741/744/709 740/743/708
f 741/744/709 742/745/710 743/746/711
f 743/746/711 740/743/708 741/744/709
f 727/730/695 744/747/711 745/748/712
f 745/748/712 728/731/696 727/730/695
f 746/749/713 747/750/714 748/751/715
f 748/751/715 749/752/716 746/749/713
f 750/753/717 746/749/713 749/752/716
f 749/752/716 751/754/718 750/753/717
f 751/754/718 749/752/716 492/495/475
f 492/495/475 496/499/479 751/754/718
f 749/752/716 748/751/715 493/496/476
f 493/496/476 492/495/475 749/752/716
f 752/755/719 750/753/717 751/754/718
f 751/754/718 753/756/720 752/755/719
f 754/757/721 755/758/722 756/759/723
f 756/759/723 757/760/724 754/757/721
f 757/760/724 756/759/723 498/501/481
f 498/501/481 501/504/484 757/760/724
f 753/756/720 751/754/718 496/499/479
f 496/499/479 497/500/480 753/756/720
f 758/761/725 754/757/721 757/760/724
f 757/760/724 759/762/726 758/761/725
f 760/763/727 758/761/725 759/762/726
f 759/762/726 761/764/728 760/763/727
f 761/764/728 759/762/726 500/503/483
f 500/503/483 503/506/485 761/764/728
f 759/762/726 757/760/724 501/504/484
f 501/504/484 500/503/483 759/762/726
f 762/765/729 760/763/727 761/764/728
f 761/764/728 763/766/730 762/765/729
f 747/750/714 764/767/731 765/768/730
f 765/768/730 748/751/715 747/750/714
f 748/751/715 765/768/730 494/497/477
f 494/497/477 493/496/476 748/751/715
f 763/766/730 761/764/728 503/506/485
f 503/506/485 502/505/477 763/766/730
f 766/769/732 767/770/733 768/771/734
f 768/771/734 769/772/735 766/769/732
f 770/773/736 766/769/732 769/772/735
f 769/772/735 771/774/737 770/773/736
f 771/774/737 769/772/735 504/507/486
f 504/507/486 508/511/490 771/774/737
f 769/772/735 768/771/734 505/508/487
f 505/508/487 504/507/486 769/772/735
f 772/775/738 770/773/736 771/774/737
f 771/774/737 773/776/739 772/775/738
f 774/777/740 775/778/741 776/779/739
f 776/779/739 777/780/742 774/777/740
f 777/780/742 776/779/739 510/513/492
f 510/513/492 513/516/494 777/780/742
f 773/776/739 771/774/737 508/511/490
f 508/511/490 509/512/491 773/776/739
f 778/781/743 774/777/740 777/780/742
f 777/780/742 779/782/744 778/781/743
f 780/783/745 778/781/743 779/782/744
f 779/782/744 781/784/746 780/783/745
f 781/784/746 779/782/744 512/515/493
f 512/515/493 515/518/496 781/784/746
f 779/782/744 777/780/742 513/516/494
f 513/516/494 512/515/493 779/782/744
f 782/785/747 780/783/745 781/784/746
f 781/784/746 783/786/748 782/785/747
f 767/770/733 784/787/749 785/788/748
f 785/788/748 768/771/734 767/770/733
f 768/771/734 785/788/748 506/509/488
f 506/509/488 505/508/487 768/771/734
f 783/786/748 781/784/746 515/518/496
f 515/518/496 514/517/495 783/786/748
f 786/789/750 787/790/751 788/791/752
f 788/791/752 789/792/753 786/789/750
f 790/793/754 786/789/750 789/792/753
f 789/792/753 791/794/755 790/793/754
f 791/794/755 789/792/753 516/519/497
f 516/519/497 520/523/501 791/794/755
f 789/792/753 788/791/752 517/520/498
f 517/520/498 516/519/497 789/792/753
f 792/795/756 790/793/754 791/794/755
f 791/794/755 793/796/757 792/795/756
f 794/797/758 795/798/759 796/799/760
f 796/799/760 797/800/761 794/797/758
f 797/800/761 796/799/760 522/525/502
f 522/525/502 525/528/504 797/800/761
f 793/796/757 791/794/755 520/523/501
f 520/523/501 521/524/502 793/796/757
f 798/801/762 794/797/758 797/800/761
f 797/800/761 799/802/763 798/801/762
f 800/803/764 798/801/762 799/802/763
f 799/802/763 801/804/765 800/803/764
f 801/804/765 799/802/763 524/527/503
f 524/527/503 527/530/505 801/804/765
f 799/802/763 797/800/761 525/528/504
f 525/528/504 524/527/503 799/802/763
f 802/805/766 800/803/764 801/804/765
f 801/804/765 803/806/767 802/805/766
f 787/790/751 804/807/768 805/808/769
f 805/808/769 788/791/752 787/790/751
f 788/791/752 805/808/769 518/521/499
f 518/521/499 517/520/498 788/791/752
f 803/806/767 801/804/765 527/530/505
f 527/530/505 526/529/499 803/806/767
f 806/809/770 807/810/771 808/811/772
f 808/811/772 809/812/773 806/809/770
f 810/813/774 806/809/770 809/812/773
f 809/812/773 811/814/775 810/813/774
f 811/814/775 809/812/773 528/531/506
f 528/531/506 532/535/510 811/814/775
f 809/812/773 808/811/772 529/532/507
f 529/532/507 528/531/506 809/812/773
f 812/815/776 810/813/774 811/814/775
f 811/814/775 813/816/777 812/815/776
f 814/817/778 815/818/776 816/819/779
f 816/819/779 817/820/780 814/817/778
f 817/820/780 816/819/779 534/537/512
f 534/537/512 537/540/514 817/820/780
f 813/816/777 811/814/775 532/535/510
f 532/535/510 533/536/511 813/816/777
f 818/821/781 814/817/778 817/820/780
f 817/820/780 819/822/782 818/821/781
f 820/823/783 818/821/781 819/822/782
f 819/822/782 821/824/784 820/823/783
f 821/824/784 819/822/782 536/539/513
f 536/539/513 539/542/515 821/824/784
f 819/822/782 817/820/780 537/540/514
f 537/540/514 536/539/513 819/822/782
f 822/825/785 820/823/783 821/824/784
f 821/824/784 823/826/786 822/825/785
f 807/810/771 824/827/787 825/828/788
f 825/828/788 808/811/772 807/810/771
f 808/811/772 825/828/788 530/533/508
f 530/533/508 529/532/507 808/811/772
f 823/826/786 821/824/784 539/542/515
f 539/542/515 538/541/508 823/826/786
f 391/394/376 826/829/789 827/830/790
f 827/830/790 487/490/470 391/394/376
f 426/429/409 828/831/791 829/832/792
f 829/832/792 398/401/383 426/429/409
f 829/832/792 828/831/791 830/833/793
f 830/833/793 831/834/794 829/832/792
f 395/398/380 398/401/383 829/832/792
f 829/832/792 832/835/795 395/398/380
f 391/394/376 394/397/379 833/836/795
f 833/836/795 826/829/789 391/394/376
f 826/829/789 833/836/795 834/837/796
f 834/837/796 835/838/797 826/829/789
f 832/835/795 829/832/792 831/834/794
f 831/834/794 836/839/796 832/835/795
f 487/490/470 827/830/790 837/840/798
f 837/840/798 413/416/397 487/490/470
f 414/417/398 413/416/397 837/840/798
f 837/840/798 838/841/799 414/417/398
f 419/422/402 418/421/401 839/842/800
f 839/842/800 840/843/801 419/422/402
f 419/422/402 840/843/801 828/831/791
f 828/831/791 426/429/409 419/422/402
f 828/831/791 840/843/801 841/844/802
f 841/844/802 830/833/793 828/831/791
f 842/845/803 827/830/790 826/829/789
f 826/829/789 835/838/797 842/845/803
f 843/846/804 844/847/805 845/848/806
f 845/848/806 846/849/807 843/846/804
f 847/850/808 848/851/809 849/852/810
f 849/852/810 850/853/811 847/850/808
f 844/847/805 851/854/812 852/855/813
f 852/855/813 845/848/806 844/847/805
f 853/856/814 847/850/808 850/853/811
f 850/853/811 854/857/815 853/856/814
f 855/858/816 837/840/798 827/830/790
f 827/830/790 842/845/803 855/858/816
f 843/846/804 846/849/807 856/859/817
f 857/860/818 838/841/799 837/840/798
f 837/840/798 855/858/816 857/860/818
f 841/844/802 840/843/801 839/842/800
f 839/842/800 858/861/819 841/844/802
f 859/862/820 849/852/810 848/851/809
f 860/863/821 861/864/822 862/865/823
f 862/865/823 863/866/824 860/863/821
f 862/865/823 861/864/822 401/404/386
f 401/404/386 404/407/389 862/865/823
f 864/867/825 865/868/826 866/869/827
f 866/869/827 867/870/828 864/867/825
f 866/869/827 865/868/826 408/411/393
f 408/411/393 407/410/392 866/869/827
f 868/871/829 867/870/828 866/869/827
f 866/869/827 869/872/830 868/871/829
f 860/863/821 870/873/831 871/874/830
f 871/874/830 861/864/822 860/863/821
f 861/864/822 871/874/830 402/405/387
f 402/405/387 401/404/386 861/864/822
f 869/872/830 866/869/827 407/410/392
f 407/410/392 406/409/391 869/872/830
f 863/866/824 862/865/823 872/875/832
f 872/875/832 873/876/833 863/866/824
f 872/875/832 862/865/823 404/407/389
f 404/407/389 410/413/395 872/875/832
f 874/877/834 873/876/833 872/875/832
f 872/875/832 875/878/835 874/877/834
f 876/879/836 877/880/837 878/881/838
f 878/881/838 879/882/839 876/879/836
f 879/882/839 878/881/838 411/414/394
f 411/414/394 412/415/396 879/882/839
f 875/878/835 872/875/832 410/413/395
f 410/413/395 409/412/394 875/878/835
f 876/879/836 879/882/839 865/868/826
f 865/868/826 864/867/825 876/879/836
f 865/868/826 879/882/839 412/415/396
f 412/415/396 408/411/393 865/868/826
f 631/634/602 663/666/632 637/640/608
f 637/640/608 630/633/601 631/634/602
f 639/642/610 638/641/609 664/667/633
f 664/667/633 646/649/617 639/642/610
f 646/649/617 643/646/614 640/643/611
f 640/643/611 639/642/610 646/649/617
f 641/644/612 640/643/611 643/646/614
f 643/646/614 642/645/613 641/644/612
f 642/645/613 653/656/621 648/651/619
f 648/651/619 641/644/612 642/645/613
f 628/631/599 649/652/620 650/653/621
f 650/653/621 635/638/606 628/631/599
f 629/632/600 628/631/599 635/638/606
f 635/638/606 632/635/603 629/632/600
f 630/633/601 629/632/600 632/635/603
f 632/635/603 631/634/602 630/633/601
f 730/733/698 733/736/701 662/665/631
f 662/665/631 634/637/605 730/733/698
f 647/650/618 665/668/634 735/738/703
f 735/738/703 734/737/702 647/650/618
f 734/737/702 739/742/707 644/647/615
f 644/647/615 647/650/618 734/737/702
f 645/648/616 644/647/615 739/742/707
f 739/742/707 740/743/708 645/648/616
f 740/743/708 743/746/711 652/655/623
f 652/655/623 645/648/616 740/743/708
f 636/639/607 651/654/622 744/747/711
f 744/747/711 727/730/695 636/639/607
f 633/636/604 636/639/607 727/730/695
f 727/730/695 726/729/694 633/636/604
f 634/637/605 633/636/604 726/729/694
f 726/729/694 730/733/698 634/637/605
f 603/606/576 659/662/628 609/612/582
f 609/612/582 602/605/575 603/606/576
f 611/614/583 610/613/582 660/663/629
f 660/663/629 618/621/590 611/614/583
f 618/621/590 615/618/587 612/615/584
f 612/615/584 611/614/583 618/621/590
f 613/616/585 612/615/584 615/618/587
f 615/618/587 614/617/586 613/616/585
f 614/617/586 627/630/598 621/624/593
f 621/624/593 613/616/585 614/617/586
f 600/603/573 623/626/593 624/627/595
f 624/627/595 607/610/580 600/603/573
f 601/604/574 600/603/573 607/610/580
f 607/610/580 604/607/577 601/604/574
f 602/605/575 601/604/574 604/607/577
f 604/607/577 603/606/576 602/605/575
f 710/713/679 713/716/682 658/661/627
f 658/661/627 606/609/579 710/713/679
f 619/622/591 661/664/630 715/718/684
f 715/718/684 714/717/683 619/622/591
f 714/717/683 719/722/688 616/619/588
f 616/619/588 619/622/591 714/717/683
f 617/620/589 616/619/588 719/722/688
f 719/722/688 720/723/689 617/620/589
f 720/723/689 723/726/692 626/629/597
f 626/629/597 617/620/589 720/723/689
f 608/611/581 625/628/596 724/727/693
f 724/727/693 707/710/676 608/611/581
f 605/608/578 608/611/581 707/710/676
f 707/710/676 706/709/675 605/608/578
f 606/609/579 605/608/578 706/709/675
f 706/709/675 710/713/679 606/609/579
f 575/578/549 655/658/625 581/584/555
f 581/584/555 574/577/548 575/578/549
f 583/586/556 582/585/555 656/659/626
f 656/659/626 590/593/563 583/586/556
f 590/593/563 587/590/560 584/587/557
f 584/587/557 583/586/556 590/593/563
f 585/588/558 584/587/557 587/590/560
f 587/590/560 586/589/559 585/588/558
f 586/589/559 599/602/572 593/596/566
f 593/596/566 585/588/558 586/589/559
f 572/575/546 595/598/568 596/599/569
f 596/599/569 579/582/553 572/575/546
f 573/576/547 572/575/546 579/582/553
f 579/582/553 576/579/550 573/576/547
f 574/577/548 573/576/547 576/579/550
f 576/579/550 575/578/549 574/577/548
f 690/693/659 693/696/662 654/657/624
f 654/657/624 578/581/552 690/693/659
f 591/594/564 657/660/624 695/698/664
f 695/698/664 694/697/663 591/594/564
f 694/697/663 699/702/668 588/591/561
f 588/591/561 591/594/564 694/697/663
f 589/592/562 588/591/561 699/702/668
f 699/702/668 700/703/669 589/592/562
f 700/703/669 703/706/672 598/601/571
f 598/601/571 589/592/562 700/703/669
f 580/583/554 597/600/570 704/707/673
f 704/707/673 687/690/656 580/583/554
f 577/580/551 580/583/554 687/690/656
f 687/690/656 686/689/655 577/580/551
f 578/581/552 577/580/551 686/689/655
f 686/689/655 690/693/659 578/581/552
f 543/546/519 557/560/532 549/552/525
f 549/552/525 542/545/518 543/546/519
f 551/554/527 550/553/526 553/556/529
f 553/556/529 552/555/528 551/554/527
f 552/555/528 561/564/536 558/561/533
f 558/561/533 551/554/527 552/555/528
f 559/562/534 558/561/533 561/564/536
f 561/564/536 560/563/535 559/562/534
f 560/563/535 571/574/545 565/568/540
f 565/568/540 559/562/534 560/563/535
f 540/543/516 567/570/541 568/571/542
f 568/571/542 547/550/523 540/543/516
f 541/544/517 540/543/516 547/550/523
f 547/550/523 544/547/520 541/544/517
f 542/545/518 541/544/517 544/547/520
f 544/547/520 543/546/519 542/545/518
f 670/673/639 673/676/642 556/559/530
f 556/559/530 546/549/522 670/673/639
f 555/558/531 554/557/530 675/678/644
f 675/678/644 674/677/643 555/558/531
f 674/677/643 679/682/648 562/565/537
f 562/565/537 555/558/531 674/677/643
f 563/566/538 562/565/537 679/682/648
f 679/682/648 680/683/649 563/566/538
f 680/683/649 683/686/652 570/573/544
f 570/573/544 563/566/538 680/683/649
f 548/551/524 569/572/543 684/687/653
f 684/687/653 667/670/636 548/551/524
f 545/548/521 548/551/524 667/670/636
f 667/670/636 666/669/635 545/548/521
f 546/549/522 545/548/521 666/669/635
f 666/669/635 670/673/639 546/549/522
f 729/732/697 728/731/696 807/810/771
f 807/810/771 806/809/770 729/732/697
f 728/731/696 745/748/712 824/827/787
f 824/827/787 807/810/771 728/731/696
f 741/744/709 820/823/783 822/825/785
f 822/825/785 742/745/710 741/744/709
f 741/744/709 738/741/706 818/821/781
f 818/821/781 820/823/783 741/744/709
f 737/740/705 814/817/778 818/821/781
f 818/821/781 738/741/706 737/740/705
f 737/740/705 736/739/704 815/818/776
f 815/818/776 814/817/778 737/740/705
f 731/734/699 810/813/774 812/815/776
f 812/815/776 732/735/700 731/734/699
f 731/734/699 729/732/697 806/809/770
f 806/809/770 810/813/774 731/734/699
f 709/712/678 708/711/677 787/790/751
f 787/790/751 786/789/750 709/712/678
f 708/711/677 725/728/691 804/807/768
f 804/807/768 787/790/751 708/711/677
f 721/724/690 800/803/764 802/805/766
f 802/805/766 722/725/691 721/724/690
f 721/724/690 718/721/687 798/801/762
f 798/801/762 800/803/764 721/724/690
f 717/720/686 794/797/758 798/801/762
f 798/801/762 718/721/687 717/720/686
f 717/720/686 716/719/685 795/798/759
f 795/798/759 794/797/758 717/720/686
f 711/714/680 790/793/754 792/795/756
f 792/795/756 712/715/681 711/714/680
f 711/714/680 709/712/678 786/789/750
f 786/789/750 790/793/754 711/714/680
f 689/692/658 688/691/657 767/770/733
f 767/770/733 766/769/732 689/692/658
f 688/691/657 705/708/674 784/787/749
f 784/787/749 767/770/733 688/691/657
f 701/704/670 780/783/745 782/785/747
f 782/785/747 702/705/671 701/704/670
f 701/704/670 698/701/667 778/781/743
f 778/781/743 780/783/745 701/704/670
f 697/700/666 774/777/740 778/781/743
f 778/781/743 698/701/667 697/700/666
f 697/700/666 696/699/665 775/778/741
f 775/778/741 774/777/740 697/700/666
f 691/694/660 770/773/736 772/775/738
f 772/775/738 692/695/661 691/694/660
f 691/694/660 689/692/658 766/769/732
f 766/769/732 770/773/736 691/694/660
f 669/672/638 668/671/637 747/750/714
f 747/750/714 746/749/713 669/672/638
f 668/671/637 685/688/654 764/767/731
f 764/767/731 747/750/714 668/671/637
f 681/684/650 760/763/727 762/765/729
f 762/765/729 682/685/651 681/684/650
f 681/684/650 678/681/647 758/761/725
f 758/761/725 760/763/727 681/684/650
f 677/680/646 754/757/721 758/761/725
f 758/761/725 678/681/647 677/680/646
f 677/680/646 676/679/645 755/758/722
f 755/758/722 754/757/721 677/680/646
f 671/674/640 750/753/717 752/755/719
f 752/755/719 672/675/641 671/674/640
f 671/674/640 669/672/638 746/749/713
f 746/749/713 750/753/717 671/674/640
f 842/845/803 835/838/797 844/847/805
f 844/847/805 843/846/804 842/845/803
f 855/858/816 842/845/803 843/846/804
f 843/846/804 856/859/817 855/858/816
f 857/860/818 855/858/816 856/859/817
f 856/859/817 880/883/840 857/860/818
f 841/844/802 858/861/819 881/884/840
f 881/884/840 859/862/820 841/844/802
f 830/833/793 841/844/802 859/862/820
f 859/862/820 848/851/809 830/833/793
f 831/834/794 830/833/793 848/851/809
f 848/851/809 847/850/808 831/834/794
f 836/839/796 831/834/794 847/850/808
f 847/850/808 853/856/814 836/839/796
f 835/838/797 834/837/796 851/854/812
f 851/854/812 844/847/805 835/838/797
f 860/863/821 863/866/824 846/849/807
f 846/849/807 845/848/806 860/863/821
f 863/866/824 873/876/833 856/859/817
f 856/859/817 846/849/807 863/866/824
f 880/883/840 856/859/817 873/876/833
f 873/876/833 874/877/834 880/883/840
f 859/862/820 881/884/840 877/880/837
f 877/880/837 876/879/836 859/862/820
f 876/879/836 864/867/825 849/852/810
f 849/852/810 859/862/820 876/879/836
f 864/867/825 867/870/828 850/853/811
f 850/853/811 849/852/810 864/867/825
f 854/857/815 850/853/811 867/870/828
f 867/870/828 868/871/829 854/857/815
f 845/848/806 852/855/813 870/873/831
f 870/873/831 860/863/821 845/848/806
f 431/434/414 430/433/413 436/439/419
f 431/434/414 427/430/410 430/433/413
f 435/438/418 430/433/413 434/437/417
f 435/438/418 434/437/417 447/450/430
f 427/430/410 432/435/415 420/423/403
f 446/449/429 434/437/417 444/447/427
f 446/449/429 444/447/427 449/452/432
f 444/447/427 445/448/428 448/451/431
f 474/477/457 478/481/461 468/471/451
f 477/480/460 474/477/457 476/479/459
f 477/480/460 476/479/459 483/486/466
f 482/485/465 476/479/459 481/484/464
f 482/485/465 481/484/464 490/493/473
f 489/492/472 481/484/464 488/491/471
f 489/492/472 488/491/471 491/494/474
f 488/491/471 413/416/397 416/419/400
f 882/885/841 883/886/842 884/887/843
f 884/887/843 885/888/844 882/885/841
f 883/886/842 886/889/845 887/890/846
f 887/890/846 884/887/843 883/886/842
f 888/891/847 886/889/845 889/892/848
f 889/892/848 890/893/849 888/891/847
f 891/894/850 888/891/847 890/893/849
f 890/893/849 892/895/851 891/894/850
f 893/896/852 891/894/850 892/895/851
f 892/895/851 894/897/853 893/896/852
f 895/898/854 896/899/855 897/900/856
f 897/900/856 898/901/857 895/898/854
f 899/902/858 895/898/854 898/901/857
f 898/901/857 900/903/859 899/902/858
f 882/885/841 899/902/858 900/903/859
f 900/903/859 901/904/860 882/885/841
f 883/886/842 882/885/841 901/904/860
f 901/904/860 902/905/861 883/886/842
f 886/889/845 883/886/842 902/905/861
f 902/905/861 889/892/848 886/889/845
f 890/893/849 889/892/848 903/906/862
f 903/906/862 904/907/863 890/893/849
f 892/895/851 890/893/849 904/907/863
f 904/907/863 905/908/864 892/895/851
f 894/897/853 892/895/851 905/908/864
f 905/908/864 906/909/865 894/897/853
f 898/901/857 897/900/856 907/910/865
f 907/910/865 908/911/866 898/901/857
f 900/903/859 898/901/857 908/911/866
f 908/911/866 909/912/867 900/903/859
f 901/904/860 900/903/859 909/912/867
f 909/912/867 910/913/868 901/904/860
f 902/905/861 901/904/860 910/913/868
f 910/913/868 911/914/869 902/905/861
f 889/892/848 902/905/861 911/914/869
f 911/914/869 903/906/862 889/892/848
f 912/915/870 913/916/871 914/917/872
f 914/917/872 915/918/873 912/915/870
f 916/919/874 912/915/870 915/918/873
f 915/918/873 917/920/875 916/919/874
f 918/921/876 916/919/874 917/920/875
f 917/920/875 919/922/877 918/921/876
f 920/923/878 921/924/879 922/925/880
f 922/925/880 923/926/881 920/923/878
f 924/927/882 920/923/878 923/926/881
f 923/926/881 925/928/883 924/927/882
f 926/929/884 924/927/882 925/928/883
f 925/928/883 927/930/885 926/929/884
f 928/931/886 926/929/884 927/930/885
f 927/930/885 929/932/887 928/931/886
f 913/916/871 928/931/886 929/932/887
f 929/932/887 914/917/872 913/916/871
f 930/933/888 931/934/889 932/935/890
f 932/935/890 933/936/891 930/933/888
f 934/937/892 930/933/888 933/936/891
f 933/936/891 935/938/893 934/937/892
f 936/939/894 934/937/892 935/938/893
f 935/938/893 937/940/895 936/939/894
f 938/941/896 939/942/894 940/943/897
f 940/943/897 941/944/898 938/941/896
f 942/945/899 938/941/896 941/944/898
f 941/944/898 943/946/900 942/945/899
f 944/947/901 942/945/899 943/946/900
f 943/946/900 945/948/902 944/947/901
f 946/949/903 944/947/901 945/948/902
f 945/948/902 947/950/904 946/949/903
f 931/934/889 946/949/903 947/950/904
f 947/950/904 932/935/890 931/934/889
f 933/936/891 932/935/890 948/951/905
f 948/951/905 949/952/906 933/936/891
f 935/938/893 933/936/891 949/952/906
f 949/952/906 950/953/907 935/938/893
f 937/940/895 935/938/893 950/953/907
f 950/953/907 951/954/908 937/940/895
f 941/944/898 940/943/897 952/955/909
f 952/955/909 953/956/910 941/944/898
f 943/946/900 941/944/898 953/956/910
f 953/956/910 954/957/911 943/946/900
f 945/948/902 943/946/900 954/957/911
f 954/957/911 955/958/912 945/948/902
f 947/950/904 945/948/902 955/958/912
f 955/958/912 956/959/913 947/950/904
f 932/935/890 947/950/904 956/959/913
f 956/959/913 948/951/905 932/935/890
f 949/952/906 948/951/905 957/960/914
f 957/960/914 958/961/915 949/952/906
f 950/953/907 949/952/906 958/961/915
f 958/961/915 959/962/916 950/953/907
f 951/954/908 950/953/907 959/962/916
f 959/962/916 960/963/917 951/954/908
f 953/956/910 952/955/909 961/964/918
f 961/964/918 962/965/919 953/956/910
f 954/957/911 953/956/910 962/965/919
f 962/965/919 963/966/920 954/957/911
f 955/958/912 954/957/911 963/966/920
f 963/966/920 964/967/921 955/958/912
f 956/959/913 955/958/912 964/967/921
f 964/967/921 965/968/922 956/959/913
f 948/951/905 956/959/913 965/968/922
f 965/968/922 957/960/914 948/951/905
f 958/961/915 957/960/914 966/969/923
f 966/969/923 967/970/924 958/961/915
f 959/962/916 958/961/915 967/970/924
f 967/970/924 968/971/925 959/962/916
f 960/963/917 959/962/916 968/971/925
f 968/971/925 969/972/926 960/963/917
f 962/965/919 961/964/918 970/973/927
f 970/973/927 971/974/928 962/965/919
f 963/966/920 962/965/919 971/974/928
f 971/974/928 972/975/929 963/966/920
f 964/967/921 963/966/920 972/975/929
f 972/975/929 973/976/930 964/967/921
f 965/968/922 964/967/921 973/976/930
f 973/976/930 974/977/931 965/968/922
f 957/960/914 965/968/922 974/977/931
f 974/977/931 966/969/923 957/960/914
f 975/978/932 976/979/933 977/980/934
f 977/980/934 978/981/935 975/978/932
f 979/982/936 978/981/935 977/980/934
f 977/980/934 980/983/937 979/982/936
f 981/984/938 979/982/936 980/983/937
f 980/983/937 982/985/939 981/984/938
f 983/986/940 984/987/938 985/988/941
f 985/988/941 986/989/942 983/986/940
f 987/990/943 988/991/944 989/992/945
f 989/992/945 990/993/946 987/990/943
f 991/994/947 992/995/948 993/996/949
f 993/996/949 994/997/950 991/994/947
f 995/998/951 994/997/950 993/996/949
f 993/996/949 996/999/952 995/998/951
f 997/1000/953 998/1001/954 999/1002/955
f 999/1002/955 1000/1003/956 997/1000/953
f 976/979/933 1001/1004/957 1002/1005/958
f 1002/1005/958 977/980/934 976/979/933
f 980/983/937 977/980/934 1002/1005/958
f 1002/1005/958 1003/1006/959 980/983/937
f 982/985/939 980/983/937 1003/1006/959
f 1003/1006/959 1004/1007/960 982/985/939
f 986/989/942 985/988/941 1005/1008/961
f 1005/1008/961 1006/1009/962 986/989/942
f 988/991/944 1007/1010/963 1008/1011/964
f 1008/1011/964 989/992/945 988/991/944
f 992/995/948 1009/1012/965 1010/1013/966
f 1010/1013/966 993/996/949 992/995/948
f 996/999/952 993/996/949 1010/1013/966
f 1010/1013/966 1011/1014/967 996/999/952
f 1000/1003/956 999/1002/955 1012/1015/968
f 1012/1015/968 1013/1016/969 1000/1003/956
f 1001/1004/957 1014/1017/970 1015/1018/971
f 1015/1018/971 1002/1005/958 1001/1004/957
f 1003/1006/959 1002/1005/958 1015/1018/971
f 1015/1018/971 1016/1019/972 1003/1006/959
f 1004/1007/960 1003/1006/959 1016/1019/972
f 1016/1019/972 1017/1020/973 1004/1007/960
f 1006/1009/962 1005/1008/961 1018/1021/974
f 1018/1021/974 1019/1022/975 1006/1009/962
f 1007/1010/963 1020/1023/976 1021/1024/977
f 1021/1024/977 1008/1011/964 1007/1010/963
f 1009/1012/965 1022/1025/978 1023/1026/979
f 1023/1026/979 1010/1013/966 1009/1012/965
f 1011/1014/967 1010/1013/966 1023/1026/979
f 1023/1026/979 1024/1027/980 1011/1014/967
f 1013/1016/969 1012/1015/968 1025/1028/981
f 1025/1028/981 1026/1029/982 1013/1016/969
f 1027/1030/983 1028/1031/984 1029/1032/985
f 1029/1032/985 1030/1033/986 1027/1030/983
f 1031/1034/987 1030/1033/986 1029/1032/985
f 1029/1032/985 1032/1035/988 1031/1034/987
f 1033/1036/989 1031/1034/987 1032/1035/988
f 1032/1035/988 1034/1037/990 1033/1036/989
f 1035/1038/991 1036/1039/992 1037/1040/993
f 1037/1040/993 1038/1041/994 1035/1038/991
f 1039/1042/995 1040/1043/996 1041/1044/997
f 1041/1044/997 1042/1045/998 1039/1042/995
f 1043/1046/999 1044/1047/1000 1045/1048/1001
f 1045/1048/1001 1046/1049/1002 1043/1046/999
f 1047/1050/1003 1046/1049/1002 1045/1048/1001
f 1045/1048/1001 1048/1051/1004 1047/1050/1003
f 1049/1052/1005 1050/1053/1006 1051/1054/1007
f 1051/1054/1007 1052/1055/1008 1049/1052/1005
f 1053/1056/1009 1054/1057/1010 1055/1058/1011
f 1055/1058/1011 1056/1059/1012 1053/1056/1009
f 1057/1060/1013 1056/1059/1012 1055/1058/1011
f 1055/1058/1011 1058/1061/1014 1057/1060/1013
f 1059/1062/1015 1057/1060/1013 1058/1061/1014
f 1058/1061/1014 1060/1063/1016 1059/1062/1015
f 1061/1064/1017 1062/1065/1018 1063/1066/1019
f 1063/1066/1019 1064/1067/1020 1061/1064/1017
f 1065/1068/1021 1066/1069/1022 1067/1070/1023
f 1067/1070/1023 1068/1071/1024 1065/1068/1021
f 1069/1072/1025 1070/1073/1026 1071/1074/1027
f 1071/1074/1027 1072/1075/1028 1069/1072/1025
f 1073/1076/1029 1072/1075/1028 1071/1074/1027
f 1071/1074/1027 1074/1077/1030 1073/1076/1029
f 1075/1078/1031 1076/1079/1032 1077/1080/1033
f 1077/1080/1033 1078/1081/1034 1075/1078/1031
f 1054/1057/1010 1079/1082/1035 1080/1083/1036
f 1080/1083/1036 1055/1058/1011 1054/1057/1010
f 1058/1061/1014 1055/1058/1011 1080/1083/1036
f 1080/1083/1036 1081/1084/1037 1058/1061/1014
f 1060/1063/1016 1058/1061/1014 1081/1084/1037
f 1081/1084/1037 1082/1085/1038 1060/1063/1016
f 1064/1067/1020 1063/1066/1019 1083/1086/1038
f 1083/1086/1038 1084/1087/1039 1064/1067/1020
f 1066/1069/1022 1085/1088/1040 1086/1089/1041
f 1086/1089/1041 1067/1070/1023 1066/1069/1022
f 1070/1073/1026 1087/1090/1042 1088/1091/1043
f 1088/1091/1043 1071/1074/1027 1070/1073/1026
f 1074/1077/1030 1071/1074/1027 1088/1091/1043
f 1088/1091/1043 1089/1092/1044 1074/1077/1030
f 1078/1081/1034 1077/1080/1033 1090/1093/1045
f 1090/1093/1045 1091/1094/1046 1078/1081/1034
f 1079/1082/1035 1092/1095/1047 1093/1096/1048
f 1093/1096/1048 1080/1083/1036 1079/1082/1035
f 1081/1084/1037 1080/1083/1036 1093/1096/1048
f 1093/1096/1048 1094/1097/1049 1081/1084/1037
f 1082/1085/1038 1081/1084/1037 1094/1097/1049
f 1094/1097/1049 1095/1098/1050 1082/1085/1038
f 1084/1087/1039 1083/1086/1038 1096/1099/1051
f 1096/1099/1051 1097/1100/1052 1084/1087/1039
f 1085/1088/1040 1098/1101/1053 1099/1102/1054
f 1099/1102/1054 1086/1089/1041 1085/1088/1040
f 1087/1090/1042 1100/1103/1055 1101/1104/1056
f 1101/1104/1056 1088/1091/1043 1087/1090/1042
f 1089/1092/1044 1088/1091/1043 1101/1104/1056
f 1101/1104/1056 1102/1105/1057 1089/1092/1044
f 1091/1094/1046 1090/1093/1045 1103/1106/1058
f 1103/1106/1058 1104/1107/1059 1091/1094/1046
f 1105/1108/1060 1106/1109/1061 1107/1110/1062
f 1107/1110/1062 1108/1111/1063 1105/1108/1060
f 1109/1112/1064 1108/1111/1063 1107/1110/1062
f 1107/1110/1062 1110/1113/1065 1109/1112/1064
f 1111/1114/1066 1109/1112/1064 1110/1113/1065
f 1110/1113/1065 1112/1115/1067 1111/1114/1066
f 1113/1116/1068 1114/1117/1069 1115/1118/1067
f 1115/1118/1067 1116/1119/1070 1113/1116/1068
f 1117/1120/1071 1118/1121/1072 1119/1122/1073
f 1119/1122/1073 1120/1123/1074 1117/1120/1071
f 1121/1124/1075 1122/1125/1076 1123/1126/1077
f 1123/1126/1077 1124/1127/1078 1121/1124/1075
f 1125/1128/1079 1126/1129/1080 1127/1130/1081
f 1127/1130/1081 1128/1131/1082 1125/1128/1079
f 1028/1031/984 1053/1056/1009 1056/1059/1012
f 1056/1059/1012 1029/1032/985 1028/1031/984
f 1032/1035/988 1029/1032/985 1056/1059/1012
f 1056/1059/1012 1057/1060/1013 1032/1035/988
f 1034/1037/990 1032/1035/988 1057/1060/1013
f 1057/1060/1013 1059/1062/1015 1034/1037/990
f 1038/1041/994 1037/1040/993 1062/1065/1018
f 1062/1065/1018 1061/1064/1017 1038/1041/994
f 1040/1043/996 1065/1068/1021 1068/1071/1024
f 1068/1071/1024 1041/1044/997 1040/1043/996
f 1044/1047/1000 1069/1072/1025 1072/1075/1028
f 1072/1075/1028 1045/1048/1001 1044/1047/1000
f 1048/1051/1004 1045/1048/1001 1072/1075/1028
f 1072/1075/1028 1073/1076/1029 1048/1051/1004
f 1052/1055/1008 1051/1054/1007 1076/1079/1032
f 1076/1079/1032 1075/1078/1031 1052/1055/1008
f 1129/1132/1083 1027/1030/983 1030/1033/986
f 1030/1033/986 1130/1133/1084 1129/1132/1083
f 1131/1134/1085 1130/1133/1084 1030/1033/986
f 1030/1033/986 1031/1034/987 1131/1134/1085
f 1132/1135/1086 1131/1134/1085 1031/1034/987
f 1031/1034/987 1033/1036/989 1132/1135/1086
f 1133/1136/1087 1134/1137/1088 1036/1039/992
f 1036/1039/992 1035/1038/991 1133/1136/1087
f 1135/1138/1089 1039/1042/995 1042/1045/998
f 1042/1045/998 1136/1139/1090 1135/1138/1089
f 1137/1140/1091 1043/1046/999 1046/1049/1002
f 1046/1049/1002 1138/1141/1092 1137/1140/1091
f 1139/1142/1093 1138/1141/1092 1046/1049/1002
f 1046/1049/1002 1047/1050/1003 1139/1142/1093
f 1140/1143/1094 1141/1144/1095 1050/1053/1006
f 1050/1053/1006 1049/1052/1005 1140/1143/1094
f 1092/1095/1047 1105/1108/1060 1108/1111/1063
f 1108/1111/1063 1093/1096/1048 1092/1095/1047
f 1094/1097/1049 1093/1096/1048 1108/1111/1063
f 1108/1111/1063 1109/1112/1064 1094/1097/1049
f 1095/1098/1050 1094/1097/1049 1109/1112/1064
f 1109/1112/1064 1111/1114/1066 1095/1098/1050
f 1097/1100/1052 1096/1099/1051 1114/1117/1069
f 1114/1117/1069 1113/1116/1068 1097/1100/1052
f 1098/1101/1053 1117/1120/1071 1120/1123/1074
f 1120/1123/1074 1099/1102/1054 1098/1101/1053
f 1100/1103/1055 1121/1124/1075 1124/1127/1078
f 1124/1127/1078 1101/1104/1056 1100/1103/1055
f 1104/1107/1059 1103/1106/1058 1126/1129/1080
f 1126/1129/1080 1125/1128/1079 1104/1107/1059
f 1142/1145/1096 1143/1146/1097 1144/1147/1098
f 1144/1147/1098 1145/1148/1099 1142/1145/1096
f 1146/1149/1100 1145/1148/1099 1144/1147/1098
f 1144/1147/1098 1147/1150/1101 1146/1149/1100
f 1148/1151/1102 1149/1152/1103 1150/1153/1104
f 1150/1153/1104 1151/1154/1105 1148/1151/1102
f 1152/1155/1106 1151/1154/1105 1150/1153/1104
f 1150/1153/1104 1153/1156/1107 1152/1155/1106
f 1154/1157/1108 1155/1158/1109 1156/1159/1107
f 1156/1159/1107 1157/1160/1110 1154/1157/1108
f 1143/1146/1097 1158/1161/1111 1159/1162/1112
f 1159/1162/1112 1144/1147/1098 1143/1146/1097
f 1147/1150/1101 1144/1147/1098 1159/1162/1112
f 1159/1162/1112 1160/1163/1113 1147/1150/1101
f 1149/1152/1103 1161/1164/1114 1162/1165/1115
f 1162/1165/1115 1150/1153/1104 1149/1152/1103
f 1153/1156/1107 1150/1153/1104 1162/1165/1115
f 1162/1165/1115 1163/1166/1116 1153/1156/1107
f 1157/1160/1110 1156/1159/1107 1164/1167/1117
f 1164/1167/1117 1165/1168/1118 1157/1160/1110
f 1158/1161/1111 1166/1169/1119 1167/1170/1120
f 1167/1170/1120 1159/1162/1112 1158/1161/1111
f 1160/1163/1113 1159/1162/1112 1167/1170/1120
f 1167/1170/1120 1168/1171/1121 1160/1163/1113
f 1161/1164/1114 1169/1172/1122 1170/1173/1123
f 1170/1173/1123 1162/1165/1115 1161/1164/1114
f 1163/1166/1116 1162/1165/1115 1170/1173/1123
f 1170/1173/1123 1171/1174/1124 1163/1166/1116
f 1165/1168/1118 1164/1167/1117 1172/1175/1125
f 1172/1175/1125 1173/1176/1126 1165/1168/1118
f 1166/1169/1119 1174/1177/1127 1175/1178/1128
f 1175/1178/1128 1167/1170/1120 1166/1169/1119
f 1168/1171/1121 1167/1170/1120 1175/1178/1128
f 1175/1178/1128 1176/1179/1129 1168/1171/1121
f 1169/1172/1122 1177/1180/1130 1178/1181/1131
f 1178/1181/1131 1170/1173/1123 1169/1172/1122
f 1171/1174/1124 1170/1173/1123 1178/1181/1131
f 1178/1181/1131 1179/1182/1132 1171/1174/1124
f 1173/1176/1126 1172/1175/1125 1180/1183/1133
f 1180/1183/1133 1181/1184/1134 1173/1176/1126
f 1174/1177/1127 1182/1185/1135 1183/1186/1136
f 1183/1186/1136 1175/1178/1128 1174/1177/1127
f 1176/1179/1129 1175/1178/1128 1183/1186/1136
f 1183/1186/1136 1184/1187/1137 1185/1188/1138
f 1183/1186/1136 1185/1188/1138 1176/1179/1129
f 1177/1180/1130 1186/1189/1139 1187/1190/1140
f 1187/1190/1140 1178/1181/1131 1177/1180/1130
f 1179/1182/1132 1178/1181/1131 1187/1190/1140
f 1187/1190/1140 1188/1191/1141 1179/1182/1132
f 1181/1184/1134 1180/1183/1133 1189/1192/1142
f 1189/1192/1142 1190/1193/1143 1181/1184/1134
f 1182/1185/1135 1191/1194/1144 1192/1195/1145
f 1192/1195/1145 1183/1186/1136 1182/1185/1135
f 1184/1187/1137 1183/1186/1136 1192/1195/1145
f 1192/1195/1145 1193/1196/1146 1184/1187/1137
f 1186/1189/1139 1194/1197/1147 1195/1198/1148
f 1195/1198/1148 1187/1190/1140 1186/1189/1139
f 1188/1191/1141 1187/1190/1140 1195/1198/1148
f 1195/1198/1148 1196/1199/1149 1188/1191/1141
f 1190/1193/1143 1189/1192/1142 1197/1200/1150
f 1197/1200/1150 1198/1201/1151 1190/1193/1143
f 1191/1194/1144 1199/1202/1152 1200/1203/1153
f 1200/1203/1153 1192/1195/1145 1191/1194/1144
f 1193/1196/1146 1192/1195/1145 1200/1203/1153
f 1200/1203/1153 1201/1204/1154 1193/1196/1146
f 1194/1197/1147 1202/1205/1155 1203/1206/1156
f 1203/1206/1156 1195/1198/1148 1194/1197/1147
f 1204/1207/1157 1205/1208/1158 1206/1209/1159
f 1206/1209/1159 1207/1210/1160 1204/1207/1157
f 1208/1211/1161 1209/1212/1157 1210/1213/1162
f 1210/1213/1162 1211/1214/1163 1208/1211/1161
f 1212/1215/1164 1213/1216/1165 1214/1217/1166
f 1214/1217/1166 1215/1218/1167 1212/1215/1164
f 1216/1219/1168 1215/1218/1167 1214/1217/1166
f 1214/1217/1166 1217/1220/1169 1216/1219/1168
f 1218/1221/1170 1219/1222/1171 1220/1223/1172
f 1220/1223/1172 1221/1224/1173 1218/1221/1170
f 1213/1216/1165 1222/1225/1174 1223/1226/1175
f 1223/1226/1175 1214/1217/1166 1213/1216/1165
f 1217/1220/1169 1214/1217/1166 1223/1226/1175
f 1223/1226/1175 1224/1227/1176 1217/1220/1169
f 1219/1222/1171 1225/1228/1177 1226/1229/1178
f 1226/1229/1178 1220/1223/1172 1219/1222/1171
f 1227/1230/1179 1220/1223/1172 1226/1229/1178
f 1226/1229/1178 1228/1231/1180 1227/1230/1179
f 1229/1232/1181 1230/1233/1179 1231/1234/1180
f 1231/1234/1180 1232/1235/1182 1229/1232/1181
f 1222/1225/1174 1233/1236/1183 1234/1237/1184
f 1234/1237/1184 1223/1226/1175 1222/1225/1174
f 1224/1227/1176 1223/1226/1175 1234/1237/1184
f 1234/1237/1184 1235/1238/1185 1224/1227/1176
f 1225/1228/1177 1236/1239/1186 1237/1240/1187
f 1237/1240/1187 1226/1229/1178 1225/1228/1177
f 1228/1231/1180 1226/1229/1178 1237/1240/1187
f 1237/1240/1187 1238/1241/1188 1228/1231/1180
f 1232/1235/1182 1231/1234/1180 1239/1242/1189
f 1239/1242/1189 1240/1243/1190 1232/1235/1182
f 1241/1244/1191 1242/1245/1096 1243/1246/1192
f 1243/1246/1192 1244/1247/1193 1241/1244/1191
f 1245/1248/1194 1244/1247/1193 1243/1246/1192
f 1243/1246/1192 1246/1249/1100 1245/1248/1194
f 1247/1250/1195 1248/1251/1196 1249/1252/1197
f 1249/1252/1197 1250/1253/1198 1247/1250/1195
f 1251/1254/1199 1252/1255/1102 1253/1256/1200
f 1253/1256/1200 1254/1257/1201 1251/1254/1199
f 1255/1258/1202 1256/1259/1203 1257/1260/1106
f 1257/1260/1106 1258/1261/1108 1255/1258/1202
f 1259/1262/1204 1218/1221/1170 1221/1224/1173
f 1221/1224/1173 1206/1209/1159 1259/1262/1204
f 1260/1263/1205 1212/1215/1164 1215/1218/1167
f 1215/1218/1167 1261/1264/1206 1260/1263/1205
f 1262/1265/1207 1261/1264/1206 1215/1218/1167
f 1215/1218/1167 1216/1219/1168 1262/1265/1207
f 1263/1266/1208 1264/1267/1209 1230/1233/1179
f 1230/1233/1179 1229/1232/1181 1263/1266/1208
f 1265/1268/1210 1266/1269/1211 1220/1223/1172
f 1220/1223/1172 1227/1230/1179 1265/1268/1210
f 1266/1269/1211 1267/1270/1212 1221/1224/1173
f 1221/1224/1173 1220/1223/1172 1266/1269/1211
f 1267/1270/1212 1268/1271/1213 1206/1209/1159
f 1206/1209/1159 1221/1224/1173 1267/1270/1212
f 1268/1271/1213 1269/1272/1214 1207/1210/1160
f 1207/1210/1160 1206/1209/1159 1268/1271/1213
f 1270/1273/1215 1271/1274/1216 1211/1214/1163
f 1211/1214/1163 1210/1213/1162 1270/1273/1215
f 1271/1274/1216 1272/1275/1217 1273/1276/1218
f 1273/1276/1218 1211/1214/1163 1271/1274/1216
f 1272/1275/1217 1263/1266/1208 1229/1232/1181
f 1229/1232/1181 1273/1276/1218 1272/1275/1217
f 915/918/873 914/917/872 931/934/889
f 931/934/889 930/933/888 915/918/873
f 917/920/875 915/918/873 930/933/888
f 930/933/888 934/937/892 917/920/875
f 919/922/877 917/920/875 934/937/892
f 934/937/892 936/939/894 919/922/877
f 923/926/881 922/925/880 939/942/894
f 939/942/894 938/941/896 923/926/881
f 925/928/883 923/926/881 938/941/896
f 938/941/896 942/945/899 925/928/883
f 927/930/885 925/928/883 942/945/899
f 942/945/899 944/947/901 927/930/885
f 929/932/887 927/930/885 944/947/901
f 944/947/901 946/949/903 929/932/887
f 914/917/872 929/932/887 946/949/903
f 946/949/903 931/934/889 914/917/872
f 904/907/863 903/906/862 913/916/871
f 913/916/871 912/915/870 904/907/863
f 905/908/864 904/907/863 912/915/870
f 912/915/870 916/919/874 905/908/864
f 906/909/865 905/908/864 916/919/874
f 916/919/874 918/921/876 906/909/865
f 908/911/866 907/910/865 921/924/879
f 921/924/879 920/923/878 908/911/866
f 909/912/867 908/911/866 920/923/878
f 920/923/878 924/927/882 909/912/867
f 910/913/868 909/912/867 924/927/882
f 924/927/882 926/929/884 910/913/868
f 911/914/869 910/913/868 926/929/884
f 926/929/884 928/931/886 911/914/869
f 903/906/862 911/914/869 928/931/886
f 928/931/886 913/916/871 903/906/862
f 1274/1277/1219 1254/1257/1201 1253/1256/1200
f 1253/1256/1200 1275/1278/1106 1274/1277/1219
f 1276/1279/1220 1124/1127/1078 1123/1126/1077
f 1123/1126/1077 1277/1280/1081 1276/1279/1220
f 1276/1279/1220 1102/1105/1057 1101/1104/1056
f 1101/1104/1056 1124/1127/1078 1276/1279/1220
f 1278/1281/1221 1279/1282/1222 1280/1283/1223
f 1280/1283/1223 1281/1284/1224 1278/1281/1221
f 1282/1285/1225 1283/1286/1226 1284/1287/1227
f 1284/1287/1227 1285/1288/1228 1282/1285/1225
f 1282/1285/1225 1286/1289/1229 1287/1290/1230
f 1287/1290/1230 1283/1286/1226 1282/1285/1225
f 1288/1291/1231 1289/1292/1232 1290/1293/1233
f 1290/1293/1233 1291/1294/1234 1288/1291/1231
f 1292/1295/1235 1293/1296/1236 1294/1297/1237
f 1294/1297/1237 1295/1298/1238 1292/1295/1235
f 1296/1299/1239 1297/1300/1240 1298/1301/1241
f 1298/1301/1241 1299/1302/1242 1296/1299/1239
f 1300/1303/1243 1301/1304/1244 1302/1305/1245
f 1302/1305/1245 1303/1306/1246 1300/1303/1243
f 1280/1283/1223 1279/1282/1222 1304/1307/1247
f 1304/1307/1247 1305/1308/1248 1280/1283/1223
f 1284/1287/1227 1283/1286/1226 1306/1309/1249
f 1306/1309/1249 1307/1310/1247 1284/1287/1227
f 1283/1286/1226 1287/1290/1230 1308/1311/1250
f 1308/1311/1250 1306/1309/1249 1283/1286/1226
f 1309/1312/1251 1310/1313/1252 1294/1297/1237
f 1294/1297/1237 1293/1296/1236 1309/1312/1251
f 1299/1302/1242 1298/1301/1241 1311/1314/1253
f 1311/1314/1253 1312/1315/1254 1299/1302/1242
f 1303/1306/1246 1302/1305/1245 1313/1316/1255
f 1313/1316/1255 1314/1317/1256 1303/1306/1246
f 1290/1293/1233 1289/1292/1232 1315/1318/1257
f 1315/1318/1257 1316/1319/1258 1290/1293/1233
f 998/1001/954 997/1000/953 1317/1320/1259
f 1317/1320/1259 1318/1321/1260 998/1001/954
f 994/997/950 995/998/951 1319/1322/1261
f 1319/1322/1261 1320/1323/1262 994/997/950
f 991/994/947 994/997/950 1320/1323/1262
f 1320/1323/1262 1321/1324/1263 991/994/947
f 987/990/943 990/993/946 1322/1325/1264
f 1322/1325/1264 1323/1326/1265 987/990/943
f 984/987/938 983/986/940 1324/1327/1266
f 1324/1327/1266 1325/1328/1229 984/987/938
f 979/982/936 981/984/938 1326/1329/1229
f 1326/1329/1229 1327/1330/1225 979/982/936
f 978/981/935 979/982/936 1327/1330/1225
f 1327/1330/1225 1328/1331/1267 978/981/935
f 975/978/932 978/981/935 1328/1331/1267
f 1328/1331/1267 1329/1332/1268 975/978/932
f 1286/1289/1229 1330/1333/1266 1331/1334/1269
f 1331/1334/1269 1332/1335/1270 1286/1289/1229
f 1286/1289/1229 1332/1335/1270 1333/1336/1271
f 1333/1336/1271 1287/1290/1230 1286/1289/1229
f 1334/1337/1272 1335/1338/1273 1336/1339/1274
f 1336/1339/1274 1337/1340/1275 1334/1337/1272
f 1338/1341/1276 1339/1342/1262 1340/1343/1277
f 1340/1343/1277 1341/1344/1278 1338/1341/1276
f 1339/1342/1262 1291/1294/1234 1342/1345/1279
f 1342/1345/1279 1340/1343/1277 1339/1342/1262
f 1343/1346/1280 1342/1345/1279 1291/1294/1234
f 1291/1294/1234 1290/1293/1233 1343/1346/1280
f 1308/1311/1250 1287/1290/1230 1333/1336/1271
f 1333/1336/1271 1344/1347/1281 1308/1311/1250
f 1290/1293/1233 1316/1319/1258 1345/1348/1282
f 1345/1348/1282 1343/1346/1280 1290/1293/1233
f 1332/1335/1270 1331/1334/1269 1346/1349/1283
f 1346/1349/1283 1295/1298/1238 1332/1335/1270
f 1337/1340/1275 1336/1339/1274 1347/1350/1284
f 1347/1350/1284 1348/1351/1285 1337/1340/1275
f 1341/1344/1278 1340/1343/1277 1349/1352/1286
f 1349/1352/1286 1350/1353/1287 1341/1344/1278
f 1340/1343/1277 1342/1345/1279 1351/1354/1288
f 1351/1354/1288 1349/1352/1286 1340/1343/1277
f 1333/1336/1271 1332/1335/1270 1295/1298/1238
f 1295/1298/1238 1294/1297/1237 1333/1336/1271
f 1342/1345/1279 1343/1346/1280 1352/1355/1289
f 1352/1355/1289 1351/1354/1288 1342/1345/1279
f 1344/1347/1281 1333/1336/1271 1294/1297/1237
f 1294/1297/1237 1310/1313/1252 1344/1347/1281
f 1343/1346/1280 1345/1348/1282 1353/1356/1290
f 1353/1356/1290 1352/1355/1289 1343/1346/1280
f 1354/1357/1291 1292/1295/1235 1295/1298/1238
f 1295/1298/1238 1346/1349/1283 1354/1357/1291
f 1350/1353/1287 1349/1352/1286 1300/1303/1243
f 1300/1303/1243 1355/1358/1292 1350/1353/1287
f 1351/1354/1288 1301/1304/1244 1300/1303/1243
f 1300/1303/1243 1349/1352/1286 1351/1354/1288
f 1351/1354/1288 1352/1355/1289 1302/1305/1245
f 1302/1305/1245 1301/1304/1244 1351/1354/1288
f 1353/1356/1290 1313/1316/1255 1302/1305/1245
f 1302/1305/1245 1352/1355/1289 1353/1356/1290
f 1356/1359/1252 1357/1360/1293 1358/1361/1294
f 1358/1361/1294 1359/1362/1295 1356/1359/1252
f 1360/1363/1281 1356/1359/1252 1359/1362/1295
f 1359/1362/1295 1361/1364/1296 1360/1363/1281
f 1362/1365/1297 1360/1363/1281 1361/1364/1296
f 1361/1364/1296 1363/1366/1298 1362/1365/1297
f 1364/1367/1299 1362/1365/1297 1363/1366/1298
f 1363/1366/1298 1365/1368/1300 1364/1367/1299
f 1366/1369/1301 1364/1367/1299 1365/1368/1300
f 1367/1370/1302 1368/1371/1253 1369/1372/1294
f 1369/1372/1294 1370/1373/1303 1367/1370/1302
f 1371/1374/1304 1366/1369/1301 1365/1368/1300
f 1365/1368/1300 1372/1375/1257 1371/1374/1304
f 1365/1368/1300 1363/1366/1298 1373/1376/1305
f 1373/1376/1305 1372/1375/1257 1365/1368/1300
f 1363/1366/1298 1361/1364/1296 1374/1377/1306
f 1374/1377/1306 1373/1376/1305 1363/1366/1298
f 1361/1364/1296 1359/1362/1295 1375/1378/1290
f 1375/1378/1290 1374/1377/1306 1361/1364/1296
f 1359/1362/1295 1358/1361/1294 1376/1379/1255
f 1376/1379/1255 1375/1378/1290 1359/1362/1295
f 1369/1372/1294 1368/1371/1253 1377/1380/1307
f 1377/1380/1307 1378/1381/1308 1369/1372/1294
f 1348/1351/1285 1347/1350/1284 1297/1300/1240
f 1297/1300/1240 1296/1299/1239 1348/1351/1285
f 1300/1303/1243 1303/1306/1246 1379/1382/1309
f 1379/1382/1309 1355/1358/1292 1300/1303/1243
f 1303/1306/1246 1314/1317/1256 1380/1383/1307
f 1380/1383/1307 1379/1382/1309 1303/1306/1246
f 1354/1357/1291 1381/1384/1310 1293/1296/1236
f 1293/1296/1236 1292/1295/1235 1354/1357/1291
f 1381/1384/1310 1382/1385/1311 1309/1312/1251
f 1309/1312/1251 1293/1296/1236 1381/1384/1310
f 1370/1373/1303 1369/1372/1294 1358/1361/1294
f 1358/1361/1294 1357/1360/1293 1370/1373/1303
f 1369/1372/1294 1378/1381/1308 1376/1379/1255
f 1376/1379/1255 1358/1361/1294 1369/1372/1294
f 1383/1386/1312 1384/1387/1313 1385/1388/1314
f 1385/1388/1314 1386/1389/1197 1383/1386/1312
f 1384/1387/1313 1387/1390/1315 1388/1391/1316
f 1388/1391/1316 1385/1388/1314 1384/1387/1313
f 1387/1390/1315 1389/1392/1317 1390/1393/1318
f 1390/1393/1318 1388/1391/1316 1387/1390/1315
f 1389/1392/1317 1391/1394/1319 1392/1395/1320
f 1392/1395/1320 1390/1393/1318 1389/1392/1317
f 1391/1394/1319 1393/1396/1321 1394/1397/1322
f 1394/1397/1322 1392/1395/1320 1391/1394/1319
f 1393/1396/1321 1395/1398/1323 1396/1399/1324
f 1396/1399/1324 1394/1397/1322 1393/1396/1321
f 1395/1398/1323 1397/1400/1325 1398/1401/1326
f 1398/1401/1326 1396/1399/1324 1395/1398/1323
f 1399/1402/1327 1400/1403/1328 1401/1404/1329
f 1401/1404/1329 1402/1405/1330 1399/1402/1327
f 1400/1403/1328 1403/1406/1331 1404/1407/1332
f 1404/1407/1332 1401/1404/1329 1400/1403/1328
f 1403/1406/1331 1405/1408/1333 1406/1409/1334
f 1406/1409/1334 1404/1407/1332 1403/1406/1331
f 1407/1410/1335 1399/1402/1327 1402/1405/1330
f 1402/1405/1330 1408/1411/1336 1407/1410/1335
f 1118/1121/1072 1247/1250/1195 1250/1253/1198
f 1250/1253/1198 1119/1122/1073 1118/1121/1072
f 1122/1125/1076 1251/1254/1199 1254/1257/1201
f 1254/1257/1201 1123/1126/1077 1122/1125/1076
f 1277/1280/1081 1123/1126/1077 1254/1257/1201
f 1254/1257/1201 1274/1277/1219 1277/1280/1081
f 1128/1131/1082 1127/1130/1081 1256/1259/1203
f 1256/1259/1203 1255/1258/1202 1128/1131/1082
f 1106/1109/1061 1241/1244/1191 1244/1247/1193
f 1244/1247/1193 1107/1110/1062 1106/1109/1061
f 1110/1113/1065 1107/1110/1062 1244/1247/1193
f 1110/1113/1065 1244/1247/1193 1245/1248/1194
s 0
f 1245/1248/1337 1409/1412/1338 1110/1113/1065
s 1
f 1118/1121/1072 1116/1119/1070 1410/1413/1339
f 1118/1121/1072 1410/1413/1339 1411/1414/1340
f 1411/1414/1340 1247/1250/1195 1118/1121/1072
f 1117/1120/1071 1113/1116/1068 1116/1119/1070
f 1116/1119/1070 1118/1121/1072 1117/1120/1071
f 1098/1101/1053 1097/1100/1052 1113/1116/1068
f 1113/1116/1068 1117/1120/1071 1098/1101/1053
f 1085/1088/1040 1084/1087/1039 1097/1100/1052
f 1097/1100/1052 1098/1101/1053 1085/1088/1040
f 1066/1069/1022 1064/1067/1020 1084/1087/1039
f 1084/1087/1039 1085/1088/1040 1066/1069/1022
f 1065/1068/1021 1061/1064/1017 1064/1067/1020
f 1064/1067/1020 1066/1069/1022 1065/1068/1021
f 1040/1043/996 1038/1041/994 1061/1064/1017
f 1061/1064/1017 1065/1068/1021 1040/1043/996
f 1039/1042/995 1035/1038/991 1038/1041/994
f 1038/1041/994 1040/1043/996 1039/1042/995
f 1135/1138/1089 1133/1136/1087 1035/1038/991
f 1035/1038/991 1039/1042/995 1135/1138/1089
f 1007/1010/963 1006/1009/962 1019/1022/975
f 1019/1022/975 1020/1023/976 1007/1010/963
f 988/991/944 986/989/942 1006/1009/962
f 1006/1009/962 1007/1010/963 988/991/944
f 987/990/943 983/986/940 986/989/942
f 986/989/942 988/991/944 987/990/943
f 987/990/943 1323/1326/1265 1324/1327/1266
f 1324/1327/1266 983/986/940 987/990/943
f 1334/1337/1272 1337/1340/1275 1331/1334/1269
f 1331/1334/1269 1330/1333/1266 1334/1337/1272
f 1337/1340/1275 1348/1351/1285 1346/1349/1283
f 1346/1349/1283 1331/1334/1269 1337/1340/1275
f 1348/1351/1285 1296/1299/1239 1354/1357/1291
f 1354/1357/1291 1346/1349/1283 1348/1351/1285
f 1296/1299/1239 1299/1302/1242 1381/1384/1310
f 1381/1384/1310 1354/1357/1291 1296/1299/1239
f 1299/1302/1242 1312/1315/1254 1382/1385/1311
f 1382/1385/1311 1381/1384/1310 1299/1302/1242
f 1225/1228/1177 1404/1407/1332 1406/1409/1334
f 1406/1409/1334 1236/1239/1186 1225/1228/1177
f 1219/1222/1171 1401/1404/1329 1404/1407/1332
f 1404/1407/1332 1225/1228/1177 1219/1222/1171
f 1218/1221/1170 1402/1405/1330 1401/1404/1329
f 1401/1404/1329 1219/1222/1171 1218/1221/1170
f 1259/1262/1204 1408/1411/1336 1402/1405/1330
f 1402/1405/1330 1218/1221/1170 1259/1262/1204
f 1194/1197/1147 1396/1399/1324 1398/1401/1326
f 1398/1401/1326 1202/1205/1155 1194/1197/1147
f 1186/1189/1139 1394/1397/1322 1396/1399/1324
f 1396/1399/1324 1194/1197/1147 1186/1189/1139
f 1177/1180/1130 1392/1395/1320 1394/1397/1322
f 1394/1397/1322 1186/1189/1139 1177/1180/1130
f 1169/1172/1122 1390/1393/1318 1392/1395/1320
f 1392/1395/1320 1177/1180/1130 1169/1172/1122
f 1161/1164/1114 1388/1391/1316 1390/1393/1318
f 1390/1393/1318 1169/1172/1122 1161/1164/1114
f 1149/1152/1103 1385/1388/1314 1388/1391/1316
f 1388/1391/1316 1161/1164/1114 1149/1152/1103
f 1148/1151/1102 1386/1389/1197 1385/1388/1314
f 1385/1388/1314 1149/1152/1103 1148/1151/1102
f 1251/1254/1199 1250/1253/1198 1249/1252/1197
f 1249/1252/1197 1252/1255/1102 1251/1254/1199
f 1122/1125/1076 1119/1122/1073 1250/1253/1198
f 1250/1253/1198 1251/1254/1199 1122/1125/1076
f 1121/1124/1075 1120/1123/1074 1119/1122/1073
f 1119/1122/1073 1122/1125/1076 1121/1124/1075
f 1100/1103/1055 1099/1102/1054 1120/1123/1074
f 1120/1123/1074 1121/1124/1075 1100/1103/1055
f 1087/1090/1042 1086/1089/1041 1099/1102/1054
f 1099/1102/1054 1100/1103/1055 1087/1090/1042
f 1070/1073/1026 1067/1070/1023 1086/1089/1041
f 1086/1089/1041 1087/1090/1042 1070/1073/1026
f 1069/1072/1025 1068/1071/1024 1067/1070/1023
f 1067/1070/1023 1070/1073/1026 1069/1072/1025
f 1044/1047/1000 1041/1044/997 1068/1071/1024
f 1068/1071/1024 1069/1072/1025 1044/1047/1000
f 1043/1046/999 1042/1045/998 1041/1044/997
f 1041/1044/997 1044/1047/1000 1043/1046/999
f 1137/1140/1091 1136/1139/1090 1042/1045/998
f 1042/1045/998 1043/1046/999 1137/1140/1091
f 1009/1012/965 1008/1011/964 1021/1024/977
f 1021/1024/977 1022/1025/978 1009/1012/965
f 992/995/948 989/992/945 1008/1011/964
f 1008/1011/964 1009/1012/965 992/995/948
f 991/994/947 990/993/946 989/992/945
f 989/992/945 992/995/948 991/994/947
f 991/994/947 1321/1324/1263 1322/1325/1264
f 1322/1325/1264 990/993/946 991/994/947
f 1338/1341/1276 1341/1344/1278 1336/1339/1274
f 1336/1339/1274 1335/1338/1273 1338/1341/1276
f 1341/1344/1278 1350/1353/1287 1347/1350/1284
f 1347/1350/1284 1336/1339/1274 1341/1344/1278
f 1350/1353/1287 1355/1358/1292 1297/1300/1240
f 1297/1300/1240 1347/1350/1284 1350/1353/1287
f 1355/1358/1292 1379/1382/1309 1298/1301/1241
f 1298/1301/1241 1297/1300/1240 1355/1358/1292
f 1379/1382/1309 1380/1383/1307 1311/1314/1253
f 1311/1314/1253 1298/1301/1241 1379/1382/1309
f 1222/1225/1174 1232/1235/1182 1240/1243/1190
f 1240/1243/1190 1233/1236/1183 1222/1225/1174
f 1213/1216/1165 1229/1232/1181 1232/1235/1182
f 1232/1235/1182 1222/1225/1174 1213/1216/1165
f 1212/1215/1164 1273/1276/1218 1229/1232/1181
f 1229/1232/1181 1213/1216/1165 1212/1215/1164
f 1260/1263/1205 1211/1214/1163 1273/1276/1218
f 1273/1276/1218 1212/1215/1164 1260/1263/1205
f 1182/1185/1135 1190/1193/1143 1198/1201/1151
f 1198/1201/1151 1191/1194/1144 1182/1185/1135
f 1174/1177/1127 1181/1184/1134 1190/1193/1143
f 1190/1193/1143 1182/1185/1135 1174/1177/1127
f 1166/1169/1119 1173/1176/1126 1181/1184/1134
f 1181/1184/1134 1174/1177/1127 1166/1169/1119
f 1158/1161/1111 1165/1168/1118 1173/1176/1126
f 1173/1176/1126 1166/1169/1119 1158/1161/1111
f 1143/1146/1097 1157/1160/1110 1165/1168/1118
f 1165/1168/1118 1158/1161/1111 1143/1146/1097
f 1142/1145/1096 1154/1157/1108 1157/1160/1110
f 1157/1160/1110 1143/1146/1097 1142/1145/1096
f 1241/1244/1191 1255/1258/1202 1258/1261/1108
f 1258/1261/1108 1242/1245/1096 1241/1244/1191
f 1106/1109/1061 1128/1131/1082 1255/1258/1202
f 1255/1258/1202 1241/1244/1191 1106/1109/1061
f 1105/1108/1060 1125/1128/1079 1128/1131/1082
f 1128/1131/1082 1106/1109/1061 1105/1108/1060
f 1092/1095/1047 1104/1107/1059 1125/1128/1079
f 1125/1128/1079 1105/1108/1060 1092/1095/1047
f 1079/1082/1035 1091/1094/1046 1104/1107/1059
f 1104/1107/1059 1092/1095/1047 1079/1082/1035
f 1054/1057/1010 1078/1081/1034 1091/1094/1046
f 1091/1094/1046 1079/1082/1035 1054/1057/1010
f 1053/1056/1009 1075/1078/1031 1078/1081/1034
f 1078/1081/1034 1054/1057/1010 1053/1056/1009
f 1028/1031/984 1052/1055/1008 1075/1078/1031
f 1075/1078/1031 1053/1056/1009 1028/1031/984
f 1027/1030/983 1049/1052/1005 1052/1055/1008
f 1052/1055/1008 1028/1031/984 1027/1030/983
f 1129/1132/1083 1140/1143/1094 1049/1052/1005
f 1049/1052/1005 1027/1030/983 1129/1132/1083
f 1001/1004/957 1013/1016/969 1026/1029/982
f 1026/1029/982 1014/1017/970 1001/1004/957
f 976/979/933 1000/1003/956 1013/1016/969
f 1013/1016/969 1001/1004/957 976/979/933
f 975/978/932 997/1000/953 1000/1003/956
f 1000/1003/956 976/979/933 975/978/932
f 975/978/932 1329/1332/1268 1317/1320/1259
f 1317/1320/1259 997/1000/953 975/978/932
f 1281/1284/1224 1280/1283/1223 1289/1292/1232
f 1289/1292/1232 1288/1291/1231 1281/1284/1224
f 1280/1283/1223 1305/1308/1248 1315/1318/1257
f 1315/1318/1257 1289/1292/1232 1280/1283/1223
f 1412/1415/1341 359/362/342 1413/1416/1342
f 1413/1416/1342 1414/1417/1343 1412/1415/1341
f 370/373/353 386/389/371 1415/1418/1344
f 1415/1418/1344 1416/1419/1345 370/373/353
f 371/374/354 370/373/353 1416/1419/1345
f 1416/1419/1345 1417/1420/1346 371/374/354
f 372/375/355 371/374/354 1417/1420/1346
f 1417/1420/1346 1418/1421/1347 372/375/355
f 355/358/338 372/375/355 1418/1421/1347
f 1418/1421/1347 1419/1422/1348 355/358/338
f 354/357/337 355/358/338 1419/1422/1348
f 1419/1422/1348 1420/1423/1349 354/357/337
f 358/361/341 354/357/337 1420/1423/1349
f 1420/1423/1349 1421/1424/1350 358/361/341
f 359/362/342 358/361/341 1421/1424/1350
f 1421/1424/1350 1413/1416/1342 359/362/342
f 1414/1417/1343 1413/1416/1342 1422/1425/1351
f 1422/1425/1351 1423/1426/1352 1414/1417/1343
f 1413/1416/1342 1421/1424/1350 1424/1427/1353
f 1424/1427/1353 1422/1425/1351 1413/1416/1342
f 1421/1424/1350 1420/1423/1349 1425/1428/1354
f 1425/1428/1354 1424/1427/1353 1421/1424/1350
f 1420/1423/1349 1419/1422/1348 1426/1429/1355
f 1426/1429/1355 1425/1428/1354 1420/1423/1349
f 1419/1422/1348 1418/1421/1347 1427/1430/1356
f 1427/1430/1356 1426/1429/1355 1419/1422/1348
f 1418/1421/1347 1417/1420/1346 1428/1431/1357
f 1428/1431/1357 1427/1430/1356 1418/1421/1347
f 1417/1420/1346 1416/1419/1345 1429/1432/1358
f 1429/1432/1358 1428/1431/1357 1417/1420/1346
f 1416/1419/1345 1415/1418/1344 1430/1433/1359
f 1430/1433/1359 1429/1432/1358 1416/1419/1345
f 252/255/239 263/266/250 262/265/249
f 262/265/249 215/218/201 252/255/239
f 252/255/239 223/226/209 264/267/251
f 264/267/251 263/266/250 252/255/239
f 265/268/252 264/267/251 223/226/209
f 223/226/209 222/225/208 265/268/252
f 262/265/249 221/224/207 214/217/200
f 214/217/200 215/218/201 262/265/249
f 261/264/248 353/356/336 221/224/207
f 221/224/207 262/265/249 261/264/248
f 261/264/248 266/269/253 373/376/356
f 373/376/356 353/356/336 261/264/248
f 968/971/925 967/970/924 1431/1434/1208
f 1431/1434/1208 1432/1435/1360 968/971/925
f 969/972/926 968/971/925 1432/1435/1360
f 1432/1435/1360 1433/1436/1361 969/972/926
f 971/974/928 970/973/927 1434/1437/1361
f 1434/1437/1361 1435/1438/1362 971/974/928
f 972/975/929 971/974/928 1435/1438/1362
f 1435/1438/1362 1436/1439/1363 972/975/929
f 973/976/930 972/975/929 1436/1439/1363
f 1436/1439/1363 1437/1440/1364 973/976/930
f 974/977/931 973/976/930 1437/1440/1364
f 1437/1440/1364 1438/1441/1211 974/977/931
f 966/969/923 974/977/931 1438/1441/1211
f 1438/1441/1211 1439/1442/1210 966/969/923
f 967/970/924 966/969/923 1439/1442/1210
f 1439/1442/1210 1431/1434/1208 967/970/924
f 1440/1443/1365 1441/1444/1366 1129/1132/1083
f 1129/1132/1083 1130/1133/1084 1440/1443/1365
f 1442/1445/1367 1440/1443/1365 1130/1133/1084
f 1130/1133/1084 1131/1134/1085 1442/1445/1367
f 1443/1446/1368 1442/1445/1367 1131/1134/1085
f 1131/1134/1085 1132/1135/1086 1443/1446/1368
f 1444/1447/1369 1445/1448/1368 1134/1137/1088
f 1134/1137/1088 1133/1136/1087 1444/1447/1369
f 1446/1449/1370 1447/1450/1371 1135/1138/1089
f 1135/1138/1089 1136/1139/1090 1446/1449/1370
f 1448/1451/1372 1449/1452/1373 1137/1140/1091
f 1137/1140/1091 1138/1141/1092 1448/1451/1372
f 1450/1453/1374 1448/1451/1372 1138/1141/1092
f 1138/1141/1092 1139/1142/1093 1450/1453/1374
f 1451/1454/1375 1452/1455/1376 1141/1144/1095
f 1141/1144/1095 1140/1143/1094 1451/1454/1375
f 1453/1456/1377 1454/1457/1377 1196/1199/1378
f 1196/1199/1378 1195/1198/1377 1453/1456/1378
f 1455/1458/1379 1456/1459/1379 1198/1201/1379
f 1198/1201/1379 1197/1200/1380 1455/1458/1379
f 1457/1460/1381 1458/1461/1382 1200/1203/1383
f 1200/1203/1383 1199/1202/1384 1457/1460/1381
f 1459/1462/1385 1453/1456/1386 1195/1198/1386
f 1195/1198/1386 1203/1206/1387 1459/1462/1385
f 1460/1463/1388 1459/1462/1389 1203/1206/1390
f 1203/1206/1390 1202/1205/1391 1460/1463/1388
f 1461/1464/1392 1462/1465/1392 1398/1401/1392
f 1398/1401/1392 1397/1400/1393 1461/1464/1392
f 1463/1466/1394 1461/1464/1395 1397/1400/1395
f 1397/1400/1395 1464/1467/1396 1463/1466/1394
f 1447/1450/1371 1444/1447/1369 1133/1136/1087
f 1133/1136/1087 1135/1138/1089 1447/1450/1371
f 1462/1465/1397 1460/1463/1388 1202/1205/1391
f 1202/1205/1391 1398/1401/1397 1462/1465/1397
f 1449/1452/1373 1446/1449/1370 1136/1139/1090
f 1136/1139/1090 1137/1140/1091 1449/1452/1373
f 1465/1468/1398 1457/1460/1381 1199/1202/1384
f 1199/1202/1384 1466/1469/1398 1465/1468/1398
f 1456/1459/1399 1465/1468/1399 1466/1469/1399
f 1466/1469/1399 1198/1201/1399 1456/1459/1399
f 1441/1444/1366 1451/1454/1375 1140/1143/1094
f 1140/1143/1094 1129/1132/1083 1441/1444/1366
f 1467/1470/1400 1468/1471/1401 1015/1018/1402
f 1015/1018/1402 1014/1017/1403 1467/1470/1400
f 1468/1471/1401 1469/1472/1404 1016/1019/1405
f 1016/1019/1405 1015/1018/1402 1468/1471/1401
f 1469/1472/1406 1470/1473/1407 1017/1020/1408
f 1017/1020/1408 1016/1019/1405 1469/1472/1404
f 1471/1474/1407 1472/1475/1409 1019/1022/1410
f 1019/1022/1410 1018/1021/1408 1471/1474/1407
f 1473/1476/1411 1474/1477/1412 1021/1024/1413
f 1021/1024/1413 1020/1023/1414 1473/1476/1411
f 1475/1478/1415 1476/1479/1416 1023/1026/1417
f 1023/1026/1417 1022/1025/1418 1475/1478/1415
f 1476/1479/1419 1477/1480/1420 1024/1027/1421
f 1024/1027/1421 1023/1026/1417 1476/1479/1416
f 1478/1481/1420 1479/1482/1422 1026/1029/1423
f 1026/1029/1423 1025/1028/1424 1478/1481/1420
f 1472/1475/1409 1473/1476/1411 1020/1023/1414
f 1020/1023/1414 1019/1022/1410 1472/1475/1409
f 1474/1477/1412 1475/1478/1415 1022/1025/1418
f 1022/1025/1418 1021/1024/1413 1474/1477/1412
f 1479/1482/1422 1467/1470/1400 1014/1017/1403
f 1014/1017/1403 1026/1029/1423 1479/1482/1422
f 387/390/1425 390/393/1426 1480/1483/1427
f 1480/1483/1427 1481/1484/1428 1482/1485/1429
f 1480/1483/1427 1482/1485/1429 387/390/1425
f 400/403/1430 422/425/1431 1483/1486/1432
f 1483/1486/1432 1484/1487/1433 1485/1488/1434
f 1483/1486/1432 1485/1488/1434 400/403/1430
f 441/444/1435 451/454/1436 1486/1489/1437
f 1486/1489/1437 1487/1490/1438 1488/1491/1439
f 1486/1489/1437 1488/1491/1439 441/444/1435
f 459/462/1440 470/473/1441 1489/1492/1442
f 1489/1492/1442 1490/1493/1443 1491/1494/1444
f 1489/1492/1442 1491/1494/1444 459/462/1440
f 1492/1495/1445 1493/1496/1446 1234/1237/1447
f 1234/1237/1447 1233/1236/1448 1492/1495/1445
f 1494/1497/1449 1495/1498/1450 1237/1240/1451
f 1237/1240/1451 1236/1239/1452 1494/1497/1449
f 1495/1498/1453 1496/1499/1454 1238/1241/1455
f 1238/1241/1455 1237/1240/1451 1495/1498/1450
f 1497/1500/1456 1498/1501/1457 1240/1243/1458
f 1240/1243/1458 1239/1242/1459 1497/1500/1456
f 1499/1502/1460 1500/1503/1461 1406/1409/1462
f 1406/1409/1462 1405/1408/1463 1499/1502/1460
f 1501/1504/1464 1499/1502/1460 1405/1408/1463
f 1405/1408/1463 1502/1505/1464 1501/1504/1464
f 1500/1503/1465 1494/1497/1449 1236/1239/1452
f 1236/1239/1452 1406/1409/1466 1500/1503/1465
f 1498/1501/1457 1492/1495/1445 1233/1236/1448
f 1233/1236/1448 1240/1243/1458 1498/1501/1457
f 1503/1506/1467 389/392/1468 388/391/1469
f 388/391/1469 1504/1507/1470 1503/1506/1467
f 1480/1483/1427 390/393/1426 400/403/1430
f 1480/1483/1427 400/403/1430 1485/1488/1434
f 1485/1488/1434 1484/1487/1433 1480/1483/1427
f 1503/1506/1467 885/888/844 399/402/1471
f 399/402/1471 389/392/1468 1503/1506/1467
f 884/887/843 421/424/1472 399/402/1471
f 399/402/1471 885/888/844 884/887/843
f 1483/1486/1432 422/425/1431 441/444/1435
f 1483/1486/1432 441/444/1435 1488/1491/1439
f 1488/1491/1439 1487/1490/1438 1483/1486/1432
f 884/887/843 887/890/846 440/443/1473
f 440/443/1473 421/424/1472 884/887/843
f 1505/1508/1474 450/453/1475 440/443/1473
f 440/443/1473 887/890/846 1505/1508/1474
f 1486/1489/1437 451/454/1436 459/462/1440
f 1486/1489/1437 459/462/1440 1491/1494/1444
f 1491/1494/1444 1490/1493/1443 1486/1489/1437
f 1505/1508/1474 1506/1509/1476 458/461/1477
f 458/461/1477 450/453/1475 1505/1508/1474
f 1507/1510/1478 469/472/1479 458/461/1477
f 458/461/1477 1506/1509/1476 1507/1510/1478
f 1508/1511/1442 484/487/1441 387/390/1425
f 1508/1511/1442 387/390/1425 1482/1485/1429
f 1482/1485/1429 1481/1484/1428 1508/1511/1442
f 1509/1512/1478 1504/1507/1470 388/391/1469
f 388/391/1469 485/488/1479 1509/1512/1478
f 1510/1513/1480 161/161/148 148/148/140
f 148/148/140 147/147/139 1510/1513/1480
f 1511/1514/1481 1510/1513/1480 147/147/139
f 147/147/139 151/151/143 1511/1514/1481
f 2897/165/151 2303/1515/1482 2301/163/149
f 1512/1516/1483 1513/1517/1483 1514/1518/1483
f 1512/1516/1483 1514/1518/1483 1515/1519/1484
f 2299/1520/1485 2298/1521/1486 2896/164/150
f 2896/164/150 2301/163/149 2299/1520/1485
f 1516/1522/1487 1517/1523/1487 1518/1524/1487
f 1518/1524/1488 1519/1525/1488 1520/1522/1488
s 0
f 1518/1524/1488 1520/1522/1337 1516/1522/1488
s 1
f 1511/1514/1481 151/151/143 1521/1526/1489
f 1511/1514/1481 1521/1526/1489 1522/1527/1489
f 2308/1528/1490 2900/1529/1491 2895/1530/1492
f 270/273/257 240/243/227 233/236/220
f 233/236/220 236/239/223 270/273/257
s 0
f 1523/1531/1493 1524/1531/1494 1525/1532/1494
s 1
f 1523/1531/1494 1525/1532/1495 1526/1533/1494
f 1523/1531/1494 1526/1533/1494 1527/1534/1494
f 2895/1530/1492 2309/1535/1496 2308/1528/1490
f 2303/1515/1482 2897/165/151 2898/1536/1491
f 1528/1537/1497 1529/1538/1497 1530/1539/1498
f 1530/1539/1498 173/176/1498 1528/1537/1497
f 1531/1540/1499 1528/1537/1500 173/176/159
f 173/176/159 172/175/158 1531/1540/1499
f 1532/1541/1501 1533/1542/1502 244/247/231
f 244/247/231 243/246/230 1532/1541/1501
f 2898/1536/1491 2305/1543/1503 2303/1515/1482
f 1534/1544/1504 1535/1545/1505 1536/1546/1505
f 1534/1544/1504 1536/1546/1505 1537/1547/1505
f 2311/1548/1506 2894/1549/1507 2297/1550/1508
f 1538/1551/1509 269/272/256 257/260/244
f 257/260/244 256/259/243 1538/1551/1509
f 1539/1552/1510 1532/1541/1501 243/246/230
f 243/246/230 245/248/232 1539/1552/1510
f 1540/1553/1511 1538/1551/1509 256/259/243
f 1540/1553/1511 256/259/243 1541/1554/1511
f 2297/1550/1508 2296/1555/1512 2311/1548/1506
f 1533/1542/1513 1531/1540/1499 172/175/158
f 172/175/158 244/247/370 1533/1542/1513
f 385/388/368 1539/1552/1510 245/248/232
f 245/248/232 248/251/235 385/388/368
f 1542/1556/1514 1543/1557/1515 295/298/278
f 295/298/278 294/297/277 1542/1556/1514
f 1544/1558/1516 1542/1556/1514 294/297/277
f 294/297/277 298/301/281 1544/1558/1516
f 1545/1559/1517 1544/1558/1516 298/301/281
f 298/301/281 300/303/283 1545/1559/1517
f 1546/1560/1518 1545/1559/1517 300/303/283
f 300/303/283 302/305/285 1546/1560/1518
f 1543/1557/1515 1547/1561/1519 304/307/287
f 304/307/287 295/298/278 1543/1557/1515
f 1547/1561/1519 1548/1562/1520 361/364/344
f 361/364/344 304/307/287 1547/1561/1519
f 1548/1562/1520 1549/1563/1521 366/369/349
f 366/369/349 361/364/344 1548/1562/1520
f 1550/1564/1522 1546/1560/1518 302/305/285
f 302/305/285 373/376/356 1550/1564/1522
f 1549/1563/1521 1551/1565/1523 386/389/371
f 386/389/371 366/369/349 1549/1563/1521
f 1409/1412/1524 1552/1566/1525 1112/1115/1067
f 1112/1115/1067 1110/1113/1065 1409/1412/1524
f 1553/1567/1526 1410/1413/1339 1116/1119/1070
f 1116/1119/1070 1115/1118/1067 1553/1567/1526
f 1554/1568/1527 1502/1505/1528 1405/1408/1333
f 1405/1408/1333 1403/1406/1331 1554/1568/1527
f 1555/1569/1529 1554/1568/1527 1403/1406/1331
f 1403/1406/1331 1400/1403/1328 1555/1569/1529
f 1556/1570/1530 1555/1569/1529 1400/1403/1328
f 1400/1403/1328 1399/1402/1327 1556/1570/1530
f 1557/1571/1531 1556/1570/1530 1399/1402/1327
f 1399/1402/1327 1407/1410/1335 1557/1571/1531
f 1558/1572/1532 1464/1467/1533 1397/1400/1325
f 1397/1400/1325 1395/1398/1323 1558/1572/1532
f 1559/1573/1534 1558/1572/1532 1395/1398/1323
f 1395/1398/1323 1393/1396/1321 1559/1573/1534
f 1560/1574/1535 1559/1573/1534 1393/1396/1321
f 1393/1396/1321 1391/1394/1319 1560/1574/1535
f 1561/1575/1536 1560/1574/1535 1391/1394/1319
f 1391/1394/1319 1389/1392/1317 1561/1575/1536
f 1562/1576/1537 1561/1575/1536 1389/1392/1317
f 1389/1392/1317 1387/1390/1315 1562/1576/1537
f 1563/1577/1538 1562/1576/1537 1387/1390/1315
f 1387/1390/1315 1384/1387/1313 1563/1577/1538
f 1564/1578/1539 1563/1577/1538 1384/1387/1313
f 1384/1387/1313 1383/1386/1312 1564/1578/1539
f 1411/1414/1340 1565/1579/1540 1248/1251/1196
f 1248/1251/1196 1247/1250/1195 1411/1414/1340
f 1551/1565/1523 1566/1580/1541 1415/1418/1344
f 1415/1418/1344 386/389/371 1551/1565/1523
f 1566/1580/1541 1567/1581/1542 1430/1433/1359
f 1430/1433/1359 1415/1418/1344 1566/1580/1541
f 238/241/225 267/270/254 265/268/252
f 265/268/252 222/225/208 238/241/225
f 268/271/255 1550/1564/1522 373/376/356
f 373/376/356 266/269/253 268/271/255
f 1412/1415/1341 344/347/327 343/346/326
f 343/346/326 359/362/342 1412/1415/1341
f 1568/1582/1543 1201/1204/1544 1200/1203/1383
f 1200/1203/1383 1458/1461/1382 1568/1582/1543
f 1569/1583/1545 1235/1238/1545 1234/1237/1447
f 1234/1237/1447 1493/1496/1446 1569/1583/1545
f 1199/1202/1152 1191/1194/1144 1198/1201/1151
f 1198/1201/1151 1466/1469/1546 1199/1202/1152
f 895/898/854 899/902/858 1503/1506/1467
f 1503/1506/1467 1504/1507/1470 895/898/854
f 899/902/858 882/885/841 885/888/844
f 885/888/844 1503/1506/1467 899/902/858
f 891/894/850 893/896/852 1507/1510/1478
f 1507/1510/1478 1506/1509/1476 891/894/850
f 896/899/855 895/898/854 1504/1507/1470
f 1504/1507/1470 1509/1512/1478 896/899/855
f 886/889/845 888/891/847 1505/1508/1474
f 1505/1508/1474 887/890/846 886/889/845
f 888/891/847 891/894/850 1506/1509/1476
f 1506/1509/1476 1505/1508/1474 888/891/847
f 1570/1584/1547 1571/1585/1548 1572/1586/1549
f 1572/1586/1549 1573/1587/1550 1570/1584/1547
f 1574/1588/1551 1575/1589/1552 1572/1586/1549
f 1572/1586/1549 1571/1585/1548 1574/1588/1551
f 1576/1590/1553 1577/1591/1553 1578/1592/1554
f 1578/1592/1554 1579/1593/1554 1576/1590/1553
f 1580/1594/1555 1581/1595/1555 1582/1596/1555
f 1582/1596/1555 1583/1597/1555 1580/1594/1555
f 1570/1584/1547 1584/1598/1556 1585/1599/1557
f 2309/1535/1496 2895/1530/1492 2894/1549/1507
f 1585/1599/1557 161/161/148 1570/1584/1547
f 1572/1586/1549 1586/1600/1558 1587/1601/1559
f 1587/1601/1559 1573/1587/1550 1572/1586/1549
f 1573/1587/1550 1588/1602/1560 1589/1603/1560
f 1589/1603/1560 1570/1584/1547 1573/1587/1550
f 1575/1589/1552 1590/1604/1561 1591/1605/1562
f 1591/1605/1562 1572/1586/1549 1575/1589/1552
f 1574/1588/1551 1592/1606/1563 1593/1607/1564
f 1593/1607/1564 1575/1589/1552 1574/1588/1551
f 1594/1608/1565 1595/1609/1566 1596/1610/1567
f 1596/1610/1567 1597/1611/1568 1594/1608/1565
f 1598/1612/1569 1599/1613/1570 1600/1614/1571
f 1600/1614/1571 1601/1615/1572 1598/1612/1569
f 1602/1616/1573 1603/1617/1574 1604/1618/1575
f 1604/1618/1575 1605/1619/1576 1602/1616/1573
f 1606/1620/1577 1607/1621/1578 1608/1622/1579
f 1608/1622/1579 1609/1623/1580 1606/1620/1577
f 1610/1624/1581 1611/1625/1582 1612/1626/1583
f 1612/1626/1583 1613/1627/1584 1610/1624/1581
f 1611/1625/1582 1610/1624/1581 1614/1628/1585
f 1614/1628/1585 1615/1629/1586 1611/1625/1582
f 1616/1630/1587 1617/1631/1588 1618/1632/1589
f 1618/1632/1589 1619/1633/1590 1616/1630/1587
f 1620/1634/1591 1621/1635/1592 1622/1636/1593
f 1622/1636/1593 1623/1637/1594 1620/1634/1591
f 1624/1638/1595 1625/1639/1596 1605/1619/1576
f 1605/1619/1576 1604/1618/1575 1624/1638/1595
f 1626/1640/1597 1627/1641/1598 1628/1642/1599
f 1607/1621/1578 1606/1620/1577 1613/1627/1584
f 1613/1627/1584 1612/1626/1583 1607/1621/1578
f 1603/1617/1574 1602/1616/1573 1615/1629/1586
f 1615/1629/1586 1614/1628/1585 1603/1617/1574
f 1600/1614/1571 1629/1643/1600 1630/1644/1601
f 1630/1644/1601 1601/1615/1572 1600/1614/1571
f 1628/1642/1599 1627/1641/1598 1631/1645/1602
f 1625/1639/1596 1624/1638/1595 1609/1623/1580
f 1609/1623/1580 1608/1622/1579 1625/1639/1596
f 1603/1617/1574 1632/1646/1603 1633/1647/1604
f 1633/1647/1604 1604/1618/1575 1603/1617/1574
f 1634/1648/1605 1624/1638/1595 1604/1618/1575
f 1604/1618/1575 1633/1647/1604 1634/1648/1605
f 1624/1638/1595 1634/1648/1605 1635/1649/1606
f 1635/1649/1606 1609/1623/1580 1624/1638/1595
f 1636/1650/1607 1606/1620/1577 1609/1623/1580
f 1609/1623/1580 1635/1649/1606 1636/1650/1607
f 1606/1620/1577 1636/1650/1607 1637/1651/1608
f 1637/1651/1608 1613/1627/1584 1606/1620/1577
f 1638/1652/1609 1610/1624/1581 1613/1627/1584
f 1613/1627/1584 1637/1651/1608 1638/1652/1609
f 1610/1624/1581 1638/1652/1609 1639/1653/1610
f 1639/1653/1610 1614/1628/1585 1610/1624/1581
f 1632/1646/1603 1603/1617/1574 1614/1628/1585
f 1614/1628/1585 1639/1653/1610 1632/1646/1603
f 1633/1647/1604 1632/1646/1603 1640/1654/1611
f 1640/1654/1611 1641/1655/1612 1633/1647/1604
f 1621/1635/1592 1634/1648/1605 1633/1647/1604
f 1633/1647/1604 1641/1655/1612 1621/1635/1592
f 1634/1648/1605 1621/1635/1592 1642/1656/1613
f 1642/1656/1613 1635/1649/1606 1634/1648/1605
f 1643/1657/1614 1636/1650/1607 1635/1649/1606
f 1635/1649/1606 1642/1656/1613 1643/1657/1614
f 1636/1650/1607 1643/1657/1614 1644/1658/1615
f 1644/1658/1615 1637/1651/1608 1636/1650/1607
f 1645/1659/1616 1646/1660/1617 1647/1661/1618
f 1647/1661/1618 1648/1662/1619 1645/1659/1616
f 1649/1663/1620 1650/1664/1621 1645/1659/1616
f 1645/1659/1616 1648/1662/1619 1649/1663/1620
f 1626/1640/1597 1598/1612/1569 1601/1615/1572
f 1601/1615/1572 1627/1641/1598 1626/1640/1597
f 1630/1644/1601 1631/1645/1602 1627/1641/1598
f 1627/1641/1598 1601/1615/1572 1630/1644/1601
f 1651/1665/1622 1600/1614/1571 1599/1613/1570
f 1629/1643/1600 1600/1614/1571 1651/1665/1622
f 1640/1654/1611 1652/1666/1623 1653/1667/1624
f 1653/1667/1624 1641/1655/1612 1640/1654/1611
f 1594/1608/1625 1597/1611/1625 1654/1668/1625
f 1654/1668/1626 1655/1669/1626 1594/1608/1626
f 1656/1670/1627 1657/1671/1628 1658/1672/1629
f 1658/1672/1629 1659/1673/1630 1656/1670/1627
f 1658/1672/1629 1657/1671/1628 1650/1664/1621
f 1650/1664/1621 1649/1663/1620 1658/1672/1629
f 237/240/224 1648/1662/1619 1647/1661/1618
f 1647/1661/1618 238/241/225 237/240/224
f 239/242/226 1649/1663/1620 1648/1662/1619
f 1648/1662/1619 237/240/224 239/242/226
f 240/243/227 1658/1672/1629 1649/1663/1620
f 1649/1663/1620 239/242/226 240/243/227
f 1660/1674/1631 1661/1675/1632 1662/1676/1633
f 1662/1676/1633 1663/1677/1634 1660/1674/1631
f 1664/1678/1635 1665/1679/1636 1666/1680/1637
f 1666/1680/1637 1667/1681/1638 1664/1678/1635
f 1597/1611/1639 1668/1682/1640 1669/1683/1641
f 1669/1683/1642 1670/1684/1642 1597/1611/1643
f 1645/1659/1616 1671/1685/1644 1672/1686/1645
f 1672/1686/1645 1646/1660/1617 1645/1659/1616
f 1650/1664/1621 1673/1687/1646 1671/1685/1644
f 1671/1685/1644 1645/1659/1616 1650/1664/1621
f 1674/1688/1647 1675/1689/1648 1676/1690/1649
f 1676/1690/1649 1677/1691/1650 1674/1688/1647
f 1657/1671/1628 1656/1670/1627 1678/1692/1651
f 1678/1692/1651 1679/1693/1652 1657/1671/1628
f 1657/1671/1628 1679/1693/1652 1673/1687/1646
f 1673/1687/1646 1650/1664/1621 1657/1671/1628
f 1680/1694/1653 1681/1695/1654 1682/1696/1655
f 1682/1696/1655 1683/1697/1656 1680/1694/1653
f 1684/1698/1657 1683/1697/1656 1682/1696/1655
f 1682/1696/1655 1685/1699/1658 1684/1698/1657
f 267/270/254 1684/1698/1657 1685/1699/1658
f 1685/1699/1658 268/271/255 267/270/254
f 269/272/256 1674/1688/1647 1659/1673/1630
f 1659/1673/1630 270/273/257 269/272/256
f 1677/1691/1650 1656/1670/1627 1659/1673/1630
f 1659/1673/1630 1674/1688/1647 1677/1691/1650
f 1677/1691/1650 1676/1690/1649 1678/1692/1651
f 1678/1692/1651 1656/1670/1627 1677/1691/1650
f 1652/1666/1623 1686/1700/1659 1687/1701/1660
f 1687/1701/1660 1653/1667/1624 1652/1666/1623
f 1668/1682/1640 1617/1631/1588 1653/1667/1624
f 1653/1667/1624 1688/1702/1661 1668/1682/1640
f 1617/1631/1588 1668/1682/1640 1689/1703/1662
f 1689/1703/1662 1618/1632/1589 1617/1631/1588
f 1665/1679/1636 1661/1675/1632 1660/1674/1631
f 1660/1674/1631 1666/1680/1637 1665/1679/1636
f 1690/1704/1663 1691/1705/1663 1692/1706/1663
f 1692/1706/1663 1693/1707/1663 1690/1704/1663
f 1694/1708/1664 1695/1709/1664 1696/1710/1664
f 1696/1710/1664 1697/1711/1664 1694/1708/1664
f 1689/1703/1662 1668/1682/1640 1597/1611/1639
f 1597/1611/1639 1596/1610/1665 1689/1703/1662
f 1675/1689/1648 1698/1712/1666 1699/1713/1666
f 1699/1713/1666 1676/1690/1649 1675/1689/1648
f 1676/1690/1649 1700/1714/1667 1652/1666/1623
f 1652/1666/1623 1678/1692/1651 1676/1690/1649
f 1640/1654/1611 1679/1693/1652 1678/1692/1651
f 1678/1692/1651 1652/1666/1623 1640/1654/1611
f 1679/1693/1652 1640/1654/1611 1632/1646/1603
f 1632/1646/1603 1673/1687/1646 1679/1693/1652
f 1673/1687/1646 1632/1646/1603 1639/1653/1610
f 1639/1653/1610 1671/1685/1644 1673/1687/1646
f 1671/1685/1644 1639/1653/1610 1638/1652/1609
f 1638/1652/1609 1672/1686/1645 1671/1685/1644
f 1701/1715/1668 1607/1621/1578 1612/1626/1583
f 1612/1626/1583 1702/1716/1669 1701/1715/1668
f 1701/1715/1668 1703/1717/1670 1608/1622/1579
f 1608/1622/1579 1607/1621/1578 1701/1715/1668
f 1704/1718/1671 1625/1639/1596 1608/1622/1579
f 1608/1622/1579 1703/1717/1670 1704/1718/1671
f 1704/1718/1671 1705/1719/1672 1605/1619/1576
f 1605/1619/1576 1625/1639/1596 1704/1718/1671
f 1706/1720/1673 1602/1616/1573 1605/1619/1576
f 1605/1619/1576 1705/1719/1672 1706/1720/1673
f 1706/1720/1673 1707/1721/1674 1615/1629/1586
f 1615/1629/1586 1602/1616/1573 1706/1720/1673
f 1708/1722/1675 1611/1625/1582 1615/1629/1586
f 1615/1629/1586 1707/1721/1674 1708/1722/1675
f 1708/1722/1675 1702/1716/1669 1612/1626/1583
f 1612/1626/1583 1611/1625/1582 1708/1722/1675
f 1709/1723/1676 1710/1724/1677 1711/1725/1678
f 1711/1725/1678 1712/1726/1679 1709/1723/1676
f 1712/1726/1679 1711/1725/1678 1713/1727/1680
f 1713/1727/1680 1714/1728/1681 1712/1726/1679
f 1714/1728/1681 1713/1727/1680 1715/1729/1682
f 1715/1729/1682 1716/1730/1683 1714/1728/1681
f 1716/1730/1683 1715/1729/1682 1717/1731/1684
f 1717/1731/1684 1718/1732/1685 1716/1730/1683
f 1719/1733/1686 1720/1734/1687 1710/1724/1677
f 1710/1724/1677 1709/1723/1676 1719/1733/1686
f 1721/1735/1688 1709/1723/1676 1712/1726/1679
f 1712/1726/1679 1722/1736/1689 1721/1735/1688
f 1722/1736/1689 1712/1726/1679 1714/1728/1681
f 1714/1728/1681 1723/1737/1690 1722/1736/1689
f 1723/1737/1690 1714/1728/1681 1716/1730/1683
f 1716/1730/1683 1724/1738/1691 1723/1737/1690
f 1724/1738/1691 1716/1730/1683 1718/1732/1685
f 1718/1732/1685 1725/1739/1692 1724/1738/1691
f 1726/1740/1693 1719/1733/1686 1709/1723/1676
f 1709/1723/1676 1721/1735/1688 1726/1740/1693
f 1727/1741/1694 1721/1735/1688 1722/1736/1689
f 1722/1736/1689 1728/1742/1695 1727/1741/1694
f 1728/1742/1695 1722/1736/1689 1723/1737/1690
f 1723/1737/1690 1729/1743/1696 1728/1742/1695
f 1729/1743/1696 1723/1737/1690 1724/1738/1691
f 1724/1738/1691 1730/1744/1697 1729/1743/1696
f 1730/1744/1697 1724/1738/1691 1725/1739/1692
f 1725/1739/1692 1731/1745/1698 1730/1744/1697
f 1732/1746/1699 1726/1740/1693 1721/1735/1688
f 1721/1735/1688 1727/1741/1694 1732/1746/1699
f 1733/1747/1700 1727/1741/1694 1728/1742/1695
f 1728/1742/1695 1734/1748/1701 1733/1747/1700
f 1734/1748/1701 1728/1742/1695 1729/1743/1696
f 1729/1743/1696 1735/1749/1702 1734/1748/1701
f 1735/1749/1702 1729/1743/1696 1730/1744/1697
f 1730/1744/1697 1736/1750/1703 1735/1749/1702
f 1736/1750/1703 1730/1744/1697 1731/1745/1698
f 1731/1745/1698 1737/1751/1704 1736/1750/1703
f 1643/1657/1614 1738/1752/1705 1737/1751/1704
f 1737/1751/1704 1731/1745/1698 1643/1657/1614
f 1739/1753/1706 1732/1746/1699 1727/1741/1694
f 1727/1741/1694 1733/1747/1700 1739/1753/1706
f 1740/1754/1707 1741/1755/1708 1742/1756/1709
f 1742/1756/1709 1743/1757/1710 1740/1754/1707
f 1743/1757/1710 1742/1756/1709 1744/1758/1711
f 1744/1758/1711 1745/1759/1712 1743/1757/1710
f 1746/1760/1713 1747/1761/1714 1742/1756/1709
f 1742/1756/1709 1741/1755/1708 1746/1760/1713
f 1742/1756/1709 1747/1761/1714 1748/1762/1715
f 1748/1762/1715 1744/1758/1711 1742/1756/1709
f 1749/1763/1716 1750/1764/1717 334/337/317
f 334/337/317 337/340/320 1749/1763/1716
f 1622/1636/1593 1751/1765/1718 1752/1766/1719
f 1752/1766/1719 1623/1637/1594 1622/1636/1593
f 1753/1767/1720 1642/1656/1613 1621/1635/1592
f 1621/1635/1592 1620/1634/1591 1753/1767/1720
f 1738/1752/1705 1643/1657/1614 1642/1656/1613
f 1642/1656/1613 1753/1767/1720 1738/1752/1705
f 1754/1768/1721 1755/1769/1722 1750/1764/1717
f 1750/1764/1717 1749/1763/1716 1754/1768/1721
f 1756/1770/1723 1749/1763/1716 337/340/320
f 337/340/320 344/347/327 1756/1770/1723
f 1757/1771/1724 1758/1772/1725 1623/1637/1594
f 1623/1637/1594 1752/1766/1719 1757/1771/1724
f 1759/1773/1726 1760/1774/1727 1761/1775/1728
f 1761/1775/1728 1762/1776/1729 1759/1773/1726
f 1747/1761/1714 1746/1760/1713 1760/1774/1727
f 1760/1774/1727 1759/1773/1726 1747/1761/1714
f 1763/1777/1730 1754/1768/1721 1749/1763/1716
f 1749/1763/1716 1756/1770/1723 1763/1777/1730
f 1764/1778/1731 1620/1634/1591 1623/1637/1594
f 1623/1637/1594 1758/1772/1725 1764/1778/1731
f 1644/1658/1615 1643/1657/1614 1731/1745/1698
f 1731/1745/1698 1725/1739/1692 1644/1658/1615
f 1765/1779/1732 1644/1658/1615 1725/1739/1692
f 1725/1739/1692 1718/1732/1685 1765/1779/1732
f 1758/1772/1725 1757/1771/1724 1766/1780/1733
f 1766/1780/1733 1767/1781/1734 1758/1772/1725
f 1768/1782/1735 1759/1773/1726 1762/1776/1729
f 1762/1776/1729 1769/1783/1736 1768/1782/1735
f 1748/1762/1715 1747/1761/1714 1759/1773/1726
f 1759/1773/1726 1768/1782/1735 1748/1762/1715
f 1770/1784/1737 1763/1777/1730 1756/1770/1723
f 1756/1770/1723 1771/1785/1738 1770/1784/1737
f 1772/1786/1739 1764/1778/1731 1758/1772/1725
f 1758/1772/1725 1767/1781/1734 1772/1786/1739
f 1773/1787/1740 1720/1734/1687 1719/1733/1686
f 1719/1733/1686 1774/1788/1741 1773/1787/1740
f 1774/1788/1741 1719/1733/1686 1726/1740/1693
f 1726/1740/1693 1775/1789/1742 1774/1788/1741
f 1775/1789/1742 1726/1740/1693 1732/1746/1699
f 1732/1746/1699 1776/1790/1743 1775/1789/1742
f 1776/1790/1743 1732/1746/1699 1739/1753/1706
f 1739/1753/1706 1777/1791/1744 1776/1790/1743
f 1778/1792/1745 1773/1787/1740 1774/1788/1741
f 1774/1788/1741 1779/1793/1746 1778/1792/1745
f 1779/1793/1746 1774/1788/1741 1775/1789/1742
f 1775/1789/1742 1780/1794/1747 1779/1793/1746
f 1780/1794/1747 1775/1789/1742 1776/1790/1743
f 1776/1790/1743 1781/1795/1748 1780/1794/1747
f 1781/1795/1748 1776/1790/1743 1777/1791/1744
f 1777/1791/1744 1772/1786/1739 1781/1795/1748
f 1782/1796/1749 1779/1793/1746 1780/1794/1747
f 1780/1794/1747 1783/1797/1750 1782/1796/1749
f 1783/1797/1750 1780/1794/1747 1781/1795/1748
f 1781/1795/1748 1784/1798/1751 1783/1797/1750
f 1784/1798/1751 1781/1795/1748 1772/1786/1739
f 1772/1786/1739 1767/1781/1734 1784/1798/1751
f 1785/1799/1752 1765/1779/1732 1718/1732/1685
f 1718/1732/1685 1717/1731/1684 1785/1799/1752
f 1786/1800/1753 1735/1749/1702 1736/1750/1703
f 1736/1750/1703 1787/1801/1754 1786/1800/1753
f 1787/1801/1754 1736/1750/1703 1737/1751/1704
f 1737/1751/1704 1788/1802/1755 1787/1801/1754
f 1789/1803/1756 1733/1747/1700 1734/1748/1701
f 1734/1748/1701 1790/1804/1757 1789/1803/1756
f 1790/1804/1757 1734/1748/1701 1735/1749/1702
f 1735/1749/1702 1786/1800/1753 1790/1804/1757
f 1788/1802/1755 1737/1751/1704 1738/1752/1705
f 1738/1752/1705 1791/1805/1758 1788/1802/1755
f 1792/1806/1759 1739/1753/1706 1733/1747/1700
f 1733/1747/1700 1789/1803/1756 1792/1806/1759
f 1753/1767/1720 1620/1634/1591 1793/1807/1760
f 1620/1634/1591 1764/1778/1731 1794/1808/1761
f 1791/1805/1758 1738/1752/1705 1753/1767/1720
f 1753/1767/1720 1793/1807/1760 1791/1805/1758
f 1794/1808/1761 1764/1778/1731 1772/1786/1739
f 1772/1786/1739 1795/1809/1762 1794/1808/1761
f 1795/1809/1762 1772/1786/1739 1777/1791/1744
f 1777/1791/1744 1796/1810/1763 1795/1809/1762
f 1796/1810/1763 1777/1791/1744 1739/1753/1706
f 1739/1753/1706 1792/1806/1759 1796/1810/1763
f 1743/1757/1710 1786/1800/1753 1787/1801/1754
f 1787/1801/1754 1740/1754/1707 1743/1757/1710
f 1740/1754/1707 1787/1801/1754 1788/1802/1755
f 1788/1802/1755 1741/1755/1708 1740/1754/1707
f 1744/1758/1711 1789/1803/1756 1790/1804/1757
f 1790/1804/1757 1745/1759/1712 1744/1758/1711
f 1745/1759/1712 1790/1804/1757 1786/1800/1753
f 1786/1800/1753 1743/1757/1710 1745/1759/1712
f 1741/1755/1708 1788/1802/1755 1791/1805/1758
f 1791/1805/1758 1746/1760/1713 1741/1755/1708
f 1748/1762/1715 1792/1806/1759 1789/1803/1756
f 1789/1803/1756 1744/1758/1711 1748/1762/1715
f 1760/1774/1727 1793/1807/1760 1620/1634/1591
f 1620/1634/1591 1761/1775/1728 1760/1774/1727
f 1761/1775/1728 1620/1634/1591 1794/1808/1761
f 1794/1808/1761 1762/1776/1729 1761/1775/1728
f 1746/1760/1713 1791/1805/1758 1793/1807/1760
f 1793/1807/1760 1760/1774/1727 1746/1760/1713
f 1762/1776/1729 1794/1808/1761 1795/1809/1762
f 1795/1809/1762 1769/1783/1736 1762/1776/1729
f 1769/1783/1736 1795/1809/1762 1796/1810/1763
f 1796/1810/1763 1768/1782/1735 1769/1783/1736
f 1768/1782/1735 1796/1810/1763 1792/1806/1759
f 1792/1806/1759 1748/1762/1715 1768/1782/1735
f 1622/1636/1593 1621/1635/1592 1641/1655/1612
f 1641/1655/1612 1616/1630/1587 1622/1636/1593
f 1751/1765/1718 1622/1636/1593 1616/1630/1587
f 1616/1630/1587 1619/1633/1590 1751/1765/1718
f 1755/1769/1722 1664/1678/1635 1667/1681/1638
f 1667/1681/1638 1750/1764/1717 1755/1769/1722
f 1750/1764/1717 1667/1681/1638 385/388/368
f 385/388/368 334/337/317 1750/1764/1717
f 1617/1631/1588 1616/1630/1587 1641/1655/1612
f 1641/1655/1612 1653/1667/1624 1617/1631/1588
f 1595/1609/1566 1663/1677/1764 1662/1676/1765
f 1662/1676/1765 1596/1610/1567 1595/1609/1566
f 1661/1675/1632 1689/1703/1662 1596/1610/1665
f 1596/1610/1665 1662/1676/1633 1661/1675/1632
f 1665/1679/1636 1618/1632/1589 1689/1703/1662
f 1689/1703/1662 1661/1675/1632 1665/1679/1636
f 1664/1678/1635 1619/1633/1590 1618/1632/1589
f 1618/1632/1589 1665/1679/1636 1664/1678/1635
f 1755/1769/1722 1751/1765/1718 1619/1633/1590
f 1619/1633/1590 1664/1678/1635 1755/1769/1722
f 1755/1769/1722 1754/1768/1721 1752/1766/1719
f 1752/1766/1719 1751/1765/1718 1755/1769/1722
f 1763/1777/1730 1757/1771/1724 1752/1766/1719
f 1752/1766/1719 1754/1768/1721 1763/1777/1730
f 1763/1777/1730 1770/1784/1737 1766/1780/1733
f 1766/1780/1733 1757/1771/1724 1763/1777/1730
f 1782/1796/1749 1797/1811/1766 1778/1792/1745
f 1778/1792/1745 1779/1793/1746 1782/1796/1749
f 1798/1812/1767 1799/1813/1768 1800/1814/1769
f 1800/1814/1769 1801/1815/1770 1798/1812/1767
f 1802/1816/1771 1803/1817/1772 1804/1818/1773
f 1804/1818/1773 1805/1819/1774 1802/1816/1771
f 1806/1820/1775 1807/1821/1776 1808/1822/1777
f 1808/1822/1777 1809/1823/1778 1806/1820/1775
f 1810/1824/1779 1798/1812/1767 1801/1815/1770
f 1801/1815/1770 1811/1825/1780 1810/1824/1779
f 1812/1826/1781 1813/1827/1782 1814/1828/1783
f 1814/1828/1783 1815/1829/1784 1812/1826/1781
f 1816/1830/1785 1817/1831/1786 1818/1832/1787
f 1818/1832/1787 1819/1833/1788 1816/1830/1785
f 1820/1834/1789 1812/1826/1781 1815/1829/1784
f 1815/1829/1784 1821/1835/1790 1820/1834/1789
f 1819/1833/1788 1818/1832/1787 1822/1836/1791
f 1822/1836/1791 1823/1837/1792 1819/1833/1788
f 1824/1838/1793 1825/1839/1794 1826/1840/1795
f 1826/1840/1795 1827/1841/1796 1824/1838/1793
f 1828/1842/1797 1829/1843/1798 1830/1844/1793
f 1830/1844/1793 1831/1845/1799 1828/1842/1797
f 1832/1846/1800 1810/1824/1779 1811/1825/1780
f 1811/1825/1780 1833/1847/1801 1832/1846/1800
f 1834/1848/1802 1806/1820/1775 1809/1823/1778
f 1809/1823/1778 1835/1849/1803 1834/1848/1802
f 1836/1850/1804 1835/1849/1803 1809/1823/1778
f 1809/1823/1778 1837/1851/1805 1836/1850/1804
f 1838/1852/1806 1836/1850/1804 1837/1851/1805
f 1837/1851/1805 1828/1842/1797 1838/1852/1806
f 1838/1852/1806 1828/1842/1797 1831/1845/1799
f 1835/1849/1803 1839/1853/1807 1834/1848/1802
f 1835/1849/1803 1836/1850/1804 1840/1854/1808
f 1840/1854/1808 1839/1853/1807 1835/1849/1803
f 1836/1850/1804 1838/1852/1806 1841/1855/1809
f 1841/1855/1809 1840/1854/1808 1836/1850/1804
f 1842/1856/1810 1838/1852/1806 1843/1857/1811
f 1840/1854/1808 1844/1858/1812 1839/1853/1807
f 1840/1854/1808 1841/1855/1809 1845/1859/1813
f 1845/1859/1813 1844/1858/1812 1840/1854/1808
f 1846/1860/1814 1841/1855/1809 1847/1861/1815
f 1839/1853/1807 1848/1862/1816 1834/1848/1802
f 1849/1863/1817 1834/1848/1802 1848/1862/1816
f 1848/1862/1816 1850/1864/1818 1849/1863/1817
f 1851/1865/1819 1832/1846/1800 1833/1847/1801
f 1833/1847/1801 1852/1866/1820 1851/1865/1819
f 1839/1853/1807 1844/1858/1812 1853/1867/1821
f 1853/1867/1821 1848/1862/1816 1839/1853/1807
f 1850/1864/1818 1848/1862/1816 1853/1867/1821
f 1853/1867/1821 1854/1868/1822 1850/1864/1818
f 1844/1858/1812 1845/1859/1813 1855/1869/1823
f 1855/1869/1823 1853/1867/1821 1844/1858/1812
f 1854/1868/1822 1853/1867/1821 1855/1869/1823
f 1855/1869/1823 1856/1870/1824 1854/1868/1822
f 1857/1871/1825 1845/1859/1813 1858/1872/1826
f 1855/1869/1823 1859/1873/1827 1860/1874/1828
f 1861/1875/1829 1851/1865/1819 1852/1866/1820
f 1852/1866/1820 1862/1876/1830 1861/1875/1829
f 1863/1877/1831 1849/1863/1817 1850/1864/1818
f 1850/1864/1818 1864/1878/1832 1863/1877/1831
f 1865/1879/1833 1866/1880/1834 1867/1881/1835
f 1867/1881/1835 1868/1882/1836 1865/1879/1833
f 1869/1883/1837 1861/1875/1829 1862/1876/1830
f 1862/1876/1830 1870/1884/1838 1869/1883/1837
f 1871/1885/1839 1864/1878/1832 1850/1864/1818
f 1850/1864/1818 1854/1868/1822 1871/1885/1839
f 1868/1882/1836 1867/1881/1835 1872/1886/1840
f 1872/1886/1840 1873/1887/1841 1868/1882/1836
f 1874/1888/1842 1871/1885/1839 1854/1868/1822
f 1854/1868/1822 1856/1870/1824 1874/1888/1842
f 1873/1887/1841 1872/1886/1840 1875/1889/1843
f 1875/1889/1843 1876/1890/1844 1873/1887/1841
f 1877/1891/1845 1874/1888/1842 1856/1870/1824
f 1856/1870/1824 1860/1874/1828 1877/1891/1845
f 1876/1890/1844 1875/1889/1843 1878/1892/1846
f 1878/1892/1846 1879/1893/1847 1876/1890/1844
f 1880/1894/1848 1869/1883/1837 1870/1884/1838
f 1870/1884/1838 1881/1895/1849 1880/1894/1848
f 1882/1896/1850 1865/1879/1833 1868/1882/1836
f 1868/1882/1836 1883/1897/1851 1882/1896/1850
f 1884/1898/1852 1883/1897/1851 1868/1882/1836
f 1868/1882/1836 1873/1887/1841 1884/1898/1852
f 1885/1899/1853 1884/1898/1852 1873/1887/1841
f 1873/1887/1841 1876/1890/1844 1885/1899/1853
f 1885/1899/1853 1876/1890/1844 1879/1893/1847
f 1884/1898/1852 1886/1900/1854 1883/1897/1851
f 1884/1898/1852 1885/1899/1853 1887/1901/1855
f 1887/1901/1855 1886/1900/1854 1884/1898/1852
f 1888/1902/1856 1885/1899/1853 1889/1903/1857
f 1883/1897/1851 1890/1904/1858 1882/1896/1850
f 1883/1897/1851 1886/1900/1854 1891/1905/1859
f 1891/1905/1859 1890/1904/1858 1883/1897/1851
f 1886/1900/1854 1887/1901/1855 1892/1906/1860
f 1892/1906/1860 1891/1905/1859 1886/1900/1854
f 1893/1907/1861 1887/1901/1855 1894/1908/1862
f 1803/1817/1772 1882/1896/1850 1890/1904/1858
f 1890/1904/1858 1804/1818/1773 1803/1817/1772
f 1799/1813/1863 1895/1909/1864 1896/1910/1865
f 1896/1910/1865 1800/1814/1769 1799/1813/1768
f 1891/1905/1859 1897/1911/1866 1890/1904/1858
f 1804/1818/1773 1890/1904/1858 1897/1911/1866
f 1897/1911/1866 1898/1912/1867 1804/1818/1773
f 1891/1905/1859 1892/1906/1860 1899/1913/1868
f 1899/1913/1868 1897/1911/1866 1891/1905/1859
f 1898/1912/1867 1897/1911/1866 1899/1913/1868
f 1899/1913/1868 1826/1840/1795 1898/1912/1867
f 1900/1914/1869 1892/1906/1860 1901/1915/1870
f 1899/1913/1868 1902/1916/1871 1827/1841/1796
f 1903/1917/1872 1904/1918/1873 1905/1919/1874
f 1905/1919/1874 1906/1920/1875 1903/1917/1872
f 1906/1920/1875 1905/1919/1874 1907/1921/1876
f 1907/1921/1876 1908/1922/1877 1906/1920/1875
f 1909/1923/1878 1910/1924/1879 1911/1925/1880
f 1911/1925/1880 1912/1926/1881 1909/1923/1878
f 1913/1927/1882 1914/1928/1872 1910/1924/1879
f 1910/1924/1879 1909/1923/1878 1913/1927/1882
f 1915/1929/1883 1916/1930/1884 1917/1931/1885
f 1917/1931/1885 1918/1932/1886 1915/1929/1883
f 1918/1932/1886 1917/1931/1885 1919/1933/1887
f 1919/1933/1887 1920/1934/1888 1918/1932/1886
f 1921/1935/1889 1922/1936/1886 1923/1937/1890
f 1923/1937/1890 1924/1938/1891 1921/1935/1889
f 1925/1939/1892 1926/1940/1883 1922/1936/1886
f 1922/1936/1886 1921/1935/1889 1925/1939/1892
f 1927/1941/1893 1928/1942/1894 1929/1943/1895
f 1929/1943/1895 1930/1944/1896 1927/1941/1893
f 1930/1944/1896 1929/1943/1895 1931/1945/1897
f 1931/1945/1897 1932/1946/1898 1930/1944/1896
f 1933/1947/1899 1934/1948/1896 1935/1949/1898
f 1935/1949/1898 1936/1950/1900 1933/1947/1899
f 1937/1951/1901 1938/1952/1893 1934/1948/1896
f 1934/1948/1896 1933/1947/1899 1937/1951/1901
f 1939/1953/1902 1940/1954/1903 1941/1955/1904
f 1941/1955/1904 1942/1956/1905 1939/1953/1902
f 1942/1956/1905 1941/1955/1904 1943/1957/1906
f 1943/1957/1906 1944/1958/1907 1942/1956/1905
f 1945/1959/1908 1946/1960/1905 1947/1961/1909
f 1947/1961/1909 1948/1962/1910 1945/1959/1908
f 1949/1963/1911 1950/1964/1912 1946/1960/1905
f 1946/1960/1905 1945/1959/1908 1949/1963/1911
f 1951/1965/1913 1888/1902/1856 1889/1903/1857
f 1889/1903/1857 1952/1966/1914 1951/1965/1913
f 1952/1966/1914 1889/1903/1857 1879/1893/1847
f 1879/1893/1847 1953/1967/1915 1952/1966/1914
f 1954/1968/1916 1955/1969/1917 1956/1970/1918
f 1956/1970/1918 1957/1971/1919 1954/1968/1916
f 1958/1972/1920 1959/1973/1921 1955/1969/1917
f 1955/1969/1917 1954/1968/1916 1958/1972/1920
f 1953/1967/1915 1879/1893/1847 1878/1892/1846
f 1878/1892/1846 1960/1974/1922 1953/1967/1915
f 1961/1975/1923 1877/1891/1845 1860/1874/1828
f 1860/1874/1828 1962/1976/1924 1961/1975/1923
f 1963/1977/1925 1964/1978/1926 1965/1979/1927
f 1965/1979/1927 1966/1980/1928 1963/1977/1925
f 1967/1981/1925 1957/1971/1919 1956/1970/1918
f 1956/1970/1918 1968/1982/1929 1967/1981/1925
f 1962/1976/1924 1860/1874/1828 1859/1873/1827
f 1859/1873/1827 1969/1983/1930 1962/1976/1924
f 1969/1983/1930 1859/1873/1827 1857/1871/1825
f 1857/1871/1825 1970/1984/1931 1969/1983/1930
f 1971/1985/1932 1972/1986/1933 1973/1987/1934
f 1973/1987/1934 1974/1988/1935 1971/1985/1932
f 1971/1985/1932 1966/1980/1928 1965/1979/1927
f 1965/1979/1927 1972/1986/1933 1971/1985/1932
f 1970/1984/1931 1857/1871/1825 1975/1989/1936
f 1975/1989/1936 1976/1990/1937 1970/1984/1931
f 1977/1991/1938 1978/1992/1936 1888/1902/1856
f 1888/1902/1856 1951/1965/1913 1977/1991/1938
f 1979/1993/1939 1980/1994/1940 1959/1973/1921
f 1959/1973/1921 1958/1972/1920 1979/1993/1939
f 1981/1995/1941 1974/1988/1935 1973/1987/1934
f 1973/1987/1934 1982/1996/1942 1981/1995/1941
f 1983/1997/1943 1893/1907/1861 1894/1908/1862
f 1894/1908/1862 1984/1998/1944 1983/1997/1943
f 1984/1998/1944 1894/1908/1862 1888/1902/1856
f 1888/1902/1856 1985/1999/1945 1984/1998/1944
f 1986/2000/1946 1987/2001/1947 1988/2002/1948
f 1988/2002/1948 1989/2003/1949 1986/2000/1946
f 1990/2004/1950 1991/2005/1951 1987/2001/1947
f 1987/2001/1947 1986/2000/1946 1990/2004/1950
f 1985/1999/1945 1888/1902/1856 1978/1992/1936
f 1978/1992/1936 1992/2006/1952 1985/1999/1945
f 1993/2007/1952 1975/1989/1936 1857/1871/1825
f 1857/1871/1825 1994/2008/1953 1993/2007/1952
f 1994/2008/1953 1857/1871/1825 1858/1872/1826
f 1858/1872/1826 1995/2009/1954 1994/2008/1953
f 1995/2009/1954 1858/1872/1826 1846/1860/1814
f 1846/1860/1814 1996/2010/1955 1995/2009/1954
f 1997/2011/1956 1998/2012/1957 1999/2013/1958
f 1999/2013/1958 2000/2014/1959 1997/2011/1956
f 1997/2011/1956 2001/2015/1960 2002/2016/1961
f 2002/2016/1961 1998/2012/1957 1997/2011/1956
f 1996/2010/1955 1846/1860/1814 2003/2017/1962
f 2003/2017/1962 2004/2018/1963 1996/2010/1955
f 2005/2019/1964 2006/2020/1965 1893/1907/1861
f 1893/1907/1861 1983/1997/1943 2005/2019/1964
f 2007/2021/1966 2008/2022/1967 1991/2005/1951
f 1991/2005/1951 1990/2004/1950 2007/2021/1966
f 2009/2023/1968 2000/2014/1959 1999/2013/1958
f 1999/2013/1958 2010/2024/1969 2009/2023/1968
f 2011/2025/1970 1900/1914/1869 1901/1915/1870
f 1901/1915/1870 2012/2026/1971 2011/2025/1970
f 2012/2026/1971 1901/1915/1870 1893/1907/1861
f 1893/1907/1861 2013/2027/1972 2012/2026/1971
f 2014/2028/1973 2015/2029/1974 2016/2030/1975
f 2016/2030/1975 2017/2031/1976 2014/2028/1973
f 2018/2032/1977 2019/2033/1978 2015/2029/1974
f 2015/2029/1974 2014/2028/1973 2018/2032/1977
f 2013/2027/1972 1893/1907/1861 2006/2020/1965
f 2006/2020/1965 2020/2034/1979 2013/2027/1972
f 2021/2035/1980 2003/2017/1962 1846/1860/1814
f 1846/1860/1814 2022/2036/1981 2021/2035/1980
f 2022/2036/1981 1846/1860/1814 1847/1861/1815
f 1847/1861/1815 2023/2037/1982 2022/2036/1981
f 2023/2037/1982 1847/1861/1815 1842/1856/1810
f 1842/1856/1810 2024/2038/1983 2023/2037/1982
f 2025/2039/1984 2026/2040/1985 2027/2041/1986
f 2027/2041/1986 2028/2042/1987 2025/2039/1984
f 2025/2039/1984 2029/2043/1988 2030/2044/1989
f 2030/2044/1989 2026/2040/1985 2025/2039/1984
f 2024/2038/1983 1842/1856/1810 2031/2045/1990
f 2031/2045/1990 2032/2046/1991 2024/2038/1983
f 2033/2047/1991 2034/2048/1990 1900/1914/1869
f 1900/1914/1869 2011/2025/1970 2033/2047/1991
f 2035/2049/1992 2036/2050/1993 2019/2033/1978
f 2019/2033/1978 2018/2032/1977 2035/2049/1992
f 2037/2051/1994 2028/2042/1987 2027/2041/1986
f 2027/2041/1986 2038/2052/1995 2037/2051/1994
f 2039/2053/1996 1827/1841/1796 1902/1916/1871
f 1902/1916/1871 2040/2054/1997 2039/2053/1996
f 2040/2054/1997 1902/1916/1871 1900/1914/1869
f 1900/1914/1869 2041/2055/1998 2040/2054/1997
f 2042/2056/1999 2043/2057/2000 2044/2058/2001
f 2044/2058/2001 2045/2059/2002 2042/2056/1999
f 2046/2060/2003 2047/2061/2004 2043/2057/2000
f 2043/2057/2000 2042/2056/1999 2046/2060/2003
f 2041/2055/1998 1900/1914/1869 2034/2048/1990
f 2034/2048/1990 2048/2062/2005 2041/2055/1998
f 2049/2063/2006 2031/2045/1990 1842/1856/1810
f 1842/1856/1810 2050/2064/2007 2049/2063/2006
f 2050/2064/2007 1842/1856/1810 1843/1857/1811
f 1843/1857/1811 2051/2065/2008 2050/2064/2007
f 2051/2065/2008 1843/1857/1811 1831/1845/1799
f 1831/1845/1799 2052/2066/2009 2051/2065/2008
f 2053/2067/2010 2054/2068/2011 2055/2069/2012
f 2055/2069/2012 2056/2070/2013 2053/2067/2010
f 2053/2067/2010 2057/2071/2014 2058/2072/2015
f 2058/2072/2015 2054/2068/2011 2053/2067/2010
f 2052/2066/2009 1831/1845/1799 1830/1844/1793
f 1830/1844/1793 2059/2073/2016 2052/2066/2009
f 2060/2074/2017 1824/1838/1793 1827/1841/1796
f 1827/1841/1796 2039/2053/1996 2060/2074/2017
f 2061/2075/2018 2062/2076/2019 2047/2061/2004
f 2047/2061/2004 2046/2060/2003 2061/2075/2018
f 2063/2077/2018 2056/2070/2013 2055/2069/2012
f 2055/2069/2012 2064/2078/2020 2063/2077/2018
f 2065/2079/2021 1989/2003/1949 1988/2002/1948
f 1988/2002/1948 2066/2080/2022 2065/2079/2021
f 2067/2081/2021 2068/2082/2023 2002/2016/1961
f 2002/2016/1961 2001/2015/1960 2067/2081/2021
f 2069/2083/2024 2017/2031/1976 2016/2030/1975
f 2016/2030/1975 2070/2084/2025 2069/2083/2024
f 2071/2085/2026 2072/2086/2027 2030/2044/1989
f 2030/2044/1989 2029/2043/1988 2071/2085/2026
f 2073/2087/2028 2045/2059/2002 2044/2058/2001
f 2044/2058/2001 2074/2088/2029 2073/2087/2028
f 2075/2089/2030 2076/2090/2031 2058/2072/2015
f 2058/2072/2015 2057/2071/2014 2075/2089/2030
f 2077/2091/2032 2078/2092/2033 2079/2093/2034
f 2079/2093/2034 2080/2094/2035 2077/2091/2032
f 2080/2094/2035 2079/2093/2034 2081/2095/2036
f 2081/2095/2036 2082/2096/2037 2080/2094/2035
f 2083/2097/2038 2084/2098/2039 2082/2096/2037
f 2082/2096/2037 2081/2095/2036 2083/2097/2038
f 2085/2099/2040 2086/2100/2041 2087/2101/2042
f 2087/2101/2042 2088/2102/2043 2085/2099/2040
f 2089/2103/2044 2090/2104/2045 2088/2102/2043
f 2088/2102/2043 2087/2101/2042 2089/2103/2044
f 2090/2104/2045 2089/2103/2044 2091/2105/2046
f 2091/2105/2046 2092/2106/2047 2090/2104/2045
f 2093/2107/2048 2094/2108/2049 2092/2106/2047
f 2092/2106/2047 2091/2105/2046 2093/2107/2048
f 2095/2109/2050 2096/2110/2051 2078/2092/2033
f 2078/2092/2033 2077/2091/2032 2095/2109/2050
f 2097/2111/2052 2098/2112/2053 2099/2113/2054
f 2099/2113/2054 2100/2114/2055 2097/2111/2052
f 2100/2114/2055 2099/2113/2054 2101/2115/2056
f 2101/2115/2056 2102/2116/2057 2100/2114/2055
f 2103/2117/2058 2104/2118/2059 2102/2116/2057
f 2102/2116/2057 2101/2115/2056 2103/2117/2058
f 2105/2119/2060 2106/2120/2061 2107/2121/2062
f 2107/2121/2062 2108/2122/2063 2105/2119/2060
f 2109/2123/2064 2110/2124/2065 2108/2122/2063
f 2108/2122/2063 2107/2121/2062 2109/2123/2064
f 2110/2124/2065 2109/2123/2064 2111/2125/2066
f 2111/2125/2066 2112/2126/2067 2110/2124/2065
f 2113/2127/2068 2114/2128/2069 2112/2126/2067
f 2112/2126/2067 2111/2125/2066 2113/2127/2068
f 2115/2129/2070 2116/2130/2071 2098/2112/2053
f 2098/2112/2053 2097/2111/2052 2115/2129/2070
f 2117/2131/2072 2118/2132/2073 2119/2133/2074
f 2119/2133/2074 2120/2134/2075 2117/2131/2072
f 2120/2134/2075 2119/2133/2074 2121/2135/2076
f 2121/2135/2076 2122/2136/2077 2120/2134/2075
f 2123/2137/2078 2124/2138/2079 2122/2136/2077
f 2122/2136/2077 2121/2135/2076 2123/2137/2078
f 2125/2139/2079 2126/2140/2080 2127/2141/2081
f 2127/2141/2081 2128/2142/2082 2125/2139/2079
f 2129/2143/2083 2130/2144/2083 2128/2142/2082
f 2128/2142/2082 2127/2141/2081 2129/2143/2083
f 2130/2144/2083 2129/2143/2083 2131/2145/2084
f 2131/2145/2084 2132/2146/2085 2130/2144/2083
f 2133/2147/2086 2134/2148/2087 2132/2146/2085
f 2132/2146/2085 2131/2145/2084 2133/2147/2086
f 2135/2149/2087 2136/2150/2088 2118/2132/2073
f 2118/2132/2073 2117/2131/2072 2135/2149/2087
f 2137/2151/2089 2138/2152/2090 2139/2153/2091
f 2139/2153/2091 2140/2154/2092 2137/2151/2089
f 2140/2154/2092 2139/2153/2091 2141/2155/2093
f 2141/2155/2093 2142/2156/2094 2140/2154/2092
f 2143/2157/2095 2144/2158/2096 2142/2156/2094
f 2142/2156/2094 2141/2155/2093 2143/2157/2095
f 2145/2159/2097 2146/2160/2098 2147/2161/2099
f 2147/2161/2099 2148/2162/2100 2145/2159/2097
f 2149/2163/2101 2150/2164/2102 2148/2162/2100
f 2148/2162/2100 2147/2161/2099 2149/2163/2101
f 2150/2164/2102 2149/2163/2101 2151/2165/2103
f 2151/2165/2103 2152/2166/2104 2150/2164/2102
f 2153/2167/2105 2154/2168/2106 2152/2166/2104
f 2152/2166/2104 2151/2165/2103 2153/2167/2105
f 2155/2169/2107 2156/2170/2108 2138/2152/2090
f 2138/2152/2090 2137/2151/2089 2155/2169/2107
f 2157/2171/2109 2158/2172/2110 2159/2173/2111
f 2159/2173/2111 2160/2174/2112 2157/2171/2109
f 2160/2174/2112 2159/2173/2111 2161/2175/2113
f 2161/2175/2113 2162/2176/2114 2160/2174/2112
f 1905/1919/1874 2160/2174/2112 2162/2176/2114
f 2162/2176/2114 1907/1921/1876 1905/1919/1874
f 1904/1918/1873 2157/2171/2109 2160/2174/2112
f 2160/2174/2112 1905/1919/1874 1904/1918/1873
f 2162/2176/2114 2161/2175/2113 2163/2177/2115
f 2163/2177/2115 2164/2178/2116 2162/2176/2114
f 2165/2179/2117 2166/2180/2118 2167/2181/2119
f 2167/2181/2119 2168/2182/2120 2165/2179/2117
f 1911/1925/1880 2165/2179/2117 2168/2182/2120
f 2168/2182/2120 1912/1926/1881 1911/1925/1880
f 1907/1921/1876 2162/2176/2114 2164/2178/2116
f 2164/2178/2116 1908/1922/1877 1907/1921/1876
f 2168/2182/2120 2167/2181/2119 2169/2183/2121
f 2169/2183/2121 2170/2184/2122 2168/2182/2120
f 2170/2184/2122 2169/2183/2121 2171/2185/2123
f 2171/2185/2123 2172/2186/2124 2170/2184/2122
f 1909/1923/1878 2170/2184/2122 2172/2186/2124
f 2172/2186/2124 1913/1927/1882 1909/1923/1878
f 1912/1926/1881 2168/2182/2120 2170/2184/2122
f 2170/2184/2122 1909/1923/1878 1912/1926/1881
f 2172/2186/2124 2171/2185/2123 2173/2187/2125
f 2173/2187/2125 2174/2188/2126 2172/2186/2124
f 2175/2189/2126 2176/2190/2127 2158/2172/2110
f 2158/2172/2110 2157/2171/2109 2175/2189/2126
f 1903/1917/1872 2175/2189/2126 2157/2171/2109
f 2157/2171/2109 1904/1918/1873 1903/1917/1872
f 1913/1927/1882 2172/2186/2124 2174/2188/2126
f 2174/2188/2126 1914/1928/1872 1913/1927/1882
f 2177/2191/2128 2178/2192/2129 2179/2193/2130
f 2179/2193/2130 2180/2194/2131 2177/2191/2128
f 2180/2194/2131 2179/2193/2130 2181/2195/2132
f 2181/2195/2132 2182/2196/2133 2180/2194/2131
f 1917/1931/1885 2180/2194/2131 2182/2196/2133
f 2182/2196/2133 1919/1933/1887 1917/1931/1885
f 1916/1930/1884 2177/2191/2128 2180/2194/2131
f 2180/2194/2131 1917/1931/1885 1916/1930/1884
f 2182/2196/2133 2181/2195/2132 2183/2197/2134
f 2183/2197/2134 2184/2198/2135 2182/2196/2133
f 2185/2199/2135 2186/2200/2136 2187/2201/2137
f 2187/2201/2137 2188/2202/2138 2185/2199/2135
f 1923/1937/1890 2185/2199/2135 2188/2202/2138
f 2188/2202/2138 1924/1938/1891 1923/1937/1890
f 1919/1933/1887 2182/2196/2133 2184/2198/2135
f 2184/2198/2135 1920/1934/1888 1919/1933/1887
f 2188/2202/2138 2187/2201/2137 2189/2203/2139
f 2189/2203/2139 2190/2204/2140 2188/2202/2138
f 2190/2204/2140 2189/2203/2139 2191/2205/2141
f 2191/2205/2141 2192/2206/2142 2190/2204/2140
f 1921/1935/1889 2190/2204/2140 2192/2206/2142
f 2192/2206/2142 1925/1939/1892 1921/1935/1889
f 1924/1938/1891 2188/2202/2138 2190/2204/2140
f 2190/2204/2140 1921/1935/1889 1924/1938/1891
f 2192/2206/2142 2191/2205/2141 2193/2207/2143
f 2193/2207/2143 2194/2208/2144 2192/2206/2142
f 2195/2209/2144 2196/2210/2145 2178/2192/2129
f 2178/2192/2129 2177/2191/2128 2195/2209/2144
f 1915/1929/1883 2195/2209/2144 2177/2191/2128
f 2177/2191/2128 1916/1930/1884 1915/1929/1883
f 1925/1939/1892 2192/2206/2142 2194/2208/2144
f 2194/2208/2144 1926/1940/1883 1925/1939/1892
f 2197/2211/2146 2198/2212/2147 2199/2213/2148
f 2199/2213/2148 2200/2214/2149 2197/2211/2146
f 2200/2214/2149 2199/2213/2148 2201/2215/2150
f 2201/2215/2150 2202/2216/2151 2200/2214/2149
f 1929/1943/1895 2200/2214/2149 2202/2216/2151
f 2202/2216/2151 1931/1945/1897 1929/1943/1895
f 1928/1942/1894 2197/2211/2146 2200/2214/2149
f 2200/2214/2149 1929/1943/1895 1928/1942/1894
f 2202/2216/2151 2201/2215/2150 2203/2217/2152
f 2203/2217/2152 2204/2218/2153 2202/2216/2151
f 2205/2219/2154 2206/2220/2155 2207/2221/2156
f 2207/2221/2156 2208/2222/2157 2205/2219/2154
f 1935/1949/1898 2205/2219/2154 2208/2222/2157
f 2208/2222/2157 1936/1950/1900 1935/1949/1898
f 1931/1945/1897 2202/2216/2151 2204/2218/2153
f 2204/2218/2153 1932/1946/1898 1931/1945/1897
f 2208/2222/2157 2207/2221/2156 2209/2223/2158
f 2209/2223/2158 2210/2224/2159 2208/2222/2157
f 2210/2224/2159 2209/2223/2158 2211/2225/2160
f 2211/2225/2160 2212/2226/2161 2210/2224/2159
f 1933/1947/1899 2210/2224/2159 2212/2226/2161
f 2212/2226/2161 1937/1951/1901 1933/1947/1899
f 1936/1950/1900 2208/2222/2157 2210/2224/2159
f 2210/2224/2159 1933/1947/1899 1936/1950/1900
f 2212/2226/2161 2211/2225/2160 2213/2227/2162
f 2213/2227/2162 2214/2228/2163 2212/2226/2161
f 2215/2229/2164 2216/2230/2162 2198/2212/2147
f 2198/2212/2147 2197/2211/2146 2215/2229/2164
f 1927/1941/1893 2215/2229/2164 2197/2211/2146
f 2197/2211/2146 1928/1942/1894 1927/1941/1893
f 1937/1951/1901 2212/2226/2161 2214/2228/2163
f 2214/2228/2163 1938/1952/1893 1937/1951/1901
f 2217/2231/2165 2218/2232/2166 2219/2233/2167
f 2219/2233/2167 2220/2234/2168 2217/2231/2165
f 2220/2234/2168 2219/2233/2167 2221/2235/2169
f 2221/2235/2169 2222/2236/2170 2220/2234/2168
f 1941/1955/1904 2220/2234/2168 2222/2236/2170
f 2222/2236/2170 1943/1957/1906 1941/1955/1904
f 1940/1954/1903 2217/2231/2165 2220/2234/2168
f 2220/2234/2168 1941/1955/1904 1940/1954/1903
f 2222/2236/2170 2221/2235/2169 2223/2237/2171
f 2223/2237/2171 2224/2238/2172 2222/2236/2170
f 2225/2239/2173 2226/2240/2174 2227/2241/2175
f 2227/2241/2175 2228/2242/2176 2225/2239/2173
f 1947/1961/1909 2225/2239/2173 2228/2242/2176
f 2228/2242/2176 1948/1962/1910 1947/1961/1909
f 1943/1957/1906 2222/2236/2170 2224/2238/2172
f 2224/2238/2172 1944/1958/1907 1943/1957/1906
f 2228/2242/2176 2227/2241/2175 2229/2243/2177
f 2229/2243/2177 2230/2244/2178 2228/2242/2176
f 2230/2244/2178 2229/2243/2177 2231/2245/2179
f 2231/2245/2179 2232/2246/2180 2230/2244/2178
f 1945/1959/1908 2230/2244/2178 2232/2246/2180
f 2232/2246/2180 1949/1963/1911 1945/1959/1908
f 1948/1962/1910 2228/2242/2176 2230/2244/2178
f 2230/2244/2178 1945/1959/1908 1948/1962/1910
f 2232/2246/2180 2231/2245/2179 2233/2247/2181
f 2233/2247/2181 2234/2248/2182 2232/2246/2180
f 2235/2249/2183 2236/2250/2184 2218/2232/2166
f 2218/2232/2166 2217/2231/2165 2235/2249/2183
f 1939/1953/1902 2235/2249/2183 2217/2231/2165
f 2217/2231/2165 1940/1954/1903 1939/1953/1902
f 1949/1963/1911 2232/2246/2180 2234/2248/2182
f 2234/2248/2182 1950/1964/1912 1949/1963/1911
f 2237/2251/2185 2238/2252/2186 1804/1818/1773
f 1804/1818/1773 1898/1912/1867 2237/2251/2185
f 2239/2253/2187 2240/2254/2188 1837/1851/1805
f 1837/1851/1805 1809/1823/1778 2239/2253/2187
f 2241/2255/2189 2240/2254/2188 2239/2253/2187
f 2239/2253/2187 2242/2256/2190 2241/2255/2189
f 2239/2253/2187 1809/1823/1778 1808/1822/1777
f 1808/1822/1777 2243/2257/2191 2239/2253/2187
f 2244/2258/2192 1805/1819/1774 1804/1818/1773
f 1804/1818/1773 2238/2252/2186 2244/2258/2192
f 2245/2259/2193 2246/2260/2192 2238/2252/2186
f 2238/2252/2186 2247/2261/2194 2245/2259/2193
f 2242/2256/2190 2239/2253/2187 2243/2257/2191
f 2243/2257/2191 2248/2262/2195 2242/2256/2190
f 2249/2263/2196 2237/2251/2185 1898/1912/1867
f 1898/1912/1867 1826/1840/1795 2249/2263/2196
f 2249/2263/2196 1826/1840/1795 1825/1839/1794
f 1825/1839/1794 2250/2264/2197 2249/2263/2196
f 2251/2265/2198 1829/1843/1798 1828/1842/1797
f 1828/1842/1797 2252/2266/2199 2251/2265/2198
f 2240/2254/2188 2252/2266/2199 1828/1842/1797
f 1828/1842/1797 1837/1851/1805 2240/2254/2188
f 2253/2267/2200 2252/2266/2199 2240/2254/2188
f 2240/2254/2188 2241/2255/2189 2253/2267/2200
f 2238/2252/2186 2237/2251/2185 2254/2268/2201
f 2254/2268/2201 2247/2261/2194 2238/2252/2186
f 2255/2269/2202 2256/2270/2203 2257/2271/2204
f 2257/2271/2204 2258/2272/2205 2255/2269/2202
f 2259/2273/2206 2260/2274/2207 2261/2275/2208
f 2261/2275/2208 2262/2276/2209 2259/2273/2206
f 2263/2277/2210 2264/2278/2211 2256/2270/2203
f 2256/2270/2203 2255/2269/2202 2263/2277/2210
f 2262/2276/2209 2261/2275/2208 2265/2279/2212
f 2265/2279/2212 2266/2280/2213 2262/2276/2209
f 2237/2251/2185 2249/2263/2196 2267/2281/2214
f 2267/2281/2214 2254/2268/2201 2237/2251/2185
f 2257/2271/2204 2268/2282/2215 2258/2272/2205
f 2249/2263/2196 2250/2264/2197 2269/2283/2216
f 2269/2283/2216 2267/2281/2214 2249/2263/2196
f 2251/2265/2198 2252/2266/2199 2253/2267/2200
f 2253/2267/2200 2270/2284/2217 2251/2265/2198
f 2271/2285/2218 2260/2274/2207 2259/2273/2206
f 2272/2286/2219 2273/2287/2220 2274/2288/2221
f 2274/2288/2221 2275/2289/2222 2272/2286/2219
f 1814/1828/1783 2273/2287/2220 2272/2286/2219
f 2272/2286/2219 1815/1829/1784 1814/1828/1783
f 2276/2290/2223 2277/2291/2224 2278/2292/2225
f 2278/2292/2225 2279/2293/2226 2276/2290/2223
f 1819/1833/1788 2277/2291/2224 2276/2290/2223
f 2276/2290/2223 1816/1830/1785 1819/1833/1788
f 2276/2290/2223 2279/2293/2226 2280/2294/2227
f 2280/2294/2227 2281/2295/2228 2276/2290/2223
f 2282/2296/2228 2283/2297/2227 2274/2288/2221
f 2274/2288/2221 2273/2287/2220 2282/2296/2228
f 1813/1827/1782 2282/2296/2228 2273/2287/2220
f 2273/2287/2220 1814/1828/1783 1813/1827/1782
f 1816/1830/1785 2276/2290/2223 2281/2295/2228
f 2281/2295/2228 1817/1831/1786 1816/1830/1785
f 2284/2298/2229 2272/2286/2219 2275/2289/2222
f 2275/2289/2222 2285/2299/2230 2284/2298/2229
f 1815/1829/1784 2272/2286/2219 2284/2298/2229
f 2284/2298/2229 1821/1835/1790 1815/1829/1784
f 2284/2298/2229 2285/2299/2230 2286/2300/2231
f 2286/2300/2231 2287/2301/2232 2284/2298/2229
f 2288/2302/2233 2289/2303/2234 2290/2304/2235
f 2290/2304/2235 2291/2305/2236 2288/2302/2233
f 1822/1836/1791 2288/2302/2233 2291/2305/2236
f 2291/2305/2236 1823/1837/1792 1822/1836/1791
f 1821/1835/1790 2284/2298/2229 2287/2301/2232
f 2287/2301/2232 1820/1834/1789 1821/1835/1790
f 2277/2291/2224 2291/2305/2236 2290/2304/2235
f 2290/2304/2235 2278/2292/2225 2277/2291/2224
f 1823/1837/1792 2291/2305/2236 2277/2291/2224
f 2277/2291/2224 1819/1833/1788 1823/1837/1792
f 2048/2062/2005 2074/2088/2029 2044/2058/2001
f 2044/2058/2001 2041/2055/1998 2048/2062/2005
f 2076/2090/2031 2049/2063/2006 2050/2064/2007
f 2050/2064/2007 2058/2072/2015 2076/2090/2031
f 2051/2065/2008 2054/2068/2011 2058/2072/2015
f 2058/2072/2015 2050/2064/2007 2051/2065/2008
f 2054/2068/2011 2051/2065/2008 2052/2066/2009
f 2052/2066/2009 2055/2069/2012 2054/2068/2011
f 2059/2073/2016 2064/2078/2020 2055/2069/2012
f 2055/2069/2012 2052/2066/2009 2059/2073/2016
f 2062/2076/2019 2060/2074/2017 2039/2053/1996
f 2039/2053/1996 2047/2061/2004 2062/2076/2019
f 2047/2061/2004 2039/2053/1996 2040/2054/1997
f 2040/2054/1997 2043/2057/2000 2047/2061/2004
f 2043/2057/2000 2040/2054/1997 2041/2055/1998
f 2041/2055/1998 2044/2058/2001 2043/2057/2000
f 2073/2087/2028 2143/2157/2095 2141/2155/2093
f 2141/2155/2093 2045/2059/2002 2073/2087/2028
f 2146/2160/2098 2075/2089/2030 2057/2071/2014
f 2057/2071/2014 2147/2161/2099 2146/2160/2098
f 2053/2067/2010 2149/2163/2101 2147/2161/2099
f 2147/2161/2099 2057/2071/2014 2053/2067/2010
f 2149/2163/2101 2053/2067/2010 2056/2070/2013
f 2056/2070/2013 2151/2165/2103 2149/2163/2101
f 2063/2077/2018 2153/2167/2105 2151/2165/2103
f 2151/2165/2103 2056/2070/2013 2063/2077/2018
f 2156/2170/2108 2061/2075/2018 2046/2060/2003
f 2046/2060/2003 2138/2152/2090 2156/2170/2108
f 2138/2152/2090 2046/2060/2003 2042/2056/1999
f 2042/2056/1999 2139/2153/2091 2138/2152/2090
f 2139/2153/2091 2042/2056/1999 2045/2059/2002
f 2045/2059/2002 2141/2155/2093 2139/2153/2091
f 2020/2034/1979 2070/2084/2025 2016/2030/1975
f 2016/2030/1975 2013/2027/1972 2020/2034/1979
f 2072/2086/2027 2021/2035/1980 2022/2036/1981
f 2022/2036/1981 2030/2044/1989 2072/2086/2027
f 2023/2037/1982 2026/2040/1985 2030/2044/1989
f 2030/2044/1989 2022/2036/1981 2023/2037/1982
f 2026/2040/1985 2023/2037/1982 2024/2038/1983
f 2024/2038/1983 2027/2041/1986 2026/2040/1985
f 2032/2046/1991 2038/2052/1995 2027/2041/1986
f 2027/2041/1986 2024/2038/1983 2032/2046/1991
f 2036/2050/1993 2033/2047/1991 2011/2025/1970
f 2011/2025/1970 2019/2033/1978 2036/2050/1993
f 2019/2033/1978 2011/2025/1970 2012/2026/1971
f 2012/2026/1971 2015/2029/1974 2019/2033/1978
f 2015/2029/1974 2012/2026/1971 2013/2027/1972
f 2013/2027/1972 2016/2030/1975 2015/2029/1974
f 2069/2083/2024 2123/2137/2078 2121/2135/2076
f 2121/2135/2076 2017/2031/1976 2069/2083/2024
f 2126/2140/2080 2071/2085/2026 2029/2043/1988
f 2029/2043/1988 2127/2141/2081 2126/2140/2080
f 2025/2039/1984 2129/2143/2083 2127/2141/2081
f 2127/2141/2081 2029/2043/1988 2025/2039/1984
f 2129/2143/2083 2025/2039/1984 2028/2042/1987
f 2028/2042/1987 2131/2145/2084 2129/2143/2083
f 2037/2051/1994 2133/2147/2086 2131/2145/2084
f 2131/2145/2084 2028/2042/1987 2037/2051/1994
f 2136/2150/2088 2035/2049/1992 2018/2032/1977
f 2018/2032/1977 2118/2132/2073 2136/2150/2088
f 2118/2132/2073 2018/2032/1977 2014/2028/1973
f 2014/2028/1973 2119/2133/2074 2118/2132/2073
f 2119/2133/2074 2014/2028/1973 2017/2031/1976
f 2017/2031/1976 2121/2135/2076 2119/2133/2074
f 1992/2006/1952 2066/2080/2022 1988/2002/1948
f 1988/2002/1948 1985/1999/1945 1992/2006/1952
f 2068/2082/2023 1993/2007/1952 1994/2008/1953
f 1994/2008/1953 2002/2016/1961 2068/2082/2023
f 1995/2009/1954 1998/2012/1957 2002/2016/1961
f 2002/2016/1961 1994/2008/1953 1995/2009/1954
f 1998/2012/1957 1995/2009/1954 1996/2010/1955
f 1996/2010/1955 1999/2013/1958 1998/2012/1957
f 2004/2018/1963 2010/2024/1969 1999/2013/1958
f 1999/2013/1958 1996/2010/1955 2004/2018/1963
f 2008/2022/1967 2005/2019/1964 1983/1997/1943
f 1983/1997/1943 1991/2005/1951 2008/2022/1967
f 1991/2005/1951 1983/1997/1943 1984/1998/1944
f 1984/1998/1944 1987/2001/1947 1991/2005/1951
f 1987/2001/1947 1984/1998/1944 1985/1999/1945
f 1985/1999/1945 1988/2002/1948 1987/2001/1947
f 2065/2079/2021 2103/2117/2058 2101/2115/2056
f 2101/2115/2056 1989/2003/1949 2065/2079/2021
f 2106/2120/2061 2067/2081/2021 2001/2015/1960
f 2001/2015/1960 2107/2121/2062 2106/2120/2061
f 1997/2011/1956 2109/2123/2064 2107/2121/2062
f 2107/2121/2062 2001/2015/1960 1997/2011/1956
f 2109/2123/2064 1997/2011/1956 2000/2014/1959
f 2000/2014/1959 2111/2125/2066 2109/2123/2064
f 2009/2023/1968 2113/2127/2068 2111/2125/2066
f 2111/2125/2066 2000/2014/1959 2009/2023/1968
f 2116/2130/2071 2007/2021/1966 1990/2004/1950
f 1990/2004/1950 2098/2112/2053 2116/2130/2071
f 2098/2112/2053 1990/2004/1950 1986/2000/1946
f 1986/2000/1946 2099/2113/2054 2098/2112/2053
f 2099/2113/2054 1986/2000/1946 1989/2003/1949
f 1989/2003/1949 2101/2115/2056 2099/2113/2054
f 1960/1974/1922 1968/1982/1929 1956/1970/1918
f 1956/1970/1918 1953/1967/1915 1960/1974/1922
f 1964/1978/1926 1961/1975/1923 1962/1976/1924
f 1962/1976/1924 1965/1979/1927 1964/1978/1926
f 1969/1983/1930 1972/1986/1933 1965/1979/1927
f 1965/1979/1927 1962/1976/1924 1969/1983/1930
f 1972/1986/1933 1969/1983/1930 1970/1984/1931
f 1970/1984/1931 1973/1987/1934 1972/1986/1933
f 1976/1990/1937 1982/1996/1942 1973/1987/1934
f 1973/1987/1934 1970/1984/1931 1976/1990/1937
f 1980/1994/1940 1977/1991/1938 1951/1965/1913
f 1951/1965/1913 1959/1973/1921 1980/1994/1940
f 1959/1973/1921 1951/1965/1913 1952/1966/1914
f 1952/1966/1914 1955/1969/1917 1959/1973/1921
f 1955/1969/1917 1952/1966/1914 1953/1967/1915
f 1953/1967/1915 1956/1970/1918 1955/1969/1917
f 1967/1981/1925 2083/2097/2038 2081/2095/2036
f 2081/2095/2036 1957/1971/1919 1967/1981/1925
f 2086/2100/2041 1963/1977/1925 1966/1980/1928
f 1966/1980/1928 2087/2101/2042 2086/2100/2041
f 1971/1985/1932 2089/2103/2044 2087/2101/2042
f 2087/2101/2042 1966/1980/1928 1971/1985/1932
f 2089/2103/2044 1971/1985/1932 1974/1988/1935
f 1974/1988/1935 2091/2105/2046 2089/2103/2044
f 1981/1995/1941 2093/2107/2048 2091/2105/2046
f 2091/2105/2046 1974/1988/1935 1981/1995/1941
f 2096/2110/2051 1979/1993/1939 1958/1972/1920
f 1958/1972/1920 2078/2092/2033 2096/2110/2051
f 2078/2092/2033 1958/1972/1920 1954/1968/1916
f 1954/1968/1916 2079/2093/2034 2078/2092/2033
f 2079/2093/2034 1954/1968/1916 1957/1971/1919
f 1957/1971/1919 2081/2095/2036 2079/2093/2034
f 2218/2232/2166 2137/2151/2089 2140/2154/2092
f 2140/2154/2092 2219/2233/2167 2218/2232/2166
f 2236/2250/2184 2155/2169/2107 2137/2151/2089
f 2137/2151/2089 2218/2232/2166 2236/2250/2184
f 2233/2247/2181 2231/2245/2179 2152/2166/2104
f 2152/2166/2104 2154/2168/2106 2233/2247/2181
f 2229/2243/2177 2150/2164/2102 2152/2166/2104
f 2152/2166/2104 2231/2245/2179 2229/2243/2177
f 2229/2243/2177 2227/2241/2175 2148/2162/2100
f 2148/2162/2100 2150/2164/2102 2229/2243/2177
f 2226/2240/2174 2145/2159/2097 2148/2162/2100
f 2148/2162/2100 2227/2241/2175 2226/2240/2174
f 2223/2237/2171 2221/2235/2169 2142/2156/2094
f 2142/2156/2094 2144/2158/2096 2223/2237/2171
f 2219/2233/2167 2140/2154/2092 2142/2156/2094
f 2142/2156/2094 2221/2235/2169 2219/2233/2167
f 2198/2212/2147 2117/2131/2072 2120/2134/2075
f 2120/2134/2075 2199/2213/2148 2198/2212/2147
f 2216/2230/2162 2135/2149/2087 2117/2131/2072
f 2117/2131/2072 2198/2212/2147 2216/2230/2162
f 2213/2227/2162 2211/2225/2160 2132/2146/2085
f 2132/2146/2085 2134/2148/2087 2213/2227/2162
f 2209/2223/2158 2130/2144/2083 2132/2146/2085
f 2132/2146/2085 2211/2225/2160 2209/2223/2158
f 2209/2223/2158 2207/2221/2156 2128/2142/2082
f 2128/2142/2082 2130/2144/2083 2209/2223/2158
f 2206/2220/2155 2125/2139/2079 2128/2142/2082
f 2128/2142/2082 2207/2221/2156 2206/2220/2155
f 2203/2217/2152 2201/2215/2150 2122/2136/2077
f 2122/2136/2077 2124/2138/2079 2203/2217/2152
f 2199/2213/2148 2120/2134/2075 2122/2136/2077
f 2122/2136/2077 2201/2215/2150 2199/2213/2148
f 2178/2192/2129 2097/2111/2052 2100/2114/2055
f 2100/2114/2055 2179/2193/2130 2178/2192/2129
f 2196/2210/2145 2115/2129/2070 2097/2111/2052
f 2097/2111/2052 2178/2192/2129 2196/2210/2145
f 2193/2207/2143 2191/2205/2141 2112/2126/2067
f 2112/2126/2067 2114/2128/2069 2193/2207/2143
f 2189/2203/2139 2110/2124/2065 2112/2126/2067
f 2112/2126/2067 2191/2205/2141 2189/2203/2139
f 2189/2203/2139 2187/2201/2137 2108/2122/2063
f 2108/2122/2063 2110/2124/2065 2189/2203/2139
f 2186/2200/2136 2105/2119/2060 2108/2122/2063
f 2108/2122/2063 2187/2201/2137 2186/2200/2136
f 2183/2197/2134 2181/2195/2132 2102/2116/2057
f 2102/2116/2057 2104/2118/2059 2183/2197/2134
f 2179/2193/2130 2100/2114/2055 2102/2116/2057
f 2102/2116/2057 2181/2195/2132 2179/2193/2130
f 2158/2172/2110 2077/2091/2032 2080/2094/2035
f 2080/2094/2035 2159/2173/2111 2158/2172/2110
f 2176/2190/2127 2095/2109/2050 2077/2091/2032
f 2077/2091/2032 2158/2172/2110 2176/2190/2127
f 2173/2187/2125 2171/2185/2123 2092/2106/2047
f 2092/2106/2047 2094/2108/2049 2173/2187/2125
f 2169/2183/2121 2090/2104/2045 2092/2106/2047
f 2092/2106/2047 2171/2185/2123 2169/2183/2121
f 2169/2183/2121 2167/2181/2119 2088/2102/2043
f 2088/2102/2043 2090/2104/2045 2169/2183/2121
f 2166/2180/2118 2085/2099/2040 2088/2102/2043
f 2088/2102/2043 2167/2181/2119 2166/2180/2118
f 2163/2177/2115 2161/2175/2113 2082/2096/2037
f 2082/2096/2037 2084/2098/2039 2163/2177/2115
f 2159/2173/2111 2080/2094/2035 2082/2096/2037
f 2082/2096/2037 2161/2175/2113 2159/2173/2111
f 2256/2270/2203 2247/2261/2194 2254/2268/2201
f 2254/2268/2201 2257/2271/2204 2256/2270/2203
f 2257/2271/2204 2254/2268/2201 2267/2281/2214
f 2267/2281/2214 2268/2282/2215 2257/2271/2204
f 2268/2282/2215 2267/2281/2214 2269/2283/2216
f 2269/2283/2216 2292/2306/2237 2268/2282/2215
f 2293/2307/2237 2270/2284/2217 2253/2267/2200
f 2253/2267/2200 2271/2285/2218 2293/2307/2237
f 2271/2285/2218 2253/2267/2200 2241/2255/2189
f 2241/2255/2189 2260/2274/2207 2271/2285/2218
f 2260/2274/2207 2241/2255/2189 2242/2256/2190
f 2242/2256/2190 2261/2275/2208 2260/2274/2207
f 2261/2275/2208 2242/2256/2190 2248/2262/2195
f 2248/2262/2195 2265/2279/2212 2261/2275/2208
f 2264/2278/2211 2245/2259/2193 2247/2261/2194
f 2247/2261/2194 2256/2270/2203 2264/2278/2211
f 2258/2272/2205 2275/2289/2222 2274/2288/2221
f 2274/2288/2221 2255/2269/2202 2258/2272/2205
f 2268/2282/2215 2285/2299/2230 2275/2289/2222
f 2275/2289/2222 2258/2272/2205 2268/2282/2215
f 2285/2299/2230 2268/2282/2215 2292/2306/2237
f 2292/2306/2237 2286/2300/2231 2285/2299/2230
f 2289/2303/2234 2293/2307/2237 2271/2285/2218
f 2271/2285/2218 2290/2304/2235 2289/2303/2234
f 2259/2273/2206 2278/2292/2225 2290/2304/2235
f 2290/2304/2235 2271/2285/2218 2259/2273/2206
f 2262/2276/2209 2279/2293/2226 2278/2292/2225
f 2278/2292/2225 2259/2273/2206 2262/2276/2209
f 2279/2293/2226 2262/2276/2209 2266/2280/2213
f 2266/2280/2213 2280/2294/2227 2279/2293/2226
f 2283/2297/2227 2263/2277/2210 2255/2269/2202
f 2255/2269/2202 2274/2288/2221 2283/2297/2227
f 1842/1856/1810 1847/1861/1815 1841/1855/1809
f 1842/1856/1810 1841/1855/1809 1838/1852/1806
f 1846/1860/1814 1845/1859/1813 1841/1855/1809
f 1846/1860/1814 1858/1872/1826 1845/1859/1813
f 1838/1852/1806 1831/1845/1799 1843/1857/1811
f 1857/1871/1825 1855/1869/1823 1845/1859/1813
f 1857/1871/1825 1859/1873/1827 1855/1869/1823
f 1855/1869/1823 1860/1874/1828 1856/1870/1824
f 1885/1899/1853 1879/1893/1847 1889/1903/1857
f 1888/1902/1856 1887/1901/1855 1885/1899/1853
f 1888/1902/1856 1894/1908/1862 1887/1901/1855
f 1893/1907/1861 1892/1906/1860 1887/1901/1855
f 1893/1907/1861 1901/1915/1870 1892/1906/1860
f 1900/1914/1869 1899/1913/1868 1892/1906/1860
f 1900/1914/1869 1902/1916/1871 1899/1913/1868
f 1899/1913/1868 1827/1841/1796 1826/1840/1795
f 2294/2308/2238 2295/2309/2239 2296/1555/1512
f 2296/1555/1512 2297/1550/1508 2294/2308/2238
f 2298/1521/1486 2299/1520/1485 2295/2309/2239
f 2295/2309/2239 2294/2308/2238 2298/1521/1486
f 2300/2310/2240 2299/1520/1485 2301/163/149
f 2301/163/149 2302/2311/2241 2300/2310/2240
f 2302/2311/2241 2301/163/149 2303/1515/1482
f 2303/1515/1482 2304/2312/2242 2302/2311/2241
f 2304/2312/2242 2303/1515/1482 2305/1543/1503
f 2305/1543/1503 2306/2313/2243 2304/2312/2242
f 2307/2314/2244 2308/1528/1490 2309/1535/1496
f 2309/1535/1496 2310/2315/2245 2307/2314/2244
f 2310/2315/2245 2309/1535/1496 2311/1548/1506
f 2311/1548/1506 2312/2316/2246 2310/2315/2245
f 2312/2316/2246 2311/1548/1506 2296/1555/1512
f 2296/1555/1512 2313/2317/2247 2312/2316/2246
f 2313/2317/2247 2296/1555/1512 2295/2309/2239
f 2295/2309/2239 2314/2318/2248 2313/2317/2247
f 2314/2318/2248 2295/2309/2239 2299/1520/1485
f 2299/1520/1485 2300/2310/2240 2314/2318/2248
f 2315/2319/2249 2300/2310/2240 2302/2311/2241
f 2302/2311/2241 2316/2320/2250 2315/2319/2249
f 2316/2320/2250 2302/2311/2241 2304/2312/2242
f 2304/2312/2242 2317/2321/2251 2316/2320/2250
f 2317/2321/2251 2304/2312/2242 2306/2313/2243
f 2306/2313/2243 2318/2322/2252 2317/2321/2251
f 2319/2323/2252 2307/2314/2244 2310/2315/2245
f 2310/2315/2245 2320/2324/2253 2319/2323/2252
f 2320/2324/2253 2310/2315/2245 2312/2316/2246
f 2312/2316/2246 2321/2325/2254 2320/2324/2253
f 2321/2325/2254 2312/2316/2246 2313/2317/2247
f 2313/2317/2247 2322/2326/2255 2321/2325/2254
f 2322/2326/2255 2313/2317/2247 2314/2318/2248
f 2314/2318/2248 2323/2327/2256 2322/2326/2255
f 2323/2327/2256 2314/2318/2248 2300/2310/2240
f 2300/2310/2240 2315/2319/2249 2323/2327/2256
f 2324/2328/2257 2325/2329/2258 2326/2330/2259
f 2326/2330/2259 2327/2331/2260 2324/2328/2257
f 2327/2331/2260 2326/2330/2259 2328/2332/2261
f 2328/2332/2261 2329/2333/2262 2327/2331/2260
f 2329/2333/2262 2328/2332/2261 2330/2334/2263
f 2330/2334/2263 2331/2335/2264 2329/2333/2262
f 2332/2336/2265 2333/2337/2263 2334/2338/2266
f 2334/2338/2266 2335/2339/2267 2332/2336/2265
f 2335/2339/2267 2334/2338/2266 2336/2340/2268
f 2336/2340/2268 2337/2341/2269 2335/2339/2267
f 2337/2341/2269 2336/2340/2268 2338/2342/2270
f 2338/2342/2270 2339/2343/2271 2337/2341/2269
f 2339/2343/2271 2338/2342/2270 2340/2344/2272
f 2340/2344/2272 2341/2345/2273 2339/2343/2271
f 2341/2345/2273 2340/2344/2272 2325/2329/2258
f 2325/2329/2258 2324/2328/2257 2341/2345/2273
f 2342/2346/2274 2343/2347/2275 2344/2348/2276
f 2344/2348/2276 2345/2349/2277 2342/2346/2274
f 2345/2349/2277 2344/2348/2276 2346/2350/2278
f 2346/2350/2278 2347/2351/2279 2345/2349/2277
f 2347/2351/2279 2346/2350/2278 2348/2352/2280
f 2348/2352/2280 2349/2353/2281 2347/2351/2279
f 2350/2354/2282 2351/2355/2280 2352/2356/2283
f 2352/2356/2283 2353/2357/2284 2350/2354/2282
f 2353/2357/2284 2352/2356/2283 2354/2358/2285
f 2354/2358/2285 2355/2359/2286 2353/2357/2284
f 2355/2359/2286 2354/2358/2285 2356/2360/2287
f 2356/2360/2287 2357/2361/2288 2355/2359/2286
f 2357/2361/2288 2356/2360/2287 2358/2362/2289
f 2358/2362/2289 2359/2363/2290 2357/2361/2288
f 2359/2363/2290 2358/2362/2289 2343/2347/2275
f 2343/2347/2275 2342/2346/2274 2359/2363/2290
f 2360/2364/2291 2342/2346/2274 2345/2349/2277
f 2345/2349/2277 2361/2365/2292 2360/2364/2291
f 2361/2365/2292 2345/2349/2277 2347/2351/2279
f 2347/2351/2279 2362/2366/2293 2361/2365/2292
f 2362/2366/2293 2347/2351/2279 2349/2353/2281
f 2349/2353/2281 2363/2367/2294 2362/2366/2293
f 2364/2368/2295 2350/2354/2282 2353/2357/2284
f 2353/2357/2284 2365/2369/2296 2364/2368/2295
f 2365/2369/2296 2353/2357/2284 2355/2359/2286
f 2355/2359/2286 2366/2370/2297 2365/2369/2296
f 2366/2370/2297 2355/2359/2286 2357/2361/2288
f 2357/2361/2288 2367/2371/2298 2366/2370/2297
f 2367/2371/2298 2357/2361/2288 2359/2363/2290
f 2359/2363/2290 2368/2372/2299 2367/2371/2298
f 2368/2372/2299 2359/2363/2290 2342/2346/2274
f 2342/2346/2274 2360/2364/2291 2368/2372/2299
f 2369/2373/2300 2360/2364/2291 2361/2365/2292
f 2361/2365/2292 2370/2374/2301 2369/2373/2300
f 2370/2374/2301 2361/2365/2292 2362/2366/2293
f 2362/2366/2293 2371/2375/2302 2370/2374/2301
f 2371/2375/2302 2362/2366/2293 2363/2367/2294
f 2363/2367/2294 2372/2376/2303 2371/2375/2302
f 2373/2377/2304 2364/2368/2295 2365/2369/2296
f 2365/2369/2296 2374/2378/2305 2373/2377/2304
f 2374/2378/2305 2365/2369/2296 2366/2370/2297
f 2366/2370/2297 2375/2379/2306 2374/2378/2305
f 2375/2379/2306 2366/2370/2297 2367/2371/2298
f 2367/2371/2298 2376/2380/2307 2375/2379/2306
f 2376/2380/2307 2367/2371/2298 2368/2372/2299
f 2368/2372/2299 2377/2381/2308 2376/2380/2307
f 2377/2381/2308 2368/2372/2299 2360/2364/2291
f 2360/2364/2291 2369/2373/2300 2377/2381/2308
f 2378/2382/2309 2369/2373/2300 2370/2374/2301
f 2370/2374/2301 2379/2383/2310 2378/2382/2309
f 2379/2383/2310 2370/2374/2301 2371/2375/2302
f 2371/2375/2302 2380/2384/2311 2379/2383/2310
f 2380/2384/2311 2371/2375/2302 2372/2376/2303
f 2372/2376/2303 2381/2385/2312 2380/2384/2311
f 2382/2386/2313 2373/2377/2304 2374/2378/2305
f 2374/2378/2305 2383/2387/2314 2382/2386/2313
f 2383/2387/2314 2374/2378/2305 2375/2379/2306
f 2375/2379/2306 2384/2388/2315 2383/2387/2314
f 2384/2388/2315 2375/2379/2306 2376/2380/2307
f 2376/2380/2307 2385/2389/2316 2384/2388/2315
f 2385/2389/2316 2376/2380/2307 2377/2381/2308
f 2377/2381/2308 2386/2390/2317 2385/2389/2316
f 2386/2390/2317 2377/2381/2308 2369/2373/2300
f 2369/2373/2300 2378/2382/2309 2386/2390/2317
f 2387/2391/2318 2388/2392/2319 2389/2393/2320
f 2389/2393/2320 2390/2394/2321 2387/2391/2318
f 2387/2391/2318 2390/2394/2321 2391/2395/2322
f 2391/2395/2322 2392/2396/2323 2387/2391/2318
f 2392/2396/2323 2391/2395/2322 2393/2397/2324
f 2393/2397/2324 2394/2398/2325 2392/2396/2323
f 2395/2399/2325 2396/2400/2324 2397/2401/2326
f 2397/2401/2326 2398/2402/2327 2395/2399/2325
f 2399/2403/2328 2400/2404/2329 2401/2405/2330
f 2401/2405/2330 2402/2406/2331 2399/2403/2328
f 2403/2407/2332 2404/2408/2333 2405/2409/2334
f 2405/2409/2334 2406/2410/2335 2403/2407/2332
f 2403/2407/2332 2406/2410/2335 2407/2411/2336
f 2407/2411/2336 2408/2412/2337 2403/2407/2332
f 2409/2413/2338 2410/2414/2339 2411/2415/2340
f 2411/2415/2340 2412/2416/2341 2409/2413/2338
f 2413/2417/2342 2414/2418/2343 2388/2392/2319
f 2388/2392/2319 2387/2391/2318 2413/2417/2342
f 2413/2417/2342 2387/2391/2318 2392/2396/2323
f 2392/2396/2323 2415/2419/2344 2413/2417/2342
f 2415/2419/2344 2392/2396/2323 2394/2398/2325
f 2394/2398/2325 2416/2420/2345 2415/2419/2344
f 2417/2421/2346 2395/2399/2325 2398/2402/2327
f 2398/2402/2327 2418/2422/2347 2417/2421/2346
f 2419/2423/2348 2420/2424/2349 2400/2404/2329
f 2400/2404/2329 2399/2403/2328 2419/2423/2348
f 2421/2425/2350 2422/2426/2351 2404/2408/2333
f 2404/2408/2333 2403/2407/2332 2421/2425/2350
f 2421/2425/2350 2403/2407/2332 2408/2412/2337
f 2408/2412/2337 2423/2427/2352 2421/2425/2350
f 2424/2428/2353 2409/2413/2338 2412/2416/2341
f 2412/2416/2341 2425/2429/2354 2424/2428/2353
f 2426/2430/2355 2427/2431/2356 2414/2418/2343
f 2414/2418/2343 2413/2417/2342 2426/2430/2355
f 2426/2430/2355 2413/2417/2342 2415/2419/2344
f 2415/2419/2344 2428/2432/2357 2426/2430/2355
f 2428/2432/2357 2415/2419/2344 2416/2420/2345
f 2416/2420/2345 2429/2433/2358 2428/2432/2357
f 2430/2434/2359 2417/2421/2346 2418/2422/2347
f 2418/2422/2347 2431/2435/2360 2430/2434/2359
f 2432/2436/2361 2433/2437/2362 2420/2424/2349
f 2420/2424/2349 2419/2423/2348 2432/2436/2361
f 2434/2438/2363 2435/2439/2364 2422/2426/2351
f 2422/2426/2351 2421/2425/2350 2434/2438/2363
f 2434/2438/2363 2421/2425/2350 2423/2427/2352
f 2423/2427/2352 2436/2440/2365 2434/2438/2363
f 2437/2441/2366 2424/2428/2353 2425/2429/2354
f 2425/2429/2354 2438/2442/2367 2437/2441/2366
f 2439/2443/2368 2440/2444/2369 2441/2445/2370
f 2441/2445/2370 2442/2446/2371 2439/2443/2368
f 2439/2443/2368 2442/2446/2371 2443/2447/2372
f 2443/2447/2372 2444/2448/2373 2439/2443/2368
f 2444/2448/2373 2443/2447/2372 2445/2449/2374
f 2445/2449/2374 2446/2450/2375 2444/2448/2373
f 2447/2451/2376 2448/2452/2377 2449/2453/2378
f 2449/2453/2378 2450/2454/2379 2447/2451/2376
f 2451/2455/2380 2452/2456/2381 2453/2457/2382
f 2453/2457/2382 2454/2458/2383 2451/2455/2380
f 2455/2459/2384 2456/2460/2385 2457/2461/2386
f 2457/2461/2386 2458/2462/2387 2455/2459/2384
f 2455/2459/2384 2458/2462/2387 2459/2463/2388
f 2459/2463/2388 2460/2464/2389 2455/2459/2384
f 2461/2465/2390 2462/2466/2391 2463/2467/2392
f 2463/2467/2392 2464/2468/2393 2461/2465/2390
f 2465/2469/2394 2466/2470/2395 2467/2471/2396
f 2467/2471/2396 2468/2472/2397 2465/2469/2394
f 2465/2469/2394 2468/2472/2397 2469/2473/2398
f 2469/2473/2398 2470/2474/2399 2465/2469/2394
f 2470/2474/2399 2469/2473/2398 2471/2475/2400
f 2471/2475/2400 2472/2476/2401 2470/2474/2399
f 2473/2477/2402 2474/2478/2403 2475/2479/2404
f 2475/2479/2404 2476/2480/2405 2473/2477/2402
f 2477/2481/2406 2478/2482/2407 2479/2483/2408
f 2479/2483/2408 2480/2484/2409 2477/2481/2406
f 2481/2485/2410 2482/2486/2411 2483/2487/2412
f 2483/2487/2412 2484/2488/2413 2481/2485/2410
f 2481/2485/2410 2484/2488/2413 2485/2489/2414
f 2485/2489/2414 2486/2490/2415 2481/2485/2410
f 2487/2491/2415 2488/2492/2416 2489/2493/2417
f 2489/2493/2417 2490/2494/2418 2487/2491/2415
f 2491/2495/2419 2492/2496/2420 2466/2470/2395
f 2466/2470/2395 2465/2469/2394 2491/2495/2419
f 2491/2495/2419 2465/2469/2394 2470/2474/2399
f 2470/2474/2399 2493/2497/2421 2491/2495/2419
f 2493/2497/2421 2470/2474/2399 2472/2476/2401
f 2472/2476/2401 2494/2498/2422 2493/2497/2421
f 2495/2499/2422 2473/2477/2402 2476/2480/2405
f 2476/2480/2405 2496/2500/2423 2495/2499/2422
f 2497/2501/2424 2498/2502/2425 2478/2482/2407
f 2478/2482/2407 2477/2481/2406 2497/2501/2424
f 2499/2503/2426 2500/2504/2427 2482/2486/2411
f 2482/2486/2411 2481/2485/2410 2499/2503/2426
f 2499/2503/2426 2481/2485/2410 2486/2490/2415
f 2486/2490/2415 2501/2505/2428 2499/2503/2426
f 2502/2506/2429 2487/2491/2415 2490/2494/2418
f 2490/2494/2418 2503/2507/2430 2502/2506/2429
f 2504/2508/2431 2505/2509/2432 2492/2496/2420
f 2492/2496/2420 2491/2495/2419 2504/2508/2431
f 2504/2508/2431 2491/2495/2419 2493/2497/2421
f 2493/2497/2421 2506/2510/2433 2504/2508/2431
f 2506/2510/2433 2493/2497/2421 2494/2498/2422
f 2494/2498/2422 2507/2511/2434 2506/2510/2433
f 2508/2512/2435 2495/2499/2422 2496/2500/2423
f 2496/2500/2423 2509/2513/2436 2508/2512/2435
f 2510/2514/2437 2511/2515/2438 2498/2502/2425
f 2498/2502/2425 2497/2501/2424 2510/2514/2437
f 2512/2516/2439 2513/2517/2440 2500/2504/2427
f 2500/2504/2427 2499/2503/2426 2512/2516/2439
f 2512/2516/2439 2499/2503/2426 2501/2505/2428
f 2501/2505/2428 2514/2518/2441 2512/2516/2439
f 2515/2519/2442 2502/2506/2429 2503/2507/2430
f 2503/2507/2430 2516/2520/2443 2515/2519/2442
f 2517/2521/2444 2518/2522/2445 2519/2523/2446
f 2519/2523/2446 2520/2524/2447 2517/2521/2444
f 2517/2521/2444 2520/2524/2447 2521/2525/2448
f 2521/2525/2448 2522/2526/2449 2517/2521/2444
f 2522/2526/2449 2521/2525/2448 2523/2527/2450
f 2523/2527/2450 2524/2528/2451 2522/2526/2449
f 2525/2529/2451 2526/2530/2452 2527/2531/2453
f 2527/2531/2453 2528/2532/2454 2525/2529/2451
f 2529/2533/2455 2530/2534/2456 2531/2535/2457
f 2531/2535/2457 2532/2536/2458 2529/2533/2455
f 2533/2537/2459 2534/2538/2460 2535/2539/2461
f 2535/2539/2461 2536/2540/2462 2533/2537/2459
f 2537/2541/2463 2538/2542/2464 2539/2543/2465
f 2539/2543/2465 2540/2544/2466 2537/2541/2463
f 2468/2472/2397 2467/2471/2396 2440/2444/2369
f 2440/2444/2369 2439/2443/2368 2468/2472/2397
f 2468/2472/2397 2439/2443/2368 2444/2448/2373
f 2444/2448/2373 2469/2473/2398 2468/2472/2397
f 2469/2473/2398 2444/2448/2373 2446/2450/2375
f 2446/2450/2375 2471/2475/2400 2469/2473/2398
f 2474/2478/2403 2447/2451/2376 2450/2454/2379
f 2450/2454/2379 2475/2479/2404 2474/2478/2403
f 2480/2484/2409 2479/2483/2408 2452/2456/2381
f 2452/2456/2381 2451/2455/2380 2480/2484/2409
f 2484/2488/2413 2483/2487/2412 2456/2460/2385
f 2456/2460/2385 2455/2459/2384 2484/2488/2413
f 2484/2488/2413 2455/2459/2384 2460/2464/2389
f 2460/2464/2389 2485/2489/2414 2484/2488/2413
f 2488/2492/2416 2461/2465/2390 2464/2468/2393
f 2464/2468/2393 2489/2493/2417 2488/2492/2416
f 2442/2446/2371 2441/2445/2370 2541/2545/2467
f 2541/2545/2467 2542/2546/2468 2442/2446/2371
f 2442/2446/2371 2542/2546/2468 2543/2547/2469
f 2543/2547/2469 2443/2447/2372 2442/2446/2371
f 2443/2447/2372 2543/2547/2469 2544/2548/2470
f 2544/2548/2470 2445/2449/2374 2443/2447/2372
f 2448/2452/2377 2545/2549/2471 2546/2550/2472
f 2546/2550/2472 2449/2453/2378 2448/2452/2377
f 2454/2458/2383 2453/2457/2382 2547/2551/2473
f 2547/2551/2473 2548/2552/2474 2454/2458/2383
f 2458/2462/2387 2457/2461/2386 2549/2553/2475
f 2549/2553/2475 2550/2554/2476 2458/2462/2387
f 2458/2462/2387 2550/2554/2476 2551/2555/2477
f 2551/2555/2477 2459/2463/2388 2458/2462/2387
f 2462/2466/2391 2552/2556/2478 2553/2557/2479
f 2553/2557/2479 2463/2467/2392 2462/2466/2391
f 2520/2524/2447 2519/2523/2446 2505/2509/2432
f 2505/2509/2432 2504/2508/2431 2520/2524/2447
f 2520/2524/2447 2504/2508/2431 2506/2510/2433
f 2506/2510/2433 2521/2525/2448 2520/2524/2447
f 2521/2525/2448 2506/2510/2433 2507/2511/2434
f 2507/2511/2434 2523/2527/2450 2521/2525/2448
f 2526/2530/2452 2508/2512/2435 2509/2513/2436
f 2509/2513/2436 2527/2531/2453 2526/2530/2452
f 2532/2536/2458 2531/2535/2457 2511/2515/2438
f 2511/2515/2438 2510/2514/2437 2532/2536/2458
f 2536/2540/2462 2535/2539/2461 2513/2517/2440
f 2513/2517/2440 2512/2516/2439 2536/2540/2462
f 2538/2542/2464 2515/2519/2442 2516/2520/2443
f 2516/2520/2443 2539/2543/2465 2538/2542/2464
f 2554/2558/2480 2555/2559/2481 2556/2560/2482
f 2556/2560/2482 2557/2561/2483 2554/2558/2480
f 2554/2558/2480 2557/2561/2483 1146/1149/1100
f 1146/1149/1100 1147/1150/1101 2554/2558/2480
f 2558/2562/2484 2559/2563/2485 2560/2564/2486
f 2560/2564/2486 2561/2565/2487 2558/2562/2484
f 2558/2562/2484 2561/2565/2487 2562/2566/2488
f 2562/2566/2488 2563/2567/2489 2558/2562/2484
f 2564/2568/2489 2565/2569/2490 2566/2570/2491
f 2566/2570/2491 2567/2571/2492 2564/2568/2489
f 2568/2572/2493 2569/2573/2494 2555/2559/2481
f 2555/2559/2481 2554/2558/2480 2568/2572/2493
f 2568/2572/2493 2554/2558/2480 1147/1150/1101
f 1147/1150/1101 1160/1163/1113 2568/2572/2493
f 2570/2574/2495 2571/2575/2496 2559/2563/2485
f 2559/2563/2485 2558/2562/2484 2570/2574/2495
f 2570/2574/2495 2558/2562/2484 2563/2567/2489
f 2563/2567/2489 2572/2576/2497 2570/2574/2495
f 2573/2577/2498 2564/2568/2489 2567/2571/2492
f 2567/2571/2492 2574/2578/2499 2573/2577/2498
f 2575/2579/2500 2576/2580/2501 2569/2573/2494
f 2569/2573/2494 2568/2572/2493 2575/2579/2500
f 2575/2579/2500 2568/2572/2493 1160/1163/1113
f 1160/1163/1113 1168/1171/1121 2575/2579/2500
f 2577/2581/2502 2578/2582/2503 2571/2575/2496
f 2571/2575/2496 2570/2574/2495 2577/2581/2502
f 2577/2581/2502 2570/2574/2495 2572/2576/2497
f 2572/2576/2497 2579/2583/2504 2577/2581/2502
f 2580/2584/2505 2573/2577/2498 2574/2578/2499
f 2574/2578/2499 2581/2585/2506 2580/2584/2505
f 2582/2586/2507 2583/2587/2508 2576/2580/2501
f 2576/2580/2501 2575/2579/2500 2582/2586/2507
f 2582/2586/2507 2575/2579/2500 1168/1171/1121
f 1168/1171/1121 1176/1179/1129 2582/2586/2507
f 2584/2588/2509 2585/2589/2510 2578/2582/2503
f 2578/2582/2503 2577/2581/2502 2584/2588/2509
f 2584/2588/2509 2577/2581/2502 2579/2583/2504
f 2579/2583/2504 2586/2590/2511 2584/2588/2509
f 2587/2591/2512 2580/2584/2505 2581/2585/2506
f 2581/2585/2506 2588/2592/2513 2587/2591/2512
f 2589/2593/2514 2590/2594/2515 2583/2587/2508
f 2583/2587/2508 2582/2586/2507 2589/2593/2514
f 2589/2593/2514 2582/2586/2507 1176/1179/1129
f 2589/2593/2514 1176/1179/1129 1185/1188/1138
f 1185/1188/1138 1184/1187/1137 2589/2593/2514
f 2591/2595/2516 2592/2596/2517 2585/2589/2510
f 2585/2589/2510 2584/2588/2509 2591/2595/2516
f 2591/2595/2516 2584/2588/2509 2586/2590/2511
f 2586/2590/2511 2593/2597/2518 2591/2595/2516
f 2594/2598/2519 2587/2591/2512 2588/2592/2513
f 2588/2592/2513 2595/2599/2520 2594/2598/2519
f 2596/2600/2521 2597/2601/2522 2590/2594/2515
f 2590/2594/2515 2589/2593/2514 2596/2600/2521
f 2596/2600/2521 2589/2593/2514 1184/1187/1137
f 1184/1187/1137 1193/1196/1146 2596/2600/2521
f 2598/2602/2523 2599/2603/2524 2592/2596/2517
f 2592/2596/2517 2591/2595/2516 2598/2602/2523
f 2598/2602/2523 2591/2595/2516 2593/2597/2518
f 2593/2597/2518 2600/2604/2525 2598/2602/2523
f 2601/2605/2526 2594/2598/2519 2595/2599/2520
f 2595/2599/2520 2602/2606/2527 2601/2605/2526
f 2603/2607/2528 2604/2608/2529 2597/2601/2522
f 2597/2601/2522 2596/2600/2521 2603/2607/2528
f 2603/2607/2528 2596/2600/2521 1193/1196/1146
f 1193/1196/1146 1201/1204/1154 2603/2607/2528
f 2605/2609/2530 2606/2610/2531 2599/2603/2524
f 2599/2603/2524 2598/2602/2523 2605/2609/2530
f 2607/2611/2532 2608/2612/2533 2609/2613/2534
f 2609/2613/2534 2610/2614/2535 2607/2611/2532
f 2611/2615/2536 2612/2616/2534 2613/2617/2537
f 2613/2617/2537 2614/2618/2538 2611/2615/2536
f 2615/2619/2539 2616/2620/2540 2617/2621/2541
f 2617/2621/2541 2618/2622/2542 2615/2619/2539
f 2615/2619/2539 2618/2622/2542 1216/1219/1168
f 1216/1219/1168 1217/1220/1169 2615/2619/2539
f 2619/2623/2543 2620/2624/2544 2621/2625/2545
f 2621/2625/2545 2622/2626/2546 2619/2623/2543
f 2623/2627/2547 2624/2628/2548 2616/2620/2540
f 2616/2620/2540 2615/2619/2539 2623/2627/2547
f 2623/2627/2547 2615/2619/2539 1217/1220/1169
f 1217/1220/1169 1224/1227/1176 2623/2627/2547
f 2625/2629/2549 2626/2630/2550 2620/2624/2544
f 2620/2624/2544 2619/2623/2543 2625/2629/2549
f 2625/2629/2549 2619/2623/2543 2627/2631/2551
f 2627/2631/2551 2628/2632/2552 2625/2629/2549
f 2629/2633/2552 2630/2634/2551 2631/2635/2553
f 2631/2635/2553 2632/2636/2554 2629/2633/2552
f 2633/2637/2555 2634/2638/2556 2624/2628/2548
f 2624/2628/2548 2623/2627/2547 2633/2637/2555
f 2633/2637/2555 2623/2627/2547 1224/1227/1176
f 1224/1227/1176 1235/1238/1185 2633/2637/2555
f 2635/2639/2557 2636/2640/2558 2626/2630/2550
f 2626/2630/2550 2625/2629/2549 2635/2639/2557
f 2635/2639/2557 2625/2629/2549 2628/2632/2552
f 2628/2632/2552 2637/2641/2559 2635/2639/2557
f 2638/2642/2560 2629/2633/2552 2632/2636/2554
f 2632/2636/2554 2639/2643/2561 2638/2642/2560
f 2640/2644/2562 2641/2645/2482 2642/2646/2563
f 2642/2646/2563 2643/2647/2564 2640/2644/2562
f 2640/2644/2562 2643/2647/2564 2644/2648/1194
f 2644/2648/1194 2645/2649/1100 2640/2644/2562
f 2646/2650/2565 2647/2651/2566 2648/2652/2567
f 2648/2652/2567 2649/2653/2568 2646/2650/2565
f 2650/2654/2569 2651/2655/2570 2652/2656/2571
f 2652/2656/2571 2653/2657/2572 2650/2654/2569
f 2654/2658/2490 2655/2659/2573 2656/2660/2574
f 2656/2660/2574 2657/2661/2491 2654/2658/2490
f 2622/2626/2546 2621/2625/2545 2658/2662/2575
f 2658/2662/2575 2607/2611/2532 2622/2626/2546
f 2618/2622/2542 2617/2621/2541 2659/2663/2576
f 2659/2663/2576 2660/2664/2577 2618/2622/2542
f 2618/2622/2542 2660/2664/2577 1262/1265/1207
f 1262/1265/1207 1216/1219/1168 2618/2622/2542
f 2630/2634/2551 2661/2665/2578 2662/2666/2579
f 2662/2666/2579 2631/2635/2553 2630/2634/2551
f 2619/2623/2543 2663/2667/2580 2664/2668/2578
f 2664/2668/2578 2627/2631/2551 2619/2623/2543
f 2622/2626/2546 2665/2669/2581 2663/2667/2580
f 2663/2667/2580 2619/2623/2543 2622/2626/2546
f 2607/2611/2532 2666/2670/2582 2665/2669/2581
f 2665/2669/2581 2622/2626/2546 2607/2611/2532
f 2610/2614/2535 2667/2671/2583 2666/2670/2582
f 2666/2670/2582 2607/2611/2532 2610/2614/2535
f 2614/2618/2538 2668/2672/2584 2669/2673/2585
f 2669/2673/2585 2611/2615/2536 2614/2618/2538
f 2670/2674/2586 2671/2675/2587 2668/2672/2584
f 2668/2672/2584 2614/2618/2538 2670/2674/2586
f 2631/2635/2553 2662/2666/2579 2671/2675/2587
f 2671/2675/2587 2670/2674/2586 2631/2635/2553
f 2343/2347/2275 2324/2328/2257 2327/2331/2260
f 2327/2331/2260 2344/2348/2276 2343/2347/2275
f 2344/2348/2276 2327/2331/2260 2329/2333/2262
f 2329/2333/2262 2346/2350/2278 2344/2348/2276
f 2346/2350/2278 2329/2333/2262 2331/2335/2264
f 2331/2335/2264 2348/2352/2280 2346/2350/2278
f 2351/2355/2280 2332/2336/2265 2335/2339/2267
f 2335/2339/2267 2352/2356/2283 2351/2355/2280
f 2352/2356/2283 2335/2339/2267 2337/2341/2269
f 2337/2341/2269 2354/2358/2285 2352/2356/2283
f 2354/2358/2285 2337/2341/2269 2339/2343/2271
f 2339/2343/2271 2356/2360/2287 2354/2358/2285
f 2356/2360/2287 2339/2343/2271 2341/2345/2273
f 2341/2345/2273 2358/2362/2289 2356/2360/2287
f 2358/2362/2289 2341/2345/2273 2324/2328/2257
f 2324/2328/2257 2343/2347/2275 2358/2362/2289
f 2325/2329/2258 2315/2319/2249 2316/2320/2250
f 2316/2320/2250 2326/2330/2259 2325/2329/2258
f 2326/2330/2259 2316/2320/2250 2317/2321/2251
f 2317/2321/2251 2328/2332/2261 2326/2330/2259
f 2328/2332/2261 2317/2321/2251 2318/2322/2252
f 2318/2322/2252 2330/2334/2263 2328/2332/2261
f 2333/2337/2263 2319/2323/2252 2320/2324/2253
f 2320/2324/2253 2334/2338/2266 2333/2337/2263
f 2334/2338/2266 2320/2324/2253 2321/2325/2254
f 2321/2325/2254 2336/2340/2268 2334/2338/2266
f 2336/2340/2268 2321/2325/2254 2322/2326/2255
f 2322/2326/2255 2338/2342/2270 2336/2340/2268
f 2338/2342/2270 2322/2326/2255 2323/2327/2256
f 2323/2327/2256 2340/2344/2272 2338/2342/2270
f 2340/2344/2272 2323/2327/2256 2315/2319/2249
f 2315/2319/2249 2325/2329/2258 2340/2344/2272
f 2650/2654/2569 2653/2657/2572 2672/2676/2588
f 2672/2676/2588 2673/2677/2488 2650/2654/2569
f 2533/2537/2459 2536/2540/2462 2674/2678/2589
f 2674/2678/2589 2675/2679/2463 2533/2537/2459
f 2512/2516/2439 2514/2518/2441 2674/2678/2589
f 2674/2678/2589 2536/2540/2462 2512/2516/2439
f 2676/2680/2590 2677/2681/2591 2678/2682/2592
f 2678/2682/2592 2679/2683/2593 2676/2680/2590
f 2680/2684/2594 2681/2685/2595 2682/2686/2596
f 2682/2686/2596 2683/2687/2597 2680/2684/2594
f 2684/2688/2598 2685/2689/2599 2682/2686/2596
f 2682/2686/2596 2681/2685/2595 2684/2688/2598
f 2686/2690/2600 2687/2691/2601 2688/2692/2602
f 2688/2692/2602 2689/2693/2603 2686/2690/2600
f 2690/2694/2604 2691/2695/2605 2692/2696/2606
f 2692/2696/2606 2693/2697/2607 2690/2694/2604
f 2694/2698/2608 2695/2699/2609 2696/2700/2610
f 2696/2700/2610 2697/2701/2611 2694/2698/2608
f 2698/2702/2612 2699/2703/2613 2700/2704/2614
f 2700/2704/2614 2701/2705/2615 2698/2702/2612
f 2702/2706/2616 2677/2681/2591 2676/2680/2590
f 2676/2680/2590 2703/2707/2617 2702/2706/2616
f 2704/2708/2618 2681/2685/2595 2680/2684/2594
f 2680/2684/2594 2705/2709/2616 2704/2708/2618
f 2706/2710/2619 2684/2688/2598 2681/2685/2595
f 2681/2685/2595 2704/2708/2618 2706/2710/2619
f 2690/2694/2604 2707/2711/2620 2708/2712/2621
f 2708/2712/2621 2691/2695/2605 2690/2694/2604
f 2709/2713/2622 2694/2698/2608 2697/2701/2611
f 2697/2701/2611 2710/2714/2623 2709/2713/2622
f 2711/2715/2624 2698/2702/2612 2701/2705/2615
f 2701/2705/2615 2712/2716/2625 2711/2715/2624
f 2713/2717/2626 2687/2691/2601 2686/2690/2600
f 2686/2690/2600 2714/2718/2627 2713/2717/2626
f 2715/2719/2628 2411/2415/2340 2410/2414/2339
f 2410/2414/2339 2716/2720/2629 2715/2719/2628
f 2717/2721/2630 2407/2411/2336 2406/2410/2335
f 2406/2410/2335 2718/2722/2631 2717/2721/2630
f 2718/2722/2631 2406/2410/2335 2405/2409/2334
f 2405/2409/2334 2719/2723/2632 2718/2722/2631
f 2720/2724/2633 2402/2406/2331 2401/2405/2330
f 2401/2405/2330 2721/2725/2634 2720/2724/2633
f 2722/2726/2635 2397/2401/2326 2396/2400/2324
f 2396/2400/2324 2723/2727/2599 2722/2726/2635
f 2724/2728/2636 2393/2397/2324 2391/2395/2322
f 2391/2395/2322 2725/2729/2596 2724/2728/2636
f 2725/2729/2596 2391/2395/2322 2390/2394/2321
f 2390/2394/2321 2726/2730/2637 2725/2729/2596
f 2726/2730/2637 2390/2394/2321 2389/2393/2320
f 2389/2393/2320 2727/2731/2638 2726/2730/2637
f 2728/2732/2639 2729/2733/2640 2685/2689/2599
f 2685/2689/2599 2730/2734/2641 2728/2732/2639
f 2731/2735/2642 2730/2734/2641 2685/2689/2599
f 2685/2689/2599 2684/2688/2598 2731/2735/2642
f 2732/2736/2643 2733/2737/2644 2734/2738/2645
f 2734/2738/2645 2735/2739/2646 2732/2736/2643
f 2736/2740/2647 2737/2741/2631 2738/2742/2648
f 2738/2742/2648 2739/2743/2649 2736/2740/2647
f 2740/2744/2650 2689/2693/2603 2737/2741/2631
f 2737/2741/2631 2736/2740/2647 2740/2744/2650
f 2689/2693/2603 2740/2744/2650 2741/2745/2651
f 2741/2745/2651 2686/2690/2600 2689/2693/2603
f 2731/2735/2642 2684/2688/2598 2706/2710/2619
f 2706/2710/2619 2742/2746/2652 2731/2735/2642
f 2743/2747/2653 2714/2718/2627 2686/2690/2600
f 2686/2690/2600 2741/2745/2651 2743/2747/2653
f 2744/2748/2654 2728/2732/2639 2730/2734/2641
f 2730/2734/2641 2693/2697/2607 2744/2748/2654
f 2745/2749/2655 2732/2736/2643 2735/2739/2646
f 2735/2739/2646 2746/2750/2656 2745/2749/2655
f 2747/2751/2657 2736/2740/2647 2739/2743/2649
f 2739/2743/2649 2748/2752/2658 2747/2751/2657
f 2749/2753/2659 2740/2744/2650 2736/2740/2647
f 2736/2740/2647 2747/2751/2657 2749/2753/2659
f 2693/2697/2607 2730/2734/2641 2731/2735/2642
f 2731/2735/2642 2690/2694/2604 2693/2697/2607
f 2750/2754/2660 2741/2745/2651 2740/2744/2650
f 2740/2744/2650 2749/2753/2659 2750/2754/2660
f 2690/2694/2604 2731/2735/2642 2742/2746/2652
f 2742/2746/2652 2707/2711/2620 2690/2694/2604
f 2751/2755/2661 2743/2747/2653 2741/2745/2651
f 2741/2745/2651 2750/2754/2660 2751/2755/2661
f 2693/2697/2607 2692/2696/2606 2752/2756/2662
f 2752/2756/2662 2744/2748/2654 2693/2697/2607
f 2700/2704/2614 2747/2751/2657 2748/2752/2658
f 2748/2752/2658 2753/2757/2663 2700/2704/2614
f 2700/2704/2614 2699/2703/2613 2749/2753/2659
f 2749/2753/2659 2747/2751/2657 2700/2704/2614
f 2698/2702/2612 2750/2754/2660 2749/2753/2659
f 2749/2753/2659 2699/2703/2613 2698/2702/2612
f 2698/2702/2612 2711/2715/2624 2751/2755/2661
f 2751/2755/2661 2750/2754/2660 2698/2702/2612
f 2754/2758/1294 2755/2759/2621 2756/2760/2620
f 2756/2760/2620 2757/2761/2664 2754/2758/1294
f 2757/2761/2664 2756/2760/2620 2758/2762/2652
f 2758/2762/2652 2759/2763/1296 2757/2761/2664
f 2759/2763/1296 2758/2762/2652 2760/2764/2619
f 2760/2764/2619 2761/2765/2665 2759/2763/1296
f 2761/2765/2665 2760/2764/2619 2762/2766/2666
f 2762/2766/2666 2763/2767/1300 2761/2765/2665
f 2764/2768/2616 2763/2767/1300 2762/2766/2666
f 2765/2769/1294 2766/2770/2667 2767/2771/2668
f 2767/2771/2668 2768/2772/2669 2765/2769/1294
f 2763/2767/1300 2764/2768/2616 2769/2773/2670
f 2769/2773/2670 2770/2774/2671 2763/2767/1300
f 2771/2775/2672 2761/2765/2665 2763/2767/1300
f 2763/2767/1300 2770/2774/2671 2771/2775/2672
f 2772/2776/2673 2759/2763/1296 2761/2765/2665
f 2761/2765/2665 2771/2775/2672 2772/2776/2673
f 2773/2777/2661 2757/2761/2664 2759/2763/1296
f 2759/2763/1296 2772/2776/2673 2773/2777/2661
f 2774/2778/2674 2754/2758/1294 2757/2761/2664
f 2757/2761/2664 2773/2777/2661 2774/2778/2674
f 2775/2779/2675 2766/2770/2667 2765/2769/1294
f 2765/2769/1294 2776/2780/2676 2775/2779/2675
f 2695/2699/2609 2745/2749/2655 2746/2750/2656
f 2746/2750/2656 2696/2700/2610 2695/2699/2609
f 2777/2781/2677 2701/2705/2615 2700/2704/2614
f 2700/2704/2614 2753/2757/2663 2777/2781/2677
f 2778/2782/2675 2712/2716/2625 2701/2705/2615
f 2701/2705/2615 2777/2781/2677 2778/2782/2675
f 2691/2695/2605 2779/2783/2678 2752/2756/2662
f 2752/2756/2662 2692/2696/2606 2691/2695/2605
f 2708/2712/2621 2780/2784/2669 2779/2783/2678
f 2779/2783/2678 2691/2695/2605 2708/2712/2621
f 2754/2758/1294 2765/2769/1294 2768/2772/2669
f 2768/2772/2669 2755/2759/2621 2754/2758/1294
f 2774/2778/2674 2776/2780/2676 2765/2769/1294
f 2765/2769/1294 2754/2758/1294 2774/2778/2674
f 2781/2785/2679 2782/2786/2680 2783/2787/2681
f 2783/2787/2681 2784/2788/2565 2781/2785/2679
f 2785/2789/2682 2786/2790/2683 2782/2786/2680
f 2782/2786/2680 2781/2785/2679 2785/2789/2682
f 2787/2791/2684 2788/2792/2685 2786/2790/2683
f 2786/2790/2683 2785/2789/2682 2787/2791/2684
f 2789/2793/2686 2790/2794/2687 2788/2792/2685
f 2788/2792/2685 2787/2791/2684 2789/2793/2686
f 2791/2795/2688 2792/2796/2689 2790/2794/2687
f 2790/2794/2687 2789/2793/2686 2791/2795/2688
f 2793/2797/2690 2794/2798/2691 2792/2796/2689
f 2792/2796/2689 2791/2795/2688 2793/2797/2690
f 2795/2799/2692 2796/2800/2693 2794/2798/2691
f 2794/2798/2691 2793/2797/2690 2795/2799/2692
f 2797/2801/2694 2798/2802/2695 2799/2803/2696
f 2799/2803/2696 2800/2804/2697 2797/2801/2694
f 2801/2805/2698 2802/2806/2699 2798/2802/2695
f 2798/2802/2695 2797/2801/2694 2801/2805/2698
f 2803/2807/2700 2804/2808/2701 2802/2806/2699
f 2802/2806/2699 2801/2805/2698 2803/2807/2700
f 2800/2804/2697 2799/2803/2696 2805/2809/2702
f 2805/2809/2702 2806/2810/2703 2800/2804/2697
f 2649/2653/2568 2648/2652/2567 2530/2534/2456
f 2530/2534/2456 2529/2533/2455 2649/2653/2568
f 2653/2657/2572 2652/2656/2571 2534/2538/2460
f 2534/2538/2460 2533/2537/2459 2653/2657/2572
f 2653/2657/2572 2533/2537/2459 2675/2679/2463
f 2675/2679/2463 2672/2676/2588 2653/2657/2572
f 2655/2659/2573 2537/2541/2463 2540/2544/2466
f 2540/2544/2466 2656/2660/2574 2655/2659/2573
f 2643/2647/2564 2642/2646/2563 2518/2522/2445
f 2518/2522/2445 2517/2521/2444 2643/2647/2564
f 2643/2647/2564 2517/2521/2444 2522/2526/2449
f 2643/2647/2564 2522/2526/2449 2807/2811/2704
s 0
f 2807/2811/1337 2644/2648/1194 2643/2647/2564
s 1
f 2808/2812/1339 2528/2532/2454 2530/2534/2456
f 2808/2812/1339 2530/2534/2456 2648/2652/2567
f 2648/2652/2567 2809/2813/2705 2808/2812/1339
f 2528/2532/2454 2527/2531/2453 2531/2535/2457
f 2531/2535/2457 2530/2534/2456 2528/2532/2454
f 2527/2531/2453 2509/2513/2436 2511/2515/2438
f 2511/2515/2438 2531/2535/2457 2527/2531/2453
f 2509/2513/2436 2496/2500/2423 2498/2502/2425
f 2498/2502/2425 2511/2515/2438 2509/2513/2436
f 2496/2500/2423 2476/2480/2405 2478/2482/2407
f 2478/2482/2407 2498/2502/2425 2496/2500/2423
f 2476/2480/2405 2475/2479/2404 2479/2483/2408
f 2479/2483/2408 2478/2482/2407 2476/2480/2405
f 2475/2479/2404 2450/2454/2379 2452/2456/2381
f 2452/2456/2381 2479/2483/2408 2475/2479/2404
f 2450/2454/2379 2449/2453/2378 2453/2457/2382
f 2453/2457/2382 2452/2456/2381 2450/2454/2379
f 2449/2453/2378 2546/2550/2472 2547/2551/2473
f 2547/2551/2473 2453/2457/2382 2449/2453/2378
f 2431/2435/2360 2418/2422/2347 2420/2424/2349
f 2420/2424/2349 2433/2437/2362 2431/2435/2360
f 2418/2422/2347 2398/2402/2327 2400/2404/2329
f 2400/2404/2329 2420/2424/2349 2418/2422/2347
f 2398/2402/2327 2397/2401/2326 2401/2405/2330
f 2401/2405/2330 2400/2404/2329 2398/2402/2327
f 2722/2726/2635 2721/2725/2634 2401/2405/2330
f 2401/2405/2330 2397/2401/2326 2722/2726/2635
f 2728/2732/2639 2735/2739/2646 2734/2738/2645
f 2734/2738/2645 2729/2733/2640 2728/2732/2639
f 2744/2748/2654 2746/2750/2656 2735/2739/2646
f 2735/2739/2646 2728/2732/2639 2744/2748/2654
f 2752/2756/2662 2696/2700/2610 2746/2750/2656
f 2746/2750/2656 2744/2748/2654 2752/2756/2662
f 2779/2783/2678 2697/2701/2611 2696/2700/2610
f 2696/2700/2610 2752/2756/2662 2779/2783/2678
f 2780/2784/2669 2710/2714/2623 2697/2701/2611
f 2697/2701/2611 2779/2783/2678 2780/2784/2669
f 2803/2807/2700 2801/2805/2698 2626/2630/2550
f 2626/2630/2550 2636/2640/2558 2803/2807/2700
f 2801/2805/2698 2797/2801/2694 2620/2624/2544
f 2620/2624/2544 2626/2630/2550 2801/2805/2698
f 2797/2801/2694 2800/2804/2697 2621/2625/2545
f 2621/2625/2545 2620/2624/2544 2797/2801/2694
f 2800/2804/2697 2806/2810/2703 2658/2662/2575
f 2658/2662/2575 2621/2625/2545 2800/2804/2697
f 2795/2799/2692 2793/2797/2690 2599/2603/2524
f 2599/2603/2524 2606/2610/2531 2795/2799/2692
f 2793/2797/2690 2791/2795/2688 2592/2596/2517
f 2592/2596/2517 2599/2603/2524 2793/2797/2690
f 2791/2795/2688 2789/2793/2686 2585/2589/2510
f 2585/2589/2510 2592/2596/2517 2791/2795/2688
f 2789/2793/2686 2787/2791/2684 2578/2582/2503
f 2578/2582/2503 2585/2589/2510 2789/2793/2686
f 2787/2791/2684 2785/2789/2682 2571/2575/2496
f 2571/2575/2496 2578/2582/2503 2787/2791/2684
f 2785/2789/2682 2781/2785/2679 2559/2563/2485
f 2559/2563/2485 2571/2575/2496 2785/2789/2682
f 2781/2785/2679 2784/2788/2565 2560/2564/2486
f 2560/2564/2486 2559/2563/2485 2781/2785/2679
f 2646/2650/2565 2649/2653/2568 2652/2656/2571
f 2652/2656/2571 2651/2655/2570 2646/2650/2565
f 2649/2653/2568 2529/2533/2455 2534/2538/2460
f 2534/2538/2460 2652/2656/2571 2649/2653/2568
f 2529/2533/2455 2532/2536/2458 2535/2539/2461
f 2535/2539/2461 2534/2538/2460 2529/2533/2455
f 2532/2536/2458 2510/2514/2437 2513/2517/2440
f 2513/2517/2440 2535/2539/2461 2532/2536/2458
f 2510/2514/2437 2497/2501/2424 2500/2504/2427
f 2500/2504/2427 2513/2517/2440 2510/2514/2437
f 2497/2501/2424 2477/2481/2406 2482/2486/2411
f 2482/2486/2411 2500/2504/2427 2497/2501/2424
f 2477/2481/2406 2480/2484/2409 2483/2487/2412
f 2483/2487/2412 2482/2486/2411 2477/2481/2406
f 2480/2484/2409 2451/2455/2380 2456/2460/2385
f 2456/2460/2385 2483/2487/2412 2480/2484/2409
f 2451/2455/2380 2454/2458/2383 2457/2461/2386
f 2457/2461/2386 2456/2460/2385 2451/2455/2380
f 2454/2458/2383 2548/2552/2474 2549/2553/2475
f 2549/2553/2475 2457/2461/2386 2454/2458/2383
f 2432/2436/2361 2419/2423/2348 2422/2426/2351
f 2422/2426/2351 2435/2439/2364 2432/2436/2361
f 2419/2423/2348 2399/2403/2328 2404/2408/2333
f 2404/2408/2333 2422/2426/2351 2419/2423/2348
f 2399/2403/2328 2402/2406/2331 2405/2409/2334
f 2405/2409/2334 2404/2408/2333 2399/2403/2328
f 2720/2724/2633 2719/2723/2632 2405/2409/2334
f 2405/2409/2334 2402/2406/2331 2720/2724/2633
f 2732/2736/2643 2739/2743/2649 2738/2742/2648
f 2738/2742/2648 2733/2737/2644 2732/2736/2643
f 2745/2749/2655 2748/2752/2658 2739/2743/2649
f 2739/2743/2649 2732/2736/2643 2745/2749/2655
f 2695/2699/2609 2753/2757/2663 2748/2752/2658
f 2748/2752/2658 2745/2749/2655 2695/2699/2609
f 2694/2698/2608 2777/2781/2677 2753/2757/2663
f 2753/2757/2663 2695/2699/2609 2694/2698/2608
f 2709/2713/2622 2778/2782/2675 2777/2781/2677
f 2777/2781/2677 2694/2698/2608 2709/2713/2622
f 2639/2643/2561 2632/2636/2554 2624/2628/2548
f 2624/2628/2548 2634/2638/2556 2639/2643/2561
f 2632/2636/2554 2631/2635/2553 2616/2620/2540
f 2616/2620/2540 2624/2628/2548 2632/2636/2554
f 2631/2635/2553 2670/2674/2586 2617/2621/2541
f 2617/2621/2541 2616/2620/2540 2631/2635/2553
f 2670/2674/2586 2614/2618/2538 2659/2663/2576
f 2659/2663/2576 2617/2621/2541 2670/2674/2586
f 2602/2606/2527 2595/2599/2520 2590/2594/2515
f 2590/2594/2515 2597/2601/2522 2602/2606/2527
f 2595/2599/2520 2588/2592/2513 2583/2587/2508
f 2583/2587/2508 2590/2594/2515 2595/2599/2520
f 2588/2592/2513 2581/2585/2506 2576/2580/2501
f 2576/2580/2501 2583/2587/2508 2588/2592/2513
f 2581/2585/2506 2574/2578/2499 2569/2573/2494
f 2569/2573/2494 2576/2580/2501 2581/2585/2506
f 2574/2578/2499 2567/2571/2492 2555/2559/2481
f 2555/2559/2481 2569/2573/2494 2574/2578/2499
f 2567/2571/2492 2566/2570/2491 2556/2560/2482
f 2556/2560/2482 2555/2559/2481 2567/2571/2492
f 2657/2661/2491 2656/2660/2574 2642/2646/2563
f 2642/2646/2563 2641/2645/2482 2657/2661/2491
f 2656/2660/2574 2540/2544/2466 2518/2522/2445
f 2518/2522/2445 2642/2646/2563 2656/2660/2574
f 2540/2544/2466 2539/2543/2465 2519/2523/2446
f 2519/2523/2446 2518/2522/2445 2540/2544/2466
f 2539/2543/2465 2516/2520/2443 2505/2509/2432
f 2505/2509/2432 2519/2523/2446 2539/2543/2465
f 2516/2520/2443 2503/2507/2430 2492/2496/2420
f 2492/2496/2420 2505/2509/2432 2516/2520/2443
f 2503/2507/2430 2490/2494/2418 2466/2470/2395
f 2466/2470/2395 2492/2496/2420 2503/2507/2430
f 2490/2494/2418 2489/2493/2417 2467/2471/2396
f 2467/2471/2396 2466/2470/2395 2490/2494/2418
f 2489/2493/2417 2464/2468/2393 2440/2444/2369
f 2440/2444/2369 2467/2471/2396 2489/2493/2417
f 2464/2468/2393 2463/2467/2392 2441/2445/2370
f 2441/2445/2370 2440/2444/2369 2464/2468/2393
f 2463/2467/2392 2553/2557/2479 2541/2545/2467
f 2541/2545/2467 2441/2445/2370 2463/2467/2392
f 2438/2442/2367 2425/2429/2354 2414/2418/2343
f 2414/2418/2343 2427/2431/2356 2438/2442/2367
f 2425/2429/2354 2412/2416/2341 2388/2392/2319
f 2388/2392/2319 2414/2418/2343 2425/2429/2354
f 2412/2416/2341 2411/2415/2340 2389/2393/2320
f 2389/2393/2320 2388/2392/2319 2412/2416/2341
f 2715/2719/2628 2727/2731/2638 2389/2393/2320
f 2389/2393/2320 2411/2415/2340 2715/2719/2628
f 2687/2691/2601 2676/2680/2590 2679/2683/2593
f 2679/2683/2593 2688/2692/2602 2687/2691/2601
f 2713/2717/2626 2703/2707/2617 2676/2680/2590
f 2676/2680/2590 2687/2691/2601 2713/2717/2626
f 2810/2814/2706 1771/1785/1738 1412/1415/1341
f 1412/1415/1341 1414/1417/1343 2810/2814/2706
f 2811/2815/2707 1797/1811/1766 1782/1796/1749
f 1782/1796/1749 2812/2816/2708 2811/2815/2707
f 2812/2816/2708 1782/1796/1749 1783/1797/1750
f 1783/1797/1750 2813/2817/2709 2812/2816/2708
f 2813/2817/2709 1783/1797/1750 1784/1798/1751
f 1784/1798/1751 2814/2818/2710 2813/2817/2709
f 2814/2818/2710 1784/1798/1751 1767/1781/1734
f 1767/1781/1734 2815/2819/2711 2814/2818/2710
f 2815/2819/2711 1767/1781/1734 1766/1780/1733
f 1766/1780/1733 2816/2820/2712 2815/2819/2711
f 2816/2820/2712 1766/1780/1733 1770/1784/1737
f 1770/1784/1737 2817/2821/2713 2816/2820/2712
f 2817/2821/2713 1770/1784/1737 1771/1785/1738
f 1771/1785/1738 2810/2814/2706 2817/2821/2713
f 2818/2822/2714 2810/2814/2706 1414/1417/1343
f 1414/1417/1343 1423/1426/1352 2818/2822/2714
f 2819/2823/2715 2817/2821/2713 2810/2814/2706
f 2810/2814/2706 2818/2822/2714 2819/2823/2715
f 2820/2824/2716 2816/2820/2712 2817/2821/2713
f 2817/2821/2713 2819/2823/2715 2820/2824/2716
f 2821/2825/2717 2815/2819/2711 2816/2820/2712
f 2816/2820/2712 2820/2824/2716 2821/2825/2717
f 2822/2826/2718 2814/2818/2710 2815/2819/2711
f 2815/2819/2711 2821/2825/2717 2822/2826/2718
f 2823/2827/2719 2813/2817/2709 2814/2818/2710
f 2814/2818/2710 2822/2826/2718 2823/2827/2719
f 2824/2828/2720 2812/2816/2708 2813/2817/2709
f 2813/2817/2709 2823/2827/2719 2824/2828/2720
f 2825/2829/2721 2811/2815/2707 2812/2816/2708
f 2812/2816/2708 2824/2828/2720 2825/2829/2721
f 1681/1695/1654 1680/1694/1653 1672/1686/1645
f 1672/1686/1645 1638/1652/1609 1681/1695/1654
f 1683/1697/1656 1646/1660/1617 1672/1686/1645
f 1672/1686/1645 1680/1694/1653 1683/1697/1656
f 1646/1660/1617 1683/1697/1656 1684/1698/1657
f 1684/1698/1657 1647/1661/1618 1646/1660/1617
f 1637/1651/1608 1644/1658/1615 1681/1695/1654
f 1681/1695/1654 1638/1652/1609 1637/1651/1608
f 1644/1658/1615 1765/1779/1732 1682/1696/1655
f 1682/1696/1655 1681/1695/1654 1644/1658/1615
f 1785/1799/1752 1685/1699/1658 1682/1696/1655
f 1682/1696/1655 1765/1779/1732 1785/1799/1752
f 2826/2830/2579 2379/2383/2310 2380/2384/2311
f 2380/2384/2311 2827/2831/2722 2826/2830/2579
f 2827/2831/2722 2380/2384/2311 2381/2385/2312
f 2381/2385/2312 2828/2832/2723 2827/2831/2722
f 2829/2833/2723 2382/2386/2313 2383/2387/2314
f 2383/2387/2314 2830/2834/2585 2829/2833/2723
f 2830/2834/2585 2383/2387/2314 2384/2388/2315
f 2384/2388/2315 2831/2835/2724 2830/2834/2585
f 2831/2835/2724 2384/2388/2315 2385/2389/2316
f 2385/2389/2316 2832/2836/2725 2831/2835/2724
f 2832/2836/2725 2385/2389/2316 2386/2390/2317
f 2386/2390/2317 2833/2837/2726 2832/2836/2725
f 2833/2837/2726 2386/2390/2317 2378/2382/2309
f 2378/2382/2309 2834/2838/2727 2833/2837/2726
f 2834/2838/2727 2378/2382/2309 2379/2383/2310
f 2379/2383/2310 2826/2830/2579 2834/2838/2727
f 2541/2545/2728 2835/2839/2729 2836/2840/2730
f 2836/2840/2730 2542/2546/2731 2541/2545/2728
f 2542/2546/2731 2836/2840/2730 2837/2841/2732
f 2837/2841/2732 2543/2547/2469 2542/2546/2731
f 2543/2547/2469 2837/2841/2732 2838/2842/2733
f 2838/2842/2733 2544/2548/2470 2543/2547/2469
f 2545/2549/2471 2839/2843/2733 2840/2844/2734
f 2840/2844/2734 2546/2550/2472 2545/2549/2471
f 2547/2551/2473 2841/2845/2735 2842/2846/2736
f 2842/2846/2736 2548/2552/2474 2547/2551/2473
f 2549/2553/2475 2843/2847/2737 2844/2848/2738
f 2844/2848/2738 2550/2554/2476 2549/2553/2475
f 2550/2554/2476 2844/2848/2738 2845/2849/2739
f 2845/2849/2739 2551/2555/2740 2550/2554/2476
f 2552/2556/2741 2846/2850/2742 2847/2851/2743
f 2847/2851/2743 2553/2557/2744 2552/2556/2741
f 2600/2604/2745 2848/2852/2745 2849/2853/2745
f 2849/2853/2746 2598/2602/2746 2600/2604/2746
f 2602/2606/2747 2850/2854/2747 2851/2855/2747
f 2851/2855/2747 2601/2605/2748 2602/2606/2747
f 2603/2607/2749 2852/2856/2750 2853/2857/2751
f 2853/2857/2751 2604/2608/2752 2603/2607/2749
f 2598/2602/2753 2849/2853/2753 2854/2858/2753
f 2854/2858/2754 2605/2609/2754 2598/2602/2755
f 2605/2609/2756 2854/2858/2756 2855/2859/2757
f 2855/2859/2757 2606/2610/2758 2605/2609/2756
f 2795/2799/2759 2856/2860/2759 2857/2861/2759
f 2857/2861/2760 2796/2800/2760 2795/2799/2760
f 2796/2800/2761 2857/2861/2761 1463/1466/1394
f 1463/1466/1394 1464/1467/1396 2796/2800/2761
f 2546/2550/2472 2840/2844/2734 2841/2845/2735
f 2841/2845/2735 2547/2551/2473 2546/2550/2472
f 2606/2610/2758 2855/2859/2757 2856/2860/2762
f 2856/2860/2762 2795/2799/2762 2606/2610/2763
f 2548/2552/2474 2842/2846/2736 2843/2847/2737
f 2843/2847/2737 2549/2553/2475 2548/2552/2474
f 2604/2608/2752 2853/2857/2751 2858/2862/2764
f 2858/2862/2765 2859/2863/2765 2604/2608/2766
f 2859/2863/2767 2858/2862/2768 2850/2854/2767
f 2850/2854/2769 2602/2606/2769 2859/2863/2769
f 2553/2557/2744 2847/2851/2743 2835/2839/2729
f 2835/2839/2729 2541/2545/2728 2553/2557/2744
f 2426/2430/2770 2860/2864/2771 2861/2865/2772
f 2861/2865/2772 2427/2431/2773 2426/2430/2770
f 2428/2432/2774 2862/2866/2775 2860/2864/2771
f 2860/2864/2771 2426/2430/2770 2428/2432/2774
f 2429/2433/2776 2863/2867/2777 2862/2866/2775
f 2862/2866/2775 2428/2432/2774 2429/2433/2776
f 2431/2435/2778 2864/2868/2779 2865/2869/2777
f 2865/2869/2777 2430/2434/2776 2431/2435/2778
f 2432/2436/2780 2866/2870/2781 2867/2871/2782
f 2867/2871/2782 2433/2437/2783 2432/2436/2780
f 2434/2438/2784 2868/2872/2785 2869/2873/2786
f 2869/2873/2786 2435/2439/2787 2434/2438/2784
f 2436/2440/2788 2870/2874/2789 2868/2872/2785
f 2868/2872/2785 2434/2438/2784 2436/2440/2788
f 2438/2442/2790 2871/2875/2791 2872/2876/2789
f 2872/2876/2789 2437/2441/2792 2438/2442/2790
f 2433/2437/2783 2867/2871/2782 2864/2868/2779
f 2864/2868/2779 2431/2435/2778 2433/2437/2783
f 2435/2439/2787 2869/2873/2786 2866/2870/2781
f 2866/2870/2781 2432/2436/2780 2435/2439/2787
f 2427/2431/2773 2861/2865/2772 2871/2875/2791
f 2871/2875/2791 2438/2442/2790 2427/2431/2773
f 2873/2877/2793 1801/1815/2794 1800/1814/2795
f 2873/2877/2793 1800/1814/2795 2874/2878/2796
f 2874/2878/2796 2875/2879/2797 2873/2877/2793
f 2876/2880/2798 1833/1847/2799 1811/1825/2800
f 2876/2880/2798 1811/1825/2800 2877/2881/2801
f 2877/2881/2801 2878/2882/2802 2876/2880/2798
f 2879/2883/2803 1862/1876/2804 1852/1866/2805
f 2879/2883/2803 1852/1866/2805 2880/2884/2806
f 2880/2884/2806 2881/2885/2807 2879/2883/2803
f 2882/2886/2808 1881/1895/2809 1870/1884/2810
f 2882/2886/2808 1870/1884/2810 2883/2887/2811
f 2883/2887/2811 2884/2888/2812 2882/2886/2808
f 2633/2637/2813 2885/2889/2814 2886/2890/2815
f 2886/2890/2815 2634/2638/2816 2633/2637/2813
f 2635/2639/2817 2887/2891/2818 2888/2892/2819
f 2888/2892/2819 2636/2640/2820 2635/2639/2817
f 2637/2641/2821 2889/2893/2822 2887/2891/2818
f 2887/2891/2818 2635/2639/2817 2637/2641/2821
f 2639/2643/2823 2890/2894/2824 2891/2895/2825
f 2891/2895/2825 2638/2642/2826 2639/2643/2823
f 2803/2807/2827 2892/2896/2827 2893/2897/2828
f 2893/2897/2828 2804/2808/2829 2803/2807/2827
f 2804/2808/2829 2893/2897/2828 1501/1504/1464
f 1501/1504/1464 1502/1505/1464 2804/2808/2829
f 2636/2640/2820 2888/2892/2819 2892/2896/2830
f 2892/2896/2830 2803/2807/2830 2636/2640/2820
f 2634/2638/2816 2886/2890/2815 2890/2894/2824
f 2890/2894/2824 2639/2643/2823 2634/2638/2816
f 1799/1813/2831 1798/1812/2832 2894/1549/1507
f 2894/1549/1507 2895/1530/1492 1799/1813/2831
f 1811/1825/2800 1801/1815/2794 2873/2877/2793
f 1811/1825/2800 2873/2877/2793 2878/2882/2802
f 2878/2882/2802 2877/2881/2801 1811/1825/2800
f 1810/1824/2833 2297/1550/1508 2894/1549/1507
f 2894/1549/1507 1798/1812/2832 1810/1824/2833
f 1810/1824/2833 1832/1846/2834 2294/2308/2238
f 2294/2308/2238 2297/1550/1508 1810/1824/2833
f 1852/1866/2805 1833/1847/2799 2876/2880/2798
f 1852/1866/2805 2876/2880/2798 2881/2885/2807
f 2881/2885/2807 2880/2884/2806 1852/1866/2805
f 1851/1865/2835 2298/1521/1486 2294/2308/2238
f 2294/2308/2238 1832/1846/2834 1851/1865/2835
f 1851/1865/2835 1861/1875/2836 2896/164/150
f 2896/164/150 2298/1521/1486 1851/1865/2835
f 1870/1884/2810 1862/1876/2804 2879/2883/2803
f 1870/1884/2810 2879/2883/2803 2884/2888/2812
f 2884/2888/2812 2883/2887/2811 1870/1884/2810
f 1869/1883/2837 2897/165/151 2896/164/150
f 2896/164/150 1861/1875/2836 1869/1883/2837
f 1869/1883/2837 1880/1894/2838 2898/1536/1491
f 2898/1536/1491 2897/165/151 1869/1883/2837
f 1800/1814/2795 1896/1910/2809 2899/2898/2808
f 1800/1814/2795 2899/2898/2808 2875/2879/2797
f 2875/2879/2797 2874/2878/2796 1800/1814/2795
f 1799/1813/2831 2895/1530/1492 2900/1529/1491
f 2900/1529/1491 1895/1909/2839 1799/1813/2831
f 1570/1584/1547 161/161/148 1510/1513/1480
f 1510/1513/1480 1571/1585/1548 1570/1584/1547
f 1571/1585/1548 1510/1513/1480 1511/1514/1481
f 1511/1514/1481 1574/1588/1551 1571/1585/1548
s 0
f 2901/2899/1337 2902/2899/2840 2903/2900/2841
s 1
f 2904/2901/2841 2905/2902/2841 2901/2899/2841
f 2904/2901/2841 2901/2899/2841 2903/2900/2841
f 2894/1549/1507 2311/1548/1506 2309/1535/1496
s 0
f 2906/2903/1337 2907/2903/2842 2908/2904/2842
s 1
f 2604/2608/2529 2859/2863/2843 2602/2606/2527
f 2906/2903/2842 2908/2904/2842 2909/2905/2844
f 2909/2905/2844 2910/2906/2844 2906/2903/2842
f 1574/1588/1551 1511/1514/1481 2911/2907/2845
f 2911/2907/2845 2912/2908/2845 1574/1588/1551
f 2602/2606/2527 2597/2601/2522 2604/2608/2529
f 1658/1672/1629 240/243/227 270/273/257
f 270/273/257 1659/1673/1630 1658/1672/1629
f 1569/1583/1545 2885/2889/2814 2633/2637/2813
f 2913/2909/2846 2914/2910/2846 2915/2911/2846
f 2913/2909/2846 2915/2911/2846 2916/2912/2847
s 0
f 2913/2909/2846 2916/2912/2846 2917/2909/1493
s 1
f 2633/2637/2813 1235/1238/1545 1569/1583/1545
f 2918/2913/2848 1528/1537/2848 1594/1608/2849
f 1594/1608/2849 2919/2914/2849 2918/2913/2848
f 1594/1608/1565 1528/1537/1500 1531/1540/1499
f 1531/1540/1499 1595/1609/1566 1594/1608/1565
f 1663/1677/1634 1533/1542/1502 1532/1541/1501
f 1532/1541/1501 1660/1674/1631 1663/1677/1634
s 0
f 2920/2915/1493 2921/2915/2850 2922/2916/2850
f 2920/2915/2850 2922/2916/1493 2923/2917/2850
s 1
f 2920/2915/2851 2923/2917/2852 2924/2918/2850
f 2924/2918/2850 2925/2919/2850 2920/2915/2851
f 1674/1688/1647 269/272/256 1538/1551/1509
f 1538/1551/1509 1675/1689/1648 1674/1688/1647
f 1660/1674/1631 1532/1541/1501 1539/1552/1510
f 1539/1552/1510 1666/1680/1637 1660/1674/1631
f 1675/1689/1648 1538/1551/1509 2926/2920/2853
f 1568/1582/1543 2852/2856/2750 2603/2607/2749
f 2926/2920/2853 2927/2921/2853 1675/1689/1648
f 1595/1609/1566 1531/1540/1499 1533/1542/1513
f 1533/1542/1513 1663/1677/1764 1595/1609/1566
f 1666/1680/1637 1539/1552/1510 385/388/368
f 385/388/368 1667/1681/1638 1666/1680/1637
f 1710/1724/1677 2928/2922/2854 2929/2923/1514
f 2929/2923/1514 1711/1725/1678 1710/1724/1677
f 1711/1725/1678 2929/2923/1514 2930/2924/1516
f 2930/2924/1516 1713/1727/1680 1711/1725/1678
f 1713/1727/1680 2930/2924/1516 1545/1559/1517
f 1545/1559/1517 1715/1729/1682 1713/1727/1680
f 1715/1729/1682 1545/1559/1517 1546/1560/1518
f 1546/1560/1518 1717/1731/1684 1715/1729/1682
f 1720/1734/1687 2931/2925/1519 2928/2922/2854
f 2928/2922/2854 1710/1724/1677 1720/1734/1687
f 1773/1787/1740 2932/2926/2855 2931/2925/1519
f 2931/2925/1519 1720/1734/1687 1773/1787/1740
f 1778/1792/1745 2933/2927/2856 2932/2926/2855
f 2932/2926/2855 1773/1787/1740 1778/1792/1745
f 1717/1731/1684 1546/1560/1518 1550/1564/1522
f 1550/1564/1522 1785/1799/1752 1717/1731/1684
f 1797/1811/1766 2934/2928/1523 2933/2927/2856
f 2933/2927/2856 1778/1792/1745 1797/1811/1766
f 2524/2528/2451 2935/2929/2857 2807/2811/2704
f 2807/2811/2704 2522/2526/2449 2524/2528/2451
f 2528/2532/2454 2808/2812/1339 2936/2930/2858
f 2936/2930/2858 2525/2529/2451 2528/2532/2454
f 2804/2808/2701 1502/1505/1528 1554/1568/1527
f 1554/1568/1527 2802/2806/2699 2804/2808/2701
f 2802/2806/2699 1554/1568/1527 1555/1569/1529
f 1555/1569/1529 2798/2802/2695 2802/2806/2699
f 2798/2802/2695 1555/1569/1529 1556/1570/1530
f 1556/1570/1530 2799/2803/2696 2798/2802/2695
f 2799/2803/2696 1556/1570/1530 1557/1571/1531
f 1557/1571/1531 2805/2809/2702 2799/2803/2696
f 2796/2800/2693 1464/1467/1533 1558/1572/1532
f 1558/1572/1532 2794/2798/2691 2796/2800/2693
f 2794/2798/2691 1558/1572/1532 1559/1573/1534
f 1559/1573/1534 2792/2796/2689 2794/2798/2691
f 2792/2796/2689 1559/1573/1534 1560/1574/1535
f 1560/1574/1535 2790/2794/2687 2792/2796/2689
f 2790/2794/2687 1560/1574/1535 1561/1575/1536
f 1561/1575/1536 2788/2792/2685 2790/2794/2687
f 2788/2792/2685 1561/1575/1536 1562/1576/1537
f 1562/1576/1537 2786/2790/2683 2788/2792/2685
f 2786/2790/2683 1562/1576/1537 1563/1577/1538
f 1563/1577/1538 2782/2786/2680 2786/2790/2683
f 2782/2786/2680 1563/1577/1538 1564/1578/1539
f 1564/1578/1539 2783/2787/2681 2782/2786/2680
f 2647/2651/2566 2937/2931/1540 2809/2813/2705
f 2809/2813/2705 2648/2652/2567 2647/2651/2566
f 2811/2815/2707 2938/2932/1541 2934/2928/1523
f 2934/2928/1523 1797/1811/1766 2811/2815/2707
f 2825/2829/2721 2939/2933/1542 2938/2932/1541
f 2938/2932/1541 2811/2815/2707 2825/2829/2721
f 1684/1698/1657 267/270/254 238/241/225
f 238/241/225 1647/1661/1618 1684/1698/1657
f 1785/1799/1752 1550/1564/1522 268/271/255
f 268/271/255 1685/1699/1658 1785/1799/1752
f 1756/1770/1723 344/347/327 1412/1415/1341
f 1412/1415/1341 1771/1785/1738 1756/1770/1723
f 2603/2607/2749 1201/1204/1544 1568/1582/1543
f 2940/2934/2859 2941/2935/2860 2942/2936/2861
f 2942/2936/2861 2943/2937/2862 2940/2934/2859
f 2944/2938/2863 2940/2934/2859 2943/2937/2862
f 2943/2937/2862 2945/2939/2864 2944/2938/2863
f 2946/2940/2865 2944/2938/2863 2945/2939/2864
f 2945/2939/2864 2947/2941/2866 2946/2940/2865
f 2948/2942/2867 2949/2943/2868 2950/2944/2869
f 2950/2944/2869 2951/2945/2870 2948/2942/2867
f 2952/2946/2871 2948/2942/2867 2951/2945/2870
f 2951/2945/2870 2953/2947/2872 2952/2946/2871
f 2954/2948/2873 2952/2946/2871 2953/2947/2872
f 2953/2947/2872 2955/2949/2874 2954/2948/2873
f 2956/2950/2875 2954/2948/2873 2955/2949/2874
f 2955/2949/2874 2957/2951/2876 2956/2950/2875
f 2958/2952/2877 2956/2950/2875 2957/2951/2876
f 2957/2951/2876 2959/2953/2878 2958/2952/2877
f 2960/2954/2879 2958/2952/2877 2959/2953/2878
f 2959/2953/2878 2961/2955/2880 2960/2954/2879
f 2962/2956/2881 2960/2954/2879 2961/2955/2880
f 2961/2955/2880 2963/2957/2882 2962/2956/2881
f 2964/2958/2883 2962/2956/2881 2963/2957/2882
f 2963/2957/2882 2965/2959/2884 2964/2958/2883
f 2966/2960/2885 2964/2958/2883 2967/2961/2886
f 2967/2961/2886 2968/2962/2887 2966/2960/2885
f 2969/2963/2888 2966/2960/2885 2968/2962/2887
f 2968/2962/2887 2970/2964/2889 2969/2963/2888
f 2971/2965/2890 2969/2963/2888 2970/2964/2889
f 2970/2964/2889 2972/2966/2891 2971/2965/2890
f 2973/2967/2892 2971/2965/2890 2972/2966/2891
f 2972/2966/2891 2974/2968/2893 2973/2967/2892
f 2975/2969/2894 2973/2967/2892 2974/2968/2893
f 2974/2968/2893 2976/2970/2895 2975/2969/2894
f 2977/2971/2896 2975/2969/2894 2976/2970/2895
f 2976/2970/2895 2978/2972/2897 2977/2971/2896
f 2979/2973/2898 2977/2971/2896 2978/2972/2897
f 2978/2972/2897 2980/2974/2899 2979/2973/2898
f 2981/2975/2900 2982/2976/2901 2983/2977/2902
f 2983/2977/2902 2984/2978/2903 2981/2975/2900
f 2985/2979/2904 2981/2975/2900 2984/2978/2903
f 2984/2978/2903 2986/2980/2905 2985/2979/2904
f 2987/2981/2906 2985/2979/2904 2986/2980/2905
f 2986/2980/2905 2988/2982/2907 2987/2981/2906
f 2941/2935/2860 2987/2981/2906 2989/2983/2908
f 2989/2983/2908 2942/2936/2861 2941/2935/2860
f 2943/2937/2862 2942/2936/2861 2989/2983/2908
f 2989/2983/2908 2990/2984/2909 2943/2937/2862
f 2945/2939/2864 2943/2937/2862 2990/2984/2909
f 2990/2984/2909 2991/2985/2910 2945/2939/2864
f 2947/2941/2866 2945/2939/2864 2991/2985/2910
f 2991/2985/2910 2992/2986/2911 2947/2941/2866
f 2951/2945/2870 2950/2944/2869 2993/2987/2912
f 2993/2987/2912 2994/2988/2913 2951/2945/2870
f 2953/2947/2872 2951/2945/2870 2994/2988/2913
f 2994/2988/2913 2995/2989/2914 2953/2947/2872
f 2955/2949/2874 2953/2947/2872 2995/2989/2914
f 2995/2989/2914 2996/2990/2893 2955/2949/2874
f 2957/2951/2876 2955/2949/2874 2996/2990/2893
f 2996/2990/2893 2997/2991/2891 2957/2951/2876
f 2959/2953/2878 2957/2951/2876 2997/2991/2891
f 2997/2991/2891 2998/2992/2915 2959/2953/2878
f 2961/2955/2880 2959/2953/2878 2998/2992/2915
f 2998/2992/2915 2999/2993/2916 2961/2955/2880
f 2963/2957/2882 2961/2955/2880 2999/2993/2916
f 2999/2993/2916 2965/2959/2884 2963/2957/2882
f 2985/2979/2904 2987/2981/2906 2941/2935/2860
f 2941/2935/2860 2940/2934/2859 2985/2979/2904
f 2981/2975/2900 2985/2979/2904 2940/2934/2859
f 2940/2934/2859 2944/2938/2863 2981/2975/2900
f 2982/2976/2901 2981/2975/2900 2944/2938/2863
f 2944/2938/2863 2946/2940/2865 2982/2976/2901
f 2977/2971/2896 2979/2973/2898 2949/2943/2868
f 2949/2943/2868 2948/2942/2867 2977/2971/2896
f 2975/2969/2894 2977/2971/2896 2948/2942/2867
f 2948/2942/2867 2952/2946/2871 2975/2969/2894
f 2973/2967/2892 2975/2969/2894 2952/2946/2871
f 2952/2946/2871 2954/2948/2873 2973/2967/2892
f 2971/2965/2890 2973/2967/2892 2954/2948/2873
f 2954/2948/2873 2956/2950/2875 2971/2965/2890
f 2969/2963/2888 2971/2965/2890 2956/2950/2875
f 2956/2950/2875 2958/2952/2877 2969/2963/2888
f 2966/2960/2885 2969/2963/2888 2958/2952/2877
f 2958/2952/2877 2960/2954/2879 2966/2960/2885
f 2964/2958/2883 2966/2960/2885 2960/2954/2879
f 2960/2954/2879 2962/2956/2881 2964/2958/2883
f 2949/2943/2868 2946/2940/2865 2947/2941/2866
f 2947/2941/2866 2950/2944/2869 2949/2943/2868
f 2950/2944/2869 2947/2941/2866 2992/2986/2911
f 2992/2986/2911 2993/2987/2912 2950/2944/2869
f 2982/2976/2901 2979/2973/2898 2980/2974/2899
f 2980/2974/2899 2983/2977/2902 2982/2976/2901
f 2979/2973/2898 2982/2976/2901 2946/2940/2865
f 2946/2940/2865 2949/2943/2868 2979/2973/2898
f 3000/2994/2917 3001/2995/2918 3002/2996/2919
f 3002/2996/2919 3003/2997/2920 3000/2994/2917
f 3003/2997/2920 3002/2996/2919 3004/2998/2921
f 3004/2998/2921 3005/2999/2922 3003/2997/2920
f 3005/2999/2922 3004/2998/2921 3006/3000/2923
f 3006/3000/2923 3007/3001/2924 3005/2999/2922
f 3008/3002/2925 3009/3003/2926 3010/3004/2927
f 3010/3004/2927 3011/3005/2928 3008/3002/2925
f 3011/3005/2928 3010/3004/2927 3012/3006/2929
f 3012/3006/2929 3013/3007/2930 3011/3005/2928
f 3013/3007/2930 3012/3006/2929 3014/3008/2931
f 3014/3008/2931 3015/3009/2932 3013/3007/2930
f 3015/3009/2932 3014/3008/2931 3016/3010/2933
f 3016/3010/2933 3017/3011/2934 3015/3009/2932
f 3017/3011/2934 3016/3010/2933 3018/3012/2935
f 3018/3012/2935 3019/3013/2936 3017/3011/2934
f 3019/3013/2936 3018/3012/2935 3020/3014/2937
f 3020/3014/2937 3021/3015/2938 3019/3013/2936
f 3021/3015/2938 3020/3014/2937 3022/3016/2939
f 3022/3016/2939 3023/3017/2940 3021/3015/2938
f 3023/3017/2940 3022/3016/2939 3024/3018/2941
f 3024/3018/2941 3025/3019/2942 3023/3017/2940
f 3026/3020/2943 3024/3018/2941 3027/3021/2944
f 3027/3021/2944 3028/3022/2945 3026/3020/2943
f 3028/3022/2945 3027/3021/2944 3029/3023/2946
f 3029/3023/2946 3030/3024/2947 3028/3022/2945
f 3030/3024/2947 3029/3023/2946 3031/3025/2948
f 3031/3025/2948 3032/3026/2949 3030/3024/2947
f 3032/3026/2949 3031/3025/2948 3033/3027/2950
f 3033/3027/2950 3034/3028/2951 3032/3026/2949
f 3034/3028/2951 3033/3027/2950 3035/3029/2952
f 3035/3029/2952 3036/3030/2953 3034/3028/2951
f 3036/3030/2953 3035/3029/2952 3037/3031/2954
f 3037/3031/2954 3038/3032/2955 3036/3030/2953
f 3038/3032/2955 3037/3031/2954 3039/3033/2956
f 3039/3033/2956 3040/3034/2957 3038/3032/2955
f 3041/3035/2958 3042/3036/2959 3043/3037/2960
f 3043/3037/2960 3044/3038/2961 3041/3035/2958
f 3044/3038/2961 3043/3037/2960 3045/3039/2962
f 3045/3039/2962 3046/3040/2963 3044/3038/2961
f 3046/3040/2963 3045/3039/2962 3047/3041/2964
f 3047/3041/2964 3048/3042/2965 3046/3040/2963
f 3049/3043/2966 3047/3041/2964 3001/2995/2918
f 3001/2995/2918 3000/2994/2917 3049/3043/2966
f 3049/3043/2966 3000/2994/2917 3003/2997/2920
f 3003/2997/2920 3050/3044/2967 3049/3043/2966
f 3050/3044/2967 3003/2997/2920 3005/2999/2922
f 3005/2999/2922 3051/3045/2968 3050/3044/2967
f 3051/3045/2968 3005/2999/2922 3007/3001/2924
f 3007/3001/2924 3052/3046/2958 3051/3045/2968
f 3053/3047/2969 3008/3002/2925 3011/3005/2928
f 3011/3005/2928 3054/3048/2970 3053/3047/2969
f 3054/3048/2970 3011/3005/2928 3013/3007/2930
f 3013/3007/2930 3055/3049/2971 3054/3048/2970
f 3055/3049/2971 3013/3007/2930 3015/3009/2932
f 3015/3009/2932 3056/3050/2951 3055/3049/2971
f 3056/3050/2951 3015/3009/2932 3017/3011/2934
f 3017/3011/2934 3057/3051/2949 3056/3050/2951
f 3057/3051/2949 3017/3011/2934 3019/3013/2936
f 3019/3013/2936 3058/3052/2972 3057/3051/2949
f 3058/3052/2972 3019/3013/2936 3021/3015/2938
f 3021/3015/2938 3059/3053/2973 3058/3052/2972
f 3059/3053/2973 3021/3015/2938 3023/3017/2940
f 3023/3017/2940 3025/3019/2942 3059/3053/2973
f 3001/2995/2918 3047/3041/2964 3045/3039/2962
f 3045/3039/2962 3002/2996/2919 3001/2995/2918
f 3002/2996/2919 3045/3039/2962 3043/3037/2960
f 3043/3037/2960 3004/2998/2921 3002/2996/2919
f 3004/2998/2921 3043/3037/2960 3042/3036/2959
f 3042/3036/2959 3006/3000/2923 3004/2998/2921
f 3009/3003/2926 3039/3033/2956 3037/3031/2954
f 3037/3031/2954 3010/3004/2927 3009/3003/2926
f 3010/3004/2927 3037/3031/2954 3035/3029/2952
f 3035/3029/2952 3012/3006/2929 3010/3004/2927
f 3012/3006/2929 3035/3029/2952 3033/3027/2950
f 3033/3027/2950 3014/3008/2931 3012/3006/2929
f 3014/3008/2931 3033/3027/2950 3031/3025/2948
f 3031/3025/2948 3016/3010/2933 3014/3008/2931
f 3016/3010/2933 3031/3025/2948 3029/3023/2946
f 3029/3023/2946 3018/3012/2935 3016/3010/2933
f 3018/3012/2935 3029/3023/2946 3027/3021/2944
f 3027/3021/2944 3020/3014/2937 3018/3012/2935
f 3020/3014/2937 3027/3021/2944 3024/3018/2941
f 3024/3018/2941 3022/3016/2939 3020/3014/2937
f 3007/3001/2924 3006/3000/2923 3009/3003/2926
f 3009/3003/2926 3008/3002/2925 3007/3001/2924
f 3052/3046/2958 3007/3001/2924 3008/3002/2925
f 3008/3002/2925 3053/3047/2969 3052/3046/2958
f 3040/3034/2957 3039/3033/2956 3042/3036/2959
f 3042/3036/2959 3041/3035/2958 3040/3034/2957
f 3006/3000/2923 3042/3036/2959 3039/3033/2956
f 3039/3033/2956 3009/3003/2926 3006/3000/2923
