# Blender 5.2.0 LTS
# www.blender.org
o Ford_Raptor_BASE
v -0.877148 0.447680 1.535361
v -0.803237 0.479354 1.571455
v -0.802960 0.502821 1.328798
v -0.876902 0.462780 1.293790
v -0.860529 0.388277 1.989714
v -0.792993 0.402866 2.025808
v -0.800649 0.449262 1.791239
v -0.873549 0.421604 1.755145
v -0.839213 0.493283 1.172385
v -0.879406 0.463296 1.211748
v -0.896856 0.375453 1.052132
v -0.877344 0.454713 1.092182
v -0.873232 0.446001 1.002685
v -0.882546 0.345798 1.008746
v -0.803044 0.516443 1.128796
v -0.920450 0.240192 1.946973
v -0.920450 0.200884 1.984472
v -0.873674 0.273050 2.079237
v -0.873674 0.338206 2.012379
v -0.904606 0.382503 1.730954
v -0.920450 0.339661 1.704447
v -0.920450 0.301963 1.834122
v -0.891621 0.355432 1.930507
v -0.908367 0.397995 1.553454
v -0.920450 0.348907 1.571333
v -0.916440 0.375956 1.359433
v -0.920450 0.330802 1.434511
v -0.920991 0.279562 1.297826
v -0.920226 0.333205 1.244669
v -0.920244 0.268176 1.148423
v -0.920448 0.183027 1.173912
v -0.903663 0.066799 1.038763
v -0.903887 0.220942 1.050310
v -0.893206 0.224650 1.007016
v -0.893092 0.019644 0.994288
v -0.894443 -0.059685 0.985881
v -0.900077 0.323459 1.051900
v -0.915497 0.056149 1.084809
v -0.914644 0.208318 1.102386
v -0.917565 0.323466 1.119810
v -0.912056 0.373773 1.214019
v -0.902896 0.416141 1.293929
v -0.906851 -0.101864 1.020702
v -0.838929 0.496654 0.997791
v -0.803100 0.525645 0.993717
v -0.776399 0.545973 1.314224
v -0.788665 0.521924 1.388435
v -0.757469 0.566961 1.395445
v -0.754768 0.577906 1.270477
v -0.757489 0.546176 1.572519
v -0.789153 0.502673 1.571826
v -0.755399 0.519529 1.775160
v -0.784979 0.474779 1.785402
v -0.737928 0.492678 1.982176
v -0.772299 0.436618 2.009409
v -0.743145 0.606412 1.143889
v -0.781571 0.569244 1.131153
v -0.665421 0.392607 2.227347
v -0.604895 0.461053 2.223298
v -0.690857 0.475467 2.112981
v -0.738822 0.397093 2.137605
v -0.507670 0.450613 2.302383
v -0.553169 0.388180 2.312698
v -0.446273 0.385549 2.364166
v -0.765873 0.429051 2.039275
v -0.770197 0.400439 2.072851
v -0.755934 0.660562 0.931941
v -0.723331 0.661596 1.028327
v -0.779747 0.595089 0.966831
v -0.427375 0.463804 2.330806
v -0.376263 0.409730 2.382254
v -0.618419 0.504294 1.889305
v -0.594738 0.487705 2.018289
v -0.472493 0.517667 2.069056
v -0.487837 0.560123 1.816380
v -0.511238 0.624649 1.311915
v -0.603682 0.583209 1.297506
v -0.600171 0.562071 1.437668
v -0.500108 0.594032 1.564595
v -0.629267 0.558528 1.467206
v -0.522064 0.459130 2.237705
v -0.456717 0.475176 2.271759
v -0.556341 0.479409 2.083679
v -0.629193 0.520187 1.770370
v -0.690034 0.580166 1.282934
v -0.172123 0.527764 2.073961
v -0.153607 0.481028 2.282638
v -0.147320 0.504787 2.201957
v -0.148758 0.542041 2.073928
v -0.187464 0.570217 1.821282
v -0.161171 0.584497 1.821248
v -0.194483 0.604126 1.569496
v -0.177721 0.618396 1.569474
v -0.189463 0.631619 1.384137
v -0.289806 0.631927 1.332720
v 0.000025 0.634906 1.342283
v -0.226337 0.463710 2.346864
v -0.188204 0.413961 2.392825
v -0.684329 0.852990 0.649676
v -0.728309 0.735454 0.845063
v -0.683143 0.773173 0.861070
v -0.643400 0.880173 0.677989
v -0.611434 0.972693 0.485150
v -0.648414 0.947463 0.458389
v -0.456288 0.790488 0.883024
v -0.483080 0.680738 1.053221
v -0.241826 0.691794 1.067310
v -0.228427 0.800511 0.895497
v -0.431008 0.895586 0.697926
v -0.215788 0.904298 0.709104
v -0.408480 0.987303 0.503588
v -0.204526 0.996015 0.514767
v 0.000025 0.694764 1.070595
v 0.000025 0.803244 0.898494
v 0.000025 0.906313 0.711528
v 0.000025 0.998832 0.518688
v -0.564256 0.975952 0.489265
v -0.512440 0.568140 1.220795
v -0.258021 0.573621 1.248966
v 0.000025 0.573621 1.257554
v -0.704868 0.609338 1.149172
v -0.701118 0.664146 1.030890
v -0.288442 0.573621 1.312433
v 0.000025 0.573621 1.323607
v -0.512440 0.569824 1.285984
v -0.678279 0.557664 1.258337
v -0.687827 0.557459 1.191128
v -0.633496 0.992408 0.276568
v -0.598652 1.023071 0.296289
v -0.594007 1.046930 0.108483
v -0.628823 1.013574 0.094940
v -0.593679 1.052835 -0.121016
v -0.627926 1.017344 -0.118377
v -0.199563 1.049404 0.316689
v -0.399445 1.042218 0.311061
v -0.395884 1.066945 0.115603
v -0.197762 1.074806 0.118849
v -0.197650 1.083165 -0.122151
v -0.395666 1.073884 -0.122059
v 0.000025 1.052815 0.319349
v -0.551261 1.030193 0.299680
v 0.000025 1.078766 0.120493
v -0.548434 1.054283 0.110129
v 0.000025 1.087674 -0.122245
v -0.548233 1.060366 -0.121255
v -0.593661 1.053148 -0.415933
v -0.593644 1.053470 -0.672003
v -0.631101 1.009305 -0.663527
v -0.627908 1.016805 -0.404726
v -0.593639 1.052330 -0.822327
v -0.635005 0.997847 -0.880196
v -0.594850 1.046038 -0.906213
v -0.607593 1.024524 -0.963717
v -0.641289 0.979663 -0.932127
v -0.711319 0.808487 -1.045474
v -0.756917 0.695058 -1.056559
v -0.755470 0.698723 -0.982670
v -0.707944 0.816346 -0.977709
v -0.634058 0.985843 -1.008253
v -0.893221 0.361734 -0.977415
v -0.892739 0.362262 -1.064021
v -0.892739 0.214287 -1.056835
v -0.893221 0.213756 -0.970107
v -0.838929 0.555902 -0.981740
v -0.838449 0.556430 -1.063780
v -0.872695 0.510240 -1.063691
v -0.873178 0.509712 -0.981113
v -0.802998 0.581101 -0.982094
v -0.802518 0.581630 -1.063792
v -0.868949 -0.188948 -1.002086
v -0.876498 -0.164826 -0.905384
v -0.885550 -0.087564 -0.933002
v -0.885068 -0.087036 -1.022532
v -0.893409 -0.000399 -0.948817
v -0.892868 0.068813 -1.043028
v -0.887588 0.068285 -0.957016
v -0.660415 0.933968 -0.964637
v -0.664040 0.921916 -1.026168
v -0.865492 -0.218605 0.839026
v -0.865492 -0.214315 -0.103744
v -0.825434 -0.281018 0.838932
v -0.865492 -0.210945 -0.844700
v -0.825434 -0.280815 -0.973412
v -0.839884 -0.281333 0.987252
v -0.880839 -0.218806 0.999076
v -0.885550 -0.129337 0.970948
v -0.876498 -0.190119 0.928947
v -0.920450 0.141054 2.040979
v -0.680636 0.205402 2.299216
v -0.795132 0.215684 2.199691
v -0.798446 0.133789 2.202991
v -0.682104 0.129296 2.302401
v -0.550021 0.199049 2.375271
v -0.540893 0.125712 2.384194
v -0.870925 0.137381 2.121774
v -0.849485 0.234848 2.133869
v -0.597563 1.031540 -0.984229
v -0.548632 1.053173 -0.933170
v -0.550192 1.039477 -1.000209
v -0.548182 1.059551 -0.822353
v -0.606422 1.004412 -1.039919
v -0.556344 1.012385 -1.052652
v -0.617281 0.972177 -1.058560
v -0.632180 0.928068 -1.066904
v -0.710738 0.696064 -1.090366
v -0.671319 0.812376 -1.083821
v -0.749531 0.499382 -1.092401
v -0.749699 0.580992 -1.092398
v -0.619219 0.814763 -1.083853
v -0.660804 0.673382 -1.091641
v -0.583024 0.928268 -1.066922
v -0.567982 0.975703 -1.057889
v -0.198326 1.067857 -0.959751
v -0.199187 1.056709 -1.027526
v -0.393159 1.050261 -1.019482
v -0.392501 1.062078 -0.951247
v -0.197764 1.076508 -0.829483
v -0.395701 1.068941 -0.826229
v -0.201386 1.033513 -1.050726
v -0.400837 1.024588 -1.051646
v 0.000025 1.059101 -1.028100
v 0.000025 1.070221 -0.963036
v 0.000025 1.079749 -0.830524
v 0.000025 1.036254 -1.050435
v -0.197772 1.083274 -0.416146
v -0.395717 1.073896 -0.416040
v -0.197767 1.080508 -0.672216
v -0.395704 1.071128 -0.672109
v 0.000025 1.087872 -0.416253
v -0.548170 1.060374 -0.415958
v 0.000025 1.085106 -0.672323
v -0.548172 1.060384 -0.672028
v -0.408511 0.987486 -1.057946
v -0.204630 0.995939 -1.057882
v 0.000025 0.998979 -1.057862
v 0.000025 0.928527 -1.066912
v 0.000025 0.815022 -1.083844
v -0.615706 0.623679 -1.092409
v 0.000025 0.623915 -1.092409
v 0.000025 0.499694 -1.092406
v -0.695876 0.581055 -1.092401
v -0.653250 0.639884 -1.092476
v -0.749919 0.362681 -1.092729
v -0.749919 0.214706 -1.085543
v -0.742248 -0.086617 -1.051240
v -0.726130 -0.188529 -1.030793
v -0.750047 0.069235 -1.071736
v -0.682615 -0.280393 -1.002118
v -0.330274 -0.280185 0.575950
v -0.969652 -0.002162 1.185850
v -0.953302 -0.134744 1.131471
v -0.516870 -0.095651 1.140841
v -0.516870 0.053482 1.215540
v -0.978875 0.102385 1.256094
v -0.516872 0.191790 1.349401
v -0.980820 0.182357 1.354534
v -0.516872 0.250078 1.568745
v -0.981466 0.228765 1.465964
v -0.981440 0.243167 1.569738
v -0.981237 0.237729 1.673161
v -0.516872 0.231066 1.755849
v -0.981062 0.213439 1.772369
v -0.516872 0.125270 1.898998
v -0.981209 0.178669 1.855191
v -0.981097 0.147300 1.899034
v -0.697824 -0.281712 1.109602
v -0.930491 -0.218255 1.118481
v -0.868964 -0.299314 1.106980
v -0.773999 -0.312603 1.105611
v -0.980940 0.143972 1.974744
v -0.517281 0.125189 2.327128
v -0.516865 -0.281526 1.110351
v -0.705724 -0.282253 1.059574
v -0.748825 -0.281392 1.005063
v -0.516867 -0.281280 1.764371
v -0.811913 0.282405 2.086344
v -0.811916 0.338127 2.026517
v -0.809002 0.381848 2.011497
v -0.530486 0.209807 2.348832
v -0.673080 0.219936 2.268073
v -0.765205 0.232877 2.180235
v -0.800476 0.252778 2.125391
v -0.517314 0.125184 2.360270
v -0.969482 0.023650 1.142619
v -0.952477 -0.119057 1.082756
v -0.978842 0.138041 1.221164
v -0.980940 0.225532 1.330251
v -0.980940 0.276799 1.452707
v -0.980940 0.293322 1.567338
v -0.980940 0.288072 1.680266
v -0.980940 0.262186 1.789474
v -0.980940 0.210274 1.899567
v -0.926137 -0.218481 1.067511
v -0.869013 -0.299342 1.057638
v -0.771794 -0.312428 1.056505
v 0.882594 0.345798 1.008746
v 0.893255 0.224650 1.007016
v 0.893270 0.343522 -0.079136
v 0.893270 0.192867 -0.074879
v 0.893270 0.213756 -0.970107
v 0.893270 0.361734 -0.977415
v 0.873226 0.486895 -0.083395
v 0.873226 0.509709 -0.981116
v 0.838977 0.555902 -0.981740
v 0.838977 0.538764 -0.084358
v 0.838977 0.496654 0.997791
v 0.873280 0.446001 1.002685
v 0.803046 0.581101 -0.982094
v 0.803046 0.562359 -0.085321
v 0.803147 0.525645 0.993717
v 0.893270 0.151658 0.612948
v 0.893270 0.101785 0.849848
v 0.893143 0.019644 0.994288
v 0.885599 -0.106202 -0.083480
v 0.876546 -0.176025 -0.093178
v 0.876546 -0.164826 -0.905384
v 0.885599 -0.087567 -0.933002
v 0.865540 -0.214315 -0.103744
v 0.865540 -0.210945 -0.844700
v 0.893458 -0.027290 -0.079034
v 0.893458 -0.000399 -0.948820
v 0.885599 -0.129337 0.970948
v 0.894492 -0.059685 0.985881
v 0.876546 -0.190119 0.928947
v 0.865540 -0.218605 0.839026
v 0.880100 0.046919 -0.077635
v 0.887636 0.068285 -0.957016
v 0.880062 -0.014186 0.946506
v 0.880021 0.058130 0.811848
v 0.882670 0.115486 0.596143
v 0.877197 0.447680 1.535361
v 0.876950 0.462780 1.293790
v 0.803008 0.502821 1.328798
v 0.803285 0.479354 1.571455
v 0.860577 0.388277 1.989714
v 0.873597 0.421604 1.755145
v 0.800696 0.449262 1.791239
v 0.793041 0.402866 2.025808
v 0.839262 0.493280 1.172385
v 0.879455 0.463296 1.211748
v 0.896904 0.375453 1.052132
v 0.877392 0.454713 1.092182
v 0.803092 0.516443 1.128796
v 0.920499 0.240192 1.946973
v 0.873722 0.338206 2.012379
v 0.873722 0.273050 2.079237
v 0.920499 0.200884 1.984472
v 0.904654 0.382503 1.730954
v 0.891669 0.355432 1.930507
v 0.920499 0.301963 1.834122
v 0.920499 0.339661 1.704447
v 0.908415 0.397995 1.553454
v 0.920499 0.348907 1.571333
v 0.920499 0.330802 1.434511
v 0.916488 0.375956 1.359433
v 0.921039 0.279562 1.297826
v 0.920496 0.183027 1.173912
v 0.920293 0.268176 1.148423
v 0.920275 0.333205 1.244669
v 0.903935 0.220942 1.050310
v 0.903712 0.066799 1.038763
v 0.900125 0.323459 1.051900
v 0.914692 0.208318 1.102386
v 0.915546 0.056149 1.084809
v 0.917613 0.323466 1.119810
v 0.902944 0.416141 1.293929
v 0.912104 0.373773 1.214019
v 0.906899 -0.101864 1.020702
v 0.757517 0.566961 1.395445
v 0.788713 0.521924 1.388435
v 0.776448 0.545973 1.314224
v 0.754817 0.577906 1.270477
v 0.757537 0.546176 1.572519
v 0.789200 0.502673 1.571826
v 0.755447 0.519529 1.775160
v 0.785027 0.474779 1.785402
v 0.737976 0.492678 1.982176
v 0.772348 0.436618 2.009409
v 0.781618 0.569244 1.131153
v 0.743194 0.606412 1.143889
v 0.690905 0.475467 2.112981
v 0.604944 0.461053 2.223298
v 0.665470 0.392607 2.227347
v 0.738871 0.397093 2.137605
v 0.507718 0.450613 2.302383
v 0.446321 0.385549 2.364166
v 0.553217 0.388180 2.312698
v 0.765921 0.429051 2.039275
v 0.770245 0.400436 2.072851
v 0.755983 0.660562 0.931941
v 0.723379 0.661596 1.028327
v 0.779795 0.595089 0.966831
v 0.427424 0.463804 2.330806
v 0.376311 0.409730 2.382254
v 0.226385 0.463710 2.346864
v 0.188252 0.413959 2.392825
v 0.472542 0.517667 2.069056
v 0.594787 0.487705 2.018289
v 0.618467 0.504294 1.889305
v 0.487886 0.560123 1.816380
v 0.511287 0.624649 1.311915
v 0.500157 0.594032 1.564595
v 0.600220 0.562071 1.437668
v 0.603730 0.583209 1.297506
v 0.629315 0.558528 1.467206
v 0.522112 0.459130 2.237705
v 0.556390 0.479409 2.083679
v 0.456766 0.475176 2.271759
v 0.629242 0.520187 1.770370
v 0.690082 0.580166 1.282934
v 0.177769 0.618396 1.569474
v 0.161219 0.584497 1.821248
v 0.148806 0.542041 2.073928
v 0.153655 0.481028 2.282638
v 0.147368 0.504787 2.201959
v 0.172171 0.527764 2.073961
v 0.187515 0.570217 1.821282
v 0.194531 0.604126 1.569496
v 0.289854 0.631927 1.332720
v 0.189512 0.631619 1.384137
v 0.684378 0.852990 0.649676
v 0.643448 0.880173 0.677989
v 0.683191 0.773173 0.861070
v 0.728358 0.735454 0.845063
v 0.611485 0.972693 0.485150
v 0.648462 0.947463 0.458387
v 0.456336 0.790488 0.883024
v 0.228478 0.800511 0.895497
v 0.241874 0.691794 1.067310
v 0.483128 0.680738 1.053221
v 0.431056 0.895586 0.697926
v 0.215837 0.904298 0.709104
v 0.408528 0.987303 0.503588
v 0.204574 0.996015 0.514767
v 0.564304 0.975952 0.489265
v 0.258069 0.573621 1.248966
v 0.512488 0.568140 1.220795
v 0.704916 0.609338 1.149172
v 0.701167 0.664146 1.030890
v 0.288490 0.573621 1.312433
v 0.512488 0.569824 1.285984
v 0.687875 0.557459 1.191128
v 0.678327 0.557664 1.258337
v 0.633545 0.992408 0.276568
v 0.628871 1.013574 0.094940
v 0.594055 1.046930 0.108483
v 0.598703 1.023071 0.296289
v 0.627974 1.017344 -0.118377
v 0.593728 1.052835 -0.121016
v 0.199611 1.049404 0.316689
v 0.399494 1.042218 0.311061
v 0.395932 1.066945 0.115603
v 0.197810 1.074806 0.118849
v 0.197698 1.083165 -0.122151
v 0.395714 1.073884 -0.122059
v 0.551310 1.030193 0.299680
v 0.548483 1.054283 0.110129
v 0.548282 1.060366 -0.121255
v 0.631149 1.009305 -0.663527
v 0.593692 1.053470 -0.672003
v 0.593710 1.053148 -0.415933
v 0.627957 1.016805 -0.404726
v 0.593687 1.052330 -0.822327
v 0.635053 0.997847 -0.880196
v 0.641337 0.979663 -0.932127
v 0.607642 1.024524 -0.963717
v 0.594901 1.046038 -0.906213
v 0.711367 0.808487 -1.045474
v 0.707992 0.816346 -0.977709
v 0.755518 0.698723 -0.982670
v 0.756966 0.695058 -1.056559
v 0.634106 0.985843 -1.008253
v 0.892787 0.214287 -1.056835
v 0.892790 0.362262 -1.064021
v 0.872746 0.510240 -1.063691
v 0.838497 0.556430 -1.063780
v 0.802566 0.581630 -1.063792
v 0.868998 -0.188948 -1.002086
v 0.885116 -0.087036 -1.022532
v 0.892917 0.068813 -1.043028
v 0.660464 0.933968 -0.964637
v 0.664091 0.921916 -1.026168
v 0.825482 -0.281018 0.838932
v 0.825482 -0.280815 -0.973412
v 0.839932 -0.281333 0.987252
v 0.880887 -0.218806 0.999076
v 0.920499 0.141054 2.040979
v 0.680684 0.205402 2.299216
v 0.682153 0.129296 2.302401
v 0.798495 0.133789 2.202991
v 0.795180 0.215684 2.199691
v 0.550070 0.199049 2.375271
v 0.540941 0.125712 2.384194
v 0.849533 0.234848 2.133869
v 0.870974 0.137381 2.121774
v 0.597611 1.031540 -0.984232
v 0.550240 1.039477 -1.000209
v 0.548683 1.053173 -0.933170
v 0.548231 1.059551 -0.822353
v 0.606471 1.004412 -1.039919
v 0.556392 1.012385 -1.052652
v 0.617329 0.972177 -1.058560
v 0.632231 0.928068 -1.066904
v 0.710788 0.696064 -1.090366
v 0.671370 0.812376 -1.083821
v 0.749579 0.499382 -1.092401
v 0.749747 0.580992 -1.092398
v 0.660852 0.673382 -1.091641
v 0.619267 0.814763 -1.083853
v 0.583072 0.928268 -1.066922
v 0.568030 0.975703 -1.057889
v 0.198374 1.067857 -0.959751
v 0.392549 1.062078 -0.951247
v 0.393207 1.050261 -1.019482
v 0.199238 1.056709 -1.027526
v 0.197813 1.076508 -0.829483
v 0.395750 1.068941 -0.826229
v 0.400886 1.024588 -1.051646
v 0.201435 1.033513 -1.050726
v 0.395765 1.073896 -0.416040
v 0.197820 1.083274 -0.416146
v 0.395755 1.071128 -0.672109
v 0.197815 1.080508 -0.672216
v 0.548218 1.060374 -0.415958
v 0.548221 1.060384 -0.672028
v 0.408559 0.987486 -1.057946
v 0.204678 0.995939 -1.057882
v 0.615754 0.623679 -1.092409
v 0.695924 0.581055 -1.092401
v 0.653298 0.639884 -1.092476
v 0.749968 0.214706 -1.085543
v 0.749968 0.362681 -1.092729
v 0.726178 -0.188529 -1.030793
v 0.742297 -0.086617 -1.051240
v 0.750095 0.069235 -1.071736
v 0.705685 -0.280393 -1.002118
v 0.705660 -0.281417 0.838909
v 0.331089 -0.280198 0.576034
v 0.969701 -0.002162 1.185850
v 0.516918 0.053482 1.215540
v 0.516918 -0.095651 1.140841
v 0.953351 -0.134744 1.131471
v 0.978924 0.102385 1.256094
v 0.980869 0.182357 1.354534
v 0.516921 0.191790 1.349401
v 0.981514 0.228765 1.465964
v 0.516921 0.250078 1.568745
v 0.981489 0.243167 1.569738
v 0.981286 0.237729 1.673161
v 0.981111 0.213439 1.772369
v 0.516921 0.231066 1.755849
v 0.981258 0.178669 1.855191
v 0.516921 0.125270 1.898998
v 0.981146 0.147300 1.899036
v 0.869012 -0.299314 1.106980
v 0.930539 -0.218255 1.118481
v 0.697873 -0.281712 1.109602
v 0.774047 -0.312603 1.105611
v 0.980989 0.143975 1.974744
v 0.517362 0.125184 2.360270
v 0.517329 0.125189 2.326998
v 0.516913 -0.281526 1.110351
v 0.705772 -0.282253 1.059574
v 0.748873 -0.281392 1.005063
v 0.811964 0.338127 2.026517
v 0.811961 0.282405 2.086344
v 0.808065 0.381848 2.011497
v 0.673128 0.219936 2.268073
v 0.530535 0.209807 2.348832
v 0.765256 0.232877 2.180235
v 0.800527 0.252778 2.125391
v 0.952525 -0.119057 1.082756
v 0.969530 0.023650 1.142619
v 0.978891 0.138041 1.221164
v 0.980989 0.225532 1.330251
v 0.980989 0.276799 1.452707
v 0.980989 0.293322 1.567338
v 0.980989 0.288072 1.680266
v 0.980989 0.262186 1.789474
v 0.980989 0.210274 1.899567
v 0.869061 -0.299342 1.057638
v 0.926186 -0.218481 1.067511
v 0.771843 -0.312428 1.056505
v 0.272171 -0.383355 1.886153
v -0.272123 -0.383355 1.886153
v -0.272123 -0.383601 0.739280
v 0.272171 -0.383601 0.739280
v 0.516915 -0.281280 1.764373
v -0.516867 -0.073122 2.292937
v -0.329959 -0.281280 1.764371
v 0.330007 -0.281280 1.764373
v -0.329959 -0.073122 2.292937
v 0.516915 -0.073122 2.292937
v 0.330007 -0.073122 2.292937
v 0.272174 -0.323990 2.209912
v -0.272125 -0.323990 2.209912
v -0.893221 0.343522 -0.079136
v -0.893221 0.192867 -0.074879
v -0.873178 0.486895 -0.083395
v -0.838929 0.538764 -0.084358
v -0.802998 0.562359 -0.085321
v -0.893221 0.151658 0.612948
v -0.893221 0.101785 0.849848
v -0.885550 -0.106202 -0.083480
v -0.876498 -0.176025 -0.093178
v -0.893409 -0.027290 -0.079034
v -0.880051 0.046919 -0.077635
v -0.880013 -0.014186 0.946506
v -0.879973 0.058130 0.811848
v -0.882622 0.115486 0.596143
v -0.702607 -0.243972 -2.681971
v -0.702607 -0.243972 -2.627061
v -0.702607 -0.189063 -2.627061
v -0.702607 -0.189063 -2.681971
v 0.703392 -0.189063 -2.627061
v 0.703392 -0.243972 -2.627061
v 0.703392 -0.243972 -2.681971
v 0.703392 -0.189063 -2.681971
v -0.980097 0.127294 1.913189
v -0.981349 0.126479 1.986016
v -0.920259 0.127338 1.913375
v -0.925507 0.124280 2.047690
v -0.871334 0.120873 2.122460
v -0.655592 0.111288 2.106707
v -0.798855 0.117282 2.203674
v -0.682513 0.112789 2.303084
v -0.655701 0.112661 2.247402
v -0.541302 0.109205 2.384880
v -0.490994 0.104625 2.345894
v -0.371010 0.076992 2.369823
v -0.370832 0.076949 2.435400
v -0.195908 0.077198 2.442390
v -0.196085 0.077241 2.376813
v -0.422313 0.081285 2.428685
v -0.422491 0.081328 2.363930
v -0.490423 0.102222 2.400933
v -0.980064 0.086055 2.012120
v -0.945685 0.082969 2.074528
v -0.891042 0.078692 2.147616
v -0.815599 0.073970 2.229574
v -0.699257 0.068364 2.329445
v -0.606054 0.063421 2.386788
v -0.377589 0.063406 2.455774
v -0.196103 0.063416 2.462764
v -0.499755 0.063413 2.432002
v -0.353481 -0.028369 2.455662
v -0.196151 -0.028126 2.462652
v -0.477347 -0.028527 2.426521
v -0.426080 -0.028474 2.440008
v -0.521713 -0.028662 2.406343
v -0.601680 -0.191361 2.329749
v -0.709374 -0.112713 2.299114
v -0.738556 -0.127762 2.272640
v -0.707809 -0.177891 2.267179
v -0.804865 -0.161775 2.202983
v -0.815706 -0.112413 2.215520
v -0.893412 -0.089929 2.139486
v -0.894263 -0.138603 2.130806
v -0.927158 -0.126022 2.098492
v -0.969436 0.005199 2.044454
v -0.951367 -0.092662 2.067342
v -0.918428 -0.065745 2.110860
v -0.977788 0.060993 1.964398
v -0.969592 -0.019865 2.000019
v -0.707956 -0.202954 2.201096
v -0.805015 -0.186840 2.137022
v -0.894418 -0.163667 2.072178
v -0.951522 -0.117726 2.025051
v -0.927313 -0.151084 2.045894
v -0.601822 -0.216426 2.263237
v -0.519946 -0.041954 2.422027
v -0.536125 -0.054920 2.411502
v -0.590047 -0.194879 2.353036
v -0.471035 -0.199444 2.404489
v -0.196096 -0.131971 2.442800
v -0.339135 -0.132002 2.435126
v -0.337403 -0.145164 2.447864
v -0.196093 -0.144567 2.455746
v -0.546890 -0.047564 2.389366
v -0.476138 -0.042119 2.439681
v -0.590210 -0.216472 2.295271
v -0.471226 -0.226710 2.346772
v -0.449706 -0.207061 2.298340
v -0.449722 -0.199441 2.378723
v -0.196281 -0.229380 2.388037
v -0.196073 -0.199400 2.445751
v -0.330271 -0.199418 2.437539
v -0.330477 -0.229398 2.379823
v -0.739389 0.027983 2.293396
v -0.712757 0.016464 2.316183
v -0.815612 0.033088 2.228739
v -0.891322 0.038161 2.146658
v -0.909469 0.039377 2.122559
v -0.924178 0.023535 2.102787
v -0.679361 -0.036010 2.329147
v -0.708617 -0.037041 2.268492
v -0.737624 -0.003208 2.244806
v -0.732226 -0.099868 2.247428
v -0.816000 0.002263 2.181520
v -0.904463 0.008021 2.084017
v -0.901212 -0.055248 2.090235
v -0.812536 -0.078826 2.181568
v -0.920062 0.061173 1.964281
v -0.912533 -0.019513 2.002897
v -0.885205 -0.117201 2.050779
v -0.471226 -0.227147 2.314649
v -0.330477 -0.229530 2.348355
v -0.196281 -0.229512 2.356569
v -0.471282 -0.308336 2.283308
v -0.589983 -0.295138 2.231893
v -0.590026 -0.372054 2.062399
v -0.471322 -0.390185 2.139447
v -0.330533 -0.308242 2.317014
v -0.353675 -0.290881 2.281911
v -0.353675 -0.319197 2.290532
v -0.196334 -0.308224 2.325225
v -0.330573 -0.391663 2.156252
v -0.196377 -0.391648 2.164466
v -0.459463 -0.398465 1.896892
v -0.330606 -0.398455 1.896916
v -0.196408 -0.400540 1.821713
v -0.471358 -0.384183 1.886816
v -0.330609 -0.384249 1.886974
v -0.196413 -0.386454 1.810627
v -0.601810 -0.354086 2.051309
v -0.601807 -0.282763 2.208375
v -0.180980 -0.411876 1.906732
v -0.174460 -0.402849 2.174362
v -0.174643 -0.330845 2.311192
v -0.589935 -0.225082 2.259790
v -0.471231 -0.235806 2.311202
v -0.330484 -0.238186 2.344908
v -0.353715 -0.214321 2.317984
v -0.196285 -0.238171 2.353120
v -0.602033 -0.199507 2.241091
v -0.449730 -0.214346 2.295322
v -0.196700 -0.214521 2.328142
v -0.449725 -0.183345 2.413346
v -0.449725 -0.318247 2.271190
v -0.449722 -0.290942 2.259818
v -0.353687 -0.183083 2.436102
v -0.353687 -0.199423 2.401298
v -0.353692 -0.207036 2.321085
v -0.434251 -0.042078 2.451009
v -0.412633 -0.131067 2.434694
v -0.403418 -0.119281 2.422571
v -0.397169 -0.112708 2.393140
v -0.338625 -0.124275 2.404512
v -0.353247 -0.036119 2.404608
v -0.416301 -0.036203 2.392977
v -0.196139 -0.124193 2.411812
v -0.196108 -0.035903 2.411807
v -0.353858 -0.194166 2.296041
v -0.449870 -0.194191 2.273382
v -0.471147 -0.268087 2.240933
v -0.471147 -0.353769 2.050956
v -0.346504 -0.326794 1.367173
v -0.346504 -0.326794 1.852475
v -0.363669 -0.388666 1.815183
v -0.363669 -0.388666 1.404900
v -0.646646 -0.438562 1.741386
v -0.646646 -0.438562 1.478679
v -0.656707 -0.381493 1.451074
v -0.656707 -0.381493 1.768552
v -0.599856 0.160889 1.562563
v -0.599856 -0.343883 1.562563
v -0.599856 -0.343883 1.658689
v -0.599856 0.160889 1.658689
v -0.517299 0.204473 1.533294
v -0.517299 -0.343883 1.533294
v -0.517299 0.204473 1.687957
v -0.517299 -0.343883 1.687957
v -0.187996 0.388269 2.419912
v -0.372509 0.384251 2.410834
v -0.371010 0.091702 2.422360
v -0.186660 0.091948 2.430874
v -0.436047 0.362473 2.394776
v -0.422491 0.096035 2.414202
v -0.512155 0.307442 2.374055
v -0.490598 0.116972 2.393140
v -0.446273 0.385549 2.364166
v -0.376263 0.409730 2.382254
v -0.188204 0.413959 2.392825
v -0.517314 0.125184 2.360270
v -0.519892 0.287386 2.372307
v -0.544327 0.289578 2.339081
v -0.531022 0.323779 2.341835
v -0.370878 0.091595 2.387069
v -0.186527 0.091844 2.395584
v -0.422359 0.095931 2.380765
v -0.655592 -0.026533 2.165871
v 0.980145 0.127294 1.913189
v 0.920308 0.127335 1.913375
v 0.981398 0.126479 1.986016
v 0.925558 0.124280 2.047690
v 0.655640 0.111288 2.106707
v 0.871382 0.120873 2.122460
v 0.798903 0.117282 2.203674
v 0.655749 0.112661 2.247402
v 0.682562 0.112789 2.303084
v 0.491043 0.104625 2.345894
v 0.541350 0.109205 2.384880
v 0.195956 0.077198 2.442390
v 0.370881 0.076949 2.435400
v 0.371058 0.076992 2.369823
v 0.196134 0.077241 2.376813
v 0.422361 0.081285 2.428685
v 0.422539 0.081328 2.363930
v 0.490471 0.102222 2.400933
v 0.980115 0.086055 2.012120
v 0.945733 0.082969 2.074528
v 0.891090 0.078692 2.147616
v 0.815650 0.073970 2.229574
v 0.699308 0.068364 2.329445
v 0.606102 0.063421 2.386788
v 0.196151 0.063416 2.462764
v 0.377637 0.063406 2.455774
v 0.499806 0.063413 2.432002
v 0.353530 -0.028369 2.455662
v 0.196200 -0.028126 2.462652
v 0.426128 -0.028474 2.440008
v 0.478539 -0.028527 2.426521
v 0.521762 -0.028662 2.406343
v 0.707857 -0.177891 2.267179
v 0.738604 -0.127762 2.272640
v 0.709422 -0.112713 2.299114
v 0.601729 -0.191361 2.329749
v 0.894311 -0.138605 2.130806
v 0.893463 -0.089929 2.139486
v 0.815754 -0.112413 2.215520
v 0.804913 -0.161775 2.202983
v 0.927207 -0.126022 2.098492
v 0.951415 -0.092662 2.067342
v 0.969485 0.005199 2.044454
v 0.918476 -0.065745 2.110860
v 0.969640 -0.019865 2.000019
v 0.977837 0.060993 1.964398
v 0.708004 -0.202954 2.201096
v 0.805063 -0.186840 2.137022
v 0.894466 -0.163667 2.072178
v 0.927361 -0.151084 2.045894
v 0.951570 -0.117726 2.025051
v 0.601871 -0.216426 2.263237
v 0.196144 -0.131971 2.442800
v 0.196141 -0.144567 2.455746
v 0.337452 -0.145164 2.447864
v 0.339184 -0.132002 2.435126
v 0.546938 -0.047564 2.389366
v 0.536174 -0.054920 2.411502
v 0.590095 -0.194879 2.353036
v 0.476186 -0.042119 2.439681
v 0.519994 -0.041954 2.422027
v 0.590258 -0.216472 2.295271
v 0.471274 -0.226710 2.346772
v 0.471084 -0.199444 2.404489
v 0.449771 -0.199441 2.378723
v 0.449755 -0.207061 2.298340
v 0.196329 -0.229380 2.388037
v 0.330527 -0.229398 2.379823
v 0.330319 -0.199418 2.437539
v 0.196124 -0.199400 2.445751
v 0.739437 0.027983 2.293396
v 0.712805 0.016464 2.316183
v 0.891370 0.038161 2.146658
v 0.815660 0.033088 2.228739
v 0.909518 0.039377 2.122559
v 0.924227 0.023535 2.102787
v 0.679409 -0.036010 2.329147
v 0.708665 -0.037041 2.268492
v 0.732274 -0.099868 2.247428
v 0.737672 -0.003208 2.244806
v 0.816048 0.002263 2.181520
v 0.812584 -0.078826 2.181568
v 0.901261 -0.055248 2.090235
v 0.904512 0.008021 2.084017
v 0.920110 0.061173 1.964281
v 0.912581 -0.019513 2.002897
v 0.885254 -0.117201 2.050779
v 0.471274 -0.227147 2.314649
v 0.196329 -0.229512 2.356569
v 0.330527 -0.229530 2.348355
v 0.471330 -0.308336 2.283308
v 0.471371 -0.390185 2.139447
v 0.590075 -0.372054 2.062399
v 0.590032 -0.295138 2.231893
v 0.330581 -0.308242 2.317014
v 0.353723 -0.319197 2.290532
v 0.353723 -0.290881 2.281911
v 0.330624 -0.391663 2.156252
v 0.196383 -0.308224 2.325225
v 0.196426 -0.391648 2.164466
v 0.330655 -0.398455 1.896916
v 0.459511 -0.398465 1.896892
v 0.196456 -0.400540 1.821713
v 0.330657 -0.384249 1.886974
v 0.471406 -0.384183 1.886816
v 0.196461 -0.386454 1.810627
v 0.601858 -0.354086 2.051309
v 0.601856 -0.282763 2.208375
v 0.174508 -0.402849 2.174362
v 0.181028 -0.411876 1.906732
v 0.174691 -0.330845 2.311192
v 0.589984 -0.225082 2.259790
v 0.471279 -0.235806 2.311202
v 0.353766 -0.214321 2.317984
v 0.330533 -0.238186 2.344908
v 0.196334 -0.238171 2.353120
v 0.602082 -0.199507 2.241091
v 0.449778 -0.214346 2.295322
v 0.196748 -0.214521 2.328142
v 0.449773 -0.183345 2.413346
v 0.449773 -0.318247 2.271190
v 0.449771 -0.290942 2.259818
v 0.353736 -0.183083 2.436102
v 0.353736 -0.199423 2.401298
v 0.353741 -0.207036 2.321085
v 0.434299 -0.042078 2.451009
v 0.412681 -0.131067 2.434694
v 0.403466 -0.119281 2.422571
v 0.416349 -0.036203 2.392977
v 0.353296 -0.036119 2.404608
v 0.338673 -0.124275 2.404512
v 0.397218 -0.112708 2.393140
v 0.196157 -0.035903 2.411807
v 0.196187 -0.124193 2.411812
v 0.449918 -0.194191 2.273382
v 0.353905 -0.194166 2.296041
v 0.471195 -0.353769 2.050956
v 0.471195 -0.268087 2.240933
v 0.346552 -0.326794 1.367173
v 0.363718 -0.388666 1.404900
v 0.363718 -0.388666 1.815183
v 0.346552 -0.326794 1.852475
v 0.646694 -0.438562 1.741386
v 0.646694 -0.438562 1.478679
v 0.656755 -0.381493 1.451074
v 0.656758 -0.381493 1.768552
v 0.599905 -0.343883 1.562563
v 0.599905 0.160889 1.562563
v 0.599905 0.160889 1.658689
v 0.599905 -0.343883 1.658689
v 0.517347 -0.343883 1.533294
v 0.517347 0.204473 1.533294
v 0.517347 0.204473 1.687957
v 0.517347 -0.343883 1.687957
v 0.372557 0.384251 2.410834
v 0.188044 0.388269 2.419912
v 0.186708 0.091948 2.430874
v 0.371058 0.091702 2.422360
v 0.436095 0.362473 2.394776
v 0.422539 0.096035 2.414202
v 0.490649 0.116972 2.393140
v 0.512204 0.307442 2.374055
v 0.446321 0.385549 2.364166
v 0.376311 0.409730 2.382254
v 0.188252 0.413959 2.392825
v 0.517362 0.125184 2.360270
v 0.544375 0.289578 2.339081
v 0.519941 0.287386 2.372307
v 0.531071 0.323779 2.341835
v 0.186575 0.091844 2.395584
v 0.370926 0.091595 2.387069
v 0.422407 0.095931 2.380765
v 0.655640 -0.026533 2.165871
v 0.000025 0.388269 2.419912
v 0.000025 0.413959 2.392825
v 0.000025 0.091948 2.430874
v 1.007819 -0.336164 0.575082
v 1.007819 -0.336164 0.710697
v 1.007819 -0.377548 0.710697
v 1.007819 -0.377548 0.575082
v 0.920466 -0.336164 0.960620
v 0.920466 -0.377548 0.960620
v 0.981601 -0.377548 0.861451
v 0.981601 -0.336164 0.861451
v 0.835797 -0.336116 0.986963
v 0.836000 -0.377548 0.986953
v 0.800545 -0.377548 0.986950
v 0.835594 -0.258242 0.986973
v 0.756615 -0.281074 0.986971
v 1.007819 -0.336164 -0.526865
v 1.007819 -0.377546 -0.526865
v 1.007819 -0.377548 -0.662480
v 1.007819 -0.336164 -0.662480
v 0.981601 -0.336164 -0.813234
v 0.981601 -0.377548 -0.806834
v 0.920466 -0.377546 -0.901347
v 0.920466 -0.336164 -0.912407
v 0.836000 -0.377546 -0.943280
v 0.835797 -0.336116 -0.956144
v 0.800545 -0.377548 -0.943277
v 0.835594 -0.258242 -0.979574
v 0.756615 -0.281074 -0.938751
v 0.031521 -0.339558 0.669701
v -0.031979 -0.339558 0.669701
v -0.031979 -0.339558 -1.195029
v 0.031521 -0.339558 -1.195029
v -0.051352 -0.280312 0.576540
v -0.051352 -0.280312 -1.176484
v 0.050897 -0.280312 -1.176484
v 0.050897 -0.280312 0.576540
v -0.533626 1.023742 -1.211539
v -0.533626 1.042490 -1.067369
v -0.449554 1.057867 -1.064278
v -0.449554 1.039119 -1.205109
v -0.695050 0.809549 -1.105129
v -0.648424 0.926102 -1.247198
v -0.750862 0.670161 -1.349614
v -0.599513 0.989279 -1.223912
v -0.599513 1.008027 -1.073029
v -0.648424 0.926102 -1.087366
v -0.751939 0.667342 -1.116709
v -0.771215 0.616549 -1.409197
v -0.782307 0.586879 -1.092535
v -0.782307 0.586826 -1.514392
v -0.620751 0.905733 -1.335903
v -0.576532 0.959980 -1.302286
v -0.439255 1.006559 -1.273561
v -0.517718 0.992840 -1.282167
v -0.710509 0.670270 -1.464732
v -0.720814 0.635892 -1.515730
v -0.720925 0.635851 -2.537477
v -0.782317 0.585366 -2.537561
v -0.774276 0.585277 -2.616071
v -0.720931 0.635848 -2.594139
v -0.720994 0.585251 -2.683772
v -0.560949 0.936005 -1.317076
v -0.601964 0.882983 -1.348519
v -0.426824 0.980841 -1.289101
v -0.505290 0.967123 -1.297882
v -0.675650 0.670258 -1.464515
v -0.685957 0.635881 -1.515514
v -0.561708 0.935208 -1.087849
v -0.602721 0.882185 -1.096482
v -0.427583 0.980043 -1.079428
v -0.506047 0.966325 -1.081712
v -0.676410 0.669463 -1.116307
v -0.686714 0.635084 -1.106648
v 0.451122 1.039119 -1.205109
v 0.451124 1.057867 -1.064278
v 0.532826 1.042490 -1.067369
v 0.532823 1.023742 -1.211539
v 0.695099 0.809549 -1.105129
v 0.750910 0.670161 -1.349614
v 0.648472 0.926102 -1.247198
v 0.599562 0.989279 -1.223912
v 0.599562 1.008027 -1.073029
v 0.648472 0.926102 -1.087366
v 0.751987 0.667342 -1.116709
v 0.771263 0.616549 -1.409197
v 0.782356 0.586879 -1.092535
v 0.782356 0.586826 -1.514392
v 0.621274 0.905733 -1.335903
v 0.577052 0.959980 -1.302286
v 0.441297 1.006559 -1.273561
v 0.517393 0.992840 -1.282164
v 0.711032 0.670270 -1.464732
v 0.721337 0.635892 -1.515730
v 0.782366 0.585366 -2.537561
v 0.721446 0.635851 -2.537477
v 0.774324 0.585277 -2.616071
v 0.721515 0.585251 -2.683768
v 0.721454 0.635848 -2.594139
v 0.561472 0.936005 -1.317076
v 0.602488 0.882983 -1.348519
v 0.504962 0.967123 -1.297882
v 0.428866 0.980841 -1.289101
v 0.676173 0.670258 -1.464515
v 0.686481 0.635881 -1.515514
v 0.562232 0.935208 -1.087849
v 0.603245 0.882185 -1.096482
v 0.505722 0.966325 -1.081712
v 0.429626 0.980043 -1.079428
v 0.676933 0.669463 -1.116307
v 0.687238 0.635084 -1.106648
v -0.853884 0.736453 0.786090
v -0.884016 0.566874 0.772693
v -1.049645 0.590987 0.698718
v -1.010630 0.731355 0.715980
v -0.824834 0.711019 0.798703
v -0.824336 0.619150 0.798721
v -1.064552 0.624817 0.692229
v -1.041509 0.704057 0.702559
v -1.053437 0.623778 0.777657
v -1.035461 0.684949 0.772069
v -1.040867 0.589584 0.781495
v -0.883948 0.566849 0.821525
v -0.883856 0.566814 0.887372
v -0.997841 0.583715 0.824885
v -0.859731 0.725660 0.832206
v -0.872657 0.693489 0.859564
v -0.824692 0.682211 0.835304
v -0.824121 0.619557 0.835437
v -0.881260 0.620324 0.881375
v -1.006467 0.720252 0.764957
v -0.999711 0.680654 0.808431
v -1.007295 0.622856 0.822577
v -0.793816 0.555061 0.915218
v -0.794524 0.555167 0.837753
v -0.771802 0.617659 0.905759
v -0.772358 0.617949 0.841123
v 0.884065 0.566874 0.772693
v 0.853932 0.736453 0.786090
v 1.010679 0.731355 0.715980
v 1.049693 0.590987 0.698718
v 0.824385 0.619150 0.798721
v 0.824883 0.711019 0.798703
v 1.041557 0.704057 0.702559
v 1.064600 0.624817 0.692229
v 1.035510 0.684949 0.772069
v 1.053485 0.623778 0.777657
v 1.040915 0.589584 0.781495
v 0.997890 0.583715 0.824885
v 0.883905 0.566814 0.887372
v 0.883996 0.566849 0.821525
v 0.824740 0.682211 0.835304
v 0.872708 0.693489 0.859564
v 0.859780 0.725660 0.832206
v 0.824169 0.619557 0.835437
v 0.881309 0.620324 0.881375
v 1.006516 0.720252 0.764957
v 0.999759 0.680654 0.808431
v 1.007344 0.622856 0.822577
v 0.793864 0.555061 0.915218
v 0.794573 0.555167 0.837753
v 0.771850 0.617659 0.905759
v 0.772406 0.617949 0.841123
v -0.893567 0.441932 0.240993
v -0.907021 0.443677 0.025908
v -0.910293 0.419623 0.025908
v -0.896795 0.417878 0.240993
v -0.909876 0.447850 -0.876250
v -0.896384 0.446105 -0.661162
v -0.893155 0.470159 -0.661162
v -0.906602 0.471904 -0.876250
v -0.881738 0.409882 0.247304
v -0.876849 0.446448 0.247304
v -0.882848 0.409882 0.019593
v -0.877956 0.446448 0.019593
v -0.881329 0.438107 -0.654850
v -0.876437 0.474675 -0.654850
v -0.882437 0.438107 -0.882560
v -0.877547 0.474675 -0.882560
v 0.896843 0.417878 0.240993
v 0.910344 0.419623 0.025908
v 0.907069 0.443677 0.025908
v 0.893615 0.441932 0.240993
v 0.893203 0.470159 -0.661162
v 0.896432 0.446105 -0.661162
v 0.909925 0.447850 -0.876250
v 0.906650 0.471904 -0.876250
v 0.876897 0.446448 0.247304
v 0.881789 0.409882 0.247304
v 0.882896 0.409882 0.019593
v 0.878004 0.446448 0.019593
v 0.876485 0.474675 -0.654850
v 0.881377 0.438107 -0.654850
v 0.882485 0.438107 -0.882560
v 0.877595 0.474675 -0.882560
v -0.389382 -0.037894 -2.793335
v -0.735414 -0.037894 -2.793335
v -0.761995 -0.037894 -2.687005
v -0.333756 -0.037894 -2.687005
v -0.818761 -0.037910 -2.753466
v -0.837682 -0.037920 -2.647050
v -0.377250 -0.135583 -2.793335
v -0.728172 -0.135583 -2.793340
v -0.800450 -0.135712 -2.753479
v -0.823895 -0.135821 -2.618018
v -0.352186 -0.188504 -2.729075
v -0.702140 -0.188494 -2.729167
v -0.771685 -0.188544 -2.697787
v -0.791195 -0.188608 -2.609092
v -0.301764 -0.192926 -2.793139
v -0.301343 -0.226258 -2.728879
v -0.342362 -0.135497 -2.793327
v -0.311389 -0.158743 -2.793204
v -0.266736 -0.135225 -2.645382
v -0.234663 -0.158738 -2.635497
v -0.720537 -0.188689 -2.622637
v -0.352722 -0.188699 -2.622545
v -0.301879 -0.226454 -2.322068
v 0.762046 -0.037894 -2.687005
v 0.735462 -0.037894 -2.793335
v 0.389951 -0.037894 -2.793335
v 0.334325 -0.037894 -2.687005
v 0.818809 -0.037910 -2.753466
v 0.837730 -0.037920 -2.647050
v 0.728220 -0.135583 -2.793340
v 0.377819 -0.135583 -2.793335
v 0.823943 -0.135821 -2.618018
v 0.800499 -0.135712 -2.753479
v 0.352755 -0.188504 -2.729075
v 0.702188 -0.188494 -2.729164
v 0.771733 -0.188544 -2.697787
v 0.791243 -0.188608 -2.609092
v 0.301912 -0.226258 -2.728879
v 0.302334 -0.192926 -2.793139
v 0.342930 -0.135497 -2.793327
v 0.311957 -0.158743 -2.793204
v 0.235234 -0.158738 -2.635497
v 0.267307 -0.135225 -2.645382
v 0.353291 -0.188699 -2.622545
v 0.720588 -0.188689 -2.622637
v 0.302448 -0.226454 -2.322068
v 0.000025 0.091844 2.395584
v 0.537464 -0.295857 -2.116816
v 0.527400 -0.376413 -1.610654
v 0.469819 -0.376413 -1.610654
v 0.459755 -0.295857 -2.116816
v 0.543230 -0.248623 -2.142563
v 0.453989 -0.248623 -2.142563
v 0.461787 -0.326413 -1.106519
v 0.543230 -0.281023 -1.074354
v 0.535432 -0.326413 -1.106519
v 0.453989 -0.281023 -1.074354
v -0.537416 -0.295857 -2.116816
v -0.459707 -0.295857 -2.116816
v -0.469770 -0.376413 -1.610654
v -0.527349 -0.376413 -1.610654
v -0.453941 -0.248623 -2.142563
v -0.543181 -0.248623 -2.142563
v -0.461241 -0.326413 -1.106519
v -0.535881 -0.326413 -1.106519
v -0.543181 -0.281023 -1.074354
v -0.453941 -0.281023 -1.074354
v -1.007768 -0.377546 0.710697
v -1.007768 -0.336164 0.710697
v -1.007770 -0.336164 0.575082
v -1.007770 -0.377546 0.575082
v -0.920417 -0.336164 0.960620
v -0.981552 -0.336164 0.861451
v -0.981552 -0.377546 0.861451
v -0.920417 -0.377546 0.960620
v -0.835952 -0.377548 0.986953
v -0.835749 -0.336116 0.986963
v -0.800496 -0.377548 0.986950
v -0.756567 -0.281074 0.986971
v -0.835546 -0.258242 0.986973
v -1.007770 -0.336164 -0.662480
v -1.007770 -0.377546 -0.662480
v -1.007770 -0.377546 -0.526865
v -1.007770 -0.336164 -0.526865
v -0.920417 -0.377546 -0.901347
v -0.981552 -0.377546 -0.806834
v -0.981552 -0.336164 -0.813234
v -0.920417 -0.336164 -0.912407
v -0.835749 -0.336116 -0.956144
v -0.835952 -0.377546 -0.943280
v -0.800496 -0.377548 -0.943277
v -0.835543 -0.258242 -0.979574
v -0.756567 -0.281074 -0.938751
v -0.862472 0.514276 -1.765074
v -0.868327 0.506704 -1.433708
v -0.838655 0.549118 -1.433708
v -0.838655 0.556242 -1.775132
v -0.838754 0.550530 -2.105741
v -0.856082 0.517210 -2.537432
v -0.857910 0.517027 -2.105741
v -0.870346 0.498096 -1.320983
v -0.850913 0.533689 -1.315237
v -0.884941 0.463542 -1.224641
v -0.906214 0.385712 -1.137871
v -0.873755 0.493169 -1.213370
v -0.958654 -0.113409 -2.111898
v -0.977946 0.028567 -2.056607
v -0.978672 0.055753 -2.105465
v -0.961263 -0.099218 -2.165815
v -0.987656 0.180152 -2.012033
v -0.985578 0.139550 -1.973253
v -0.988799 0.224379 -1.854111
v -0.988870 0.274612 -1.878760
v -0.988870 0.324739 -1.716321
v -0.988799 0.269347 -1.707551
v -0.988870 0.324739 -1.551178
v -0.988799 0.269347 -1.559677
v -0.988870 0.272877 -1.386150
v -0.988799 0.223009 -1.412222
v -0.985578 0.132636 -1.289357
v -0.987656 0.171960 -1.249667
v -0.976322 0.017716 -1.206805
v -0.978740 0.044198 -1.157356
v -0.961992 -0.107951 -1.104625
v -0.958654 -0.122004 -1.158380
v -0.942398 -0.216248 -1.140937
v -0.942898 -0.212251 -1.086876
v -0.896386 -0.245135 -2.188169
v -0.896472 -0.250841 -2.132407
v -0.937019 -0.189067 -2.124456
v -0.937039 -0.183955 -2.179430
v -0.824286 -0.266462 -2.133638
v -0.824263 -0.262093 -2.189894
v -0.922101 0.227940 -2.058540
v -0.915002 0.090825 -2.165157
v -0.923308 0.323756 -1.916379
v -0.923821 0.381238 -1.731287
v -0.923821 0.381238 -1.542712
v -0.923821 0.322021 -1.354267
v -0.922607 0.221651 -1.210333
v -0.910608 0.082852 -1.108242
v -0.885426 -0.086513 -1.051559
v -0.824240 -0.235839 -2.253221
v -0.872561 -0.162469 -2.245713
v -0.868987 -0.188626 -1.030750
v -0.910181 0.454055 -1.489642
v -0.908840 0.463199 -1.753068
v -0.897420 0.470283 -2.102503
v -0.874875 0.468279 -2.498900
v -0.908090 0.428493 -1.298690
v -0.892853 0.081615 -1.072443
v -0.892919 0.362402 -1.092663
v -0.872871 0.509950 -1.092484
v -0.838614 0.556359 -1.092479
v -0.915218 0.363019 -2.084293
v -0.872147 0.141719 -2.557422
v -0.846584 -0.039393 -2.629962
v -0.896097 -0.071176 -2.228255
v -0.885043 0.247579 -2.498875
v -0.885048 0.382333 -2.498837
v -0.823793 -0.280393 -1.002126
v -0.901758 -0.281262 -1.075675
v -0.902002 -0.281323 -1.129235
v -0.829823 -0.135042 -2.603033
v -0.795104 -0.189855 -2.594847
v -0.801919 0.582818 -2.537526
v -0.801553 0.584113 -2.105835
v -0.801550 0.584334 -1.775226
v -0.801550 0.584334 -1.433802
v -0.801550 0.584339 -1.092482
v -0.852129 0.467284 -2.537336
v -0.842797 0.489339 -2.554836
v -0.852152 0.246586 -2.537310
v -0.842127 0.158044 -2.585011
v -0.816097 0.071557 -2.654310
v -0.839541 0.055110 -2.636322
v -0.792841 0.582737 -2.624315
v -0.829008 0.517126 -2.653286
v -0.752343 0.582656 -2.689895
v -0.773989 0.517040 -2.713624
v -0.721302 0.517037 -2.730356
v -0.721302 0.582625 -2.703017
v -0.578137 0.582574 -2.717742
v -0.578388 0.517037 -2.742366
v -0.816201 0.489549 -2.653502
v -0.761860 0.489463 -2.717447
v -0.578399 0.489460 -2.746192
v -0.721299 0.489460 -2.732118
v -0.816287 0.256134 -2.652987
v -0.721528 0.261902 -2.732255
v -0.761603 0.261886 -2.717635
v -0.721256 0.209608 -2.715453
v -0.770788 0.209611 -2.701306
v -0.771012 0.071570 -2.701269
v -0.721515 0.071587 -2.715471
v -0.721634 0.055220 -2.722509
v -0.772757 0.055217 -2.710675
v -0.817321 0.055217 -2.684569
v -0.721665 0.018874 -2.720190
v -0.772808 -0.002380 -2.707000
v -0.817184 -0.002375 -2.680899
v -0.721751 -0.187749 -2.609144
v -0.747215 -0.244097 -2.188169
v -0.746938 -0.249261 -2.132025
v -0.823216 -0.307432 -1.124281
v -0.747232 -0.281102 -1.129190
v -0.747245 -0.281135 -1.075728
v -0.823232 -0.307465 -1.070818
v -0.578399 0.071254 -2.729307
v -0.578140 0.209591 -2.729288
v -0.578411 0.261894 -2.746091
v -0.578515 0.054889 -2.736345
v -0.578548 0.018885 -2.734035
v -0.252616 0.582833 -2.727820
v -0.252869 0.517050 -2.752445
v -0.252877 0.489473 -2.756271
v -0.252618 0.209606 -2.739367
v -0.252877 0.071513 -2.739385
v -0.252890 0.261899 -2.756169
v -0.252997 0.055146 -2.746423
v -0.253027 0.018892 -2.744107
v -0.721685 -0.002383 -2.718834
v -0.777758 -0.050307 -2.645202
v -0.721703 -0.052314 -2.655270
v -0.721672 0.018829 -2.679530
v -0.772828 0.587870 -1.940566
v -0.772838 0.586466 -2.537561
v -0.772828 0.587985 -1.092517
v -0.764796 0.586384 -2.616071
v -0.721560 0.586003 -2.675672
v -0.578393 0.585953 -2.675662
v -0.252616 0.586212 -2.675667
v -0.636664 0.028600 -2.056519
v -0.636664 0.224412 -1.854022
v -0.636664 0.269377 -1.633525
v -0.636664 0.223042 -1.412133
v -0.636664 0.017750 -1.206715
v -0.636664 -0.280650 -1.129781
v -0.636664 -0.249294 -2.132182
v -0.705589 -0.280396 -1.002121
v -0.636615 -0.259060 -1.740769
v -0.740466 -0.086474 -1.051588
v -0.745698 0.081653 -1.072475
v -0.745746 0.362440 -1.092690
v 0.838705 0.556242 -1.775132
v 0.838705 0.549118 -1.433708
v 0.868375 0.506704 -1.433708
v 0.862521 0.514276 -1.765074
v 0.856132 0.517210 -2.537432
v 0.838802 0.550530 -2.105741
v 0.857958 0.517027 -2.105741
v 0.850961 0.533689 -1.315237
v 0.870395 0.498096 -1.320983
v 0.906262 0.385712 -1.137871
v 0.884992 0.463545 -1.224641
v 0.873803 0.493169 -1.213370
v 0.961311 -0.099218 -2.165815
v 0.978723 0.055753 -2.105465
v 0.977994 0.028567 -2.056607
v 0.958703 -0.113409 -2.111898
v 0.987704 0.180152 -2.012033
v 0.985627 0.139550 -1.973253
v 0.988918 0.274612 -1.878760
v 0.988847 0.224379 -1.854111
v 0.988847 0.269347 -1.707551
v 0.988918 0.324739 -1.716321
v 0.988847 0.269347 -1.559677
v 0.988918 0.324739 -1.551178
v 0.988847 0.223009 -1.412222
v 0.988918 0.272877 -1.386150
v 0.985627 0.132636 -1.289357
v 0.987704 0.171960 -1.249667
v 0.978789 0.044198 -1.157356
v 0.976371 0.017716 -1.206805
v 0.958703 -0.122004 -1.158380
v 0.962040 -0.107951 -1.104625
v 0.942947 -0.212251 -1.086876
v 0.942447 -0.216248 -1.140937
v 0.896435 -0.245135 -2.188169
v 0.937087 -0.183955 -2.179430
v 0.937066 -0.189067 -2.124456
v 0.896521 -0.250841 -2.132407
v 0.824334 -0.266462 -2.133638
v 0.824311 -0.262093 -2.189894
v 0.915050 0.090825 -2.165157
v 0.922149 0.227940 -2.058540
v 0.923356 0.323756 -1.916379
v 0.923869 0.381238 -1.731287
v 0.923869 0.381238 -1.542712
v 0.923869 0.322021 -1.354267
v 0.922658 0.221651 -1.210333
v 0.910656 0.082852 -1.108242
v 0.885474 -0.086513 -1.051559
v 0.824288 -0.235839 -2.253221
v 0.872609 -0.162469 -2.245713
v 0.869036 -0.188626 -1.030750
v 0.908888 0.463199 -1.753068
v 0.910229 0.454055 -1.489642
v 0.897468 0.470283 -2.102503
v 0.874923 0.468279 -2.498900
v 0.908139 0.428493 -1.298690
v 0.892968 0.362402 -1.092663
v 0.892901 0.081615 -1.072443
v 0.872919 0.509950 -1.092484
v 0.838662 0.556359 -1.092479
v 0.915266 0.363019 -2.084293
v 0.896145 -0.071176 -2.228255
v 0.846633 -0.039393 -2.629962
v 0.872198 0.141719 -2.557422
v 0.885091 0.247579 -2.498875
v 0.885096 0.382333 -2.498837
v 0.823841 -0.280393 -1.002126
v 0.901806 -0.281262 -1.075675
v 0.902051 -0.281323 -1.129235
v 0.829874 -0.135042 -2.603033
v 0.795154 -0.189855 -2.594847
v 0.801967 0.582818 -2.537526
v 0.801601 0.584113 -2.105835
v 0.801598 0.584334 -1.775226
v 0.801598 0.584334 -1.433802
v 0.801598 0.584339 -1.092482
v 0.852177 0.467284 -2.537336
v 0.842846 0.489339 -2.554836
v 0.852201 0.246586 -2.537310
v 0.816145 0.071557 -2.654310
v 0.842175 0.158044 -2.585011
v 0.846958 0.055110 -2.636322
v 0.829056 0.517126 -2.653286
v 0.792889 0.582737 -2.624315
v 0.752391 0.582656 -2.689895
v 0.774037 0.517040 -2.713624
v 0.578185 0.582574 -2.717742
v 0.721350 0.582625 -2.703017
v 0.721350 0.517037 -2.730356
v 0.578439 0.517037 -2.742366
v 0.816252 0.489549 -2.653502
v 0.761908 0.489463 -2.717447
v 0.721350 0.489460 -2.732118
v 0.578447 0.489460 -2.746192
v 0.816336 0.256134 -2.652987
v 0.761652 0.261886 -2.717635
v 0.721576 0.261902 -2.732255
v 0.770836 0.209611 -2.701306
v 0.721304 0.209608 -2.715453
v 0.771060 0.071570 -2.701269
v 0.721563 0.071587 -2.715471
v 0.721682 0.055220 -2.722509
v 0.772805 0.055217 -2.710675
v 0.817182 0.055217 -2.684569
v 0.772856 -0.002380 -2.707000
v 0.721713 0.018874 -2.720190
v 0.817232 -0.002375 -2.680899
v 0.747263 -0.244097 -2.188169
v 0.721799 -0.187749 -2.609144
v 0.746986 -0.249261 -2.132025
v 0.823280 -0.307465 -1.070818
v 0.747293 -0.281135 -1.075728
v 0.747281 -0.281102 -1.129190
v 0.823267 -0.307432 -1.124281
v 0.578447 0.071254 -2.729307
v 0.578188 0.209591 -2.729288
v 0.578460 0.261894 -2.746091
v 0.578564 0.054889 -2.736345
v 0.578597 0.018885 -2.734035
v 0.252918 0.517050 -2.752445
v 0.252664 0.582833 -2.727820
v 0.252926 0.489473 -2.756271
v 0.252926 0.071513 -2.739385
v 0.252667 0.209606 -2.739367
v 0.252938 0.261899 -2.756169
v 0.253045 0.055146 -2.746423
v 0.253075 0.018892 -2.744107
v 0.721733 -0.002383 -2.718834
v 0.721751 -0.052314 -2.655270
v 0.777806 -0.050307 -2.645202
v 0.721721 0.018829 -2.679530
v 0.772876 0.587870 -1.940566
v 0.772886 0.586466 -2.537561
v 0.772876 0.587985 -1.092517
v 0.721609 0.586003 -2.675672
v 0.764845 0.586384 -2.616071
v 0.578442 0.585953 -2.675662
v 0.252921 0.586212 -2.675667
v 0.636712 0.028600 -2.056519
v 0.636714 0.224412 -1.854022
v 0.636714 0.269377 -1.633525
v 0.636714 0.223042 -1.412133
v 0.636712 0.017750 -1.206715
v 0.636712 -0.280650 -1.129781
v 0.636712 -0.249294 -2.132182
v 0.705637 -0.280396 -1.002121
v 0.636631 -0.259060 -1.740769
v 0.740514 -0.086474 -1.051588
v 0.745795 0.362440 -1.092690
v 0.745747 0.081653 -1.072475
v -0.636615 -0.273746 -1.477998
v 0.636631 -0.273746 -1.477998
v -0.190309 -0.273746 -1.477998
v -0.093655 -0.279271 -1.176579
v 0.093672 -0.279271 -1.176579
v 0.190325 -0.273746 -1.477998
v -0.636615 -0.411742 -1.678389
v 0.636631 -0.411742 -1.678389
v 0.136627 -0.411742 -1.540375
v -0.136611 -0.411742 -1.540375
v 0.067244 -0.360020 -1.201926
v -0.067229 -0.360020 -1.201926
v 0.636631 -0.411742 -1.540375
v -0.636615 -0.411742 -1.540375
v -0.734649 0.587985 -1.092517
v 0.734697 0.587985 -1.092517
v -0.895797 0.141343 2.042711
v -0.896363 0.141417 1.973590
v -0.896363 0.124808 1.973590
v -0.895797 0.114348 2.042711
v -0.656630 0.129256 2.130651
v -0.656630 0.111567 2.130651
v -0.642335 0.079718 2.272114
v -0.642335 0.141376 2.272114
v 0.895845 0.116032 2.033344
v 0.896411 0.124808 1.973590
v 0.896411 0.141417 1.973590
v 0.895845 0.141343 2.033344
v 0.656679 0.111567 2.130651
v 0.656679 0.129256 2.130651
v -0.371465 0.065191 2.369709
v -0.371465 0.141374 2.369709
v 0.371513 0.065194 2.369709
v 0.371513 0.141374 2.369709
v 0.642384 0.079718 2.272114
v 0.642384 0.141376 2.272114
v -0.500753 0.369097 2.353180
v -0.446273 0.385549 2.364166
v -0.553169 0.388180 2.312698
v -0.576247 0.371196 2.318672
v -0.665421 0.392607 2.227347
v -0.693428 0.375623 2.235538
v -0.802457 0.382034 2.078096
v -0.771738 0.380108 2.150578
v -0.738822 0.397093 2.137605
v -0.770197 0.400436 2.072851
v -0.673080 0.219936 2.268073
v -0.530486 0.209807 2.348832
v -0.554212 0.239113 2.342875
v -0.680710 0.246484 2.272716
v -0.772836 0.261251 2.184880
v -0.765205 0.232877 2.180235
v -0.800476 0.252778 2.125391
v -0.808106 0.281152 2.130037
v -0.819544 0.305138 2.083417
v -0.811913 0.282405 2.086344
v -0.560784 0.284190 2.337227
v -0.542018 0.335123 2.341677
v -0.808017 0.381848 2.011500
v -0.792993 0.402866 2.025808
v -0.811916 0.338127 2.026517
v -0.531022 0.323774 2.341832
v -0.544325 0.289578 2.339081
v 0.446321 0.385549 2.364166
v 0.500801 0.369097 2.353180
v 0.576296 0.371196 2.318672
v 0.553217 0.388180 2.312698
v 0.665470 0.392607 2.227347
v 0.693476 0.375625 2.235538
v 0.771787 0.380108 2.150578
v 0.802508 0.382034 2.078096
v 0.770245 0.400436 2.072851
v 0.738871 0.397093 2.137605
v 0.680758 0.246484 2.272716
v 0.554261 0.239113 2.342875
v 0.530535 0.209807 2.348832
v 0.673128 0.219936 2.268073
v 0.772884 0.261251 2.184880
v 0.765256 0.232877 2.180235
v 0.800527 0.252778 2.125391
v 0.808154 0.281152 2.130037
v 0.819591 0.305138 2.083417
v 0.811961 0.282405 2.086344
v 0.560832 0.284190 2.337227
v 0.542069 0.335123 2.341677
v 0.808065 0.381848 2.011500
v 0.793041 0.402866 2.025808
v 0.811964 0.338127 2.026517
v 0.531071 0.323774 2.341832
v 0.544373 0.289578 2.339081
v 0.711957 -0.445203 -2.015270
v 0.711957 -0.326079 -2.032398
v 0.670916 -0.326079 -1.953117
v 0.670870 -0.457641 -1.927189
v 0.711957 -0.554677 -1.965276
v 0.670870 -0.569172 -1.852665
v 0.711957 -0.645632 -1.886462
v 0.670870 -0.643696 -1.741131
v 0.711957 -0.710696 -1.785218
v 0.711957 -0.744603 -1.669744
v 0.670870 -0.669866 -1.609569
v 0.711957 -0.744603 -1.549394
v 0.670870 -0.643696 -1.478007
v 0.711957 -0.710696 -1.433920
v 0.670870 -0.569172 -1.366475
v 0.711957 -0.645629 -1.332676
v 0.711957 -0.554677 -1.253865
v 0.670870 -0.457641 -1.291952
v 0.711957 -0.445203 -1.203870
v 0.670916 -0.326079 -1.266024
v 0.711957 -0.326079 -1.186743
v 0.670870 -0.194517 -1.291952
v 0.711957 -0.206954 -1.203870
v 0.711957 -0.097482 -1.253865
v 0.670870 -0.082984 -1.366475
v 0.711957 -0.006527 -1.332676
v 0.670870 -0.008460 -1.478007
v 0.711957 0.058538 -1.433920
v 0.711957 0.092444 -1.549394
v 0.670870 0.017710 -1.609569
v 0.711957 0.092444 -1.669744
v 0.670870 -0.008460 -1.741131
v 0.711957 0.058540 -1.785218
v 0.670870 -0.082984 -1.852665
v 0.711957 -0.006527 -1.886462
v 0.670870 -0.194517 -1.927189
v 0.711957 -0.097479 -1.965276
v 0.711957 -0.206954 -2.015270
v 0.937669 -0.445203 -2.015270
v 0.978758 -0.457641 -1.927189
v 0.978713 -0.326079 -1.953117
v 0.937671 -0.326079 -2.032398
v 0.937671 -0.554677 -1.965276
v 0.978758 -0.569172 -1.852665
v 0.937671 -0.645632 -1.886462
v 0.978758 -0.643696 -1.741131
v 0.937669 -0.710696 -1.785218
v 0.937671 -0.744603 -1.669744
v 0.978758 -0.669866 -1.609569
v 0.937671 -0.744603 -1.549396
v 0.978758 -0.643696 -1.478007
v 0.937671 -0.710696 -1.433920
v 0.978758 -0.569172 -1.366475
v 0.937671 -0.645629 -1.332676
v 0.937671 -0.554677 -1.253865
v 0.978758 -0.457641 -1.291952
v 0.937671 -0.445203 -1.203870
v 0.978713 -0.326079 -1.266024
v 0.937671 -0.326079 -1.186743
v 0.937671 -0.206954 -1.203870
v 0.978758 -0.194517 -1.291952
v 0.937671 -0.097482 -1.253865
v 0.978758 -0.082984 -1.366475
v 0.937671 -0.006527 -1.332676
v 0.978758 -0.008460 -1.478007
v 0.937671 0.058538 -1.433920
v 0.937671 0.092444 -1.549394
v 0.978758 0.017710 -1.609569
v 0.937671 0.092444 -1.669744
v 0.978758 -0.008460 -1.741131
v 0.937671 0.058540 -1.785218
v 0.978758 -0.082984 -1.852665
v 0.937671 -0.006527 -1.886462
v 0.937671 -0.097479 -1.965276
v 0.978758 -0.194517 -1.927189
v 0.937671 -0.206954 -2.015270
v 0.974385 -0.087019 -1.609452
v 0.974385 -0.119062 -1.729030
v 0.974385 -0.119062 -1.489874
v 0.974385 -0.565334 -1.609452
v 0.974385 -0.533292 -1.489874
v 0.974385 -0.533292 -1.729030
v 0.974385 -0.326178 -1.848611
v 0.974385 -0.445756 -1.816569
v 0.974385 -0.206600 -1.816569
v 0.974385 -0.326178 -1.370296
v 0.974385 -0.206598 -1.402335
v 0.974385 -0.445756 -1.402335
v 0.974385 -0.326178 -1.609452
v -0.711924 -0.445203 -2.015270
v -0.711924 -0.326079 -2.032398
v -0.670883 -0.326079 -1.953117
v -0.670837 -0.457641 -1.927189
v -0.711924 -0.554677 -1.965276
v -0.670837 -0.569172 -1.852665
v -0.711924 -0.645632 -1.886462
v -0.670837 -0.643696 -1.741131
v -0.711924 -0.710696 -1.785218
v -0.711924 -0.744603 -1.669744
v -0.670837 -0.669866 -1.609569
v -0.711924 -0.744603 -1.549394
v -0.670837 -0.643696 -1.478007
v -0.711924 -0.710696 -1.433920
v -0.670837 -0.569172 -1.366475
v -0.711924 -0.645629 -1.332676
v -0.711924 -0.554677 -1.253865
v -0.670837 -0.457641 -1.291952
v -0.711924 -0.445203 -1.203870
v -0.670883 -0.326079 -1.266024
v -0.711924 -0.326079 -1.186743
v -0.670837 -0.194517 -1.291952
v -0.711924 -0.206954 -1.203870
v -0.711924 -0.097482 -1.253865
v -0.670837 -0.082984 -1.366475
v -0.711924 -0.006527 -1.332676
v -0.670837 -0.008460 -1.478007
v -0.711924 0.058538 -1.433920
v -0.711924 0.092444 -1.549394
v -0.670837 0.017710 -1.609569
v -0.711924 0.092444 -1.669744
v -0.670837 -0.008460 -1.741131
v -0.711924 0.058540 -1.785218
v -0.670837 -0.082984 -1.852665
v -0.711924 -0.006527 -1.886462
v -0.670837 -0.194517 -1.927189
v -0.711924 -0.097479 -1.965276
v -0.711924 -0.206954 -2.015270
v -0.937636 -0.445203 -2.015270
v -0.978725 -0.457641 -1.927189
v -0.978679 -0.326079 -1.953117
v -0.937638 -0.326079 -2.032398
v -0.937638 -0.554677 -1.965276
v -0.978725 -0.569172 -1.852665
v -0.937638 -0.645632 -1.886462
v -0.978725 -0.643696 -1.741131
v -0.937636 -0.710696 -1.785218
v -0.937638 -0.744603 -1.669744
v -0.978725 -0.669866 -1.609569
v -0.937638 -0.744603 -1.549396
v -0.978725 -0.643696 -1.478007
v -0.937638 -0.710696 -1.433920
v -0.978725 -0.569172 -1.366475
v -0.937638 -0.645629 -1.332676
v -0.937638 -0.554677 -1.253865
v -0.978725 -0.457641 -1.291952
v -0.937638 -0.445203 -1.203870
v -0.978679 -0.326079 -1.266024
v -0.937638 -0.326079 -1.186743
v -0.937638 -0.206954 -1.203870
v -0.978725 -0.194517 -1.291952
v -0.937638 -0.097482 -1.253865
v -0.978725 -0.082984 -1.366475
v -0.937638 -0.006527 -1.332676
v -0.978725 -0.008460 -1.478007
v -0.937638 0.058538 -1.433920
v -0.937638 0.092444 -1.549394
v -0.978725 0.017710 -1.609569
v -0.937638 0.092444 -1.669744
v -0.978725 -0.008460 -1.741131
v -0.937638 0.058540 -1.785218
v -0.978725 -0.082984 -1.852665
v -0.937638 -0.006527 -1.886462
v -0.937638 -0.097479 -1.965276
v -0.978725 -0.194517 -1.927189
v -0.937638 -0.206954 -2.015270
v -0.974351 -0.087019 -1.609452
v -0.974351 -0.119062 -1.729030
v -0.974351 -0.119062 -1.489874
v -0.974351 -0.565334 -1.609452
v -0.974351 -0.533292 -1.489874
v -0.974351 -0.533292 -1.729030
v -0.974351 -0.326179 -1.848611
v -0.974351 -0.445756 -1.816569
v -0.974351 -0.206600 -1.816569
v -0.974351 -0.326178 -1.370296
v -0.974351 -0.206598 -1.402335
v -0.974351 -0.445756 -1.402335
v -0.974351 -0.326178 -1.609452
v 0.711957 -0.445203 1.204839
v 0.711957 -0.326080 1.187712
v 0.670916 -0.326080 1.266993
v 0.670870 -0.457641 1.292921
v 0.711957 -0.554677 1.254834
v 0.670870 -0.569172 1.367445
v 0.711957 -0.645632 1.333648
v 0.670870 -0.643696 1.478979
v 0.711957 -0.710696 1.434892
v 0.711957 -0.744603 1.550366
v 0.670870 -0.669866 1.610541
v 0.711957 -0.744603 1.670716
v 0.670870 -0.643696 1.742102
v 0.711957 -0.710696 1.786189
v 0.670870 -0.569172 1.853634
v 0.711957 -0.645629 1.887434
v 0.711957 -0.554677 1.966245
v 0.670870 -0.457641 1.928157
v 0.711957 -0.445203 2.016240
v 0.670916 -0.326080 1.954086
v 0.711957 -0.326080 2.033367
v 0.670870 -0.194517 1.928157
v 0.711957 -0.206954 2.016240
v 0.711957 -0.097482 1.966245
v 0.670870 -0.082984 1.853634
v 0.711957 -0.006527 1.887434
v 0.670870 -0.008460 1.742102
v 0.711957 0.058538 1.786189
v 0.711957 0.092444 1.670716
v 0.670870 0.017710 1.610541
v 0.711957 0.092444 1.550366
v 0.670870 -0.008460 1.478979
v 0.711957 0.058540 1.434892
v 0.670870 -0.082984 1.367445
v 0.711957 -0.006527 1.333648
v 0.670870 -0.194517 1.292921
v 0.711957 -0.097480 1.254834
v 0.711957 -0.206954 1.204839
v 0.937669 -0.445203 1.204839
v 0.978758 -0.457641 1.292921
v 0.978713 -0.326080 1.266993
v 0.937671 -0.326080 1.187712
v 0.937671 -0.554677 1.254834
v 0.978758 -0.569172 1.367445
v 0.937671 -0.645632 1.333648
v 0.978758 -0.643696 1.478979
v 0.937669 -0.710696 1.434892
v 0.937671 -0.744603 1.550366
v 0.978758 -0.669866 1.610541
v 0.937671 -0.744603 1.670713
v 0.978758 -0.643696 1.742102
v 0.937671 -0.710696 1.786189
v 0.978758 -0.569172 1.853634
v 0.937671 -0.645629 1.887434
v 0.937671 -0.554677 1.966245
v 0.978758 -0.457641 1.928157
v 0.937671 -0.445203 2.016240
v 0.978713 -0.326080 1.954086
v 0.937671 -0.326080 2.033367
v 0.937671 -0.206954 2.016240
v 0.978758 -0.194517 1.928157
v 0.937671 -0.097482 1.966245
v 0.978758 -0.082984 1.853634
v 0.937671 -0.006527 1.887434
v 0.978758 -0.008460 1.742102
v 0.937671 0.058538 1.786189
v 0.937671 0.092444 1.670716
v 0.978758 0.017710 1.610541
v 0.937671 0.092444 1.550366
v 0.978758 -0.008460 1.478979
v 0.937671 0.058540 1.434892
v 0.978758 -0.082984 1.367445
v 0.937671 -0.006527 1.333648
v 0.937671 -0.097480 1.254834
v 0.978758 -0.194517 1.292921
v 0.937671 -0.206954 1.204839
v 0.974385 -0.087020 1.610657
v 0.974385 -0.119062 1.491079
v 0.974385 -0.119062 1.730236
v 0.974385 -0.565335 1.610657
v 0.974385 -0.533293 1.730236
v 0.974385 -0.533293 1.491079
v 0.974385 -0.326179 1.371499
v 0.974385 -0.445757 1.403541
v 0.974385 -0.206601 1.403541
v 0.974385 -0.326179 1.849814
v 0.974385 -0.206598 1.817774
v 0.974385 -0.445757 1.817774
v 0.974385 -0.326179 1.610657
v -0.711924 -0.445203 1.204839
v -0.711924 -0.326080 1.187712
v -0.670883 -0.326080 1.266993
v -0.670837 -0.457641 1.292921
v -0.711924 -0.554677 1.254834
v -0.670837 -0.569172 1.367445
v -0.711924 -0.645632 1.333648
v -0.670837 -0.643696 1.478979
v -0.711924 -0.710696 1.434892
v -0.711924 -0.744603 1.550366
v -0.670837 -0.669866 1.610541
v -0.711924 -0.744603 1.670716
v -0.670837 -0.643696 1.742102
v -0.711924 -0.710696 1.786189
v -0.670837 -0.569172 1.853634
v -0.711924 -0.645629 1.887434
v -0.711924 -0.554677 1.966245
v -0.670837 -0.457641 1.928157
v -0.711924 -0.445203 2.016240
v -0.670883 -0.326080 1.954086
v -0.711924 -0.326080 2.033367
v -0.670837 -0.194517 1.928157
v -0.711924 -0.206954 2.016240
v -0.711924 -0.097482 1.966245
v -0.670837 -0.082984 1.853634
v -0.711924 -0.006527 1.887434
v -0.670837 -0.008460 1.742102
v -0.711924 0.058538 1.786189
v -0.711924 0.092444 1.670716
v -0.670837 0.017710 1.610541
v -0.711924 0.092444 1.550366
v -0.670837 -0.008460 1.478979
v -0.711924 0.058540 1.434892
v -0.670837 -0.082984 1.367445
v -0.711924 -0.006527 1.333648
v -0.670837 -0.194517 1.292921
v -0.711924 -0.097480 1.254834
v -0.711924 -0.206954 1.204839
v -0.937636 -0.445203 1.204839
v -0.978725 -0.457641 1.292921
v -0.978679 -0.326080 1.266993
v -0.937638 -0.326080 1.187712
v -0.937638 -0.554677 1.254834
v -0.978725 -0.569172 1.367445
v -0.937638 -0.645632 1.333648
v -0.978725 -0.643696 1.478979
v -0.937636 -0.710696 1.434892
v -0.937638 -0.744603 1.550366
v -0.978725 -0.669866 1.610541
v -0.937638 -0.744603 1.670713
v -0.978725 -0.643696 1.742102
v -0.937638 -0.710696 1.786189
v -0.978725 -0.569172 1.853634
v -0.937638 -0.645629 1.887434
v -0.937638 -0.554677 1.966245
v -0.978725 -0.457641 1.928157
v -0.937638 -0.445203 2.016240
v -0.978679 -0.326080 1.954086
v -0.937638 -0.326080 2.033367
v -0.937638 -0.206954 2.016240
v -0.978725 -0.194517 1.928157
v -0.937638 -0.097482 1.966245
v -0.978725 -0.082984 1.853634
v -0.937638 -0.006527 1.887434
v -0.978725 -0.008460 1.742102
v -0.937638 0.058538 1.786189
v -0.937638 0.092444 1.670716
v -0.978725 0.017710 1.610541
v -0.937638 0.092444 1.550366
v -0.978725 -0.008460 1.478979
v -0.937638 0.058540 1.434892
v -0.978725 -0.082984 1.367445
v -0.937638 -0.006527 1.333648
v -0.937638 -0.097480 1.254834
v -0.978725 -0.194517 1.292921
v -0.937638 -0.206954 1.204839
v -0.974351 -0.087020 1.610657
v -0.974351 -0.119062 1.491079
v -0.974351 -0.119062 1.730236
v -0.974351 -0.565335 1.610657
v -0.974351 -0.533292 1.730236
v -0.974351 -0.533293 1.491079
v -0.974351 -0.326179 1.371499
v -0.974351 -0.445757 1.403541
v -0.974351 -0.206601 1.403541
v -0.974351 -0.326179 1.849814
v -0.974351 -0.206598 1.817774
v -0.974351 -0.445757 1.817774
v -0.974351 -0.326179 1.610657
v -0.539221 1.076452 -0.142245
v -0.485361 1.080666 -0.142111
v -0.492026 1.064532 -0.148044
v -0.550799 1.059096 -0.148215
v -0.514662 1.108405 0.119906
v -0.514662 1.108405 -0.067404
v -0.536567 1.079310 -0.092588
v -0.540479 1.066028 0.142283
v -0.473621 1.108405 -0.067391
v -0.483626 1.083521 -0.092456
v -0.543128 1.060054 0.191661
v -0.554711 1.042355 0.196528
v -0.494439 1.047791 0.196698
v -0.487776 1.064265 0.191793
v -0.486044 1.070242 0.142415
v -0.473621 1.108405 0.119919
v 0.539270 1.076452 -0.142245
v 0.550847 1.059096 -0.148215
v 0.492074 1.064532 -0.148044
v 0.485409 1.080666 -0.142111
v 0.514711 1.108405 -0.067404
v 0.514711 1.108405 0.119906
v 0.540527 1.066028 0.142283
v 0.536616 1.079310 -0.092588
v 0.483674 1.083521 -0.092456
v 0.473669 1.108405 -0.067391
v 0.543176 1.060054 0.191661
v 0.487825 1.064268 0.191793
v 0.494487 1.047791 0.196698
v 0.554759 1.042358 0.196528
v 0.473669 1.108405 0.119919
v 0.486093 1.070242 0.142415
v -0.570324 1.108373 0.200282
v -0.570324 1.162368 0.200282
v -0.570324 1.162365 -0.148917
v -0.570324 1.108373 -0.148917
v 0.569979 1.108373 0.200282
v 0.569979 1.108370 -0.148917
v 0.569979 1.162365 -0.148917
v 0.569979 1.162365 0.200282
v 0.537609 1.182650 -0.121814
v -0.537954 1.182650 -0.121814
v -0.537954 1.182650 0.173177
v 0.537609 1.182650 0.173177
vn -0.6825 0.7279 0.0664
vn -0.6741 0.7334 0.0878
vn -0.7013 0.7107 0.0559
vn -0.6393 0.7672 0.0512
vn -0.6647 0.7165 0.2115
vn -0.6750 0.6928 0.2537
vn -0.6374 0.7576 0.1405
vn -0.6348 0.7620 0.1279
vn -0.5740 0.8187 0.0139
vn -0.6255 0.7802 0.0111
vn -0.9636 0.1687 -0.2072
vn -0.8830 0.4654 -0.0613
vn -0.8954 0.4311 -0.1112
vn -0.9552 0.1063 -0.2763
vn -0.7639 0.6438 0.0443
vn -0.9368 0.2636 0.2300
vn -0.9283 0.2628 0.2630
vn -0.9251 0.2910 0.2438
vn -0.8936 0.4405 0.0860
vn -0.9529 0.2974 0.0597
vn -0.9460 0.2979 0.1282
vn -0.9010 0.3996 0.1688
vn -0.9225 0.3846 0.0338
vn -0.9704 0.2407 0.0218
vn -0.9683 0.2500 0.0004
vn -0.9904 0.1385 0.0022
vn -0.9996 0.0292 -0.0026
vn -0.9949 0.0990 -0.0182
vn -0.9982 0.0168 -0.0568
vn -0.9968 0.0030 -0.0800
vn -0.9740 0.0271 -0.2251
vn -0.9703 0.0295 -0.2401
vn -0.9625 0.0417 -0.2681
vn -0.9623 0.0389 -0.2690
vn -0.9551 0.0216 -0.2955
vn -0.9576 0.0504 -0.2837
vn -0.9810 0.0321 -0.1913
vn -0.9868 0.0088 -0.1617
vn -0.9666 0.0610 -0.2489
vn -0.9587 0.2546 -0.1264
vn -0.9656 0.2062 -0.1585
vn -0.9305 0.3620 -0.0564
vn -0.9369 0.3430 -0.0681
vn -0.9181 0.3948 -0.0359
vn -0.9348 0.3551 -0.0040
vn -0.9877 0.1535 -0.0305
vn -0.9915 0.0494 -0.1206
vn -0.9552 -0.0304 -0.2943
vn -0.6686 0.7436 0.0054
vn -0.8190 0.5727 0.0360
vn -0.8147 0.5785 0.0404
vn -0.8156 0.5762 0.0522
vn -0.4642 0.8811 0.0911
vn -0.2917 0.9517 0.0954
vn -0.4577 0.8820 0.1119
vn -0.4642 0.8810 0.0911
vn -0.8152 0.5743 0.0757
vn -0.4642 0.8755 0.1343
vn -0.8125 0.5704 0.1200
vn -0.4608 0.8656 0.1960
vn -0.4643 0.8755 0.1342
vn -0.7528 0.6008 0.2690
vn -0.7289 0.6775 0.0981
vn -0.7741 0.6202 0.1269
vn -0.8602 0.5032 0.0828
vn -0.8538 0.5175 0.0576
vn -0.5845 0.5416 0.6042
vn -0.3291 0.8311 0.4483
vn -0.4049 0.8501 0.3366
vn -0.6782 0.5677 0.4668
vn -0.3671 0.7257 0.5820
vn -0.4701 0.4682 0.7482
vn -0.3691 0.4330 0.8224
vn -0.7217 0.5955 0.3530
vn -0.7295 0.5657 0.3845
vn -0.6782 0.5677 0.4667
vn -0.4702 0.4682 0.7482
vn -0.3671 0.7256 0.5820
vn -0.5845 0.5415 0.6042
vn -0.7346 0.5786 0.3543
vn -0.7954 0.5668 0.2148
vn -0.8365 0.5377 0.1059
vn -0.8544 0.5154 0.0655
vn -0.8579 0.5118 0.0456
vn -0.7921 0.5882 0.1632
vn -0.6747 0.7044 0.2207
vn -0.8724 0.4774 0.1050
vn -0.7217 0.5955 0.3529
vn -0.2084 0.7908 0.5755
vn -0.3691 0.4329 0.8224
vn -0.1623 0.5933 0.7885
vn -0.3070 0.9368 0.1676
vn -0.3148 0.9251 0.2124
vn -0.3362 0.9165 0.2170
vn -0.3164 0.9364 0.1516
vn -0.4371 0.8894 0.1335
vn -0.3539 0.9338 0.0519
vn -0.3444 0.9319 0.1134
vn -0.2573 0.9663 0.0026
vn -0.3444 0.9320 0.1134
vn -0.3538 0.9339 0.0519
vn -0.1724 0.9685 0.1795
vn -0.1896 0.9542 0.2314
vn -0.3362 0.9164 0.2170
vn -0.3532 0.8964 0.2677
vn -0.3235 0.9360 0.1389
vn -0.2573 0.9663 0.0027
vn -0.0008 0.9917 0.1287
vn -0.1723 0.9685 0.1795
vn 0.0021 0.9916 0.1292
vn 0.0033 0.9917 0.1286
vn -0.4643 0.8755 0.1343
vn 0.0032 0.9917 0.1287
vn -0.0126 0.9923 0.1233
vn 0.0007 0.9918 0.1278
vn 0.0021 0.9916 0.1294
vn -0.0386 0.9897 0.1381
vn -0.0233 0.9927 0.1182
vn -0.4692 0.8585 0.2070
vn -0.4476 0.8610 0.2413
vn -0.4711 0.8582 0.2039
vn -0.5189 0.8408 0.1541
vn -0.5199 0.8403 0.1535
vn -0.5946 0.7954 0.1174
vn -0.5981 0.7930 0.1159
vn -0.0411 0.9903 0.1330
vn -0.0276 0.9966 0.0783
vn -0.0423 0.9922 0.1172
vn -0.6452 0.7581 0.0950
vn -0.0276 0.9966 0.0782
vn -0.0000 0.9975 0.0704
vn -0.0371 0.9907 0.1306
vn -0.0389 0.9912 0.1267
vn -0.0355 0.9880 0.1505
vn -0.0355 0.9878 0.1518
vn -0.0337 0.9812 0.1899
vn -0.0335 0.9808 0.1923
vn -0.0337 0.9812 0.1900
vn -0.0104 0.9683 0.2497
vn -0.0298 0.8552 0.5175
vn -0.0103 0.9683 0.2497
vn -0.1895 0.9542 0.2314
vn -0.2085 0.7908 0.5754
vn -0.1622 0.5933 0.7885
vn -0.0195 0.6714 0.7409
vn -0.0299 0.8551 0.5176
vn -0.3671 0.7257 0.5819
vn -0.2084 0.7909 0.5754
vn -0.4049 0.8502 0.3366
vn -0.6577 0.7103 0.2509
vn -0.6967 0.6633 0.2732
vn -0.6873 0.6737 0.2716
vn -0.6584 0.7091 0.2526
vn -0.6571 0.7279 0.1957
vn -0.6588 0.7301 0.1814
vn -0.7182 0.6384 0.2768
vn -0.0894 0.8576 0.5064
vn -0.0969 0.8379 0.5371
vn -0.0443 0.8417 0.5382
vn -0.0408 0.8599 0.5088
vn -0.0844 0.8884 0.4512
vn -0.0894 0.8577 0.5064
vn -0.0387 0.8894 0.4554
vn -0.0814 0.9046 0.4185
vn -0.0387 0.8895 0.4554
vn -0.0381 0.9041 0.4257
vn -0.0000 0.8425 0.5388
vn -0.0000 0.8607 0.5091
vn -0.0000 0.8894 0.4571
vn -0.0895 0.8577 0.5064
vn -0.0844 0.8885 0.4512
vn -0.1074 0.8860 0.4510
vn -0.1153 0.8547 0.5061
vn -0.0000 0.9032 0.4293
vn -0.1074 0.8861 0.4510
vn -0.1021 0.9038 0.4157
vn -0.0988 0.9035 0.4171
vn -0.1028 0.8319 0.5453
vn -0.0464 0.8380 0.5437
vn -0.0465 0.8380 0.5437
vn -0.0000 0.8391 0.5440
vn -0.0862 0.9725 0.2165
vn -0.1091 0.9455 0.3068
vn -0.1109 0.9428 0.3142
vn -0.1349 0.9018 0.4106
vn -0.1348 0.8363 0.5314
vn -0.0970 0.8379 0.5371
vn -0.0895 0.8576 0.5064
vn 0.0602 0.3433 -0.9373
vn -0.0000 0.3101 -0.9507
vn 0.0607 0.3440 -0.9370
vn 0.0249 0.4506 -0.8924
vn 0.0326 0.3984 -0.9166
vn 0.9356 0.3474 -0.0634
vn 0.9298 0.3674 -0.0219
vn 0.8709 0.4552 0.1855
vn 0.8709 0.4551 0.1855
vn 0.9298 0.3674 -0.0218
vn 0.8430 0.4774 0.2479
vn 0.0373 0.7309 -0.6814
vn 0.0563 0.7839 -0.6184
vn -0.0000 1.0000 -0.0000
vn -0.0067 1.0000 -0.0066
vn -0.0108 0.9999 -0.0107
vn -0.0434 0.9990 -0.0130
vn -0.0391 0.9991 -0.0137
vn -0.0652 0.9978 -0.0095
vn -0.1296 0.8271 0.5469
vn -0.1029 0.8319 0.5453
vn -0.1154 0.8547 0.5061
vn -0.1565 0.8386 0.5218
vn -0.6806 0.7258 0.0997
vn -0.6760 0.7286 0.1104
vn -0.6993 0.7134 0.0457
vn -0.7012 0.7119 0.0380
vn -0.7158 0.6983 0.0063
vn -0.7151 0.6990 0.0069
vn -0.6571 0.7279 0.1956
vn -0.0340 0.9642 0.2629
vn -0.0320 0.9801 0.1957
vn -0.0679 0.9780 0.1972
vn -0.0720 0.9610 0.2669
vn -0.0313 0.9963 0.0806
vn -0.0641 0.9949 0.0777
vn -0.0338 0.9993 0.0171
vn -0.0662 0.9977 0.0149
vn -0.0000 0.9654 0.2606
vn -0.0000 0.9807 0.1953
vn -0.1427 0.9715 0.1895
vn -0.1256 0.9584 0.2564
vn -0.1104 0.9586 0.2624
vn -0.1165 0.9743 0.1927
vn -0.0000 0.9966 0.0823
vn -0.1233 0.9896 0.0746
vn -0.1606 0.9843 0.0732
vn -0.0000 0.9998 0.0181
vn -0.1241 0.9922 0.0134
vn -0.1610 0.9869 0.0131
vn -0.7373 0.6755 -0.0028
vn -0.7642 0.6449 -0.0094
vn -0.7618 0.6477 -0.0087
vn -0.7341 0.6790 -0.0022
vn -0.7778 0.6283 -0.0192
vn -0.7893 0.6122 -0.0477
vn -0.7920 0.6078 -0.0575
vn -0.8061 0.5894 -0.0536
vn -0.8375 0.5437 -0.0541
vn -0.9264 0.3766 -0.0029
vn -0.9275 0.3738 -0.0004
vn -0.9273 0.3742 -0.0019
vn -0.9260 0.3776 -0.0043
vn -0.8743 0.4839 -0.0375
vn -0.9977 0.0680 -0.0018
vn -0.9976 0.0684 -0.0052
vn -0.9999 -0.0079 0.0102
vn -0.9999 -0.0087 0.0118
vn -0.6990 0.7151 0.0005
vn -0.6970 0.7171 0.0005
vn -0.9258 0.3779 -0.0029
vn -0.9283 0.3717 0.0026
vn -0.5742 0.8187 0.0019
vn -0.9626 -0.2693 -0.0293
vn -0.9559 -0.2921 -0.0301
vn -0.9932 -0.1134 -0.0274
vn -0.9943 -0.1031 -0.0284
vn -0.9996 -0.0279 -0.0078
vn -0.9998 -0.0082 0.0191
vn -0.9981 0.0414 0.0459
vn -0.9119 0.4093 -0.0302
vn -0.9176 0.3969 -0.0208
vn -0.8626 -0.5035 -0.0479
vn -0.8602 -0.5099 -0.0008
vn -0.8419 -0.5381 -0.0416
vn -0.8821 -0.4709 -0.0113
vn -0.9052 -0.4242 -0.0238
vn -0.8398 -0.5367 -0.0820
vn -0.9420 -0.3034 -0.1435
vn -0.9631 -0.0977 -0.2507
vn -0.9862 -0.0950 -0.1358
vn -0.8815 0.1763 0.4381
vn -0.9301 0.2522 0.2670
vn -0.8964 0.1955 0.3978
vn -0.5807 0.0479 0.8127
vn -0.7061 0.0621 0.7054
vn -0.7008 0.0610 0.7108
vn -0.5761 0.0477 0.8160
vn -0.5005 0.0444 0.8646
vn -0.8100 0.1112 0.5758
vn -0.8090 0.1105 0.5773
vn -0.4839 0.8422 -0.2378
vn -0.2339 0.9666 -0.1048
vn -0.1431 0.9814 -0.1280
vn -0.1685 0.9282 -0.3317
vn -0.1631 0.9860 -0.0347
vn -0.1138 0.9929 -0.0337
vn -0.4891 0.6571 -0.5736
vn -0.1325 0.5977 -0.7907
vn -0.4508 0.3940 -0.8010
vn -0.4216 0.3180 -0.8492
vn -0.7445 0.3959 -0.5375
vn -0.7626 0.5570 -0.3289
vn -0.3098 0.1582 -0.9376
vn -0.5649 0.2518 -0.7858
vn -0.6637 0.3202 -0.6760
vn -0.3659 0.2289 -0.9021
vn -0.2112 0.0712 -0.9748
vn -0.2632 0.1367 -0.9550
vn -0.1685 0.0460 -0.9846
vn -0.2477 0.1015 -0.9635
vn -0.4012 0.1526 -0.9032
vn -0.0032 0.1117 -0.9937
vn -0.0090 0.0324 -0.9994
vn -0.0020 0.1709 -0.9853
vn -0.0723 0.2620 -0.9624
vn -0.0256 0.9929 -0.1159
vn -0.0264 0.8943 -0.4467
vn -0.0641 0.9147 -0.3991
vn -0.0553 0.9914 -0.1185
vn -0.0283 0.9986 -0.0450
vn -0.0521 0.9980 -0.0369
vn -0.0158 0.4839 -0.8750
vn -0.0423 0.5335 -0.8447
vn -0.0000 0.9930 -0.1177
vn -0.0000 0.8880 -0.4598
vn -0.0000 0.9988 -0.0494
vn -0.0000 0.4695 -0.8830
vn -0.0352 0.9994 -0.0052
vn -0.0655 0.9978 -0.0040
vn -0.0334 0.9993 -0.0178
vn -0.0589 0.9982 -0.0115
vn -0.0000 1.0000 -0.0051
vn -0.1204 0.9927 -0.0010
vn -0.1569 0.9876 0.0006
vn -0.0000 0.9998 -0.0202
vn -0.1132 0.9936 -0.0053
vn -0.1536 0.9881 -0.0029
vn -0.0074 0.1657 -0.9861
vn -0.0037 0.1842 -0.9829
vn -0.0000 0.1913 -0.9815
vn -0.9275 0.3739 -0.0018
vn -0.9294 0.3690 0.0013
vn -0.0015 0.1390 -0.9903
vn -0.0000 0.1388 -0.9903
vn -0.0045 0.1599 -0.9871
vn -0.0025 0.1447 -0.9895
vn -0.0000 0.0963 -0.9954
vn 0.0030 0.0864 -0.9963
vn -0.0145 0.1915 -0.9814
vn -0.0000 0.1274 -0.9919
vn 0.0002 -0.0005 -1.0000
vn -0.0000 -0.0001 -1.0000
vn -0.0038 0.0057 -1.0000
vn 0.0307 0.0433 -0.9986
vn 0.0129 0.0441 -0.9989
vn -0.0151 0.0096 -0.9998
vn -0.0000 0.0448 -0.9990
vn -0.7106 0.6902 -0.1366
vn -0.2033 -0.0167 -0.9790
vn -0.2037 -0.0149 -0.9789
vn -0.1964 -0.0698 -0.9780
vn -0.1964 -0.0703 -0.9780
vn -0.1881 -0.2852 -0.9398
vn -0.1934 -0.1782 -0.9648
vn -0.1933 -0.1816 -0.9642
vn -0.1867 -0.3074 -0.9331
vn -0.1954 -0.1150 -0.9739
vn -0.1954 -0.1150 -0.9740
vn -0.1820 -0.3705 -0.9108
vn -0.0232 0.9927 0.1181
vn 0.0019 -1.0000 -0.0002
vn 0.0010 -1.0000 -0.0000
vn 0.0010 -1.0000 -0.0004
vn 0.0008 -1.0000 -0.0016
vn 0.0091 -0.4861 0.8738
vn -0.0007 -0.2984 0.9544
vn -0.0001 -0.2983 0.9545
vn 0.0046 -0.5812 0.8137
vn 0.0077 -0.6569 0.7539
vn 0.0013 -0.8626 0.5058
vn 0.0013 -0.8633 0.5047
vn 0.0075 -0.9973 0.0732
vn 0.0064 -0.9727 0.2318
vn 0.0150 -0.9990 0.0426
vn 0.0134 -0.9941 -0.1079
vn -0.0020 -0.9403 -0.3404
vn -0.0029 -0.9362 -0.3516
vn -0.0188 -0.8464 -0.5322
vn -0.0270 -0.8329 -0.5527
vn -0.0386 -0.8127 -0.5814
vn -0.0049 -0.1551 0.9879
vn -0.0052 -0.1531 0.9882
vn -0.0011 -0.1369 0.9906
vn -0.0447 -0.9988 -0.0220
vn -0.0443 -0.9987 -0.0250
vn -0.0367 -0.9993 -0.0104
vn -0.0294 -0.9996 -0.0021
vn -0.0373 -0.9993 -0.0065
vn -0.0426 -0.9990 -0.0134
vn -0.0249 -0.9997 -0.0002
vn 0.0023 -1.0000 -0.0013
vn 0.0010 -0.9999 0.0107
vn 0.0073 -0.9999 -0.0130
vn -0.0002 -1.0000 -0.0021
vn 0.0015 -1.0000 -0.0050
vn -1.0000 -0.0000 -0.0000
vn -1.0000 -0.0002 -0.0001
vn -1.0000 -0.0003 -0.0001
vn -1.0000 -0.0000 0.0001
vn -0.1749 0.7355 0.6545
vn -0.1758 0.7400 0.6492
vn -0.2152 0.5744 0.7898
vn -0.2179 0.5644 0.7962
vn -0.3607 0.0181 0.9325
vn -0.2919 0.2911 0.9111
vn -0.1793 0.9169 0.3566
vn -0.1403 0.9291 0.3421
vn -0.2044 0.9080 0.3656
vn -0.2344 0.8783 0.4166
vn -0.2352 0.8795 0.4136
vn -0.2053 0.8203 0.5339
vn -0.2010 0.8107 0.5499
vn -0.4032 -0.2850 0.8696
vn 0.7270 0.1878 0.6605
vn -0.0291 -0.9996 -0.0021
vn -0.0246 -0.9997 -0.0010
vn -0.0243 -0.9997 -0.0019
vn -0.0039 -0.1619 0.9868
vn -0.3531 0.8964 0.2678
vn -0.3362 0.9164 0.2171
vn -0.9958 -0.0765 -0.0501
vn -0.9959 -0.0753 -0.0498
vn -0.9828 -0.1706 -0.0714
vn -0.9822 -0.1737 -0.0721
vn -0.9991 -0.0326 -0.0289
vn -0.9991 -0.0312 -0.0278
vn -1.0000 -0.0036 -0.0078
vn -1.0000 -0.0034 -0.0077
vn -1.0000 0.0065 -0.0026
vn -1.0000 0.0090 -0.0000
vn -1.0000 0.0058 0.0015
vn -1.0000 0.0039 0.0014
vn -1.0000 0.0035 0.0018
vn -1.0000 0.0031 0.0023
vn -1.0000 0.0025 0.0030
vn -0.8948 -0.4426 -0.0589
vn -0.5000 -0.8658 -0.0199
vn -0.5273 -0.8494 -0.0211
vn -0.9118 -0.4055 -0.0649
vn -0.8079 0.0477 -0.5873
vn -0.7766 0.2614 -0.5732
vn -0.7773 0.2581 -0.5737
vn -0.8092 0.0306 -0.5868
vn -0.7491 0.4404 -0.4948
vn -0.7494 0.4386 -0.4961
vn -0.7215 0.6000 -0.3455
vn -0.7218 0.5987 -0.3471
vn -0.6911 0.7001 -0.1794
vn -0.6919 0.6981 -0.1841
vn -0.6729 0.7393 -0.0252
vn -0.6732 0.7388 -0.0322
vn -0.6581 0.7089 0.2538
vn -0.6565 0.6982 0.2856
vn -0.6649 0.7359 0.1279
vn -0.6660 0.7378 0.1096
vn -0.6321 0.5532 0.5427
vn -0.6287 0.5522 0.5476
vn -0.6066 0.5459 0.5780
vn -0.7941 -0.3178 -0.5181
vn -0.3956 -0.7908 -0.4671
vn -0.5049 -0.7184 -0.4785
vn -0.8051 -0.2378 -0.5434
vn -0.6529 0.6300 0.4205
vn -0.6520 0.6102 0.4500
vn 0.1717 -0.9129 -0.3703
vn 0.1294 -0.9181 -0.3746
vn 0.1300 -0.9914 -0.0122
vn 0.1395 -0.9901 -0.0125
vn 0.4045 -0.8517 -0.3332
vn 0.3952 -0.9184 -0.0193
vn 0.9946 0.1035 0.0083
vn 0.9991 0.0417 0.0047
vn 0.9979 0.0652 0.0027
vn 1.0000 -0.0000 -0.0000
vn 0.9977 0.0680 -0.0018
vn 0.9283 0.3717 0.0027
vn 0.7003 0.7137 0.0149
vn 0.7112 0.7027 0.0204
vn 0.9340 0.3571 0.0114
vn 0.7297 0.6833 0.0254
vn 0.9429 0.3328 0.0140
vn 0.5615 0.8273 0.0165
vn 0.5752 0.8177 0.0228
vn 0.5895 0.8072 0.0294
vn 1.0000 0.0001 -0.0000
vn 1.0000 -0.0001 0.0002
vn 1.0000 -0.0006 0.0005
vn 0.9932 -0.1164 -0.0026
vn 0.9781 -0.2080 -0.0025
vn 0.9878 -0.1558 -0.0022
vn 0.9944 -0.1058 -0.0024
vn 0.9609 -0.2770 -0.0026
vn 0.9673 -0.2537 -0.0024
vn 0.9947 -0.1031 -0.0030
vn 0.9955 -0.0944 -0.0025
vn 0.9927 -0.1205 -0.0031
vn 0.9937 -0.1116 -0.0034
vn 0.9871 -0.1602 -0.0025
vn 0.9510 -0.3091 -0.0029
vn 0.9986 0.0523 0.0064
vn 0.9833 0.1818 0.0089
vn 0.9910 0.1334 0.0080
vn 0.9996 0.0266 0.0051
vn 0.9942 0.0305 -0.1036
vn 0.9795 0.1412 -0.1437
vn 0.9968 -0.0804 0.0036
vn 0.9979 -0.0643 0.0027
vn 0.9909 -0.1275 -0.0420
vn 0.9706 -0.2229 -0.0908
vn 0.9762 -0.0968 -0.1942
vn 0.9867 -0.1617 -0.0166
vn 0.9646 -0.2608 -0.0388
vn 0.6825 0.7279 0.0664
vn 0.6393 0.7672 0.0512
vn 0.7013 0.7107 0.0559
vn 0.6741 0.7334 0.0878
vn 0.6647 0.7165 0.2115
vn 0.6348 0.7620 0.1279
vn 0.6374 0.7576 0.1405
vn 0.6750 0.6929 0.2537
vn 0.5740 0.8187 0.0139
vn 0.6255 0.7802 0.0111
vn 0.9636 0.1687 -0.2072
vn 0.9552 0.1063 -0.2763
vn 0.8954 0.4311 -0.1112
vn 0.8830 0.4654 -0.0613
vn 0.7639 0.6438 0.0443
vn 0.9368 0.2636 0.2300
vn 0.9251 0.2910 0.2438
vn 0.9283 0.2628 0.2630
vn 0.8936 0.4405 0.0860
vn 0.9010 0.3996 0.1688
vn 0.9460 0.2979 0.1282
vn 0.9529 0.2974 0.0597
vn 0.9225 0.3846 0.0338
vn 0.9704 0.2407 0.0218
vn 0.9904 0.1385 0.0022
vn 0.9683 0.2500 0.0004
vn 0.9996 0.0292 -0.0026
vn 0.9968 0.0030 -0.0800
vn 0.9982 0.0168 -0.0568
vn 0.9949 0.0990 -0.0182
vn 0.9625 0.0417 -0.2680
vn 0.9703 0.0295 -0.2401
vn 0.9740 0.0271 -0.2251
vn 0.9624 0.0389 -0.2690
vn 0.9551 0.0216 -0.2954
vn 0.9576 0.0504 -0.2837
vn 0.9868 0.0088 -0.1617
vn 0.9810 0.0321 -0.1913
vn 0.9666 0.0610 -0.2489
vn 0.9656 0.2062 -0.1585
vn 0.9587 0.2546 -0.1264
vn 0.9305 0.3620 -0.0564
vn 0.9181 0.3948 -0.0359
vn 0.9369 0.3430 -0.0681
vn 0.9348 0.3551 -0.0040
vn 0.9915 0.0494 -0.1206
vn 0.9877 0.1535 -0.0305
vn 0.9552 -0.0304 -0.2944
vn 0.6686 0.7436 0.0055
vn 0.8190 0.5727 0.0360
vn 0.4641 0.8811 0.0911
vn 0.8156 0.5762 0.0522
vn 0.8147 0.5785 0.0404
vn 0.2917 0.9517 0.0953
vn 0.4577 0.8820 0.1119
vn 0.8152 0.5743 0.0757
vn 0.4642 0.8810 0.0911
vn 0.4642 0.8755 0.1343
vn 0.8125 0.5704 0.1200
vn 0.4608 0.8656 0.1960
vn 0.7528 0.6008 0.2690
vn 0.4643 0.8755 0.1343
vn 0.7289 0.6775 0.0981
vn 0.8538 0.5175 0.0576
vn 0.8602 0.5032 0.0828
vn 0.7741 0.6202 0.1269
vn 0.4049 0.8501 0.3366
vn 0.3291 0.8311 0.4483
vn 0.5845 0.5416 0.6042
vn 0.6782 0.5677 0.4668
vn 0.3671 0.7257 0.5820
vn 0.3691 0.4330 0.8224
vn 0.4701 0.4682 0.7482
vn 0.7217 0.5955 0.3530
vn 0.6782 0.5677 0.4667
vn 0.7295 0.5657 0.3845
vn 0.4702 0.4682 0.7482
vn 0.5845 0.5415 0.6043
vn 0.3671 0.7256 0.5820
vn 0.7346 0.5786 0.3543
vn 0.6750 0.6928 0.2537
vn 0.7953 0.5668 0.2148
vn 0.8365 0.5377 0.1059
vn 0.7954 0.5668 0.2148
vn 0.8544 0.5154 0.0655
vn 0.8579 0.5118 0.0456
vn 0.7921 0.5882 0.1632
vn 0.6747 0.7043 0.2207
vn 0.8724 0.4774 0.1050
vn 0.7217 0.5955 0.3529
vn 0.2085 0.7908 0.5755
vn 0.1623 0.5933 0.7885
vn -0.0299 0.8551 0.5175
vn -0.0195 0.6713 0.7409
vn 0.0195 0.6713 0.7409
vn 0.0298 0.8551 0.5176
vn 0.3362 0.9165 0.2170
vn 0.3148 0.9251 0.2124
vn 0.3070 0.9368 0.1676
vn 0.3164 0.9364 0.1516
vn 0.4371 0.8894 0.1335
vn 0.3444 0.9319 0.1134
vn 0.3539 0.9339 0.0519
vn 0.2573 0.9663 0.0026
vn 0.3538 0.9339 0.0519
vn 0.3444 0.9320 0.1134
vn 0.1724 0.9685 0.1795
vn 0.3532 0.8964 0.2677
vn 0.3362 0.9164 0.2170
vn 0.1896 0.9542 0.2314
vn 0.3235 0.9360 0.1389
vn 0.2573 0.9663 0.0027
vn 0.3291 0.8311 0.4482
vn 0.4049 0.8502 0.3366
vn 0.0008 0.9917 0.1287
vn 0.1723 0.9685 0.1795
vn -0.0033 0.9917 0.1286
vn -0.0021 0.9916 0.1292
vn 0.0126 0.9923 0.1233
vn 0.4642 0.8811 0.0911
vn -0.0008 0.9918 0.1278
vn -0.0021 0.9916 0.1294
vn 0.0233 0.9927 0.1182
vn 0.0386 0.9897 0.1381
vn -0.0000 0.9949 0.1011
vn -0.0000 0.9888 0.1490
vn -0.0000 0.9751 0.2218
vn 0.0103 0.9683 0.2498
vn -0.0103 0.9683 0.2498
vn 0.0298 0.8552 0.5175
vn -0.0000 0.9597 0.2809
vn -0.0000 0.9597 0.2810
vn 0.4692 0.8585 0.2070
vn 0.4711 0.8582 0.2039
vn 0.4477 0.8610 0.2413
vn 0.5189 0.8408 0.1541
vn 0.5199 0.8403 0.1535
vn 0.5945 0.7955 0.1174
vn 0.5980 0.7931 0.1159
vn 0.0411 0.9903 0.1330
vn 0.0423 0.9922 0.1172
vn 0.0276 0.9966 0.0783
vn 0.6452 0.7581 0.0950
vn 0.0276 0.9966 0.0782
vn 0.0371 0.9907 0.1306
vn 0.0389 0.9912 0.1267
vn 0.0355 0.9880 0.1505
vn 0.0355 0.9878 0.1518
vn 0.0337 0.9812 0.1899
vn 0.0335 0.9808 0.1923
vn 0.0337 0.9812 0.1900
vn 0.0103 0.9683 0.2497
vn 0.2085 0.7908 0.5754
vn 0.1895 0.9542 0.2314
vn 0.1622 0.5933 0.7885
vn 0.2084 0.7908 0.5755
vn 0.0299 0.8551 0.5176
vn 0.0194 0.6713 0.7409
vn 0.3671 0.7257 0.5819
vn 0.2084 0.7909 0.5754
vn -0.0007 0.9918 0.1278
vn 0.0008 0.9917 0.1286
vn 0.6577 0.7103 0.2509
vn 0.6584 0.7090 0.2526
vn 0.6873 0.6737 0.2716
vn 0.6967 0.6633 0.2732
vn 0.6571 0.7279 0.1957
vn 0.6588 0.7301 0.1814
vn 0.7182 0.6384 0.2768
vn 0.0894 0.8576 0.5064
vn 0.0408 0.8599 0.5088
vn 0.0443 0.8417 0.5382
vn 0.0969 0.8379 0.5371
vn 0.0844 0.8884 0.4512
vn 0.0387 0.8894 0.4554
vn 0.0894 0.8577 0.5064
vn 0.0814 0.9046 0.4185
vn 0.0381 0.9041 0.4257
vn 0.0387 0.8895 0.4554
vn 0.0408 0.8599 0.5089
vn 0.0895 0.8577 0.5064
vn 0.1153 0.8547 0.5061
vn 0.1074 0.8860 0.4510
vn 0.0988 0.9035 0.4171
vn 0.1020 0.9038 0.4157
vn 0.0464 0.8380 0.5437
vn 0.1028 0.8319 0.5453
vn 0.0465 0.8380 0.5437
vn 0.0862 0.9725 0.2165
vn 0.1109 0.9428 0.3142
vn 0.1091 0.9455 0.3068
vn 0.1349 0.9018 0.4106
vn 0.0970 0.8379 0.5371
vn 0.1348 0.8363 0.5314
vn 0.0895 0.8576 0.5064
vn -0.0602 0.3433 -0.9373
vn -0.0607 0.3440 -0.9370
vn -0.0326 0.3984 -0.9166
vn -0.0249 0.4506 -0.8924
vn -0.9356 0.3474 -0.0634
vn -0.8709 0.4551 0.1855
vn -0.9298 0.3674 -0.0219
vn -0.8709 0.4552 0.1855
vn -0.8430 0.4774 0.2479
vn -0.9298 0.3674 -0.0218
vn -0.0373 0.7309 -0.6814
vn -0.0563 0.7839 -0.6184
vn 0.0067 1.0000 -0.0066
vn 0.0108 0.9999 -0.0107
vn 0.0434 0.9990 -0.0130
vn 0.0391 0.9991 -0.0137
vn 0.0652 0.9978 -0.0095
vn 0.1029 0.8319 0.5453
vn 0.1296 0.8271 0.5469
vn 0.1154 0.8547 0.5061
vn 0.1565 0.8386 0.5218
vn 0.6806 0.7258 0.0997
vn 0.7012 0.7119 0.0380
vn 0.6993 0.7134 0.0457
vn 0.6760 0.7286 0.1104
vn 0.7151 0.6990 0.0069
vn 0.7158 0.6983 0.0063
vn 0.0340 0.9642 0.2629
vn 0.0720 0.9610 0.2669
vn 0.0679 0.9780 0.1972
vn 0.0320 0.9801 0.1957
vn 0.0641 0.9949 0.0777
vn 0.0313 0.9963 0.0806
vn 0.0338 0.9993 0.0171
vn 0.0662 0.9977 0.0149
vn 0.1104 0.9586 0.2624
vn 0.1255 0.9584 0.2564
vn 0.1427 0.9715 0.1895
vn 0.1165 0.9743 0.1927
vn 0.1233 0.9896 0.0746
vn 0.1606 0.9843 0.0732
vn 0.1610 0.9869 0.0131
vn 0.1241 0.9922 0.0134
vn 0.9465 0.3225 0.0109
vn 0.9333 0.3591 0.0064
vn 0.9434 0.3316 0.0105
vn 0.9327 0.3606 0.0070
vn 0.9325 0.3612 0.0041
vn 0.9187 0.3944 0.0222
vn 0.9276 0.3733 0.0152
vn 0.9342 0.3567 0.0093
vn 0.9370 0.3491 0.0096
vn 0.7618 0.6477 -0.0087
vn 0.7642 0.6449 -0.0094
vn 0.7373 0.6755 -0.0028
vn 0.7341 0.6790 -0.0022
vn 0.7778 0.6283 -0.0192
vn 0.7893 0.6122 -0.0477
vn 0.8375 0.5437 -0.0541
vn 0.8061 0.5894 -0.0536
vn 0.7920 0.6078 -0.0575
vn 0.9264 0.3766 -0.0029
vn 0.9265 0.3762 -0.0041
vn 0.9275 0.3738 -0.0002
vn 0.9275 0.3738 -0.0004
vn 0.8743 0.4839 -0.0375
vn 0.9999 -0.0087 0.0118
vn 0.9999 -0.0079 0.0102
vn 0.9976 0.0684 -0.0052
vn 0.6990 0.7151 0.0005
vn 0.9258 0.3779 -0.0029
vn 0.6970 0.7171 0.0005
vn 0.5742 0.8187 0.0019
vn 0.9932 -0.1134 -0.0274
vn 0.9559 -0.2921 -0.0301
vn 0.9626 -0.2693 -0.0293
vn 0.9943 -0.1031 -0.0284
vn 0.9996 -0.0279 -0.0078
vn 0.9998 -0.0082 0.0191
vn 0.9981 0.0414 0.0459
vn 0.9279 0.3728 -0.0004
vn 0.9294 0.3690 0.0013
vn 0.9257 0.3782 -0.0067
vn 0.9256 0.3785 -0.0078
vn 0.9139 0.4047 -0.0311
vn 0.9311 0.3648 0.0045
vn 0.9119 0.4093 -0.0302
vn 0.9176 0.3969 -0.0208
vn 0.8626 -0.5035 -0.0479
vn 0.8419 -0.5381 -0.0416
vn 0.8602 -0.5099 -0.0008
vn 0.9052 -0.4242 -0.0238
vn 0.8821 -0.4709 -0.0113
vn 0.8398 -0.5367 -0.0820
vn 0.9420 -0.3034 -0.1435
vn 0.9631 -0.0977 -0.2507
vn 0.9862 -0.0950 -0.1358
vn 0.8815 0.1763 0.4381
vn 0.8964 0.1955 0.3978
vn 0.9301 0.2522 0.2670
vn 0.5807 0.0479 0.8127
vn 0.5761 0.0477 0.8160
vn 0.7008 0.0610 0.7108
vn 0.7061 0.0621 0.7054
vn 0.5005 0.0444 0.8646
vn 0.8090 0.1105 0.5773
vn 0.8100 0.1112 0.5758
vn 0.4839 0.8422 -0.2378
vn 0.1685 0.9282 -0.3317
vn 0.1431 0.9814 -0.1280
vn 0.2339 0.9666 -0.1048
vn 0.1138 0.9929 -0.0337
vn 0.1631 0.9860 -0.0347
vn 0.4891 0.6571 -0.5736
vn 0.1325 0.5977 -0.7907
vn 0.4507 0.3940 -0.8010
vn 0.7626 0.5570 -0.3289
vn 0.7445 0.3959 -0.5375
vn 0.4216 0.3180 -0.8492
vn 0.6637 0.3202 -0.6760
vn 0.5649 0.2518 -0.7858
vn 0.3098 0.1582 -0.9376
vn 0.3659 0.2289 -0.9021
vn 0.2112 0.0712 -0.9748
vn 0.1685 0.0460 -0.9846
vn 0.2632 0.1368 -0.9550
vn 0.2477 0.1015 -0.9635
vn 0.4012 0.1526 -0.9032
vn 0.0090 0.0324 -0.9994
vn 0.0032 0.1117 -0.9937
vn 0.0020 0.1709 -0.9853
vn 0.0723 0.2620 -0.9624
vn 0.0256 0.9929 -0.1159
vn 0.0553 0.9914 -0.1185
vn 0.0641 0.9147 -0.3991
vn 0.0264 0.8943 -0.4467
vn 0.0283 0.9986 -0.0450
vn 0.0521 0.9980 -0.0369
vn 0.0423 0.5335 -0.8447
vn 0.0158 0.4839 -0.8750
vn 0.0352 0.9994 -0.0052
vn 0.0655 0.9978 -0.0040
vn 0.0334 0.9993 -0.0178
vn 0.0589 0.9982 -0.0115
vn 0.1569 0.9876 0.0006
vn 0.1204 0.9927 -0.0010
vn 0.1536 0.9881 -0.0029
vn 0.1132 0.9936 -0.0053
vn 0.1074 0.8861 0.4510
vn 0.1021 0.9038 0.4157
vn 0.0074 0.1657 -0.9861
vn 0.0037 0.1842 -0.9829
vn 0.9275 0.3739 -0.0018
vn 0.0045 0.1599 -0.9871
vn 0.0015 0.1390 -0.9903
vn 0.0025 0.1447 -0.9895
vn -0.0030 0.0864 -0.9963
vn 0.0145 0.1915 -0.9814
vn -0.0002 -0.0005 -1.0000
vn 0.0038 0.0057 -1.0000
vn -0.0307 0.0433 -0.9986
vn -0.0129 0.0441 -0.9989
vn 0.0151 0.0096 -0.9998
vn 0.7106 0.6902 -0.1366
vn 0.1964 -0.0698 -0.9780
vn 0.2037 -0.0149 -0.9789
vn 0.2033 -0.0167 -0.9790
vn 0.1964 -0.0703 -0.9780
vn 0.1950 -0.2783 -0.9405
vn 0.1958 -0.2943 -0.9355
vn 0.1933 -0.1816 -0.9642
vn 0.1934 -0.1782 -0.9648
vn 0.1954 -0.1150 -0.9740
vn 0.1954 -0.1150 -0.9739
vn 0.1986 -0.3544 -0.9137
vn 0.0232 0.9927 0.1181
vn 0.2917 0.9517 0.0954
vn 0.0004 -1.0000 -0.0014
vn -0.0018 -1.0000 -0.0005
vn -0.0005 -1.0000 -0.0004
vn -0.0091 -0.4861 0.8738
vn -0.0046 -0.5812 0.8137
vn 0.0001 -0.2983 0.9545
vn 0.0007 -0.2984 0.9544
vn -0.0077 -0.6569 0.7539
vn -0.0013 -0.8633 0.5047
vn -0.0013 -0.8626 0.5058
vn -0.0064 -0.9727 0.2318
vn -0.0075 -0.9973 0.0732
vn -0.0150 -0.9990 0.0426
vn -0.0134 -0.9941 -0.1079
vn 0.0029 -0.9362 -0.3516
vn 0.0020 -0.9403 -0.3404
vn 0.0270 -0.8329 -0.5527
vn 0.0188 -0.8464 -0.5322
vn 0.0386 -0.8127 -0.5814
vn 0.0011 -0.1369 0.9906
vn 0.0052 -0.1531 0.9882
vn 0.0049 -0.1551 0.9879
vn 0.0447 -0.9988 -0.0220
vn 0.0367 -0.9993 -0.0104
vn 0.0443 -0.9987 -0.0250
vn 0.0290 -0.9996 -0.0020
vn 0.0373 -0.9993 -0.0065
vn 0.0426 -0.9990 -0.0134
vn 0.0291 -0.9996 -0.0021
vn 0.0246 -0.9997 -0.0010
vn 0.0249 -0.9997 -0.0002
vn -0.0024 -1.0000 -0.0005
vn -0.0003 -1.0000 0.0019
vn -0.0010 -0.9999 0.0107
vn 0.0002 -1.0000 -0.0021
vn 0.0055 -1.0000 -0.0018
vn 0.0025 -1.0000 -0.0011
vn 1.0000 -0.0003 -0.0001
vn 0.2142 0.5743 0.7901
vn 0.1758 0.7400 0.6492
vn 0.1749 0.7355 0.6545
vn 0.2166 0.5654 0.7959
vn 0.2893 0.2901 0.9122
vn 0.3572 0.0062 0.9340
vn 0.1793 0.9169 0.3566
vn 0.2044 0.9080 0.3656
vn 0.1403 0.9291 0.3421
vn 0.2344 0.8783 0.4166
vn 0.2352 0.8795 0.4137
vn 0.2053 0.8203 0.5339
vn 0.2010 0.8107 0.5499
vn 0.3965 -0.3059 0.8656
vn -0.7270 0.1878 0.6605
vn 0.0243 -0.9997 -0.0019
vn 0.0039 -0.1619 0.9868
vn 0.3362 0.9164 0.2171
vn 0.3531 0.8964 0.2678
vn 0.9958 -0.0765 -0.0501
vn 0.9822 -0.1737 -0.0721
vn 0.9828 -0.1706 -0.0714
vn 0.9959 -0.0753 -0.0498
vn 0.9990 -0.0326 -0.0289
vn 0.9991 -0.0312 -0.0278
vn 1.0000 -0.0036 -0.0078
vn 1.0000 -0.0034 -0.0077
vn 1.0000 0.0065 -0.0026
vn 1.0000 0.0091 -0.0000
vn 1.0000 0.0090 -0.0000
vn 1.0000 0.0058 0.0015
vn 1.0000 0.0039 0.0014
vn 1.0000 0.0035 0.0018
vn 1.0000 0.0031 0.0023
vn 1.0000 0.0025 0.0030
vn 0.5273 -0.8494 -0.0211
vn 0.5000 -0.8658 -0.0199
vn 0.8948 -0.4426 -0.0589
vn 0.9118 -0.4055 -0.0649
vn 0.8079 0.0477 -0.5873
vn 0.8092 0.0306 -0.5868
vn 0.7773 0.2581 -0.5737
vn 0.7766 0.2614 -0.5732
vn 0.7494 0.4386 -0.4961
vn 0.7491 0.4404 -0.4948
vn 0.7218 0.5987 -0.3471
vn 0.7215 0.6000 -0.3455
vn 0.6919 0.6981 -0.1841
vn 0.6911 0.7001 -0.1794
vn 0.6729 0.7393 -0.0252
vn 0.6732 0.7388 -0.0322
vn 0.6649 0.7359 0.1279
vn 0.6565 0.6982 0.2856
vn 0.6581 0.7089 0.2538
vn 0.6660 0.7378 0.1096
vn 0.6321 0.5532 0.5427
vn 0.6065 0.5459 0.5780
vn 0.6286 0.5522 0.5476
vn 0.5049 -0.7184 -0.4785
vn 0.3956 -0.7908 -0.4671
vn 0.7941 -0.3178 -0.5181
vn 0.8051 -0.2378 -0.5434
vn 0.6520 0.6102 0.4500
vn 0.6529 0.6300 0.4205
vn -0.1294 -0.9181 -0.3746
vn -0.1717 -0.9129 -0.3703
vn -0.1300 -0.9914 -0.0122
vn -0.1395 -0.9901 -0.0125
vn -0.4044 -0.8517 -0.3332
vn -0.3952 -0.9184 -0.0193
vn -0.0000 0.9751 0.2219
vn -0.0000 -1.0000 0.0002
vn -1.0000 -0.0006 -0.0003
vn 0.0029 -1.0000 -0.0005
vn -0.0029 -1.0000 -0.0005
vn -0.0000 -0.9304 0.3664
vn 0.8999 -0.4350 0.0303
vn 0.9333 -0.3522 0.0705
vn 0.8696 -0.4938 0.0002
vn 0.9490 -0.3007 0.0944
vn 0.9333 -0.3521 0.0705
vn 0.8999 -0.4349 0.0303
vn -0.9490 -0.3007 0.0944
vn -0.9007 -0.4334 0.0301
vn -0.9335 -0.3515 0.0704
vn -0.8708 -0.4916 -0.0001
vn -0.0017 -1.0000 -0.0005
vn -0.0000 -1.0000 0.0001
vn -0.0000 -0.8448 -0.5350
vn 1.0000 -0.0006 -0.0003
vn -0.0001 -1.0000 -0.0003
vn -0.9946 0.1035 0.0083
vn -0.9979 0.0652 0.0027
vn -0.9991 0.0417 0.0047
vn -0.9340 0.3571 0.0114
vn -0.7112 0.7027 0.0204
vn -0.7003 0.7137 0.0149
vn -0.7297 0.6833 0.0254
vn -0.9429 0.3328 0.0140
vn -0.5752 0.8177 0.0228
vn -0.5615 0.8273 0.0165
vn -0.5895 0.8072 0.0294
vn -1.0000 0.0001 -0.0000
vn -1.0000 -0.0001 0.0002
vn -1.0000 -0.0006 0.0006
vn -0.9932 -0.1164 -0.0026
vn -0.9944 -0.1058 -0.0024
vn -0.9878 -0.1558 -0.0022
vn -0.9781 -0.2080 -0.0025
vn -0.9673 -0.2537 -0.0024
vn -0.9609 -0.2770 -0.0026
vn -0.9947 -0.1031 -0.0030
vn -0.9955 -0.0944 -0.0025
vn -0.9927 -0.1205 -0.0031
vn -0.9937 -0.1116 -0.0034
vn -0.9871 -0.1602 -0.0025
vn -0.9510 -0.3091 -0.0029
vn -0.9986 0.0523 0.0064
vn -0.9996 0.0266 0.0051
vn -0.9910 0.1334 0.0080
vn -0.9833 0.1818 0.0089
vn -0.9795 0.1412 -0.1437
vn -0.9942 0.0305 -0.1036
vn -0.9968 -0.0804 0.0036
vn -0.9979 -0.0643 0.0027
vn -0.9762 -0.0968 -0.1942
vn -0.9706 -0.2228 -0.0908
vn -0.9909 -0.1275 -0.0420
vn -0.9646 -0.2608 -0.0388
vn -0.9867 -0.1617 -0.0166
vn -0.9465 0.3225 0.0109
vn -0.9434 0.3316 0.0105
vn -0.9333 0.3591 0.0064
vn -0.9327 0.3606 0.0070
vn -0.9325 0.3612 0.0041
vn -0.9187 0.3944 0.0222
vn -0.9276 0.3733 0.0152
vn -0.9342 0.3567 0.0093
vn -0.9370 0.3491 0.0096
vn -0.9279 0.3728 -0.0004
vn -0.9257 0.3781 -0.0066
vn -0.9139 0.4047 -0.0311
vn -0.9256 0.3784 -0.0075
vn -0.9311 0.3648 0.0045
vn -0.0000 -1.0000 -0.0000
vn -0.0000 -0.0000 -1.0000
vn -0.0000 -0.0000 1.0000
vn -0.0008 0.9999 0.0112
vn 0.0267 0.9994 0.0205
vn 0.0243 0.9995 0.0197
vn 0.0393 0.9990 0.0216
vn 0.0436 0.9990 0.0080
vn 0.0401 0.9992 0.0042
vn 0.0383 0.9993 -0.0010
vn 0.0380 0.9993 -0.0019
vn 0.0380 0.9993 -0.0015
vn 0.0710 0.9975 0.0053
vn 0.1653 0.9861 0.0137
vn 0.0388 0.9992 0.0006
vn -0.0007 1.0000 0.0007
vn 0.0434 0.9991 0.0005
vn 0.1752 0.9845 0.0075
vn 0.2067 0.9784 0.0100
vn 0.2336 0.9719 0.0272
vn -0.6872 0.6009 0.4083
vn -0.6522 0.6043 0.4577
vn -0.6545 0.6041 0.4546
vn -0.6084 0.5966 0.5234
vn -0.6042 0.5945 0.5306
vn -0.5493 0.5802 0.6014
vn -0.4568 0.5803 0.6742
vn -0.4613 0.5800 0.6714
vn -0.5555 0.5811 0.5948
vn -0.3712 0.5762 0.7281
vn -0.3126 0.5613 0.7663
vn -0.6777 0.3836 0.6273
vn -0.0133 0.8326 0.5538
vn -0.0320 0.8159 0.5772
vn -0.0111 0.8302 0.5573
vn -0.0112 0.8303 0.5573
vn -0.1130 0.7164 0.6885
vn -0.2009 0.6061 0.7696
vn -0.2095 0.5920 0.7782
vn -0.1127 -0.0277 0.9932
vn -0.0206 -0.0039 0.9998
vn -0.1397 -0.0448 0.9892
vn -0.3152 -0.1266 0.9405
vn -0.2910 -0.1166 0.9496
vn -0.2097 -0.0739 0.9750
vn -0.4420 -0.1646 0.8818
vn -0.4045 -0.1763 0.8974
vn -0.4650 -0.3070 0.8304
vn -0.5444 -0.3801 0.7477
vn -0.5275 -0.3843 0.7577
vn -0.4404 -0.2571 0.8602
vn -0.6361 -0.2892 0.7154
vn -0.7182 -0.1316 0.6833
vn -0.7119 -0.1478 0.6866
vn -0.6239 -0.3067 0.7188
vn -0.7639 -0.0376 0.6443
vn -0.8271 0.0274 0.5614
vn -0.8116 0.0208 0.5838
vn -0.7873 0.0002 0.6166
vn -0.7847 -0.0205 0.6195
vn -0.9972 -0.0742 0.0057
vn -0.9888 -0.1333 0.0672
vn -0.9902 -0.1264 0.0596
vn -0.9972 -0.0748 0.0063
vn -0.3449 -0.8774 0.3334
vn -0.3293 -0.8828 0.3350
vn -0.3987 -0.8550 0.3318
vn -0.4314 -0.8390 0.3317
vn -0.5056 -0.7958 0.3333
vn -0.5425 -0.7705 0.3347
vn -0.9391 -0.3007 0.1662
vn -0.9318 -0.3181 0.1749
vn -0.7667 -0.5762 0.2830
vn -0.7054 -0.6403 0.3041
vn -0.3107 -0.8889 0.3367
vn -0.9987 -0.0478 -0.0196
vn -0.8715 0.0790 0.4840
vn -0.3950 -0.2212 0.8916
vn -0.3603 -0.2191 0.9067
vn -0.3568 -0.2189 0.9082
vn -0.0204 0.7105 0.7034
vn -0.0144 0.7049 0.7092
vn -0.0214 0.7047 0.7091
vn -0.0200 0.7107 0.7032
vn -0.8740 0.1414 0.4648
vn -0.7896 0.3597 0.4971
vn -0.8305 0.2705 0.4870
vn -0.2474 0.6839 0.6864
vn -0.5525 0.5889 0.5898
vn -0.4888 0.6187 0.6150
vn -0.2294 0.6826 0.6939
vn -0.7017 -0.6664 0.2519
vn -0.2205 -0.8980 0.3806
vn 0.6105 -0.7569 0.2331
vn 0.5352 -0.7872 0.3065
vn 0.6630 -0.7334 0.1503
vn 0.6722 -0.7330 0.1041
vn -0.0143 -0.8873 0.4610
vn -0.0138 -0.8873 0.4610
vn -0.0281 -0.8870 0.4609
vn -0.6517 -0.0232 0.7581
vn -0.5780 -0.0683 0.8132
vn -0.5743 -0.0699 0.8157
vn -0.6949 -0.0178 0.7189
vn -0.7696 -0.0094 0.6385
vn -0.7687 -0.0095 0.6395
vn -0.6933 -0.0180 0.7205
vn -0.8005 -0.0060 0.5992
vn -0.8016 -0.0024 0.5979
vn -0.4489 -0.1714 0.8770
vn -0.6429 -0.0151 0.7658
vn -0.6362 -0.0184 0.7713
vn -0.6359 -0.0186 0.7715
vn -0.4193 -0.2041 0.8846
vn -0.6854 -0.0117 0.7281
vn -0.7297 -0.0043 0.6838
vn -0.6760 -0.0132 0.7368
vn -0.7656 -0.5001 0.4048
vn -0.5996 -0.6564 0.4579
vn -0.8892 -0.1448 0.4341
vn -0.8904 -0.1354 0.4346
vn -0.5695 -0.6988 0.4329
vn -0.4798 -0.7374 0.4754
vn -0.5185 -0.7167 0.4665
vn 0.3450 -0.3764 0.8598
vn -0.5581 -0.6951 0.4532
vn -0.4492 -0.7352 0.5076
vn 0.3048 -0.5542 0.7746
vn 0.4242 0.6111 0.6683
vn 0.4514 0.4665 0.7606
vn -0.3208 0.7325 0.6005
vn -0.3872 0.6905 0.6110
vn -0.3669 0.6835 0.6310
vn -0.6292 0.5257 0.5725
vn -0.5605 0.6244 0.5440
vn -0.8467 0.2954 0.4426
vn 0.1123 -0.3639 -0.9246
vn 0.0124 -0.5200 -0.8541
vn 0.0131 -0.5140 -0.8577
vn 0.1322 -0.3516 -0.9268
vn 0.0016 -0.6105 -0.7920
vn 0.3574 -0.3735 -0.8560
vn 0.3907 -0.3637 -0.8456
vn 0.2600 -0.2990 -0.9182
vn 0.1323 -0.3516 -0.9268
vn 0.3574 -0.3736 -0.8560
vn 0.2599 -0.2990 -0.9182
vn 0.1124 -0.3639 -0.9247
vn -0.0930 -0.9954 0.0229
vn 0.6863 -0.7272 0.0099
vn 0.6722 -0.7330 0.1040
vn 0.6630 -0.7334 0.1502
vn -0.0001 -1.0000 0.0042
vn -0.3406 -0.8387 0.4250
vn -0.2487 -0.9469 0.2037
vn -0.1667 -0.9475 0.2730
vn -0.2481 -0.8546 0.4562
vn -0.8394 -0.0883 0.5363
vn -0.8370 -0.0673 0.5431
vn -0.7766 0.1835 0.6027
vn -0.0513 -0.8864 0.4600
vn -0.0320 -0.9656 0.2582
vn -0.0156 -0.9661 0.2579
vn -0.0281 -0.8873 0.4604
vn -0.0039 -0.9996 0.0277
vn -0.0320 -0.9656 0.2581
vn -0.1667 -0.9475 0.2729
vn -0.0518 -0.9982 0.0287
vn -0.2487 -0.9470 0.2036
vn -0.0519 -0.9982 0.0287
vn -0.0038 -0.9996 0.0277
vn -0.0012 -0.9997 0.0260
vn -0.0155 -0.9661 0.2578
vn 0.0004 -0.5748 -0.8183
vn -0.4199 -0.5415 -0.7284
vn -0.6170 -0.6951 -0.3690
vn -0.9026 -0.3229 0.2845
vn -0.8714 -0.4466 0.2029
vn -0.9092 -0.2730 0.3144
vn -0.5716 -0.8200 0.0302
vn -0.5630 -0.7890 0.2461
vn -0.5682 -0.8017 0.1857
vn -0.5412 -0.7454 0.3891
vn -0.5682 -0.8017 0.1858
vn -0.4028 -0.3333 0.8525
vn -0.8452 -0.2137 0.4899
vn -0.8370 -0.0674 0.5431
vn -0.8396 -0.0883 0.5360
vn -0.0567 -0.3693 0.9276
vn -0.0286 -0.3698 0.9287
vn -0.0282 -0.3698 0.9287
vn -0.9027 -0.3228 0.2846
vn -0.9092 -0.2730 0.3145
vn -0.9122 -0.1516 0.3807
vn -0.2387 0.6057 0.7590
vn -0.1841 0.6941 0.6959
vn -0.2275 0.6264 0.7456
vn -0.0428 0.7281 0.6842
vn -0.0834 0.7316 0.6766
vn -0.0428 0.7271 0.6852
vn 0.4542 -0.8079 0.3756
vn -0.1020 -0.8694 0.4835
vn -0.2480 -0.8546 0.4562
vn -0.0964 -0.8801 0.4649
vn -0.1019 -0.8694 0.4835
vn -0.1975 0.3316 0.9225
vn -0.2064 -0.4143 0.8864
vn 0.5711 0.3156 0.7578
vn 0.7362 -0.0743 0.6727
vn 0.7216 -0.0212 0.6920
vn 0.7668 -0.2513 0.5906
vn -0.2801 -0.2196 0.9345
vn -0.2850 -0.2208 0.9328
vn -0.5494 -0.7563 0.3551
vn -0.6766 -0.7013 0.2244
vn -0.6180 -0.7312 0.2888
vn -0.7075 -0.6899 0.1535
vn -0.7066 -0.6982 0.1153
vn -0.0981 -0.9016 0.4212
vn -0.0221 -0.9953 0.0944
vn -0.6977 -0.7164 0.0030
vn -0.0283 -0.1829 0.9827
vn -0.1449 -0.2043 0.9681
vn -0.1070 -0.1945 0.9751
vn -0.0285 -0.1830 0.9827
vn -0.2113 -0.2151 0.9535
vn -0.2301 -0.2230 0.9473
vn -0.2414 -0.2252 0.9439
vn 0.7612 0.0664 0.6451
vn -0.1897 0.6788 0.7094
vn 0.0048 0.7051 0.7090
vn -0.1892 -0.0384 0.9812
vn -0.1068 -0.0186 0.9941
vn -0.1264 -0.0233 0.9917
vn -0.1067 -0.0185 0.9941
vn -0.0242 -0.0022 0.9997
vn -0.1263 -0.0233 0.9917
vn 0.0580 0.9678 0.2449
vn -0.0065 0.9698 0.2437
vn -0.0067 0.9698 0.2437
vn 0.0704 0.9670 0.2449
vn 0.1421 0.9592 0.2444
vn 0.0581 0.9678 0.2449
vn 0.9558 0.2184 0.1970
vn -0.0294 -0.9878 0.1529
vn -0.0181 -0.9882 0.1518
vn -0.0164 -0.9883 0.1517
vn -0.0027 -0.9885 0.1509
vn -0.0026 -0.9885 0.1509
vn -0.0182 -0.9882 0.1518
vn -0.1083 0.7318 0.6729
vn -0.1629 0.7261 0.6680
vn -0.0835 0.7316 0.6766
vn -0.0428 0.7280 0.6842
vn -0.1630 0.7261 0.6680
vn -0.2275 0.6264 0.7455
vn -0.0022 0.9541 -0.2993
vn -0.0015 0.9439 -0.3304
vn 0.0851 0.7278 -0.6805
vn 0.1208 0.6190 -0.7761
vn 0.1850 0.3552 -0.9163
vn -0.0029 0.9833 -0.1822
vn -0.0020 0.9439 -0.3303
vn -0.0030 0.9542 -0.2993
vn 0.9636 -0.2673 -0.0000
vn 0.1736 -0.9848 -0.0000
vn -0.1486 -0.4692 -0.8705
vn -0.1737 0.9848 -0.0000
vn -0.1503 -0.4641 0.8729
vn -0.3341 -0.0000 -0.9425
vn -0.4669 0.8843 -0.0000
vn -0.3341 -0.0000 0.9425
vn -0.1215 0.0427 0.9917
vn -0.1281 0.0431 0.9908
vn -0.0240 0.0374 0.9990
vn -0.2410 0.0519 0.9691
vn -0.2452 0.0524 0.9681
vn -0.1282 0.0431 0.9908
vn -0.1216 0.0427 0.9917
vn -0.3027 0.0573 0.9514
vn -0.2923 0.0581 0.9546
vn -0.2452 0.0524 0.9680
vn -0.4741 0.6171 0.6280
vn -0.2158 0.7114 0.6688
vn -0.2353 0.7075 0.6665
vn -0.4892 0.6076 0.6257
vn -0.0263 0.7298 0.6832
vn -0.2352 0.7075 0.6665
vn -0.0258 0.7297 0.6833
vn -0.7939 -0.0575 0.6053
vn -0.7931 0.0972 0.6013
vn -0.7929 0.0995 0.6011
vn -0.6872 0.4009 0.6058
vn -0.7929 0.0996 0.6011
vn -0.7931 0.0973 0.6013
vn -0.6761 0.4172 0.6073
vn -0.4893 0.6076 0.6257
vn -0.6872 0.4010 0.6058
vn -0.6761 0.4173 0.6073
vn -0.3510 0.0539 0.9348
vn -0.0388 -0.9992 0.0029
vn -0.0437 -0.9990 0.0029
vn 0.0006 -1.0000 0.0030
vn -0.1751 -0.9845 0.0021
vn -0.2008 -0.9796 0.0019
vn -0.1752 -0.9845 0.0021
vn -0.2945 -0.9557 0.0012
vn 0.4769 -0.5351 -0.6973
vn 0.4948 -0.3681 -0.7872
vn 0.4886 -0.4492 -0.7480
vn 0.5007 -0.3265 -0.8017
vn 0.4886 -0.4491 -0.7481
vn 0.4917 -0.3208 -0.8095
vn 0.4887 -0.3080 -0.8163
vn 0.4951 -0.3062 -0.8131
vn 0.4470 -0.4458 -0.7756
vn 0.4476 -0.4458 -0.7752
vn 0.3908 -0.3637 -0.8456
vn 0.5305 -0.2958 -0.7944
vn 0.0007 0.9999 0.0112
vn -0.0243 0.9995 0.0197
vn -0.0267 0.9994 0.0205
vn -0.0393 0.9990 0.0216
vn -0.0401 0.9992 0.0042
vn -0.0436 0.9990 0.0080
vn -0.0383 0.9993 -0.0010
vn -0.0380 0.9993 -0.0015
vn -0.0380 0.9993 -0.0019
vn -0.1653 0.9862 0.0137
vn -0.0710 0.9975 0.0053
vn -0.0388 0.9992 0.0006
vn -0.0434 0.9991 0.0005
vn 0.0007 1.0000 0.0007
vn -0.1752 0.9845 0.0075
vn -0.2067 0.9784 0.0100
vn -0.2336 0.9719 0.0272
vn 0.6872 0.6009 0.4083
vn 0.6545 0.6041 0.4546
vn 0.6522 0.6042 0.4577
vn 0.6084 0.5966 0.5234
vn 0.6042 0.5945 0.5306
vn 0.5493 0.5802 0.6014
vn 0.5555 0.5811 0.5948
vn 0.4613 0.5801 0.6714
vn 0.4568 0.5803 0.6742
vn 0.3126 0.5613 0.7663
vn 0.3712 0.5762 0.7281
vn 0.6777 0.3836 0.6273
vn 0.0133 0.8326 0.5538
vn 0.0112 0.8303 0.5573
vn 0.0111 0.8302 0.5573
vn 0.0320 0.8159 0.5772
vn 0.1130 0.7164 0.6884
vn 0.2009 0.6061 0.7696
vn 0.2095 0.5921 0.7782
vn 0.1127 -0.0276 0.9932
vn 0.1393 -0.0444 0.9893
vn 0.0206 -0.0039 0.9998
vn 0.2088 -0.0733 0.9752
vn 0.2921 -0.1159 0.9493
vn 0.3155 -0.1254 0.9406
vn 0.4061 -0.1758 0.8968
vn 0.4427 -0.1644 0.8815
vn 0.5275 -0.3843 0.7577
vn 0.5444 -0.3801 0.7477
vn 0.4650 -0.3069 0.8304
vn 0.4404 -0.2571 0.8602
vn 0.7119 -0.1478 0.6866
vn 0.7182 -0.1316 0.6833
vn 0.6361 -0.2892 0.7154
vn 0.6239 -0.3067 0.7188
vn 0.7639 -0.0376 0.6442
vn 0.7873 0.0002 0.6166
vn 0.8116 0.0208 0.5838
vn 0.8271 0.0274 0.5615
vn 0.7847 -0.0205 0.6195
vn 0.9902 -0.1264 0.0596
vn 0.9888 -0.1333 0.0672
vn 0.9972 -0.0742 0.0057
vn 0.9972 -0.0748 0.0063
vn 0.3449 -0.8774 0.3334
vn 0.4314 -0.8390 0.3317
vn 0.3987 -0.8550 0.3318
vn 0.3293 -0.8828 0.3350
vn 0.5425 -0.7705 0.3347
vn 0.5056 -0.7958 0.3333
vn 0.7667 -0.5762 0.2830
vn 0.9318 -0.3181 0.1748
vn 0.9391 -0.3007 0.1662
vn 0.7054 -0.6403 0.3041
vn 0.3107 -0.8889 0.3367
vn 0.9987 -0.0478 -0.0196
vn 0.8715 0.0790 0.4840
vn 0.0204 0.7105 0.7034
vn 0.0200 0.7107 0.7032
vn 0.0214 0.7047 0.7091
vn 0.0144 0.7049 0.7092
vn 0.8305 0.2705 0.4870
vn 0.7896 0.3597 0.4971
vn 0.8740 0.1414 0.4648
vn 0.2523 0.6778 0.6906
vn 0.2293 0.6770 0.6994
vn 0.4919 0.6138 0.6175
vn 0.5553 0.5849 0.5913
vn 0.7017 -0.6664 0.2519
vn 0.2205 -0.8980 0.3806
vn -0.6105 -0.7569 0.2331
vn -0.6722 -0.7330 0.1041
vn -0.6630 -0.7334 0.1503
vn -0.5352 -0.7872 0.3065
vn 0.0143 -0.8873 0.4610
vn 0.0281 -0.8870 0.4609
vn 0.0138 -0.8873 0.4610
vn 0.6517 -0.0232 0.7581
vn 0.5743 -0.0699 0.8157
vn 0.5780 -0.0683 0.8132
vn 0.7687 -0.0095 0.6395
vn 0.7696 -0.0095 0.6385
vn 0.6949 -0.0179 0.7189
vn 0.6933 -0.0181 0.7205
vn 0.8005 -0.0060 0.5992
vn 0.8016 -0.0024 0.5979
vn 0.4489 -0.1714 0.8770
vn 0.6429 -0.0151 0.7658
vn 0.6359 -0.0186 0.7715
vn 0.6362 -0.0184 0.7713
vn 0.4193 -0.2041 0.8846
vn 0.6854 -0.0117 0.7281
vn 0.6760 -0.0132 0.7368
vn 0.7297 -0.0043 0.6838
vn 0.8892 -0.1448 0.4341
vn 0.5996 -0.6564 0.4579
vn 0.7656 -0.5001 0.4048
vn 0.8904 -0.1354 0.4346
vn 0.5695 -0.6988 0.4329
vn 0.5185 -0.7167 0.4665
vn 0.4798 -0.7374 0.4754
vn 0.5581 -0.6951 0.4532
vn -0.3450 -0.3764 0.8598
vn 0.4492 -0.7352 0.5076
vn -0.3048 -0.5542 0.7746
vn -0.4514 0.4665 0.7606
vn -0.4242 0.6111 0.6683
vn 0.3208 0.7325 0.6005
vn 0.3872 0.6905 0.6110
vn 0.3669 0.6836 0.6310
vn 0.6292 0.5257 0.5725
vn 0.5605 0.6244 0.5440
vn 0.8467 0.2954 0.4426
vn -0.0131 -0.5140 -0.8577
vn -0.0124 -0.5200 -0.8541
vn -0.1123 -0.3639 -0.9246
vn -0.1322 -0.3516 -0.9268
vn -0.0016 -0.6105 -0.7920
vn -0.0130 -0.5140 -0.8577
vn -0.3574 -0.3735 -0.8560
vn -0.2600 -0.2990 -0.9182
vn -0.3907 -0.3637 -0.8456
vn -0.1323 -0.3516 -0.9268
vn -0.1124 -0.3639 -0.9247
vn -0.2599 -0.2990 -0.9182
vn -0.3574 -0.3736 -0.8560
vn 0.0930 -0.9954 0.0229
vn -0.6863 -0.7272 0.0099
vn -0.6630 -0.7334 0.1502
vn -0.6722 -0.7330 0.1040
vn 0.0001 -1.0000 0.0042
vn 0.1667 -0.9475 0.2730
vn 0.2487 -0.9469 0.2037
vn 0.3406 -0.8386 0.4250
vn 0.2481 -0.8546 0.4562
vn 0.8394 -0.0884 0.5363
vn 0.7766 0.1835 0.6027
vn 0.8370 -0.0674 0.5431
vn 0.0513 -0.8864 0.4600
vn 0.0281 -0.8873 0.4604
vn 0.0155 -0.9661 0.2579
vn 0.0320 -0.9656 0.2582
vn 0.0039 -0.9996 0.0277
vn 0.0518 -0.9982 0.0287
vn 0.1667 -0.9475 0.2729
vn 0.0320 -0.9656 0.2581
vn 0.2487 -0.9470 0.2036
vn 0.0519 -0.9982 0.0287
vn 0.0155 -0.9661 0.2578
vn 0.0012 -0.9997 0.0260
vn 0.0038 -0.9996 0.0277
vn 0.0319 -0.9656 0.2581
vn -0.0004 -0.5748 -0.8183
vn 0.4199 -0.5415 -0.7283
vn 0.6170 -0.6951 -0.3690
vn 0.8714 -0.4466 0.2029
vn 0.9026 -0.3229 0.2845
vn 0.9092 -0.2730 0.3144
vn 0.5682 -0.8017 0.1857
vn 0.5630 -0.7890 0.2461
vn 0.5716 -0.8200 0.0302
vn 0.5682 -0.8017 0.1858
vn 0.5412 -0.7454 0.3891
vn 0.4028 -0.3333 0.8525
vn 0.8452 -0.2137 0.4899
vn 0.0567 -0.3693 0.9276
vn 0.0282 -0.3698 0.9287
vn 0.0286 -0.3698 0.9287
vn 0.9122 -0.1516 0.3807
vn 0.9027 -0.3228 0.2846
vn 0.2387 0.6057 0.7590
vn 0.2275 0.6264 0.7456
vn 0.1841 0.6941 0.6959
vn 0.0428 0.7280 0.6843
vn 0.0428 0.7271 0.6852
vn 0.0834 0.7316 0.6766
vn -0.4542 -0.8079 0.3756
vn 0.2480 -0.8546 0.4562
vn 0.1020 -0.8694 0.4835
vn 0.0964 -0.8801 0.4649
vn 0.1019 -0.8694 0.4835
vn 0.1975 0.3316 0.9225
vn 0.2064 -0.4143 0.8864
vn -0.5711 0.3156 0.7578
vn -0.7216 -0.0212 0.6920
vn -0.7362 -0.0743 0.6726
vn -0.7668 -0.2513 0.5906
vn -0.7362 -0.0743 0.6727
vn -0.7216 -0.0213 0.6920
vn 0.2801 -0.2196 0.9345
vn 0.3603 -0.2191 0.9067
vn 0.3568 -0.2189 0.9082
vn 0.2850 -0.2208 0.9328
vn 0.5494 -0.7563 0.3551
vn 0.6180 -0.7312 0.2888
vn 0.6766 -0.7013 0.2244
vn 0.7075 -0.6898 0.1535
vn 0.7066 -0.6982 0.1153
vn 0.0981 -0.9016 0.4212
vn 0.0221 -0.9953 0.0944
vn 0.6977 -0.7164 0.0030
vn 0.1070 -0.1945 0.9751
vn 0.1449 -0.2043 0.9681
vn 0.0283 -0.1829 0.9827
vn 0.0285 -0.1830 0.9827
vn 0.2113 -0.2151 0.9535
vn 0.2413 -0.2252 0.9439
vn 0.2301 -0.2230 0.9473
vn -0.7612 0.0664 0.6452
vn 0.1885 0.6745 0.7138
vn -0.0048 0.7051 0.7091
vn 0.1264 -0.0233 0.9917
vn 0.1068 -0.0185 0.9941
vn 0.1892 -0.0384 0.9812
vn 0.1067 -0.0185 0.9941
vn 0.1263 -0.0233 0.9917
vn 0.0242 -0.0022 0.9997
vn -0.0580 0.9678 0.2449
vn -0.0704 0.9670 0.2450
vn 0.0067 0.9698 0.2437
vn 0.0065 0.9698 0.2437
vn -0.1421 0.9592 0.2444
vn -0.0704 0.9670 0.2449
vn -0.0581 0.9678 0.2449
vn -0.9558 0.2184 0.1970
vn 0.0181 -0.9882 0.1518
vn 0.0294 -0.9878 0.1529
vn 0.0164 -0.9883 0.1517
vn 0.0026 -0.9885 0.1509
vn 0.0027 -0.9885 0.1509
vn 0.0182 -0.9882 0.1518
vn 0.1083 0.7318 0.6729
vn 0.0835 0.7316 0.6766
vn 0.1629 0.7261 0.6680
vn 0.0428 0.7280 0.6842
vn 0.1630 0.7261 0.6680
vn 0.2275 0.6264 0.7455
vn 0.0015 0.9542 -0.2993
vn -0.1208 0.6190 -0.7761
vn -0.0851 0.7278 -0.6805
vn 0.0020 0.9439 -0.3304
vn -0.1850 0.3552 -0.9163
vn 0.0029 0.9833 -0.1822
vn 0.0022 0.9542 -0.2993
vn 0.0020 0.9439 -0.3303
vn 0.2088 -0.0732 0.9752
vn -0.9636 -0.2673 -0.0000
vn -0.1736 -0.9848 -0.0000
vn 0.1486 -0.4692 -0.8705
vn 0.1737 0.9848 -0.0000
vn 0.1503 -0.4641 0.8729
vn 0.3341 -0.0000 -0.9425
vn 0.4669 0.8843 -0.0000
vn 0.3341 -0.0000 0.9425
vn 0.0240 0.0374 0.9990
vn 0.1281 0.0431 0.9908
vn 0.1215 0.0427 0.9917
vn 0.2410 0.0519 0.9691
vn 0.1216 0.0427 0.9917
vn 0.1282 0.0431 0.9908
vn 0.2452 0.0524 0.9681
vn 0.3027 0.0574 0.9514
vn 0.2452 0.0524 0.9680
vn 0.2923 0.0581 0.9546
vn 0.4741 0.6171 0.6280
vn 0.4892 0.6076 0.6257
vn 0.2353 0.7075 0.6665
vn 0.2158 0.7114 0.6688
vn 0.2352 0.7075 0.6665
vn 0.0263 0.7298 0.6832
vn 0.0258 0.7297 0.6833
vn 0.7939 -0.0575 0.6053
vn 0.7929 0.0995 0.6011
vn 0.7931 0.0972 0.6013
vn 0.7931 0.0973 0.6013
vn 0.7929 0.0996 0.6011
vn 0.6872 0.4009 0.6058
vn 0.6761 0.4172 0.6073
vn 0.4893 0.6076 0.6257
vn 0.6761 0.4173 0.6073
vn 0.6872 0.4010 0.6058
vn 0.3510 0.0540 0.9348
vn 0.0388 -0.9992 0.0029
vn -0.0006 -1.0000 0.0030
vn 0.0437 -0.9990 0.0029
vn 0.2008 -0.9796 0.0019
vn 0.1751 -0.9845 0.0021
vn 0.2944 -0.9557 0.0012
vn 0.1752 -0.9845 0.0021
vn -0.4769 -0.5351 -0.6973
vn -0.4886 -0.4492 -0.7480
vn -0.4948 -0.3681 -0.7872
vn -0.4886 -0.4491 -0.7481
vn -0.5007 -0.3265 -0.8017
vn -0.4917 -0.3208 -0.8095
vn -0.4951 -0.3062 -0.8131
vn -0.4887 -0.3080 -0.8163
vn -0.4476 -0.4458 -0.7752
vn -0.4470 -0.4458 -0.7756
vn -0.5305 -0.2958 -0.7944
vn 0.0257 0.7297 0.6833
vn -0.0000 0.7256 0.6882
vn -0.0000 0.0370 0.9993
vn 0.0239 0.0374 0.9990
vn 0.0241 -0.0022 0.9997
vn -0.0241 -0.0022 0.9997
vn -0.0199 0.7107 0.7032
vn 0.0199 0.7107 0.7032
vn -0.0000 -1.0000 0.0042
vn -0.0000 0.7262 0.6875
vn -0.0281 -0.3698 0.9287
vn 0.0281 -0.3698 0.9287
vn -0.0000 -0.8850 0.4657
vn -0.0000 -0.9670 0.2546
vn -0.0000 -0.9671 0.2545
vn -0.0000 -0.9985 -0.0545
vn -0.0000 -0.5271 0.8498
vn -0.0000 -0.9912 -0.1322
vn -0.0000 -0.6185 -0.7858
vn 0.3950 -0.2212 0.8916
vn 0.9963 -0.0000 0.0860
vn 0.6132 0.0003 0.7899
vn 0.9351 -0.0000 0.3544
vn 0.0999 0.0001 0.9950
vn 0.1508 0.0002 0.9886
vn -0.0001 -0.0002 1.0000
vn 0.0998 0.0001 0.9950
vn -0.0000 -0.0002 1.0000
vn 0.9961 -0.0068 -0.0878
vn 0.9240 -0.0685 -0.3761
vn 0.9372 -0.0595 -0.3437
vn 0.6849 -0.1798 -0.7061
vn 0.6399 -0.1951 -0.7433
vn 0.2342 -0.2786 -0.9314
vn -0.0439 -0.2358 -0.9708
vn -0.1903 -0.2366 -0.9528
vn -0.3313 -0.1842 -0.9254
vn 1.0000 0.0026 -0.0000
vn -0.9101 -0.4144 -0.0000
vn -0.9505 -0.3108 -0.0000
vn 0.9505 -0.3108 -0.0000
vn -0.3043 0.9447 -0.1224
vn -0.0843 0.9878 -0.1308
vn -0.0886 0.9875 -0.1307
vn -0.3270 0.9372 -0.1211
vn -0.9284 0.3715 0.0001
vn -0.8921 0.4516 -0.0137
vn -0.9330 0.3599 0.0002
vn -0.6322 0.7706 -0.0810
vn -0.6921 0.7186 -0.0683
vn -0.8771 0.4799 -0.0187
vn -0.9322 0.3620 0.0002
vn -0.9365 0.3507 -0.0000
vn -0.9353 0.3538 0.0002
vn -0.9354 0.3535 0.0002
vn -0.9365 0.3508 -0.0000
vn -0.9368 0.3498 -0.0000
vn -0.7050 0.6066 -0.3674
vn -0.4651 0.7809 -0.4169
vn -0.5148 0.7528 -0.4102
vn -0.7568 0.5524 -0.3493
vn -0.0627 0.9002 -0.4310
vn -0.0585 0.9005 -0.4309
vn -0.2397 0.8696 -0.4317
vn -0.2286 0.8725 -0.4319
vn -0.7536 0.6056 -0.2555
vn -0.8033 0.5126 -0.3032
vn -0.7294 0.6424 -0.2352
vn -0.6634 0.7400 -0.1109
vn -0.6580 0.7475 -0.0911
vn -0.6430 0.7656 -0.0200
vn -0.6427 0.7659 -0.0196
vn -0.6046 0.7615 -0.2335
vn -0.6242 0.7623 -0.1710
vn -0.5293 0.7390 -0.4168
vn 0.0066 0.5168 -0.8561
vn 0.0043 0.4909 -0.8712
vn 0.0077 0.5012 -0.8653
vn 0.0046 0.5187 -0.8549
vn 0.0019 0.5219 -0.8530
vn 0.0021 0.5192 -0.8546
vn 0.0015 0.5186 -0.8550
vn 0.0025 0.7024 -0.7117
vn 0.0019 0.6469 -0.7626
vn 0.0037 0.8288 -0.5595
vn 0.6859 -0.7277 -0.0003
vn 0.6420 -0.7667 -0.0006
vn 0.8743 -0.4855 0.0010
vn 0.9006 -0.4346 0.0012
vn 0.0893 -0.9960 -0.0034
vn 0.0860 -0.9963 -0.0035
vn 0.3290 -0.9443 -0.0023
vn 0.3540 -0.9353 -0.0022
vn 0.9518 -0.3069 0.0014
vn 0.9539 -0.3000 0.0014
vn 0.9577 -0.2879 0.0013
vn 0.0006 -0.1892 0.9819
vn 0.0040 -0.1885 0.9821
vn 0.0005 -0.1896 0.9819
vn 0.0138 -0.1871 0.9822
vn 0.0170 -0.1861 0.9824
vn 0.0130 -0.1555 0.9877
vn 0.0073 -0.1419 0.9899
vn -0.0050 -0.1064 0.9943
vn -0.0050 0.0608 0.9981
vn -0.0056 0.1507 0.9886
vn -0.0067 0.2847 0.9586
vn -0.0007 0.2814 0.9596
vn 0.0001 1.0000 0.0006
vn 0.0003 1.0000 -0.0000
vn 0.0912 0.9872 -0.1306
vn 0.0867 0.9876 -0.1307
vn 0.3045 0.9446 -0.1224
vn 0.3264 0.9374 -0.1211
vn 0.9284 0.3715 0.0001
vn 0.9330 0.3599 0.0002
vn 0.8921 0.4516 -0.0137
vn 0.6300 0.7723 -0.0812
vn 0.6905 0.7201 -0.0685
vn 0.8771 0.4799 -0.0187
vn 0.9322 0.3620 0.0002
vn 0.9354 0.3535 0.0002
vn 0.9365 0.3507 -0.0000
vn 0.9368 0.3498 -0.0000
vn 0.5151 0.7539 -0.4078
vn 0.4641 0.7827 -0.4147
vn 0.7067 0.6065 -0.3644
vn 0.7589 0.5517 -0.3460
vn 0.0643 0.9001 -0.4309
vn 0.2285 0.8731 -0.4306
vn 0.2402 0.8702 -0.4303
vn 0.0605 0.9004 -0.4308
vn 0.8052 0.5113 -0.3002
vn 0.7558 0.6039 -0.2532
vn 0.7319 0.6403 -0.2333
vn 0.6608 0.7451 -0.0905
vn 0.6662 0.7376 -0.1101
vn 0.6457 0.7633 -0.0196
vn 0.6460 0.7630 -0.0201
vn 0.6076 0.7591 -0.2336
vn 0.5326 0.7372 -0.4158
vn 0.6274 0.7598 -0.1704
vn -0.0066 0.5168 -0.8561
vn -0.0047 0.5188 -0.8549
vn -0.0077 0.5012 -0.8653
vn -0.0043 0.4909 -0.8712
vn -0.0019 0.5220 -0.8530
vn -0.0015 0.5186 -0.8550
vn -0.0022 0.5192 -0.8546
vn -0.0025 0.7024 -0.7117
vn -0.0019 0.6469 -0.7626
vn -0.0037 0.8288 -0.5595
vn -0.6839 -0.7295 -0.0003
vn -0.9006 -0.4346 0.0012
vn -0.8743 -0.4855 0.0010
vn -0.6394 -0.7689 -0.0006
vn -0.3287 -0.9444 -0.0023
vn -0.0886 -0.9961 -0.0034
vn -0.0921 -0.9957 -0.0034
vn -0.3528 -0.9357 -0.0022
vn -0.9539 -0.3000 0.0014
vn -0.9518 -0.3069 0.0014
vn -0.9577 -0.2879 0.0013
vn -0.0040 -0.1885 0.9821
vn -0.0006 -0.1892 0.9819
vn -0.0005 -0.1896 0.9819
vn -0.0171 -0.1862 0.9824
vn -0.0138 -0.1872 0.9822
vn -0.0131 -0.1557 0.9877
vn -0.0072 -0.1418 0.9899
vn 0.0051 0.0608 0.9981
vn 0.0050 -0.1064 0.9943
vn 0.0056 0.1507 0.9886
vn 0.0070 0.2849 0.9585
vn -0.0001 1.0000 0.0006
vn -0.0003 1.0000 -0.0000
vn -0.0000 0.9671 -0.2542
vn -0.0000 0.8708 -0.4916
vn -0.0000 1.0000 0.0020
vn -0.0000 0.2810 0.9597
vn 0.4053 -0.0000 -0.9142
vn 0.4049 0.0004 -0.9143
vn 0.4059 -0.0000 -0.9139
vn 0.4039 0.0004 -0.9148
vn 0.3988 0.0017 -0.9170
vn 0.3991 0.0024 -0.9169
vn -0.9909 -0.0345 0.1300
vn -0.9078 -0.0041 0.4195
vn -0.7871 0.4401 0.4321
vn -0.8599 0.4740 0.1893
vn -0.9275 -0.3588 0.1045
vn -0.8421 -0.2521 0.4767
vn -0.1403 -0.9901 0.0013
vn -0.1356 -0.9908 0.0014
vn -0.1464 -0.9892 0.0043
vn -0.1440 -0.9896 0.0001
vn 0.1995 0.8079 0.5546
vn 0.0914 0.4642 0.8810
vn 0.8380 0.2195 0.4996
vn 0.7791 0.5159 0.3561
vn 0.9085 -0.2364 0.3445
vn 0.8931 -0.4498 -0.0004
vn -0.1726 0.1683 0.9705
vn -0.4432 0.8043 0.3958
vn -0.4891 0.4540 0.7447
vn 0.1558 0.9555 0.2504
vn -0.5226 0.8185 0.2387
vn -0.5792 0.1050 0.8084
vn -0.5576 -0.0325 0.8295
vn -0.3367 0.1184 0.9342
vn 0.6598 -0.7515 0.0012
vn -0.1294 -0.9916 -0.0003
vn -0.2372 0.1774 0.9551
vn 0.0249 0.9997 0.0084
vn 0.1566 0.0365 -0.9870
vn -0.1434 -0.9897 -0.0011
vn -0.4053 -0.0000 -0.9142
vn -0.4039 0.0004 -0.9148
vn -0.4059 -0.0000 -0.9139
vn -0.4049 0.0004 -0.9143
vn -0.3988 0.0017 -0.9170
vn -0.3991 0.0024 -0.9169
vn 0.9909 -0.0345 0.1300
vn 0.8599 0.4741 0.1893
vn 0.7871 0.4401 0.4321
vn 0.9078 -0.0041 0.4195
vn 0.9275 -0.3588 0.1045
vn 0.8421 -0.2521 0.4767
vn 0.1464 -0.9892 0.0043
vn 0.1356 -0.9908 0.0014
vn 0.1403 -0.9901 0.0013
vn 0.1440 -0.9896 0.0001
vn -0.8380 0.2195 0.4996
vn -0.0914 0.4642 0.8810
vn -0.1995 0.8079 0.5546
vn -0.7791 0.5159 0.3561
vn -0.8931 -0.4498 -0.0004
vn -0.9085 -0.2364 0.3445
vn 0.1725 0.1684 0.9705
vn 0.4432 0.8043 0.3958
vn 0.4891 0.4540 0.7447
vn 0.5226 0.8185 0.2387
vn -0.1558 0.9555 0.2504
vn 0.5792 0.1050 0.8084
vn 0.5576 -0.0325 0.8295
vn 0.3367 0.1184 0.9342
vn -0.6598 -0.7515 0.0011
vn 0.1294 -0.9916 -0.0003
vn 0.2372 0.1774 0.9551
vn -0.0249 0.9997 0.0084
vn -0.1566 0.0365 -0.9870
vn 0.1434 -0.9897 -0.0011
vn -0.9890 0.1336 0.0631
vn -0.9890 0.1337 0.0630
vn -0.3641 0.0488 0.9301
vn -0.3851 -0.9228 0.0091
vn -0.2146 0.0289 -0.9763
vn -0.1572 0.9875 0.0091
vn -0.3642 0.0488 0.9301
vn -0.3853 -0.9228 0.0091
vn -0.2145 0.0289 -0.9763
vn 0.9890 0.1337 0.0631
vn 0.9890 0.1337 0.0630
vn 0.3641 0.0488 0.9301
vn 0.3851 -0.9228 0.0091
vn 0.2146 0.0289 -0.9763
vn 0.1572 0.9875 0.0091
vn 0.3642 0.0488 0.9301
vn 0.3853 -0.9228 0.0091
vn 0.2145 0.0289 -0.9763
vn -0.0001 1.0000 -0.0000
vn -0.0002 1.0000 -0.0000
vn 0.0003 -0.0004 -1.0000
vn -0.2240 -0.0292 -0.9742
vn -0.2447 -0.0319 -0.9691
vn -0.9682 -0.1840 -0.1697
vn -0.8136 -0.1405 -0.5642
vn -0.7780 -0.1318 -0.6143
vn 0.0001 -0.7717 -0.6360
vn -0.1305 -0.7837 -0.6073
vn -0.1523 -0.7843 -0.6013
vn -0.6242 -0.6996 -0.3478
vn -0.5026 -0.7454 -0.4379
vn -0.8094 -0.5662 -0.1555
vn -0.5542 -0.7378 -0.3853
vn 0.0008 -0.0017 -1.0000
vn 0.0007 -0.0023 -1.0000
vn 0.0003 -0.0021 -1.0000
vn 0.8186 0.3886 -0.4230
vn 0.6821 0.6446 -0.3453
vn 0.7471 0.5442 -0.3818
vn 0.2070 0.9729 -0.1034
vn 0.4040 0.8922 -0.2018
vn -0.0003 -1.0000 -0.0017
vn -0.0000 -1.0000 -0.0018
vn -0.0004 -1.0000 -0.0016
vn -0.5926 -0.8055 -0.0019
vn -0.0007 -1.0000 -0.0015
vn 0.1228 0.3797 0.9169
vn 0.2999 0.3707 0.8790
vn 0.1815 0.2722 0.9450
vn -0.0001 0.3929 0.9196
vn 0.1837 0.3998 0.8980
vn 0.0001 0.3929 0.9196
vn 0.0010 0.3914 0.9202
vn 0.0002 1.0000 -0.0000
vn 0.0001 1.0000 -0.0000
vn 0.2240 -0.0292 -0.9742
vn -0.0003 -0.0004 -1.0000
vn 0.2447 -0.0319 -0.9691
vn 0.7780 -0.1318 -0.6143
vn 0.8136 -0.1405 -0.5642
vn 0.9682 -0.1840 -0.1697
vn -0.0001 -0.7717 -0.6359
vn 0.1523 -0.7843 -0.6013
vn 0.1304 -0.7837 -0.6073
vn 0.5026 -0.7454 -0.4379
vn 0.6242 -0.6996 -0.3478
vn 0.8094 -0.5662 -0.1555
vn 0.5542 -0.7378 -0.3853
vn -0.0000 -0.8877 -0.4605
vn -0.0003 -0.0021 -1.0000
vn -0.0007 -0.0023 -1.0000
vn -0.0008 -0.0017 -1.0000
vn -0.4040 0.8922 -0.2018
vn -0.2070 0.9729 -0.1034
vn -0.7471 0.5442 -0.3818
vn -0.6821 0.6446 -0.3452
vn -0.8186 0.3886 -0.4230
vn 0.0003 -1.0000 -0.0017
vn 0.0004 -1.0000 -0.0016
vn 0.5926 -0.8055 -0.0019
vn -0.0000 -1.0000 -0.0005
vn 0.0007 -1.0000 -0.0015
vn -0.1837 0.3998 0.8980
vn -0.1228 0.3798 0.9169
vn -0.2999 0.3707 0.8790
vn -0.3301 0.3953 0.8572
vn -0.0001 0.3930 0.9195
vn 0.0005 0.3951 0.9186
vn -0.0005 0.3951 0.9186
vn -0.0010 0.3914 0.9202
vn -0.1815 0.2722 0.9450
vn 0.3301 0.3953 0.8572
vn -0.0000 -1.0000 0.0030
vn -0.0007 -1.0000 0.0030
vn -0.0257 0.7297 0.6833
vn -0.0239 0.0374 0.9990
vn 0.0005 -1.0000 0.0030
vn -0.0000 -0.9876 -0.1572
vn -0.0000 -0.4786 -0.8780
vn -0.9895 -0.1442 -0.0033
vn -0.9905 -0.1373 -0.0022
vn 0.9895 -0.1447 -0.0034
vn 0.9895 -0.1442 -0.0033
vn -0.0000 -0.9951 0.0987
vn -0.0000 -0.5782 0.8159
vn 0.9905 -0.1373 -0.0022
vn -0.9895 -0.1447 -0.0034
vn 0.9902 -0.1395 -0.0035
vn 0.9900 -0.1410 -0.0028
vn -0.9902 -0.1395 -0.0035
vn -0.9902 -0.1394 -0.0035
vn -0.9900 -0.1411 -0.0028
vn 0.9902 -0.1394 -0.0035
vn 0.0004 1.0000 -0.0001
vn 0.0004 1.0000 0.0001
vn -0.9963 -0.0000 0.0860
vn -0.9351 -0.0000 0.3544
vn -0.6132 0.0003 0.7899
vn -0.0998 0.0001 0.9950
vn -0.1508 0.0002 0.9886
vn 0.0001 -0.0002 1.0000
vn -0.9961 -0.0068 -0.0878
vn -0.6849 -0.1798 -0.7061
vn -0.9372 -0.0595 -0.3437
vn -0.9240 -0.0685 -0.3761
vn -0.6399 -0.1951 -0.7433
vn 0.0439 -0.2358 -0.9708
vn -0.2342 -0.2786 -0.9314
vn 0.1903 -0.2366 -0.9528
vn 0.0440 -0.2358 -0.9708
vn 0.3313 -0.1842 -0.9254
vn -1.0000 0.0026 -0.0000
vn 0.9101 -0.4144 -0.0000
vn -0.0004 1.0000 0.0001
vn -0.0004 1.0000 -0.0001
vn -0.8553 0.5181 -0.0009
vn -0.8454 0.5341 0.0037
vn -0.8453 0.5343 0.0038
vn -0.8588 0.5123 -0.0026
vn -0.7858 0.6184 -0.0078
vn -0.7954 0.6028 -0.0631
vn -0.8412 0.5406 -0.0117
vn -0.8783 0.4781 -0.0033
vn -0.8738 0.4863 -0.0023
vn -0.9188 0.3904 0.0577
vn -0.9766 0.1660 0.1365
vn -0.9068 0.4214 0.0123
vn -0.9960 -0.0884 -0.0146
vn -0.9807 -0.1946 -0.0199
vn -0.9807 -0.1945 -0.0199
vn -0.9991 -0.0420 -0.0074
vn -0.9991 -0.0417 -0.0073
vn -0.9999 -0.0126 -0.0001
vn -1.0000 -0.0013 0.0002
vn -1.0000 -0.0012 -0.0002
vn -0.9999 -0.0124 -0.0004
vn -0.9999 -0.0126 -0.0004
vn -0.9988 -0.0481 0.0014
vn -0.9954 -0.0959 -0.0025
vn -0.9953 -0.0964 -0.0026
vn -0.9890 -0.1479 -0.0069
vn -0.9889 -0.1482 -0.0069
vn -0.9396 -0.3423 0.0054
vn -0.9323 -0.3617 0.0067
vn -0.5724 -0.8164 -0.0761
vn -0.9119 -0.4086 -0.0393
vn -0.9078 -0.4175 -0.0402
vn -0.5666 -0.8205 -0.0764
vn 0.0012 -0.9962 -0.0874
vn 0.0013 -0.9962 -0.0874
vn -0.7263 0.2897 -0.6233
vn -0.7149 0.4949 -0.4941
vn -0.7153 0.4914 -0.4969
vn -0.7263 0.2843 -0.6258
vn -0.6848 0.6590 -0.3109
vn -0.6877 0.6477 -0.3279
vn -0.6652 0.7375 -0.1171
vn -0.6647 0.7394 -0.1067
vn -0.6599 0.7427 0.1138
vn -0.6599 0.7426 0.1141
vn -0.6738 0.6631 0.3260
vn -0.6752 0.6566 0.3361
vn -0.6859 0.4955 0.5329
vn -0.6861 0.5019 0.5266
vn -0.6531 0.2958 0.6971
vn -0.6509 0.2880 0.7024
vn -0.6072 0.1121 0.7866
vn -0.6078 0.1156 0.7857
vn -0.5406 -0.5173 -0.6634
vn -0.2803 -0.7622 -0.5836
vn -0.0011 -0.9238 -0.3830
vn -0.6569 -0.2058 -0.7253
vn -0.6650 -0.1773 -0.7255
vn -0.6137 -0.0418 0.7884
vn -0.6165 -0.0586 0.7852
vn -0.9154 0.4016 0.0256
vn -0.8223 0.5672 0.0453
vn -0.7572 0.6532 -0.0006
vn -0.9043 0.4269 -0.0085
vn -0.9235 0.3822 -0.0332
vn -0.9306 0.3638 -0.0417
vn -0.9496 0.3082 0.0570
vn -0.8536 0.5181 0.0544
vn -0.9314 0.0292 0.3628
vn -0.9918 0.0549 0.1156
vn -0.9560 0.1066 0.2733
vn -0.9119 0.0261 0.4097
vn -0.8955 0.0157 0.4447
vn -0.9186 0.3943 0.0275
vn -0.7566 0.6536 -0.0175
vn -0.6597 0.7515 -0.0007
vn -0.8294 0.5584 -0.0144
vn -0.9922 0.1166 0.0451
vn -0.9859 0.1666 0.0138
vn -0.9857 0.1677 -0.0138
vn -0.9945 0.0908 -0.0521
vn -0.9880 -0.0443 -0.1478
vn -0.9651 -0.0884 -0.2466
vn -0.9820 -0.1387 -0.1284
vn -0.9934 -0.0405 -0.1071
vn -0.9961 -0.0010 -0.0884
vn -0.9974 0.0173 -0.0695
vn -0.9944 0.0797 -0.0693
vn -0.5935 -0.3786 0.7102
vn -0.2886 -0.7342 0.6145
vn -0.6432 -0.7656 0.0104
vn -0.6049 -0.7962 0.0092
vn -0.4578 -0.8753 -0.1559
vn -0.3925 -0.9066 -0.1546
vn -0.9178 -0.3714 -0.1401
vn -0.9221 -0.3608 -0.1398
vn -0.7121 0.0607 -0.6994
vn -0.7117 0.0574 -0.7001
vn -0.9968 0.0736 -0.0308
vn -0.4906 0.8701 -0.0480
vn -0.4255 0.9049 -0.0063
vn -0.4003 0.9164 0.0002
vn -0.6439 0.7651 0.0006
vn -0.4033 0.9151 -0.0001
vn -0.4042 0.9147 -0.0042
vn -0.8575 0.0412 -0.5128
vn -0.8953 -0.0018 -0.4455
vn -0.7764 0.0155 -0.6300
vn -0.8944 -0.1908 -0.4046
vn -0.9299 -0.1409 -0.3397
vn -0.8562 0.0978 -0.5074
vn -0.7534 0.1075 -0.6487
vn -0.8480 0.1631 -0.5042
vn -0.7468 0.3706 -0.5523
vn -0.7282 0.4023 -0.5549
vn -0.7242 0.2758 -0.6321
vn -0.5173 0.8294 -0.2110
vn -0.7533 0.5549 -0.3530
vn -0.3666 0.7838 -0.5013
vn -0.5247 0.4692 -0.7103
vn -0.0865 0.3672 -0.9261
vn -0.0511 0.8155 -0.5765
vn -0.0367 0.7942 -0.6066
vn -0.0575 0.3592 -0.9315
vn -0.8482 -0.3306 -0.4137
vn -0.8618 -0.1639 -0.4801
vn -0.5976 -0.1740 -0.7827
vn -0.5321 -0.0469 -0.8454
vn -0.0607 0.1189 -0.9911
vn -0.0604 0.1191 -0.9910
vn -0.2132 0.0321 -0.9765
vn -0.0904 0.1004 -0.9908
vn -0.8697 -0.0005 -0.4936
vn -0.2348 0.7233 -0.6494
vn -0.3093 0.3888 -0.8679
vn -0.3190 0.0258 -0.9474
vn -0.2133 0.0321 -0.9765
vn -0.2080 -0.1436 -0.9675
vn -0.5398 -0.0954 -0.8363
vn -0.1941 -0.1456 -0.9701
vn -0.5536 -0.0712 -0.8297
vn -0.1769 0.2194 -0.9595
vn -0.4583 0.3348 -0.8233
vn -0.3377 0.5847 -0.7377
vn -0.2241 0.4478 -0.8656
vn -0.5157 0.6983 -0.4965
vn -0.8998 0.0271 -0.4355
vn -0.3673 -0.0593 -0.9282
vn -0.2251 -0.0619 -0.9724
vn -0.2251 -0.0618 -0.9724
vn -0.3717 -0.0592 -0.9265
vn -0.7596 -0.0176 -0.6502
vn -0.7203 -0.0245 -0.6933
vn 0.0042 -0.9911 -0.1327
vn 0.2232 -0.9712 -0.0829
vn 0.2189 -0.9014 -0.3736
vn 0.0064 -1.0000 0.0002
vn 0.3274 -0.9449 -0.0005
vn 0.0059 -1.0000 0.0002
vn 0.0071 -0.9303 0.3667
vn 0.3269 -0.8783 0.3488
vn -0.1940 -0.1456 -0.9701
vn -0.0630 -0.1550 -0.9859
vn -0.0624 0.2026 -0.9773
vn -0.2079 -0.1437 -0.9675
vn -0.0603 -0.3056 -0.9502
vn -0.0630 -0.1551 -0.9859
vn -0.1941 -0.1457 -0.9701
vn -0.0875 0.3941 -0.9149
vn -0.1769 0.2195 -0.9595
vn -0.0624 0.2027 -0.9773
vn -0.0578 0.3947 -0.9170
vn -0.0961 -0.0635 -0.9933
vn -0.0634 -0.0637 -0.9960
vn -0.0636 -0.0637 -0.9959
vn -0.0641 -0.0002 -0.9979
vn -0.2079 -0.1436 -0.9675
vn -0.0093 0.7995 -0.6006
vn -0.0146 0.3509 -0.9363
vn -0.0154 0.1374 -0.9904
vn -0.0153 0.1374 -0.9904
vn -0.0153 0.2020 -0.9793
vn -0.0623 0.2026 -0.9773
vn -0.0153 -0.1549 -0.9878
vn -0.0147 -0.3059 -0.9519
vn -0.0153 -0.1550 -0.9878
vn -0.0623 0.2027 -0.9773
vn -0.0153 0.2022 -0.9792
vn -0.0144 0.3951 -0.9185
vn -0.0154 -0.0638 -0.9978
vn -0.0155 -0.0638 -0.9978
vn -0.0155 -0.0004 -0.9999
vn -0.2286 -0.5421 -0.8086
vn -0.0824 -0.4574 -0.8855
vn -0.0905 -0.3204 -0.9430
vn -0.2021 -0.3113 -0.9286
vn -0.2539 -0.3014 -0.9191
vn -0.2834 -0.5029 -0.8166
vn -0.2286 -0.5420 -0.8086
vn -0.2022 -0.3113 -0.9286
vn -0.2994 -0.7160 -0.6307
vn -0.2008 -0.7571 -0.6217
vn -0.2834 -0.5029 -0.8165
vn -0.2007 -0.7571 -0.6217
vn -0.1398 -0.7778 -0.6127
vn -0.0824 -0.4574 -0.8854
vn 1.0000 -0.0006 -0.0000
vn -0.0000 -1.0000 -0.0011
vn -0.1255 0.9921 -0.0007
vn -0.1223 0.9925 -0.0084
vn -0.1258 0.9921 -0.0000
vn -0.1082 0.9933 -0.0410
vn -0.0740 0.9930 -0.0917
vn -0.0033 0.9964 -0.0843
vn -0.0046 0.9953 -0.0969
vn -0.0009 0.9977 -0.0681
vn -0.0033 0.9964 -0.0842
vn -0.0316 -0.2858 0.9578
vn -0.0353 -0.4919 0.8699
vn -0.0230 -0.5414 0.8404
vn -0.0262 -0.7368 0.6756
vn -0.0230 -0.5415 0.8404
vn -0.0353 -0.4920 0.8699
vn -0.0295 -0.8750 0.4833
vn -0.0294 -0.8750 0.4833
vn -0.0128 -0.9096 0.4153
vn -0.0142 -0.9907 0.1353
vn -0.0128 -0.9096 0.4152
vn -0.0294 -0.8750 0.4832
vn -0.0224 -0.9997 -0.0026
vn -0.0144 -0.9903 -0.1385
vn -0.0302 -0.8699 -0.4924
vn -0.0129 -0.9052 -0.4248
vn -0.0144 -0.9902 -0.1386
vn -0.0249 -0.9997 -0.0026
vn -0.0129 -0.9051 -0.4249
vn -0.0302 -0.8698 -0.4924
vn -0.0274 -0.7249 -0.6883
vn -0.0327 -0.4773 -0.8781
vn -0.0239 -0.5187 -0.8546
vn -0.0239 -0.5186 -0.8547
vn -0.0213 -0.2681 -0.9632
vn -0.0213 -0.2680 -0.9632
vn -0.0327 -0.4773 -0.8782
vn -0.0179 -0.2257 -0.9740
vn -0.0268 -0.2146 -0.9763
vn -0.0261 -0.2240 0.9742
vn -0.0353 -0.4919 0.8700
vn -0.0415 -0.2025 0.9784
vn -0.0013 -0.1196 0.9928
vn 0.0005 -0.1790 -0.9838
vn -0.0042 -0.2497 -0.9683
vn -0.0178 -0.2257 -0.9740
vn -0.0260 -0.2240 0.9742
vn 0.0013 -0.2627 0.9649
vn -0.0000 -0.9976 -0.0699
vn -0.0004 -0.9958 -0.0916
vn -0.0002 -0.9937 -0.1119
vn 0.0040 -1.0000 0.0058
vn 0.0061 -1.0000 0.0036
vn 0.0016 -1.0000 -0.0049
vn 0.0019 -1.0000 0.0052
vn -0.0000 -0.9999 0.0101
vn 0.0041 -1.0000 0.0057
vn 0.0020 -1.0000 0.0052
vn -0.0146 0.2381 0.9711
vn -0.0111 0.1776 0.9840
vn 0.0002 0.1591 0.9873
vn -0.0000 0.2978 0.9546
vn -0.0214 0.2629 0.9646
vn 0.0002 0.0978 0.9952
vn 0.0003 0.0349 0.9994
vn 0.0002 0.0370 0.9993
vn 0.0002 0.0972 0.9953
vn -0.0111 0.1775 0.9841
vn 0.0010 -0.0007 1.0000
vn 0.0007 -0.0008 1.0000
vn 0.0003 0.0348 0.9994
vn 0.0006 -0.0009 1.0000
vn -0.0214 0.2628 0.9646
vn 0.0008 -0.0007 1.0000
vn 0.0007 -0.0007 1.0000
vn 0.0013 -0.0006 1.0000
vn 0.8453 0.5342 0.0038
vn 0.8454 0.5341 0.0037
vn 0.8554 0.5180 -0.0009
vn 0.8588 0.5122 -0.0026
vn 0.7954 0.6028 -0.0631
vn 0.7858 0.6184 -0.0078
vn 0.8412 0.5406 -0.0117
vn 0.8738 0.4863 -0.0023
vn 0.8783 0.4781 -0.0033
vn 0.9766 0.1660 0.1365
vn 0.9188 0.3904 0.0577
vn 0.9068 0.4214 0.0123
vn 0.9807 -0.1947 -0.0199
vn 0.9960 -0.0884 -0.0146
vn 0.9807 -0.1945 -0.0199
vn 0.9991 -0.0418 -0.0073
vn 0.9991 -0.0420 -0.0074
vn 0.9999 -0.0126 -0.0001
vn 1.0000 -0.0013 0.0002
vn 1.0000 -0.0012 -0.0002
vn 0.9999 -0.0124 -0.0004
vn 0.9999 -0.0126 -0.0004
vn 0.9988 -0.0481 0.0014
vn 0.9954 -0.0959 -0.0025
vn 0.9953 -0.0964 -0.0026
vn 0.9890 -0.1479 -0.0069
vn 0.9889 -0.1482 -0.0069
vn 0.9323 -0.3617 0.0067
vn 0.9396 -0.3423 0.0054
vn 0.9078 -0.4175 -0.0402
vn 0.9119 -0.4086 -0.0393
vn 0.5724 -0.8164 -0.0761
vn 0.5666 -0.8205 -0.0764
vn -0.0013 -0.9962 -0.0874
vn -0.0012 -0.9962 -0.0874
vn 0.7263 0.2897 -0.6233
vn 0.7263 0.2843 -0.6258
vn 0.7153 0.4914 -0.4969
vn 0.7148 0.4949 -0.4941
vn 0.6877 0.6477 -0.3279
vn 0.6848 0.6590 -0.3109
vn 0.6652 0.7375 -0.1171
vn 0.6647 0.7394 -0.1067
vn 0.6599 0.7427 0.1138
vn 0.6599 0.7426 0.1141
vn 0.6738 0.6631 0.3260
vn 0.6752 0.6566 0.3361
vn 0.6861 0.5019 0.5266
vn 0.6859 0.4955 0.5329
vn 0.6531 0.2958 0.6971
vn 0.6509 0.2880 0.7024
vn 0.6072 0.1121 0.7866
vn 0.6078 0.1156 0.7857
vn 0.2803 -0.7622 -0.5836
vn 0.5406 -0.5173 -0.6634
vn 0.0011 -0.9238 -0.3830
vn 0.6569 -0.2058 -0.7253
vn 0.6650 -0.1773 -0.7255
vn 0.6165 -0.0586 0.7852
vn 0.6137 -0.0418 0.7884
vn 0.7572 0.6532 -0.0006
vn 0.8223 0.5672 0.0453
vn 0.9154 0.4016 0.0256
vn 0.9043 0.4269 -0.0085
vn 0.9235 0.3822 -0.0332
vn 0.9306 0.3638 -0.0417
vn 0.8536 0.5181 0.0544
vn 0.9496 0.3082 0.0570
vn 0.9314 0.0292 0.3628
vn 0.9918 0.0549 0.1156
vn 0.9560 0.1066 0.2733
vn 0.9119 0.0261 0.4097
vn 0.8955 0.0157 0.4447
vn 0.9186 0.3943 0.0275
vn 0.6597 0.7515 -0.0007
vn 0.7566 0.6536 -0.0175
vn 0.8295 0.5584 -0.0144
vn 0.9922 0.1166 0.0451
vn 0.9859 0.1666 0.0138
vn 0.9857 0.1677 -0.0138
vn 0.9945 0.0908 -0.0521
vn 0.9820 -0.1387 -0.1284
vn 0.9630 -0.1073 -0.2471
vn 0.9900 -0.0512 -0.1313
vn 0.9934 -0.0405 -0.1071
vn 0.9961 -0.0010 -0.0884
vn 0.9974 0.0173 -0.0695
vn 0.9944 0.0797 -0.0693
vn 0.2886 -0.7342 0.6145
vn 0.5935 -0.3786 0.7102
vn 0.6049 -0.7962 0.0092
vn 0.6432 -0.7656 0.0104
vn 0.9178 -0.3714 -0.1401
vn 0.3925 -0.9066 -0.1546
vn 0.4578 -0.8753 -0.1559
vn 0.9221 -0.3608 -0.1398
vn 0.7117 0.0574 -0.7001
vn 0.7121 0.0607 -0.6994
vn 0.9968 0.0736 -0.0308
vn 0.4906 0.8701 -0.0480
vn 0.4255 0.9049 -0.0063
vn 0.4003 0.9164 0.0002
vn 0.6439 0.7651 0.0006
vn 0.4033 0.9151 -0.0001
vn 0.4042 0.9147 -0.0042
vn 0.8965 0.0136 -0.4429
vn 0.8575 0.0412 -0.5128
vn 0.7764 0.0155 -0.6300
vn 0.9409 -0.0735 -0.3306
vn 0.8943 -0.1909 -0.4046
vn 0.7534 0.1075 -0.6487
vn 0.8562 0.0966 -0.5076
vn 0.8396 0.1813 -0.5121
vn 0.7061 0.3021 -0.6405
vn 0.6682 0.4611 -0.5838
vn 0.7111 0.4060 -0.5739
vn 0.5173 0.8294 -0.2110
vn 0.7533 0.5549 -0.3530
vn 0.3666 0.7838 -0.5013
vn 0.5247 0.4692 -0.7103
vn 0.0367 0.7942 -0.6066
vn 0.0511 0.8155 -0.5765
vn 0.0865 0.3672 -0.9261
vn 0.0575 0.3592 -0.9315
vn 0.8482 -0.3306 -0.4138
vn 0.8624 -0.1610 -0.4799
vn 0.5321 -0.0469 -0.8454
vn 0.5976 -0.1740 -0.7827
vn 0.2132 0.0321 -0.9765
vn 0.0604 0.1191 -0.9910
vn 0.0607 0.1189 -0.9911
vn 0.0904 0.1004 -0.9908
vn 0.8697 -0.0004 -0.4935
vn 0.3093 0.3888 -0.8679
vn 0.2348 0.7233 -0.6494
vn 0.3191 0.0258 -0.9474
vn 0.2133 0.0321 -0.9765
vn 0.5398 -0.0954 -0.8363
vn 0.2080 -0.1436 -0.9675
vn 0.5536 -0.0712 -0.8297
vn 0.1941 -0.1456 -0.9701
vn 0.1769 0.2194 -0.9595
vn 0.4586 0.3342 -0.8234
vn 0.3383 0.5838 -0.7380
vn 0.2241 0.4478 -0.8656
vn 0.4914 0.7115 -0.5022
vn 0.9227 -0.0282 -0.3845
vn 0.3677 -0.0589 -0.9281
vn 0.3721 -0.0588 -0.9263
vn 0.2251 -0.0618 -0.9724
vn 0.2251 -0.0619 -0.9724
vn 0.6950 -0.0469 -0.7175
vn 0.7305 -0.0449 -0.6814
vn -0.0042 -0.9911 -0.1327
vn -0.2232 -0.9712 -0.0829
vn -0.2189 -0.9014 -0.3736
vn -0.3274 -0.9449 -0.0005
vn -0.0064 -1.0000 0.0002
vn -0.0059 -1.0000 0.0002
vn -0.0071 -0.9303 0.3667
vn -0.3269 -0.8783 0.3488
vn 0.0624 0.2026 -0.9773
vn 0.0630 -0.1550 -0.9859
vn 0.1940 -0.1456 -0.9701
vn 0.1769 0.2193 -0.9595
vn 0.0630 -0.1551 -0.9859
vn 0.0603 -0.3056 -0.9502
vn 0.2080 -0.1437 -0.9675
vn 0.1941 -0.1457 -0.9701
vn 0.0624 0.2027 -0.9773
vn 0.0875 0.3941 -0.9149
vn 0.0578 0.3947 -0.9170
vn 0.0636 -0.0637 -0.9959
vn 0.0634 -0.0637 -0.9960
vn 0.0961 -0.0635 -0.9933
vn 0.2079 -0.1436 -0.9675
vn 0.0641 -0.0002 -0.9979
vn 0.0093 0.7995 -0.6006
vn 0.0146 0.3509 -0.9363
vn 0.0153 0.1374 -0.9904
vn 0.0154 0.1374 -0.9904
vn 0.0623 0.2026 -0.9773
vn 0.0153 0.2021 -0.9793
vn 0.0153 -0.1549 -0.9878
vn 0.0153 -0.1550 -0.9878
vn 0.0147 -0.3059 -0.9519
vn 0.0144 0.3951 -0.9185
vn 0.0153 0.2022 -0.9792
vn 0.0623 0.2027 -0.9773
vn 0.0155 -0.0638 -0.9978
vn 0.0154 -0.0638 -0.9978
vn 0.0155 -0.0004 -0.9999
vn 0.0904 -0.3204 -0.9430
vn 0.0824 -0.4574 -0.8855
vn 0.2286 -0.5421 -0.8086
vn 0.2021 -0.3113 -0.9286
vn 0.2539 -0.3014 -0.9191
vn 0.2022 -0.3113 -0.9286
vn 0.2286 -0.5420 -0.8086
vn 0.2834 -0.5029 -0.8166
vn 0.2008 -0.7571 -0.6217
vn 0.2994 -0.7160 -0.6307
vn 0.2834 -0.5029 -0.8165
vn 0.2007 -0.7571 -0.6217
vn 0.0824 -0.4574 -0.8854
vn 0.1398 -0.7778 -0.6127
vn 0.0145 0.3509 -0.9363
vn -0.0145 0.3509 -0.9363
vn 0.0152 0.2021 -0.9793
vn -0.0152 0.2021 -0.9793
vn 0.0152 0.2021 -0.9792
vn -0.0152 0.2021 -0.9792
vn -1.0000 -0.0006 -0.0000
vn 0.1224 0.9925 -0.0084
vn 0.1255 0.9921 -0.0007
vn 0.1258 0.9921 -0.0000
vn 0.0740 0.9930 -0.0917
vn 0.1082 0.9933 -0.0410
vn 0.0033 0.9964 -0.0843
vn 0.0046 0.9953 -0.0969
vn 0.0010 0.9977 -0.0681
vn 0.0092 0.7995 -0.6006
vn 0.0353 -0.4919 0.8699
vn 0.0316 -0.2858 0.9578
vn 0.0230 -0.5414 0.8404
vn 0.0262 -0.7368 0.6756
vn 0.0294 -0.8750 0.4833
vn 0.0353 -0.4920 0.8699
vn 0.0230 -0.5415 0.8404
vn 0.0128 -0.9096 0.4153
vn 0.0294 -0.8750 0.4832
vn 0.0128 -0.9096 0.4152
vn 0.0141 -0.9907 0.1353
vn 0.0245 -0.9997 -0.0026
vn 0.0224 -0.9997 -0.0026
vn 0.0144 -0.9903 -0.1385
vn 0.0302 -0.8699 -0.4924
vn 0.0144 -0.9902 -0.1386
vn 0.0129 -0.9052 -0.4248
vn 0.0302 -0.8698 -0.4924
vn 0.0129 -0.9051 -0.4249
vn 0.0274 -0.7249 -0.6883
vn 0.0327 -0.4773 -0.8781
vn 0.0303 -0.8698 -0.4924
vn 0.0239 -0.5187 -0.8546
vn 0.0239 -0.5186 -0.8547
vn 0.0213 -0.2681 -0.9632
vn 0.0213 -0.2680 -0.9632
vn 0.0268 -0.2146 -0.9763
vn 0.0179 -0.2257 -0.9740
vn 0.0327 -0.4773 -0.8782
vn 0.0353 -0.4919 0.8700
vn 0.0261 -0.2240 0.9742
vn 0.0415 -0.2025 0.9784
vn 0.0013 -0.1196 0.9928
vn -0.0005 -0.1790 -0.9838
vn 0.0042 -0.2497 -0.9683
vn 0.0178 -0.2257 -0.9740
vn -0.0013 -0.2627 0.9649
vn 0.0260 -0.2240 0.9742
vn 0.0004 -0.9958 -0.0916
vn 0.0002 -0.9937 -0.1119
vn -0.0016 -1.0000 -0.0049
vn -0.0061 -1.0000 0.0036
vn -0.0040 -1.0000 0.0058
vn -0.0019 -1.0000 0.0052
vn 1.0000 -0.0003 -0.0002
vn -0.0041 -1.0000 0.0057
vn -0.0020 -1.0000 0.0052
vn 0.0111 0.1776 0.9840
vn 0.0146 0.2381 0.9711
vn -0.0002 0.1591 0.9873
vn 0.0214 0.2628 0.9646
vn -0.0002 0.0370 0.9993
vn -0.0002 0.0349 0.9994
vn -0.0002 0.0978 0.9952
vn -0.0002 0.0972 0.9953
vn 0.0111 0.1775 0.9841
vn -0.0007 -0.0008 1.0000
vn -0.0010 -0.0007 1.0000
vn -0.0003 0.0348 0.9994
vn -0.0003 0.0349 0.9994
vn -0.0005 -0.0009 1.0000
vn -0.0008 -0.0007 1.0000
vn -0.0007 -0.0007 1.0000
vn -0.0013 -0.0006 1.0000
vn -0.0000 -1.0000 -0.0010
vn -0.0001 -1.0000 -0.0013
vn 0.0001 -1.0000 -0.0013
vn -0.0000 -0.3228 -0.9465
vn -0.0904 -0.3204 -0.9430
vn -0.0000 -0.9997 -0.0249
vn -0.0000 -0.9912 -0.1327
vn -1.0000 -0.0000 -0.0001
vn -1.0000 -0.0002 -0.0000
vn -1.0000 0.0001 0.0001
vn 1.0000 -0.0003 -0.0000
vn 1.0000 -0.0000 0.0001
vn 1.0000 -0.0001 -0.0002
vn 0.0005 -0.9998 -0.0192
vn 0.0001 -0.9997 -0.0263
vn 0.0015 -1.0000 -0.0049
vn -0.0001 -0.9997 -0.0263
vn -0.0015 -1.0000 -0.0049
vn -0.0005 -0.9998 -0.0192
vn -0.0000 -0.3782 -0.9257
vn -0.0000 -0.2995 0.9541
vn -0.0000 -0.4119 0.9112
vn -0.0000 -0.9885 0.1511
vn 0.8699 -0.4214 0.2562
vn -0.8700 -0.4214 0.2562
vn -0.0000 -0.0008 1.0000
vn 0.0006 -0.0007 1.0000
vn -0.0006 -0.0007 1.0000
vn -1.0000 -0.0000 0.0082
vn 0.5480 -0.0000 -0.8365
vn -0.5147 -0.0000 0.8573
vn -0.6710 -0.0000 0.7414
vn -0.5064 -0.0000 0.8623
vn 1.0000 -0.0000 0.0095
vn -0.5480 -0.0000 -0.8365
vn -0.1692 -0.0000 0.9856
vn -0.1721 -0.0000 0.9851
vn 0.1721 -0.0000 0.9851
vn 0.1692 -0.0000 0.9856
vn 0.5144 -0.0000 0.8575
vn 0.5233 -0.0000 0.8522
vn 0.6857 -0.0000 0.7279
vn -0.3420 0.5504 0.7616
vn -0.3176 0.6304 0.7083
vn -0.3336 0.6779 0.6551
vn -0.4511 0.4546 0.7680
vn -0.3619 0.8060 0.4684
vn -0.5469 0.5295 0.6485
vn -0.6716 0.5740 0.4685
vn -0.3856 0.8740 0.2957
vn -0.5212 0.8285 0.2048
vn -0.8163 0.5359 0.2155
vn -0.5763 -0.2769 0.7689
vn -0.4857 -0.2530 0.8367
vn -0.4897 -0.1469 0.8595
vn -0.6131 -0.0741 0.7865
vn -0.7841 -0.0801 0.6155
vn -0.7594 -0.3040 0.5752
vn -0.9016 -0.3003 0.3115
vn -0.9305 -0.0585 0.3616
vn -0.9977 -0.0594 0.0321
vn -0.9524 -0.3043 -0.0192
vn -0.5069 0.0948 0.8568
vn -0.4450 0.1417 0.8843
vn -0.6500 0.7391 0.1768
vn -0.8850 0.4543 0.1018
vn -0.9915 0.1302 -0.0021
vn -0.1172 -0.0935 0.9887
vn -0.1554 -0.1411 0.9777
vn -0.1249 -0.1031 0.9868
vn -0.1032 0.0069 0.9946
vn -0.1161 0.0480 0.9921
vn -0.1321 0.1000 0.9862
vn 0.3420 0.5504 0.7616
vn 0.4511 0.4546 0.7680
vn 0.3336 0.6779 0.6551
vn 0.3176 0.6304 0.7083
vn 0.3619 0.8060 0.4684
vn 0.5469 0.5295 0.6485
vn 0.6716 0.5740 0.4685
vn 0.8163 0.5359 0.2155
vn 0.5212 0.8285 0.2048
vn 0.3856 0.8740 0.2957
vn 0.4897 -0.1469 0.8595
vn 0.4857 -0.2530 0.8367
vn 0.5763 -0.2769 0.7689
vn 0.6131 -0.0741 0.7865
vn 0.7594 -0.3040 0.5752
vn 0.7841 -0.0801 0.6155
vn 0.9016 -0.3002 0.3115
vn 0.9305 -0.0585 0.3616
vn 0.9524 -0.3042 -0.0192
vn 0.9977 -0.0594 0.0321
vn 0.5069 0.0948 0.8568
vn 0.4450 0.1417 0.8843
vn 0.8850 0.4543 0.1017
vn 0.6500 0.7391 0.1768
vn 0.9915 0.1301 -0.0021
vn 0.1172 -0.0935 0.9887
vn 0.1249 -0.1031 0.9868
vn 0.1554 -0.1411 0.9777
vn 0.1032 0.0069 0.9946
vn 0.1161 0.0480 0.9921
vn 0.1321 0.1000 0.9862
vn -0.9667 -0.0000 -0.2559
vn -0.5064 -0.0000 -0.8623
vn -0.5004 -0.2397 -0.8320
vn -0.9653 -0.1015 -0.2408
vn -0.5002 -0.4699 -0.7273
vn -0.5058 -0.6510 -0.5661
vn -0.9666 -0.1814 -0.1810
vn -0.5060 -0.7849 -0.3577
vn -0.9667 -0.2364 -0.0980
vn -0.5001 -0.8567 -0.1267
vn -0.9652 -0.2617 -0.0000
vn -0.5001 -0.8567 0.1267
vn -0.5060 -0.7849 0.3577
vn -0.9667 -0.2364 0.0980
vn -0.5058 -0.6509 0.5661
vn -0.9666 -0.1814 0.1810
vn -0.5002 -0.4699 0.7273
vn -0.9653 -0.1015 0.2408
vn -0.5004 -0.2397 0.8320
vn -0.9667 -0.0000 0.2559
vn -0.5004 0.2397 0.8320
vn -0.9653 0.1015 0.2408
vn -0.5002 0.4699 0.7273
vn -0.5058 0.6509 0.5661
vn -0.9666 0.1814 0.1810
vn -0.5060 0.7849 0.3577
vn -0.9667 0.2364 0.0980
vn -0.5001 0.8567 0.1267
vn -0.9652 0.2617 -0.0000
vn -0.5001 0.8567 -0.1267
vn -0.5060 0.7849 -0.3577
vn -0.9667 0.2364 -0.0980
vn -0.5058 0.6510 -0.5661
vn -0.9666 0.1814 -0.1810
vn -0.5002 0.4699 -0.7273
vn -0.9653 0.1015 -0.2408
vn -0.5004 0.2397 -0.8320
vn 0.9712 -0.0000 -0.2381
vn 0.9699 -0.0950 -0.2243
vn 0.5004 -0.2397 -0.8320
vn 0.5064 -0.0000 -0.8623
vn 0.5002 -0.4699 -0.7273
vn 0.9711 -0.1688 -0.1684
vn 0.5058 -0.6510 -0.5661
vn 0.9712 -0.2199 -0.0914
vn 0.5060 -0.7849 -0.3577
vn 0.9696 -0.2447 -0.0000
vn 0.5001 -0.8567 -0.1267
vn 0.5001 -0.8567 0.1267
vn 0.9712 -0.2199 0.0914
vn 0.5060 -0.7849 0.3577
vn 0.5058 -0.6509 0.5661
vn 0.9712 -0.1688 0.1684
vn 0.9699 -0.0950 0.2243
vn 0.5002 -0.4699 0.7273
vn 0.5004 -0.2397 0.8320
vn 0.9712 -0.0000 0.2381
vn 0.5064 -0.0000 0.8623
vn 0.5004 0.2397 0.8320
vn 0.9699 0.0950 0.2243
vn 0.5002 0.4699 0.7273
vn 0.9711 0.1688 0.1684
vn 0.5058 0.6509 0.5661
vn 0.9712 0.2199 0.0915
vn 0.5060 0.7849 0.3577
vn 0.9696 0.2447 -0.0000
vn 0.5001 0.8567 0.1267
vn 0.5001 0.8567 -0.1267
vn 0.9712 0.2199 -0.0915
vn 0.5060 0.7849 -0.3577
vn 0.5058 0.6509 -0.5661
vn 0.9711 0.1688 -0.1685
vn 0.5002 0.4699 -0.7273
vn 0.9699 0.0950 -0.2243
vn 0.5004 0.2397 -0.8320
vn 0.9997 -0.0234 -0.0000
vn 0.9997 -0.0206 0.0114
vn 0.9997 -0.0206 -0.0114
vn 0.9997 0.0234 -0.0000
vn 0.9997 0.0207 -0.0114
vn 0.9997 0.0206 0.0114
vn 0.9997 -0.0000 0.0233
vn 0.9997 0.0114 0.0206
vn 0.9997 -0.0114 0.0206
vn 0.9997 -0.0000 -0.0233
vn 0.9997 -0.0114 -0.0206
vn 0.9997 0.0114 -0.0206
vn 0.9667 -0.0000 -0.2559
vn 0.9652 -0.1015 -0.2408
vn 0.9666 -0.1814 -0.1810
vn 0.9667 -0.2364 -0.0980
vn 0.9652 -0.2617 -0.0000
vn 0.9667 -0.2364 0.0980
vn 0.9666 -0.1814 0.1810
vn 0.9653 -0.1015 0.2408
vn 0.9667 -0.0000 0.2559
vn 0.9653 0.1015 0.2408
vn 0.9666 0.1814 0.1810
vn 0.9667 0.2364 0.0980
vn 0.9651 0.2617 -0.0000
vn 0.9667 0.2364 -0.0980
vn 0.9666 0.1814 -0.1810
vn 0.5058 0.6510 -0.5661
vn 0.9653 0.1015 -0.2408
vn -0.9712 -0.0000 -0.2381
vn -0.9699 -0.0950 -0.2243
vn -0.9711 -0.1688 -0.1684
vn -0.9712 -0.2199 -0.0914
vn -0.9696 -0.2447 -0.0000
vn -0.9712 -0.2199 0.0914
vn -0.9712 -0.1688 0.1684
vn -0.9699 -0.0950 0.2243
vn -0.9712 -0.0000 0.2381
vn -0.9699 0.0950 0.2243
vn -0.9711 0.1688 0.1684
vn -0.9712 0.2199 0.0915
vn -0.9696 0.2447 -0.0000
vn -0.9712 0.2199 -0.0915
vn -0.5058 0.6509 -0.5661
vn -0.9711 0.1688 -0.1685
vn -0.9699 0.0950 -0.2244
vn -0.9997 -0.0206 0.0114
vn -0.9997 -0.0234 -0.0000
vn -0.9997 -0.0206 -0.0114
vn -0.9997 0.0207 -0.0114
vn -0.9997 0.0234 -0.0000
vn -0.9997 0.0206 0.0114
vn -0.9997 0.0114 0.0206
vn -0.9997 -0.0000 0.0233
vn -0.9997 -0.0114 0.0206
vn -0.9997 -0.0114 -0.0206
vn -0.9997 -0.0000 -0.0233
vn -0.9997 0.0114 -0.0206
vn -0.9652 -0.1015 -0.2408
vn 0.9699 0.0950 -0.2244
vn -0.9699 0.0950 -0.2243
vn -0.0273 0.3479 -0.9371
vn -0.8318 0.5550 0.0098
vn -0.8368 0.5473 0.0147
vn -0.8368 0.5473 0.0153
vn -0.0298 0.6904 -0.7228
vn 0.9256 -0.3785 -0.0106
vn 0.9304 -0.3665 -0.0101
vn 0.9260 -0.3774 -0.0109
vn -0.8339 0.5518 0.0128
vn -0.8357 0.5490 0.0142
vn -0.0784 0.9955 -0.0538
vn -0.0265 0.2879 0.9573
vn -0.0232 0.4949 0.8686
vn 0.9422 -0.3350 -0.0051
vn 0.9307 -0.3656 -0.0102
vn 0.9304 -0.3665 -0.0102
vn -0.8355 0.5491 0.0203
vn -0.0763 0.9903 0.1164
vn 0.0273 0.3479 -0.9371
vn 0.8318 0.5550 0.0098
vn 0.8368 0.5473 0.0154
vn 0.8369 0.5471 0.0148
vn 0.0298 0.6904 -0.7228
vn -0.9260 -0.3775 -0.0109
vn -0.9304 -0.3665 -0.0102
vn -0.9256 -0.3785 -0.0106
vn 0.8368 0.5473 0.0147
vn 0.8357 0.5490 0.0142
vn 0.8339 0.5518 0.0128
vn 0.0784 0.9955 -0.0538
vn 0.0265 0.2879 0.9573
vn 0.0232 0.4949 0.8686
vn -0.9260 -0.3774 -0.0128
vn -0.9307 -0.3655 -0.0102
vn 0.8355 0.5491 0.0203
vn 0.0763 0.9903 0.1164
vn -0.0000 0.8006 0.5991
vn -0.5310 0.8474 -0.0000
vn 0.5310 0.8474 -0.0000
vn -0.0000 0.8006 -0.5992
vn 0.9260 -0.3774 -0.0129
vn 0.9260 -0.3775 -0.0109
vn -0.9422 -0.3350 -0.0051
vn -0.8338 0.5517 0.0220
vn -0.8368 0.5473 0.0154
vn -0.9260 -0.3773 -0.0128
vn -0.9256 -0.3782 -0.0133
vn -0.9307 -0.3656 -0.0102
vn 0.9256 -0.3783 -0.0133
vn 0.8337 0.5517 0.0220
vt 0.332002 0.912075
vt 0.336357 0.922146
vt 0.306103 0.922982
vt 0.301902 0.912537
vt 0.388942 0.911978
vt 0.393654 0.920465
vt 0.363905 0.921355
vt 0.359474 0.911580
vt 0.286615 0.918231
vt 0.291730 0.912242
vt 0.272021 0.900982
vt 0.276793 0.911189
vt 0.265553 0.910266
vt 0.266259 0.897587
vt 0.281160 0.923443
vt 0.386598 0.891545
vt 0.392523 0.887775
vt 0.402279 0.900349
vt 0.392549 0.906136
vt 0.356896 0.905111
vt 0.354199 0.899085
vt 0.371128 0.896657
vt 0.382007 0.905769
vt 0.334643 0.904896
vt 0.337282 0.898756
vt 0.310547 0.900991
vt 0.320087 0.895647
vt 0.302968 0.888811
vt 0.296285 0.895430
vt 0.284225 0.887417
vt 0.287306 0.876824
vt 0.270160 0.862547
vt 0.271675 0.881761
vt 0.266081 0.882336
vt 0.264469 0.856738
vt 0.263417 0.846745
vt 0.271979 0.894573
vt 0.276049 0.861172
vt 0.278342 0.880056
vt 0.485893 0.031548
vt 0.493445 0.027168
vt 0.489086 0.037193
vt 0.511856 0.038013
vt 0.506757 0.027311
vt 0.518054 0.027554
vt 0.520991 0.033480
vt 0.302191 0.905989
vt 0.292366 0.900506
vt 0.280675 0.894266
vt 0.268072 0.841572
vt 0.264829 0.918041
vt 0.264278 0.923929
vt 0.790378 0.611182
vt 0.787879 0.601609
vt 0.794740 0.601446
vt 0.794708 0.617059
vt 0.795098 0.579251
vt 0.788428 0.578523
vt 0.795731 0.553790
vt 0.789308 0.551500
vt 0.798367 0.527872
vt 0.791125 0.522786
vt 0.298715 0.933741
vt 0.283018 0.936992
vt 0.281279 0.930483
vt 0.304154 0.929140
vt 0.804945 0.493524
vt 0.815341 0.498025
vt 0.804466 0.511620
vt 0.794906 0.504799
vt 0.827529 0.488224
vt 0.819548 0.482762
vt 0.833161 0.475901
vt 0.791922 0.518365
vt 0.790213 0.512822
vt 0.395013 0.925254
vt 0.391104 0.925132
vt 0.399824 0.922555
vt 0.362844 0.924996
vt 0.336174 0.925533
vt 0.313368 0.926271
vt 0.256348 0.941782
vt 0.268792 0.944090
vt 0.260799 0.933132
vt 0.837827 0.485393
vt 0.843283 0.475670
vt 0.813009 0.539818
vt 0.816200 0.523690
vt 0.832154 0.518302
vt 0.830000 0.550081
vt 0.826709 0.613384
vt 0.813811 0.614281
vt 0.814340 0.596654
vt 0.828259 0.581676
vt 0.810860 0.592797
vt 0.825590 0.496308
vt 0.834156 0.492666
vt 0.821016 0.515544
vt 0.811446 0.554740
vt 0.802886 0.615789
vt 0.869400 0.517935
vt 0.871859 0.491267
vt 0.872651 0.501727
vt 0.872571 0.518296
vt 0.867353 0.549838
vt 0.870964 0.550132
vt 0.866313 0.581436
vt 0.868914 0.581697
vt 0.867315 0.604774
vt 0.854641 0.611115
vt 0.890982 0.610055
vt 0.862772 0.482966
vt 0.867327 0.474399
vt 0.221251 0.967262
vt 0.245571 0.951688
vt 0.248071 0.958838
vt 0.225248 0.973078
vt 0.201094 0.985167
vt 0.197441 0.979812
vt 0.510029 0.778063
vt 0.506623 0.752865
vt 0.536731 0.752045
vt 0.538433 0.777347
vt 0.513159 0.804558
vt 0.539989 0.803899
vt 0.515810 0.831324
vt 0.541308 0.830654
vt 0.566845 0.751872
vt 0.566845 0.777197
vt 0.566845 0.803776
vt 0.486566 0.805784
vt 0.481609 0.779339
vt 0.566845 0.830405
vt 0.496277 0.832197
vt 0.490370 0.832444
vt 0.502866 0.727748
vt 0.534666 0.725071
vt 0.566845 0.724138
vt 0.900532 0.909091
vt 0.901625 0.917230
vt 0.884681 0.914628
vt 0.884326 0.909817
vt 0.868339 0.912014
vt 0.868448 0.914814
vt 0.479289 0.754202
vt 0.155698 0.149153
vt 0.119615 0.149711
vt 0.119617 0.141736
vt 0.155586 0.141472
vt 0.183656 0.140190
vt 0.183356 0.147733
vt 0.640544 0.118742
vt 0.642141 0.114685
vt 0.650067 0.111808
vt 0.657476 0.116104
vt 0.673715 0.116028
vt 0.194986 0.142544
vt 0.204387 0.136913
vt 0.205792 0.141077
vt 0.702246 0.726782
vt 0.702246 0.718558
vt 0.734390 0.717563
vt 0.738154 0.725476
vt 0.766093 0.714174
vt 0.766054 0.722292
vt 0.786767 0.718924
vt 0.787986 0.710562
vt 0.480806 0.730213
vt 0.476489 0.754321
vt 0.174820 0.985708
vt 0.177434 0.991415
vt 0.153978 0.994346
vt 0.152209 0.988366
vt 0.125379 0.994966
vt 0.125701 0.988825
vt 0.731926 0.373961
vt 0.757460 0.373199
vt 0.758143 0.398101
vt 0.733240 0.399498
vt 0.782281 0.372949
vt 0.782656 0.397624
vt 0.812277 0.372967
vt 0.812257 0.397661
vt 0.731452 0.348339
vt 0.757156 0.348338
vt 0.759717 0.423042
vt 0.735362 0.424910
vt 0.734879 0.419014
vt 0.759417 0.417069
vt 0.782095 0.348336
vt 0.783241 0.416682
vt 0.783380 0.422433
vt 0.812290 0.348335
vt 0.812122 0.416739
vt 0.812073 0.422477
vt 0.088666 0.994984
vt 0.056781 0.994961
vt 0.057863 0.987752
vt 0.090073 0.988768
vt 0.038037 0.994791
vt 0.030908 0.986230
vt 0.027535 0.993975
vt 0.020400 0.990754
vt 0.024462 0.983834
vt 0.010383 0.960813
vt 0.008979 0.945613
vt 0.018177 0.946079
vt 0.018809 0.961868
vt 0.014988 0.984823
vt 0.018914 0.899116
vt 0.008129 0.899166
vt 0.009043 0.880755
vt 0.019842 0.880703
vt 0.018290 0.924840
vt 0.008073 0.924911
vt 0.008118 0.917749
vt 0.018404 0.917696
vt 0.018228 0.930290
vt 0.008052 0.930394
vt 0.015849 0.830350
vt 0.027892 0.833470
vt 0.024459 0.843146
vt 0.013311 0.843208
vt 0.022498 0.854032
vt 0.010764 0.862643
vt 0.021487 0.862596
vt 0.020430 0.977655
vt 0.012785 0.976077
vt 0.245108 0.826391
vt 0.127695 0.827083
vt 0.244989 0.817137
vt 0.035441 0.827613
vt 0.019377 0.817670
vt 0.263458 0.817602
vt 0.265131 0.826830
vt 0.261517 0.837946
vt 0.256314 0.830242
vt 0.401467 0.882338
vt 0.438579 0.907897
vt 0.421197 0.900680
vt 0.425550 0.891442
vt 0.442965 0.899487
vt 0.455567 0.915951
vt 0.461187 0.908582
vt 0.412834 0.886222
vt 0.410695 0.898550
vt 0.921045 0.422838
vt 0.910687 0.422632
vt 0.913768 0.416656
vt 0.922416 0.416693
vt 0.899881 0.422491
vt 0.899782 0.416742
vt 0.929404 0.423695
vt 0.929810 0.417332
vt 0.008207 0.984383
vt 0.006818 0.978559
vt 0.002313 0.948089
vt 0.003980 0.963372
vt 0.471728 0.650662
vt 0.467587 0.656509
vt 0.455981 0.649410
vt 0.455954 0.659514
vt 0.463342 0.659764
vt 0.955066 0.431926
vt 0.954800 0.425432
vt 0.972446 0.430640
vt 0.969608 0.436853
vt 0.940436 0.420960
vt 0.940346 0.427106
vt 0.934459 0.425184
vt 0.934327 0.419036
vt 0.916249 0.372965
vt 0.924663 0.373015
vt 0.924025 0.397072
vt 0.915487 0.397125
vt 0.900124 0.372975
vt 0.899954 0.397673
vt 0.928600 0.373308
vt 0.929030 0.398069
vt 0.916591 0.348333
vt 0.924688 0.348333
vt 0.900183 0.348333
vt 0.928554 0.348333
vt 0.848834 0.373020
vt 0.848873 0.397734
vt 0.880643 0.373020
vt 0.880772 0.397744
vt 0.848825 0.348334
vt 0.848903 0.416807
vt 0.848910 0.422545
vt 0.880604 0.348333
vt 0.880908 0.416805
vt 0.880944 0.422537
vt 0.933603 0.399121
vt 0.933214 0.373757
vt 0.933182 0.348334
vt 0.001045 0.932998
vt 0.941944 0.348334
vt 0.955944 0.348336
vt 0.978692 0.425043
vt 0.979606 0.348338
vt 0.995025 0.348338
vt 0.983958 0.434984
vt 0.976636 0.429700
vt 0.983947 0.441692
vt 0.017774 0.992163
vt 0.010751 0.988617
vt 0.474035 0.632207
vt 0.455900 0.632390
vt 0.455940 0.613940
vt 0.474076 0.613757
vt 0.472156 0.562962
vt 0.473713 0.575970
vt 0.455577 0.576149
vt 0.454019 0.563143
vt 0.474299 0.595560
vt 0.456162 0.595742
vt 0.467458 0.550679
vt 0.449321 0.550861
vt 0.994090 0.441714
vt 0.992195 0.003815
vt 0.995694 0.021610
vt 0.799042 0.064735
vt 0.766571 0.002938
vt 0.679148 0.653958
vt 0.661278 0.652253
vt 0.665190 0.597829
vt 0.685953 0.597451
vt 0.694857 0.654822
vt 0.709904 0.597014
vt 0.710617 0.654776
vt 0.738149 0.596789
vt 0.725596 0.654741
vt 0.738647 0.654631
vt 0.751547 0.654529
vt 0.761551 0.596656
vt 0.764215 0.654447
vt 0.783653 0.596716
vt 0.775258 0.654545
vt 0.781968 0.654549
vt 0.642145 0.620817
vt 0.650695 0.649621
vt 0.640350 0.642165
vt 0.638454 0.630377
vt 0.364704 0.368196
vt 0.356351 0.375616
vt 0.346918 0.375517
vt 0.347753 0.317660
vt 0.397681 0.338951
vt 0.385097 0.353271
vt 0.374854 0.362161
vt 0.401052 0.318468
vt 0.732616 0.041174
vt 0.732817 0.018645
vt 0.739049 0.017693
vt 0.748121 0.001045
vt 0.745855 0.012368
vt 0.628420 0.455546
vt 0.615466 0.413793
vt 0.696892 0.414118
vt 0.713482 0.464795
vt 0.619183 0.436948
vt 0.645022 0.472822
vt 0.695608 0.477906
vt 0.672303 0.480185
vt 0.570191 0.138629
vt 0.576440 0.143340
vt 0.570453 0.151578
vt 0.563403 0.148058
vt 0.567841 0.156702
vt 0.561128 0.154702
vt 0.607167 0.131829
vt 0.625676 0.135276
vt 0.625277 0.139558
vt 0.605190 0.135737
vt 0.588247 0.131661
vt 0.589266 0.136487
vt 0.581240 0.139294
vt 0.577585 0.133820
vt 0.569106 0.160224
vt 0.464552 0.911069
vt 0.457932 0.919548
vt 0.991243 0.935022
vt 0.991363 0.913271
vt 0.995137 0.915075
vt 0.641742 0.598289
vt 0.488986 0.212762
vt 0.482762 0.212016
vt 0.487632 0.193278
vt 0.493643 0.195395
vt 0.487879 0.228483
vt 0.481714 0.229267
vt 0.491227 0.243960
vt 0.485490 0.246226
vt 0.498281 0.257276
vt 0.493184 0.260814
vt 0.502749 0.271566
vt 0.507021 0.267001
vt 0.517254 0.274881
vt 0.513833 0.280207
vt 0.528581 0.280685
vt 0.526212 0.286666
vt 0.539208 0.284186
vt 0.540793 0.290781
vt 0.545890 0.284825
vt 0.553272 0.290703
vt 0.493670 0.181843
vt 0.499632 0.170995
vt 0.504698 0.174466
vt 0.498712 0.185732
vt 0.554344 0.252894
vt 0.571872 0.261246
vt 0.567455 0.270927
vt 0.548717 0.260940
vt 0.588360 0.266687
vt 0.585666 0.277247
vt 0.605649 0.269196
vt 0.604987 0.280002
vt 0.622220 0.268555
vt 0.623083 0.278865
vt 0.639850 0.275274
vt 0.636392 0.265637
vt 0.662410 0.255138
vt 0.670418 0.262060
vt 0.655495 0.269764
vt 0.649771 0.261147
vt 0.688098 0.247872
vt 0.684142 0.238245
vt 0.695106 0.240398
vt 0.535830 0.252987
vt 0.527076 0.249515
vt 0.531969 0.241132
vt 0.543335 0.246061
vt 0.675104 0.246850
vt 0.683470 0.252794
vt 0.516161 0.245907
vt 0.520013 0.238938
vt 0.511308 0.164519
vt 0.506417 0.160843
vt 0.510971 0.238995
vt 0.511848 0.153605
vt 0.517513 0.156368
vt 0.200333 0.081547
vt 0.200517 0.066275
vt 0.335792 0.080882
vt 0.335261 0.062126
vt 0.446732 0.064455
vt 0.447656 0.082866
vt 0.448153 0.101442
vt 0.448247 0.108586
vt 0.336495 0.106615
vt 0.336352 0.098890
vt 0.201694 0.102010
vt 0.201002 0.094234
vt 0.448299 0.114034
vt 0.336661 0.111953
vt 0.202223 0.107893
vt 0.249604 0.057128
vt 0.220091 0.050962
vt 0.202118 0.040667
vt 0.336323 0.024626
vt 0.337528 0.015863
vt 0.438664 0.017231
vt 0.442103 0.026904
vt 0.338858 0.010911
vt 0.431113 0.011379
vt 0.335779 0.034499
vt 0.444070 0.037790
vt 0.205045 0.021869
vt 0.203155 0.030669
vt 0.210242 0.014160
vt 0.221445 0.010299
vt 0.335611 0.043881
vt 0.445083 0.046353
vt 0.208161 0.036416
vt 0.224887 0.045348
vt 0.251723 0.052453
vt 0.134570 0.095622
vt 0.164656 0.096414
vt 0.160354 0.106829
vt 0.130036 0.105604
vt 0.077628 0.093779
vt 0.107120 0.094469
vt 0.102447 0.104099
vt 0.072720 0.102140
vt 0.179902 0.102163
vt 0.174826 0.096151
vt 0.194575 0.084944
vt 0.189759 0.095139
vt 0.185326 0.107392
vt 0.080975 0.073423
vt 0.074163 0.087662
vt 0.064712 0.081048
vt 0.075494 0.069323
vt 0.109861 0.088103
vt 0.084761 0.087833
vt 0.096016 0.079212
vt 0.112729 0.082174
vt 0.132060 0.088413
vt 0.129534 0.082235
vt 0.146666 0.079380
vt 0.156146 0.084807
vt 0.163748 0.072691
vt 0.179366 0.060763
vt 0.182446 0.071350
vt 0.170397 0.079333
vt 0.194951 0.065705
vt 0.196452 0.046481
vt 0.194641 0.078529
vt 0.188310 0.063998
vt 0.190567 0.045114
vt 0.995418 0.668122
vt 0.992130 0.673712
vt 0.987941 0.663615
vt 0.969349 0.674147
vt 0.960292 0.669460
vt 0.963329 0.663586
vt 0.974629 0.663532
vt 0.164437 0.089867
vt 0.185969 0.078206
vt 0.174275 0.084418
vt 0.198494 0.025500
vt 0.987234 0.601461
vt 0.994095 0.601626
vt 0.991594 0.611199
vt 0.987263 0.617075
vt 0.986879 0.579268
vt 0.993549 0.578539
vt 0.986246 0.553805
vt 0.992670 0.551515
vt 0.983611 0.527887
vt 0.990854 0.522801
vt 0.167742 0.117634
vt 0.162293 0.113005
vt 0.185191 0.114433
vt 0.183452 0.120945
vt 0.977513 0.511634
vt 0.966637 0.498038
vt 0.977034 0.493539
vt 0.987073 0.504813
vt 0.954449 0.488236
vt 0.948819 0.475914
vt 0.962432 0.482775
vt 0.990057 0.518381
vt 0.991766 0.512837
vt 0.071219 0.106893
vt 0.066493 0.104049
vt 0.075133 0.106893
vt 0.103420 0.107772
vt 0.130154 0.108992
vt 0.153031 0.110048
vt 0.210148 0.125726
vt 0.197701 0.128045
vt 0.205693 0.117087
vt 0.944152 0.485404
vt 0.938697 0.475681
vt 0.914654 0.474404
vt 0.919208 0.482973
vt 0.949823 0.518314
vt 0.965778 0.523703
vt 0.968969 0.539832
vt 0.951975 0.550092
vt 0.955256 0.613397
vt 0.953712 0.581689
vt 0.967631 0.596669
vt 0.968158 0.614294
vt 0.971113 0.592812
vt 0.956388 0.496321
vt 0.960962 0.515557
vt 0.947823 0.492677
vt 0.970531 0.554754
vt 0.979085 0.615804
vt 0.911009 0.550136
vt 0.913054 0.581702
vt 0.909406 0.518300
vt 0.910120 0.491272
vt 0.909329 0.501731
vt 0.912577 0.517940
vt 0.914621 0.549844
vt 0.915655 0.581441
vt 0.927322 0.611123
vt 0.914650 0.604780
vt 0.245278 0.151172
vt 0.241285 0.156991
vt 0.218448 0.142769
vt 0.220943 0.135618
vt 0.265450 0.169058
vt 0.269099 0.163700
vt 0.623660 0.778063
vt 0.595257 0.777347
vt 0.596958 0.752046
vt 0.627066 0.752865
vt 0.620530 0.804558
vt 0.593700 0.803899
vt 0.617880 0.831324
vt 0.592381 0.830654
vt 0.652080 0.779339
vt 0.647123 0.805783
vt 0.643321 0.832444
vt 0.637413 0.832197
vt 0.599023 0.725072
vt 0.630823 0.727748
vt 0.561035 0.122257
vt 0.577251 0.122705
vt 0.576980 0.127520
vt 0.560083 0.130414
vt 0.593274 0.124617
vt 0.593215 0.127419
vt 0.654400 0.754203
vt 0.083532 0.149139
vt 0.083647 0.141458
vt 0.055874 0.147714
vt 0.055575 0.140171
vt 0.034316 0.797931
vt 0.017199 0.797123
vt 0.024103 0.792059
vt 0.032293 0.794068
vt 0.001045 0.798795
vt 0.044244 0.142522
vt 0.033437 0.141051
vt 0.034844 0.136886
vt 0.670104 0.717562
vt 0.666340 0.725475
vt 0.638402 0.714169
vt 0.638440 0.722287
vt 0.617727 0.718917
vt 0.616510 0.710554
vt 0.652883 0.730213
vt 0.657198 0.754321
vt 0.291726 0.169575
vt 0.314341 0.172217
vt 0.312577 0.178197
vt 0.289118 0.175283
vt 0.340854 0.172657
vt 0.341180 0.178800
vt 0.731923 0.322718
vt 0.733235 0.297180
vt 0.758138 0.298573
vt 0.757458 0.323476
vt 0.782651 0.299047
vt 0.782279 0.323722
vt 0.812274 0.323702
vt 0.812253 0.299008
vt 0.734871 0.277662
vt 0.735354 0.271765
vt 0.759709 0.273632
vt 0.759409 0.279604
vt 0.783234 0.279990
vt 0.783373 0.274239
vt 0.812065 0.274193
vt 0.812115 0.279930
vt 0.408690 0.171518
vt 0.409777 0.178725
vt 0.377894 0.178775
vt 0.376483 0.172560
vt 0.428520 0.178542
vt 0.435642 0.169975
vt 0.442088 0.167575
vt 0.446152 0.174495
vt 0.439020 0.177718
vt 0.456169 0.144554
vt 0.447743 0.145612
vt 0.448366 0.129827
vt 0.457563 0.129354
vt 0.451564 0.168562
vt 0.457530 0.064507
vt 0.458441 0.082921
vt 0.458436 0.101506
vt 0.458465 0.108666
vt 0.458478 0.114138
vt 0.450705 0.014104
vt 0.453251 0.026961
vt 0.455805 0.046396
vt 0.446120 0.161395
vt 0.453766 0.159816
vt 0.221557 0.001045
vt 0.447170 0.001426
vt 0.203088 0.001525
vt 0.201422 0.010755
vt 0.067223 0.063163
vt 0.027217 0.083697
vt 0.024176 0.074711
vt 0.042515 0.069383
vt 0.045559 0.079132
vt 0.009138 0.088942
vt 0.004764 0.080773
vt 0.056373 0.078346
vt 0.055664 0.065851
vt 0.921040 0.273826
vt 0.922411 0.279972
vt 0.913762 0.280008
vt 0.910681 0.274032
vt 0.899775 0.279922
vt 0.899874 0.274173
vt 0.929401 0.272970
vt 0.929805 0.279333
vt 0.458345 0.168122
vt 0.459734 0.162298
vt 0.464231 0.131825
vt 0.462572 0.147110
vt 0.527427 0.143886
vt 0.543168 0.142549
vt 0.531599 0.149710
vt 0.543249 0.152652
vt 0.535863 0.152942
vt 0.972445 0.266038
vt 0.954797 0.271242
vt 0.955065 0.264747
vt 0.969607 0.259824
vt 0.934457 0.271483
vt 0.940345 0.269562
vt 0.940433 0.275710
vt 0.934323 0.277631
vt 0.916248 0.323700
vt 0.915483 0.299539
vt 0.924022 0.299592
vt 0.924661 0.323650
vt 0.900121 0.323690
vt 0.899950 0.298991
vt 0.929027 0.298596
vt 0.928597 0.323357
vt 0.848832 0.323647
vt 0.848869 0.298934
vt 0.880641 0.323647
vt 0.880768 0.298921
vt 0.848903 0.274122
vt 0.848897 0.279860
vt 0.880937 0.274127
vt 0.880901 0.279860
vt 0.933600 0.297546
vt 0.933213 0.322910
vt 0.465488 0.116735
vt 0.978690 0.271634
vt 0.983956 0.261693
vt 0.976633 0.266977
vt 0.983946 0.254985
vt 0.448781 0.175902
vt 0.455801 0.172355
vt 0.543017 0.107079
vt 0.543157 0.125529
vt 0.525020 0.125444
vt 0.524880 0.106995
vt 0.526509 0.056197
vt 0.544646 0.056263
vt 0.543168 0.069282
vt 0.525031 0.069210
vt 0.542694 0.088880
vt 0.524556 0.088801
vt 0.531124 0.043887
vt 0.546457 0.044148
vt 0.994089 0.254963
vt 0.765825 0.193630
vt 0.798712 0.147083
vt 0.995038 0.194449
vt 0.663202 0.486620
vt 0.670650 0.543046
vt 0.649882 0.542906
vt 0.645354 0.488528
vt 0.678899 0.485576
vt 0.694660 0.485443
vt 0.694606 0.543209
vt 0.709638 0.485306
vt 0.722853 0.543110
vt 0.722688 0.485266
vt 0.735587 0.485220
vt 0.748254 0.485154
vt 0.746254 0.542974
vt 0.759298 0.484929
vt 0.768353 0.542658
vt 0.766010 0.484848
vt 0.624542 0.498854
vt 0.634801 0.491279
vt 0.626579 0.520180
vt 0.622780 0.510662
vt 0.472027 0.536415
vt 0.489019 0.485893
vt 0.489808 0.543752
vt 0.480374 0.543842
vt 0.439074 0.507144
vt 0.451646 0.521472
vt 0.461882 0.530371
vt 0.462330 0.022796
vt 0.462524 0.001045
vt 0.466421 0.002448
vt 0.732118 0.170033
vt 0.738356 0.193561
vt 0.732132 0.192559
vt 0.747298 0.210290
vt 0.745119 0.198946
vt 0.765771 0.208553
vt 0.323455 0.553402
vt 0.272889 0.558683
vt 0.254965 0.545645
vt 0.339990 0.536059
vt 0.296203 0.560871
vt 0.274397 0.715140
vt 0.268544 0.706809
vt 0.274866 0.702196
vt 0.281505 0.711732
vt 0.283671 0.718414
vt 0.276826 0.720365
vt 0.237988 0.694880
vt 0.239914 0.698811
vt 0.219783 0.702385
vt 0.219436 0.698098
vt 0.256909 0.694960
vt 0.255827 0.699772
vt 0.263809 0.702691
vt 0.267545 0.697272
vt 0.275629 0.723843
vt 0.001045 0.082687
vt 0.006228 0.092112
vt 0.458725 0.002795
vt 0.626430 0.542712
vt 0.502822 0.116758
vt 0.511151 0.132687
vt 0.505749 0.136067
vt 0.496908 0.118835
vt 0.498352 0.101653
vt 0.492163 0.102209
vt 0.498325 0.085825
vt 0.492239 0.084828
vt 0.496677 0.068940
vt 0.502405 0.071323
vt 0.503771 0.056414
vt 0.508905 0.059982
vt 0.512806 0.045643
vt 0.517262 0.050139
vt 0.523567 0.036744
vt 0.527130 0.042100
vt 0.536795 0.036466
vt 0.536974 0.029685
vt 0.543199 0.034451
vt 0.549195 0.027168
vt 0.526545 0.150655
vt 0.522374 0.155163
vt 0.514156 0.145902
vt 0.518217 0.140996
vt 0.951659 0.647051
vt 0.957278 0.655104
vt 0.938523 0.665062
vt 0.934124 0.655373
vt 0.920296 0.671344
vt 0.917627 0.660777
vt 0.900967 0.674047
vt 0.900334 0.663239
vt 0.882874 0.672861
vt 0.883762 0.662554
vt 0.866116 0.669235
vt 0.869591 0.659603
vt 0.850481 0.663706
vt 0.835561 0.655997
vt 0.843571 0.649077
vt 0.856211 0.655095
vt 0.817877 0.641813
vt 0.810867 0.634340
vt 0.821832 0.632184
vt 0.974034 0.635301
vt 0.978929 0.643684
vt 0.970172 0.647157
vt 0.962671 0.640228
vt 0.822507 0.646734
vt 0.830873 0.640788
vt 0.985987 0.633103
vt 0.989843 0.640071
vt 0.535199 0.158883
vt 0.531248 0.163555
vt 0.995029 0.633156
vt 0.538154 0.169403
vt 0.543062 0.165449
vt 0.661442 0.889917
vt 0.662237 0.747127
vt 0.730004 0.747504
vt 0.729209 0.890294
vt 0.352771 0.494253
vt 0.349149 0.517422
vt 0.271351 0.494904
vt 0.762614 0.440248
vt 0.766792 0.464952
vt 0.651069 0.063980
vt 0.651201 0.040709
vt 0.650765 0.146586
vt 0.650680 0.169857
vt 0.580477 0.040288
vt 0.580338 0.063558
vt 0.579937 0.169498
vt 0.580054 0.146228
vt 0.736533 0.267494
vt 0.721424 0.252874
vt 0.864211 0.253249
vt 0.884492 0.268125
vt 0.680958 0.259147
vt 0.669802 0.290886
vt 0.204665 0.674236
vt 0.215530 0.706074
vt 0.149015 0.682075
vt 0.164257 0.667594
vt 0.001045 0.681313
vt 0.021472 0.666667
vt 0.887147 0.773252
vt 0.894559 0.749217
vt 0.962327 0.749430
vt 0.969491 0.773523
vt 0.987461 0.914612
vt 0.205735 0.521297
vt 0.201672 0.546017
vt 0.435736 0.486659
vt 0.991413 0.209350
vt 0.130786 0.897031
vt 0.131314 0.878279
vt 0.130206 0.915044
vt 0.130038 0.922773
vt 0.129845 0.928116
vt 0.216973 0.873230
vt 0.246490 0.867043
vt 0.130240 0.840795
vt 0.129029 0.832033
vt 0.130790 0.850666
vt 0.130962 0.860042
vt 0.258413 0.852495
vt 0.241690 0.861435
vt 0.214853 0.868560
vt 0.007881 0.840126
vt 0.007881 0.846962
vt 0.001045 0.846962
vt 0.001045 0.840126
vt 0.779519 0.220003
vt 0.779519 0.213166
vt 0.786356 0.213166
vt 0.786356 0.220003
vt 0.001061 0.705242
vt 0.001045 0.698405
vt 0.176100 0.698015
vt 0.176114 0.704851
vt 0.176100 0.038663
vt 0.176114 0.045499
vt 0.001061 0.045889
vt 0.001045 0.039053
vt 0.552785 0.035441
vt 0.552769 0.028604
vt 0.727824 0.028213
vt 0.727839 0.035050
vt 0.733542 0.949730
vt 0.734938 0.940771
vt 0.740889 0.950981
vt 0.743101 0.934391
vt 0.751340 0.926371
vt 0.777508 0.932846
vt 0.761949 0.917947
vt 0.778277 0.908179
vt 0.780459 0.915559
vt 0.797143 0.900833
vt 0.802710 0.906533
vt 0.819052 0.896695
vt 0.840734 0.896552
vt 0.840567 0.904714
vt 0.818631 0.904848
vt 0.812692 0.897124
vt 0.812027 0.905157
vt 0.803646 0.899722
vt 0.002652 0.810596
vt 0.011089 0.807826
vt 0.011229 0.814451
vt 0.022421 0.811747
vt 0.022143 0.805165
vt 0.035798 0.802741
vt 0.054748 0.800605
vt 0.054799 0.807366
vt 0.035795 0.809360
vt 0.068329 0.800041
vt 0.075182 0.807136
vt 0.001045 0.816369
vt 0.098037 0.806191
vt 0.097841 0.803068
vt 0.120115 0.805416
vt 0.119944 0.808466
vt 0.091412 0.805452
vt 0.082598 0.800902
vt 0.081932 0.807131
vt 0.807666 0.233069
vt 0.827391 0.232878
vt 0.827411 0.244275
vt 0.804914 0.244542
vt 0.789532 0.245086
vt 0.791618 0.233472
vt 0.798313 0.233268
vt 0.775243 0.245530
vt 0.785461 0.233562
vt 0.758269 0.223766
vt 0.753439 0.221823
vt 0.756147 0.214995
vt 0.771564 0.213166
vt 0.741545 0.223715
vt 0.728000 0.226317
vt 0.727242 0.220218
vt 0.741583 0.217261
vt 0.721471 0.221711
vt 0.717337 0.247672
vt 0.712699 0.237925
vt 0.716501 0.225793
vt 0.723241 0.229249
vt 0.067438 0.287803
vt 0.056426 0.288686
vt 0.056538 0.282337
vt 0.067387 0.281087
vt 0.280527 0.782865
vt 0.272466 0.786394
vt 0.273492 0.771798
vt 0.281545 0.768286
vt 0.275252 0.757306
vt 0.282590 0.754282
vt 0.275571 0.745015
vt 0.281441 0.743287
vt 0.282950 0.748829
vt 0.276176 0.751423
vt 0.279995 0.798258
vt 0.271892 0.801816
vt 0.073361 0.281572
vt 0.077730 0.289519
vt 0.268548 0.734414
vt 0.274603 0.732497
vt 0.708464 0.247993
vt 0.852753 0.742497
vt 0.845350 0.723871
vt 0.861477 0.724774
vt 0.854962 0.744367
vt 0.895351 0.972202
vt 0.877490 0.972252
vt 0.877789 0.969982
vt 0.895385 0.969954
vt 0.034493 0.104738
vt 0.054529 0.104077
vt 0.053970 0.107227
vt 0.033437 0.107832
vt 0.062597 0.101448
vt 0.058052 0.105460
vt 0.057233 0.103026
vt 0.061743 0.099249
vt 0.004809 0.827586
vt 0.012487 0.827688
vt 0.009894 0.829681
vt 0.001045 0.829543
vt 0.154208 0.057439
vt 0.151515 0.050255
vt 0.167704 0.050157
vt 0.170357 0.057642
vt 0.854267 0.914167
vt 0.851484 0.911181
vt 0.859367 0.911243
vt 0.863979 0.916495
vt 0.866243 0.429381
vt 0.866243 0.437478
vt 0.849532 0.436519
vt 0.849530 0.428422
vt 0.754933 0.241312
vt 0.759282 0.239907
vt 0.761636 0.246365
vt 0.742537 0.246953
vt 0.728672 0.247339
vt 0.728634 0.242290
vt 0.742506 0.241863
vt 0.724915 0.242367
vt 0.721895 0.240335
vt 0.763539 0.233282
vt 0.034915 0.439602
vt 0.030009 0.443529
vt 0.031453 0.431557
vt 0.781608 0.231193
vt 0.017448 0.443459
vt 0.001045 0.443130
vt 0.002386 0.435324
vt 0.018388 0.433400
vt 0.907287 0.656351
vt 0.899247 0.650975
vt 0.904554 0.647905
vt 0.912613 0.649927
vt 0.902384 0.657329
vt 0.889723 0.656018
vt 0.886761 0.649601
vt 0.871021 0.646354
vt 0.875946 0.653166
vt 0.871617 0.652016
vt 0.868339 0.648286
vt 0.871917 0.636664
vt 0.873249 0.639460
vt 0.878210 0.634275
vt 0.889182 0.639275
vt 0.892541 0.634274
vt 0.902336 0.639618
vt 0.904852 0.635731
vt 0.909454 0.639042
vt 0.522195 0.391572
vt 0.526861 0.401585
vt 0.520099 0.404018
vt 0.515503 0.393823
vt 0.523610 0.413803
vt 0.530631 0.411313
vt 0.507585 0.382365
vt 0.511584 0.376930
vt 0.516175 0.380373
vt 0.848071 0.972951
vt 0.845350 0.969697
vt 0.862871 0.970121
vt 0.864237 0.973880
vt 0.863182 0.912410
vt 0.275866 0.948536
vt 0.275862 0.944619
vt 0.292572 0.945624
vt 0.292574 0.949543
vt 0.535005 0.420668
vt 0.536278 0.397381
vt 0.551506 0.406249
vt 0.550162 0.426695
vt 0.816848 0.911181
vt 0.817056 0.916840
vt 0.814002 0.914777
vt 0.568313 0.430950
vt 0.568834 0.408424
vt 0.585489 0.409534
vt 0.585056 0.432154
vt 0.568711 0.376099
vt 0.552496 0.376160
vt 0.585456 0.366772
vt 0.924765 0.994844
vt 0.924794 0.992686
vt 0.940836 0.992907
vt 0.942287 0.995103
vt 0.995188 0.216691
vt 0.975967 0.216331
vt 0.976663 0.214211
vt 0.995813 0.214626
vt 0.094164 0.073682
vt 0.094044 0.071056
vt 0.120493 0.071395
vt 0.120560 0.074401
vt 0.965051 0.745034
vt 0.943574 0.744891
vt 0.943925 0.741902
vt 0.967098 0.742046
vt 0.087885 0.064026
vt 0.121232 0.063741
vt 0.120014 0.066798
vt 0.077325 0.066490
vt 0.139912 0.068395
vt 0.141918 0.072170
vt 0.276376 0.849536
vt 0.275862 0.840162
vt 0.292050 0.840126
vt 0.292535 0.849789
vt 0.826230 0.911478
vt 0.827590 0.916631
vt 0.066876 0.249723
vt 0.066918 0.240335
vt 0.083652 0.240802
vt 0.083608 0.250190
vt 0.974303 0.748063
vt 0.973563 0.752220
vt 0.002353 0.059570
vt 0.017547 0.054087
vt 0.020278 0.057331
vt 0.001045 0.063551
vt 0.051993 0.054440
vt 0.032410 0.055293
vt 0.035330 0.050828
vt 0.052060 0.050157
vt 0.849530 0.914067
vt 0.553261 0.424956
vt 0.565403 0.427374
vt 0.840900 0.974532
vt 0.828631 0.974403
vt 0.828982 0.970742
vt 0.841180 0.970861
vt 0.221536 0.249818
vt 0.220481 0.239359
vt 0.232751 0.239290
vt 0.233819 0.249773
vt 0.793131 0.137255
vt 0.790023 0.139229
vt 0.790906 0.134796
vt 0.781234 0.134987
vt 0.779519 0.138890
vt 0.864189 0.726977
vt 0.860819 0.744846
vt 0.047816 0.168566
vt 0.043046 0.168681
vt 0.046983 0.165131
vt 0.038956 0.165100
vt 0.033437 0.171294
vt 0.890026 0.249739
vt 0.891025 0.254420
vt 0.878737 0.254406
vt 0.877743 0.249759
vt 0.738512 0.001153
vt 0.740731 0.010936
vt 0.728447 0.010850
vt 0.726228 0.001045
vt 0.035266 0.166387
vt 0.896182 0.732672
vt 0.878539 0.732540
vt 0.879397 0.725658
vt 0.896117 0.725734
vt 0.876448 0.727622
vt 0.868952 0.733911
vt 0.866213 0.745167
vt 0.197851 0.994921
vt 0.185998 0.994800
vt 0.187142 0.992686
vt 0.198724 0.992688
vt 0.066158 0.096134
vt 0.068007 0.097669
vt 0.868339 0.972019
vt 0.869404 0.974167
vt 0.594843 0.205181
vt 0.602273 0.203762
vt 0.600459 0.214738
vt 0.592477 0.214710
vt 0.620038 0.203769
vt 0.620042 0.214762
vt 0.065566 0.166998
vt 0.083376 0.166145
vt 0.083362 0.170123
vt 0.065611 0.170929
vt 0.058236 0.172616
vt 0.057471 0.168859
vt 0.212479 0.146291
vt 0.212567 0.150119
vt 0.202917 0.151922
vt 0.200627 0.146316
vt 0.058516 0.737633
vt 0.059702 0.731693
vt 0.067564 0.733081
vt 0.067570 0.739510
vt 0.087140 0.733870
vt 0.087156 0.740274
vt 0.032374 0.059002
vt 0.020258 0.061039
vt 0.035451 0.268434
vt 0.051718 0.268514
vt 0.051646 0.289990
vt 0.035365 0.294384
vt 0.052497 0.301093
vt 0.033437 0.304596
vt 0.035535 0.247649
vt 0.892373 0.260845
vt 0.897057 0.252874
vt 0.948139 0.253138
vt 0.952795 0.261157
vt 0.473354 0.874801
vt 0.482753 0.839081
vt 0.515462 0.839274
vt 0.524436 0.875104
vt 0.904371 0.778474
vt 0.941297 0.779308
vt 0.940264 0.787230
vt 0.899687 0.786474
vt 0.585300 0.836270
vt 0.595427 0.875573
vt 0.535005 0.875075
vt 0.545774 0.835945
vt 0.686198 0.356941
vt 0.685475 0.349007
vt 0.722407 0.349559
vt 0.726776 0.357707
vt 0.491574 0.577864
vt 0.503541 0.577855
vt 0.503577 0.640699
vt 0.491609 0.640711
vt 0.480669 0.577870
vt 0.480704 0.646143
vt 0.507238 0.652315
vt 0.487982 0.652342
vt 0.514447 0.577847
vt 0.514485 0.646120
vt 0.495590 0.916287
vt 0.495791 0.879836
vt 0.518767 0.879833
vt 0.518595 0.916752
vt 0.487409 0.913654
vt 0.489318 0.880406
vt 0.477507 0.906918
vt 0.480475 0.883118
vt 0.027738 0.574386
vt 0.036359 0.574505
vt 0.036011 0.579282
vt 0.026540 0.579179
vt 0.059413 0.578189
vt 0.059376 0.573542
vt 0.001045 0.554637
vt 0.004675 0.550679
vt 0.013859 0.570325
vt 0.009882 0.573584
vt 0.013500 0.576383
vt 0.015995 0.571965
vt 0.476489 0.904432
vt 0.052364 0.160991
vt 0.052308 0.156597
vt 0.075287 0.157304
vt 0.075318 0.161698
vt 0.045918 0.160091
vt 0.045858 0.155928
vt 0.036998 0.157645
vt 0.033437 0.153622
vt 0.346042 0.281872
vt 0.305190 0.282540
vt 0.341729 0.272415
vt 0.337407 0.262109
vt 0.299607 0.264719
vt 0.285266 0.241380
vt 0.300657 0.241412
vt 0.492163 0.375131
vt 0.506184 0.376047
vt 0.315244 0.242085
vt 0.330238 0.250141
vt 0.995460 0.951681
vt 0.988087 0.952756
vt 0.994277 0.942690
vt 0.986271 0.936117
vt 0.951911 0.933755
vt 0.978226 0.927901
vt 0.967818 0.919226
vt 0.949372 0.916409
vt 0.951718 0.909079
vt 0.927329 0.906935
vt 0.932997 0.901341
vt 0.911102 0.896913
vt 0.911462 0.905068
vt 0.889538 0.904806
vt 0.889411 0.896644
vt 0.917473 0.897397
vt 0.918047 0.905437
vt 0.926502 0.900112
vt 0.286069 0.810721
vt 0.277439 0.814454
vt 0.277675 0.807831
vt 0.266289 0.811589
vt 0.266659 0.805011
vt 0.253038 0.802402
vt 0.252957 0.809020
vt 0.233990 0.806811
vt 0.234107 0.800051
vt 0.213624 0.806423
vt 0.220523 0.799373
vt 0.287595 0.816517
vt 0.190818 0.805459
vt 0.168957 0.808040
vt 0.168738 0.804993
vt 0.190989 0.802331
vt 0.197425 0.804700
vt 0.206240 0.800155
vt 0.206889 0.806387
vt 0.896076 0.233873
vt 0.898618 0.245394
vt 0.876130 0.244717
vt 0.876358 0.233322
vt 0.905423 0.234242
vt 0.912252 0.234578
vt 0.913987 0.246216
vt 0.918275 0.234771
vt 0.928265 0.246930
vt 0.947928 0.216758
vt 0.950508 0.223636
vt 0.945643 0.225489
vt 0.932548 0.214642
vt 0.976730 0.222520
vt 0.975859 0.228604
vt 0.962364 0.225750
vt 0.962447 0.219297
vt 0.982472 0.224121
vt 0.987364 0.228295
vt 0.990938 0.240496
vt 0.986121 0.250155
vt 0.980562 0.231625
vt 0.770115 0.564768
vt 0.776144 0.566761
vt 0.771680 0.576864
vt 0.765356 0.574602
vt 0.782907 0.516491
vt 0.783660 0.531085
vt 0.775672 0.527428
vt 0.774911 0.512817
vt 0.784452 0.545105
vt 0.777168 0.541952
vt 0.784720 0.550559
vt 0.783127 0.556071
vt 0.777282 0.554258
vt 0.777990 0.547855
vt 0.774616 0.497388
vt 0.782653 0.501091
vt 0.769909 0.587146
vt 0.763846 0.580402
vt 0.994987 0.250641
vt 0.944211 0.971946
vt 0.944195 0.969697
vt 0.961807 0.970197
vt 0.962040 0.972476
vt 0.018596 0.530969
vt 0.017908 0.527845
vt 0.037953 0.527672
vt 0.039138 0.530721
vt 0.009863 0.525602
vt 0.010502 0.523319
vt 0.015162 0.526907
vt 0.014445 0.529372
vt 0.949265 0.231924
vt 0.946709 0.229885
vt 0.954386 0.229920
vt 0.958116 0.231942
vt 0.724399 0.200129
vt 0.740579 0.199582
vt 0.738175 0.206867
vt 0.722048 0.207715
vt 0.194666 0.153445
vt 0.184953 0.155734
vt 0.189588 0.150502
vt 0.197463 0.150470
vt 0.915128 0.429549
vt 0.931849 0.428721
vt 0.931786 0.436818
vt 0.915069 0.437646
vt 0.948650 0.243094
vt 0.941854 0.248020
vt 0.944328 0.241607
vt 0.974927 0.244563
vt 0.974793 0.249610
vt 0.960939 0.248966
vt 0.961064 0.243877
vt 0.978644 0.244709
vt 0.981700 0.242733
vt 0.940196 0.234904
vt 0.619645 0.991233
vt 0.623313 0.983281
vt 0.624448 0.995286
vt 0.922169 0.232477
vt 0.637007 0.995541
vt 0.636325 0.985461
vt 0.652271 0.987795
vt 0.653412 0.995634
vt 0.769877 0.803195
vt 0.775080 0.806439
vt 0.766868 0.811548
vt 0.761755 0.804953
vt 0.771737 0.812687
vt 0.787605 0.805475
vt 0.784434 0.811791
vt 0.798297 0.809394
vt 0.803443 0.802746
vt 0.802661 0.808387
vt 0.806062 0.804766
vt 0.801441 0.795785
vt 0.802862 0.793034
vt 0.796651 0.790441
vt 0.785523 0.795077
vt 0.782328 0.789969
vt 0.772364 0.794987
vt 0.769977 0.791019
vt 0.765269 0.794178
vt 0.688776 0.581684
vt 0.681769 0.580088
vt 0.685188 0.569584
vt 0.692104 0.571007
vt 0.686478 0.591823
vt 0.679206 0.590203
vt 0.698577 0.558678
vt 0.689809 0.557739
vt 0.693952 0.553764
vt 0.030045 0.743691
vt 0.012539 0.742864
vt 0.015485 0.739812
vt 0.031676 0.740039
vt 0.185775 0.151652
vt 0.341461 0.945610
vt 0.358182 0.944694
vt 0.358158 0.948612
vt 0.341450 0.949528
vt 0.583628 0.483679
vt 0.598883 0.474856
vt 0.600082 0.498147
vt 0.584906 0.504128
vt 0.971198 0.231975
vt 0.973931 0.235658
vt 0.970815 0.237625
vt 0.566742 0.508327
vt 0.549995 0.509478
vt 0.549634 0.486857
vt 0.566293 0.485800
vt 0.566516 0.453476
vt 0.582729 0.453587
vt 0.549799 0.444096
vt 0.018569 0.070231
vt 0.001045 0.070084
vt 0.002547 0.067921
vt 0.018589 0.068073
vt 0.017251 0.750264
vt 0.016719 0.748172
vt 0.035868 0.748616
vt 0.036469 0.750765
vt 0.932362 0.916424
vt 0.905956 0.916273
vt 0.906121 0.913271
vt 0.932567 0.913802
vt 0.119254 0.395051
vt 0.119578 0.398044
vt 0.098099 0.397991
vt 0.096081 0.394985
vt 0.753328 0.972749
vt 0.752094 0.969697
vt 0.785442 0.969829
vt 0.796014 0.972243
vt 0.731452 0.978232
vt 0.733440 0.974447
vt 0.502052 0.052220
vt 0.485893 0.052506
vt 0.486358 0.042843
vt 0.502547 0.042845
vt 0.960292 0.237093
vt 0.961810 0.231984
vt 0.149221 0.250187
vt 0.132487 0.250453
vt 0.132550 0.241066
vt 0.149291 0.240798
vt 0.088819 0.400932
vt 0.089521 0.405096
vt 0.150748 0.058782
vt 0.152131 0.062738
vt 0.132785 0.056880
vt 0.135454 0.053587
vt 0.101028 0.054451
vt 0.100933 0.050168
vt 0.117653 0.050624
vt 0.120627 0.055048
vt 0.199398 0.153366
vt 0.581814 0.502381
vt 0.569664 0.504761
vt 0.912930 0.265472
vt 0.913226 0.269139
vt 0.900957 0.269086
vt 0.900732 0.265413
vt 0.236942 0.170412
vt 0.224660 0.170357
vt 0.225737 0.159874
vt 0.238007 0.159955
vt 0.034482 0.757968
vt 0.036682 0.755486
vt 0.037611 0.759909
vt 0.046355 0.755577
vt 0.048110 0.759461
vt 0.976879 0.725591
vt 0.979537 0.723325
vt 0.986506 0.742761
vt 0.980662 0.743376
vt 0.831766 0.914611
vt 0.832620 0.911181
vt 0.836535 0.914756
vt 0.840647 0.911202
vt 0.846126 0.917430
vt 0.022733 0.735082
vt 0.010449 0.735442
vt 0.011316 0.730734
vt 0.023594 0.730407
vt 0.273797 0.825735
vt 0.286079 0.825497
vt 0.283963 0.835325
vt 0.271683 0.835541
vt 0.844327 0.912512
vt 0.961642 0.724627
vt 0.962665 0.731486
vt 0.945034 0.732053
vt 0.944926 0.725115
vt 0.964638 0.726519
vt 0.975276 0.743822
vt 0.972279 0.732632
vt 0.929302 0.265413
vt 0.930196 0.267637
vt 0.918616 0.267753
vt 0.917451 0.265650
vt 0.004180 0.521982
vt 0.005970 0.520376
vt 0.971192 0.972527
vt 0.970061 0.974640
vt 0.688458 0.214776
vt 0.686656 0.203797
vt 0.694084 0.205225
vt 0.696440 0.214756
vt 0.668877 0.214776
vt 0.668889 0.203783
vt 0.150011 0.166975
vt 0.149972 0.170906
vt 0.132219 0.170131
vt 0.132202 0.166153
vt 0.158108 0.168822
vt 0.157350 0.172581
vt 0.051374 0.760719
vt 0.061191 0.760710
vt 0.061810 0.764490
vt 0.050157 0.766649
vt 0.155552 0.732894
vt 0.163403 0.731452
vt 0.164629 0.737384
vt 0.155587 0.739323
vt 0.135999 0.740207
vt 0.135987 0.733803
vt 0.120715 0.058755
vt 0.132871 0.060588
vt 0.654741 0.854641
vt 0.654598 0.880590
vt 0.638355 0.876053
vt 0.638472 0.854578
vt 0.637408 0.887150
vt 0.656436 0.890819
vt 0.654838 0.833856
vt 0.312006 0.931034
vt 0.363085 0.931662
vt 0.367628 0.939714
vt 0.307210 0.938971
vt 0.760590 0.583237
vt 0.709509 0.583697
vt 0.718372 0.547839
vt 0.751080 0.547545
vt 0.058300 0.303664
vt 0.057471 0.295716
vt 0.094407 0.295830
vt 0.098884 0.303948
vt 0.400008 0.240335
vt 0.410475 0.279547
vt 0.350052 0.279579
vt 0.360480 0.240355
vt 0.323084 0.882427
vt 0.360017 0.881923
vt 0.359284 0.889857
vt 0.318705 0.890566
vt 0.331153 0.361812
vt 0.319184 0.361749
vt 0.319487 0.298904
vt 0.331455 0.298965
vt 0.342360 0.299018
vt 0.342035 0.367290
vt 0.334729 0.373457
vt 0.315473 0.373348
vt 0.308255 0.367123
vt 0.308582 0.298851
vt 0.565423 0.916753
vt 0.565250 0.879835
vt 0.588225 0.879837
vt 0.588428 0.916289
vt 0.596608 0.913656
vt 0.594697 0.880408
vt 0.606509 0.906919
vt 0.603539 0.883120
vt 0.137904 0.574698
vt 0.139075 0.579497
vt 0.129603 0.579544
vt 0.129284 0.574764
vt 0.106208 0.578311
vt 0.106271 0.573664
vt 0.164690 0.555077
vt 0.155762 0.573981
vt 0.151801 0.570704
vt 0.161078 0.551101
vt 0.152131 0.576765
vt 0.149657 0.572334
vt 0.607527 0.904435
vt 0.144711 0.160975
vt 0.121758 0.161688
vt 0.121786 0.157294
vt 0.144766 0.156581
vt 0.151216 0.155912
vt 0.151156 0.160075
vt 0.163636 0.153605
vt 0.160076 0.157628
vt 0.447231 0.319909
vt 0.451665 0.310508
vt 0.488070 0.321106
vt 0.456120 0.300255
vt 0.493883 0.303358
vt 0.493138 0.280042
vt 0.508527 0.280211
vt 0.699206 0.552237
vt 0.713014 0.549634
vt 0.478542 0.280524
vt 0.463445 0.288382
vt 0.082812 0.578053
vt 0.082824 0.573405
vt 0.542009 0.916755
vt 0.542010 0.879836
vt 0.360449 0.560931
vt 0.360358 0.541680
vt 0.403806 0.541423
vt 0.403943 0.560673
vt 0.359351 0.508344
vt 0.404422 0.508078
vt 0.098432 0.131661
vt 0.101142 0.134967
vt 0.052247 0.135116
vt 0.054938 0.131792
vt 0.357367 0.497677
vt 0.406280 0.497388
vt 0.946715 0.995063
vt 0.946709 0.992831
vt 0.995622 0.992686
vt 0.995629 0.994917
vt 0.995640 0.722048
vt 0.988672 0.740840
vt 0.767785 0.964743
vt 0.768090 0.959601
vt 0.784867 0.960305
vt 0.784794 0.965455
vt 0.734734 0.956723
vt 0.749149 0.958125
vt 0.748701 0.963259
vt 0.734213 0.961849
vt 0.723206 0.960678
vt 0.723788 0.955552
vt 0.719404 0.955068
vt 0.722102 0.970311
vt 0.712644 0.966399
vt 0.922060 0.958512
vt 0.939043 0.958979
vt 0.938841 0.964126
vt 0.922023 0.963662
vt 0.957843 0.965111
vt 0.957350 0.959922
vt 0.971383 0.960471
vt 0.972338 0.965716
vt 0.983100 0.959715
vt 0.984202 0.965000
vt 0.987405 0.958851
vt 0.995721 0.969072
vt 0.985948 0.974925
vt 0.033463 0.204727
vt 0.033437 0.195031
vt 0.275364 0.194358
vt 0.278308 0.204045
vt 0.085180 0.209697
vt 0.222379 0.209062
vt 0.273777 0.234632
vt 0.033457 0.235748
vt 0.995754 0.864811
vt 0.755993 0.863776
vt 0.755486 0.850575
vt 0.995808 0.851613
vt 0.261247 0.954023
vt 0.493416 0.954421
vt 0.493403 0.962327
vt 0.261233 0.961929
vt 0.253979 0.317838
vt 0.035719 0.317068
vt 0.033437 0.309300
vt 0.265605 0.310118
vt 0.994967 0.837965
vt 0.992626 0.845716
vt 0.774367 0.844800
vt 0.762801 0.836990
vt 0.200149 0.794180
vt 0.189534 0.794817
vt 0.189511 0.777128
vt 0.200151 0.776079
vt 0.236255 0.786171
vt 0.218928 0.770139
vt 0.251813 0.754017
vt 0.209337 0.792935
vt 0.209324 0.774011
vt 0.220935 0.789932
vt 0.255085 0.782833
vt 0.258177 0.745924
vt 0.266041 0.784759
vt 0.260798 0.732497
vt 0.599328 0.864587
vt 0.595994 0.854793
vt 0.606787 0.855140
vt 0.611135 0.863783
vt 0.597419 0.834901
vt 0.606786 0.836622
vt 0.605352 0.846496
vt 0.595612 0.845418
vt 0.631142 0.892828
vt 0.616507 0.896899
vt 0.624635 0.903174
vt 0.637972 0.896523
vt 0.637895 0.906298
vt 0.765223 0.896020
vt 0.765268 0.905914
vt 0.775063 0.905129
vt 0.772282 0.895994
vt 0.784468 0.899968
vt 0.434920 0.284766
vt 0.440256 0.277236
vt 0.442494 0.280546
vt 0.436771 0.288320
vt 0.427879 0.289172
vt 0.429361 0.292951
vt 0.419586 0.294831
vt 0.418067 0.291078
vt 0.454779 0.247527
vt 0.450442 0.247392
vt 0.452003 0.239786
vt 0.456340 0.239922
vt 0.954419 0.472599
vt 0.954711 0.444060
vt 0.963045 0.445178
vt 0.962752 0.476557
vt 0.936568 0.468996
vt 0.936872 0.442893
vt 0.946782 0.443249
vt 0.946486 0.470162
vt 0.991056 0.447791
vt 0.990712 0.491144
vt 0.995529 0.446611
vt 0.995150 0.497516
vt 0.573423 0.234147
vt 0.562971 0.232234
vt 0.566362 0.222568
vt 0.576131 0.224267
vt 0.554763 0.227935
vt 0.559426 0.218660
vt 0.548647 0.217615
vt 0.554309 0.212015
vt 0.542808 0.202988
vt 0.545063 0.185487
vt 0.535655 0.185295
vt 0.543780 0.181164
vt 0.531870 0.174884
vt 0.468187 0.826324
vt 0.472218 0.699073
vt 0.472530 0.826287
vt 0.077350 0.777387
vt 0.077411 0.795076
vt 0.067086 0.794491
vt 0.066990 0.776390
vt 0.030842 0.786692
vt 0.015091 0.754633
vt 0.048075 0.770557
vt 0.057800 0.793297
vt 0.057706 0.774373
vt 0.046185 0.790361
vt 0.011991 0.783468
vt 0.001045 0.785457
vt 0.008678 0.746577
vt 0.005976 0.733167
vt 0.218047 0.471580
vt 0.228821 0.471108
vt 0.225564 0.480927
vt 0.213764 0.480257
vt 0.227329 0.451411
vt 0.229109 0.461639
vt 0.219395 0.462832
vt 0.217992 0.453245
vt 0.208670 0.513389
vt 0.194013 0.509476
vt 0.200594 0.519731
vt 0.187354 0.522952
vt 0.187216 0.513224
vt 0.059980 0.523315
vt 0.059967 0.513467
vt 0.050181 0.522590
vt 0.040753 0.517546
vt 0.052907 0.513481
vt 0.295123 0.284042
vt 0.293132 0.287519
vt 0.287751 0.279490
vt 0.290138 0.276287
vt 0.302087 0.288692
vt 0.311529 0.290811
vt 0.309957 0.294542
vt 0.300494 0.292425
vt 0.277049 0.245918
vt 0.281389 0.245993
vt 0.280202 0.238320
vt 0.275862 0.238245
vt 0.812308 0.471408
vt 0.803909 0.475222
vt 0.804150 0.443844
vt 0.812502 0.442868
vt 0.820535 0.442196
vt 0.830157 0.442007
vt 0.830024 0.468112
vt 0.820376 0.469109
vt 0.775705 0.489331
vt 0.776099 0.445979
vt 0.771646 0.444723
vt 0.771160 0.495627
vt 0.692322 0.222320
vt 0.695692 0.231974
vt 0.685541 0.233925
vt 0.682854 0.224056
vt 0.699348 0.218387
vt 0.703988 0.227644
vt 0.710064 0.217300
vt 0.704439 0.211723
vt 0.713582 0.185159
vt 0.715845 0.202649
vt 0.722929 0.184930
vt 0.714847 0.180831
vt 0.726673 0.174504
vt 0.297308 0.826760
vt 0.292966 0.826743
vt 0.292639 0.699530
vt 0.472204 0.692018
vt 0.292619 0.692475
vt 0.292581 0.679657
vt 0.472180 0.679206
vt 0.468411 0.877227
vt 0.297347 0.877670
vt 0.593070 0.185998
vt 0.702597 0.190829
vt 0.703462 0.200314
vt 0.591432 0.195374
vt 0.773014 0.765191
vt 0.795795 0.764891
vt 0.793072 0.782952
vt 0.772010 0.786677
vt 0.767650 0.784115
vt 0.765936 0.772806
vt 0.798408 0.768764
vt 0.796728 0.778982
vt 0.169279 0.559250
vt 0.179482 0.556344
vt 0.180875 0.563925
vt 0.173828 0.569276
vt 0.169431 0.554328
vt 0.180050 0.551980
vt 0.422391 0.916708
vt 0.425807 0.924160
vt 0.409526 0.923046
vt 0.402364 0.920379
vt 0.202438 0.571779
vt 0.202730 0.566811
vt 0.208144 0.569511
vt 0.207414 0.575394
vt 0.212965 0.563577
vt 0.216162 0.567096
vt 0.204820 0.557715
vt 0.182910 0.569013
vt 0.186745 0.562941
vt 0.201090 0.577164
vt 0.178725 0.573429
vt 0.187338 0.555664
vt 0.188579 0.550917
vt 0.205371 0.550975
vt 0.221682 0.558425
vt 0.225678 0.563007
vt 0.433445 0.913884
vt 0.437531 0.922621
vt 0.217204 0.550679
vt 0.218736 0.558871
vt 0.774845 0.954969
vt 0.769070 0.947899
vt 0.783036 0.947754
vt 0.781299 0.955612
vt 0.754628 0.918708
vt 0.748172 0.919268
vt 0.750016 0.911181
vt 0.761419 0.911270
vt 0.397074 0.911464
vt 0.419856 0.911181
vt 0.026485 0.496939
vt 0.027210 0.518436
vt 0.006198 0.514439
vt 0.003708 0.496343
vt 0.033464 0.504643
vt 0.031604 0.515930
vt 0.002594 0.510422
vt 0.001045 0.500183
vt 0.483753 0.191214
vt 0.479251 0.201262
vt 0.472179 0.195944
vt 0.473537 0.188358
vt 0.483576 0.186295
vt 0.472948 0.183997
vt 0.175340 0.275203
vt 0.159057 0.276293
vt 0.162486 0.268844
vt 0.182506 0.272548
vt 0.444937 0.201652
vt 0.450340 0.198930
vt 0.450652 0.203897
vt 0.445691 0.207533
vt 0.436905 0.199268
vt 0.440090 0.195739
vt 0.448206 0.189844
vt 0.470167 0.201042
vt 0.466304 0.194987
vt 0.474374 0.205437
vt 0.452026 0.209276
vt 0.465678 0.187713
vt 0.464414 0.182972
vt 0.447625 0.183106
vt 0.431360 0.190615
vt 0.427377 0.195207
vt 0.147336 0.274732
vt 0.151436 0.266003
vt 0.434295 0.191064
vt 0.435790 0.182863
vt 0.179684 0.133606
vt 0.173241 0.134361
vt 0.171369 0.126534
vt 0.185335 0.126437
vt 0.932471 0.744234
vt 0.925810 0.736677
vt 0.937214 0.736788
vt 0.938916 0.744907
vt 0.165029 0.263323
vt 0.187811 0.263643
vt 0.557466 0.192680
vt 0.557456 0.189658
vt 0.584289 0.189591
vt 0.584299 0.192612
vt 0.257221 0.723583
vt 0.257226 0.726604
vt 0.230393 0.726642
vt 0.230388 0.723619
vt 0.586427 0.188846
vt 0.586440 0.193440
vt 0.556885 0.185998
vt 0.585194 0.187527
vt 0.553845 0.193528
vt 0.553814 0.188935
vt 0.556912 0.196351
vt 0.585214 0.194703
vt 0.259359 0.722843
vt 0.259364 0.727437
vt 0.229821 0.719959
vt 0.258129 0.721521
vt 0.226750 0.722885
vt 0.226769 0.727478
vt 0.258139 0.728697
vt 0.229835 0.730310
vt 0.243192 0.683912
vt 0.243186 0.686935
vt 0.216354 0.686899
vt 0.216359 0.683877
vt 0.272815 0.211336
vt 0.299649 0.211597
vt 0.299616 0.214619
vt 0.272785 0.214358
vt 0.214211 0.687727
vt 0.214220 0.683134
vt 0.243759 0.680251
vt 0.215450 0.681816
vt 0.246831 0.683181
vt 0.246808 0.687775
vt 0.243745 0.690604
vt 0.215439 0.688989
vt 0.270683 0.210576
vt 0.270638 0.215170
vt 0.271925 0.209266
vt 0.300245 0.207941
vt 0.303292 0.210898
vt 0.303230 0.215490
vt 0.300143 0.218292
vt 0.271853 0.216442
vt 0.141601 0.272877
vt 0.098520 0.273102
vt 0.095137 0.259882
vt 0.148456 0.259601
vt 0.088117 0.268198
vt 0.085684 0.254963
vt 0.724718 0.118369
vt 0.722938 0.106245
vt 0.766622 0.105271
vt 0.767793 0.117410
vt 0.792570 0.114902
vt 0.779289 0.117078
vt 0.776892 0.104926
vt 0.793778 0.102129
vt 0.164066 0.171517
vt 0.160919 0.161160
vt 0.204494 0.161059
vt 0.207754 0.171407
vt 0.213468 0.157929
vt 0.217215 0.167420
vt 0.225999 0.152733
vt 0.219518 0.148380
vt 0.105369 0.565436
vt 0.105377 0.556423
vt 0.112939 0.558648
vt 0.116682 0.568804
vt 0.718594 0.106342
vt 0.714669 0.103513
vt 0.713428 0.099269
vt 0.486881 0.946189
vt 0.471374 0.947899
vt 0.480528 0.929347
vt 0.493560 0.932824
vt 0.466327 0.948652
vt 0.475730 0.928945
vt 0.466193 0.233533
vt 0.422613 0.234458
vt 0.422428 0.221196
vt 0.468196 0.220222
vt 0.414706 0.234553
vt 0.414022 0.183908
vt 0.474766 0.229437
vt 0.476954 0.218343
vt 0.800175 0.680112
vt 0.786932 0.685889
vt 0.791253 0.679393
vt 0.848442 0.700271
vt 0.795132 0.700543
vt 0.845997 0.679860
vt 0.856727 0.687070
vt 0.123266 0.537898
vt 0.119973 0.551141
vt 0.076957 0.551209
vt 0.070011 0.537982
vt 0.130342 0.546167
vt 0.132685 0.532915
vt 0.585125 0.105170
vt 0.628735 0.106450
vt 0.626874 0.118558
vt 0.583868 0.117299
vt 0.574860 0.104750
vt 0.572373 0.116885
vt 0.559109 0.114610
vt 0.557994 0.101829
vt 0.063036 0.551508
vt 0.019414 0.551685
vt 0.022604 0.541315
vt 0.066115 0.541131
vt 0.009926 0.547761
vt 0.013611 0.538246
vt 0.001045 0.533132
vt 0.007497 0.528736
vt 0.022677 0.558038
vt 0.030270 0.555904
vt 0.030158 0.564917
vt 0.018809 0.568147
vt 0.638248 0.099494
vt 0.637017 0.103739
vt 0.633077 0.106564
vt 0.398125 0.929524
vt 0.407820 0.949089
vt 0.393332 0.929997
vt 0.402762 0.948411
vt 0.387232 0.946932
vt 0.380355 0.933669
vt 0.331469 0.222541
vt 0.331740 0.235802
vt 0.288255 0.236571
vt 0.285733 0.223349
vt 0.338789 0.185007
vt 0.339603 0.235651
vt 0.279530 0.232817
vt 0.276907 0.221819
vt 0.984768 0.700364
vt 0.979684 0.679944
vt 0.992939 0.685693
vt 0.995152 0.698271
vt 0.931521 0.700204
vt 0.933925 0.679788
vt 0.860711 0.683898
vt 0.919219 0.683851
vt 0.923209 0.687017
vt 0.988605 0.679206
vt 0.784744 0.698472
vt 0.098538 0.161558
vt 0.098537 0.157164
vt 0.472788 0.064124
vt 0.479957 0.064156
vt 0.480940 0.127973
vt 0.471265 0.127931
vt 0.242304 0.167189
vt 0.251975 0.167487
vt 0.252485 0.174204
vt 0.241380 0.173862
vt 0.972480 0.623560
vt 0.846635 0.623766
vt 0.909918 0.615466
vt 0.045977 0.726584
vt 0.049817 0.720739
vt 0.175662 0.720945
vt 0.179036 0.726772
vt 0.481233 0.001085
vt 0.472063 0.001045
vt 0.922299 0.737722
vt 0.923336 0.744639
vt 0.912226 0.744745
vt 0.913131 0.737809
vt 0.112379 0.712644
vt 0.976320 0.629405
vt 0.843261 0.629594
vt 0.434691 0.649352
vt 0.436196 0.585545
vt 0.443365 0.585574
vt 0.444367 0.649391
vt 0.718793 0.943574
vt 0.728464 0.943872
vt 0.728974 0.950589
vt 0.717869 0.950247
vt 0.037278 0.120953
vt 0.099841 0.112853
vt 0.163123 0.121155
vt 0.916054 0.221268
vt 0.919893 0.227104
vt 0.786834 0.227299
vt 0.790208 0.221470
vt 0.435388 0.522466
vt 0.444681 0.522504
vt 0.121212 0.284880
vt 0.122121 0.277952
vt 0.131415 0.277953
vt 0.132323 0.284880
vt 0.853492 0.213166
vt 0.166496 0.126984
vt 0.033437 0.126790
vt 0.273756 0.230224
vt 0.239265 0.208986
vt 0.258050 0.212167
vt 0.270430 0.219724
vt 0.033437 0.231333
vt 0.068295 0.209774
vt 0.941938 0.869834
vt 0.995321 0.891414
vt 0.753396 0.890702
vt 0.804740 0.869432
vt 0.787855 0.869384
vt 0.756706 0.880169
vt 0.958824 0.869884
vt 0.977583 0.873209
vt 0.989907 0.880859
vt 0.769076 0.872593
vt 0.038608 0.220792
vt 0.050337 0.213123
vt 0.261632 0.185921
vt 0.244811 0.185539
vt 0.244838 0.180388
vt 0.261800 0.180772
vt 0.280636 0.186750
vt 0.280883 0.181604
vt 0.295391 0.182370
vt 0.295114 0.187515
vt 0.306141 0.188132
vt 0.306398 0.182979
vt 0.310807 0.183219
vt 0.315619 0.195509
vt 0.305646 0.197817
vt 0.090905 0.181298
vt 0.107664 0.182042
vt 0.107583 0.187192
vt 0.090578 0.186439
vt 0.058916 0.177977
vt 0.072772 0.179785
vt 0.071501 0.184841
vt 0.057057 0.182975
vt 0.045508 0.180094
vt 0.047556 0.175101
vt 0.043489 0.173459
vt 0.041967 0.189526
vt 0.033437 0.181977
vt 0.451742 0.995067
vt 0.206896 0.995707
vt 0.209788 0.986004
vt 0.451715 0.985371
vt 0.605093 0.068969
vt 0.742294 0.068978
vt 0.794136 0.094789
vt 0.553814 0.094777
vt 0.482186 0.980815
vt 0.242425 0.979761
vt 0.242485 0.966563
vt 0.482807 0.967619
vt 0.569437 0.072232
vt 0.588207 0.068966
vt 0.553815 0.090363
vt 0.557092 0.079846
vt 0.759180 0.068980
vt 0.794136 0.090379
vt 0.539398 0.001092
vt 0.676595 0.001466
vt 0.727821 0.023013
vt 0.485893 0.022369
vt 0.693477 0.001511
vt 0.724568 0.012459
vt 0.522511 0.001045
vt 0.491367 0.011844
vt 0.503733 0.004263
vt 0.712239 0.004818
vt 0.777153 0.072249
vt 0.788918 0.079864
vt 0.903189 0.813488
vt 0.944456 0.812486
vt 0.944432 0.818931
vt 0.901904 0.819481
vt 0.860744 0.818695
vt 0.807024 0.813532
vt 0.860767 0.813894
vt 0.958515 0.811462
vt 0.959218 0.816508
vt 0.970548 0.806836
vt 0.981438 0.796906
vt 0.971976 0.810786
vt 0.285994 0.350896
vt 0.279767 0.354005
vt 0.273033 0.334328
vt 0.279807 0.332786
vt 0.295716 0.365245
vt 0.290631 0.370047
vt 0.309958 0.376650
vt 0.306508 0.382701
vt 0.327825 0.383483
vt 0.326225 0.390279
vt 0.346221 0.384969
vt 0.346675 0.391931
vt 0.365083 0.380939
vt 0.367695 0.387439
vt 0.381509 0.371337
vt 0.385885 0.376750
vt 0.399100 0.362238
vt 0.393374 0.358230
vt 0.407907 0.344131
vt 0.401482 0.341536
vt 0.405114 0.329978
vt 0.411729 0.331318
vt 0.277766 0.313704
vt 0.278577 0.322929
vt 0.271715 0.323318
vt 0.270803 0.314161
vt 0.270175 0.304961
vt 0.277186 0.304522
vt 0.083221 0.269895
vt 0.099432 0.280617
vt 0.093666 0.290729
vt 0.075635 0.278815
vt 0.118164 0.288663
vt 0.113374 0.298814
vt 0.136952 0.303700
vt 0.138944 0.292995
vt 0.160370 0.304108
vt 0.159567 0.293358
vt 0.180853 0.289675
vt 0.184552 0.299925
vt 0.200554 0.281879
vt 0.204972 0.292286
vt 0.223478 0.281396
vt 0.217376 0.271638
vt 0.240938 0.267304
vt 0.232797 0.258628
vt 0.052306 0.242893
vt 0.042096 0.249480
vt 0.043267 0.241026
vt 0.051123 0.255722
vt 0.060016 0.247938
vt 0.242722 0.249638
vt 0.250676 0.258497
vt 0.937485 0.804115
vt 0.904721 0.804910
vt 0.861244 0.806338
vt 0.811840 0.807113
vt 0.961306 0.801614
vt 0.986644 0.759408
vt 0.973081 0.776119
vt 0.987319 0.794400
vt 0.991618 0.759557
vt 0.995652 0.738833
vt 0.987002 0.812870
vt 0.986919 0.819949
vt 0.954725 0.788031
vt 0.931022 0.794784
vt 0.907432 0.794527
vt 0.863396 0.792792
vt 0.803636 0.766461
vt 0.793827 0.744000
vt 0.844131 0.739044
vt 0.852630 0.759106
vt 0.811344 0.779518
vt 0.866310 0.775905
vt 0.811705 0.796311
vt 0.251691 0.245074
vt 0.262571 0.252777
vt 0.407829 0.320715
vt 0.414439 0.321597
vt 0.796861 0.723622
vt 0.839360 0.716626
vt 0.841357 0.727424
vt 0.796633 0.731766
vt 0.067949 0.255716
vt 0.059651 0.264058
vt 0.884251 0.787591
vt 0.806952 0.824134
vt 0.860677 0.824918
vt 0.901854 0.825263
vt 0.944372 0.825337
vt 0.986866 0.825642
vt 0.543761 0.502596
vt 0.538196 0.502368
vt 0.544727 0.491910
vt 0.538427 0.508620
vt 0.535691 0.505163
vt 0.538847 0.474849
vt 0.545137 0.475172
vt 0.533982 0.463194
vt 0.525911 0.451513
vt 0.529626 0.449531
vt 0.539114 0.461310
vt 0.796250 0.824795
vt 0.792277 0.815659
vt 0.787485 0.828050
vt 0.783057 0.820229
vt 0.835106 0.661360
vt 0.834936 0.670215
vt 0.817083 0.669154
vt 0.817250 0.660448
vt 0.523703 0.509854
vt 0.522972 0.506145
vt 0.513594 0.508904
vt 0.512550 0.505273
vt 0.163173 0.032901
vt 0.163133 0.029437
vt 0.181006 0.029378
vt 0.181038 0.032816
vt 0.536708 0.227109
vt 0.534284 0.229861
vt 0.521568 0.229878
vt 0.536711 0.199636
vt 0.521620 0.200791
vt 0.784558 0.830886
vt 0.777844 0.824857
vt 0.506792 0.507871
vt 0.507241 0.504462
vt 0.505747 0.229851
vt 0.505879 0.201489
vt 0.511143 0.201565
vt 0.511124 0.229867
vt 0.530716 0.188601
vt 0.506812 0.194750
vt 0.513274 0.194976
vt 0.521571 0.177810
vt 0.507120 0.177638
vt 0.513504 0.177749
vt 0.516958 0.449860
vt 0.517848 0.451984
vt 0.511828 0.454190
vt 0.510862 0.452199
vt 0.523146 0.448276
vt 0.792858 0.755782
vt 0.779783 0.755732
vt 0.773250 0.755495
vt 0.773481 0.750966
vt 0.780148 0.748556
vt 0.786560 0.748677
vt 0.786225 0.755851
vt 0.792879 0.715204
vt 0.844927 0.705329
vt 0.269593 0.295126
vt 0.276597 0.294671
vt 0.033437 0.240335
vt 0.409858 0.310561
vt 0.410630 0.300558
vt 0.417223 0.301476
vt 0.416451 0.311476
vt 0.261908 0.243610
vt 0.271939 0.243445
vt 0.726415 0.297930
vt 0.726442 0.315100
vt 0.708521 0.315182
vt 0.708508 0.297950
vt 0.726320 0.321926
vt 0.708448 0.322028
vt 0.726346 0.295716
vt 0.708463 0.295731
vt 0.967856 0.952213
vt 0.949953 0.952621
vt 0.949882 0.948129
vt 0.967774 0.947679
vt 0.163037 0.001103
vt 0.180939 0.001045
vt 0.776592 0.668391
vt 0.776682 0.659645
vt 0.122612 0.033050
vt 0.122592 0.029582
vt 0.667951 0.298037
vt 0.667942 0.315229
vt 0.667951 0.322066
vt 0.667946 0.295820
vt 0.909386 0.953330
vt 0.909366 0.948808
vt 0.122487 0.001248
vt 0.773617 0.748317
vt 0.565886 0.058218
vt 0.558765 0.058280
vt 0.558808 0.040514
vt 0.568061 0.039708
vt 0.572553 0.046488
vt 0.574769 0.058800
vt 0.570184 0.066089
vt 0.564060 0.067838
vt 0.557570 0.068249
vt 0.552769 0.065455
vt 0.555398 0.069782
vt 0.793108 0.124243
vt 0.793080 0.129305
vt 0.775252 0.130935
vt 0.881228 0.828755
vt 0.806837 0.827801
vt 0.986838 0.829166
vt 0.796822 0.828395
vt 0.788103 0.832156
vt 0.817253 0.674399
vt 0.835106 0.673651
vt 0.776617 0.674900
vt 0.019963 0.657147
vt 0.039456 0.617310
vt 0.038908 0.659779
vt 0.056080 0.661024
vt 0.074510 0.617687
vt 0.074293 0.661518
vt 0.093356 0.661640
vt 0.102537 0.617796
vt 0.111776 0.661622
vt 0.130708 0.617628
vt 0.130994 0.661460
vt 0.149984 0.660923
vt 0.166846 0.617158
vt 0.167474 0.659422
vt 0.185856 0.656962
vt 0.205516 0.630274
vt 0.197747 0.654716
vt 0.003383 0.630453
vt 0.010479 0.654259
vt 0.001045 0.640040
vt 0.002821 0.649063
vt 0.209022 0.639672
vt 0.205891 0.649540
vt 0.205211 0.616510
vt 0.003598 0.616724
vt 0.385507 0.614893
vt 0.399237 0.614947
vt 0.399234 0.621966
vt 0.722207 0.931768
vt 0.722171 0.938424
vt 0.708405 0.938426
vt 0.717066 0.922578
vt 0.543002 0.514156
vt 0.502900 0.549084
vt 0.494253 0.514287
vt 0.582563 0.575092
vt 0.554875 0.580237
vt 0.527556 0.574020
vt 0.608707 0.550109
vt 0.731782 0.922649
vt 0.741464 0.748789
vt 0.757576 0.761633
vt 0.739528 0.761774
vt 0.747006 0.736781
vt 0.761723 0.736677
vt 0.757088 0.782738
vt 0.757327 0.817791
vt 0.739004 0.817913
vt 0.738767 0.782868
vt 0.750563 0.845464
vt 0.745927 0.842013
vt 0.741623 0.836264
vt 0.754140 0.845895
vt 0.084184 0.435921
vt 0.084198 0.429477
vt 0.125461 0.430700
vt 0.126708 0.436701
vt 0.221622 0.431334
vt 0.167871 0.436156
vt 0.167877 0.431355
vt 0.069413 0.433416
vt 0.070145 0.428375
vt 0.047307 0.413690
vt 0.058140 0.423681
vt 0.056688 0.427623
vt 0.540777 0.622178
vt 0.532728 0.641369
vt 0.526732 0.637835
vt 0.534119 0.620195
vt 0.520742 0.656605
vt 0.516018 0.651446
vt 0.503967 0.668060
vt 0.500980 0.661768
vt 0.483723 0.674123
vt 0.482653 0.667224
vt 0.463197 0.674166
vt 0.464204 0.667262
vt 0.445740 0.661716
vt 0.442603 0.667980
vt 0.425359 0.655819
vt 0.430167 0.650786
vt 0.413389 0.640265
vt 0.419425 0.636739
vt 0.406093 0.621498
vt 0.412708 0.619434
vt 0.403321 0.608419
vt 0.410023 0.607618
vt 0.542798 0.611265
vt 0.535973 0.610447
vt 0.537343 0.601297
vt 0.544267 0.602173
vt 0.538465 0.592170
vt 0.545438 0.593023
vt 0.188448 0.736922
vt 0.196189 0.745708
vt 0.178345 0.757927
vt 0.172432 0.747900
vt 0.158725 0.766277
vt 0.153827 0.756177
vt 0.135164 0.771364
vt 0.133113 0.760671
vt 0.111717 0.771837
vt 0.112524 0.761089
vt 0.091284 0.757342
vt 0.087520 0.767569
vt 0.067147 0.759726
vt 0.071688 0.749372
vt 0.048780 0.748556
vt 0.055040 0.738898
vt 0.031570 0.734140
vt 0.039872 0.725618
vt 0.229158 0.715702
vt 0.218814 0.709328
vt 0.227809 0.707274
vt 0.220261 0.722131
vt 0.211211 0.714531
vt 0.022003 0.725142
vt 0.030129 0.716440
vt 0.091218 0.421142
vt 0.123980 0.422112
vt 0.167447 0.423794
vt 0.216844 0.424886
vt 0.067412 0.418512
vt 0.042325 0.376162
vt 0.055786 0.392951
vt 0.041442 0.411149
vt 0.037351 0.376282
vt 0.033437 0.355537
vt 0.041651 0.429622
vt 0.041693 0.436702
vt 0.074068 0.404966
vt 0.097735 0.411845
vt 0.121331 0.411712
vt 0.165382 0.410234
vt 0.185023 0.356608
vt 0.235294 0.361906
vt 0.225325 0.384300
vt 0.176384 0.376614
vt 0.217523 0.397301
vt 0.162581 0.393326
vt 0.217050 0.414088
vt 0.010224 0.719188
vt 0.021254 0.711702
vt 0.401404 0.598513
vt 0.408063 0.598164
vt 0.187880 0.345007
vt 0.189953 0.334221
vt 0.232403 0.341504
vt 0.232574 0.349651
vt 0.211900 0.730642
vt 0.203440 0.722463
vt 0.144559 0.404906
vt 0.221628 0.441936
vt 0.167902 0.442381
vt 0.126723 0.442485
vt 0.084207 0.442327
vt 0.041712 0.442396
vt 0.605873 0.602143
vt 0.600304 0.602129
vt 0.599791 0.591414
vt 0.608258 0.605057
vt 0.605361 0.608382
vt 0.600088 0.574671
vt 0.606387 0.574616
vt 0.611744 0.563175
vt 0.606704 0.561077
vt 0.616073 0.549491
vt 0.620337 0.551871
vt 0.232326 0.442661
vt 0.236353 0.433548
vt 0.241071 0.445968
vt 0.245547 0.438174
vt 0.673225 0.668618
vt 0.655364 0.669566
vt 0.655250 0.660709
vt 0.673113 0.659909
vt 0.620004 0.610343
vt 0.620921 0.606676
vt 0.631378 0.606343
vt 0.630148 0.609915
vt 0.001212 0.030097
vt 0.019085 0.030008
vt 0.019072 0.033473
vt 0.001209 0.033536
vt 0.498515 0.717268
vt 0.498433 0.689808
vt 0.513527 0.690917
vt 0.513658 0.720002
vt 0.500936 0.720054
vt 0.250731 0.442832
vt 0.243982 0.448821
vt 0.636994 0.609235
vt 0.636724 0.605807
vt 0.524006 0.691656
vt 0.529270 0.691561
vt 0.529481 0.719926
vt 0.524105 0.719959
vt 0.504388 0.678759
vt 0.521851 0.685073
vt 0.528313 0.684824
vt 0.513492 0.667938
vt 0.527940 0.667712
vt 0.521555 0.667847
vt 0.634493 0.554215
vt 0.628415 0.552166
vt 0.629255 0.550020
vt 0.635408 0.552200
vt 0.623055 0.548590
vt 0.235862 0.373682
vt 0.249376 0.373600
vt 0.249004 0.366424
vt 0.255674 0.368826
vt 0.255910 0.373355
vt 0.242952 0.373726
vt 0.242588 0.366550
vt 0.184465 0.322884
vt 0.236443 0.333116
vt 0.539634 0.582372
vt 0.546600 0.583239
vt 0.237623 0.706374
vt 0.400245 0.578233
vt 0.406891 0.577847
vt 0.406855 0.587880
vt 0.400209 0.588262
vt 0.011069 0.710036
vt 0.001045 0.709671
vt 0.564407 0.298114
vt 0.564432 0.315347
vt 0.546511 0.315304
vt 0.546500 0.298134
vt 0.564520 0.322193
vt 0.546648 0.322130
vt 0.546564 0.295920
vt 0.564447 0.295893
vt 0.805900 0.947377
vt 0.805775 0.951866
vt 0.787879 0.951242
vt 0.788015 0.946709
vt 0.001045 0.001764
vt 0.018949 0.001676
vt 0.713719 0.668099
vt 0.713694 0.659352
vt 0.059624 0.029826
vt 0.059632 0.033292
vt 0.604965 0.298125
vt 0.605010 0.315314
vt 0.605016 0.322151
vt 0.604964 0.295909
vt 0.846401 0.948529
vt 0.846335 0.953051
vt 0.059503 0.001493
vt 0.255534 0.366177
vt 0.514683 0.936166
vt 0.514443 0.953932
vt 0.507324 0.953756
vt 0.505443 0.935214
vt 0.500845 0.941921
vt 0.498433 0.954198
vt 0.508998 0.963405
vt 0.502902 0.961558
vt 0.515480 0.963920
vt 0.520324 0.961200
vt 0.517629 0.965486
vt 0.613375 0.128364
vt 0.613401 0.123302
vt 0.631186 0.130180
vt 0.221721 0.445606
vt 0.147328 0.446092
vt 0.041719 0.445922
vt 0.240429 0.450070
vt 0.231732 0.446258
vt 0.673020 0.673862
vt 0.655172 0.673002
vt 0.713614 0.674605
vt 0.170426 0.451220
vt 0.190219 0.490909
vt 0.171296 0.493684
vt 0.154136 0.495059
vt 0.135377 0.451864
vt 0.135931 0.495693
vt 0.116871 0.495961
vt 0.107352 0.452189
vt 0.098456 0.496088
vt 0.079181 0.452242
vt 0.079238 0.496074
vt 0.060245 0.495687
vt 0.043042 0.452056
vt 0.042745 0.494323
vt 0.024345 0.492009
vt 0.012440 0.489855
vt 0.004476 0.465477
vt 0.206596 0.464092
vt 0.199682 0.487950
vt 0.209007 0.473659
vt 0.207300 0.482696
vt 0.001045 0.474903
vt 0.004255 0.484744
vt 0.004674 0.451711
vt 0.206278 0.450366
vt 0.213236 0.613971
vt 0.226966 0.614060
vt 0.213166 0.620990
vt 0.549864 0.937642
vt 0.536098 0.937498
vt 0.536130 0.930842
vt 0.541363 0.921703
vt 0.149819 0.358585
vt 0.109560 0.323835
vt 0.158309 0.323747
vt 0.097979 0.389967
vt 0.070269 0.384940
vt 0.125271 0.383633
vt 0.044016 0.360075
vt 0.526646 0.921630
vt 0.591677 0.373975
vt 0.607645 0.360952
vt 0.609726 0.373915
vt 0.587252 0.349068
vt 0.601969 0.349007
vt 0.610884 0.430042
vt 0.592560 0.430129
vt 0.592402 0.395075
vt 0.610724 0.394998
vt 0.604234 0.454220
vt 0.599637 0.457724
vt 0.608471 0.448422
vt 0.596064 0.458195
vt 0.671707 0.131647
vt 0.734717 0.131980
vt 0.001064 0.602064
vt 0.180781 0.601932
vt 0.180785 0.611292
vt 0.001074 0.611420
vt 0.001045 0.584251
vt 0.180774 0.584117
vt 0.385760 0.566151
vt 0.227235 0.565309
vt 0.395786 0.674832
vt 0.216058 0.673884
vt 0.575756 0.513062
vt 0.619123 0.513183
vt 0.076802 0.322884
vt 0.033437 0.323197
vt 0.652628 0.981524
vt 0.640769 0.943930
vt 0.708195 0.981785
vt 0.617445 0.943815
vt 0.605215 0.981291
vt 0.549648 0.981001
vt 0.726969 0.327064
vt 0.664722 0.344271
vt 0.630703 0.344288
vt 0.568443 0.327129
vt 0.945480 0.922572
vt 0.945359 0.943106
vt 0.786834 0.942165
vt 0.786956 0.921630
vt 0.202007 0.718006
vt 0.178683 0.717949
vt 0.182000 0.707419
vt 0.198742 0.707462
vt 0.726975 0.344251
vt 0.568450 0.344309
vt 0.160264 0.258155
vt 0.153605 0.239290
vt 0.215859 0.239380
vt 0.215831 0.258234
vt 0.641810 0.258156
vt 0.586242 0.258257
vt 0.586207 0.239402
vt 0.648461 0.239290
vt 0.656106 0.386904
vt 0.639364 0.386913
vt 0.206801 0.741317
vt 0.249591 0.733542
vt 0.244214 0.752804
vt 0.204807 0.752160
vt 0.275509 0.462783
vt 0.277117 0.473689
vt 0.237713 0.472937
vt 0.233020 0.453500
vt 0.758893 0.845864
vt 0.591311 0.458217
vt 0.702632 0.991065
vt 0.694115 0.991634
vt 0.693899 0.989580
vt 0.702472 0.987709
vt 0.658622 0.995242
vt 0.658307 0.993061
vt 0.745121 0.989801
vt 0.744944 0.982127
vt 0.960007 0.984371
vt 0.960175 0.986431
vt 0.952706 0.986872
vt 0.952558 0.983725
vt 0.995540 0.981293
vt 0.995316 0.979101
vt 0.780818 0.979730
vt 0.780905 0.989215
vt 0.873416 0.989013
vt 0.873317 0.979528
vt 0.909125 0.980664
vt 0.909325 0.988339
vt 0.721108 0.385121
vt 0.727676 0.388068
vt 0.712791 0.387571
vt 0.710853 0.384503
vt 0.694952 0.388013
vt 0.693075 0.384258
vt 0.678940 0.384627
vt 0.680047 0.389299
vt 0.670563 0.390007
vt 0.669474 0.385563
vt 0.698234 0.364682
vt 0.718847 0.364741
vt 0.715670 0.368252
vt 0.697715 0.368113
vt 0.681935 0.369600
vt 0.682034 0.365918
vt 0.673600 0.368656
vt 0.673999 0.372295
vt 0.668456 0.375822
vt 0.668458 0.372830
vt 0.714361 0.373818
vt 0.716274 0.380343
vt 0.663916 0.389744
vt 0.661442 0.387046
vt 0.662247 0.381165
vt 0.717769 0.379045
vt 0.716387 0.374632
vt 0.490385 0.990065
vt 0.500642 0.989494
vt 0.498690 0.992554
vt 0.483803 0.992979
vt 0.516525 0.993076
vt 0.518418 0.989330
vt 0.532550 0.989772
vt 0.542010 0.990755
vt 0.540898 0.995195
vt 0.531419 0.994438
vt 0.495899 0.973221
vt 0.492737 0.969697
vt 0.513351 0.969730
vt 0.513855 0.973163
vt 0.529545 0.971046
vt 0.529626 0.974730
vt 0.537965 0.973827
vt 0.537548 0.977464
vt 0.543085 0.978028
vt 0.543073 0.981019
vt 0.497182 0.978794
vt 0.495242 0.985309
vt 0.550033 0.992277
vt 0.547546 0.994964
vt 0.549257 0.986393
vt 0.493754 0.984005
vt 0.495154 0.979598
vt 0.414441 0.428216
vt 0.403344 0.428215
vt 0.405527 0.413074
vt 0.417626 0.411890
vt 0.411904 0.399210
vt 0.421913 0.387656
vt 0.426952 0.398078
vt 0.434826 0.379368
vt 0.440787 0.388836
vt 0.449521 0.375131
vt 0.457139 0.385630
vt 0.464759 0.375132
vt 0.479453 0.379370
vt 0.473491 0.388837
vt 0.492364 0.387657
vt 0.487326 0.398080
vt 0.502373 0.399212
vt 0.496651 0.411892
vt 0.508750 0.413077
vt 0.510934 0.428218
vt 0.499837 0.428218
vt 0.508750 0.443359
vt 0.496651 0.444543
vt 0.502372 0.457223
vt 0.492362 0.468777
vt 0.487324 0.458355
vt 0.479451 0.477064
vt 0.473490 0.467597
vt 0.464756 0.481303
vt 0.457138 0.470804
vt 0.449518 0.481303
vt 0.434823 0.477064
vt 0.440786 0.467597
vt 0.421911 0.468776
vt 0.426951 0.458354
vt 0.411902 0.457221
vt 0.417625 0.444542
vt 0.405527 0.443356
vt 0.628289 0.663430
vt 0.625064 0.647089
vt 0.637172 0.648288
vt 0.639372 0.663430
vt 0.630829 0.634418
vt 0.615812 0.633224
vt 0.620864 0.622819
vt 0.601969 0.623978
vt 0.607948 0.614514
vt 0.585622 0.620723
vt 0.593251 0.610240
vt 0.577994 0.610240
vt 0.569273 0.623978
vt 0.563295 0.614514
vt 0.550378 0.622819
vt 0.555430 0.633224
vt 0.546178 0.647089
vt 0.540412 0.634418
vt 0.534070 0.648288
vt 0.542953 0.663431
vt 0.531870 0.663431
vt 0.534070 0.678574
vt 0.546179 0.679772
vt 0.540413 0.692442
vt 0.555431 0.693638
vt 0.550379 0.704041
vt 0.569274 0.702883
vt 0.563296 0.712346
vt 0.585623 0.706139
vt 0.577994 0.716621
vt 0.593252 0.716621
vt 0.601971 0.702882
vt 0.607950 0.712346
vt 0.620865 0.704040
vt 0.615813 0.693637
vt 0.630830 0.692441
vt 0.625063 0.679770
vt 0.637171 0.678572
vt 0.029150 0.351939
vt 0.001047 0.351940
vt 0.001046 0.336954
vt 0.029149 0.336953
vt 0.029153 0.366925
vt 0.001050 0.366925
vt 0.029154 0.381910
vt 0.001052 0.381911
vt 0.029156 0.396895
vt 0.001053 0.396895
vt 0.029157 0.411879
vt 0.001054 0.411879
vt 0.029158 0.426863
vt 0.001055 0.426864
vt 0.029159 0.112164
vt 0.001056 0.112163
vt 0.001057 0.097179
vt 0.029160 0.097180
vt 0.029158 0.127147
vt 0.001056 0.127147
vt 0.029158 0.142131
vt 0.001055 0.142130
vt 0.029158 0.157116
vt 0.001055 0.157115
vt 0.029156 0.172101
vt 0.001053 0.172099
vt 0.029154 0.187086
vt 0.001052 0.187084
vt 0.029153 0.202071
vt 0.001051 0.202071
vt 0.029153 0.217057
vt 0.001050 0.217056
vt 0.029151 0.232044
vt 0.001048 0.232042
vt 0.029150 0.247032
vt 0.001047 0.247030
vt 0.029150 0.262020
vt 0.001047 0.262017
vt 0.029148 0.277007
vt 0.001045 0.277004
vt 0.029148 0.291994
vt 0.001045 0.291992
vt 0.029148 0.306981
vt 0.001045 0.306979
vt 0.029148 0.321967
vt 0.001045 0.321967
vt 0.585608 0.693138
vt 0.600460 0.689150
vt 0.570755 0.689151
vt 0.585608 0.633699
vt 0.570755 0.637686
vt 0.600460 0.637687
vt 0.615318 0.663418
vt 0.611331 0.648561
vt 0.611331 0.678275
vt 0.555894 0.663419
vt 0.559883 0.678276
vt 0.559881 0.648561
vt 0.585607 0.663418
vt 0.518638 0.064894
vt 0.511913 0.064746
vt 0.512944 0.062696
vt 0.520292 0.062759
vt 0.961567 0.909919
vt 0.958681 0.905227
vt 0.987975 0.905183
vt 0.984852 0.911194
vt 0.515019 0.075622
vt 0.509927 0.075212
vt 0.511520 0.070930
vt 0.518129 0.071074
vt 0.223095 0.763233
vt 0.216933 0.763894
vt 0.223745 0.761034
vt 0.952533 0.904412
vt 0.951933 0.901777
vt 0.282699 0.856923
vt 0.281087 0.854754
vt 0.288622 0.854826
vt 0.289610 0.856897
vt 0.286716 0.868838
vt 0.283093 0.863111
vt 0.289890 0.863088
vt 0.291812 0.868484
vt 0.213950 0.767354
vt 0.190647 0.768299
vt 0.187646 0.763421
vt 0.994907 0.902120
vt 0.202211 0.659451
vt 0.200627 0.657262
vt 0.207973 0.657439
vt 0.208937 0.659523
vt 0.680775 0.117885
vt 0.677736 0.111831
vt 0.707026 0.112281
vt 0.704076 0.116932
vt 0.205477 0.670292
vt 0.202517 0.665644
vt 0.209127 0.665717
vt 0.210579 0.670049
vt 0.022989 0.089865
vt 0.029761 0.092819
vt 0.023609 0.092075
vt 0.713821 0.108923
vt 0.713185 0.111549
vt 0.195183 0.003203
vt 0.188272 0.003133
vt 0.189275 0.001068
vt 0.196809 0.001045
vt 0.191092 0.015093
vt 0.185998 0.014707
vt 0.187953 0.009323
vt 0.194750 0.009389
vt 0.065962 0.090144
vt 0.059052 0.092758
vt 0.670847 0.108673
vt 0.133342 0.751831
vt 0.089865 0.751759
vt 0.089876 0.745037
vt 0.133354 0.745108
vt 0.844986 0.427686
vt 0.844939 0.434408
vt 0.801463 0.434099
vt 0.801511 0.427377
vt 0.559946 0.370624
vt 0.417973 0.370541
vt 0.417997 0.327064
vt 0.559971 0.327147
vt 0.143018 0.686520
vt 0.143040 0.693243
vt 0.001066 0.693701
vt 0.001045 0.686978
vt 0.259733 0.438034
vt 0.259854 0.401303
vt 0.393768 0.401728
vt 0.393646 0.438453
vt 0.255839 0.397074
vt 0.397812 0.397528
vt 0.254963 0.441387
vt 0.255112 0.397909
vt 0.398538 0.398373
vt 0.398389 0.441849
vt 0.397662 0.442675
vt 0.255689 0.442241
vt 0.853731 0.710554
vt 0.995705 0.711011
vt 0.995683 0.717734
vt 0.853710 0.717277
vt 0.180773 0.760710
vt 0.032695 0.096321
vt 0.055982 0.097592
vt 0.994160 0.904715
vt 0.065232 0.092320
vt 0.181472 0.762897
vt 0.671558 0.111278
s 1
f 1/1/1 2/2/2 3/3/3 4/4/4
f 5/5/5 6/6/6 7/7/7 8/8/8
f 8/8/8 7/7/7 2/2/2 1/1/1
f 9/9/9 10/10/10 4/4/4 3/3/3
f 11/11/11 12/12/12 13/13/13 14/14/14
f 11/11/11 10/10/10 12/12/12
f 10/10/10 9/9/9 12/12/12
f 9/9/9 3/3/3 15/15/15
f 16/16/16 17/17/17 18/18/17 19/19/18
f 20/20/19 21/21/20 22/22/21 23/23/22
f 16/16/16 19/19/18 23/23/22 22/22/21
f 24/24/23 25/25/24 21/21/20 20/20/19
f 24/24/23 26/26/25 27/27/26 25/25/24
f 28/28/27 29/29/28 30/30/29 31/31/30
f 26/26/25 29/29/28 28/28/27 27/27/26
f 32/32/31 33/33/32 34/34/33 35/35/34
f 32/32/31 35/35/34 36/36/35
f 14/14/14 37/37/36 11/11/11
f 38/38/37 31/31/30 39/39/38 32/32/31
f 31/31/30 30/30/29 39/39/38
f 32/32/31 39/39/38 33/33/32
f 37/40/39 40/41/40 11/42/41
f 10/43/42 41/44/43 42/45/44 4/46/44
f 26/26/25 24/24/23 1/1/1 42/47/45
f 24/24/23 20/20/19 8/8/8 1/1/1
f 23/23/22 5/5/5 8/8/8 20/20/19
f 23/23/22 19/19/18 5/5/5
f 41/48/46 40/49/47 30/30/29 29/29/28
f 40/49/47 39/39/38 30/30/29
f 37/37/36 14/14/14 34/34/33 33/33/32
f 42/47/45 41/48/46 29/29/28 26/26/25
f 42/47/45 1/1/1 4/4/4
f 38/38/37 32/32/31 36/36/35 43/50/48
f 33/33/32 39/39/38 40/49/47 37/37/36
f 12/12/12 9/9/9 44/51/49 13/13/13
f 15/15/15 45/52/50 44/51/49 9/9/9
f 41/44/43 10/43/42 11/42/41 40/41/40
s 0
f 46/53/51 47/54/52 48/55/53 49/56/54
f 50/57/55 48/55/56 47/54/52 51/58/57
f 52/59/58 50/57/55 51/58/57 53/60/59
f 54/61/60 52/59/61 53/60/59 55/62/62
s 1
f 49/63/63 56/64/64 57/65/65 46/66/66
s 0
f 58/67/67 59/68/68 60/69/69 61/70/70
f 62/71/71 63/72/72 64/73/73
f 65/74/74 66/75/75 61/70/76 60/69/69
f 63/72/77 62/71/78 59/68/68 58/67/79
s 1
f 65/76/80 55/77/81 6/6/6 66/78/80
f 7/7/7 6/6/6 55/77/81 53/79/82
f 2/2/2 7/7/7 53/79/82 51/80/83
f 47/81/84 3/3/3 2/2/2 51/80/83
f 47/81/84 46/66/66 3/3/3
f 67/82/85 56/64/64 68/83/86
f 56/64/64 67/82/85 69/84/87 57/65/65
f 46/66/66 57/65/65 15/15/15 3/3/3
s 0
f 65/74/88 60/69/69 54/61/60 55/62/62
s 1
f 45/52/50 15/15/15 57/65/65 69/84/87
s 0
f 70/85/89 62/71/71 64/73/90 71/86/91
f 72/87/92 73/88/93 74/89/94 75/90/95
f 76/91/96 77/92/96 78/93/97 79/94/98
f 80/95/99 79/94/100 78/93/101
f 81/96/102 82/97/103 74/89/104 83/98/105
f 84/99/106 75/90/95 79/94/98 80/95/107
f 75/90/95 84/99/106 72/87/92
f 83/98/108 60/69/69 59/68/68 81/96/109
f 52/59/58 54/61/60 72/87/110 84/99/111
f 50/57/55 52/59/112 84/99/113 80/95/114
f 80/95/114 48/55/53 50/57/55
f 73/88/115 72/87/116 54/61/60 60/69/69
f 80/95/114 78/93/117 77/92/117 85/100/118
s 1
f 86/101/119 87/102/120 88/103/120 89/104/121
f 90/105/122 86/101/119 89/104/121 91/106/123
f 92/107/124 90/105/122 91/106/123 93/108/125
s 0
f 92/107/126 94/109/127 95/110/128
s 1
f 94/109/129 92/107/124 93/108/125
s 0
f 94/109/130 96/111/131 95/110/128
f 79/94/132 92/107/126 95/110/128 76/91/133
f 75/90/134 90/105/135 92/107/126 79/94/132
f 74/89/136 86/101/137 90/105/135 75/90/134
f 86/101/137 74/89/138 82/97/103 87/102/139
f 97/112/140 87/102/141 82/97/142 70/85/143
f 71/86/144 98/113/145 97/112/146 70/85/89
f 62/71/147 70/85/148 82/97/103 81/96/102
f 81/96/102 59/68/68 62/71/71
f 60/69/149 83/98/108 73/88/115
s 1
f 99/114/150 100/115/151 101/116/152 102/117/153
f 99/114/150 102/117/153 103/118/154 104/119/155
f 67/82/156 68/83/156 101/116/152 100/115/151
s 0
f 105/120/157 106/121/158 107/122/159 108/123/160
f 109/124/161 105/120/162 108/123/160 110/125/163
f 111/126/164 109/124/161 110/125/165 112/127/166
f 108/123/160 107/122/159 113/128/167 114/129/168
f 110/125/163 108/123/160 114/129/168 115/130/169
f 105/120/170 109/124/171 102/131/172 101/132/173
f 112/127/166 110/125/165 115/130/169 116/133/174
f 102/131/175 117/134/176 103/135/177
f 106/121/158 118/136/178 119/137/179 107/122/159
f 107/122/159 119/137/180 120/138/181 113/128/167
s 1
f 49/139/182 85/140/182 121/141/183 56/142/184
f 68/143/185 56/142/184 121/141/183 122/144/185
s 0
f 101/132/173 122/145/186 106/121/187 105/120/188
s 1
f 95/146/189 96/147/190 124/148/190 123/149/191
f 123/149/191 125/150/192 76/151/193 95/146/189
s 0
f 85/152/194 126/153/194 127/154/195 121/155/196
f 121/155/197 127/154/198 122/156/199
s 1
f 76/151/193 125/150/192 77/157/200
f 77/157/200 125/150/192 126/158/201 85/159/201
s 0
f 124/160/202 120/161/202 119/162/203 123/163/204
f 123/163/204 119/162/203 118/164/205 125/165/206
f 126/166/207 125/165/206 118/164/205 127/167/207
f 127/168/208 118/136/209 106/121/187 122/145/186
f 101/132/210 68/169/211 122/145/186
s 1
f 128/170/212 129/171/213 130/172/214 131/173/215
f 131/173/215 130/172/214 132/174/216 133/175/217
f 104/119/155 103/118/218 129/171/213 128/170/212
f 112/176/219 134/177/220 135/178/221 111/179/222
f 135/178/221 134/177/220 137/180/223 136/181/224
f 138/182/225 139/183/226 136/181/224 137/180/223
f 116/184/227 140/185/228 134/177/220 112/176/219
f 129/186/229 103/187/230 117/188/231 141/189/232
f 134/177/220 140/185/228 142/190/233 137/180/223
f 143/191/234 130/192/235 129/186/229 141/189/232
f 137/180/223 142/190/233 144/193/236 138/182/225
f 130/192/235 143/191/234 145/194/237 132/195/238
f 146/196/239 147/197/240 148/198/241 149/199/242
f 150/200/243 151/201/244 148/198/241 147/197/240
f 132/174/216 146/196/239 149/199/242 133/175/217
f 152/202/245 153/203/246 154/204/247 151/201/244
f 150/200/243 152/202/245 151/201/244
f 155/205/248 156/206/249 157/207/250 158/208/251
f 154/204/247 153/203/246 159/209/252
f 160/210/253 161/211/254 162/212/255 163/213/256
f 164/214/257 165/215/258 166/216/259 167/217/260
f 168/218/261 169/219/261 165/215/258 164/214/257
f 167/217/260 166/216/259 161/211/254 160/210/253
f 170/220/262 171/221/263 172/222/264 173/223/265
f 174/224/266 175/225/267 173/223/265 172/222/264
f 175/225/267 176/226/268 163/213/256 162/212/255
f 174/224/266 176/226/268 175/225/267
f 177/227/269 154/204/247 159/209/252 178/228/270
f 179/229/271 180/230/272 181/231/273
f 180/230/272 182/232/274 183/233/275 181/231/273
f 183/233/275 182/232/274 171/221/263 170/220/262
f 184/234/276 185/235/277 179/229/271 181/231/273
f 186/236/278 43/50/48 36/36/35
f 179/229/271 185/235/277 187/237/279
f 186/236/278 187/237/279 185/235/277 43/50/48
f 18/18/280 17/17/281 188/238/282
f 189/239/283 190/240/284 191/241/285 192/242/286
f 193/243/287 189/239/283 192/242/286 194/244/287
f 195/245/288 196/246/289 18/18/280 188/238/282
f 196/246/289 195/245/288 191/241/285 190/240/284
f 197/247/290 152/248/291 198/249/292 199/250/293
f 152/248/291 150/251/294 200/252/295 198/249/292
f 201/253/296 197/247/290 199/250/293 202/254/297
f 203/255/298 204/256/299 178/228/300 159/209/301
f 205/257/302 156/206/303 155/205/304 206/258/305
f 166/259/306 165/260/307 207/261/308
f 208/262/309 207/261/308 165/260/307 169/263/310
f 206/264/305 209/265/311 210/266/312 205/267/302
f 211/268/313 204/269/299 203/270/298 212/271/314
f 213/272/315 214/273/316 215/274/317 216/275/318
f 217/276/319 213/272/315 216/275/318 218/277/320
f 219/278/321 220/279/322 215/274/317 214/273/316
f 214/273/316 213/272/315 222/280/323 221/281/324
f 216/275/318 215/274/317 199/250/293 198/249/292
f 223/282/325 222/280/323 213/272/315 217/276/319
f 198/249/292 200/252/295 218/277/320 216/275/318
f 224/283/326 219/278/321 214/273/316 221/281/324
f 220/279/322 202/254/297 199/250/293 215/274/317
f 225/284/327 226/285/328 139/183/226 138/182/225
f 227/286/329 228/287/330 226/285/328 225/284/327
f 227/286/329 217/276/319 218/277/320 228/287/330
f 229/288/331 225/284/327 138/182/225 144/193/236
f 132/195/238 145/194/237 230/289/332 146/290/333
f 231/291/334 227/286/329 225/284/327 229/288/331
f 146/290/333 230/289/332 232/292/335 147/293/336
f 223/282/325 217/276/319 227/286/329 231/291/334
f 147/293/336 232/292/335 200/252/295 150/251/294
f 228/287/330 218/277/320 200/252/295 232/292/335
f 228/287/330 232/292/335 230/289/332 226/285/328
f 226/285/328 230/289/332 145/194/237 139/183/226
f 143/191/234 136/181/224 139/183/226 145/194/237
f 141/189/232 135/178/221 136/181/224 143/191/234
f 135/178/221 141/189/232 117/188/231 111/179/222
s 0
f 109/124/161 111/126/164 117/134/176 102/131/175
s 1
f 202/254/297 220/279/322 233/294/337 212/271/314
f 220/279/322 219/278/321 234/295/338 233/294/337
f 219/278/321 224/283/326 235/296/339 234/295/338
f 156/206/249 169/219/340 168/218/341 157/207/250
f 158/208/251 177/227/269 178/228/270 155/205/248
f 206/258/305 155/205/304 178/228/300 204/256/299
f 208/297/309 169/219/310 156/206/303 205/257/302
f 204/269/299 211/268/313 209/265/311 206/264/305
f 234/295/342 236/298/343 211/268/344 233/294/345
f 211/268/344 236/298/343 237/299/346 209/265/347
f 233/294/345 211/268/344 212/271/348
f 236/298/343 234/295/342 235/296/349
f 238/300/350 239/301/351 240/302/351 241/303/352
f 210/266/353 209/265/347 238/300/354 242/304/353
f 241/303/352 242/304/355 238/300/350
f 238/300/354 209/265/347 237/299/346 239/301/356
f 241/303/352 208/305/309 205/267/302 210/266/312
f 241/303/352 210/266/312 242/304/355
f 197/306/290 201/307/296 159/209/301 153/203/357
f 153/203/357 152/202/291 197/306/290
f 212/271/314 203/270/298 201/253/296 202/254/297
f 203/255/298 159/209/301 201/307/296
f 161/308/358 243/309/359 244/310/360 162/311/361
f 170/312/362 173/313/363 245/314/364 246/315/365
f 173/313/363 175/316/366 247/317/367 245/314/364
f 162/311/361 244/310/360 247/317/367 175/316/366
f 183/318/368 170/312/362 246/315/365 248/319/368
f 166/259/306 207/261/308 243/309/359 161/308/358
f 241/303/352 240/302/351 207/320/308
f 208/305/309 241/303/352 207/320/308
s 0
f 85/100/369 49/56/54 48/55/53 80/95/114
s 1
f 183/321/370 248/322/371 249/323/372 181/324/373
f 250/325/374 251/326/375 252/327/376 253/328/377
f 250/325/374 253/328/377 254/329/378
f 254/329/378 253/328/377 255/330/379 256/331/380
f 255/330/379 257/332/381 258/333/382 256/331/380
f 258/333/382 257/332/381 259/334/383
f 259/334/383 257/332/381 260/335/384
f 260/335/384 257/332/381 261/336/385 262/337/386
f 261/336/385 263/338/387 264/339/388 262/337/386
f 264/339/388 263/338/387 265/340/389
f 266/341/390 267/342/391 268/343/392 269/344/392
f 188/345/393 270/346/394 265/347/394 263/348/395
f 192/349/396 191/350/397 263/348/395
f 195/351/398 188/345/393 263/348/395
f 263/348/395 271/352/399 192/349/396
f 191/350/397 195/351/398 263/348/395
f 272/353/400 266/354/401 273/355/402
f 184/356/403 181/324/373 274/357/404
f 253/358/405 272/359/405 275/360/406 263/361/407
f 252/362/408 272/359/405 253/358/405
f 255/363/405 253/358/405 263/361/407 261/364/405
f 261/364/405 257/365/405 255/363/405
f 18/366/409 276/367/410 277/368/411 19/369/412
f 278/370/413 5/371/414 19/369/412 277/368/411
f 189/372/415 193/373/416 279/374/416 280/375/417
f 190/376/418 189/372/415 280/375/417 281/377/419
f 190/376/418 281/377/419 282/378/420 196/379/421
f 196/379/421 282/378/420 276/367/410 18/366/409
f 278/370/413 6/380/422 5/371/414
f 283/381/423 279/382/423 193/243/423 194/244/423
f 192/383/424 283/384/425 194/385/426
f 273/355/402 274/357/404 272/353/400
f 252/327/376 266/341/390 272/386/427
f 251/326/375 267/342/391 266/341/390 252/327/376
f 272/353/400 274/357/404 181/324/373 249/323/372
s 0
f 73/88/93 83/98/428 74/89/429
s 1
f 250/387/430 284/388/431 285/389/432 251/390/433
f 254/391/434 286/392/435 284/388/431 250/387/430
f 256/393/436 287/394/437 286/392/435 254/391/434
f 287/394/437 256/393/436 258/395/438 288/396/438
f 289/397/439 288/396/438 258/395/438 259/398/439
f 289/397/439 259/398/439 260/399/440 290/400/440
f 290/400/440 260/399/440 262/401/441 291/402/441
f 264/403/442 292/404/443 291/402/441 262/401/441
f 265/405/444 270/406/444 292/404/443 264/403/442
f 293/407/445 294/408/446 268/409/447 267/410/448
f 285/411/449 284/412/450 38/413/451 43/414/452
f 284/412/450 286/415/453 31/416/454 38/413/451
f 286/415/453 287/417/455 28/418/456 31/416/454
f 287/417/455 288/419/457 27/420/458 28/418/456
f 25/421/459 27/420/458 288/419/457 289/422/460
f 291/423/461 22/424/462 21/425/463 290/426/464
f 17/427/465 270/428/466 188/429/467
f 185/430/468 184/431/469 294/432/470 293/433/471
f 292/434/472 16/435/473 22/424/462 291/423/461
f 290/426/464 21/425/463 25/421/459 289/422/460
f 17/427/465 16/435/473 292/434/472 270/428/466
f 285/389/432 293/407/445 267/410/448 251/390/433
f 43/414/452 185/430/468 293/433/471 285/411/449
f 184/431/469 274/436/474 295/437/475 294/432/470
f 269/438/476 268/409/447 294/408/446 295/439/477
f 274/436/474 273/440/478 295/437/475
f 273/441/479 266/442/479 269/438/476 295/439/477
f 296/443/480 297/444/481 298/445/482
f 298/445/482 299/446/483 300/447/483 301/448/484
f 303/449/485 304/450/486 305/451/487 302/452/488
f 306/453/489 307/454/490 302/452/488 305/451/487
f 304/450/486 308/455/491 309/456/492 305/451/487
f 305/451/487 309/456/492 310/457/493 306/453/489
f 302/452/488 298/445/482 301/448/484 303/449/485
f 311/458/494 298/445/482 297/444/481 312/459/495
f 297/444/481 313/460/496 312/459/495
f 311/458/494 299/446/483 298/445/482
f 314/461/497 315/462/498 316/463/499 317/464/500
f 315/462/498 318/465/501 319/466/502 316/463/499
f 320/467/503 314/461/497 317/464/500 321/468/504
f 322/469/505 314/461/497 320/467/503 323/470/506
f 324/471/507 315/462/498 314/461/497 322/469/505
f 325/472/508 318/465/501 315/462/498 324/471/507
f 326/473/509 320/467/510 321/468/511 327/474/512
f 320/467/510 326/473/509 328/475/513 323/470/514
f 299/446/515 326/473/509 327/474/512 300/447/516
f 328/475/513 329/476/517 312/459/518 313/460/519
f 313/460/519 323/470/514 328/475/513
f 329/476/517 330/477/520 311/458/521 312/459/518
f 299/446/515 311/458/521 330/477/520
f 330/477/520 326/473/509 299/446/515
f 329/476/517 328/475/513 326/473/509
f 326/473/509 330/477/520 329/476/517
f 298/445/482 302/452/488 307/454/490 296/443/480
f 331/478/522 332/479/523 333/480/524 334/481/525
f 335/482/526 336/483/527 337/484/528 338/485/529
f 336/483/527 331/478/522 334/481/525 337/484/528
f 339/486/530 333/480/524 332/479/523 340/487/531
f 341/488/532 296/443/533 307/454/534 342/489/535
f 341/488/532 342/489/535 340/487/531
f 340/487/531 342/489/535 339/486/530
f 339/486/530 343/490/536 333/480/524
f 344/491/537 345/492/538 346/493/539 347/494/539
f 348/495/540 349/496/541 350/497/542 351/498/543
f 344/491/537 350/497/542 349/496/541 345/492/538
f 352/499/544 348/495/540 351/498/543 353/500/545
f 354/501/546 355/502/547 352/499/544 353/500/545
f 356/503/548 357/504/549 358/505/550 359/506/551
f 356/503/548 359/506/551 355/502/547 354/501/546
f 297/444/552 360/507/553 361/508/554 313/460/555
f 361/508/554 323/470/556 313/460/555
f 296/443/533 341/488/532 362/509/557
f 363/510/558 357/504/549 364/511/559 361/508/554
f 357/504/549 363/510/558 358/505/550
f 361/508/554 360/507/553 363/510/558
f 362/512/560 341/513/561 365/514/562
f 340/515/563 332/516/564 366/517/564 367/518/565
f 331/478/522 352/499/544 355/502/547 366/519/566
f 336/483/527 348/495/540 352/499/544 331/478/522
f 349/496/541 348/495/540 336/483/527 335/482/526
f 349/496/541 335/482/526 345/492/538
f 358/505/550 365/520/567 367/521/568 359/506/551
f 365/520/567 358/505/550 363/510/558
f 297/444/552 296/443/533 362/509/557 360/507/553
f 359/506/551 367/521/568 366/519/566 355/502/547
f 366/519/566 332/479/523 331/478/522
f 364/511/559 368/522/569 323/470/556 361/508/554
f 365/520/567 363/510/558 360/507/553 362/509/557
f 342/489/535 307/454/534 306/453/570 339/486/530
f 306/453/570 310/457/571 343/490/536 339/486/530
f 367/518/565 365/514/562 341/513/561 340/515/563
s 0
f 369/523/572 370/524/573 371/525/574 372/526/575
f 373/527/576 374/528/577 370/524/573 369/523/578
f 375/529/579 376/530/580 374/528/577 373/527/576
f 377/531/581 378/532/582 376/530/580 375/529/583
s 1
f 372/533/584 371/534/585 379/535/586 380/536/587
s 0
f 381/537/588 382/538/589 383/539/590 384/540/591
f 385/541/592 386/542/593 387/543/594
f 388/544/595 381/537/588 384/540/596 389/545/597
f 387/543/598 383/539/599 382/538/589 385/541/600
s 1
f 388/546/601 389/547/601 338/485/602 378/548/603
f 337/484/528 376/549/604 378/548/605 338/485/529
f 334/481/525 374/550/606 376/549/604 337/484/528
f 370/551/607 374/550/606 334/481/525 333/480/524
f 370/551/607 333/480/524 371/534/585
f 390/552/608 391/553/609 380/536/587
f 392/554/610 390/552/608 380/536/587 379/535/586
f 343/490/536 379/535/586 371/534/585 333/480/524
s 0
f 388/544/611 378/532/582 377/531/581 381/537/588
s 1
f 379/535/586 343/490/536 310/457/571 392/554/610
s 0
f 393/555/612 394/556/613 386/542/593 385/541/592
f 97/112/614 98/113/615 396/557/616 395/558/617
f 397/559/618 398/560/619 399/561/620 400/562/621
f 401/563/622 402/564/623 403/565/624 404/566/622
f 405/567/625 403/565/626 402/564/627
f 406/568/628 407/569/629 397/559/630 408/570/631
f 409/571/632 405/567/633 402/564/623 400/562/621
f 400/562/621 399/561/620 409/571/632
f 382/538/634 381/537/635 407/569/636 406/568/637
f 375/529/583 409/571/638 399/561/639 377/531/581
f 373/527/576 405/567/640 409/571/638 375/529/583
f 405/567/640 373/527/576 369/523/641
f 398/560/642 381/537/635 377/531/581 399/561/643
f 405/567/640 410/572/644 404/566/645 403/565/645
f 93/108/646 91/106/647 412/573/647 411/574/646
f 91/106/647 89/104/648 413/575/648 412/573/647
f 414/576/649 87/102/650 97/112/140 395/558/651
f 415/577/652 88/103/653 87/102/650 414/576/649
s 1
f 416/578/654 413/575/655 415/577/656 414/576/656
f 417/579/657 412/573/658 413/575/655 416/578/654
f 418/580/659 411/574/660 412/573/658 417/579/657
s 0
f 418/580/661 419/581/662 420/582/663
s 1
f 420/582/664 411/574/660 418/580/659
s 0
f 93/108/646 411/574/646 420/582/665 94/109/130
f 420/582/665 419/581/662 96/111/131
f 402/564/666 401/563/667 419/581/662 418/580/661
f 400/562/668 402/564/666 418/580/661 417/579/669
f 397/559/670 400/562/668 417/579/669 416/578/671
f 408/570/631 397/559/672 416/578/671 414/576/673
f 395/558/651 393/555/674 408/570/675 414/576/673
f 394/556/676 393/555/677 395/558/678 396/557/679
f 385/541/680 406/568/628 408/570/631 393/555/681
f 406/568/628 385/541/592 382/538/634
f 381/537/635 398/560/682 407/569/683
s 1
f 421/583/684 422/584/685 423/585/686 424/586/687
f 425/587/688 422/584/685 421/583/684 426/588/689
f 423/585/686 391/553/690 390/552/690 424/586/687
s 0
f 427/589/691 428/590/692 429/591/693 430/592/694
f 431/593/695 432/594/696 428/590/692 427/589/697
f 433/595/698 434/596/699 432/594/700 431/593/695
f 428/590/701 114/129/168 113/128/167 429/591/693
f 432/594/696 115/130/169 114/129/168 428/590/692
f 427/589/702 423/597/703 422/598/704 431/593/695
f 115/130/169 432/594/700 434/596/699 116/133/174
f 422/598/704 425/599/705 435/600/706
f 430/592/694 429/591/693 436/601/707 437/602/708
f 429/591/693 113/128/167 120/138/181 436/601/709
s 1
f 372/603/710 380/604/711 438/605/712 410/606/710
f 391/607/713 439/608/713 438/605/712 380/604/711
s 0
f 430/592/714 439/609/715 423/597/703 427/589/716
s 1
f 419/610/717 440/611/718 124/148/190 96/147/190
f 440/611/718 419/610/717 401/612/719 441/613/720
s 0
f 410/614/721 438/615/722 442/616/723 443/617/721
f 438/615/724 439/618/725 442/616/726
s 1
f 401/612/719 404/619/727 441/613/720
f 404/619/727 410/620/728 443/621/728 441/613/720
s 0
f 436/622/729 120/161/202 124/160/202 440/623/730
f 437/624/731 436/622/729 440/623/730 441/625/732
f 437/624/731 441/625/732 443/626/733 442/627/733
f 430/592/714 437/602/734 442/628/735 439/609/715
f 423/597/736 439/609/715 391/629/737
s 1
f 444/630/738 445/631/739 446/632/740 447/633/741
f 445/631/739 448/634/742 449/635/743 446/632/740
f 426/588/689 444/630/738 447/633/741 425/587/688
f 434/636/744 433/637/745 451/638/746 450/639/747
f 451/638/746 452/640/748 453/641/749 450/639/747
f 454/642/750 453/641/749 452/640/748 455/643/751
f 116/184/227 434/636/744 450/639/747 140/185/228
f 435/644/752 425/645/753 447/646/754 456/647/755
f 450/639/747 453/641/749 142/190/233 140/185/228
f 457/648/756 456/647/755 447/646/754 446/649/757
f 453/641/749 454/642/750 144/193/236 142/190/233
f 446/649/757 449/650/758 458/651/759 457/648/756
f 310/457/760 309/456/761 392/554/762
f 445/631/763 309/456/761 448/634/764
f 445/631/763 444/630/765 426/588/765 421/583/766
f 309/456/761 445/631/763 424/586/767
f 309/456/761 390/552/768 392/554/762
f 390/552/768 309/456/761 424/586/767
f 424/586/767 445/631/763 421/583/766
f 459/652/769 460/653/770 461/654/771 462/655/772
f 463/656/773 460/653/770 459/652/769 464/657/774
f 462/655/772 461/654/771 449/635/743 448/634/742
f 465/658/775 466/659/776 467/660/777 464/657/774
f 463/656/773 464/657/774 467/660/777
f 468/661/778 469/662/779 470/663/780 471/664/781
f 465/658/775 472/665/782 466/659/776
f 301/448/484 300/447/783 473/666/784 474/667/785
f 304/450/786 303/449/485 475/668/787 476/669/788
f 308/455/789 304/450/786 476/669/788 477/670/789
f 303/449/485 301/448/484 474/667/785 475/668/787
f 317/464/790 316/463/791 478/671/792 479/672/793
f 321/468/794 317/464/790 479/672/793 480/673/795
f 300/447/783 327/474/796 480/673/795 473/666/784
f 321/468/794 480/673/795 327/474/796
f 459/652/797 308/455/798 464/657/799
f 464/657/799 481/674/800 465/658/801
f 469/662/779 464/657/799 308/455/798 470/663/780
f 464/657/799 469/662/779 481/674/800
f 462/655/802 448/634/764 309/456/761 308/455/798
f 462/655/802 308/455/798 459/652/797
f 472/665/782 465/658/775 481/674/803 482/675/804
f 325/472/805 483/676/806 318/465/807
f 318/465/807 483/676/806 484/677/808 319/466/809
f 316/463/791 319/466/809 484/677/808 478/671/792
f 485/678/810 483/676/806 325/472/805 486/679/811
f 322/469/812 323/470/556 368/522/569
f 325/472/805 324/471/813 486/679/811
f 322/469/812 368/522/569 486/679/811 324/471/813
f 346/493/814 487/680/815 347/494/816
f 488/681/817 489/682/818 490/683/819 491/684/820
f 492/685/821 493/686/821 489/682/818 488/681/817
f 346/493/814 494/687/822 495/688/823 487/680/815
f 490/683/819 495/688/823 494/687/822 491/684/820
f 496/689/824 497/690/825 498/691/826 467/692/827
f 467/692/827 498/691/826 499/693/828 463/694/829
f 500/695/830 501/696/831 497/690/825 496/689/824
f 502/697/832 472/665/833 482/675/834 503/698/835
f 468/661/836 471/664/837 504/699/838 505/700/839
f 475/701/840 506/702/841 476/703/842
f 507/704/843 477/705/844 476/703/842 506/702/841
f 508/706/845 509/707/846 505/708/839 504/709/838
f 502/710/832 503/711/835 510/712/847 511/713/848
f 512/714/849 513/715/850 514/716/851 515/717/852
f 516/718/853 517/719/854 513/715/850 512/714/849
f 514/716/851 518/720/855 519/721/856 515/717/852
f 515/717/852 221/281/324 222/280/323 512/714/849
f 513/715/850 498/691/826 497/690/825 514/716/851
f 223/282/325 516/718/853 512/714/849 222/280/323
f 498/691/826 513/715/850 517/719/854 499/693/828
f 515/717/852 519/721/856 224/283/326 221/281/324
f 497/690/825 501/696/831 518/720/855 514/716/851
f 521/722/857 454/642/750 455/643/751 520/723/858
f 523/724/859 521/722/857 520/723/858 522/725/860
f 517/719/854 516/718/853 523/724/859 522/725/860
f 229/288/331 144/193/236 454/642/750 521/722/857
f 449/650/758 461/726/861 524/727/862 458/651/759
f 231/291/334 229/288/331 521/722/857 523/724/859
f 461/726/861 460/728/863 525/729/864 524/727/862
f 223/282/325 231/291/334 523/724/859 516/718/853
f 460/728/863 463/694/829 499/693/828 525/729/864
f 499/693/828 517/719/854 522/725/860 525/729/864
f 522/725/860 520/723/858 524/727/862 525/729/864
f 520/723/858 455/643/751 458/651/759 524/727/862
f 457/648/756 458/651/759 455/643/751 452/640/748
f 456/647/755 457/648/756 452/640/748 451/638/746
f 451/638/746 433/637/745 435/644/752 456/647/755
s 0
f 431/593/695 422/598/865 435/600/866 433/595/698
s 1
f 501/696/831 511/713/848 526/730/867 518/720/855
f 518/720/855 526/730/867 527/731/868 519/721/856
f 519/721/856 527/731/868 235/296/339 224/283/326
f 471/664/781 470/663/780 308/455/798 477/670/869
f 469/662/779 468/661/778 482/675/804 481/674/803
f 482/675/834 468/661/836 505/700/839 503/698/835
f 471/664/837 477/670/844 507/732/843 504/699/838
f 503/711/835 505/708/839 509/707/846 510/712/847
f 510/712/870 236/298/343 527/731/871 526/730/872
f 237/299/346 236/298/343 510/712/870 509/707/873
f 526/730/872 511/713/874 510/712/870
f 236/298/343 235/296/349 527/731/871
f 240/302/351 239/301/351 528/733/875 529/734/876
f 508/706/877 530/735/877 528/733/878 509/707/873
f 529/734/876 528/733/875 530/735/879
f 528/733/878 239/301/356 237/299/346 509/707/873
f 529/734/876 508/706/845 504/709/838 507/736/843
f 529/734/876 530/735/879 508/706/845
f 496/737/824 466/659/880 472/665/833 500/738/830
f 466/659/880 496/737/824 467/660/827
f 500/695/830 502/710/832 511/713/848 501/696/831
f 502/697/832 500/738/830 472/665/833
f 531/739/881 532/740/882 474/741/883 473/742/884
f 478/743/885 533/744/886 534/745/887 479/746/888
f 479/746/888 534/745/887 535/747/889 480/748/890
f 535/747/889 531/739/881 473/742/884 480/748/890
f 484/749/891 536/750/891 533/744/886 478/743/885
f 475/701/840 474/741/883 532/740/882 506/702/841
f 529/734/876 506/751/841 240/302/351
f 507/736/843 506/751/841 529/734/876
s 0
f 410/572/892 405/567/640 369/523/641 372/526/893
s 1
f 537/752/894 538/753/895 536/754/896
f 539/755/897 540/756/898 541/757/899 542/758/900
f 539/755/897 543/759/901 540/756/898
f 543/759/901 544/760/902 545/761/903 540/756/898
f 545/761/903 544/760/902 546/762/904 547/763/905
f 546/762/904 548/764/906 547/763/905
f 548/764/906 549/765/907 547/763/905
f 549/765/907 550/766/908 551/767/909 547/763/905
f 551/767/909 550/766/908 552/768/910 553/769/911
f 552/768/910 554/770/912 553/769/911
f 555/771/913 556/772/914 557/773/915 558/774/913
f 487/775/916 553/776/917 554/777/918 559/778/918
f 489/779/919 553/776/917 490/780/920
f 495/781/921 553/776/917 487/775/916
f 489/782/922 560/783/923 561/784/924
f 490/780/920 553/776/917 495/781/921
f 562/785/925 563/786/926 557/787/927
f 485/788/928 564/789/929 483/790/930
f 545/791/483 551/792/483 553/793/931 540/794/483
f 551/792/483 545/791/483 547/795/483
f 565/796/932 566/797/933 346/798/934 345/799/935
f 345/799/935 335/800/936 567/801/937 565/796/932
f 488/802/938 568/803/939 569/804/940 492/805/940
f 491/806/941 570/807/942 568/803/939 488/802/938
f 571/808/943 570/807/942 491/806/941 494/809/944
f 566/797/933 571/808/943 494/809/944 346/798/934
f 567/801/937 335/800/936 338/810/945
f 560/811/946 493/686/946 492/685/946 569/812/946
f 489/782/922 493/813/947 560/783/923
f 537/752/894 563/786/926 562/785/925 538/753/895
f 541/757/899 562/814/948 557/773/915
f 542/758/900 541/757/899 557/773/915 556/772/914
s 0
f 398/560/619 397/559/949 407/569/950
s 1
f 539/815/951 542/816/952 572/817/953 573/818/954
f 543/819/955 539/815/951 573/818/954 574/820/956
f 544/821/957 543/819/955 574/820/956 575/822/958
f 575/822/958 576/823/959 546/824/959 544/821/957
f 546/824/959 576/823/959 577/825/960 548/826/961
f 577/825/960 578/827/962 549/828/962 548/826/961
f 578/827/962 579/829/963 550/830/963 549/828/962
f 552/831/964 550/830/963 579/829/963 580/832/965
f 554/833/966 552/831/964 580/832/965 559/834/966
f 555/835/967 581/836/968 582/837/969 556/838/970
f 572/839/971 368/840/972 364/841/973 573/842/974
f 573/842/974 364/841/973 357/843/975 574/844/976
f 574/844/976 357/843/975 356/845/977 575/846/978
f 575/846/978 356/845/977 354/847/979 576/848/980
f 353/849/981 577/850/982 576/848/980 354/847/979
f 351/851/983 350/852/984 579/853/985 578/854/986
f 347/855/987 487/856/988 559/857/989
f 581/858/990 485/859/991 486/860/992 582/861/993
f 350/852/984 344/862/994 580/863/995 579/853/985
f 353/849/981 351/851/983 578/854/986 577/850/982
f 347/855/987 559/857/989 580/863/995 344/862/994
f 556/838/970 582/837/969 572/817/953 542/816/952
f 582/861/993 486/860/992 368/840/972 572/839/971
f 485/859/991 581/858/990 583/864/996 564/865/997
f 581/836/968 555/835/967 558/866/998 583/867/999
f 564/865/997 583/864/996 563/868/1000
f 563/869/1001 583/867/999 558/866/998 557/870/1001
s 0
f 413/575/1002 89/104/1002 88/103/653 415/577/653
f 420/582/665 96/111/131 94/109/130
s 1
f 585/871/1003 586/872/1003 587/873/1003 584/874/1003
f 540/794/483 553/793/931 562/875/483 541/876/483
f 588/877/483 562/875/483 553/793/931
f 263/361/407 275/360/406 589/878/1004 271/879/1004
f 590/880/1005 275/881/1005 272/353/400 249/323/372
f 591/882/1006 538/753/895 562/785/1006 588/883/1006
s 0
f 589/884/1007 275/881/1007 590/880/1007 592/885/1007
f 588/883/1007 593/886/1007 594/887/1007 591/882/1007
f 591/888/1008 584/889/1009 587/890/1010 538/891/1010
f 595/892/1011 584/889/1012 591/888/1013 594/893/1011
f 596/894/1014 592/895/1014 590/896/1015 585/897/1016
f 590/896/1015 249/898/1017 586/899/1017 585/897/1016
s 1
f 538/753/1018 249/323/372 248/322/371 536/754/1019
f 538/900/1020 587/901/1020 586/902/1020 249/903/1020
f 271/904/399 283/384/425 192/383/396
f 593/905/1021 588/877/931 553/793/1021 561/906/1021
f 561/907/924 553/776/917 489/779/919
f 484/908/1022 483/790/930 537/752/894 536/754/896
f 564/789/929 563/786/926 537/752/894 483/790/930
f 14/14/1023 597/909/1024 34/34/1025
f 597/909/1024 160/210/253 163/213/405 598/910/405
f 167/217/260 599/911/1026 600/912/1027 164/214/1028
f 44/51/1029 600/912/1027 599/911/1026 13/13/1030
f 164/214/1028 600/912/1027 601/913/1031 168/218/1032
f 600/912/1027 44/51/1029 45/52/1033 601/913/1031
f 599/911/1026 167/217/260 160/210/253 597/909/1024
f 34/34/1025 597/909/1024 602/914/1034 603/915/1035
f 34/34/1025 603/915/1035 35/35/1036
f 602/914/1034 597/909/1024 598/910/405
f 604/916/1037 172/222/1038 171/221/1039 605/917/1040
f 605/917/1040 171/221/1039 182/232/1041 180/230/1042
f 606/918/1043 174/224/1044 172/222/1038 604/916/1037
f 606/918/1043 604/916/1037 186/236/1045 36/36/1046
f 604/916/1037 605/917/1040 187/237/1047 186/236/1045
f 605/917/1040 180/230/1042 179/229/1048 187/237/1047
f 607/919/1049 176/226/1050 174/224/1051 606/918/1052
f 606/918/1052 36/36/1053 608/920/1054 607/919/1049
f 176/226/1050 607/919/1049 598/910/1055 163/213/1056
f 608/920/1054 35/35/1057 603/915/1058 609/921/1059
f 35/35/1057 608/920/1054 36/36/1053
f 609/921/1059 603/915/1058 602/914/1060 610/922/1061
f 598/910/1055 610/922/1061 602/914/1060
f 610/922/1061 598/910/1055 607/919/1049
f 609/921/1059 607/919/1049 608/920/1054
f 607/919/1049 609/921/1059 610/922/1061
f 597/909/1024 14/14/1023 13/13/1030 599/911/1026
f 45/52/1062 69/84/1063 601/913/1064
f 131/173/1065 133/175/1066 601/913/1064
f 104/119/1067 128/170/1067 131/173/1065 99/114/1068
f 601/913/1064 100/115/1069 131/173/1065
f 601/913/1064 69/84/1063 67/82/1070
f 67/82/1070 100/115/1069 601/913/1064
f 100/115/1069 99/114/1068 131/173/1065
f 148/198/1071 151/201/1072 168/218/341
f 151/201/1072 154/204/1073 177/227/1074
f 158/208/251 157/207/250 151/201/1072 177/227/1074
f 151/201/1072 157/207/250 168/218/341
f 149/199/1075 168/218/341 601/913/1064 133/175/1066
f 149/199/1075 148/198/1071 168/218/341
f 612/923/405 613/924/405 614/925/405 611/926/405
f 616/927/483 617/928/483 618/929/483 615/930/483
f 612/931/1076 611/932/1076 617/933/1076 616/934/1076
f 611/935/1077 614/936/1077 618/937/1077 617/938/1077
f 613/939/1078 612/940/1078 616/941/1078 615/942/1078
f 619/943/1079 620/944/1080 621/945/1081
f 622/946/1082 623/947/1083 624/948/1084
f 625/949/1085 626/950/1086 627/951/1087
f 627/951/1087 626/950/1086 628/952/1088 629/953/1089
f 625/949/1085 627/951/1087 624/948/1084 623/947/1083
f 631/954/1090 632/955/1091 633/956/1091 630/957/1092
f 634/958/1093 631/954/1090 630/957/1092 635/959/1094
f 635/959/1094 629/953/1089 636/960/1095 634/958/1093
f 637/961/1096 638/962/1097 622/963/1098
f 623/964/1099 622/963/1098 638/962/1097 639/965/1100
f 640/966/1101 641/967/1102 626/968/1103 625/969/1104
f 642/970/1105 628/971/1106 626/968/1103 641/967/1102
f 639/965/1100 640/966/1101 625/969/1104 623/964/1099
f 622/963/1107 620/972/1107 637/961/1107
f 631/973/1108 643/974/1109 644/975/1110 632/976/1111
f 634/977/1112 643/974/1109 631/973/1108
f 645/978/1113 643/974/1109 634/977/1112
f 634/977/1112 636/979/1114 645/978/1113
f 636/960/1095 629/953/1089 628/952/1088
f 628/971/1106 642/970/1105 645/978/1113 636/979/1114
f 646/980/1115 647/981/1116 644/982/1116 643/983/1117
f 645/984/1118 648/985/1119 649/986/1120 643/983/1117
f 645/984/1118 642/987/1121 650/988/1122 648/985/1119
f 652/989/1123 653/990/1124 654/991/1125 651/992/1126
f 656/993/1127 657/994/1128 658/995/1129 655/996/1130
f 659/997/1131 638/998/1132 660/999/1133 661/1000/1134
f 659/997/1131 658/995/1129 657/994/1128 662/1001/1135
f 663/1002/1136 664/1003/1137 660/1004/1138 637/1005/1139
f 665/1006/1140 654/1007/1141 655/1008/1142 666/1009/1143
f 658/1010/1144 667/1011/1145 666/1009/1143 655/1008/1142
f 661/1012/1146 668/1013/1147 669/1014/1148 659/1015/1149
f 667/1011/1145 658/1010/1144 659/1015/1149 669/1014/1148
f 670/1016/1150 651/1017/1150 654/1007/1141 665/1006/1140
f 663/1002/1136 637/1005/1139 620/1018/1151 619/1019/1151
f 661/1012/1146 660/1020/1138 664/1021/1137 668/1013/1147
f 638/998/1132 637/1022/1152 660/999/1133
f 672/1023/1153 673/1024/1153 674/1025/1154 671/1026/1155
s 0
f 675/1027/1156 676/1028/1157 677/1029/1158 678/1030/1159
s 1
f 673/1031/1160 672/1032/1161 679/1033/1162 651/1034/1160
f 648/1035/1163 650/1036/1164 671/1037/1165 680/1038/1166
f 650/1036/1164 679/1033/1162 672/1032/1161 671/1037/1165
f 681/1039/1167 673/1040/1167 651/1041/1167 670/1042/1167
f 673/1043/1168 681/1044/1168 682/1045/1168 674/1046/1168
f 684/1047/1169 674/1048/1170 682/1049/1171 683/1050/1172
f 685/1051/1173 686/1052/1174 687/1053/1175 688/1054/1175
f 689/1055/1176 690/1056/1177 641/1057/1178
f 640/1058/1179 639/1059/1180 692/1060/1181 691/1061/1182
f 693/1062/1183 692/1060/1181 639/1059/1180 638/998/1132
f 638/998/1132 694/1063/1184 693/1062/1183
f 689/1055/1176 641/1057/1178 640/1058/1179 691/1061/1182
f 695/1064/1185 642/987/1121 641/1057/1178 690/1056/1177
f 696/1065/1186 697/1066/1187 698/1067/1188
f 653/990/1124 656/993/1127 655/996/1130 654/991/1125
f 651/992/1126 679/1068/1189 695/1064/1185 652/989/1123
f 699/1069/1190 700/1070/1191 701/1071/1191 702/1072/1192
f 659/997/1131 662/1001/1135 694/1063/1184 638/998/1132
f 679/1068/1189 650/988/1122 642/987/1121 695/1064/1185
f 697/1066/1187 699/1069/1190 702/1072/1192 698/1067/1188
f 690/1073/1193 697/1074/1194 696/1075/1195 695/1076/1196
f 690/1073/1193 689/1077/1197 697/1074/1194
f 697/1074/1194 689/1077/1197 691/1078/1198 699/1079/1199
f 700/1080/1200 699/1079/1199 692/1081/1201 693/1082/1202
f 693/1082/1202 694/1083/1203 700/1080/1200
f 662/1084/1204 701/1085/1205 700/1080/1200 694/1083/1203
f 662/1084/1204 657/1086/1206 701/1085/1205
f 702/1087/1207 701/1085/1205 657/1086/1206 656/1088/1208
f 698/1089/1209 702/1087/1207 656/1088/1208 653/1090/1210
f 653/1090/1210 652/1091/1211 698/1089/1209
f 696/1075/1195 698/1089/1209 652/1091/1211 695/1076/1196
f 699/1079/1199 691/1078/1198 692/1081/1201
s 0
f 664/1092/1212 663/1093/1213 703/1094/1214 704/1095/1215
f 621/1096/1216 703/1094/1214 663/1093/1213 619/1097/1216
f 705/1098/1217 669/1099/1218 668/1100/1219
f 704/1095/1220 705/1098/1221 668/1100/1222 664/1092/1223
f 681/1101/1224 670/1102/1224 706/1103/1224 682/1104/1224
s 1
f 706/1105/1225 683/1050/1226 682/1049/1227
s 0
f 688/1106/1228 707/1107/1228 708/1108/1228 685/1109/1228
f 710/1110/1229 711/1111/1230 712/1112/1231 709/1113/1232
s 1
f 713/1114/1233 714/1115/1234 715/1116/1235
s 0
f 713/1117/1236 717/1118/1237 718/1119/1238 716/1120/1239
f 720/1121/1240 717/1118/1241 712/1112/1242 719/1122/1243
f 711/1111/1244 719/1122/1245 712/1112/1242
f 720/1121/1246 721/1123/1247 718/1119/1248 717/1118/1241
f 723/1124/1249 720/1125/1249 719/1126/1249 722/1127/1249
f 723/1128/1250 724/1129/1250 721/1130/1250 720/1131/1250
f 722/1132/1251 719/1133/1251 711/1134/1251 725/1135/1251
f 726/1136/1252 725/1137/1253 711/1138/1253 710/1139/1254
f 727/1140/1255 728/1141/1256 718/1142/1257 721/1143/1255
f 729/1144/1258 716/1145/1258 718/1142/1259 728/1141/1256
f 730/1146/1260 710/1147/1260 709/1148/1260 731/1149/1260
s 1
f 732/1150/1261 733/1151/1261 714/1115/1262 713/1114/1263
s 0
f 732/1152/1264 713/1153/1264 716/1154/1265 734/1155/1266
f 726/1136/1267 710/1139/1268 730/1156/1269 735/1157/1269
f 730/1158/1270 731/1159/1270 736/1160/1271 735/1161/1272
f 737/1162/1273 733/1163/1274 732/1164/1275 734/1165/1275
s 1
f 684/1047/1169 738/1166/1276 674/1048/1170
s 0
f 712/1112/1231 739/1167/1277 709/1113/1278
f 715/1168/1279 717/1118/1237 713/1117/1236
f 739/1167/1280 712/1112/1231 717/1118/1237 715/1168/1279
s 1
f 714/1169/1281 740/1170/1281 739/1171/1281 715/1172/1281
s 0
f 736/1173/1282 740/1174/1282 714/1175/1282 733/1176/1282
s 1
f 739/1177/1283 740/1178/1284 709/1179/1285
f 731/1180/1286 709/1179/1285 740/1178/1284 736/1181/1286
f 738/1182/1287 680/1183/1288 671/1026/1155 674/1025/1154
f 741/1184/1289 742/1185/1290 687/1186/1291
f 688/1187/1292 687/1186/1291 742/1185/1290 743/1188/1293
f 742/1189/1294 741/1190/1294 738/1191/1294 684/1192/1294
f 743/1193/1295 742/1194/1295 684/1195/1295 683/1196/1295
f 743/1188/1293 707/1197/1296 688/1187/1292
f 678/1198/1297 677/1199/1298 687/1200/1299 686/1201/1300
f 687/1200/1299 677/1199/1298 741/1202/1301
f 680/1183/1288 738/1182/1287 745/1203/1302 744/1204/1303
s 0
f 746/1205/1304 649/1206/1304 744/1207/1304 745/1208/1304
s 1
f 745/1203/1302 738/1182/1287 741/1202/1301 677/1199/1298
f 744/1209/1305 649/1210/1305 648/1035/1163 680/1038/1166
s 0
f 745/1211/1306 677/1029/1158 676/1028/1157 746/1212/1306
f 747/1213/1307 748/1214/1308 749/1215/1309 750/1216/1307
f 748/1214/1310 751/1217/1311 752/1218/1311 749/1215/1312
f 676/1219/1313 675/1220/1314 751/1221/1315 748/1222/1316
f 748/1222/1316 747/1223/1317 746/1224/1317 676/1219/1318
f 746/1225/1319 747/1226/1319 750/1227/1319 649/1228/1319
f 649/1229/1320 750/1230/1320 749/1231/1321 646/1232/1322
f 752/1233/1323 647/1234/1324 646/1232/1322 749/1231/1325
f 753/1235/1326 754/1236/1327 736/1160/1271 733/1163/1328
f 737/1162/1329 753/1235/1326 733/1163/1274
f 754/1236/1330 735/1161/1331 736/1160/1271
f 756/1237/1332 725/1238/1333 726/1239/1334 755/1240/1335
f 735/1241/1336 754/1242/1336 755/1240/1335 726/1239/1334
f 722/1243/1337 725/1238/1338 756/1237/1339
s 1
f 643/983/1117 649/986/1120 646/980/1115
f 758/1244/1340 759/1245/1340 760/1246/1340 757/1247/1340
f 759/1248/1341 761/1249/1341 762/1250/1341 760/1251/1341
f 760/1252/1342 762/1253/1342 763/1254/1342 757/1255/1342
f 764/1256/1343 758/1257/1343 757/1258/1343 763/1259/1343
f 764/1260/1344 761/1261/1344 759/1262/1344 758/1263/1344
f 766/1264/405 767/1265/405 768/1266/405 765/1267/405
f 770/1268/1345 766/1264/1345 765/1267/1345 769/1269/1345
f 765/1267/1346 768/1266/1346 771/1270/1346 769/1271/1346
f 772/1272/1347 771/1273/1347 768/1266/1347 767/1265/1347
s 0
f 774/1274/1348 775/1275/1349 776/1276/1350 773/1277/1350
f 777/1278/1351 778/1279/1352 775/1275/1353 774/1274/1354
f 779/1280/1355 780/1281/1356 778/1279/1357 777/1278/1351
f 777/1282/1358 774/1283/1359 782/1284/1360 781/1285/1361
f 783/1286/1362 782/1284/1363 774/1283/1359 773/1287/1364
f 784/1288/1365 780/1289/1365 785/1290/1366 786/1291/1367
f 787/1292/1368 786/1291/1369 785/1290/1370 779/1293/1371
f 781/1285/1372 787/1292/1373 779/1293/1374 777/1282/1358
f 779/1280/1355 785/1294/1375 780/1281/1356
f 775/1295/1376 788/1296/1377 789/1297/1378 776/1298/1378
f 778/1299/1379 790/1300/1380 788/1296/1377 775/1295/1376
f 790/1300/1380 778/1299/1381 780/1301/1382 784/1302/1382
s 1
f 622/946/1082 624/948/1084 621/945/1081 620/944/1080
s 0
f 621/1303/1383 624/1304/1384 703/1305/1385
f 704/1306/1386 703/1305/1387 624/1304/1384 791/1307/1388
f 791/1307/1388 670/1308/1389 665/1309/1390 704/1306/1386
f 705/1098/1221 666/1310/1391 667/1311/1392
f 705/1098/1221 667/1311/1392 669/1099/1393
f 666/1312/1394 705/1313/1394 704/1306/1386 665/1309/1390
s 1
f 792/1314/1395 793/1315/1396 794/1316/1397
f 795/1317/1398 796/1318/1399 797/1319/1400
f 798/1320/1401 799/1321/1402 800/1322/1403
f 799/1321/1402 801/1323/1404 802/1324/1405 800/1322/1403
f 796/1318/1399 799/1321/1402 798/1320/1401 797/1319/1400
f 804/1325/1406 805/1326/1407 806/1327/1408 803/1328/1408
f 805/1326/1407 804/1325/1406 807/1329/1409 808/1330/1410
f 809/1331/1411 801/1323/1404 808/1330/1410 807/1329/1409
f 810/1332/1412 795/1333/1413 811/1334/1414
f 797/1335/1415 812/1336/1416 811/1334/1414 795/1333/1413
f 813/1337/1417 798/1338/1418 800/1339/1419 814/1340/1420
f 800/1339/1419 802/1341/1421 815/1342/1422 814/1340/1420
f 812/1336/1416 797/1335/1415 798/1338/1418 813/1337/1417
f 795/1333/1423 810/1332/1423 794/1343/1423
f 804/1344/1424 803/1345/1425 816/1346/1426 817/1347/1427
f 807/1348/1428 804/1344/1424 817/1347/1427
f 818/1349/1429 807/1348/1428 817/1347/1427
f 807/1348/1428 818/1349/1429 809/1350/1430
f 809/1331/1411 802/1324/1405 801/1323/1404
f 802/1341/1421 809/1350/1430 818/1349/1429 815/1342/1422
f 819/1351/1431 817/1352/1432 816/1353/1433 820/1354/1433
f 821/1355/1434 822/1356/1435 818/1357/1436 817/1352/1432
f 823/1358/1437 815/1359/1438 818/1357/1436 822/1356/1435
f 824/1360/1439 825/1361/1440 826/1362/1441 827/1363/1442
f 828/1364/1443 829/1365/1444 830/1366/1445 831/1367/1446
f 832/1368/1447 833/1369/1448 834/1370/1449 811/1371/1450
f 829/1365/1444 828/1364/1443 832/1368/1447 835/1372/1451
f 834/1373/1452 836/1374/1453 837/1375/1454 810/1376/1455
f 838/1377/1456 839/1378/1457 831/1379/1458 824/1380/1459
f 839/1378/1457 840/1381/1460 828/1382/1461 831/1379/1458
f 841/1383/1462 842/1384/1463 833/1385/1464 832/1386/1465
f 832/1386/1465 828/1382/1461 840/1381/1460 841/1383/1462
f 824/1380/1459 827/1387/1466 843/1388/1466 838/1377/1456
f 837/1375/1454 792/1389/1467 794/1390/1467 810/1376/1455
f 833/1385/1464 842/1384/1463 836/1374/1453 834/1373/1452
f 811/1371/1450 834/1370/1449 810/1391/1468
s 0
f 844/1392/1469 845/1393/1470 846/1394/1471 847/1395/1472
s 1
f 848/1396/1473 849/1397/1474 850/1398/1475 827/1399/1475
f 822/1400/1476 851/1401/1477 852/1402/1478 823/1403/1479
f 823/1403/1479 852/1402/1478 849/1397/1474 848/1396/1473
f 827/1404/1480 850/1405/1480 853/1406/1480 843/1407/1480
f 854/1408/1481 853/1409/1481 850/1410/1481 855/1411/1481
f 856/1412/1482 857/1413/1483 854/1414/1484 855/1415/1485
f 858/1416/1486 859/1417/1487 860/1418/1487 861/1419/1488
f 862/1420/1489 814/1421/1490 863/1422/1491
f 864/1423/1492 812/1424/1493 813/1425/1494 865/1426/1495
f 812/1424/1493 864/1423/1492 866/1427/1496 811/1371/1450
f 811/1371/1450 866/1427/1496 867/1428/1497
f 813/1425/1494 814/1421/1490 862/1420/1489 865/1426/1495
f 868/1429/1498 863/1422/1491 814/1421/1490 815/1359/1438
f 869/1430/1499 870/1431/1500 871/1432/1501
f 825/1361/1440 824/1360/1439 831/1367/1446 830/1366/1445
f 827/1363/1442 826/1362/1441 868/1429/1498 848/1433/1502
f 872/1434/1503 873/1435/1504 874/1436/1505 875/1437/1505
f 832/1368/1447 811/1371/1450 867/1428/1497 835/1372/1451
f 815/1359/1438 823/1358/1437 848/1433/1502 868/1429/1498
f 871/1432/1501 870/1431/1500 873/1435/1504 872/1434/1503
f 869/1438/1506 871/1439/1507 863/1440/1508 868/1441/1509
f 863/1440/1508 871/1439/1507 862/1442/1510
f 871/1439/1507 872/1443/1511 865/1444/1512 862/1442/1510
f 864/1445/1513 872/1443/1511 875/1446/1514 866/1447/1515
f 866/1447/1515 875/1446/1514 867/1448/1516
f 875/1446/1514 874/1449/1517 835/1450/1518 867/1448/1516
f 835/1450/1518 874/1449/1517 829/1451/1519
f 873/1452/1520 830/1453/1521 829/1451/1519 874/1449/1517
f 830/1453/1521 873/1452/1520 870/1454/1522 825/1455/1523
f 825/1455/1523 870/1454/1522 826/1456/1524
f 826/1456/1524 870/1454/1522 869/1438/1506 868/1441/1509
f 872/1443/1511 864/1445/1513 865/1444/1512
s 0
f 876/1457/1525 837/1458/1526 836/1459/1527 877/1460/1528
f 793/1461/1529 792/1462/1529 837/1458/1526 876/1457/1530
f 878/1463/1531 842/1464/1532 841/1465/1533
f 877/1460/1534 836/1459/1535 842/1464/1536 878/1463/1537
f 879/1466/1538 843/1467/1538 853/1468/1538 854/1469/1538
s 1
f 879/1470/1539 854/1414/1540 857/1413/1541
s 0
f 880/1471/1542 881/1472/1542 859/1473/1542 858/1474/1542
f 883/1475/1543 884/1476/1544 885/1477/1545 882/1478/1546
s 1
f 886/1479/1547 887/1480/1548 888/1481/1549
s 0
f 886/1482/1550 890/1483/1551 891/1484/1552 889/1485/1553
f 892/1486/1554 893/1487/1555 883/1475/1556 889/1485/1557
f 884/1476/1558 883/1475/1556 893/1487/1559
f 891/1484/1560 894/1488/1561 892/1486/1562 889/1485/1563
f 895/1489/1564 896/1490/1564 893/1491/1564 892/1492/1564
f 895/1493/1565 892/1494/1565 894/1495/1565 897/1496/1565
f 896/1497/1566 898/1498/1566 884/1499/1566 893/1500/1566
f 884/1501/1567 898/1502/1567 899/1503/1568 885/1504/1569
f 891/1505/1570 900/1506/1571 901/1507/1572 894/1508/1572
f 891/1505/1573 890/1509/1574 902/1510/1574 900/1506/1571
f 903/1511/1575 904/1512/1575 882/1513/1575 885/1514/1575
s 1
f 888/1481/1549 905/1515/1576 906/1516/1576 886/1479/1547
s 0
f 906/1517/1577 907/1518/1578 890/1519/1579 886/1520/1577
f 903/1521/1580 885/1504/1569 899/1503/1581 908/1522/1580
f 903/1523/1582 908/1524/1583 909/1525/1584 904/1526/1582
f 910/1527/1585 907/1528/1586 906/1529/1586 905/1530/1587
s 1
f 856/1412/1482 855/1415/1485 911/1531/1588
s 0
f 883/1475/1543 882/1478/1589 912/1532/1590
f 887/1533/1591 886/1482/1550 889/1485/1553
f 912/1532/1592 887/1533/1591 889/1485/1553 883/1475/1543
s 1
f 912/1534/1593 913/1535/1593 888/1536/1593 887/1537/1593
s 0
f 909/1538/1594 905/1539/1594 888/1540/1594 913/1541/1594
s 1
f 912/1542/1595 882/1543/1596 913/1544/1597
f 904/1545/1598 909/1546/1598 913/1544/1599 882/1543/1600
f 911/1547/1601 855/1548/1602 852/1549/1603 851/1550/1604
f 914/1551/1605 860/1552/1606 915/1553/1607
f 915/1553/1607 860/1552/1606 859/1554/1608 916/1555/1609
f 911/1556/1610 914/1557/1610 915/1558/1610 856/1559/1610
f 916/1560/1611 857/1561/1611 856/1562/1611 915/1563/1611
f 916/1555/1609 859/1554/1608 881/1564/1612
f 860/1565/1613 846/1566/1614 845/1567/1615 861/1568/1616
f 860/1565/1613 914/1569/1617 846/1566/1614
f 851/1550/1604 917/1570/1618 918/1571/1619 911/1547/1601
s 0
f 919/1572/1620 918/1573/1620 917/1574/1620 821/1575/1620
s 1
f 918/1571/1619 846/1566/1614 914/1569/1617 911/1547/1601
f 851/1401/1477 822/1400/1476 821/1576/1621 917/1577/1621
s 0
f 847/1395/1472 846/1394/1471 918/1578/1622 919/1579/1622
f 921/1580/1623 922/1581/1624 923/1582/1625 920/1583/1625
f 922/1581/1626 921/1580/1627 924/1584/1628 925/1585/1628
f 847/1586/1629 922/1587/1630 925/1588/1631 844/1589/1632
f 919/1590/1633 923/1591/1633 922/1587/1634 847/1586/1635
f 920/1592/1636 923/1593/1636 919/1594/1636 821/1595/1636
f 921/1596/1637 920/1597/1638 821/1598/1638 819/1599/1639
f 819/1599/1639 820/1600/1640 924/1601/1641 921/1596/1642
f 927/1602/1643 905/1530/1644 909/1525/1584 926/1603/1645
f 910/1527/1646 905/1530/1587 927/1602/1643
f 926/1603/1647 909/1525/1584 908/1524/1648
f 928/1604/1649 929/1605/1650 899/1606/1651 898/1607/1652
f 908/1608/1653 899/1606/1651 929/1605/1650 926/1609/1653
f 896/1610/1654 928/1604/1655 898/1607/1656
s 1
f 817/1352/1432 819/1351/1431 821/1355/1657
f 931/1611/1658 932/1612/1658 933/1613/1658 930/1614/1658
f 932/1615/1659 931/1616/1659 935/1617/1659 934/1618/1659
f 936/1619/1660 935/1620/1660 931/1621/1660 930/1622/1660
f 936/1623/1661 930/1624/1661 933/1625/1661 937/1626/1661
f 932/1627/1662 934/1628/1662 937/1629/1662 933/1630/1662
f 939/1631/483 940/1632/483 941/1633/483 938/1634/483
f 942/1635/1663 943/1636/1663 939/1631/1663 938/1634/1663
f 940/1632/1664 939/1631/1664 943/1637/1664 944/1638/1664
f 940/1632/1665 944/1639/1665 945/1640/1665 941/1633/1665
s 0
f 947/1641/1666 948/1642/1666 949/1643/1667 946/1644/1668
f 950/1645/1669 946/1644/1670 949/1643/1671 951/1646/1672
f 953/1647/1673 950/1645/1669 951/1646/1674 952/1648/1675
f 950/1649/1676 954/1650/1677 955/1651/1678 946/1652/1679
f 946/1652/1679 955/1651/1680 956/1653/1681 947/1654/1682
f 957/1655/1683 958/1656/1684 959/1657/1685 952/1658/1683
f 959/1657/1686 958/1656/1687 960/1659/1688 953/1660/1689
f 954/1650/1690 950/1649/1676 953/1660/1691 960/1659/1692
f 953/1647/1673 952/1648/1675 959/1661/1693
f 949/1662/1694 948/1663/1695 961/1664/1695 962/1665/1696
f 962/1665/1696 963/1666/1697 951/1667/1698 949/1662/1694
f 963/1666/1697 957/1668/1699 952/1669/1699 951/1667/1700
s 1
f 793/1315/1396 796/1318/1399 795/1317/1398 794/1316/1397
s 0
f 793/1670/1701 876/1671/1702 796/1672/1703
f 796/1672/1703 876/1671/1704 877/1673/1705 964/1674/1706
f 838/1675/1707 843/1676/1708 964/1674/1706 877/1673/1705
f 878/1463/1537 840/1677/1709 839/1678/1710
f 878/1463/1537 841/1465/1533 840/1677/1709
f 839/1679/1711 838/1675/1707 877/1673/1705 878/1680/1711
f 947/1654/1712 956/1653/1681 966/1681/1713 965/1682/1713
f 965/1683/1714 967/1684/1714 948/1642/1666 947/1641/1715
s 1
f 806/1327/1408 633/956/1091 632/955/1091 803/1328/1408
f 644/975/1110 816/1346/1426 803/1345/1425 632/976/1111
f 820/1354/1433 816/1353/1433 644/982/1116 647/981/1116
s 0
f 647/1234/1324 752/1233/1323 924/1601/1641 820/1600/1640
f 924/1584/1716 752/1218/1717 751/1217/1311 925/1585/1628
f 751/1221/1315 675/1220/1314 844/1589/1632 925/1588/1631
f 844/1392/1469 675/1027/1156 678/1030/1718 845/1393/1719
s 1
f 678/1198/1297 686/1201/1300 861/1568/1616 845/1567/1615
f 686/1052/1174 685/1051/1173 858/1416/1486 861/1419/1488
s 0
f 708/1108/1720 880/1471/1720 858/1474/1720 685/1109/1720
s 1
f 734/1165/1721 907/1528/1721 910/1527/1721 737/1162/1721
s 0
f 734/1155/1722 716/1154/1265 890/1519/1579 907/1518/1723
f 729/1685/1724 728/1686/1725 900/1687/1725 902/1688/1724
f 728/1686/1726 727/1689/1727 901/1690/1727 900/1687/1726
s 1
f 902/1691/1728 890/1692/1728 716/1693/1728 729/1694/1728
s 0
f 901/1690/1727 727/1689/1727 721/1695/1729 894/1696/1729
s 1
f 897/1697/1730 894/1698/1730 721/1699/1730 724/1700/1730
f 855/1548/1602 850/1701/1731 849/1702/1731 852/1549/1603
f 969/1703/1732 970/1704/1732 971/1705/483 968/1706/483
f 973/1707/1733 974/1708/1734 975/1709/1734 972/1710/1733
f 976/1711/1735 977/1712/1736 973/1707/1733 972/1710/1733
f 975/1709/1734 974/1708/1734 970/1704/1732 969/1703/1732
f 977/1712/1736 976/1711/1735 978/1713/1737
f 976/1711/1738 979/1714/1739 980/1715/1739 978/1713/1739
f 982/1716/483 983/1717/1740 984/1718/1740 981/1719/483
f 985/1720/1741 986/1721/1742 987/1722/1743 988/1723/1744
f 989/1724/1745 990/1725/1746 988/1723/1744 987/1722/1743
f 986/1721/1742 985/1720/1741 984/1718/1740 983/1717/1740
f 989/1724/1745 991/1726/1747 990/1725/1746
f 990/1725/1746 991/1726/1747 993/1727/1748 992/1728/1748
f 981/1719/483 968/1706/483 971/1705/483 982/1716/483
f 979/1729/1749 976/1730/1749 990/1731/1749 992/1732/1749
f 982/1733/1076 971/1734/1076 978/1735/1076 991/1736/1076
s 0
f 980/1737/1750 993/1738/1750 991/1739/1750 978/1740/1750
s 1
f 995/1741/1076 996/1742/1076 997/1743/1076 994/1744/1076
f 998/1745/1751 999/1746/1751 996/1747/1751 995/1748/1751
f 997/1749/1752 1000/1750/1752 1001/1751/1752 994/1752/1752
f 1003/1753/1753 1004/1754/1754 1005/1755/1755 1002/1756/1756
f 1006/1757/1757 1007/1758/1758 1008/1759/1759
f 1010/1760/1760 1003/1753/1753 1002/1756/1756 1009/1761/1761
f 1009/1761/1761 1007/1758/1758 1011/1762/1762 1010/1760/1760
f 1007/1758/1758 1006/1757/1757 1011/1762/1762
f 1006/1757/1757 1008/1759/1759 1012/1763/1763
f 1008/1759/1759 1013/1764/1764 1014/1765/1765 1012/1763/1763
f 1014/1765/1766 1013/1764/1767 1015/1766/1768
f 1007/1767/1769 1009/1768/1770 1017/1769/1771 1016/1770/1772
f 1005/1771/1773 1018/1772/1774 1019/1773/1775 1002/1774/1776
f 1019/1773/1775 1017/1769/1771 1009/1768/1770 1002/1774/1776
f 1016/1770/1772 1020/1775/1777 1008/1776/1778 1007/1767/1769
f 1013/1777/1779 1020/1775/1777 1021/1778/1780 1015/1779/1781
f 1022/1780/1782 1023/1781/1783 1015/1779/1781 1021/1778/1780
f 1020/1775/1777 1013/1777/1779 1008/1776/1778
f 1024/1782/1784 1025/1783/1785 1026/1784/1786
f 1027/1785/1787 1028/1786/1788 1016/1787/1789 1017/1788/1790
f 1030/1789/1791 1019/1790/1791 1018/1791/1792 1029/1792/1793
f 1030/1789/1791 1027/1785/1787 1017/1788/1790 1019/1790/1791
f 1020/1793/1794 1016/1787/1789 1028/1786/1788 1031/1794/1795
f 1032/1795/1796 1021/1796/1796 1020/1793/1794 1031/1794/1795
f 1027/1797/1797 1033/1798/1798 1034/1799/1799 1028/1800/1800
f 1029/1801/1801 1035/1802/1802 1036/1803/1803 1030/1804/1804
f 1030/1804/1804 1036/1803/1803 1033/1798/1798 1027/1797/1797
f 1037/1805/1805 1031/1806/1806 1028/1800/1800 1034/1799/1799
f 1038/1807/1807 1032/1808/1807 1031/1806/1806 1037/1805/1805
f 1004/1809/1808 1003/1810/1809 1036/1811/1809 1035/1812/1810
f 1010/1813/1811 1033/1814/1812 1036/1811/1809 1003/1810/1809
f 1011/1815/1813 1034/1816/1814 1033/1814/1812 1010/1813/1811
f 1034/1816/1814 1011/1815/1813 1006/1817/1815 1037/1818/1816
f 1012/1819/1817 1037/1818/1816 1006/1817/1815
f 1038/1820/1818 1037/1818/1816 1012/1819/1817 1014/1821/1819
f 1025/1783/1785 1024/1782/1784 1023/1781/1783 1022/1780/1782
f 1032/1822/1820 1022/1823/202 1021/1824/1821
f 1039/1825/1822 1040/1826/1823 1041/1827/1824 1042/1828/1825
f 1043/1829/1826 1044/1830/1827 1045/1831/1828
f 1042/1828/1825 1041/1827/1824 1047/1832/1829 1046/1833/1830
f 1046/1833/1830 1047/1832/1829 1048/1834/1831 1045/1831/1828
f 1045/1831/1828 1048/1834/1831 1043/1829/1826
f 1043/1829/1826 1049/1835/1832 1044/1830/1827
f 1044/1830/1827 1049/1835/1832 1051/1836/1833 1050/1837/1834
f 1051/1836/1833 1052/1838/1835 1050/1837/1834
f 1054/1839/1836 1046/1840/1837 1045/1841/1838 1053/1842/1839
f 1039/1843/1840 1042/1844/1841 1056/1845/1842 1055/1846/1843
f 1046/1840/1837 1054/1839/1836 1056/1845/1842 1042/1844/1841
f 1053/1842/1839 1045/1841/1838 1044/1847/1844 1057/1848/1845
f 1050/1849/1846 1052/1850/1847 1058/1851/1848 1057/1848/1845
f 1059/1852/1849 1060/1853/1850 1058/1851/1848 1052/1850/1847
f 1057/1848/1845 1044/1847/1844 1050/1849/1846
f 1061/1854/1851 1062/1855/1852 1063/1856/1853
f 1064/1857/1854 1054/1858/1855 1053/1859/1856 1065/1860/1857
f 1066/1861/1858 1067/1862/1859 1055/1863/1860 1056/1864/1858
f 1054/1858/1855 1064/1857/1854 1066/1861/1858 1056/1864/1858
f 1057/1865/1861 1068/1866/1862 1065/1860/1857 1053/1859/1856
f 1069/1867/1863 1068/1866/1862 1057/1865/1861 1058/1868/1863
f 1064/1869/1864 1065/1870/1865 1071/1871/1866 1070/1872/1867
f 1072/1873/1868 1073/1874/1869 1067/1875/1870 1066/1876/1871
f 1070/1872/1867 1072/1873/1868 1066/1876/1871 1064/1869/1864
f 1065/1870/1865 1068/1877/1872 1074/1878/1873 1071/1871/1866
f 1075/1879/1874 1074/1878/1873 1068/1877/1872 1069/1880/1874
f 1072/1881/1875 1041/1882/1875 1040/1883/1876 1073/1884/1877
f 1072/1881/1875 1070/1885/1878 1047/1886/1879 1041/1882/1875
f 1048/1887/1880 1047/1886/1879 1070/1885/1878 1071/1888/1881
f 1071/1888/1881 1074/1889/1882 1043/1890/1883 1048/1887/1880
f 1049/1891/1884 1043/1890/1883 1074/1889/1882
f 1075/1892/1885 1051/1893/1885 1049/1891/1884 1074/1889/1882
f 1059/1852/1849 1061/1854/1851 1063/1856/1853 1060/1853/1850
f 1069/1894/1886 1058/1895/1887 1060/1896/202
f 1060/1896/202 1022/1823/202 1032/1822/1820 1069/1894/1886
f 1025/1897/1888 1022/1823/202 1060/1896/202 1063/1898/1888
f 1025/1897/1888 1063/1898/1888 1062/1899/1889 1026/1900/1889
f 1032/1822/1820 1038/1901/1890 1075/1902/1890 1069/1894/1886
f 1075/1892/1891 1038/1820/1818 1014/1821/1819 1051/1893/1891
f 1040/1826/1823 1039/1825/1822 1005/1755/1755 1004/1754/1754
f 1055/1903/1843 1018/1904/1774 1005/1905/1773 1039/1906/1840
f 1018/1791/1792 1055/1863/1860 1067/1862/1859 1029/1792/1793
f 1035/1802/1802 1029/1801/1801 1067/1875/1870 1073/1874/1869
f 1073/1884/1877 1040/1883/1876 1004/1809/1808 1035/1812/1810
f 1077/1907/1892 1078/1908/1893 1079/1909/1894 1076/1910/1895
f 1076/1910/1895 1080/1911/1896 1081/1912/1896 1077/1907/1892
f 1078/1908/1893 1082/1913/1897 1083/1914/1897 1079/1909/1894
f 1082/1915/1898 1084/1916/1899 1085/1917/1900 1083/1918/1901
f 1078/1919/1902 1086/1920/1903 1084/1916/1899 1082/1915/1898
f 1087/1921/1904 1088/1922/1905 1089/1923/1906 1086/1924/1907
f 1090/1925/1908 1091/1926/1909 1092/1927/1910 1080/1928/1911
f 1092/1927/1910 1093/1929/1912 1081/1930/1913 1080/1928/1911
f 1093/1929/1912 1092/1927/1910 1091/1926/1909 1094/1931/1914
f 1095/1932/1915 1085/1917/1900 1096/1933/1916
f 1095/1932/1915 1090/1925/1908 1076/1934/1917 1079/1935/1918
f 1084/1916/1899 1097/1936/1919 1096/1933/1916 1085/1917/1900
f 1086/1920/1903 1089/1937/1920 1097/1936/1919 1084/1916/1899
f 1095/1932/1915 1079/1935/1918 1083/1918/1901 1085/1917/1900
f 1089/1937/1920 1088/1938/1921 1094/1931/1914 1097/1936/1919
f 1096/1933/1916 1097/1936/1919 1094/1931/1914 1091/1926/1909
f 1096/1933/1916 1091/1926/1909 1090/1925/1908 1095/1932/1915
f 1081/1930/1913 1093/1929/1912 1087/1939/1922 1077/1940/1922
f 1088/1922/1905 1087/1921/1904 1099/1941/1923 1098/1942/1923
f 1098/1943/1924 1100/1944/1924 1094/1931/1914 1088/1938/1921
f 1093/1945/1925 1094/1946/1925 1100/1947/1925 1101/1948/1925
f 1093/1949/1926 1101/1950/1926 1099/1951/1926 1087/1952/1926
f 1090/1925/1908 1080/1928/1911 1076/1934/1917
f 1086/1924/1907 1078/1953/1927 1077/1954/1927 1087/1921/1904
f 1102/1955/1928 1103/1956/1929 1104/1957/1930 1105/1958/1931
f 1106/1959/1932 1107/1960/1932 1103/1956/1929 1102/1955/1928
f 1105/1958/1931 1104/1957/1930 1108/1961/1933 1109/1962/1933
f 1109/1963/1934 1108/1964/1935 1110/1965/1936 1111/1966/1937
f 1105/1967/1938 1109/1963/1934 1111/1966/1937 1112/1968/1939
f 1113/1969/1940 1114/1970/1941 1115/1971/1942 1112/1972/1943
f 1116/1973/1944 1117/1974/1945 1118/1975/1946 1107/1976/1947
f 1106/1977/1948 1119/1978/1949 1116/1973/1944 1107/1976/1947
f 1117/1974/1945 1116/1973/1944 1119/1978/1949 1120/1979/1950
f 1121/1980/1951 1122/1981/1952 1110/1965/1936
f 1121/1980/1951 1104/1982/1953 1103/1983/1954 1118/1975/1946
f 1122/1981/1952 1123/1984/1955 1111/1966/1937 1110/1965/1936
f 1112/1968/1939 1111/1966/1937 1123/1984/1955 1113/1985/1956
f 1121/1980/1951 1110/1965/1936 1108/1964/1935 1104/1982/1953
f 1120/1979/1950 1114/1986/1957 1113/1985/1956 1123/1984/1955
f 1120/1979/1950 1123/1984/1955 1122/1981/1952 1117/1974/1945
f 1122/1981/1952 1121/1980/1951 1118/1975/1946 1117/1974/1945
f 1115/1987/1958 1119/1978/1949 1106/1977/1948 1102/1988/1958
f 1114/1970/1941 1124/1989/1959 1125/1990/1959 1115/1971/1942
f 1120/1979/1950 1126/1991/1960 1124/1992/1960 1114/1986/1957
f 1119/1993/1961 1127/1994/1961 1126/1995/1961 1120/1996/1961
f 1119/1997/1962 1115/1998/1962 1125/1999/1962 1127/2000/1962
f 1118/1975/1946 1103/1983/1954 1107/1976/1947
f 1112/1972/1943 1115/1971/1942 1102/2001/1963 1105/2002/1963
f 1129/2003/1964 1130/2004/1964 1131/2005/1964 1128/2006/1964
f 1133/2007/1965 1134/2008/1965 1135/2009/1965 1132/2010/1965
s 0
f 1136/2011/1966 1137/2012/1966 1128/2006/1966 1131/2005/1966
f 1138/2013/1967 1136/2014/1967 1131/2005/1967 1130/2004/1967
f 1129/2003/1968 1139/2015/1968 1138/2016/1968 1130/2004/1968
f 1139/2017/1969 1129/2003/1969 1128/2006/1969 1137/2018/1969
f 1140/2019/1970 1141/2020/1970 1134/2008/1970 1133/2007/1970
f 1142/2021/1971 1140/2022/1971 1133/2007/1971 1132/2010/1971
f 1142/2023/1972 1132/2010/1972 1135/2009/1972 1143/2024/1972
f 1134/2008/1969 1141/2025/1969 1143/2026/1969 1135/2009/1969
s 1
f 1145/2027/1973 1146/2028/1973 1147/2029/1973 1144/2030/1973
f 1149/2031/1974 1150/2032/1974 1151/2033/1974 1148/2034/1974
s 0
f 1147/2029/1975 1152/2035/1975 1153/2036/1975 1144/2030/1975
f 1154/2037/1976 1145/2027/1976 1144/2030/1976 1153/2038/1976
f 1146/2028/1977 1145/2027/1977 1154/2039/1977 1155/2040/1977
f 1147/2029/1978 1146/2028/1978 1155/2041/1978 1152/2042/1978
f 1157/2043/1979 1149/2031/1979 1148/2034/1979 1156/2044/1979
f 1149/2031/1980 1157/2045/1980 1158/2046/1980 1150/2032/1980
f 1151/2033/1981 1150/2032/1981 1158/2047/1981 1159/2048/1981
f 1148/2034/1978 1151/2033/1978 1159/2049/1978 1156/2050/1978
s 1
f 1160/2051/202 1161/2052/1982 1162/2053/1983 1163/2054/202
f 1162/2053/1983 1161/2052/1982 1164/2055/1887
f 1162/2053/1983 1164/2055/1887 1165/2056/1887
f 1160/2057/1077 1166/2058/1984 1167/2059/1985 1161/2060/1986
f 1165/2061/1987 1164/2062/1988 1168/2063/1989 1169/2064/1987
f 1161/2060/1986 1167/2059/1985 1168/2063/1989 1164/2062/1988
f 1166/2065/1990 1170/2066/1990 1171/2067/1991 1167/2068/1992
f 1171/2067/1991 1172/2069/1993 1168/2070/1994 1167/2068/1992
f 1169/2071/1995 1168/2070/1994 1172/2069/1993 1173/2072/1995
f 1174/2073/1996 1175/2074/1996 1170/2075/1996 1166/2076/1996
f 1166/2058/1984 1176/2077/1997 1177/2078/1998 1174/2079/1999
f 1160/2057/1077 1176/2077/1997 1166/2058/1984
f 1163/2080/2000 1178/2081/2001 1176/2082/2002 1160/2083/2000
f 1178/2081/2001 1179/2084/2003 1177/2085/2004 1176/2082/2002
f 1171/2086/2005 1170/2087/2006 1181/2088/2006 1180/2089/2007
f 1175/2090/2008 1182/2091/2008 1181/2088/2008 1170/2087/2008
f 1172/2092/2009 1171/2086/2005 1180/2089/2007 1173/2093/2009
f 1180/2094/2010 1169/2095/2011 1173/2096/2012
f 1163/2097/2013 1162/2098/2014 1180/2094/2010 1181/2099/2015
f 1163/2097/2013 1181/2099/2015 1178/2100/2016
f 1183/2101/2017 1184/2102/2018 1185/2103/202 1186/2104/202
f 1183/2101/2017 1187/2105/1821 1184/2102/2018
f 1183/2101/2017 1188/2106/1821 1187/2105/1821
f 1189/2107/2019 1190/2108/2020 1185/2109/1077 1184/2110/2021
f 1192/2111/2022 1187/2112/2023 1188/2113/2024 1191/2114/2024
f 1192/2111/2022 1189/2107/2019 1184/2110/2021 1187/2112/2023
f 1190/2115/2025 1189/2116/2026 1194/2117/2027 1193/2118/2025
f 1192/2119/2028 1195/2120/2029 1194/2117/2027 1189/2116/2026
f 1195/2120/2029 1192/2119/2028 1191/2121/2030 1196/2122/2030
f 1193/2123/2031 1197/2124/2031 1198/2125/2031 1190/2126/2031
f 1175/2074/2032 1174/2073/2032 1198/2125/2032 1197/2124/2032
f 1190/2108/2020 1198/2127/2033 1200/2128/2034 1199/2129/2035
f 1185/2109/1077 1190/2108/2020 1199/2129/2035
f 1200/2130/2036 1177/2085/2004 1179/2084/2003 1201/2131/2037
f 1174/2079/1999 1177/2078/1998 1200/2128/2034 1198/2127/2033
f 1199/2132/2038 1202/2133/2039 1186/2134/2040 1185/2135/2040
f 1202/2133/2039 1199/2132/2038 1200/2130/2036 1201/2131/2037
f 1203/2136/2006 1193/2137/2006 1194/2138/2041 1204/2139/2042
f 1203/2136/2043 1205/2140/2043 1197/2141/2043 1193/2137/2043
f 1205/2140/2044 1182/2091/2044 1175/2090/2044 1197/2141/2044
f 1204/2139/2042 1194/2138/2041 1195/2142/2045 1196/2143/2045
f 1183/2144/2046 1204/2145/2047 1191/2146/2048 1188/2147/2049
f 1186/2148/2015 1203/2149/2050 1204/2145/2047 1183/2144/2046
f 1179/2150/2051 1181/2099/2015 1203/2149/2013 1201/2151/2052
f 1186/2148/2015 1202/2152/2053 1203/2149/2050
f 1201/2151/2052 1203/2149/2050 1202/2152/2053
f 1181/2099/2015 1179/2150/2051 1178/2100/2016
f 1191/2146/2048 1204/2145/2047 1196/2153/2054
f 1162/2098/2014 1165/2154/2055 1169/2095/2011 1180/2094/2010
s 0
f 967/2155/2056 1206/2156/2056 961/1664/2057 948/1663/2057
f 966/1681/1713 783/1286/1362 773/1287/2058 965/1682/1713
f 776/1276/1350 967/1684/1714 965/1683/1714 773/1277/2059
f 776/1298/2060 789/1297/2060 1206/2156/2056 967/2155/2056
f 1208/2157/2061 1209/2158/2061 1210/2159/2061 1207/2160/2061
s 1
f 1207/2161/2062 1210/2162/2062 1212/2163/2062 1211/2164/2062
f 1213/2165/2063 1210/2166/2063 1209/2167/2064
f 1214/2168/2065 1215/2169/2066 1207/2170/2066 1211/2171/2065
f 1213/2172/2067 1209/2158/2067 1208/2157/2067 1215/2173/2067
f 1215/2174/2068 1214/2175/2068 1216/2176/2068 1213/2177/2068
f 1207/2170/2066 1215/2169/2066 1208/2178/2069
f 1213/2165/2063 1216/2179/2070 1212/2180/2070 1210/2166/2063
s 0
f 1218/2181/2061 1219/2182/2061 1220/2183/2061 1217/2184/2061
s 1
f 1218/2185/2062 1217/2186/2062 1222/2187/2062 1221/2188/2062
f 1223/2189/2071 1219/2190/2072 1218/2191/2071
f 1224/2192/2073 1225/2193/2074 1222/2194/2074 1217/2195/2073
f 1219/2182/2067 1223/2196/2067 1224/2197/2067 1220/2183/2067
f 1225/2198/2068 1224/2199/2068 1223/2200/2068 1226/2201/2068
f 1217/2195/2073 1220/2202/2075 1224/2192/2073
f 1218/2191/2076 1221/2203/2076 1226/2204/2076 1223/2189/2076
f 977/2205/1076 970/2206/1076 974/2207/1076 973/2208/1076
f 991/1736/1076 989/2209/1076 983/2210/1076 982/1733/1076
f 981/2211/1821 990/2212/2077 976/2213/2078 968/2214/1821
f 969/2215/2078 968/2214/1821 976/2213/2078 972/2216/2078
f 984/2217/2077 985/2218/202 988/2219/2077
f 990/2212/2077 981/2211/1821 984/2217/2077 988/2219/2077
f 972/2216/2078 975/2220/202 969/2215/2078
f 978/1735/1076 971/1734/1076 970/2206/1076 977/2205/1076
f 989/2209/1076 987/2221/1076 986/2222/1076 983/2210/1076
f 1228/2223/2079 1229/2224/405 1230/2225/405 1227/2226/2079
f 1232/2227/2080 1233/2228/2080 1234/2229/2081 1231/2230/2081
f 1236/2231/2082 1231/2230/2081 1234/2229/2081 1235/2232/2083
f 1227/2226/2079 1233/2228/2080 1232/2227/2080 1228/2223/2079
f 1235/2232/2083 1237/2233/2084 1236/2231/2082
f 1236/2231/2082 1237/2233/2084 1238/2234/1739 1239/2235/1739
f 1241/2236/2085 1242/2237/405 1243/2238/405 1240/2239/2085
f 1244/2240/2086 1245/2241/2087 1246/2242/2088 1247/2243/2089
f 1247/2243/2089 1248/2244/2090 1249/2245/2091 1244/2240/2086
f 1240/2239/2085 1246/2242/2088 1245/2241/2087 1241/2236/2085
f 1249/2245/2091 1248/2244/2090 1250/2246/2092
f 1248/2244/2093 1251/2247/2094 1252/2248/2094 1250/2246/2092
f 1243/2238/405 1242/2237/405 1230/2225/405 1229/2224/405
f 1239/2249/2095 1251/2250/2095 1248/2251/2095 1236/2252/2095
f 1230/2253/1076 1242/2254/1076 1250/2255/1076 1237/2256/1076
s 0
f 1252/2257/2096 1238/2258/2096 1237/2259/2096 1250/2260/2096
s 1
f 1233/2261/1076 1227/2262/1076 1235/2263/1076 1234/2264/1076
f 1241/2265/1076 1249/2266/1076 1250/2255/1076 1242/2254/1076
f 1243/2267/1887 1229/2268/1887 1236/2269/2097 1248/2270/2098
f 1236/2269/2097 1229/2268/1887 1228/2271/2097 1231/2272/2097
f 1240/2273/2098 1247/2274/2098 1246/2275/202
f 1240/2273/2098 1243/2267/1887 1248/2270/2098 1247/2274/2098
f 1231/2272/2097 1228/2271/2097 1232/2276/202
f 1227/2262/1076 1230/2253/1076 1237/2256/1076 1235/2263/1076
f 1245/2277/1076 1244/2278/1076 1249/2266/1076 1241/2265/1076
f 1253/2279/2099 1254/2280/2100 1255/2281/2101 1256/2282/2102
f 1257/2283/2103 1258/2284/2104 1259/2285/2105
f 1254/2280/2100 1260/2286/2106 1261/2287/2107 1255/2281/2101
f 1262/2288/2108 1263/2289/2109 1264/2290/2110
f 1260/2286/2106 1262/2288/2108 1264/2290/2110 1261/2287/2107
f 1256/2282/2102 1257/2283/2103 1259/2285/2105 1253/2279/2099
f 1266/2291/2111 1267/2292/2111 1268/2293/2112 1265/2294/2113
f 1267/2292/2111 1266/2291/2111 1270/2295/2114 1269/2296/2115
f 1271/2297/2116 1272/2298/2116 1269/2296/2115 1270/2295/2114
f 1272/2298/2116 1271/2297/2116 1274/2299/2117 1273/2300/2117
f 1273/2300/2117 1274/2299/2117 1276/2301/2118 1275/2302/2118
f 1275/2302/2118 1276/2301/2118 1278/2303/2119 1277/2304/2120
f 1279/2305/2121 1280/2306/2121 1277/2304/2120 1278/2303/2119
f 1282/2307/2122 1280/2306/2121 1279/2305/2121 1281/2308/2123
f 1283/2309/2124 1282/2307/2122 1281/2308/2123 1284/2310/2125
f 1285/2311/2126 1286/2312/2127 1283/2309/2124 1284/2310/2125
f 1288/2313/2128 1289/2314/2129 1290/2315/2130 1287/2316/2131
f 1288/2313/2128 1287/2316/2131 1292/2317/2132 1291/2318/2133
f 1267/2319/2134 1269/2320/2135 1293/2321/2136 1294/2322/2137
f 1269/2320/2135 1272/2323/2138 1295/2324/2139 1293/2321/2136
f 1296/2325/2140 1295/2324/2139 1272/2323/2138 1273/2326/2141
f 1297/2327/2142 1296/2325/2140 1273/2326/2141 1275/2328/2143
f 1297/2327/2142 1275/2328/2143 1277/2329/2144 1298/2330/2145
f 1280/2331/2146 1299/2332/2147 1298/2330/2145 1277/2329/2144
f 1300/2333/2148 1299/2332/2147 1280/2331/2146 1282/2334/2149
f 1301/2335/2150 1300/2333/2148 1282/2334/2149 1283/2336/2151
f 1287/2337/2152 1302/2338/2153 1292/2339/2154
f 1303/2340/2155 1302/2338/2153 1287/2337/2152 1290/2341/2156
f 1301/2335/2150 1283/2336/2151 1286/2342/2157 1304/2343/2158
f 1305/2344/2159 1254/2280/2160 1253/2279/2161 1306/2345/2162
f 1307/2346/2163 1306/2345/2162 1253/2279/2161 1259/2285/2105
f 1259/2285/2105 1258/2284/2104 1308/2347/2164 1307/2346/2163
f 1309/2348/2165 1260/2286/2166 1254/2280/2160 1305/2344/2159
f 1300/2349/2167 1263/2289/2109 1299/2350/2168
f 1311/2351/2169 1263/2289/2109 1300/2349/2167 1310/2352/2170
f 1301/2353/2171 1310/2352/2170 1300/2349/2167
f 1312/2354/2172 1264/2290/2110 1263/2289/2109 1311/2351/2169
f 1313/2355/2173 1255/2281/2174 1261/2287/2175
f 1309/2348/2165 1263/2289/2109 1262/2288/2108
f 1309/2348/2165 1262/2288/2108 1260/2286/2166
f 1298/2356/2176 1299/2350/2168 1263/2289/2109 1309/2348/2165
f 1305/2344/2159 1297/2357/2177 1298/2356/2176 1309/2348/2165
f 1297/2357/2177 1305/2344/2159 1306/2345/2162 1296/2358/2178
f 1306/2345/2162 1307/2346/2163 1314/2359/2179 1296/2358/2178
f 1264/2290/2110 1312/2354/2172 1313/2355/2173 1261/2287/2175
f 1315/2360/2180 1316/2361/2181 1317/2362/2182 1294/2363/2183
f 1318/2364/2184 1315/2360/2180 1294/2363/2183 1293/2365/2185
f 1319/2366/2186 1314/2359/2179 1307/2346/2163 1308/2347/2164
f 1304/2343/2158 1286/2342/2157 1321/2367/2187 1320/2368/2188
f 1322/2369/2189 1321/2370/2190 1286/2312/2127 1285/2311/2126
f 1324/2371/2191 1302/2372/2192 1303/2373/2193 1323/2374/2194
f 1265/2294/2113 1268/2293/2112 1290/2315/2130 1289/2314/2129
f 1317/2362/2182 1316/2361/2181 1323/2374/2194 1303/2373/2193
f 1290/2341/2156 1268/2375/2195 1317/2376/2196 1303/2340/2155
f 1268/2375/2195 1267/2319/2134 1294/2322/2137 1317/2376/2196
f 1314/2359/2179 1295/2377/2197 1296/2358/2178
f 1293/2365/2185 1295/2377/2197 1314/2359/2179
f 1318/2364/2184 1293/2365/2185 1314/2359/2179 1319/2366/2186
f 1325/2378/2198 1258/2284/2104 1257/2283/2103 1326/2379/2199
f 1327/2380/2200 1326/2379/2199 1257/2283/2103 1256/2282/2201
f 1256/2282/2201 1255/2281/2174 1328/2381/2202 1327/2380/2200
f 1328/2381/2202 1255/2281/2174 1313/2355/2173 1329/2382/2203
f 1308/2383/2204 1330/2384/2205 1319/2385/2206
f 1258/2386/2207 1331/2387/2208 1330/2384/2205 1308/2383/2204
f 1332/2388/2209 1318/2389/2210 1319/2385/2206 1330/2384/2205
f 1333/2390/2211 1334/2391/2212 1335/2392/2213 1315/2393/2214
f 1315/2393/2214 1318/2389/2210 1332/2388/2209 1333/2390/2211
f 1258/2284/2104 1325/2378/2198 1336/2394/2215 1337/2395/2216
f 1338/2396/2217 1339/2397/2218 1337/2395/2216 1336/2394/2215
s 0
f 1340/2398/2219 1341/2399/2220 1342/2400/2221 1343/2401/2222
s 1
f 1337/2402/2223 1344/2403/2224 1331/2387/2208 1258/2386/2207
f 1339/2404/2225 1345/2405/2226 1344/2403/2224 1337/2402/2223
s 0
f 1343/2406/2227 1346/2407/2228 1347/2408/2229 1340/2409/2230
s 1
f 1330/2410/2205 1331/2411/2208 1344/2412/2224 1332/2413/2209
f 1348/2414/2231 1332/2413/2209 1344/2412/2224
f 1338/2396/2217 1341/2415/2232 1340/2416/2233 1339/2397/2218
f 1345/2405/2226 1339/2404/2225 1340/2417/2234 1347/2418/2235
f 1347/2419/2235 1349/2420/2236 1350/2421/2237 1345/2422/2226
f 1348/2414/2231 1333/2423/2211 1332/2413/2209
f 1351/2424/2238 1352/2425/2239 1350/2421/2237 1349/2420/2236
f 1344/2412/2224 1345/2422/2226 1350/2421/2237 1348/2414/2231
f 1334/2426/2212 1333/2423/2211 1348/2414/2231
f 1352/2425/2239 1348/2414/2231 1350/2421/2237
f 1352/2425/2239 1351/2424/2238 1354/2427/2240 1353/2428/2241
f 1352/2425/2239 1353/2428/2241 1334/2426/2212 1348/2414/2231
f 1356/2429/2242 1353/2430/2241 1354/2431/2240 1355/2432/2243
f 1353/2430/2241 1356/2429/2242 1357/2433/2244 1334/2391/2212
f 1335/2392/2213 1334/2391/2212 1357/2433/2244
f 1315/2360/2180 1335/2434/2245 1316/2361/2181
f 1356/2435/2246 1355/2436/2247 1358/2437/2248 1359/2438/2249
f 1359/2438/2249 1360/2439/2250 1357/2440/2251 1356/2435/2246
f 1360/2439/2250 1316/2361/2181 1335/2434/2245 1357/2440/2251
f 1361/2441/2252 1362/2442/2252 1302/2372/2192 1324/2371/2191
f 1292/2317/2132 1362/2443/2253 1363/2444/2253 1291/2318/2133
f 1302/2338/2153 1362/2445/2254 1292/2339/2154
f 1364/2446/2255 1365/2447/2256 1366/2448/2256 1367/2449/2257
f 1320/2368/2188 1367/2450/2258 1366/2451/2259
f 1321/2367/2187 1367/2450/2258 1320/2368/2188
f 1364/2446/2255 1367/2449/2257 1321/2370/2190 1322/2369/2189
s 0
f 1354/2452/2240 1351/2453/2260 1369/2454/2261 1368/2455/2262
f 1349/2456/2263 1370/2457/2264 1369/2454/2265 1351/2453/2266
f 1355/2458/2267 1354/2452/2268 1368/2455/2269 1371/2459/2270
f 1355/2460/2271 1371/2461/2272 1372/2462/2273 1358/2463/2271
f 1347/2408/2229 1346/2407/2274 1370/2464/2274 1349/2465/2275
f 1373/2466/2276 1374/2467/2277 1343/2401/2222 1342/2400/2221
f 1343/2406/2227 1374/2468/2278 1375/2469/2279 1346/2407/2228
f 1377/2470/2280 1368/2455/2281 1369/2454/2261 1376/2471/2282
f 1369/2454/2261 1370/2457/2264 1378/2472/2283 1376/2471/2284
f 1368/2455/2285 1377/2470/2286 1379/2473/2287 1371/2459/2270
f 1372/2462/2273 1371/2461/2272 1379/2474/2288 1380/2475/2289
f 1370/2464/2274 1346/2407/2274 1375/2469/2290 1378/2476/2290
s 1
f 1358/2437/2248 1381/2477/2248 1359/2438/2249
s 0
f 1382/2478/2291 1383/2479/2292 1361/2480/2293 1324/2481/2294
f 1323/2482/2295 1316/2483/2296 1382/2478/2297 1324/2481/2298
f 1360/2484/2299 1359/2485/2300 1382/2478/2291 1316/2483/2301
f 1359/2485/2302 1381/2486/2303 1383/2479/2304 1382/2478/2291
f 1384/2487/2305 1383/2479/2305 1381/2486/2305 1358/2488/2305
f 1384/2489/2306 1358/2490/2306 1372/2491/2306
s 1
f 1326/2379/2199 1385/2492/2307 1386/2493/2308 1325/2378/2198
f 1327/2380/2200 1385/2492/2307 1326/2379/2199
f 1385/2492/2307 1327/2380/2200 1328/2381/2202 1387/2494/2309
f 1329/2382/2203 1387/2494/2309 1328/2381/2202
f 1388/2495/2310 1389/2496/2311 1338/2396/2217 1336/2394/2215
f 1388/2495/2310 1336/2394/2215 1325/2378/2198 1386/2493/2308
s 0
f 1390/2497/2312 1342/2400/2221 1341/2399/2220 1389/2498/2313
f 1391/2499/2314 1373/2466/2276 1342/2400/2221 1390/2497/2315
s 1
f 1389/2496/2311 1341/2415/2232 1338/2396/2217
s 0
f 1265/2500/2316 1392/2501/2317 1266/2502/2318
f 1270/2503/2319 1266/2502/2320 1392/2501/2321 1393/2504/2322
f 1270/2503/2319 1393/2504/2323 1271/2505/2324
f 1274/2506/2325 1271/2505/2326 1393/2504/2327 1394/2507/2328
f 1274/2506/2325 1394/2507/2328 1276/2508/2329
f 1395/2509/2330 1278/2510/2331 1276/2508/2332 1394/2507/2333
f 1278/2510/2334 1395/2509/2335 1279/2511/2336
f 1396/2512/2337 1281/2513/2338 1279/2511/2336 1395/2509/2335
f 1281/2513/2339 1396/2512/2337 1284/2514/2340
f 1284/2514/2341 1396/2512/2342 1365/2515/2343 1285/2516/2344
f 1363/2517/2345 1392/2501/2346 1265/2500/2316 1289/2518/2347
f 1291/2519/2348 1363/2517/2345 1289/2518/2347 1288/2520/2348
f 1285/2516/2344 1365/2515/2343 1364/2521/2349 1322/2522/2349
f 1396/2512/2337 1397/2523/2350 1365/2515/2351
f 1363/2517/2352 1398/2524/2353 1392/2501/2346
f 1398/2525/2354 1363/2526/2355 1362/2527/2356
f 1366/2528/2357 1365/2529/2358 1397/2530/2359 1399/2531/2360
f 1400/2532/408 1392/2533/408 1398/2534/408
f 1395/2535/405 1394/2536/405 1393/2537/405
f 1392/2533/405 1396/2538/405 1395/2535/405 1393/2537/405
f 1320/2539/2361 1366/2528/2362 1399/2531/2363
f 1304/2540/2364 1401/2541/2365 1301/2542/2366
f 1320/2543/2367 1399/2544/2368 1304/2540/2364
f 1402/2545/2369 1403/2546/2370 1311/2547/2371 1310/2548/2372
f 1301/2542/2366 1401/2541/2373 1402/2545/2369 1310/2548/2372
f 1329/2549/2374 1313/2550/2375 1403/2546/2376
f 1311/2547/2371 1403/2546/2370 1312/2551/2377
f 1399/2544/2378 1401/2541/2365 1304/2540/2364
f 1313/2550/2379 1312/2551/2379 1403/2546/2370
f 1403/2546/2376 1387/2552/2380 1329/2549/2381
s 1
f 1405/2553/2382 1406/2554/2383 1407/2555/2384 1404/2556/2385
f 1408/2557/2386 1409/2558/2387 1410/2559/2388
f 1406/2554/2383 1405/2553/2382 1411/2560/2389 1412/2561/2390
f 1413/2562/2391 1414/2563/2392 1415/2564/2393
f 1412/2561/2390 1411/2560/2389 1415/2564/2393 1414/2563/2392
f 1410/2559/2388 1409/2558/2387 1404/2556/2385 1407/2555/2384
f 1416/2565/2394 1417/2566/2395 1418/2567/2395 1419/2568/2396
f 1417/2566/2395 1420/2569/2397 1421/2570/2398 1418/2567/2395
f 1420/2569/2397 1422/2571/2399 1423/2572/2399 1421/2570/2398
f 1423/2572/2399 1422/2571/2399 1425/2573/2400 1424/2574/2400
f 1424/2574/2400 1425/2573/2400 1427/2575/2401 1426/2576/2401
f 1428/2577/2402 1426/2576/2401 1427/2575/2401 1429/2578/2403
f 1428/2577/2402 1429/2578/2403 1431/2579/2404 1430/2580/2404
f 1432/2581/2405 1433/2582/2406 1430/2580/2404 1431/2579/2404
f 1433/2582/2406 1432/2581/2405 1435/2583/2407 1434/2584/2408
f 1436/2585/2409 1437/2586/2410 1434/2584/2408 1435/2583/2407
f 1439/2587/2411 1440/2588/2412 1441/2589/2413 1438/2590/2414
f 1442/2591/2415 1443/2592/2416 1438/2590/2414 1441/2589/2413
f 1417/2593/2417 1444/2594/2418 1445/2595/2419 1420/2596/2420
f 1420/2596/2420 1445/2595/2419 1446/2597/2421 1422/2598/2422
f 1422/2598/2422 1446/2597/2421 1447/2599/2423 1425/2600/2424
f 1425/2600/2424 1447/2599/2423 1448/2601/2425 1427/2602/2426
f 1429/2603/2427 1427/2602/2426 1448/2601/2425 1449/2604/2428
f 1449/2604/2428 1450/2605/2429 1431/2606/2430 1429/2603/2427
f 1431/2606/2430 1450/2605/2429 1451/2607/2431 1432/2608/2432
f 1432/2608/2432 1451/2607/2431 1452/2609/2433 1435/2610/2434
f 1453/2611/2435 1438/2612/2436 1443/2613/2437
f 1454/2614/2438 1439/2615/2439 1438/2612/2436 1453/2611/2435
f 1452/2609/2433 1455/2616/2440 1436/2617/2441 1435/2610/2434
f 1407/2555/2442 1406/2554/2443 1457/2618/2444 1456/2619/2445
f 1458/2620/2446 1410/2559/2388 1407/2555/2442 1456/2619/2445
f 1459/2621/2447 1408/2557/2386 1410/2559/2388 1458/2620/2446
f 1406/2554/2443 1412/2561/2448 1460/2622/2449 1457/2618/2444
f 1413/2562/2391 1451/2623/2450 1450/2624/2451
f 1451/2623/2450 1413/2562/2391 1461/2625/2452 1462/2626/2453
f 1462/2626/2453 1452/2627/2454 1451/2623/2450
f 1463/2628/2455 1461/2625/2452 1413/2562/2391 1415/2564/2393
f 1405/2553/2456 1464/2629/2457 1411/2560/2458
f 1413/2562/2391 1460/2622/2449 1414/2563/2392
f 1414/2563/2392 1460/2622/2449 1412/2561/2448
f 1449/2630/2459 1460/2622/2449 1413/2562/2391 1450/2624/2451
f 1457/2618/2444 1460/2622/2449 1449/2630/2459 1448/2631/2460
f 1448/2631/2460 1447/2632/2461 1456/2619/2445 1457/2618/2444
f 1465/2633/2462 1458/2620/2446 1456/2619/2445 1447/2632/2461
f 1464/2629/2457 1463/2628/2455 1415/2564/2393 1411/2560/2458
f 1466/2634/2463 1467/2635/2464 1468/2636/2465 1444/2637/2466
f 1469/2638/2467 1445/2639/2468 1444/2637/2466 1468/2636/2465
f 1470/2640/2469 1459/2621/2447 1458/2620/2446 1465/2633/2462
f 1455/2616/2440 1471/2641/2470 1472/2642/2471 1436/2617/2441
f 1436/2585/2409 1472/2643/2472 1473/2644/2473 1437/2586/2410
f 1454/2645/2474 1453/2646/2475 1475/2647/2476 1474/2648/2477
f 1439/2587/2411 1416/2565/2394 1419/2568/2396 1440/2588/2412
f 1474/2648/2477 1467/2635/2464 1466/2634/2463 1454/2645/2474
f 1439/2615/2439 1454/2614/2438 1466/2649/2478 1416/2650/2479
f 1417/2593/2417 1416/2650/2479 1466/2649/2478 1444/2594/2418
f 1446/2651/2480 1465/2633/2462 1447/2632/2461
f 1446/2651/2480 1445/2639/2468 1465/2633/2462
f 1469/2638/2467 1470/2640/2469 1465/2633/2462 1445/2639/2468
f 1476/2652/2481 1477/2653/2482 1409/2558/2387 1408/2557/2386
f 1477/2653/2482 1478/2654/2483 1404/2556/2484 1409/2558/2387
f 1479/2655/2485 1405/2553/2456 1404/2556/2484 1478/2654/2483
f 1464/2629/2457 1405/2553/2456 1479/2655/2485 1480/2656/2486
f 1481/2657/2487 1459/2658/2488 1470/2659/2489
f 1481/2657/2487 1482/2660/2490 1408/2661/2491 1459/2658/2488
f 1470/2659/2489 1469/2662/2492 1483/2663/2493 1481/2657/2487
f 1485/2664/2494 1468/2665/2495 1486/2666/2496 1484/2667/2497
f 1468/2665/2495 1485/2664/2494 1483/2663/2493 1469/2662/2492
f 1488/2668/2498 1476/2652/2481 1408/2557/2386 1487/2669/2499
f 1489/2670/2500 1488/2668/2498 1487/2669/2499 1490/2671/2501
s 0
f 1491/2672/2502 1492/2673/2503 1493/2674/2504 1494/2675/2505
s 1
f 1487/2676/2506 1408/2661/2491 1482/2660/2490 1495/2677/2507
f 1495/2677/2507 1496/2678/2508 1490/2679/2509 1487/2676/2506
s 0
f 1497/2680/2510 1498/2681/2511 1494/2682/2512 1493/2683/2513
s 1
f 1481/2684/2487 1483/2685/2493 1499/2686/2514 1495/2687/2507
f 1482/2688/2490 1481/2684/2487 1495/2687/2507
f 1489/2670/2500 1490/2671/2501 1493/2689/2515 1492/2690/2516
f 1493/2691/2517 1490/2679/2509 1496/2678/2508 1497/2692/2518
f 1500/2693/2519 1501/2694/2520 1497/2695/2518 1496/2696/2508
f 1485/2697/2494 1499/2686/2514 1483/2685/2493
f 1500/2693/2519 1502/2698/2521 1503/2699/2522 1501/2694/2520
f 1500/2693/2519 1496/2696/2508 1495/2687/2507 1499/2686/2514
f 1485/2697/2494 1484/2700/2497 1499/2686/2514
f 1499/2686/2514 1502/2698/2521 1500/2693/2519
f 1505/2701/2523 1503/2699/2522 1502/2698/2521 1504/2702/2524
f 1502/2698/2521 1499/2686/2514 1484/2700/2497 1504/2702/2524
f 1505/2703/2523 1504/2704/2524 1507/2705/2525 1506/2706/2526
f 1508/2707/2527 1507/2705/2525 1504/2704/2524 1484/2667/2497
f 1484/2667/2497 1486/2666/2496 1508/2707/2527
f 1486/2708/2528 1468/2636/2465 1467/2635/2464
f 1507/2709/2529 1509/2710/2530 1510/2711/2531 1506/2712/2532
f 1508/2713/2533 1511/2714/2534 1509/2710/2530 1507/2709/2529
f 1486/2708/2528 1467/2635/2464 1511/2714/2534 1508/2713/2533
f 1453/2646/2475 1512/2715/2535 1513/2716/2535 1475/2647/2476
f 1443/2592/2416 1442/2591/2415 1514/2717/2536 1512/2718/2536
f 1512/2719/2537 1453/2611/2435 1443/2613/2437
f 1516/2720/2538 1517/2721/2538 1518/2722/2539 1515/2723/2540
f 1515/2724/2541 1471/2641/2470 1516/2725/2542
f 1515/2724/2541 1472/2642/2471 1471/2641/2470
f 1472/2643/2472 1515/2723/2540 1518/2722/2539 1473/2644/2473
s 0
f 1519/2726/2543 1520/2727/2544 1503/2728/2545 1505/2729/2546
f 1520/2727/2547 1521/2730/2548 1501/2731/2549 1503/2728/2550
f 1519/2726/2551 1505/2729/2523 1506/2732/2552 1522/2733/2553
f 1523/2734/2554 1522/2735/2555 1506/2736/2556 1510/2737/2556
f 1497/2680/2510 1501/2738/2557 1521/2739/2558 1498/2681/2558
f 1525/2740/2559 1491/2672/2502 1494/2675/2505 1524/2741/2560
f 1494/2682/2512 1498/2681/2511 1526/2742/2561 1524/2743/2562
f 1519/2726/2563 1527/2744/2564 1528/2745/2565 1520/2727/2544
f 1520/2727/2547 1528/2745/2566 1529/2746/2567 1521/2730/2548
f 1530/2747/2568 1527/2744/2569 1519/2726/2570 1522/2733/2553
f 1522/2735/2555 1523/2734/2554 1531/2748/2571 1530/2749/2572
f 1529/2750/2573 1526/2742/2573 1498/2681/2558 1521/2739/2558
s 1
f 1532/2751/2531 1510/2711/2531 1509/2710/2530
s 0
f 1513/2752/2574 1533/2753/2575 1534/2754/2576 1475/2755/2577
f 1474/2756/2578 1475/2755/2579 1534/2754/2580 1467/2757/2581
f 1534/2754/2576 1509/2758/2582 1511/2759/2583 1467/2757/2584
f 1509/2758/2585 1534/2754/2576 1533/2753/2586 1532/2760/2587
f 1525/2740/2559 1524/2741/2588 1374/2467/2589 1373/2466/2276
f 1524/2743/2561 1526/2742/2561 1375/2469/2279 1374/2468/2279
f 1375/2469/2290 1526/2742/2573 1529/2750/2573 1378/2476/2290
f 1528/2745/2566 1376/2471/2284 1378/2472/2283 1529/2746/2567
f 1527/2744/2590 1377/2470/2591 1376/2471/2284 1528/2745/2566
f 1527/2744/2592 1530/2747/2568 1379/2473/2287 1377/2470/2593
f 1380/2475/2288 1379/2474/2288 1530/2749/2572 1531/2748/2572
f 1532/2760/2594 1533/2753/2594 1535/2761/2594 1510/2762/2594
f 1510/2763/2306 1535/2764/2306 1523/2765/2306
s 1
f 1477/2653/2482 1476/2652/2481 1537/2766/2595 1536/2767/2596
f 1536/2767/2596 1478/2654/2483 1477/2653/2482
f 1479/2655/2485 1478/2654/2483 1536/2767/2596 1538/2768/2597
f 1538/2768/2597 1480/2656/2486 1479/2655/2485
f 1489/2670/2500 1539/2769/2598 1540/2770/2599 1488/2668/2498
f 1540/2770/2599 1537/2766/2595 1476/2652/2481 1488/2668/2498
s 0
f 1492/2673/2503 1491/2672/2502 1541/2771/2600 1539/2772/2601
f 1491/2672/2502 1525/2740/2559 1542/2773/2602 1541/2771/2600
f 1391/2499/2314 1542/2773/2602 1525/2740/2603 1373/2466/2276
s 1
f 1492/2690/2516 1539/2769/2598 1489/2670/2500
s 0
f 1543/2774/2604 1419/2775/2605 1418/2776/2606
f 1421/2777/2607 1544/2778/2608 1543/2774/2609 1418/2776/2610
f 1544/2778/2608 1421/2777/2607 1423/2779/2611
f 1544/2778/2612 1423/2779/2613 1424/2780/2614 1545/2781/2615
f 1545/2781/2616 1424/2780/2614 1426/2782/2617
f 1546/2783/2618 1545/2781/2616 1426/2782/2619 1428/2784/2620
f 1546/2783/2621 1428/2784/2622 1430/2785/2623
f 1547/2786/2624 1546/2783/2625 1430/2785/2623 1433/2787/2626
f 1547/2786/2624 1433/2787/2627 1434/2788/2628
f 1434/2788/2629 1437/2789/2630 1517/2790/2631 1547/2786/2632
f 1419/2775/2605 1543/2774/2633 1514/2791/2634 1440/2792/2635
f 1442/2793/2636 1441/2794/2636 1440/2792/2635 1514/2791/2634
f 1518/2795/2637 1517/2790/2631 1437/2789/2630 1473/2796/2637
f 1548/2797/2638 1547/2786/2624 1517/2790/2639
f 1549/2798/2640 1514/2791/2641 1543/2774/2633
f 1514/2799/2642 1549/2800/2354 1512/2801/2643
f 1548/2802/2644 1517/2803/2645 1516/2804/2646 1550/2805/2647
f 1398/2525/2354 1362/2527/2356 1512/2801/2643 1549/2800/2354
f 1543/2806/495 1551/2807/495 1549/2808/495
f 1545/2809/483 1546/2810/483 1544/2811/483
f 1546/2810/483 1547/2812/2648 1543/2806/483 1544/2811/483
f 1516/2804/2649 1471/2813/2361 1550/2805/2650
f 1552/2814/2651 1455/2815/2652 1452/2816/2653
f 1550/2817/2654 1471/2818/2367 1455/2815/2652
f 1461/2819/2655 1553/2820/2656 1554/2821/2657 1462/2822/2658
f 1452/2816/2653 1462/2822/2658 1554/2821/2657 1552/2814/2659
f 1464/2823/2660 1480/2824/2661 1553/2820/2662
f 1553/2820/2663 1461/2819/2655 1463/2825/2664
f 1552/2814/2651 1550/2817/2654 1455/2815/2652
f 1463/2825/2665 1464/2823/2665 1553/2820/2663
f 1538/2826/2666 1553/2820/2662 1480/2824/2667
f 1531/2827/2668 1523/2765/2668 1535/2764/2668
f 1384/2489/2668 1372/2491/2668 1380/2828/2668
f 1384/2489/2669 1380/2828/2668 1531/2827/2668 1535/2764/2670
f 1533/2829/2575 1383/2830/2292 1384/2831/2671 1535/2832/2671
f 1533/2829/2575 1513/2833/2574 1361/2834/2672 1383/2830/2292
f 1400/2835/2673 1398/2525/2354 1549/2800/2354 1551/2836/2673
f 1548/2802/2644 1550/2805/2650 1399/2531/2363 1397/2530/2359
f 1362/2527/2356 1361/2837/2674 1513/2838/2674 1512/2801/2643
f 1555/2839/2675 1397/2840/2675 1396/2538/2675
f 1400/2532/2676 1555/2839/2676 1396/2538/2676 1392/2533/2677
f 1551/2807/2678 1543/2806/2679 1547/2812/2678 1556/2841/2678
f 1547/2812/2680 1548/2842/2680 1556/2841/2680
f 1557/2843/2681 1558/2844/2682 1397/2530/2683 1555/2845/2681
f 1559/2846/2684 1548/2802/2685 1397/2530/2683 1558/2844/2682
f 1560/2847/2686 1556/2848/2686 1548/2802/2685 1559/2846/2684
s 1
f 1562/2849/1076 1563/2850/1076 1564/2851/1076 1561/2852/1076
f 1561/2853/2687 1400/2854/2687 1551/2855/2687 1562/2856/2687
f 1559/2857/2688 1558/2858/2688 1566/2859/2688 1565/2860/2688
f 1567/2861/1076 1563/2850/1076 1562/2849/1076
f 1568/2862/1076 1561/2852/1076 1564/2851/1076
f 1560/2863/2689 1563/2864/2689 1567/2865/2689 1556/2866/2689
f 1557/2867/2689 1555/2868/2689 1568/2869/2689 1564/2870/2689
s 0
f 1564/2851/2690 1563/2850/2690 1565/2871/2690 1566/2872/2690
f 1565/2873/2691 1563/2874/2691 1560/2875/2691 1559/2876/2691
f 1566/2877/2692 1558/2878/2692 1557/2879/2692 1564/2880/2692
f 1569/2881/2693 1387/2552/2694 1403/2546/2376
f 1553/2820/2662 1538/2826/2695 1570/2882/2693
s 1
f 1571/2883/2696 1572/2884/2696 1573/2885/2696 1574/2886/2696
f 1575/2887/2697 1576/2888/2697 1573/2885/2697 1572/2884/2697
f 1578/2889/2698 1571/2883/2699 1574/2886/2699 1577/2890/2700
f 1580/2891/2701 1581/2892/2701 1582/2893/2701 1579/2894/2701
f 1584/2895/2702 1581/2892/2702 1580/2891/2702 1583/2896/2702
f 1577/2890/2700 1585/2897/2703 1586/2898/2704 1578/2889/2698
f 1588/2899/2705 1586/2898/2704 1585/2897/2703 1587/2900/2706
f 1589/2901/2707 1590/2902/2708 1588/2899/2705 1587/2900/2706
f 1579/2894/2709 1582/2893/2709 1590/2902/2708 1589/2901/2707
f 1591/2903/2710 1592/2904/2711 1593/2905/2712 1594/2906/2713
f 1595/2907/2714 1596/2908/2715 1594/2906/2713 1593/2905/2712
f 1598/2909/2716 1599/2910/2717 1600/2911/2718 1597/2912/2719
f 1599/2910/2717 1598/2909/2716 1596/2908/2715 1595/2907/2714
f 1601/2913/2720 1602/2914/2721 1603/2915/2722 1604/2916/2723
f 1604/2916/2723 1605/2917/2724 1606/2918/2725 1601/2913/2720
f 1607/2919/2726 1606/2918/2725 1605/2917/2724 1608/2920/2727
f 1608/2920/2727 1609/2921/2728 1610/2922/2729 1607/2919/2726
f 1598/2909/2716 1597/2912/2719 1609/2921/2728 1608/2920/2727
f 1605/2917/2724 1604/2916/2723 1596/2908/2715 1598/2909/2716
f 1594/2906/2713 1596/2908/2715 1604/2916/2723 1611/2923/2730
f 1611/2923/2730 1612/2924/2731 1594/2906/2713
f 1611/2923/2730 1604/2916/2723 1603/2915/2722
f 1591/2903/2710 1594/2906/2713 1612/2924/2731
f 1597/2912/2719 1600/2911/2718 1614/2925/2732 1613/2926/2733
f 1610/2922/2729 1609/2921/2728 1615/2927/2734
f 1597/2912/2719 1613/2926/2733 1615/2927/2734 1609/2921/2728
f 1616/2928/2735 1592/2904/2736 1591/2903/2736 1612/2924/2737
f 1617/2929/2738 1616/2928/2735 1612/2924/2737 1611/2923/2739
f 1603/2915/2740 1602/2914/2740 1617/2929/2738 1611/2923/2739
f 1598/2909/2716 1608/2920/2727 1605/2917/2724
f 1619/2930/2741 1620/2931/2742 1621/2932/2743 1618/2933/2744
f 1622/2934/2745 1621/2932/2743 1620/2931/2742 1623/2935/2746
f 1624/2936/2747 1625/2937/2748 1626/2938/2749 1627/2939/2750
f 1627/2939/2750 1622/2934/2745 1623/2935/2746 1624/2936/2747
f 1629/2940/2751 1630/2941/2752 1631/2942/2753 1628/2943/2754
f 1628/2943/2754 1631/2942/2753 1633/2944/2755 1632/2945/2756
f 1634/2946/2757 1635/2947/2758 1632/2945/2756 1633/2944/2755
f 1635/2947/2758 1634/2946/2757 1637/2948/2759 1636/2949/2760
f 1624/2936/2747 1635/2947/2758 1636/2949/2760 1625/2937/2748
f 1632/2945/2756 1624/2936/2747 1623/2935/2746 1628/2943/2754
f 1620/2931/2742 1638/2950/2761 1628/2943/2754 1623/2935/2746
f 1639/2951/2762 1638/2950/2761 1620/2931/2742
f 1628/2943/2754 1638/2950/2761 1629/2940/2751
f 1620/2931/2742 1619/2930/2741 1639/2951/2762
f 1625/2937/2748 1640/2952/2763 1641/2953/2764 1626/2938/2749
f 1636/2949/2760 1637/2948/2759 1642/2954/2765
f 1642/2954/2765 1640/2952/2763 1625/2937/2748 1636/2949/2760
f 1643/2955/2766 1639/2951/2767 1619/2930/2768 1618/2933/2768
f 1639/2951/2767 1643/2955/2766 1644/2956/2769 1638/2950/2770
f 1644/2956/2769 1630/2941/2771 1629/2940/2771 1638/2950/2770
f 1635/2947/2758 1624/2936/2747 1632/2945/2756
f 1647/2957/2772 1646/2958/2773 1645/2959/2774 1648/2960/2775
f 1649/2961/2776 1648/2960/2775 1645/2959/2774
f 1649/2961/2776 1651/2962/2777 1650/2963/2778 1648/2960/2775
f 1651/2962/2777 1653/2964/2779 1652/2965/2780 1650/2963/2778
f 1652/2965/2780 1653/2964/2779 1654/2966/2781 1655/2967/2782
f 1656/2968/2783 1655/2967/2782 1654/2966/2781
f 1656/2968/2783 1658/2969/2784 1657/2970/2785 1655/2967/2782
f 1657/2970/2785 1658/2969/2784 1660/2971/2786 1659/2972/2787
f 1659/2972/2787 1660/2971/2786 1661/2973/2788 1662/2974/2789
f 1663/2975/2790 1662/2974/2789 1661/2973/2788
f 1663/2975/2790 1665/2976/2700 1664/2977/2791 1662/2974/2789
f 1667/2978/2792 1666/2979/2793 1664/2977/2791 1665/2976/2700
f 1668/2980/2794 1666/2979/2793 1667/2978/2792
f 1668/2980/2794 1670/2981/2795 1669/2982/2796 1666/2979/2793
f 1670/2981/2795 1672/2983/2797 1671/2984/2798 1669/2982/2796
f 1671/2984/2798 1672/2983/2797 1673/2985/2799 1674/2986/2800
f 1675/2987/2801 1674/2986/2800 1673/2985/2799
f 1675/2987/2801 1677/2988/2802 1676/2989/2803 1674/2986/2800
f 1676/2989/2803 1677/2988/2802 1679/2990/2804 1678/2991/2805
f 1681/2992/2806 1680/2993/2807 1678/2991/2805 1679/2990/2804
f 1682/2994/2808 1680/2993/2807 1681/2992/2806
f 1682/2994/2808 1646/2958/2773 1647/2957/2772 1680/2993/2807
f 1685/2995/2809 1684/2996/2810 1683/2997/2811 1686/2998/2812
f 1684/2996/2810 1687/2999/2813 1683/2997/2811
f 1687/2999/2813 1684/2996/2810 1688/3000/2814 1689/3001/2815
f 1689/3001/2815 1688/3000/2814 1690/3002/2816 1691/3003/2817
f 1690/3002/2816 1693/3004/2818 1692/3005/2819 1691/3003/2817
f 1693/3004/2818 1694/3006/2820 1692/3005/2819
f 1694/3006/2820 1693/3004/2818 1695/3007/2821 1696/3008/2822
f 1698/3009/2823 1696/3008/2822 1695/3007/2821 1697/3010/2824
f 1697/3010/2824 1700/3011/2825 1699/3012/2826 1698/3009/2823
f 1700/3011/2825 1701/3013/2827 1699/3012/2826
f 1701/3013/2827 1700/3011/2825 1702/3014/2828 1703/3015/2829
f 1704/3016/2830 1703/3015/2829 1702/3014/2828 1705/3017/2831
f 1705/3017/2831 1706/3018/2832 1704/3016/2830
f 1706/3018/2832 1705/3017/2831 1707/3019/2833 1708/3020/2834
f 1708/3020/2834 1707/3019/2833 1709/3021/2835 1710/3022/2836
f 1709/3021/2835 1712/3023/2837 1711/3024/2838 1710/3022/2836
f 1712/3023/2837 1713/3025/2839 1711/3024/2838
f 1713/3025/2839 1712/3023/2837 1714/3026/2840 1715/3027/2841
f 1717/3028/2842 1715/3027/2841 1714/3026/2840 1716/3029/2843
f 1718/3030/2844 1717/3028/2842 1716/3029/2843 1719/3031/2845
f 1719/3031/2845 1720/3032/2846 1718/3030/2844
f 1720/3032/2846 1719/3031/2845 1685/2995/2809 1686/2998/2812
f 1665/3033/2700 1703/3034/2829 1704/3035/2830 1667/3036/2792
f 1663/3037/2790 1701/3038/2827 1703/3034/2829 1665/3033/2700
f 1661/3039/2788 1699/3040/2826 1701/3038/2827 1663/3037/2790
f 1660/3041/2786 1698/3042/2823 1699/3040/2826 1661/3039/2788
f 1658/3043/2784 1696/3044/2822 1698/3042/2823 1660/3041/2786
f 1656/3045/2783 1694/3046/2820 1696/3044/2822 1658/3043/2784
f 1654/3047/2781 1692/3048/2819 1694/3049/2820 1656/3050/2783
f 1653/3051/2779 1691/3052/2817 1692/3048/2819 1654/3047/2781
f 1651/3053/2777 1689/3054/2815 1691/3052/2817 1653/3051/2779
f 1649/3055/2776 1687/3056/2813 1689/3054/2815 1651/3053/2777
f 1645/3057/2774 1683/3058/2811 1687/3056/2813 1649/3055/2776
f 1646/3059/2773 1686/3060/2812 1683/3058/2811 1645/3057/2774
f 1682/3061/2808 1720/3062/2846 1686/3060/2812 1646/3059/2773
f 1681/3063/2806 1718/3064/2844 1720/3062/2846 1682/3061/2808
f 1679/3065/2804 1717/3066/2842 1718/3064/2844 1681/3063/2806
f 1677/3067/2802 1715/3068/2841 1717/3066/2842 1679/3065/2804
f 1675/3069/2801 1713/3070/2839 1715/3068/2841 1677/3067/2802
f 1673/3071/2799 1711/3072/2838 1713/3070/2839 1675/3069/2801
f 1672/3073/2797 1710/3074/2836 1711/3072/2838 1673/3071/2799
f 1670/3075/2795 1708/3076/2834 1710/3074/2836 1672/3073/2797
f 1668/3077/2794 1706/3078/2832 1708/3076/2834 1670/3075/2795
f 1667/3036/2792 1704/3035/2830 1706/3078/2832 1668/3077/2794
f 1714/3026/2840 1712/3023/2837 1721/3079/2847 1722/3080/2848
f 1709/3021/2835 1723/3081/2849 1721/3079/2847 1712/3023/2837
f 1695/3007/2821 1693/3004/2818 1724/3082/2850 1725/3083/2851
f 1690/3002/2816 1726/3084/2852 1724/3082/2850 1693/3004/2818
f 1684/2996/2810 1685/2995/2809 1727/3085/2853 1728/3086/2854
f 1719/3031/2845 1729/3087/2855 1727/3085/2853 1685/2995/2809
f 1705/3017/2831 1702/3014/2828 1730/3088/2856 1731/3089/2857
f 1700/3011/2825 1732/3090/2858 1730/3088/2856 1702/3014/2828
f 1695/3007/2821 1725/3083/2851 1697/3010/2824
f 1697/3010/2824 1732/3090/2858 1700/3011/2825
f 1705/3017/2831 1731/3089/2857 1707/3019/2833
f 1707/3019/2833 1723/3081/2849 1709/3021/2835
f 1714/3026/2840 1722/3080/2848 1716/3029/2843
f 1716/3029/2843 1729/3087/2855 1719/3031/2845
f 1726/3084/2852 1690/3002/2816 1688/3000/2814
f 1684/2996/2810 1728/3086/2854 1688/3000/2814
f 1723/3081/2849 1707/3019/2833 1731/3089/2857
f 1729/3087/2855 1716/3029/2843 1722/3080/2848
f 1728/3086/2854 1726/3084/2852 1688/3000/2814
f 1732/3090/2858 1697/3010/2824 1725/3083/2851
f 1650/2963/2778 1652/2965/2780 1648/2960/2775
f 1659/2972/2787 1662/2974/2789 1657/2970/2785
f 1669/2982/2796 1671/2984/2798 1666/2979/2793
f 1674/2986/2800 1676/2989/2803 1671/2984/2798
f 1678/2991/2805 1680/2993/2807 1676/2989/2803
f 1647/2957/2772 1648/2960/2775 1680/2993/2807
f 1664/2977/2791 1666/2979/2793 1662/2974/2789
f 1680/2993/2807 1648/2960/2775 1662/2974/2789 1666/2979/2793
f 1666/2979/2793 1671/2984/2798 1676/2989/2803 1680/2993/2807
f 1655/2967/2782 1657/2970/2785 1652/2965/2780
f 1662/2974/2789 1648/2960/2775 1652/2965/2780 1657/2970/2785
f 1729/3087/2855 1733/3091/483 1727/3085/2853
f 1722/3080/2848 1733/3091/483 1729/3087/2855
f 1721/3079/2847 1733/3091/483 1722/3080/2848
f 1723/3081/2849 1733/3091/483 1721/3079/2847
f 1731/3089/2857 1733/3091/483 1723/3081/2849
f 1730/3088/2856 1733/3091/483 1731/3089/2857
f 1732/3090/2858 1733/3091/483 1730/3088/2856
f 1725/3083/2851 1733/3091/483 1732/3090/2858
f 1724/3082/2850 1733/3091/483 1725/3083/2851
f 1726/3084/2852 1733/3091/483 1724/3082/2850
f 1728/3086/2854 1733/3091/483 1726/3084/2852
f 1727/3085/2853 1733/3091/483 1728/3086/2854
f 1736/2957/2859 1737/2960/2860 1734/2959/2811 1735/2958/2812
f 1738/2961/2813 1734/2959/2811 1737/2960/2860
f 1738/2961/2813 1737/2960/2860 1739/2963/2861 1740/2962/2815
f 1740/2962/2815 1739/2963/2861 1741/2965/2862 1742/2964/2817
f 1741/2965/2862 1744/2967/2863 1743/2966/2819 1742/2964/2817
f 1745/2968/2820 1743/2966/2819 1744/2967/2863
f 1745/2968/2820 1744/2967/2863 1746/2970/2864 1747/2969/2822
f 1746/2970/2864 1748/2972/2865 1749/2971/2823 1747/2969/2822
f 1748/2972/2865 1751/2974/2866 1750/2973/2826 1749/2971/2823
f 1752/2975/2827 1750/2973/2826 1751/2974/2866
f 1752/2975/2827 1751/2974/2866 1753/2977/2867 1754/2976/2829
f 1756/2978/2830 1754/2976/2829 1753/2977/2867 1755/2979/2868
f 1757/2980/2832 1756/2978/2830 1755/2979/2868
f 1757/2980/2832 1755/2979/2868 1758/2982/2869 1759/2981/2834
f 1759/2981/2834 1758/2982/2869 1760/2984/2870 1761/2983/2836
f 1760/2984/2870 1763/2986/2871 1762/2985/2838 1761/2983/2836
f 1764/2987/2839 1762/2985/2838 1763/2986/2871
f 1764/2987/2839 1763/2986/2871 1765/2989/2872 1766/2988/2841
f 1765/2989/2872 1767/2991/2873 1768/2990/2874 1766/2988/2841
f 1770/2992/2844 1768/2990/2874 1767/2991/2873 1769/2993/2875
f 1771/2994/2846 1770/2992/2844 1769/2993/2875
f 1771/2994/2846 1769/2993/2875 1736/2957/2859 1735/2958/2812
f 1774/2995/2876 1775/2998/2773 1772/2997/2774 1773/2996/2877
f 1773/2996/2877 1772/2997/2774 1776/2999/2776
f 1776/2999/2776 1778/3001/2777 1777/3000/2878 1773/2996/2877
f 1778/3001/2777 1780/3003/2779 1779/3002/2879 1777/3000/2878
f 1779/3002/2879 1780/3003/2779 1781/3005/2781 1782/3004/2880
f 1782/3004/2880 1781/3005/2781 1783/3006/2783
f 1783/3006/2783 1785/3008/2784 1784/3007/2881 1782/3004/2880
f 1787/3009/2786 1786/3010/2882 1784/3007/2881 1785/3008/2784
f 1786/3010/2882 1787/3009/2786 1788/3012/2788 1789/3011/2883
f 1789/3011/2883 1788/3012/2788 1790/3013/2790
f 1790/3013/2790 1792/3015/2700 1791/3014/2884 1789/3011/2883
f 1793/3016/2792 1794/3017/2885 1791/3014/2884 1792/3015/2700
f 1794/3017/2885 1793/3016/2792 1795/3018/2794
f 1795/3018/2794 1797/3020/2795 1796/3019/2886 1794/3017/2885
f 1797/3020/2795 1799/3022/2797 1798/3021/2887 1796/3019/2886
f 1798/3021/2887 1799/3022/2797 1800/3024/2799 1801/3023/2888
f 1801/3023/2888 1800/3024/2799 1802/3025/2801
f 1802/3025/2801 1804/3027/2802 1803/3026/2889 1801/3023/2888
f 1806/3028/2890 1805/3029/2891 1803/3026/2889 1804/3027/2802
f 1807/3030/2806 1808/3031/2892 1805/3029/2891 1806/3028/2890
f 1808/3031/2892 1807/3030/2806 1809/3032/2808
f 1809/3032/2808 1775/2998/2773 1774/2995/2876 1808/3031/2892
f 1754/3033/2829 1756/3036/2830 1793/3035/2792 1792/3034/2700
f 1752/3037/2827 1754/3033/2829 1792/3034/2700 1790/3038/2790
f 1750/3039/2826 1752/3037/2827 1790/3038/2790 1788/3040/2788
f 1749/3041/2823 1750/3039/2826 1788/3040/2788 1787/3042/2786
f 1747/3043/2822 1749/3041/2823 1787/3042/2786 1785/3044/2784
f 1745/3045/2820 1747/3043/2822 1785/3044/2784 1783/3046/2783
f 1743/3047/2819 1745/3050/2820 1783/3049/2783 1781/3048/2781
f 1742/3051/2817 1743/3047/2819 1781/3048/2781 1780/3052/2779
f 1740/3053/2815 1742/3051/2817 1780/3052/2779 1778/3054/2777
f 1738/3055/2813 1740/3053/2815 1778/3054/2777 1776/3056/2776
f 1734/3057/2811 1738/3055/2813 1776/3056/2776 1772/3058/2774
f 1735/3059/2812 1734/3057/2811 1772/3058/2774 1775/3060/2773
f 1771/3061/2846 1735/3059/2812 1775/3060/2773 1809/3062/2808
f 1770/3063/2844 1771/3061/2846 1809/3062/2808 1807/3064/2806
f 1768/3065/2874 1770/3063/2844 1807/3064/2806 1806/3066/2890
f 1766/3067/2841 1768/3065/2874 1806/3066/2890 1804/3068/2802
f 1764/3069/2839 1766/3067/2841 1804/3068/2802 1802/3070/2801
f 1762/3071/2838 1764/3069/2839 1802/3070/2801 1800/3072/2799
f 1761/3073/2836 1762/3071/2838 1800/3072/2799 1799/3074/2797
f 1759/3075/2834 1761/3073/2836 1799/3074/2797 1797/3076/2795
f 1757/3077/2832 1759/3075/2834 1797/3076/2795 1795/3078/2794
f 1756/3036/2830 1757/3077/2832 1795/3078/2794 1793/3035/2792
f 1803/3026/2889 1811/3080/2893 1810/3079/2894 1801/3023/2888
f 1798/3021/2887 1801/3023/2888 1810/3079/2894 1812/3081/2895
f 1784/3007/2881 1814/3083/2896 1813/3082/2897 1782/3004/2880
f 1779/3002/2879 1782/3004/2880 1813/3082/2897 1815/3084/2898
f 1773/2996/2877 1817/3086/2899 1816/3085/2900 1774/2995/2876
f 1808/3031/2892 1774/2995/2876 1816/3085/2900 1818/3087/2901
f 1794/3017/2885 1820/3089/2902 1819/3088/2903 1791/3014/2884
f 1789/3011/2883 1791/3014/2884 1819/3088/2903 1821/3090/2904
f 1784/3007/2881 1786/3010/2882 1814/3083/2896
f 1786/3010/2882 1789/3011/2883 1821/3090/2904
f 1794/3017/2885 1796/3019/2886 1820/3089/2902
f 1796/3019/2886 1798/3021/2887 1812/3081/2895
f 1803/3026/2889 1805/3029/2891 1811/3080/2893
f 1805/3029/2891 1808/3031/2892 1818/3087/2901
f 1815/3084/2898 1777/3000/2878 1779/3002/2879
f 1773/2996/2877 1777/3000/2878 1817/3086/2899
f 1812/3081/2895 1820/3089/2902 1796/3019/2886
f 1818/3087/2901 1811/3080/2893 1805/3029/2891
f 1817/3086/2899 1777/3000/2878 1815/3084/2898
f 1821/3090/2904 1814/3083/2896 1786/3010/2882
f 1739/2963/2861 1737/2960/2860 1741/2965/2862
f 1748/2972/2865 1746/2970/2864 1751/2974/2866
f 1758/2982/2869 1755/2979/2868 1760/2984/2870
f 1763/2986/2871 1760/2984/2870 1765/2989/2872
f 1767/2991/2873 1765/2989/2872 1769/2993/2875
f 1736/2957/2859 1769/2993/2875 1737/2960/2860
f 1753/2977/2867 1751/2974/2866 1755/2979/2868
f 1769/2993/2875 1755/2979/2868 1751/2974/2866 1737/2960/2860
f 1755/2979/2868 1769/2993/2875 1765/2989/2872 1760/2984/2870
f 1744/2967/2863 1741/2965/2862 1746/2970/2864
f 1751/2974/2866 1746/2970/2864 1741/2965/2862 1737/2960/2860
f 1818/3087/2901 1816/3085/2900 1822/3091/405
f 1811/3080/2893 1818/3087/2901 1822/3091/405
f 1810/3079/2894 1811/3080/2893 1822/3091/405
f 1812/3081/2895 1810/3079/2894 1822/3091/405
f 1820/3089/2902 1812/3081/2895 1822/3091/405
f 1819/3088/2903 1820/3089/2902 1822/3091/405
f 1821/3090/2904 1819/3088/2903 1822/3091/405
f 1814/3083/2896 1821/3090/2904 1822/3091/405
f 1813/3082/2897 1814/3083/2896 1822/3091/405
f 1815/3084/2898 1813/3082/2897 1822/3091/405
f 1817/3086/2899 1815/3084/2898 1822/3091/405
f 1816/3085/2900 1817/3086/2899 1822/3091/405
f 1825/2957/2772 1824/2958/2773 1823/2959/2774 1826/2960/2905
f 1827/2961/2776 1826/2960/2905 1823/2959/2774
f 1827/2961/2776 1829/2962/2777 1828/2963/2778 1826/2960/2905
f 1829/2962/2777 1831/2964/2779 1830/2965/2780 1828/2963/2778
f 1830/2965/2780 1831/2964/2779 1832/2966/2781 1833/2967/2782
f 1834/2968/2783 1833/2967/2782 1832/2966/2781
f 1834/2968/2783 1836/2969/2784 1835/2970/2785 1833/2967/2782
f 1835/2970/2785 1836/2969/2784 1838/2971/2786 1837/2972/2787
f 1837/2972/2787 1838/2971/2786 1839/2973/2788 1840/2974/2789
f 1841/2975/2790 1840/2974/2789 1839/2973/2788
f 1841/2975/2790 1843/2976/2700 1842/2977/2791 1840/2974/2789
f 1845/2978/2792 1844/2979/2793 1842/2977/2791 1843/2976/2700
f 1846/2980/2794 1844/2979/2793 1845/2978/2792
f 1846/2980/2794 1848/2981/2795 1847/2982/2796 1844/2979/2793
f 1848/2981/2795 1850/2983/2797 1849/2984/2798 1847/2982/2796
f 1849/2984/2798 1850/2983/2797 1851/2985/2799 1852/2986/2800
f 1853/2987/2801 1852/2986/2800 1851/2985/2799
f 1853/2987/2801 1855/2988/2802 1854/2989/2803 1852/2986/2800
f 1854/2989/2803 1855/2988/2802 1857/2990/2890 1856/2991/2805
f 1859/2992/2806 1858/2993/2807 1856/2991/2805 1857/2990/2890
f 1860/2994/2808 1858/2993/2807 1859/2992/2806
f 1860/2994/2808 1824/2958/2773 1825/2957/2772 1858/2993/2807
f 1863/2995/2809 1862/2996/2810 1861/2997/2811 1864/2998/2812
f 1862/2996/2810 1865/2999/2813 1861/2997/2811
f 1865/2999/2813 1862/2996/2810 1866/3000/2814 1867/3001/2815
f 1867/3001/2815 1866/3000/2814 1868/3002/2816 1869/3003/2817
f 1868/3002/2816 1871/3004/2818 1870/3005/2819 1869/3003/2817
f 1871/3004/2818 1872/3006/2820 1870/3005/2819
f 1872/3006/2820 1871/3004/2818 1873/3007/2821 1874/3008/2822
f 1876/3009/2823 1874/3008/2822 1873/3007/2821 1875/3010/2824
f 1875/3010/2824 1878/3011/2825 1877/3012/2826 1876/3009/2823
f 1878/3011/2825 1879/3013/2827 1877/3012/2826
f 1879/3013/2827 1878/3011/2825 1880/3014/2828 1881/3015/2829
f 1882/3016/2830 1881/3015/2829 1880/3014/2828 1883/3017/2831
f 1883/3017/2831 1884/3018/2832 1882/3016/2830
f 1884/3018/2832 1883/3017/2831 1885/3019/2833 1886/3020/2834
f 1886/3020/2834 1885/3019/2833 1887/3021/2835 1888/3022/2836
f 1887/3021/2835 1890/3023/2837 1889/3024/2838 1888/3022/2836
f 1890/3023/2837 1891/3025/2839 1889/3024/2838
f 1891/3025/2839 1890/3023/2837 1892/3026/2840 1893/3027/2841
f 1895/3028/2842 1893/3027/2841 1892/3026/2840 1894/3029/2843
f 1896/3030/2844 1895/3028/2842 1894/3029/2843 1897/3031/2906
f 1897/3031/2906 1898/3032/2846 1896/3030/2844
f 1898/3032/2846 1897/3031/2906 1863/2995/2809 1864/2998/2812
f 1843/3033/2700 1881/3034/2829 1882/3035/2830 1845/3036/2792
f 1841/3037/2790 1879/3038/2827 1881/3034/2829 1843/3033/2700
f 1839/3039/2788 1877/3040/2826 1879/3038/2827 1841/3037/2790
f 1838/3041/2786 1876/3042/2823 1877/3040/2826 1839/3039/2788
f 1836/3043/2784 1874/3044/2822 1876/3042/2823 1838/3041/2786
f 1834/3045/2783 1872/3046/2820 1874/3044/2822 1836/3043/2784
f 1832/3047/2781 1870/3048/2819 1872/3049/2820 1834/3050/2783
f 1831/3051/2779 1869/3052/2817 1870/3048/2819 1832/3047/2781
f 1829/3053/2777 1867/3054/2815 1869/3052/2817 1831/3051/2779
f 1827/3055/2776 1865/3056/2813 1867/3054/2815 1829/3053/2777
f 1823/3057/2774 1861/3058/2811 1865/3056/2813 1827/3055/2776
f 1824/3059/2773 1864/3060/2812 1861/3058/2811 1823/3057/2774
f 1860/3061/2808 1898/3062/2846 1864/3060/2812 1824/3059/2773
f 1859/3063/2806 1896/3064/2844 1898/3062/2846 1860/3061/2808
f 1857/3065/2890 1895/3066/2842 1896/3064/2844 1859/3063/2806
f 1855/3067/2802 1893/3068/2841 1895/3066/2842 1857/3065/2890
f 1853/3069/2801 1891/3070/2839 1893/3068/2841 1855/3067/2802
f 1851/3071/2799 1889/3072/2838 1891/3070/2839 1853/3069/2801
f 1850/3073/2797 1888/3074/2836 1889/3072/2838 1851/3071/2799
f 1848/3075/2795 1886/3076/2834 1888/3074/2836 1850/3073/2797
f 1846/3077/2794 1884/3078/2832 1886/3076/2834 1848/3075/2795
f 1845/3036/2792 1882/3035/2830 1884/3078/2832 1846/3077/2794
f 1892/3026/2840 1890/3023/2837 1899/3079/2847 1900/3080/2848
f 1887/3021/2835 1901/3081/2849 1899/3079/2847 1890/3023/2837
f 1873/3007/2821 1871/3004/2818 1902/3082/2850 1903/3083/2851
f 1868/3002/2816 1904/3084/2852 1902/3082/2850 1871/3004/2818
f 1862/2996/2810 1863/2995/2809 1905/3085/2853 1906/3086/2854
f 1897/3031/2906 1907/3087/2855 1905/3085/2853 1863/2995/2809
f 1883/3017/2831 1880/3014/2828 1908/3088/2856 1909/3089/2857
f 1878/3011/2825 1910/3090/2858 1908/3088/2856 1880/3014/2828
f 1873/3007/2821 1903/3083/2851 1875/3010/2824
f 1875/3010/2824 1910/3090/2858 1878/3011/2825
f 1883/3017/2831 1909/3089/2857 1885/3019/2833
f 1885/3019/2833 1901/3081/2849 1887/3021/2835
f 1892/3026/2840 1900/3080/2848 1894/3029/2843
f 1894/3029/2843 1907/3087/2855 1897/3031/2906
f 1904/3084/2852 1868/3002/2816 1866/3000/2814
f 1862/2996/2810 1906/3086/2854 1866/3000/2814
f 1901/3081/2849 1885/3019/2833 1909/3089/2857
f 1907/3087/2855 1894/3029/2843 1900/3080/2848
f 1906/3086/2854 1904/3084/2852 1866/3000/2814
f 1910/3090/2858 1875/3010/2824 1903/3083/2851
f 1828/2963/2778 1830/2965/2780 1826/2960/2905
f 1837/2972/2787 1840/2974/2789 1835/2970/2785
f 1847/2982/2796 1849/2984/2798 1844/2979/2793
f 1852/2986/2800 1854/2989/2803 1849/2984/2798
f 1856/2991/2805 1858/2993/2807 1854/2989/2803
f 1825/2957/2772 1826/2960/2905 1858/2993/2807
f 1842/2977/2791 1844/2979/2793 1840/2974/2789
f 1858/2993/2807 1826/2960/2905 1840/2974/2789 1844/2979/2793
f 1844/2979/2793 1849/2984/2798 1854/2989/2803 1858/2993/2807
f 1833/2967/2782 1835/2970/2785 1830/2965/2780
f 1840/2974/2789 1826/2960/2905 1830/2965/2780 1835/2970/2785
f 1907/3087/2855 1911/3091/483 1905/3085/2853
f 1900/3080/2848 1911/3091/483 1907/3087/2855
f 1899/3079/2847 1911/3091/483 1900/3080/2848
f 1901/3081/2849 1911/3091/483 1899/3079/2847
f 1909/3089/2857 1911/3091/483 1901/3081/2849
f 1908/3088/2856 1911/3091/483 1909/3089/2857
f 1910/3090/2858 1911/3091/483 1908/3088/2856
f 1903/3083/2851 1911/3091/483 1910/3090/2858
f 1902/3082/2850 1911/3091/483 1903/3083/2851
f 1904/3084/2852 1911/3091/483 1902/3082/2850
f 1906/3086/2854 1911/3091/483 1904/3084/2852
f 1905/3085/2853 1911/3091/483 1906/3086/2854
f 1914/2957/2859 1915/2960/2860 1912/2959/2811 1913/2958/2812
f 1916/2961/2813 1912/2959/2811 1915/2960/2860
f 1916/2961/2813 1915/2960/2860 1917/2963/2861 1918/2962/2815
f 1918/2962/2815 1917/2963/2861 1919/2965/2862 1920/2964/2817
f 1919/2965/2862 1922/2967/2863 1921/2966/2819 1920/2964/2817
f 1923/2968/2820 1921/2966/2819 1922/2967/2863
f 1923/2968/2820 1922/2967/2863 1924/2970/2864 1925/2969/2822
f 1924/2970/2864 1926/2972/2865 1927/2971/2823 1925/2969/2822
f 1926/2972/2865 1929/2974/2866 1928/2973/2826 1927/2971/2823
f 1930/2975/2827 1928/2973/2826 1929/2974/2866
f 1930/2975/2827 1929/2974/2866 1931/2977/2867 1932/2976/2829
f 1934/2978/2830 1932/2976/2829 1931/2977/2867 1933/2979/2868
f 1935/2980/2832 1934/2978/2830 1933/2979/2868
f 1935/2980/2832 1933/2979/2868 1936/2982/2869 1937/2981/2834
f 1937/2981/2834 1936/2982/2869 1938/2984/2870 1939/2983/2836
f 1938/2984/2870 1941/2986/2871 1940/2985/2838 1939/2983/2836
f 1942/2987/2839 1940/2985/2838 1941/2986/2871
f 1942/2987/2839 1941/2986/2871 1943/2989/2872 1944/2988/2841
f 1943/2989/2872 1945/2991/2873 1946/2990/2842 1944/2988/2841
f 1948/2992/2844 1946/2990/2842 1945/2991/2873 1947/2993/2875
f 1949/2994/2846 1948/2992/2844 1947/2993/2875
f 1949/2994/2846 1947/2993/2875 1914/2957/2859 1913/2958/2812
f 1952/2995/2876 1953/2998/2773 1950/2997/2774 1951/2996/2877
f 1951/2996/2877 1950/2997/2774 1954/2999/2776
f 1954/2999/2776 1956/3001/2777 1955/3000/2878 1951/2996/2877
f 1956/3001/2777 1958/3003/2779 1957/3002/2879 1955/3000/2878
f 1957/3002/2879 1958/3003/2779 1959/3005/2781 1960/3004/2880
f 1960/3004/2880 1959/3005/2781 1961/3006/2783
f 1961/3006/2783 1963/3008/2784 1962/3007/2881 1960/3004/2880
f 1965/3009/2786 1964/3010/2882 1962/3007/2881 1963/3008/2784
f 1964/3010/2882 1965/3009/2786 1966/3012/2788 1967/3011/2883
f 1967/3011/2883 1966/3012/2788 1968/3013/2790
f 1968/3013/2790 1970/3015/2700 1969/3014/2884 1967/3011/2883
f 1971/3016/2792 1972/3017/2885 1969/3014/2884 1970/3015/2700
f 1972/3017/2885 1971/3016/2792 1973/3018/2794
f 1973/3018/2794 1975/3020/2795 1974/3019/2886 1972/3017/2885
f 1975/3020/2795 1977/3022/2797 1976/3021/2887 1974/3019/2886
f 1976/3021/2887 1977/3022/2797 1978/3024/2799 1979/3023/2888
f 1979/3023/2888 1978/3024/2799 1980/3025/2801
f 1980/3025/2801 1982/3027/2802 1981/3026/2889 1979/3023/2888
f 1984/3028/2890 1983/3029/2891 1981/3026/2889 1982/3027/2802
f 1985/3030/2806 1986/3031/2907 1983/3029/2891 1984/3028/2890
f 1986/3031/2907 1985/3030/2806 1987/3032/2808
f 1987/3032/2808 1953/2998/2773 1952/2995/2876 1986/3031/2907
f 1932/3033/2829 1934/3036/2830 1971/3035/2792 1970/3034/2700
f 1930/3037/2827 1932/3033/2829 1970/3034/2700 1968/3038/2790
f 1928/3039/2826 1930/3037/2827 1968/3038/2790 1966/3040/2788
f 1927/3041/2823 1928/3039/2826 1966/3040/2788 1965/3042/2786
f 1925/3043/2822 1927/3041/2823 1965/3042/2786 1963/3044/2784
f 1923/3045/2820 1925/3043/2822 1963/3044/2784 1961/3046/2783
f 1921/3047/2819 1923/3050/2820 1961/3049/2783 1959/3048/2781
f 1920/3051/2817 1921/3047/2819 1959/3048/2781 1958/3052/2779
f 1918/3053/2815 1920/3051/2817 1958/3052/2779 1956/3054/2777
f 1916/3055/2813 1918/3053/2815 1956/3054/2777 1954/3056/2776
f 1912/3057/2811 1916/3055/2813 1954/3056/2776 1950/3058/2774
f 1913/3059/2812 1912/3057/2811 1950/3058/2774 1953/3060/2773
f 1949/3061/2846 1913/3059/2812 1953/3060/2773 1987/3062/2808
f 1948/3063/2844 1949/3061/2846 1987/3062/2808 1985/3064/2806
f 1946/3065/2842 1948/3063/2844 1985/3064/2806 1984/3066/2890
f 1944/3067/2841 1946/3065/2842 1984/3066/2890 1982/3068/2802
f 1942/3069/2839 1944/3067/2841 1982/3068/2802 1980/3070/2801
f 1940/3071/2838 1942/3069/2839 1980/3070/2801 1978/3072/2799
f 1939/3073/2836 1940/3071/2838 1978/3072/2799 1977/3074/2797
f 1937/3075/2834 1939/3073/2836 1977/3074/2797 1975/3076/2795
f 1935/3077/2832 1937/3075/2834 1975/3076/2795 1973/3078/2794
f 1934/3036/2830 1935/3077/2832 1973/3078/2794 1971/3035/2792
f 1981/3026/2889 1989/3080/2893 1988/3079/2894 1979/3023/2888
f 1976/3021/2887 1979/3023/2888 1988/3079/2894 1990/3081/2895
f 1962/3007/2881 1992/3083/2896 1991/3082/2897 1960/3004/2880
f 1957/3002/2879 1960/3004/2880 1991/3082/2897 1993/3084/2898
f 1951/2996/2877 1995/3086/2899 1994/3085/2900 1952/2995/2876
f 1986/3031/2907 1952/2995/2876 1994/3085/2900 1996/3087/2901
f 1972/3017/2885 1998/3089/2902 1997/3088/2903 1969/3014/2884
f 1967/3011/2883 1969/3014/2884 1997/3088/2903 1999/3090/2904
f 1962/3007/2881 1964/3010/2882 1992/3083/2896
f 1964/3010/2882 1967/3011/2883 1999/3090/2904
f 1972/3017/2885 1974/3019/2886 1998/3089/2902
f 1974/3019/2886 1976/3021/2887 1990/3081/2895
f 1981/3026/2889 1983/3029/2891 1989/3080/2893
f 1983/3029/2891 1986/3031/2907 1996/3087/2901
f 1993/3084/2898 1955/3000/2878 1957/3002/2879
f 1951/2996/2877 1955/3000/2878 1995/3086/2899
f 1990/3081/2895 1998/3089/2902 1974/3019/2886
f 1996/3087/2901 1989/3080/2893 1983/3029/2891
f 1995/3086/2899 1955/3000/2878 1993/3084/2898
f 1999/3090/2904 1992/3083/2896 1964/3010/2882
f 1917/2963/2861 1915/2960/2860 1919/2965/2862
f 1926/2972/2865 1924/2970/2864 1929/2974/2866
f 1936/2982/2869 1933/2979/2868 1938/2984/2870
f 1941/2986/2871 1938/2984/2870 1943/2989/2872
f 1945/2991/2873 1943/2989/2872 1947/2993/2875
f 1914/2957/2859 1947/2993/2875 1915/2960/2860
f 1931/2977/2867 1929/2974/2866 1933/2979/2868
f 1947/2993/2875 1933/2979/2868 1929/2974/2866 1915/2960/2860
f 1933/2979/2868 1947/2993/2875 1943/2989/2872 1938/2984/2870
f 1922/2967/2863 1919/2965/2862 1924/2970/2864
f 1929/2974/2866 1924/2970/2864 1919/2965/2862 1915/2960/2860
f 1996/3087/2901 1994/3085/2900 2000/3091/405
f 1989/3080/2893 1996/3087/2901 2000/3091/405
f 1988/3079/2894 1989/3080/2893 2000/3091/405
f 1990/3081/2895 1988/3079/2894 2000/3091/405
f 1998/3089/2902 1990/3081/2895 2000/3091/405
f 1997/3088/2903 1998/3089/2902 2000/3091/405
f 1999/3090/2904 1997/3088/2903 2000/3091/405
f 1992/3083/2896 1999/3090/2904 2000/3091/405
f 1991/3082/2897 1992/3083/2896 2000/3091/405
f 1993/3084/2898 1991/3082/2897 2000/3091/405
f 1995/3086/2899 1993/3084/2898 2000/3091/405
f 1994/3085/2900 1995/3086/2899 2000/3091/405
f 2001/3092/2908 2002/3093/2908 2003/3094/2908 2004/3095/2908
f 2006/3096/2909 2007/3097/2910 2008/3098/2911 2005/3099/2909
f 2006/3100/2912 2009/3101/2912 2010/3102/2912 2007/3103/2912
f 2002/3104/2913 2010/3105/2914 2003/3106/2915
f 2007/3097/2910 2001/3107/2916 2004/3108/2917
f 2007/3103/2918 2010/3102/2918 2002/3093/2918 2001/3092/2918
f 2011/3109/2919 2012/3110/2919 2013/3111/2919 2014/3112/2919
f 2005/3113/2920 2008/3114/2920 2015/3115/2920 2016/3116/2920
f 2009/3117/2921 2016/3118/2921 2015/3119/2922 2010/3105/2923
f 2007/3097/2910 2004/3108/2917 2012/3120/2924 2008/3098/2911
f 2008/3114/2925 2011/3109/2925 2014/3112/2925 2015/3115/2925
f 2017/3121/2926 2018/3122/2926 2019/3123/2926 2020/3124/2926
f 2022/3125/2927 2023/3126/2928 2024/3127/2929 2021/3128/2927
f 2021/3129/2930 2024/3130/2930 2025/3131/2930 2026/3132/2930
f 2019/3133/2931 2025/3134/2932 2020/3135/2933
f 2024/3127/2934 2018/3136/2935 2017/3137/2936
f 2024/3130/2937 2017/3121/2937 2020/3124/2937 2025/3131/2937
f 2027/3138/2938 2028/3139/2938 2029/3140/2938 2030/3141/2938
f 2022/3142/2939 2031/3143/2939 2032/3144/2939 2023/3145/2939
f 2029/3146/2940 2032/3147/2941 2025/3134/2932 2019/3133/2931
f 2024/3127/2929 2023/3126/2928 2030/3148/2942 2018/3136/2935
f 2028/3139/2943 2027/3138/2943 2023/3145/2943 2032/3144/2943
f 2034/3149/405 2035/3150/405 2036/3151/405 2033/3152/405
f 2038/3153/483 2039/3154/483 2040/3155/483 2037/3156/483
f 2037/3157/1076 2033/3158/1076 2036/3159/1076 2038/3160/1076
f 2036/3161/1077 2035/3162/1077 2039/3163/1077 2038/3164/1077
f 2042/3165/202 2043/3166/202 2044/3167/202 2041/3168/202
f 2034/3169/2944 2040/3170/2944 2044/3167/2944 2043/3166/2944
f 2043/3166/2945 2042/3165/2945 2035/3171/2945 2034/3172/2945
f 2041/3168/2946 2044/3167/2946 2040/3173/2946 2039/3174/2946
f 2042/3165/2947 2041/3168/2947 2039/3175/2947 2035/3176/2947
f 2033/3177/1078 2037/3178/1078 2040/3179/1078 2034/3180/1078
f 2013/3181/2948 2003/3106/2949 2010/3105/2923 2015/3119/2922
f 2026/3182/2950 2025/3134/2932 2032/3147/2941 2031/3183/2950
f 2012/3120/2924 2011/3184/2951 2008/3098/2952
f 2029/3146/2953 2028/3185/2954 2032/3147/2955
f 2015/3119/2922 2014/3186/2956 2013/3181/2948
f 2023/3126/2928 2027/3187/2957 2030/3148/2942
