# Blender 5.2.0 LTS
# www.blender.org
mtllib farmer0240.mtl
o obj4
v -0.312589 5.380337 0.373562
v -0.321076 5.351402 0.351624
v -0.303312 5.330956 0.384355
v -0.292497 5.338524 0.411674
v -0.349248 5.383904 0.290860
v -0.342519 5.345482 0.304059
v -0.361623 5.336382 0.227401
v -0.338302 5.328130 0.260972
v -0.285460 5.338980 0.408063
v -0.305527 5.380598 0.369971
v -0.296276 5.331412 0.380743
v -0.285460 5.338980 0.408063
v -0.314014 5.351663 0.348033
v -0.335236 5.346738 0.301035
v -0.305527 5.380598 0.369971
v -0.341965 5.385160 0.287835
v -0.354529 5.338761 0.225080
v -0.331208 5.330509 0.258653
v -0.341965 5.385160 0.287835
v -0.354529 5.338761 0.225080
v -0.214145 5.201251 0.012880
v -0.240589 5.234324 0.016311
v -0.219891 5.245495 -0.012625
v -0.192192 5.192618 -0.006203
v -0.286121 5.292078 0.027869
v -0.280138 5.254741 0.044175
v -0.296335 5.267084 0.086135
v -0.329868 5.290191 0.095110
v -0.214944 5.248832 -0.007407
v -0.187248 5.196117 -0.001097
v -0.187248 5.196117 -0.001097
v -0.209201 5.204751 0.017985
v -0.235641 5.237660 0.021529
v -0.274619 5.258562 0.048499
v -0.280603 5.295900 0.032195
v -0.214944 5.248832 -0.007407
v -0.290540 5.271352 0.089227
v -0.324074 5.294460 0.098203
v -0.324074 5.294460 0.098203
v -0.280603 5.295900 0.032195
v 0.267417 5.667264 0.681759
v 0.257328 5.548960 0.731413
v 0.533268 5.475465 0.605003
v 0.537605 5.595300 0.557984
v 0.678694 5.383941 0.373654
v 0.680000 5.505684 0.331459
v 0.680000 5.505684 0.331459
v 0.678694 5.383941 0.373654
v 0.654641 5.298912 0.099356
v 0.656447 5.422428 0.062879
v 0.467552 5.243164 -0.144395
v 0.473259 5.367842 -0.175788
v 0.167557 5.231630 -0.292283
v 0.179518 5.356549 -0.320594
v -0.164958 5.267403 -0.304683
v -0.146065 5.391574 -0.332735
v -0.440900 5.340895 -0.178272
v -0.416252 5.463536 -0.208959
v -0.586326 5.432419 0.053079
v -0.558647 5.553152 0.017566
v -0.562273 5.517447 0.327377
v -0.535094 5.636408 0.286146
v -0.375182 5.573198 0.571126
v -0.351906 5.690998 0.524813
v -0.075188 5.584734 0.719013
v -0.058167 5.702292 0.669618
v 0.181388 5.677872 0.425353
v 0.180789 5.573502 0.493224
v 0.343874 5.530066 0.418513
v 0.327605 5.638927 0.358369
v 0.429823 5.475973 0.281782
v 0.404665 5.590430 0.235779
v 0.404665 5.590430 0.235779
v 0.429823 5.475973 0.281782
v 0.415608 5.425720 0.119667
v 0.391920 5.545373 0.090430
v 0.305034 5.392770 -0.024392
v 0.292784 5.515831 -0.038729
v 0.127734 5.385953 -0.111796
v 0.133820 5.509719 -0.117093
v -0.068788 5.407096 -0.119125
v -0.042378 5.528676 -0.123664
v -0.231874 5.450533 -0.044414
v -0.188596 5.567620 -0.056681
v -0.317823 5.504624 0.092317
v -0.265656 5.616117 0.065910
v -0.303607 5.554878 0.254432
v -0.252911 5.661174 0.211258
v -0.193034 5.587827 0.398491
v -0.153773 5.690716 0.340418
v -0.015733 5.594644 0.485896
v 0.005191 5.696827 0.418782
v 0.172453 5.761198 0.343890
v 0.291840 5.729400 0.289198
v 0.354759 5.689801 0.189104
v 0.354759 5.689801 0.189104
v 0.344352 5.653013 0.070426
v 0.263407 5.628893 -0.035032
v 0.133614 5.623902 -0.099016
v -0.010251 5.639380 -0.104381
v -0.129638 5.671177 -0.049690
v -0.192557 5.710775 0.050405
v -0.182150 5.747564 0.169081
v -0.101205 5.771685 0.274541
v 0.028589 5.776674 0.338524
v 0.154594 5.817800 0.254385
v 0.239015 5.795315 0.215712
v 0.283504 5.767315 0.144935
v 0.283504 5.767315 0.144935
v 0.276147 5.741302 0.061018
v 0.218909 5.724246 -0.013552
v 0.127132 5.720717 -0.058796
v 0.025404 5.731661 -0.062589
v -0.059015 5.754146 -0.023917
v -0.103506 5.782146 0.046861
v -0.096146 5.808159 0.130777
v -0.038910 5.825215 0.205348
v 0.052868 5.828743 0.250591
v 0.129031 5.843822 0.162940
v 0.172729 5.832183 0.142921
v 0.195759 5.817689 0.106284
v 0.195759 5.817689 0.106284
v 0.191950 5.804224 0.062846
v 0.162322 5.795394 0.024245
v 0.114815 5.793568 0.000825
v 0.062156 5.799233 -0.001139
v 0.018457 5.810872 0.018880
v -0.004572 5.825366 0.055517
v -0.000764 5.838831 0.098955
v 0.028864 5.847661 0.137556
v 0.076373 5.849487 0.160976
v 0.097502 5.837489 0.075786
v 0.170699 5.455198 0.542878
v 0.339537 5.410228 0.465531
v 0.428519 5.354228 0.323978
v 0.428519 5.354228 0.323978
v 0.413801 5.302203 0.156143
v 0.299327 5.268090 0.007002
v 0.115773 5.261033 -0.083486
v -0.087683 5.282921 -0.091073
v -0.256521 5.327890 -0.013726
v -0.345503 5.383891 0.127829
v -0.330784 5.435916 0.295662
v -0.216311 5.470029 0.444803
v -0.032755 5.477086 0.535291
v -0.380775 4.965408 0.125754
v -0.440336 4.993137 0.169043
v -0.454062 5.058358 0.187843
v -0.437096 5.064029 0.156021
v -0.418405 4.964133 0.157324
v -0.440811 4.976147 0.176040
v -0.442536 5.059480 0.197515
v -0.427017 5.007423 0.175025
v -0.370449 4.966922 0.138045
v -0.426382 5.065492 0.166513
v -0.429480 4.976918 0.187947
v -0.408435 4.965816 0.170412
v -0.370449 4.966922 0.138045
v -0.427017 5.007423 0.175025
v -0.442536 5.059480 0.197515
v -0.475685 5.063741 0.217197
v -0.461893 5.062860 0.220815
v -0.426382 5.065492 0.166513
v -0.370449 4.966922 0.138045
v -0.442536 5.059480 0.197515
v -0.426382 5.065492 0.166513
v -0.370449 4.966922 0.138045
v -0.408435 4.965816 0.170412
v -0.408435 4.965816 0.170412
v -0.429480 4.976918 0.187947
v -0.386099 4.913338 0.174278
v -0.418133 4.927948 0.217689
v -0.413829 4.948887 0.206869
v -0.374894 4.928768 0.164713
v -0.254534 5.227405 0.106921
v -0.261930 5.246654 0.096282
v -0.246232 5.236022 0.066047
v -0.240472 5.214866 0.075458
v -0.272343 5.166804 0.084612
v -0.302334 5.195117 0.124648
v -0.269216 5.202453 0.116709
v -0.261428 5.179350 0.083143
v -0.213151 5.196334 0.023020
v -0.221865 5.223171 0.031744
v -0.229395 5.229172 0.023307
v -0.199585 5.192122 0.020353
v -0.249484 5.244813 0.062476
v -0.272695 5.257476 0.098265
v -0.290709 5.265858 0.095631
v -0.273194 5.252176 0.051781
v -0.298757 5.237111 0.126633
v -0.274340 5.235509 0.124973
v -0.300420 4.884986 0.161301
v -0.280653 4.938509 0.134521
v -0.212199 4.947473 0.125365
v -0.242517 4.870499 0.172785
v -0.132131 4.929326 0.124280
v -0.131446 5.038377 0.047940
v 0.022513 4.987875 0.095095
v -0.042595 4.909190 0.146559
v -0.237150 5.170259 0.044161
v -0.234354 5.157606 0.039729
v -0.223414 5.216298 0.036890
v -0.216469 5.197510 0.030248
v -0.227218 5.201121 0.041632
v -0.252302 5.187094 0.082540
v -0.262942 5.204186 0.112056
v -0.234819 5.176923 0.048428
v -0.290549 5.153335 0.081367
v -0.344034 5.191977 0.163767
v -0.223113 5.143709 0.027172
v -0.174951 5.182786 0.000029
v -0.206220 5.242404 -0.008089
v -0.280020 5.294669 0.033332
v -0.328541 5.291696 0.104575
v -0.329462 5.243243 0.142229
v -0.357936 5.132578 0.174809
v -0.281006 5.097603 0.099521
v -0.128898 5.164621 -0.012890
v -0.144375 5.264541 -0.034296
v -0.232277 5.336429 0.014543
v -0.371149 5.283991 0.150128
v -0.362629 5.284811 0.140003
v -0.361771 5.235093 0.158212
v -0.378163 5.238145 0.166599
v -0.401887 5.187785 0.163586
v -0.426727 5.192622 0.168612
v -0.266479 5.234112 0.120099
v -0.317072 5.027950 0.115549
v -0.401053 5.096220 0.162858
v -0.408435 4.965816 0.170412
v -0.429480 4.976918 0.187947
v -0.470732 5.142163 0.172572
v -0.442229 5.135029 0.165471
v -0.457962 5.113820 0.164109
v -0.489412 5.120018 0.171130
v -0.389580 5.240669 0.176088
v -0.375790 5.286547 0.163380
v -0.435130 5.198715 0.179804
v -0.488849 5.149738 0.184010
v -0.403404 4.901296 0.193166
v -0.374920 4.887937 0.181372
v -0.411971 4.872627 0.246570
v -0.426321 4.907303 0.227318
v -0.407789 4.837049 0.260265
v -0.346950 4.852860 0.200536
v -0.306140 4.825625 0.224919
v -0.370705 4.805427 0.280319
v -0.370449 4.966922 0.138045
v -0.347350 4.920481 0.152650
v -0.408435 4.965816 0.170412
v -0.353027 5.286939 0.133263
v -0.347899 5.242658 0.149489
v -0.375497 5.193503 0.163363
v -0.443323 5.074137 0.165298
v -0.478745 5.073537 0.183748
v -0.504517 5.088367 0.172188
v -0.475316 5.082760 0.161544
v -0.424274 5.107319 0.163574
v -0.407877 5.133815 0.169022
v -0.355039 5.322658 0.113946
v -0.345454 5.313300 0.106862
v -0.353735 5.304640 0.121572
v -0.363670 5.304047 0.129057
v -0.369778 5.307220 0.139754
v -0.359760 5.330836 0.131157
v -0.371633 5.311393 0.155702
v -0.362991 5.335767 0.149266
v -0.531721 5.096544 0.192293
v -0.508796 5.131176 0.185704
v -0.370449 4.966922 0.138045
v -0.426382 5.065492 0.166513
v -0.370449 4.966922 0.138045
v -0.356893 4.905104 0.157904
v -0.370449 4.966922 0.138045
v -0.427017 5.007423 0.175025
v -0.442536 5.059480 0.197515
v -0.426382 5.065492 0.166513
v -0.370449 4.966922 0.138045
v -0.408435 4.965816 0.170412
v -0.429480 4.976918 0.187947
v -0.427017 5.007423 0.175025
v -0.426382 5.065492 0.166513
v -0.442536 5.059480 0.197515
v -0.426382 5.065492 0.166513
v -0.223414 5.216298 0.036890
v -0.246232 5.236022 0.066047
v -0.216469 5.197510 0.030248
v -0.234819 5.176923 0.048428
v -0.252302 5.187094 0.082540
v -0.262942 5.204186 0.112056
v -0.266479 5.234112 0.120099
v -0.261930 5.246654 0.096282
v 0.285677 5.569542 0.142410
v 0.410227 5.437428 0.218435
v 0.389409 5.398273 0.150906
v 0.277740 5.516726 0.082742
v 0.100384 5.623243 0.079183
v 0.111611 5.564873 0.026054
v -0.096330 5.584651 0.047069
v -0.064460 5.529840 -0.003977
v -0.254549 5.468138 0.066306
v -0.209656 5.430233 0.027184
v 0.427701 5.262818 0.283597
v 0.410215 5.241524 0.210631
v 0.344938 5.352499 0.090777
v 0.253760 5.449209 0.035124
v 0.118117 5.488525 -0.011163
v -0.025646 5.459916 -0.035682
v -0.143319 5.377319 -0.013896
v 0.367219 5.224312 0.140884
v 0.279846 5.303226 0.042145
v 0.215373 5.371610 0.002792
v 0.119460 5.399412 -0.029938
v 0.017804 5.379181 -0.047275
v -0.060672 5.304750 -0.033211
v 0.295601 5.212584 0.077575
v 0.191887 5.139757 0.046545
v 0.158906 5.181114 0.024797
v 0.109428 5.198002 0.007924
v 0.086225 5.189407 0.006685
v 0.034939 5.143889 0.015817
v 0.009982 5.099465 0.032957
v 0.186242 5.097180 0.068246
v 0.123620 5.104868 -0.001085
v 0.048540 5.119433 0.005392
v 0.094114 5.150412 -0.014851
v 0.131373 5.150880 -0.018660
v 0.195574 5.094007 0.004144
v 0.172232 5.130583 -0.012997
v 0.110332 5.061930 0.024634
v 0.025709 5.084646 0.025224
v 0.190913 5.059545 0.024098
v -0.370888 4.793705 0.364915
v -0.328895 4.790457 0.296428
v -0.269403 4.781451 0.323448
v -0.314053 4.783566 0.386483
v -0.106914 4.849601 0.212283
v -0.180570 4.856566 0.186845
v 0.032217 5.039026 0.073247
v -0.255339 4.808920 0.247814
v -0.178438 4.807549 0.276511
v -0.160887 4.772800 0.367030
v -0.190931 4.784103 0.428512
v 0.039298 4.890191 0.183461
v -0.017222 4.832728 0.248432
v 0.040189 4.987034 0.082411
v 0.044286 5.030816 0.057861
v 0.101469 5.017171 0.054130
v 0.088542 4.966447 0.102761
v -0.081635 4.795511 0.314134
v 0.061005 4.968682 0.132666
v -0.297416 5.376103 0.065465
v 0.003085 4.797018 0.278212
v 0.073584 4.866263 0.220690
v 0.172200 5.016442 0.061751
v 0.147935 4.986673 0.107364
v -0.055505 4.753799 0.347234
v -0.090683 4.725802 0.422774
v 0.122368 4.995590 0.148885
v 0.411877 5.209485 0.298118
v 0.387439 5.188963 0.226196
v 0.348068 5.173217 0.163445
v 0.284191 5.161827 0.105494
v 0.160152 5.040153 0.105278
v 0.341542 5.048483 0.333192
v 0.317408 5.031864 0.272577
v 0.273098 5.019253 0.223629
v 0.219985 5.011007 0.183124
v 0.226046 4.906687 0.296739
v 0.197785 4.894597 0.260514
v 0.156790 4.884034 0.238695
v -0.315525 5.394282 0.106553
v 0.131723 5.179639 -0.009288
v 0.088123 5.175338 -0.008964
v 0.036395 5.135490 0.007831
v 0.211354 5.119479 0.019516
v 0.180504 5.160284 0.000630
v 0.010782 5.093866 0.027706
v 0.206551 5.078593 0.040749
v 0.032645 5.033563 0.068105
v 0.084887 4.960642 0.118437
v 0.151682 4.986092 0.126559
v 0.183041 5.025623 0.080082
v -0.409954 4.808771 0.347397
v 0.242271 4.926682 0.354800
v -1.006845 2.484411 -0.113608
v -1.015443 2.559219 -0.103121
v -1.044640 2.584003 -0.051141
v -1.008947 2.512707 -0.067958
v -0.955433 2.431648 -0.171933
v -1.016038 2.481492 -0.107828
v -1.014894 2.505023 -0.070519
v -0.956505 2.472411 -0.124395
v -0.956505 2.472411 -0.124395
v -1.014894 2.505023 -0.070519
v -1.033632 2.518609 -0.028166
v -0.935485 2.490987 -0.089444
v -1.086529 2.604026 -0.002996
v -1.030568 2.529839 -0.010400
v -0.496878 2.231643 -0.085980
v -0.481603 2.259383 -0.070685
v -0.500845 2.269415 -0.029854
v -0.515547 2.225778 -0.052384
v -0.500845 2.269415 -0.029854
v -0.481603 2.259383 -0.070685
v -0.502515 2.295760 -0.076402
v -0.522847 2.322300 -0.038142
v -0.553189 2.287598 -0.018466
v -0.560348 2.258349 -0.035304
v -0.553189 2.287598 -0.018466
v -0.565841 2.322351 -0.025716
v -0.772271 2.301975 -0.093909
v -0.746625 2.317632 -0.117817
v -0.688430 2.271550 -0.137532
v -0.720562 2.243268 -0.154890
v -0.688430 2.271550 -0.137532
v -0.746625 2.317632 -0.117817
v -0.726838 2.348974 -0.080239
v -0.662912 2.285795 -0.103068
v -1.213275 2.556193 -0.076766
v -1.151375 2.456883 -0.006572
v -1.143496 2.454203 -0.013684
v -0.977882 2.485142 -0.034168
v -0.843339 2.420036 -0.037496
v -0.828965 2.445497 -0.073102
v -0.730117 2.330374 -0.041473
v -1.055926 2.421639 0.036039
v -0.883003 2.362542 0.036763
v -0.770682 2.279363 0.037350
v -0.678486 2.233042 -0.035884
v -0.656788 2.276757 -0.059872
v -0.938075 2.306935 0.090525
v -0.828652 2.215299 0.098465
v -0.742345 2.155474 0.021964
v -0.707859 2.198569 0.006909
v -1.123372 2.342269 0.069920
v -1.211559 2.389256 -0.048393
v -1.133718 2.300879 0.061810
v -1.279036 2.504625 -0.166987
v -1.222756 2.387295 -0.043411
v -1.000625 2.244303 0.113884
v -1.035485 2.209203 0.110495
v -0.897354 2.138000 0.136655
v -0.930727 2.107575 0.135775
v -0.808937 2.073659 0.091676
v -0.765139 2.137996 0.071544
v -0.883798 2.033651 0.113326
v -0.842816 2.051226 0.121896
v -1.249147 2.480729 -0.217945
v -1.214529 2.362657 -0.076239
v -1.206509 2.368188 -0.071754
v -1.149841 2.273451 0.033871
v -1.149841 2.273451 0.033871
v -1.206509 2.368188 -0.071754
v -1.191158 2.357830 -0.100619
v -1.169857 2.261994 -0.002798
v -1.194306 2.471865 -0.245760
v -1.194619 2.347707 -0.113497
v -1.058427 2.179963 0.079914
v -1.058427 2.179963 0.079914
v -1.063014 2.168780 0.040648
v -0.959096 2.092278 0.104064
v -0.959096 2.092278 0.104064
v -0.968940 2.091631 0.063513
v -0.914833 2.029395 0.083502
v -0.914833 2.029395 0.083502
v -0.927060 2.038069 0.045212
v -1.093225 2.500803 -0.186471
v -1.098527 2.391162 -0.112878
v -1.102378 2.395939 -0.103949
v -1.115774 2.307686 -0.066104
v -1.043537 2.187870 0.011251
v -0.952250 2.109185 0.030856
v -0.991969 2.242029 -0.032327
v -0.899853 2.162568 -0.029749
v -0.869367 2.078785 -0.003456
v -0.909637 2.057854 0.015677
v -1.027776 2.380206 -0.116382
v -0.944600 2.288717 -0.086246
v -0.848687 2.213503 -0.088268
v -0.823144 2.130269 -0.074369
v -0.855691 2.108137 -0.036619
v -1.098527 2.391162 -0.112878
v -1.093225 2.500803 -0.186471
v -0.892037 2.325094 -0.146568
v -0.860212 2.332656 -0.165305
v -0.801346 2.266478 -0.111854
v -0.773703 2.192102 -0.131257
v -0.806724 2.164012 -0.108650
v -0.740858 2.214876 -0.140824
v -0.932812 1.908054 -0.175607
v -0.907420 1.907934 -0.178417
v -0.896629 1.887848 -0.194881
v -0.924789 1.877013 -0.192700
v -0.935823 1.889608 -0.158351
v -0.934687 1.862961 -0.167976
v -0.934687 1.862961 -0.167976
v -0.924789 1.877013 -0.192700
v -0.897898 1.842546 -0.186664
v -0.909135 1.840159 -0.166391
v -0.896629 1.887848 -0.194881
v -0.881336 1.859220 -0.186450
v -0.893742 1.918708 -0.213044
v -0.869187 1.919041 -0.222488
v -0.864269 1.899204 -0.242157
v -0.891724 1.887892 -0.232753
v -0.889956 1.900182 -0.194950
v -0.892274 1.873876 -0.205148
v -0.892274 1.873876 -0.205148
v -0.891724 1.887892 -0.232753
v -0.862249 1.854270 -0.233935
v -0.865787 1.851658 -0.210406
v -0.864269 1.899204 -0.242157
v -0.845249 1.870822 -0.237869
v -0.829837 1.954745 -0.328123
v -0.803873 1.959056 -0.335711
v -0.797233 1.941182 -0.356432
v -0.823807 1.924763 -0.349670
v -0.822837 1.937036 -0.309132
v -0.821976 1.910746 -0.321006
v -0.821976 1.910746 -0.321006
v -0.823807 1.924763 -0.349670
v -0.789371 1.897181 -0.349316
v -0.792678 1.894130 -0.324930
v -0.797233 1.941182 -0.356432
v -0.774125 1.916660 -0.351269
v -0.657384 1.940240 -0.328832
v -0.636365 1.956374 -0.334439
v -0.615734 1.940322 -0.346442
v -0.632103 1.914162 -0.337397
v -0.648138 1.934593 -0.303950
v -0.631757 1.911142 -0.305403
v -0.631757 1.911142 -0.305403
v -0.632103 1.914162 -0.337397
v -0.590000 1.911239 -0.322973
v -0.597817 1.913082 -0.299475
v -0.615734 1.940322 -0.346442
v -0.586168 1.934803 -0.330044
v -0.865964 2.052382 0.006642
v -0.897243 2.037142 0.010076
v -0.913236 2.018925 0.036107
v -0.883841 1.939259 -0.016318
v -0.872046 1.961010 -0.035493
v -0.873904 1.950990 -0.048526
v -0.884716 1.928567 -0.030057
v -0.842711 1.967425 -0.042607
v -0.842508 1.954213 -0.055032
v -0.900492 2.009779 0.072007
v -0.900492 2.009779 0.072007
v -0.871505 2.012028 0.099341
v -0.832163 1.895541 0.020792
v -0.863741 1.911842 0.007151
v -0.864352 1.899371 -0.008558
v -0.832784 1.880940 0.003164
v -0.864352 1.899371 -0.008558
v -0.863741 1.911842 0.007151
v -0.837350 2.027001 0.100585
v -0.817281 2.043472 0.079287
v -0.790220 1.921423 -0.006321
v -0.802686 1.901295 0.013437
v -0.804141 1.886127 -0.004809
v -0.791974 1.906909 -0.023086
v -0.831022 2.064296 0.042074
v -0.832640 2.052860 0.039088
v -0.831022 2.064296 0.042074
v -0.832640 2.052860 0.039088
v -0.808841 1.948655 -0.028267
v -0.810636 1.935129 -0.043469
v -0.810636 1.935129 -0.043469
v -0.808841 1.948655 -0.028267
v -0.813345 2.109760 -0.049759
v -0.843033 2.088970 -0.042246
v -0.843605 2.070334 -0.009644
v -0.801102 1.962939 -0.067436
v -0.797743 1.981746 -0.092715
v -0.796361 1.968159 -0.102168
v -0.797867 1.948580 -0.076893
v -0.769951 1.991862 -0.104028
v -0.769355 1.978058 -0.113520
v -0.824042 2.061461 0.033754
v -0.824042 2.061461 0.033754
v -0.788750 2.081846 0.061349
v -0.759324 2.110312 0.051645
v -0.748578 2.124445 0.014796
v -0.700840 1.971471 -0.060486
v -0.705510 1.953675 -0.035340
v -0.706438 1.937234 -0.048964
v -0.701305 1.955692 -0.072533
v -0.733107 1.941761 -0.025362
v -0.733474 1.926485 -0.038319
v -0.774171 2.134501 -0.019873
v -0.774168 2.122380 -0.021107
v -0.774171 2.134501 -0.019873
v -0.774168 2.122380 -0.021107
v -0.728587 1.985630 -0.087920
v -0.729007 1.970945 -0.098710
v -0.729007 1.970945 -0.098710
v -0.728587 1.985630 -0.087920
v -0.763062 2.168773 -0.123014
v -0.789139 2.144696 -0.116088
v -0.793937 2.127261 -0.084314
v -0.726867 2.016554 -0.153806
v -0.725091 2.036731 -0.177807
v -0.723128 2.025098 -0.187575
v -0.724936 2.005032 -0.164155
v -0.699206 2.050939 -0.188164
v -0.697487 2.038707 -0.198058
v -0.767612 2.128827 -0.028425
v -0.767612 2.128827 -0.028425
v -0.731292 2.146389 -0.010846
v -0.705928 2.170463 -0.018466
v -0.701354 2.187959 -0.050657
v -0.629288 2.035537 -0.146292
v -0.631371 2.016226 -0.121604
v -0.629763 2.002218 -0.134174
v -0.627840 2.021373 -0.158412
v -0.656890 2.001373 -0.111629
v -0.655205 1.987805 -0.124360
v -0.713664 2.200829 -0.082950
v -0.710767 2.189176 -0.083718
v -0.713664 2.200829 -0.082950
v -0.710767 2.189176 -0.083718
v -0.659421 2.048667 -0.173123
v -0.658097 2.035386 -0.184152
v -0.658097 2.035386 -0.184152
v -0.659421 2.048667 -0.173123
v -0.699216 2.227389 -0.160254
v -0.718782 2.201104 -0.148101
v -0.719337 2.187145 -0.118809
v -0.635308 2.093978 -0.169376
v -0.638059 2.108386 -0.196360
v -0.632907 2.098532 -0.202367
v -0.630131 2.084175 -0.175618
v -0.617714 2.127569 -0.210092
v -0.612181 2.117052 -0.216141
v -0.702216 2.197525 -0.089336
v -0.702216 2.197525 -0.089336
v -0.660976 2.226139 -0.062663
v -0.645217 2.251444 -0.078813
v -0.647040 2.263697 -0.112767
v -0.551363 2.143031 -0.170628
v -0.548066 2.129374 -0.142611
v -0.542127 2.116488 -0.150380
v -0.545459 2.130348 -0.177768
v -0.566985 2.110078 -0.128243
v -0.561169 2.098211 -0.135850
v -0.669983 2.251833 -0.144337
v -0.669983 2.251833 -0.144337
v -0.581397 2.140668 -0.197317
v -0.575469 2.129291 -0.203549
v -0.575469 2.129291 -0.203549
v -0.581397 2.140668 -0.197317
v -0.769854 1.931291 -0.052166
v -0.772932 1.947266 -0.040971
v -0.772932 1.947266 -0.040971
v -0.769854 1.931291 -0.052166
v -0.694121 1.990326 -0.138753
v -0.695647 2.002813 -0.126875
v -0.695647 2.002813 -0.126875
v -0.694121 1.990326 -0.138753
v -0.598245 2.085499 -0.149012
v -0.603655 2.096294 -0.141955
v -0.603655 2.096294 -0.141955
v -0.598245 2.085499 -0.149012
v -0.875630 1.942198 -0.060397
v -0.844216 1.944955 -0.067204
v -0.854698 1.918293 -0.109492
v -0.881543 1.915884 -0.096661
v -0.887001 1.919928 -0.042753
v -0.894196 1.892735 -0.082553
v -0.879124 1.858602 -0.074287
v -0.868396 1.890260 -0.024294
v -0.836605 1.869744 -0.014528
v -0.868396 1.890260 -0.024294
v -0.879124 1.858602 -0.074287
v -0.850103 1.833810 -0.073003
v -0.822634 1.837097 -0.083978
v -0.806954 1.873969 -0.022042
v -0.794899 1.895373 -0.039579
v -0.810502 1.859406 -0.099714
v -0.825667 1.892876 -0.108865
v -0.812928 1.924599 -0.057851
v -0.812928 1.924599 -0.057851
v -0.825667 1.892876 -0.108865
v -0.798021 1.958335 -0.111241
v -0.770723 1.967735 -0.122693
v -0.785996 1.918776 -0.172203
v -0.807926 1.915755 -0.152201
v -0.799137 1.938539 -0.085965
v -0.815119 1.892057 -0.135247
v -0.795852 1.861689 -0.128025
v -0.770620 1.919363 -0.062459
v -0.735605 1.914629 -0.049556
v -0.770620 1.919363 -0.062459
v -0.795852 1.861689 -0.128025
v -0.762767 1.842333 -0.128431
v -0.740381 1.848216 -0.145737
v -0.708937 1.925072 -0.060624
v -0.704221 1.943542 -0.084360
v -0.735246 1.869138 -0.166471
v -0.755213 1.896843 -0.176379
v -0.732104 1.960044 -0.109577
v -0.732104 1.960044 -0.109577
v -0.755213 1.896843 -0.176379
v -0.723788 2.014601 -0.198458
v -0.698197 2.027771 -0.209319
v -0.712420 1.974911 -0.270518
v -0.734176 1.967974 -0.251423
v -0.725592 1.994268 -0.175417
v -0.738481 1.942784 -0.235666
v -0.716548 1.913324 -0.231493
v -0.695584 1.978767 -0.151401
v -0.656887 1.975252 -0.138144
v -0.695584 1.978767 -0.151401
v -0.716548 1.913324 -0.231493
v -0.684757 1.895062 -0.237657
v -0.663807 1.902916 -0.256360
v -0.631662 1.989127 -0.148540
v -0.629550 2.008693 -0.172139
v -0.659269 1.926773 -0.273305
v -0.681182 1.955416 -0.278302
v -0.659405 2.023600 -0.196660
v -0.659405 2.023600 -0.196660
v -0.681182 1.955416 -0.278302
v -0.630312 2.089264 -0.208612
v -0.609647 2.107513 -0.222546
v -0.593777 2.034830 -0.272183
v -0.613287 2.020358 -0.255558
v -0.627445 2.074759 -0.182021
v -0.609714 2.002908 -0.231573
v -0.576883 1.993979 -0.212873
v -0.595717 2.075171 -0.156186
v -0.558260 2.086799 -0.143730
v -0.595717 2.075171 -0.156186
v -0.576883 1.993979 -0.212873
v -0.539564 1.995981 -0.207701
v -0.518666 2.012616 -0.222323
v -0.538944 2.104940 -0.158218
v -0.542290 2.119136 -0.185273
v -0.522154 2.028679 -0.247356
v -0.554976 2.035630 -0.267553
v -0.572508 2.118913 -0.210454
v -0.572508 2.118913 -0.210454
v -0.554976 2.035630 -0.267553
v -0.884876 1.912177 -0.105024
v -0.858332 1.913978 -0.118798
v -0.887078 1.916325 -0.156078
v -0.912041 1.914210 -0.141138
v -0.897943 1.888572 -0.092186
v -0.925147 1.890051 -0.129737
v -0.883529 1.853280 -0.086207
v -0.912647 1.852139 -0.129741
v -0.855390 1.827392 -0.087338
v -0.883529 1.853280 -0.086207
v -0.912647 1.852139 -0.129741
v -0.888192 1.824872 -0.137401
v -0.828977 1.830236 -0.100119
v -0.862776 1.826890 -0.151835
v -0.816663 1.853138 -0.114778
v -0.849792 1.850205 -0.164355
v -0.830721 1.887608 -0.121186
v -0.862314 1.887169 -0.165449
v -0.830721 1.887608 -0.121186
v -0.862314 1.887169 -0.165449
v -0.812847 1.915905 -0.155617
v -0.791045 1.917803 -0.176572
v -0.839486 1.926655 -0.205295
v -0.859237 1.925131 -0.183003
v -0.820329 1.893027 -0.138288
v -0.867605 1.900744 -0.168098
v -0.802682 1.859495 -0.134888
v -0.855533 1.864049 -0.171658
v -0.771334 1.837174 -0.138967
v -0.802682 1.859495 -0.134888
v -0.855533 1.864049 -0.171658
v -0.832522 1.835809 -0.186606
v -0.748505 1.842420 -0.156413
v -0.812372 1.838296 -0.207823
v -0.743197 1.864050 -0.176365
v -0.803948 1.861522 -0.223628
v -0.762823 1.894343 -0.183863
v -0.817198 1.897739 -0.221328
v -0.762823 1.894343 -0.183863
v -0.817198 1.897739 -0.221328
v -0.739800 1.966324 -0.256743
v -0.718687 1.973451 -0.276008
v -0.773955 1.972756 -0.313668
v -0.792956 1.966345 -0.292775
v -0.744521 1.942140 -0.240324
v -0.797858 1.940493 -0.278739
v -0.723169 1.910249 -0.239033
v -0.779963 1.905904 -0.282773
v -0.693623 1.890612 -0.248079
v -0.723169 1.910249 -0.239033
v -0.779963 1.905904 -0.282773
v -0.753615 1.882234 -0.297957
v -0.671610 1.898251 -0.266226
v -0.733199 1.887976 -0.318584
v -0.667181 1.922276 -0.283001
v -0.727943 1.912806 -0.333412
v -0.689004 1.952636 -0.286156
v -0.746596 1.947065 -0.330220
v -0.689004 1.952636 -0.286156
v -0.746596 1.947065 -0.330220
v -0.613874 2.015361 -0.259420
v -0.594540 2.028396 -0.277137
v -0.623872 1.989195 -0.315470
v -0.643708 1.979409 -0.295816
v -0.610391 1.997212 -0.236051
v -0.639775 1.959438 -0.274193
v -0.577213 1.985532 -0.219391
v -0.607815 1.940316 -0.263801
v -0.540010 1.985083 -0.216115
v -0.577213 1.985532 -0.219391
v -0.607815 1.940316 -0.263801
v -0.569402 1.931506 -0.266549
v -0.518680 2.000219 -0.231702
v -0.550635 1.941718 -0.286172
v -0.522131 2.017251 -0.255916
v -0.552422 1.961230 -0.307556
v -0.555527 2.026921 -0.274171
v -0.585783 1.979651 -0.318870
v -0.555527 2.026921 -0.274171
v -0.585783 1.979651 -0.318870
v -0.890688 2.414570 -0.214566
v -0.827514 2.328908 -0.177070
v -0.810548 2.450132 -0.091958
v -0.875933 2.477205 -0.150200
v -0.731631 2.411812 -0.110303
v -0.737234 2.388530 -0.173153
v -0.894899 2.453024 -0.177876
v -0.894899 2.453024 -0.177876
v -0.738131 2.352434 -0.199716
v -0.734859 2.314296 -0.212690
v -0.738131 2.352434 -0.199716
v -0.759362 2.312057 -0.105143
v -0.756432 2.338546 -0.096138
v -0.756432 2.338546 -0.096138
v -0.752397 2.376222 -0.076115
v -0.712102 2.380101 -0.063853
v -0.718342 2.279198 -0.176132
v -0.652612 2.247656 -0.160972
v -0.636817 2.264958 -0.197383
v -0.623315 2.257839 -0.194451
v -0.644128 2.243590 -0.158505
v -0.643036 2.349208 -0.165262
v -0.664417 2.385272 -0.108146
v -0.655621 2.381755 -0.108125
v -0.630876 2.344084 -0.164202
v -0.636952 2.305686 -0.187853
v -0.622849 2.298566 -0.186049
v -0.636952 2.305686 -0.187853
v -0.622849 2.298566 -0.186049
v -0.705065 2.292643 -0.115366
v -0.661745 2.277050 -0.098929
v -0.706179 2.335078 -0.082039
v -0.706179 2.335078 -0.082039
v -0.666421 2.364224 -0.062381
v -0.596190 2.246831 -0.179044
v -0.530530 2.226876 -0.128749
v -0.566993 2.220057 -0.102153
v -0.622926 2.235863 -0.146301
v -0.634833 2.373424 -0.102125
v -0.580527 2.354945 -0.080840
v -0.539740 2.312685 -0.115542
v -0.606374 2.334271 -0.155461
v -0.595844 2.287467 -0.173142
v -0.529340 2.267154 -0.126248
v -0.595844 2.287467 -0.173142
v -0.529340 2.267154 -0.126248
v -0.600980 2.260722 -0.060705
v -0.643688 2.271369 -0.090278
v -0.648434 2.315578 -0.068438
v -0.609504 2.305650 -0.048064
v -0.647521 2.356822 -0.058853
v -0.648434 2.315578 -0.068438
v -0.609504 2.305650 -0.048064
v -0.609073 2.345854 -0.046511
v -0.665726 2.321589 -0.073657
v -0.665726 2.321589 -0.073657
v -1.139578 2.820956 -0.154702
v -1.272362 2.763805 -0.215156
v -1.211141 2.556330 -0.079432
v -1.086627 2.599470 -0.008957
v -1.349104 2.769180 -0.360125
v -1.272321 2.505206 -0.167602
v -1.301993 2.693256 -0.432745
v -1.405671 2.969937 -0.501160
v -1.337910 2.921819 -0.644230
v -1.191402 2.683895 -0.460162
v -1.179523 2.893950 -0.696874
v -1.053408 2.717731 -0.383377
v -1.024471 2.925261 -0.595513
v -1.008229 2.766742 -0.296792
v -1.053408 2.717731 -0.383377
v -1.024471 2.925261 -0.595513
v -0.979412 2.973140 -0.470591
v -1.049434 2.797697 -0.201284
v -1.020292 3.023976 -0.340779
v -1.166259 3.046156 -0.271779
v -1.341379 3.015942 -0.352203
v -1.413117 3.254583 -0.632869
v -1.335122 3.219304 -0.782546
v -1.186265 3.162471 -0.839908
v -1.047547 3.133525 -0.739775
v -1.047547 3.133525 -0.739775
v -1.006192 3.167661 -0.614295
v -1.073041 3.200054 -0.470167
v -1.205933 3.251554 -0.395791
v -1.367936 3.255375 -0.475763
v -1.269789 3.383058 -0.796766
v -1.355850 3.405411 -0.655544
v -1.246097 3.526192 -0.635837
v -1.165709 3.507423 -0.765944
v -1.139694 3.303936 -0.855206
v -1.049059 3.421827 -0.816385
v -1.024861 3.221567 -0.779775
v -0.957606 3.310569 -0.742300
v -1.015063 3.212128 -0.656057
v -1.024861 3.221567 -0.779775
v -0.957606 3.310569 -0.742300
v -0.966619 3.271559 -0.632299
v -1.103876 3.257791 -0.533241
v -1.047443 3.295606 -0.506664
v -1.220939 3.305968 -0.442695
v -1.153289 3.356310 -0.431888
v -1.341858 3.369418 -0.513781
v -1.242424 3.467498 -0.502366
v -1.073266 3.627617 -0.744234
v -1.146759 3.634007 -0.614186
v -1.047622 3.747351 -0.579412
v -0.968766 3.741757 -0.699491
v -0.964225 3.533793 -0.783408
v -0.868396 3.649418 -0.748488
v -0.869383 3.406717 -0.690345
v -0.769900 3.502161 -0.640603
v -0.869462 3.366905 -0.556815
v -0.869383 3.406717 -0.690345
v -0.769900 3.502161 -0.640603
v -0.763037 3.423955 -0.501008
v -0.958193 3.350047 -0.450973
v -0.835075 3.422496 -0.369503
v -1.047758 3.424629 -0.380815
v -0.938308 3.506499 -0.318810
v -1.133760 3.558346 -0.467994
v -1.029785 3.654688 -0.419854
v -0.907149 3.913124 -0.509255
v -0.830388 3.917785 -0.655002
v -0.711098 3.811686 -0.713621
v -0.610445 3.647694 -0.600084
v -0.610445 3.647694 -0.600084
v -0.604133 3.542009 -0.420774
v -0.666167 3.537078 -0.269761
v -0.773365 3.621488 -0.196354
v -0.888951 3.798242 -0.326341
v -0.744049 4.095141 -0.373534
v -0.676656 4.095156 -0.544769
v -0.562078 3.977430 -0.628682
v -0.444023 3.806317 -0.541788
v -0.444023 3.806317 -0.541788
v -0.467207 3.719381 -0.347462
v -0.507575 3.736153 -0.133965
v -0.615736 3.825139 -0.054518
v -0.725165 3.995610 -0.152623
v -0.539195 4.345771 -0.121226
v -0.475392 4.399177 -0.295596
v -0.415381 4.207804 -0.478862
v -0.234739 3.980287 -0.452588
v -0.234739 3.980287 -0.452588
v -0.311807 3.860949 -0.294782
v -0.387700 3.859651 -0.081452
v -0.451246 3.991386 0.030319
v -0.552074 4.174950 -0.010428
v -1.355911 0.994345 -0.802699
v -1.308763 1.325015 -0.558987
v -1.196606 1.297840 -0.547222
v -1.261135 0.980794 -0.791771
v -1.183124 0.889498 -0.690427
v -1.092921 1.166945 -0.440913
v -1.225010 0.785854 -0.540282
v -1.140140 0.999465 -0.290007
v -1.345525 0.727710 -0.420522
v -1.225010 0.785854 -0.540282
v -1.140140 0.999465 -0.290007
v -1.296709 0.887867 -0.179010
v -1.433924 0.716267 -0.386527
v -1.407077 0.870971 -0.141223
v -1.509856 0.892478 -0.152748
v -1.519968 0.728905 -0.392595
v -1.584523 0.761685 -0.432813
v -1.586301 0.944415 -0.199640
v -1.621185 1.021772 -0.267737
v -1.612887 0.806770 -0.498600
v -1.572131 0.904608 -0.646441
v -1.574850 1.188728 -0.412333
v -1.444799 0.978856 -0.769129
v -1.572131 0.904608 -0.646441
v -1.574850 1.188728 -0.412333
v -1.416774 1.305492 -0.527771
v -1.260968 1.604948 -0.359864
v -1.131531 1.571247 -0.346472
v -1.008417 1.415834 -0.212380
v -1.069297 1.212598 -0.014818
v -1.069297 1.212598 -0.014818
v -1.264401 1.076195 0.136637
v -1.397849 1.049983 0.174404
v -1.515779 1.079439 0.160530
v -1.604838 1.145479 0.110325
v -1.645507 1.242027 0.026299
v -1.587189 1.442159 -0.165190
v -1.587189 1.442159 -0.165190
v -1.392554 1.579096 -0.319714
v -1.252629 1.855114 -0.079134
v -1.112611 1.817514 -0.061600
v -0.970575 1.649171 0.083622
v -1.030727 1.432583 0.306515
v -1.030727 1.432583 0.306515
v -1.243355 1.292904 0.480015
v -1.390860 1.271061 0.525850
v -1.522501 1.307154 0.509392
v -1.623241 1.380401 0.451366
v -1.671068 1.486873 0.357375
v -1.611973 1.693315 0.137354
v -1.611973 1.693315 0.137354
v -1.397367 1.831824 -0.035785
v -1.299455 1.921365 0.122654
v -1.342336 1.887067 0.180764
v -1.228792 1.840463 0.195026
v -1.181907 1.883837 0.136160
v -1.033862 1.760256 0.271745
v -1.067977 1.746948 0.346449
v -1.063763 1.614682 0.493326
v -1.061532 1.680340 0.587433
v -1.237350 1.549281 0.664688
v -1.063763 1.614682 0.493326
v -1.061532 1.680340 0.587433
v -1.202683 1.690805 0.777492
v -1.356654 1.553148 0.702193
v -1.308478 1.729049 0.823877
v -1.412406 1.785550 0.810824
v -1.465040 1.600876 0.691783
v -1.553565 1.670005 0.644984
v -1.501413 1.852006 0.757146
v -1.562902 1.905274 0.660416
v -1.606752 1.742286 0.555650
v -1.585442 1.871638 0.336084
v -1.573114 1.965008 0.421451
v -1.415956 1.928438 0.163550
v -1.585442 1.871638 0.336084
v -1.573114 1.965008 0.421451
v -1.444340 1.927998 0.227443
v -1.330781 1.854177 0.132751
v -1.245597 1.924082 0.030708
v -1.145615 1.840215 0.047455
v -1.226243 1.775533 0.148146
v -1.044549 1.715272 0.323524
v -0.960885 1.786344 0.221648
v -0.975189 1.780381 0.592797
v -0.873606 1.889567 0.496172
v -1.057047 1.935153 0.806397
v -0.975189 1.780381 0.592797
v -0.873606 1.889567 0.496172
v -0.930933 2.093110 0.714385
v -1.143841 2.022984 0.855065
v -1.007665 2.202274 0.765378
v -1.103373 2.284380 0.748812
v -1.244624 2.099819 0.840424
v -1.341625 2.159422 0.775089
v -1.203255 2.335240 0.685178
v -1.289210 2.343045 0.575606
v -1.418288 2.184686 0.668578
v -1.485133 2.121080 0.397969
v -1.376767 2.238404 0.301837
v -1.411714 1.948213 0.181760
v -1.485133 2.121080 0.397969
v -1.376767 2.238404 0.301837
v -1.319887 2.032701 0.082159
v -1.097487 2.090125 -0.112354
v -0.983655 1.995649 -0.093500
v -0.776580 1.923897 0.091829
v -0.648099 2.041087 0.379953
v -0.648099 2.041087 0.379953
v -0.751466 2.251192 0.612286
v -0.809764 2.393638 0.649044
v -0.922003 2.486604 0.625132
v -1.033523 2.546984 0.554659
v -1.132532 2.557676 0.438848
v -1.237701 2.442636 0.154623
v -1.237701 2.442636 0.154623
v -1.179747 2.211779 -0.064210
v -0.864436 2.285880 -0.312691
v -0.724293 2.177032 -0.279184
v -0.417267 2.096368 -0.052723
v -0.267749 2.243193 0.232401
v -0.267749 2.243193 0.232401
v -0.425877 2.462743 0.447535
v -0.531645 2.594675 0.482823
v -0.671624 2.685183 0.448538
v -0.799320 2.746320 0.371645
v -0.913614 2.747581 0.268730
v -1.025579 2.630951 -0.017029
v -1.025579 2.630951 -0.017029
v -0.964275 2.394974 -0.246091
v -0.631969 2.461157 -0.498709
v -0.520409 2.626903 -0.633562
v -0.377478 2.448123 -0.621677
v -0.495216 2.312239 -0.443396
v -0.264469 2.115391 -0.239204
v -0.008117 2.196140 -0.420337
v -0.120047 2.318266 0.186075
v 0.142593 2.445678 0.097978
v -0.172757 2.556890 0.421661
v -0.120047 2.318266 0.186075
v 0.142593 2.445678 0.097978
v 0.051910 2.727692 0.356213
v -0.397765 2.679040 0.434759
v -0.218112 2.818894 0.326975
v -0.357636 2.899744 0.252407
v -0.501866 2.799421 0.370713
v -0.585704 2.893620 0.241576
v -0.480144 2.969277 0.141458
v -0.569024 3.011111 -0.011171
v -0.693188 2.926448 0.123113
v -0.726206 2.601339 -0.448897
v -0.776100 2.845480 -0.201496
v -0.653386 2.976024 -0.294853
v -0.589815 2.760514 -0.562599
v -1.265189 1.877274 0.020484
v -1.150960 1.845220 0.033449
v -1.019765 1.706567 0.162553
v -1.071359 1.524248 0.376914
v -1.261574 1.417051 0.544837
v -1.071359 1.524248 0.376914
v -1.384255 1.394938 0.570738
v -1.492141 1.443330 0.573282
v -1.577713 1.506840 0.527092
v -1.622467 1.589221 0.442733
v -1.577170 1.756314 0.227053
v -1.386811 1.864681 0.060354
v -1.577170 1.756314 0.227053
v -0.280156 3.061032 -0.785725
v -0.222556 3.250812 -0.749705
v -0.079963 3.230917 -0.832005
v -0.160728 2.969529 -0.852856
v 0.212208 2.879375 -0.834283
v 0.279400 3.306628 -0.844799
v -0.396094 2.929651 0.137240
v -0.416230 2.922885 0.276686
v -0.477657 3.042375 0.110644
v -0.465662 3.024002 -0.024022
v -0.496808 3.117734 -0.365548
v -0.478238 3.206545 -0.270429
v -0.389103 3.086408 -0.666017
v -0.496808 3.117734 -0.365548
v -0.478238 3.206545 -0.270429
v -0.337323 3.264978 -0.608517
v -0.166222 3.512228 -0.651037
v -0.012929 3.517972 -0.746013
v 0.320722 3.495083 -0.770856
v -0.405929 3.017297 0.377269
v -0.466108 3.145105 0.220226
v -0.464944 3.349074 -0.138220
v -0.464944 3.349074 -0.138220
v -0.295839 3.491827 -0.492660
v -0.116345 3.710260 -0.582116
v 0.079160 3.743109 -0.643344
v 0.398558 3.728486 -0.651055
v -0.381661 3.180904 0.411913
v -0.446574 3.282101 0.244278
v -0.436016 3.540559 -0.085265
v -0.436016 3.540559 -0.085265
v -0.264326 3.654283 -0.447858
v -0.048740 3.883454 -0.503664
v 0.127845 3.915968 -0.562771
v 0.459866 3.897997 -0.540713
v -0.335762 3.371698 0.375592
v -0.392248 3.487796 0.230790
v -0.347075 3.736786 -0.060216
v -0.347075 3.736786 -0.060216
v -0.193640 3.841301 -0.380302
v 0.004566 4.000390 -0.450221
v 0.157094 4.020689 -0.514030
v 0.489217 4.031538 -0.434903
v 0.488619 4.020890 -0.442395
v -0.363542 3.535318 0.404731
v -0.375341 3.647135 0.221309
v -0.186925 3.771955 -0.087695
v -0.186925 3.771955 -0.087695
v -0.077305 3.918350 -0.349669
v -0.002356 4.169446 -0.394092
v 0.138371 4.214316 -0.438976
v 0.488617 4.203951 -0.346687
v -0.357143 3.734701 0.442748
v -0.280101 3.796219 0.198494
v -0.155431 3.856199 -0.086859
v -0.155431 3.856199 -0.086859
v -0.075267 4.053871 -0.320421
v -0.023536 4.251053 -0.356822
v 0.121931 4.326126 -0.348118
v 0.458749 4.324454 -0.252680
v -0.333259 3.888937 0.471014
v -0.305032 3.899817 0.274523
v -0.144017 3.861309 -0.083330
v -0.268346 3.796276 0.198665
v -0.294340 3.900168 0.269854
v -0.084097 3.981350 -0.175654
v -0.059184 4.039147 -0.319539
v -0.144017 3.861309 -0.083330
v -0.084097 3.981350 -0.175654
v -0.078719 4.134840 -0.328061
v -0.027907 4.438140 -0.287851
v -0.093110 4.605287 -0.123624
v 0.076334 4.609346 -0.140795
v 0.104655 4.447110 -0.255036
v 0.424081 4.445514 -0.165045
v 0.373668 4.565022 -0.040276
v -0.320749 4.036252 0.489397
v -0.301946 4.293619 0.448184
v -0.368295 4.349166 0.301046
v -0.340769 4.066820 0.341082
v -0.069579 4.655553 0.101719
v 0.064770 4.655780 0.061239
v 0.310888 4.631498 0.111212
v -0.229692 4.435987 0.488303
v -0.284285 4.488979 0.412764
v -0.391881 4.446909 0.042470
v -0.289360 4.581889 0.231144
v -0.263535 4.557799 -0.104250
v -0.391881 4.446909 0.042470
v -0.289360 4.581889 0.231144
v -0.190147 4.636512 0.148913
v 0.102520 4.732856 0.227921
v 0.157556 4.724589 0.218104
v 0.270033 4.695806 0.242706
v -0.090010 4.604392 0.460086
v -0.074770 4.639730 0.396002
v -0.018614 4.693597 0.307654
v -0.018614 4.693597 0.307654
v 0.053583 4.727307 0.252753
v -0.409915 2.745142 -0.744160
v -0.280156 3.061032 -0.785725
v -0.160728 2.969529 -0.852856
v -0.240655 2.620025 -0.765131
v 0.177655 2.436202 -0.665930
v 0.212208 2.879375 -0.834283
v -0.146364 2.812326 0.256788
v -0.179033 2.692630 0.325264
v -0.299531 2.819079 0.247416
v -0.292439 2.901531 0.168031
v -0.405186 2.982521 0.068272
v -0.396094 2.929651 0.137240
v -0.465662 3.024002 -0.024022
v -0.512783 3.039592 -0.068592
v -0.491433 2.844982 -0.624677
v -0.575717 3.018477 -0.371712
v -0.496808 3.117734 -0.365548
v -0.389103 3.086408 -0.666017
v -0.323413 3.889535 0.467189
v -0.016336 4.248558 -0.347976
v 0.124077 4.319375 -0.339011
v 0.455478 4.316971 -0.245302
v -0.368662 4.483820 -0.184958
v -0.482627 4.372800 -0.037727
v -0.482627 4.372800 -0.037727
v -0.434425 4.266834 0.087060
v -0.316828 4.031209 0.167062
v -0.182194 3.974731 -0.005644
v -0.136015 3.977431 -0.239524
v -0.136015 3.977431 -0.239524
v -0.127617 4.105527 -0.373108
v -0.222462 4.319208 -0.339356
v -0.144175 4.373141 -0.299943
v -0.575717 3.018477 -0.371712
v -0.496808 3.117734 -0.365548
v -0.776100 2.845480 -0.201496
v -0.653386 2.976024 -0.294853
v -1.306878 0.840342 -0.860848
v -1.363448 0.528802 -0.988152
v -1.454453 0.535640 -0.991852
v -1.398430 0.853695 -0.871086
v -1.211048 0.779243 -0.763039
v -1.238105 0.566248 -0.876267
v -1.363448 0.528802 -0.988152
v -1.306878 0.840342 -0.860848
v -1.226333 0.687797 -0.621698
v -1.206909 0.479210 -0.684075
v -1.485879 0.839743 -0.843608
v -1.534138 0.544019 -0.955833
v -1.668549 0.506668 -0.829827
v -1.600033 0.792453 -0.726234
v -1.478899 0.398570 -0.024684
v -1.449547 0.354101 0.022657
v -1.363777 0.350832 -0.243504
v -1.389059 0.412702 -0.250035
v -1.613862 0.450836 0.061416
v -1.690451 0.456461 0.057767
v -1.723251 0.371820 0.139286
v -1.635211 0.370519 0.132713
v -1.781324 0.460522 -0.031862
v -1.819829 0.429526 -0.137634
v -1.866511 0.382984 -0.117356
v -1.820529 0.379010 0.007296
v -1.380653 0.267602 -1.021875
v -1.476617 0.273382 -1.023719
v -1.248470 0.249284 -0.914601
v -1.380653 0.267602 -1.021875
v -1.205634 0.225842 -0.688093
v -1.453363 0.197139 0.047087
v -1.356230 0.194959 -0.237657
v -1.745205 0.213049 0.167625
v -1.647692 0.207165 0.162534
v -1.897717 0.227055 -0.097261
v -1.852426 0.222183 0.017181
v -1.559720 0.273722 -0.984278
v -1.699298 0.266952 -0.835012
v -1.485879 0.839743 -0.843608
v -1.600033 0.792453 -0.726234
v -1.600033 0.792453 -0.726234
v -1.634428 0.718529 -0.581300
v -1.588874 0.703311 -0.506396
v -1.517852 0.686328 -0.460349
v -1.432689 0.673125 -0.450542
v -1.335701 0.666583 -0.486689
v -1.226333 0.687797 -0.621698
v -1.226333 0.687797 -0.621698
v -1.211048 0.779243 -0.763039
v -1.306878 0.840342 -0.860848
v -1.398430 0.853695 -0.871086
v -1.335701 0.666583 -0.486689
v -1.376310 0.547317 -0.404343
v -1.320084 0.514907 -0.505156
v -1.294345 0.393975 -0.507624
v -1.432689 0.673125 -0.450542
v -1.517852 0.686328 -0.460349
v -1.547902 0.566498 -0.374198
v -1.478477 0.560751 -0.366195
v -1.588874 0.703311 -0.506396
v -1.634428 0.718529 -0.581300
v -1.674912 0.563540 -0.478849
v -1.609591 0.570072 -0.398946
v -1.699207 0.557496 -0.620924
v -1.731287 0.433566 -0.640743
v -1.284007 0.212354 -0.517478
v -1.745167 0.252253 -0.685952
v -1.464727 0.471105 -0.169769
v -1.619042 0.485555 -0.156293
v -1.557147 0.483944 -0.146355
v -1.741924 0.484546 -0.229378
v -1.675544 0.491207 -0.180354
v -1.778680 0.443395 -0.348984
v -1.824355 0.376847 -0.377633
v -1.853277 0.230213 -0.376318
v -1.557587 0.445405 0.033457
v -1.755543 0.459946 0.011371
v -1.356230 0.194959 -0.237657
v -1.453363 0.197139 0.047087
v -1.674917 0.212638 -0.057691
v -1.605320 0.213090 -0.313357
v -1.284007 0.212354 -0.517478
v -1.521083 0.230179 -0.579345
v -1.205634 0.225842 -0.688093
v -1.465032 0.245114 -0.753447
v -1.248470 0.249284 -0.914601
v -1.419879 0.256232 -0.905991
v -1.380653 0.267602 -1.021875
v -1.647692 0.207165 0.162534
v -1.745205 0.213049 0.167625
v -1.698552 0.212566 0.024468
v -1.564024 0.202741 0.118649
v -1.476617 0.273382 -1.023719
v -1.559720 0.273722 -0.984278
v -1.699298 0.266952 -0.835012
v -1.745167 0.252253 -0.685952
v -1.853277 0.230213 -0.376318
v -1.897717 0.227055 -0.097261
v -1.812965 0.218284 0.102810
v -1.852426 0.222183 0.017181
v -1.789171 0.371891 0.077792
v -1.812965 0.218284 0.102810
v -1.561610 0.359941 0.094938
v -1.564024 0.202741 0.118649
v -0.179033 2.692630 0.325264
v -0.204534 2.690565 0.484378
v -0.324427 2.799936 0.392862
v -0.299531 2.819079 0.247416
v -0.174795 2.830214 0.552425
v -0.305858 2.909066 0.479703
v -0.142942 3.065444 0.630470
v -0.276283 3.114767 0.539782
v -0.109740 3.296357 0.615523
v -0.239540 3.306851 0.497248
v -0.115538 3.429475 0.648740
v -0.248752 3.454606 0.533898
v -0.157702 3.658346 0.695926
v -0.296882 3.696349 0.576534
v -0.155535 3.792262 0.694426
v -0.297337 3.837246 0.589559
v -0.147092 3.925069 0.697674
v -0.095986 4.166515 0.632737
v -0.208789 4.224894 0.550129
v -0.277144 3.967293 0.611292
v -0.053962 4.337361 0.609931
v -0.149232 4.388713 0.543875
v -0.054544 4.535408 0.580426
v -0.075535 4.542868 0.527489
v -0.149583 3.791664 0.685065
v -0.288567 3.837615 0.582923
v 0.177655 2.436202 -0.665930
v 0.205781 2.843745 0.301668
v 0.092004 2.787627 0.238039
v -0.096418 4.734463 0.479618
v -0.066539 4.654633 0.489025
v -0.052534 4.670764 0.531880
v 0.202616 4.841518 0.340223
v 0.166478 4.833807 0.309013
v 0.135563 4.823605 0.292315
v 0.088758 4.803725 0.282126
v 0.019903 4.776268 0.293390
v -0.028491 4.734835 0.338561
v -0.063298 4.689538 0.417448
v -0.050398 4.535408 0.573607
v 0.000370 4.510625 0.621072
v -0.069666 4.540556 0.523642
v -0.084673 4.600915 0.456128
v -0.070247 4.633824 0.394596
v -0.017883 4.686278 0.309828
v 0.053055 4.719981 0.255442
v 0.103039 4.725259 0.232032
v 0.155572 4.717553 0.222146
v -0.368662 4.483820 -0.184958
v -0.222462 4.319208 -0.339356
v -0.127617 4.105527 -0.373108
v -0.127617 4.105527 -0.373108
v -0.136015 3.977431 -0.239524
v -0.182194 3.974731 -0.005644
v -0.316828 4.031209 0.167062
v -0.434425 4.266834 0.087060
v -0.482627 4.372800 -0.037727
v -1.154350 1.771402 -0.033637
v -1.256871 1.798416 -0.044347
v -1.035947 1.634618 0.087163
v -1.089720 1.449564 0.288264
v -1.279428 1.330825 0.446362
v -1.089720 1.449564 0.288264
v -1.494204 1.345155 0.470532
v -1.394724 1.314683 0.480147
v -1.611700 1.484197 0.352354
v -1.572545 1.403120 0.428168
v -1.561969 1.663064 0.152166
v -1.370771 1.782358 -0.008310
v -1.561969 1.663064 0.152166
v -0.268346 3.796276 0.198665
v -0.144017 3.861309 -0.083330
v -0.144017 3.861309 -0.083330
v -0.059184 4.039147 -0.319539
v -0.016336 4.248558 -0.347976
v 0.124077 4.319375 -0.339011
v -0.294340 3.900168 0.269854
v -0.323413 3.889535 0.467189
v -0.149583 3.791664 0.685065
v -0.288567 3.837615 0.582923
v 0.030945 3.777626 0.752907
v 0.026936 3.778896 0.763059
v -0.078719 4.134840 -0.328061
v -0.086481 4.140452 -0.336617
v -1.256871 1.798416 -0.044347
v -1.154350 1.771402 -0.033637
v -1.035947 1.634618 0.087163
v -1.089720 1.449564 0.288264
v -1.089720 1.449564 0.288264
v -1.279428 1.330825 0.446362
v -1.394724 1.314683 0.480147
v -1.494204 1.345155 0.470532
v -1.572545 1.403120 0.428168
v -1.611700 1.484197 0.352354
v -1.561969 1.663064 0.152166
v -1.561969 1.663064 0.152166
v -1.370771 1.782358 -0.008310
v -1.014894 2.505023 -0.070519
v -1.016038 2.481492 -0.107828
v -1.010714 2.483206 -0.111343
v -1.143496 2.454203 -0.013684
v -1.033632 2.518609 -0.028166
v -1.031692 2.525314 -0.017788
v -1.206509 2.368188 -0.071754
v -1.211559 2.389256 -0.048393
v -1.218115 2.388077 -0.045375
v -1.102378 2.395939 -0.103949
v -1.191158 2.357830 -0.100619
v -1.193306 2.351733 -0.107807
v 0.103039 4.725259 0.232032
v 0.155572 4.717553 0.222146
v -0.084673 4.600915 0.456128
v -0.070247 4.633824 0.394596
v -0.017883 4.686278 0.309828
v -0.017883 4.686278 0.309828
v 0.053055 4.719981 0.255442
v -0.050398 4.535408 0.573607
v -0.069666 4.540556 0.523642
v 0.000370 4.510625 0.621072
v -0.002774 4.509882 0.628282
v -1.046254 2.581443 -0.054639
v -1.021656 2.557631 -0.101099
v -1.249045 2.484239 -0.217084
v -1.194508 2.475508 -0.239979
v -1.098387 2.501580 -0.185244
v -1.102378 2.395939 -0.103949
v -1.098387 2.501580 -0.185244
v -0.479175 5.025603 0.229676
v -0.487562 5.000350 0.236480
v -0.461893 5.062860 0.220815
v -0.465632 5.024311 0.233378
v -0.427017 5.007423 0.175025
v -0.442536 5.059480 0.197515
v -0.465632 5.024311 0.233378
v -0.474019 4.998708 0.240304
v -0.429480 4.976918 0.187947
v -0.427017 5.007423 0.175025
v -0.465632 5.024311 0.233378
v -0.429480 4.976918 0.187947
v -0.474019 4.998708 0.240304
v -0.461893 5.062860 0.220815
v -0.461893 5.062860 0.220815
v -0.442536 5.059480 0.197515
v -0.427017 5.007423 0.175025
v -0.465632 5.024311 0.233378
v -0.446386 4.966124 0.263615
v -0.474019 4.998708 0.240304
v -0.429480 4.976918 0.187947
v -0.456925 4.945510 0.272011
v -0.451038 4.883629 0.303986
v -0.469079 4.924591 0.279955
v -0.474019 4.998708 0.240304
v -0.465632 5.024311 0.233378
v -0.427017 5.007423 0.175025
v -0.429480 4.976918 0.187947
v -0.497477 5.074939 0.208056
v -0.441989 4.842616 0.324700
v -0.461893 5.062860 0.220815
v -0.442536 5.059480 0.197515
v 0.276923 5.603456 0.209401
v 0.405715 5.466849 0.288013
v 0.085323 5.658989 0.144020
v -0.117741 5.618573 0.109390
v -0.277765 5.492982 0.114830
v 0.426320 5.286331 0.356094
v 0.415529 5.232938 0.372477
v 0.343062 5.071026 0.407088
v -0.328099 5.406084 0.133089
v 0.255573 4.943889 0.416573
v 0.156024 2.448728 0.068542
v 0.156024 2.448728 0.068542
v 0.060354 4.321333 0.666527
v 0.052201 4.147254 0.699630
v 0.022844 3.911925 0.763064
v 0.030945 3.777626 0.752907
v 0.025896 3.641653 0.766663
v 0.039984 3.456792 0.726740
v 0.048374 3.304011 0.680344
v 0.030349 3.034017 0.666591
v -0.010369 2.787380 0.578317
v -0.034536 2.651032 0.512429
v -0.016136 2.634633 0.350029
v -0.016136 2.634633 0.350029
v 0.238172 4.840137 0.389426
v 0.267460 4.688743 0.246914
v 0.455478 4.316971 -0.245302
v 0.267460 4.688743 0.246914
v -0.468886 5.079922 0.249603
v -0.473422 5.041265 0.306880
v -0.439563 5.053787 0.385872
v -0.465724 5.105672 0.275286
v -0.474113 5.024578 0.312562
v -0.462552 5.029433 0.345606
v -0.425397 5.049985 0.381990
v -0.456939 5.050949 0.299681
v -0.454391 5.076725 0.246903
v -0.451579 5.102144 0.271482
v -0.425397 5.049985 0.381990
v -0.448132 5.025174 0.342249
v -0.459229 5.020507 0.310648
v -0.456939 5.050949 0.299681
v -0.454391 5.076725 0.246903
v -0.461893 5.062860 0.220815
v -0.425397 5.049985 0.381990
v -0.451579 5.102144 0.271482
v -0.451579 5.102144 0.271482
v -0.454391 5.076725 0.246903
v -0.448132 5.025174 0.342249
v -0.425397 5.049985 0.381990
v -0.459229 5.020507 0.310648
v -0.448132 5.025174 0.342249
v -0.441868 4.991772 0.330455
v -0.444848 4.969741 0.338639
v -0.433008 4.988649 0.395781
v -0.424278 5.006888 0.394586
v -0.305684 5.322502 0.313727
v -0.306032 5.310805 0.280012
v -0.297764 5.290287 0.287018
v -0.299662 5.300966 0.322050
v -0.310573 5.262613 0.289006
v -0.338267 5.247387 0.274347
v -0.331524 5.252891 0.331166
v -0.320491 5.265265 0.329201
v -0.308860 5.344764 0.354364
v -0.299484 5.336080 0.355113
v -0.298986 5.321193 0.380616
v -0.288430 5.321358 0.390486
v -0.329535 5.322335 0.257382
v -0.313399 5.316687 0.267843
v -0.308822 5.331128 0.309682
v -0.333522 5.339931 0.303112
v -0.328264 5.280033 0.249562
v -0.307136 5.283215 0.261602
v -0.283825 5.069297 0.488392
v -0.346471 5.046576 0.454713
v -0.358955 4.988366 0.471555
v -0.298666 4.979792 0.505857
v -0.065613 5.149748 0.582217
v -0.233605 5.194854 0.502097
v -0.205450 5.067854 0.543635
v -0.103984 5.050654 0.585806
v -0.316821 5.277565 0.383292
v -0.315742 5.284581 0.371580
v -0.299764 5.327361 0.354971
v -0.303424 5.311972 0.359111
v -0.298871 5.317376 0.373542
v -0.306559 5.267633 0.293770
v -0.311401 5.273061 0.328751
v -0.310955 5.287673 0.365616
v -0.360418 5.215810 0.232024
v -0.351186 5.241539 0.333987
v -0.313764 5.275573 0.404829
v -0.275801 5.329485 0.420177
v -0.298847 5.377142 0.377802
v -0.341152 5.383592 0.288010
v -0.356359 5.332161 0.220466
v -0.348750 5.271300 0.222585
v -0.376909 5.160177 0.253851
v -0.343107 5.187937 0.358238
v -0.242087 5.329269 0.458660
v -0.250564 5.419007 0.408095
v -0.299785 5.434628 0.295787
v -0.372556 5.250782 0.203142
v -0.373676 5.300880 0.186024
v -0.377359 5.293025 0.176000
v -0.383500 5.245907 0.188831
v -0.432969 5.201701 0.194616
v -0.413289 5.204370 0.211086
v -0.302225 5.286108 0.269019
v -0.425844 5.132283 0.266142
v -0.379024 5.118069 0.373646
v -0.448132 5.025174 0.342249
v -0.459229 5.020507 0.310648
v -0.474184 5.137416 0.231690
v -0.456419 5.155671 0.224589
v -0.478234 5.153075 0.203825
v -0.498823 5.133707 0.210336
v -0.436063 4.913585 0.368310
v -0.422517 4.967569 0.417905
v -0.443522 4.966482 0.385139
v -0.451647 4.948086 0.346645
v -0.346663 4.906575 0.472662
v -0.392498 4.934813 0.446917
v -0.431714 4.879758 0.388316
v -0.393894 4.850182 0.415699
v -0.404033 5.012208 0.423647
v -0.425397 5.049985 0.381990
v -0.448132 5.025174 0.342249
v -0.362514 5.263918 0.210378
v -0.367453 5.307923 0.193361
v -0.388755 5.212788 0.218597
v -0.516519 5.105827 0.222191
v -0.490667 5.090880 0.233418
v -0.466130 5.107313 0.260314
v -0.495301 5.111829 0.244799
v -0.444929 5.137363 0.249621
v -0.424151 5.157487 0.236818
v -0.370335 5.328785 0.190726
v -0.367618 5.345541 0.199202
v -0.372054 5.347409 0.184832
v -0.376336 5.322472 0.181827
v -0.377043 5.317789 0.170021
v -0.368147 5.343036 0.166097
v -0.451579 5.102144 0.271482
v -0.425397 5.049985 0.381990
v -0.425397 5.049985 0.381990
v -0.412519 4.996516 0.428358
v -0.454391 5.076725 0.246903
v -0.456939 5.050949 0.299681
v -0.425397 5.049985 0.381990
v -0.451579 5.102144 0.271482
v -0.459229 5.020507 0.310648
v -0.448132 5.025174 0.342249
v -0.425397 5.049985 0.381990
v -0.456939 5.050949 0.299681
v -0.454391 5.076725 0.246903
v -0.451579 5.102144 0.271482
v -0.451579 5.102144 0.271482
v -0.299764 5.327361 0.354971
v -0.305684 5.322502 0.313727
v -0.298871 5.317376 0.373542
v -0.310955 5.287673 0.365616
v -0.311401 5.273061 0.328751
v -0.306559 5.267633 0.293770
v -0.302225 5.286108 0.269019
v -0.306032 5.310805 0.280012
v 0.325454 5.491304 0.417347
v 0.377287 5.485343 0.355666
v 0.252737 5.617458 0.279640
v 0.213785 5.609757 0.349183
v 0.067444 5.671159 0.216414
v 0.047656 5.657904 0.292496
v -0.128607 5.631602 0.181537
v -0.128415 5.622871 0.262465
v -0.280097 5.505301 0.172740
v -0.260899 5.504772 0.240666
v 0.346260 5.334556 0.477072
v 0.394494 5.310836 0.420771
v 0.254350 5.484272 0.468172
v 0.163172 5.580981 0.412519
v 0.027529 5.620297 0.366232
v -0.116233 5.591689 0.341713
v -0.225282 5.496544 0.327567
v 0.276632 5.356084 0.518279
v 0.168822 5.464725 0.504679
v 0.104349 5.533109 0.465326
v 0.008435 5.560911 0.432597
v -0.093220 5.540680 0.415259
v -0.168883 5.462157 0.417602
v 0.184577 5.374083 0.540110
v 0.068320 5.319794 0.562863
v 0.035283 5.360940 0.539818
v -0.013829 5.377295 0.521419
v -0.036491 5.367912 0.517926
v -0.085488 5.319213 0.517817
v -0.104311 5.270527 0.528014
v 0.073512 5.273709 0.580668
v -0.043679 5.350849 0.559204
v -0.079209 5.307957 0.548044
v -0.015238 5.309463 0.590791
v -0.011400 5.358699 0.576876
v 0.053820 5.308679 0.626421
v 0.026488 5.344426 0.602844
v -0.094457 5.266196 0.550152
v -0.015873 5.259952 0.602982
v 0.058711 5.269431 0.636844
v -0.284984 4.823624 0.458300
v -0.349921 4.835765 0.437332
v -0.230289 4.969761 0.539866
v -0.142757 4.959696 0.565066
v -0.066584 5.203703 0.560977
v -0.199185 4.882714 0.523508
v -0.289257 4.888473 0.497202
v -0.162036 4.810538 0.499624
v -0.024782 4.933038 0.589828
v 0.000141 5.022360 0.606543
v -0.009881 5.206515 0.614670
v -0.062118 5.207609 0.580644
v -0.054325 5.158798 0.596970
v 0.001432 5.136390 0.615795
v -0.075612 4.862794 0.556411
v -0.010485 5.118104 0.588890
v -0.332198 5.426697 0.210366
v 0.024110 4.888596 0.602043
v 0.060231 4.982835 0.607880
v 0.059284 5.210620 0.635878
v 0.059063 5.156867 0.619067
v -0.004451 4.803716 0.586951
v -0.047426 4.743699 0.558016
v 0.055484 5.137630 0.582186
v 0.380238 5.257864 0.437474
v 0.327254 5.280673 0.490622
v 0.265114 5.299775 0.528910
v 0.181294 5.315845 0.549441
v 0.069181 5.202756 0.590179
v 0.322017 5.095542 0.477155
v 0.282361 5.115174 0.527071
v 0.225350 5.129408 0.559463
v 0.160156 5.141157 0.578247
v 0.234086 4.977460 0.539977
v 0.202243 4.987860 0.576925
v 0.154341 4.990825 0.596871
v -0.329231 5.414219 0.163653
v -0.003327 5.376087 0.553337
v -0.043146 5.366287 0.537912
v -0.088570 5.317628 0.529171
v 0.074941 5.322121 0.604302
v 0.041975 5.361793 0.577751
v -0.106345 5.269465 0.535602
v 0.080453 5.277012 0.618944
v -0.068538 5.202464 0.568135
v 0.005220 5.122074 0.608778
v 0.071701 5.145665 0.608915
v 0.077930 5.208797 0.622487
v 0.255099 4.961126 0.480749
v 1.424020 2.536695 -0.048128
v 1.437788 2.548240 -0.106776
v 1.372395 2.449090 -0.188941
v 1.366458 2.474736 -0.147075
v 1.373623 2.467766 -0.143659
v 1.380001 2.445536 -0.176486
v 1.302370 2.397609 -0.178473
v 1.304545 2.442261 -0.148801
v 1.389026 2.481183 -0.099398
v 1.373623 2.467766 -0.143659
v 1.304545 2.442261 -0.148801
v 1.291167 2.468359 -0.099816
v 1.421040 2.521707 0.015156
v 1.378760 2.489801 -0.088168
v 0.879866 2.182767 0.033612
v 0.872669 2.177802 -0.011730
v 0.889463 2.149855 -0.024849
v 0.896935 2.139655 0.011810
v 0.897227 2.211756 -0.007238
v 0.872669 2.177802 -0.011730
v 0.879866 2.182767 0.033612
v 0.907619 2.233128 0.037658
v 0.928151 2.194240 0.061358
v 0.937602 2.165732 0.044316
v 0.928151 2.194240 0.061358
v 0.945524 2.227500 0.062020
v 1.073135 2.259457 0.018176
v 1.140555 2.292169 0.010439
v 1.168334 2.247823 -0.010825
v 1.089828 2.227122 -0.008637
v 1.134108 2.337276 0.036715
v 1.140555 2.292169 0.010439
v 1.073135 2.259457 0.018176
v 1.072234 2.281302 0.057342
v 1.566867 2.470715 0.034608
v 1.507928 2.407096 -0.014190
v 1.508111 2.406034 -0.024913
v 1.345327 2.467182 -0.059962
v 1.245673 2.408876 0.016445
v 1.211936 2.420020 -0.010246
v 1.158644 2.332672 0.071170
v 1.455436 2.401983 0.018208
v 1.312748 2.363531 0.078320
v 1.223109 2.289222 0.133124
v 1.125152 2.244688 0.114719
v 1.093603 2.280652 0.096248
v 1.383445 2.310714 0.122046
v 1.292054 2.232176 0.178931
v 1.194126 2.182875 0.158987
v 1.157210 2.219368 0.151368
v 1.550463 2.325157 0.048235
v 1.615768 2.350962 -0.029348
v 1.562659 2.283452 0.037579
v 1.680959 2.441956 0.002852
v 1.627186 2.346823 -0.019503
v 1.453288 2.245802 0.132085
v 1.485424 2.207428 0.120858
v 1.370167 2.159337 0.199276
v 1.401402 2.124947 0.187223
v 1.267037 2.113290 0.198352
v 1.223283 2.156625 0.191717
v 1.313962 2.088897 0.219496
v 1.345108 2.058904 0.196907
v 1.699891 2.454856 -0.058336
v 1.634807 2.333515 -0.061892
v 1.624347 2.338673 -0.063484
v 1.571771 2.253073 0.008401
v 1.618345 2.339718 -0.102585
v 1.624347 2.338673 -0.063484
v 1.571771 2.253073 0.008401
v 1.583892 2.237721 -0.031475
v 1.682175 2.481803 -0.115664
v 1.628753 2.335565 -0.114055
v 1.495913 2.171718 0.087179
v 1.495913 2.171718 0.087179
v 1.486182 2.154477 0.049253
v 1.412886 2.097150 0.151227
v 1.412886 2.097150 0.151227
v 1.405006 2.085807 0.110580
v 1.358303 2.041553 0.158143
v 1.358303 2.041553 0.158143
v 1.352850 2.038767 0.115050
v 1.561023 2.515596 -0.135485
v 1.502726 2.372854 -0.153692
v 1.502370 2.373770 -0.143320
v 1.513047 2.281085 -0.091629
v 1.457594 2.171105 0.024699
v 1.377675 2.100886 0.084798
v 1.392938 2.222433 -0.010659
v 1.307750 2.152613 0.044389
v 1.294367 2.076154 0.087830
v 1.326243 2.055912 0.092173
v 1.397211 2.351712 -0.146538
v 1.329640 2.268034 -0.052414
v 1.240477 2.199602 -0.001095
v 1.221260 2.125339 0.045461
v 1.266611 2.102548 0.057911
v 1.561023 2.515596 -0.135485
v 1.502726 2.372854 -0.153692
v 1.267510 2.296295 -0.089400
v 1.235575 2.295321 -0.103771
v 1.186538 2.238093 -0.027279
v 1.148025 2.177293 0.008090
v 1.189618 2.151765 0.017550
v 1.115937 2.198477 -0.007467
v 1.257348 1.922781 -0.061961
v 1.268662 1.939468 -0.043429
v 1.294412 1.941017 -0.043093
v 1.286559 1.914220 -0.064717
v 1.300393 1.920300 -0.029986
v 1.299990 1.896793 -0.044232
v 1.262472 1.878122 -0.062852
v 1.286559 1.914220 -0.064717
v 1.299990 1.896793 -0.044232
v 1.276441 1.873243 -0.044716
v 1.244731 1.892707 -0.057608
v 1.257348 1.922781 -0.061961
v 1.207805 1.868651 -0.114519
v 1.218694 1.890598 -0.100285
v 1.244850 1.890069 -0.099306
v 1.236351 1.856803 -0.112842
v 1.247183 1.874530 -0.078479
v 1.246059 1.846958 -0.085198
v 1.208911 1.825528 -0.100291
v 1.236351 1.856803 -0.112842
v 1.246059 1.846958 -0.085198
v 1.219512 1.825708 -0.078780
v 1.189647 1.840712 -0.099869
v 1.207805 1.868651 -0.114519
v 1.097738 1.896166 -0.141681
v 1.109733 1.917925 -0.128058
v 1.136922 1.915656 -0.129395
v 1.126560 1.882182 -0.142068
v 1.137796 1.900876 -0.106502
v 1.135407 1.873207 -0.112630
v 1.096242 1.853946 -0.124715
v 1.126560 1.882182 -0.142068
v 1.135407 1.873207 -0.112630
v 1.107524 1.855155 -0.102805
v 1.079499 1.872207 -0.124405
v 1.097738 1.896166 -0.141681
v 0.981820 1.921575 -0.093620
v 1.000322 1.943203 -0.090889
v 1.025457 1.933586 -0.094137
v 1.007120 1.901648 -0.092056
v 1.028448 1.928410 -0.067775
v 1.019695 1.901705 -0.062565
v 0.975320 1.889598 -0.061364
v 1.007120 1.901648 -0.092056
v 1.019695 1.901705 -0.062565
v 0.990778 1.895569 -0.043080
v 0.962524 1.910383 -0.066045
v 0.981820 1.921575 -0.093620
v 1.282845 2.057912 0.099988
v 1.309430 2.036405 0.094760
v 1.333569 2.020524 0.115201
v 1.260307 1.961459 0.077918
v 1.261953 1.970609 0.090650
v 1.274838 1.946025 0.108220
v 1.272964 1.937429 0.094971
v 1.232461 1.970440 0.078280
v 1.233977 1.980943 0.091919
v 1.338207 2.022814 0.155868
v 1.338207 2.022814 0.155868
v 1.325825 2.038466 0.193325
v 1.253767 1.909267 0.131116
v 1.258865 1.921808 0.144697
v 1.239554 1.920468 0.172935
v 1.232521 1.902863 0.154902
v 1.253767 1.909267 0.131116
v 1.258865 1.921808 0.144697
v 1.298681 2.061988 0.205245
v 1.273675 2.079074 0.190117
v 1.205176 1.910981 0.152577
v 1.211767 1.930550 0.173692
v 1.194077 1.948504 0.155597
v 1.189367 1.930223 0.134245
v 1.271267 2.086483 0.143650
v 1.269520 2.074346 0.143583
v 1.269520 2.074346 0.143583
v 1.271267 2.086483 0.143650
v 1.202510 1.953639 0.103334
v 1.204334 1.967173 0.121713
v 1.202510 1.953639 0.103334
v 1.204334 1.967173 0.121713
v 1.223116 2.103159 0.057224
v 1.252407 2.081720 0.057451
v 1.269615 2.070371 0.088240
v 1.190342 1.962290 0.031977
v 1.192000 1.974957 0.040584
v 1.205413 1.959688 0.063981
v 1.202415 1.946077 0.055213
v 1.160831 1.971023 0.028945
v 1.162174 1.984536 0.037865
v 1.260211 2.080031 0.139406
v 1.260211 2.080031 0.139406
v 1.237007 2.099022 0.174108
v 1.207961 2.121407 0.174817
v 1.188597 2.131804 0.145786
v 1.121857 1.934296 0.112989
v 1.124927 1.951113 0.124031
v 1.112158 1.967129 0.100557
v 1.109436 1.950463 0.090133
v 1.151365 1.924608 0.115172
v 1.154734 1.940490 0.125817
v 1.198015 2.134493 0.096196
v 1.197154 2.122211 0.096702
v 1.197154 2.122211 0.096702
v 1.198015 2.134493 0.096196
v 1.128258 1.964567 0.054797
v 1.130391 1.980133 0.064489
v 1.128258 1.964567 0.054797
v 1.130391 1.980133 0.064489
v 1.141729 2.156447 0.028853
v 1.170954 2.132965 0.023506
v 1.189484 2.122653 0.053525
v 1.090206 2.011036 0.015219
v 1.096160 2.025350 0.020604
v 1.107983 2.009804 0.045358
v 1.102158 1.995793 0.039303
v 1.061624 2.022373 0.013149
v 1.066603 2.036740 0.019018
v 1.188518 2.128208 0.091446
v 1.188518 2.128208 0.091446
v 1.163559 2.154932 0.136279
v 1.139699 2.188493 0.140574
v 1.122550 2.209195 0.115962
v 1.025677 1.996896 0.102375
v 1.030684 2.012790 0.110667
v 1.018081 2.027668 0.086171
v 1.013318 2.011961 0.078596
v 1.054038 1.985513 0.104652
v 1.059388 2.000539 0.112485
v 1.122524 2.203502 0.074707
v 1.119900 2.191217 0.077287
v 1.119900 2.191217 0.077287
v 1.122524 2.203502 0.074707
v 1.030650 2.021481 0.041482
v 1.035224 2.036632 0.048401
v 1.030650 2.021481 0.041482
v 1.035224 2.036632 0.048401
v 1.068927 2.213546 0.005589
v 1.093579 2.188540 0.007953
v 1.112721 2.177317 0.030809
v 1.017807 2.090783 0.021823
v 1.023389 2.102538 0.024225
v 1.035582 2.090661 0.050060
v 1.030587 2.079192 0.046908
v 0.989338 2.103101 0.019004
v 0.994753 2.115307 0.021479
v 1.110912 2.198943 0.074333
v 1.110912 2.198943 0.074333
v 1.098365 2.229625 0.101958
v 1.072348 2.252673 0.096016
v 1.052543 2.258877 0.066517
v 0.958338 2.094410 0.108000
v 0.964116 2.109235 0.112169
v 0.951464 2.120805 0.086132
v 0.945931 2.105772 0.082176
v 0.985646 2.082361 0.112412
v 0.991396 2.096420 0.116749
v 1.053036 2.241175 0.030881
v 1.053036 2.241175 0.030881
v 0.960700 2.108557 0.046071
v 0.966302 2.121914 0.048774
v 0.960700 2.108557 0.046071
v 0.966302 2.121914 0.048774
v 1.183626 1.931090 0.089717
v 1.186917 1.945841 0.099585
v 1.183626 1.931090 0.089717
v 1.186917 1.945841 0.099585
v 1.084572 1.986308 0.076740
v 1.089941 2.000732 0.084116
v 1.084572 1.986308 0.076740
v 1.089941 2.000732 0.084116
v 1.014899 2.076882 0.084504
v 1.020406 2.089540 0.088208
v 1.014899 2.076882 0.084504
v 1.020406 2.089540 0.088208
v 1.223781 1.931334 0.026336
v 1.228635 1.959677 0.067268
v 1.259789 1.954097 0.065101
v 1.252899 1.927867 0.032390
v 1.271841 1.929462 0.082086
v 1.267579 1.904822 0.044613
v 1.252928 1.899805 0.114479
v 1.255947 1.871588 0.051091
v 1.255947 1.871588 0.051091
v 1.252928 1.899805 0.114479
v 1.230026 1.888881 0.133470
v 1.228143 1.847605 0.056285
v 1.202005 1.896411 0.131925
v 1.198549 1.854332 0.058027
v 1.185810 1.916777 0.117036
v 1.183888 1.876284 0.043583
v 1.199307 1.941834 0.088680
v 1.195126 1.908039 0.035086
v 1.195126 1.908039 0.035086
v 1.199307 1.941834 0.088680
v 1.155904 1.892105 -0.035563
v 1.160217 1.960227 0.020044
v 1.189841 1.951909 0.023215
v 1.184428 1.885389 -0.030225
v 1.201889 1.935485 0.046150
v 1.196474 1.867466 -0.009558
v 1.183096 1.919589 0.079738
v 1.178351 1.847589 0.018957
v 1.178351 1.847589 0.018957
v 1.183096 1.919589 0.079738
v 1.150824 1.911987 0.104177
v 1.147052 1.835281 0.037770
v 1.121349 1.920901 0.101360
v 1.118207 1.842293 0.033119
v 1.108860 1.937519 0.079128
v 1.105904 1.860005 0.012570
v 1.127687 1.952857 0.044998
v 1.125476 1.880755 -0.016937
v 1.125476 1.880755 -0.016937
v 1.127687 1.952857 0.044998
v 1.045079 1.941105 -0.041429
v 1.058697 2.009314 0.004585
v 1.086994 1.998165 0.007073
v 1.072430 1.937196 -0.031405
v 1.099192 1.982861 0.030672
v 1.084401 1.916683 -0.013477
v 1.081976 1.972601 0.066854
v 1.066825 1.888647 0.005274
v 1.066825 1.888647 0.005274
v 1.081976 1.972601 0.066854
v 1.051073 1.971128 0.094548
v 1.036817 1.874195 0.019214
v 1.022694 1.982337 0.092232
v 1.008800 1.881316 0.013168
v 1.010478 1.997422 0.068439
v 0.996601 1.899804 -0.006465
v 1.027688 2.007708 0.032276
v 1.014161 1.921796 -0.031131
v 1.014161 1.921796 -0.031131
v 1.027688 2.007708 0.032276
v 0.965281 2.014060 -0.017652
v 0.986178 2.092430 0.014812
v 1.014668 2.080419 0.017765
v 0.992851 2.005648 -0.011576
v 1.027556 2.068665 0.042526
v 1.004294 1.990508 0.011358
v 1.011472 2.065413 0.079772
v 0.986360 1.976421 0.041689
v 0.986360 1.976421 0.041689
v 1.011472 2.065413 0.079772
v 0.982052 2.069733 0.106983
v 0.955333 1.970531 0.062715
v 0.954568 2.081796 0.102868
v 0.927586 1.979319 0.057109
v 0.942233 2.093294 0.077174
v 0.916055 1.992143 0.032385
v 0.957121 2.096824 0.041533
v 0.934102 2.005951 0.001728
v 0.934102 2.005951 0.001728
v 0.957121 2.096824 0.041533
v 1.249796 1.940857 -0.018812
v 1.224810 1.927752 0.017606
v 1.254282 1.927019 0.028072
v 1.277022 1.938753 -0.006504
v 1.269752 1.903012 0.036063
v 1.292955 1.915000 -0.000415
v 1.258323 1.868203 0.038732
v 1.283534 1.878772 -0.006350
v 1.283534 1.878772 -0.006350
v 1.258323 1.868203 0.038732
v 1.231816 1.842884 0.037995
v 1.259448 1.851382 -0.017287
v 1.201187 1.847439 0.038123
v 1.232071 1.854089 -0.027991
v 1.187892 1.870824 0.023446
v 1.216267 1.877979 -0.034117
v 1.197860 1.903977 0.021124
v 1.224470 1.912047 -0.029546
v 1.224470 1.912047 -0.029546
v 1.197860 1.903977 0.021124
v 1.195549 1.901136 -0.075831
v 1.156317 1.887237 -0.040291
v 1.184166 1.878615 -0.035994
v 1.221032 1.900648 -0.061418
v 1.196333 1.861562 -0.014753
v 1.235354 1.880996 -0.046048
v 1.178866 1.840672 0.011921
v 1.221184 1.842581 -0.040544
v 1.221184 1.842581 -0.040544
v 1.178866 1.840672 0.011921
v 1.147837 1.826884 0.028993
v 1.195310 1.814446 -0.043544
v 1.119273 1.833156 0.023366
v 1.169041 1.814839 -0.057059
v 1.106298 1.851328 0.004197
v 1.150944 1.833258 -0.068854
v 1.127494 1.874673 -0.024835
v 1.169757 1.872243 -0.079654
v 1.169757 1.872243 -0.079654
v 1.127494 1.874673 -0.024835
v 1.087262 1.933606 -0.099724
v 1.048118 1.937925 -0.047909
v 1.075594 1.935376 -0.036779
v 1.113319 1.932384 -0.086124
v 1.087637 1.914632 -0.019252
v 1.125847 1.910962 -0.070561
v 1.070064 1.884193 -0.002911
v 1.110717 1.875572 -0.062478
v 1.110717 1.875572 -0.062478
v 1.070064 1.884193 -0.002911
v 1.039995 1.866545 0.007978
v 1.081883 1.848244 -0.062562
v 1.011750 1.872539 0.001185
v 1.056349 1.850244 -0.076048
v 1.000667 1.891116 -0.019661
v 1.045015 1.872174 -0.092593
v 1.017801 1.916877 -0.040053
v 1.060039 1.906701 -0.101395
v 1.060039 1.906701 -0.101395
v 1.017801 1.916877 -0.040053
v 0.986700 1.972513 -0.068347
v 0.965323 2.007221 -0.022224
v 0.992811 2.000138 -0.015071
v 1.014149 1.969500 -0.058407
v 1.004018 1.984458 0.007609
v 1.024506 1.951821 -0.037063
v 0.985857 1.967973 0.036230
v 1.004975 1.926846 -0.014169
v 1.004975 1.926846 -0.014169
v 0.985857 1.967973 0.036230
v 0.954493 1.959546 0.055601
v 0.972737 1.909768 -0.000788
v 0.926568 1.967260 0.049406
v 0.945395 1.913436 -0.010314
v 0.915490 1.981005 0.025035
v 0.934593 1.930269 -0.031876
v 0.934019 1.997187 -0.004209
v 0.954613 1.954363 -0.055988
v 0.954613 1.954363 -0.055988
v 0.934019 1.997187 -0.004209
v 1.205389 2.280754 -0.111422
v 1.240984 2.375178 -0.162932
v 1.229083 2.442137 -0.101732
v 1.179950 2.410882 -0.024333
v 1.104287 2.334659 -0.032139
v 1.106180 2.311038 -0.094084
v 1.242189 2.418016 -0.141782
v 1.242189 2.418016 -0.141782
v 1.112023 2.275146 -0.120096
v 1.242189 2.418016 -0.141782
v 1.115200 2.237313 -0.130812
v 1.112023 2.275146 -0.120096
v 1.157389 2.246866 -0.029438
v 1.151578 2.284457 0.010559
v 1.151578 2.284457 0.010559
v 1.140691 2.333177 0.019809
v 1.102013 2.304244 0.018272
v 1.113529 2.202173 -0.090395
v 1.026450 2.163518 -0.091537
v 1.036086 2.171254 -0.095488
v 1.058006 2.158208 -0.060660
v 1.050311 2.153139 -0.057209
v 1.040783 2.292394 -0.013638
v 1.048316 2.297449 -0.015840
v 1.029345 2.255314 -0.066303
v 1.019969 2.248578 -0.062951
v 1.020823 2.203666 -0.082988
v 1.030042 2.211095 -0.086634
v 1.030042 2.211095 -0.086634
v 1.020823 2.203666 -0.082988
v 1.107641 2.214857 -0.027033
v 1.065794 2.187591 0.002587
v 1.104203 2.258437 0.003396
v 1.104203 2.258437 0.003396
v 1.062137 2.279881 0.030641
v 0.960628 2.131833 -0.021128
v 0.933706 2.144305 -0.056011
v 1.004995 2.156301 -0.080514
v 1.028892 2.144087 -0.045083
v 0.944996 2.226303 -0.031096
v 0.977582 2.260875 0.018700
v 1.024324 2.280485 -0.002424
v 1.005610 2.238409 -0.051336
v 1.004125 2.195579 -0.072172
v 0.934981 2.183683 -0.049477
v 0.934981 2.183683 -0.049477
v 1.004125 2.195579 -0.072172
v 0.985566 2.165730 0.032614
v 1.042704 2.178361 0.014229
v 1.051287 2.225464 0.032990
v 0.994307 2.208395 0.051639
v 0.994307 2.208395 0.051639
v 1.051287 2.225464 0.032990
v 1.045503 2.268123 0.039450
v 0.996924 2.247722 0.057531
v 1.068506 2.236484 0.022723
v 1.068506 2.236484 0.022723
v 1.567066 2.472461 0.031964
v 1.677648 2.676259 0.118375
v 1.541452 2.746077 0.099021
v 1.425348 2.519928 0.010660
v 1.676433 2.444810 -0.001576
v 1.832434 2.713167 0.090791
v 1.952571 2.914998 0.158289
v 1.862560 2.698897 -0.019307
v 2.020983 2.963222 0.013354
v 1.810671 2.743817 -0.108690
v 1.959224 3.024237 -0.128437
v 1.660303 2.788705 -0.135807
v 1.781600 3.061831 -0.154182
v 1.781600 3.061831 -0.154182
v 1.660303 2.788705 -0.135807
v 1.562276 2.808020 -0.090857
v 1.653435 3.063142 -0.089761
v 1.517397 2.778336 0.003874
v 1.577961 3.036802 0.033950
v 1.620424 2.975477 0.175814
v 1.795125 2.918206 0.224766
v 2.038232 3.201299 0.247188
v 2.102904 3.269431 0.099621
v 2.048097 3.307061 -0.054294
v 1.882333 3.285263 -0.104329
v 1.882333 3.285263 -0.104329
v 1.757310 3.272276 -0.044840
v 1.689054 3.221114 0.094285
v 1.716434 3.190426 0.247919
v 1.886721 3.162214 0.307019
v 1.931226 3.504210 0.291794
v 2.015446 3.362587 0.282881
v 2.063913 3.433686 0.138884
v 1.973916 3.568840 0.158348
v 2.017466 3.444355 -0.017399
v 1.930308 3.564111 0.010772
v 1.880662 3.384902 -0.094089
v 1.806864 3.481610 -0.065691
v 1.806864 3.481610 -0.065691
v 1.880662 3.384902 -0.094089
v 1.778934 3.332808 -0.036797
v 1.727974 3.405343 -0.019480
v 1.744839 3.296047 0.113602
v 1.690363 3.355212 0.117352
v 1.756666 3.257232 0.263862
v 1.708128 3.336652 0.258569
v 1.895618 3.288372 0.334286
v 1.825534 3.412483 0.333468
v 1.770545 3.757541 0.321339
v 1.855744 3.630336 0.301187
v 1.905056 3.699895 0.178388
v 1.809532 3.826420 0.201321
v 1.857637 3.682149 0.037672
v 1.776047 3.809131 0.061261
v 1.717506 3.585695 -0.037624
v 1.621919 3.693779 -0.018452
v 1.621919 3.693779 -0.018452
v 1.717506 3.585695 -0.037624
v 1.615307 3.508408 0.016764
v 1.507993 3.585729 0.014141
v 1.594024 3.422172 0.123259
v 1.456455 3.510832 0.132932
v 1.604802 3.423527 0.259390
v 1.490379 3.519751 0.271320
v 1.733184 3.525284 0.335229
v 1.633842 3.636127 0.350757
v 1.633827 3.934092 0.364389
v 1.694502 4.019640 0.236848
v 1.655705 4.002689 0.072163
v 1.495570 3.872837 -0.014787
v 1.495570 3.872837 -0.014787
v 1.350141 3.728887 0.025322
v 1.275545 3.648138 0.145731
v 1.293503 3.646679 0.298732
v 1.476965 3.785653 0.393696
v 1.432825 4.115372 0.438207
v 1.519443 4.200506 0.300435
v 1.502858 4.179856 0.118862
v 1.352398 4.060923 0.004088
v 1.352398 4.060923 0.004088
v 1.216831 3.917264 0.082852
v 1.083406 3.849707 0.239484
v 1.096149 3.852922 0.396082
v 1.247203 3.972770 0.496284
v 1.109539 4.345511 0.568758
v 1.202819 4.458402 0.460144
v 1.303930 4.384554 0.236107
v 1.159971 4.264095 0.026430
v 1.159971 4.264095 0.026430
v 1.085871 4.087094 0.099663
v 0.975443 3.994573 0.268988
v 0.937281 4.053601 0.439225
v 1.033288 4.172698 0.560460
v 1.785688 1.226856 -0.227835
v 1.888712 1.273209 -0.252845
v 2.017887 0.912115 -0.401542
v 1.927130 0.884259 -0.382572
v 1.870741 0.814401 -0.255672
v 1.714615 1.112046 -0.084403
v 1.935785 0.768903 -0.081928
v 1.799499 1.008260 0.104645
v 1.799499 1.008260 0.104645
v 1.935785 0.768903 -0.081928
v 2.068665 0.763157 0.049568
v 1.978649 0.967857 0.233285
v 2.184654 1.022591 0.245276
v 2.089645 0.984592 0.268119
v 2.157479 0.777439 0.089255
v 2.240584 0.794644 0.073248
v 2.262957 1.136067 0.091723
v 2.247061 1.074350 0.181415
v 2.296258 0.828580 0.021495
v 2.313162 0.862800 -0.058857
v 2.249740 0.911986 -0.232791
v 2.178967 1.243156 -0.090463
v 2.178967 1.243156 -0.090463
v 2.249740 0.911986 -0.232791
v 2.108608 0.924000 -0.368590
v 1.998368 1.286770 -0.223945
v 1.657645 1.522725 -0.104506
v 1.776014 1.578785 -0.134044
v 1.572792 1.387159 0.073292
v 1.678283 1.264785 0.314257
v 1.678283 1.264785 0.314257
v 1.899054 1.220960 0.484728
v 2.142619 1.283274 0.491197
v 2.034572 1.234752 0.519740
v 2.232162 1.426916 0.310897
v 2.214360 1.350253 0.419789
v 2.130044 1.549970 0.077079
v 2.130044 1.549970 0.077079
v 1.909623 1.594087 -0.096569
v 1.577989 1.827375 0.101798
v 1.706410 1.887903 0.066815
v 1.479178 1.677788 0.296296
v 1.588166 1.548953 0.566438
v 1.588166 1.548953 0.566438
v 1.827582 1.511351 0.757774
v 2.097990 1.586995 0.762114
v 1.977137 1.530456 0.795490
v 2.201735 1.743895 0.557072
v 2.179735 1.660997 0.680690
v 2.094568 1.869713 0.295221
v 2.094568 1.869713 0.295221
v 1.853033 1.908662 0.105969
v 1.660721 1.935434 0.330576
v 1.761130 1.998889 0.294733
v 1.721011 2.013700 0.233170
v 1.614316 1.958293 0.264547
v 1.508672 1.844321 0.444984
v 1.538023 1.855471 0.520495
v 1.576200 1.779507 0.698335
v 1.556804 1.874004 0.776122
v 1.556804 1.874004 0.776122
v 1.576200 1.779507 0.698335
v 1.767070 1.806258 0.872555
v 1.704629 1.976045 0.950221
v 1.897080 2.116376 0.942199
v 1.805755 2.046211 0.977595
v 1.884778 1.846683 0.900647
v 1.983467 1.904778 0.868435
v 2.018344 2.201605 0.749705
v 1.974468 2.169502 0.863979
v 2.058103 1.964098 0.794846
v 2.090276 2.019749 0.685285
v 2.028564 2.079225 0.437267
v 1.998325 2.186546 0.496216
v 1.998325 2.186546 0.496216
v 2.028564 2.079225 0.437267
v 1.833758 2.057030 0.260968
v 1.855380 2.074868 0.321136
v 1.544629 1.917062 0.201109
v 1.630732 2.005995 0.153932
v 1.741165 1.953955 0.254484
v 1.652305 1.864590 0.299453
v 1.496525 1.836302 0.506966
v 1.386862 1.890210 0.405945
v 1.441535 1.976972 0.766556
v 1.316537 2.055114 0.663816
v 1.316537 2.055114 0.663816
v 1.441535 1.976972 0.766556
v 1.517148 2.204368 0.929546
v 1.368839 2.315093 0.821728
v 1.516717 2.529283 0.789095
v 1.433850 2.444178 0.835469
v 1.585938 2.327115 0.943827
v 1.674970 2.408491 0.900794
v 1.676677 2.559008 0.584701
v 1.603286 2.571684 0.703581
v 1.760927 2.453658 0.813029
v 1.826616 2.452176 0.694573
v 1.877351 2.316220 0.434326
v 1.747777 2.394917 0.329596
v 1.747777 2.394917 0.329596
v 1.877351 2.316220 0.434326
v 1.810866 2.073860 0.272114
v 1.695602 2.132360 0.169995
v 1.349093 2.032996 0.058766
v 1.448210 2.130336 0.004509
v 1.158946 1.986555 0.281189
v 1.051095 2.154570 0.543862
v 1.051095 2.154570 0.543862
v 1.158287 2.423237 0.717191
v 1.310781 2.671822 0.656042
v 1.214206 2.576933 0.715122
v 1.489328 2.716130 0.431741
v 1.405628 2.723765 0.559361
v 1.575189 2.547556 0.167763
v 1.575189 2.547556 0.167763
v 1.520467 2.267074 0.013594
v 1.058043 2.150379 -0.136080
v 1.171186 2.255183 -0.194265
v 0.796973 2.099704 0.092264
v 0.667744 2.283069 0.353186
v 0.667744 2.283069 0.353186
v 0.764956 2.546698 0.531933
v 1.008710 2.797316 0.475619
v 0.890809 2.698924 0.531691
v 1.226198 2.837686 0.257219
v 1.124740 2.853709 0.373989
v 1.320724 2.668157 -0.009546
v 1.320724 2.668157 -0.009546
v 1.266210 2.385165 -0.169119
v 0.687414 2.330451 -0.508366
v 0.786840 2.481726 -0.527128
v 0.919359 2.365973 -0.385781
v 0.828085 2.237788 -0.314533
v 0.645697 2.079099 -0.090243
v 0.403530 2.151022 -0.340298
v 0.501125 2.335871 0.273304
v 0.170872 2.445225 0.101210
v 0.170872 2.445225 0.101210
v 0.501125 2.335871 0.273304
v 0.613663 2.618712 0.479624
v 0.393770 2.753069 0.364188
v 0.594076 2.943949 0.266989
v 0.505171 2.886615 0.357386
v 0.752464 2.769568 0.481388
v 0.818029 2.887510 0.392180
v 0.767678 2.960413 -0.011063
v 0.690108 2.974184 0.146743
v 0.858559 2.951325 0.246348
v 0.950707 2.952767 0.112685
v 0.864485 2.865051 -0.279011
v 1.020250 2.799359 -0.193069
v 0.991040 2.513669 -0.369425
v 0.836746 2.619642 -0.487653
v 1.707246 1.938585 0.151516
v 1.602090 1.888496 0.179113
v 1.513202 1.762388 0.355268
v 1.605101 1.661850 0.606343
v 1.605101 1.661850 0.606343
v 1.818311 1.648245 0.786455
v 1.941691 1.673689 0.818648
v 2.040400 1.723887 0.790038
v 2.110475 1.784662 0.720688
v 2.134007 1.847592 0.612927
v 2.045421 1.942679 0.363827
v 2.045421 1.942679 0.363827
v 1.829144 1.962935 0.184744
v 0.558954 3.101651 -0.740303
v 0.658229 3.055609 -0.636175
v 0.639697 2.862272 -0.680007
v 0.541854 2.809480 -0.754297
v 0.589060 2.789310 0.228739
v 0.452734 2.707555 0.377512
v 0.453225 2.748039 0.207080
v 0.579490 2.813273 0.055529
v 0.717470 2.871126 -0.269012
v 0.730665 2.927361 -0.142150
v 0.730665 2.927361 -0.142150
v 0.717470 2.871126 -0.269012
v 0.701569 2.865894 -0.559737
v 0.721001 3.026881 -0.480560
v 0.612763 3.373780 -0.666446
v 0.725749 3.317886 -0.528915
v 0.622046 2.890153 0.349711
v 0.479482 2.809789 0.481918
v 0.789044 3.054076 0.014020
v 0.789044 3.054076 0.014020
v 0.789201 3.241871 -0.349057
v 0.663601 3.615424 -0.539166
v 0.783542 3.506026 -0.432262
v 0.650790 3.022351 0.383404
v 0.513996 2.970102 0.523501
v 0.824127 3.236658 0.100478
v 0.824127 3.236658 0.100478
v 0.830670 3.393835 -0.282973
v 0.730121 3.818446 -0.412336
v 0.816404 3.723276 -0.311481
v 0.671530 3.261942 0.430861
v 0.526705 3.189306 0.538838
v 0.854347 3.506619 0.201518
v 0.854347 3.506619 0.201518
v 0.866354 3.634371 -0.158130
v 0.781178 3.964638 -0.302783
v 0.878897 3.948255 -0.153572
v 0.728283 3.502471 0.527512
v 0.579318 3.386119 0.646545
v 0.856425 3.844901 0.217137
v 0.856425 3.844901 0.217137
v 0.929015 3.937985 -0.001542
v 0.810132 4.199396 -0.163186
v 0.908560 4.202981 -0.023514
v 0.740287 3.817442 0.551737
v 0.566257 3.689533 0.786118
v 0.851915 4.044861 0.183613
v 0.851915 4.044861 0.183613
v 0.955696 4.206089 0.071698
v 0.763450 4.343586 -0.070263
v 0.905430 4.312481 0.042608
v 0.701275 3.935296 0.652469
v 0.524661 3.881216 0.825340
v 0.697070 3.935936 0.640624
v 0.731376 3.816952 0.544312
v 0.841421 4.055932 0.178864
v 0.868550 4.242507 0.115624
v 0.868550 4.242507 0.115624
v 0.841421 4.055932 0.178864
v 0.935673 4.154585 0.057301
v 0.960273 4.288338 0.093564
v 0.646528 4.603260 0.104807
v 0.758299 4.616513 0.257444
v 0.841788 4.476510 0.102722
v 0.702036 4.443527 -0.002756
v 0.681238 4.380363 0.713343
v 0.522673 4.303642 0.786681
v 0.501072 4.036132 0.832336
v 0.655995 4.105792 0.735501
v 0.518736 4.646722 0.253350
v 0.579295 4.647815 0.377264
v 0.523119 4.493291 0.743331
v 0.421946 4.430792 0.760610
v 0.872090 4.469107 0.560470
v 0.651428 4.585510 0.616262
v 0.651428 4.585510 0.616262
v 0.872090 4.469107 0.560470
v 0.877826 4.582332 0.405176
v 0.632766 4.634232 0.495899
v 0.362328 4.728304 0.336708
v 0.383338 4.741575 0.404550
v 0.175874 4.677047 0.662389
v 0.125355 4.629346 0.671992
v 0.290810 4.733237 0.610060
v 0.290810 4.733237 0.610060
v 0.375528 4.743947 0.481288
v 0.541854 2.809480 -0.754297
v 0.639697 2.862272 -0.680007
v 0.694325 2.568717 -0.636653
v 0.563139 2.480429 -0.665057
v 0.177655 2.436202 -0.665930
v 0.212208 2.879375 -0.834283
v 0.309834 2.686522 0.300921
v 0.145883 2.618462 0.358429
v 0.272435 2.813919 0.276355
v 0.421824 2.871398 0.189923
v 0.579490 2.813273 0.055529
v 0.453225 2.748039 0.207080
v 0.544377 2.905932 0.088686
v 0.671815 2.923346 -0.048711
v 0.717470 2.871126 -0.269012
v 0.779629 2.855061 -0.331793
v 0.744148 2.674605 -0.543034
v 0.701569 2.865894 -0.559737
v 0.519685 3.881623 0.815610
v 0.893667 4.307666 0.043378
v 0.755732 4.336356 -0.065524
v 1.002662 4.388035 0.575820
v 1.028180 4.527427 0.446719
v 0.885651 4.308578 0.583224
v 1.002662 4.388035 0.575820
v 0.772497 4.134326 0.501155
v 0.803509 4.155873 0.274179
v 0.942606 4.235185 0.100638
v 1.039700 4.364705 0.083835
v 0.942606 4.235185 0.100638
v 0.957489 4.466025 0.196361
v 1.062736 4.466660 0.234844
v 0.779629 2.855061 -0.331793
v 0.717470 2.871126 -0.269012
v 1.020250 2.799359 -0.193069
v 0.864485 2.865051 -0.279011
v 2.180225 0.486936 -0.497259
v 2.089916 0.478791 -0.493452
v 2.005859 0.754328 -0.415927
v 2.093520 0.778788 -0.431438
v 2.089916 0.478791 -0.493452
v 1.967515 0.518242 -0.381826
v 1.922283 0.709648 -0.300318
v 2.005859 0.754328 -0.415927
v 1.940590 0.462281 -0.182485
v 1.954711 0.664494 -0.138396
v 2.393682 0.483307 -0.327301
v 2.259851 0.500378 -0.460430
v 2.182293 0.786378 -0.402463
v 2.303967 0.787307 -0.275026
v 2.075886 0.378044 0.263506
v 2.151098 0.383085 0.537447
v 2.183933 0.426892 0.490103
v 2.104133 0.438792 0.255604
v 2.422897 0.382191 0.662122
v 2.396369 0.471136 0.580939
v 2.319490 0.469611 0.582579
v 2.335101 0.385821 0.653522
v 2.572182 0.392571 0.407167
v 2.528383 0.441959 0.385232
v 2.489128 0.472814 0.492340
v 2.523363 0.388114 0.531910
v 2.106189 0.230193 -0.510268
v 2.201514 0.235572 -0.510825
v 1.974304 0.221223 -0.403630
v 2.106189 0.230193 -0.510268
v 1.929384 0.218222 -0.177634
v 2.061336 0.223841 0.273960
v 2.146399 0.225455 0.559937
v 2.435634 0.221329 0.687152
v 2.338105 0.220955 0.679730
v 2.595066 0.234826 0.426571
v 2.546803 0.229384 0.539637
v 2.283613 0.239244 -0.469867
v 2.419959 0.244963 -0.316937
v 2.182293 0.786378 -0.402463
v 2.303967 0.787307 -0.275026
v 2.303967 0.787307 -0.275026
v 2.354622 0.745065 -0.106187
v 2.313930 0.737716 -0.024938
v 2.247467 0.720944 0.026069
v 2.165300 0.708940 0.041283
v 2.068973 0.684866 0.001657
v 1.954711 0.664494 -0.138396
v 1.954711 0.664494 -0.138396
v 1.922283 0.709648 -0.300318
v 2.005859 0.754328 -0.415927
v 2.093520 0.778788 -0.431438
v 2.106159 0.564401 0.094891
v 2.068973 0.684866 0.001657
v 2.051419 0.522853 -0.004614
v 2.021002 0.400316 -0.004537
v 2.273161 0.586264 0.128836
v 2.247467 0.720944 0.026069
v 2.165300 0.708940 0.041283
v 2.204612 0.581833 0.135671
v 2.398525 0.576289 0.025861
v 2.354622 0.745065 -0.106187
v 2.313930 0.737716 -0.024938
v 2.333576 0.588255 0.105565
v 2.423692 0.558956 -0.119009
v 2.452787 0.429624 -0.130350
v 2.001976 0.220706 -0.006633
v 2.462026 0.242968 -0.166107
v 2.178188 0.498785 0.339172
v 2.331490 0.507695 0.359001
v 2.269683 0.508698 0.366796
v 2.455593 0.500867 0.287823
v 2.388597 0.510793 0.336105
v 2.493308 0.455604 0.167092
v 2.536762 0.386136 0.140980
v 2.559628 0.238485 0.146946
v 2.263503 0.468107 0.552526
v 2.462492 0.472489 0.535570
v 2.370937 0.231462 0.460742
v 2.146399 0.225455 0.559937
v 2.061336 0.223841 0.273960
v 2.310848 0.232812 0.203862
v 2.001976 0.220706 -0.006633
v 2.236695 0.234706 -0.064606
v 1.929384 0.218222 -0.177634
v 2.185467 0.234545 -0.240291
v 1.974304 0.221223 -0.403630
v 2.143389 0.230477 -0.393655
v 2.106189 0.230193 -0.510268
v 2.392516 0.228292 0.543246
v 2.435634 0.221329 0.687152
v 2.338105 0.220955 0.679730
v 2.255414 0.222884 0.633960
v 2.201514 0.235572 -0.510825
v 2.283613 0.239244 -0.469867
v 2.419959 0.244963 -0.316937
v 2.462026 0.242968 -0.166107
v 2.559628 0.238485 0.146946
v 2.595066 0.234826 0.426571
v 2.505124 0.225001 0.624116
v 2.546803 0.229384 0.539637
v 2.490107 0.380622 0.601911
v 2.505124 0.225001 0.624116
v 2.261892 0.380528 0.613580
v 2.255414 0.222884 0.633960
v 0.303067 2.623356 0.476076
v 0.137086 2.610501 0.524755
v 0.145883 2.618462 0.358429
v 0.309834 2.686522 0.300921
v 0.322198 2.761873 0.553934
v 0.157370 2.752367 0.591684
v 0.363986 2.963568 0.619179
v 0.204059 2.984295 0.674245
v 0.374973 3.178771 0.616039
v 0.211321 3.233457 0.682660
v 0.401183 3.347026 0.694908
v 0.219123 3.379650 0.738593
v 0.399127 3.654287 0.836893
v 0.211415 3.634513 0.832676
v 0.369175 3.821769 0.868000
v 0.204135 3.778048 0.838197
v 0.356277 4.216590 0.788362
v 0.203941 4.160523 0.759663
v 0.185330 3.918433 0.838200
v 0.338604 3.954993 0.871870
v 0.313297 4.378122 0.740727
v 0.184447 4.332904 0.714885
v 0.100286 4.556037 0.670222
v 0.041137 4.539992 0.658523
v 0.206314 3.777575 0.827297
v 0.367858 3.822314 0.857065
v 0.177655 2.436202 -0.665930
v 0.205781 2.843745 0.301668
v 0.092004 2.787627 0.238039
v -0.004919 4.667258 0.589644
v 0.273679 4.861384 0.448315
v 0.279947 4.872226 0.504784
v 0.262784 4.878287 0.551328
v 0.199332 4.877801 0.601710
v 0.097464 4.856849 0.620474
v 0.064349 4.792064 0.616543
v 0.031994 4.722686 0.609153
v 0.042457 4.540186 0.650665
v 0.101082 4.555125 0.662934
v 0.126806 4.626134 0.665943
v 0.177395 4.670390 0.657540
v 0.289223 4.725096 0.606759
v 0.372073 4.735715 0.480212
v 0.378985 4.734059 0.405902
v 0.358761 4.721011 0.339752
v 1.028180 4.527427 0.446719
v 1.062736 4.466660 0.234844
v 1.039700 4.364705 0.083835
v 1.039700 4.364705 0.083835
v 0.942606 4.235185 0.100638
v 0.803509 4.155873 0.274179
v 0.772497 4.134326 0.501155
v 0.885651 4.308578 0.583224
v 1.002662 4.388035 0.575820
v 1.721688 1.844760 0.113299
v 1.628404 1.800257 0.137722
v 1.546460 1.678731 0.300172
v 1.641394 1.572003 0.540061
v 1.641394 1.572003 0.540061
v 1.854234 1.544031 0.711816
v 1.970836 1.562852 0.742244
v 2.061629 1.605977 0.716134
v 2.125168 1.663785 0.654038
v 2.144191 1.725746 0.554807
v 2.051937 1.833269 0.318650
v 2.051937 1.833269 0.318650
v 1.836872 1.863471 0.145327
v 0.841421 4.055932 0.178864
v 0.731376 3.816952 0.544312
v 0.935673 4.154585 0.057301
v 0.841421 4.055932 0.178864
v 0.755732 4.336356 -0.065524
v 0.893667 4.307666 0.043378
v 0.697070 3.935936 0.640624
v 0.519685 3.881623 0.815610
v 0.367858 3.822314 0.857065
v 0.206314 3.777575 0.827297
v 0.960273 4.288338 0.093564
v 0.972545 4.300535 0.095120
v 1.628404 1.800257 0.137722
v 1.721688 1.844760 0.113299
v 1.546460 1.678731 0.300172
v 1.641394 1.572003 0.540061
v 1.854234 1.544031 0.711816
v 1.641394 1.572003 0.540061
v 2.061629 1.605977 0.716134
v 1.970836 1.562852 0.742244
v 2.144191 1.725746 0.554807
v 2.125168 1.663785 0.654038
v 2.051937 1.833269 0.318650
v 1.836872 1.863471 0.145327
v 2.051937 1.833269 0.318650
v 1.373623 2.467766 -0.143659
v 1.375598 2.447543 -0.184045
v 1.380001 2.445536 -0.176486
v 1.508111 2.406034 -0.024913
v 1.383012 2.486272 -0.092649
v 1.389026 2.481183 -0.099398
v 1.624347 2.338673 -0.063484
v 1.622545 2.348637 -0.023546
v 1.615768 2.350962 -0.029348
v 1.502370 2.373770 -0.143320
v 1.624468 2.337150 -0.109287
v 1.618345 2.339718 -0.102585
v 0.358761 4.721011 0.339752
v 0.378985 4.734059 0.405902
v 0.177395 4.670390 0.657540
v 0.126806 4.626134 0.665943
v 0.289223 4.725096 0.606759
v 0.372073 4.735715 0.480212
v 0.289223 4.725096 0.606759
v 0.101082 4.555125 0.662934
v 0.042457 4.540186 0.650665
v 1.428160 2.535537 -0.049887
v 1.441484 2.544171 -0.101908
v 1.698347 2.457005 -0.055655
v 1.677799 2.482373 -0.110245
v 1.564246 2.513961 -0.130781
v 1.502370 2.373770 -0.143320
v 1.564246 2.513961 -0.130781
v -0.465632 5.024311 0.233378
v -0.465632 5.024311 0.233378
v -0.461893 5.062860 0.220815
v -0.454391 5.076725 0.246903
v -0.456939 5.050949 0.299681
v -0.474019 4.998708 0.240304
v -0.474019 4.998708 0.240304
v -0.465632 5.024311 0.233378
v -0.456939 5.050949 0.299681
v -0.459229 5.020507 0.310648
v -0.474019 4.998708 0.240304
v -0.459229 5.020507 0.310648
v -0.461893 5.062860 0.220815
v -0.465632 5.024311 0.233378
v -0.456939 5.050949 0.299681
v -0.454391 5.076725 0.246903
v -0.461893 5.062860 0.220815
v -0.474019 4.998708 0.240304
v -0.459229 5.020507 0.310648
v -0.465632 5.024311 0.233378
v -0.465632 5.024311 0.233378
v -0.474019 4.998708 0.240304
v -0.474019 4.998708 0.240304
v -0.459229 5.020507 0.310648
v -0.456939 5.050949 0.299681
v -0.461893 5.062860 0.220815
v -0.454391 5.076725 0.246903
v 0.405715 5.466849 0.288013
v 0.276923 5.603456 0.209401
v 0.085323 5.658989 0.144020
v 0.426320 5.286331 0.356094
v 0.415529 5.232938 0.372477
v 0.343062 5.071026 0.407088
v 0.255573 4.943889 0.416573
v 0.156024 2.448728 0.068542
v 0.156024 2.448728 0.068542
v -0.016136 2.634633 0.350029
v 0.238172 4.840137 0.389426
v 0.267460 4.688743 0.246914
v 0.379182 3.874165 0.911932
v 0.396568 3.702360 0.868588
v 0.480599 3.730556 0.850866
v 0.466943 3.901597 0.894292
v 0.374857 4.118921 0.875110
v 0.463407 4.140663 0.865762
v 0.398819 4.254207 0.830433
v 0.482453 4.279470 0.815571
v 0.428796 4.562883 0.725972
v 0.412893 4.435668 0.781661
v 0.492779 4.432875 0.809935
v 0.508906 4.555188 0.749598
v 0.483932 4.704484 0.559283
v 0.587992 4.672537 0.576351
v 0.533123 4.688609 0.333295
v 0.620660 4.684022 0.380504
v 0.621041 4.628366 0.134527
v 0.709637 4.633888 0.188529
v 0.649209 4.544077 0.007028
v 0.737527 4.558739 0.060139
v 0.704364 4.337029 -0.142055
v 0.776174 4.342741 -0.102259
v 0.733820 4.202341 -0.228235
v 0.807060 4.196665 -0.192274
v 0.723952 4.189561 -0.211923
v 0.796095 4.184489 -0.176841
v 0.694782 4.324384 -0.125356
v 0.796095 4.184489 -0.176841
v 0.766689 4.331491 -0.085469
v 0.644646 4.516346 0.011479
v 0.733850 4.534423 0.066320
v 0.624711 4.605238 0.124472
v 0.715150 4.613903 0.181842
v 0.537340 4.666727 0.322590
v 0.625959 4.662942 0.371910
v 0.487404 4.684423 0.542350
v 0.588739 4.652921 0.564535
v 0.426561 4.545873 0.711815
v 0.512101 4.536890 0.734751
v 0.408105 4.422986 0.755517
v 0.496014 4.420409 0.781604
v 0.370543 4.120424 0.852792
v 0.393361 4.249597 0.809384
v 0.478297 4.272542 0.795397
v 0.461584 4.141886 0.843317
v 0.373792 3.875644 0.889375
v 0.460090 3.902973 0.872014
v 0.391767 3.702449 0.845143
v 0.476337 3.730999 0.827553
v 0.476337 3.730999 0.827553
v 0.460090 3.902973 0.872014
v 0.461584 4.141886 0.843317
v 0.478297 4.272542 0.795397
v 0.496014 4.420409 0.781604
v 0.512101 4.536890 0.734751
v 0.588739 4.652921 0.564535
v 0.625959 4.662942 0.371910
v 0.715150 4.613903 0.181842
v 0.733850 4.534423 0.066320
v 0.766689 4.331491 -0.085469
v -0.349377 3.765441 0.527372
v -0.314403 3.736569 0.592691
v -0.336822 3.888469 0.608948
v -0.361963 3.911225 0.544773
v -0.278280 4.124001 0.598032
v -0.323160 4.141176 0.535866
v -0.257326 4.257611 0.555541
v -0.297531 4.275225 0.492745
v -0.307081 4.428748 0.481034
v -0.236976 4.440036 0.510572
v -0.212244 4.570194 0.457268
v -0.282572 4.556676 0.422933
v -0.107643 4.708594 0.267264
v -0.216410 4.680621 0.240467
v -0.004827 4.697847 0.106058
v -0.101864 4.689640 0.072437
v 0.072871 4.635915 -0.100122
v -0.022475 4.632419 -0.133094
v 0.140593 4.551620 -0.209274
v 0.051978 4.553738 -0.242524
v 0.208931 4.346926 -0.351717
v 0.134508 4.343501 -0.377145
v 0.236921 4.216473 -0.433386
v 0.159037 4.214801 -0.458697
v 0.230364 4.204424 -0.414824
v 0.154556 4.203107 -0.439178
v 0.154556 4.203107 -0.439178
v 0.203186 4.334204 -0.333395
v 0.134218 4.330834 -0.357299
v 0.139190 4.525111 -0.202080
v 0.050669 4.528563 -0.235008
v 0.077193 4.612601 -0.109935
v -0.017893 4.609900 -0.142864
v -0.000997 4.676081 0.095535
v -0.097945 4.667781 0.061865
v -0.101009 4.688975 0.261534
v -0.208832 4.659224 0.231565
v -0.201475 4.553739 0.448024
v -0.273295 4.537261 0.411354
v -0.216706 4.428744 0.494087
v -0.287080 4.414945 0.460501
v -0.280194 4.269171 0.481376
v -0.240019 4.253831 0.543492
v -0.259768 4.125639 0.584933
v -0.304767 4.142848 0.522686
v -0.316871 3.889441 0.597093
v -0.339082 3.910928 0.533056
v -0.295683 3.737670 0.580452
v -0.328646 3.766662 0.516136
v -0.328646 3.766662 0.516136
v -0.339082 3.910928 0.533056
v -0.304767 4.142848 0.522686
v -0.280194 4.269171 0.481376
v -0.287080 4.414945 0.460501
v -0.273295 4.537261 0.411354
v -0.208832 4.659224 0.231565
v -0.097945 4.667781 0.061865
v -0.017893 4.609900 -0.142864
v 0.050669 4.528563 -0.235008
v 0.134218 4.330834 -0.357299
vn -0.8192 0.2821 0.4993
vn -0.9066 -0.1804 0.3814
vn -0.8843 -0.2968 0.3604
vn -0.7019 0.0307 0.7116
vn -0.9552 0.1450 0.2581
vn -0.8856 -0.2838 0.3677
vn -0.9877 -0.1509 -0.0406
vn -0.8147 -0.5173 0.2618
vn 0.4366 0.2528 0.8634
vn 0.0746 0.9462 0.3150
vn -0.0456 -0.9790 -0.1987
vn 0.4366 0.2527 0.8634
vn -0.0092 -0.9846 -0.1747
vn 0.2484 -0.9437 0.2186
vn 0.0746 0.9462 0.3148
vn -0.2320 0.9500 -0.2092
vn -0.3486 0.3451 -0.8714
vn 0.2959 -0.9551 0.0170
vn -0.2321 0.9499 -0.2094
vn -0.3486 0.3450 -0.8715
vn -0.6935 -0.5744 -0.4350
vn -0.6884 -0.4978 -0.5275
vn -0.4959 -0.1883 -0.8477
vn -0.3393 -0.4967 -0.7989
vn -0.7362 -0.1735 -0.6541
vn -0.6898 -0.5686 -0.4482
vn -0.7022 -0.6811 -0.2073
vn -0.9292 -0.2360 -0.2843
vn 0.3299 0.5747 -0.7489
vn 0.7813 -0.2485 -0.5726
vn 0.7813 -0.2486 -0.5726
vn -0.2612 -0.6655 0.6992
vn -0.2191 -0.6789 0.7008
vn 0.1790 -0.8427 0.5077
vn -0.1594 0.8446 -0.5111
vn 0.3299 0.5748 -0.7488
vn 0.1382 -0.7256 0.6741
vn -0.6203 0.7400 0.2600
vn -0.1597 0.8445 -0.5112
vn 0.2107 0.9464 0.2450
vn 0.0937 -0.4380 0.8941
vn 0.4083 -0.5523 0.7268
vn 0.4418 0.8891 0.1195
vn 0.6039 -0.6962 0.3881
vn 0.5912 0.7951 -0.1357
vn 0.5912 0.7950 -0.1357
vn 0.6040 -0.6962 0.3880
vn 0.5856 -0.8105 -0.0124
vn 0.5737 0.6973 -0.4297
vn 0.3862 -0.8635 -0.3245
vn 0.4242 0.6357 -0.6449
vn 0.0901 -0.8688 -0.4868
vn 0.2149 0.6207 -0.7540
vn -0.2464 -0.8392 -0.4847
vn -0.0196 0.6527 -0.7574
vn -0.5658 -0.7663 -0.3042
vn -0.2484 0.7289 -0.6380
vn -0.7642 -0.6437 0.0413
vn -0.3966 0.8329 -0.3860
vn -0.7433 -0.5082 0.4350
vn -0.3803 0.9206 -0.0888
vn -0.5388 -0.4138 0.7338
vn -0.2332 0.9634 0.1325
vn -0.2403 -0.3882 0.8897
vn -0.0248 0.9693 0.2445
vn 0.2509 0.5985 0.7608
vn 0.1442 0.9714 -0.1887
vn 0.1852 0.9551 -0.2311
vn 0.6650 0.5083 0.5472
vn 0.2024 0.9387 -0.2791
vn 0.9313 0.3499 0.1014
vn 0.9313 0.3498 0.1012
vn 0.2024 0.9387 -0.2792
vn 0.2088 0.9208 -0.3294
vn 0.8950 0.1738 -0.4109
vn 0.1913 0.9028 -0.3851
vn 0.6211 0.0600 -0.7814
vn 0.1410 0.8962 -0.4207
vn 0.2467 0.0328 -0.9685
vn 0.0803 0.9071 -0.4133
vn -0.1686 0.0903 -0.9815
vn 0.0398 0.9273 -0.3722
vn -0.5767 0.2302 -0.7839
vn 0.0227 0.9455 -0.3247
vn -0.8396 0.4177 -0.3474
vn 0.0162 0.9616 -0.2739
vn -0.8067 0.5647 0.1743
vn 0.0332 0.9756 -0.2168
vn -0.5388 0.6287 0.5607
vn 0.0833 0.9800 -0.1805
vn -0.1669 0.6344 0.7547
vn 0.2486 0.7517 0.6109
vn 0.6116 0.6766 0.4100
vn 0.8411 0.5407 0.0133
vn 0.8412 0.5406 0.0130
vn 0.8149 0.3809 -0.4369
vn 0.5798 0.2700 -0.7687
vn 0.2471 0.2408 -0.9386
vn -0.1233 0.2969 -0.9469
vn -0.4793 0.4305 -0.7648
vn -0.7048 0.5999 -0.3786
vn -0.6826 0.7262 0.0821
vn -0.4544 0.7786 0.4327
vn -0.1248 0.7818 0.6109
vn 0.2312 0.8851 0.4038
vn 0.5162 0.8239 0.2341
vn 0.6932 0.7159 -0.0835
vn 0.6932 0.7159 -0.0836
vn 0.6781 0.5883 -0.4406
vn 0.4987 0.4960 -0.7108
vn 0.2337 0.4704 -0.8510
vn -0.0635 0.5175 -0.8533
vn -0.3427 0.6274 -0.6992
vn -0.5165 0.7622 -0.3901
vn -0.5046 0.8630 -0.0244
vn -0.3311 0.9067 0.2613
vn -0.0687 0.9101 0.4086
vn 0.1960 0.9691 0.1498
vn 0.3815 0.9238 0.0336
vn 0.4957 0.8501 -0.1778
vn 0.4891 0.7672 -0.4150
vn 0.3755 0.7080 -0.5981
vn 0.2022 0.6919 -0.6932
vn 0.0061 0.7221 -0.6918
vn -0.1763 0.7926 -0.5836
vn -0.2889 0.8801 -0.3767
vn -0.2840 0.9493 -0.1351
vn -0.1733 0.9833 0.0561
vn -0.0014 0.9879 0.1548
vn 0.1131 0.9462 -0.3032
vn -0.0731 -0.8792 0.4708
vn 0.0001 -0.9059 0.4236
vn 0.0443 -0.9398 0.3388
vn 0.0437 -0.9694 0.2417
vn 0.0007 -0.9866 0.1632
vn -0.0689 -0.9901 0.1223
vn -0.1492 -0.9808 0.1252
vn -0.2230 -0.9591 0.1741
vn -0.2676 -0.9279 0.2597
vn -0.2667 -0.8956 0.3560
vn -0.2230 -0.8734 0.4329
vn -0.1531 -0.8676 0.4730
vn -0.0667 0.0171 -0.9976
vn -0.7436 -0.0903 -0.6625
vn -0.7892 0.0699 -0.6101
vn -0.5157 0.1587 -0.8419
vn -0.5334 -0.6734 -0.5119
vn -0.7441 -0.4830 -0.4616
vn 0.7121 0.1045 0.6942
vn 0.6678 0.0456 0.7429
vn 0.6970 0.0851 0.7120
vn 0.7204 0.1133 0.6842
vn 0.6516 0.2061 0.7300
vn 0.6510 0.2366 0.7213
vn 0.6518 0.2136 0.7277
vn 0.6508 0.2039 0.7313
vn 0.0548 0.9910 -0.1223
vn -0.9416 0.1758 -0.2874
vn 0.8398 -0.5117 -0.1814
vn 0.8340 -0.5413 -0.1070
vn 0.3736 -0.2537 -0.8923
vn 0.5741 0.5194 -0.6329
vn 0.6117 0.5213 -0.5950
vn -0.1887 0.9786 0.0826
vn -0.1885 0.9786 0.0826
vn 0.0834 -0.9945 0.0631
vn 0.0800 -0.9953 0.0545
vn -0.2435 -0.9237 0.2957
vn -0.2413 -0.9224 0.3016
vn -0.7802 -0.0010 -0.6256
vn -0.7951 0.0762 -0.6017
vn -0.8040 0.0292 -0.5939
vn -0.7747 -0.0265 -0.6318
vn -0.8956 -0.0930 -0.4350
vn -0.8594 -0.4269 -0.2815
vn -0.8868 -0.3285 -0.3251
vn -0.9065 -0.0140 -0.4220
vn -0.5349 0.5293 -0.6586
vn -0.5309 0.3252 -0.7826
vn -0.3750 0.4155 -0.8287
vn -0.5634 0.5395 -0.6257
vn -0.6761 -0.1273 -0.7257
vn -0.7031 -0.6878 -0.1802
vn -0.6535 -0.5076 -0.5615
vn -0.6495 -0.1961 -0.7346
vn -0.5537 -0.8327 -0.0073
vn -0.3909 -0.8783 -0.2753
vn -0.6123 -0.6393 -0.4653
vn -0.6787 -0.5946 -0.4310
vn -0.4759 -0.3043 -0.8252
vn -0.2765 -0.2686 -0.9227
vn -0.0716 -0.5976 -0.7986
vn -0.0878 -0.3272 -0.9409
vn -0.2016 -0.4339 -0.8781
vn -0.0228 -0.6478 -0.7615
vn -0.0622 -0.5701 -0.8192
vn -0.0957 -0.4625 -0.8815
vn 0.0986 -0.5438 -0.8334
vn 0.1045 -0.6690 -0.7358
vn -0.6796 0.2391 -0.6935
vn -0.5881 0.3281 -0.7393
vn -0.8840 -0.1918 -0.4263
vn -0.7256 0.0091 -0.6880
vn -0.8726 0.0315 -0.4874
vn -0.8613 0.2145 -0.4605
vn -0.8487 0.2207 -0.4806
vn -0.8590 0.1916 -0.4747
vn -0.6635 -0.2164 -0.7162
vn -0.5623 -0.1164 -0.8187
vn -0.4551 -0.3903 -0.8004
vn -0.3459 -0.3056 -0.8871
vn -0.4607 -0.1032 -0.8815
vn -0.6485 -0.0478 -0.7597
vn -0.7120 -0.1930 -0.6751
vn -0.5138 -0.3188 -0.7965
vn -0.5161 0.0823 -0.8525
vn -0.4685 -0.2496 -0.8475
vn 0.0065 -0.3356 -0.9420
vn -0.1206 -0.0762 -0.9898
vn -0.4202 0.1640 -0.8925
vn -0.7808 -0.1296 -0.6112
vn -0.5589 -0.3112 -0.7686
vn -0.3499 -0.0781 -0.9335
vn -0.5156 0.1281 -0.8472
vn -0.1037 0.0237 -0.9943
vn -0.3412 0.2690 -0.9007
vn -0.7754 -0.2125 -0.5947
vn -0.2228 -0.0429 -0.9739
vn -0.3535 0.1903 -0.9159
vn -0.6955 -0.6067 -0.3849
vn -0.6974 -0.6064 -0.3820
vn -0.7001 -0.6017 -0.3845
vn -0.6978 -0.6021 -0.3880
vn -0.3228 0.2735 -0.9061
vn -0.0812 0.0757 -0.9938
vn -0.0775 0.0997 -0.9920
vn -0.3616 0.2232 -0.9052
vn -0.7776 0.5118 -0.3653
vn -0.9611 0.0888 -0.2617
vn -0.6548 0.6507 -0.3844
vn -0.6511 0.6543 -0.3847
vn -0.6224 -0.6115 -0.4886
vn -0.4620 -0.5861 -0.6657
vn -0.6968 -0.5169 -0.4973
vn -0.7009 -0.5774 -0.4187
vn -0.5746 -0.6702 -0.4697
vn -0.2845 -0.7110 -0.6430
vn -0.1076 -0.8024 -0.5870
vn -0.3264 -0.8684 -0.3732
vn -0.5386 -0.4399 -0.7186
vn -0.1936 -0.3498 -0.9166
vn -0.5250 -0.3748 -0.7641
vn -0.5393 -0.4394 -0.7184
vn -0.5297 -0.4266 -0.7331
vn -0.3333 -0.3349 -0.8813
vn -0.0117 -0.1557 -0.9877
vn -0.1259 -0.4895 -0.8628
vn -0.3113 -0.9102 -0.2732
vn -0.5090 -0.3943 -0.7651
vn -0.2008 -0.3216 -0.9253
vn 0.0500 0.0634 -0.9967
vn 0.0748 -0.0209 -0.9970
vn -0.7402 0.1571 -0.6538
vn -0.6595 -0.0118 -0.7516
vn -0.6301 -0.4178 -0.6545
vn -0.7984 -0.1450 -0.5844
vn -0.9361 0.0908 -0.3399
vn -0.8261 0.3541 -0.4383
vn -0.9478 0.1515 -0.2804
vn -0.8673 0.3670 -0.3363
vn -0.9690 -0.1792 -0.1700
vn -0.7544 0.5419 -0.3703
vn -0.4034 0.0795 -0.9115
vn -0.3556 0.0940 -0.9299
vn -0.0961 -0.2991 -0.9494
vn -0.2497 -0.5049 -0.8263
vn -0.6968 -0.0844 -0.7123
vn -0.6679 -0.0455 -0.7428
vn -0.7131 -0.1055 -0.6931
vn -0.7188 -0.1154 -0.6856
vn -0.6515 -0.2137 -0.7279
vn -0.6509 -0.2366 -0.7214
vn -0.6516 -0.2061 -0.7300
vn -0.6508 -0.2039 -0.7313
vn -0.5176 -0.3587 -0.7768
vn -0.2650 -0.8801 -0.3940
vn -0.2649 -0.8802 -0.3938
vn -0.0215 -0.0690 -0.9974
vn -0.8500 -0.2795 -0.4465
vn -0.8112 -0.4539 -0.3688
vn -0.8895 0.2027 -0.4094
vn -0.6938 0.5529 -0.4614
vn -0.5885 0.6116 -0.5287
vn -0.5817 0.4630 -0.6687
vn -0.6345 -0.3431 -0.6927
vn -0.7159 -0.6023 -0.3531
vn 0.5999 0.6701 -0.4371
vn 0.9165 0.3165 -0.2446
vn 0.8495 0.1761 -0.4974
vn 0.5812 0.4717 -0.6631
vn 0.1767 0.7964 -0.5784
vn 0.2192 0.5843 -0.7814
vn -0.2659 0.6898 -0.6734
vn -0.1869 0.4738 -0.8606
vn -0.5552 0.4889 -0.6728
vn -0.4373 0.3152 -0.8422
vn 0.9938 -0.0469 -0.1006
vn 0.9230 -0.1470 -0.3557
vn 0.7215 0.0350 -0.6915
vn 0.5215 0.2628 -0.8117
vn 0.2426 0.3514 -0.9042
vn -0.1060 0.2548 -0.9612
vn -0.2966 0.1725 -0.9393
vn 0.7736 -0.2418 -0.5857
vn 0.5123 -0.1320 -0.8486
vn 0.3874 -0.0316 -0.9214
vn 0.2436 0.0091 -0.9698
vn 0.0322 -0.0441 -0.9985
vn -0.0352 -0.1333 -0.9904
vn 0.5660 -0.3076 -0.7648
vn 0.6252 -0.2572 -0.7368
vn 0.3545 -0.1234 -0.9269
vn 0.2309 -0.1481 -0.9616
vn 0.0895 -0.1957 -0.9766
vn 0.0311 -0.2449 -0.9691
vn 0.0524 -0.3324 -0.9417
vn 0.7614 -0.4572 -0.4597
vn -0.0725 -0.4302 -0.8998
vn -0.2139 -0.3191 -0.9233
vn -0.1802 -0.1571 -0.9710
vn 0.0299 -0.0938 -0.9951
vn 0.3145 -0.3983 -0.8616
vn 0.2486 -0.1478 -0.9573
vn -0.0756 -0.5434 -0.8361
vn -0.2454 -0.4771 -0.8439
vn 0.2631 -0.6205 -0.7388
vn -0.3410 -0.9082 0.2427
vn -0.1187 -0.9592 -0.2566
vn -0.0151 -0.9913 -0.1307
vn -0.1918 -0.9401 0.2820
vn 0.0859 -0.8151 -0.5729
vn 0.0559 -0.7541 -0.6544
vn 0.0812 -0.3746 -0.9236
vn 0.0358 -0.8801 -0.4734
vn 0.0756 -0.9053 -0.4179
vn -0.1362 -0.9589 -0.2487
vn -0.2797 -0.9277 0.2471
vn 0.2357 -0.6785 -0.6957
vn 0.0141 -0.7908 -0.6120
vn -0.2002 -0.6575 -0.7264
vn -0.2181 -0.5442 -0.8101
vn -0.0063 -0.6439 -0.7651
vn 0.0762 -0.8056 -0.5875
vn -0.0867 -0.8616 -0.5001
vn 0.3248 -0.6111 -0.7219
vn -0.6125 0.1964 -0.7657
vn -0.1302 -0.6866 -0.7153
vn 0.2719 -0.6179 -0.7378
vn 0.2760 -0.7315 -0.6235
vn 0.3253 -0.8339 -0.4459
vn -0.3972 -0.7215 -0.5672
vn -0.6008 -0.7773 -0.1866
vn 0.4065 -0.5883 -0.6991
vn 0.9264 -0.3761 -0.0156
vn 0.8457 -0.4462 -0.2928
vn 0.6959 -0.5012 -0.5143
vn 0.5877 -0.5307 -0.6107
vn 0.6384 -0.5985 -0.4839
vn 0.8574 -0.5147 -0.0057
vn 0.7934 -0.5395 -0.2818
vn 0.6493 -0.5438 -0.5316
vn 0.4880 -0.5707 -0.6604
vn 0.7464 -0.6086 -0.2693
vn 0.5638 -0.6337 -0.5296
vn 0.3540 -0.6262 -0.6946
vn -0.7456 0.3428 -0.5715
vn 0.2591 0.6379 -0.7253
vn -0.3301 0.3894 -0.8599
vn -0.5427 0.1607 -0.8244
vn 0.9641 0.2313 -0.1306
vn 0.6853 0.5766 -0.4448
vn -0.7555 -0.2720 -0.5960
vn 0.9588 -0.1265 0.2542
vn -0.7369 -0.4129 -0.5352
vn 0.1055 -0.9572 0.2696
vn 0.6980 -0.3981 0.5953
vn 0.8886 -0.2203 0.4024
vn -0.6011 -0.7849 0.1503
vn -0.7966 0.1053 -0.5953
vn -0.7787 0.1209 -0.6156
vn 0.8360 -0.5482 -0.0230
vn 0.1910 -0.0409 -0.9807
vn 0.9626 -0.2590 -0.0796
vn 0.8013 0.2403 0.5479
vn 0.8564 0.4960 -0.1433
vn -0.5961 -0.0986 -0.7969
vn -0.2821 0.4328 -0.8562
vn 0.0814 0.9110 -0.4044
vn -0.0500 0.8614 -0.5055
vn -0.1989 0.8128 -0.5476
vn 0.2867 0.8928 -0.3474
vn 0.4224 -0.1461 0.8946
vn 0.1589 0.9652 0.2075
vn -0.2064 -0.3369 0.9186
vn 0.2991 0.4127 0.8604
vn 0.6988 -0.6711 -0.2476
vn 0.9930 0.0361 -0.1127
vn 0.6188 -0.0642 0.7830
vn 0.0979 -0.8621 0.4972
vn 0.6186 -0.0643 0.7831
vn 0.9930 0.0364 -0.1125
vn 0.7830 0.5698 -0.2496
vn 0.5894 0.7458 0.3103
vn -0.1012 -0.1167 0.9880
vn -0.3217 -0.6128 0.7217
vn -0.1018 -0.1196 0.9876
vn -0.0158 0.5371 0.8433
vn -0.0913 -0.2132 -0.9727
vn -0.4034 0.1939 -0.8942
vn 0.1169 0.5941 -0.7959
vn -0.1130 0.3184 -0.9412
vn 0.2849 0.5643 -0.7749
vn 0.0389 0.8417 -0.5386
vn 0.5777 0.8127 -0.0756
vn 0.5923 0.7156 -0.3703
vn -0.6252 0.0296 0.7799
vn -0.5005 0.3584 0.7881
vn -0.3648 0.5150 0.7757
vn 0.2327 0.6831 0.6923
vn 0.3965 0.6597 0.6384
vn 0.4104 0.7980 0.4414
vn 0.5847 0.5666 0.5807
vn 0.0152 0.5729 0.8195
vn 0.3206 0.5860 0.7442
vn 0.5110 0.4229 0.7483
vn 0.7497 0.0245 0.6613
vn 0.7202 0.4562 0.5227
vn 0.1604 0.4185 0.8939
vn 0.3721 0.2833 0.8839
vn 0.8047 -0.1159 0.5823
vn 0.7124 -0.0679 0.6984
vn -0.3584 0.3786 0.8533
vn -0.8313 -0.0416 0.5543
vn -0.6300 0.0721 0.7732
vn -0.8817 -0.3026 0.3621
vn -0.8542 0.2042 0.4781
vn -0.0287 0.2856 0.9579
vn -0.4190 -0.1229 0.8996
vn 0.1741 0.1074 0.9789
vn -0.2907 -0.2724 0.9172
vn 0.6828 -0.1888 0.7058
vn 0.7198 0.0751 0.6901
vn -0.3160 -0.5201 0.7935
vn 0.3866 -0.1944 0.9015
vn -0.6212 -0.6824 -0.3852
vn -0.9158 -0.3647 -0.1685
vn -0.8851 -0.4344 0.1670
vn -0.8282 -0.2924 0.4780
vn -0.7877 -0.3515 0.5060
vn -0.9011 -0.4256 0.0830
vn -0.0341 -0.7827 -0.6215
vn -0.7000 -0.5677 -0.4332
vn 0.2612 -0.7819 -0.5660
vn -0.2639 -0.5588 -0.7861
vn -0.6472 -0.4870 0.5866
vn -0.6675 -0.4785 0.5705
vn -0.6052 -0.7568 -0.2469
vn -0.6570 -0.5676 0.4961
vn -0.6541 -0.5984 0.4627
vn -0.7255 -0.6741 -0.1387
vn -0.6760 -0.6046 0.4213
vn -0.6714 -0.6364 0.3798
vn -0.8071 -0.5652 -0.1707
vn 0.5691 -0.5511 -0.6103
vn 0.4028 -0.4653 -0.7882
vn -0.1537 -0.3001 -0.9414
vn -0.3836 -0.4455 -0.8089
vn -0.3016 -0.5947 -0.7452
vn -0.4706 -0.4256 -0.7729
vn -0.2507 -0.5515 -0.7956
vn -0.4715 -0.4274 -0.7714
vn -0.4339 -0.3841 -0.8150
vn -0.5236 -0.1963 -0.8290
vn -0.3185 -0.2552 -0.9129
vn -0.2822 -0.5413 -0.7921
vn -0.4696 -0.2800 -0.8373
vn -0.5003 -0.5317 -0.6834
vn -0.5770 -0.4108 -0.7059
vn 0.5078 -0.3293 -0.7960
vn 0.6465 -0.4223 -0.6353
vn -0.2480 -0.5267 -0.8131
vn -0.0073 -0.4860 -0.8739
vn -0.2080 -0.0740 -0.9753
vn -0.3528 -0.0776 -0.9325
vn -0.5635 -0.2719 -0.7801
vn -0.3692 -0.0723 -0.9265
vn -0.6710 0.6619 -0.3342
vn 0.1077 0.8009 -0.5890
vn 0.3008 0.3227 -0.8975
vn -0.5314 -0.1002 -0.8412
vn -0.9744 0.1036 0.1994
vn -0.8856 -0.4623 -0.0452
vn -0.8816 -0.4672 -0.0669
vn -0.5304 -0.1032 -0.8415
vn -0.0881 -0.6638 -0.7427
vn -0.5554 -0.8168 -0.1560
vn 0.2924 0.3100 -0.9047
vn 0.4518 -0.1564 -0.8783
vn -0.7373 0.6697 -0.0888
vn -0.0400 0.8250 -0.5637
vn 0.0519 0.3379 -0.9397
vn -0.7559 -0.1098 -0.6454
vn -0.8464 0.0957 0.5238
vn -0.8386 -0.4834 0.2511
vn -0.8388 -0.4913 0.2347
vn -0.7543 -0.1176 -0.6459
vn -0.2724 -0.6834 -0.6773
vn -0.5381 -0.8418 0.0441
vn 0.0419 0.3172 -0.9474
vn 0.2123 -0.1531 -0.9651
vn -0.8137 0.5764 -0.0745
vn -0.1226 0.8460 -0.5190
vn 0.0533 0.3854 -0.9212
vn -0.7116 -0.2041 -0.6723
vn -0.8430 -0.0255 0.5373
vn -0.7493 -0.6174 0.2396
vn -0.7477 -0.6211 0.2349
vn -0.1207 -0.7119 -0.6918
vn -0.3881 -0.9208 0.0394
vn 0.0570 0.3714 -0.9267
vn 0.2962 -0.0745 -0.9522
vn -0.9289 -0.0155 -0.3700
vn -0.3570 0.4762 -0.8037
vn 0.1275 0.1136 -0.9853
vn -0.3013 -0.7185 -0.6269
vn -0.8314 -0.3763 0.4090
vn -0.4017 -0.8398 0.3653
vn -0.3960 -0.8441 0.3615
vn -0.2994 -0.7186 -0.6277
vn 0.4487 -0.8027 -0.3929
vn 0.1191 -0.9366 0.3296
vn 0.1329 0.1073 -0.9853
vn 0.5589 -0.1253 -0.8197
vn 0.3119 0.3630 -0.8781
vn -0.5743 0.0632 -0.8162
vn -0.9157 -0.3743 -0.1463
vn -0.9803 -0.1961 0.0222
vn -0.6628 0.4277 -0.6147
vn -0.6439 0.6456 -0.4105
vn -0.9843 -0.0691 0.1622
vn 0.2541 0.5970 -0.7609
vn 0.2739 0.7140 -0.6443
vn -0.7190 -0.5729 0.3934
vn -0.6977 -0.5781 0.4231
vn -0.1969 -0.5648 0.8014
vn -0.1370 -0.6769 0.7232
vn -0.7249 -0.5289 0.4413
vn -0.7247 -0.5116 0.4617
vn -0.1855 -0.7862 0.5895
vn -0.7317 -0.5088 0.4536
vn -0.7373 -0.5209 0.4302
vn 0.5035 -0.2889 0.8143
vn 0.9656 0.1899 0.1776
vn 0.9975 0.0705 0.0027
vn 0.6150 -0.5034 0.6069
vn 0.6513 -0.6408 0.4064
vn 0.9904 0.0060 -0.1384
vn 0.4952 -0.8084 -0.3182
vn 0.8044 0.3778 -0.4585
vn 0.5404 -0.7756 -0.3262
vn 0.7908 0.3803 -0.4796
vn 0.7393 0.4669 -0.4852
vn 0.7413 0.4651 -0.4839
vn 0.7579 0.4515 -0.4708
vn 0.7571 0.4610 -0.4630
vn 0.1629 0.0923 -0.9823
vn -0.6896 -0.1548 -0.7074
vn -0.8584 -0.5128 -0.0160
vn -0.8896 -0.4136 0.1936
vn -0.8054 0.1248 -0.5795
vn -0.8436 0.3325 -0.4216
vn -0.8954 -0.3053 0.3241
vn 0.0758 0.4963 -0.8648
vn 0.0303 0.6116 -0.7906
vn -0.5572 -0.7404 0.3759
vn -0.3175 -0.7698 0.5538
vn 0.2820 -0.6297 0.7238
vn 0.7698 -0.0189 0.6380
vn 0.9112 0.3920 -0.1267
vn 0.9374 0.2766 -0.2117
vn 0.8055 -0.2464 0.5389
vn 0.8151 -0.4307 0.3874
vn 0.9413 0.1483 -0.3033
vn 0.0288 -0.5678 0.8227
vn 0.0220 -0.6700 0.7420
vn 0.5586 -0.7830 -0.2736
vn 0.5887 0.4401 -0.6780
vn 0.5783 -0.7772 -0.2482
vn 0.6842 0.3984 -0.6109
vn 0.5685 0.4901 -0.6608
vn 0.5762 0.4759 -0.6644
vn 0.5847 0.4751 -0.6576
vn 0.5714 0.4913 -0.6574
vn 0.0654 0.3985 -0.9149
vn -0.6655 -0.1673 -0.7274
vn -0.7518 -0.6575 0.0489
vn -0.8400 -0.5020 0.2061
vn -0.8133 0.0843 -0.5757
vn -0.8662 0.3141 -0.3886
vn -0.8853 -0.3507 0.3055
vn 0.0099 0.5537 -0.8327
vn -0.0435 0.6741 -0.7373
vn -0.4936 -0.6864 0.5340
vn -0.2617 -0.7106 0.6531
vn 0.1889 -0.5397 0.8204
vn 0.8047 -0.1177 0.5820
vn 0.9688 0.2411 -0.0582
vn 0.8940 0.3990 -0.2038
vn 0.8498 -0.1410 0.5078
vn 0.8683 -0.3489 0.3525
vn 0.9126 0.2767 -0.3011
vn 0.0878 -0.5993 0.7957
vn 0.1043 -0.7119 0.6945
vn 0.8038 -0.5726 -0.1615
vn 0.7160 0.5619 -0.4143
vn 0.5676 -0.8212 -0.0594
vn 0.5410 0.5598 -0.6277
vn 0.5071 0.5822 -0.6355
vn 0.5196 0.5823 -0.6252
vn 0.5253 0.5816 -0.6211
vn 0.5087 0.5831 -0.6334
vn -0.1410 0.2797 -0.9497
vn -0.5621 -0.3715 -0.7390
vn -0.6585 -0.7482 0.0809
vn -0.6731 -0.6679 0.3175
vn -0.7862 -0.2241 -0.5759
vn -0.8890 -0.0685 -0.4529
vn -0.7448 -0.5514 0.3757
vn -0.1975 0.3484 -0.9163
vn -0.2253 0.4470 -0.8657
vn -0.2911 -0.6922 0.6604
vn -0.2470 -0.7507 0.6127
vn 0.2363 -0.3749 0.8965
vn 0.7785 0.3666 0.5095
vn 0.6834 0.6878 -0.2447
vn 0.7362 0.6099 -0.2932
vn 0.8494 0.2607 0.4589
vn 0.9100 0.0810 0.4065
vn 0.7856 0.5104 -0.3498
vn 0.2775 -0.3507 0.8944
vn 0.3008 -0.4470 0.8424
vn 0.3062 0.5976 -0.7411
vn 0.2961 0.5896 -0.7514
vn 0.2946 0.5834 -0.7569
vn 0.3278 0.5826 -0.7437
vn 0.3361 0.5823 -0.7402
vn 0.2957 0.5861 -0.7543
vn -0.5485 -0.5367 0.6411
vn -0.5620 -0.5755 0.5941
vn -0.5386 -0.5726 0.6180
vn -0.5393 -0.5455 0.6415
vn -0.4818 -0.6296 0.6095
vn -0.4874 -0.6619 0.5695
vn -0.4744 -0.6458 0.5983
vn -0.4777 -0.6296 0.6127
vn -0.2862 -0.6099 0.7390
vn -0.2818 -0.6293 0.7243
vn -0.2765 -0.6352 0.7211
vn -0.2816 -0.6079 0.7424
vn -0.6406 0.6730 -0.3697
vn 0.2902 0.7569 -0.5856
vn 0.2812 0.8055 -0.5217
vn -0.6375 0.7300 -0.2465
vn -0.9816 -0.0222 0.1899
vn -0.9590 0.0078 0.2834
vn -0.7389 -0.4776 0.4754
vn -0.7401 -0.4855 0.4654
vn -0.2163 -0.8041 0.5538
vn -0.7281 -0.4959 0.4732
vn -0.7272 -0.4928 0.4779
vn -0.2055 -0.8429 0.4973
vn 0.6157 -0.7644 0.1914
vn 0.6375 -0.6986 0.3249
vn 0.9811 -0.0360 -0.1902
vn 0.9564 -0.0919 -0.2771
vn 0.7477 0.4535 -0.4850
vn 0.7544 0.4599 -0.4684
vn 0.7380 0.4773 -0.4770
vn 0.7370 0.4664 -0.4893
vn -0.8389 0.4589 -0.2925
vn 0.0429 0.6804 -0.7315
vn 0.1556 0.8061 -0.5710
vn -0.6234 0.7796 0.0594
vn -0.8923 -0.2022 0.4036
vn -0.7076 -0.0162 0.7064
vn -0.5733 -0.4693 0.6716
vn -0.5483 -0.5257 0.6504
vn 0.0657 -0.7266 0.6839
vn -0.5242 -0.5393 0.6591
vn -0.5480 -0.5013 0.6696
vn 0.0156 -0.8305 0.5568
vn 0.7381 -0.6711 0.0695
vn 0.8014 -0.5256 0.2855
vn 0.9362 0.0555 -0.3470
vn 0.8647 -0.0441 -0.5004
vn 0.5588 0.4599 -0.6902
vn 0.5912 0.4716 -0.6542
vn 0.5738 0.4857 -0.6594
vn 0.5365 0.4923 -0.6854
vn -0.8619 0.4290 -0.2703
vn -0.0332 0.7357 -0.6765
vn 0.0575 0.8576 -0.5112
vn -0.7490 0.6612 0.0423
vn -0.8813 -0.2834 0.3781
vn -0.7634 -0.1341 0.6318
vn -0.5181 -0.5659 0.6414
vn -0.4884 -0.6170 0.6171
vn 0.1466 -0.7692 0.6220
vn -0.4703 -0.6234 0.6246
vn -0.4937 -0.5894 0.6394
vn 0.0885 -0.8728 0.4801
vn 0.7715 -0.6360 -0.0146
vn 0.8554 -0.4656 0.2271
vn 0.9233 0.1683 -0.3453
vn 0.8517 0.0583 -0.5208
vn 0.4932 0.5733 -0.6543
vn 0.5336 0.5747 -0.6205
vn 0.5186 0.5867 -0.6219
vn 0.4738 0.5917 -0.6522
vn -0.9243 0.0202 -0.3811
vn -0.2446 0.5002 -0.8306
vn -0.2701 0.5603 -0.7830
vn -0.9502 0.1406 -0.2782
vn -0.7681 -0.4861 0.4168
vn -0.7813 -0.3968 0.4817
vn -0.3156 -0.5829 0.7488
vn -0.2932 -0.5932 0.7497
vn 0.3285 -0.4891 0.8080
vn -0.2842 -0.5932 0.7533
vn -0.3034 -0.5846 0.7525
vn 0.3074 -0.5506 0.7761
vn 0.9458 -0.1120 0.3047
vn 0.9330 -0.0159 0.3594
vn 0.8138 0.4515 -0.3659
vn 0.8120 0.3921 -0.4323
vn 0.3149 0.5689 -0.7597
vn 0.3411 0.5836 -0.7369
vn 0.3300 0.5829 -0.7425
vn 0.3114 0.5713 -0.7594
vn -0.4469 0.8776 0.1735
vn 0.3765 0.8548 -0.3571
vn 0.3140 0.8987 -0.3061
vn -0.4284 0.8739 0.2296
vn -0.8551 0.0727 0.5133
vn -0.8512 0.1147 0.5122
vn -0.7216 -0.4890 0.4902
vn -0.7610 -0.4906 0.4245
vn -0.2538 -0.9193 0.3006
vn -0.7183 -0.5010 0.4827
vn -0.7635 -0.4967 0.4127
vn -0.3929 -0.9084 0.1431
vn 0.4896 -0.8644 -0.1147
vn 0.3228 -0.8756 -0.3593
vn 0.8634 -0.1833 -0.4701
vn 0.7377 -0.1681 -0.6539
vn 0.7397 0.4383 -0.5105
vn 0.6641 0.4451 -0.6007
vn 0.7301 0.4488 -0.5153
vn 0.6689 0.4537 -0.5888
vn -0.1275 0.8661 0.4834
vn 0.2950 0.8849 -0.3606
vn 0.2457 0.9061 -0.3445
vn -0.2736 0.8753 0.3986
vn -0.4461 0.1626 0.8801
vn -0.6125 0.1218 0.7811
vn -0.5376 -0.4711 0.6994
vn -0.5787 -0.4923 0.6502
vn -0.1198 -0.9445 0.3058
vn -0.5178 -0.5427 0.6613
vn -0.5814 -0.5094 0.6344
vn -0.3150 -0.9144 0.2542
vn 0.4743 -0.8435 -0.2521
vn 0.2083 -0.8731 -0.4408
vn 0.6861 -0.2108 -0.6963
vn 0.5061 -0.1620 -0.8471
vn 0.5564 0.4139 -0.7205
vn 0.4559 0.4518 -0.7668
vn 0.5181 0.4764 -0.7104
vn 0.4666 0.4773 -0.7446
vn -0.3832 0.8104 0.4431
vn 0.1533 0.9373 -0.3129
vn 0.0815 0.9463 -0.3128
vn -0.4487 0.7970 0.4044
vn -0.5648 0.0303 0.8246
vn -0.6537 -0.0004 0.7567
vn -0.4749 -0.5774 0.6641
vn -0.5111 -0.5920 0.6231
vn -0.0384 -0.9606 0.2753
vn -0.4565 -0.6170 0.6411
vn -0.5128 -0.6012 0.6129
vn -0.1893 -0.9557 0.2254
vn 0.5348 -0.7853 -0.3120
vn 0.3421 -0.8205 -0.4580
vn 0.6991 -0.0766 -0.7109
vn 0.5505 -0.0477 -0.8335
vn 0.4976 0.5279 -0.6883
vn 0.4086 0.5472 -0.7305
vn 0.4676 0.5639 -0.6808
vn 0.4177 0.5580 -0.7171
vn -0.8826 0.4701 0.0047
vn -0.2353 0.7030 -0.6711
vn -0.2830 0.7152 -0.6391
vn -0.8741 0.4856 0.0092
vn -0.7395 -0.1996 0.6429
vn -0.7689 -0.1815 0.6130
vn -0.2981 -0.5718 0.7643
vn -0.3221 -0.6028 0.7300
vn 0.3443 -0.7005 0.6251
vn -0.2740 -0.5858 0.7627
vn -0.3173 -0.6087 0.7272
vn 0.2468 -0.8049 0.5397
vn 0.9221 -0.3760 0.0912
vn 0.8149 -0.5743 -0.0784
vn 0.8255 0.1784 -0.5355
vn 0.7314 0.0603 -0.6793
vn 0.3387 0.5388 -0.7714
vn 0.2811 0.4849 -0.8282
vn 0.3249 0.5407 -0.7759
vn 0.2828 0.4958 -0.8211
vn -0.3968 -0.0346 -0.9173
vn -0.3441 -0.7360 -0.5830
vn 0.4441 0.8843 0.1443
vn 0.1846 0.8871 -0.4231
vn 0.4239 0.9026 -0.0745
vn 0.3635 0.7668 -0.5290
vn -0.0462 0.6075 -0.7930
vn -0.0129 0.8160 -0.5779
vn 0.2985 0.5085 -0.8076
vn -0.1918 -0.3873 -0.9018
vn 0.2607 0.4962 -0.8281
vn -0.8502 -0.4373 -0.2930
vn -0.5014 -0.7522 0.4275
vn -0.1241 0.9164 -0.3805
vn -0.7112 -0.6602 0.2413
vn 0.1394 0.5238 0.8403
vn -0.4001 -0.8990 -0.1778
vn -0.4096 -0.9019 -0.1370
vn -0.0169 -0.3760 -0.9265
vn 0.2003 -0.4363 -0.8772
vn -0.3588 -0.9324 -0.0435
vn 0.3504 0.6886 -0.6349
vn 0.3748 0.9191 -0.1220
vn 0.3909 0.9126 -0.1199
vn 0.4353 0.6958 -0.5712
vn 0.2885 0.3712 -0.8826
vn 0.4339 0.3234 -0.8409
vn 0.2916 0.3740 -0.8804
vn 0.4331 0.3236 -0.8413
vn -0.3673 -0.8292 0.4214
vn -0.4585 -0.7326 0.5030
vn -0.2256 -0.3859 0.8945
vn -0.2437 -0.5428 0.8037
vn 0.0811 0.4712 0.8783
vn 0.3291 -0.5336 -0.7791
vn 0.4683 -0.6653 -0.5814
vn -0.2381 -0.9597 0.1495
vn -0.3223 -0.9461 0.0328
vn 0.3899 0.9179 -0.0739
vn 0.4183 0.9032 -0.0968
vn 0.6197 0.6129 -0.4903
vn 0.5091 0.6703 -0.5399
vn 0.5542 0.2663 -0.7886
vn 0.6797 0.1827 -0.7103
vn 0.5582 0.2717 -0.7840
vn 0.6825 0.1875 -0.7064
vn -0.4963 -0.6583 0.5659
vn -0.4968 -0.6919 0.5240
vn -0.4471 -0.2719 0.8521
vn -0.4954 -0.1982 0.8457
vn -0.0115 0.6000 0.7999
vn -0.4471 -0.3277 0.8323
vn -0.4845 -0.2234 0.8458
vn -0.0735 0.6592 0.7484
vn -0.3485 -0.4014 0.8470
vn -0.3520 -0.4377 0.8274
vn -0.1231 0.4596 0.8796
vn -0.7086 0.2266 0.6683
vn -0.6812 0.2708 0.6802
vn -0.0924 0.5585 0.8243
vn -0.9719 -0.1794 0.1523
vn -0.9524 -0.0722 0.2962
vn -0.6258 -0.6071 -0.4897
vn -0.9911 -0.1312 0.0233
vn -0.6524 -0.4491 -0.6105
vn 0.1810 -0.7299 -0.6591
vn 0.1245 -0.5933 -0.7953
vn 0.6939 -0.5514 -0.4630
vn 0.7145 -0.4561 -0.5306
vn 0.9874 -0.1576 -0.0137
vn 0.6920 -0.5536 -0.4634
vn 0.7334 -0.4296 -0.5268
vn 1.0000 0.0068 0.0031
vn 0.7503 0.3402 0.5669
vn 0.7554 0.3896 0.5268
vn -0.0426 0.4884 0.8716
vn -0.7171 0.2322 0.6572
vn -0.9836 0.1106 -0.1422
vn -0.6770 -0.0935 -0.7300
vn 0.0163 -0.3422 -0.9395
vn 0.7009 -0.3569 -0.6176
vn 0.7555 -0.3542 -0.5511
vn 0.9783 0.2047 0.0311
vn 0.7013 0.5669 0.4323
vn 0.0412 0.5856 0.8096
vn -0.7359 0.3067 0.6036
vn -0.5333 0.3674 -0.7620
vn -0.8381 0.5173 -0.1733
vn -0.7263 0.6832 -0.0758
vn -0.4092 0.5267 -0.7450
vn 0.0878 0.0047 -0.9961
vn 0.2571 0.1153 -0.9595
vn 0.6765 -0.3969 -0.6203
vn 0.7227 -0.3380 -0.6029
vn 0.9690 -0.1917 0.1556
vn 0.7584 -0.3664 -0.5391
vn 0.7443 -0.3825 -0.5474
vn 0.6620 -0.7330 0.1566
vn 0.7150 -0.0574 0.6967
vn 0.2843 -0.7816 0.5553
vn -0.0790 0.3552 0.9315
vn -0.1903 -0.1893 0.9633
vn -0.6857 0.4581 0.5656
vn -0.6105 0.4691 0.6381
vn -0.3875 0.5479 -0.7414
vn -0.7363 0.6764 -0.0175
vn -0.7660 0.6418 0.0375
vn -0.4079 0.5581 -0.7226
vn 0.2926 0.0692 -0.9537
vn 0.2660 0.0108 -0.9639
vn 0.6792 -0.3923 -0.6203
vn 0.6108 -0.4529 -0.6495
vn 0.5821 -0.8130 0.0113
vn 0.6822 -0.4123 -0.6039
vn 0.6120 -0.4580 -0.6447
vn 0.5931 -0.7990 -0.0987
vn 0.2216 -0.8236 0.5221
vn 0.2075 -0.8247 0.5261
vn -0.3448 -0.2134 0.9141
vn -0.4459 -0.1946 0.8737
vn -0.6545 0.4064 0.6376
vn -0.7144 0.3425 0.6102
vn -0.7841 0.6185 0.0515
vn -0.3854 0.6294 -0.6748
vn 0.2785 0.0766 -0.9574
vn 0.6466 -0.4237 -0.6343
vn 0.6482 -0.4237 -0.6327
vn 0.6991 -0.7120 -0.0652
vn 0.3821 -0.7635 0.5207
vn -0.4367 -0.2736 0.8570
vn -0.7782 0.2738 0.5652
vn -0.8141 0.5754 0.0786
vn -0.4094 0.7080 -0.5754
vn 0.2775 0.2684 -0.9225
vn 0.6689 -0.3180 -0.6719
vn 0.6736 -0.3116 -0.6702
vn 0.7222 -0.6913 -0.0222
vn 0.4301 -0.7164 0.5493
vn -0.4085 -0.2534 0.8769
vn -0.7868 0.2178 0.5775
vn -0.8018 0.5833 0.1299
vn -0.4669 0.7592 -0.4534
vn 0.1955 0.4570 -0.8677
vn 0.6507 -0.2230 -0.7259
vn 0.6401 -0.1725 -0.7486
vn 0.6325 -0.7729 -0.0494
vn 0.3844 -0.8246 0.4150
vn -0.3941 -0.4407 0.8065
vn -0.7655 0.1974 0.6124
vn -0.0814 0.5640 -0.8217
vn -0.0686 0.5924 -0.8027
vn 0.6441 0.3593 -0.6754
vn 0.6259 0.3488 -0.6975
vn 0.9592 -0.0648 -0.2752
vn 0.9606 -0.0782 -0.2667
vn 0.8774 -0.4443 0.1808
vn 0.8635 -0.4832 0.1448
vn 0.5560 -0.7035 0.4427
vn 0.8591 -0.4589 0.2266
vn 0.8503 -0.5036 0.1528
vn 0.5794 -0.7282 0.3660
vn 0.0498 -0.8373 0.5445
vn 0.0606 -0.8636 0.5006
vn -0.4585 -0.7548 0.4691
vn -0.4065 -0.7597 0.5075
vn -0.7957 -0.4760 0.3744
vn -0.8471 -0.4532 0.2774
vn -0.9979 -0.0004 -0.0652
vn -0.9997 0.0220 -0.0132
vn -0.8760 0.3277 -0.3538
vn -0.8809 0.3058 -0.3614
vn -0.6067 0.4967 -0.6206
vn -0.8723 0.3324 -0.3587
vn -0.8777 0.3084 -0.3669
vn -0.6123 0.5075 -0.6062
vn -0.0349 0.6796 -0.7328
vn 0.6720 0.4502 -0.5880
vn 0.9764 0.0010 -0.2158
vn 0.8732 -0.4542 0.1769
vn 0.8683 -0.4631 0.1775
vn 0.5807 -0.7138 0.3916
vn 0.0362 -0.8574 0.5133
vn -0.4820 -0.7477 0.4568
vn -0.8467 -0.4639 0.2608
vn -0.9975 -0.0114 -0.0704
vn -0.8837 0.3180 -0.3435
vn -0.8811 0.3194 -0.3488
vn -0.5982 0.5628 -0.5705
vn -0.0441 0.7462 -0.6643
vn 0.6847 0.5239 -0.5066
vn 0.9894 0.0236 -0.1434
vn 0.8673 -0.4492 0.2143
vn 0.8614 -0.4598 0.2158
vn 0.8590 -0.4650 0.2143
vn 0.5524 -0.7207 0.4188
vn -0.0011 -0.8471 0.5314
vn -0.4942 -0.7338 0.4661
vn -0.8399 -0.4670 0.2766
vn -0.9977 -0.0381 -0.0552
vn -0.8996 0.2950 -0.3220
vn -0.8930 0.3116 -0.3248
vn -0.8922 0.3209 -0.3177
vn -0.6158 0.5868 -0.5257
vn 0.1610 0.9859 0.0452
vn -0.2320 -0.1653 0.9586
vn -0.1458 0.2323 0.9617
vn 0.5187 0.8311 0.2005
vn 0.8273 0.5211 0.2097
vn -0.0416 0.0296 0.9987
vn 0.9567 -0.2270 0.1823
vn 0.7774 -0.6021 0.1818
vn 0.5303 -0.6157 0.5828
vn 0.8705 -0.4067 0.2770
vn 0.8137 -0.5302 0.2384
vn 0.5071 -0.4964 0.7046
vn -0.0439 -0.6034 0.7962
vn -0.0145 -0.3432 0.9392
vn -0.3922 -0.1448 0.9084
vn -0.4730 -0.4298 0.7691
vn -0.7892 -0.2179 0.5742
vn -0.6800 0.0662 0.7302
vn -0.8972 0.3129 0.3117
vn -0.9867 0.0939 0.1330
vn -0.9250 0.2816 -0.2550
vn -0.9108 0.3539 -0.2125
vn -0.4028 0.8756 -0.2667
vn -0.8581 0.3668 -0.3593
vn -0.8572 0.4187 -0.2997
vn -0.2252 0.9358 -0.2712
vn -0.7143 -0.6296 -0.3056
vn -0.5066 -0.3496 -0.7881
vn 0.0357 -0.7809 -0.6237
vn -0.2912 -0.9517 -0.0977
vn 0.0625 -0.9978 -0.0229
vn 0.4622 -0.8570 -0.2279
vn 0.7605 -0.5875 0.2767
vn 0.7286 -0.6122 0.3072
vn 0.6177 -0.3081 0.7236
vn 0.7856 -0.5466 0.2900
vn 0.7186 -0.6035 0.3456
vn 0.6729 -0.2635 0.6913
vn 0.2123 0.0267 0.9768
vn 0.3449 0.1835 0.9205
vn -0.0311 0.4897 0.8713
vn -0.1785 0.2846 0.9419
vn -0.5009 0.4713 0.7259
vn -0.3806 0.6549 0.6528
vn -0.7209 0.6668 0.1890
vn -0.7793 0.5670 0.2668
vn -0.8399 0.4924 -0.2282
vn -0.8460 0.4748 -0.2425
vn -0.8405 -0.0671 -0.5376
vn -0.8373 0.4692 -0.2807
vn -0.8466 0.4648 -0.2594
vn -0.7977 0.1339 -0.5880
vn -0.4687 -0.2911 -0.8340
vn 0.0475 -0.7292 -0.6826
vn 0.4161 -0.8798 -0.2297
vn 0.5878 -0.7081 0.3913
vn 0.5993 -0.6708 0.4369
vn 0.6037 -0.2726 0.7491
vn 0.3549 0.2345 0.9050
vn 0.0411 0.5693 0.8211
vn -0.2955 0.7414 0.6025
vn -0.6644 0.7336 0.1427
vn -0.8055 0.5256 -0.2738
vn -0.8110 0.5163 -0.2751
vn -0.7657 0.1858 -0.6158
vn -0.4548 -0.3088 -0.8354
vn -0.0524 -0.7548 -0.6539
vn 0.3780 -0.9182 -0.1184
vn 0.4853 -0.7602 0.4320
vn 0.4977 -0.6426 0.5826
vn 0.4585 -0.2765 0.8446
vn 0.2422 0.3108 0.9191
vn 0.0034 0.6410 0.7676
vn -0.2398 0.7956 0.5564
vn -0.5978 0.7959 0.0963
vn -0.7557 0.5716 -0.3198
vn -0.7580 0.5663 -0.3235
vn -0.7328 0.2283 -0.6410
vn -0.4638 -0.3253 -0.8240
vn -0.5622 -0.2148 -0.7986
vn -0.1927 -0.6473 -0.7375
vn -0.1895 -0.7337 -0.6525
vn 0.4002 -0.8963 -0.1911
vn 0.5029 -0.8298 -0.2418
vn 0.4552 -0.7962 0.3987
vn 0.5043 -0.8015 0.3213
vn 0.4312 -0.3256 0.8415
vn 0.4244 -0.7114 0.5602
vn 0.7170 -0.4732 0.5119
vn 0.4281 -0.0399 0.9029
vn 0.1448 0.3911 0.9089
vn 0.2169 0.7513 0.6232
vn 0.1062 0.8483 0.5188
vn -0.0293 0.6609 0.7499
vn -0.1702 0.8294 0.5321
vn 0.0143 0.9012 0.4332
vn -0.4133 0.9032 0.1158
vn -0.5142 0.8491 0.1212
vn -0.7411 0.2103 -0.6376
vn -0.7657 0.5677 -0.3023
vn -0.7606 0.5958 -0.2577
vn -0.7643 0.2696 -0.5858
vn 0.0140 0.8061 -0.5917
vn 0.6841 0.6271 -0.3724
vn 0.9781 0.1781 -0.1080
vn 0.8939 -0.3840 0.2312
vn 0.5665 -0.6422 0.5164
vn 0.8680 -0.4315 0.2457
vn 0.0096 -0.6953 0.7187
vn -0.4732 -0.5497 0.6885
vn -0.8258 -0.3327 0.4553
vn -1.0000 0.0019 0.0029
vn -0.9111 0.2279 -0.3434
vn -0.5762 0.5784 -0.5774
vn -0.8833 0.2612 -0.3894
vn -0.5442 0.2876 -0.7881
vn -0.5849 0.3538 -0.7298
vn -0.1465 0.2070 -0.9673
vn -0.0735 0.1114 -0.9911
vn 0.1565 0.0252 -0.9874
vn 0.1647 0.1807 -0.9697
vn -0.7526 -0.6554 -0.0642
vn -0.8869 -0.4462 0.1197
vn -0.9762 -0.2167 0.0106
vn -0.9173 -0.3981 -0.0062
vn -0.9626 0.2340 -0.1363
vn -0.9673 0.2366 -0.0916
vn -0.7832 0.3843 -0.4887
vn -0.8925 0.4186 -0.1681
vn -0.9588 0.2403 -0.1517
vn -0.8183 0.3845 -0.4272
vn -0.6014 0.4025 -0.6901
vn -0.1947 0.4240 -0.8845
vn 0.2033 0.3624 -0.9096
vn -0.8787 -0.1381 0.4569
vn -0.9859 0.0407 0.1626
vn -0.9711 0.1976 -0.1340
vn -0.9728 0.1853 -0.1388
vn -0.8609 0.3139 -0.4005
vn -0.5375 0.4606 -0.7063
vn -0.1314 0.4685 -0.8736
vn 0.2603 0.4048 -0.8766
vn -0.7975 0.1543 0.5833
vn -0.9488 0.1877 0.2539
vn -0.9440 0.3182 -0.0875
vn -0.9456 0.3166 -0.0746
vn -0.8344 0.3829 -0.3965
vn -0.5433 0.5625 -0.6232
vn -0.0798 0.4822 -0.8724
vn 0.2997 0.4477 -0.8425
vn -0.8500 0.1147 0.5142
vn -0.9420 0.2364 0.2382
vn -0.5752 0.8179 -0.0138
vn -0.7398 0.6642 0.1075
vn -0.7023 0.6919 -0.1676
vn -0.6259 0.3706 -0.6862
vn -0.0044 0.4187 -0.9081
vn 0.3326 0.4371 -0.8356
vn 0.3278 0.4758 -0.8162
vn -0.9640 -0.0666 0.2576
vn -0.9288 0.3575 0.0972
vn -0.7689 0.5529 -0.3211
vn -0.4855 0.8369 0.2527
vn -0.8302 0.5038 -0.2388
vn -0.5409 0.2209 -0.8115
vn 0.0145 0.4677 -0.8837
vn 0.3343 0.5002 -0.7987
vn -0.9979 0.0268 0.0598
vn -0.9249 0.3246 -0.1982
vn -0.7552 0.3947 -0.5233
vn -0.9258 0.3779 -0.0138
vn -0.9949 0.0239 -0.0981
vn -0.8539 0.0752 -0.5150
vn -0.3631 0.3236 -0.8737
vn 0.0868 0.6134 -0.7850
vn 0.2964 0.6348 -0.7136
vn -0.9979 0.0640 -0.0048
vn -0.9721 0.0783 -0.2211
vn -0.8889 0.0614 -0.4539
vn -0.9073 0.1156 -0.4043
vn -0.9455 -0.2152 -0.2445
vn -0.0478 -0.9003 -0.4327
vn -0.9592 -0.1703 -0.2256
vn -0.7092 0.5520 0.4385
vn -0.8693 0.4916 -0.0514
vn 0.4567 -0.1456 -0.8776
vn -0.1338 0.5272 -0.8391
vn -0.1980 0.8285 -0.5238
vn 0.1354 0.8336 -0.5355
vn 0.1776 0.5959 -0.7831
vn 0.3138 0.6136 -0.7246
vn 0.2377 0.8131 -0.5314
vn -0.9377 0.0818 0.3377
vn -0.8200 0.1433 0.5542
vn -0.9162 0.1846 0.3557
vn -0.9814 -0.1919 -0.0091
vn -0.1368 0.9680 -0.2104
vn 0.0880 0.9520 -0.2931
vn 0.1587 0.9341 -0.3199
vn -0.6164 0.3351 0.7126
vn -0.7238 0.5356 0.4350
vn -0.8066 0.5911 -0.0014
vn -0.6635 0.7432 0.0862
vn -0.4163 0.8245 -0.3833
vn -0.7975 0.5435 0.2621
vn -0.7108 0.6242 0.3244
vn -0.3757 0.9257 -0.0448
vn -0.0668 0.9038 -0.4226
vn 0.1535 0.8861 -0.4374
vn 0.2203 0.8748 -0.4315
vn -0.6882 0.6020 0.4048
vn -0.4837 0.8136 0.3227
vn -0.3663 0.9280 0.0680
vn -0.4491 0.7827 0.4310
vn -0.4140 0.8562 0.3092
vn -0.2621 0.9571 -0.1236
vn -0.5336 -0.0581 -0.8438
vn -0.5972 0.1132 -0.7941
vn -0.1761 -0.1946 -0.9650
vn -0.1063 -0.4413 -0.8910
vn 0.1144 -0.5853 -0.8027
vn -0.1605 -0.2361 -0.9584
vn 0.1687 -0.3145 -0.9341
vn 0.2046 -0.4113 -0.8882
vn 0.1896 0.5609 -0.8059
vn -0.0785 -0.5747 -0.8146
vn 0.0204 -0.6448 -0.7641
vn 0.6643 0.3456 -0.6628
vn 0.8298 0.3898 -0.3994
vn -0.1869 -0.7940 -0.5784
vn -0.1685 0.9344 0.3137
vn -0.0418 0.9976 -0.0558
vn -0.7719 0.2803 -0.5707
vn -0.7453 0.5955 -0.2997
vn -0.8434 0.4846 -0.2321
vn -0.7938 0.3154 -0.5200
vn -0.9891 -0.0748 0.1265
vn -0.1509 0.2218 -0.9634
vn 0.1613 0.4968 -0.8528
vn 0.3197 0.5635 -0.7617
vn -0.3791 0.8074 -0.4522
vn -0.8334 0.4917 0.2523
vn -0.8271 0.5610 0.0356
vn -0.9069 -0.1735 0.3840
vn -0.8253 -0.5145 -0.2328
vn -0.6032 -0.7824 -0.1551
vn 0.2746 -0.9514 -0.1396
vn 0.4205 -0.8963 -0.1407
vn 0.6882 0.0472 -0.7240
vn 0.2458 0.5201 -0.8180
vn -0.0260 0.5238 -0.8515
vn -0.7130 0.6938 -0.1012
vn -0.8051 0.5929 -0.0156
vn -0.7381 0.6208 -0.2642
vn -0.6651 0.7328 -0.1433
vn 0.5393 0.1195 -0.8336
vn 0.4877 0.1801 -0.8542
vn -0.1682 0.2571 -0.9516
vn -0.0931 0.2690 -0.9586
vn 0.9317 0.0058 -0.3632
vn 0.8780 0.1283 -0.4611
vn 0.4451 0.1806 -0.8771
vn 0.5325 0.1477 -0.8334
vn 0.9610 -0.0079 0.2765
vn 0.9944 0.0093 0.1054
vn -0.5941 0.3221 -0.7371
vn -0.6228 0.2792 -0.7308
vn -0.8427 0.2457 -0.4791
vn -0.8483 0.3142 -0.4261
vn 0.7186 0.5815 0.3814
vn 0.8497 0.1924 0.4910
vn 0.9449 0.1414 0.2952
vn 0.8549 0.3785 0.3548
vn 0.1612 0.8820 0.4428
vn -0.1007 0.9045 0.4144
vn -0.2879 0.3910 0.8742
vn 0.2491 0.3348 0.9088
vn -0.4968 0.8543 0.1530
vn -0.7126 0.7009 -0.0301
vn -0.9461 0.3238 0.0041
vn -0.8685 0.3401 0.3607
vn 0.4290 -0.1819 -0.8848
vn -0.2092 -0.3064 -0.9286
vn 0.7734 -0.4395 -0.4568
vn 0.4217 -0.1791 -0.8889
vn 0.8089 -0.5877 0.0149
vn 0.4919 -0.8086 0.3229
vn 0.5120 -0.8491 0.1298
vn -0.3248 -0.4839 0.8126
vn 0.1761 -0.5800 0.7953
vn -0.6773 -0.7357 0.0029
vn -0.7601 -0.5827 0.2876
vn -0.5445 -0.4972 -0.6755
vn -0.6978 -0.5523 -0.4562
vn -0.5585 0.6073 -0.5650
vn -0.8204 0.4937 -0.2884
vn -0.8320 0.4686 -0.2970
vn -0.9524 0.2891 0.0971
vn -0.7794 -0.1776 0.6008
vn -0.4015 -0.4179 0.8150
vn 0.1230 -0.5305 0.8387
vn 0.6896 -0.4201 0.5898
vn 0.9186 -0.2628 0.2951
vn 0.9339 -0.2240 0.2785
vn 0.9569 0.0997 -0.2727
vn 0.5634 0.4511 -0.6922
vn -0.0847 0.6273 -0.7742
vn 0.6884 0.1624 0.7069
vn 0.6927 0.4247 0.5829
vn 0.8331 0.0915 0.5455
vn 0.9179 0.0742 0.3898
vn 0.2082 0.3225 0.9234
vn -0.2542 0.4015 0.8799
vn -0.0898 0.8208 0.5641
vn 0.1902 0.7884 0.5851
vn -0.6783 0.3916 0.6218
vn -0.9336 0.3440 0.1000
vn -0.7404 0.6462 0.1851
vn -0.3676 0.8214 0.4360
vn -0.9235 0.3529 -0.1503
vn -0.9395 0.2334 -0.2508
vn 0.5584 -0.8172 0.1427
vn -0.6143 -0.7441 -0.2625
vn 0.5425 0.7425 0.3928
vn -0.0088 0.9715 0.2368
vn 0.1156 0.9540 0.2767
vn -0.4932 0.8663 0.0797
vn -0.1492 0.9677 0.2031
vn -0.8032 0.5916 -0.0691
vn -0.9371 0.2735 -0.2170
vn -0.6101 -0.7700 -0.1870
vn 0.4228 0.8045 0.4172
vn -0.2919 0.9073 0.3027
vn 0.5076 -0.8521 0.1277
vn 0.4938 -0.8067 0.3247
vn -0.0621 -0.9979 -0.0178
vn -0.0570 -0.9971 -0.0502
vn 0.5426 -0.8288 0.1364
vn -0.0512 -0.9945 -0.0916
vn 0.8076 -0.5897 0.0019
vn -0.0516 -0.9938 -0.0981
vn 0.7911 -0.3957 -0.4664
vn -0.0530 -0.9935 -0.1009
vn 0.4333 -0.1097 -0.8946
vn 0.1763 -0.5785 0.7964
vn -0.3250 -0.4824 0.8134
vn -0.0610 -0.9980 -0.0176
vn 0.3495 -0.6776 0.6471
vn -0.2062 -0.2457 -0.9472
vn -0.5626 -0.4496 -0.6937
vn -0.7128 -0.5216 -0.4690
vn -0.6335 -0.7273 -0.2639
vn -0.6174 -0.7639 -0.1878
vn -0.6778 -0.7353 0.0034
vn -0.7035 -0.5164 0.4883
vn -0.7607 -0.5818 0.2878
vn -0.7259 0.3747 0.5767
vn -0.7030 -0.5176 0.4878
vn 0.5209 0.2624 0.8123
vn 0.3489 -0.6786 0.6464
vn -0.3972 -0.9040 -0.1579
vn -0.5133 -0.7389 0.4365
vn -0.8045 -0.5599 0.1982
vn -0.6211 -0.7628 -0.1801
vn -0.3984 -0.2743 0.8752
vn -0.7197 -0.2078 0.6625
vn -0.4013 -0.0483 0.9147
vn -0.6313 0.0821 0.7712
vn -0.4873 -0.0255 0.8728
vn -0.6914 0.0841 0.7176
vn -0.5294 -0.2528 0.8098
vn -0.7305 -0.2249 0.6448
vn -0.5474 -0.1689 0.8196
vn -0.7907 -0.1486 0.5939
vn -0.5151 -0.0100 0.8571
vn -0.8324 0.0030 0.5542
vn -0.4336 0.1553 0.8876
vn -0.4153 0.2768 0.8665
vn -0.6027 0.2542 0.7564
vn -0.6967 0.1695 0.6970
vn -0.4540 0.2226 0.8627
vn -0.5007 0.2649 0.8241
vn -0.7777 0.0408 0.6273
vn -0.6168 0.3544 0.7028
vn -0.4624 -0.0841 0.8827
vn -0.7964 -0.0477 0.6029
vn -0.0000 -0.0000 -1.0000
vn -0.6098 -0.4279 -0.6671
vn 0.0978 -0.5067 0.8565
vn -0.3219 0.8030 -0.5016
vn -0.6198 -0.7162 0.3206
vn -0.9963 -0.0611 0.0608
vn -0.8997 0.1024 0.4243
vn 0.8388 -0.0642 -0.5406
vn 0.6143 -0.1125 -0.7810
vn 0.3859 -0.1345 -0.9127
vn 0.0967 -0.2091 -0.9731
vn -0.0727 -0.3700 -0.9262
vn -0.6058 -0.2684 -0.7490
vn -0.9195 -0.1680 -0.3554
vn -0.7421 0.1827 0.6449
vn -0.6338 0.2494 0.7321
vn -0.9279 0.1601 0.3367
vn -0.8292 0.4063 0.3839
vn -0.9080 0.3735 -0.1900
vn -0.8131 0.3155 -0.4892
vn -0.5582 0.5000 -0.6621
vn -0.1738 0.6085 -0.7743
vn 0.2541 0.6246 -0.7385
vn -0.2236 0.8667 -0.4460
vn 0.2261 0.4915 -0.8410
vn 0.6000 -0.1109 -0.7922
vn 0.5556 -0.0456 -0.8302
vn 0.5064 -0.8463 -0.1653
vn 0.0874 -0.9791 0.1836
vn -0.5448 -0.5164 0.6608
vn -0.7587 0.0623 0.6484
vn -0.6680 0.6418 0.3766
vn 0.6937 0.4722 -0.5439
vn -0.0191 0.6346 -0.7726
vn 0.9776 0.0263 -0.2089
vn 0.8670 -0.4472 0.2201
vn 0.5812 -0.6668 0.4664
vn 0.8539 -0.4777 0.2066
vn -0.4793 -0.6331 0.6078
vn 0.0294 -0.7533 0.6570
vn -0.9970 -0.0498 -0.0597
vn -0.8317 -0.4049 0.3800
vn -0.9024 0.1751 -0.3938
vn -0.5870 0.4670 -0.6613
vn -0.8864 0.2044 -0.4154
vn -0.1835 0.9741 0.1324
vn -0.1711 0.9809 0.0926
vn -0.1638 0.9862 0.0255
vn -0.2167 0.9689 0.1194
vn -0.2237 0.9645 0.1402
vn -0.2305 0.9563 0.1796
vn 0.2776 0.7299 0.6247
vn 0.3572 0.7394 0.5708
vn 0.3153 0.7144 0.6247
vn 0.3170 0.7378 0.5960
vn -0.4600 0.5977 0.6565
vn -0.2407 0.7502 0.6158
vn -0.2657 0.7433 0.6139
vn -0.4809 0.5452 0.6867
vn -0.1397 0.5559 -0.8194
vn -0.1849 0.5216 -0.8329
vn -0.1900 0.5304 -0.8262
vn -0.1436 0.5664 -0.8115
vn 0.0721 0.9830 0.1686
vn -0.0717 0.9951 0.0686
vn -0.0705 0.9960 0.0540
vn 0.1020 0.9666 0.2349
vn 0.1949 0.9674 0.1614
vn 0.1909 0.9673 0.1668
vn 0.1914 0.9672 0.1668
vn 0.1948 0.9675 0.1611
vn 0.0634 0.9961 -0.0606
vn 0.0928 0.9946 -0.0466
vn 0.0929 0.9946 -0.0466
vn 0.0633 0.9962 -0.0606
vn 0.1715 0.9167 0.3609
vn 0.1705 0.9186 0.3564
vn -0.6061 0.4682 0.6429
vn -0.6125 0.4608 0.6422
vn -0.1546 0.1602 0.9749
vn -0.0822 0.1565 0.9843
vn -0.2232 0.1452 0.9639
vn -0.1111 0.1388 0.9841
vn 0.1150 0.5162 0.8487
vn -0.0596 0.5694 0.8199
vn -0.0620 0.5734 0.8169
vn 0.1060 0.5207 0.8471
vn -0.1011 0.6775 0.7286
vn -0.1003 0.6766 0.7295
vn -0.0393 0.6737 0.7379
vn 0.0204 0.7588 0.6510
vn 0.0215 0.7594 0.6503
vn -0.0421 0.7576 0.6514
vn -0.0015 0.7303 0.6831
vn 0.0887 0.7257 0.6822
vn 0.0916 0.7226 0.6852
vn -0.0048 0.7328 0.6805
vn 0.0960 0.7250 0.6820
vn 0.1014 0.6720 0.7336
vn 0.1026 0.6866 0.7198
vn 0.1015 0.7245 0.6818
vn 0.0599 0.6595 0.7493
vn 0.1083 0.6922 0.7136
vn 0.1050 0.6927 0.7136
vn 0.0612 0.6674 0.7422
vn 0.1696 0.7182 0.6748
vn 0.1910 0.6617 0.7251
vn 0.1908 0.6630 0.7239
vn 0.1265 0.6701 0.7314
vn 0.2036 0.6757 0.7085
vn 0.2323 0.5771 0.7830
vn 0.2201 0.5803 0.7841
vn 0.1958 0.6812 0.7054
vn 0.4809 -0.6776 0.5564
vn 0.5795 -0.6850 0.4415
vn 0.5750 -0.6885 0.4420
vn 0.5091 -0.6374 0.5784
vn 0.4854 -0.6383 0.5974
vn 0.4889 -0.7929 0.3638
vn 0.3435 -0.6272 0.6990
vn 0.3653 -0.6225 0.6922
vn 0.4675 -0.8092 0.3559
vn 0.4778 -0.8045 0.3527
vn 0.3285 -0.7169 0.6149
vn 0.2739 -0.7943 0.5423
vn 0.2702 -0.7709 0.5768
vn 0.3646 -0.7116 0.6005
vn 0.3493 -0.7098 0.6117
vn 0.3174 -0.8192 0.4777
vn 0.4353 -0.7376 0.5162
vn 0.4370 -0.7423 0.5079
vn 0.3663 -0.7775 0.5112
vn 0.3281 -0.8125 0.4818
vn 0.2964 0.4407 0.8473
vn 0.0458 0.4853 0.8731
vn 0.0331 0.4905 0.8708
vn 0.2923 0.4407 0.8487
vn 0.7001 0.5637 0.4383
vn 0.7124 0.4037 0.5740
vn 0.7096 0.4044 0.5770
vn 0.6944 0.5747 0.4329
vn 0.7318 0.3485 0.5856
vn 0.6032 0.2714 0.7500
vn 0.5994 0.2591 0.7574
vn 0.5633 0.2998 0.7699
vn 0.6048 0.4020 0.6874
vn 0.5116 0.2621 0.8182
vn 0.4818 0.2759 0.8317
vn 0.5858 0.4171 0.6948
vn 0.2181 0.9691 0.1153
vn 0.3069 0.9516 -0.0165
vn 0.2988 0.9543 -0.0093
vn 0.2520 0.9567 0.1457
vn -0.0575 0.9965 0.0599
vn -0.1816 0.9834 -0.0008
vn 0.6138 0.6474 0.4518
vn 0.6130 0.6479 0.4522
vn 0.7431 0.4642 0.4820
vn -0.2847 0.7818 -0.5547
vn -0.2369 0.8580 -0.4558
vn 0.9905 -0.0643 -0.1216
vn -0.1039 0.8603 -0.4991
vn -0.1330 0.9024 -0.4099
vn -0.2602 0.8633 -0.4325
vn -0.7184 -0.6345 -0.2852
vn -0.3793 0.5809 -0.7202
vn 0.1582 -0.7209 -0.6747
vn -0.0214 0.8181 -0.5747
vn 0.6629 -0.5422 -0.5163
vn -0.0960 0.9032 -0.4184
vn 0.5514 -0.6382 0.5372
vn 0.5584 -0.6446 0.5222
vn 0.6433 -0.5351 -0.5475
vn -0.1151 0.8711 -0.4774
vn -0.9618 0.0844 -0.2603
vn -0.9393 -0.3252 -0.1093
vn 0.4218 -0.2491 -0.8718
vn 0.8197 0.0440 0.5711
vn 0.8197 0.0439 0.5711
vn 0.5637 -0.5497 0.6165
vn 0.5000 -0.4774 0.7226
vn 0.7689 -0.3583 -0.5295
vn 0.7931 0.0249 0.6086
vn 0.7936 0.0237 0.6080
vn 0.8148 0.0713 0.5754
vn 0.8145 0.0718 0.5758
vn 0.8156 0.0703 0.5743
vn -0.1961 -0.9543 0.2255
vn -0.1652 -0.9511 0.2611
vn -0.0911 0.0041 -0.9958
vn -0.0462 -0.0013 -0.9989
vn -0.5863 0.2860 -0.7579
vn -0.0000 -0.0000 1.0000
vn 0.4005 -0.0235 0.9160
vn 0.2276 -0.0133 0.9737
vn -0.8197 -0.0440 -0.5711
vn -0.8197 -0.0439 -0.5711
vn -0.6477 0.2430 -0.7221
vn -0.0819 -0.0111 -0.9966
vn -0.7015 -0.6655 -0.2550
vn -0.6982 -0.6677 -0.2581
vn -0.6899 -0.6813 -0.2448
vn -0.6940 -0.6781 -0.2421
vn -0.9269 0.2369 -0.2910
vn -0.9410 0.1530 -0.3018
vn -0.9439 -0.3176 -0.0905
vn -0.8993 -0.4299 -0.0801
vn -0.0880 0.0074 -0.9961
vn -0.8093 -0.0350 -0.5863
vn -0.8107 -0.0130 -0.5854
vn -0.8056 -0.0630 -0.5891
vn -0.8010 -0.0810 -0.5931
vn -0.9541 0.2993 0.0031
vn -0.9124 0.4092 0.0104
vn -0.6430 0.1791 0.7446
vn -0.4951 -0.8504 0.1781
vn -0.8611 -0.5084 0.0090
vn -0.2929 -0.9459 -0.1393
vn -0.6062 -0.0649 0.7926
vn -0.9117 0.2964 -0.2844
vn 0.5588 0.8155 -0.1506
vn 0.8939 0.4442 0.0601
vn 0.1141 0.9461 -0.3030
vn -0.3490 0.8555 -0.3825
vn -0.6596 0.6461 -0.3839
vn 0.9751 0.0785 0.2076
vn 0.9149 -0.2769 0.2936
vn 0.8612 -0.4438 0.2479
vn -0.8439 0.4102 -0.3458
vn 0.8612 -0.5061 -0.0470
vn -0.8298 -0.4235 0.3634
vn -0.3721 -0.7312 0.5717
vn -0.4225 0.1530 0.8933
vn -0.6418 -0.0645 0.7642
vn -0.3747 0.2615 0.8895
vn -0.3830 0.1475 0.9119
vn -0.3829 -0.1001 0.9183
vn -0.3564 -0.1598 0.9206
vn -0.3707 0.0035 0.9288
vn -0.3105 -0.2798 0.9085
vn -0.2536 -0.1337 0.9580
vn -0.1692 -0.1416 0.9754
vn -0.1891 -0.3353 0.9230
vn -0.2525 -0.8112 0.5275
vn -0.2045 -0.9659 -0.1587
vn -0.0599 -0.7592 -0.6481
vn 0.7586 0.2258 -0.6111
vn 0.3476 0.6707 -0.6552
vn -0.2824 0.7383 0.6125
vn -0.2857 0.7379 0.6115
vn -0.3935 0.5663 0.7242
vn -0.4030 0.5664 0.7189
vn -0.3678 -0.0497 -0.9286
vn -0.9504 0.3050 0.0611
vn -0.9534 0.2328 0.1917
vn -0.5046 0.5723 0.6465
vn -0.7869 0.5527 0.2745
vn -0.9479 -0.2120 0.2378
vn -0.8353 -0.2770 0.4750
vn 0.9397 -0.2347 -0.2487
vn 0.9328 -0.2623 -0.2470
vn 0.9419 -0.2279 -0.2468
vn 0.9456 -0.2165 -0.2428
vn 0.9115 -0.2410 -0.3332
vn 0.9131 -0.2184 -0.3442
vn 0.9122 -0.2362 -0.3347
vn 0.9133 -0.2397 -0.3294
vn 0.1404 0.8664 -0.4793
vn 0.1404 0.8665 -0.4790
vn 0.3171 0.8853 0.3401
vn 0.3244 0.8830 0.3393
vn 0.0026 0.7006 -0.7136
vn 0.0024 0.7006 -0.7136
vn -0.1160 -0.8100 0.5749
vn -0.0755 -0.8332 0.5478
vn -0.2234 -0.9508 0.2145
vn -0.2327 -0.9468 0.2223
vn -0.9460 0.3172 0.0667
vn -0.9315 0.3589 0.0583
vn -0.9399 0.3171 0.1265
vn -0.9403 0.3017 0.1578
vn -0.9792 -0.1941 0.0598
vn -0.9506 -0.2941 0.0988
vn -0.9984 0.0565 -0.0068
vn -0.9917 0.1099 -0.0671
vn -0.6166 0.7670 0.1778
vn -0.7513 0.6458 0.1358
vn -0.6755 0.7337 -0.0730
vn -0.6864 0.7184 -0.1135
vn -0.8903 -0.1631 0.4252
vn -0.8056 -0.5389 0.2464
vn -0.9235 0.2326 0.3049
vn -0.9129 0.1870 0.3628
vn -0.8327 -0.3187 0.4529
vn -0.5895 -0.5893 0.5524
vn -0.6209 -0.7349 0.2726
vn -0.8723 -0.3130 0.3756
vn -0.8085 0.1795 0.5604
vn -0.6632 0.2939 0.6883
vn -0.6311 0.2845 0.7216
vn -0.5534 0.4166 0.7212
vn -0.5385 0.1259 0.8332
vn -0.4863 0.0630 0.8715
vn -0.3138 0.1825 0.9318
vn -0.5512 0.2259 0.8032
vn -0.4817 0.1632 0.8610
vn -0.2821 0.0573 0.9577
vn -0.7849 0.6144 0.0807
vn -0.8615 0.5037 0.0642
vn -0.9984 -0.0254 0.0503
vn -0.9813 0.1896 -0.0347
vn -0.9335 0.3115 0.1779
vn -0.9300 0.3390 -0.1419
vn -0.9341 0.3204 -0.1572
vn -0.9411 0.3110 -0.1329
vn -0.8571 0.3125 0.4096
vn -0.9224 0.1601 0.3515
vn -0.7977 0.1105 0.5928
vn -0.7166 0.2336 0.6572
vn -0.7891 0.3746 0.4868
vn -0.9012 0.3197 0.2928
vn -0.9446 0.1454 0.2942
vn -0.8331 0.1457 0.5337
vn -0.8010 0.4967 0.3342
vn -0.8176 0.2590 0.5143
vn -0.4450 0.3135 0.8388
vn -0.5237 0.5100 0.6824
vn -0.7191 0.5987 0.3527
vn -0.7067 0.4410 0.5532
vn -0.8613 0.1288 0.4915
vn -0.9717 0.1481 0.1841
vn -0.7919 0.5299 0.3036
vn -0.6362 0.6981 0.3284
vn -0.4949 0.5927 0.6354
vn -0.9719 0.0733 0.2239
vn -0.6631 0.6478 0.3750
vn -0.6559 0.5543 0.5124
vn -0.8961 -0.2904 0.3356
vn -0.8962 -0.2897 0.3359
vn -0.9088 -0.2740 0.3147
vn -0.9083 -0.2775 0.3131
vn -0.9076 -0.2815 0.3116
vn -0.4595 0.6553 0.5995
vn -0.4670 0.6369 0.6134
vn -0.6212 0.7075 0.3370
vn -0.6630 0.6616 0.3503
vn -0.9134 -0.1457 0.3801
vn -0.7999 -0.0450 0.5985
vn -0.8811 -0.1928 0.4318
vn -0.9008 -0.2427 0.3601
vn -0.5179 -0.2171 0.8274
vn -0.6628 -0.1228 0.7387
vn -0.8188 -0.2719 0.5057
vn -0.6122 -0.4568 0.6454
vn -0.8432 0.1767 0.5077
vn -0.6155 0.3997 0.6793
vn -0.8632 0.1222 0.4899
vn -0.8656 0.1168 0.4869
vn -0.8657 0.1113 0.4880
vn -0.8650 0.2040 0.4583
vn -0.7071 0.2087 0.6757
vn -0.8369 0.0204 0.5469
vn -0.4347 0.4596 0.7745
vn -0.8267 0.0679 0.5585
vn -0.5214 -0.6046 0.6022
vn -0.5344 0.1046 0.8387
vn -0.6036 0.2642 0.7523
vn -0.3515 0.6475 0.6761
vn -0.3413 0.5843 0.7363
vn -0.8943 -0.0335 0.4461
vn -0.9026 0.3419 0.2614
vn -0.9116 0.4065 0.0605
vn -0.9789 0.1174 0.1673
vn -0.9701 0.1402 -0.1983
vn -0.8735 0.4230 -0.2410
vn -0.7013 0.5808 0.4133
vn -0.7080 0.5748 0.4102
vn -0.5967 0.4566 0.6599
vn -0.6661 0.1745 0.7252
vn -0.9422 0.2269 0.2465
vn -0.9329 0.2623 0.2467
vn -0.9401 0.2348 0.2473
vn -0.9457 0.2166 0.2422
vn -0.9125 0.2359 0.3342
vn -0.9131 0.2185 0.3443
vn -0.9116 0.2409 0.3331
vn -0.9126 0.2403 0.3307
vn -0.8376 0.2238 0.4984
vn -0.5244 -0.5027 0.6873
vn -0.5244 -0.5026 0.6873
vn -0.4351 0.5327 0.7259
vn -0.9884 -0.0782 0.1301
vn -0.9465 -0.2570 0.1951
vn -0.9405 0.2768 -0.1973
vn -0.7352 0.6132 -0.2888
vn -0.6593 0.7146 -0.2339
vn -0.7312 0.6806 -0.0457
vn -0.9031 0.0478 0.4267
vn -0.8753 -0.3705 0.3107
vn 0.5891 0.5547 0.5876
vn 0.7727 0.5258 0.3558
vn 0.4586 0.8756 0.1515
vn 0.3215 0.8494 0.4186
vn 0.0372 0.9993 0.0026
vn -0.0372 0.9573 0.2866
vn -0.4160 0.9081 -0.0482
vn -0.4516 0.8588 0.2420
vn -0.7053 0.7073 -0.0474
vn -0.6926 0.6865 0.2212
vn 0.6712 0.2490 0.6982
vn 0.8498 0.1815 0.4950
vn 0.3746 0.5397 0.7539
vn 0.1776 0.7632 0.6213
vn -0.0992 0.8486 0.5197
vn -0.4506 0.7561 0.4746
vn -0.6254 0.6508 0.4305
vn 0.4301 0.3003 0.8514
vn 0.0999 0.4750 0.8743
vn -0.0300 0.5756 0.8172
vn -0.1736 0.6160 0.7684
vn -0.3837 0.5607 0.7337
vn -0.4538 0.4759 0.7534
vn 0.1851 0.3165 0.9304
vn 0.1037 0.4872 0.8671
vn -0.0773 0.5058 0.8592
vn -0.2040 0.4846 0.8506
vn -0.3438 0.4361 0.8316
vn -0.3799 0.3882 0.8397
vn -0.3361 0.4092 0.8483
vn 0.4674 0.2216 0.8558
vn -0.5725 0.4338 0.6957
vn -0.6048 0.2952 0.7397
vn -0.4918 0.2309 0.8395
vn -0.3942 0.5226 0.7560
vn -0.1354 0.3566 0.9244
vn -0.2011 0.5157 0.8328
vn -0.6357 0.1289 0.7611
vn -0.4707 0.1494 0.8695
vn -0.1316 0.1591 0.9785
vn -0.2743 -0.6865 0.6734
vn -0.4123 -0.5890 0.6950
vn -0.3782 -0.0895 0.9214
vn -0.2904 -0.1639 0.9428
vn -0.3158 0.2478 0.9159
vn -0.3036 -0.3881 0.8702
vn -0.3703 -0.3400 0.8645
vn -0.4332 -0.4977 0.7514
vn -0.2104 -0.1462 0.9666
vn -0.0896 0.0255 0.9956
vn -0.3729 0.0210 0.9276
vn -0.5709 0.0816 0.8170
vn -0.5204 -0.0660 0.8513
vn -0.2666 -0.2038 0.9420
vn -0.3242 -0.2930 0.8995
vn -0.0648 0.0756 0.9950
vn -0.8364 0.5220 0.1670
vn -0.2625 -0.0425 0.9640
vn 0.0402 0.1097 0.9932
vn -0.0657 -0.0181 0.9977
vn 0.0288 -0.2356 0.9714
vn -0.3934 -0.1096 0.9128
vn -0.5373 -0.2178 0.8147
vn 0.1388 0.0930 0.9859
vn 0.7951 -0.1195 0.5947
vn 0.6145 -0.0027 0.7889
vn 0.3757 0.0879 0.9226
vn 0.2351 0.1125 0.9654
vn 0.3622 0.0951 0.9272
vn 0.8179 -0.2488 0.5187
vn 0.6617 -0.0875 0.7446
vn 0.4224 0.0435 0.9054
vn 0.1908 0.0941 0.9771
vn 0.8088 -0.0755 0.5833
vn 0.5121 0.0184 0.8587
vn 0.2041 0.0827 0.9754
vn -0.8566 0.5043 -0.1089
vn 0.0287 0.9722 0.2322
vn -0.5917 0.7717 0.2332
vn -0.8162 0.5277 0.2352
vn 0.8326 0.4863 0.2650
vn 0.4971 0.8367 0.2297
vn -0.9640 -0.0304 0.2643
vn 0.9687 0.0684 0.2387
vn -0.9064 -0.1768 0.3836
vn 0.0938 -0.8973 0.4314
vn 0.8595 -0.5054 0.0764
vn 0.9736 -0.1017 0.2042
vn -0.9129 0.4052 0.0490
vn -0.9293 0.3656 0.0525
vn 0.9345 -0.2284 0.2731
vn -0.8126 0.5780 0.0748
vn -0.3908 0.5089 -0.7670
vn 0.3278 0.3971 -0.8573
vn -0.0839 0.8566 -0.5091
vn -0.3497 0.7987 -0.4898
vn 0.0458 0.0215 -0.9987
vn -0.0020 -0.3241 -0.9460
vn -0.2647 0.7265 -0.6342
vn -0.0274 0.8990 0.4372
vn -0.2958 0.8595 -0.4168
vn -0.2562 0.7380 -0.6243
vn -0.2168 0.9718 0.0928
vn -0.3977 -0.8074 0.4359
vn -0.3587 0.9008 0.2446
vn -0.8236 -0.0571 0.5642
vn -0.9087 0.1465 -0.3910
vn -0.6471 -0.5691 -0.5074
vn -0.3117 -0.8803 0.3577
vn -0.6170 0.6734 -0.4072
vn -0.9066 0.1554 -0.3924
vn -0.8248 -0.0527 0.5630
vn -0.5863 0.7848 0.2006
vn -0.2095 -0.2033 0.9565
vn 0.0368 -0.6971 0.7160
vn -0.2090 -0.2072 0.9557
vn -0.1922 0.4677 0.8627
vn -0.5537 0.5444 -0.6301
vn -0.0667 0.7232 -0.6875
vn -0.4975 -0.1242 -0.8585
vn -0.4553 0.2352 -0.8587
vn -0.6577 0.7502 0.0681
vn 0.2890 0.2833 -0.9144
vn -0.6285 0.4469 -0.6367
vn -0.7045 0.7003 -0.1148
vn -0.1921 -0.5863 0.7870
vn -0.3568 -0.2557 0.8985
vn 0.3520 0.7814 0.5153
vn 0.0597 0.8976 0.4367
vn -0.1340 0.7992 0.5860
vn -0.3680 0.8530 0.3702
vn -0.3004 0.6937 0.6546
vn 0.1908 0.7513 0.6318
vn -0.0326 0.7295 0.6832
vn -0.1723 0.5902 0.7886
vn -0.3952 0.3568 0.8465
vn -0.3557 0.5886 0.7260
vn 0.1718 0.5651 0.8070
vn -0.0033 0.4368 0.8996
vn -0.3739 0.1609 0.9134
vn -0.3587 0.2424 0.9014
vn 0.4349 0.5002 0.7488
vn 0.7823 0.1165 0.6119
vn 0.7602 0.0631 0.6466
vn 0.3879 -0.5710 0.7236
vn 0.3575 -0.3399 0.8699
vn 0.3562 0.4153 0.8371
vn 0.6951 -0.0582 0.7166
vn 0.2289 0.2333 0.9451
vn 0.6067 -0.2124 0.7661
vn -0.2510 -0.0434 0.9670
vn -0.3962 0.1368 0.9079
vn -0.0040 -0.0199 0.9998
vn 0.5513 -0.4752 0.6858
vn 0.8650 -0.4717 -0.1713
vn 0.9098 -0.4133 0.0385
vn 0.9153 -0.3084 0.2592
vn 0.8576 -0.3559 0.3713
vn 0.2605 -0.6550 -0.7093
vn 0.8823 -0.4372 0.1743
vn 0.8480 -0.3694 0.3801
vn 0.4821 -0.7162 -0.5046
vn 0.3264 -0.2003 -0.9237
vn 0.5237 -0.1641 -0.8360
vn 0.7894 -0.4632 0.4028
vn 0.7960 -0.4581 0.3956
vn 0.4644 -0.8213 -0.3313
vn 0.7429 -0.5755 0.3419
vn 0.7304 -0.5949 0.3357
vn 0.6006 -0.7505 -0.2757
vn 0.7144 -0.6509 0.2569
vn 0.6811 -0.6872 0.2526
vn 0.6213 -0.7022 -0.3478
vn -0.0126 0.0146 -0.9998
vn 0.5666 -0.1134 -0.8162
vn 0.1691 0.1071 -0.9798
vn 0.1957 0.0979 -0.9758
vn 0.1576 -0.4373 -0.8854
vn 0.1565 -0.6080 -0.7783
vn 0.0384 -0.7038 -0.7093
vn 0.1273 -0.5368 -0.8341
vn -0.0446 -0.6785 -0.7332
vn 0.1062 -0.5598 -0.8218
vn 0.1040 -0.4579 -0.8829
vn 0.1449 -0.3408 -0.9289
vn 0.0459 -0.5359 -0.8430
vn -0.0231 -0.6945 -0.7191
vn 0.0889 -0.5827 -0.8078
vn 0.0608 -0.5519 -0.8317
vn 0.2701 -0.3915 -0.8796
vn -0.3008 0.3933 -0.8688
vn 0.0396 0.1536 -0.9873
vn 0.0153 0.1616 -0.9867
vn 0.4927 0.2798 -0.8240
vn 0.0521 -0.7100 -0.7022
vn 0.1486 -0.7375 -0.6588
vn -0.1758 -0.4281 -0.8865
vn -0.0789 -0.5540 -0.8288
vn 0.0821 -0.4982 -0.8632
vn -0.1642 -0.5246 -0.8353
vn -0.4152 0.4703 -0.7788
vn -0.2158 0.8917 -0.3978
vn 0.5901 0.7643 -0.2602
vn 0.4399 0.1107 -0.8912
vn 0.9825 0.1436 0.1190
vn 0.9047 -0.3661 -0.2179
vn 0.0362 -0.5096 -0.8597
vn 0.4378 0.0913 -0.8944
vn 0.8924 -0.3824 -0.2396
vn 0.5730 -0.7342 -0.3643
vn -0.5380 -0.0382 -0.8421
vn -0.4070 0.4346 -0.8034
vn -0.3477 0.2144 -0.9128
vn -0.1364 0.7531 -0.6436
vn 0.6680 0.6201 -0.4114
vn 0.5071 -0.2300 -0.8306
vn 0.9742 0.1096 0.1971
vn 0.8733 -0.4859 0.0344
vn 0.0535 -0.7730 -0.6321
vn 0.5058 -0.2327 -0.8307
vn 0.8690 -0.4942 0.0245
vn 0.5213 -0.8533 -0.0095
vn -0.5132 -0.2717 -0.8141
vn -0.3397 0.2024 -0.9185
vn -0.3995 0.2073 -0.8930
vn -0.1386 0.7379 -0.6605
vn 0.6905 0.5672 -0.4490
vn 0.4573 -0.3110 -0.8331
vn 0.9792 0.0556 0.1949
vn 0.8403 -0.5383 0.0643
vn -0.0694 -0.8261 -0.5592
vn 0.4531 -0.3127 -0.8348
vn 0.8336 -0.5496 0.0549
vn 0.4469 -0.8929 0.0547
vn -0.6025 -0.2636 -0.7533
vn -0.3987 0.1941 -0.8963
vn -0.5225 -0.0263 -0.8523
vn -0.1168 0.4739 -0.8728
vn 0.6853 0.1923 -0.7024
vn 0.2174 -0.6829 -0.6974
vn 0.9948 -0.0894 0.0492
vn 0.7158 -0.6751 0.1783
vn -0.3312 -0.9250 -0.1861
vn 0.2175 -0.6834 -0.6969
vn 0.7084 -0.6845 0.1723
vn 0.2748 -0.8977 0.3445
vn -0.7759 -0.3508 -0.5244
vn -0.5215 -0.0366 -0.8525
vn -0.4728 0.4630 -0.7497
vn 0.1751 -0.1852 -0.9670
vn 0.7011 -0.5797 -0.4153
vn 0.6294 0.6117 -0.4793
vn 0.4917 0.2101 -0.8450
vn 0.8979 -0.3937 -0.1971
vn 0.9909 -0.1325 -0.0224
vn -0.3081 0.7465 -0.5897
vn -0.4928 0.5878 -0.6416
vn 0.7360 -0.6411 0.2174
vn 0.7407 -0.6296 0.2343
vn 0.4614 -0.4641 0.7561
vn 0.7723 -0.5767 0.2665
vn 0.7704 -0.5957 0.2273
vn 0.2709 -0.5933 0.7580
vn 0.2245 -0.7988 0.5582
vn 0.7711 -0.5775 0.2681
vn 0.7754 -0.5847 0.2385
vn -0.1512 -0.0862 0.9847
vn -0.7942 0.2819 0.5384
vn -0.5877 -0.5624 0.5816
vn -0.4200 -0.3122 0.8521
vn -0.9127 0.2030 0.3546
vn -0.9885 0.0729 0.1328
vn -0.5791 -0.7861 0.2161
vn -0.8596 0.4768 -0.1836
vn -0.8144 0.5166 -0.2644
vn -0.6114 -0.7821 0.1204
vn -0.8271 0.4989 -0.2588
vn -0.8249 0.5081 -0.2477
vn -0.8354 0.4963 -0.2362
vn -0.8283 0.5061 -0.2405
vn -0.4701 0.2084 -0.8576
vn 0.4229 -0.2201 -0.8790
vn 0.7920 -0.6043 -0.0865
vn 0.6456 0.4097 -0.6444
vn 0.5638 0.1331 -0.8151
vn 0.9296 -0.3670 -0.0345
vn 0.9832 -0.1767 0.0464
vn -0.2746 0.5778 -0.7686
vn -0.3721 0.4417 -0.8164
vn 0.6367 -0.6111 0.4702
vn 0.6277 -0.6105 0.4829
vn 0.1890 -0.3892 0.9015
vn -0.4870 0.0655 0.8710
vn -0.8496 0.4985 0.1725
vn -0.6429 -0.4051 0.6501
vn -0.5812 -0.1806 0.7935
vn -0.9571 0.2780 0.0813
vn -0.9925 0.1207 -0.0168
vn 0.2338 -0.6113 0.7561
vn 0.2570 -0.4864 0.8351
vn -0.6773 -0.7128 0.1821
vn -0.8087 0.4128 -0.4191
vn -0.8275 0.3888 -0.4051
vn -0.6117 -0.7910 0.0107
vn -0.7665 0.4196 -0.4863
vn -0.7575 0.4345 -0.4872
vn -0.7700 0.4203 -0.4799
vn -0.7563 0.4401 -0.4840
vn -0.5106 0.2640 -0.8183
vn 0.2265 -0.3283 -0.9170
vn 0.7045 -0.6964 -0.1366
vn 0.6173 0.1809 -0.7657
vn 0.4881 -0.1024 -0.8668
vn 0.8656 -0.4965 -0.0641
vn 0.9512 -0.3084 -0.0087
vn -0.3003 0.5068 -0.8081
vn -0.3819 0.3784 -0.8432
vn 0.6943 -0.6219 0.3622
vn 0.6496 -0.5574 0.5170
vn 0.3880 -0.2590 0.8845
vn -0.3255 0.1488 0.9338
vn -0.7794 0.4815 0.4009
vn -0.6351 -0.2671 0.7248
vn -0.5693 -0.0313 0.8215
vn -0.9213 0.3757 0.1002
vn -0.9742 0.2224 0.0372
vn 0.2237 -0.5531 0.8025
vn 0.2675 -0.4214 0.8665
vn -0.7815 -0.5233 0.3397
vn -0.7926 0.5001 -0.3488
vn -0.8105 0.4593 -0.3636
vn -0.5109 -0.7689 0.3846
vn -0.7595 0.4540 -0.4660
vn -0.7486 0.4647 -0.4729
vn -0.7617 0.4541 -0.4621
vn -0.7434 0.4720 -0.4739
vn -0.4925 0.1137 -0.8629
vn 0.0281 -0.5331 -0.8456
vn 0.6689 -0.7424 -0.0372
vn 0.5713 0.0222 -0.8204
vn 0.3996 -0.2615 -0.8786
vn 0.8364 -0.5481 -0.0004
vn 0.9404 -0.3399 -0.0074
vn -0.2997 0.3658 -0.8811
vn -0.3619 0.2284 -0.9038
vn 0.6201 -0.5674 0.5418
vn 0.6065 -0.5534 0.5709
vn 0.3000 -0.1186 0.9465
vn -0.3106 0.5028 0.8066
vn -0.7254 0.6775 0.1216
vn -0.6223 -0.0520 0.7811
vn -0.5497 0.2176 0.8065
vn -0.8738 0.4742 0.1075
vn -0.9522 0.3023 0.0439
vn 0.2197 -0.3998 0.8899
vn 0.2416 -0.2317 0.9423
vn -0.7216 0.4717 -0.5068
vn -0.7176 0.4605 -0.5225
vn -0.7450 0.4216 -0.5170
vn -0.7213 0.4271 -0.5452
vn -0.7534 0.4192 -0.5067
vn -0.7209 0.4383 -0.5368
vn 0.7402 -0.4723 0.4786
vn 0.7428 -0.4985 0.4470
vn 0.7353 -0.4750 0.4835
vn 0.7348 -0.4983 0.4602
vn 0.7208 -0.5037 0.4762
vn 0.7202 -0.5308 0.4467
vn 0.7207 -0.5014 0.4788
vn 0.7148 -0.5347 0.4506
vn 0.7187 -0.4517 0.5286
vn 0.7127 -0.4834 0.5083
vn 0.7121 -0.4532 0.5362
vn 0.7020 -0.4808 0.5253
vn -0.3783 0.8164 -0.4363
vn -0.3842 0.7648 -0.5171
vn 0.6085 0.6255 -0.4883
vn 0.5715 0.7593 -0.3112
vn 0.9907 -0.1305 -0.0396
vn 0.9936 -0.0289 0.1088
vn 0.7892 -0.5550 0.2630
vn 0.8257 -0.4913 0.2773
vn 0.7959 -0.5305 0.2917
vn 0.7779 -0.5614 0.2821
vn 0.2411 -0.8433 0.4804
vn 0.2810 -0.8819 0.3786
vn -0.5892 -0.6530 0.4758
vn -0.5722 -0.7538 0.3231
vn -0.9929 0.0109 0.1185
vn -0.9948 -0.0825 -0.0605
vn -0.8301 0.4980 -0.2507
vn -0.8432 0.4694 -0.2620
vn -0.8157 0.5033 -0.2852
vn -0.8190 0.5148 -0.2534
vn -0.2502 0.6458 -0.7213
vn -0.2762 0.6232 -0.7317
vn 0.6538 0.4573 -0.6028
vn 0.6622 0.4584 -0.5928
vn 0.9893 -0.1256 0.0740
vn 0.9929 -0.1026 0.0596
vn 0.7379 -0.4627 0.4914
vn 0.7562 -0.4465 0.4782
vn 0.7496 -0.4509 0.4846
vn 0.7337 -0.4658 0.4947
vn 0.2073 -0.6470 0.7337
vn 0.2253 -0.6742 0.7034
vn -0.6488 -0.4826 0.5883
vn -0.6536 -0.5338 0.5366
vn -0.9976 0.0645 -0.0263
vn -0.9948 0.0600 -0.0818
vn -0.7687 0.4321 -0.4717
vn -0.7457 0.4280 -0.5106
vn -0.7454 0.4319 -0.5078
vn -0.7672 0.4313 -0.4748
vn -0.2894 0.7046 -0.6479
vn -0.2723 0.5733 -0.7727
vn 0.6516 0.2965 -0.6983
vn 0.6534 0.6407 -0.4032
vn 0.9706 -0.2403 0.0113
vn 0.9669 -0.0635 0.2472
vn 0.7273 -0.4899 0.4807
vn 0.7554 -0.4371 0.4882
vn 0.7380 -0.4606 0.4931
vn 0.7202 -0.4908 0.4904
vn 0.1767 -0.6048 0.7765
vn 0.1700 -0.7099 0.6835
vn -0.6591 -0.3669 0.6565
vn -0.6731 -0.5461 0.4987
vn -0.9890 0.1450 0.0295
vn -0.9949 0.0125 -0.0997
vn -0.7644 0.4574 -0.4544
vn -0.7431 0.4298 -0.5129
vn -0.7284 0.4533 -0.5138
vn -0.7592 0.4620 -0.4585
vn -0.2402 0.4874 -0.8395
vn -0.2767 0.4277 -0.8605
vn 0.6122 0.1313 -0.7797
vn 0.6608 0.2583 -0.7047
vn 0.9584 -0.2853 0.0069
vn 0.9776 -0.2026 0.0575
vn 0.7213 -0.4371 0.5373
vn 0.7409 -0.4124 0.5301
vn 0.7273 -0.4195 0.5432
vn 0.7153 -0.4379 0.5446
vn 0.1945 -0.4355 0.8789
vn 0.1801 -0.4921 0.8517
vn -0.6389 -0.1402 0.7564
vn -0.6793 -0.2501 0.6899
vn -0.9672 0.2493 0.0484
vn -0.9863 0.1623 -0.0281
vn -0.7570 0.4192 -0.5012
vn -0.7385 0.4000 -0.5429
vn -0.7294 0.4026 -0.5531
vn -0.7469 0.4205 -0.5152
vn -0.4137 0.9059 -0.0903
vn -0.4842 0.8564 -0.1791
vn 0.3661 0.8740 0.3196
vn 0.3635 0.8555 0.3689
vn 0.9006 0.0467 0.4321
vn 0.8794 0.1088 0.4636
vn 0.8055 -0.5040 0.3118
vn 0.8304 -0.4968 0.2521
vn 0.8249 -0.5138 0.2356
vn 0.7888 -0.5398 0.2940
vn 0.3073 -0.9479 0.0842
vn 0.4393 -0.8957 -0.0687
vn -0.5104 -0.8540 -0.1008
vn -0.3264 -0.8264 -0.4589
vn -0.9211 -0.1697 -0.3504
vn -0.8038 -0.1176 -0.5831
vn -0.8305 0.4507 -0.3273
vn -0.7564 0.4851 -0.4388
vn -0.7525 0.5149 -0.4108
vn -0.8042 0.4924 -0.3329
vn -0.3681 0.9022 -0.2248
vn -0.3761 0.8098 -0.4504
vn 0.3674 0.9132 0.1764
vn 0.2351 0.9217 0.3084
vn 0.6772 0.4872 0.5514
vn 0.7227 0.2959 0.6246
vn 0.7523 -0.4211 0.5067
vn 0.7460 -0.4423 0.4979
vn 0.7463 -0.4544 0.4864
vn 0.7101 -0.5148 0.4803
vn 0.1546 -0.8781 0.4528
vn 0.3796 -0.8866 0.2642
vn -0.5811 -0.7914 0.1897
vn -0.3048 -0.9336 -0.1882
vn -0.9470 -0.2097 -0.2434
vn -0.7704 -0.3105 -0.5569
vn -0.7574 0.3644 -0.5418
vn -0.6683 0.3802 -0.6394
vn -0.6822 0.4138 -0.6027
vn -0.7241 0.4016 -0.5606
vn -0.2808 0.8690 -0.4075
vn -0.3410 0.8458 -0.4104
vn 0.4044 0.9006 0.1596
vn 0.4520 0.8872 0.0924
vn 0.8278 0.1750 0.5330
vn 0.8580 0.1898 0.4772
vn 0.7256 -0.4316 0.5359
vn 0.7419 -0.4540 0.4934
vn 0.7400 -0.4648 0.4861
vn 0.6963 -0.4885 0.5258
vn 0.1699 -0.8847 0.4341
vn 0.3260 -0.8957 0.3023
vn -0.5812 -0.8042 0.1241
vn -0.4263 -0.8892 -0.1661
vn -0.9121 -0.2238 -0.3436
vn -0.7959 -0.2079 -0.5687
vn -0.7616 0.3585 -0.5398
vn -0.6812 0.3900 -0.6196
vn -0.6790 0.4118 -0.6077
vn -0.7232 0.4124 -0.5539
vn -0.1873 0.6929 -0.6963
vn -0.2471 0.6579 -0.7114
vn 0.6563 0.6443 -0.3926
vn 0.6440 0.6913 -0.3277
vn 0.9662 0.0245 0.2568
vn 0.9612 0.0877 0.2616
vn 0.7259 -0.3893 0.5670
vn 0.7253 -0.4265 0.5404
vn 0.7232 -0.4363 0.5354
vn 0.7071 -0.4115 0.5750
vn 0.1222 -0.6718 0.7306
vn 0.2018 -0.7818 0.5900
vn -0.6799 -0.5505 0.4844
vn -0.6103 -0.7478 0.2612
vn -0.9883 -0.0667 -0.1370
vn -0.9268 -0.1828 -0.3281
vn -0.7532 0.3546 -0.5540
vn -0.6996 0.3092 -0.6441
vn -0.6996 0.3194 -0.6392
vn -0.7393 0.3588 -0.5698
vn 0.4131 -0.6982 -0.5847
vn -0.1498 -0.0938 -0.9843
vn -0.5280 0.7897 -0.3123
vn -0.6584 0.7527 -0.0027
vn -0.6585 0.7507 -0.0531
vn -0.6311 0.6235 -0.4616
vn -0.4514 0.5392 -0.7109
vn -0.3839 0.6004 -0.7015
vn -0.5408 0.3553 -0.7624
vn -0.6005 0.4971 -0.6264
vn 0.1064 -0.4219 -0.9004
vn -0.5421 0.3572 -0.7606
vn 0.5115 -0.8375 0.1922
vn 0.3651 0.8886 -0.2776
vn 0.4086 -0.1777 0.8952
vn -0.8395 0.5064 0.1970
vn -0.3353 0.4865 0.8068
vn 0.5591 -0.7974 -0.2271
vn -0.1912 -0.5130 -0.8368
vn -0.0534 -0.4196 -0.9061
vn 0.5371 -0.8285 -0.1583
vn 0.4391 -0.8978 -0.0333
vn -0.5987 0.7970 -0.0795
vn -0.5745 0.8134 -0.0910
vn -0.6080 0.5449 -0.5774
vn -0.6925 0.5273 -0.4923
vn -0.5939 0.2268 -0.7719
vn -0.5286 0.2598 -0.8082
vn -0.5253 0.2486 -0.8138
vn -0.5997 0.2285 -0.7669
vn 0.6266 -0.6930 0.3564
vn 0.6044 -0.6316 0.4855
vn 0.3985 -0.4058 0.8225
vn 0.3820 -0.4135 0.8265
vn -0.0022 0.5329 0.8462
vn 0.0982 -0.9878 0.1211
vn -0.3379 -0.5633 -0.7540
vn -0.2051 -0.5229 -0.8273
vn 0.3129 -0.9464 0.0800
vn -0.4188 0.6973 -0.5817
vn -0.3906 0.9206 -0.0049
vn -0.4821 0.8751 -0.0424
vn -0.5500 0.6014 -0.5795
vn -0.4847 0.2930 -0.8242
vn -0.4205 0.3149 -0.8509
vn -0.4208 0.3122 -0.8517
vn -0.4702 0.2795 -0.8372
vn 0.2735 -0.7351 0.6204
vn 0.4441 -0.6699 0.5949
vn 0.5085 -0.2562 0.8221
vn 0.3060 -0.3178 0.8974
vn 0.3051 -0.3104 0.9003
vn 0.4707 -0.2097 0.8570
vn 0.0685 0.6143 0.7861
vn 0.0371 0.5394 0.8412
vn 0.5745 -0.2812 0.7686
vn 0.5863 -0.2674 0.7647
vn -0.0674 -0.2766 0.9586
vn -0.0257 -0.3598 0.9327
vn 0.6531 -0.4779 0.5875
vn 0.9202 -0.3637 -0.1446
vn 0.5393 -0.1176 -0.8339
vn -0.0697 0.1022 -0.9923
vn -0.0776 0.1240 -0.9892
vn -0.6751 0.3516 -0.6486
vn -0.9323 0.3613 -0.0187
vn -0.6575 0.0160 0.7533
vn -0.0137 -0.3417 0.9397
vn 0.7489 -0.2418 0.6170
vn 0.9990 -0.0444 -0.0098
vn 0.7015 0.1079 -0.7044
vn -0.0146 0.2010 -0.9795
vn -0.0806 0.1901 -0.9785
vn -0.7078 0.4049 -0.5788
vn -0.8725 0.4876 0.0321
vn -0.6750 0.1364 0.7251
vn 0.0356 -0.2713 0.9618
vn 0.5572 0.2854 0.7797
vn 0.6816 0.1431 0.7176
vn 0.9176 0.3808 0.1136
vn 0.8459 0.5211 0.1140
vn 0.6619 0.4222 -0.6193
vn 0.5469 0.5252 -0.6520
vn 0.0023 0.1718 -0.9851
vn -0.0371 0.2243 -0.9738
vn -0.0786 0.1922 -0.9782
vn -0.0836 0.1822 -0.9797
vn -0.7458 0.0470 -0.6645
vn -0.6088 -0.3623 -0.7058
vn -0.9946 -0.0419 -0.0953
vn -0.6947 -0.6745 -0.2499
vn -0.6724 -0.0794 0.7360
vn -0.6140 -0.5296 0.5852
vn 0.0326 -0.1133 0.9930
vn -0.0603 -0.0841 0.9946
vn 0.5029 0.1904 0.8431
vn 0.5283 0.2501 0.8114
vn 0.8417 0.5282 0.1115
vn 0.8405 0.5224 0.1433
vn 0.5325 0.4925 -0.6884
vn 0.5564 0.4366 -0.7070
vn 0.0021 0.1719 -0.9851
vn 0.0684 0.1001 -0.9926
vn 0.0646 0.0944 -0.9934
vn -0.0116 0.1541 -0.9880
vn -0.4449 -0.4262 -0.7877
vn -0.3555 -0.3773 -0.8551
vn -0.5855 -0.7631 -0.2736
vn -0.5741 -0.7724 -0.2717
vn -0.4755 -0.6226 0.6215
vn -0.3765 -0.6415 0.6684
vn -0.0349 -0.1529 0.9876
vn 0.0205 -0.2220 0.9748
vn 0.4980 0.1561 0.8530
vn 0.7927 0.5759 0.1998
vn 0.5472 0.4963 -0.6740
vn 0.0341 0.1357 -0.9902
vn 0.0340 0.1395 -0.9896
vn -0.4459 -0.2605 -0.8564
vn -0.6883 -0.6300 -0.3597
vn -0.3919 -0.6960 0.6017
vn 0.0845 -0.2944 0.9519
vn 0.4811 0.1131 0.8694
vn 0.7256 0.6084 0.3216
vn 0.5281 0.6497 -0.5468
vn 0.0399 0.2468 -0.9682
vn 0.0355 0.2625 -0.9643
vn -0.5102 -0.2389 -0.8262
vn -0.7563 -0.5616 -0.3355
vn -0.4347 -0.6529 0.6203
vn 0.0715 -0.3353 0.9394
vn 0.4002 0.1757 0.8994
vn 0.5986 0.6612 0.4521
vn 0.5214 0.7748 -0.3576
vn 0.0392 0.3495 -0.9361
vn 0.0800 0.4188 -0.9045
vn -0.4597 -0.3375 -0.8215
vn -0.6491 -0.6316 -0.4241
vn -0.4232 -0.7627 0.4890
vn 0.0336 -0.2894 0.9566
vn -0.7051 0.0040 -0.7091
vn -0.0647 0.3509 -0.9342
vn -0.0265 0.3328 -0.9426
vn -0.6808 -0.0048 -0.7324
vn -0.9118 -0.3614 -0.1952
vn -0.9115 -0.3700 -0.1795
vn -0.7451 -0.5788 0.3312
vn -0.7212 -0.6168 0.3154
vn -0.7172 -0.6198 0.3186
vn -0.7658 -0.5467 0.3387
vn -0.4558 -0.6372 0.6214
vn -0.4113 -0.7067 0.5757
vn 0.6109 -0.4509 0.6507
vn 0.1193 -0.6686 0.7340
vn 0.0432 -0.6097 0.7915
vn 0.5452 -0.4095 0.7315
vn 0.9693 0.2122 -0.1245
vn 0.9276 -0.1301 0.3503
vn 0.8832 -0.1036 0.4574
vn 0.9653 0.2481 -0.0809
vn 0.7904 0.3868 -0.4751
vn 0.7877 0.3867 -0.4796
vn 0.7873 0.3887 -0.4786
vn 0.7957 0.4021 -0.4529
vn 0.4969 0.4332 -0.7519
vn 0.4831 0.4487 -0.7518
vn -0.7521 0.1049 -0.6506
vn -0.1159 0.4396 -0.8907
vn -0.9475 -0.2813 -0.1520
vn -0.7432 -0.5751 0.3419
vn -0.7394 -0.5802 0.3417
vn -0.4064 -0.6921 0.5966
vn 0.6360 -0.4675 0.6140
vn 0.1526 -0.6702 0.7264
vn 0.9736 0.1912 -0.1250
vn 0.9291 -0.1724 0.3272
vn 0.7879 0.4002 -0.4680
vn 0.7867 0.3994 -0.4708
vn 0.4570 0.5018 -0.7344
vn -0.7833 0.1921 -0.5912
vn -0.1220 0.5207 -0.8450
vn -0.9661 -0.2436 -0.0854
vn -0.7389 -0.5577 0.3781
vn -0.7313 -0.5675 0.3783
vn -0.3808 -0.6826 0.6237
vn 0.6423 -0.4574 0.6150
vn 0.1796 -0.6523 0.7363
vn 0.9795 0.1718 -0.1056
vn 0.9234 -0.1813 0.3383
vn 0.8056 0.3919 -0.4443
vn 0.7984 0.4037 -0.4467
vn 0.4665 0.5390 -0.7013
vn 0.2170 0.3751 0.9012
vn 0.4561 0.1186 0.8820
vn -0.3829 0.9019 -0.1997
vn -0.7090 0.7050 0.0160
vn -0.9315 0.3430 0.1213
vn -0.5496 -0.6649 0.5058
vn -0.8507 -0.4126 0.3256
vn -0.6231 -0.6493 0.4361
vn -0.6837 -0.5746 0.4499
vn -0.7505 -0.4978 0.4347
vn -0.3777 -0.5163 0.7686
vn -0.3692 -0.3800 0.8481
vn 0.4472 0.1828 0.8755
vn 0.1079 -0.0683 0.9918
vn 0.1769 -0.3451 0.9218
vn 0.5698 -0.1106 0.8143
vn 0.8630 0.4966 0.0927
vn 0.7039 0.3675 0.6078
vn 0.8385 0.0936 0.5368
vn 0.9562 0.2926 -0.0009
vn 0.8177 0.3973 -0.4165
vn 0.7958 0.4377 -0.4185
vn 0.7383 0.4767 -0.4771
vn 0.7516 0.4297 -0.5005
vn 0.1724 0.8511 -0.4958
vn 0.1149 0.8526 -0.5097
vn -0.0715 -0.8713 -0.4856
vn 0.4228 -0.4419 -0.7912
vn 0.7308 -0.5831 -0.3549
vn 0.3621 -0.9321 -0.0029
vn -0.2004 -0.9724 0.1198
vn -0.4183 -0.9082 0.0138
vn -0.6497 -0.5564 0.5180
vn -0.6114 -0.5807 0.5375
vn -0.6002 -0.5698 0.5613
vn -0.6717 -0.5404 0.5068
vn -0.5087 -0.1935 0.8389
vn -0.5554 -0.1647 0.8151
vn 0.0421 0.6958 0.7170
vn -0.2844 0.3678 0.8854
vn -0.1637 0.2604 0.9515
vn 0.1903 0.5603 0.8061
vn 0.6602 0.7479 -0.0690
vn 0.3543 0.8364 0.4181
vn 0.4816 0.7184 0.5019
vn 0.7156 0.6985 0.0017
vn 0.7297 0.5062 -0.4596
vn 0.7536 0.4745 -0.4549
vn 0.7534 0.4692 -0.4607
vn 0.7294 0.4826 -0.4849
vn 0.7757 -0.0585 -0.6284
vn 0.7041 0.0784 -0.7058
vn -0.0522 -0.8595 -0.5084
vn 0.3935 -0.4203 -0.8176
vn -0.3642 -0.9309 0.0284
vn -0.5079 -0.6297 0.5878
vn -0.5129 -0.5870 0.6264
vn -0.5006 -0.1486 0.8528
vn -0.0179 0.7414 0.6708
vn -0.2854 0.4114 0.8656
vn 0.5846 0.8029 -0.1167
vn 0.2681 0.8872 0.3756
vn 0.6994 0.5186 -0.4919
vn 0.7053 0.5131 -0.4892
vn 0.6614 0.1123 -0.7416
vn 0.0815 -0.8654 -0.4945
vn 0.4049 -0.4278 -0.8081
vn -0.3210 -0.9464 0.0347
vn -0.4511 -0.6810 0.5768
vn -0.4496 -0.6020 0.6599
vn -0.4788 -0.1290 0.8684
vn -0.0181 0.7644 0.6445
vn -0.2530 0.4412 0.8610
vn 0.4908 0.8516 -0.1840
vn 0.2067 0.9226 0.3259
vn 0.6206 0.5592 -0.5497
vn 0.6243 0.5574 -0.5473
vn 0.6196 0.1442 -0.7715
vn 0.2451 -0.7169 -0.6527
vn 0.5845 -0.2574 -0.7695
vn 0.4732 -0.3922 -0.7888
vn 0.2442 -0.8087 -0.5351
vn -0.4149 -0.9097 0.0175
vn -0.4615 -0.8647 -0.1984
vn -0.4532 -0.7372 0.5012
vn -0.5189 -0.7567 0.3976
vn -0.7706 -0.1295 0.6240
vn -0.4616 -0.5670 0.6822
vn -0.5282 -0.1048 0.8427
vn -0.4569 0.0115 0.8894
vn -0.1481 0.9490 0.2784
vn -0.3051 0.6868 0.6597
vn -0.1934 0.4316 0.8811
vn 0.0099 0.8084 0.5886
vn 0.0334 0.9465 -0.3209
vn -0.1504 0.9886 0.0062
vn 0.1140 0.9647 0.2373
vn 0.3498 0.9119 -0.2149
vn 0.4822 0.7252 -0.4915
vn 0.5803 0.6124 -0.5369
vn 0.6418 0.1894 -0.7431
vn 0.6913 0.2874 -0.6629
vn -0.3067 0.7197 -0.6229
vn -0.7955 0.5342 -0.2862
vn -0.9891 -0.1183 -0.0878
vn -0.7722 -0.5078 0.3818
vn -0.7447 -0.5326 0.4022
vn -0.4102 -0.5784 0.7051
vn 0.1506 -0.4620 0.8740
vn 0.6013 -0.2436 0.7609
vn 0.8895 -0.0302 0.4560
vn 0.9761 0.2001 -0.0846
vn 0.8312 0.3559 -0.4271
vn 0.7958 0.3805 -0.4711
vn 0.3531 0.5997 -0.7181
vn 0.4617 0.0633 -0.8848
vn 0.8444 0.0175 -0.5354
vn 0.7731 0.0294 -0.6336
vn 0.3531 0.0369 -0.9348
vn 0.6790 -0.7337 0.0258
vn 0.5588 -0.8109 0.1737
vn 0.2779 -0.9467 -0.1629
vn 0.1789 -0.9758 -0.1255
vn 0.8846 -0.4641 -0.0461
vn 0.9248 -0.3795 0.0276
vn 0.8980 -0.4394 0.0234
vn 0.9552 -0.2795 0.0974
vn 0.9593 0.0201 -0.2818
vn 0.9762 -0.0965 -0.1944
vn 0.5472 0.1967 -0.8136
vn 0.8597 0.0089 -0.5107
vn 0.8432 -0.4198 0.3358
vn 0.6074 -0.4960 0.6205
vn 0.9434 -0.3280 0.0488
vn 0.9356 -0.3417 0.0882
vn 0.9693 -0.1695 -0.1779
vn 0.5763 0.2838 -0.7664
vn 0.8790 0.0620 -0.4727
vn 0.8517 -0.2421 0.4648
vn 0.6156 -0.2023 0.7617
vn 0.9659 -0.1919 0.1737
vn 0.9630 -0.2030 0.1773
vn 0.9825 -0.1235 -0.1395
vn 0.6088 0.3331 -0.7200
vn 0.8938 0.0734 -0.4424
vn 0.8349 -0.2517 0.4895
vn 0.5818 -0.2464 0.7751
vn 0.9802 -0.1102 0.1643
vn 0.9718 -0.1366 0.1920
vn 0.9935 -0.0793 -0.0814
vn 0.6089 0.3259 -0.7232
vn 0.8993 0.0719 -0.4315
vn 0.8350 -0.2108 0.5083
vn 0.5812 -0.3713 0.7241
vn 0.9901 -0.0144 0.1396
vn 0.9277 -0.0390 0.3714
vn 0.9941 -0.1004 0.0405
vn 0.5706 0.3844 -0.7257
vn 0.7934 0.2474 -0.5562
vn 0.8668 -0.0938 0.4897
vn 0.6036 -0.2193 0.7665
vn 0.9793 0.1742 0.1035
vn 0.8242 -0.0478 0.5643
vn 0.9594 0.0360 -0.2798
vn 0.4507 0.5559 -0.6984
vn 0.6900 0.3559 -0.6303
vn 0.7782 -0.0921 0.6212
vn 0.6024 -0.1236 0.7886
vn 0.8778 -0.1002 0.4684
vn 0.9468 0.1033 0.3049
vn 0.9734 -0.0765 0.2159
vn 0.1687 -0.6478 -0.7429
vn 0.4265 0.0107 0.9044
vn 0.3675 0.1987 0.9086
vn 0.6279 -0.0749 0.7747
vn 0.0971 0.0498 -0.9940
vn 0.2494 0.8401 -0.4817
vn 0.4098 0.8845 -0.2230
vn 0.5430 0.6674 -0.5096
vn 0.3976 0.6329 -0.6643
vn 0.4117 0.2219 0.8839
vn 0.2097 0.1641 0.9639
vn 0.3164 0.0654 0.9464
vn 0.7285 -0.1212 0.6742
vn 0.1396 0.9535 -0.2670
vn 0.2305 0.9694 -0.0844
vn 0.2744 0.4846 0.8306
vn -0.0483 0.2224 0.9738
vn 0.5432 0.6267 0.5588
vn 0.3803 0.7151 0.5865
vn 0.3326 0.6237 0.7073
vn 0.2143 0.4755 0.8532
vn 0.3832 0.9166 0.1138
vn 0.2912 0.9362 0.1968
vn 0.2665 0.8976 -0.3511
vn 0.3802 0.9180 -0.1125
vn 0.0292 0.4378 0.8986
vn -0.2122 0.1139 0.9706
vn 0.2760 0.5948 0.7550
vn 0.2228 0.8088 0.5443
vn 0.3574 0.9204 0.1588
vn 0.2510 -0.2256 -0.9413
vn 0.7707 0.0228 -0.6368
vn 0.6221 -0.1244 -0.7729
vn 0.1627 -0.4904 -0.8562
vn -0.0395 0.4190 -0.9071
vn -0.0421 -0.2766 -0.9601
vn -0.3141 -0.2567 -0.9140
vn 0.0116 -0.5691 -0.8222
vn -0.1171 0.3552 -0.9274
vn -0.6385 0.5714 -0.5156
vn -0.7170 0.0576 -0.6947
vn -0.4439 -0.3636 -0.8190
vn -0.6347 0.5665 -0.5256
vn -0.5754 0.6569 -0.4872
vn 0.4814 0.8087 -0.3380
vn 0.1176 0.8846 -0.4514
vn 0.8072 0.2557 -0.5319
vn 0.9375 0.2205 -0.2692
vn 0.4745 -0.0998 0.8746
vn 0.5482 0.4499 -0.7050
vn 0.3807 0.5421 -0.7491
vn 0.2586 0.3053 0.9165
vn 0.4113 0.8727 0.2632
vn 0.4080 -0.4692 0.7832
vn 0.5811 0.4100 0.7030
vn 0.8875 -0.4361 0.1490
vn 0.6182 0.4065 0.6728
vn -0.2254 -0.6614 -0.7154
vn -0.3247 0.6753 -0.6622
vn -0.2944 -0.6018 -0.7424
vn 0.2194 0.7740 -0.5940
vn 0.1038 0.8835 -0.4568
vn 0.0087 0.8938 -0.4484
vn 0.5313 0.8351 0.1426
vn 0.5262 0.6641 -0.5311
vn 0.3190 0.8464 -0.4264
vn 0.1818 0.1738 -0.9679
vn -0.4779 0.0782 -0.8749
vn -0.5525 -0.0761 -0.8300
vn 0.0631 0.1229 -0.9904
vn -0.4822 0.0917 -0.8712
vn -0.8893 0.0207 -0.4569
vn -0.9560 -0.1303 -0.2628
vn -0.5947 -0.0589 -0.8018
vn -0.9927 0.0111 0.1205
vn -0.9420 -0.0180 0.3350
vn 0.8505 0.2151 -0.4800
vn 0.6291 0.2382 -0.7399
vn 0.5684 0.2515 -0.7834
vn 0.8261 0.2615 -0.4991
vn -0.9509 0.1941 0.2412
vn -0.8562 0.2280 0.4637
vn -0.6993 0.6275 0.3424
vn -0.8574 0.4249 0.2904
vn 0.2877 0.3553 0.8894
vn 0.1377 0.8905 0.4337
vn -0.1238 0.8829 0.4530
vn -0.2522 0.3282 0.9103
vn 0.9606 0.2760 0.0312
vn 0.7397 0.6729 -0.0135
vn 0.5311 0.8286 0.1768
vn 0.8756 0.2901 0.3862
vn -0.4180 -0.2384 -0.8766
vn 0.2270 -0.3668 -0.9022
vn -0.7793 -0.4565 -0.4293
vn -0.4180 -0.2342 -0.8778
vn -0.8250 -0.5626 0.0542
vn -0.5492 -0.8228 0.1465
vn -0.5350 -0.7910 0.2968
vn 0.2801 -0.5186 0.8079
vn -0.2279 -0.5874 0.7765
vn 0.6380 -0.7699 0.0137
vn 0.7236 -0.6266 0.2894
vn 0.5594 -0.5436 -0.6258
vn 0.7036 -0.5926 -0.3920
vn 0.4566 0.5476 -0.7012
vn 0.7364 0.5331 -0.4166
vn 0.7369 0.5056 -0.4487
vn 0.8960 0.4431 0.0303
vn 0.7657 0.2500 0.5927
vn 0.4197 0.0338 0.9071
vn -0.1430 -0.2170 0.9656
vn -0.6256 -0.3327 0.7056
vn -0.8708 -0.3468 0.3485
vn -0.8544 -0.3533 0.3810
vn -0.9420 -0.2024 -0.2677
vn -0.6070 0.1361 -0.7830
vn 0.0106 0.4348 -0.9005
vn -0.7096 0.4678 0.5269
vn -0.6956 0.2046 0.6887
vn -0.8541 0.1269 0.5044
vn -0.9279 0.1234 0.3519
vn 0.1046 0.8328 0.5435
vn 0.3180 0.4172 0.8514
vn -0.2029 0.3387 0.9187
vn -0.2086 0.8022 0.5594
vn 0.7748 0.6132 0.1539
vn 0.9472 0.3205 -0.0085
vn 0.7348 0.3911 0.5541
vn 0.3880 0.8257 0.4095
vn 0.9250 0.3174 -0.2089
vn 0.9480 0.1973 -0.2496
vn -0.5926 -0.7806 0.1988
vn 0.6025 -0.7757 -0.1877
vn -0.5412 0.7633 0.3528
vn 0.0416 0.9720 0.2313
vn -0.0888 0.9608 0.2627
vn 0.5386 0.8382 0.0862
vn 0.1867 0.9619 0.1995
vn 0.8317 0.5514 -0.0648
vn 0.9531 0.2307 -0.1959
vn 0.5824 -0.8008 -0.1399
vn -0.3886 0.8249 0.4105
vn 0.3279 0.8865 0.3265
vn 0.0159 -0.9996 -0.0233
vn -0.5357 -0.7888 0.3014
vn -0.5272 -0.8383 0.1393
vn 0.0284 -0.9995 -0.0114
vn -0.5461 -0.8179 0.1809
vn 0.0420 -0.9990 -0.0160
vn -0.8016 -0.5965 0.0396
vn 0.0501 -0.9987 -0.0045
vn -0.7818 -0.4481 -0.4336
vn 0.0538 -0.9985 -0.0023
vn -0.4204 -0.2024 -0.8845
vn 0.0086 -0.9989 -0.0453
vn 0.2787 -0.5272 0.8027
vn -0.2269 -0.5946 0.7713
vn -0.4009 -0.6768 0.6174
vn 0.2236 -0.3403 -0.9134
vn 0.5727 -0.5188 -0.6347
vn 0.7141 -0.5742 -0.4005
vn 0.6195 -0.7625 -0.1865
vn 0.5867 -0.7976 -0.1397
vn 0.6369 -0.7707 0.0170
vn 0.6615 -0.5713 0.4859
vn 0.7192 -0.6326 0.2873
vn 0.7309 0.3245 0.6005
vn 0.6653 -0.5638 0.4894
vn -0.5263 0.2750 0.8046
vn -0.4039 -0.6723 0.6204
vn 0.4030 -0.8571 0.3208
vn -0.0121 -0.8592 0.5115
vn -0.0520 -0.9802 -0.1912
vn 0.1935 -0.9339 -0.3006
vn 0.3978 -0.4399 0.8051
vn 0.0347 -0.3766 0.9257
vn 0.4114 -0.1873 0.8920
vn 0.1117 -0.1891 0.9756
vn 0.3849 -0.1880 0.9036
vn 0.0694 -0.1641 0.9840
vn 0.2605 -0.4215 0.8686
vn -0.0218 -0.3645 0.9309
vn 0.1811 -0.2901 0.9397
vn -0.1371 -0.2431 0.9603
vn 0.1354 -0.1242 0.9830
vn -0.2280 -0.0650 0.9715
vn -0.1391 0.2509 0.9580
vn -0.3251 0.2690 0.9066
vn -0.3258 0.1366 0.9355
vn -0.0909 0.1409 0.9858
vn -0.1956 0.1723 0.9654
vn -0.3000 0.1656 0.9395
vn -0.2806 0.0821 0.9563
vn -0.4624 0.0289 0.8862
vn -0.2865 -0.1232 0.9501
vn 0.0366 -0.0893 0.9953
vn -0.0057 -0.8606 -0.5092
vn -0.7633 0.3740 -0.5267
vn 0.3472 -0.6338 -0.6912
vn -0.7091 0.0796 0.7006
vn 0.8317 0.4565 -0.3161
vn 0.8733 0.4819 0.0712
vn 0.7157 0.3104 0.6257
vn 0.3540 0.2340 0.9055
vn 0.0230 0.2092 0.9776
vn -0.3653 0.1332 0.9213
vn -0.5340 0.1006 0.8394
vn -0.4875 0.2446 0.8381
vn -0.3717 0.2137 0.9034
vn -0.2902 0.1792 0.9400
vn 0.1513 0.2857 0.9463
vn 0.5367 0.3851 0.7507
vn 0.7983 0.5417 0.2630
vn 0.6873 0.6851 -0.2415
vn 0.4695 0.6882 -0.5531
vn 0.2948 0.9424 0.1579
vn 0.3523 0.8300 -0.4323
vn 0.0950 0.4742 -0.8753
vn 0.1728 0.5067 -0.8446
vn -0.3546 -0.4255 -0.8326
vn -0.3830 -0.8477 -0.3671
vn -0.2578 -0.6635 0.7023
vn 0.0074 -0.2777 0.9606
vn 0.0410 0.4436 0.8953
vn -0.0618 0.3715 -0.9264
vn -0.1104 0.3589 -0.9268
vn -0.7657 0.0832 -0.6377
vn -0.7518 0.0972 -0.6522
vn -0.9516 -0.2718 -0.1435
vn -0.7378 -0.5575 0.3807
vn -0.7207 -0.5838 0.3739
vn -0.4163 -0.6288 0.6567
vn 0.1429 -0.5420 0.8281
vn 0.6163 -0.3390 0.7108
vn 0.9089 -0.1118 0.4018
vn 0.9818 0.1424 -0.1258
vn 0.8307 0.2552 -0.4949
vn 0.8175 0.2481 -0.5198
vn 0.7996 0.2801 -0.5312
vn 0.8161 0.2703 -0.5107
vn 0.4783 0.3699 -0.7965
vn 0.5126 0.3722 -0.7738
vn 0.3116 0.8452 0.4341
vn 0.2427 0.8221 0.5151
vn 0.2161 0.7919 0.5711
vn -0.1910 0.8303 0.5235
vn -0.1784 0.8469 0.5010
vn -0.1728 0.8560 0.4872
vn -0.7852 0.6084 -0.1153
vn -0.7395 0.6058 -0.2934
vn -0.5409 0.7668 0.3456
vn -0.4574 0.7930 0.4025
vn -0.3620 0.7487 0.5553
vn -0.3717 0.7505 0.5464
vn -0.3323 0.7157 0.6143
vn -0.3420 0.6855 0.6428
vn 0.6317 0.5984 -0.4929
vn 0.6323 0.5966 -0.4942
vn 0.6312 0.5996 -0.4919
vn 0.6897 0.5782 -0.4359
vn 0.6897 0.5780 -0.4360
vn 0.6896 0.5786 -0.4356
vn -0.1467 0.9752 0.1660
vn -0.1525 0.9729 0.1739
vn -0.2532 0.9617 0.1053
vn -0.2604 0.9595 0.1069
vn -0.2622 0.9650 -0.0052
vn -0.2614 0.9652 -0.0050
vn -0.2608 0.9654 -0.0049
vn -0.2565 0.9665 -0.0080
vn -0.2586 0.9659 -0.0084
vn -0.2598 0.9656 -0.0088
vn 0.0334 0.9968 -0.0728
vn -0.3210 0.9354 0.1485
vn -0.3249 0.9360 0.1352
vn -0.3248 0.9361 0.1352
vn -0.2167 0.9732 0.0764
vn -0.3594 0.6232 0.6946
vn -0.3943 0.5069 0.7665
vn -0.4234 0.5359 0.7305
vn -0.4293 0.5975 0.6773
vn -0.6219 -0.1915 0.7593
vn -0.6129 -0.1090 0.7826
vn -0.5973 -0.0398 0.8010
vn 0.0845 -0.1247 0.9886
vn 0.1016 -0.2310 0.9676
vn 0.0786 -0.3170 0.9451
vn -0.0582 0.7690 0.6366
vn -0.0600 0.7678 0.6378
vn -0.2211 0.6811 0.6980
vn -0.2160 0.6843 0.6965
vn -0.0510 0.8563 0.5140
vn -0.0546 0.8579 0.5109
vn -0.1724 0.8905 0.4211
vn -0.1792 0.8887 0.4221
vn -0.2230 0.8590 0.4608
vn -0.2248 0.8569 0.4639
vn -0.1533 0.8780 0.4534
vn -0.1521 0.8795 0.4510
vn -0.2336 0.8226 0.5184
vn -0.2315 0.8230 0.5187
vn -0.2418 0.8230 0.5141
vn -0.2414 0.8228 0.5145
vn -0.2874 0.8123 0.5076
vn -0.2951 0.8121 0.5034
vn -0.2268 0.8222 0.5221
vn -0.2254 0.8240 0.5198
vn -0.3397 0.7606 0.5533
vn -0.3466 0.7569 0.5540
vn -0.3448 0.6971 0.6286
vn -0.3520 0.6930 0.6291
vn -0.3588 0.7623 0.5386
vn -0.3545 0.7670 0.5349
vn -0.6685 -0.6718 0.3190
vn -0.6796 -0.6627 0.3147
vn -0.6150 -0.7466 0.2539
vn -0.4935 0.6343 0.5951
vn -0.6023 -0.7640 0.2314
vn -0.5324 -0.8365 0.1300
vn -0.5211 -0.8429 0.1337
vn -0.4907 -0.8555 0.1656
vn -0.2853 -0.8126 0.5083
vn -0.4538 -0.8729 0.1795
vn -0.4617 -0.8812 0.1017
vn -0.4735 -0.8745 0.1052
vn -0.4309 -0.8893 0.1531
vn 0.2846 -0.7324 -0.6185
vn -0.4036 -0.9009 0.1598
vn -0.3824 -0.9240 0.0058
vn -0.3831 -0.9237 0.0099
vn -0.2892 -0.9563 0.0423
vn 0.8191 0.2631 0.5098
vn -0.2866 -0.9567 0.0508
vn -0.7667 0.5312 0.3605
vn -0.7570 0.5327 0.3784
vn -0.8789 0.4762 0.0271
vn -0.8772 0.4792 0.0291
vn -0.5560 0.4000 -0.7286
vn -0.5466 0.3966 -0.7375
vn -0.7833 0.4374 -0.4417
vn -0.7539 0.4849 -0.4432
vn -0.6829 0.4022 -0.6098
vn -0.6768 0.4094 -0.6118
vn -0.8586 0.3879 -0.3351
vn -0.8586 0.3796 -0.3446
vn -0.6508 0.4336 -0.6233
vn -0.6555 0.4367 -0.6161
vn -0.2286 0.9688 -0.0955
vn -0.2167 0.9712 -0.0992
vn -0.4215 0.9045 -0.0648
vn -0.3841 0.9215 -0.0580
vn -0.8823 0.3292 -0.3362
vn -0.9266 0.3241 -0.1906
vn -0.9279 0.3203 -0.1908
vn -0.9132 0.3300 -0.2392
vn 0.3370 0.8904 0.3059
vn 0.4503 0.8587 0.2446
vn 0.3781 0.9074 0.1832
vn 0.3067 0.9052 0.2944
vn 0.3861 0.8449 0.3702
vn 0.5930 0.7745 0.2202
vn 0.3736 0.9159 0.1469
vn 0.2905 0.9151 0.2797
vn -0.4498 -0.8930 0.0179
vn -0.4522 -0.8914 0.0297
vn 0.2939 0.9149 0.2769
vn -0.2420 -0.0027 -0.9703
vn -0.5813 -0.0064 -0.8136
vn 0.9783 -0.1867 -0.0897
vn -0.3499 0.0413 -0.9359
vn -0.4039 0.0476 -0.9136
vn 0.7882 0.3359 -0.5156
vn 0.9716 -0.2211 -0.0849
vn 0.9715 -0.2211 -0.0850
vn 0.9736 -0.2096 -0.0903
vn 0.9730 -0.2114 -0.0923
vn 0.9726 -0.2128 -0.0937
vn -0.1865 -0.9251 0.3308
vn -0.2315 -0.9166 0.3261
vn -0.6037 0.1665 0.7796
vn -0.9783 0.1867 0.0897
vn -0.9783 0.1868 0.0897
vn -0.8602 -0.4311 0.2724
vn -0.8610 -0.4329 0.2669
vn -0.8519 -0.4484 0.2706
vn -0.8489 -0.4470 0.2821
vn 0.3624 -0.0427 0.9311
vn 0.3794 -0.0447 0.9242
vn -0.9706 0.2227 0.0917
vn -0.4938 0.2261 0.8397
vn -0.9707 0.2226 0.0907
vn -0.9743 0.2080 0.0867
vn -0.9741 0.2080 0.0888
vn -0.9739 0.2081 0.0906
vn -0.4554 -0.7095 0.5378
vn 0.8942 0.4436 0.0596
vn 0.1141 0.9462 -0.3030
vn 0.9764 0.0837 0.1989
vn 0.9241 -0.2552 0.2845
vn 0.8903 -0.4021 0.2137
vn 0.9735 -0.1736 -0.1491
vn -0.3080 -0.9484 0.0757
vn 0.8328 -0.4071 0.3752
vn 0.6737 -0.3433 -0.6544
vn 0.2151 -0.7384 0.6391
vn -0.1997 -0.7198 -0.6648
vn 0.6066 0.5526 -0.5716
vn 0.3804 0.6622 -0.6456
vn -0.0776 -0.0420 0.9961
vn -0.0138 -0.3662 0.9304
vn 0.4992 -0.2771 0.8210
vn 0.3907 0.0520 0.9190
vn -0.1475 0.1951 0.9696
vn 0.3253 0.1901 0.9263
vn -0.2856 0.2771 0.9174
vn 0.2482 0.1806 0.9517
vn -0.3312 0.6962 0.6369
vn -0.4191 0.3006 0.8567
vn 0.0580 0.2462 0.9675
vn 0.0960 0.6476 0.7559
vn -0.1852 0.9485 0.2569
vn 0.2590 0.8750 0.4089
vn -0.0588 0.9810 -0.1849
vn 0.2818 0.9561 -0.0799
vn -0.0177 0.9091 -0.4162
vn 0.3260 0.8907 -0.3169
vn 0.1323 0.6833 -0.7181
vn 0.4654 0.5939 -0.6563
vn 0.1246 0.5904 -0.7975
vn 0.5849 0.4537 -0.6723
vn 0.1943 0.4290 -0.8822
vn 0.6588 0.3732 -0.6532
vn -0.5916 -0.6250 0.5094
vn -0.1800 -0.6351 0.7512
vn -0.5871 -0.5472 0.5965
vn -0.1129 -0.6602 0.7426
vn -0.0875 -0.5799 0.8100
vn -0.6033 -0.5951 0.5309
vn -0.0088 -0.7085 0.7057
vn -0.3420 -0.8839 0.3189
vn 0.0796 -0.9224 0.3780
vn -0.3531 -0.9349 0.0349
vn 0.0598 -0.9851 0.1615
vn -0.3110 -0.8904 -0.3324
vn 0.1979 -0.9422 -0.2704
vn -0.2627 -0.6100 -0.7476
vn 0.3759 -0.6869 -0.6220
vn -0.2260 -0.2403 -0.9440
vn 0.4344 -0.2821 -0.8554
vn -0.3888 -0.1464 -0.9096
vn -0.3353 -0.2104 -0.9183
vn 0.3057 -0.2722 -0.9124
vn 0.1929 -0.2347 -0.9527
vn -0.4947 -0.0053 -0.8691
vn 0.1165 0.0047 -0.9932
vn -0.4490 -0.0281 -0.8931
vn -0.0180 0.1215 -0.9924
vn 0.0444 0.0854 -0.9954
vn 0.0959 0.0080 -0.9954
vn 0.2370 -0.2363 -0.9424
vn 0.3188 -0.2755 -0.9069
vn 0.5447 -0.2903 -0.7868
vn 0.5026 -0.6693 -0.5472
vn 0.3356 -0.9164 -0.2181
vn 0.1993 -0.9614 0.1899
vn 0.1913 -0.8938 0.4057
vn 0.0292 -0.6979 0.7156
vn -0.1424 -0.5866 0.7972
vn -0.9564 -0.2555 0.1414
vn -0.6820 -0.3423 0.6463
vn -0.7474 -0.0006 0.6644
vn -0.9620 0.1131 0.2485
vn -0.5775 0.1875 0.7946
vn -0.9059 0.2232 0.3599
vn -0.4360 0.2700 0.8585
vn -0.8681 0.1802 0.4626
vn -0.7431 0.2868 0.6046
vn -0.2726 0.3029 0.9132
vn -0.2354 0.7108 0.6628
vn -0.6154 0.6420 0.4573
vn 0.0109 0.9614 0.2750
vn -0.3970 0.9039 0.1591
vn 0.1827 0.9767 -0.1129
vn -0.1913 0.9483 -0.2531
vn 0.2967 0.9028 -0.3114
vn -0.1115 0.8929 -0.4363
vn 0.4194 0.6832 -0.5978
vn 0.0865 0.6972 -0.7116
vn 0.4927 0.5624 -0.6641
vn -0.0587 0.5457 -0.8359
vn 0.5339 0.4201 -0.7338
vn -0.0201 0.4034 -0.9148
vn 0.0219 -0.6253 0.7801
vn -0.4093 -0.6035 0.6843
vn -0.4594 -0.6403 0.6156
vn 0.0005 -0.5494 0.8356
vn -0.4943 -0.5705 0.6560
vn 0.0365 -0.6216 0.7825
vn -0.4905 -0.6929 0.5285
vn 0.0318 -0.8696 0.4927
vn -0.2914 -0.9210 0.2584
vn 0.2244 -0.9262 0.3029
vn -0.1337 -0.9867 0.0921
vn 0.3869 -0.9200 0.0622
vn -0.0328 -0.9264 -0.3752
vn 0.6948 -0.6460 -0.3163
vn 0.2069 -0.6782 -0.7052
vn 0.8092 -0.2513 -0.5311
vn 0.2997 -0.2784 -0.9125
vn 0.4823 -0.2561 -0.8377
vn 0.8885 -0.2178 -0.4040
vn 0.9069 -0.2219 -0.3582
vn 0.5871 -0.2467 -0.7710
vn 0.9887 -0.0219 -0.1483
vn 0.7704 -0.0490 -0.6357
vn 0.9826 -0.0317 -0.1830
vn 0.7746 0.0157 -0.6322
vn 0.7728 0.0158 -0.6345
vn 0.6812 -0.0650 -0.7292
vn 0.5438 -0.2349 -0.8057
vn 0.4191 -0.2643 -0.8686
vn 0.2321 -0.2821 -0.9309
vn 0.0878 -0.6759 -0.7317
vn -0.0945 -0.9154 -0.3912
vn -0.2241 -0.9737 0.0404
vn -0.3325 -0.9143 0.2312
vn -0.5101 -0.6893 0.5145
vn -0.3319 -0.5842 0.7406
vt 0.103610 0.001680
vt 0.102840 0.006210
vt 0.098040 0.004210
vt 0.096310 0.000960
vt 0.111410 0.009490
vt 0.106750 0.011360
vt 0.112960 0.019220
vt 0.108500 0.016760
vt 0.096440 0.000000
vt 0.103720 0.000720
vt 0.097480 0.004950
vt 0.095480 0.001530
vt 0.102230 0.006990
vt 0.105980 0.011950
vt 0.104330 0.001030
vt 0.112090 0.008790
vt 0.112320 0.019960
vt 0.107760 0.017370
vt 0.112390 0.009410
vt 0.113890 0.018990
vt 0.129060 0.002560
vt 0.131070 0.007370
vt 0.126530 0.008130
vt 0.125820 0.000830
vt 0.134350 0.015940
vt 0.136210 0.011270
vt 0.141610 0.013020
vt 0.144080 0.017480
vt 0.125570 0.008240
vt 0.124850 0.000960
vt 0.126380 0.000000
vt 0.129810 0.002000
vt 0.131840 0.006760
vt 0.136800 0.010500
vt 0.133650 0.016620
vt 0.125880 0.008850
vt 0.142230 0.012280
vt 0.144810 0.016840
vt 0.143850 0.018410
vt 0.134260 0.016910
vt 0.349350 0.060320
vt 0.337060 0.070460
vt 0.319280 0.041850
vt 0.332340 0.033140
vt 0.300210 0.014830
vt 0.316700 0.004240
vt 0.582450 0.017320
vt 0.597830 0.029480
vt 0.576200 0.054500
vt 0.564050 0.044540
vt 0.555690 0.081220
vt 0.544460 0.069930
vt 0.531350 0.107850
vt 0.521730 0.094110
vt 0.501370 0.127910
vt 0.495540 0.113030
vt 0.471450 0.138710
vt 0.469180 0.123450
vt 0.443260 0.139190
vt 0.443940 0.125280
vt 0.415240 0.135950
vt 0.419000 0.120980
vt 0.386530 0.122260
vt 0.393790 0.108020
vt 0.358670 0.099350
vt 0.369590 0.086620
vt 0.387190 0.037760
vt 0.373240 0.045970
vt 0.362340 0.023910
vt 0.378830 0.019000
vt 0.356140 0.002140
vt 0.375100 0.000000
vt 0.524750 0.007370
vt 0.543420 0.011360
vt 0.535110 0.032420
vt 0.519180 0.025910
vt 0.522090 0.053300
vt 0.509020 0.043760
vt 0.505960 0.072540
vt 0.495630 0.059910
vt 0.486380 0.086350
vt 0.479860 0.072260
vt 0.465810 0.094300
vt 0.463000 0.079580
vt 0.445420 0.095340
vt 0.446110 0.081240
vt 0.425220 0.092310
vt 0.429460 0.077930
vt 0.405530 0.082370
vt 0.413410 0.068990
vt 0.387410 0.066700
vt 0.398930 0.055150
vt 0.401290 0.031140
vt 0.395320 0.015940
vt 0.393930 0.000390
vt 0.505980 0.005900
vt 0.503060 0.021250
vt 0.495640 0.035790
vt 0.485250 0.048810
vt 0.473180 0.059150
vt 0.460120 0.065540
vt 0.446800 0.067290
vt 0.433710 0.064240
vt 0.421340 0.056600
vt 0.410350 0.045120
vt 0.415430 0.026410
vt 0.411740 0.015280
vt 0.412180 0.004170
vt 0.487440 0.007880
vt 0.486790 0.018970
vt 0.482030 0.029690
vt 0.474820 0.039330
vt 0.466390 0.047120
vt 0.457120 0.052160
vt 0.447470 0.053630
vt 0.438010 0.051220
vt 0.429280 0.045300
vt 0.421650 0.036710
vt 0.430130 0.023820
vt 0.428520 0.017520
vt 0.429610 0.011740
vt 0.469360 0.013700
vt 0.469870 0.019550
vt 0.467650 0.025660
vt 0.463860 0.031340
vt 0.459170 0.035970
vt 0.453850 0.039090
vt 0.448140 0.039950
vt 0.442550 0.038530
vt 0.437560 0.034900
vt 0.433350 0.029840
vt 0.448900 0.024630
vt 0.319430 0.091710
vt 0.300360 0.066880
vt 0.282760 0.049040
vt 0.611840 0.065240
vt 0.592560 0.081270
vt 0.571150 0.104100
vt 0.544050 0.127000
vt 0.513790 0.149590
vt 0.478110 0.163940
vt 0.441780 0.169140
vt 0.406150 0.160390
vt 0.372040 0.142620
vt 0.344150 0.117160
vt 0.001810 0.034390
vt 0.007580 0.026440
vt 0.016120 0.025730
vt 0.015410 0.030180
vt 0.003340 0.028520
vt 0.005710 0.025340
vt 0.258190 0.016210
vt 0.257050 0.009130
vt 0.260730 0.000000
vt 0.262050 0.014260
vt 0.808030 0.000000
vt 0.808810 0.003630
vt 0.807810 0.009690
vt 0.804200 0.000530
vt 0.017800 0.026380
vt 0.018010 0.021600
vt 0.019250 0.022940
vt 0.253740 0.181820
vt 0.287320 0.179180
vt 0.287300 0.187700
vt 0.015860 0.031970
vt 0.002320 0.036170
vt 0.017930 0.026460
vt 0.017080 0.030090
vt 0.000000 0.034040
vt 0.001540 0.028080
vt 0.001940 0.027340
vt 0.004130 0.024340
vt 0.736880 0.117930
vt 0.732320 0.115620
vt 0.730960 0.113330
vt 0.737260 0.117290
vt 0.246150 0.003980
vt 0.246170 0.006780
vt 0.241770 0.006700
vt 0.241710 0.003780
vt 0.745250 0.090280
vt 0.740760 0.088030
vt 0.742440 0.086930
vt 0.745220 0.088840
vt 0.749090 0.085910
vt 0.747370 0.083700
vt 0.747360 0.082440
vt 0.750350 0.086280
vt 0.744320 0.082520
vt 0.741260 0.082280
vt 0.739720 0.080840
vt 0.743040 0.080460
vt 0.739350 0.084200
vt 0.741150 0.084510
vt 0.744920 0.122010
vt 0.747840 0.117650
vt 0.754110 0.117940
vt 0.749660 0.125710
vt 0.762770 0.122200
vt 0.760750 0.106140
vt 0.777040 0.111880
vt 0.772790 0.126360
vt 0.748160 0.088910
vt 0.749090 0.090130
vt 0.236820 0.005400
vt 0.235020 0.003580
vt 0.236970 0.003410
vt 0.242050 0.000000
vt 0.246330 0.000910
vt 0.237220 0.000220
vt 0.745270 0.092510
vt 0.737130 0.088990
vt 0.750990 0.091500
vt 0.753370 0.086720
vt 0.749570 0.080190
vt 0.742040 0.076140
vt 0.736140 0.077730
vt 0.736250 0.083740
vt 0.738340 0.095390
vt 0.747390 0.099690
vt 0.758080 0.089640
vt 0.755020 0.078020
vt 0.744530 0.069460
vt 0.731650 0.080740
vt 0.732710 0.079900
vt 0.733460 0.085460
vt 0.731830 0.086150
vt 0.733350 0.090920
vt 0.731530 0.091850
vt 0.248450 0.004200
vt 0.745240 0.107460
vt 0.735650 0.099460
vt 0.733810 0.113820
vt 0.732650 0.113400
vt 0.731410 0.096820
vt 0.733020 0.096510
vt 0.732350 0.098970
vt 0.731010 0.098930
vt 0.730520 0.086990
vt 0.730500 0.081520
vt 0.730410 0.092530
vt 0.730140 0.097650
vt 0.735660 0.118480
vt 0.738480 0.119860
vt 0.734870 0.121620
vt 0.733230 0.117920
vt 0.735440 0.125260
vt 0.740380 0.124140
vt 0.742850 0.129220
vt 0.736980 0.130190
vt 0.738510 0.115860
vt 0.742010 0.117540
vt 0.736960 0.115800
vt 0.733620 0.079260
vt 0.734550 0.084300
vt 0.734890 0.089720
vt 0.730530 0.103980
vt 0.730200 0.103660
vt 0.730770 0.101760
vt 0.731060 0.101800
vt 0.733720 0.099090
vt 0.734880 0.096060
vt 0.733770 0.074680
vt 0.735080 0.075070
vt 0.733930 0.076760
vt 0.732920 0.077350
vt 0.731830 0.077850
vt 0.732070 0.074820
vt 0.730450 0.078520
vt 0.730390 0.075540
vt 0.729920 0.102210
vt 0.730020 0.099480
vt 0.739520 0.105590
vt 0.736210 0.101760
vt 0.742690 0.113880
vt 0.740680 0.118720
vt 0.150560 0.000000
vt 0.159940 0.002970
vt 0.164690 0.008350
vt 0.160720 0.010090
vt 0.697710 0.001340
vt 0.703710 0.000000
vt 0.707380 0.000580
vt 0.707060 0.004420
vt 0.730420 0.104680
vt 0.730330 0.104940
vt 0.732080 0.102310
vt 0.747290 0.084440
vt 0.744750 0.083330
vt 0.748490 0.085940
vt 0.747640 0.088200
vt 0.745190 0.087910
vt 0.742950 0.086800
vt 0.741740 0.084560
vt 0.742560 0.083200
vt 0.791270 0.028760
vt 0.811890 0.039440
vt 0.807350 0.051120
vt 0.789070 0.041760
vt 0.767640 0.027520
vt 0.770020 0.041430
vt 0.741050 0.030540
vt 0.750780 0.043460
vt 0.735150 0.051840
vt 0.742190 0.056190
vt 0.827100 0.059520
vt 0.820130 0.068020
vt 0.800480 0.061210
vt 0.786860 0.053770
vt 0.772420 0.053250
vt 0.758860 0.054650
vt 0.750920 0.063400
vt 0.811140 0.074750
vt 0.793920 0.070130
vt 0.784600 0.064570
vt 0.774800 0.063130
vt 0.766160 0.064930
vt 0.760910 0.072030
vt 0.800810 0.079950
vt 0.791030 0.089620
vt 0.785540 0.085620
vt 0.779600 0.084450
vt 0.777260 0.085420
vt 0.773840 0.091080
vt 0.772950 0.096840
vt 0.793280 0.095360
vt 0.781880 0.094490
vt 0.776050 0.094380
vt 0.779010 0.090240
vt 0.782190 0.090130
vt 0.787470 0.095470
vt 0.785520 0.092050
vt 0.781950 0.099730
vt 0.775150 0.098750
vt 0.788360 0.098820
vt 0.732180 0.133470
vt 0.738550 0.134900
vt 0.740620 0.141770
vt 0.732500 0.139300
vt 0.763430 0.136420
vt 0.755380 0.130510
vt 0.775440 0.104600
vt 0.745980 0.134640
vt 0.751600 0.142080
vt 0.745230 0.154140
vt 0.733070 0.152400
vt 0.783120 0.130480
vt 0.775640 0.144060
vt 0.778690 0.109950
vt 0.777600 0.104740
vt 0.782630 0.105270
vt 0.784000 0.111580
vt 0.761780 0.151890
vt 0.782930 0.116590
vt 0.736990 0.065620
vt 0.780360 0.152130
vt 0.789850 0.138100
vt 0.788440 0.103530
vt 0.788610 0.108570
vt 0.766100 0.159710
vt 0.749950 0.164760
vt 0.790900 0.114710
vt 0.829510 0.068870
vt 0.821000 0.076630
vt 0.813390 0.082780
vt 0.803890 0.087400
vt 0.793710 0.104960
vt 0.833570 0.094380
vt 0.823960 0.100960
vt 0.814510 0.106620
vt 0.804870 0.110600
vt 0.821860 0.123190
vt 0.812890 0.127190
vt 0.803870 0.130240
vt 0.732820 0.065440
vt 0.781740 0.087360
vt 0.778090 0.087590
vt 0.774610 0.092470
vt 0.789380 0.093040
vt 0.786250 0.089250
vt 0.773670 0.097520
vt 0.790140 0.096950
vt 0.776190 0.104980
vt 0.784420 0.113390
vt 0.790000 0.109940
vt 0.790700 0.103460
vt 0.731930 0.129400
vt 0.833130 0.116940
vt 0.015580 0.291890
vt 0.029800 0.288510
vt 0.029800 0.296490
vt 0.015580 0.297920
vt 0.572170 0.921960
vt 0.583860 0.922660
vt 0.584100 0.928450
vt 0.574320 0.928540
vt 0.957220 0.393500
vt 0.965880 0.398740
vt 0.963660 0.404600
vt 0.951700 0.398190
vt 0.029800 0.304530
vt 0.015580 0.304200
vt 0.520790 0.942990
vt 0.517310 0.945700
vt 0.512620 0.939810
vt 0.518330 0.939520
vt 0.912770 0.346000
vt 0.918750 0.343520
vt 0.919090 0.348630
vt 0.914690 0.352540
vt 0.513260 0.931180
vt 0.517160 0.932750
vt 0.908770 0.353230
vt 0.912120 0.356950
vt 0.541240 0.909610
vt 0.535800 0.912080
vt 0.531270 0.911400
vt 0.532280 0.905370
vt 0.911800 0.388590
vt 0.917700 0.387450
vt 0.920210 0.394000
vt 0.910970 0.393980
vt 0.029800 0.323020
vt 0.015580 0.322710
vt 0.961470 0.422950
vt 0.952510 0.405180
vt 0.934530 0.402990
vt 0.935200 0.397670
vt 0.918800 0.400780
vt 0.951090 0.421750
vt 0.932280 0.414850
vt 0.916330 0.413760
vt 0.905490 0.404920
vt 0.909120 0.398970
vt 0.932180 0.426480
vt 0.916140 0.426530
vt 0.903750 0.420560
vt 0.905890 0.412920
vt 0.951160 0.437160
vt 0.962070 0.439350
vt 0.950120 0.442660
vt 0.029800 0.338180
vt 0.015580 0.338850
vt 0.933670 0.437940
vt 0.934740 0.444130
vt 0.918630 0.439390
vt 0.920190 0.445190
vt 0.905850 0.436000
vt 0.905990 0.428040
vt 0.911830 0.446830
vt 0.909460 0.441710
vt 0.029800 0.346280
vt 0.015580 0.344440
vt 0.963230 0.444460
vt 0.951060 0.448120
vt 0.592940 0.879910
vt 0.601860 0.889280
vt 0.598280 0.893060
vt 0.591150 0.884820
vt 0.029800 0.354140
vt 0.015580 0.349850
vt 0.935560 0.450190
vt 0.579910 0.872570
vt 0.577000 0.876900
vt 0.921180 0.451010
vt 0.569600 0.864590
vt 0.565750 0.868580
vt 0.913820 0.451870
vt 0.564800 0.860140
vt 0.560190 0.862510
vt 0.023620 0.368140
vt 0.008540 0.364470
vt 0.589620 0.906200
vt 0.585380 0.895200
vt 0.574120 0.881100
vt 0.562140 0.872170
vt 0.568100 0.890310
vt 0.554100 0.881990
vt 0.549680 0.867820
vt 0.555870 0.864620
vt 0.577480 0.910590
vt 0.562620 0.900130
vt 0.547690 0.893050
vt 0.539710 0.880070
vt 0.545280 0.874330
vt 0.015580 0.273200
vt 0.029800 0.272560
vt 0.558190 0.910100
vt 0.555880 0.914700
vt 0.543280 0.904390
vt 0.533080 0.894460
vt 0.537060 0.887780
vt 0.532840 0.900940
vt 0.556780 0.821650
vt 0.554100 0.821610
vt 0.552650 0.818810
vt 0.557390 0.817720
vt 0.559350 0.822370
vt 0.561590 0.820120
vt 0.886410 0.484900
vt 0.881990 0.484420
vt 0.883960 0.480270
vt 0.886590 0.481040
vt 0.878840 0.481240
vt 0.881730 0.478660
vt 0.511790 0.834000
vt 0.509940 0.836060
vt 0.506860 0.835120
vt 0.509370 0.830790
vt 0.514260 0.832770
vt 0.514200 0.829560
vt 0.850920 0.450090
vt 0.847950 0.446690
vt 0.852380 0.445060
vt 0.853890 0.447390
vt 0.848020 0.442160
vt 0.852040 0.442300
vt 0.484120 0.866020
vt 0.483740 0.868850
vt 0.480520 0.869580
vt 0.480310 0.864470
vt 0.485830 0.863730
vt 0.484030 0.860950
vt 0.841870 0.404970
vt 0.840930 0.400430
vt 0.845710 0.401380
vt 0.845980 0.404210
vt 0.843540 0.396590
vt 0.847040 0.398880
vt 0.481340 0.913870
vt 0.482850 0.916300
vt 0.480770 0.918900
vt 0.477380 0.915070
vt 0.481260 0.911000
vt 0.478090 0.910000
vt 0.866120 0.358060
vt 0.868410 0.353970
vt 0.871380 0.357860
vt 0.869740 0.360200
vt 0.872940 0.352820
vt 0.874060 0.356870
vt 0.551410 0.862750
vt 0.555190 0.861280
vt 0.559210 0.859910
vt 0.557900 0.845100
vt 0.554170 0.845280
vt 0.554220 0.842820
vt 0.558010 0.842800
vt 0.550390 0.845330
vt 0.550440 0.842770
vt 0.564000 0.858750
vt 0.912410 0.452830
vt 0.909380 0.448400
vt 0.898860 0.460230
vt 0.902840 0.463200
vt 0.901610 0.465000
vt 0.897520 0.462190
vt 0.563070 0.842890
vt 0.562790 0.844870
vt 0.906730 0.444380
vt 0.904030 0.441240
vt 0.892890 0.455880
vt 0.895830 0.457940
vt 0.894510 0.460050
vt 0.891450 0.458080
vt 0.900790 0.439170
vt 0.899230 0.439740
vt 0.547510 0.863180
vt 0.546780 0.862040
vt 0.545310 0.845100
vt 0.545320 0.842490
vt 0.887070 0.455520
vt 0.888610 0.453100
vt 0.539610 0.874750
vt 0.542550 0.871530
vt 0.545320 0.868060
vt 0.532070 0.854130
vt 0.529330 0.856460
vt 0.527830 0.854660
vt 0.530770 0.852320
vt 0.526600 0.858830
vt 0.525020 0.857150
vt 0.547400 0.863040
vt 0.900390 0.439310
vt 0.901970 0.433810
vt 0.901930 0.429080
vt 0.900440 0.424820
vt 0.879780 0.431620
vt 0.881060 0.435010
vt 0.878930 0.435710
vt 0.877610 0.432330
vt 0.881880 0.438620
vt 0.879770 0.439250
vt 0.897720 0.420940
vt 0.896530 0.421020
vt 0.535820 0.877250
vt 0.534990 0.876660
vt 0.522880 0.861930
vt 0.521300 0.860640
vt 0.875460 0.427700
vt 0.877770 0.426840
vt 0.531430 0.890200
vt 0.533440 0.886250
vt 0.535120 0.882140
vt 0.515270 0.875020
vt 0.513870 0.878210
vt 0.511810 0.877360
vt 0.513410 0.874000
vt 0.512590 0.881450
vt 0.510560 0.880870
vt 0.535210 0.876860
vt 0.896730 0.420960
vt 0.900360 0.416620
vt 0.901730 0.412220
vt 0.901580 0.407440
vt 0.879600 0.404400
vt 0.879220 0.407960
vt 0.877160 0.407560
vt 0.877540 0.404020
vt 0.878290 0.411380
vt 0.876220 0.410970
vt 0.900090 0.402140
vt 0.899620 0.402010
vt 0.527900 0.894140
vt 0.527590 0.894040
vt 0.510970 0.885900
vt 0.509100 0.885640
vt 0.877810 0.398970
vt 0.880000 0.399320
vt 0.529090 0.905990
vt 0.529050 0.901780
vt 0.529000 0.898060
vt 0.509910 0.901940
vt 0.510640 0.905600
vt 0.508860 0.906030
vt 0.508110 0.902300
vt 0.511400 0.909270
vt 0.509750 0.909770
vt 0.526880 0.893950
vt 0.898680 0.401720
vt 0.903440 0.399810
vt 0.906000 0.396480
vt 0.908100 0.392510
vt 0.894180 0.380020
vt 0.891550 0.382790
vt 0.890410 0.381480
vt 0.892970 0.378830
vt 0.888890 0.385210
vt 0.887700 0.383840
vt 0.910330 0.387810
vt 0.529410 0.911130
vt 0.512510 0.914090
vt 0.511140 0.914630
vt 0.896370 0.375140
vt 0.897600 0.376320
vt 0.534940 0.849290
vt 0.535820 0.850950
vt 0.882920 0.443800
vt 0.880720 0.444320
vt 0.515740 0.869610
vt 0.517240 0.870750
vt 0.876760 0.416170
vt 0.874580 0.415740
vt 0.507130 0.897260
vt 0.508780 0.897050
vt 0.884990 0.388510
vt 0.883640 0.386940
vt 0.554370 0.840760
vt 0.550610 0.840600
vt 0.551270 0.833250
vt 0.555030 0.833740
vt 0.558120 0.840820
vt 0.558860 0.833970
vt 0.563830 0.834280
vt 0.563060 0.841070
vt 0.896510 0.464100
vt 0.900680 0.466800
vt 0.896990 0.473300
vt 0.892830 0.470680
vt 0.889610 0.468760
vt 0.893340 0.461990
vt 0.890120 0.460020
vt 0.886310 0.467120
vt 0.881800 0.465150
vt 0.885740 0.457700
vt 0.545550 0.840200
vt 0.546380 0.832430
vt 0.526660 0.853220
vt 0.523890 0.855710
vt 0.516870 0.846910
vt 0.519830 0.844560
vt 0.529640 0.850960
vt 0.522820 0.842260
vt 0.526810 0.839410
vt 0.533890 0.848080
vt 0.878040 0.439950
vt 0.878940 0.445030
vt 0.867660 0.448650
vt 0.866720 0.443830
vt 0.865690 0.440230
vt 0.877130 0.436300
vt 0.875760 0.432800
vt 0.864260 0.436780
vt 0.861970 0.432460
vt 0.873460 0.428210
vt 0.520230 0.859280
vt 0.513130 0.850090
vt 0.509890 0.876570
vt 0.508690 0.880080
vt 0.496700 0.875200
vt 0.498020 0.871680
vt 0.511530 0.873230
vt 0.499550 0.868250
vt 0.501790 0.863880
vt 0.514080 0.868840
vt 0.874130 0.410750
vt 0.872340 0.415540
vt 0.858790 0.412720
vt 0.860470 0.408120
vt 0.861420 0.404500
vt 0.875110 0.407160
vt 0.875530 0.403450
vt 0.861910 0.400790
vt 0.862090 0.395880
vt 0.875660 0.398340
vt 0.507400 0.885000
vt 0.495240 0.879880
vt 0.507320 0.906420
vt 0.508290 0.910090
vt 0.496850 0.913180
vt 0.495810 0.909560
vt 0.506580 0.902740
vt 0.494840 0.905910
vt 0.493690 0.901150
vt 0.505690 0.897710
vt 0.886520 0.382700
vt 0.882340 0.385610
vt 0.874020 0.375230
vt 0.878130 0.372640
vt 0.881110 0.370410
vt 0.889370 0.380300
vt 0.892030 0.377600
vt 0.883900 0.367910
vt 0.887340 0.364440
vt 0.895420 0.373910
vt 0.509830 0.914860
vt 0.498360 0.917820
vt 0.555240 0.832100
vt 0.551370 0.831520
vt 0.552820 0.825300
vt 0.556130 0.825920
vt 0.559190 0.832350
vt 0.559490 0.826190
vt 0.564140 0.832660
vt 0.564160 0.826040
vt 0.891920 0.472150
vt 0.895940 0.474960
vt 0.891890 0.481160
vt 0.888960 0.477670
vt 0.888840 0.470300
vt 0.886140 0.475720
vt 0.885590 0.468780
vt 0.882920 0.474630
vt 0.880980 0.467150
vt 0.878390 0.474480
vt 0.546530 0.830610
vt 0.548390 0.823870
vt 0.519080 0.843590
vt 0.516030 0.845940
vt 0.511920 0.839830
vt 0.514680 0.837820
vt 0.522110 0.841210
vt 0.517340 0.835690
vt 0.526080 0.838370
vt 0.520780 0.832500
vt 0.865460 0.444220
vt 0.866250 0.449050
vt 0.858050 0.451140
vt 0.858370 0.446520
vt 0.864480 0.440660
vt 0.857690 0.443110
vt 0.863020 0.437280
vt 0.856050 0.440070
vt 0.860580 0.433050
vt 0.852840 0.436740
vt 0.512280 0.849080
vt 0.507940 0.842300
vt 0.496830 0.871190
vt 0.495440 0.874770
vt 0.487840 0.871280
vt 0.489150 0.868060
vt 0.498350 0.867670
vt 0.490460 0.864850
vt 0.500570 0.863320
vt 0.492020 0.860390
vt 0.859120 0.407810
vt 0.857300 0.412360
vt 0.848170 0.409810
vt 0.850780 0.405930
vt 0.860090 0.404240
vt 0.851950 0.402620
vt 0.860540 0.400560
vt 0.852130 0.399120
vt 0.860590 0.395660
vt 0.851200 0.394540
vt 0.493970 0.879430
vt 0.485840 0.875560
vt 0.494580 0.909910
vt 0.495640 0.913620
vt 0.487620 0.915600
vt 0.486660 0.912260
vt 0.493550 0.906200
vt 0.485650 0.908930
vt 0.492400 0.901440
vt 0.484020 0.904490
vt 0.877330 0.371530
vt 0.873120 0.373960
vt 0.867800 0.366010
vt 0.872280 0.364730
vt 0.880310 0.369390
vt 0.875300 0.362960
vt 0.883030 0.366920
vt 0.877750 0.360450
vt 0.886370 0.363350
vt 0.880130 0.356430
vt 0.497180 0.918250
vt 0.488690 0.920210
vt 0.564990 0.923610
vt 0.553190 0.918190
vt 0.934320 0.393340
vt 0.946480 0.393230
vt 0.928680 0.380420
vt 0.935870 0.376210
vt 0.950870 0.389320
vt 0.568080 0.927960
vt 0.551090 0.931220
vt 0.547660 0.927670
vt 0.939990 0.372330
vt 0.541890 0.914060
vt 0.537510 0.912100
vt 0.917330 0.384590
vt 0.922400 0.389260
vt 0.921250 0.379380
vt 0.542030 0.925400
vt 0.535170 0.930390
vt 0.538100 0.934650
vt 0.536960 0.935590
vt 0.534360 0.931060
vt 0.931140 0.365240
vt 0.925030 0.371700
vt 0.924650 0.370570
vt 0.930630 0.363810
vt 0.542020 0.937520
vt 0.540720 0.938620
vt 0.935440 0.360920
vt 0.934890 0.359360
vt 0.536340 0.920370
vt 0.530390 0.923500
vt 0.533610 0.915230
vt 0.915050 0.378200
vt 0.918730 0.372840
vt 0.534560 0.937300
vt 0.526740 0.941420
vt 0.525560 0.936140
vt 0.532070 0.932340
vt 0.923150 0.368040
vt 0.919120 0.360610
vt 0.923810 0.353550
vt 0.928970 0.361210
vt 0.933100 0.356630
vt 0.927130 0.348670
vt 0.538010 0.941000
vt 0.528610 0.946120
vt 0.522050 0.928880
vt 0.527930 0.924960
vt 0.525660 0.919280
vt 0.519440 0.923730
vt 0.917430 0.370110
vt 0.911910 0.370160
vt 0.909340 0.363060
vt 0.914440 0.363380
vt 0.528180 0.917810
vt 0.913060 0.372750
vt 0.062370 0.304830
vt 0.062370 0.323990
vt 0.030380 0.322970
vt 0.030380 0.304510
vt 0.066250 0.340870
vt 0.030380 0.338070
vt 0.066250 0.354380
vt 0.095750 0.343630
vt 0.095750 0.362550
vt 0.066250 0.368120
vt 0.095750 0.381740
vt 0.054570 0.384800
vt 0.088760 0.401510
vt 0.062370 0.278060
vt 0.062370 0.264920
vt 0.095750 0.251190
vt 0.095750 0.267900
vt 0.062370 0.291740
vt 0.095750 0.285000
vt 0.095750 0.303540
vt 0.095750 0.324820
vt 0.124890 0.344930
vt 0.124890 0.365180
vt 0.124890 0.385710
vt 0.124890 0.407820
vt 0.124890 0.249110
vt 0.124890 0.266080
vt 0.124890 0.284750
vt 0.124890 0.303110
vt 0.124890 0.325040
vt 0.142140 0.365850
vt 0.142140 0.345110
vt 0.157950 0.346380
vt 0.157950 0.366760
vt 0.142140 0.386720
vt 0.157950 0.386850
vt 0.142140 0.408990
vt 0.157950 0.408280
vt 0.142140 0.265930
vt 0.142140 0.249380
vt 0.157950 0.250590
vt 0.157950 0.266400
vt 0.142140 0.285190
vt 0.157950 0.285630
vt 0.142140 0.304210
vt 0.157950 0.304790
vt 0.142140 0.325740
vt 0.157950 0.326840
vt 0.175120 0.368060
vt 0.175120 0.349120
vt 0.192190 0.351740
vt 0.192190 0.370000
vt 0.175120 0.386560
vt 0.192190 0.388060
vt 0.175120 0.409560
vt 0.192190 0.413310
vt 0.175120 0.267660
vt 0.175120 0.250410
vt 0.192190 0.246740
vt 0.192190 0.265930
vt 0.175120 0.285510
vt 0.192190 0.284450
vt 0.175120 0.303510
vt 0.192190 0.302420
vt 0.175120 0.327610
vt 0.192190 0.328080
vt 0.219760 0.354150
vt 0.219760 0.373870
vt 0.219760 0.393400
vt 0.219760 0.419460
vt 0.219760 0.236420
vt 0.219760 0.261120
vt 0.219760 0.279710
vt 0.219760 0.297770
vt 0.219760 0.327810
vt 0.252590 0.353540
vt 0.252590 0.375600
vt 0.252590 0.396980
vt 0.252590 0.424200
vt 0.245780 0.228580
vt 0.245780 0.254390
vt 0.252590 0.278260
vt 0.252590 0.296800
vt 0.252590 0.324170
vt 0.299670 0.343380
vt 0.299670 0.367470
vt 0.280230 0.393920
vt 0.280230 0.429870
vt 0.278090 0.219640
vt 0.278090 0.246230
vt 0.278090 0.273400
vt 0.299670 0.292730
vt 0.299670 0.319600
vt 0.844600 0.327020
vt 0.845330 0.279230
vt 0.859780 0.280050
vt 0.856280 0.326500
vt 0.876040 0.328710
vt 0.884260 0.284280
vt 0.900570 0.333340
vt 0.911940 0.293070
vt 0.891070 0.674580
vt 0.914300 0.668760
vt 0.926220 0.706690
vt 0.898190 0.711010
vt 0.879040 0.676040
vt 0.883660 0.713700
vt 0.870300 0.714440
vt 0.868390 0.676540
vt 0.857750 0.676520
vt 0.856940 0.714300
vt 0.842770 0.713980
vt 0.846270 0.675420
vt 0.822620 0.671140
vt 0.814280 0.712780
vt 0.832820 0.327430
vt 0.808840 0.328320
vt 0.803580 0.283990
vt 0.831200 0.279760
vt 0.847680 0.238230
vt 0.863260 0.239410
vt 0.891230 0.243140
vt 0.926170 0.249940
vt 0.938130 0.747530
vt 0.904410 0.754970
vt 0.887460 0.757500
vt 0.872670 0.758700
vt 0.857860 0.759040
vt 0.841420 0.758330
vt 0.807010 0.754680
vt 0.796690 0.239090
vt 0.831240 0.238160
vt 0.849600 0.193160
vt 0.866830 0.194560
vt 0.898350 0.198510
vt 0.936570 0.202150
vt 0.945670 0.794110
vt 0.908540 0.801880
vt 0.890640 0.804810
vt 0.875020 0.806460
vt 0.859300 0.806580
vt 0.841930 0.805470
vt 0.804200 0.801640
vt 0.793190 0.190800
vt 0.831240 0.192470
vt 0.182480 0.492040
vt 0.197690 0.493390
vt 0.196450 0.508140
vt 0.181150 0.506470
vt 0.177560 0.534910
vt 0.193080 0.537670
vt 0.171010 0.570690
vt 0.186650 0.575130
vt 0.542920 0.380760
vt 0.579180 0.374820
vt 0.579800 0.390140
vt 0.542380 0.396160
vt 0.525470 0.383110
vt 0.525480 0.398630
vt 0.511090 0.400020
vt 0.510160 0.384420
vt 0.494760 0.385390
vt 0.496490 0.400630
vt 0.480050 0.400780
vt 0.477880 0.385620
vt 0.441300 0.383870
vt 0.442190 0.399280
vt 0.183430 0.476090
vt 0.184860 0.439970
vt 0.200220 0.438980
vt 0.198810 0.476780
vt 0.221850 0.494480
vt 0.242530 0.496120
vt 0.241780 0.512220
vt 0.220900 0.511200
vt 0.217200 0.542820
vt 0.239440 0.543950
vt 0.210950 0.580710
vt 0.233580 0.581990
vt 0.544720 0.419360
vt 0.582130 0.414030
vt 0.585230 0.435550
vt 0.547250 0.441960
vt 0.527860 0.421440
vt 0.529170 0.444240
vt 0.513390 0.445610
vt 0.512720 0.422770
vt 0.497250 0.423600
vt 0.497430 0.446070
vt 0.479960 0.446140
vt 0.480700 0.423950
vt 0.442690 0.423350
vt 0.441450 0.444920
vt 0.222380 0.476880
vt 0.223210 0.438270
vt 0.243270 0.440160
vt 0.242990 0.478530
vt 0.275150 0.496220
vt 0.275730 0.514510
vt 0.273660 0.549490
vt 0.267010 0.588420
vt 0.590320 0.468300
vt 0.550850 0.471460
vt 0.532760 0.477840
vt 0.515130 0.479010
vt 0.497790 0.479850
vt 0.479520 0.480010
vt 0.440160 0.478590
vt 0.273630 0.437210
vt 0.274720 0.477320
vt 0.316880 0.497460
vt 0.318380 0.516750
vt 0.318210 0.554710
vt 0.307710 0.595440
vt 0.598940 0.508140
vt 0.559680 0.517210
vt 0.538030 0.521360
vt 0.519230 0.522720
vt 0.500300 0.522880
vt 0.481050 0.519830
vt 0.439960 0.517270
vt 0.307590 0.437470
vt 0.312010 0.477720
vt 0.352680 0.493290
vt 0.374570 0.485190
vt 0.375000 0.509520
vt 0.351250 0.514310
vt 0.344010 0.548780
vt 0.376420 0.546830
vt 0.320920 0.599230
vt 0.346610 0.608220
vt 0.560890 0.535450
vt 0.601940 0.521740
vt 0.609310 0.546920
vt 0.562480 0.567390
vt 0.539400 0.540580
vt 0.537730 0.578620
vt 0.520280 0.584590
vt 0.521150 0.550260
vt 0.503190 0.560490
vt 0.501620 0.587000
vt 0.479630 0.589260
vt 0.484000 0.560170
vt 0.351020 0.471840
vt 0.344990 0.426460
vt 0.367550 0.415080
vt 0.374620 0.462690
vt 0.164850 0.490620
vt 0.163510 0.504850
vt 0.159980 0.532800
vt 0.153160 0.567830
vt 0.539750 0.364360
vt 0.575000 0.358160
vt 0.523480 0.366590
vt 0.509640 0.368010
vt 0.495620 0.368850
vt 0.479870 0.368900
vt 0.444200 0.366640
vt 0.165820 0.474630
vt 0.167220 0.438860
vt 0.570970 0.800280
vt 0.570810 0.783030
vt 0.593270 0.785470
vt 0.592450 0.805940
vt 0.634620 0.809800
vt 0.635250 0.786620
vt 0.071820 0.593650
vt 0.080810 0.612180
vt 0.056360 0.619970
vt 0.046410 0.601750
vt 0.000000 0.613520
vt 0.007920 0.630970
vt 0.547220 0.800910
vt 0.500520 0.802820
vt 0.495740 0.784390
vt 0.545500 0.781280
vt 0.571810 0.762010
vt 0.594600 0.765300
vt 0.635850 0.764660
vt 0.083640 0.633410
vt 0.060080 0.641980
vt 0.012060 0.654570
vt 0.496100 0.761100
vt 0.546380 0.759390
vt 0.573410 0.740440
vt 0.597790 0.738010
vt 0.636600 0.737120
vt 0.082990 0.655620
vt 0.059590 0.660840
vt 0.013760 0.680950
vt 0.498630 0.735580
vt 0.549070 0.741430
vt 0.576180 0.713050
vt 0.597680 0.710750
vt 0.637290 0.711640
vt 0.078500 0.686200
vt 0.054790 0.692500
vt 0.011780 0.712090
vt 0.506250 0.705530
vt 0.552720 0.712100
vt 0.573120 0.689360
vt 0.596370 0.691860
vt 0.637870 0.690270
vt 0.637830 0.691900
vt 0.075870 0.709550
vt 0.050280 0.717570
vt 0.011290 0.728160
vt 0.508180 0.689760
vt 0.548220 0.688950
vt 0.571360 0.662900
vt 0.593840 0.662360
vt 0.638530 0.666100
vt 0.076630 0.739780
vt 0.044830 0.744220
vt 0.010940 0.743080
vt 0.508710 0.674900
vt 0.544870 0.667790
vt 0.571330 0.650260
vt 0.594290 0.644060
vt 0.639060 0.646680
vt 0.078560 0.761260
vt 0.053180 0.761010
vt 0.587090 0.821460
vt 0.619960 0.818620
vt 0.627810 0.835410
vt 0.577900 0.834050
vt 0.310540 0.823120
vt 0.290010 0.855350
vt 0.287980 0.839890
vt 0.302990 0.813500
vt 0.329180 0.777230
vt 0.331100 0.747080
vt 0.347270 0.753300
vt 0.344840 0.776940
vt 0.385840 0.777610
vt 0.384700 0.755570
vt 0.656990 0.848250
vt 0.658070 0.881220
vt 0.639780 0.895880
vt 0.638070 0.858260
vt 0.339130 0.719830
vt 0.352710 0.728800
vt 0.383570 0.733880
vt 0.670000 0.896370
vt 0.659510 0.905080
vt 0.616410 0.927670
vt 0.643840 0.926100
vt 0.314500 0.741520
vt 0.300260 0.718990
vt 0.316900 0.697990
vt 0.327940 0.710840
vt 0.359700 0.706660
vt 0.366760 0.711310
vt 0.382630 0.715840
vt 0.689900 0.912140
vt 0.682940 0.919840
vt 0.672970 0.935890
vt 0.344310 0.686130
vt 0.353510 0.700640
vt 0.390840 0.484350
vt 0.418590 0.474790
vt 0.412610 0.492160
vt 0.395060 0.507320
vt 0.415000 0.546850
vt 0.426510 0.524470
vt 0.539280 0.612290
vt 0.539640 0.643730
vt 0.519100 0.642620
vt 0.518660 0.612650
vt 0.499630 0.611010
vt 0.498930 0.640540
vt 0.475430 0.636810
vt 0.476520 0.607660
vt 0.389220 0.460560
vt 0.383160 0.415300
vt 0.408100 0.407590
vt 0.416220 0.452990
vt 0.652190 0.829740
vt 0.321680 0.801760
vt 0.343020 0.795710
vt 0.386830 0.796510
vt 0.301580 0.749370
vt 0.289480 0.728670
vt 0.601770 0.930220
vt 0.611930 0.909500
vt 0.616660 0.872860
vt 0.599890 0.853110
vt 0.572860 0.847160
vt 0.275410 0.833620
vt 0.288870 0.813120
vt 0.301540 0.783730
vt 0.313420 0.780290
vt 0.432880 0.601960
vt 0.429640 0.627900
vt 0.439930 0.560770
vt 0.439250 0.586890
vt 0.101690 0.936260
vt 0.074140 0.921100
vt 0.079040 0.911020
vt 0.106730 0.926040
vt 0.199800 0.917220
vt 0.222040 0.904940
vt 0.238830 0.918040
vt 0.211090 0.932560
vt 0.188200 0.897560
vt 0.211400 0.880510
vt 0.111900 0.915850
vt 0.085040 0.902010
vt 0.094330 0.881430
vt 0.124090 0.897890
vt 0.174280 0.803200
vt 0.178960 0.795880
vt 0.192390 0.825500
vt 0.184680 0.829630
vt 0.158930 0.793500
vt 0.151080 0.791810
vt 0.150450 0.778390
vt 0.159940 0.781110
vt 0.139130 0.797840
vt 0.129480 0.805430
vt 0.124210 0.798680
vt 0.134060 0.787220
vt 0.047740 0.908690
vt 0.052960 0.898130
vt 0.252860 0.885680
vt 0.264080 0.903580
vt 0.236890 0.862410
vt 0.191850 0.781540
vt 0.209440 0.815120
vt 0.149430 0.761020
vt 0.164300 0.762790
vt 0.110680 0.784510
vt 0.123260 0.771930
vt 0.058260 0.888290
vt 0.070500 0.866940
vt 0.830580 0.343890
vt 0.808800 0.344030
vt 0.825540 0.656060
vt 0.847120 0.658510
vt 0.857480 0.662010
vt 0.867630 0.663160
vt 0.877740 0.663250
vt 0.889930 0.660990
vt 0.911270 0.653150
vt 0.897130 0.349090
vt 0.874780 0.343420
vt 0.854730 0.343040
vt 0.842420 0.342990
vt 0.172440 0.881310
vt 0.177130 0.855120
vt 0.189750 0.863800
vt 0.204400 0.855720
vt 0.163150 0.873790
vt 0.154090 0.871500
vt 0.153510 0.848060
vt 0.163390 0.849040
vt 0.144930 0.874120
vt 0.135960 0.879440
vt 0.130960 0.853300
vt 0.144140 0.848500
vt 0.116890 0.865220
vt 0.101820 0.858100
vt 0.224660 0.844390
vt 0.079460 0.851140
vt 0.171150 0.823000
vt 0.152390 0.818350
vt 0.160070 0.818970
vt 0.134940 0.820910
vt 0.144870 0.819010
vt 0.121620 0.829260
vt 0.111070 0.826260
vt 0.094870 0.816520
vt 0.164200 0.797530
vt 0.143190 0.794510
vt 0.920410 0.516600
vt 0.922420 0.480530
vt 0.952020 0.485240
vt 0.952340 0.517040
vt 0.921300 0.551020
vt 0.951470 0.550460
vt 0.918040 0.573320
vt 0.951000 0.572510
vt 0.931300 0.598380
vt 0.951140 0.591740
vt 0.950780 0.606480
vt 0.941290 0.460360
vt 0.952560 0.456440
vt 0.951980 0.474800
vt 0.932970 0.468360
vt 0.962100 0.603370
vt 0.970390 0.595910
vt 0.981370 0.573770
vt 0.981490 0.555080
vt 0.983660 0.515990
vt 0.979540 0.482260
vt 0.962740 0.461720
vt 0.970300 0.470400
vt 0.140800 0.781480
vt 0.135450 0.764340
vt 0.168280 0.785400
vt 0.177150 0.769080
vt 0.118820 0.580900
vt 0.122130 0.604670
vt 0.101580 0.606430
vt 0.094790 0.586630
vt 0.123370 0.623320
vt 0.103770 0.626700
vt 0.122980 0.655310
vt 0.103490 0.654360
vt 0.122210 0.690700
vt 0.099960 0.685560
vt 0.121690 0.707470
vt 0.098890 0.705120
vt 0.119900 0.736190
vt 0.097050 0.738140
vt 0.119640 0.752620
vt 0.097440 0.756280
vt 0.692010 0.831330
vt 0.693540 0.862460
vt 0.675560 0.869730
vt 0.673500 0.836580
vt 0.697090 0.883500
vt 0.682280 0.889820
vt 0.704740 0.902160
vt 0.696480 0.904580
vt 0.690190 0.815090
vt 0.669030 0.820650
vt 0.414810 0.547180
vt 0.564250 0.595280
vt 0.564030 0.601920
vt 0.733600 0.166930
vt 0.746850 0.173210
vt 0.733850 0.174450
vt 0.837260 0.130820
vt 0.827360 0.136260
vt 0.818810 0.138730
vt 0.805360 0.144970
vt 0.788050 0.155100
vt 0.775640 0.163320
vt 0.761420 0.169260
vt 0.745100 0.187870
vt 0.734360 0.189780
vt 0.755340 0.186340
vt 0.767240 0.182030
vt 0.781330 0.177790
vt 0.805900 0.168960
vt 0.825210 0.161630
vt 0.834060 0.158410
vt 0.842000 0.155300
vt 0.317710 0.361340
vt 0.317710 0.397490
vt 0.302470 0.428090
vt 0.299710 0.210150
vt 0.299710 0.234370
vt 0.317710 0.256760
vt 0.317710 0.280510
vt 0.317710 0.314160
vt 0.317710 0.336040
vt 0.149900 0.503950
vt 0.150960 0.489710
vt 0.146430 0.531490
vt 0.139540 0.565230
vt 0.537240 0.350960
vt 0.571210 0.345060
vt 0.509430 0.354300
vt 0.522160 0.352990
vt 0.481600 0.355320
vt 0.496390 0.355160
vt 0.447100 0.353200
vt 0.152200 0.473540
vt 0.153450 0.438390
vt 0.044130 0.745430
vt 0.011240 0.744370
vt 0.508690 0.673580
vt 0.543970 0.663740
vt 0.571240 0.648840
vt 0.594510 0.642740
vt 0.052400 0.761880
vt 0.078690 0.762560
vt 0.119870 0.753960
vt 0.097800 0.757560
vt 0.144080 0.753610
vt 0.144080 0.752260
vt 0.550040 0.658530
vt 0.551090 0.659360
vt 0.850490 0.186240
vt 0.867900 0.187620
vt 0.898760 0.191170
vt 0.934620 0.194460
vt 0.945060 0.802100
vt 0.910010 0.808990
vt 0.891640 0.812650
vt 0.875400 0.813980
vt 0.859050 0.813980
vt 0.841040 0.812580
vt 0.805650 0.809160
vt 0.796030 0.183510
vt 0.831760 0.185570
vt 0.013880 0.298230
vt 0.013880 0.291450
vt 0.012170 0.291720
vt 0.013880 0.322870
vt 0.013880 0.305080
vt 0.013780 0.304550
vt 0.013880 0.344190
vt 0.013880 0.338580
vt 0.017740 0.338750
vt 0.007340 0.363600
vt 0.013880 0.349510
vt 0.015810 0.349710
vt 0.360370 0.705820
vt 0.367290 0.710360
vt 0.690610 0.912930
vt 0.683760 0.920570
vt 0.674040 0.936230
vt 0.345340 0.685720
vt 0.354290 0.699870
vt 0.704950 0.903170
vt 0.696980 0.905530
vt 0.713090 0.900620
vt 0.713100 0.899530
vt 0.030380 0.296120
vt 0.030380 0.288450
vt 0.030380 0.346060
vt 0.030380 0.354460
vt 0.024280 0.367830
vt 0.013880 0.273390
vt 0.030380 0.272310
vt 0.013760 0.018910
vt 0.010920 0.017120
vt 0.253660 0.195740
vt 0.669640 0.000610
vt 0.669770 0.005580
vt 0.660990 0.005170
vt 0.665970 0.000000
vt 0.251390 0.167720
vt 0.288530 0.171300
vt 0.688350 0.001530
vt 0.688290 0.004930
vt 0.679350 0.003840
vt 0.679700 0.000000
vt 0.004280 0.024160
vt 0.009240 0.016790
vt 0.272570 0.094380
vt 0.303900 0.107280
vt 0.300440 0.123050
vt 0.632980 0.004970
vt 0.629310 0.005630
vt 0.624270 0.000520
vt 0.633040 0.000000
vt 0.268350 0.106970
vt 0.291560 0.201990
vt 0.730240 0.112160
vt 0.730110 0.111070
vt 0.730470 0.111970
vt 0.730620 0.114810
vt 0.731320 0.121520
vt 0.730900 0.117140
vt 0.258860 0.213550
vt 0.614750 0.000000
vt 0.615060 0.003380
vt 0.606540 0.005550
vt 0.605910 0.001740
vt 0.267440 0.120680
vt 0.298810 0.130540
vt 0.297430 0.138810
vt 0.729760 0.104590
vt 0.731660 0.125220
vt 0.729990 0.105870
vt 0.729990 0.106120
vt 0.264470 0.133440
vt 0.794970 0.015860
vt 0.819310 0.031020
vt 0.765410 0.010300
vt 0.728520 0.014750
vt 0.729750 0.053370
vt 0.835590 0.053140
vt 0.838780 0.060940
vt 0.844850 0.086780
vt 0.730160 0.066840
vt 0.845650 0.108650
vt 0.351010 0.607440
vt 0.612690 0.549580
vt 0.713270 0.881720
vt 0.713480 0.860700
vt 0.713760 0.830550
vt 0.713920 0.814350
vt 0.144000 0.735720
vt 0.143890 0.713670
vt 0.143810 0.695810
vt 0.143620 0.657300
vt 0.143460 0.622690
vt 0.143370 0.603910
vt 0.143250 0.577210
vt 0.560800 0.642250
vt 0.848700 0.123740
vt 0.856710 0.147980
vt 0.639100 0.645340
vt 0.382580 0.714790
vt 0.020930 0.018120
vt 0.017910 0.010100
vt 0.022620 0.001480
vt 0.024650 0.015580
vt 0.016120 0.008890
vt 0.017970 0.005380
vt 0.202650 0.000000
vt 0.201480 0.009770
vt 0.197070 0.015440
vt 0.194620 0.011860
vt 0.465160 0.000750
vt 0.459660 0.003490
vt 0.455960 0.003810
vt 0.455350 0.000000
vt 0.022240 0.019370
vt 0.019750 0.022140
vt 0.024440 0.001180
vt 0.026460 0.015220
vt 0.025280 0.017130
vt 0.022370 0.019450
vt 0.016800 0.003940
vt 0.021530 0.000000
vt 0.014530 0.007890
vt 0.016300 0.004630
vt 0.729310 0.112770
vt 0.729000 0.115150
vt 0.727330 0.115570
vt 0.728040 0.113660
vt 0.219670 0.006700
vt 0.215280 0.006800
vt 0.215280 0.003990
vt 0.219730 0.003770
vt 0.719030 0.087610
vt 0.720740 0.088630
vt 0.716640 0.091090
vt 0.716540 0.089660
vt 0.714100 0.083420
vt 0.714180 0.084690
vt 0.712630 0.086960
vt 0.711410 0.087410
vt 0.721510 0.081350
vt 0.720120 0.082870
vt 0.717090 0.083300
vt 0.718220 0.081160
vt 0.721970 0.084740
vt 0.720240 0.085140
vt 0.710410 0.118750
vt 0.717090 0.117510
vt 0.720080 0.121280
vt 0.715360 0.125870
vt 0.686710 0.114610
vt 0.702610 0.107760
vt 0.701830 0.123780
vt 0.691990 0.128700
vt 0.712900 0.091180
vt 0.713700 0.089920
vt 0.224620 0.005390
vt 0.224460 0.003400
vt 0.226410 0.003560
vt 0.215090 0.000920
vt 0.219370 0.000000
vt 0.224200 0.000200
vt 0.724150 0.089510
vt 0.716810 0.093300
vt 0.711140 0.092660
vt 0.708460 0.088030
vt 0.711770 0.081310
vt 0.718920 0.076810
vt 0.724810 0.078060
vt 0.724930 0.084130
vt 0.723240 0.096170
vt 0.715440 0.100530
vt 0.704000 0.091240
vt 0.706220 0.079480
vt 0.716060 0.070320
vt 0.727640 0.085700
vt 0.728250 0.080050
vt 0.729320 0.080820
vt 0.729220 0.086270
vt 0.729290 0.092010
vt 0.727610 0.091280
vt 0.212990 0.004220
vt 0.725790 0.100840
vt 0.718760 0.107850
vt 0.729290 0.111320
vt 0.729880 0.109280
vt 0.727950 0.099570
vt 0.727570 0.097070
vt 0.728930 0.097100
vt 0.729060 0.099230
vt 0.728090 0.121140
vt 0.725720 0.118330
vt 0.727570 0.117160
vt 0.728890 0.117470
vt 0.721890 0.128880
vt 0.723990 0.123240
vt 0.728040 0.124970
vt 0.727140 0.130000
vt 0.723760 0.115660
vt 0.727420 0.112870
vt 0.729030 0.111290
vt 0.726580 0.084600
vt 0.727330 0.079460
vt 0.726240 0.090140
vt 0.729010 0.102150
vt 0.729400 0.104570
vt 0.729340 0.104670
vt 0.728790 0.102440
vt 0.727080 0.099970
vt 0.726120 0.096860
vt 0.726910 0.076980
vt 0.725700 0.075340
vt 0.726980 0.074890
vt 0.727940 0.077510
vt 0.729050 0.077940
vt 0.728670 0.074920
vt 0.726230 0.103790
vt 0.725080 0.107270
vt 0.723450 0.112260
vt 0.724460 0.116880
vt 0.172590 0.007480
vt 0.177660 0.002400
vt 0.187200 0.000000
vt 0.176440 0.009460
vt 0.436990 0.000360
vt 0.440680 0.000000
vt 0.446590 0.001700
vt 0.437080 0.004220
vt 0.729500 0.105590
vt 0.729470 0.105540
vt 0.728250 0.103380
vt 0.714350 0.085410
vt 0.716750 0.084130
vt 0.713220 0.086960
vt 0.714140 0.089200
vt 0.716460 0.088750
vt 0.718490 0.087500
vt 0.719680 0.085230
vt 0.718930 0.083820
vt 0.652340 0.056100
vt 0.647030 0.044750
vt 0.666880 0.032740
vt 0.669930 0.045570
vt 0.690360 0.029970
vt 0.688900 0.044000
vt 0.717060 0.031300
vt 0.708200 0.044790
vt 0.724270 0.052170
vt 0.717550 0.056940
vt 0.640720 0.073790
vt 0.633210 0.065780
vt 0.659860 0.065700
vt 0.672940 0.057390
vt 0.687290 0.055940
vt 0.700890 0.056460
vt 0.709340 0.064670
vt 0.650140 0.079910
vt 0.667000 0.074170
vt 0.675910 0.068020
vt 0.685570 0.065940
vt 0.694290 0.067180
vt 0.699990 0.073900
vt 0.660790 0.084410
vt 0.671200 0.093390
vt 0.676390 0.089050
vt 0.682240 0.087480
vt 0.684620 0.088290
vt 0.688430 0.093700
vt 0.689720 0.099380
vt 0.669340 0.099270
vt 0.683210 0.093210
vt 0.686450 0.097140
vt 0.680650 0.097630
vt 0.680040 0.093320
vt 0.675140 0.098980
vt 0.676850 0.095450
vt 0.687660 0.101430
vt 0.680940 0.102860
vt 0.674490 0.102380
vt 0.724730 0.141920
vt 0.726130 0.134840
vt 0.709790 0.131380
vt 0.702030 0.138020
vt 0.687800 0.107260
vt 0.714100 0.142840
vt 0.719180 0.134800
vt 0.721140 0.154710
vt 0.690260 0.146590
vt 0.681900 0.133560
vt 0.680650 0.108420
vt 0.685650 0.107550
vt 0.684920 0.112800
vt 0.679720 0.114800
vt 0.704590 0.153480
vt 0.681140 0.119710
vt 0.723280 0.066020
vt 0.686070 0.154990
vt 0.675670 0.141640
vt 0.674730 0.107080
vt 0.674920 0.112110
vt 0.700770 0.161630
vt 0.717160 0.165690
vt 0.673050 0.118380
vt 0.631430 0.075270
vt 0.640430 0.082440
vt 0.648430 0.088060
vt 0.658220 0.092040
vt 0.669570 0.108860
vt 0.629090 0.100970
vt 0.639120 0.106900
vt 0.648920 0.111910
vt 0.658810 0.115230
vt 0.642710 0.128930
vt 0.651930 0.132310
vt 0.661140 0.134740
vt 0.727410 0.065600
vt 0.680300 0.090530
vt 0.683960 0.090520
vt 0.687760 0.095140
vt 0.673070 0.096700
vt 0.675930 0.092700
vt 0.689040 0.100100
vt 0.672580 0.100640
vt 0.687070 0.107690
vt 0.679430 0.116630
vt 0.673610 0.113570
vt 0.672470 0.107160
vt 0.631050 0.123440
vt 0.299260 0.131000
vt 0.301240 0.123250
vt 0.315740 0.129180
vt 0.314770 0.135120
vt 0.008200 0.497580
vt 0.009950 0.492120
vt 0.021560 0.494080
vt 0.017550 0.499840
vt 0.857710 0.060130
vt 0.855620 0.054220
vt 0.864380 0.049170
vt 0.869800 0.053970
vt 0.298120 0.138950
vt 0.312040 0.141010
vt 0.057490 0.536520
vt 0.049990 0.537410
vt 0.049520 0.533060
vt 0.053720 0.532290
vt 0.903400 0.005100
vt 0.903830 0.000000
vt 0.909760 0.002590
vt 0.907720 0.009090
vt 0.063210 0.529780
vt 0.059340 0.528120
vt 0.913630 0.009900
vt 0.910200 0.013550
vt 0.063200 0.495490
vt 0.058710 0.495990
vt 0.053750 0.492190
vt 0.063450 0.489370
vt 0.901380 0.050450
vt 0.904020 0.043960
vt 0.909900 0.045240
vt 0.910610 0.050640
vt 0.292120 0.156660
vt 0.306860 0.158890
vt 0.859510 0.078510
vt 0.868840 0.060940
vt 0.886860 0.059140
vt 0.886310 0.053800
vt 0.902640 0.057270
vt 0.869910 0.077540
vt 0.888860 0.071040
vt 0.904830 0.070280
vt 0.915860 0.061690
vt 0.912350 0.055660
vt 0.888720 0.082670
vt 0.904750 0.083050
vt 0.917260 0.077360
vt 0.915280 0.069680
vt 0.869510 0.092940
vt 0.858560 0.094900
vt 0.870430 0.098460
vt 0.289180 0.171520
vt 0.302210 0.174450
vt 0.886980 0.094080
vt 0.885790 0.100250
vt 0.901990 0.095840
vt 0.900310 0.101610
vt 0.914850 0.092710
vt 0.914870 0.084770
vt 0.911120 0.098350
vt 0.908640 0.103410
vt 0.287670 0.179470
vt 0.302240 0.180120
vt 0.857290 0.099980
vt 0.869380 0.103900
vt 0.002750 0.461110
vt 0.000000 0.456680
vt 0.010880 0.449400
vt 0.011530 0.454570
vt 0.287970 0.187490
vt 0.302240 0.185600
vt 0.884840 0.106290
vt 0.025490 0.445550
vt 0.027280 0.450470
vt 0.899200 0.107400
vt 0.037340 0.440880
vt 0.040150 0.445690
vt 0.906540 0.108400
vt 0.042620 0.438430
vt 0.046740 0.441360
vt 0.292170 0.202400
vt 0.307630 0.201360
vt 0.008260 0.475490
vt 0.014880 0.465880
vt 0.029120 0.455190
vt 0.042920 0.449910
vt 0.032910 0.465410
vt 0.048640 0.461100
vt 0.055970 0.448320
vt 0.050570 0.444040
vt 0.019040 0.482250
vt 0.035950 0.476040
vt 0.052260 0.473450
vt 0.063170 0.462460
vt 0.058950 0.455590
vt 0.304460 0.107630
vt 0.319080 0.110800
vt 0.037680 0.486530
vt 0.038570 0.491440
vt 0.053390 0.486080
vt 0.066020 0.478410
vt 0.063910 0.470770
vt 0.064360 0.484890
vt 0.058010 0.398900
vt 0.056160 0.401480
vt 0.053490 0.401150
vt 0.053470 0.397160
vt 0.050820 0.401520
vt 0.048940 0.398960
vt 0.935740 0.137460
vt 0.937620 0.141650
vt 0.933190 0.142030
vt 0.933100 0.138160
vt 0.938010 0.135890
vt 0.940840 0.138550
vt 0.103150 0.422820
vt 0.099930 0.423100
vt 0.098520 0.420720
vt 0.101580 0.418080
vt 0.096320 0.419010
vt 0.097060 0.415870
vt 0.968090 0.102890
vt 0.972490 0.104630
vt 0.969430 0.107960
vt 0.966530 0.105180
vt 0.968500 0.100140
vt 0.972520 0.100110
vt 0.123510 0.471010
vt 0.120850 0.469010
vt 0.121650 0.466260
vt 0.125780 0.466420
vt 0.121000 0.463460
vt 0.123790 0.461660
vt 0.975720 0.059620
vt 0.980520 0.058790
vt 0.979470 0.063320
vt 0.975380 0.062440
vt 0.974450 0.057080
vt 0.978010 0.054890
vt 0.102060 0.523840
vt 0.101800 0.520500
vt 0.104410 0.519310
vt 0.107020 0.522550
vt 0.106070 0.516950
vt 0.109270 0.517900
vt 0.950880 0.015300
vt 0.953920 0.011470
vt 0.956130 0.015600
vt 0.952470 0.017680
vt 0.948220 0.014260
vt 0.949410 0.010230
vt 0.055210 0.442970
vt 0.051700 0.440900
vt 0.047920 0.439010
vt 0.053910 0.422560
vt 0.053840 0.425030
vt 0.050130 0.424560
vt 0.050100 0.422250
vt 0.057710 0.422820
vt 0.057640 0.425390
vt 0.043310 0.437470
vt 0.907940 0.109390
vt 0.911050 0.105020
vt 0.918460 0.121780
vt 0.917260 0.119960
vt 0.921310 0.117070
vt 0.922610 0.119060
vt 0.045030 0.422070
vt 0.045240 0.424090
vt 0.913800 0.101070
vt 0.916560 0.097980
vt 0.925660 0.116990
vt 0.924390 0.114860
vt 0.927380 0.112860
vt 0.928770 0.115090
vt 0.919850 0.095950
vt 0.921400 0.096550
vt 0.059950 0.443010
vt 0.058910 0.444210
vt 0.062880 0.422860
vt 0.062780 0.425490
vt 0.933210 0.112640
vt 0.931730 0.110180
vt 0.064450 0.457150
vt 0.062210 0.453380
vt 0.060170 0.449430
vt 0.079260 0.438640
vt 0.077560 0.440250
vt 0.075090 0.437400
vt 0.076620 0.435800
vt 0.081780 0.441600
vt 0.080050 0.443130
vt 0.058960 0.444170
vt 0.920240 0.096090
vt 0.918770 0.090600
vt 0.918900 0.085900
vt 0.920470 0.081700
vt 0.941780 0.092910
vt 0.939660 0.092180
vt 0.941030 0.088780
vt 0.943170 0.089540
vt 0.940860 0.096460
vt 0.938770 0.095790
vt 0.923290 0.077930
vt 0.924440 0.078040
vt 0.068640 0.459880
vt 0.067720 0.460280
vt 0.085190 0.445590
vt 0.083550 0.446900
vt 0.945420 0.084920
vt 0.943130 0.083970
vt 0.068820 0.474650
vt 0.067840 0.470100
vt 0.067200 0.465490
vt 0.091560 0.466800
vt 0.089320 0.467020
vt 0.088920 0.463470
vt 0.091070 0.463070
vt 0.091720 0.470550
vt 0.089620 0.470550
vt 0.068210 0.460070
vt 0.924240 0.077970
vt 0.920710 0.073520
vt 0.919450 0.069080
vt 0.919710 0.064310
vt 0.944130 0.065010
vt 0.942050 0.065360
vt 0.941760 0.061780
vt 0.943830 0.061460
vt 0.944980 0.068450
vt 0.942890 0.068810
vt 0.921320 0.059030
vt 0.921800 0.058930
vt 0.071650 0.479570
vt 0.071320 0.479600
vt 0.091830 0.475540
vt 0.090100 0.475310
vt 0.943690 0.056400
vt 0.941490 0.056690
vt 0.066440 0.490560
vt 0.067820 0.486560
vt 0.069100 0.482980
vt 0.084950 0.498210
vt 0.083530 0.497030
vt 0.085760 0.494030
vt 0.087260 0.495180
vt 0.082520 0.501150
vt 0.081300 0.500000
vt 0.072640 0.479630
vt 0.922740 0.058640
vt 0.918020 0.056630
vt 0.915530 0.053250
vt 0.913510 0.049240
vt 0.931410 0.038560
vt 0.930240 0.039850
vt 0.927670 0.037030
vt 0.928900 0.035860
vt 0.934080 0.040980
vt 0.932860 0.042320
vt 0.911380 0.044500
vt 0.064600 0.495290
vt 0.079100 0.504880
vt 0.078300 0.503870
vt 0.925570 0.032110
vt 0.924320 0.033260
vt 0.072860 0.432080
vt 0.071650 0.433500
vt 0.939800 0.101530
vt 0.937600 0.101000
vt 0.090270 0.458100
vt 0.088390 0.458660
vt 0.946490 0.073260
vt 0.944300 0.073640
vt 0.090380 0.491070
vt 0.088860 0.490010
vt 0.938070 0.044150
vt 0.936700 0.045690
vt 0.057540 0.413300
vt 0.057670 0.420640
vt 0.053880 0.420490
vt 0.053720 0.413420
vt 0.050100 0.420270
vt 0.049860 0.413280
vt 0.045100 0.420200
vt 0.044880 0.413120
vt 0.922880 0.130180
vt 0.919350 0.123600
vt 0.923580 0.120990
vt 0.927100 0.127660
vt 0.926800 0.118950
vt 0.930370 0.125820
vt 0.930060 0.117070
vt 0.933700 0.124250
vt 0.934490 0.114850
vt 0.938260 0.122390
vt 0.062520 0.412930
vt 0.062750 0.420580
vt 0.091160 0.432450
vt 0.083060 0.440260
vt 0.080600 0.437340
vt 0.088610 0.429640
vt 0.077940 0.434610
vt 0.086020 0.426880
vt 0.074110 0.431100
vt 0.082500 0.423430
vt 0.952740 0.106110
vt 0.941560 0.102250
vt 0.942570 0.097190
vt 0.953790 0.101320
vt 0.943560 0.093540
vt 0.954900 0.097730
vt 0.945010 0.090060
vt 0.956420 0.094320
vt 0.947420 0.085510
vt 0.958820 0.090060
vt 0.094400 0.436150
vt 0.086340 0.444280
vt 0.106540 0.469800
vt 0.093720 0.470350
vt 0.093660 0.466620
vt 0.106570 0.466040
vt 0.093160 0.462930
vt 0.106370 0.462270
vt 0.092170 0.457930
vt 0.105820 0.457380
vt 0.962360 0.070630
vt 0.948740 0.073110
vt 0.947070 0.068280
vt 0.960790 0.065980
vt 0.946180 0.064660
vt 0.959940 0.062340
vt 0.945850 0.060950
vt 0.959540 0.058620
vt 0.945860 0.055830
vt 0.959480 0.053710
vt 0.106260 0.474700
vt 0.093510 0.475430
vt 0.091840 0.510320
vt 0.083620 0.502090
vt 0.086150 0.499260
vt 0.094600 0.507750
vt 0.088460 0.496300
vt 0.097320 0.505100
vt 0.091570 0.492240
vt 0.100770 0.501580
vt 0.947920 0.032620
vt 0.939400 0.042840
vt 0.935280 0.039850
vt 0.943850 0.029950
vt 0.932480 0.037390
vt 0.940920 0.027670
vt 0.929870 0.034650
vt 0.938170 0.025110
vt 0.926540 0.030890
vt 0.934800 0.021580
vt 0.088150 0.513510
vt 0.080040 0.505600
vt 0.056910 0.405280
vt 0.057610 0.411580
vt 0.053670 0.411760
vt 0.053530 0.405490
vt 0.049700 0.411600
vt 0.050150 0.405340
vt 0.044730 0.411400
vt 0.045520 0.404600
vt 0.927790 0.138150
vt 0.923890 0.131860
vt 0.927970 0.129150
vt 0.930810 0.134730
vt 0.931100 0.127380
vt 0.933670 0.132850
vt 0.934380 0.125920
vt 0.936910 0.131840
vt 0.939030 0.124400
vt 0.941450 0.131790
vt 0.061500 0.404410
vt 0.062560 0.411170
vt 0.097240 0.426390
vt 0.092140 0.431630
vt 0.089510 0.428800
vt 0.094900 0.423890
vt 0.086900 0.425940
vt 0.092670 0.421290
vt 0.083430 0.422480
vt 0.089880 0.417490
vt 0.962280 0.108830
vt 0.954140 0.106550
vt 0.955040 0.101730
vt 0.962070 0.104200
vt 0.956100 0.098200
vt 0.962830 0.100820
vt 0.957640 0.094860
vt 0.964550 0.097820
vt 0.960190 0.090680
vt 0.967840 0.094570
vt 0.100710 0.429570
vt 0.095360 0.435330
vt 0.116150 0.469580
vt 0.107860 0.469860
vt 0.107870 0.466020
vt 0.116200 0.466100
vt 0.107730 0.462180
vt 0.116240 0.462610
vt 0.107240 0.457300
vt 0.116550 0.457870
vt 0.973050 0.067990
vt 0.963860 0.070310
vt 0.962150 0.065710
vt 0.970540 0.064040
vt 0.961270 0.062110
vt 0.969450 0.060710
vt 0.960910 0.058430
vt 0.969360 0.057200
vt 0.960990 0.053520
vt 0.970400 0.052640
vt 0.116310 0.474320
vt 0.107530 0.474750
vt 0.098230 0.517290
vt 0.092630 0.511320
vt 0.095470 0.508700
vt 0.100870 0.515000
vt 0.098280 0.506050
vt 0.103530 0.512740
vt 0.101760 0.502570
vt 0.107340 0.509900
vt 0.954310 0.023520
vt 0.948840 0.031360
vt 0.944670 0.028860
vt 0.949860 0.022150
vt 0.941730 0.026660
vt 0.946870 0.020330
vt 0.939060 0.024140
vt 0.944470 0.017770
vt 0.935790 0.020510
vt 0.942160 0.013710
vt 0.094800 0.520580
vt 0.088870 0.514460
vt 0.039670 0.495560
vt 0.028560 0.497130
vt 0.875120 0.049120
vt 0.887280 0.049490
vt 0.893180 0.036700
vt 0.886090 0.032340
vt 0.870820 0.045120
vt 0.022990 0.500460
vt 0.033970 0.507100
vt 0.024210 0.499750
vt 0.039070 0.505620
vt 0.882040 0.028380
vt 0.051570 0.496350
vt 0.057300 0.496410
vt 0.904450 0.041100
vt 0.899280 0.045670
vt 0.900630 0.035810
vt 0.045270 0.506420
vt 0.043240 0.517090
vt 0.043040 0.515700
vt 0.047900 0.514210
vt 0.048080 0.515240
vt 0.897410 0.026920
vt 0.897020 0.028050
vt 0.891030 0.021460
vt 0.891570 0.020050
vt 0.038430 0.517160
vt 0.038170 0.515790
vt 0.886810 0.017070
vt 0.887400 0.015520
vt 0.052930 0.505210
vt 0.055800 0.511720
vt 0.058310 0.502410
vt 0.906860 0.034750
vt 0.903280 0.029320
vt 0.051040 0.524840
vt 0.046460 0.527870
vt 0.043820 0.519820
vt 0.048950 0.517670
vt 0.898580 0.009920
vt 0.903140 0.017070
vt 0.898960 0.024430
vt 0.893280 0.017480
vt 0.889240 0.012820
vt 0.895360 0.004980
vt 0.041800 0.529900
vt 0.038770 0.520300
vt 0.058520 0.521730
vt 0.056750 0.514570
vt 0.062160 0.511630
vt 0.063930 0.519680
vt 0.912870 0.019720
vt 0.910160 0.026770
vt 0.904640 0.026600
vt 0.907760 0.019930
vt 0.061130 0.508560
vt 0.908960 0.029330
vt 0.291730 0.156540
vt 0.262450 0.152510
vt 0.225050 0.165960
vt 0.220890 0.184420
vt 0.218600 0.203490
vt 0.222370 0.224180
vt 0.240810 0.074970
vt 0.237940 0.091420
vt 0.236040 0.108430
vt 0.233360 0.126760
vt 0.229060 0.147580
vt 0.193790 0.161880
vt 0.190000 0.181750
vt 0.187700 0.202170
vt 0.188990 0.224810
vt 0.209460 0.067450
vt 0.206560 0.084150
vt 0.207290 0.103200
vt 0.201450 0.120810
vt 0.197760 0.142400
vt 0.162160 0.157880
vt 0.178420 0.159410
vt 0.174910 0.179830
vt 0.159100 0.178020
vt 0.173160 0.200680
vt 0.157340 0.198080
vt 0.171660 0.223000
vt 0.155930 0.219560
vt 0.177100 0.063360
vt 0.192570 0.064800
vt 0.190810 0.081270
vt 0.175140 0.079040
vt 0.187880 0.100300
vt 0.171460 0.097900
vt 0.185970 0.119250
vt 0.168420 0.116800
vt 0.182160 0.140420
vt 0.165260 0.138610
vt 0.125600 0.157000
vt 0.144710 0.157650
vt 0.141690 0.176320
vt 0.122690 0.175010
vt 0.141170 0.195000
vt 0.123100 0.193390
vt 0.140370 0.218170
vt 0.123860 0.219120
vt 0.147710 0.054380
vt 0.162290 0.060620
vt 0.155740 0.076970
vt 0.140550 0.072590
vt 0.155750 0.095070
vt 0.135800 0.090540
vt 0.151040 0.112500
vt 0.132080 0.108120
vt 0.147420 0.136310
vt 0.128550 0.133530
vt 0.097740 0.154630
vt 0.095490 0.174240
vt 0.096320 0.194180
vt 0.097760 0.220840
vt 0.125410 0.040050
vt 0.116880 0.063620
vt 0.109420 0.081180
vt 0.103650 0.098500
vt 0.100630 0.128430
vt 0.064340 0.148240
vt 0.065290 0.170760
vt 0.068360 0.192980
vt 0.067970 0.220500
vt 0.099480 0.027630
vt 0.090540 0.052250
vt 0.075000 0.073760
vt 0.068160 0.091380
vt 0.063500 0.118320
vt 0.019150 0.130130
vt 0.016580 0.154110
vt 0.032440 0.183660
vt 0.031780 0.220000
vt 0.068310 0.013180
vt 0.066560 0.039830
vt 0.053620 0.065140
vt 0.038720 0.082160
vt 0.030720 0.108020
vt 0.386770 0.916840
vt 0.401220 0.917690
vt 0.396430 0.965240
vt 0.384880 0.963380
vt 0.365000 0.963290
vt 0.361970 0.918210
vt 0.340100 0.965060
vt 0.333450 0.923750
vt 0.859170 0.875630
vt 0.868980 0.837080
vt 0.892480 0.841610
vt 0.887390 0.878400
vt 0.915430 0.880270
vt 0.902040 0.880260
vt 0.904550 0.843500
vt 0.915240 0.842350
vt 0.942890 0.878280
vt 0.928760 0.879380
vt 0.925850 0.841720
vt 0.937250 0.839970
vt 0.960620 0.834380
vt 0.971270 0.875490
vt 0.442140 0.927240
vt 0.431800 0.970660
vt 0.408080 0.967010
vt 0.415190 0.919850
vt 0.388000 0.876060
vt 0.403620 0.876680
vt 0.359780 0.876540
vt 0.324300 0.879270
vt 0.849540 0.917070
vt 0.883620 0.922640
vt 0.915520 0.924590
vt 0.900680 0.924210
vt 0.946700 0.922490
vt 0.930330 0.924110
vt 0.980850 0.916930
vt 0.454170 0.883430
vt 0.419950 0.878510
vt 0.389630 0.831100
vt 0.406900 0.831690
vt 0.357860 0.831380
vt 0.319480 0.830590
vt 0.844600 0.964000
vt 0.882100 0.969700
vt 0.915820 0.972420
vt 0.900140 0.971630
vt 0.948810 0.969580
vt 0.931530 0.971660
vt 0.986260 0.963660
vt 0.463210 0.835860
vt 0.425220 0.833130
vt 0.555230 0.261820
vt 0.554640 0.247030
vt 0.569900 0.246480
vt 0.570580 0.260940
vt 0.572870 0.289490
vt 0.557270 0.291420
vt 0.577570 0.325510
vt 0.561850 0.329120
vt 0.631000 0.243300
vt 0.631920 0.228000
vt 0.668060 0.234670
vt 0.668290 0.250080
vt 0.699500 0.254570
vt 0.685140 0.252890
vt 0.685460 0.237370
vt 0.700740 0.238990
vt 0.730510 0.255960
vt 0.714080 0.255470
vt 0.716120 0.240270
vt 0.733000 0.240840
vt 0.769600 0.239840
vt 0.768400 0.255220
vt 0.554790 0.192610
vt 0.570170 0.194410
vt 0.569710 0.230520
vt 0.554290 0.230400
vt 0.509790 0.263730
vt 0.509660 0.247620
vt 0.530430 0.246910
vt 0.530680 0.263640
vt 0.533050 0.295360
vt 0.510910 0.295490
vt 0.537560 0.333480
vt 0.515200 0.333660
vt 0.624650 0.288590
vt 0.628190 0.267150
vt 0.665480 0.273230
vt 0.662500 0.295780
vt 0.696280 0.300110
vt 0.680520 0.298420
vt 0.682300 0.275640
vt 0.697400 0.277280
vt 0.729690 0.301310
vt 0.712220 0.300890
vt 0.712860 0.278430
vt 0.729400 0.279110
vt 0.767410 0.279280
vt 0.768220 0.300870
vt 0.511280 0.191670
vt 0.531660 0.190760
vt 0.530660 0.229310
vt 0.509910 0.230030
vt 0.475800 0.264660
vt 0.476990 0.246400
vt 0.476750 0.299680
vt 0.482080 0.338780
vt 0.618900 0.321240
vt 0.658300 0.325200
vt 0.693860 0.333460
vt 0.676260 0.331940
vt 0.729450 0.335180
vt 0.711180 0.334660
vt 0.768830 0.334560
vt 0.480620 0.187540
vt 0.478070 0.227520
vt 0.433130 0.265580
vt 0.435110 0.246330
vt 0.432480 0.303610
vt 0.441840 0.344590
vt 0.609480 0.360890
vt 0.648540 0.370750
vt 0.688880 0.377080
vt 0.670110 0.375340
vt 0.727110 0.374970
vt 0.707800 0.377620
vt 0.768250 0.373230
vt 0.446110 0.186570
vt 0.440530 0.226740
vt 0.376350 0.257020
vt 0.377150 0.232830
vt 0.399180 0.241350
vt 0.400240 0.262390
vt 0.407090 0.297140
vt 0.375150 0.294860
vt 0.428760 0.348020
vt 0.403160 0.356390
vt 0.598330 0.399450
vt 0.606210 0.374430
vt 0.646980 0.388960
vt 0.644730 0.420870
vt 0.686580 0.438920
vt 0.669250 0.432600
vt 0.668350 0.394540
vt 0.686400 0.404580
vt 0.727120 0.444410
vt 0.705190 0.441700
vt 0.704150 0.415170
vt 0.723340 0.415230
vt 0.386040 0.162960
vt 0.408440 0.174800
vt 0.401370 0.219970
vt 0.377790 0.210370
vt 0.587580 0.246000
vt 0.588270 0.260250
vt 0.590500 0.288330
vt 0.595450 0.323660
vt 0.636440 0.211420
vt 0.671560 0.218340
vt 0.687780 0.220900
vt 0.701590 0.222600
vt 0.715600 0.223720
vt 0.731340 0.224090
vt 0.767050 0.222560
vt 0.587910 0.194280
vt 0.587370 0.230010
vt 0.677230 0.787760
vt 0.699790 0.786540
vt 0.698690 0.803760
vt 0.676940 0.808240
vt 0.230530 0.619140
vt 0.206010 0.611590
vt 0.214820 0.592970
vt 0.240300 0.600830
vt 0.286830 0.612160
vt 0.279070 0.629680
vt 0.774670 0.791980
vt 0.768900 0.810130
vt 0.722370 0.805680
vt 0.725160 0.786170
vt 0.677000 0.767540
vt 0.699930 0.765500
vt 0.227020 0.641190
vt 0.203380 0.632840
vt 0.275160 0.653320
vt 0.775580 0.768710
vt 0.725470 0.764260
vt 0.675300 0.740120
vt 0.699510 0.743870
vt 0.227690 0.660040
vt 0.204240 0.655040
vt 0.273700 0.679720
vt 0.774440 0.743080
vt 0.723760 0.746190
vt 0.676900 0.712910
vt 0.698230 0.716370
vt 0.232790 0.691650
vt 0.209020 0.685580
vt 0.275980 0.710840
vt 0.768470 0.712670
vt 0.721710 0.716700
vt 0.679230 0.694110
vt 0.702580 0.692880
vt 0.237540 0.716680
vt 0.211870 0.708910
vt 0.276620 0.726900
vt 0.767400 0.696820
vt 0.727460 0.693830
vt 0.683350 0.664800
vt 0.705780 0.666560
vt 0.243240 0.743280
vt 0.211390 0.739140
vt 0.277110 0.741820
vt 0.767680 0.681950
vt 0.731960 0.672890
vt 0.683900 0.646500
vt 0.706490 0.653940
vt 0.235040 0.760150
vt 0.209670 0.760640
vt 0.799610 0.837060
vt 0.807790 0.820430
vt 0.840590 0.823900
vt 0.849540 0.836670
vt 0.489640 0.829410
vt 0.489220 0.845000
vt 0.465460 0.815070
vt 0.471970 0.804720
vt 0.421690 0.749430
vt 0.437130 0.741570
vt 0.442160 0.771360
vt 0.426560 0.772690
vt 0.786480 0.897290
vt 0.768480 0.882280
vt 0.770190 0.849340
vt 0.788910 0.859710
vt 0.413740 0.725630
vt 0.426320 0.715300
vt 0.766580 0.906110
vt 0.756260 0.897200
vt 0.809230 0.929530
vt 0.781840 0.927420
vt 0.446160 0.691270
vt 0.464900 0.710440
vt 0.453060 0.734320
vt 0.436520 0.705200
vt 0.397950 0.709690
vt 0.404490 0.704340
vt 0.742870 0.920420
vt 0.736050 0.912580
vt 0.752520 0.936660
vt 0.417680 0.682320
vt 0.410030 0.697700
vt 0.336880 0.238910
vt 0.332990 0.221050
vt 0.360540 0.231730
vt 0.356040 0.254470
vt 0.337440 0.295300
vt 0.326820 0.272850
vt 0.686580 0.496960
vt 0.666030 0.497660
vt 0.667020 0.466230
vt 0.687640 0.467000
vt 0.730360 0.492030
vt 0.706790 0.495290
vt 0.706690 0.465750
vt 0.729860 0.462870
vt 0.345700 0.154460
vt 0.370420 0.162830
vt 0.363160 0.207920
vt 0.336370 0.199500
vt 0.775350 0.830930
vt 0.452170 0.794980
vt 0.430320 0.791180
vt 0.476620 0.718950
vt 0.466730 0.740790
vt 0.814060 0.911440
vt 0.823820 0.932350
vt 0.810040 0.874720
vt 0.827180 0.855300
vt 0.854330 0.849870
vt 0.485970 0.802870
vt 0.501480 0.821870
vt 0.458160 0.772770
vt 0.470330 0.774960
vt 0.773610 0.458050
vt 0.776320 0.484060
vt 0.767400 0.416730
vt 0.767550 0.442860
vt 0.890590 0.627750
vt 0.896350 0.637370
vt 0.870220 0.654880
vt 0.864310 0.645130
vt 0.731390 0.648280
vt 0.747070 0.633860
vt 0.770220 0.644320
vt 0.760200 0.660520
vt 0.755720 0.608650
vt 0.780190 0.623790
vt 0.872770 0.599610
vt 0.883820 0.619300
vt 0.858270 0.635430
vt 0.844560 0.618590
vt 0.770200 0.552300
vt 0.781070 0.521670
vt 0.786360 0.528560
vt 0.778230 0.555770
vt 0.807980 0.501800
vt 0.808500 0.515230
vt 0.800820 0.517580
vt 0.798750 0.505330
vt 0.835840 0.519780
vt 0.831170 0.526950
vt 0.820910 0.520220
vt 0.825050 0.509210
vt 0.921570 0.622700
vt 0.915450 0.612630
vt 0.714810 0.617150
vt 0.705060 0.635890
vt 0.728850 0.592680
vt 0.752340 0.543370
vt 0.767010 0.508460
vt 0.807510 0.484410
vt 0.792840 0.487440
vt 0.848110 0.504500
vt 0.834510 0.493040
vt 0.909310 0.603300
vt 0.895250 0.583100
vt 0.408410 0.983620
vt 0.430020 0.986270
vt 0.956860 0.819490
vt 0.935440 0.823140
vt 0.925290 0.827220
vt 0.915200 0.828940
vt 0.905130 0.830660
vt 0.892930 0.827990
vt 0.871170 0.821320
vt 0.341700 0.981100
vt 0.364560 0.978050
vt 0.384520 0.979980
vt 0.396760 0.981350
vt 0.787880 0.580570
vt 0.794570 0.606340
vt 0.775980 0.590240
vt 0.760710 0.583390
vt 0.810860 0.571520
vt 0.812440 0.594890
vt 0.803790 0.598790
vt 0.801070 0.573370
vt 0.833820 0.574760
vt 0.831140 0.601240
vt 0.821760 0.596710
vt 0.820250 0.571140
vt 0.848880 0.585420
vt 0.863280 0.577020
vt 0.739600 0.573750
vt 0.884940 0.568140
vt 0.791150 0.548030
vt 0.809440 0.541800
vt 0.801850 0.543080
vt 0.827050 0.542850
vt 0.816990 0.541810
vt 0.841040 0.550020
vt 0.851300 0.546110
vt 0.866600 0.535010
vt 0.795910 0.522060
vt 0.816580 0.517250
vt 0.969910 0.233520
vt 0.999700 0.230220
vt 1.000000 0.266340
vt 0.968090 0.265280
vt 0.997480 0.300690
vt 0.967370 0.298700
vt 0.999680 0.323120
vt 0.966800 0.320740
vt 0.985250 0.347510
vt 0.965750 0.339950
vt 0.965410 0.354690
vt 0.970440 0.223100
vt 0.970730 0.204720
vt 0.981810 0.209180
vt 0.989740 0.217560
vt 0.954250 0.351040
vt 0.946320 0.343190
vt 0.936400 0.320560
vt 0.937160 0.301880
vt 0.936860 0.262740
vt 0.942570 0.229250
vt 0.960320 0.209520
vt 0.952350 0.217840
vt 0.817850 0.504070
vt 0.821720 0.486530
vt 0.790820 0.510310
vt 0.780580 0.494810
vt 0.185180 0.606040
vt 0.164620 0.604470
vt 0.167700 0.580670
vt 0.191790 0.586170
vt 0.183190 0.626320
vt 0.163560 0.623130
vt 0.183730 0.653980
vt 0.164250 0.655110
vt 0.187560 0.685150
vt 0.165350 0.690490
vt 0.188810 0.704700
vt 0.166040 0.707260
vt 0.190960 0.737690
vt 0.168100 0.735960
vt 0.190750 0.755840
vt 0.168510 0.752390
vt 0.751210 0.870460
vt 0.733380 0.862840
vt 0.735500 0.831750
vt 0.753910 0.837350
vt 0.744100 0.890420
vt 0.729420 0.883810
vt 0.729620 0.904900
vt 0.721410 0.902320
vt 0.737630 0.815540
vt 0.758680 0.821510
vt 0.337580 0.295640
vt 0.642400 0.448710
vt 0.642490 0.455360
vt 0.720810 0.173970
vt 0.627850 0.137560
vt 0.638090 0.142320
vt 0.646790 0.144220
vt 0.660630 0.149540
vt 0.678580 0.158480
vt 0.691490 0.165870
vt 0.706050 0.170910
vt 0.723510 0.188530
vt 0.713210 0.187620
vt 0.701080 0.184050
vt 0.686760 0.180720
vt 0.661680 0.173520
vt 0.641920 0.167500
vt 0.632880 0.164870
vt 0.624740 0.162290
vt 0.000000 0.145030
vt 0.001470 0.181940
vt 0.007460 0.213990
vt 0.047750 0.000000
vt 0.042640 0.023680
vt 0.025120 0.043350
vt 0.015320 0.065730
vt 0.011830 0.099240
vt 0.010390 0.121170
vt 0.601490 0.245830
vt 0.601900 0.260060
vt 0.604090 0.287760
vt 0.609160 0.321850
vt 0.640500 0.198410
vt 0.674350 0.204990
vt 0.689380 0.207330
vt 0.702080 0.208890
vt 0.715100 0.210020
vt 0.729890 0.210470
vt 0.764420 0.209060
vt 0.601690 0.194620
vt 0.601030 0.229680
vt 0.276820 0.743110
vt 0.243950 0.744480
vt 0.733080 0.668890
vt 0.767780 0.680630
vt 0.683760 0.645170
vt 0.706660 0.652520
vt 0.235840 0.761010
vt 0.209550 0.761940
vt 0.190390 0.757120
vt 0.168290 0.753730
vt 0.727310 0.663350
vt 0.726200 0.664130
vt 0.389360 0.824080
vt 0.406820 0.824720
vt 0.358300 0.824050
vt 0.322300 0.823180
vt 0.881020 0.976880
vt 0.845650 0.971940
vt 0.915870 0.979930
vt 0.899570 0.979510
vt 0.950090 0.976640
vt 0.932190 0.979030
vt 0.985240 0.971250
vt 0.425500 0.826220
vt 0.461230 0.828290
vt 0.316020 0.135660
vt 0.316440 0.129130
vt 0.317510 0.129040
vt 0.308250 0.159290
vt 0.312670 0.141480
vt 0.313620 0.142190
vt 0.303690 0.180120
vt 0.302960 0.174480
vt 0.304080 0.174490
vt 0.308960 0.200700
vt 0.302980 0.185590
vt 0.304100 0.185590
vt 0.397330 0.708800
vt 0.403740 0.703560
vt 0.742040 0.921130
vt 0.735330 0.913360
vt 0.751450 0.936970
vt 0.409170 0.697020
vt 0.416600 0.682020
vt 0.729110 0.905840
vt 0.721180 0.903320
vt 0.320500 0.111250
vt 0.572150 0.006730
vt 0.569190 0.002740
vt 0.571700 0.000000
vt 0.578810 0.001000
vt 0.596200 0.000000
vt 0.596800 0.003340
vt 0.588510 0.006250
vt 0.587550 0.002510
vt 0.009900 0.015740
vt 0.014440 0.008100
vt 0.642720 0.004970
vt 0.642630 0.000000
vt 0.651400 0.000480
vt 0.646380 0.005610
vt 0.729980 0.110140
vt 0.729880 0.109290
vt 0.716380 0.003380
vt 0.716080 0.000000
vt 0.716070 0.000000
vt 0.725080 0.000120
vt 0.725150 0.003970
vt 0.729800 0.106480
vt 0.729600 0.105990
vt 0.639070 0.036830
vt 0.662340 0.020120
vt 0.691450 0.012650
vt 0.624310 0.059970
vt 0.621650 0.067970
vt 0.617330 0.094130
vt 0.618000 0.116000
vt 0.398820 0.355520
vt 0.594890 0.402040
vt 0.644900 0.495750
vt 0.615960 0.131260
vt 0.609580 0.155970
vt 0.256070 0.950410
vt 0.274800 0.949220
vt 0.273320 0.959080
vt 0.253830 0.960740
vt 0.226410 0.951850
vt 0.223980 0.961550
vt 0.209300 0.952960
vt 0.205740 0.962490
vt 0.169750 0.954620
vt 0.186310 0.954150
vt 0.186920 0.963600
vt 0.170280 0.963970
vt 0.141550 0.955930
vt 0.142300 0.966500
vt 0.116040 0.956210
vt 0.117260 0.966680
vt 0.088110 0.957000
vt 0.088860 0.967660
vt 0.070040 0.957670
vt 0.070930 0.968210
vt 0.038850 0.958360
vt 0.039340 0.969140
vt 0.020260 0.958580
vt 0.019750 0.968270
vt 0.018800 0.956380
vt 0.018360 0.970200
vt 0.038830 0.955550
vt 0.018630 0.945630
vt 0.038880 0.944940
vt 0.068240 0.954930
vt 0.068900 0.944450
vt 0.085670 0.954930
vt 0.085850 0.944150
vt 0.114130 0.953960
vt 0.114770 0.943500
vt 0.140660 0.953380
vt 0.140640 0.942680
vt 0.170140 0.951980
vt 0.169500 0.942430
vt 0.186620 0.950650
vt 0.185910 0.940830
vt 0.225540 0.949270
vt 0.209000 0.950200
vt 0.204760 0.941160
vt 0.222010 0.939880
vt 0.255740 0.947600
vt 0.252350 0.937630
vt 0.276160 0.947210
vt 0.272980 0.936820
vt 0.275130 0.961100
vt 0.253830 0.963580
vt 0.223380 0.964240
vt 0.206320 0.965110
vt 0.187730 0.967050
vt 0.170710 0.966700
vt 0.141640 0.969070
vt 0.115490 0.969130
vt 0.086560 0.969810
vt 0.069190 0.971050
vt 0.039370 0.972010
vt 0.809480 0.953330
vt 0.810980 0.963180
vt 0.792240 0.962030
vt 0.789980 0.951700
vt 0.762580 0.960640
vt 0.760130 0.950950
vt 0.745470 0.959560
vt 0.741890 0.950040
vt 0.723070 0.948970
vt 0.722470 0.958410
vt 0.705920 0.957980
vt 0.706430 0.948630
vt 0.677710 0.956710
vt 0.678440 0.946150
vt 0.652200 0.956480
vt 0.653400 0.946010
vt 0.624270 0.955740
vt 0.625000 0.945090
vt 0.606200 0.955110
vt 0.607070 0.944570
vt 0.575010 0.954480
vt 0.575480 0.943690
vt 0.556410 0.954280
vt 0.555890 0.944590
vt 0.554960 0.956490
vt 0.554500 0.942670
vt 0.554810 0.967240
vt 0.574990 0.957280
vt 0.575060 0.967900
vt 0.604410 0.957850
vt 0.605080 0.968330
vt 0.621830 0.957820
vt 0.622040 0.968600
vt 0.650300 0.958740
vt 0.650960 0.969190
vt 0.676820 0.959270
vt 0.676820 0.969970
vt 0.706310 0.960620
vt 0.705690 0.970170
vt 0.722790 0.961920
vt 0.722100 0.971730
vt 0.740950 0.971370
vt 0.745180 0.962320
vt 0.761710 0.963220
vt 0.758200 0.972620
vt 0.791920 0.964840
vt 0.788540 0.974820
vt 0.812330 0.965190
vt 0.809180 0.975590
vt 0.811290 0.951310
vt 0.789970 0.948860
vt 0.759520 0.948260
vt 0.742460 0.947420
vt 0.723870 0.945520
vt 0.706850 0.945890
vt 0.677780 0.943570
vt 0.651630 0.943560
vt 0.622700 0.942940
vt 0.605320 0.941730
vt 0.575500 0.940820
s 1
f 1/1/1 2/2/2 3/3/3
f 3/3/3 4/4/4 1/1/1
f 2/2/2 1/1/1 5/5/5
f 5/5/5 6/6/6 2/2/2
f 7/7/7 8/8/8 6/6/6
f 6/6/6 5/5/5 7/7/7
f 9/9/9 10/10/10 1/1/1
f 1/1/1 4/4/4 9/9/9
f 11/11/11 12/12/12 4/4/4
f 4/4/4 3/3/3 11/11/11
f 13/13/13 11/11/11 3/3/3
f 3/3/3 2/2/2 13/13/13
f 14/14/14 13/13/13 2/2/2
f 2/2/2 6/6/6 14/14/14
f 15/15/15 16/16/16 5/5/5
f 5/5/5 1/1/1 15/15/15
f 17/17/17 18/18/18 8/8/8
f 8/8/8 7/7/7 17/17/17
f 19/19/19 20/20/20 7/7/7
f 7/7/7 5/5/5 19/19/19
f 18/18/18 14/14/14 6/6/6
f 6/6/6 8/8/8 18/18/18
f 21/21/21 22/22/22 23/23/23
f 23/23/23 24/24/24 21/21/21
f 25/25/25 23/23/23 22/22/22
f 22/22/22 26/26/26 25/25/25
f 26/26/26 27/27/27 28/28/28
f 28/28/28 25/25/25 26/26/26
f 23/23/23 29/29/29 30/30/30
f 30/30/30 24/24/24 23/23/23
f 24/24/24 31/31/31 32/32/32
f 32/32/32 21/21/21 24/24/24
f 21/21/21 32/32/32 33/33/33
f 33/33/33 22/22/22 21/21/21
f 22/22/22 33/33/33 34/34/34
f 34/34/34 26/26/26 22/22/22
f 25/25/25 35/35/35 36/36/36
f 36/36/36 23/23/23 25/25/25
f 27/27/27 37/37/37 38/38/38
f 38/38/38 28/28/28 27/27/27
f 28/28/28 39/39/38 40/40/39
f 40/40/39 25/25/25 28/28/28
f 26/26/26 34/34/34 37/37/37
f 37/37/37 27/27/27 26/26/26
f 41/41/40 42/42/41 43/43/42
f 43/43/42 44/44/43 41/41/40
f 44/44/43 43/43/42 45/45/44
f 45/45/44 46/46/45 44/44/43
f 47/47/46 48/48/47 49/49/48
f 49/49/48 50/50/49 47/47/46
f 50/50/49 49/49/48 51/51/50
f 51/51/50 52/52/51 50/50/49
f 52/52/51 51/51/50 53/53/52
f 53/53/52 54/54/53 52/52/51
f 54/54/53 53/53/52 55/55/54
f 55/55/54 56/56/55 54/54/53
f 56/56/55 55/55/54 57/57/56
f 57/57/56 58/58/57 56/56/55
f 58/58/57 57/57/56 59/59/58
f 59/59/58 60/60/59 58/58/57
f 60/60/59 59/59/58 61/61/60
f 61/61/60 62/62/61 60/60/59
f 62/62/61 61/61/60 63/63/62
f 63/63/62 64/64/63 62/62/61
f 64/64/63 63/63/62 65/65/64
f 65/65/64 66/66/65 64/64/63
f 66/66/65 65/65/64 42/42/41
f 42/42/41 41/41/40 66/66/65
f 67/67/66 68/68/67 69/69/68
f 69/69/68 70/70/69 67/67/66
f 70/70/69 69/69/68 71/71/70
f 71/71/70 72/72/71 70/70/69
f 73/73/72 74/74/73 75/75/74
f 75/75/74 76/76/75 73/73/72
f 76/76/75 75/75/74 77/77/76
f 77/77/76 78/78/77 76/76/75
f 78/78/77 77/77/76 79/79/78
f 79/79/78 80/80/79 78/78/77
f 80/80/79 79/79/78 81/81/80
f 81/81/80 82/82/81 80/80/79
f 82/82/81 81/81/80 83/83/82
f 83/83/82 84/84/83 82/82/81
f 84/84/83 83/83/82 85/85/84
f 85/85/84 86/86/85 84/84/83
f 86/86/85 85/85/84 87/87/86
f 87/87/86 88/88/87 86/86/85
f 88/88/87 87/87/86 89/89/88
f 89/89/88 90/90/89 88/88/87
f 90/90/89 89/89/88 91/91/90
f 91/91/90 92/92/91 90/90/89
f 92/92/91 91/91/90 68/68/67
f 68/68/67 67/67/66 92/92/91
f 93/93/92 67/67/66 70/70/69
f 70/70/69 94/94/93 93/93/92
f 94/94/93 70/70/69 72/72/71
f 72/72/71 95/95/94 94/94/93
f 96/96/95 73/73/72 76/76/75
f 76/76/75 97/97/96 96/96/95
f 97/97/96 76/76/75 78/78/77
f 78/78/77 98/98/97 97/97/96
f 98/98/97 78/78/77 80/80/79
f 80/80/79 99/99/98 98/98/97
f 99/99/98 80/80/79 82/82/81
f 82/82/81 100/100/99 99/99/98
f 100/100/99 82/82/81 84/84/83
f 84/84/83 101/101/100 100/100/99
f 101/101/100 84/84/83 86/86/85
f 86/86/85 102/102/101 101/101/100
f 102/102/101 86/86/85 88/88/87
f 88/88/87 103/103/102 102/102/101
f 103/103/102 88/88/87 90/90/89
f 90/90/89 104/104/103 103/103/102
f 104/104/103 90/90/89 92/92/91
f 92/92/91 105/105/104 104/104/103
f 105/105/104 92/92/91 67/67/66
f 67/67/66 93/93/92 105/105/104
f 106/106/105 93/93/92 94/94/93
f 94/94/93 107/107/106 106/106/105
f 107/107/106 94/94/93 95/95/94
f 95/95/94 108/108/107 107/107/106
f 109/109/108 96/96/95 97/97/96
f 97/97/96 110/110/109 109/109/108
f 110/110/109 97/97/96 98/98/97
f 98/98/97 111/111/110 110/110/109
f 111/111/110 98/98/97 99/99/98
f 99/99/98 112/112/111 111/111/110
f 112/112/111 99/99/98 100/100/99
f 100/100/99 113/113/112 112/112/111
f 113/113/112 100/100/99 101/101/100
f 101/101/100 114/114/113 113/113/112
f 114/114/113 101/101/100 102/102/101
f 102/102/101 115/115/114 114/114/113
f 115/115/114 102/102/101 103/103/102
f 103/103/102 116/116/115 115/115/114
f 116/116/115 103/103/102 104/104/103
f 104/104/103 117/117/116 116/116/115
f 117/117/116 104/104/103 105/105/104
f 105/105/104 118/118/117 117/117/116
f 118/118/117 105/105/104 93/93/92
f 93/93/92 106/106/105 118/118/117
f 119/119/118 106/106/105 107/107/106
f 107/107/106 120/120/119 119/119/118
f 120/120/119 107/107/106 108/108/107
f 108/108/107 121/121/120 120/120/119
f 122/122/120 109/109/108 110/110/109
f 110/110/109 123/123/121 122/122/120
f 123/123/121 110/110/109 111/111/110
f 111/111/110 124/124/122 123/123/121
f 124/124/122 111/111/110 112/112/111
f 112/112/111 125/125/123 124/124/122
f 125/125/123 112/112/111 113/113/112
f 113/113/112 126/126/124 125/125/123
f 126/126/124 113/113/112 114/114/113
f 114/114/113 127/127/125 126/126/124
f 127/127/125 114/114/113 115/115/114
f 115/115/114 128/128/126 127/127/125
f 128/128/126 115/115/114 116/116/115
f 116/116/115 129/129/127 128/128/126
f 129/129/127 116/116/115 117/117/116
f 117/117/116 130/130/128 129/129/127
f 130/130/128 117/117/116 118/118/117
f 118/118/117 131/131/129 130/130/128
f 131/131/129 118/118/117 106/106/105
f 106/106/105 119/119/118 131/131/129
f 119/119/118 120/120/119 132/132/130
f 120/120/119 121/121/120 132/132/130
f 122/122/120 123/123/121 132/132/130
f 123/123/121 124/124/122 132/132/130
f 124/124/122 125/125/123 132/132/130
f 125/125/123 126/126/124 132/132/130
f 126/126/124 127/127/125 132/132/130
f 127/127/125 128/128/126 132/132/130
f 128/128/126 129/129/127 132/132/130
f 129/129/127 130/130/128 132/132/130
f 130/130/128 131/131/129 132/132/130
f 131/131/129 119/119/118 132/132/130
f 42/42/41 133/133/131 134/134/132
f 134/134/132 43/43/42 42/42/41
f 44/44/43 69/69/68 68/68/67
f 68/68/67 41/41/40 44/44/43
f 43/43/42 134/134/132 135/135/133
f 135/135/133 45/45/44 43/43/42
f 46/46/45 71/71/70 69/69/68
f 69/69/68 44/44/43 46/46/45
f 48/48/47 136/136/133 137/137/134
f 137/137/134 49/49/48 48/48/47
f 50/50/49 75/75/74 74/74/73
f 74/74/73 47/47/46 50/50/49
f 49/49/48 137/137/134 138/138/135
f 138/138/135 51/51/50 49/49/48
f 52/52/51 77/77/76 75/75/74
f 75/75/74 50/50/49 52/52/51
f 51/51/50 138/138/135 139/139/136
f 139/139/136 53/53/52 51/51/50
f 54/54/53 79/79/78 77/77/76
f 77/77/76 52/52/51 54/54/53
f 53/53/52 139/139/136 140/140/137
f 140/140/137 55/55/54 53/53/52
f 56/56/55 81/81/80 79/79/78
f 79/79/78 54/54/53 56/56/55
f 55/55/54 140/140/137 141/141/138
f 141/141/138 57/57/56 55/55/54
f 58/58/57 83/83/82 81/81/80
f 81/81/80 56/56/55 58/58/57
f 57/57/56 141/141/138 142/142/139
f 142/142/139 59/59/58 57/57/56
f 60/60/59 85/85/84 83/83/82
f 83/83/82 58/58/57 60/60/59
f 59/59/58 142/142/139 143/143/140
f 143/143/140 61/61/60 59/59/58
f 62/62/61 87/87/86 85/85/84
f 85/85/84 60/60/59 62/62/61
f 61/61/60 143/143/140 144/144/141
f 144/144/141 63/63/62 61/61/60
f 64/64/63 89/89/88 87/87/86
f 87/87/86 62/62/61 64/64/63
f 63/63/62 144/144/141 145/145/142
f 145/145/142 65/65/64 63/63/62
f 66/66/65 91/91/90 89/89/88
f 89/89/88 64/64/63 66/66/65
f 65/65/64 145/145/142 133/133/131
f 133/133/131 42/42/41 65/65/64
f 41/41/40 68/68/67 91/91/90
f 91/91/90 66/66/65 41/41/40
f 146/146/143 147/147/144 148/148/145
f 148/148/145 149/149/146 146/146/143
f 146/146/143 150/150/147 151/151/148
f 151/151/148 147/147/144 146/146/143
f 152/152/149 153/153/150 154/154/151
f 154/154/151 155/155/152 152/152/149
f 156/156/153 157/157/154 158/158/155
f 158/158/155 159/159/156 156/156/153
f 160/160/157 148/148/145 161/161/158
f 160/160/157 161/161/158 162/162/157
f 2301/163/159 2896/164/160 2897/165/161
f 163/166/162 164/167/163 146/146/143
f 146/146/143 149/149/146 163/166/162
f 165/168/164 166/169/165 149/149/146
f 149/149/146 148/148/145 165/168/164
f 167/170/166 168/171/167 150/150/147
f 150/150/147 146/146/143 167/170/166
f 169/172/168 170/173/169 151/151/148
f 151/151/148 150/150/147 169/172/168
f 171/174/170 172/175/171 173/176/172
f 173/176/172 174/177/173 171/174/170
f 175/178/174 176/179/175 177/180/176
f 177/180/176 178/181/177 175/178/174
f 179/182/178 180/183/179 181/184/180
f 181/184/180 182/185/181 179/182/178
f 183/186/182 184/187/183 185/188/184
f 185/188/184 186/189/185 183/186/182
f 187/190/186 188/191/187 189/192/188
f 189/192/188 190/193/189 187/190/186
f 191/194/190 189/192/188 188/191/187
f 188/191/187 192/195/191 191/194/190
f 193/196/192 194/197/193 195/198/194
f 195/198/194 196/199/195 193/196/192
f 197/200/196 198/201/197 199/202/198
f 199/202/198 200/203/199 197/200/196
f 182/185/181 201/204/200 202/205/201
f 202/205/201 179/182/178 182/185/181
f 203/206/202 204/207/203 205/208/204
f 190/193/189 185/188/184 184/187/183
f 184/187/183 187/190/186 190/193/189
f 192/195/191 181/184/180 180/183/179
f 180/183/179 191/194/190 192/195/191
f 206/209/205 207/210/206 175/178/174
f 175/178/174 178/181/177 206/209/205
f 204/207/203 208/211/207 205/208/204
f 186/189/185 202/205/201 201/204/200
f 201/204/200 183/186/182 186/189/185
f 209/212/208 210/213/209 180/183/179
f 180/183/179 179/182/178 209/212/208
f 179/182/178 202/205/201 211/214/210
f 211/214/210 209/212/208 179/182/178
f 212/215/211 211/214/210 202/205/201
f 202/205/201 186/189/185 212/215/211
f 186/189/185 185/188/184 213/216/212
f 213/216/212 212/215/211 186/189/185
f 214/217/213 213/216/212 185/188/184
f 185/188/184 190/193/189 214/217/213
f 190/193/189 189/192/188 215/218/214
f 215/218/214 214/217/213 190/193/189
f 216/219/215 215/218/214 189/192/188
f 189/192/188 191/194/190 216/219/215
f 191/194/190 180/183/179 210/213/209
f 210/213/209 216/219/215 191/194/190
f 217/220/216 210/213/209 209/212/208
f 209/212/208 218/221/217 217/220/216
f 209/212/208 211/214/210 198/201/197
f 198/201/197 218/221/217 209/212/208
f 219/222/218 198/201/197 211/214/210
f 211/214/210 212/215/211 219/222/218
f 212/215/211 213/216/212 220/223/219
f 220/223/219 219/222/218 212/215/211
f 221/224/220 220/223/219 213/216/212
f 213/216/212 214/217/213 221/224/220
f 222/225/221 223/226/222 224/227/223
f 224/227/223 225/228/224 222/225/221
f 224/227/223 226/229/225 227/230/226
f 227/230/226 225/228/224 224/227/223
f 178/181/177 177/180/176 203/206/202
f 203/206/202 205/208/204 178/181/177
f 205/208/204 208/211/207 206/209/205
f 206/209/205 178/181/177 205/208/204
f 228/231/227 176/179/175 175/178/174
f 207/210/206 228/231/227 175/178/174
f 229/232/228 230/233/229 217/220/216
f 217/220/216 218/221/217 229/232/228
f 231/234/230 174/177/231 173/176/232
f 173/176/232 232/235/233 231/234/230
f 233/236/234 234/237/235 235/238/236
f 235/238/236 236/239/237 233/236/234
f 226/229/225 234/237/235 233/236/234
f 233/236/234 227/230/226 226/229/225
f 222/225/221 225/228/224 237/240/238
f 237/240/238 238/241/239 222/225/221
f 225/228/224 227/230/226 239/242/240
f 239/242/240 237/240/238 225/228/224
f 227/230/226 233/236/234 240/243/241
f 240/243/241 239/242/240 227/230/226
f 241/244/242 242/245/243 243/246/244
f 243/246/244 244/247/245 241/244/242
f 245/248/246 246/249/247 247/250/248
f 247/250/248 248/251/249 245/248/246
f 249/252/250 250/253/251 174/177/252
f 174/177/252 251/254/253 249/252/250
f 252/255/254 253/256/255 224/227/223
f 224/227/223 223/226/222 252/255/254
f 253/256/255 254/257/256 226/229/225
f 226/229/225 224/227/223 253/256/255
f 255/258/257 256/259/258 257/260/259
f 257/260/259 258/261/260 255/258/257
f 259/262/261 235/238/236 234/237/235
f 234/237/235 260/263/262 259/262/261
f 254/257/256 260/263/262 234/237/235
f 234/237/235 226/229/225 254/257/256
f 261/264/263 262/265/264 263/266/265
f 263/266/265 264/267/266 261/264/263
f 261/264/263 264/267/266 265/268/267
f 265/268/267 266/269/268 261/264/263
f 266/269/268 265/268/267 267/270/269
f 267/270/269 268/271/270 266/269/268
f 236/239/237 257/260/259 269/272/271
f 269/272/271 270/273/272 236/239/237
f 236/239/237 235/238/236 258/261/260
f 258/261/260 257/260/259 236/239/237
f 259/262/261 255/258/257 258/261/260
f 258/261/260 235/238/236 259/262/261
f 271/274/273 272/275/274 230/233/229
f 230/233/229 229/232/228 271/274/273
f 229/232/228 194/197/193 250/253/251
f 250/253/251 273/276/275 229/232/228
f 274/277/276 250/253/251 194/197/193
f 194/197/193 193/196/192 274/277/276
f 243/246/244 242/245/243 246/249/247
f 246/249/247 245/248/246 243/246/244
f 275/278/277 276/279/278 277/280/279
f 277/280/279 278/281/280 275/278/277
f 279/282/281 280/283/282 281/284/283
f 281/284/283 282/285/284 279/282/281
f 174/177/252 250/253/251 274/277/276
f 274/277/276 171/174/285 174/177/252
f 283/286/286 284/287/287 256/259/258
f 256/259/258 255/258/257 283/286/286
f 230/233/229 285/288/288 255/258/257
f 255/258/257 259/262/261 230/233/229
f 259/262/261 260/263/262 217/220/216
f 217/220/216 230/233/229 259/262/261
f 210/213/209 217/220/216 260/263/262
f 260/263/262 254/257/256 210/213/209
f 216/219/215 210/213/209 254/257/256
f 254/257/256 253/256/255 216/219/215
f 215/218/214 216/219/215 253/256/255
f 253/256/255 252/255/254 215/218/214
f 187/190/186 184/187/183 286/289/289
f 286/289/289 287/290/290 187/190/186
f 183/186/182 288/291/291 286/289/289
f 286/289/289 184/187/183 183/186/182
f 183/186/182 201/204/200 289/292/292
f 289/292/292 288/291/291 183/186/182
f 182/185/181 290/293/293 289/292/292
f 289/292/292 201/204/200 182/185/181
f 182/185/181 181/184/180 291/294/294
f 291/294/294 290/293/293 182/185/181
f 192/195/191 292/295/295 291/294/294
f 291/294/294 181/184/180 192/195/191
f 192/195/191 188/191/187 293/296/296
f 293/296/296 292/295/295 192/195/191
f 187/190/186 287/290/290 293/296/296
f 293/296/296 188/191/187 187/190/186
f 294/297/297 295/298/298 296/299/299
f 296/299/299 297/300/300 294/297/297
f 298/301/301 294/297/297 297/300/300
f 297/300/300 299/302/302 298/301/301
f 300/303/303 298/301/301 299/302/302
f 299/302/302 301/304/304 300/303/303
f 302/305/305 300/303/303 301/304/304
f 301/304/304 303/306/306 302/305/305
f 295/298/298 304/307/307 305/308/308
f 305/308/308 296/299/299 295/298/298
f 297/300/300 296/299/299 306/309/309
f 306/309/309 307/310/310 297/300/300
f 299/302/302 297/300/300 307/310/310
f 307/310/310 308/311/311 299/302/302
f 301/304/304 299/302/302 308/311/311
f 308/311/311 309/312/312 301/304/304
f 303/306/306 301/304/304 309/312/312
f 309/312/312 310/313/313 303/306/306
f 296/299/299 305/308/308 311/314/314
f 311/314/314 306/309/309 296/299/299
f 307/310/310 306/309/309 312/315/315
f 312/315/315 313/316/316 307/310/310
f 308/311/311 307/310/310 313/316/316
f 313/316/316 314/317/317 308/311/311
f 309/312/312 308/311/311 314/317/317
f 314/317/317 315/318/318 309/312/312
f 310/313/313 309/312/312 315/318/318
f 315/318/318 316/319/319 310/313/313
f 306/309/309 311/314/314 317/320/320
f 317/320/320 312/315/315 306/309/309
f 313/316/316 312/315/315 318/321/321
f 318/321/321 319/322/322 313/316/316
f 314/317/317 313/316/316 319/322/322
f 319/322/322 320/323/323 314/317/317
f 315/318/318 314/317/317 320/323/323
f 320/323/323 321/324/324 315/318/318
f 316/319/319 315/318/318 321/324/324
f 321/324/324 322/325/325 316/319/319
f 322/325/325 323/326/326 220/223/219
f 220/223/219 316/319/319 322/325/325
f 312/315/315 317/320/320 324/327/327
f 324/327/327 318/321/321 312/315/315
f 325/328/328 326/329/329 327/330/330
f 327/330/330 328/331/331 325/328/328
f 329/332/332 325/328/328 328/331/331
f 328/331/331 330/333/333 329/332/332
f 325/328/328 331/334/334 332/335/335
f 332/335/335 326/329/329 325/328/328
f 333/336/336 331/334/334 325/328/328
f 325/328/328 329/332/332 333/336/336
f 334/337/337 335/338/338 336/339/339
f 336/339/339 337/340/340 334/337/337
f 338/341/341 339/342/342 197/200/196
f 197/200/196 200/203/199 338/341/341
f 198/201/197 219/222/218 340/343/343
f 340/343/343 199/202/198 198/201/197
f 219/222/218 220/223/219 323/326/326
f 323/326/326 340/343/343 219/222/218
f 335/338/338 341/344/344 342/345/345
f 342/345/345 336/339/339 335/338/338
f 337/340/340 336/339/339 343/346/346
f 343/346/346 344/347/347 337/340/340
f 200/203/199 345/348/348 346/349/349
f 346/349/349 338/341/341 200/203/199
f 347/350/350 348/351/351 349/352/352
f 349/352/352 350/353/353 347/350/350
f 348/351/351 332/335/335 331/334/334
f 331/334/334 349/352/352 348/351/351
f 336/339/339 342/345/345 351/354/354
f 351/354/354 343/346/346 336/339/339
f 200/203/199 199/202/198 352/355/355
f 352/355/355 345/348/348 200/203/199
f 316/319/319 220/223/219 221/224/220
f 221/224/220 310/313/313 316/319/319
f 310/313/313 221/224/220 353/356/356
f 353/356/356 303/306/306 310/313/313
f 354/357/357 346/349/349 345/348/348
f 345/348/348 355/358/358 354/357/357
f 350/353/353 349/352/352 356/359/359
f 356/359/359 357/360/360 350/353/353
f 349/352/352 331/334/334 333/336/336
f 333/336/336 356/359/359 349/352/352
f 343/346/346 351/354/354 358/361/361
f 358/361/361 359/362/362 343/346/346
f 345/348/348 352/355/355 360/363/363
f 360/363/363 355/358/358 345/348/348
f 305/308/308 304/307/307 361/364/364
f 361/364/364 362/365/365 305/308/308
f 311/314/314 305/308/308 362/365/365
f 362/365/365 363/366/366 311/314/314
f 317/320/320 311/314/314 363/366/366
f 363/366/366 364/367/367 317/320/320
f 324/327/327 317/320/320 364/367/367
f 364/367/367 365/368/368 324/327/327
f 362/365/365 361/364/364 366/369/369
f 366/369/369 367/370/370 362/365/365
f 363/366/366 362/365/365 367/370/370
f 367/370/370 368/371/371 363/366/366
f 364/367/367 363/366/366 368/371/371
f 368/371/371 369/372/372 364/367/367
f 365/368/368 364/367/367 369/372/372
f 369/372/372 360/363/363 365/368/368
f 368/371/371 367/370/370 370/373/373
f 370/373/373 371/374/374 368/371/371
f 369/372/372 368/371/371 371/374/374
f 371/374/374 372/375/375 369/372/372
f 360/363/363 369/372/372 372/375/375
f 372/375/375 355/358/358 360/363/363
f 303/306/306 353/356/356 373/376/376
f 373/376/376 302/305/305 303/306/306
f 321/324/324 320/323/323 374/377/377
f 374/377/377 375/378/378 321/324/324
f 322/325/325 321/324/324 375/378/378
f 375/378/378 376/379/379 322/325/325
f 319/322/322 318/321/321 377/380/380
f 377/380/380 378/381/381 319/322/322
f 320/323/323 319/322/322 378/381/381
f 378/381/381 374/377/377 320/323/323
f 323/326/326 322/325/325 376/379/379
f 376/379/379 379/382/382 323/326/326
f 318/321/321 324/327/327 380/383/383
f 380/383/383 377/380/380 318/321/321
f 340/343/343 381/384/384 199/202/198
f 199/202/198 382/385/385 352/355/355
f 340/343/343 323/326/326 379/382/382
f 379/382/382 381/384/384 340/343/343
f 360/363/363 352/355/355 382/385/385
f 382/385/385 383/386/386 360/363/363
f 365/368/368 360/363/363 383/386/386
f 383/386/386 384/387/387 365/368/368
f 324/327/327 365/368/368 384/387/387
f 384/387/387 380/383/383 324/327/327
f 375/378/378 374/377/377 328/331/331
f 328/331/331 327/330/330 375/378/378
f 376/379/379 375/378/378 327/330/330
f 327/330/330 326/329/329 376/379/379
f 378/381/381 377/380/380 329/332/332
f 329/332/332 330/333/333 378/381/381
f 374/377/377 378/381/381 330/333/333
f 330/333/333 328/331/331 374/377/377
f 379/382/382 376/379/379 326/329/329
f 326/329/329 332/335/335 379/382/382
f 377/380/380 380/383/383 333/336/336
f 333/336/336 329/332/332 377/380/380
f 199/202/198 381/384/384 348/351/351
f 348/351/351 347/350/350 199/202/198
f 382/385/385 199/202/198 347/350/350
f 347/350/350 350/353/353 382/385/385
f 381/384/384 379/382/382 332/335/335
f 332/335/335 348/351/351 381/384/384
f 383/386/386 382/385/385 350/353/353
f 350/353/353 357/360/360 383/386/386
f 384/387/387 383/386/386 357/360/360
f 357/360/360 356/359/359 384/387/387
f 380/383/383 384/387/387 356/359/359
f 356/359/359 333/336/336 380/383/383
f 218/221/217 198/201/197 197/200/196
f 197/200/196 195/198/194 218/221/217
f 195/198/194 197/200/196 339/342/342
f 339/342/342 196/199/195 195/198/194
f 248/251/249 247/250/248 341/344/344
f 341/344/344 335/338/338 248/251/249
f 385/388/388 248/251/249 335/338/338
f 335/338/338 334/337/337 385/388/388
f 218/221/217 195/198/194 194/197/193
f 194/197/193 229/232/228 218/221/217
f 241/244/389 244/247/390 172/175/171
f 172/175/171 171/174/170 241/244/389
f 171/174/285 274/277/276 242/245/243
f 242/245/243 241/244/242 171/174/285
f 274/277/276 193/196/192 246/249/247
f 246/249/247 242/245/243 274/277/276
f 193/196/192 196/199/195 247/250/248
f 247/250/248 246/249/247 193/196/192
f 196/199/195 339/342/342 341/344/344
f 341/344/344 247/250/248 196/199/195
f 338/341/341 342/345/345 341/344/344
f 341/344/344 339/342/342 338/341/341
f 338/341/341 346/349/349 351/354/354
f 351/354/354 342/345/345 338/341/341
f 354/357/357 358/361/361 351/354/354
f 351/354/354 346/349/349 354/357/357
f 366/369/369 386/389/391 370/373/373
f 370/373/373 367/370/370 366/369/369
f 387/390/392 388/391/393 389/392/394
f 389/392/394 390/393/395 387/390/392
f 391/394/396 392/395/397 393/396/398
f 393/396/398 394/397/399 391/394/396
f 395/398/400 396/399/401 397/400/402
f 397/400/402 398/401/403 395/398/400
f 390/393/395 389/392/394 399/402/404
f 399/402/404 400/403/405 390/393/395
f 401/404/406 402/405/407 403/406/408
f 403/406/408 404/407/409 401/404/406
f 405/408/410 406/409/411 407/410/412
f 407/410/412 408/411/413 405/408/410
f 404/407/409 403/406/408 409/412/414
f 409/412/414 410/413/415 404/407/409
f 411/414/416 405/408/410 408/411/413
f 408/411/413 412/415/417 411/414/416
f 413/416/418 414/417/419 415/418/420
f 415/418/420 416/419/421 413/416/418
f 417/420/422 418/421/423 419/422/424
f 419/422/424 420/423/425 417/420/422
f 400/403/405 399/402/404 421/424/426
f 421/424/426 422/425/427 400/403/405
f 398/401/403 397/400/402 423/426/428
f 423/426/428 424/427/429 398/401/403
f 398/401/403 424/427/429 425/428/430
f 425/428/430 426/429/431 398/401/403
f 426/429/431 425/428/430 427/430/432
f 427/430/432 419/422/424 426/429/431
f 427/430/432 420/423/425 419/422/424
f 424/427/429 423/426/428 428/431/433
f 429/432/434 425/428/430 424/427/429
f 424/427/429 428/431/433 429/432/434
f 430/433/435 427/430/432 425/428/430
f 425/428/430 429/432/434 430/433/435
f 431/434/436 432/435/437 427/430/432
f 429/432/434 428/431/433 433/436/438
f 434/437/439 430/433/435 429/432/434
f 429/432/434 433/436/438 434/437/439
f 435/438/440 436/439/441 430/433/435
f 428/431/433 423/426/428 437/440/442
f 437/440/442 423/426/428 438/441/443
f 438/441/443 439/442/444 437/440/442
f 422/425/427 421/424/426 440/443/445
f 440/443/445 441/444/446 422/425/427
f 442/445/447 433/436/438 428/431/433
f 428/431/433 437/440/442 442/445/447
f 442/445/447 437/440/442 439/442/444
f 439/442/444 443/446/448 442/445/447
f 444/447/449 434/437/439 433/436/438
f 433/436/438 442/445/447 444/447/449
f 444/447/449 442/445/447 443/446/448
f 443/446/448 445/448/450 444/447/449
f 446/449/451 447/450/452 434/437/439
f 444/447/449 448/451/453 449/452/454
f 441/444/446 440/443/445 450/453/455
f 450/453/455 451/454/456 441/444/446
f 439/442/444 438/441/443 452/455/457
f 452/455/457 453/456/458 439/442/444
f 454/457/459 455/458/460 456/459/461
f 456/459/461 457/460/462 454/457/459
f 451/454/456 450/453/455 458/461/463
f 458/461/463 459/462/464 451/454/456
f 439/442/444 453/456/458 460/463/465
f 460/463/465 443/446/448 439/442/444
f 461/464/466 454/457/459 457/460/462
f 457/460/462 462/465/467 461/464/466
f 443/446/448 460/463/465 463/466/468
f 463/466/468 445/448/450 443/446/448
f 464/467/469 461/464/466 462/465/467
f 462/465/467 465/468/470 464/467/469
f 445/448/450 463/466/468 466/469/471
f 466/469/471 448/451/453 445/448/450
f 467/470/472 464/467/469 465/468/470
f 465/468/470 468/471/473 467/470/472
f 459/462/464 458/461/463 469/472/474
f 469/472/474 470/473/475 459/462/464
f 457/460/462 456/459/461 471/474/476
f 471/474/476 472/475/477 457/460/462
f 457/460/462 472/475/477 473/476/478
f 473/476/478 462/465/467 457/460/462
f 462/465/467 473/476/478 474/477/479
f 474/477/479 465/468/470 462/465/467
f 474/477/479 468/471/473 465/468/470
f 473/476/478 472/475/477 475/478/480
f 476/479/481 474/477/479 473/476/478
f 473/476/478 475/478/480 476/479/481
f 477/480/482 478/481/483 474/477/479
f 472/475/477 471/474/476 479/482/484
f 480/483/485 475/478/480 472/475/477
f 472/475/477 479/482/484 480/483/485
f 481/484/486 476/479/481 475/478/480
f 475/478/480 480/483/485 481/484/486
f 482/485/487 483/486/488 476/479/481
f 479/482/484 471/474/476 392/395/397
f 392/395/397 391/394/396 479/482/484
f 484/487/489 485/488/490 388/391/393
f 388/391/393 387/390/392 484/487/489
f 480/483/485 479/482/484 486/489/491
f 486/489/491 479/482/484 391/394/396
f 391/394/396 487/490/492 486/489/491
f 488/491/493 481/484/486 480/483/485
f 480/483/485 486/489/491 488/491/493
f 488/491/493 486/489/491 487/490/492
f 487/490/492 413/416/418 488/491/493
f 489/492/494 490/493/495 481/484/486
f 488/491/493 416/419/421 491/494/496
f 492/495/497 493/496/498 494/497/499
f 494/497/499 495/498/500 492/495/497
f 496/499/501 492/495/497 495/498/500
f 495/498/500 497/500/502 496/499/501
f 498/501/503 499/502/504 500/503/505
f 500/503/505 501/504/506 498/501/503
f 499/502/504 502/505/507 503/506/508
f 503/506/508 500/503/505 499/502/504
f 504/507/509 505/508/510 506/509/511
f 506/509/511 507/510/512 504/507/509
f 508/511/513 504/507/509 507/510/512
f 507/510/512 509/512/514 508/511/513
f 510/513/515 511/514/516 512/515/517
f 512/515/517 513/516/518 510/513/515
f 511/514/516 514/517/519 515/518/520
f 515/518/520 512/515/517 511/514/516
f 516/519/521 517/520/522 518/521/523
f 518/521/523 519/522/524 516/519/521
f 520/523/525 516/519/521 519/522/524
f 519/522/524 521/524/526 520/523/525
f 522/525/527 523/526/524 524/527/528
f 524/527/528 525/528/529 522/525/527
f 523/526/524 526/529/530 527/530/531
f 527/530/531 524/527/528 523/526/524
f 528/531/532 529/532/533 530/533/534
f 530/533/534 531/534/535 528/531/532
f 532/535/536 528/531/532 531/534/535
f 531/534/535 533/536/537 532/535/536
f 534/537/538 535/538/539 536/539/540
f 536/539/540 537/540/541 534/537/538
f 535/538/539 538/541/542 539/542/543
f 539/542/543 536/539/540 535/538/539
f 478/481/483 477/480/482 540/543/544
f 540/543/544 541/544/545 478/481/483
f 468/471/473 478/481/483 541/544/545
f 541/544/545 542/545/546 468/471/473
f 543/546/547 544/547/548 545/548/549
f 545/548/549 546/549/550 543/546/547
f 544/547/548 547/550/551 548/551/552
f 548/551/552 545/548/549 544/547/548
f 467/470/472 468/471/473 542/545/546
f 542/545/546 549/552/553 467/470/472
f 448/451/453 466/469/471 550/553/554
f 550/553/554 551/554/555 448/451/453
f 552/555/556 553/556/557 554/557/558
f 554/557/558 555/558/559 552/555/556
f 543/546/547 546/549/550 556/559/560
f 556/559/560 557/560/561 543/546/547
f 449/452/454 448/451/453 551/554/555
f 551/554/555 558/561/562 449/452/454
f 446/449/451 449/452/454 558/561/562
f 558/561/562 559/562/563 446/449/451
f 560/563/564 561/564/565 562/565/566
f 562/565/566 563/566/567 560/563/564
f 552/555/556 555/558/559 562/565/566
f 562/565/566 561/564/565 552/555/556
f 564/567/568 446/449/451 559/562/563
f 559/562/563 565/568/569 564/567/568
f 477/480/482 566/569/570 567/570/571
f 567/570/571 540/543/544 477/480/482
f 547/550/551 568/571/572 569/572/573
f 569/572/573 548/551/552 547/550/551
f 560/563/564 563/566/567 570/573/574
f 570/573/574 571/574/575 560/563/564
f 483/486/488 482/485/487 572/575/576
f 572/575/576 573/576/577 483/486/488
f 477/480/482 483/486/488 573/576/577
f 573/576/577 574/577/578 477/480/482
f 575/578/579 576/579/580 577/580/581
f 577/580/581 578/581/582 575/578/579
f 576/579/580 579/582/583 580/583/584
f 580/583/584 577/580/581 576/579/580
f 566/569/570 477/480/482 574/577/578
f 574/577/578 581/584/585 566/569/570
f 446/449/451 564/567/568 582/585/586
f 582/585/586 583/586/587 446/449/451
f 447/450/452 446/449/451 583/586/587
f 583/586/587 584/587/588 447/450/452
f 435/438/440 447/450/452 584/587/588
f 584/587/588 585/588/589 435/438/440
f 586/589/590 587/590/591 588/591/592
f 588/591/592 589/592/593 586/589/590
f 590/593/594 591/594/595 588/591/592
f 588/591/592 587/590/591 590/593/594
f 592/595/596 435/438/440 585/588/589
f 585/588/589 593/596/597 592/595/596
f 482/485/487 594/597/598 595/598/599
f 595/598/599 572/575/576 482/485/487
f 579/582/583 596/599/600 597/600/601
f 597/600/601 580/583/584 579/582/583
f 586/589/590 589/592/593 598/601/602
f 598/601/602 599/602/603 586/589/590
f 490/493/495 489/492/494 600/603/604
f 600/603/604 601/604/605 490/493/495
f 482/485/487 490/493/495 601/604/605
f 601/604/605 602/605/606 482/485/487
f 603/606/607 604/607/608 605/608/609
f 605/608/609 606/609/610 603/606/607
f 604/607/608 607/610/611 608/611/612
f 608/611/612 605/608/609 604/607/608
f 594/597/598 482/485/487 602/605/606
f 602/605/606 609/612/613 594/597/598
f 435/438/440 592/595/596 610/613/614
f 610/613/614 611/614/615 435/438/440
f 436/439/441 435/438/440 611/614/615
f 611/614/615 612/615/616 436/439/441
f 431/434/436 436/439/441 612/615/616
f 612/615/616 613/616/617 431/434/436
f 614/617/618 615/618/619 616/619/620
f 616/619/620 617/620/621 614/617/618
f 618/621/622 619/622/623 616/619/620
f 616/619/620 615/618/619 618/621/622
f 620/623/624 431/434/436 613/616/617
f 613/616/617 621/624/625 620/623/624
f 489/492/494 622/625/626 623/626/627
f 623/626/627 600/603/604 489/492/494
f 607/610/611 624/627/628 625/628/629
f 625/628/629 608/611/612 607/610/611
f 614/617/618 617/620/621 626/629/630
f 626/629/630 627/630/631 614/617/618
f 491/494/496 416/419/421 628/631/632
f 628/631/632 629/632/633 491/494/496
f 489/492/494 491/494/496 629/632/633
f 629/632/633 630/633/634 489/492/494
f 631/634/635 632/635/636 633/636/637
f 633/636/637 634/637/638 631/634/635
f 632/635/636 635/638/639 636/639/640
f 636/639/640 633/636/637 632/635/636
f 622/625/626 489/492/494 630/633/634
f 630/633/634 637/640/641 622/625/626
f 431/434/436 620/623/624 638/641/642
f 638/641/642 639/642/643 431/434/436
f 432/435/437 431/434/436 639/642/643
f 639/642/643 640/643/644 432/435/437
f 420/423/425 432/435/437 640/643/644
f 640/643/644 641/644/645 420/423/425
f 642/645/646 643/646/647 644/647/648
f 644/647/648 645/648/649 642/645/646
f 646/649/650 647/650/651 644/647/648
f 644/647/648 643/646/647 646/649/650
f 417/420/422 420/423/425 641/644/645
f 641/644/645 648/651/652 417/420/422
f 416/419/421 415/418/420 649/652/653
f 649/652/653 628/631/632 416/419/421
f 635/638/639 650/653/654 651/654/655
f 651/654/655 636/639/640 635/638/639
f 642/645/646 645/648/649 652/655/656
f 652/655/656 653/656/657 642/645/646
f 575/578/579 578/581/582 654/657/658
f 654/657/658 655/658/659 575/578/579
f 590/593/594 656/659/660 657/660/661
f 657/660/661 591/594/595 590/593/594
f 603/606/607 606/609/610 658/661/662
f 658/661/662 659/662/663 603/606/607
f 618/621/622 660/663/664 661/664/665
f 661/664/665 619/622/623 618/621/622
f 631/634/635 634/637/638 662/665/666
f 662/665/666 663/666/667 631/634/635
f 646/649/650 664/667/668 665/668/669
f 665/668/669 647/650/651 646/649/650
f 666/669/670 667/670/671 668/671/672
f 668/671/672 669/672/673 666/669/670
f 670/673/674 666/669/670 669/672/673
f 669/672/673 671/674/675 670/673/674
f 671/674/675 672/675/676 673/676/677
f 673/676/677 670/673/674 671/674/675
f 674/677/678 675/678/679 676/679/680
f 676/679/680 677/680/681 674/677/678
f 677/680/681 678/681/682 679/682/683
f 679/682/683 674/677/678 677/680/681
f 680/683/684 679/682/683 678/681/682
f 678/681/682 681/684/685 680/683/684
f 681/684/685 682/685/686 683/686/687
f 683/686/687 680/683/684 681/684/685
f 667/670/671 684/687/688 685/688/689
f 685/688/689 668/671/672 667/670/671
f 686/689/690 687/690/691 688/691/692
f 688/691/692 689/692/693 686/689/690
f 690/693/694 686/689/690 689/692/693
f 689/692/693 691/694/695 690/693/694
f 691/694/695 692/695/696 693/696/697
f 693/696/697 690/693/694 691/694/695
f 694/697/698 695/698/699 696/699/700
f 696/699/700 697/700/701 694/697/698
f 697/700/701 698/701/702 699/702/703
f 699/702/703 694/697/698 697/700/701
f 700/703/704 699/702/703 698/701/702
f 698/701/702 701/704/705 700/703/704
f 701/704/705 702/705/706 703/706/707
f 703/706/707 700/703/704 701/704/705
f 687/690/691 704/707/708 705/708/709
f 705/708/709 688/691/692 687/690/691
f 706/709/710 707/710/711 708/711/712
f 708/711/712 709/712/713 706/709/710
f 710/713/714 706/709/710 709/712/713
f 709/712/713 711/714/715 710/713/714
f 711/714/715 712/715/716 713/716/717
f 713/716/717 710/713/714 711/714/715
f 714/717/718 715/718/719 716/719/720
f 716/719/720 717/720/721 714/717/718
f 717/720/721 718/721/722 719/722/723
f 719/722/723 714/717/718 717/720/721
f 720/723/724 719/722/723 718/721/722
f 718/721/722 721/724/725 720/723/724
f 721/724/725 722/725/726 723/726/727
f 723/726/727 720/723/724 721/724/725
f 707/710/711 724/727/728 725/728/729
f 725/728/729 708/711/712 707/710/711
f 726/729/730 727/730/731 728/731/732
f 728/731/732 729/732/733 726/729/730
f 730/733/734 726/729/730 729/732/733
f 729/732/733 731/734/735 730/733/734
f 731/734/735 732/735/736 733/736/737
f 733/736/737 730/733/734 731/734/735
f 734/737/738 735/738/739 736/739/740
f 736/739/740 737/740/741 734/737/738
f 737/740/741 738/741/742 739/742/743
f 739/742/743 734/737/738 737/740/741
f 740/743/744 739/742/743 738/741/742
f 738/741/742 741/744/745 740/743/744
f 741/744/745 742/745/746 743/746/747
f 743/746/747 740/743/744 741/744/745
f 727/730/731 744/747/748 745/748/749
f 745/748/749 728/731/732 727/730/731
f 746/749/750 747/750/751 748/751/752
f 748/751/752 749/752/753 746/749/750
f 750/753/754 746/749/750 749/752/753
f 749/752/753 751/754/755 750/753/754
f 751/754/755 749/752/753 492/495/497
f 492/495/497 496/499/501 751/754/755
f 749/752/753 748/751/752 493/496/498
f 493/496/498 492/495/497 749/752/753
f 752/755/756 750/753/754 751/754/755
f 751/754/755 753/756/757 752/755/756
f 754/757/758 755/758/759 756/759/760
f 756/759/760 757/760/761 754/757/758
f 757/760/761 756/759/760 498/501/503
f 498/501/503 501/504/506 757/760/761
f 753/756/757 751/754/755 496/499/501
f 496/499/501 497/500/502 753/756/757
f 758/761/762 754/757/758 757/760/761
f 757/760/761 759/762/763 758/761/762
f 760/763/764 758/761/762 759/762/763
f 759/762/763 761/764/765 760/763/764
f 761/764/765 759/762/763 500/503/505
f 500/503/505 503/506/508 761/764/765
f 759/762/763 757/760/761 501/504/506
f 501/504/506 500/503/505 759/762/763
f 762/765/766 760/763/764 761/764/765
f 761/764/765 763/766/767 762/765/766
f 747/750/751 764/767/768 765/768/769
f 765/768/769 748/751/752 747/750/751
f 748/751/752 765/768/769 494/497/499
f 494/497/499 493/496/498 748/751/752
f 763/766/767 761/764/765 503/506/508
f 503/506/508 502/505/507 763/766/767
f 766/769/770 767/770/771 768/771/772
f 768/771/772 769/772/773 766/769/770
f 770/773/774 766/769/770 769/772/773
f 769/772/773 771/774/775 770/773/774
f 771/774/775 769/772/773 504/507/509
f 504/507/509 508/511/513 771/774/775
f 769/772/773 768/771/772 505/508/510
f 505/508/510 504/507/509 769/772/773
f 772/775/776 770/773/774 771/774/775
f 771/774/775 773/776/777 772/775/776
f 774/777/778 775/778/779 776/779/780
f 776/779/780 777/780/781 774/777/778
f 777/780/781 776/779/780 510/513/515
f 510/513/515 513/516/518 777/780/781
f 773/776/777 771/774/775 508/511/513
f 508/511/513 509/512/514 773/776/777
f 778/781/782 774/777/778 777/780/781
f 777/780/781 779/782/783 778/781/782
f 780/783/784 778/781/782 779/782/783
f 779/782/783 781/784/785 780/783/784
f 781/784/785 779/782/783 512/515/517
f 512/515/517 515/518/520 781/784/785
f 779/782/783 777/780/781 513/516/518
f 513/516/518 512/515/517 779/782/783
f 782/785/786 780/783/784 781/784/785
f 781/784/785 783/786/787 782/785/786
f 767/770/771 784/787/788 785/788/789
f 785/788/789 768/771/772 767/770/771
f 768/771/772 785/788/789 506/509/511
f 506/509/511 505/508/510 768/771/772
f 783/786/787 781/784/785 515/518/520
f 515/518/520 514/517/519 783/786/787
f 786/789/790 787/790/791 788/791/792
f 788/791/792 789/792/793 786/789/790
f 790/793/794 786/789/790 789/792/793
f 789/792/793 791/794/795 790/793/794
f 791/794/795 789/792/793 516/519/521
f 516/519/521 520/523/525 791/794/795
f 789/792/793 788/791/792 517/520/522
f 517/520/522 516/519/521 789/792/793
f 792/795/796 790/793/794 791/794/795
f 791/794/795 793/796/797 792/795/796
f 794/797/798 795/798/799 796/799/800
f 796/799/800 797/800/801 794/797/798
f 797/800/801 796/799/800 522/525/527
f 522/525/527 525/528/529 797/800/801
f 793/796/797 791/794/795 520/523/525
f 520/523/525 521/524/526 793/796/797
f 798/801/802 794/797/798 797/800/801
f 797/800/801 799/802/803 798/801/802
f 800/803/804 798/801/802 799/802/803
f 799/802/803 801/804/805 800/803/804
f 801/804/805 799/802/803 524/527/528
f 524/527/528 527/530/531 801/804/805
f 799/802/803 797/800/801 525/528/529
f 525/528/529 524/527/528 799/802/803
f 802/805/806 800/803/804 801/804/805
f 801/804/805 803/806/807 802/805/806
f 787/790/791 804/807/808 805/808/809
f 805/808/809 788/791/792 787/790/791
f 788/791/792 805/808/809 518/521/523
f 518/521/523 517/520/522 788/791/792
f 803/806/807 801/804/805 527/530/531
f 527/530/531 526/529/530 803/806/807
f 806/809/810 807/810/811 808/811/812
f 808/811/812 809/812/813 806/809/810
f 810/813/814 806/809/810 809/812/813
f 809/812/813 811/814/815 810/813/814
f 811/814/815 809/812/813 528/531/532
f 528/531/532 532/535/536 811/814/815
f 809/812/813 808/811/812 529/532/533
f 529/532/533 528/531/532 809/812/813
f 812/815/816 810/813/814 811/814/815
f 811/814/815 813/816/817 812/815/816
f 814/817/818 815/818/819 816/819/820
f 816/819/820 817/820/821 814/817/818
f 817/820/821 816/819/820 534/537/538
f 534/537/538 537/540/541 817/820/821
f 813/816/817 811/814/815 532/535/536
f 532/535/536 533/536/537 813/816/817
f 818/821/822 814/817/818 817/820/821
f 817/820/821 819/822/823 818/821/822
f 820/823/824 818/821/822 819/822/823
f 819/822/823 821/824/825 820/823/824
f 821/824/825 819/822/823 536/539/540
f 536/539/540 539/542/543 821/824/825
f 819/822/823 817/820/821 537/540/541
f 537/540/541 536/539/540 819/822/823
f 822/825/826 820/823/824 821/824/825
f 821/824/825 823/826/827 822/825/826
f 807/810/811 824/827/828 825/828/829
f 825/828/829 808/811/812 807/810/811
f 808/811/812 825/828/829 530/533/534
f 530/533/534 529/532/533 808/811/812
f 823/826/827 821/824/825 539/542/543
f 539/542/543 538/541/542 823/826/827
f 391/394/396 826/829/830 827/830/831
f 827/830/831 487/490/492 391/394/396
f 426/429/431 828/831/832 829/832/833
f 829/832/833 398/401/403 426/429/431
f 829/832/833 828/831/832 830/833/834
f 830/833/834 831/834/835 829/832/833
f 395/398/400 398/401/403 829/832/833
f 829/832/833 832/835/836 395/398/400
f 391/394/396 394/397/399 833/836/837
f 833/836/837 826/829/830 391/394/396
f 826/829/830 833/836/837 834/837/838
f 834/837/838 835/838/839 826/829/830
f 832/835/836 829/832/833 831/834/835
f 831/834/835 836/839/840 832/835/836
f 487/490/492 827/830/831 837/840/841
f 837/840/841 413/416/418 487/490/492
f 414/417/419 413/416/418 837/840/841
f 837/840/841 838/841/842 414/417/419
f 419/422/424 418/421/423 839/842/843
f 839/842/843 840/843/844 419/422/424
f 419/422/424 840/843/844 828/831/832
f 828/831/832 426/429/431 419/422/424
f 828/831/832 840/843/844 841/844/845
f 841/844/845 830/833/834 828/831/832
f 842/845/846 827/830/831 826/829/830
f 826/829/830 835/838/839 842/845/846
f 843/846/847 844/847/848 845/848/849
f 845/848/849 846/849/850 843/846/847
f 847/850/851 848/851/852 849/852/853
f 849/852/853 850/853/854 847/850/851
f 844/847/848 851/854/855 852/855/856
f 852/855/856 845/848/849 844/847/848
f 853/856/857 847/850/851 850/853/854
f 850/853/854 854/857/858 853/856/857
f 855/858/859 837/840/841 827/830/831
f 827/830/831 842/845/846 855/858/859
f 843/846/847 846/849/850 856/859/860
f 857/860/861 838/841/842 837/840/841
f 837/840/841 855/858/859 857/860/861
f 841/844/845 840/843/844 839/842/843
f 839/842/843 858/861/862 841/844/845
f 859/862/863 849/852/853 848/851/852
f 860/863/864 861/864/865 862/865/866
f 862/865/866 863/866/867 860/863/864
f 862/865/866 861/864/865 401/404/406
f 401/404/406 404/407/409 862/865/866
f 864/867/868 865/868/869 866/869/870
f 866/869/870 867/870/871 864/867/868
f 866/869/870 865/868/869 408/411/413
f 408/411/413 407/410/412 866/869/870
f 868/871/872 867/870/871 866/869/870
f 866/869/870 869/872/873 868/871/872
f 860/863/864 870/873/874 871/874/875
f 871/874/875 861/864/865 860/863/864
f 861/864/865 871/874/875 402/405/407
f 402/405/407 401/404/406 861/864/865
f 869/872/873 866/869/870 407/410/412
f 407/410/412 406/409/411 869/872/873
f 863/866/867 862/865/866 872/875/876
f 872/875/876 873/876/877 863/866/867
f 872/875/876 862/865/866 404/407/409
f 404/407/409 410/413/415 872/875/876
f 874/877/878 873/876/877 872/875/876
f 872/875/876 875/878/879 874/877/878
f 876/879/880 877/880/881 878/881/882
f 878/881/882 879/882/883 876/879/880
f 879/882/883 878/881/882 411/414/416
f 411/414/416 412/415/417 879/882/883
f 875/878/879 872/875/876 410/413/415
f 410/413/415 409/412/414 875/878/879
f 876/879/880 879/882/883 865/868/869
f 865/868/869 864/867/868 876/879/880
f 865/868/869 879/882/883 412/415/417
f 412/415/417 408/411/413 865/868/869
f 631/634/635 663/666/667 637/640/641
f 637/640/641 630/633/634 631/634/635
f 639/642/643 638/641/642 664/667/668
f 664/667/668 646/649/650 639/642/643
f 646/649/650 643/646/647 640/643/644
f 640/643/644 639/642/643 646/649/650
f 641/644/645 640/643/644 643/646/647
f 643/646/647 642/645/646 641/644/645
f 642/645/646 653/656/657 648/651/652
f 648/651/652 641/644/645 642/645/646
f 628/631/632 649/652/653 650/653/654
f 650/653/654 635/638/639 628/631/632
f 629/632/633 628/631/632 635/638/639
f 635/638/639 632/635/636 629/632/633
f 630/633/634 629/632/633 632/635/636
f 632/635/636 631/634/635 630/633/634
f 730/733/734 733/736/737 662/665/666
f 662/665/666 634/637/638 730/733/734
f 647/650/651 665/668/669 735/738/739
f 735/738/739 734/737/738 647/650/651
f 734/737/738 739/742/743 644/647/648
f 644/647/648 647/650/651 734/737/738
f 645/648/649 644/647/648 739/742/743
f 739/742/743 740/743/744 645/648/649
f 740/743/744 743/746/747 652/655/656
f 652/655/656 645/648/649 740/743/744
f 636/639/640 651/654/655 744/747/748
f 744/747/748 727/730/731 636/639/640
f 633/636/637 636/639/640 727/730/731
f 727/730/731 726/729/730 633/636/637
f 634/637/638 633/636/637 726/729/730
f 726/729/730 730/733/734 634/637/638
f 603/606/607 659/662/663 609/612/613
f 609/612/613 602/605/606 603/606/607
f 611/614/615 610/613/614 660/663/664
f 660/663/664 618/621/622 611/614/615
f 618/621/622 615/618/619 612/615/616
f 612/615/616 611/614/615 618/621/622
f 613/616/617 612/615/616 615/618/619
f 615/618/619 614/617/618 613/616/617
f 614/617/618 627/630/631 621/624/625
f 621/624/625 613/616/617 614/617/618
f 600/603/604 623/626/627 624/627/628
f 624/627/628 607/610/611 600/603/604
f 601/604/605 600/603/604 607/610/611
f 607/610/611 604/607/608 601/604/605
f 602/605/606 601/604/605 604/607/608
f 604/607/608 603/606/607 602/605/606
f 710/713/714 713/716/717 658/661/662
f 658/661/662 606/609/610 710/713/714
f 619/622/623 661/664/665 715/718/719
f 715/718/719 714/717/718 619/622/623
f 714/717/718 719/722/723 616/619/620
f 616/619/620 619/622/623 714/717/718
f 617/620/621 616/619/620 719/722/723
f 719/722/723 720/723/724 617/620/621
f 720/723/724 723/726/727 626/629/630
f 626/629/630 617/620/621 720/723/724
f 608/611/612 625/628/629 724/727/728
f 724/727/728 707/710/711 608/611/612
f 605/608/609 608/611/612 707/710/711
f 707/710/711 706/709/710 605/608/609
f 606/609/610 605/608/609 706/709/710
f 706/709/710 710/713/714 606/609/610
f 575/578/579 655/658/659 581/584/585
f 581/584/585 574/577/578 575/578/579
f 583/586/587 582/585/586 656/659/660
f 656/659/660 590/593/594 583/586/587
f 590/593/594 587/590/591 584/587/588
f 584/587/588 583/586/587 590/593/594
f 585/588/589 584/587/588 587/590/591
f 587/590/591 586/589/590 585/588/589
f 586/589/590 599/602/603 593/596/597
f 593/596/597 585/588/589 586/589/590
f 572/575/576 595/598/599 596/599/600
f 596/599/600 579/582/583 572/575/576
f 573/576/577 572/575/576 579/582/583
f 579/582/583 576/579/580 573/576/577
f 574/577/578 573/576/577 576/579/580
f 576/579/580 575/578/579 574/577/578
f 690/693/694 693/696/697 654/657/658
f 654/657/658 578/581/582 690/693/694
f 591/594/595 657/660/661 695/698/699
f 695/698/699 694/697/698 591/594/595
f 694/697/698 699/702/703 588/591/592
f 588/591/592 591/594/595 694/697/698
f 589/592/593 588/591/592 699/702/703
f 699/702/703 700/703/704 589/592/593
f 700/703/704 703/706/707 598/601/602
f 598/601/602 589/592/593 700/703/704
f 580/583/584 597/600/601 704/707/708
f 704/707/708 687/690/691 580/583/584
f 577/580/581 580/583/584 687/690/691
f 687/690/691 686/689/690 577/580/581
f 578/581/582 577/580/581 686/689/690
f 686/689/690 690/693/694 578/581/582
f 543/546/547 557/560/561 549/552/553
f 549/552/553 542/545/546 543/546/547
f 551/554/555 550/553/554 553/556/557
f 553/556/557 552/555/556 551/554/555
f 552/555/556 561/564/565 558/561/562
f 558/561/562 551/554/555 552/555/556
f 559/562/563 558/561/562 561/564/565
f 561/564/565 560/563/564 559/562/563
f 560/563/564 571/574/575 565/568/569
f 565/568/569 559/562/563 560/563/564
f 540/543/544 567/570/571 568/571/572
f 568/571/572 547/550/551 540/543/544
f 541/544/545 540/543/544 547/550/551
f 547/550/551 544/547/548 541/544/545
f 542/545/546 541/544/545 544/547/548
f 544/547/548 543/546/547 542/545/546
f 670/673/674 673/676/677 556/559/560
f 556/559/560 546/549/550 670/673/674
f 555/558/559 554/557/558 675/678/679
f 675/678/679 674/677/678 555/558/559
f 674/677/678 679/682/683 562/565/566
f 562/565/566 555/558/559 674/677/678
f 563/566/567 562/565/566 679/682/683
f 679/682/683 680/683/684 563/566/567
f 680/683/684 683/686/687 570/573/574
f 570/573/574 563/566/567 680/683/684
f 548/551/552 569/572/573 684/687/688
f 684/687/688 667/670/671 548/551/552
f 545/548/549 548/551/552 667/670/671
f 667/670/671 666/669/670 545/548/549
f 546/549/550 545/548/549 666/669/670
f 666/669/670 670/673/674 546/549/550
f 729/732/733 728/731/732 807/810/811
f 807/810/811 806/809/810 729/732/733
f 728/731/732 745/748/749 824/827/828
f 824/827/828 807/810/811 728/731/732
f 741/744/745 820/823/824 822/825/826
f 822/825/826 742/745/746 741/744/745
f 741/744/745 738/741/742 818/821/822
f 818/821/822 820/823/824 741/744/745
f 737/740/741 814/817/818 818/821/822
f 818/821/822 738/741/742 737/740/741
f 737/740/741 736/739/740 815/818/819
f 815/818/819 814/817/818 737/740/741
f 731/734/735 810/813/814 812/815/816
f 812/815/816 732/735/736 731/734/735
f 731/734/735 729/732/733 806/809/810
f 806/809/810 810/813/814 731/734/735
f 709/712/713 708/711/712 787/790/791
f 787/790/791 786/789/790 709/712/713
f 708/711/712 725/728/729 804/807/808
f 804/807/808 787/790/791 708/711/712
f 721/724/725 800/803/804 802/805/806
f 802/805/806 722/725/726 721/724/725
f 721/724/725 718/721/722 798/801/802
f 798/801/802 800/803/804 721/724/725
f 717/720/721 794/797/798 798/801/802
f 798/801/802 718/721/722 717/720/721
f 717/720/721 716/719/720 795/798/799
f 795/798/799 794/797/798 717/720/721
f 711/714/715 790/793/794 792/795/796
f 792/795/796 712/715/716 711/714/715
f 711/714/715 709/712/713 786/789/790
f 786/789/790 790/793/794 711/714/715
f 689/692/693 688/691/692 767/770/771
f 767/770/771 766/769/770 689/692/693
f 688/691/692 705/708/709 784/787/788
f 784/787/788 767/770/771 688/691/692
f 701/704/705 780/783/784 782/785/786
f 782/785/786 702/705/706 701/704/705
f 701/704/705 698/701/702 778/781/782
f 778/781/782 780/783/784 701/704/705
f 697/700/701 774/777/778 778/781/782
f 778/781/782 698/701/702 697/700/701
f 697/700/701 696/699/700 775/778/779
f 775/778/779 774/777/778 697/700/701
f 691/694/695 770/773/774 772/775/776
f 772/775/776 692/695/696 691/694/695
f 691/694/695 689/692/693 766/769/770
f 766/769/770 770/773/774 691/694/695
f 669/672/673 668/671/672 747/750/751
f 747/750/751 746/749/750 669/672/673
f 668/671/672 685/688/689 764/767/768
f 764/767/768 747/750/751 668/671/672
f 681/684/685 760/763/764 762/765/766
f 762/765/766 682/685/686 681/684/685
f 681/684/685 678/681/682 758/761/762
f 758/761/762 760/763/764 681/684/685
f 677/680/681 754/757/758 758/761/762
f 758/761/762 678/681/682 677/680/681
f 677/680/681 676/679/680 755/758/759
f 755/758/759 754/757/758 677/680/681
f 671/674/675 750/753/754 752/755/756
f 752/755/756 672/675/676 671/674/675
f 671/674/675 669/672/673 746/749/750
f 746/749/750 750/753/754 671/674/675
f 842/845/846 835/838/839 844/847/848
f 844/847/848 843/846/847 842/845/846
f 855/858/859 842/845/846 843/846/847
f 843/846/847 856/859/860 855/858/859
f 857/860/861 855/858/859 856/859/860
f 856/859/860 880/883/884 857/860/861
f 841/844/845 858/861/862 881/884/885
f 881/884/885 859/862/863 841/844/845
f 830/833/834 841/844/845 859/862/863
f 859/862/863 848/851/852 830/833/834
f 831/834/835 830/833/834 848/851/852
f 848/851/852 847/850/851 831/834/835
f 836/839/840 831/834/835 847/850/851
f 847/850/851 853/856/857 836/839/840
f 835/838/839 834/837/838 851/854/855
f 851/854/855 844/847/848 835/838/839
f 860/863/864 863/866/867 846/849/850
f 846/849/850 845/848/849 860/863/864
f 863/866/867 873/876/877 856/859/860
f 856/859/860 846/849/850 863/866/867
f 880/883/884 856/859/860 873/876/877
f 873/876/877 874/877/878 880/883/884
f 859/862/863 881/884/885 877/880/881
f 877/880/881 876/879/880 859/862/863
f 876/879/880 864/867/868 849/852/853
f 849/852/853 859/862/863 876/879/880
f 864/867/868 867/870/871 850/853/854
f 850/853/854 849/852/853 864/867/868
f 854/857/858 850/853/854 867/870/871
f 867/870/871 868/871/872 854/857/858
f 845/848/849 852/855/856 870/873/874
f 870/873/874 860/863/864 845/848/849
f 431/434/436 430/433/435 436/439/441
f 431/434/436 427/430/432 430/433/435
f 435/438/440 430/433/435 434/437/439
f 435/438/440 434/437/439 447/450/452
f 427/430/432 432/435/437 420/423/425
f 446/449/451 434/437/439 444/447/449
f 446/449/451 444/447/449 449/452/454
f 444/447/449 445/448/450 448/451/453
f 474/477/479 478/481/483 468/471/473
f 477/480/482 474/477/479 476/479/481
f 477/480/482 476/479/481 483/486/488
f 482/485/487 476/479/481 481/484/486
f 482/485/487 481/484/486 490/493/495
f 489/492/494 481/484/486 488/491/493
f 489/492/494 488/491/493 491/494/496
f 488/491/493 413/416/418 416/419/421
f 882/885/886 883/886/887 884/887/888
f 884/887/888 885/888/889 882/885/886
f 883/886/887 886/889/890 887/890/891
f 887/890/891 884/887/888 883/886/887
f 888/891/892 886/889/890 889/892/893
f 889/892/893 890/893/894 888/891/892
f 891/894/895 888/891/892 890/893/894
f 890/893/894 892/895/896 891/894/895
f 893/896/897 891/894/895 892/895/896
f 892/895/896 894/897/898 893/896/897
f 895/898/899 896/899/900 897/900/901
f 897/900/901 898/901/902 895/898/899
f 899/902/903 895/898/899 898/901/902
f 898/901/902 900/903/904 899/902/903
f 882/885/886 899/902/903 900/903/904
f 900/903/904 901/904/905 882/885/886
f 883/886/887 882/885/886 901/904/905
f 901/904/905 902/905/906 883/886/887
f 886/889/890 883/886/887 902/905/906
f 902/905/906 889/892/893 886/889/890
f 890/893/894 889/892/893 903/906/907
f 903/906/907 904/907/908 890/893/894
f 892/895/896 890/893/894 904/907/908
f 904/907/908 905/908/909 892/895/896
f 894/897/898 892/895/896 905/908/909
f 905/908/909 906/909/910 894/897/898
f 898/901/902 897/900/901 907/910/911
f 907/910/911 908/911/912 898/901/902
f 900/903/904 898/901/902 908/911/912
f 908/911/912 909/912/913 900/903/904
f 901/904/905 900/903/904 909/912/913
f 909/912/913 910/913/914 901/904/905
f 902/905/906 901/904/905 910/913/914
f 910/913/914 911/914/915 902/905/906
f 889/892/893 902/905/906 911/914/915
f 911/914/915 903/906/907 889/892/893
f 912/915/916 913/916/917 914/917/918
f 914/917/918 915/918/919 912/915/916
f 916/919/920 912/915/916 915/918/919
f 915/918/919 917/920/921 916/919/920
f 918/921/922 916/919/920 917/920/921
f 917/920/921 919/922/923 918/921/922
f 920/923/924 921/924/925 922/925/926
f 922/925/926 923/926/927 920/923/924
f 924/927/928 920/923/924 923/926/927
f 923/926/927 925/928/929 924/927/928
f 926/929/930 924/927/928 925/928/929
f 925/928/929 927/930/931 926/929/930
f 928/931/932 926/929/930 927/930/931
f 927/930/931 929/932/933 928/931/932
f 913/916/917 928/931/932 929/932/933
f 929/932/933 914/917/918 913/916/917
f 930/933/934 931/934/935 932/935/936
f 932/935/936 933/936/937 930/933/934
f 934/937/938 930/933/934 933/936/937
f 933/936/937 935/938/939 934/937/938
f 936/939/940 934/937/938 935/938/939
f 935/938/939 937/940/941 936/939/940
f 938/941/942 939/942/943 940/943/944
f 940/943/944 941/944/945 938/941/942
f 942/945/946 938/941/942 941/944/945
f 941/944/945 943/946/947 942/945/946
f 944/947/948 942/945/946 943/946/947
f 943/946/947 945/948/949 944/947/948
f 946/949/950 944/947/948 945/948/949
f 945/948/949 947/950/951 946/949/950
f 931/934/935 946/949/950 947/950/951
f 947/950/951 932/935/936 931/934/935
f 933/936/937 932/935/936 948/951/952
f 948/951/952 949/952/953 933/936/937
f 935/938/939 933/936/937 949/952/953
f 949/952/953 950/953/954 935/938/939
f 937/940/941 935/938/939 950/953/954
f 950/953/954 951/954/955 937/940/941
f 941/944/945 940/943/944 952/955/956
f 952/955/956 953/956/957 941/944/945
f 943/946/947 941/944/945 953/956/957
f 953/956/957 954/957/958 943/946/947
f 945/948/949 943/946/947 954/957/958
f 954/957/958 955/958/959 945/948/949
f 947/950/951 945/948/949 955/958/959
f 955/958/959 956/959/960 947/950/951
f 932/935/936 947/950/951 956/959/960
f 956/959/960 948/951/952 932/935/936
f 949/952/953 948/951/952 957/960/961
f 957/960/961 958/961/962 949/952/953
f 950/953/954 949/952/953 958/961/962
f 958/961/962 959/962/963 950/953/954
f 951/954/955 950/953/954 959/962/963
f 959/962/963 960/963/964 951/954/955
f 953/956/957 952/955/956 961/964/965
f 961/964/965 962/965/966 953/956/957
f 954/957/958 953/956/957 962/965/966
f 962/965/966 963/966/967 954/957/958
f 955/958/959 954/957/958 963/966/967
f 963/966/967 964/967/968 955/958/959
f 956/959/960 955/958/959 964/967/968
f 964/967/968 965/968/969 956/959/960
f 948/951/952 956/959/960 965/968/969
f 965/968/969 957/960/961 948/951/952
f 958/961/962 957/960/961 966/969/970
f 966/969/970 967/970/971 958/961/962
f 959/962/963 958/961/962 967/970/971
f 967/970/971 968/971/972 959/962/963
f 960/963/964 959/962/963 968/971/972
f 968/971/972 969/972/973 960/963/964
f 962/965/966 961/964/965 970/973/974
f 970/973/974 971/974/975 962/965/966
f 963/966/967 962/965/966 971/974/975
f 971/974/975 972/975/976 963/966/967
f 964/967/968 963/966/967 972/975/976
f 972/975/976 973/976/977 964/967/968
f 965/968/969 964/967/968 973/976/977
f 973/976/977 974/977/978 965/968/969
f 957/960/961 965/968/969 974/977/978
f 974/977/978 966/969/970 957/960/961
f 975/978/979 976/979/980 977/980/981
f 977/980/981 978/981/982 975/978/979
f 979/982/983 978/981/982 977/980/981
f 977/980/981 980/983/984 979/982/983
f 981/984/985 979/982/983 980/983/984
f 980/983/984 982/985/986 981/984/985
f 983/986/987 984/987/988 985/988/989
f 985/988/989 986/989/990 983/986/987
f 987/990/991 988/991/992 989/992/993
f 989/992/993 990/993/994 987/990/991
f 991/994/995 992/995/996 993/996/997
f 993/996/997 994/997/998 991/994/995
f 995/998/999 994/997/998 993/996/997
f 993/996/997 996/999/1000 995/998/999
f 997/1000/1001 998/1001/1002 999/1002/1003
f 999/1002/1003 1000/1003/1004 997/1000/1001
f 976/979/980 1001/1004/1005 1002/1005/1006
f 1002/1005/1006 977/980/981 976/979/980
f 980/983/984 977/980/981 1002/1005/1006
f 1002/1005/1006 1003/1006/1007 980/983/984
f 982/985/986 980/983/984 1003/1006/1007
f 1003/1006/1007 1004/1007/1008 982/985/986
f 986/989/990 985/988/989 1005/1008/1009
f 1005/1008/1009 1006/1009/1010 986/989/990
f 988/991/992 1007/1010/1011 1008/1011/1012
f 1008/1011/1012 989/992/993 988/991/992
f 992/995/996 1009/1012/1013 1010/1013/1014
f 1010/1013/1014 993/996/997 992/995/996
f 996/999/1000 993/996/997 1010/1013/1014
f 1010/1013/1014 1011/1014/1015 996/999/1000
f 1000/1003/1004 999/1002/1003 1012/1015/1016
f 1012/1015/1016 1013/1016/1017 1000/1003/1004
f 1001/1004/1005 1014/1017/1018 1015/1018/1019
f 1015/1018/1019 1002/1005/1006 1001/1004/1005
f 1003/1006/1007 1002/1005/1006 1015/1018/1019
f 1015/1018/1019 1016/1019/1020 1003/1006/1007
f 1004/1007/1008 1003/1006/1007 1016/1019/1020
f 1016/1019/1020 1017/1020/1021 1004/1007/1008
f 1006/1009/1010 1005/1008/1009 1018/1021/1022
f 1018/1021/1023 1019/1022/1024 1006/1009/1010
f 1007/1010/1011 1020/1023/1025 1021/1024/1026
f 1021/1024/1026 1008/1011/1012 1007/1010/1011
f 1009/1012/1013 1022/1025/1027 1023/1026/1028
f 1023/1026/1028 1010/1013/1014 1009/1012/1013
f 1011/1014/1015 1010/1013/1014 1023/1026/1028
f 1023/1026/1028 1024/1027/1029 1011/1014/1015
f 1013/1016/1017 1012/1015/1016 1025/1028/1030
f 1025/1028/1031 1026/1029/1032 1013/1016/1017
f 1027/1030/1033 1028/1031/1034 1029/1032/1035
f 1029/1032/1035 1030/1033/1036 1027/1030/1033
f 1031/1034/1037 1030/1033/1036 1029/1032/1035
f 1029/1032/1035 1032/1035/1038 1031/1034/1037
f 1033/1036/1039 1031/1034/1037 1032/1035/1038
f 1032/1035/1038 1034/1037/1040 1033/1036/1039
f 1035/1038/1041 1036/1039/1042 1037/1040/1043
f 1037/1040/1043 1038/1041/1044 1035/1038/1041
f 1039/1042/1045 1040/1043/1046 1041/1044/1047
f 1041/1044/1047 1042/1045/1048 1039/1042/1045
f 1043/1046/1049 1044/1047/1050 1045/1048/1051
f 1045/1048/1051 1046/1049/1052 1043/1046/1049
f 1047/1050/1053 1046/1049/1052 1045/1048/1051
f 1045/1048/1051 1048/1051/1054 1047/1050/1053
f 1049/1052/1055 1050/1053/1056 1051/1054/1057
f 1051/1054/1057 1052/1055/1058 1049/1052/1055
f 1053/1056/1059 1054/1057/1060 1055/1058/1061
f 1055/1058/1061 1056/1059/1062 1053/1056/1059
f 1057/1060/1063 1056/1059/1062 1055/1058/1061
f 1055/1058/1061 1058/1061/1064 1057/1060/1063
f 1059/1062/1065 1057/1060/1063 1058/1061/1064
f 1058/1061/1064 1060/1063/1066 1059/1062/1065
f 1061/1064/1067 1062/1065/1068 1063/1066/1069
f 1063/1066/1069 1064/1067/1070 1061/1064/1067
f 1065/1068/1071 1066/1069/1072 1067/1070/1073
f 1067/1070/1073 1068/1071/1074 1065/1068/1071
f 1069/1072/1075 1070/1073/1076 1071/1074/1077
f 1071/1074/1077 1072/1075/1078 1069/1072/1075
f 1073/1076/1079 1072/1075/1078 1071/1074/1077
f 1071/1074/1077 1074/1077/1080 1073/1076/1079
f 1075/1078/1081 1076/1079/1082 1077/1080/1083
f 1077/1080/1083 1078/1081/1084 1075/1078/1081
f 1054/1057/1060 1079/1082/1085 1080/1083/1086
f 1080/1083/1086 1055/1058/1061 1054/1057/1060
f 1058/1061/1064 1055/1058/1061 1080/1083/1086
f 1080/1083/1086 1081/1084/1087 1058/1061/1064
f 1060/1063/1066 1058/1061/1064 1081/1084/1087
f 1081/1084/1087 1082/1085/1088 1060/1063/1066
f 1064/1067/1070 1063/1066/1069 1083/1086/1089
f 1083/1086/1089 1084/1087/1090 1064/1067/1070
f 1066/1069/1072 1085/1088/1091 1086/1089/1092
f 1086/1089/1092 1067/1070/1073 1066/1069/1072
f 1070/1073/1076 1087/1090/1093 1088/1091/1094
f 1088/1091/1094 1071/1074/1077 1070/1073/1076
f 1074/1077/1080 1071/1074/1077 1088/1091/1094
f 1088/1091/1094 1089/1092/1095 1074/1077/1080
f 1078/1081/1084 1077/1080/1083 1090/1093/1096
f 1090/1093/1096 1091/1094/1097 1078/1081/1084
f 1079/1082/1085 1092/1095/1098 1093/1096/1099
f 1093/1096/1099 1080/1083/1086 1079/1082/1085
f 1081/1084/1087 1080/1083/1086 1093/1096/1099
f 1093/1096/1099 1094/1097/1100 1081/1084/1087
f 1082/1085/1088 1081/1084/1087 1094/1097/1100
f 1094/1097/1100 1095/1098/1101 1082/1085/1088
f 1084/1087/1090 1083/1086/1089 1096/1099/1102
f 1096/1099/1102 1097/1100/1103 1084/1087/1090
f 1085/1088/1091 1098/1101/1104 1099/1102/1105
f 1099/1102/1105 1086/1089/1092 1085/1088/1091
f 1087/1090/1093 1100/1103/1106 1101/1104/1107
f 1101/1104/1107 1088/1091/1094 1087/1090/1093
f 1089/1092/1095 1088/1091/1094 1101/1104/1107
f 1101/1104/1107 1102/1105/1108 1089/1092/1095
f 1091/1094/1097 1090/1093/1096 1103/1106/1109
f 1103/1106/1109 1104/1107/1110 1091/1094/1097
f 1105/1108/1111 1106/1109/1112 1107/1110/1113
f 1107/1110/1113 1108/1111/1114 1105/1108/1111
f 1109/1112/1115 1108/1111/1114 1107/1110/1113
f 1107/1110/1113 1110/1113/1116 1109/1112/1115
f 1111/1114/1117 1109/1112/1115 1110/1113/1116
f 1110/1113/1116 1112/1115/1118 1111/1114/1117
f 1113/1116/1119 1114/1117/1120 1115/1118/1121
f 1115/1118/1121 1116/1119/1122 1113/1116/1119
f 1117/1120/1123 1118/1121/1124 1119/1122/1125
f 1119/1122/1125 1120/1123/1126 1117/1120/1123
f 1121/1124/1127 1122/1125/1128 1123/1126/1129
f 1123/1126/1129 1124/1127/1130 1121/1124/1127
f 1125/1128/1131 1126/1129/1132 1127/1130/1133
f 1127/1130/1133 1128/1131/1134 1125/1128/1131
f 1028/1031/1034 1053/1056/1059 1056/1059/1062
f 1056/1059/1062 1029/1032/1035 1028/1031/1034
f 1032/1035/1038 1029/1032/1035 1056/1059/1062
f 1056/1059/1062 1057/1060/1063 1032/1035/1038
f 1034/1037/1040 1032/1035/1038 1057/1060/1063
f 1057/1060/1063 1059/1062/1065 1034/1037/1040
f 1038/1041/1044 1037/1040/1043 1062/1065/1068
f 1062/1065/1068 1061/1064/1067 1038/1041/1044
f 1040/1043/1046 1065/1068/1071 1068/1071/1074
f 1068/1071/1074 1041/1044/1047 1040/1043/1046
f 1044/1047/1050 1069/1072/1075 1072/1075/1078
f 1072/1075/1078 1045/1048/1051 1044/1047/1050
f 1048/1051/1054 1045/1048/1051 1072/1075/1078
f 1072/1075/1078 1073/1076/1079 1048/1051/1054
f 1052/1055/1058 1051/1054/1057 1076/1079/1082
f 1076/1079/1082 1075/1078/1081 1052/1055/1058
f 1129/1132/1135 1027/1030/1033 1030/1033/1036
f 1030/1033/1036 1130/1133/1136 1129/1132/1135
f 1131/1134/1137 1130/1133/1136 1030/1033/1036
f 1030/1033/1036 1031/1034/1037 1131/1134/1137
f 1132/1135/1138 1131/1134/1137 1031/1034/1037
f 1031/1034/1037 1033/1036/1039 1132/1135/1138
f 1133/1136/1139 1134/1137/1140 1036/1039/1042
f 1036/1039/1042 1035/1038/1041 1133/1136/1139
f 1135/1138/1141 1039/1042/1045 1042/1045/1048
f 1042/1045/1048 1136/1139/1142 1135/1138/1141
f 1137/1140/1143 1043/1046/1049 1046/1049/1052
f 1046/1049/1052 1138/1141/1144 1137/1140/1143
f 1139/1142/1145 1138/1141/1144 1046/1049/1052
f 1046/1049/1052 1047/1050/1053 1139/1142/1145
f 1140/1143/1146 1141/1144/1147 1050/1053/1056
f 1050/1053/1056 1049/1052/1055 1140/1143/1146
f 1092/1095/1098 1105/1108/1111 1108/1111/1114
f 1108/1111/1114 1093/1096/1099 1092/1095/1098
f 1094/1097/1100 1093/1096/1099 1108/1111/1114
f 1108/1111/1114 1109/1112/1115 1094/1097/1100
f 1095/1098/1101 1094/1097/1100 1109/1112/1115
f 1109/1112/1115 1111/1114/1117 1095/1098/1101
f 1097/1100/1103 1096/1099/1102 1114/1117/1120
f 1114/1117/1120 1113/1116/1119 1097/1100/1103
f 1098/1101/1104 1117/1120/1123 1120/1123/1126
f 1120/1123/1126 1099/1102/1105 1098/1101/1104
f 1100/1103/1106 1121/1124/1127 1124/1127/1130
f 1124/1127/1130 1101/1104/1107 1100/1103/1106
f 1104/1107/1110 1103/1106/1109 1126/1129/1132
f 1126/1129/1132 1125/1128/1131 1104/1107/1110
f 1142/1145/1148 1143/1146/1149 1144/1147/1150
f 1144/1147/1150 1145/1148/1151 1142/1145/1148
f 1146/1149/1152 1145/1148/1151 1144/1147/1150
f 1144/1147/1150 1147/1150/1153 1146/1149/1152
f 1148/1151/1154 1149/1152/1155 1150/1153/1156
f 1150/1153/1156 1151/1154/1157 1148/1151/1154
f 1152/1155/1158 1151/1154/1157 1150/1153/1156
f 1150/1153/1156 1153/1156/1159 1152/1155/1158
f 1154/1157/1160 1155/1158/1161 1156/1159/1162
f 1156/1159/1162 1157/1160/1163 1154/1157/1160
f 1143/1146/1149 1158/1161/1164 1159/1162/1165
f 1159/1162/1165 1144/1147/1150 1143/1146/1149
f 1147/1150/1153 1144/1147/1150 1159/1162/1165
f 1159/1162/1165 1160/1163/1166 1147/1150/1153
f 1149/1152/1155 1161/1164/1167 1162/1165/1168
f 1162/1165/1168 1150/1153/1156 1149/1152/1155
f 1153/1156/1159 1150/1153/1156 1162/1165/1168
f 1162/1165/1168 1163/1166/1169 1153/1156/1159
f 1157/1160/1163 1156/1159/1162 1164/1167/1170
f 1164/1167/1170 1165/1168/1171 1157/1160/1163
f 1158/1161/1164 1166/1169/1172 1167/1170/1173
f 1167/1170/1173 1159/1162/1165 1158/1161/1164
f 1160/1163/1166 1159/1162/1165 1167/1170/1173
f 1167/1170/1173 1168/1171/1174 1160/1163/1166
f 1161/1164/1167 1169/1172/1175 1170/1173/1176
f 1170/1173/1176 1162/1165/1168 1161/1164/1167
f 1163/1166/1169 1162/1165/1168 1170/1173/1176
f 1170/1173/1176 1171/1174/1177 1163/1166/1169
f 1165/1168/1171 1164/1167/1170 1172/1175/1178
f 1172/1175/1178 1173/1176/1179 1165/1168/1171
f 1166/1169/1172 1174/1177/1180 1175/1178/1181
f 1175/1178/1181 1167/1170/1173 1166/1169/1172
f 1168/1171/1174 1167/1170/1173 1175/1178/1181
f 1175/1178/1181 1176/1179/1182 1168/1171/1174
f 1169/1172/1175 1177/1180/1183 1178/1181/1184
f 1178/1181/1184 1170/1173/1176 1169/1172/1175
f 1171/1174/1177 1170/1173/1176 1178/1181/1184
f 1178/1181/1184 1179/1182/1185 1171/1174/1177
f 1173/1176/1179 1172/1175/1178 1180/1183/1186
f 1180/1183/1186 1181/1184/1187 1173/1176/1179
f 1174/1177/1180 1182/1185/1188 1183/1186/1189
f 1183/1186/1189 1175/1178/1181 1174/1177/1180
f 1176/1179/1182 1175/1178/1181 1183/1186/1189
f 1183/1186/1189 1184/1187/1190 1185/1188/1191
f 1183/1186/1189 1185/1188/1191 1176/1179/1182
f 1177/1180/1183 1186/1189/1192 1187/1190/1193
f 1187/1190/1193 1178/1181/1184 1177/1180/1183
f 1179/1182/1185 1178/1181/1184 1187/1190/1193
f 1187/1190/1193 1188/1191/1194 1179/1182/1185
f 1181/1184/1187 1180/1183/1186 1189/1192/1195
f 1189/1192/1195 1190/1193/1196 1181/1184/1187
f 1182/1185/1188 1191/1194/1197 1192/1195/1198
f 1192/1195/1198 1183/1186/1189 1182/1185/1188
f 1184/1187/1190 1183/1186/1189 1192/1195/1198
f 1192/1195/1198 1193/1196/1199 1184/1187/1190
f 1186/1189/1192 1194/1197/1200 1195/1198/1201
f 1195/1198/1201 1187/1190/1193 1186/1189/1192
f 1188/1191/1194 1187/1190/1193 1195/1198/1201
f 1195/1198/1201 1196/1199/1202 1188/1191/1194
f 1190/1193/1196 1189/1192/1195 1197/1200/1203
f 1197/1200/1204 1198/1201/1205 1190/1193/1196
f 1191/1194/1197 1199/1202/1206 1200/1203/1207
f 1200/1203/1207 1192/1195/1198 1191/1194/1197
f 1193/1196/1199 1192/1195/1198 1200/1203/1207
f 1200/1203/1207 1201/1204/1208 1193/1196/1199
f 1194/1197/1200 1202/1205/1209 1203/1206/1210
f 1203/1206/1210 1195/1198/1201 1194/1197/1200
f 1204/1207/1211 1205/1208/1212 1206/1209/1213
f 1206/1209/1213 1207/1210/1214 1204/1207/1211
f 1208/1211/1215 1209/1212/1216 1210/1213/1217
f 1210/1213/1217 1211/1214/1218 1208/1211/1215
f 1212/1215/1219 1213/1216/1220 1214/1217/1221
f 1214/1217/1221 1215/1218/1222 1212/1215/1219
f 1216/1219/1223 1215/1218/1222 1214/1217/1221
f 1214/1217/1221 1217/1220/1224 1216/1219/1223
f 1218/1221/1225 1219/1222/1226 1220/1223/1227
f 1220/1223/1227 1221/1224/1228 1218/1221/1225
f 1213/1216/1220 1222/1225/1229 1223/1226/1230
f 1223/1226/1230 1214/1217/1221 1213/1216/1220
f 1217/1220/1224 1214/1217/1221 1223/1226/1230
f 1223/1226/1230 1224/1227/1231 1217/1220/1224
f 1219/1222/1226 1225/1228/1232 1226/1229/1233
f 1226/1229/1233 1220/1223/1227 1219/1222/1226
f 1227/1230/1234 1220/1223/1227 1226/1229/1233
f 1226/1229/1233 1228/1231/1235 1227/1230/1234
f 1229/1232/1236 1230/1233/1237 1231/1234/1238
f 1231/1234/1238 1232/1235/1239 1229/1232/1236
f 1222/1225/1229 1233/1236/1240 1234/1237/1241
f 1234/1237/1241 1223/1226/1230 1222/1225/1229
f 1224/1227/1231 1223/1226/1230 1234/1237/1241
f 1234/1237/1241 1235/1238/1242 1224/1227/1231
f 1225/1228/1232 1236/1239/1243 1237/1240/1244
f 1237/1240/1244 1226/1229/1233 1225/1228/1232
f 1228/1231/1235 1226/1229/1233 1237/1240/1244
f 1237/1240/1244 1238/1241/1245 1228/1231/1235
f 1232/1235/1239 1231/1234/1238 1239/1242/1246
f 1239/1242/1247 1240/1243/1248 1232/1235/1239
f 1241/1244/1249 1242/1245/1250 1243/1246/1251
f 1243/1246/1251 1244/1247/1252 1241/1244/1249
f 1245/1248/1253 1244/1247/1252 1243/1246/1251
f 1243/1246/1254 1246/1249/1255 1245/1248/1256
f 1247/1250/1257 1248/1251/1258 1249/1252/1259
f 1249/1252/1259 1250/1253/1260 1247/1250/1257
f 1251/1254/1261 1252/1255/1262 1253/1256/1263
f 1253/1256/1263 1254/1257/1264 1251/1254/1261
f 1255/1258/1265 1256/1259/1266 1257/1260/1267
f 1257/1260/1267 1258/1261/1268 1255/1258/1265
f 1259/1262/1269 1218/1221/1225 1221/1224/1228
f 1221/1224/1228 1206/1209/1213 1259/1262/1269
f 1260/1263/1270 1212/1215/1219 1215/1218/1222
f 1215/1218/1222 1261/1264/1271 1260/1263/1270
f 1262/1265/1272 1261/1264/1271 1215/1218/1222
f 1215/1218/1222 1216/1219/1223 1262/1265/1272
f 1263/1266/1273 1264/1267/1274 1230/1233/1237
f 1230/1233/1237 1229/1232/1236 1263/1266/1273
f 1265/1268/1275 1266/1269/1276 1220/1223/1227
f 1220/1223/1227 1227/1230/1234 1265/1268/1275
f 1266/1269/1276 1267/1270/1277 1221/1224/1228
f 1221/1224/1228 1220/1223/1227 1266/1269/1276
f 1267/1270/1277 1268/1271/1278 1206/1209/1213
f 1206/1209/1213 1221/1224/1228 1267/1270/1277
f 1268/1271/1278 1269/1272/1279 1207/1210/1214
f 1207/1210/1214 1206/1209/1213 1268/1271/1278
f 1270/1273/1280 1271/1274/1281 1211/1214/1218
f 1211/1214/1218 1210/1213/1217 1270/1273/1280
f 1271/1274/1281 1272/1275/1282 1273/1276/1283
f 1273/1276/1283 1211/1214/1218 1271/1274/1281
f 1272/1275/1282 1263/1266/1273 1229/1232/1236
f 1229/1232/1236 1273/1276/1283 1272/1275/1282
f 915/918/919 914/917/918 931/934/935
f 931/934/935 930/933/934 915/918/919
f 917/920/921 915/918/919 930/933/934
f 930/933/934 934/937/938 917/920/921
f 919/922/923 917/920/921 934/937/938
f 934/937/938 936/939/940 919/922/923
f 923/926/927 922/925/926 939/942/943
f 939/942/943 938/941/942 923/926/927
f 925/928/929 923/926/927 938/941/942
f 938/941/942 942/945/946 925/928/929
f 927/930/931 925/928/929 942/945/946
f 942/945/946 944/947/948 927/930/931
f 929/932/933 927/930/931 944/947/948
f 944/947/948 946/949/950 929/932/933
f 914/917/918 929/932/933 946/949/950
f 946/949/950 931/934/935 914/917/918
f 904/907/908 903/906/907 913/916/917
f 913/916/917 912/915/916 904/907/908
f 905/908/909 904/907/908 912/915/916
f 912/915/916 916/919/920 905/908/909
f 906/909/910 905/908/909 916/919/920
f 916/919/920 918/921/922 906/909/910
f 908/911/912 907/910/911 921/924/925
f 921/924/925 920/923/924 908/911/912
f 909/912/913 908/911/912 920/923/924
f 920/923/924 924/927/928 909/912/913
f 910/913/914 909/912/913 924/927/928
f 924/927/928 926/929/930 910/913/914
f 911/914/915 910/913/914 926/929/930
f 926/929/930 928/931/932 911/914/915
f 903/906/907 911/914/915 928/931/932
f 928/931/932 913/916/917 903/906/907
f 1274/1277/1284 1254/1257/1264 1253/1256/1263
f 1253/1256/1263 1275/1278/1285 1274/1277/1284
f 1276/1279/1286 1124/1127/1130 1123/1126/1129
f 1123/1126/1129 1277/1280/1287 1276/1279/1286
f 1276/1279/1286 1102/1105/1108 1101/1104/1107
f 1101/1104/1107 1124/1127/1130 1276/1279/1286
f 1278/1281/1288 1279/1282/1289 1280/1283/1290
f 1280/1283/1290 1281/1284/1291 1278/1281/1288
f 1282/1285/1292 1283/1286/1293 1284/1287/1294
f 1284/1287/1294 1285/1288/1295 1282/1285/1292
f 1282/1285/1292 1286/1289/1296 1287/1290/1297
f 1287/1290/1297 1283/1286/1293 1282/1285/1292
f 1288/1291/1298 1289/1292/1299 1290/1293/1300
f 1290/1293/1300 1291/1294/1301 1288/1291/1298
f 1292/1295/1302 1293/1296/1303 1294/1297/1304
f 1294/1297/1304 1295/1298/1305 1292/1295/1302
f 1296/1299/1306 1297/1300/1307 1298/1301/1308
f 1298/1301/1308 1299/1302/1309 1296/1299/1306
f 1300/1303/1310 1301/1304/1311 1302/1305/1312
f 1302/1305/1312 1303/1306/1313 1300/1303/1310
f 1280/1283/1290 1279/1282/1289 1304/1307/1314
f 1304/1307/1314 1305/1308/1315 1280/1283/1290
f 1284/1287/1294 1283/1286/1293 1306/1309/1316
f 1306/1309/1316 1307/1310/1317 1284/1287/1294
f 1283/1286/1293 1287/1290/1297 1308/1311/1318
f 1308/1311/1318 1306/1309/1316 1283/1286/1293
f 1309/1312/1319 1310/1313/1320 1294/1297/1304
f 1294/1297/1304 1293/1296/1303 1309/1312/1319
f 1299/1302/1309 1298/1301/1308 1311/1314/1321
f 1311/1314/1321 1312/1315/1322 1299/1302/1309
f 1303/1306/1313 1302/1305/1312 1313/1316/1323
f 1313/1316/1323 1314/1317/1324 1303/1306/1313
f 1290/1293/1300 1289/1292/1299 1315/1318/1325
f 1315/1318/1325 1316/1319/1326 1290/1293/1300
f 998/1001/1002 997/1000/1001 1317/1320/1327
f 1317/1320/1327 1318/1321/1328 998/1001/1002
f 994/997/998 995/998/999 1319/1322/1329
f 1319/1322/1329 1320/1323/1330 994/997/998
f 991/994/995 994/997/998 1320/1323/1330
f 1320/1323/1330 1321/1324/1331 991/994/995
f 987/990/991 990/993/994 1322/1325/1332
f 1322/1325/1332 1323/1326/1333 987/990/991
f 984/987/988 983/986/987 1324/1327/1334
f 1324/1327/1334 1325/1328/1335 984/987/988
f 979/982/983 981/984/985 1326/1329/1336
f 1326/1329/1336 1327/1330/1337 979/982/983
f 978/981/982 979/982/983 1327/1330/1337
f 1327/1330/1337 1328/1331/1338 978/981/982
f 975/978/979 978/981/982 1328/1331/1338
f 1328/1331/1338 1329/1332/1339 975/978/979
f 1286/1289/1296 1330/1333/1340 1331/1334/1341
f 1331/1334/1341 1332/1335/1342 1286/1289/1296
f 1286/1289/1296 1332/1335/1342 1333/1336/1343
f 1333/1336/1343 1287/1290/1297 1286/1289/1296
f 1334/1337/1344 1335/1338/1345 1336/1339/1346
f 1336/1339/1346 1337/1340/1347 1334/1337/1344
f 1338/1341/1348 1339/1342/1349 1340/1343/1350
f 1340/1343/1350 1341/1344/1351 1338/1341/1348
f 1339/1342/1349 1291/1294/1301 1342/1345/1352
f 1342/1345/1352 1340/1343/1350 1339/1342/1349
f 1343/1346/1353 1342/1345/1352 1291/1294/1301
f 1291/1294/1301 1290/1293/1300 1343/1346/1353
f 1308/1311/1318 1287/1290/1297 1333/1336/1343
f 1333/1336/1343 1344/1347/1354 1308/1311/1318
f 1290/1293/1300 1316/1319/1326 1345/1348/1355
f 1345/1348/1355 1343/1346/1353 1290/1293/1300
f 1332/1335/1342 1331/1334/1341 1346/1349/1356
f 1346/1349/1356 1295/1298/1305 1332/1335/1342
f 1337/1340/1347 1336/1339/1346 1347/1350/1357
f 1347/1350/1357 1348/1351/1358 1337/1340/1347
f 1341/1344/1351 1340/1343/1350 1349/1352/1359
f 1349/1352/1359 1350/1353/1360 1341/1344/1351
f 1340/1343/1350 1342/1345/1352 1351/1354/1361
f 1351/1354/1361 1349/1352/1359 1340/1343/1350
f 1333/1336/1343 1332/1335/1342 1295/1298/1305
f 1295/1298/1305 1294/1297/1304 1333/1336/1343
f 1342/1345/1352 1343/1346/1353 1352/1355/1362
f 1352/1355/1362 1351/1354/1361 1342/1345/1352
f 1344/1347/1354 1333/1336/1343 1294/1297/1304
f 1294/1297/1304 1310/1313/1320 1344/1347/1354
f 1343/1346/1353 1345/1348/1355 1353/1356/1363
f 1353/1356/1363 1352/1355/1362 1343/1346/1353
f 1354/1357/1364 1292/1295/1302 1295/1298/1305
f 1295/1298/1305 1346/1349/1356 1354/1357/1364
f 1350/1353/1360 1349/1352/1359 1300/1303/1310
f 1300/1303/1310 1355/1358/1365 1350/1353/1360
f 1351/1354/1361 1301/1304/1311 1300/1303/1310
f 1300/1303/1310 1349/1352/1359 1351/1354/1361
f 1351/1354/1361 1352/1355/1362 1302/1305/1312
f 1302/1305/1312 1301/1304/1311 1351/1354/1361
f 1353/1356/1363 1313/1316/1323 1302/1305/1312
f 1302/1305/1312 1352/1355/1362 1353/1356/1363
f 1356/1359/1366 1357/1360/1367 1358/1361/1368
f 1358/1361/1368 1359/1362/1369 1356/1359/1366
f 1360/1363/1370 1356/1359/1366 1359/1362/1369
f 1359/1362/1369 1361/1364/1371 1360/1363/1370
f 1362/1365/1372 1360/1363/1370 1361/1364/1371
f 1361/1364/1371 1363/1366/1373 1362/1365/1372
f 1364/1367/1374 1362/1365/1372 1363/1366/1373
f 1363/1366/1373 1365/1368/1375 1364/1367/1374
f 1366/1369/1376 1364/1367/1374 1365/1368/1375
f 1367/1370/1377 1368/1371/1378 1369/1372/1379
f 1369/1372/1379 1370/1373/1380 1367/1370/1377
f 1371/1374/1381 1366/1369/1376 1365/1368/1375
f 1365/1368/1375 1372/1375/1382 1371/1374/1381
f 1365/1368/1375 1363/1366/1373 1373/1376/1383
f 1373/1376/1383 1372/1375/1382 1365/1368/1375
f 1363/1366/1373 1361/1364/1371 1374/1377/1384
f 1374/1377/1384 1373/1376/1383 1363/1366/1373
f 1361/1364/1371 1359/1362/1369 1375/1378/1385
f 1375/1378/1385 1374/1377/1384 1361/1364/1371
f 1359/1362/1369 1358/1361/1368 1376/1379/1386
f 1376/1379/1386 1375/1378/1385 1359/1362/1369
f 1369/1372/1379 1368/1371/1378 1377/1380/1387
f 1377/1380/1387 1378/1381/1388 1369/1372/1379
f 1348/1351/1358 1347/1350/1357 1297/1300/1307
f 1297/1300/1307 1296/1299/1306 1348/1351/1358
f 1300/1303/1310 1303/1306/1313 1379/1382/1389
f 1379/1382/1389 1355/1358/1365 1300/1303/1310
f 1303/1306/1313 1314/1317/1324 1380/1383/1390
f 1380/1383/1390 1379/1382/1389 1303/1306/1313
f 1354/1357/1364 1381/1384/1391 1293/1296/1303
f 1293/1296/1303 1292/1295/1302 1354/1357/1364
f 1381/1384/1391 1382/1385/1392 1309/1312/1319
f 1309/1312/1319 1293/1296/1303 1381/1384/1391
f 1370/1373/1380 1369/1372/1379 1358/1361/1368
f 1358/1361/1368 1357/1360/1367 1370/1373/1380
f 1369/1372/1379 1378/1381/1388 1376/1379/1386
f 1376/1379/1386 1358/1361/1368 1369/1372/1379
f 1383/1386/1393 1384/1387/1394 1385/1388/1395
f 1385/1388/1395 1386/1389/1396 1383/1386/1393
f 1384/1387/1394 1387/1390/1397 1388/1391/1398
f 1388/1391/1398 1385/1388/1395 1384/1387/1394
f 1387/1390/1397 1389/1392/1399 1390/1393/1400
f 1390/1393/1400 1388/1391/1398 1387/1390/1397
f 1389/1392/1399 1391/1394/1401 1392/1395/1402
f 1392/1395/1402 1390/1393/1400 1389/1392/1399
f 1391/1394/1401 1393/1396/1403 1394/1397/1404
f 1394/1397/1404 1392/1395/1402 1391/1394/1401
f 1393/1396/1403 1395/1398/1405 1396/1399/1406
f 1396/1399/1406 1394/1397/1404 1393/1396/1403
f 1395/1398/1405 1397/1400/1407 1398/1401/1408
f 1398/1401/1408 1396/1399/1406 1395/1398/1405
f 1399/1402/1409 1400/1403/1410 1401/1404/1411
f 1401/1404/1411 1402/1405/1412 1399/1402/1409
f 1400/1403/1410 1403/1406/1413 1404/1407/1414
f 1404/1407/1414 1401/1404/1411 1400/1403/1410
f 1403/1406/1413 1405/1408/1415 1406/1409/1416
f 1406/1409/1416 1404/1407/1414 1403/1406/1413
f 1407/1410/1417 1399/1402/1409 1402/1405/1412
f 1402/1405/1412 1408/1411/1418 1407/1410/1417
f 1118/1121/1124 1247/1250/1257 1250/1253/1260
f 1250/1253/1260 1119/1122/1125 1118/1121/1124
f 1122/1125/1128 1251/1254/1261 1254/1257/1264
f 1254/1257/1264 1123/1126/1129 1122/1125/1128
f 1277/1280/1287 1123/1126/1129 1254/1257/1264
f 1254/1257/1264 1274/1277/1284 1277/1280/1287
f 1128/1131/1134 1127/1130/1133 1256/1259/1266
f 1256/1259/1266 1255/1258/1265 1128/1131/1134
f 1106/1109/1112 1241/1244/1249 1244/1247/1252
f 1244/1247/1252 1107/1110/1113 1106/1109/1112
f 1110/1113/1116 1107/1110/1113 1244/1247/1252
f 1110/1113/1116 1244/1247/1252 1245/1248/1253
f 1245/1248/1419 1409/1412/1420 1110/1113/1116
f 1118/1121/1124 1116/1119/1122 1410/1413/1421
f 1118/1121/1124 1410/1413/1421 1411/1414/1422
f 1411/1414/1422 1247/1250/1257 1118/1121/1124
f 1117/1120/1123 1113/1116/1119 1116/1119/1122
f 1116/1119/1122 1118/1121/1124 1117/1120/1123
f 1098/1101/1104 1097/1100/1103 1113/1116/1119
f 1113/1116/1119 1117/1120/1123 1098/1101/1104
f 1085/1088/1091 1084/1087/1090 1097/1100/1103
f 1097/1100/1103 1098/1101/1104 1085/1088/1091
f 1066/1069/1072 1064/1067/1070 1084/1087/1090
f 1084/1087/1090 1085/1088/1091 1066/1069/1072
f 1065/1068/1071 1061/1064/1067 1064/1067/1070
f 1064/1067/1070 1066/1069/1072 1065/1068/1071
f 1040/1043/1046 1038/1041/1044 1061/1064/1067
f 1061/1064/1067 1065/1068/1071 1040/1043/1046
f 1039/1042/1045 1035/1038/1041 1038/1041/1044
f 1038/1041/1044 1040/1043/1046 1039/1042/1045
f 1135/1138/1141 1133/1136/1139 1035/1038/1041
f 1035/1038/1041 1039/1042/1045 1135/1138/1141
f 1007/1010/1011 1006/1009/1010 1019/1022/1024
f 1019/1022/1024 1020/1023/1025 1007/1010/1011
f 988/991/992 986/989/990 1006/1009/1010
f 1006/1009/1010 1007/1010/1011 988/991/992
f 987/990/991 983/986/987 986/989/990
f 986/989/990 988/991/992 987/990/991
f 987/990/991 1323/1326/1333 1324/1327/1334
f 1324/1327/1334 983/986/987 987/990/991
f 1334/1337/1344 1337/1340/1347 1331/1334/1341
f 1331/1334/1341 1330/1333/1340 1334/1337/1344
f 1337/1340/1347 1348/1351/1358 1346/1349/1356
f 1346/1349/1356 1331/1334/1341 1337/1340/1347
f 1348/1351/1358 1296/1299/1306 1354/1357/1364
f 1354/1357/1364 1346/1349/1356 1348/1351/1358
f 1296/1299/1306 1299/1302/1309 1381/1384/1391
f 1381/1384/1391 1354/1357/1364 1296/1299/1306
f 1299/1302/1309 1312/1315/1322 1382/1385/1392
f 1382/1385/1392 1381/1384/1391 1299/1302/1309
f 1225/1228/1232 1404/1407/1414 1406/1409/1416
f 1406/1409/1416 1236/1239/1243 1225/1228/1232
f 1219/1222/1226 1401/1404/1411 1404/1407/1414
f 1404/1407/1414 1225/1228/1232 1219/1222/1226
f 1218/1221/1225 1402/1405/1412 1401/1404/1411
f 1401/1404/1411 1219/1222/1226 1218/1221/1225
f 1259/1262/1269 1408/1411/1418 1402/1405/1412
f 1402/1405/1412 1218/1221/1225 1259/1262/1269
f 1194/1197/1200 1396/1399/1406 1398/1401/1408
f 1398/1401/1408 1202/1205/1209 1194/1197/1200
f 1186/1189/1192 1394/1397/1404 1396/1399/1406
f 1396/1399/1406 1194/1197/1200 1186/1189/1192
f 1177/1180/1183 1392/1395/1402 1394/1397/1404
f 1394/1397/1404 1186/1189/1192 1177/1180/1183
f 1169/1172/1175 1390/1393/1400 1392/1395/1402
f 1392/1395/1402 1177/1180/1183 1169/1172/1175
f 1161/1164/1167 1388/1391/1398 1390/1393/1400
f 1390/1393/1400 1169/1172/1175 1161/1164/1167
f 1149/1152/1155 1385/1388/1395 1388/1391/1398
f 1388/1391/1398 1161/1164/1167 1149/1152/1155
f 1148/1151/1154 1386/1389/1396 1385/1388/1395
f 1385/1388/1395 1149/1152/1155 1148/1151/1154
f 1251/1254/1261 1250/1253/1260 1249/1252/1259
f 1249/1252/1259 1252/1255/1262 1251/1254/1261
f 1122/1125/1128 1119/1122/1125 1250/1253/1260
f 1250/1253/1260 1251/1254/1261 1122/1125/1128
f 1121/1124/1127 1120/1123/1126 1119/1122/1125
f 1119/1122/1125 1122/1125/1128 1121/1124/1127
f 1100/1103/1106 1099/1102/1105 1120/1123/1126
f 1120/1123/1126 1121/1124/1127 1100/1103/1106
f 1087/1090/1093 1086/1089/1092 1099/1102/1105
f 1099/1102/1105 1100/1103/1106 1087/1090/1093
f 1070/1073/1076 1067/1070/1073 1086/1089/1092
f 1086/1089/1092 1087/1090/1093 1070/1073/1076
f 1069/1072/1075 1068/1071/1074 1067/1070/1073
f 1067/1070/1073 1070/1073/1076 1069/1072/1075
f 1044/1047/1050 1041/1044/1047 1068/1071/1074
f 1068/1071/1074 1069/1072/1075 1044/1047/1050
f 1043/1046/1049 1042/1045/1048 1041/1044/1047
f 1041/1044/1047 1044/1047/1050 1043/1046/1049
f 1137/1140/1143 1136/1139/1142 1042/1045/1048
f 1042/1045/1048 1043/1046/1049 1137/1140/1143
f 1009/1012/1013 1008/1011/1012 1021/1024/1026
f 1021/1024/1026 1022/1025/1027 1009/1012/1013
f 992/995/996 989/992/993 1008/1011/1012
f 1008/1011/1012 1009/1012/1013 992/995/996
f 991/994/995 990/993/994 989/992/993
f 989/992/993 992/995/996 991/994/995
f 991/994/995 1321/1324/1331 1322/1325/1332
f 1322/1325/1332 990/993/994 991/994/995
f 1338/1341/1348 1341/1344/1351 1336/1339/1346
f 1336/1339/1346 1335/1338/1345 1338/1341/1348
f 1341/1344/1351 1350/1353/1360 1347/1350/1357
f 1347/1350/1357 1336/1339/1346 1341/1344/1351
f 1350/1353/1360 1355/1358/1365 1297/1300/1307
f 1297/1300/1307 1347/1350/1357 1350/1353/1360
f 1355/1358/1365 1379/1382/1389 1298/1301/1308
f 1298/1301/1308 1297/1300/1307 1355/1358/1365
f 1379/1382/1389 1380/1383/1390 1311/1314/1321
f 1311/1314/1321 1298/1301/1308 1379/1382/1389
f 1222/1225/1229 1232/1235/1239 1240/1243/1248
f 1240/1243/1248 1233/1236/1240 1222/1225/1229
f 1213/1216/1220 1229/1232/1236 1232/1235/1239
f 1232/1235/1239 1222/1225/1229 1213/1216/1220
f 1212/1215/1219 1273/1276/1283 1229/1232/1236
f 1229/1232/1236 1213/1216/1220 1212/1215/1219
f 1260/1263/1270 1211/1214/1218 1273/1276/1283
f 1273/1276/1283 1212/1215/1219 1260/1263/1270
f 1182/1185/1188 1190/1193/1196 1198/1201/1205
f 1198/1201/1205 1191/1194/1197 1182/1185/1188
f 1174/1177/1180 1181/1184/1187 1190/1193/1196
f 1190/1193/1196 1182/1185/1188 1174/1177/1180
f 1166/1169/1172 1173/1176/1179 1181/1184/1187
f 1181/1184/1187 1174/1177/1180 1166/1169/1172
f 1158/1161/1164 1165/1168/1171 1173/1176/1179
f 1173/1176/1179 1166/1169/1172 1158/1161/1164
f 1143/1146/1149 1157/1160/1163 1165/1168/1171
f 1165/1168/1171 1158/1161/1164 1143/1146/1149
f 1142/1145/1148 1154/1157/1160 1157/1160/1163
f 1157/1160/1163 1143/1146/1149 1142/1145/1148
f 1241/1244/1249 1255/1258/1265 1258/1261/1268
f 1258/1261/1268 1242/1245/1250 1241/1244/1249
f 1106/1109/1112 1128/1131/1134 1255/1258/1265
f 1255/1258/1265 1241/1244/1249 1106/1109/1112
f 1105/1108/1111 1125/1128/1131 1128/1131/1134
f 1128/1131/1134 1106/1109/1112 1105/1108/1111
f 1092/1095/1098 1104/1107/1110 1125/1128/1131
f 1125/1128/1131 1105/1108/1111 1092/1095/1098
f 1079/1082/1085 1091/1094/1097 1104/1107/1110
f 1104/1107/1110 1092/1095/1098 1079/1082/1085
f 1054/1057/1060 1078/1081/1084 1091/1094/1097
f 1091/1094/1097 1079/1082/1085 1054/1057/1060
f 1053/1056/1059 1075/1078/1081 1078/1081/1084
f 1078/1081/1084 1054/1057/1060 1053/1056/1059
f 1028/1031/1034 1052/1055/1058 1075/1078/1081
f 1075/1078/1081 1053/1056/1059 1028/1031/1034
f 1027/1030/1033 1049/1052/1055 1052/1055/1058
f 1052/1055/1058 1028/1031/1034 1027/1030/1033
f 1129/1132/1135 1140/1143/1146 1049/1052/1055
f 1049/1052/1055 1027/1030/1033 1129/1132/1135
f 1001/1004/1005 1013/1016/1017 1026/1029/1032
f 1026/1029/1032 1014/1017/1018 1001/1004/1005
f 976/979/980 1000/1003/1004 1013/1016/1017
f 1013/1016/1017 1001/1004/1005 976/979/980
f 975/978/979 997/1000/1001 1000/1003/1004
f 1000/1003/1004 976/979/980 975/978/979
f 975/978/979 1329/1332/1339 1317/1320/1327
f 1317/1320/1327 997/1000/1001 975/978/979
f 1281/1284/1291 1280/1283/1290 1289/1292/1299
f 1289/1292/1299 1288/1291/1298 1281/1284/1291
f 1280/1283/1290 1305/1308/1315 1315/1318/1325
f 1315/1318/1325 1289/1292/1299 1280/1283/1290
f 1412/1415/1423 359/362/362 1413/1416/1424
f 1413/1416/1424 1414/1417/1425 1412/1415/1423
f 370/373/373 386/389/391 1415/1418/1426
f 1415/1418/1426 1416/1419/1427 370/373/373
f 371/374/374 370/373/373 1416/1419/1427
f 1416/1419/1427 1417/1420/1428 371/374/374
f 372/375/375 371/374/374 1417/1420/1428
f 1417/1420/1428 1418/1421/1429 372/375/375
f 355/358/358 372/375/375 1418/1421/1429
f 1418/1421/1429 1419/1422/1430 355/358/358
f 354/357/357 355/358/358 1419/1422/1430
f 1419/1422/1430 1420/1423/1431 354/357/357
f 358/361/361 354/357/357 1420/1423/1431
f 1420/1423/1431 1421/1424/1432 358/361/361
f 359/362/362 358/361/361 1421/1424/1432
f 1421/1424/1432 1413/1416/1424 359/362/362
f 1414/1417/1425 1413/1416/1424 1422/1425/1433
f 1422/1425/1433 1423/1426/1434 1414/1417/1425
f 1413/1416/1424 1421/1424/1432 1424/1427/1435
f 1424/1427/1435 1422/1425/1433 1413/1416/1424
f 1421/1424/1432 1420/1423/1431 1425/1428/1436
f 1425/1428/1436 1424/1427/1435 1421/1424/1432
f 1420/1423/1431 1419/1422/1430 1426/1429/1437
f 1426/1429/1437 1425/1428/1436 1420/1423/1431
f 1419/1422/1430 1418/1421/1429 1427/1430/1438
f 1427/1430/1438 1426/1429/1437 1419/1422/1430
f 1418/1421/1429 1417/1420/1428 1428/1431/1439
f 1428/1431/1439 1427/1430/1438 1418/1421/1429
f 1417/1420/1428 1416/1419/1427 1429/1432/1440
f 1429/1432/1440 1428/1431/1439 1417/1420/1428
f 1416/1419/1427 1415/1418/1426 1430/1433/1441
f 1430/1433/1441 1429/1432/1440 1416/1419/1427
f 252/255/254 263/266/265 262/265/264
f 262/265/264 215/218/214 252/255/254
f 252/255/254 223/226/222 264/267/266
f 264/267/266 263/266/265 252/255/254
f 265/268/267 264/267/266 223/226/222
f 223/226/222 222/225/221 265/268/267
f 262/265/264 221/224/220 214/217/213
f 214/217/213 215/218/214 262/265/264
f 261/264/263 353/356/356 221/224/220
f 221/224/220 262/265/264 261/264/263
f 261/264/263 266/269/268 373/376/376
f 373/376/376 353/356/356 261/264/263
f 968/971/972 967/970/971 1431/1434/1442
f 1431/1434/1442 1432/1435/1443 968/971/972
f 969/972/973 968/971/972 1432/1435/1443
f 1432/1435/1443 1433/1436/1444 969/972/973
f 971/974/975 970/973/974 1434/1437/1445
f 1434/1437/1445 1435/1438/1446 971/974/975
f 972/975/976 971/974/975 1435/1438/1446
f 1435/1438/1446 1436/1439/1447 972/975/976
f 973/976/977 972/975/976 1436/1439/1447
f 1436/1439/1447 1437/1440/1448 973/976/977
f 974/977/978 973/976/977 1437/1440/1448
f 1437/1440/1448 1438/1441/1449 974/977/978
f 966/969/970 974/977/978 1438/1441/1449
f 1438/1441/1449 1439/1442/1450 966/969/970
f 967/970/971 966/969/970 1439/1442/1450
f 1439/1442/1450 1431/1434/1442 967/970/971
f 1440/1443/1451 1441/1444/1452 1129/1132/1135
f 1129/1132/1135 1130/1133/1136 1440/1443/1451
f 1442/1445/1453 1440/1443/1451 1130/1133/1136
f 1130/1133/1136 1131/1134/1137 1442/1445/1453
f 1443/1446/1454 1442/1445/1453 1131/1134/1137
f 1131/1134/1137 1132/1135/1138 1443/1446/1454
f 1444/1447/1455 1445/1448/1456 1134/1137/1140
f 1134/1137/1140 1133/1136/1139 1444/1447/1455
f 1446/1449/1457 1447/1450/1458 1135/1138/1141
f 1135/1138/1141 1136/1139/1142 1446/1449/1457
f 1448/1451/1459 1449/1452/1460 1137/1140/1143
f 1137/1140/1143 1138/1141/1144 1448/1451/1459
f 1450/1453/1461 1448/1451/1459 1138/1141/1144
f 1138/1141/1144 1139/1142/1145 1450/1453/1461
f 1451/1454/1462 1452/1455/1463 1141/1144/1147
f 1141/1144/1147 1140/1143/1146 1451/1454/1462
f 1453/1456/1464 1454/1457/1465 1196/1199/1466
f 1196/1199/1467 1195/1198/1468 1453/1456/1469
f 1455/1458/1470 1456/1459/1471 1198/1201/1472
f 1198/1201/1472 1197/1200/1473 1455/1458/1470
f 1457/1460/1474 1458/1461/1475 1200/1203/1476
f 1200/1203/1476 1199/1202/1477 1457/1460/1474
f 1459/1462/1478 1453/1456/1479 1195/1198/1480
f 1195/1198/1480 1203/1206/1481 1459/1462/1478
f 1460/1463/1482 1459/1462/1483 1203/1206/1484
f 1203/1206/1484 1202/1205/1485 1460/1463/1482
f 1461/1464/1486 1462/1465/1487 1398/1401/1488
f 1398/1401/1488 1397/1400/1489 1461/1464/1486
f 1463/1466/1490 1461/1464/1491 1397/1400/1492
f 1397/1400/1492 1464/1467/1493 1463/1466/1490
f 1447/1450/1458 1444/1447/1455 1133/1136/1139
f 1133/1136/1139 1135/1138/1141 1447/1450/1458
f 1462/1465/1494 1460/1463/1482 1202/1205/1485
f 1202/1205/1485 1398/1401/1495 1462/1465/1494
f 1449/1452/1460 1446/1449/1457 1136/1139/1142
f 1136/1139/1142 1137/1140/1143 1449/1452/1460
f 1465/1468/1496 1457/1460/1474 1199/1202/1477
f 1199/1202/1477 1466/1469/1497 1465/1468/1496
f 1456/1459/1498 1465/1468/1499 1466/1469/1500
f 1466/1469/1500 1198/1201/1501 1456/1459/1498
f 1441/1444/1452 1451/1454/1462 1140/1143/1146
f 1140/1143/1146 1129/1132/1135 1441/1444/1452
f 1467/1470/1502 1468/1471/1503 1015/1018/1504
f 1015/1018/1504 1014/1017/1505 1467/1470/1502
f 1468/1471/1503 1469/1472/1506 1016/1019/1507
f 1016/1019/1507 1015/1018/1504 1468/1471/1503
f 1469/1472/1508 1470/1473/1509 1017/1020/1510
f 1017/1020/1511 1016/1019/1507 1469/1472/1506
f 1471/1474/1512 1472/1475/1513 1019/1022/1514
f 1019/1022/1514 1018/1021/1515 1471/1474/1512
f 1473/1476/1516 1474/1477/1517 1021/1024/1518
f 1021/1024/1518 1020/1023/1519 1473/1476/1516
f 1475/1478/1520 1476/1479/1521 1023/1026/1522
f 1023/1026/1522 1022/1025/1523 1475/1478/1520
f 1476/1479/1524 1477/1480/1525 1024/1027/1526
f 1024/1027/1527 1023/1026/1522 1476/1479/1521
f 1478/1481/1528 1479/1482/1529 1026/1029/1530
f 1026/1029/1530 1025/1028/1531 1478/1481/1528
f 1472/1475/1513 1473/1476/1516 1020/1023/1519
f 1020/1023/1519 1019/1022/1514 1472/1475/1513
f 1474/1477/1517 1475/1478/1520 1022/1025/1523
f 1022/1025/1523 1021/1024/1518 1474/1477/1517
f 1479/1482/1529 1467/1470/1502 1014/1017/1505
f 1014/1017/1505 1026/1029/1530 1479/1482/1529
f 387/390/1532 390/393/1533 1480/1483/1534
f 1480/1483/1534 1481/1484/1535 1482/1485/1536
f 1480/1483/1534 1482/1485/1536 387/390/1532
f 400/403/1537 422/425/1538 1483/1486/1539
f 1483/1486/1539 1484/1487/1540 1485/1488/1541
f 1483/1486/1539 1485/1488/1541 400/403/1537
f 441/444/1542 451/454/1543 1486/1489/1544
f 1486/1489/1544 1487/1490/1545 1488/1491/1546
f 1486/1489/1544 1488/1491/1546 441/444/1542
f 459/462/1547 470/473/1548 1489/1492/1549
f 1489/1492/1549 1490/1493/1550 1491/1494/1551
f 1489/1492/1549 1491/1494/1551 459/462/1547
f 1492/1495/1552 1493/1496/1553 1234/1237/1554
f 1234/1237/1554 1233/1236/1555 1492/1495/1552
f 1494/1497/1556 1495/1498/1557 1237/1240/1558
f 1237/1240/1558 1236/1239/1559 1494/1497/1556
f 1495/1498/1560 1496/1499/1561 1238/1241/1562
f 1238/1241/1563 1237/1240/1558 1495/1498/1557
f 1497/1500/1564 1498/1501/1565 1240/1243/1566
f 1240/1243/1566 1239/1242/1567 1497/1500/1564
f 1499/1502/1568 1500/1503/1569 1406/1409/1570
f 1406/1409/1570 1405/1408/1571 1499/1502/1568
f 1501/1504/1572 1499/1502/1568 1405/1408/1571
f 1405/1408/1571 1502/1505/1573 1501/1504/1572
f 1500/1503/1574 1494/1497/1556 1236/1239/1559
f 1236/1239/1559 1406/1409/1575 1500/1503/1574
f 1498/1501/1565 1492/1495/1552 1233/1236/1555
f 1233/1236/1555 1240/1243/1566 1498/1501/1565
f 1503/1506/1576 389/392/1577 388/391/1578
f 388/391/1578 1504/1507/1579 1503/1506/1576
f 1480/1483/1534 390/393/1533 400/403/1537
f 1480/1483/1534 400/403/1537 1485/1488/1541
f 1485/1488/1541 1484/1487/1540 1480/1483/1534
f 1503/1506/1576 885/888/889 399/402/1580
f 399/402/1580 389/392/1577 1503/1506/1576
f 884/887/888 421/424/1581 399/402/1580
f 399/402/1580 885/888/889 884/887/888
f 1483/1486/1539 422/425/1538 441/444/1542
f 1483/1486/1539 441/444/1542 1488/1491/1546
f 1488/1491/1546 1487/1490/1545 1483/1486/1539
f 884/887/888 887/890/891 440/443/1582
f 440/443/1582 421/424/1581 884/887/888
f 1505/1508/1583 450/453/1584 440/443/1582
f 440/443/1582 887/890/891 1505/1508/1583
f 1486/1489/1544 451/454/1543 459/462/1547
f 1486/1489/1544 459/462/1547 1491/1494/1551
f 1491/1494/1551 1490/1493/1550 1486/1489/1544
f 1505/1508/1583 1506/1509/1585 458/461/1586
f 458/461/1586 450/453/1584 1505/1508/1583
f 1507/1510/1587 469/472/1588 458/461/1586
f 458/461/1586 1506/1509/1585 1507/1510/1587
f 1508/1511/1589 484/487/1590 387/390/1532
f 1508/1511/1589 387/390/1532 1482/1485/1536
f 1482/1485/1536 1481/1484/1535 1508/1511/1589
f 1509/1512/1591 1504/1507/1579 388/391/1578
f 388/391/1578 485/488/1592 1509/1512/1591
f 1510/1513/1593 161/161/158 148/148/145
f 148/148/145 147/147/144 1510/1513/1593
f 1511/1514/1594 1510/1513/1593 147/147/144
f 147/147/144 151/151/148 1511/1514/1594
f 2897/165/161 2303/1515/1595 2301/163/159
f 1512/1516/1596 1513/1517/1596 1514/1518/1596
f 1512/1516/1596 1514/1518/1596 1515/1519/1597
f 2299/1520/1598 2298/1521/1599 2896/164/160
f 2896/164/160 2301/163/159 2299/1520/1598
f 1516/1522/1600 1517/1523/1601 1518/1524/1602
f 1518/1524/1603 1519/1525/1604 1520/1522/1605
f 1518/1524/1602 1520/1522/1419 1516/1522/1600
f 1511/1514/1594 151/151/148 1521/1526/1606
f 1511/1514/1594 1521/1526/1606 1522/1527/1607
f 2308/1528/1608 2900/1529/1609 2895/1530/1610
f 270/273/272 240/243/241 233/236/234
f 233/236/234 236/239/237 270/273/272
f 1523/1531/1611 1524/1531/1612 1525/1532/1613
f 1523/1531/1614 1525/1532/1615 1526/1533/1614
f 1523/1531/1614 1526/1533/1614 1527/1534/1614
f 2895/1530/1610 2309/1535/1616 2308/1528/1608
f 2303/1515/1595 2897/165/161 2898/1536/1617
f 1528/1537/1618 1529/1538/1619 1530/1539/1620
f 1530/1539/1620 173/176/1621 1528/1537/1618
f 1531/1540/1622 1528/1537/1623 173/176/172
f 173/176/172 172/175/171 1531/1540/1622
f 1532/1541/1624 1533/1542/1625 244/247/245
f 244/247/245 243/246/244 1532/1541/1624
f 2898/1536/1617 2305/1543/1626 2303/1515/1595
f 1534/1544/1627 1535/1545/1628 1536/1546/1629
f 1534/1544/1627 1536/1546/1629 1537/1547/1630
f 2311/1548/1631 2894/1549/1632 2297/1550/1633
f 1538/1551/1634 269/272/271 257/260/259
f 257/260/259 256/259/258 1538/1551/1634
f 1539/1552/1635 1532/1541/1624 243/246/244
f 243/246/244 245/248/246 1539/1552/1635
f 1540/1553/1636 1538/1551/1634 256/259/258
f 1540/1553/1636 256/259/258 1541/1554/1636
f 2297/1550/1633 2296/1555/1637 2311/1548/1631
f 1533/1542/1638 1531/1540/1622 172/175/171
f 172/175/171 244/247/390 1533/1542/1638
f 385/388/388 1539/1552/1635 245/248/246
f 245/248/246 248/251/249 385/388/388
f 1542/1556/1639 1543/1557/1640 295/298/298
f 295/298/298 294/297/297 1542/1556/1639
f 1544/1558/1641 1542/1556/1639 294/297/297
f 294/297/297 298/301/301 1544/1558/1641
f 1545/1559/1642 1544/1558/1641 298/301/301
f 298/301/301 300/303/303 1545/1559/1642
f 1546/1560/1643 1545/1559/1642 300/303/303
f 300/303/303 302/305/305 1546/1560/1643
f 1543/1557/1640 1547/1561/1644 304/307/307
f 304/307/307 295/298/298 1543/1557/1640
f 1547/1561/1644 1548/1562/1645 361/364/364
f 361/364/364 304/307/307 1547/1561/1644
f 1548/1562/1645 1549/1563/1646 366/369/369
f 366/369/369 361/364/364 1548/1562/1645
f 1550/1564/1647 1546/1560/1643 302/305/305
f 302/305/305 373/376/376 1550/1564/1647
f 1549/1563/1646 1551/1565/1648 386/389/391
f 386/389/391 366/369/369 1549/1563/1646
f 1409/1412/1420 1552/1566/1649 1112/1115/1118
f 1112/1115/1118 1110/1113/1116 1409/1412/1420
f 1553/1567/1650 1410/1413/1421 1116/1119/1122
f 1116/1119/1122 1115/1118/1121 1553/1567/1650
f 1554/1568/1651 1502/1505/1652 1405/1408/1415
f 1405/1408/1415 1403/1406/1413 1554/1568/1651
f 1555/1569/1653 1554/1568/1651 1403/1406/1413
f 1403/1406/1413 1400/1403/1410 1555/1569/1653
f 1556/1570/1654 1555/1569/1653 1400/1403/1410
f 1400/1403/1410 1399/1402/1409 1556/1570/1654
f 1557/1571/1655 1556/1570/1654 1399/1402/1409
f 1399/1402/1409 1407/1410/1417 1557/1571/1655
f 1558/1572/1656 1464/1467/1657 1397/1400/1407
f 1397/1400/1407 1395/1398/1405 1558/1572/1656
f 1559/1573/1658 1558/1572/1656 1395/1398/1405
f 1395/1398/1405 1393/1396/1403 1559/1573/1658
f 1560/1574/1659 1559/1573/1658 1393/1396/1403
f 1393/1396/1403 1391/1394/1401 1560/1574/1659
f 1561/1575/1660 1560/1574/1659 1391/1394/1401
f 1391/1394/1401 1389/1392/1399 1561/1575/1660
f 1562/1576/1661 1561/1575/1660 1389/1392/1399
f 1389/1392/1399 1387/1390/1397 1562/1576/1661
f 1563/1577/1662 1562/1576/1661 1387/1390/1397
f 1387/1390/1397 1384/1387/1394 1563/1577/1662
f 1564/1578/1663 1563/1577/1662 1384/1387/1394
f 1384/1387/1394 1383/1386/1393 1564/1578/1663
f 1411/1414/1422 1565/1579/1664 1248/1251/1258
f 1248/1251/1258 1247/1250/1257 1411/1414/1422
f 1551/1565/1648 1566/1580/1665 1415/1418/1426
f 1415/1418/1426 386/389/391 1551/1565/1648
f 1566/1580/1665 1567/1581/1666 1430/1433/1441
f 1430/1433/1441 1415/1418/1426 1566/1580/1665
f 238/241/239 267/270/269 265/268/267
f 265/268/267 222/225/221 238/241/239
f 268/271/270 1550/1564/1647 373/376/376
f 373/376/376 266/269/268 268/271/270
f 1412/1415/1423 344/347/347 343/346/346
f 343/346/346 359/362/362 1412/1415/1423
f 1568/1582/1667 1201/1204/1668 1200/1203/1476
f 1200/1203/1476 1458/1461/1475 1568/1582/1667
f 1569/1583/1669 1235/1238/1670 1234/1237/1554
f 1234/1237/1554 1493/1496/1553 1569/1583/1669
f 1199/1202/1206 1191/1194/1197 1198/1201/1205
f 1198/1201/1205 1466/1469/1671 1199/1202/1206
f 895/898/899 899/902/903 1503/1506/1576
f 1503/1506/1576 1504/1507/1579 895/898/899
f 899/902/903 882/885/886 885/888/889
f 885/888/889 1503/1506/1576 899/902/903
f 891/894/895 893/896/897 1507/1510/1587
f 1507/1510/1587 1506/1509/1585 891/894/895
f 896/899/900 895/898/899 1504/1507/1579
f 1504/1507/1579 1509/1512/1591 896/899/900
f 886/889/890 888/891/892 1505/1508/1583
f 1505/1508/1583 887/890/891 886/889/890
f 888/891/892 891/894/895 1506/1509/1585
f 1506/1509/1585 1505/1508/1583 888/891/892
f 1570/1584/1672 1571/1585/1673 1572/1586/1674
f 1572/1586/1674 1573/1587/1675 1570/1584/1672
f 1574/1588/1676 1575/1589/1677 1572/1586/1674
f 1572/1586/1674 1571/1585/1673 1574/1588/1676
f 1576/1590/1678 1577/1591/1679 1578/1592/1680
f 1578/1592/1680 1579/1593/1681 1576/1590/1678
f 1580/1594/1682 1581/1595/1683 1582/1596/1684
f 1582/1596/1684 1583/1597/1685 1580/1594/1682
f 1570/1584/1672 1584/1598/1686 1585/1599/1687
f 2309/1535/1616 2895/1530/1610 2894/1549/1632
f 1585/1599/1687 161/161/158 1570/1584/1672
f 1572/1586/1674 1586/1600/1688 1587/1601/1689
f 1587/1601/1689 1573/1587/1675 1572/1586/1674
f 1573/1587/1675 1588/1602/1690 1589/1603/1691
f 1589/1603/1691 1570/1584/1672 1573/1587/1675
f 1575/1589/1677 1590/1604/1692 1591/1605/1693
f 1591/1605/1693 1572/1586/1674 1575/1589/1677
f 1574/1588/1676 1592/1606/1694 1593/1607/1695
f 1593/1607/1695 1575/1589/1677 1574/1588/1676
f 1594/1608/1696 1595/1609/1697 1596/1610/1698
f 1596/1610/1698 1597/1611/1699 1594/1608/1696
f 1598/1612/1700 1599/1613/1701 1600/1614/1702
f 1600/1614/1702 1601/1615/1703 1598/1612/1700
f 1602/1616/1704 1603/1617/1705 1604/1618/1706
f 1604/1618/1706 1605/1619/1707 1602/1616/1704
f 1606/1620/1708 1607/1621/1709 1608/1622/1710
f 1608/1622/1710 1609/1623/1711 1606/1620/1708
f 1610/1624/1712 1611/1625/1713 1612/1626/1714
f 1612/1626/1714 1613/1627/1715 1610/1624/1712
f 1611/1625/1713 1610/1624/1712 1614/1628/1716
f 1614/1628/1716 1615/1629/1717 1611/1625/1713
f 1616/1630/1718 1617/1631/1719 1618/1632/1720
f 1618/1632/1720 1619/1633/1721 1616/1630/1718
f 1620/1634/1722 1621/1635/1723 1622/1636/1724
f 1622/1636/1724 1623/1637/1725 1620/1634/1722
f 1624/1638/1726 1625/1639/1727 1605/1619/1707
f 1605/1619/1707 1604/1618/1706 1624/1638/1726
f 1626/1640/1728 1627/1641/1729 1628/1642/1730
f 1607/1621/1709 1606/1620/1708 1613/1627/1715
f 1613/1627/1715 1612/1626/1714 1607/1621/1709
f 1603/1617/1705 1602/1616/1704 1615/1629/1717
f 1615/1629/1717 1614/1628/1716 1603/1617/1705
f 1600/1614/1702 1629/1643/1731 1630/1644/1732
f 1630/1644/1732 1601/1615/1703 1600/1614/1702
f 1628/1642/1730 1627/1641/1729 1631/1645/1733
f 1625/1639/1727 1624/1638/1726 1609/1623/1711
f 1609/1623/1711 1608/1622/1710 1625/1639/1727
f 1603/1617/1705 1632/1646/1734 1633/1647/1735
f 1633/1647/1735 1604/1618/1706 1603/1617/1705
f 1634/1648/1736 1624/1638/1726 1604/1618/1706
f 1604/1618/1706 1633/1647/1735 1634/1648/1736
f 1624/1638/1726 1634/1648/1736 1635/1649/1737
f 1635/1649/1737 1609/1623/1711 1624/1638/1726
f 1636/1650/1738 1606/1620/1708 1609/1623/1711
f 1609/1623/1711 1635/1649/1737 1636/1650/1738
f 1606/1620/1708 1636/1650/1738 1637/1651/1739
f 1637/1651/1739 1613/1627/1715 1606/1620/1708
f 1638/1652/1740 1610/1624/1712 1613/1627/1715
f 1613/1627/1715 1637/1651/1739 1638/1652/1740
f 1610/1624/1712 1638/1652/1740 1639/1653/1741
f 1639/1653/1741 1614/1628/1716 1610/1624/1712
f 1632/1646/1734 1603/1617/1705 1614/1628/1716
f 1614/1628/1716 1639/1653/1741 1632/1646/1734
f 1633/1647/1735 1632/1646/1734 1640/1654/1742
f 1640/1654/1742 1641/1655/1743 1633/1647/1735
f 1621/1635/1723 1634/1648/1736 1633/1647/1735
f 1633/1647/1735 1641/1655/1743 1621/1635/1723
f 1634/1648/1736 1621/1635/1723 1642/1656/1744
f 1642/1656/1744 1635/1649/1737 1634/1648/1736
f 1643/1657/1745 1636/1650/1738 1635/1649/1737
f 1635/1649/1737 1642/1656/1744 1643/1657/1745
f 1636/1650/1738 1643/1657/1745 1644/1658/1746
f 1644/1658/1746 1637/1651/1739 1636/1650/1738
f 1645/1659/1747 1646/1660/1748 1647/1661/1749
f 1647/1661/1749 1648/1662/1750 1645/1659/1747
f 1649/1663/1751 1650/1664/1752 1645/1659/1747
f 1645/1659/1747 1648/1662/1750 1649/1663/1751
f 1626/1640/1728 1598/1612/1700 1601/1615/1703
f 1601/1615/1703 1627/1641/1729 1626/1640/1728
f 1630/1644/1732 1631/1645/1733 1627/1641/1729
f 1627/1641/1729 1601/1615/1703 1630/1644/1732
f 1651/1665/1753 1600/1614/1702 1599/1613/1701
f 1629/1643/1731 1600/1614/1702 1651/1665/1753
f 1640/1654/1742 1652/1666/1754 1653/1667/1755
f 1653/1667/1755 1641/1655/1743 1640/1654/1742
f 1594/1608/1756 1597/1611/1756 1654/1668/1757
f 1654/1668/1758 1655/1669/1759 1594/1608/1760
f 1656/1670/1761 1657/1671/1762 1658/1672/1763
f 1658/1672/1763 1659/1673/1764 1656/1670/1761
f 1658/1672/1763 1657/1671/1762 1650/1664/1752
f 1650/1664/1752 1649/1663/1751 1658/1672/1763
f 237/240/238 1648/1662/1750 1647/1661/1749
f 1647/1661/1749 238/241/239 237/240/238
f 239/242/240 1649/1663/1751 1648/1662/1750
f 1648/1662/1750 237/240/238 239/242/240
f 240/243/241 1658/1672/1763 1649/1663/1751
f 1649/1663/1751 239/242/240 240/243/241
f 1660/1674/1765 1661/1675/1766 1662/1676/1767
f 1662/1676/1767 1663/1677/1768 1660/1674/1765
f 1664/1678/1769 1665/1679/1770 1666/1680/1771
f 1666/1680/1771 1667/1681/1772 1664/1678/1769
f 1597/1611/1773 1668/1682/1774 1669/1683/1775
f 1669/1683/1776 1670/1684/1777 1597/1611/1778
f 1645/1659/1747 1671/1685/1779 1672/1686/1780
f 1672/1686/1780 1646/1660/1748 1645/1659/1747
f 1650/1664/1752 1673/1687/1781 1671/1685/1779
f 1671/1685/1779 1645/1659/1747 1650/1664/1752
f 1674/1688/1782 1675/1689/1783 1676/1690/1784
f 1676/1690/1784 1677/1691/1785 1674/1688/1782
f 1657/1671/1762 1656/1670/1761 1678/1692/1786
f 1678/1692/1786 1679/1693/1787 1657/1671/1762
f 1657/1671/1762 1679/1693/1787 1673/1687/1781
f 1673/1687/1781 1650/1664/1752 1657/1671/1762
f 1680/1694/1788 1681/1695/1789 1682/1696/1790
f 1682/1696/1790 1683/1697/1791 1680/1694/1788
f 1684/1698/1792 1683/1697/1791 1682/1696/1790
f 1682/1696/1790 1685/1699/1793 1684/1698/1792
f 267/270/269 1684/1698/1792 1685/1699/1793
f 1685/1699/1793 268/271/270 267/270/269
f 269/272/271 1674/1688/1782 1659/1673/1764
f 1659/1673/1764 270/273/272 269/272/271
f 1677/1691/1785 1656/1670/1761 1659/1673/1764
f 1659/1673/1764 1674/1688/1782 1677/1691/1785
f 1677/1691/1785 1676/1690/1784 1678/1692/1786
f 1678/1692/1786 1656/1670/1761 1677/1691/1785
f 1652/1666/1754 1686/1700/1794 1687/1701/1795
f 1687/1701/1795 1653/1667/1755 1652/1666/1754
f 1668/1682/1774 1617/1631/1719 1653/1667/1755
f 1653/1667/1755 1688/1702/1796 1668/1682/1774
f 1617/1631/1719 1668/1682/1774 1689/1703/1797
f 1689/1703/1797 1618/1632/1720 1617/1631/1719
f 1665/1679/1770 1661/1675/1766 1660/1674/1765
f 1660/1674/1765 1666/1680/1771 1665/1679/1770
f 1690/1704/1798 1691/1705/1799 1692/1706/1800
f 1692/1706/1800 1693/1707/1801 1690/1704/1798
f 1694/1708/1802 1695/1709/1803 1696/1710/1804
f 1696/1710/1804 1697/1711/1805 1694/1708/1802
f 1689/1703/1797 1668/1682/1774 1597/1611/1773
f 1597/1611/1773 1596/1610/1806 1689/1703/1797
f 1675/1689/1783 1698/1712/1807 1699/1713/1808
f 1699/1713/1808 1676/1690/1784 1675/1689/1783
f 1676/1690/1784 1700/1714/1809 1652/1666/1754
f 1652/1666/1754 1678/1692/1786 1676/1690/1784
f 1640/1654/1742 1679/1693/1787 1678/1692/1786
f 1678/1692/1786 1652/1666/1754 1640/1654/1742
f 1679/1693/1787 1640/1654/1742 1632/1646/1734
f 1632/1646/1734 1673/1687/1781 1679/1693/1787
f 1673/1687/1781 1632/1646/1734 1639/1653/1741
f 1639/1653/1741 1671/1685/1779 1673/1687/1781
f 1671/1685/1779 1639/1653/1741 1638/1652/1740
f 1638/1652/1740 1672/1686/1780 1671/1685/1779
f 1701/1715/1810 1607/1621/1709 1612/1626/1714
f 1612/1626/1714 1702/1716/1811 1701/1715/1810
f 1701/1715/1810 1703/1717/1812 1608/1622/1710
f 1608/1622/1710 1607/1621/1709 1701/1715/1810
f 1704/1718/1813 1625/1639/1727 1608/1622/1710
f 1608/1622/1710 1703/1717/1812 1704/1718/1813
f 1704/1718/1813 1705/1719/1814 1605/1619/1707
f 1605/1619/1707 1625/1639/1727 1704/1718/1813
f 1706/1720/1815 1602/1616/1704 1605/1619/1707
f 1605/1619/1707 1705/1719/1814 1706/1720/1815
f 1706/1720/1815 1707/1721/1816 1615/1629/1717
f 1615/1629/1717 1602/1616/1704 1706/1720/1815
f 1708/1722/1817 1611/1625/1713 1615/1629/1717
f 1615/1629/1717 1707/1721/1816 1708/1722/1817
f 1708/1722/1817 1702/1716/1811 1612/1626/1714
f 1612/1626/1714 1611/1625/1713 1708/1722/1817
f 1709/1723/1818 1710/1724/1819 1711/1725/1820
f 1711/1725/1820 1712/1726/1821 1709/1723/1818
f 1712/1726/1821 1711/1725/1820 1713/1727/1822
f 1713/1727/1822 1714/1728/1823 1712/1726/1821
f 1714/1728/1823 1713/1727/1822 1715/1729/1824
f 1715/1729/1824 1716/1730/1825 1714/1728/1823
f 1716/1730/1825 1715/1729/1824 1717/1731/1826
f 1717/1731/1826 1718/1732/1827 1716/1730/1825
f 1719/1733/1828 1720/1734/1829 1710/1724/1819
f 1710/1724/1819 1709/1723/1818 1719/1733/1828
f 1721/1735/1830 1709/1723/1818 1712/1726/1821
f 1712/1726/1821 1722/1736/1831 1721/1735/1830
f 1722/1736/1831 1712/1726/1821 1714/1728/1823
f 1714/1728/1823 1723/1737/1832 1722/1736/1831
f 1723/1737/1832 1714/1728/1823 1716/1730/1825
f 1716/1730/1825 1724/1738/1833 1723/1737/1832
f 1724/1738/1833 1716/1730/1825 1718/1732/1827
f 1718/1732/1827 1725/1739/1834 1724/1738/1833
f 1726/1740/1835 1719/1733/1828 1709/1723/1818
f 1709/1723/1818 1721/1735/1830 1726/1740/1835
f 1727/1741/1836 1721/1735/1830 1722/1736/1831
f 1722/1736/1831 1728/1742/1837 1727/1741/1836
f 1728/1742/1837 1722/1736/1831 1723/1737/1832
f 1723/1737/1832 1729/1743/1838 1728/1742/1837
f 1729/1743/1838 1723/1737/1832 1724/1738/1833
f 1724/1738/1833 1730/1744/1839 1729/1743/1838
f 1730/1744/1839 1724/1738/1833 1725/1739/1834
f 1725/1739/1834 1731/1745/1840 1730/1744/1839
f 1732/1746/1841 1726/1740/1835 1721/1735/1830
f 1721/1735/1830 1727/1741/1836 1732/1746/1841
f 1733/1747/1842 1727/1741/1836 1728/1742/1837
f 1728/1742/1837 1734/1748/1843 1733/1747/1842
f 1734/1748/1843 1728/1742/1837 1729/1743/1838
f 1729/1743/1838 1735/1749/1844 1734/1748/1843
f 1735/1749/1844 1729/1743/1838 1730/1744/1839
f 1730/1744/1839 1736/1750/1845 1735/1749/1844
f 1736/1750/1845 1730/1744/1839 1731/1745/1840
f 1731/1745/1840 1737/1751/1846 1736/1750/1845
f 1643/1657/1745 1738/1752/1847 1737/1751/1846
f 1737/1751/1846 1731/1745/1840 1643/1657/1745
f 1739/1753/1848 1732/1746/1841 1727/1741/1836
f 1727/1741/1836 1733/1747/1842 1739/1753/1848
f 1740/1754/1849 1741/1755/1850 1742/1756/1851
f 1742/1756/1851 1743/1757/1852 1740/1754/1849
f 1743/1757/1852 1742/1756/1851 1744/1758/1853
f 1744/1758/1853 1745/1759/1854 1743/1757/1852
f 1746/1760/1855 1747/1761/1856 1742/1756/1851
f 1742/1756/1851 1741/1755/1850 1746/1760/1855
f 1742/1756/1851 1747/1761/1856 1748/1762/1857
f 1748/1762/1857 1744/1758/1853 1742/1756/1851
f 1749/1763/1858 1750/1764/1859 334/337/337
f 334/337/337 337/340/340 1749/1763/1858
f 1622/1636/1724 1751/1765/1860 1752/1766/1861
f 1752/1766/1861 1623/1637/1725 1622/1636/1724
f 1753/1767/1862 1642/1656/1744 1621/1635/1723
f 1621/1635/1723 1620/1634/1722 1753/1767/1862
f 1738/1752/1847 1643/1657/1745 1642/1656/1744
f 1642/1656/1744 1753/1767/1862 1738/1752/1847
f 1754/1768/1863 1755/1769/1864 1750/1764/1859
f 1750/1764/1859 1749/1763/1858 1754/1768/1863
f 1756/1770/1865 1749/1763/1858 337/340/340
f 337/340/340 344/347/347 1756/1770/1865
f 1757/1771/1866 1758/1772/1867 1623/1637/1725
f 1623/1637/1725 1752/1766/1861 1757/1771/1866
f 1759/1773/1868 1760/1774/1869 1761/1775/1870
f 1761/1775/1870 1762/1776/1871 1759/1773/1868
f 1747/1761/1856 1746/1760/1855 1760/1774/1869
f 1760/1774/1869 1759/1773/1868 1747/1761/1856
f 1763/1777/1872 1754/1768/1863 1749/1763/1858
f 1749/1763/1858 1756/1770/1865 1763/1777/1872
f 1764/1778/1873 1620/1634/1722 1623/1637/1725
f 1623/1637/1725 1758/1772/1867 1764/1778/1873
f 1644/1658/1746 1643/1657/1745 1731/1745/1840
f 1731/1745/1840 1725/1739/1834 1644/1658/1746
f 1765/1779/1874 1644/1658/1746 1725/1739/1834
f 1725/1739/1834 1718/1732/1827 1765/1779/1874
f 1758/1772/1867 1757/1771/1866 1766/1780/1875
f 1766/1780/1875 1767/1781/1876 1758/1772/1867
f 1768/1782/1877 1759/1773/1868 1762/1776/1871
f 1762/1776/1871 1769/1783/1878 1768/1782/1877
f 1748/1762/1857 1747/1761/1856 1759/1773/1868
f 1759/1773/1868 1768/1782/1877 1748/1762/1857
f 1770/1784/1879 1763/1777/1872 1756/1770/1865
f 1756/1770/1865 1771/1785/1880 1770/1784/1879
f 1772/1786/1881 1764/1778/1873 1758/1772/1867
f 1758/1772/1867 1767/1781/1876 1772/1786/1881
f 1773/1787/1882 1720/1734/1829 1719/1733/1828
f 1719/1733/1828 1774/1788/1883 1773/1787/1882
f 1774/1788/1883 1719/1733/1828 1726/1740/1835
f 1726/1740/1835 1775/1789/1884 1774/1788/1883
f 1775/1789/1884 1726/1740/1835 1732/1746/1841
f 1732/1746/1841 1776/1790/1885 1775/1789/1884
f 1776/1790/1885 1732/1746/1841 1739/1753/1848
f 1739/1753/1848 1777/1791/1886 1776/1790/1885
f 1778/1792/1887 1773/1787/1882 1774/1788/1883
f 1774/1788/1883 1779/1793/1888 1778/1792/1887
f 1779/1793/1888 1774/1788/1883 1775/1789/1884
f 1775/1789/1884 1780/1794/1889 1779/1793/1888
f 1780/1794/1889 1775/1789/1884 1776/1790/1885
f 1776/1790/1885 1781/1795/1890 1780/1794/1889
f 1781/1795/1890 1776/1790/1885 1777/1791/1886
f 1777/1791/1886 1772/1786/1881 1781/1795/1890
f 1782/1796/1891 1779/1793/1888 1780/1794/1889
f 1780/1794/1889 1783/1797/1892 1782/1796/1891
f 1783/1797/1892 1780/1794/1889 1781/1795/1890
f 1781/1795/1890 1784/1798/1893 1783/1797/1892
f 1784/1798/1893 1781/1795/1890 1772/1786/1881
f 1772/1786/1881 1767/1781/1876 1784/1798/1893
f 1785/1799/1894 1765/1779/1874 1718/1732/1827
f 1718/1732/1827 1717/1731/1826 1785/1799/1894
f 1786/1800/1895 1735/1749/1844 1736/1750/1845
f 1736/1750/1845 1787/1801/1896 1786/1800/1895
f 1787/1801/1896 1736/1750/1845 1737/1751/1846
f 1737/1751/1846 1788/1802/1897 1787/1801/1896
f 1789/1803/1898 1733/1747/1842 1734/1748/1843
f 1734/1748/1843 1790/1804/1899 1789/1803/1898
f 1790/1804/1899 1734/1748/1843 1735/1749/1844
f 1735/1749/1844 1786/1800/1895 1790/1804/1899
f 1788/1802/1897 1737/1751/1846 1738/1752/1847
f 1738/1752/1847 1791/1805/1900 1788/1802/1897
f 1792/1806/1901 1739/1753/1848 1733/1747/1842
f 1733/1747/1842 1789/1803/1898 1792/1806/1901
f 1753/1767/1862 1620/1634/1722 1793/1807/1902
f 1620/1634/1722 1764/1778/1873 1794/1808/1903
f 1791/1805/1900 1738/1752/1847 1753/1767/1862
f 1753/1767/1862 1793/1807/1902 1791/1805/1900
f 1794/1808/1903 1764/1778/1873 1772/1786/1881
f 1772/1786/1881 1795/1809/1904 1794/1808/1903
f 1795/1809/1904 1772/1786/1881 1777/1791/1886
f 1777/1791/1886 1796/1810/1905 1795/1809/1904
f 1796/1810/1905 1777/1791/1886 1739/1753/1848
f 1739/1753/1848 1792/1806/1901 1796/1810/1905
f 1743/1757/1852 1786/1800/1895 1787/1801/1896
f 1787/1801/1896 1740/1754/1849 1743/1757/1852
f 1740/1754/1849 1787/1801/1896 1788/1802/1897
f 1788/1802/1897 1741/1755/1850 1740/1754/1849
f 1744/1758/1853 1789/1803/1898 1790/1804/1899
f 1790/1804/1899 1745/1759/1854 1744/1758/1853
f 1745/1759/1854 1790/1804/1899 1786/1800/1895
f 1786/1800/1895 1743/1757/1852 1745/1759/1854
f 1741/1755/1850 1788/1802/1897 1791/1805/1900
f 1791/1805/1900 1746/1760/1855 1741/1755/1850
f 1748/1762/1857 1792/1806/1901 1789/1803/1898
f 1789/1803/1898 1744/1758/1853 1748/1762/1857
f 1760/1774/1869 1793/1807/1902 1620/1634/1722
f 1620/1634/1722 1761/1775/1870 1760/1774/1869
f 1761/1775/1870 1620/1634/1722 1794/1808/1903
f 1794/1808/1903 1762/1776/1871 1761/1775/1870
f 1746/1760/1855 1791/1805/1900 1793/1807/1902
f 1793/1807/1902 1760/1774/1869 1746/1760/1855
f 1762/1776/1871 1794/1808/1903 1795/1809/1904
f 1795/1809/1904 1769/1783/1878 1762/1776/1871
f 1769/1783/1878 1795/1809/1904 1796/1810/1905
f 1796/1810/1905 1768/1782/1877 1769/1783/1878
f 1768/1782/1877 1796/1810/1905 1792/1806/1901
f 1792/1806/1901 1748/1762/1857 1768/1782/1877
f 1622/1636/1724 1621/1635/1723 1641/1655/1743
f 1641/1655/1743 1616/1630/1718 1622/1636/1724
f 1751/1765/1860 1622/1636/1724 1616/1630/1718
f 1616/1630/1718 1619/1633/1721 1751/1765/1860
f 1755/1769/1864 1664/1678/1769 1667/1681/1772
f 1667/1681/1772 1750/1764/1859 1755/1769/1864
f 1750/1764/1859 1667/1681/1772 385/388/388
f 385/388/388 334/337/337 1750/1764/1859
f 1617/1631/1719 1616/1630/1718 1641/1655/1743
f 1641/1655/1743 1653/1667/1755 1617/1631/1719
f 1595/1609/1697 1663/1677/1906 1662/1676/1907
f 1662/1676/1907 1596/1610/1698 1595/1609/1697
f 1661/1675/1766 1689/1703/1797 1596/1610/1806
f 1596/1610/1806 1662/1676/1767 1661/1675/1766
f 1665/1679/1770 1618/1632/1720 1689/1703/1797
f 1689/1703/1797 1661/1675/1766 1665/1679/1770
f 1664/1678/1769 1619/1633/1721 1618/1632/1720
f 1618/1632/1720 1665/1679/1770 1664/1678/1769
f 1755/1769/1864 1751/1765/1860 1619/1633/1721
f 1619/1633/1721 1664/1678/1769 1755/1769/1864
f 1755/1769/1864 1754/1768/1863 1752/1766/1861
f 1752/1766/1861 1751/1765/1860 1755/1769/1864
f 1763/1777/1872 1757/1771/1866 1752/1766/1861
f 1752/1766/1861 1754/1768/1863 1763/1777/1872
f 1763/1777/1872 1770/1784/1879 1766/1780/1875
f 1766/1780/1875 1757/1771/1866 1763/1777/1872
f 1782/1796/1891 1797/1811/1908 1778/1792/1887
f 1778/1792/1887 1779/1793/1888 1782/1796/1891
f 1798/1812/1909 1799/1813/1910 1800/1814/1911
f 1800/1814/1911 1801/1815/1912 1798/1812/1909
f 1802/1816/1913 1803/1817/1914 1804/1818/1915
f 1804/1818/1915 1805/1819/1916 1802/1816/1913
f 1806/1820/1917 1807/1821/1918 1808/1822/1919
f 1808/1822/1919 1809/1823/1920 1806/1820/1917
f 1810/1824/1921 1798/1812/1909 1801/1815/1912
f 1801/1815/1912 1811/1825/1922 1810/1824/1921
f 1812/1826/1923 1813/1827/1924 1814/1828/1925
f 1814/1828/1925 1815/1829/1926 1812/1826/1923
f 1816/1830/1927 1817/1831/1928 1818/1832/1929
f 1818/1832/1929 1819/1833/1930 1816/1830/1927
f 1820/1834/1931 1812/1826/1923 1815/1829/1926
f 1815/1829/1926 1821/1835/1932 1820/1834/1931
f 1819/1833/1930 1818/1832/1929 1822/1836/1933
f 1822/1836/1933 1823/1837/1934 1819/1833/1930
f 1824/1838/1935 1825/1839/1936 1826/1840/1937
f 1826/1840/1937 1827/1841/1938 1824/1838/1935
f 1828/1842/1939 1829/1843/1940 1830/1844/1941
f 1830/1844/1941 1831/1845/1942 1828/1842/1939
f 1832/1846/1943 1810/1824/1921 1811/1825/1922
f 1811/1825/1922 1833/1847/1944 1832/1846/1943
f 1834/1848/1945 1806/1820/1917 1809/1823/1920
f 1809/1823/1920 1835/1849/1946 1834/1848/1945
f 1836/1850/1947 1835/1849/1946 1809/1823/1920
f 1809/1823/1920 1837/1851/1948 1836/1850/1947
f 1838/1852/1949 1836/1850/1947 1837/1851/1948
f 1837/1851/1948 1828/1842/1939 1838/1852/1949
f 1838/1852/1949 1828/1842/1939 1831/1845/1942
f 1835/1849/1946 1839/1853/1950 1834/1848/1945
f 1835/1849/1946 1836/1850/1947 1840/1854/1951
f 1840/1854/1951 1839/1853/1950 1835/1849/1946
f 1836/1850/1947 1838/1852/1949 1841/1855/1952
f 1841/1855/1952 1840/1854/1951 1836/1850/1947
f 1842/1856/1953 1838/1852/1949 1843/1857/1954
f 1840/1854/1951 1844/1858/1955 1839/1853/1950
f 1840/1854/1951 1841/1855/1952 1845/1859/1956
f 1845/1859/1956 1844/1858/1955 1840/1854/1951
f 1846/1860/1957 1841/1855/1952 1847/1861/1958
f 1839/1853/1950 1848/1862/1959 1834/1848/1945
f 1849/1863/1960 1834/1848/1945 1848/1862/1959
f 1848/1862/1959 1850/1864/1961 1849/1863/1960
f 1851/1865/1962 1832/1846/1943 1833/1847/1944
f 1833/1847/1944 1852/1866/1963 1851/1865/1962
f 1839/1853/1950 1844/1858/1955 1853/1867/1964
f 1853/1867/1964 1848/1862/1959 1839/1853/1950
f 1850/1864/1961 1848/1862/1959 1853/1867/1964
f 1853/1867/1964 1854/1868/1965 1850/1864/1961
f 1844/1858/1955 1845/1859/1956 1855/1869/1966
f 1855/1869/1966 1853/1867/1964 1844/1858/1955
f 1854/1868/1965 1853/1867/1964 1855/1869/1966
f 1855/1869/1966 1856/1870/1967 1854/1868/1965
f 1857/1871/1968 1845/1859/1956 1858/1872/1969
f 1855/1869/1966 1859/1873/1970 1860/1874/1971
f 1861/1875/1972 1851/1865/1962 1852/1866/1963
f 1852/1866/1963 1862/1876/1973 1861/1875/1972
f 1863/1877/1974 1849/1863/1960 1850/1864/1961
f 1850/1864/1961 1864/1878/1975 1863/1877/1974
f 1865/1879/1976 1866/1880/1977 1867/1881/1978
f 1867/1881/1978 1868/1882/1979 1865/1879/1976
f 1869/1883/1980 1861/1875/1972 1862/1876/1973
f 1862/1876/1973 1870/1884/1981 1869/1883/1980
f 1871/1885/1982 1864/1878/1975 1850/1864/1961
f 1850/1864/1961 1854/1868/1965 1871/1885/1982
f 1868/1882/1979 1867/1881/1978 1872/1886/1983
f 1872/1886/1983 1873/1887/1984 1868/1882/1979
f 1874/1888/1985 1871/1885/1982 1854/1868/1965
f 1854/1868/1965 1856/1870/1967 1874/1888/1985
f 1873/1887/1984 1872/1886/1983 1875/1889/1986
f 1875/1889/1986 1876/1890/1987 1873/1887/1984
f 1877/1891/1988 1874/1888/1985 1856/1870/1967
f 1856/1870/1967 1860/1874/1971 1877/1891/1988
f 1876/1890/1987 1875/1889/1986 1878/1892/1989
f 1878/1892/1989 1879/1893/1990 1876/1890/1987
f 1880/1894/1991 1869/1883/1980 1870/1884/1981
f 1870/1884/1992 1881/1895/1993 1880/1894/1994
f 1882/1896/1995 1865/1879/1976 1868/1882/1979
f 1868/1882/1979 1883/1897/1996 1882/1896/1995
f 1884/1898/1997 1883/1897/1996 1868/1882/1979
f 1868/1882/1979 1873/1887/1984 1884/1898/1997
f 1885/1899/1998 1884/1898/1997 1873/1887/1984
f 1873/1887/1984 1876/1890/1987 1885/1899/1998
f 1885/1899/1998 1876/1890/1987 1879/1893/1990
f 1884/1898/1997 1886/1900/1999 1883/1897/1996
f 1884/1898/1997 1885/1899/1998 1887/1901/2000
f 1887/1901/2000 1886/1900/1999 1884/1898/1997
f 1888/1902/2001 1885/1899/1998 1889/1903/2002
f 1883/1897/1996 1890/1904/2003 1882/1896/1995
f 1883/1897/1996 1886/1900/1999 1891/1905/2004
f 1891/1905/2004 1890/1904/2003 1883/1897/1996
f 1886/1900/1999 1887/1901/2000 1892/1906/2005
f 1892/1906/2005 1891/1905/2004 1886/1900/1999
f 1893/1907/2006 1887/1901/2000 1894/1908/2007
f 1803/1817/1914 1882/1896/1995 1890/1904/2003
f 1890/1904/2003 1804/1818/1915 1803/1817/1914
f 1799/1813/2008 1895/1909/2009 1896/1910/2010
f 1896/1910/2011 1800/1814/1911 1799/1813/1910
f 1891/1905/2004 1897/1911/2012 1890/1904/2003
f 1804/1818/1915 1890/1904/2003 1897/1911/2012
f 1897/1911/2012 1898/1912/2013 1804/1818/1915
f 1891/1905/2004 1892/1906/2005 1899/1913/2014
f 1899/1913/2014 1897/1911/2012 1891/1905/2004
f 1898/1912/2013 1897/1911/2012 1899/1913/2014
f 1899/1913/2014 1826/1840/1937 1898/1912/2013
f 1900/1914/2015 1892/1906/2005 1901/1915/2016
f 1899/1913/2014 1902/1916/2017 1827/1841/1938
f 1903/1917/2018 1904/1918/2019 1905/1919/2020
f 1905/1919/2020 1906/1920/2021 1903/1917/2018
f 1906/1920/2021 1905/1919/2020 1907/1921/2022
f 1907/1921/2022 1908/1922/2023 1906/1920/2021
f 1909/1923/2024 1910/1924/2025 1911/1925/2026
f 1911/1925/2026 1912/1926/2027 1909/1923/2024
f 1913/1927/2028 1914/1928/2029 1910/1924/2025
f 1910/1924/2025 1909/1923/2024 1913/1927/2028
f 1915/1929/2030 1916/1930/2031 1917/1931/2032
f 1917/1931/2032 1918/1932/2033 1915/1929/2030
f 1918/1932/2033 1917/1931/2032 1919/1933/2034
f 1919/1933/2034 1920/1934/2035 1918/1932/2033
f 1921/1935/2036 1922/1936/2037 1923/1937/2038
f 1923/1937/2038 1924/1938/2039 1921/1935/2036
f 1925/1939/2040 1926/1940/2041 1922/1936/2037
f 1922/1936/2037 1921/1935/2036 1925/1939/2040
f 1927/1941/2042 1928/1942/2043 1929/1943/2044
f 1929/1943/2044 1930/1944/2045 1927/1941/2042
f 1930/1944/2045 1929/1943/2044 1931/1945/2046
f 1931/1945/2046 1932/1946/2047 1930/1944/2045
f 1933/1947/2048 1934/1948/2049 1935/1949/2050
f 1935/1949/2050 1936/1950/2051 1933/1947/2048
f 1937/1951/2052 1938/1952/2053 1934/1948/2049
f 1934/1948/2049 1933/1947/2048 1937/1951/2052
f 1939/1953/2054 1940/1954/2055 1941/1955/2056
f 1941/1955/2056 1942/1956/2057 1939/1953/2054
f 1942/1956/2057 1941/1955/2056 1943/1957/2058
f 1943/1957/2058 1944/1958/2059 1942/1956/2057
f 1945/1959/2060 1946/1960/2061 1947/1961/2062
f 1947/1961/2062 1948/1962/2063 1945/1959/2060
f 1949/1963/2064 1950/1964/2065 1946/1960/2061
f 1946/1960/2061 1945/1959/2060 1949/1963/2064
f 1951/1965/2066 1888/1902/2001 1889/1903/2002
f 1889/1903/2002 1952/1966/2067 1951/1965/2066
f 1952/1966/2067 1889/1903/2002 1879/1893/1990
f 1879/1893/1990 1953/1967/2068 1952/1966/2067
f 1954/1968/2069 1955/1969/2070 1956/1970/2071
f 1956/1970/2071 1957/1971/2072 1954/1968/2069
f 1958/1972/2073 1959/1973/2074 1955/1969/2070
f 1955/1969/2070 1954/1968/2069 1958/1972/2073
f 1953/1967/2068 1879/1893/1990 1878/1892/1989
f 1878/1892/1989 1960/1974/2075 1953/1967/2068
f 1961/1975/2076 1877/1891/1988 1860/1874/1971
f 1860/1874/1971 1962/1976/2077 1961/1975/2076
f 1963/1977/2078 1964/1978/2079 1965/1979/2080
f 1965/1979/2080 1966/1980/2081 1963/1977/2078
f 1967/1981/2082 1957/1971/2072 1956/1970/2071
f 1956/1970/2071 1968/1982/2083 1967/1981/2082
f 1962/1976/2077 1860/1874/1971 1859/1873/1970
f 1859/1873/1970 1969/1983/2084 1962/1976/2077
f 1969/1983/2084 1859/1873/1970 1857/1871/1968
f 1857/1871/1968 1970/1984/2085 1969/1983/2084
f 1971/1985/2086 1972/1986/2087 1973/1987/2088
f 1973/1987/2088 1974/1988/2089 1971/1985/2086
f 1971/1985/2086 1966/1980/2081 1965/1979/2080
f 1965/1979/2080 1972/1986/2087 1971/1985/2086
f 1970/1984/2085 1857/1871/1968 1975/1989/2090
f 1975/1989/2090 1976/1990/2091 1970/1984/2085
f 1977/1991/2092 1978/1992/2093 1888/1902/2001
f 1888/1902/2001 1951/1965/2066 1977/1991/2092
f 1979/1993/2094 1980/1994/2095 1959/1973/2074
f 1959/1973/2074 1958/1972/2073 1979/1993/2094
f 1981/1995/2096 1974/1988/2089 1973/1987/2088
f 1973/1987/2088 1982/1996/2097 1981/1995/2096
f 1983/1997/2098 1893/1907/2006 1894/1908/2007
f 1894/1908/2007 1984/1998/2099 1983/1997/2098
f 1984/1998/2099 1894/1908/2007 1888/1902/2001
f 1888/1902/2001 1985/1999/2100 1984/1998/2099
f 1986/2000/2101 1987/2001/2102 1988/2002/2103
f 1988/2002/2103 1989/2003/2104 1986/2000/2101
f 1990/2004/2105 1991/2005/2106 1987/2001/2102
f 1987/2001/2102 1986/2000/2101 1990/2004/2105
f 1985/1999/2100 1888/1902/2001 1978/1992/2093
f 1978/1992/2093 1992/2006/2107 1985/1999/2100
f 1993/2007/2108 1975/1989/2090 1857/1871/1968
f 1857/1871/1968 1994/2008/2109 1993/2007/2108
f 1994/2008/2109 1857/1871/1968 1858/1872/1969
f 1858/1872/1969 1995/2009/2110 1994/2008/2109
f 1995/2009/2110 1858/1872/1969 1846/1860/1957
f 1846/1860/1957 1996/2010/2111 1995/2009/2110
f 1997/2011/2112 1998/2012/2113 1999/2013/2114
f 1999/2013/2114 2000/2014/2115 1997/2011/2112
f 1997/2011/2112 2001/2015/2116 2002/2016/2117
f 2002/2016/2117 1998/2012/2113 1997/2011/2112
f 1996/2010/2111 1846/1860/1957 2003/2017/2118
f 2003/2017/2118 2004/2018/2119 1996/2010/2111
f 2005/2019/2120 2006/2020/2121 1893/1907/2006
f 1893/1907/2006 1983/1997/2098 2005/2019/2120
f 2007/2021/2122 2008/2022/2123 1991/2005/2106
f 1991/2005/2106 1990/2004/2105 2007/2021/2122
f 2009/2023/2124 2000/2014/2115 1999/2013/2114
f 1999/2013/2114 2010/2024/2125 2009/2023/2124
f 2011/2025/2126 1900/1914/2015 1901/1915/2016
f 1901/1915/2016 2012/2026/2127 2011/2025/2126
f 2012/2026/2127 1901/1915/2016 1893/1907/2006
f 1893/1907/2006 2013/2027/2128 2012/2026/2127
f 2014/2028/2129 2015/2029/2130 2016/2030/2131
f 2016/2030/2131 2017/2031/2132 2014/2028/2129
f 2018/2032/2133 2019/2033/2134 2015/2029/2130
f 2015/2029/2130 2014/2028/2129 2018/2032/2133
f 2013/2027/2128 1893/1907/2006 2006/2020/2121
f 2006/2020/2121 2020/2034/2135 2013/2027/2128
f 2021/2035/2136 2003/2017/2118 1846/1860/1957
f 1846/1860/1957 2022/2036/2137 2021/2035/2136
f 2022/2036/2137 1846/1860/1957 1847/1861/1958
f 1847/1861/1958 2023/2037/2138 2022/2036/2137
f 2023/2037/2138 1847/1861/1958 1842/1856/1953
f 1842/1856/1953 2024/2038/2139 2023/2037/2138
f 2025/2039/2140 2026/2040/2141 2027/2041/2142
f 2027/2041/2142 2028/2042/2143 2025/2039/2140
f 2025/2039/2140 2029/2043/2144 2030/2044/2145
f 2030/2044/2145 2026/2040/2141 2025/2039/2140
f 2024/2038/2139 1842/1856/1953 2031/2045/2146
f 2031/2045/2146 2032/2046/2147 2024/2038/2139
f 2033/2047/2148 2034/2048/2149 1900/1914/2015
f 1900/1914/2015 2011/2025/2126 2033/2047/2148
f 2035/2049/2150 2036/2050/2151 2019/2033/2134
f 2019/2033/2134 2018/2032/2133 2035/2049/2150
f 2037/2051/2152 2028/2042/2143 2027/2041/2142
f 2027/2041/2142 2038/2052/2153 2037/2051/2152
f 2039/2053/2154 1827/1841/1938 1902/1916/2017
f 1902/1916/2017 2040/2054/2155 2039/2053/2154
f 2040/2054/2155 1902/1916/2017 1900/1914/2015
f 1900/1914/2015 2041/2055/2156 2040/2054/2155
f 2042/2056/2157 2043/2057/2158 2044/2058/2159
f 2044/2058/2159 2045/2059/2160 2042/2056/2157
f 2046/2060/2161 2047/2061/2162 2043/2057/2158
f 2043/2057/2158 2042/2056/2157 2046/2060/2161
f 2041/2055/2156 1900/1914/2015 2034/2048/2149
f 2034/2048/2149 2048/2062/2163 2041/2055/2156
f 2049/2063/2164 2031/2045/2146 1842/1856/1953
f 1842/1856/1953 2050/2064/2165 2049/2063/2164
f 2050/2064/2165 1842/1856/1953 1843/1857/1954
f 1843/1857/1954 2051/2065/2166 2050/2064/2165
f 2051/2065/2166 1843/1857/1954 1831/1845/1942
f 1831/1845/1942 2052/2066/2167 2051/2065/2166
f 2053/2067/2168 2054/2068/2169 2055/2069/2170
f 2055/2069/2170 2056/2070/2171 2053/2067/2168
f 2053/2067/2168 2057/2071/2172 2058/2072/2173
f 2058/2072/2173 2054/2068/2169 2053/2067/2168
f 2052/2066/2167 1831/1845/1942 1830/1844/1941
f 1830/1844/1941 2059/2073/2174 2052/2066/2167
f 2060/2074/2175 1824/1838/1935 1827/1841/1938
f 1827/1841/1938 2039/2053/2154 2060/2074/2175
f 2061/2075/2176 2062/2076/2177 2047/2061/2162
f 2047/2061/2162 2046/2060/2161 2061/2075/2176
f 2063/2077/2178 2056/2070/2171 2055/2069/2170
f 2055/2069/2170 2064/2078/2179 2063/2077/2178
f 2065/2079/2180 1989/2003/2104 1988/2002/2103
f 1988/2002/2103 2066/2080/2181 2065/2079/2180
f 2067/2081/2182 2068/2082/2183 2002/2016/2117
f 2002/2016/2117 2001/2015/2116 2067/2081/2182
f 2069/2083/2184 2017/2031/2132 2016/2030/2131
f 2016/2030/2131 2070/2084/2185 2069/2083/2184
f 2071/2085/2186 2072/2086/2187 2030/2044/2145
f 2030/2044/2145 2029/2043/2144 2071/2085/2186
f 2073/2087/2188 2045/2059/2160 2044/2058/2159
f 2044/2058/2159 2074/2088/2189 2073/2087/2188
f 2075/2089/2190 2076/2090/2191 2058/2072/2173
f 2058/2072/2173 2057/2071/2172 2075/2089/2190
f 2077/2091/2192 2078/2092/2193 2079/2093/2194
f 2079/2093/2194 2080/2094/2195 2077/2091/2192
f 2080/2094/2195 2079/2093/2194 2081/2095/2196
f 2081/2095/2196 2082/2096/2197 2080/2094/2195
f 2083/2097/2198 2084/2098/2199 2082/2096/2197
f 2082/2096/2197 2081/2095/2196 2083/2097/2198
f 2085/2099/2200 2086/2100/2201 2087/2101/2202
f 2087/2101/2202 2088/2102/2203 2085/2099/2200
f 2089/2103/2204 2090/2104/2205 2088/2102/2203
f 2088/2102/2203 2087/2101/2202 2089/2103/2204
f 2090/2104/2205 2089/2103/2204 2091/2105/2206
f 2091/2105/2206 2092/2106/2207 2090/2104/2205
f 2093/2107/2208 2094/2108/2209 2092/2106/2207
f 2092/2106/2207 2091/2105/2206 2093/2107/2208
f 2095/2109/2210 2096/2110/2211 2078/2092/2193
f 2078/2092/2193 2077/2091/2192 2095/2109/2210
f 2097/2111/2212 2098/2112/2213 2099/2113/2214
f 2099/2113/2214 2100/2114/2215 2097/2111/2212
f 2100/2114/2215 2099/2113/2214 2101/2115/2216
f 2101/2115/2216 2102/2116/2217 2100/2114/2215
f 2103/2117/2218 2104/2118/2219 2102/2116/2217
f 2102/2116/2217 2101/2115/2216 2103/2117/2218
f 2105/2119/2220 2106/2120/2221 2107/2121/2222
f 2107/2121/2222 2108/2122/2223 2105/2119/2220
f 2109/2123/2224 2110/2124/2225 2108/2122/2223
f 2108/2122/2223 2107/2121/2222 2109/2123/2224
f 2110/2124/2225 2109/2123/2224 2111/2125/2226
f 2111/2125/2226 2112/2126/2227 2110/2124/2225
f 2113/2127/2228 2114/2128/2229 2112/2126/2227
f 2112/2126/2227 2111/2125/2226 2113/2127/2228
f 2115/2129/2230 2116/2130/2231 2098/2112/2213
f 2098/2112/2213 2097/2111/2212 2115/2129/2230
f 2117/2131/2232 2118/2132/2233 2119/2133/2234
f 2119/2133/2234 2120/2134/2235 2117/2131/2232
f 2120/2134/2235 2119/2133/2234 2121/2135/2236
f 2121/2135/2236 2122/2136/2237 2120/2134/2235
f 2123/2137/2238 2124/2138/2239 2122/2136/2237
f 2122/2136/2237 2121/2135/2236 2123/2137/2238
f 2125/2139/2240 2126/2140/2241 2127/2141/2242
f 2127/2141/2242 2128/2142/2243 2125/2139/2240
f 2129/2143/2244 2130/2144/2245 2128/2142/2243
f 2128/2142/2243 2127/2141/2242 2129/2143/2244
f 2130/2144/2245 2129/2143/2244 2131/2145/2246
f 2131/2145/2246 2132/2146/2247 2130/2144/2245
f 2133/2147/2248 2134/2148/2249 2132/2146/2247
f 2132/2146/2247 2131/2145/2246 2133/2147/2248
f 2135/2149/2250 2136/2150/2251 2118/2132/2233
f 2118/2132/2233 2117/2131/2232 2135/2149/2250
f 2137/2151/2252 2138/2152/2253 2139/2153/2254
f 2139/2153/2254 2140/2154/2255 2137/2151/2252
f 2140/2154/2255 2139/2153/2254 2141/2155/2256
f 2141/2155/2256 2142/2156/2257 2140/2154/2255
f 2143/2157/2258 2144/2158/2259 2142/2156/2257
f 2142/2156/2257 2141/2155/2256 2143/2157/2258
f 2145/2159/2260 2146/2160/2261 2147/2161/2262
f 2147/2161/2262 2148/2162/2263 2145/2159/2260
f 2149/2163/2264 2150/2164/2265 2148/2162/2263
f 2148/2162/2263 2147/2161/2262 2149/2163/2264
f 2150/2164/2265 2149/2163/2264 2151/2165/2266
f 2151/2165/2266 2152/2166/2267 2150/2164/2265
f 2153/2167/2268 2154/2168/2269 2152/2166/2267
f 2152/2166/2267 2151/2165/2266 2153/2167/2268
f 2155/2169/2270 2156/2170/2271 2138/2152/2253
f 2138/2152/2253 2137/2151/2252 2155/2169/2270
f 2157/2171/2272 2158/2172/2273 2159/2173/2274
f 2159/2173/2274 2160/2174/2275 2157/2171/2272
f 2160/2174/2275 2159/2173/2274 2161/2175/2276
f 2161/2175/2276 2162/2176/2277 2160/2174/2275
f 1905/1919/2020 2160/2174/2275 2162/2176/2277
f 2162/2176/2277 1907/1921/2022 1905/1919/2020
f 1904/1918/2019 2157/2171/2272 2160/2174/2275
f 2160/2174/2275 1905/1919/2020 1904/1918/2019
f 2162/2176/2277 2161/2175/2276 2163/2177/2278
f 2163/2177/2278 2164/2178/2279 2162/2176/2277
f 2165/2179/2280 2166/2180/2281 2167/2181/2282
f 2167/2181/2282 2168/2182/2283 2165/2179/2280
f 1911/1925/2026 2165/2179/2280 2168/2182/2283
f 2168/2182/2283 1912/1926/2027 1911/1925/2026
f 1907/1921/2022 2162/2176/2277 2164/2178/2279
f 2164/2178/2279 1908/1922/2023 1907/1921/2022
f 2168/2182/2283 2167/2181/2282 2169/2183/2284
f 2169/2183/2284 2170/2184/2285 2168/2182/2283
f 2170/2184/2285 2169/2183/2284 2171/2185/2286
f 2171/2185/2286 2172/2186/2287 2170/2184/2285
f 1909/1923/2024 2170/2184/2285 2172/2186/2287
f 2172/2186/2287 1913/1927/2028 1909/1923/2024
f 1912/1926/2027 2168/2182/2283 2170/2184/2285
f 2170/2184/2285 1909/1923/2024 1912/1926/2027
f 2172/2186/2287 2171/2185/2286 2173/2187/2288
f 2173/2187/2288 2174/2188/2289 2172/2186/2287
f 2175/2189/2290 2176/2190/2291 2158/2172/2273
f 2158/2172/2273 2157/2171/2272 2175/2189/2290
f 1903/1917/2018 2175/2189/2290 2157/2171/2272
f 2157/2171/2272 1904/1918/2019 1903/1917/2018
f 1913/1927/2028 2172/2186/2287 2174/2188/2289
f 2174/2188/2289 1914/1928/2029 1913/1927/2028
f 2177/2191/2292 2178/2192/2293 2179/2193/2294
f 2179/2193/2294 2180/2194/2295 2177/2191/2292
f 2180/2194/2295 2179/2193/2294 2181/2195/2296
f 2181/2195/2296 2182/2196/2297 2180/2194/2295
f 1917/1931/2032 2180/2194/2295 2182/2196/2297
f 2182/2196/2297 1919/1933/2034 1917/1931/2032
f 1916/1930/2031 2177/2191/2292 2180/2194/2295
f 2180/2194/2295 1917/1931/2032 1916/1930/2031
f 2182/2196/2297 2181/2195/2296 2183/2197/2298
f 2183/2197/2298 2184/2198/2299 2182/2196/2297
f 2185/2199/2300 2186/2200/2301 2187/2201/2302
f 2187/2201/2302 2188/2202/2303 2185/2199/2300
f 1923/1937/2038 2185/2199/2300 2188/2202/2303
f 2188/2202/2303 1924/1938/2039 1923/1937/2038
f 1919/1933/2034 2182/2196/2297 2184/2198/2299
f 2184/2198/2299 1920/1934/2035 1919/1933/2034
f 2188/2202/2303 2187/2201/2302 2189/2203/2304
f 2189/2203/2304 2190/2204/2305 2188/2202/2303
f 2190/2204/2305 2189/2203/2304 2191/2205/2306
f 2191/2205/2306 2192/2206/2307 2190/2204/2305
f 1921/1935/2036 2190/2204/2305 2192/2206/2307
f 2192/2206/2307 1925/1939/2040 1921/1935/2036
f 1924/1938/2039 2188/2202/2303 2190/2204/2305
f 2190/2204/2305 1921/1935/2036 1924/1938/2039
f 2192/2206/2307 2191/2205/2306 2193/2207/2308
f 2193/2207/2308 2194/2208/2309 2192/2206/2307
f 2195/2209/2310 2196/2210/2311 2178/2192/2293
f 2178/2192/2293 2177/2191/2292 2195/2209/2310
f 1915/1929/2030 2195/2209/2310 2177/2191/2292
f 2177/2191/2292 1916/1930/2031 1915/1929/2030
f 1925/1939/2040 2192/2206/2307 2194/2208/2309
f 2194/2208/2309 1926/1940/2041 1925/1939/2040
f 2197/2211/2312 2198/2212/2313 2199/2213/2314
f 2199/2213/2314 2200/2214/2315 2197/2211/2312
f 2200/2214/2315 2199/2213/2314 2201/2215/2316
f 2201/2215/2316 2202/2216/2317 2200/2214/2315
f 1929/1943/2044 2200/2214/2315 2202/2216/2317
f 2202/2216/2317 1931/1945/2046 1929/1943/2044
f 1928/1942/2043 2197/2211/2312 2200/2214/2315
f 2200/2214/2315 1929/1943/2044 1928/1942/2043
f 2202/2216/2317 2201/2215/2316 2203/2217/2318
f 2203/2217/2318 2204/2218/2319 2202/2216/2317
f 2205/2219/2320 2206/2220/2321 2207/2221/2322
f 2207/2221/2322 2208/2222/2323 2205/2219/2320
f 1935/1949/2050 2205/2219/2320 2208/2222/2323
f 2208/2222/2323 1936/1950/2051 1935/1949/2050
f 1931/1945/2046 2202/2216/2317 2204/2218/2319
f 2204/2218/2319 1932/1946/2047 1931/1945/2046
f 2208/2222/2323 2207/2221/2322 2209/2223/2324
f 2209/2223/2324 2210/2224/2325 2208/2222/2323
f 2210/2224/2325 2209/2223/2324 2211/2225/2326
f 2211/2225/2326 2212/2226/2327 2210/2224/2325
f 1933/1947/2048 2210/2224/2325 2212/2226/2327
f 2212/2226/2327 1937/1951/2052 1933/1947/2048
f 1936/1950/2051 2208/2222/2323 2210/2224/2325
f 2210/2224/2325 1933/1947/2048 1936/1950/2051
f 2212/2226/2327 2211/2225/2326 2213/2227/2328
f 2213/2227/2328 2214/2228/2329 2212/2226/2327
f 2215/2229/2330 2216/2230/2331 2198/2212/2313
f 2198/2212/2313 2197/2211/2312 2215/2229/2330
f 1927/1941/2042 2215/2229/2330 2197/2211/2312
f 2197/2211/2312 1928/1942/2043 1927/1941/2042
f 1937/1951/2052 2212/2226/2327 2214/2228/2329
f 2214/2228/2329 1938/1952/2053 1937/1951/2052
f 2217/2231/2332 2218/2232/2333 2219/2233/2334
f 2219/2233/2334 2220/2234/2335 2217/2231/2332
f 2220/2234/2335 2219/2233/2334 2221/2235/2336
f 2221/2235/2336 2222/2236/2337 2220/2234/2335
f 1941/1955/2056 2220/2234/2335 2222/2236/2337
f 2222/2236/2337 1943/1957/2058 1941/1955/2056
f 1940/1954/2055 2217/2231/2332 2220/2234/2335
f 2220/2234/2335 1941/1955/2056 1940/1954/2055
f 2222/2236/2337 2221/2235/2336 2223/2237/2338
f 2223/2237/2338 2224/2238/2339 2222/2236/2337
f 2225/2239/2340 2226/2240/2341 2227/2241/2342
f 2227/2241/2342 2228/2242/2343 2225/2239/2340
f 1947/1961/2062 2225/2239/2340 2228/2242/2343
f 2228/2242/2343 1948/1962/2063 1947/1961/2062
f 1943/1957/2058 2222/2236/2337 2224/2238/2339
f 2224/2238/2339 1944/1958/2059 1943/1957/2058
f 2228/2242/2343 2227/2241/2342 2229/2243/2344
f 2229/2243/2344 2230/2244/2345 2228/2242/2343
f 2230/2244/2345 2229/2243/2344 2231/2245/2346
f 2231/2245/2346 2232/2246/2347 2230/2244/2345
f 1945/1959/2060 2230/2244/2345 2232/2246/2347
f 2232/2246/2347 1949/1963/2064 1945/1959/2060
f 1948/1962/2063 2228/2242/2343 2230/2244/2345
f 2230/2244/2345 1945/1959/2060 1948/1962/2063
f 2232/2246/2347 2231/2245/2346 2233/2247/2348
f 2233/2247/2348 2234/2248/2349 2232/2246/2347
f 2235/2249/2350 2236/2250/2351 2218/2232/2333
f 2218/2232/2333 2217/2231/2332 2235/2249/2350
f 1939/1953/2054 2235/2249/2350 2217/2231/2332
f 2217/2231/2332 1940/1954/2055 1939/1953/2054
f 1949/1963/2064 2232/2246/2347 2234/2248/2349
f 2234/2248/2349 1950/1964/2065 1949/1963/2064
f 2237/2251/2352 2238/2252/2353 1804/1818/1915
f 1804/1818/1915 1898/1912/2013 2237/2251/2352
f 2239/2253/2354 2240/2254/2355 1837/1851/1948
f 1837/1851/1948 1809/1823/1920 2239/2253/2354
f 2241/2255/2356 2240/2254/2355 2239/2253/2354
f 2239/2253/2354 2242/2256/2357 2241/2255/2356
f 2239/2253/2354 1809/1823/1920 1808/1822/1919
f 1808/1822/1919 2243/2257/2358 2239/2253/2354
f 2244/2258/2359 1805/1819/1916 1804/1818/1915
f 1804/1818/1915 2238/2252/2353 2244/2258/2359
f 2245/2259/2360 2246/2260/2361 2238/2252/2353
f 2238/2252/2353 2247/2261/2362 2245/2259/2360
f 2242/2256/2357 2239/2253/2354 2243/2257/2358
f 2243/2257/2358 2248/2262/2363 2242/2256/2357
f 2249/2263/2364 2237/2251/2352 1898/1912/2013
f 1898/1912/2013 1826/1840/1937 2249/2263/2364
f 2249/2263/2364 1826/1840/1937 1825/1839/1936
f 1825/1839/1936 2250/2264/2365 2249/2263/2364
f 2251/2265/2366 1829/1843/1940 1828/1842/1939
f 1828/1842/1939 2252/2266/2367 2251/2265/2366
f 2240/2254/2355 2252/2266/2367 1828/1842/1939
f 1828/1842/1939 1837/1851/1948 2240/2254/2355
f 2253/2267/2368 2252/2266/2367 2240/2254/2355
f 2240/2254/2355 2241/2255/2356 2253/2267/2368
f 2238/2252/2353 2237/2251/2352 2254/2268/2369
f 2254/2268/2369 2247/2261/2362 2238/2252/2353
f 2255/2269/2370 2256/2270/2371 2257/2271/2372
f 2257/2271/2372 2258/2272/2373 2255/2269/2370
f 2259/2273/2374 2260/2274/2375 2261/2275/2376
f 2261/2275/2376 2262/2276/2377 2259/2273/2374
f 2263/2277/2378 2264/2278/2379 2256/2270/2371
f 2256/2270/2371 2255/2269/2370 2263/2277/2378
f 2262/2276/2377 2261/2275/2376 2265/2279/2380
f 2265/2279/2380 2266/2280/2381 2262/2276/2377
f 2237/2251/2352 2249/2263/2364 2267/2281/2382
f 2267/2281/2382 2254/2268/2369 2237/2251/2352
f 2257/2271/2372 2268/2282/2383 2258/2272/2373
f 2249/2263/2364 2250/2264/2365 2269/2283/2384
f 2269/2283/2384 2267/2281/2382 2249/2263/2364
f 2251/2265/2366 2252/2266/2367 2253/2267/2368
f 2253/2267/2368 2270/2284/2385 2251/2265/2366
f 2271/2285/2386 2260/2274/2375 2259/2273/2374
f 2272/2286/2387 2273/2287/2388 2274/2288/2389
f 2274/2288/2389 2275/2289/2390 2272/2286/2387
f 1814/1828/1925 2273/2287/2388 2272/2286/2387
f 2272/2286/2387 1815/1829/1926 1814/1828/1925
f 2276/2290/2391 2277/2291/2392 2278/2292/2393
f 2278/2292/2393 2279/2293/2394 2276/2290/2391
f 1819/1833/1930 2277/2291/2392 2276/2290/2391
f 2276/2290/2391 1816/1830/1927 1819/1833/1930
f 2276/2290/2391 2279/2293/2394 2280/2294/2395
f 2280/2294/2395 2281/2295/2396 2276/2290/2391
f 2282/2296/2397 2283/2297/2398 2274/2288/2389
f 2274/2288/2389 2273/2287/2388 2282/2296/2397
f 1813/1827/1924 2282/2296/2397 2273/2287/2388
f 2273/2287/2388 1814/1828/1925 1813/1827/1924
f 1816/1830/1927 2276/2290/2391 2281/2295/2396
f 2281/2295/2396 1817/1831/1928 1816/1830/1927
f 2284/2298/2399 2272/2286/2387 2275/2289/2390
f 2275/2289/2390 2285/2299/2400 2284/2298/2399
f 1815/1829/1926 2272/2286/2387 2284/2298/2399
f 2284/2298/2399 1821/1835/1932 1815/1829/1926
f 2284/2298/2399 2285/2299/2400 2286/2300/2401
f 2286/2300/2401 2287/2301/2402 2284/2298/2399
f 2288/2302/2403 2289/2303/2404 2290/2304/2405
f 2290/2304/2405 2291/2305/2406 2288/2302/2403
f 1822/1836/1933 2288/2302/2403 2291/2305/2406
f 2291/2305/2406 1823/1837/1934 1822/1836/1933
f 1821/1835/1932 2284/2298/2399 2287/2301/2402
f 2287/2301/2402 1820/1834/1931 1821/1835/1932
f 2277/2291/2392 2291/2305/2406 2290/2304/2405
f 2290/2304/2405 2278/2292/2393 2277/2291/2392
f 1823/1837/1934 2291/2305/2406 2277/2291/2392
f 2277/2291/2392 1819/1833/1930 1823/1837/1934
f 2048/2062/2163 2074/2088/2189 2044/2058/2159
f 2044/2058/2159 2041/2055/2156 2048/2062/2163
f 2076/2090/2191 2049/2063/2164 2050/2064/2165
f 2050/2064/2165 2058/2072/2173 2076/2090/2191
f 2051/2065/2166 2054/2068/2169 2058/2072/2173
f 2058/2072/2173 2050/2064/2165 2051/2065/2166
f 2054/2068/2169 2051/2065/2166 2052/2066/2167
f 2052/2066/2167 2055/2069/2170 2054/2068/2169
f 2059/2073/2174 2064/2078/2179 2055/2069/2170
f 2055/2069/2170 2052/2066/2167 2059/2073/2174
f 2062/2076/2177 2060/2074/2175 2039/2053/2154
f 2039/2053/2154 2047/2061/2162 2062/2076/2177
f 2047/2061/2162 2039/2053/2154 2040/2054/2155
f 2040/2054/2155 2043/2057/2158 2047/2061/2162
f 2043/2057/2158 2040/2054/2155 2041/2055/2156
f 2041/2055/2156 2044/2058/2159 2043/2057/2158
f 2073/2087/2188 2143/2157/2258 2141/2155/2256
f 2141/2155/2256 2045/2059/2160 2073/2087/2188
f 2146/2160/2261 2075/2089/2190 2057/2071/2172
f 2057/2071/2172 2147/2161/2262 2146/2160/2261
f 2053/2067/2168 2149/2163/2264 2147/2161/2262
f 2147/2161/2262 2057/2071/2172 2053/2067/2168
f 2149/2163/2264 2053/2067/2168 2056/2070/2171
f 2056/2070/2171 2151/2165/2266 2149/2163/2264
f 2063/2077/2178 2153/2167/2268 2151/2165/2266
f 2151/2165/2266 2056/2070/2171 2063/2077/2178
f 2156/2170/2271 2061/2075/2176 2046/2060/2161
f 2046/2060/2161 2138/2152/2253 2156/2170/2271
f 2138/2152/2253 2046/2060/2161 2042/2056/2157
f 2042/2056/2157 2139/2153/2254 2138/2152/2253
f 2139/2153/2254 2042/2056/2157 2045/2059/2160
f 2045/2059/2160 2141/2155/2256 2139/2153/2254
f 2020/2034/2135 2070/2084/2185 2016/2030/2131
f 2016/2030/2131 2013/2027/2128 2020/2034/2135
f 2072/2086/2187 2021/2035/2136 2022/2036/2137
f 2022/2036/2137 2030/2044/2145 2072/2086/2187
f 2023/2037/2138 2026/2040/2141 2030/2044/2145
f 2030/2044/2145 2022/2036/2137 2023/2037/2138
f 2026/2040/2141 2023/2037/2138 2024/2038/2139
f 2024/2038/2139 2027/2041/2142 2026/2040/2141
f 2032/2046/2147 2038/2052/2153 2027/2041/2142
f 2027/2041/2142 2024/2038/2139 2032/2046/2147
f 2036/2050/2151 2033/2047/2148 2011/2025/2126
f 2011/2025/2126 2019/2033/2134 2036/2050/2151
f 2019/2033/2134 2011/2025/2126 2012/2026/2127
f 2012/2026/2127 2015/2029/2130 2019/2033/2134
f 2015/2029/2130 2012/2026/2127 2013/2027/2128
f 2013/2027/2128 2016/2030/2131 2015/2029/2130
f 2069/2083/2184 2123/2137/2238 2121/2135/2236
f 2121/2135/2236 2017/2031/2132 2069/2083/2184
f 2126/2140/2241 2071/2085/2186 2029/2043/2144
f 2029/2043/2144 2127/2141/2242 2126/2140/2241
f 2025/2039/2140 2129/2143/2244 2127/2141/2242
f 2127/2141/2242 2029/2043/2144 2025/2039/2140
f 2129/2143/2244 2025/2039/2140 2028/2042/2143
f 2028/2042/2143 2131/2145/2246 2129/2143/2244
f 2037/2051/2152 2133/2147/2248 2131/2145/2246
f 2131/2145/2246 2028/2042/2143 2037/2051/2152
f 2136/2150/2251 2035/2049/2150 2018/2032/2133
f 2018/2032/2133 2118/2132/2233 2136/2150/2251
f 2118/2132/2233 2018/2032/2133 2014/2028/2129
f 2014/2028/2129 2119/2133/2234 2118/2132/2233
f 2119/2133/2234 2014/2028/2129 2017/2031/2132
f 2017/2031/2132 2121/2135/2236 2119/2133/2234
f 1992/2006/2107 2066/2080/2181 1988/2002/2103
f 1988/2002/2103 1985/1999/2100 1992/2006/2107
f 2068/2082/2183 1993/2007/2108 1994/2008/2109
f 1994/2008/2109 2002/2016/2117 2068/2082/2183
f 1995/2009/2110 1998/2012/2113 2002/2016/2117
f 2002/2016/2117 1994/2008/2109 1995/2009/2110
f 1998/2012/2113 1995/2009/2110 1996/2010/2111
f 1996/2010/2111 1999/2013/2114 1998/2012/2113
f 2004/2018/2119 2010/2024/2125 1999/2013/2114
f 1999/2013/2114 1996/2010/2111 2004/2018/2119
f 2008/2022/2123 2005/2019/2120 1983/1997/2098
f 1983/1997/2098 1991/2005/2106 2008/2022/2123
f 1991/2005/2106 1983/1997/2098 1984/1998/2099
f 1984/1998/2099 1987/2001/2102 1991/2005/2106
f 1987/2001/2102 1984/1998/2099 1985/1999/2100
f 1985/1999/2100 1988/2002/2103 1987/2001/2102
f 2065/2079/2180 2103/2117/2218 2101/2115/2216
f 2101/2115/2216 1989/2003/2104 2065/2079/2180
f 2106/2120/2221 2067/2081/2182 2001/2015/2116
f 2001/2015/2116 2107/2121/2222 2106/2120/2221
f 1997/2011/2112 2109/2123/2224 2107/2121/2222
f 2107/2121/2222 2001/2015/2116 1997/2011/2112
f 2109/2123/2224 1997/2011/2112 2000/2014/2115
f 2000/2014/2115 2111/2125/2226 2109/2123/2224
f 2009/2023/2124 2113/2127/2228 2111/2125/2226
f 2111/2125/2226 2000/2014/2115 2009/2023/2124
f 2116/2130/2231 2007/2021/2122 1990/2004/2105
f 1990/2004/2105 2098/2112/2213 2116/2130/2231
f 2098/2112/2213 1990/2004/2105 1986/2000/2101
f 1986/2000/2101 2099/2113/2214 2098/2112/2213
f 2099/2113/2214 1986/2000/2101 1989/2003/2104
f 1989/2003/2104 2101/2115/2216 2099/2113/2214
f 1960/1974/2075 1968/1982/2083 1956/1970/2071
f 1956/1970/2071 1953/1967/2068 1960/1974/2075
f 1964/1978/2079 1961/1975/2076 1962/1976/2077
f 1962/1976/2077 1965/1979/2080 1964/1978/2079
f 1969/1983/2084 1972/1986/2087 1965/1979/2080
f 1965/1979/2080 1962/1976/2077 1969/1983/2084
f 1972/1986/2087 1969/1983/2084 1970/1984/2085
f 1970/1984/2085 1973/1987/2088 1972/1986/2087
f 1976/1990/2091 1982/1996/2097 1973/1987/2088
f 1973/1987/2088 1970/1984/2085 1976/1990/2091
f 1980/1994/2095 1977/1991/2092 1951/1965/2066
f 1951/1965/2066 1959/1973/2074 1980/1994/2095
f 1959/1973/2074 1951/1965/2066 1952/1966/2067
f 1952/1966/2067 1955/1969/2070 1959/1973/2074
f 1955/1969/2070 1952/1966/2067 1953/1967/2068
f 1953/1967/2068 1956/1970/2071 1955/1969/2070
f 1967/1981/2082 2083/2097/2198 2081/2095/2196
f 2081/2095/2196 1957/1971/2072 1967/1981/2082
f 2086/2100/2201 1963/1977/2078 1966/1980/2081
f 1966/1980/2081 2087/2101/2202 2086/2100/2201
f 1971/1985/2086 2089/2103/2204 2087/2101/2202
f 2087/2101/2202 1966/1980/2081 1971/1985/2086
f 2089/2103/2204 1971/1985/2086 1974/1988/2089
f 1974/1988/2089 2091/2105/2206 2089/2103/2204
f 1981/1995/2096 2093/2107/2208 2091/2105/2206
f 2091/2105/2206 1974/1988/2089 1981/1995/2096
f 2096/2110/2211 1979/1993/2094 1958/1972/2073
f 1958/1972/2073 2078/2092/2193 2096/2110/2211
f 2078/2092/2193 1958/1972/2073 1954/1968/2069
f 1954/1968/2069 2079/2093/2194 2078/2092/2193
f 2079/2093/2194 1954/1968/2069 1957/1971/2072
f 1957/1971/2072 2081/2095/2196 2079/2093/2194
f 2218/2232/2333 2137/2151/2252 2140/2154/2255
f 2140/2154/2255 2219/2233/2334 2218/2232/2333
f 2236/2250/2351 2155/2169/2270 2137/2151/2252
f 2137/2151/2252 2218/2232/2333 2236/2250/2351
f 2233/2247/2348 2231/2245/2346 2152/2166/2267
f 2152/2166/2267 2154/2168/2269 2233/2247/2348
f 2229/2243/2344 2150/2164/2265 2152/2166/2267
f 2152/2166/2267 2231/2245/2346 2229/2243/2344
f 2229/2243/2344 2227/2241/2342 2148/2162/2263
f 2148/2162/2263 2150/2164/2265 2229/2243/2344
f 2226/2240/2341 2145/2159/2260 2148/2162/2263
f 2148/2162/2263 2227/2241/2342 2226/2240/2341
f 2223/2237/2338 2221/2235/2336 2142/2156/2257
f 2142/2156/2257 2144/2158/2259 2223/2237/2338
f 2219/2233/2334 2140/2154/2255 2142/2156/2257
f 2142/2156/2257 2221/2235/2336 2219/2233/2334
f 2198/2212/2313 2117/2131/2232 2120/2134/2235
f 2120/2134/2235 2199/2213/2314 2198/2212/2313
f 2216/2230/2331 2135/2149/2250 2117/2131/2232
f 2117/2131/2232 2198/2212/2313 2216/2230/2331
f 2213/2227/2328 2211/2225/2326 2132/2146/2247
f 2132/2146/2247 2134/2148/2249 2213/2227/2328
f 2209/2223/2324 2130/2144/2245 2132/2146/2247
f 2132/2146/2247 2211/2225/2326 2209/2223/2324
f 2209/2223/2324 2207/2221/2322 2128/2142/2243
f 2128/2142/2243 2130/2144/2245 2209/2223/2324
f 2206/2220/2321 2125/2139/2240 2128/2142/2243
f 2128/2142/2243 2207/2221/2322 2206/2220/2321
f 2203/2217/2318 2201/2215/2316 2122/2136/2237
f 2122/2136/2237 2124/2138/2239 2203/2217/2318
f 2199/2213/2314 2120/2134/2235 2122/2136/2237
f 2122/2136/2237 2201/2215/2316 2199/2213/2314
f 2178/2192/2293 2097/2111/2212 2100/2114/2215
f 2100/2114/2215 2179/2193/2294 2178/2192/2293
f 2196/2210/2311 2115/2129/2230 2097/2111/2212
f 2097/2111/2212 2178/2192/2293 2196/2210/2311
f 2193/2207/2308 2191/2205/2306 2112/2126/2227
f 2112/2126/2227 2114/2128/2229 2193/2207/2308
f 2189/2203/2304 2110/2124/2225 2112/2126/2227
f 2112/2126/2227 2191/2205/2306 2189/2203/2304
f 2189/2203/2304 2187/2201/2302 2108/2122/2223
f 2108/2122/2223 2110/2124/2225 2189/2203/2304
f 2186/2200/2301 2105/2119/2220 2108/2122/2223
f 2108/2122/2223 2187/2201/2302 2186/2200/2301
f 2183/2197/2298 2181/2195/2296 2102/2116/2217
f 2102/2116/2217 2104/2118/2219 2183/2197/2298
f 2179/2193/2294 2100/2114/2215 2102/2116/2217
f 2102/2116/2217 2181/2195/2296 2179/2193/2294
f 2158/2172/2273 2077/2091/2192 2080/2094/2195
f 2080/2094/2195 2159/2173/2274 2158/2172/2273
f 2176/2190/2291 2095/2109/2210 2077/2091/2192
f 2077/2091/2192 2158/2172/2273 2176/2190/2291
f 2173/2187/2288 2171/2185/2286 2092/2106/2207
f 2092/2106/2207 2094/2108/2209 2173/2187/2288
f 2169/2183/2284 2090/2104/2205 2092/2106/2207
f 2092/2106/2207 2171/2185/2286 2169/2183/2284
f 2169/2183/2284 2167/2181/2282 2088/2102/2203
f 2088/2102/2203 2090/2104/2205 2169/2183/2284
f 2166/2180/2281 2085/2099/2200 2088/2102/2203
f 2088/2102/2203 2167/2181/2282 2166/2180/2281
f 2163/2177/2278 2161/2175/2276 2082/2096/2197
f 2082/2096/2197 2084/2098/2199 2163/2177/2278
f 2159/2173/2274 2080/2094/2195 2082/2096/2197
f 2082/2096/2197 2161/2175/2276 2159/2173/2274
f 2256/2270/2371 2247/2261/2362 2254/2268/2369
f 2254/2268/2369 2257/2271/2372 2256/2270/2371
f 2257/2271/2372 2254/2268/2369 2267/2281/2382
f 2267/2281/2382 2268/2282/2383 2257/2271/2372
f 2268/2282/2383 2267/2281/2382 2269/2283/2384
f 2269/2283/2384 2292/2306/2407 2268/2282/2383
f 2293/2307/2408 2270/2284/2385 2253/2267/2368
f 2253/2267/2368 2271/2285/2386 2293/2307/2408
f 2271/2285/2386 2253/2267/2368 2241/2255/2356
f 2241/2255/2356 2260/2274/2375 2271/2285/2386
f 2260/2274/2375 2241/2255/2356 2242/2256/2357
f 2242/2256/2357 2261/2275/2376 2260/2274/2375
f 2261/2275/2376 2242/2256/2357 2248/2262/2363
f 2248/2262/2363 2265/2279/2380 2261/2275/2376
f 2264/2278/2379 2245/2259/2360 2247/2261/2362
f 2247/2261/2362 2256/2270/2371 2264/2278/2379
f 2258/2272/2373 2275/2289/2390 2274/2288/2389
f 2274/2288/2389 2255/2269/2370 2258/2272/2373
f 2268/2282/2383 2285/2299/2400 2275/2289/2390
f 2275/2289/2390 2258/2272/2373 2268/2282/2383
f 2285/2299/2400 2268/2282/2383 2292/2306/2407
f 2292/2306/2407 2286/2300/2401 2285/2299/2400
f 2289/2303/2404 2293/2307/2408 2271/2285/2386
f 2271/2285/2386 2290/2304/2405 2289/2303/2404
f 2259/2273/2374 2278/2292/2393 2290/2304/2405
f 2290/2304/2405 2271/2285/2386 2259/2273/2374
f 2262/2276/2377 2279/2293/2394 2278/2292/2393
f 2278/2292/2393 2259/2273/2374 2262/2276/2377
f 2279/2293/2394 2262/2276/2377 2266/2280/2381
f 2266/2280/2381 2280/2294/2395 2279/2293/2394
f 2283/2297/2398 2263/2277/2378 2255/2269/2370
f 2255/2269/2370 2274/2288/2389 2283/2297/2398
f 1842/1856/1953 1847/1861/1958 1841/1855/1952
f 1842/1856/1953 1841/1855/1952 1838/1852/1949
f 1846/1860/1957 1845/1859/1956 1841/1855/1952
f 1846/1860/1957 1858/1872/1969 1845/1859/1956
f 1838/1852/1949 1831/1845/1942 1843/1857/1954
f 1857/1871/1968 1855/1869/1966 1845/1859/1956
f 1857/1871/1968 1859/1873/1970 1855/1869/1966
f 1855/1869/1966 1860/1874/1971 1856/1870/1967
f 1885/1899/1998 1879/1893/1990 1889/1903/2002
f 1888/1902/2001 1887/1901/2000 1885/1899/1998
f 1888/1902/2001 1894/1908/2007 1887/1901/2000
f 1893/1907/2006 1892/1906/2005 1887/1901/2000
f 1893/1907/2006 1901/1915/2016 1892/1906/2005
f 1900/1914/2015 1899/1913/2014 1892/1906/2005
f 1900/1914/2015 1902/1916/2017 1899/1913/2014
f 1899/1913/2014 1827/1841/1938 1826/1840/1937
f 2294/2308/2409 2295/2309/2410 2296/1555/1637
f 2296/1555/1637 2297/1550/1633 2294/2308/2409
f 2298/1521/1599 2299/1520/1598 2295/2309/2410
f 2295/2309/2410 2294/2308/2409 2298/1521/1599
f 2300/2310/2411 2299/1520/1598 2301/163/159
f 2301/163/159 2302/2311/2412 2300/2310/2411
f 2302/2311/2412 2301/163/159 2303/1515/1595
f 2303/1515/1595 2304/2312/2413 2302/2311/2412
f 2304/2312/2413 2303/1515/1595 2305/1543/1626
f 2305/1543/1626 2306/2313/2414 2304/2312/2413
f 2307/2314/2415 2308/1528/1608 2309/1535/1616
f 2309/1535/1616 2310/2315/2416 2307/2314/2415
f 2310/2315/2416 2309/1535/1616 2311/1548/1631
f 2311/1548/1631 2312/2316/2417 2310/2315/2416
f 2312/2316/2417 2311/1548/1631 2296/1555/1637
f 2296/1555/1637 2313/2317/2418 2312/2316/2417
f 2313/2317/2418 2296/1555/1637 2295/2309/2410
f 2295/2309/2410 2314/2318/2419 2313/2317/2418
f 2314/2318/2419 2295/2309/2410 2299/1520/1598
f 2299/1520/1598 2300/2310/2411 2314/2318/2419
f 2315/2319/2420 2300/2310/2411 2302/2311/2412
f 2302/2311/2412 2316/2320/2421 2315/2319/2420
f 2316/2320/2421 2302/2311/2412 2304/2312/2413
f 2304/2312/2413 2317/2321/2422 2316/2320/2421
f 2317/2321/2422 2304/2312/2413 2306/2313/2414
f 2306/2313/2414 2318/2322/2423 2317/2321/2422
f 2319/2323/2424 2307/2314/2415 2310/2315/2416
f 2310/2315/2416 2320/2324/2425 2319/2323/2424
f 2320/2324/2425 2310/2315/2416 2312/2316/2417
f 2312/2316/2417 2321/2325/2426 2320/2324/2425
f 2321/2325/2426 2312/2316/2417 2313/2317/2418
f 2313/2317/2418 2322/2326/2427 2321/2325/2426
f 2322/2326/2427 2313/2317/2418 2314/2318/2419
f 2314/2318/2419 2323/2327/2428 2322/2326/2427
f 2323/2327/2428 2314/2318/2419 2300/2310/2411
f 2300/2310/2411 2315/2319/2420 2323/2327/2428
f 2324/2328/2429 2325/2329/2430 2326/2330/2431
f 2326/2330/2431 2327/2331/2432 2324/2328/2429
f 2327/2331/2432 2326/2330/2431 2328/2332/2433
f 2328/2332/2433 2329/2333/2434 2327/2331/2432
f 2329/2333/2434 2328/2332/2433 2330/2334/2435
f 2330/2334/2435 2331/2335/2436 2329/2333/2434
f 2332/2336/2437 2333/2337/2438 2334/2338/2439
f 2334/2338/2439 2335/2339/2440 2332/2336/2437
f 2335/2339/2440 2334/2338/2439 2336/2340/2441
f 2336/2340/2441 2337/2341/2442 2335/2339/2440
f 2337/2341/2442 2336/2340/2441 2338/2342/2443
f 2338/2342/2443 2339/2343/2444 2337/2341/2442
f 2339/2343/2444 2338/2342/2443 2340/2344/2445
f 2340/2344/2445 2341/2345/2446 2339/2343/2444
f 2341/2345/2446 2340/2344/2445 2325/2329/2430
f 2325/2329/2430 2324/2328/2429 2341/2345/2446
f 2342/2346/2447 2343/2347/2448 2344/2348/2449
f 2344/2348/2449 2345/2349/2450 2342/2346/2447
f 2345/2349/2450 2344/2348/2449 2346/2350/2451
f 2346/2350/2451 2347/2351/2452 2345/2349/2450
f 2347/2351/2452 2346/2350/2451 2348/2352/2453
f 2348/2352/2453 2349/2353/2454 2347/2351/2452
f 2350/2354/2455 2351/2355/2456 2352/2356/2457
f 2352/2356/2457 2353/2357/2458 2350/2354/2455
f 2353/2357/2458 2352/2356/2457 2354/2358/2459
f 2354/2358/2459 2355/2359/2460 2353/2357/2458
f 2355/2359/2460 2354/2358/2459 2356/2360/2461
f 2356/2360/2461 2357/2361/2462 2355/2359/2460
f 2357/2361/2462 2356/2360/2461 2358/2362/2463
f 2358/2362/2463 2359/2363/2464 2357/2361/2462
f 2359/2363/2464 2358/2362/2463 2343/2347/2448
f 2343/2347/2448 2342/2346/2447 2359/2363/2464
f 2360/2364/2465 2342/2346/2447 2345/2349/2450
f 2345/2349/2450 2361/2365/2466 2360/2364/2465
f 2361/2365/2466 2345/2349/2450 2347/2351/2452
f 2347/2351/2452 2362/2366/2467 2361/2365/2466
f 2362/2366/2467 2347/2351/2452 2349/2353/2454
f 2349/2353/2454 2363/2367/2468 2362/2366/2467
f 2364/2368/2469 2350/2354/2455 2353/2357/2458
f 2353/2357/2458 2365/2369/2470 2364/2368/2469
f 2365/2369/2470 2353/2357/2458 2355/2359/2460
f 2355/2359/2460 2366/2370/2471 2365/2369/2470
f 2366/2370/2471 2355/2359/2460 2357/2361/2462
f 2357/2361/2462 2367/2371/2472 2366/2370/2471
f 2367/2371/2472 2357/2361/2462 2359/2363/2464
f 2359/2363/2464 2368/2372/2473 2367/2371/2472
f 2368/2372/2473 2359/2363/2464 2342/2346/2447
f 2342/2346/2447 2360/2364/2465 2368/2372/2473
f 2369/2373/2474 2360/2364/2465 2361/2365/2466
f 2361/2365/2466 2370/2374/2475 2369/2373/2474
f 2370/2374/2475 2361/2365/2466 2362/2366/2467
f 2362/2366/2467 2371/2375/2476 2370/2374/2475
f 2371/2375/2476 2362/2366/2467 2363/2367/2468
f 2363/2367/2468 2372/2376/2477 2371/2375/2476
f 2373/2377/2478 2364/2368/2469 2365/2369/2470
f 2365/2369/2470 2374/2378/2479 2373/2377/2478
f 2374/2378/2479 2365/2369/2470 2366/2370/2471
f 2366/2370/2471 2375/2379/2480 2374/2378/2479
f 2375/2379/2480 2366/2370/2471 2367/2371/2472
f 2367/2371/2472 2376/2380/2481 2375/2379/2480
f 2376/2380/2481 2367/2371/2472 2368/2372/2473
f 2368/2372/2473 2377/2381/2482 2376/2380/2481
f 2377/2381/2482 2368/2372/2473 2360/2364/2465
f 2360/2364/2465 2369/2373/2474 2377/2381/2482
f 2378/2382/2483 2369/2373/2474 2370/2374/2475
f 2370/2374/2475 2379/2383/2484 2378/2382/2483
f 2379/2383/2484 2370/2374/2475 2371/2375/2476
f 2371/2375/2476 2380/2384/2485 2379/2383/2484
f 2380/2384/2485 2371/2375/2476 2372/2376/2477
f 2372/2376/2477 2381/2385/2486 2380/2384/2485
f 2382/2386/2487 2373/2377/2478 2374/2378/2479
f 2374/2378/2479 2383/2387/2488 2382/2386/2487
f 2383/2387/2488 2374/2378/2479 2375/2379/2480
f 2375/2379/2480 2384/2388/2489 2383/2387/2488
f 2384/2388/2489 2375/2379/2480 2376/2380/2481
f 2376/2380/2481 2385/2389/2490 2384/2388/2489
f 2385/2389/2490 2376/2380/2481 2377/2381/2482
f 2377/2381/2482 2386/2390/2491 2385/2389/2490
f 2386/2390/2491 2377/2381/2482 2369/2373/2474
f 2369/2373/2474 2378/2382/2483 2386/2390/2491
f 2387/2391/2492 2388/2392/2493 2389/2393/2494
f 2389/2393/2494 2390/2394/2495 2387/2391/2492
f 2387/2391/2492 2390/2394/2495 2391/2395/2496
f 2391/2395/2496 2392/2396/2497 2387/2391/2492
f 2392/2396/2497 2391/2395/2496 2393/2397/2498
f 2393/2397/2498 2394/2398/2499 2392/2396/2497
f 2395/2399/2500 2396/2400/2501 2397/2401/2502
f 2397/2401/2502 2398/2402/2503 2395/2399/2500
f 2399/2403/2504 2400/2404/2505 2401/2405/2506
f 2401/2405/2506 2402/2406/2507 2399/2403/2504
f 2403/2407/2508 2404/2408/2509 2405/2409/2510
f 2405/2409/2510 2406/2410/2511 2403/2407/2508
f 2403/2407/2508 2406/2410/2511 2407/2411/2512
f 2407/2411/2512 2408/2412/2513 2403/2407/2508
f 2409/2413/2514 2410/2414/2515 2411/2415/2516
f 2411/2415/2516 2412/2416/2517 2409/2413/2514
f 2413/2417/2518 2414/2418/2519 2388/2392/2493
f 2388/2392/2493 2387/2391/2492 2413/2417/2518
f 2413/2417/2518 2387/2391/2492 2392/2396/2497
f 2392/2396/2497 2415/2419/2520 2413/2417/2518
f 2415/2419/2520 2392/2396/2497 2394/2398/2499
f 2394/2398/2499 2416/2420/2521 2415/2419/2520
f 2417/2421/2522 2395/2399/2500 2398/2402/2503
f 2398/2402/2503 2418/2422/2523 2417/2421/2522
f 2419/2423/2524 2420/2424/2525 2400/2404/2505
f 2400/2404/2505 2399/2403/2504 2419/2423/2524
f 2421/2425/2526 2422/2426/2527 2404/2408/2509
f 2404/2408/2509 2403/2407/2508 2421/2425/2526
f 2421/2425/2526 2403/2407/2508 2408/2412/2513
f 2408/2412/2513 2423/2427/2528 2421/2425/2526
f 2424/2428/2529 2409/2413/2514 2412/2416/2517
f 2412/2416/2517 2425/2429/2530 2424/2428/2529
f 2426/2430/2531 2427/2431/2532 2414/2418/2519
f 2414/2418/2519 2413/2417/2518 2426/2430/2531
f 2426/2430/2531 2413/2417/2518 2415/2419/2520
f 2415/2419/2520 2428/2432/2533 2426/2430/2531
f 2428/2432/2533 2415/2419/2520 2416/2420/2521
f 2416/2420/2521 2429/2433/2534 2428/2432/2533
f 2430/2434/2535 2417/2421/2522 2418/2422/2523
f 2418/2422/2523 2431/2435/2536 2430/2434/2535
f 2432/2436/2537 2433/2437/2538 2420/2424/2525
f 2420/2424/2525 2419/2423/2524 2432/2436/2537
f 2434/2438/2539 2435/2439/2540 2422/2426/2527
f 2422/2426/2527 2421/2425/2526 2434/2438/2539
f 2434/2438/2539 2421/2425/2526 2423/2427/2528
f 2423/2427/2528 2436/2440/2541 2434/2438/2539
f 2437/2441/2542 2424/2428/2529 2425/2429/2530
f 2425/2429/2530 2438/2442/2543 2437/2441/2542
f 2439/2443/2544 2440/2444/2545 2441/2445/2546
f 2441/2445/2546 2442/2446/2547 2439/2443/2544
f 2439/2443/2544 2442/2446/2547 2443/2447/2548
f 2443/2447/2548 2444/2448/2549 2439/2443/2544
f 2444/2448/2549 2443/2447/2548 2445/2449/2550
f 2445/2449/2550 2446/2450/2551 2444/2448/2549
f 2447/2451/2552 2448/2452/2553 2449/2453/2554
f 2449/2453/2554 2450/2454/2555 2447/2451/2552
f 2451/2455/2556 2452/2456/2557 2453/2457/2558
f 2453/2457/2558 2454/2458/2559 2451/2455/2556
f 2455/2459/2560 2456/2460/2561 2457/2461/2562
f 2457/2461/2562 2458/2462/2563 2455/2459/2560
f 2455/2459/2560 2458/2462/2563 2459/2463/2564
f 2459/2463/2564 2460/2464/2565 2455/2459/2560
f 2461/2465/2566 2462/2466/2567 2463/2467/2568
f 2463/2467/2568 2464/2468/2569 2461/2465/2566
f 2465/2469/2570 2466/2470/2571 2467/2471/2572
f 2467/2471/2572 2468/2472/2573 2465/2469/2570
f 2465/2469/2570 2468/2472/2573 2469/2473/2574
f 2469/2473/2574 2470/2474/2575 2465/2469/2570
f 2470/2474/2575 2469/2473/2574 2471/2475/2576
f 2471/2475/2576 2472/2476/2577 2470/2474/2575
f 2473/2477/2578 2474/2478/2579 2475/2479/2580
f 2475/2479/2580 2476/2480/2581 2473/2477/2578
f 2477/2481/2582 2478/2482/2583 2479/2483/2584
f 2479/2483/2584 2480/2484/2585 2477/2481/2582
f 2481/2485/2586 2482/2486/2587 2483/2487/2588
f 2483/2487/2588 2484/2488/2589 2481/2485/2586
f 2481/2485/2586 2484/2488/2589 2485/2489/2590
f 2485/2489/2590 2486/2490/2591 2481/2485/2586
f 2487/2491/2592 2488/2492/2593 2489/2493/2594
f 2489/2493/2594 2490/2494/2595 2487/2491/2592
f 2491/2495/2596 2492/2496/2597 2466/2470/2571
f 2466/2470/2571 2465/2469/2570 2491/2495/2596
f 2491/2495/2596 2465/2469/2570 2470/2474/2575
f 2470/2474/2575 2493/2497/2598 2491/2495/2596
f 2493/2497/2598 2470/2474/2575 2472/2476/2577
f 2472/2476/2577 2494/2498/2599 2493/2497/2598
f 2495/2499/2600 2473/2477/2578 2476/2480/2581
f 2476/2480/2581 2496/2500/2601 2495/2499/2600
f 2497/2501/2602 2498/2502/2603 2478/2482/2583
f 2478/2482/2583 2477/2481/2582 2497/2501/2602
f 2499/2503/2604 2500/2504/2605 2482/2486/2587
f 2482/2486/2587 2481/2485/2586 2499/2503/2604
f 2499/2503/2604 2481/2485/2586 2486/2490/2591
f 2486/2490/2591 2501/2505/2606 2499/2503/2604
f 2502/2506/2607 2487/2491/2592 2490/2494/2595
f 2490/2494/2595 2503/2507/2608 2502/2506/2607
f 2504/2508/2609 2505/2509/2610 2492/2496/2597
f 2492/2496/2597 2491/2495/2596 2504/2508/2609
f 2504/2508/2609 2491/2495/2596 2493/2497/2598
f 2493/2497/2598 2506/2510/2611 2504/2508/2609
f 2506/2510/2611 2493/2497/2598 2494/2498/2599
f 2494/2498/2599 2507/2511/2612 2506/2510/2611
f 2508/2512/2613 2495/2499/2600 2496/2500/2601
f 2496/2500/2601 2509/2513/2614 2508/2512/2613
f 2510/2514/2615 2511/2515/2616 2498/2502/2603
f 2498/2502/2603 2497/2501/2602 2510/2514/2615
f 2512/2516/2617 2513/2517/2618 2500/2504/2605
f 2500/2504/2605 2499/2503/2604 2512/2516/2617
f 2512/2516/2617 2499/2503/2604 2501/2505/2606
f 2501/2505/2606 2514/2518/2619 2512/2516/2617
f 2515/2519/2620 2502/2506/2607 2503/2507/2608
f 2503/2507/2608 2516/2520/2621 2515/2519/2620
f 2517/2521/2622 2518/2522/2623 2519/2523/2624
f 2519/2523/2624 2520/2524/2625 2517/2521/2622
f 2517/2521/2622 2520/2524/2625 2521/2525/2626
f 2521/2525/2626 2522/2526/2627 2517/2521/2622
f 2522/2526/2627 2521/2525/2626 2523/2527/2628
f 2523/2527/2628 2524/2528/2629 2522/2526/2627
f 2525/2529/2630 2526/2530/2631 2527/2531/2632
f 2527/2531/2632 2528/2532/2633 2525/2529/2630
f 2529/2533/2634 2530/2534/2635 2531/2535/2636
f 2531/2535/2636 2532/2536/2637 2529/2533/2634
f 2533/2537/2638 2534/2538/2639 2535/2539/2640
f 2535/2539/2640 2536/2540/2641 2533/2537/2638
f 2537/2541/2642 2538/2542/2643 2539/2543/2644
f 2539/2543/2644 2540/2544/2645 2537/2541/2642
f 2468/2472/2573 2467/2471/2572 2440/2444/2545
f 2440/2444/2545 2439/2443/2544 2468/2472/2573
f 2468/2472/2573 2439/2443/2544 2444/2448/2549
f 2444/2448/2549 2469/2473/2574 2468/2472/2573
f 2469/2473/2574 2444/2448/2549 2446/2450/2551
f 2446/2450/2551 2471/2475/2576 2469/2473/2574
f 2474/2478/2579 2447/2451/2552 2450/2454/2555
f 2450/2454/2555 2475/2479/2580 2474/2478/2579
f 2480/2484/2585 2479/2483/2584 2452/2456/2557
f 2452/2456/2557 2451/2455/2556 2480/2484/2585
f 2484/2488/2589 2483/2487/2588 2456/2460/2561
f 2456/2460/2561 2455/2459/2560 2484/2488/2589
f 2484/2488/2589 2455/2459/2560 2460/2464/2565
f 2460/2464/2565 2485/2489/2590 2484/2488/2589
f 2488/2492/2593 2461/2465/2566 2464/2468/2569
f 2464/2468/2569 2489/2493/2594 2488/2492/2593
f 2442/2446/2547 2441/2445/2546 2541/2545/2646
f 2541/2545/2646 2542/2546/2647 2442/2446/2547
f 2442/2446/2547 2542/2546/2647 2543/2547/2648
f 2543/2547/2648 2443/2447/2548 2442/2446/2547
f 2443/2447/2548 2543/2547/2648 2544/2548/2649
f 2544/2548/2649 2445/2449/2550 2443/2447/2548
f 2448/2452/2553 2545/2549/2650 2546/2550/2651
f 2546/2550/2651 2449/2453/2554 2448/2452/2553
f 2454/2458/2559 2453/2457/2558 2547/2551/2652
f 2547/2551/2652 2548/2552/2653 2454/2458/2559
f 2458/2462/2563 2457/2461/2562 2549/2553/2654
f 2549/2553/2654 2550/2554/2655 2458/2462/2563
f 2458/2462/2563 2550/2554/2655 2551/2555/2656
f 2551/2555/2656 2459/2463/2564 2458/2462/2563
f 2462/2466/2567 2552/2556/2657 2553/2557/2658
f 2553/2557/2658 2463/2467/2568 2462/2466/2567
f 2520/2524/2625 2519/2523/2624 2505/2509/2610
f 2505/2509/2610 2504/2508/2609 2520/2524/2625
f 2520/2524/2625 2504/2508/2609 2506/2510/2611
f 2506/2510/2611 2521/2525/2626 2520/2524/2625
f 2521/2525/2626 2506/2510/2611 2507/2511/2612
f 2507/2511/2612 2523/2527/2628 2521/2525/2626
f 2526/2530/2631 2508/2512/2613 2509/2513/2614
f 2509/2513/2614 2527/2531/2632 2526/2530/2631
f 2532/2536/2637 2531/2535/2636 2511/2515/2616
f 2511/2515/2616 2510/2514/2615 2532/2536/2637
f 2536/2540/2641 2535/2539/2640 2513/2517/2618
f 2513/2517/2618 2512/2516/2617 2536/2540/2641
f 2538/2542/2643 2515/2519/2620 2516/2520/2621
f 2516/2520/2621 2539/2543/2644 2538/2542/2643
f 2554/2558/2659 2555/2559/2660 2556/2560/2661
f 2556/2560/2661 2557/2561/2662 2554/2558/2659
f 2554/2558/2659 2557/2561/2662 1146/1149/1152
f 1146/1149/1152 1147/1150/1153 2554/2558/2659
f 2558/2562/2663 2559/2563/2664 2560/2564/2665
f 2560/2564/2665 2561/2565/2666 2558/2562/2663
f 2558/2562/2663 2561/2565/2666 2562/2566/2667
f 2562/2566/2667 2563/2567/2668 2558/2562/2663
f 2564/2568/2669 2565/2569/2670 2566/2570/2671
f 2566/2570/2671 2567/2571/2672 2564/2568/2669
f 2568/2572/2673 2569/2573/2674 2555/2559/2660
f 2555/2559/2660 2554/2558/2659 2568/2572/2673
f 2568/2572/2673 2554/2558/2659 1147/1150/1153
f 1147/1150/1153 1160/1163/1166 2568/2572/2673
f 2570/2574/2675 2571/2575/2676 2559/2563/2664
f 2559/2563/2664 2558/2562/2663 2570/2574/2675
f 2570/2574/2675 2558/2562/2663 2563/2567/2668
f 2563/2567/2668 2572/2576/2677 2570/2574/2675
f 2573/2577/2678 2564/2568/2669 2567/2571/2672
f 2567/2571/2672 2574/2578/2679 2573/2577/2678
f 2575/2579/2680 2576/2580/2681 2569/2573/2674
f 2569/2573/2674 2568/2572/2673 2575/2579/2680
f 2575/2579/2680 2568/2572/2673 1160/1163/1166
f 1160/1163/1166 1168/1171/1174 2575/2579/2680
f 2577/2581/2682 2578/2582/2683 2571/2575/2676
f 2571/2575/2676 2570/2574/2675 2577/2581/2682
f 2577/2581/2682 2570/2574/2675 2572/2576/2677
f 2572/2576/2677 2579/2583/2684 2577/2581/2682
f 2580/2584/2685 2573/2577/2678 2574/2578/2679
f 2574/2578/2679 2581/2585/2686 2580/2584/2685
f 2582/2586/2687 2583/2587/2688 2576/2580/2681
f 2576/2580/2681 2575/2579/2680 2582/2586/2687
f 2582/2586/2687 2575/2579/2680 1168/1171/1174
f 1168/1171/1174 1176/1179/1182 2582/2586/2687
f 2584/2588/2689 2585/2589/2690 2578/2582/2683
f 2578/2582/2683 2577/2581/2682 2584/2588/2689
f 2584/2588/2689 2577/2581/2682 2579/2583/2684
f 2579/2583/2684 2586/2590/2691 2584/2588/2689
f 2587/2591/2692 2580/2584/2685 2581/2585/2686
f 2581/2585/2686 2588/2592/2693 2587/2591/2692
f 2589/2593/2694 2590/2594/2695 2583/2587/2688
f 2583/2587/2688 2582/2586/2687 2589/2593/2694
f 2589/2593/2694 2582/2586/2687 1176/1179/1182
f 2589/2593/2694 1176/1179/1182 1185/1188/1191
f 1185/1188/1191 1184/1187/1190 2589/2593/2694
f 2591/2595/2696 2592/2596/2697 2585/2589/2690
f 2585/2589/2690 2584/2588/2689 2591/2595/2696
f 2591/2595/2696 2584/2588/2689 2586/2590/2691
f 2586/2590/2691 2593/2597/2698 2591/2595/2696
f 2594/2598/2699 2587/2591/2692 2588/2592/2693
f 2588/2592/2693 2595/2599/2700 2594/2598/2699
f 2596/2600/2701 2597/2601/2702 2590/2594/2695
f 2590/2594/2695 2589/2593/2694 2596/2600/2701
f 2596/2600/2701 2589/2593/2694 1184/1187/1190
f 1184/1187/1190 1193/1196/1199 2596/2600/2701
f 2598/2602/2703 2599/2603/2704 2592/2596/2697
f 2592/2596/2697 2591/2595/2696 2598/2602/2703
f 2598/2602/2703 2591/2595/2696 2593/2597/2698
f 2593/2597/2698 2600/2604/2705 2598/2602/2703
f 2601/2605/2706 2594/2598/2699 2595/2599/2700
f 2595/2599/2700 2602/2606/2707 2601/2605/2706
f 2603/2607/2708 2604/2608/2709 2597/2601/2702
f 2597/2601/2702 2596/2600/2701 2603/2607/2708
f 2603/2607/2708 2596/2600/2701 1193/1196/1199
f 1193/1196/1199 1201/1204/1208 2603/2607/2708
f 2605/2609/2710 2606/2610/2711 2599/2603/2704
f 2599/2603/2704 2598/2602/2703 2605/2609/2710
f 2607/2611/2712 2608/2612/2713 2609/2613/2714
f 2609/2613/2714 2610/2614/2715 2607/2611/2712
f 2611/2615/2716 2612/2616/2717 2613/2617/2718
f 2613/2617/2718 2614/2618/2719 2611/2615/2716
f 2615/2619/2720 2616/2620/2721 2617/2621/2722
f 2617/2621/2722 2618/2622/2723 2615/2619/2720
f 2615/2619/2720 2618/2622/2723 1216/1219/1223
f 1216/1219/1223 1217/1220/1224 2615/2619/2720
f 2619/2623/2724 2620/2624/2725 2621/2625/2726
f 2621/2625/2726 2622/2626/2727 2619/2623/2724
f 2623/2627/2728 2624/2628/2729 2616/2620/2721
f 2616/2620/2721 2615/2619/2720 2623/2627/2728
f 2623/2627/2728 2615/2619/2720 1217/1220/1224
f 1217/1220/1224 1224/1227/1231 2623/2627/2728
f 2625/2629/2730 2626/2630/2731 2620/2624/2725
f 2620/2624/2725 2619/2623/2724 2625/2629/2730
f 2625/2629/2730 2619/2623/2724 2627/2631/2732
f 2627/2631/2732 2628/2632/2733 2625/2629/2730
f 2629/2633/2734 2630/2634/2735 2631/2635/2736
f 2631/2635/2736 2632/2636/2737 2629/2633/2734
f 2633/2637/2738 2634/2638/2739 2624/2628/2729
f 2624/2628/2729 2623/2627/2728 2633/2637/2738
f 2633/2637/2738 2623/2627/2728 1224/1227/1231
f 1224/1227/1231 1235/1238/1242 2633/2637/2738
f 2635/2639/2740 2636/2640/2741 2626/2630/2731
f 2626/2630/2731 2625/2629/2730 2635/2639/2740
f 2635/2639/2740 2625/2629/2730 2628/2632/2733
f 2628/2632/2733 2637/2641/2742 2635/2639/2740
f 2638/2642/2743 2629/2633/2734 2632/2636/2737
f 2632/2636/2737 2639/2643/2744 2638/2642/2743
f 2640/2644/2745 2641/2645/2746 2642/2646/2747
f 2642/2646/2747 2643/2647/2748 2640/2644/2745
f 2640/2644/2745 2643/2647/2748 2644/2648/2749
f 2644/2648/2749 2645/2649/2750 2640/2644/2745
f 2646/2650/2751 2647/2651/2752 2648/2652/2753
f 2648/2652/2753 2649/2653/2754 2646/2650/2751
f 2650/2654/2755 2651/2655/2756 2652/2656/2757
f 2652/2656/2757 2653/2657/2758 2650/2654/2755
f 2654/2658/2759 2655/2659/2760 2656/2660/2761
f 2656/2660/2761 2657/2661/2762 2654/2658/2759
f 2622/2626/2727 2621/2625/2726 2658/2662/2763
f 2658/2662/2763 2607/2611/2712 2622/2626/2727
f 2618/2622/2723 2617/2621/2722 2659/2663/2764
f 2659/2663/2764 2660/2664/2765 2618/2622/2723
f 2618/2622/2723 2660/2664/2765 1262/1265/1272
f 1262/1265/1272 1216/1219/1223 2618/2622/2723
f 2630/2634/2735 2661/2665/2766 2662/2666/2767
f 2662/2666/2767 2631/2635/2736 2630/2634/2735
f 2619/2623/2724 2663/2667/2768 2664/2668/2769
f 2664/2668/2769 2627/2631/2732 2619/2623/2724
f 2622/2626/2727 2665/2669/2770 2663/2667/2768
f 2663/2667/2768 2619/2623/2724 2622/2626/2727
f 2607/2611/2712 2666/2670/2771 2665/2669/2770
f 2665/2669/2770 2622/2626/2727 2607/2611/2712
f 2610/2614/2715 2667/2671/2772 2666/2670/2771
f 2666/2670/2771 2607/2611/2712 2610/2614/2715
f 2614/2618/2719 2668/2672/2773 2669/2673/2774
f 2669/2673/2774 2611/2615/2716 2614/2618/2719
f 2670/2674/2775 2671/2675/2776 2668/2672/2773
f 2668/2672/2773 2614/2618/2719 2670/2674/2775
f 2631/2635/2736 2662/2666/2767 2671/2675/2776
f 2671/2675/2776 2670/2674/2775 2631/2635/2736
f 2343/2347/2448 2324/2328/2429 2327/2331/2432
f 2327/2331/2432 2344/2348/2449 2343/2347/2448
f 2344/2348/2449 2327/2331/2432 2329/2333/2434
f 2329/2333/2434 2346/2350/2451 2344/2348/2449
f 2346/2350/2451 2329/2333/2434 2331/2335/2436
f 2331/2335/2436 2348/2352/2453 2346/2350/2451
f 2351/2355/2456 2332/2336/2437 2335/2339/2440
f 2335/2339/2440 2352/2356/2457 2351/2355/2456
f 2352/2356/2457 2335/2339/2440 2337/2341/2442
f 2337/2341/2442 2354/2358/2459 2352/2356/2457
f 2354/2358/2459 2337/2341/2442 2339/2343/2444
f 2339/2343/2444 2356/2360/2461 2354/2358/2459
f 2356/2360/2461 2339/2343/2444 2341/2345/2446
f 2341/2345/2446 2358/2362/2463 2356/2360/2461
f 2358/2362/2463 2341/2345/2446 2324/2328/2429
f 2324/2328/2429 2343/2347/2448 2358/2362/2463
f 2325/2329/2430 2315/2319/2420 2316/2320/2421
f 2316/2320/2421 2326/2330/2431 2325/2329/2430
f 2326/2330/2431 2316/2320/2421 2317/2321/2422
f 2317/2321/2422 2328/2332/2433 2326/2330/2431
f 2328/2332/2433 2317/2321/2422 2318/2322/2423
f 2318/2322/2423 2330/2334/2435 2328/2332/2433
f 2333/2337/2438 2319/2323/2424 2320/2324/2425
f 2320/2324/2425 2334/2338/2439 2333/2337/2438
f 2334/2338/2439 2320/2324/2425 2321/2325/2426
f 2321/2325/2426 2336/2340/2441 2334/2338/2439
f 2336/2340/2441 2321/2325/2426 2322/2326/2427
f 2322/2326/2427 2338/2342/2443 2336/2340/2441
f 2338/2342/2443 2322/2326/2427 2323/2327/2428
f 2323/2327/2428 2340/2344/2445 2338/2342/2443
f 2340/2344/2445 2323/2327/2428 2315/2319/2420
f 2315/2319/2420 2325/2329/2430 2340/2344/2445
f 2650/2654/2755 2653/2657/2758 2672/2676/2777
f 2672/2676/2777 2673/2677/2778 2650/2654/2755
f 2533/2537/2638 2536/2540/2641 2674/2678/2779
f 2674/2678/2779 2675/2679/2780 2533/2537/2638
f 2512/2516/2617 2514/2518/2619 2674/2678/2779
f 2674/2678/2779 2536/2540/2641 2512/2516/2617
f 2676/2680/2781 2677/2681/2782 2678/2682/2783
f 2678/2682/2783 2679/2683/2784 2676/2680/2781
f 2680/2684/2785 2681/2685/2786 2682/2686/2787
f 2682/2686/2787 2683/2687/2788 2680/2684/2785
f 2684/2688/2789 2685/2689/2790 2682/2686/2787
f 2682/2686/2787 2681/2685/2786 2684/2688/2789
f 2686/2690/2791 2687/2691/2792 2688/2692/2793
f 2688/2692/2793 2689/2693/2794 2686/2690/2791
f 2690/2694/2795 2691/2695/2796 2692/2696/2797
f 2692/2696/2797 2693/2697/2798 2690/2694/2795
f 2694/2698/2799 2695/2699/2800 2696/2700/2801
f 2696/2700/2801 2697/2701/2802 2694/2698/2799
f 2698/2702/2803 2699/2703/2804 2700/2704/2805
f 2700/2704/2805 2701/2705/2806 2698/2702/2803
f 2702/2706/2807 2677/2681/2782 2676/2680/2781
f 2676/2680/2781 2703/2707/2808 2702/2706/2807
f 2704/2708/2809 2681/2685/2786 2680/2684/2785
f 2680/2684/2785 2705/2709/2810 2704/2708/2809
f 2706/2710/2811 2684/2688/2789 2681/2685/2786
f 2681/2685/2786 2704/2708/2809 2706/2710/2811
f 2690/2694/2795 2707/2711/2812 2708/2712/2813
f 2708/2712/2813 2691/2695/2796 2690/2694/2795
f 2709/2713/2814 2694/2698/2799 2697/2701/2802
f 2697/2701/2802 2710/2714/2815 2709/2713/2814
f 2711/2715/2816 2698/2702/2803 2701/2705/2806
f 2701/2705/2806 2712/2716/2817 2711/2715/2816
f 2713/2717/2818 2687/2691/2792 2686/2690/2791
f 2686/2690/2791 2714/2718/2819 2713/2717/2818
f 2715/2719/2820 2411/2415/2516 2410/2414/2515
f 2410/2414/2515 2716/2720/2821 2715/2719/2820
f 2717/2721/2822 2407/2411/2512 2406/2410/2511
f 2406/2410/2511 2718/2722/2823 2717/2721/2822
f 2718/2722/2823 2406/2410/2511 2405/2409/2510
f 2405/2409/2510 2719/2723/2824 2718/2722/2823
f 2720/2724/2825 2402/2406/2507 2401/2405/2506
f 2401/2405/2506 2721/2725/2826 2720/2724/2825
f 2722/2726/2827 2397/2401/2502 2396/2400/2501
f 2396/2400/2501 2723/2727/2828 2722/2726/2827
f 2724/2728/2829 2393/2397/2498 2391/2395/2496
f 2391/2395/2496 2725/2729/2830 2724/2728/2829
f 2725/2729/2830 2391/2395/2496 2390/2394/2495
f 2390/2394/2495 2726/2730/2831 2725/2729/2830
f 2726/2730/2831 2390/2394/2495 2389/2393/2494
f 2389/2393/2494 2727/2731/2832 2726/2730/2831
f 2728/2732/2833 2729/2733/2834 2685/2689/2790
f 2685/2689/2790 2730/2734/2835 2728/2732/2833
f 2731/2735/2836 2730/2734/2835 2685/2689/2790
f 2685/2689/2790 2684/2688/2789 2731/2735/2836
f 2732/2736/2837 2733/2737/2838 2734/2738/2839
f 2734/2738/2839 2735/2739/2840 2732/2736/2837
f 2736/2740/2841 2737/2741/2842 2738/2742/2843
f 2738/2742/2843 2739/2743/2844 2736/2740/2841
f 2740/2744/2845 2689/2693/2794 2737/2741/2842
f 2737/2741/2842 2736/2740/2841 2740/2744/2845
f 2689/2693/2794 2740/2744/2845 2741/2745/2846
f 2741/2745/2846 2686/2690/2791 2689/2693/2794
f 2731/2735/2836 2684/2688/2789 2706/2710/2811
f 2706/2710/2811 2742/2746/2847 2731/2735/2836
f 2743/2747/2848 2714/2718/2819 2686/2690/2791
f 2686/2690/2791 2741/2745/2846 2743/2747/2848
f 2744/2748/2849 2728/2732/2833 2730/2734/2835
f 2730/2734/2835 2693/2697/2798 2744/2748/2849
f 2745/2749/2850 2732/2736/2837 2735/2739/2840
f 2735/2739/2840 2746/2750/2851 2745/2749/2850
f 2747/2751/2852 2736/2740/2841 2739/2743/2844
f 2739/2743/2844 2748/2752/2853 2747/2751/2852
f 2749/2753/2854 2740/2744/2845 2736/2740/2841
f 2736/2740/2841 2747/2751/2852 2749/2753/2854
f 2693/2697/2798 2730/2734/2835 2731/2735/2836
f 2731/2735/2836 2690/2694/2795 2693/2697/2798
f 2750/2754/2855 2741/2745/2846 2740/2744/2845
f 2740/2744/2845 2749/2753/2854 2750/2754/2855
f 2690/2694/2795 2731/2735/2836 2742/2746/2847
f 2742/2746/2847 2707/2711/2812 2690/2694/2795
f 2751/2755/2856 2743/2747/2848 2741/2745/2846
f 2741/2745/2846 2750/2754/2855 2751/2755/2856
f 2693/2697/2798 2692/2696/2797 2752/2756/2857
f 2752/2756/2857 2744/2748/2849 2693/2697/2798
f 2700/2704/2805 2747/2751/2852 2748/2752/2853
f 2748/2752/2853 2753/2757/2858 2700/2704/2805
f 2700/2704/2805 2699/2703/2804 2749/2753/2854
f 2749/2753/2854 2747/2751/2852 2700/2704/2805
f 2698/2702/2803 2750/2754/2855 2749/2753/2854
f 2749/2753/2854 2699/2703/2804 2698/2702/2803
f 2698/2702/2803 2711/2715/2816 2751/2755/2856
f 2751/2755/2856 2750/2754/2855 2698/2702/2803
f 2754/2758/2859 2755/2759/2860 2756/2760/2861
f 2756/2760/2861 2757/2761/2862 2754/2758/2859
f 2757/2761/2862 2756/2760/2861 2758/2762/2863
f 2758/2762/2863 2759/2763/2864 2757/2761/2862
f 2759/2763/2864 2758/2762/2863 2760/2764/2865
f 2760/2764/2865 2761/2765/2866 2759/2763/2864
f 2761/2765/2866 2760/2764/2865 2762/2766/2867
f 2762/2766/2867 2763/2767/2868 2761/2765/2866
f 2764/2768/2869 2763/2767/2868 2762/2766/2867
f 2765/2769/2870 2766/2770/2871 2767/2771/2872
f 2767/2771/2872 2768/2772/2873 2765/2769/2870
f 2763/2767/2868 2764/2768/2869 2769/2773/2874
f 2769/2773/2874 2770/2774/2875 2763/2767/2868
f 2771/2775/2876 2761/2765/2866 2763/2767/2868
f 2763/2767/2868 2770/2774/2875 2771/2775/2876
f 2772/2776/2877 2759/2763/2864 2761/2765/2866
f 2761/2765/2866 2771/2775/2876 2772/2776/2877
f 2773/2777/2878 2757/2761/2862 2759/2763/2864
f 2759/2763/2864 2772/2776/2877 2773/2777/2878
f 2774/2778/2879 2754/2758/2859 2757/2761/2862
f 2757/2761/2862 2773/2777/2878 2774/2778/2879
f 2775/2779/2880 2766/2770/2871 2765/2769/2870
f 2765/2769/2870 2776/2780/2881 2775/2779/2880
f 2695/2699/2800 2745/2749/2850 2746/2750/2851
f 2746/2750/2851 2696/2700/2801 2695/2699/2800
f 2777/2781/2882 2701/2705/2806 2700/2704/2805
f 2700/2704/2805 2753/2757/2858 2777/2781/2882
f 2778/2782/2883 2712/2716/2817 2701/2705/2806
f 2701/2705/2806 2777/2781/2882 2778/2782/2883
f 2691/2695/2796 2779/2783/2884 2752/2756/2857
f 2752/2756/2857 2692/2696/2797 2691/2695/2796
f 2708/2712/2813 2780/2784/2885 2779/2783/2884
f 2779/2783/2884 2691/2695/2796 2708/2712/2813
f 2754/2758/2859 2765/2769/2870 2768/2772/2873
f 2768/2772/2873 2755/2759/2860 2754/2758/2859
f 2774/2778/2879 2776/2780/2881 2765/2769/2870
f 2765/2769/2870 2754/2758/2859 2774/2778/2879
f 2781/2785/2886 2782/2786/2887 2783/2787/2888
f 2783/2787/2888 2784/2788/2889 2781/2785/2886
f 2785/2789/2890 2786/2790/2891 2782/2786/2887
f 2782/2786/2887 2781/2785/2886 2785/2789/2890
f 2787/2791/2892 2788/2792/2893 2786/2790/2891
f 2786/2790/2891 2785/2789/2890 2787/2791/2892
f 2789/2793/2894 2790/2794/2895 2788/2792/2893
f 2788/2792/2893 2787/2791/2892 2789/2793/2894
f 2791/2795/2896 2792/2796/2897 2790/2794/2895
f 2790/2794/2895 2789/2793/2894 2791/2795/2896
f 2793/2797/2898 2794/2798/2899 2792/2796/2897
f 2792/2796/2897 2791/2795/2896 2793/2797/2898
f 2795/2799/2900 2796/2800/2901 2794/2798/2899
f 2794/2798/2899 2793/2797/2898 2795/2799/2900
f 2797/2801/2902 2798/2802/2903 2799/2803/2904
f 2799/2803/2904 2800/2804/2905 2797/2801/2902
f 2801/2805/2906 2802/2806/2907 2798/2802/2903
f 2798/2802/2903 2797/2801/2902 2801/2805/2906
f 2803/2807/2908 2804/2808/2909 2802/2806/2907
f 2802/2806/2907 2801/2805/2906 2803/2807/2908
f 2800/2804/2905 2799/2803/2904 2805/2809/2910
f 2805/2809/2910 2806/2810/2911 2800/2804/2905
f 2649/2653/2754 2648/2652/2753 2530/2534/2635
f 2530/2534/2635 2529/2533/2634 2649/2653/2754
f 2653/2657/2758 2652/2656/2757 2534/2538/2639
f 2534/2538/2639 2533/2537/2638 2653/2657/2758
f 2653/2657/2758 2533/2537/2638 2675/2679/2780
f 2675/2679/2780 2672/2676/2777 2653/2657/2758
f 2655/2659/2760 2537/2541/2642 2540/2544/2645
f 2540/2544/2645 2656/2660/2761 2655/2659/2760
f 2643/2647/2748 2642/2646/2747 2518/2522/2623
f 2518/2522/2623 2517/2521/2622 2643/2647/2748
f 2643/2647/2748 2517/2521/2622 2522/2526/2627
f 2643/2647/2748 2522/2526/2627 2807/2811/2912
f 2807/2811/1419 2644/2648/2749 2643/2647/2748
f 2808/2812/2913 2528/2532/2633 2530/2534/2635
f 2808/2812/2913 2530/2534/2635 2648/2652/2753
f 2648/2652/2753 2809/2813/2914 2808/2812/2913
f 2528/2532/2633 2527/2531/2632 2531/2535/2636
f 2531/2535/2636 2530/2534/2635 2528/2532/2633
f 2527/2531/2632 2509/2513/2614 2511/2515/2616
f 2511/2515/2616 2531/2535/2636 2527/2531/2632
f 2509/2513/2614 2496/2500/2601 2498/2502/2603
f 2498/2502/2603 2511/2515/2616 2509/2513/2614
f 2496/2500/2601 2476/2480/2581 2478/2482/2583
f 2478/2482/2583 2498/2502/2603 2496/2500/2601
f 2476/2480/2581 2475/2479/2580 2479/2483/2584
f 2479/2483/2584 2478/2482/2583 2476/2480/2581
f 2475/2479/2580 2450/2454/2555 2452/2456/2557
f 2452/2456/2557 2479/2483/2584 2475/2479/2580
f 2450/2454/2555 2449/2453/2554 2453/2457/2558
f 2453/2457/2558 2452/2456/2557 2450/2454/2555
f 2449/2453/2554 2546/2550/2651 2547/2551/2652
f 2547/2551/2652 2453/2457/2558 2449/2453/2554
f 2431/2435/2536 2418/2422/2523 2420/2424/2525
f 2420/2424/2525 2433/2437/2538 2431/2435/2536
f 2418/2422/2523 2398/2402/2503 2400/2404/2505
f 2400/2404/2505 2420/2424/2525 2418/2422/2523
f 2398/2402/2503 2397/2401/2502 2401/2405/2506
f 2401/2405/2506 2400/2404/2505 2398/2402/2503
f 2722/2726/2827 2721/2725/2826 2401/2405/2506
f 2401/2405/2506 2397/2401/2502 2722/2726/2827
f 2728/2732/2833 2735/2739/2840 2734/2738/2839
f 2734/2738/2839 2729/2733/2834 2728/2732/2833
f 2744/2748/2849 2746/2750/2851 2735/2739/2840
f 2735/2739/2840 2728/2732/2833 2744/2748/2849
f 2752/2756/2857 2696/2700/2801 2746/2750/2851
f 2746/2750/2851 2744/2748/2849 2752/2756/2857
f 2779/2783/2884 2697/2701/2802 2696/2700/2801
f 2696/2700/2801 2752/2756/2857 2779/2783/2884
f 2780/2784/2885 2710/2714/2815 2697/2701/2802
f 2697/2701/2802 2779/2783/2884 2780/2784/2885
f 2803/2807/2908 2801/2805/2906 2626/2630/2731
f 2626/2630/2731 2636/2640/2741 2803/2807/2908
f 2801/2805/2906 2797/2801/2902 2620/2624/2725
f 2620/2624/2725 2626/2630/2731 2801/2805/2906
f 2797/2801/2902 2800/2804/2905 2621/2625/2726
f 2621/2625/2726 2620/2624/2725 2797/2801/2902
f 2800/2804/2905 2806/2810/2911 2658/2662/2763
f 2658/2662/2763 2621/2625/2726 2800/2804/2905
f 2795/2799/2900 2793/2797/2898 2599/2603/2704
f 2599/2603/2704 2606/2610/2711 2795/2799/2900
f 2793/2797/2898 2791/2795/2896 2592/2596/2697
f 2592/2596/2697 2599/2603/2704 2793/2797/2898
f 2791/2795/2896 2789/2793/2894 2585/2589/2690
f 2585/2589/2690 2592/2596/2697 2791/2795/2896
f 2789/2793/2894 2787/2791/2892 2578/2582/2683
f 2578/2582/2683 2585/2589/2690 2789/2793/2894
f 2787/2791/2892 2785/2789/2890 2571/2575/2676
f 2571/2575/2676 2578/2582/2683 2787/2791/2892
f 2785/2789/2890 2781/2785/2886 2559/2563/2664
f 2559/2563/2664 2571/2575/2676 2785/2789/2890
f 2781/2785/2886 2784/2788/2889 2560/2564/2665
f 2560/2564/2665 2559/2563/2664 2781/2785/2886
f 2646/2650/2751 2649/2653/2754 2652/2656/2757
f 2652/2656/2757 2651/2655/2756 2646/2650/2751
f 2649/2653/2754 2529/2533/2634 2534/2538/2639
f 2534/2538/2639 2652/2656/2757 2649/2653/2754
f 2529/2533/2634 2532/2536/2637 2535/2539/2640
f 2535/2539/2640 2534/2538/2639 2529/2533/2634
f 2532/2536/2637 2510/2514/2615 2513/2517/2618
f 2513/2517/2618 2535/2539/2640 2532/2536/2637
f 2510/2514/2615 2497/2501/2602 2500/2504/2605
f 2500/2504/2605 2513/2517/2618 2510/2514/2615
f 2497/2501/2602 2477/2481/2582 2482/2486/2587
f 2482/2486/2587 2500/2504/2605 2497/2501/2602
f 2477/2481/2582 2480/2484/2585 2483/2487/2588
f 2483/2487/2588 2482/2486/2587 2477/2481/2582
f 2480/2484/2585 2451/2455/2556 2456/2460/2561
f 2456/2460/2561 2483/2487/2588 2480/2484/2585
f 2451/2455/2556 2454/2458/2559 2457/2461/2562
f 2457/2461/2562 2456/2460/2561 2451/2455/2556
f 2454/2458/2559 2548/2552/2653 2549/2553/2654
f 2549/2553/2654 2457/2461/2562 2454/2458/2559
f 2432/2436/2537 2419/2423/2524 2422/2426/2527
f 2422/2426/2527 2435/2439/2540 2432/2436/2537
f 2419/2423/2524 2399/2403/2504 2404/2408/2509
f 2404/2408/2509 2422/2426/2527 2419/2423/2524
f 2399/2403/2504 2402/2406/2507 2405/2409/2510
f 2405/2409/2510 2404/2408/2509 2399/2403/2504
f 2720/2724/2825 2719/2723/2824 2405/2409/2510
f 2405/2409/2510 2402/2406/2507 2720/2724/2825
f 2732/2736/2837 2739/2743/2844 2738/2742/2843
f 2738/2742/2843 2733/2737/2838 2732/2736/2837
f 2745/2749/2850 2748/2752/2853 2739/2743/2844
f 2739/2743/2844 2732/2736/2837 2745/2749/2850
f 2695/2699/2800 2753/2757/2858 2748/2752/2853
f 2748/2752/2853 2745/2749/2850 2695/2699/2800
f 2694/2698/2799 2777/2781/2882 2753/2757/2858
f 2753/2757/2858 2695/2699/2800 2694/2698/2799
f 2709/2713/2814 2778/2782/2883 2777/2781/2882
f 2777/2781/2882 2694/2698/2799 2709/2713/2814
f 2639/2643/2744 2632/2636/2737 2624/2628/2729
f 2624/2628/2729 2634/2638/2739 2639/2643/2744
f 2632/2636/2737 2631/2635/2736 2616/2620/2721
f 2616/2620/2721 2624/2628/2729 2632/2636/2737
f 2631/2635/2736 2670/2674/2775 2617/2621/2722
f 2617/2621/2722 2616/2620/2721 2631/2635/2736
f 2670/2674/2775 2614/2618/2719 2659/2663/2764
f 2659/2663/2764 2617/2621/2722 2670/2674/2775
f 2602/2606/2707 2595/2599/2700 2590/2594/2695
f 2590/2594/2695 2597/2601/2702 2602/2606/2707
f 2595/2599/2700 2588/2592/2693 2583/2587/2688
f 2583/2587/2688 2590/2594/2695 2595/2599/2700
f 2588/2592/2693 2581/2585/2686 2576/2580/2681
f 2576/2580/2681 2583/2587/2688 2588/2592/2693
f 2581/2585/2686 2574/2578/2679 2569/2573/2674
f 2569/2573/2674 2576/2580/2681 2581/2585/2686
f 2574/2578/2679 2567/2571/2672 2555/2559/2660
f 2555/2559/2660 2569/2573/2674 2574/2578/2679
f 2567/2571/2672 2566/2570/2671 2556/2560/2661
f 2556/2560/2661 2555/2559/2660 2567/2571/2672
f 2657/2661/2762 2656/2660/2761 2642/2646/2747
f 2642/2646/2747 2641/2645/2746 2657/2661/2762
f 2656/2660/2761 2540/2544/2645 2518/2522/2623
f 2518/2522/2623 2642/2646/2747 2656/2660/2761
f 2540/2544/2645 2539/2543/2644 2519/2523/2624
f 2519/2523/2624 2518/2522/2623 2540/2544/2645
f 2539/2543/2644 2516/2520/2621 2505/2509/2610
f 2505/2509/2610 2519/2523/2624 2539/2543/2644
f 2516/2520/2621 2503/2507/2608 2492/2496/2597
f 2492/2496/2597 2505/2509/2610 2516/2520/2621
f 2503/2507/2608 2490/2494/2595 2466/2470/2571
f 2466/2470/2571 2492/2496/2597 2503/2507/2608
f 2490/2494/2595 2489/2493/2594 2467/2471/2572
f 2467/2471/2572 2466/2470/2571 2490/2494/2595
f 2489/2493/2594 2464/2468/2569 2440/2444/2545
f 2440/2444/2545 2467/2471/2572 2489/2493/2594
f 2464/2468/2569 2463/2467/2568 2441/2445/2546
f 2441/2445/2546 2440/2444/2545 2464/2468/2569
f 2463/2467/2568 2553/2557/2658 2541/2545/2646
f 2541/2545/2646 2441/2445/2546 2463/2467/2568
f 2438/2442/2543 2425/2429/2530 2414/2418/2519
f 2414/2418/2519 2427/2431/2532 2438/2442/2543
f 2425/2429/2530 2412/2416/2517 2388/2392/2493
f 2388/2392/2493 2414/2418/2519 2425/2429/2530
f 2412/2416/2517 2411/2415/2516 2389/2393/2494
f 2389/2393/2494 2388/2392/2493 2412/2416/2517
f 2715/2719/2820 2727/2731/2832 2389/2393/2494
f 2389/2393/2494 2411/2415/2516 2715/2719/2820
f 2687/2691/2792 2676/2680/2781 2679/2683/2784
f 2679/2683/2784 2688/2692/2793 2687/2691/2792
f 2713/2717/2818 2703/2707/2808 2676/2680/2781
f 2676/2680/2781 2687/2691/2792 2713/2717/2818
f 2810/2814/2915 1771/1785/1880 1412/1415/1423
f 1412/1415/1423 1414/1417/1425 2810/2814/2915
f 2811/2815/2916 1797/1811/1908 1782/1796/1891
f 1782/1796/1891 2812/2816/2917 2811/2815/2916
f 2812/2816/2917 1782/1796/1891 1783/1797/1892
f 1783/1797/1892 2813/2817/2918 2812/2816/2917
f 2813/2817/2918 1783/1797/1892 1784/1798/1893
f 1784/1798/1893 2814/2818/2919 2813/2817/2918
f 2814/2818/2919 1784/1798/1893 1767/1781/1876
f 1767/1781/1876 2815/2819/2920 2814/2818/2919
f 2815/2819/2920 1767/1781/1876 1766/1780/1875
f 1766/1780/1875 2816/2820/2921 2815/2819/2920
f 2816/2820/2921 1766/1780/1875 1770/1784/1879
f 1770/1784/1879 2817/2821/2922 2816/2820/2921
f 2817/2821/2922 1770/1784/1879 1771/1785/1880
f 1771/1785/1880 2810/2814/2915 2817/2821/2922
f 2818/2822/2923 2810/2814/2915 1414/1417/1425
f 1414/1417/1425 1423/1426/1434 2818/2822/2923
f 2819/2823/2924 2817/2821/2922 2810/2814/2915
f 2810/2814/2915 2818/2822/2923 2819/2823/2924
f 2820/2824/2925 2816/2820/2921 2817/2821/2922
f 2817/2821/2922 2819/2823/2924 2820/2824/2925
f 2821/2825/2926 2815/2819/2920 2816/2820/2921
f 2816/2820/2921 2820/2824/2925 2821/2825/2926
f 2822/2826/2927 2814/2818/2919 2815/2819/2920
f 2815/2819/2920 2821/2825/2926 2822/2826/2927
f 2823/2827/2928 2813/2817/2918 2814/2818/2919
f 2814/2818/2919 2822/2826/2927 2823/2827/2928
f 2824/2828/2929 2812/2816/2917 2813/2817/2918
f 2813/2817/2918 2823/2827/2928 2824/2828/2929
f 2825/2829/2930 2811/2815/2916 2812/2816/2917
f 2812/2816/2917 2824/2828/2929 2825/2829/2930
f 1681/1695/1789 1680/1694/1788 1672/1686/1780
f 1672/1686/1780 1638/1652/1740 1681/1695/1789
f 1683/1697/1791 1646/1660/1748 1672/1686/1780
f 1672/1686/1780 1680/1694/1788 1683/1697/1791
f 1646/1660/1748 1683/1697/1791 1684/1698/1792
f 1684/1698/1792 1647/1661/1749 1646/1660/1748
f 1637/1651/1739 1644/1658/1746 1681/1695/1789
f 1681/1695/1789 1638/1652/1740 1637/1651/1739
f 1644/1658/1746 1765/1779/1874 1682/1696/1790
f 1682/1696/1790 1681/1695/1789 1644/1658/1746
f 1785/1799/1894 1685/1699/1793 1682/1696/1790
f 1682/1696/1790 1765/1779/1874 1785/1799/1894
f 2826/2830/2931 2379/2383/2484 2380/2384/2485
f 2380/2384/2485 2827/2831/2932 2826/2830/2931
f 2827/2831/2932 2380/2384/2485 2381/2385/2486
f 2381/2385/2486 2828/2832/2933 2827/2831/2932
f 2829/2833/2934 2382/2386/2487 2383/2387/2488
f 2383/2387/2488 2830/2834/2935 2829/2833/2934
f 2830/2834/2935 2383/2387/2488 2384/2388/2489
f 2384/2388/2489 2831/2835/2936 2830/2834/2935
f 2831/2835/2936 2384/2388/2489 2385/2389/2490
f 2385/2389/2490 2832/2836/2937 2831/2835/2936
f 2832/2836/2937 2385/2389/2490 2386/2390/2491
f 2386/2390/2491 2833/2837/2938 2832/2836/2937
f 2833/2837/2938 2386/2390/2491 2378/2382/2483
f 2378/2382/2483 2834/2838/2939 2833/2837/2938
f 2834/2838/2939 2378/2382/2483 2379/2383/2484
f 2379/2383/2484 2826/2830/2931 2834/2838/2939
f 2541/2545/2940 2835/2839/2941 2836/2840/2942
f 2836/2840/2942 2542/2546/2943 2541/2545/2940
f 2542/2546/2943 2836/2840/2942 2837/2841/2944
f 2837/2841/2944 2543/2547/2648 2542/2546/2943
f 2543/2547/2648 2837/2841/2944 2838/2842/2945
f 2838/2842/2945 2544/2548/2649 2543/2547/2648
f 2545/2549/2650 2839/2843/2946 2840/2844/2947
f 2840/2844/2947 2546/2550/2651 2545/2549/2650
f 2547/2551/2652 2841/2845/2948 2842/2846/2949
f 2842/2846/2949 2548/2552/2653 2547/2551/2652
f 2549/2553/2654 2843/2847/2950 2844/2848/2951
f 2844/2848/2951 2550/2554/2655 2549/2553/2654
f 2550/2554/2655 2844/2848/2951 2845/2849/2952
f 2845/2849/2952 2551/2555/2953 2550/2554/2655
f 2552/2556/2954 2846/2850/2955 2847/2851/2956
f 2847/2851/2956 2553/2557/2957 2552/2556/2954
f 2600/2604/2958 2848/2852/2959 2849/2853/2960
f 2849/2853/2961 2598/2602/2962 2600/2604/2963
f 2602/2606/2964 2850/2854/2965 2851/2855/2966
f 2851/2855/2966 2601/2605/2967 2602/2606/2964
f 2603/2607/2968 2852/2856/2969 2853/2857/2970
f 2853/2857/2970 2604/2608/2971 2603/2607/2968
f 2598/2602/2972 2849/2853/2973 2854/2858/2974
f 2854/2858/2975 2605/2609/2976 2598/2602/2977
f 2605/2609/2978 2854/2858/2979 2855/2859/2980
f 2855/2859/2980 2606/2610/2981 2605/2609/2978
f 2795/2799/2982 2856/2860/2983 2857/2861/2984
f 2857/2861/2985 2796/2800/2986 2795/2799/2987
f 2796/2800/2988 2857/2861/2988 1463/1466/1490
f 1463/1466/1490 1464/1467/1493 2796/2800/2988
f 2546/2550/2651 2840/2844/2947 2841/2845/2948
f 2841/2845/2948 2547/2551/2652 2546/2550/2651
f 2606/2610/2981 2855/2859/2980 2856/2860/2989
f 2856/2860/2990 2795/2799/2991 2606/2610/2992
f 2548/2552/2653 2842/2846/2949 2843/2847/2950
f 2843/2847/2950 2549/2553/2654 2548/2552/2653
f 2604/2608/2971 2853/2857/2970 2858/2862/2993
f 2858/2862/2994 2859/2863/2995 2604/2608/2996
f 2859/2863/2997 2858/2862/2998 2850/2854/2999
f 2850/2854/3000 2602/2606/3001 2859/2863/3002
f 2553/2557/2957 2847/2851/2956 2835/2839/2941
f 2835/2839/2941 2541/2545/2940 2553/2557/2957
f 2426/2430/3003 2860/2864/3004 2861/2865/3005
f 2861/2865/3005 2427/2431/3006 2426/2430/3003
f 2428/2432/3007 2862/2866/3008 2860/2864/3004
f 2860/2864/3004 2426/2430/3003 2428/2432/3007
f 2429/2433/3009 2863/2867/3010 2862/2866/3008
f 2862/2866/3008 2428/2432/3007 2429/2433/3009
f 2431/2435/3011 2864/2868/3012 2865/2869/3013
f 2865/2869/3013 2430/2434/3014 2431/2435/3011
f 2432/2436/3015 2866/2870/3016 2867/2871/3017
f 2867/2871/3017 2433/2437/3018 2432/2436/3015
f 2434/2438/3019 2868/2872/3020 2869/2873/3021
f 2869/2873/3021 2435/2439/3022 2434/2438/3019
f 2436/2440/3023 2870/2874/3024 2868/2872/3020
f 2868/2872/3020 2434/2438/3019 2436/2440/3023
f 2438/2442/3025 2871/2875/3026 2872/2876/3027
f 2872/2876/3027 2437/2441/3028 2438/2442/3025
f 2433/2437/3018 2867/2871/3017 2864/2868/3012
f 2864/2868/3012 2431/2435/3011 2433/2437/3018
f 2435/2439/3022 2869/2873/3021 2866/2870/3016
f 2866/2870/3016 2432/2436/3015 2435/2439/3022
f 2427/2431/3006 2861/2865/3005 2871/2875/3026
f 2871/2875/3026 2438/2442/3025 2427/2431/3006
f 2873/2877/3029 1801/1815/3030 1800/1814/3031
f 2873/2877/3029 1800/1814/3031 2874/2878/3032
f 2874/2878/3032 2875/2879/3033 2873/2877/3029
f 2876/2880/3034 1833/1847/3035 1811/1825/3036
f 2876/2880/3034 1811/1825/3036 2877/2881/3037
f 2877/2881/3037 2878/2882/3038 2876/2880/3034
f 2879/2883/3039 1862/1876/3040 1852/1866/3041
f 2879/2883/3039 1852/1866/3041 2880/2884/3042
f 2880/2884/3042 2881/2885/3043 2879/2883/3039
f 2882/2886/3044 1881/1895/3045 1870/1884/3046
f 2882/2886/3044 1870/1884/3046 2883/2887/3047
f 2883/2887/3047 2884/2888/3048 2882/2886/3044
f 2633/2637/3049 2885/2889/3050 2886/2890/3051
f 2886/2890/3051 2634/2638/3052 2633/2637/3049
f 2635/2639/3053 2887/2891/3054 2888/2892/3055
f 2888/2892/3055 2636/2640/3056 2635/2639/3053
f 2637/2641/3057 2889/2893/3058 2887/2891/3054
f 2887/2891/3054 2635/2639/3053 2637/2641/3057
f 2639/2643/3059 2890/2894/3060 2891/2895/3061
f 2891/2895/3061 2638/2642/3062 2639/2643/3059
f 2803/2807/3063 2892/2896/3064 2893/2897/3065
f 2893/2897/3065 2804/2808/3066 2803/2807/3063
f 2804/2808/3066 2893/2897/3065 1501/1504/1572
f 1501/1504/1572 1502/1505/1573 2804/2808/3066
f 2636/2640/3056 2888/2892/3055 2892/2896/3067
f 2892/2896/3068 2803/2807/3069 2636/2640/3070
f 2634/2638/3052 2886/2890/3051 2890/2894/3060
f 2890/2894/3060 2639/2643/3059 2634/2638/3052
f 1799/1813/3071 1798/1812/3072 2894/1549/1632
f 2894/1549/1632 2895/1530/1610 1799/1813/3071
f 1811/1825/3036 1801/1815/3030 2873/2877/3029
f 1811/1825/3036 2873/2877/3029 2878/2882/3038
f 2878/2882/3038 2877/2881/3037 1811/1825/3036
f 1810/1824/3073 2297/1550/1633 2894/1549/1632
f 2894/1549/1632 1798/1812/3072 1810/1824/3073
f 1810/1824/3073 1832/1846/3074 2294/2308/2409
f 2294/2308/2409 2297/1550/1633 1810/1824/3073
f 1852/1866/3041 1833/1847/3035 2876/2880/3034
f 1852/1866/3041 2876/2880/3034 2881/2885/3043
f 2881/2885/3043 2880/2884/3042 1852/1866/3041
f 1851/1865/3075 2298/1521/1599 2294/2308/2409
f 2294/2308/2409 1832/1846/3074 1851/1865/3075
f 1851/1865/3075 1861/1875/3076 2896/164/160
f 2896/164/160 2298/1521/1599 1851/1865/3075
f 1870/1884/3046 1862/1876/3040 2879/2883/3039
f 1870/1884/3046 2879/2883/3039 2884/2888/3048
f 2884/2888/3048 2883/2887/3047 1870/1884/3046
f 1869/1883/3077 2897/165/161 2896/164/160
f 2896/164/160 1861/1875/3076 1869/1883/3077
f 1869/1883/3077 1880/1894/3078 2898/1536/1617
f 2898/1536/1617 2897/165/161 1869/1883/3077
f 1800/1814/3031 1896/1910/3079 2899/2898/3080
f 1800/1814/3031 2899/2898/3080 2875/2879/3033
f 2875/2879/3033 2874/2878/3032 1800/1814/3031
f 1799/1813/3071 2895/1530/1610 2900/1529/1609
f 2900/1529/1609 1895/1909/3081 1799/1813/3071
f 1570/1584/1672 161/161/158 1510/1513/1593
f 1510/1513/1593 1571/1585/1673 1570/1584/1672
f 1571/1585/1673 1510/1513/1593 1511/1514/1594
f 1511/1514/1594 1574/1588/1676 1571/1585/1673
f 2901/2899/1419 2902/2899/3082 2903/2900/3083
f 2904/2901/3084 2905/2902/3084 2901/2899/3084
f 2904/2901/3084 2901/2899/3084 2903/2900/3084
f 2894/1549/1632 2311/1548/1631 2309/1535/1616
f 2906/2903/1419 2907/2903/3085 2908/2904/3086
f 2604/2608/2709 2859/2863/3087 2602/2606/2707
f 2906/2903/3088 2908/2904/3088 2909/2905/3089
f 2909/2905/3090 2910/2906/3091 2906/2903/3092
f 1574/1588/1676 1511/1514/1594 2911/2907/3093
f 2911/2907/3093 2912/2908/3094 1574/1588/1676
f 2602/2606/2707 2597/2601/2702 2604/2608/2709
f 1658/1672/1763 240/243/241 270/273/272
f 270/273/272 1659/1673/1764 1658/1672/1763
f 1569/1583/1669 2885/2889/3050 2633/2637/3049
f 2913/2909/3095 2914/2910/3096 2915/2911/3096
f 2913/2909/3095 2915/2911/3096 2916/2912/3097
f 2913/2909/3095 2916/2912/3097 2917/2909/1611
f 2633/2637/3049 1235/1238/1670 1569/1583/1669
f 2918/2913/3098 1528/1537/3099 1594/1608/3100
f 1594/1608/3100 2919/2914/3101 2918/2913/3098
f 1594/1608/1696 1528/1537/1623 1531/1540/1622
f 1531/1540/1622 1595/1609/1697 1594/1608/1696
f 1663/1677/1768 1533/1542/1625 1532/1541/1624
f 1532/1541/1624 1660/1674/1765 1663/1677/1768
f 2920/2915/1611 2921/2915/3102 2922/2916/3103
f 2920/2915/3104 2922/2916/1611 2923/2917/3105
f 2920/2915/3104 2923/2917/3105 2924/2918/3106
f 2924/2918/3107 2925/2919/3108 2920/2915/3109
f 1674/1688/1782 269/272/271 1538/1551/1634
f 1538/1551/1634 1675/1689/1783 1674/1688/1782
f 1660/1674/1765 1532/1541/1624 1539/1552/1635
f 1539/1552/1635 1666/1680/1771 1660/1674/1765
f 1675/1689/1783 1538/1551/1634 2926/2920/3110
f 1568/1582/1667 2852/2856/2969 2603/2607/2968
f 2926/2920/3110 2927/2921/3110 1675/1689/1783
f 1595/1609/1697 1531/1540/1622 1533/1542/1638
f 1533/1542/1638 1663/1677/1906 1595/1609/1697
f 1666/1680/1771 1539/1552/1635 385/388/388
f 385/388/388 1667/1681/1772 1666/1680/1771
f 1710/1724/1819 2928/2922/3111 2929/2923/1639
f 2929/2923/1639 1711/1725/1820 1710/1724/1819
f 1711/1725/1820 2929/2923/1639 2930/2924/3112
f 2930/2924/3112 1713/1727/1822 1711/1725/1820
f 1713/1727/1822 2930/2924/3112 1545/1559/1642
f 1545/1559/1642 1715/1729/1824 1713/1727/1822
f 1715/1729/1824 1545/1559/1642 1546/1560/1643
f 1546/1560/1643 1717/1731/1826 1715/1729/1824
f 1720/1734/1829 2931/2925/3113 2928/2922/3111
f 2928/2922/3111 1710/1724/1819 1720/1734/1829
f 1773/1787/1882 2932/2926/3114 2931/2925/3113
f 2931/2925/3113 1720/1734/1829 1773/1787/1882
f 1778/1792/1887 2933/2927/3115 2932/2926/3114
f 2932/2926/3114 1773/1787/1882 1778/1792/1887
f 1717/1731/1826 1546/1560/1643 1550/1564/1647
f 1550/1564/1647 1785/1799/1894 1717/1731/1826
f 1797/1811/1908 2934/2928/3116 2933/2927/3115
f 2933/2927/3115 1778/1792/1887 1797/1811/1908
f 2524/2528/3117 2935/2929/3118 2807/2811/3119
f 2807/2811/2912 2522/2526/2627 2524/2528/2629
f 2528/2532/2633 2808/2812/2913 2936/2930/3120
f 2936/2930/3120 2525/2529/2630 2528/2532/2633
f 2804/2808/2909 1502/1505/1652 1554/1568/1651
f 1554/1568/1651 2802/2806/2907 2804/2808/2909
f 2802/2806/2907 1554/1568/1651 1555/1569/1653
f 1555/1569/1653 2798/2802/2903 2802/2806/2907
f 2798/2802/2903 1555/1569/1653 1556/1570/1654
f 1556/1570/1654 2799/2803/2904 2798/2802/2903
f 2799/2803/2904 1556/1570/1654 1557/1571/1655
f 1557/1571/1655 2805/2809/2910 2799/2803/2904
f 2796/2800/2901 1464/1467/1657 1558/1572/1656
f 1558/1572/1656 2794/2798/2899 2796/2800/2901
f 2794/2798/2899 1558/1572/1656 1559/1573/1658
f 1559/1573/1658 2792/2796/2897 2794/2798/2899
f 2792/2796/2897 1559/1573/1658 1560/1574/1659
f 1560/1574/1659 2790/2794/2895 2792/2796/2897
f 2790/2794/2895 1560/1574/1659 1561/1575/1660
f 1561/1575/1660 2788/2792/2893 2790/2794/2895
f 2788/2792/2893 1561/1575/1660 1562/1576/1661
f 1562/1576/1661 2786/2790/2891 2788/2792/2893
f 2786/2790/2891 1562/1576/1661 1563/1577/1662
f 1563/1577/1662 2782/2786/2887 2786/2790/2891
f 2782/2786/2887 1563/1577/1662 1564/1578/1663
f 1564/1578/1663 2783/2787/2888 2782/2786/2887
f 2647/2651/2752 2937/2931/3121 2809/2813/2914
f 2809/2813/2914 2648/2652/2753 2647/2651/2752
f 2811/2815/2916 2938/2932/3122 2934/2928/3116
f 2934/2928/3116 1797/1811/1908 2811/2815/2916
f 2825/2829/2930 2939/2933/3123 2938/2932/3122
f 2938/2932/3122 2811/2815/2916 2825/2829/2930
f 1684/1698/1792 267/270/269 238/241/239
f 238/241/239 1647/1661/1749 1684/1698/1792
f 1785/1799/1894 1550/1564/1647 268/271/270
f 268/271/270 1685/1699/1793 1785/1799/1894
f 1756/1770/1865 344/347/347 1412/1415/1423
f 1412/1415/1423 1771/1785/1880 1756/1770/1865
f 2603/2607/2968 1201/1204/1668 1568/1582/1667
f 2940/2934/3124 2941/2935/3125 2942/2936/3126
f 2942/2936/3126 2943/2937/3127 2940/2934/3124
f 2944/2938/3128 2940/2934/3124 2943/2937/3127
f 2943/2937/3127 2945/2939/3129 2944/2938/3128
f 2946/2940/3130 2944/2938/3128 2945/2939/3129
f 2945/2939/3129 2947/2941/3131 2946/2940/3130
f 2948/2942/3132 2949/2943/3133 2950/2944/3134
f 2950/2944/3134 2951/2945/3135 2948/2942/3132
f 2952/2946/3136 2948/2942/3132 2951/2945/3135
f 2951/2945/3135 2953/2947/3137 2952/2946/3136
f 2954/2948/3138 2952/2946/3136 2953/2947/3137
f 2953/2947/3137 2955/2949/3139 2954/2948/3138
f 2956/2950/3140 2954/2948/3138 2955/2949/3139
f 2955/2949/3139 2957/2951/3141 2956/2950/3140
f 2958/2952/3142 2956/2950/3140 2957/2951/3141
f 2957/2951/3141 2959/2953/3143 2958/2952/3142
f 2960/2954/3144 2958/2952/3142 2959/2953/3143
f 2959/2953/3143 2961/2955/3145 2960/2954/3144
f 2962/2956/3146 2960/2954/3144 2961/2955/3145
f 2961/2955/3145 2963/2957/3147 2962/2956/3146
f 2964/2958/3148 2962/2956/3146 2963/2957/3147
f 2963/2957/3147 2965/2959/3149 2964/2958/3148
f 2966/2960/3150 2964/2958/3148 2967/2961/3151
f 2967/2961/3151 2968/2962/3152 2966/2960/3150
f 2969/2963/3153 2966/2960/3150 2968/2962/3152
f 2968/2962/3152 2970/2964/3154 2969/2963/3153
f 2971/2965/3155 2969/2963/3153 2970/2964/3154
f 2970/2964/3154 2972/2966/3156 2971/2965/3155
f 2973/2967/3157 2971/2965/3155 2972/2966/3156
f 2972/2966/3156 2974/2968/3158 2973/2967/3157
f 2975/2969/3159 2973/2967/3157 2974/2968/3158
f 2974/2968/3158 2976/2970/3160 2975/2969/3159
f 2977/2971/3161 2975/2969/3159 2976/2970/3160
f 2976/2970/3160 2978/2972/3162 2977/2971/3161
f 2979/2973/3163 2977/2971/3161 2978/2972/3162
f 2978/2972/3162 2980/2974/3164 2979/2973/3163
f 2981/2975/3165 2982/2976/3166 2983/2977/3167
f 2983/2977/3167 2984/2978/3168 2981/2975/3165
f 2985/2979/3169 2981/2975/3165 2984/2978/3168
f 2984/2978/3168 2986/2980/3170 2985/2979/3169
f 2987/2981/3171 2985/2979/3169 2986/2980/3170
f 2986/2980/3170 2988/2982/3172 2987/2981/3171
f 2941/2935/3125 2987/2981/3171 2989/2983/3173
f 2989/2983/3173 2942/2936/3126 2941/2935/3125
f 2943/2937/3127 2942/2936/3126 2989/2983/3173
f 2989/2983/3173 2990/2984/3174 2943/2937/3127
f 2945/2939/3129 2943/2937/3127 2990/2984/3174
f 2990/2984/3174 2991/2985/3175 2945/2939/3129
f 2947/2941/3131 2945/2939/3129 2991/2985/3175
f 2991/2985/3175 2992/2986/3176 2947/2941/3131
f 2951/2945/3135 2950/2944/3134 2993/2987/3177
f 2993/2987/3177 2994/2988/3178 2951/2945/3135
f 2953/2947/3137 2951/2945/3135 2994/2988/3178
f 2994/2988/3178 2995/2989/3179 2953/2947/3137
f 2955/2949/3139 2953/2947/3137 2995/2989/3179
f 2995/2989/3179 2996/2990/3180 2955/2949/3139
f 2957/2951/3141 2955/2949/3139 2996/2990/3180
f 2996/2990/3180 2997/2991/3181 2957/2951/3141
f 2959/2953/3143 2957/2951/3141 2997/2991/3181
f 2997/2991/3181 2998/2992/3182 2959/2953/3143
f 2961/2955/3145 2959/2953/3143 2998/2992/3182
f 2998/2992/3182 2999/2993/3183 2961/2955/3145
f 2963/2957/3147 2961/2955/3145 2999/2993/3183
f 2999/2993/3183 2965/2959/3149 2963/2957/3147
f 2985/2979/3169 2987/2981/3171 2941/2935/3125
f 2941/2935/3125 2940/2934/3124 2985/2979/3169
f 2981/2975/3165 2985/2979/3169 2940/2934/3124
f 2940/2934/3124 2944/2938/3128 2981/2975/3165
f 2982/2976/3166 2981/2975/3165 2944/2938/3128
f 2944/2938/3128 2946/2940/3130 2982/2976/3166
f 2977/2971/3161 2979/2973/3163 2949/2943/3133
f 2949/2943/3133 2948/2942/3132 2977/2971/3161
f 2975/2969/3159 2977/2971/3161 2948/2942/3132
f 2948/2942/3132 2952/2946/3136 2975/2969/3159
f 2973/2967/3157 2975/2969/3159 2952/2946/3136
f 2952/2946/3136 2954/2948/3138 2973/2967/3157
f 2971/2965/3155 2973/2967/3157 2954/2948/3138
f 2954/2948/3138 2956/2950/3140 2971/2965/3155
f 2969/2963/3153 2971/2965/3155 2956/2950/3140
f 2956/2950/3140 2958/2952/3142 2969/2963/3153
f 2966/2960/3150 2969/2963/3153 2958/2952/3142
f 2958/2952/3142 2960/2954/3144 2966/2960/3150
f 2964/2958/3148 2966/2960/3150 2960/2954/3144
f 2960/2954/3144 2962/2956/3146 2964/2958/3148
f 2949/2943/3133 2946/2940/3130 2947/2941/3131
f 2947/2941/3131 2950/2944/3134 2949/2943/3133
f 2950/2944/3134 2947/2941/3131 2992/2986/3176
f 2992/2986/3176 2993/2987/3177 2950/2944/3134
f 2982/2976/3166 2979/2973/3163 2980/2974/3164
f 2980/2974/3164 2983/2977/3167 2982/2976/3166
f 2979/2973/3163 2982/2976/3166 2946/2940/3130
f 2946/2940/3130 2949/2943/3133 2979/2973/3163
f 3000/2994/3184 3001/2995/3185 3002/2996/3186
f 3002/2996/3186 3003/2997/3187 3000/2994/3184
f 3003/2997/3187 3002/2996/3186 3004/2998/3188
f 3004/2998/3188 3005/2999/3189 3003/2997/3187
f 3005/2999/3189 3004/2998/3188 3006/3000/3190
f 3006/3000/3190 3007/3001/3191 3005/2999/3189
f 3008/3002/3192 3009/3003/3193 3010/3004/3194
f 3010/3004/3194 3011/3005/3195 3008/3002/3192
f 3011/3005/3195 3010/3004/3194 3012/3006/3196
f 3012/3006/3196 3013/3007/3197 3011/3005/3195
f 3013/3007/3197 3012/3006/3196 3014/3008/3198
f 3014/3008/3198 3015/3009/3199 3013/3007/3197
f 3015/3009/3199 3014/3008/3198 3016/3010/3200
f 3016/3010/3200 3017/3011/3201 3015/3009/3199
f 3017/3011/3201 3016/3010/3200 3018/3012/3202
f 3018/3012/3202 3019/3013/3203 3017/3011/3201
f 3019/3013/3203 3018/3012/3202 3020/3014/3204
f 3020/3014/3204 3021/3015/3205 3019/3013/3203
f 3021/3015/3205 3020/3014/3204 3022/3016/3206
f 3022/3016/3206 3023/3017/3207 3021/3015/3205
f 3023/3017/3207 3022/3016/3206 3024/3018/3208
f 3024/3018/3208 3025/3019/3209 3023/3017/3207
f 3026/3020/3210 3024/3018/3208 3027/3021/3211
f 3027/3021/3211 3028/3022/3212 3026/3020/3210
f 3028/3022/3212 3027/3021/3211 3029/3023/3213
f 3029/3023/3213 3030/3024/3214 3028/3022/3212
f 3030/3024/3214 3029/3023/3213 3031/3025/3215
f 3031/3025/3215 3032/3026/3216 3030/3024/3214
f 3032/3026/3216 3031/3025/3215 3033/3027/3217
f 3033/3027/3217 3034/3028/3218 3032/3026/3216
f 3034/3028/3218 3033/3027/3217 3035/3029/3219
f 3035/3029/3219 3036/3030/3220 3034/3028/3218
f 3036/3030/3220 3035/3029/3219 3037/3031/3221
f 3037/3031/3221 3038/3032/3222 3036/3030/3220
f 3038/3032/3222 3037/3031/3221 3039/3033/3223
f 3039/3033/3223 3040/3034/3224 3038/3032/3222
f 3041/3035/3225 3042/3036/3226 3043/3037/3227
f 3043/3037/3227 3044/3038/3228 3041/3035/3225
f 3044/3038/3228 3043/3037/3227 3045/3039/3229
f 3045/3039/3229 3046/3040/3230 3044/3038/3228
f 3046/3040/3230 3045/3039/3229 3047/3041/3231
f 3047/3041/3231 3048/3042/3232 3046/3040/3230
f 3049/3043/3233 3047/3041/3231 3001/2995/3185
f 3001/2995/3185 3000/2994/3184 3049/3043/3233
f 3049/3043/3233 3000/2994/3184 3003/2997/3187
f 3003/2997/3187 3050/3044/3234 3049/3043/3233
f 3050/3044/3234 3003/2997/3187 3005/2999/3189
f 3005/2999/3189 3051/3045/3235 3050/3044/3234
f 3051/3045/3235 3005/2999/3189 3007/3001/3191
f 3007/3001/3191 3052/3046/3236 3051/3045/3235
f 3053/3047/3237 3008/3002/3192 3011/3005/3195
f 3011/3005/3195 3054/3048/3238 3053/3047/3237
f 3054/3048/3238 3011/3005/3195 3013/3007/3197
f 3013/3007/3197 3055/3049/3239 3054/3048/3238
f 3055/3049/3239 3013/3007/3197 3015/3009/3199
f 3015/3009/3199 3056/3050/3240 3055/3049/3239
f 3056/3050/3240 3015/3009/3199 3017/3011/3201
f 3017/3011/3201 3057/3051/3241 3056/3050/3240
f 3057/3051/3241 3017/3011/3201 3019/3013/3203
f 3019/3013/3203 3058/3052/3242 3057/3051/3241
f 3058/3052/3242 3019/3013/3203 3021/3015/3205
f 3021/3015/3205 3059/3053/3243 3058/3052/3242
f 3059/3053/3243 3021/3015/3205 3023/3017/3207
f 3023/3017/3207 3025/3019/3209 3059/3053/3243
f 3001/2995/3185 3047/3041/3231 3045/3039/3229
f 3045/3039/3229 3002/2996/3186 3001/2995/3185
f 3002/2996/3186 3045/3039/3229 3043/3037/3227
f 3043/3037/3227 3004/2998/3188 3002/2996/3186
f 3004/2998/3188 3043/3037/3227 3042/3036/3226
f 3042/3036/3226 3006/3000/3190 3004/2998/3188
f 3009/3003/3193 3039/3033/3223 3037/3031/3221
f 3037/3031/3221 3010/3004/3194 3009/3003/3193
f 3010/3004/3194 3037/3031/3221 3035/3029/3219
f 3035/3029/3219 3012/3006/3196 3010/3004/3194
f 3012/3006/3196 3035/3029/3219 3033/3027/3217
f 3033/3027/3217 3014/3008/3198 3012/3006/3196
f 3014/3008/3198 3033/3027/3217 3031/3025/3215
f 3031/3025/3215 3016/3010/3200 3014/3008/3198
f 3016/3010/3200 3031/3025/3215 3029/3023/3213
f 3029/3023/3213 3018/3012/3202 3016/3010/3200
f 3018/3012/3202 3029/3023/3213 3027/3021/3211
f 3027/3021/3211 3020/3014/3204 3018/3012/3202
f 3020/3014/3204 3027/3021/3211 3024/3018/3208
f 3024/3018/3208 3022/3016/3206 3020/3014/3204
f 3007/3001/3191 3006/3000/3190 3009/3003/3193
f 3009/3003/3193 3008/3002/3192 3007/3001/3191
f 3052/3046/3236 3007/3001/3191 3008/3002/3192
f 3008/3002/3192 3053/3047/3237 3052/3046/3236
f 3040/3034/3224 3039/3033/3223 3042/3036/3226
f 3042/3036/3226 3041/3035/3225 3040/3034/3224
f 3006/3000/3190 3042/3036/3226 3039/3033/3223
f 3039/3033/3223 3009/3003/3193 3006/3000/3190
