# Blender 5.2.0 LTS
# www.blender.org
mtllib farmer0150.mtl
o obj4
v -0.484832 5.195421 1.079094
v -0.501059 5.173407 1.053747
v -0.469429 5.148050 1.066455
v -0.447712 5.149012 1.087623
v -0.555259 5.216374 1.026206
v -0.541523 5.177961 1.020591
v -0.593015 5.188845 0.960973
v -0.556614 5.175716 0.976517
v -0.443122 5.151957 1.081877
v -0.480201 5.198184 1.073284
v -0.464840 5.150995 1.060710
v -0.443122 5.151957 1.081877
v -0.496428 5.176169 1.047937
v -0.536482 5.181523 1.015525
v -0.480201 5.198184 1.073284
v -0.550219 5.219936 1.021138
v -0.587873 5.193202 0.956980
v -0.551472 5.180071 0.972525
v -0.550219 5.219936 1.021138
v -0.587873 5.193202 0.956980
v -0.553495 5.157924 0.671990
v -0.576942 5.182319 0.697681
v -0.572227 5.205686 0.669007
v -0.542279 5.160119 0.643883
v -0.614775 5.223364 0.746938
v -0.600335 5.184869 0.744623
v -0.596180 5.180364 0.790859
v -0.622953 5.192362 0.820495
v -0.565602 5.208216 0.672550
v -0.535716 5.162832 0.647393
v -0.535716 5.162832 0.647393
v -0.546933 5.160637 0.675500
v -0.570317 5.184848 0.701225
v -0.593632 5.188236 0.747360
v -0.608071 5.226731 0.749676
v -0.565602 5.208216 0.672550
v -0.589814 5.184575 0.792613
v -0.616586 5.196575 0.822250
v -0.616586 5.196575 0.822250
v -0.608071 5.226731 0.749676
v 0.158224 5.486784 1.202816
v 0.177234 5.359532 1.205720
v 0.368309 5.385346 0.960062
v 0.345316 5.512059 0.962279
v 0.396363 5.399713 0.673611
v 0.372787 5.526128 0.681800
v 0.372787 5.526128 0.681800
v 0.396363 5.399713 0.673611
v 0.253880 5.398787 0.423120
v 0.233272 5.525220 0.436531
v -0.020964 5.382814 0.275709
v -0.035841 5.509580 0.292195
v -0.354525 5.356072 0.270877
v -0.362447 5.483397 0.287462
v -0.657422 5.325729 0.409918
v -0.659030 5.453685 0.423604
v -0.848499 5.299913 0.655576
v -0.846122 5.428407 0.664141
v -0.876552 5.285545 0.942028
v -0.873592 5.414339 0.944620
v -0.734069 5.286471 1.192519
v -0.734078 5.415247 1.189889
v -0.459224 5.302447 1.339929
v -0.464965 5.430890 1.334227
v -0.125664 5.329191 1.344761
v -0.138359 5.457075 1.338958
v -0.035544 5.556924 1.027338
v -0.000430 5.439050 1.046637
v 0.112500 5.454306 0.901449
v 0.065705 5.570602 0.897167
v 0.129080 5.462798 0.732152
v 0.080570 5.578216 0.745379
v 0.080570 5.578216 0.745379
v 0.129080 5.462798 0.732152
v 0.044870 5.462250 0.584108
v 0.005069 5.577724 0.612645
v -0.117568 5.452809 0.496986
v -0.140567 5.569260 0.534534
v -0.314706 5.437004 0.494130
v -0.317317 5.555089 0.531973
v -0.493723 5.419070 0.576305
v -0.477820 5.539011 0.605650
v -0.606653 5.403814 0.721493
v -0.579069 5.525333 0.735822
v -0.623233 5.395322 0.890791
v -0.593935 5.517719 0.887610
v -0.539023 5.395870 1.038835
v -0.518434 5.518210 1.020343
v -0.376585 5.405311 1.125956
v -0.372797 5.526675 1.098454
v -0.179446 5.421117 1.128813
v -0.196046 5.540845 1.101015
v -0.084372 5.657390 0.992962
v -0.001702 5.668558 0.886677
v 0.010436 5.674775 0.762743
v 0.010436 5.674775 0.762743
v -0.051211 5.674373 0.654366
v -0.170123 5.667461 0.590589
v -0.314439 5.655891 0.588498
v -0.445489 5.642764 0.648655
v -0.528159 5.631595 0.754939
v -0.540297 5.625379 0.878874
v -0.478651 5.625780 0.987250
v -0.359738 5.632691 1.051028
v -0.215422 5.644262 1.053118
v -0.143587 5.733598 0.945849
v -0.085129 5.741496 0.870694
v -0.076547 5.745892 0.783060
v -0.076547 5.745892 0.783060
v -0.120137 5.745608 0.706426
v -0.204222 5.740721 0.661329
v -0.306267 5.732539 0.659850
v -0.398934 5.723257 0.702388
v -0.457390 5.715359 0.777542
v -0.465973 5.710963 0.865177
v -0.422382 5.711247 0.941810
v -0.338299 5.716135 0.986908
v -0.236252 5.724316 0.988386
v -0.209150 5.780359 0.889211
v -0.178891 5.784447 0.850308
v -0.174448 5.786722 0.804946
v -0.174448 5.786722 0.804946
v -0.197012 5.786575 0.765277
v -0.240537 5.784046 0.741933
v -0.293360 5.779811 0.741167
v -0.341328 5.775006 0.763186
v -0.371588 5.770918 0.802090
v -0.376030 5.768642 0.847453
v -0.353466 5.768790 0.887121
v -0.309941 5.771319 0.910465
v -0.257117 5.775554 0.911230
v -0.276596 5.794482 0.826909
v 0.018580 5.311796 1.049542
v 0.135492 5.327590 0.899232
v 0.152658 5.336382 0.723963
v 0.152658 5.336382 0.723963
v 0.065476 5.335814 0.570696
v -0.102691 5.326040 0.480500
v -0.306783 5.309678 0.477543
v -0.492116 5.291112 0.562618
v -0.609028 5.275318 0.712927
v -0.626194 5.266526 0.888198
v -0.539013 5.267094 1.041463
v -0.370846 5.276868 1.131659
v -0.166752 5.293231 1.134616
v -0.639847 4.870600 0.749458
v -0.674026 4.870955 0.820254
v -0.680621 4.923206 0.865220
v -0.680290 4.941570 0.833671
v -0.658816 4.852164 0.790908
v -0.670622 4.853024 0.820145
v -0.666019 4.923657 0.868990
v -0.660108 4.885146 0.824963
v -0.625258 4.870482 0.756026
v -0.666052 4.941925 0.838585
v -0.655312 4.852553 0.825725
v -0.644230 4.851921 0.798357
v -0.625258 4.870482 0.756026
v -0.660108 4.885146 0.824963
v -0.666019 4.923657 0.868990
v -0.686718 4.914940 0.900613
v -0.672767 4.915819 0.897662
v -0.666052 4.941925 0.838585
v -0.625258 4.870482 0.756026
v -0.666019 4.923657 0.868990
v -0.666052 4.941925 0.838585
v -0.625258 4.870482 0.756026
v -0.644230 4.851921 0.798357
v -0.644230 4.851921 0.798357
v -0.655312 4.852553 0.825725
v -0.621227 4.807233 0.773279
v -0.630421 4.800990 0.828217
v -0.632110 4.824366 0.824959
v -0.616061 4.826573 0.766256
v -0.547750 5.145590 0.776746
v -0.560045 5.165238 0.777840
v -0.559379 5.167684 0.742243
v -0.549012 5.146299 0.740102
v -0.571000 5.092310 0.743458
v -0.580710 5.100462 0.799523
v -0.555214 5.116414 0.781939
v -0.562533 5.106652 0.742288
v -0.547769 5.150474 0.678291
v -0.552759 5.171055 0.698879
v -0.563569 5.177670 0.697079
v -0.536733 5.150110 0.668967
v -0.564295 5.176293 0.743769
v -0.569202 5.172534 0.787834
v -0.586798 5.177485 0.796055
v -0.590581 5.181583 0.747212
v -0.578527 5.139689 0.814908
v -0.557503 5.143651 0.802918
v -0.550381 4.802849 0.716553
v -0.546668 4.864191 0.705475
v -0.490491 4.889410 0.672612
v -0.493456 4.798111 0.696766
v -0.419266 4.889603 0.631495
v -0.457082 5.012969 0.607939
v -0.296772 4.983770 0.564327
v -0.328568 4.882674 0.604991
v -0.558294 5.114922 0.696404
v -0.557254 5.105049 0.686969
v -0.551480 5.162781 0.701336
v -0.547480 5.148706 0.686128
v -0.552014 5.146439 0.701375
v -0.555045 5.115895 0.740839
v -0.551834 5.120709 0.776096
v -0.554580 5.120306 0.701429
v -0.588054 5.077062 0.743342
v -0.599821 5.077230 0.848247
v -0.552350 5.098194 0.666817
v -0.523667 5.152568 0.638466
v -0.557866 5.204205 0.666073
v -0.606979 5.225358 0.749944
v -0.617529 5.191164 0.828417
v -0.599000 5.134449 0.842785
v -0.604459 5.015756 0.841707
v -0.568774 5.021599 0.734459
v -0.487785 5.148908 0.602179
v -0.515823 5.245297 0.626762
v -0.574984 5.279617 0.729729
v -0.634310 5.161545 0.881248
v -0.631385 5.167106 0.869573
v -0.620075 5.115466 0.866476
v -0.630966 5.112443 0.881328
v -0.651149 5.061653 0.870324
v -0.671163 5.059597 0.886477
v -0.552671 5.145420 0.795106
v -0.590382 4.944573 0.737479
v -0.646589 4.976780 0.836246
v -0.644230 4.851921 0.798357
v -0.655312 4.852553 0.825725
v -0.706196 5.002490 0.889598
v -0.683766 5.003778 0.869374
v -0.697413 4.981253 0.867018
v -0.722457 4.978520 0.888046
v -0.636908 5.109602 0.894871
v -0.632516 5.158970 0.895170
v -0.673812 5.060176 0.901498
v -0.717436 5.002406 0.909349
v -0.627685 4.786933 0.791898
v -0.607359 4.784068 0.765380
v -0.610297 4.742709 0.829953
v -0.632777 4.777481 0.832201
v -0.599263 4.706639 0.826950
v -0.572832 4.751799 0.757186
v -0.524830 4.727825 0.750924
v -0.556329 4.679046 0.817195
v -0.625258 4.870482 0.756026
v -0.596913 4.828317 0.741726
v -0.644230 4.851921 0.798357
v -0.626015 5.173076 0.860760
v -0.612058 5.127966 0.856217
v -0.628047 5.072396 0.861374
v -0.682059 4.946908 0.847649
v -0.705119 4.933578 0.877415
v -0.733970 4.945667 0.883681
v -0.712603 4.949590 0.860757
v -0.667412 4.982191 0.850392
v -0.651553 5.008537 0.857808
v -0.638222 5.211782 0.858339
v -0.632503 5.207159 0.845089
v -0.632772 5.192958 0.857668
v -0.638168 5.188124 0.867797
v -0.638870 5.186598 0.880406
v -0.634950 5.213225 0.877641
v -0.633443 5.185275 0.896026
v -0.629796 5.211673 0.895910
v -0.749368 4.941672 0.914634
v -0.733558 4.980564 0.912238
v -0.625258 4.870482 0.756026
v -0.666052 4.941925 0.838585
v -0.625258 4.870482 0.756026
v -0.602532 4.810649 0.744465
v -0.625258 4.870482 0.756026
v -0.660108 4.885146 0.824963
v -0.666019 4.923657 0.868990
v -0.666052 4.941925 0.838585
v -0.625258 4.870482 0.756026
v -0.644230 4.851921 0.798357
v -0.655312 4.852553 0.825725
v -0.660108 4.885146 0.824963
v -0.666052 4.941925 0.838585
v -0.666019 4.923657 0.868990
v -0.666052 4.941925 0.838585
v -0.551480 5.162781 0.701336
v -0.559379 5.167684 0.742243
v -0.547480 5.148706 0.686128
v -0.554580 5.120306 0.701429
v -0.555045 5.115895 0.740839
v -0.551834 5.120709 0.776096
v -0.552671 5.145420 0.795106
v -0.560045 5.165238 0.777840
v -0.066804 5.562939 0.708505
v 0.084548 5.442131 0.673225
v 0.037052 5.421915 0.611079
v -0.098648 5.530231 0.642710
v -0.262777 5.594539 0.751060
v -0.274352 5.558563 0.680864
v -0.450549 5.528455 0.790957
v -0.442983 5.499348 0.715319
v -0.577174 5.382058 0.829847
v -0.553364 5.367718 0.764961
v 0.137678 5.263334 0.657427
v 0.089859 5.262074 0.595824
v -0.027803 5.388498 0.562441
v -0.138600 5.476931 0.588267
v -0.282062 5.500068 0.619420
v -0.419749 5.451715 0.647553
v -0.510702 5.344345 0.684205
v 0.020641 5.258466 0.548862
v -0.105594 5.344159 0.530624
v -0.183940 5.406690 0.548886
v -0.285383 5.423051 0.570914
v -0.382742 5.388859 0.590807
v -0.442734 5.299380 0.607862
v -0.071340 5.252213 0.521022
v -0.174384 5.172775 0.511270
v -0.215487 5.211190 0.521565
v -0.267928 5.222000 0.533858
v -0.288732 5.209666 0.539235
v -0.328114 5.154131 0.551442
v -0.340616 5.102736 0.559654
v -0.167644 5.125896 0.515236
v -0.255193 5.140884 0.486799
v -0.319717 5.137384 0.528119
v -0.289761 5.181482 0.503863
v -0.258392 5.190626 0.485551
v -0.188368 5.143986 0.457215
v -0.218569 5.178305 0.466151
v -0.253520 5.090929 0.497284
v -0.329536 5.094580 0.541187
v -0.181866 5.105196 0.462645
v -0.518059 4.642617 0.884658
v -0.511580 4.669016 0.808159
v -0.446720 4.665040 0.803186
v -0.457943 4.638578 0.876016
v -0.354398 4.795077 0.665186
v -0.431669 4.793905 0.677507
v -0.300145 5.039501 0.561266
v -0.469026 4.716111 0.743037
v -0.388116 4.722386 0.734485
v -0.331447 4.666909 0.791934
v -0.331257 4.652492 0.861509
v -0.237493 4.870480 0.594058
v -0.256809 4.786698 0.651085
v -0.286683 4.990349 0.546092
v -0.295993 5.038929 0.540440
v -0.246074 5.038965 0.508555
v -0.233271 4.974876 0.535257
v -0.284550 4.719966 0.720821
v -0.244527 4.962621 0.572191
v -0.611498 5.287921 0.813442
v -0.223696 4.749120 0.653855
v -0.188323 4.843825 0.601364
v -0.179408 5.050206 0.485387
v -0.178918 5.004078 0.522040
v -0.245562 4.677582 0.722894
v -0.244995 4.623126 0.794921
v -0.183366 4.994989 0.570015
v 0.132942 5.206130 0.656045
v 0.079303 5.203910 0.598476
v 0.016368 5.200343 0.556377
v -0.066429 5.194319 0.530278
v -0.171452 5.056800 0.535135
v 0.095359 5.031062 0.653461
v 0.046795 5.029456 0.606113
v -0.014857 5.024027 0.578616
v -0.080801 5.018246 0.563788
v -0.015689 4.886523 0.615916
v -0.057684 4.881367 0.592430
v -0.104928 4.870672 0.587626
v -0.609704 5.288727 0.861844
v -0.255115 5.214635 0.503657
v -0.293535 5.201693 0.520268
v -0.330087 5.149045 0.541093
v -0.168477 5.166128 0.473092
v -0.206350 5.203497 0.484935
v -0.342057 5.099302 0.552868
v -0.161220 5.120993 0.477170
v -0.301859 5.036071 0.554776
v -0.229162 4.964066 0.547651
v -0.166782 4.998542 0.536133
v -0.161794 5.055419 0.499468
v -0.560981 4.653762 0.891261
v 0.024716 4.890425 0.665232
v -0.934502 2.648932 -0.163647
v -1.000237 2.738701 -0.118124
v -1.008553 2.742001 -0.053222
v -0.926984 2.669960 -0.114222
v -0.873232 2.581594 -0.213275
v -0.940766 2.642580 -0.154692
v -0.932353 2.661301 -0.115297
v -0.869407 2.624007 -0.170206
v -0.869407 2.624007 -0.170206
v -0.932353 2.661301 -0.115297
v -0.943627 2.667607 -0.065928
v -0.844404 2.642370 -0.134886
v -1.028861 2.736851 0.012382
v -0.937153 2.677059 -0.047989
v -0.403440 2.394741 -0.177072
v -0.388065 2.424655 -0.166802
v -0.397189 2.434502 -0.122551
v -0.412036 2.388516 -0.139665
v -0.397189 2.434502 -0.122551
v -0.388065 2.424655 -0.166802
v -0.413809 2.458250 -0.167502
v -0.426557 2.484257 -0.125755
v -0.446611 2.447482 -0.098203
v -0.454419 2.416869 -0.112061
v -0.446611 2.447482 -0.098203
v -0.464666 2.480269 -0.102488
v -0.684832 2.451238 -0.126133
v -0.659658 2.473907 -0.145297
v -0.608833 2.425735 -0.164951
v -0.643209 2.396895 -0.177881
v -0.608833 2.425735 -0.164951
v -0.659658 2.473907 -0.145297
v -0.638416 2.508478 -0.111228
v -0.579742 2.442162 -0.133307
v -1.161413 2.659720 -0.017879
v -1.053815 2.584393 -0.009955
v -1.049517 2.586266 -0.020455
v -0.882025 2.636569 -0.075950
v -0.754525 2.580590 -0.073388
v -0.742434 2.600728 -0.110820
v -0.639804 2.494834 -0.070309
v -0.957655 2.573516 0.009099
v -0.789750 2.529062 0.006360
v -0.678639 2.451346 0.014156
v -0.590522 2.396331 -0.060291
v -0.569880 2.436434 -0.089852
v -0.842806 2.477272 0.067174
v -0.735831 2.394107 0.083085
v -0.649235 2.329546 0.011338
v -0.615909 2.369914 -0.010319
v -1.028505 2.500054 0.054372
v -1.130889 2.523612 -0.040534
v -1.039780 2.460613 0.048680
v -1.246765 2.603873 -0.086920
v -1.139829 2.517925 -0.031547
v -0.905038 2.416432 0.098895
v -0.939580 2.380542 0.099993
v -0.804207 2.322307 0.129512
v -0.838356 2.291601 0.130971
v -0.715254 2.261273 0.099763
v -0.671694 2.319257 0.064636
v -0.789940 2.221125 0.123806
v -0.750142 2.243378 0.131954
v -1.239293 2.602597 -0.150556
v -1.141912 2.504069 -0.070638
v -1.133080 2.510743 -0.068769
v -1.057561 2.432293 0.022767
v -1.057561 2.432293 0.022767
v -1.133080 2.510743 -0.068769
v -1.124680 2.507491 -0.103571
v -1.080498 2.418958 -0.012707
v -1.203022 2.619934 -0.199158
v -1.131376 2.498981 -0.115892
v -0.962696 2.348025 0.072638
v -0.962696 2.348025 0.072638
v -0.968019 2.333070 0.034321
v -0.865231 2.269114 0.100755
v -0.865231 2.269114 0.100755
v -0.874151 2.261094 0.059523
v -0.818764 2.207662 0.092762
v -0.818764 2.207662 0.092762
v -0.828947 2.206367 0.051776
v -1.093401 2.672899 -0.179313
v -1.029723 2.553106 -0.142747
v -1.030875 2.555265 -0.132229
v -1.029267 2.463595 -0.088029
v -0.949468 2.349823 0.001744
v -0.857265 2.274586 0.025534
v -0.899463 2.401171 -0.050086
v -0.806261 2.323454 -0.038954
v -0.770723 2.240977 -0.001055
v -0.810587 2.220776 0.019859
v -0.942513 2.536550 -0.154068
v -0.854821 2.444392 -0.109995
v -0.759572 2.370989 -0.102239
v -0.730578 2.290738 -0.080350
v -0.760443 2.269185 -0.040084
v -1.029723 2.553106 -0.142747
v -1.093401 2.672899 -0.179313
v -0.810208 2.472890 -0.169601
v -0.780856 2.476790 -0.191213
v -0.714531 2.420043 -0.134199
v -0.685833 2.348761 -0.144777
v -0.717038 2.321948 -0.118525
v -0.662965 2.370110 -0.160367
v -0.749446 1.966320 -0.120251
v -0.725864 1.975407 -0.117195
v -0.705172 1.956225 -0.116744
v -0.728363 1.937047 -0.114530
v -0.754866 1.958575 -0.096686
v -0.744073 1.933494 -0.089131
v -0.744073 1.933494 -0.089131
v -0.728363 1.937047 -0.114530
v -0.699592 1.923533 -0.085282
v -0.717369 1.926571 -0.070344
v -0.705172 1.956225 -0.116744
v -0.688723 1.943616 -0.091063
v -0.737376 2.003871 -0.193032
v -0.712424 2.009892 -0.198522
v -0.697763 1.988294 -0.209774
v -0.722338 1.971359 -0.201108
v -0.733109 1.993229 -0.169543
v -0.725641 1.965890 -0.170839
v -0.725641 1.965890 -0.170839
v -0.722338 1.971359 -0.201108
v -0.685626 1.950422 -0.187250
v -0.693914 1.953190 -0.164963
v -0.697763 1.988294 -0.209774
v -0.673480 1.970049 -0.193976
v -0.678470 2.036361 -0.328646
v -0.653618 2.046723 -0.332856
v -0.637799 2.027662 -0.346494
v -0.660129 2.005764 -0.339917
v -0.671833 2.026147 -0.304669
v -0.661547 1.999474 -0.308614
v -0.661547 1.999474 -0.308614
v -0.660129 2.005764 -0.339917
v -0.620874 1.990772 -0.326462
v -0.628906 1.992167 -0.303043
v -0.637799 2.027662 -0.346494
v -0.611115 2.013081 -0.331176
v -0.534692 2.053673 -0.330413
v -0.517517 2.073669 -0.336540
v -0.492188 2.061838 -0.343591
v -0.502998 2.033892 -0.331951
v -0.528010 2.054045 -0.304169
v -0.506428 2.035494 -0.300049
v -0.506428 2.035494 -0.300049
v -0.502998 2.033892 -0.331951
v -0.463863 2.043682 -0.313202
v -0.475174 2.046679 -0.291283
v -0.492188 2.061838 -0.343591
v -0.464745 2.066249 -0.323700
v -0.766326 2.216752 0.014103
v -0.796644 2.199486 0.018408
v -0.813226 2.186265 0.047165
v -0.764170 2.089418 0.018267
v -0.752165 2.105319 -0.005949
v -0.748576 2.090462 -0.013904
v -0.759728 2.074219 0.009874
v -0.723127 2.115417 -0.010324
v -0.718387 2.098988 -0.017146
v -0.802596 2.187090 0.085980
v -0.802596 2.187090 0.085980
v -0.775703 2.198478 0.115180
v -0.714312 2.073474 0.077293
v -0.745477 2.076880 0.053014
v -0.740301 2.060090 0.043795
v -0.708763 2.054862 0.067334
v -0.740301 2.060090 0.043795
v -0.745477 2.076880 0.053014
v -0.742655 2.216651 0.115891
v -0.722488 2.230025 0.092525
v -0.671831 2.097944 0.049631
v -0.684781 2.083042 0.073322
v -0.679954 2.063786 0.062948
v -0.667708 2.079306 0.039978
v -0.735406 2.240533 0.049431
v -0.735739 2.228360 0.048939
v -0.735406 2.240533 0.049431
v -0.735739 2.228360 0.048939
v -0.690130 2.110970 0.015487
v -0.686309 2.093329 0.006803
v -0.686309 2.093329 0.006803
v -0.690130 2.110970 0.015487
v -0.718702 2.271282 -0.053628
v -0.746628 2.249670 -0.043325
v -0.744256 2.233368 -0.004390
v -0.685820 2.118127 -0.047859
v -0.682581 2.131454 -0.076356
v -0.677514 2.116544 -0.082306
v -0.679198 2.103058 -0.053595
v -0.655979 2.144218 -0.087538
v -0.651515 2.128940 -0.093460
v -0.727258 2.236187 0.041888
v -0.727258 2.236187 0.041888
v -0.694111 2.263207 0.063982
v -0.665789 2.291019 0.048635
v -0.655484 2.299027 0.008243
v -0.589385 2.145832 -0.035591
v -0.593682 2.132939 -0.007478
v -0.590081 2.114953 -0.016500
v -0.585677 2.128470 -0.043501
v -0.619992 2.118868 0.003027
v -0.615992 2.101908 -0.005704
v -0.682290 2.303669 -0.026740
v -0.681239 2.291447 -0.026166
v -0.682290 2.303669 -0.026740
v -0.681239 2.291447 -0.026166
v -0.616550 2.149050 -0.067700
v -0.612831 2.132700 -0.074642
v -0.612831 2.132700 -0.074642
v -0.616550 2.149050 -0.067700
v -0.674365 2.326570 -0.134931
v -0.699334 2.302383 -0.124950
v -0.702856 2.287965 -0.091641
v -0.623093 2.167090 -0.151334
v -0.621958 2.183171 -0.178228
v -0.616917 2.170329 -0.185585
v -0.618030 2.154307 -0.159233
v -0.597513 2.199346 -0.189209
v -0.592699 2.185941 -0.196581
v -0.674987 2.297258 -0.034244
v -0.674987 2.297258 -0.034244
v -0.638883 2.316632 -0.021903
v -0.614557 2.340692 -0.032527
v -0.611395 2.355032 -0.066397
v -0.529342 2.201080 -0.141176
v -0.530717 2.185567 -0.113920
v -0.526050 2.170513 -0.123478
v -0.524750 2.185915 -0.150224
v -0.554876 2.168987 -0.103103
v -0.550070 2.154342 -0.112833
v -0.629471 2.361274 -0.102241
v -0.626254 2.349630 -0.102014
v -0.629471 2.361274 -0.102241
v -0.626254 2.349630 -0.102014
v -0.559015 2.205396 -0.171593
v -0.554479 2.191009 -0.179769
v -0.554479 2.191009 -0.179769
v -0.559015 2.205396 -0.171593
v -0.623754 2.379016 -0.184202
v -0.643238 2.354034 -0.168865
v -0.642183 2.342612 -0.138522
v -0.557063 2.240068 -0.187018
v -0.560725 2.251226 -0.215378
v -0.554246 2.240918 -0.220321
v -0.550522 2.229827 -0.192166
v -0.541708 2.270170 -0.231231
v -0.535101 2.259317 -0.236160
v -0.619383 2.356743 -0.109460
v -0.619383 2.356743 -0.109460
v -0.577641 2.385361 -0.088954
v -0.562192 2.408938 -0.108040
v -0.566424 2.418421 -0.142772
v -0.475695 2.293800 -0.194258
v -0.471277 2.283321 -0.165027
v -0.464471 2.270743 -0.171015
v -0.468826 2.281349 -0.199702
v -0.489072 2.264610 -0.148480
v -0.482392 2.252725 -0.154600
v -0.592463 2.404369 -0.171961
v -0.592463 2.404369 -0.171961
v -0.506105 2.286844 -0.220256
v -0.499250 2.275299 -0.225230
v -0.499250 2.275299 -0.225230
v -0.506105 2.286844 -0.220256
v -0.651430 2.097141 -0.023178
v -0.658307 2.113802 -0.016292
v -0.658307 2.113802 -0.016292
v -0.651430 2.097141 -0.023178
v -0.587886 2.148763 -0.129853
v -0.592688 2.162459 -0.120796
v -0.592688 2.162459 -0.120796
v -0.587886 2.148763 -0.129853
v -0.518764 2.236286 -0.166026
v -0.525325 2.247300 -0.160283
v -0.525325 2.247300 -0.160283
v -0.518764 2.236286 -0.166026
v -0.745977 2.077555 -0.021722
v -0.715716 2.085620 -0.025111
v -0.709382 2.040931 -0.054587
v -0.738063 2.035231 -0.047866
v -0.757314 2.061085 0.001441
v -0.749402 2.017261 -0.026697
v -0.730405 1.995934 0.000077
v -0.738496 2.045601 0.033383
v -0.706401 2.038492 0.055990
v -0.738496 2.045601 0.033383
v -0.730405 1.995934 0.000077
v -0.698093 1.983385 0.018299
v -0.669504 1.989963 0.012245
v -0.676957 2.047018 0.052131
v -0.664980 2.063059 0.029472
v -0.658006 2.007145 -0.009392
v -0.676787 2.027919 -0.036407
v -0.683585 2.078436 -0.002422
v -0.683585 2.078436 -0.002422
v -0.676787 2.027919 -0.036407
v -0.676106 2.104781 -0.088943
v -0.649826 2.116814 -0.100071
v -0.648401 2.053390 -0.139061
v -0.672763 2.049190 -0.122145
v -0.677482 2.091195 -0.060199
v -0.677035 2.029559 -0.099803
v -0.651910 2.007912 -0.081710
v -0.648927 2.083657 -0.030388
v -0.614583 2.087961 -0.013911
v -0.648927 2.083657 -0.030388
v -0.651910 2.007912 -0.081710
v -0.615221 1.997467 -0.073333
v -0.591429 2.004620 -0.088661
v -0.588937 2.100656 -0.025014
v -0.584819 2.114192 -0.052067
v -0.587676 2.020912 -0.113515
v -0.612444 2.039808 -0.133177
v -0.612218 2.119543 -0.082565
v -0.612218 2.119543 -0.082565
v -0.612444 2.039808 -0.133177
v -0.614833 2.158158 -0.194447
v -0.590577 2.173359 -0.205676
v -0.588822 2.105164 -0.259966
v -0.611974 2.096785 -0.243019
v -0.615901 2.141860 -0.168402
v -0.613333 2.075235 -0.222139
v -0.585601 2.053463 -0.207928
v -0.586199 2.135365 -0.140091
v -0.548480 2.139969 -0.123927
v -0.586199 2.135365 -0.140091
v -0.585601 2.053463 -0.207928
v -0.549049 2.042458 -0.205315
v -0.526684 2.051446 -0.222174
v -0.524580 2.155653 -0.134946
v -0.523185 2.171426 -0.161245
v -0.524779 2.071872 -0.243695
v -0.552286 2.092874 -0.258437
v -0.552705 2.177439 -0.189865
v -0.552705 2.177439 -0.189865
v -0.552286 2.092874 -0.258437
v -0.550592 2.231122 -0.225518
v -0.531475 2.249263 -0.241463
v -0.505659 2.171411 -0.282868
v -0.524405 2.156436 -0.265373
v -0.546782 2.219897 -0.197494
v -0.519723 2.142945 -0.239085
v -0.486549 2.141013 -0.218170
v -0.515073 2.225575 -0.171875
v -0.478467 2.241154 -0.160924
v -0.515073 2.225575 -0.171875
v -0.486549 2.141013 -0.218170
v -0.449218 2.148781 -0.211809
v -0.430000 2.165177 -0.228374
v -0.460362 2.259015 -0.177335
v -0.464719 2.269893 -0.205779
v -0.434486 2.177765 -0.255191
v -0.467364 2.178379 -0.276849
v -0.495323 2.264543 -0.230889
v -0.495323 2.264543 -0.230889
v -0.467364 2.178379 -0.276849
v -0.737371 2.025951 -0.054716
v -0.708678 2.031029 -0.061835
v -0.719139 2.001330 -0.100072
v -0.746993 1.996752 -0.092111
v -0.748679 2.007435 -0.034154
v -0.757999 1.977785 -0.072257
v -0.729542 1.984743 -0.008478
v -0.738805 1.952434 -0.049209
v -0.697218 1.970774 0.008542
v -0.729542 1.984743 -0.008478
v -0.738805 1.952434 -0.049209
v -0.707374 1.935832 -0.035451
v -0.668884 1.976514 0.001588
v -0.679378 1.940561 -0.043128
v -0.657589 1.994280 -0.019641
v -0.668167 1.958946 -0.063255
v -0.676305 2.016495 -0.045236
v -0.687096 1.983661 -0.086557
v -0.676305 2.016495 -0.045236
v -0.687096 1.983661 -0.086557
v -0.676502 2.046106 -0.126467
v -0.651941 2.049186 -0.143936
v -0.691394 2.031608 -0.180837
v -0.714526 2.029569 -0.162211
v -0.681230 2.027094 -0.104087
v -0.719329 2.008732 -0.141564
v -0.656297 2.001817 -0.088531
v -0.697296 1.978381 -0.131425
v -0.619900 1.987984 -0.082531
v -0.656297 2.001817 -0.088531
v -0.697296 1.978381 -0.131425
v -0.664845 1.956063 -0.133397
v -0.595658 1.994645 -0.097845
v -0.641743 1.959140 -0.151368
v -0.592004 2.011696 -0.122195
v -0.636544 1.978922 -0.172446
v -0.617269 2.033234 -0.140405
v -0.659217 2.008397 -0.183570
v -0.617269 2.033234 -0.140405
v -0.659217 2.008397 -0.183570
v -0.615681 2.091980 -0.248923
v -0.593027 2.100342 -0.266092
v -0.634417 2.073416 -0.310863
v -0.655696 2.066291 -0.292377
v -0.617615 2.071184 -0.227792
v -0.657226 2.043888 -0.272885
v -0.589605 2.047004 -0.215471
v -0.630899 2.016215 -0.264642
v -0.554206 2.034052 -0.215094
v -0.589605 2.047004 -0.215471
v -0.630899 2.016215 -0.264642
v -0.596694 1.998667 -0.268671
v -0.531101 2.043131 -0.231424
v -0.574274 2.005598 -0.286706
v -0.529314 2.063703 -0.252821
v -0.572210 2.027188 -0.306585
v -0.557198 2.086368 -0.266337
v -0.598947 2.054351 -0.315477
v -0.557198 2.086368 -0.266337
v -0.598947 2.054351 -0.315477
v -0.523360 2.149676 -0.269208
v -0.504534 2.163628 -0.287265
v -0.516372 2.111026 -0.322226
v -0.535757 2.099392 -0.303218
v -0.518611 2.135708 -0.243252
v -0.530544 2.084263 -0.278333
v -0.484894 2.131846 -0.223452
v -0.496783 2.075148 -0.261992
v -0.447340 2.137837 -0.218133
v -0.484894 2.131846 -0.223452
v -0.496783 2.075148 -0.261992
v -0.457672 2.075365 -0.259911
v -0.427658 2.153203 -0.235188
v -0.438978 2.087141 -0.278964
v -0.432235 2.166469 -0.261542
v -0.442863 2.102262 -0.303602
v -0.465818 2.168945 -0.282167
v -0.477353 2.110725 -0.320482
v -0.465818 2.168945 -0.282167
v -0.477353 2.110725 -0.320482
v -0.814818 2.555094 -0.245655
v -0.750391 2.470506 -0.205680
v -0.724518 2.600399 -0.131515
v -0.793574 2.623573 -0.189066
v -0.649626 2.556446 -0.157317
v -0.663505 2.528931 -0.217091
v -0.813978 2.597809 -0.215839
v -0.813978 2.597809 -0.215839
v -0.668113 2.491612 -0.241275
v -0.666216 2.453166 -0.252504
v -0.668113 2.491612 -0.241275
v -0.674055 2.457243 -0.142019
v -0.667887 2.489540 -0.130834
v -0.667887 2.489540 -0.130834
v -0.662491 2.529232 -0.112217
v -0.622542 2.528719 -0.113112
v -0.643190 2.420957 -0.217047
v -0.574458 2.392141 -0.211240
v -0.566225 2.407975 -0.250965
v -0.552423 2.401732 -0.250218
v -0.565366 2.388543 -0.210161
v -0.570309 2.493555 -0.222693
v -0.582886 2.532357 -0.164947
v -0.574219 2.529065 -0.166095
v -0.558198 2.488957 -0.223424
v -0.566512 2.449102 -0.243681
v -0.552777 2.442782 -0.243914
v -0.566512 2.449102 -0.243681
v -0.552777 2.442782 -0.243914
v -0.620756 2.438132 -0.159599
v -0.573611 2.424137 -0.149362
v -0.618065 2.482634 -0.129138
v -0.618065 2.482634 -0.129138
v -0.576626 2.513911 -0.117966
v -0.523030 2.393868 -0.240681
v -0.446168 2.384283 -0.209383
v -0.473580 2.374902 -0.174087
v -0.541247 2.382611 -0.202194
v -0.552812 2.521686 -0.162985
v -0.496446 2.508169 -0.152210
v -0.461443 2.469067 -0.195739
v -0.533600 2.480922 -0.218473
v -0.524985 2.434625 -0.236303
v -0.449015 2.424516 -0.208008
v -0.524985 2.434625 -0.236303
v -0.449015 2.424516 -0.208008
v -0.500550 2.413608 -0.125804
v -0.552846 2.419406 -0.143955
v -0.557019 2.464703 -0.123533
v -0.510684 2.457949 -0.112240
v -0.557052 2.507012 -0.116914
v -0.557019 2.464703 -0.123533
v -0.510684 2.457949 -0.112240
v -0.514483 2.497985 -0.111590
v -0.575805 2.470170 -0.126217
v -0.575805 2.470170 -0.126217
v -1.207222 2.938686 -0.028727
v -1.333177 2.848030 -0.049516
v -1.160851 2.661045 -0.020946
v -1.030567 2.733646 0.005904
v -1.467787 2.850710 -0.145388
v -1.241431 2.606958 -0.089838
v -1.440356 2.810987 -0.249906
v -1.637294 3.042272 -0.184459
v -1.631905 3.049360 -0.348944
v -1.356633 2.847159 -0.318480
v -1.515155 3.087364 -0.463868
v -1.212207 2.914973 -0.292813
v -1.345138 3.151103 -0.424656
v -1.146676 2.961930 -0.218949
v -1.212207 2.914973 -0.292813
v -1.345138 3.151103 -0.424656
v -1.261631 3.189415 -0.317800
v -1.145689 2.958933 -0.110488
v -1.250337 3.198571 -0.173664
v -1.349061 3.152978 -0.052041
v -1.527408 3.077136 -0.065610
v -1.773706 3.330022 -0.202893
v -1.762927 3.359557 -0.371017
v -1.654705 3.365722 -0.498558
v -1.493884 3.358693 -0.479025
v -1.493884 3.358693 -0.479025
v -1.413369 3.376934 -0.376827
v -1.411759 3.355971 -0.215973
v -1.504874 3.338596 -0.085631
v -1.673203 3.305348 -0.088915
v -1.736902 3.537531 -0.346622
v -1.758147 3.490172 -0.188694
v -1.657685 3.619422 -0.162113
v -1.636622 3.667272 -0.306803
v -1.643265 3.515995 -0.477005
v -1.550076 3.631530 -0.427863
v -1.512507 3.445373 -0.493429
v -1.437658 3.520874 -0.448737
v -1.457551 3.404125 -0.399686
v -1.512507 3.445373 -0.493429
v -1.437658 3.520874 -0.448737
v -1.403475 3.444560 -0.372369
v -1.489391 3.387673 -0.245818
v -1.427076 3.404403 -0.228965
v -1.557120 3.372387 -0.106592
v -1.491049 3.407695 -0.101453
v -1.690291 3.416214 -0.092549
v -1.600366 3.516302 -0.078762
v -1.544370 3.786648 -0.269827
v -1.559014 3.728076 -0.133096
v -1.455383 3.835093 -0.090925
v -1.431782 3.891621 -0.220981
v -1.459791 3.737224 -0.382272
v -1.358909 3.845977 -0.337663
v -1.335130 3.603828 -0.395059
v -1.224065 3.689021 -0.347982
v -1.281455 3.516346 -0.302197
v -1.335130 3.603828 -0.395059
v -1.224065 3.689021 -0.347982
v -1.160836 3.565311 -0.269116
v -1.319771 3.444044 -0.190092
v -1.173326 3.499320 -0.135035
v -1.372681 3.466668 -0.066942
v -1.247701 3.536041 -0.019391
v -1.487330 3.605098 -0.049801
v -1.373567 3.692318 -0.005645
v -1.300165 3.982315 -0.012130
v -1.288973 4.057930 -0.158024
v -1.202519 4.007485 -0.295228
v -1.062838 3.833635 -0.308671
v -1.062838 3.833635 -0.308671
v -0.983451 3.669195 -0.208514
v -0.978902 3.594006 -0.063406
v -1.048079 3.621465 0.072284
v -1.208280 3.810305 0.082661
v -1.097762 4.120874 0.117992
v -1.105158 4.200704 -0.046702
v -1.033055 4.149379 -0.207272
v -0.888036 3.983114 -0.251465
v -0.888036 3.983114 -0.251465
v -0.829601 3.824322 -0.119786
v -0.780265 3.748604 0.079014
v -0.848543 3.778208 0.221103
v -0.990483 3.949054 0.250713
v -0.814889 4.285906 0.349881
v -0.824642 4.407675 0.206568
v -0.839261 4.320177 -0.038643
v -0.660391 4.139982 -0.176150
v -0.660391 4.139982 -0.176150
v -0.666581 3.958453 -0.069437
v -0.649998 3.861343 0.134888
v -0.666108 3.927770 0.305957
v -0.779116 4.089903 0.379908
v -1.396612 0.986998 -0.523775
v -1.321721 1.329550 -0.307215
v -1.209562 1.300497 -0.302397
v -1.301557 0.971777 -0.520198
v -1.217408 0.884896 -0.420885
v -1.100475 1.174114 -0.196218
v -1.246917 0.790465 -0.262822
v -1.138553 1.017399 -0.031797
v -1.353219 0.740057 -0.129318
v -1.246917 0.790465 -0.262822
v -1.138553 1.017399 -0.031797
v -1.286792 0.916146 0.098246
v -1.436223 0.731767 -0.085463
v -1.393807 0.904177 0.145934
v -1.496899 0.927518 0.141423
v -1.521935 0.746276 -0.082697
v -1.590954 0.779398 -0.117984
v -1.576271 0.978516 0.097437
v -1.615519 1.052561 0.027061
v -1.626561 0.822585 -0.184117
v -1.599687 0.911824 -0.343002
v -1.577976 1.209152 -0.131778
v -1.482531 0.975718 -0.481654
v -1.599687 0.911824 -0.343002
v -1.577976 1.209152 -0.131778
v -1.427285 1.314615 -0.266569
v -1.252974 1.620042 -0.130947
v -1.123558 1.584177 -0.125350
v -0.993361 1.434636 0.008689
v -1.042444 1.245739 0.223046
v -1.042444 1.245739 0.223046
v -1.227477 1.123757 0.397587
v -1.358036 1.103172 0.447139
v -1.476194 1.134543 0.440486
v -1.567736 1.199437 0.393058
v -1.613085 1.291470 0.306253
v -1.566107 1.477693 0.098229
v -1.566107 1.477693 0.098229
v -1.381503 1.599919 -0.079261
v -1.217252 1.886380 0.131774
v -1.076898 1.846808 0.141133
v -0.927360 1.685117 0.285767
v -0.974426 1.485021 0.526110
v -0.974426 1.485021 0.526110
v -1.176081 1.361998 0.723739
v -1.320341 1.346686 0.781772
v -1.452341 1.384572 0.772877
v -1.555896 1.456051 0.717940
v -1.608773 1.557084 0.621071
v -1.562430 1.747156 0.384504
v -1.562430 1.747156 0.384504
v -1.358777 1.869215 0.187281
v -1.241683 1.960694 0.333319
v -1.274862 1.924263 0.397836
v -1.159756 1.879637 0.409445
v -1.123463 1.923037 0.341579
v -0.968897 1.808971 0.474199
v -0.991628 1.801296 0.556530
v -0.987180 1.682267 0.705860
v -0.975102 1.758168 0.798228
v -1.152287 1.633563 0.891337
v -0.987180 1.682267 0.705860
v -0.975102 1.758168 0.798228
v -1.109659 1.787219 0.992024
v -1.269892 1.642077 0.935944
v -1.214581 1.830161 1.040482
v -1.320234 1.885545 1.028867
v -1.379007 1.690534 0.929347
v -1.470144 1.756830 0.883764
v -1.412669 1.946724 0.975505
v -1.478863 1.990333 0.879464
v -1.527930 1.822096 0.793733
v -1.517536 1.932442 0.566192
v -1.499022 2.025608 0.640005
v -1.356293 1.972536 0.380771
v -1.517536 1.932442 0.566192
v -1.499022 2.025608 0.640005
v -1.376174 1.969324 0.445699
v -1.263505 1.880011 0.350752
v -1.186506 1.939812 0.236466
v -1.082698 1.861518 0.257586
v -1.155510 1.806214 0.369321
v -0.964543 1.770127 0.539953
v -0.888586 1.833373 0.427280
v -0.886868 1.866556 0.795266
v -0.793701 1.969829 0.683574
v -0.965679 2.041972 0.993473
v -0.886868 1.866556 0.795266
v -0.793701 1.969829 0.683574
v -0.849318 2.194915 0.879957
v -1.053584 2.132786 1.036534
v -0.927913 2.306830 0.922111
v -1.027327 2.383643 0.901251
v -1.157570 2.205437 1.019068
v -1.259220 2.255364 0.953159
v -1.131744 2.423917 0.837402
v -1.222580 2.416587 0.732118
v -1.341026 2.266798 0.849101
v -1.416539 2.171414 0.591809
v -1.317752 2.278816 0.476678
v -1.345815 1.976930 0.393009
v -1.416539 2.171414 0.591809
v -1.317752 2.278816 0.476678
v -1.262604 2.051241 0.278994
v -1.052046 2.093233 0.068119
v -0.933925 2.005365 0.091968
v -0.716329 1.962174 0.273974
v -0.581659 2.114239 0.539602
v -0.581659 2.114239 0.539602
v -0.681107 2.347265 0.752451
v -0.743309 2.491095 0.775714
v -0.859978 2.576912 0.746946
v -0.976735 2.625118 0.675593
v -1.081061 2.619228 0.564229
v -1.194065 2.469058 0.300134
v -1.194065 2.469058 0.300134
v -1.136791 2.216786 0.106169
v -0.833387 2.272245 -0.164552
v -0.690285 2.173065 -0.129651
v -0.379818 2.127270 0.082010
v -0.227836 2.304969 0.344817
v -0.227836 2.304969 0.344817
v -0.376712 2.545333 0.548010
v -0.483466 2.677359 0.573132
v -0.623876 2.760836 0.536182
v -0.755696 2.809026 0.459601
v -0.874948 2.794577 0.362906
v -0.995521 2.642539 0.097934
v -0.995521 2.642539 0.097934
v -0.934848 2.384393 -0.105856
v -0.615426 2.432876 -0.384138
v -0.516306 2.584814 -0.539754
v -0.370166 2.423458 -0.526813
v -0.474781 2.299855 -0.327386
v -0.235726 2.136790 -0.120718
v 0.005472 2.226573 -0.344370
v -0.090777 2.378647 0.278892
v 0.152077 2.511482 0.151967
v -0.139850 2.634051 0.496587
v -0.090777 2.378647 0.278892
v 0.152077 2.511482 0.151967
v 0.067328 2.801162 0.402033
v -0.354468 2.757368 0.508189
v -0.175861 2.887047 0.375089
v -0.314344 2.953818 0.298019
v -0.459739 2.867250 0.435719
v -0.547645 2.943072 0.301466
v -0.442068 3.004351 0.187287
v -0.541486 3.022958 0.036642
v -0.661848 2.958498 0.186487
v -0.711196 2.571863 -0.342328
v -0.758864 2.838441 -0.122025
v -0.643631 2.953869 -0.235671
v -0.586900 2.718162 -0.479540
v -1.220150 1.913668 0.230886
v -1.105641 1.880325 0.237576
v -0.967953 1.748394 0.365228
v -1.007017 1.582628 0.594228
v -1.187176 1.491567 0.781895
v -1.007017 1.582628 0.594228
v -1.308216 1.473351 0.817865
v -1.415468 1.524516 0.824934
v -1.503367 1.586280 0.780901
v -1.552670 1.663204 0.694823
v -1.519518 1.813727 0.466517
v -1.339091 1.906310 0.280121
v -1.519518 1.813727 0.466517
v -0.327641 3.005164 -0.744519
v -0.298616 3.202384 -0.729044
v -0.161369 3.200160 -0.814367
v -0.205324 2.928203 -0.808053
v 0.171138 2.916483 -0.815967
v 0.184495 3.344021 -0.850685
v -0.353793 2.938254 0.183588
v -0.381242 2.934822 0.326072
v -0.469066 3.025557 0.153337
v -0.445341 3.006281 0.018257
v -0.511532 3.066802 -0.326722
v -0.511921 3.154596 -0.239779
v -0.426749 3.025928 -0.624443
v -0.511532 3.066802 -0.326722
v -0.511921 3.154596 -0.239779
v -0.403563 3.207737 -0.586352
v -0.288824 3.492486 -0.650081
v -0.142651 3.526888 -0.749263
v 0.186459 3.584546 -0.779186
v -0.396637 3.037323 0.419507
v -0.484435 3.133032 0.252678
v -0.532478 3.297110 -0.123869
v -0.532478 3.297110 -0.123869
v -0.405742 3.449918 -0.490253
v -0.311124 3.745440 -0.541285
v -0.145850 3.845691 -0.589191
v 0.160122 3.921537 -0.600584
v -0.399432 3.170876 0.420342
v -0.487584 3.236682 0.246858
v -0.546167 3.430366 -0.089117
v -0.546167 3.430366 -0.089117
v -0.421732 3.627185 -0.427881
v -0.328129 3.937242 -0.405857
v -0.192197 4.027341 -0.459501
v 0.125638 4.082061 -0.474367
v -0.397040 3.232635 0.370335
v -0.491581 3.349434 0.247503
v -0.540663 3.655125 0.020651
v -0.540663 3.655125 0.020651
v -0.439722 3.837076 -0.291846
v -0.358826 4.091748 -0.277600
v -0.230807 4.146586 -0.364522
v 0.099402 4.198776 -0.355016
v 0.100983 4.189641 -0.364130
v -0.458706 3.400858 0.473587
v -0.516654 3.542539 0.328855
v -0.424882 3.779718 0.059242
v -0.424882 3.779718 0.059242
v -0.410377 3.991567 -0.173372
v -0.395930 4.268149 -0.146021
v -0.283160 4.336624 -0.217887
v 0.081370 4.350611 -0.235105
v -0.452380 3.623140 0.614534
v -0.438279 3.738736 0.375384
v -0.413920 3.879945 0.085463
v -0.413920 3.879945 0.085463
v -0.436754 4.144174 -0.086552
v -0.415268 4.342949 -0.072469
v -0.280576 4.429166 -0.097538
v 0.069341 4.446253 -0.112113
v -0.421497 3.783710 0.692984
v -0.446098 3.827408 0.491864
v -0.402776 3.886627 0.087162
v -0.427002 3.740568 0.372187
v -0.437453 3.830177 0.484339
v -0.397808 4.049826 0.023284
v -0.415852 4.126152 -0.098350
v -0.402776 3.886627 0.087162
v -0.397808 4.049826 0.023284
v -0.451962 4.227709 -0.061568
v -0.408449 4.506294 0.040706
v -0.423254 4.621524 0.250100
v -0.270543 4.656617 0.174024
v -0.273146 4.525993 0.021053
v 0.059254 4.542809 0.006683
v 0.046247 4.628707 0.164301
v -0.406913 3.927949 0.746357
v -0.414331 4.184343 0.759877
v -0.522396 4.244375 0.652782
v -0.465672 3.975122 0.615110
v -0.331379 4.634923 0.452506
v -0.217512 4.661994 0.372369
v 0.032472 4.656275 0.338539
v -0.346507 4.328164 0.808157
v -0.422250 4.381990 0.766230
v -0.629706 4.369405 0.458604
v -0.488243 4.498114 0.623234
v -0.570223 4.537934 0.319679
v -0.629706 4.369405 0.458604
v -0.488243 4.498114 0.623234
v -0.426333 4.584352 0.531205
v -0.133839 4.711179 0.532663
v -0.083602 4.710526 0.504416
v 0.033197 4.688960 0.486118
v -0.232931 4.510089 0.785560
v -0.243681 4.562542 0.729491
v -0.224228 4.644034 0.639347
v -0.224228 4.644034 0.639347
v -0.173005 4.695909 0.570276
v -0.420385 2.694244 -0.667088
v -0.327641 3.005164 -0.744519
v -0.205324 2.928203 -0.808053
v -0.250835 2.590239 -0.693159
v 0.175133 2.482086 -0.627407
v 0.171138 2.916483 -0.815967
v -0.086365 2.875978 0.302092
v -0.097720 2.758986 0.382766
v -0.237539 2.855006 0.298916
v -0.240832 2.942510 0.210284
v -0.365024 3.002799 0.109289
v -0.353793 2.938254 0.183588
v -0.445341 3.006281 0.018257
v -0.487361 3.036841 -0.026631
v -0.498020 2.796545 -0.554794
v -0.573031 2.983282 -0.320175
v -0.511532 3.066802 -0.326722
v -0.426749 3.025928 -0.624443
v -0.413475 3.786415 0.686810
v -0.405308 4.339516 -0.067445
v -0.275252 4.421159 -0.091126
v 0.068945 4.437134 -0.105963
v -0.689191 4.465685 0.277243
v -0.733322 4.293940 0.406292
v -0.733322 4.293940 0.406292
v -0.639170 4.169062 0.455558
v -0.490247 3.953140 0.406485
v -0.428677 3.976780 0.190436
v -0.480141 4.069690 -0.028391
v -0.480141 4.069690 -0.028391
v -0.525362 4.230714 -0.089526
v -0.604070 4.388929 0.046961
v -0.517759 4.433038 0.061809
v -0.573031 2.983282 -0.320175
v -0.511532 3.066802 -0.326722
v -0.758864 2.838441 -0.122025
v -0.643631 2.953869 -0.235671
v -1.359942 0.830885 -0.576999
v -1.453450 0.523643 -0.688950
v -1.543456 0.532980 -0.677839
v -1.451805 0.846129 -0.578412
v -1.256190 0.772386 -0.486784
v -1.308747 0.558541 -0.597582
v -1.453450 0.523643 -0.688950
v -1.359942 0.830885 -0.576999
v -1.257095 0.687325 -0.342587
v -1.249669 0.473928 -0.414418
v -1.536145 0.835863 -0.540933
v -1.615489 0.544045 -0.629362
v -1.728223 0.512839 -0.480821
v -1.637228 0.796987 -0.408283
v -1.395465 0.401507 0.279176
v -1.358851 0.355888 0.320071
v -1.325911 0.351556 0.042613
v -1.350381 0.414223 0.040853
v -1.509970 0.456786 0.389666
v -1.585659 0.464531 0.400710
v -1.604692 0.380191 0.486917
v -1.519595 0.376519 0.463669
v -1.691790 0.471757 0.329956
v -1.750651 0.442549 0.233250
v -1.793869 0.397162 0.262163
v -1.725099 0.391055 0.375853
v -1.488337 0.265204 -0.717628
v -1.582856 0.273798 -0.702157
v -1.339378 0.243658 -0.635838
v -1.488337 0.265204 -0.717628
v -1.256784 0.220367 -0.421260
v -1.362363 0.198905 0.344622
v -1.321551 0.195403 0.047196
v -1.625298 0.221888 0.518663
v -1.530752 0.213361 0.495045
v -1.825064 0.242019 0.287785
v -1.758934 0.235105 0.391468
v -1.657495 0.276905 -0.648278
v -1.767803 0.275339 -0.475703
v -1.536145 0.835863 -0.540933
v -1.637228 0.796987 -0.408283
v -1.637228 0.796987 -0.408283
v -1.652530 0.728938 -0.252113
v -1.596600 0.714404 -0.182534
v -1.519562 0.696452 -0.145925
v -1.435328 0.681716 -0.147819
v -1.346799 0.672720 -0.195885
v -1.257095 0.687325 -0.342587
v -1.257095 0.687325 -0.342587
v -1.256190 0.772386 -0.486784
v -1.359942 0.830885 -0.576999
v -1.451805 0.846129 -0.578412
v -1.346799 0.672720 -0.195885
v -1.365269 0.549445 -0.112318
v -1.329243 0.514887 -0.220290
v -1.306449 0.392339 -0.228269
v -1.435328 0.681716 -0.147819
v -1.519562 0.696452 -0.145925
v -1.526757 0.573183 -0.052201
v -1.457579 0.565616 -0.056896
v -1.596600 0.714404 -0.182534
v -1.652530 0.728938 -0.252113
v -1.670884 0.573409 -0.132531
v -1.591722 0.578392 -0.065371
v -1.720803 0.567011 -0.269432
v -1.758812 0.443873 -0.280432
v -1.302829 0.210119 -0.240053
v -1.785955 0.262975 -0.320236
v -1.407552 0.474526 0.133772
v -1.555793 0.493160 0.176394
v -1.493255 0.489798 0.174365
v -1.690344 0.495883 0.127841
v -1.615663 0.500492 0.163470
v -1.750413 0.456050 0.016990
v -1.802448 0.390808 -0.002257
v -1.834607 0.245014 0.005079
v -1.460228 0.450038 0.351418
v -1.658271 0.470156 0.367534
v -1.321551 0.195403 0.047196
v -1.362363 0.198905 0.344622
v -1.599306 0.221218 0.284084
v -1.579815 0.220801 0.019916
v -1.302829 0.210119 -0.240053
v -1.546784 0.234966 -0.257093
v -1.256784 0.220367 -0.421260
v -1.523583 0.247316 -0.438525
v -1.339378 0.243658 -0.635838
v -1.506706 0.256031 -0.596679
v -1.488337 0.265204 -0.717628
v -1.530752 0.213361 0.495045
v -1.625298 0.221888 0.518663
v -1.606828 0.221233 0.369240
v -1.457145 0.206990 0.435994
v -1.582856 0.273798 -0.702157
v -1.657495 0.276905 -0.648278
v -1.767803 0.275339 -0.475703
v -1.785955 0.262975 -0.320236
v -1.834607 0.245014 0.005079
v -1.825064 0.242019 0.287785
v -1.703995 0.229484 0.467983
v -1.758934 0.235105 0.391468
v -1.681093 0.382546 0.439103
v -1.703995 0.229484 0.467983
v -1.454872 0.364226 0.412506
v -1.457145 0.206990 0.435994
v -0.097720 2.758986 0.382766
v -0.131108 2.767904 0.544779
v -0.267427 2.842392 0.448717
v -0.237539 2.855006 0.298916
v -0.128274 2.916248 0.599574
v -0.274305 2.960730 0.526225
v -0.135410 3.114745 0.631870
v -0.279455 3.137328 0.547801
v -0.140088 3.187215 0.595028
v -0.278959 3.179058 0.479662
v -0.158759 3.315256 0.666594
v -0.313727 3.324755 0.566344
v -0.193384 3.533211 0.791553
v -0.361545 3.571762 0.720763
v -0.193197 3.667731 0.826230
v -0.358983 3.715905 0.781880
v -0.182001 3.800218 0.862102
v -0.164513 4.054107 0.840868
v -0.296998 4.114134 0.811509
v -0.333916 3.843918 0.831352
v -0.139110 4.228731 0.844925
v -0.252121 4.281435 0.824464
v -0.153075 4.418714 0.867659
v -0.192564 4.436990 0.826559
v -0.190304 3.669684 0.815651
v -0.352821 3.718536 0.773092
v 0.175133 2.482086 -0.627407
v 0.219593 2.922591 0.340156
v 0.133256 2.867178 0.283140
v -0.224939 4.611709 0.850769
v -0.197451 4.546792 0.822239
v -0.166384 4.550284 0.861798
v -0.008661 4.805297 0.633681
v -0.056205 4.802743 0.616674
v -0.093196 4.794250 0.611373
v -0.142594 4.771668 0.617823
v -0.201352 4.730253 0.649888
v -0.224943 4.669505 0.695872
v -0.224056 4.600005 0.765718
v -0.151252 4.420521 0.859905
v -0.085569 4.391885 0.880852
v -0.188158 4.436355 0.820297
v -0.228949 4.508212 0.779036
v -0.239440 4.557618 0.724931
v -0.222124 4.636329 0.638983
v -0.172053 4.687926 0.571126
v -0.131612 4.702951 0.534471
v -0.083781 4.702521 0.507164
v -0.689191 4.465685 0.277243
v -0.604070 4.388929 0.046961
v -0.525362 4.230714 -0.089526
v -0.525362 4.230714 -0.089526
v -0.480141 4.069690 -0.028391
v -0.428677 3.976780 0.190436
v -0.490247 3.953140 0.406485
v -0.639170 4.169062 0.455558
v -0.733322 4.293940 0.406292
v -1.117016 1.803439 0.175216
v -1.219579 1.831913 0.170496
v -0.992374 1.672328 0.295321
v -1.034183 1.502297 0.511516
v -1.213979 1.398680 0.690583
v -1.034183 1.502297 0.511516
v -1.426414 1.419376 0.729617
v -1.326871 1.387347 0.733779
v -1.550057 1.552709 0.611704
v -1.506791 1.476104 0.689494
v -1.511918 1.716584 0.397380
v -1.330856 1.820798 0.215869
v -1.511918 1.716584 0.397380
v -0.427002 3.740568 0.372187
v -0.402776 3.886627 0.087162
v -0.402776 3.886627 0.087162
v -0.415852 4.126152 -0.098350
v -0.405308 4.339516 -0.067445
v -0.275252 4.421159 -0.091126
v -0.437453 3.830177 0.484339
v -0.413475 3.786415 0.686810
v -0.190304 3.669684 0.815651
v -0.352821 3.718536 0.773092
v 0.001611 3.666524 0.826612
v 0.000718 3.665304 0.837507
v -0.451962 4.227709 -0.061568
v -0.463465 4.235585 -0.063802
v -1.219579 1.831913 0.170496
v -1.117016 1.803439 0.175216
v -0.992374 1.672328 0.295321
v -1.034183 1.502297 0.511516
v -1.034183 1.502297 0.511516
v -1.213979 1.398680 0.690583
v -1.326871 1.387347 0.733779
v -1.426414 1.419376 0.729617
v -1.506791 1.476104 0.689494
v -1.550057 1.552709 0.611704
v -1.511918 1.716584 0.397380
v -1.511918 1.716584 0.397380
v -1.330856 1.820798 0.215869
v -0.932353 2.661301 -0.115297
v -0.940766 2.642580 -0.154692
v -0.937139 2.646263 -0.160053
v -1.049517 2.586266 -0.020455
v -0.943627 2.667607 -0.065928
v -0.939734 2.673312 -0.055495
v -1.133080 2.510743 -0.068769
v -1.130889 2.523612 -0.040534
v -1.136121 2.520267 -0.035175
v -1.030875 2.555265 -0.132229
v -1.124680 2.507491 -0.103571
v -1.128634 2.502343 -0.110462
v -0.131612 4.702951 0.534471
v -0.083781 4.702521 0.507164
v -0.228949 4.508212 0.779036
v -0.239440 4.557618 0.724931
v -0.222124 4.636329 0.638983
v -0.222124 4.636329 0.638983
v -0.172053 4.687926 0.571126
v -0.151252 4.420521 0.859905
v -0.188158 4.436355 0.820297
v -0.085569 4.391885 0.880852
v -0.086265 4.389371 0.888477
v -1.011157 2.739668 -0.056154
v -1.004474 2.734676 -0.114239
v -1.239512 2.605418 -0.148644
v -1.201427 2.622191 -0.192949
v -1.097640 2.671553 -0.175925
v -1.030875 2.555265 -0.132229
v -1.097640 2.671553 -0.175925
v -0.682408 4.874938 0.898693
v -0.685621 4.847661 0.898695
v -0.672767 4.915819 0.897662
v -0.668622 4.875359 0.895766
v -0.660108 4.885146 0.824963
v -0.666019 4.923657 0.868990
v -0.668622 4.875359 0.895766
v -0.671764 4.847719 0.895743
v -0.655312 4.852553 0.825725
v -0.660108 4.885146 0.824963
v -0.668622 4.875359 0.895766
v -0.655312 4.852553 0.825725
v -0.671764 4.847719 0.895743
v -0.672767 4.915819 0.897662
v -0.672767 4.915819 0.897662
v -0.666019 4.923657 0.868990
v -0.660108 4.885146 0.824963
v -0.668622 4.875359 0.895766
v -0.635756 4.816404 0.892155
v -0.671764 4.847719 0.895743
v -0.655312 4.852553 0.825725
v -0.640847 4.792875 0.896103
v -0.619474 4.727591 0.898330
v -0.647559 4.768855 0.900251
v -0.671764 4.847719 0.895743
v -0.668622 4.875359 0.895766
v -0.660108 4.885146 0.824963
v -0.655312 4.852553 0.825725
v -0.710763 4.923720 0.905957
v -0.600791 4.685357 0.897374
v -0.672767 4.915819 0.897662
v -0.666019 4.923657 0.868990
v -0.045607 5.572442 0.780442
v 0.110898 5.447526 0.743962
v -0.248251 5.605123 0.824446
v -0.442733 5.536815 0.864183
v -0.576835 5.385780 0.888981
v 0.168442 5.262986 0.727106
v 0.168997 5.206127 0.725396
v 0.129301 5.029695 0.723633
v -0.609330 5.289126 0.893487
v 0.063592 4.889642 0.720318
v 0.164710 2.515007 0.120196
v 0.164710 2.515007 0.120196
v -0.011743 4.214255 0.858561
v -0.001998 4.038842 0.853549
v -0.001437 3.793934 0.868476
v 0.001611 3.666524 0.826612
v 0.003403 3.531342 0.810932
v 0.011210 3.362404 0.730701
v 0.020333 3.225558 0.654638
v 0.041584 3.120350 0.662633
v 0.042008 2.909281 0.621855
v 0.044023 2.765457 0.568693
v 0.071008 2.732509 0.410042
v 0.071008 2.732509 0.410042
v 0.045385 4.794025 0.666089
v 0.032468 4.680896 0.489171
v 0.068945 4.437134 -0.105963
v 0.032468 4.680896 0.489171
v -0.666644 4.921564 0.930802
v -0.642833 4.867291 0.966621
v -0.578029 4.862369 1.023512
v -0.653300 4.938400 0.960317
v -0.640103 4.849891 0.965625
v -0.615326 4.846977 0.990348
v -0.567095 4.862924 1.013077
v -0.631897 4.881833 0.957334
v -0.654842 4.922345 0.921435
v -0.642297 4.939136 0.950051
v -0.567095 4.862924 1.013077
v -0.604038 4.847091 0.980102
v -0.627713 4.849810 0.956457
v -0.631897 4.881833 0.957334
v -0.654842 4.922345 0.921435
v -0.672767 4.915819 0.897662
v -0.567095 4.862924 1.013077
v -0.642297 4.939136 0.950051
v -0.642297 4.939136 0.950051
v -0.654842 4.922345 0.921435
v -0.604038 4.847091 0.980102
v -0.567095 4.862924 1.013077
v -0.627713 4.849810 0.956457
v -0.604038 4.847091 0.980102
v -0.602720 4.821112 0.955625
v -0.601029 4.797776 0.955814
v -0.565756 4.800709 1.005827
v -0.559128 4.819675 1.007761
v -0.503328 5.161100 1.005252
v -0.518466 5.160354 0.972942
v -0.506994 5.140803 0.967989
v -0.493208 5.139745 1.001956
v -0.516222 5.111834 0.964899
v -0.546832 5.096483 0.958488
v -0.515204 5.085757 1.005271
v -0.506850 5.100112 1.003575
v -0.488650 5.168871 1.048625
v -0.479579 5.162459 1.042261
v -0.466844 5.140969 1.058019
v -0.452971 5.140271 1.062008
v -0.550193 5.173185 0.967817
v -0.530826 5.168026 0.967908
v -0.508352 5.169722 1.006275
v -0.533704 5.174902 1.014098
v -0.550708 5.136422 0.945445
v -0.526584 5.140019 0.948003
v -0.395077 4.878266 1.051522
v -0.464801 4.854448 1.040699
v -0.466535 4.793147 1.039326
v -0.397669 4.787377 1.040655
v -0.161784 4.968780 1.069741
v -0.348434 5.000301 1.087320
v -0.300890 4.876421 1.065580
v -0.191240 4.868333 1.053721
v -0.479505 5.095917 1.051795
v -0.484198 5.106219 1.044087
v -0.479497 5.154326 1.039104
v -0.480168 5.138000 1.038504
v -0.469791 5.139581 1.050669
v -0.510711 5.115879 0.969056
v -0.499327 5.109351 1.002287
v -0.482799 5.111875 1.038249
v -0.584374 5.075416 0.920729
v -0.530886 5.070346 1.011596
v -0.466885 5.088155 1.067847
v -0.428586 5.141401 1.084617
v -0.470538 5.193948 1.075847
v -0.549345 5.218588 1.020384
v -0.591303 5.188084 0.951481
v -0.580815 5.132312 0.928114
v -0.586572 5.013655 0.925641
v -0.510226 5.014722 1.009187
v -0.381071 5.136374 1.102914
v -0.415709 5.233539 1.096533
v -0.511337 5.272141 1.028379
v -0.609907 5.114271 0.914187
v -0.620970 5.165883 0.918443
v -0.628456 5.160857 0.908721
v -0.625935 5.111852 0.904936
v -0.665278 5.058906 0.914090
v -0.640399 5.060390 0.920764
v -0.518970 5.141461 0.953242
v -0.623216 4.974034 0.945922
v -0.531974 4.937714 1.011550
v -0.604038 4.847091 0.980102
v -0.627713 4.849810 0.956457
v -0.682119 4.979457 0.938782
v -0.670388 5.002207 0.932151
v -0.699123 5.001659 0.922785
v -0.713584 4.977478 0.929679
v -0.578353 4.739038 0.957101
v -0.545993 4.776862 1.012658
v -0.579139 4.781292 0.993258
v -0.602917 4.774117 0.957593
v -0.452517 4.719754 1.006230
v -0.505429 4.744117 1.013195
v -0.564443 4.702696 0.960131
v -0.517681 4.674878 0.957240
v -0.528466 4.820127 1.025843
v -0.567095 4.862924 1.013077
v -0.604038 4.847091 0.980102
v -0.598278 5.126348 0.920875
v -0.612415 5.171478 0.924578
v -0.615547 5.070927 0.920026
v -0.722654 4.944337 0.936778
v -0.693878 4.932258 0.930159
v -0.660556 4.944383 0.948546
v -0.693763 4.947377 0.949166
v -0.647939 4.979904 0.941765
v -0.636210 5.006735 0.929801
v -0.617123 5.191120 0.931102
v -0.611606 5.204704 0.943144
v -0.622180 5.209898 0.933612
v -0.626226 5.186721 0.923833
v -0.632020 5.185794 0.912546
v -0.627042 5.212296 0.914744
v -0.642297 4.939136 0.950051
v -0.567095 4.862924 1.013077
v -0.567095 4.862924 1.013077
v -0.533395 4.802510 1.027697
v -0.654842 4.922345 0.921435
v -0.631897 4.881833 0.957334
v -0.567095 4.862924 1.013077
v -0.642297 4.939136 0.950051
v -0.627713 4.849810 0.956457
v -0.604038 4.847091 0.980102
v -0.567095 4.862924 1.013077
v -0.631897 4.881833 0.957334
v -0.654842 4.922345 0.921435
v -0.642297 4.939136 0.950051
v -0.642297 4.939136 0.950051
v -0.479497 5.154326 1.039104
v -0.503328 5.161100 1.005252
v -0.469791 5.139581 1.050669
v -0.482799 5.111875 1.038249
v -0.499327 5.109351 1.002287
v -0.510711 5.115879 0.969056
v -0.518970 5.141461 0.953242
v -0.518466 5.160354 0.972942
v 0.097348 5.414832 0.894010
v 0.115604 5.438483 0.818949
v -0.035749 5.559291 0.854229
v -0.038351 5.523149 0.925641
v -0.231721 5.590891 0.896784
v -0.214056 5.551480 0.963795
v -0.420118 5.524881 0.933747
v -0.382687 5.492265 0.998251
v -0.553087 5.379229 0.942869
v -0.505052 5.362043 0.991655
v 0.150156 5.254992 0.878756
v 0.168491 5.259752 0.803187
v 0.057603 5.378467 0.963193
v -0.053195 5.466899 0.989019
v -0.196657 5.490036 1.020172
v -0.334344 5.441683 1.048305
v -0.433428 5.335268 1.046801
v 0.106047 5.248435 0.949614
v -0.000921 5.331864 1.021785
v -0.079267 5.394394 1.040046
v -0.180710 5.410756 1.062075
v -0.278069 5.376565 1.081968
v -0.340713 5.287397 1.086576
v 0.033333 5.239917 1.012183
v -0.057239 5.158930 1.059300
v -0.098937 5.197501 1.068460
v -0.151723 5.208350 1.079134
v -0.173037 5.196077 1.082117
v -0.214441 5.140831 1.084518
v -0.224744 5.088892 1.083205
v -0.042788 5.111948 1.055417
v -0.159851 5.166223 1.113446
v -0.194787 5.122613 1.103189
v -0.118620 5.124102 1.113292
v -0.123477 5.174734 1.117831
v -0.041040 5.126618 1.114536
v -0.077479 5.161373 1.118870
v -0.205737 5.080163 1.096157
v -0.111824 5.074444 1.106009
v -0.030379 5.088012 1.107197
v -0.401804 4.660140 0.939517
v -0.468738 4.664157 0.952482
v -0.321714 4.781934 1.038070
v -0.232506 4.782811 1.020297
v -0.174115 5.024946 1.071422
v -0.299135 4.712962 0.981066
v -0.390326 4.707506 0.997260
v -0.275076 4.661297 0.920382
v -0.115356 4.774005 0.984387
v -0.087852 4.856442 1.018871
v -0.099248 5.022611 1.094317
v -0.161320 5.023465 1.087540
v -0.145269 4.974889 1.080750
v -0.086063 4.959491 1.065759
v -0.174481 4.709621 0.952478
v -0.108486 4.948514 1.041500
v -0.578706 5.284070 0.967311
v -0.064633 4.738251 0.960546
v -0.031805 4.830877 0.981949
v -0.027976 5.033802 1.085152
v -0.033777 4.988981 1.051998
v -0.098093 4.661363 0.933243
v -0.149994 4.608373 0.906026
v -0.053231 4.981839 1.015493
v 0.166072 5.202490 0.803348
v 0.142019 5.196909 0.877997
v 0.103216 5.190530 0.942628
v 0.037204 5.182319 1.000154
v -0.039788 5.042541 1.039760
v 0.140991 5.026967 0.800709
v 0.127002 5.022233 0.866603
v 0.089672 5.014448 0.922868
v 0.038985 5.006878 0.970038
v 0.097037 4.878874 0.849378
v 0.083735 4.871470 0.898313
v 0.048606 4.859328 0.936462
v -0.596783 5.287210 0.922478
v -0.127791 5.199680 1.101103
v -0.169775 5.187157 1.100990
v -0.211938 5.135288 1.094713
v -0.032777 5.150024 1.092131
v -0.075746 5.188157 1.097774
v -0.223050 5.085190 1.090020
v -0.019436 5.104866 1.085916
v -0.172545 5.021216 1.077810
v -0.085376 4.949129 1.053223
v -0.026675 4.984210 1.034240
v -0.017360 5.039938 1.065532
v 0.090846 4.885624 0.783268
v 1.531114 2.673772 -0.022971
v 1.541276 2.686695 -0.082421
v 1.503967 2.599508 -0.162305
v 1.501277 2.624380 -0.117740
v 1.508466 2.617594 -0.114698
v 1.512433 2.596167 -0.149782
v 1.437465 2.561805 -0.157488
v 1.444103 2.603427 -0.124158
v 1.524382 2.628597 -0.068375
v 1.508466 2.617594 -0.114698
v 1.444103 2.603427 -0.124158
v 1.432949 2.628315 -0.073652
v 1.531766 2.658905 0.040958
v 1.513912 2.635655 -0.056454
v 0.974993 2.461703 0.027999
v 0.970833 2.461529 -0.017973
v 0.979019 2.430337 -0.031937
v 0.979427 2.416512 0.004266
v 1.004378 2.485430 -0.009109
v 0.970833 2.461529 -0.017973
v 0.974993 2.461703 0.027999
v 1.016821 2.500100 0.037899
v 1.021663 2.455584 0.059968
v 1.023115 2.426420 0.041536
v 1.021663 2.455584 0.059968
v 1.048621 2.481330 0.064462
v 1.193225 2.422622 0.016055
v 1.259348 2.469791 0.020740
v 1.275767 2.434572 0.000956
v 1.209166 2.391528 -0.013788
v 1.258335 2.502140 0.047266
v 1.259348 2.469791 0.020740
v 1.193225 2.422622 0.016055
v 1.191832 2.440885 0.057540
v 1.682451 2.631044 0.059741
v 1.638971 2.554037 0.014261
v 1.638758 2.553360 0.003219
v 1.482863 2.618258 -0.031682
v 1.376878 2.563878 0.035660
v 1.348315 2.584733 0.009744
v 1.280563 2.487860 0.080339
v 1.584690 2.543183 0.044628
v 1.436258 2.506563 0.094805
v 1.340078 2.433288 0.139041
v 1.240006 2.395857 0.113148
v 1.210976 2.435140 0.097424
v 1.502573 2.446332 0.134785
v 1.406327 2.370053 0.180411
v 1.303699 2.326243 0.153691
v 1.269689 2.365593 0.148038
v 1.673715 2.460632 0.069601
v 1.743603 2.502791 -0.004262
v 1.683938 2.419463 0.055268
v 1.798110 2.621121 0.027081
v 1.755943 2.501548 0.005644
v 1.568212 2.376860 0.140146
v 1.598207 2.337708 0.126352
v 1.480414 2.291857 0.194777
v 1.508797 2.255529 0.180179
v 1.376615 2.257675 0.195027
v 1.335804 2.303768 0.188172
v 1.422687 2.229559 0.215618
v 1.449356 2.196571 0.191632
v 1.813942 2.636540 -0.034585
v 1.761615 2.489001 -0.038521
v 1.751167 2.493219 -0.039889
v 1.692035 2.391266 0.023498
v 1.744539 2.497555 -0.079824
v 1.751167 2.493219 -0.039889
v 1.692035 2.391266 0.023498
v 1.704509 2.379449 -0.017358
v 1.791627 2.660426 -0.092317
v 1.754735 2.495491 -0.091709
v 1.607605 2.304578 0.090123
v 1.607605 2.304578 0.090123
v 1.598309 2.291442 0.050575
v 1.517324 2.227921 0.142021
v 1.517324 2.227921 0.142021
v 1.508011 2.218722 0.100659
v 1.457751 2.177064 0.152266
v 1.457751 2.177064 0.152266
v 1.448655 2.173834 0.109839
v 1.666951 2.673804 -0.111793
v 1.629633 2.524417 -0.130592
v 1.629772 2.524908 -0.119925
v 1.638649 2.430436 -0.074871
v 1.571791 2.311810 0.026914
v 1.482199 2.237504 0.075894
v 1.511891 2.369785 -0.004416
v 1.418789 2.298700 0.039054
v 1.393946 2.217262 0.080645
v 1.422315 2.193128 0.088306
v 1.527371 2.504701 -0.126810
v 1.451077 2.421763 -0.043191
v 1.356541 2.355503 -0.002245
v 1.329919 2.276817 0.037055
v 1.368325 2.247082 0.051368
v 1.666951 2.673804 -0.111793
v 1.629633 2.524417 -0.130592
v 1.388284 2.461872 -0.077602
v 1.354774 2.469571 -0.090524
v 1.300188 2.407349 -0.022310
v 1.263488 2.337139 0.000533
v 1.303246 2.308733 0.009030
v 1.233218 2.361525 -0.014036
v 1.270522 2.010263 -0.032542
v 1.291093 2.028175 -0.027593
v 1.314382 2.021741 -0.036245
v 1.293992 1.992646 -0.040450
v 1.322116 2.005770 -0.018214
v 1.312116 1.979938 -0.020092
v 1.267972 1.968307 -0.016049
v 1.293992 1.992646 -0.040450
v 1.312116 1.979938 -0.020092
v 1.287410 1.965853 -0.003095
v 1.256564 1.988550 -0.012200
v 1.270522 2.010263 -0.032542
v 1.212429 1.978910 -0.089237
v 1.232730 1.998225 -0.084859
v 1.256714 1.988835 -0.089272
v 1.235674 1.958523 -0.090133
v 1.260738 1.978318 -0.065767
v 1.250035 1.952091 -0.063542
v 1.205694 1.942198 -0.063401
v 1.235674 1.958523 -0.090133
v 1.250035 1.952091 -0.063542
v 1.222003 1.943292 -0.045914
v 1.192913 1.962832 -0.064096
v 1.212429 1.978910 -0.089237
v 1.141027 2.027719 -0.156146
v 1.160282 2.047235 -0.148515
v 1.185285 2.037776 -0.153624
v 1.165112 2.006769 -0.158641
v 1.187278 2.026352 -0.129065
v 1.177280 1.999627 -0.129931
v 1.133094 1.989759 -0.132314
v 1.165112 2.006769 -0.158641
v 1.177280 1.999627 -0.129931
v 1.148480 1.990780 -0.113045
v 1.121509 2.011656 -0.132534
v 1.141027 2.027719 -0.156146
v 1.024777 2.076925 -0.090211
v 1.048508 2.092834 -0.093507
v 1.069319 2.076251 -0.098645
v 1.043859 2.051002 -0.088960
v 1.075523 2.073553 -0.072465
v 1.061146 2.051002 -0.061939
v 1.016147 2.051763 -0.052983
v 1.043859 2.051002 -0.088960
v 1.061146 2.051002 -0.061939
v 1.035700 2.055324 -0.038226
v 1.008614 2.074652 -0.059155
v 1.024777 2.076925 -0.090211
v 1.379915 2.199769 0.099902
v 1.403699 2.175399 0.093012
v 1.427600 2.157687 0.112416
v 1.333735 2.093856 0.087117
v 1.340656 2.105490 0.096173
v 1.354313 2.082788 0.114850
v 1.347067 2.071597 0.105296
v 1.307902 2.107622 0.092028
v 1.314832 2.120407 0.101555
v 1.435826 2.160632 0.152490
v 1.435826 2.160632 0.152490
v 1.428156 2.178447 0.190306
v 1.333655 2.054200 0.148117
v 1.343830 2.068043 0.157127
v 1.327997 2.071829 0.189801
v 1.315299 2.053937 0.178253
v 1.333655 2.054200 0.148117
v 1.343830 2.068043 0.157127
v 1.404480 2.204875 0.203611
v 1.380162 2.223948 0.189640
v 1.289422 2.066817 0.181361
v 1.302228 2.086596 0.195198
v 1.284316 2.104981 0.177794
v 1.273170 2.085871 0.163355
v 1.375038 2.230680 0.143341
v 1.372026 2.218748 0.143845
v 1.372026 2.218748 0.143845
v 1.375038 2.230680 0.143341
v 1.282594 2.101363 0.125866
v 1.290684 2.116925 0.138697
v 1.282594 2.101363 0.125866
v 1.290684 2.116925 0.138697
v 1.324710 2.253044 0.053660
v 1.350980 2.227995 0.052475
v 1.368567 2.214560 0.081905
v 1.260068 2.108624 0.038360
v 1.266670 2.121874 0.044005
v 1.279923 2.106474 0.067598
v 1.272216 2.092808 0.061830
v 1.233012 2.123527 0.038160
v 1.239420 2.137546 0.044007
v 1.363342 2.225605 0.137129
v 1.363342 2.225605 0.137129
v 1.344368 2.247607 0.169665
v 1.318221 2.273339 0.171836
v 1.299157 2.286458 0.143847
v 1.201499 2.106080 0.131372
v 1.209655 2.122444 0.139018
v 1.196895 2.138260 0.115325
v 1.189148 2.121933 0.108183
v 1.228384 2.090511 0.131065
v 1.236726 2.106049 0.138429
v 1.306421 2.287902 0.093580
v 1.303981 2.275829 0.094340
v 1.303981 2.275829 0.094340
v 1.306421 2.287902 0.093580
v 1.204517 2.127607 0.069003
v 1.211679 2.143114 0.075459
v 1.204517 2.127607 0.069003
v 1.211679 2.143114 0.075459
v 1.255309 2.315076 0.019096
v 1.283504 2.290349 0.012153
v 1.300519 2.276212 0.041376
v 1.182982 2.166050 -0.003704
v 1.191352 2.179354 0.000823
v 1.202695 2.162759 0.024967
v 1.194343 2.149669 0.019822
v 1.156415 2.181587 -0.004208
v 1.164040 2.195156 0.000716
v 1.295906 2.282869 0.089503
v 1.295906 2.282869 0.089503
v 1.275266 2.307879 0.131275
v 1.251745 2.337320 0.133244
v 1.235758 2.360783 0.110646
v 1.123568 2.163751 0.088110
v 1.131405 2.178582 0.095323
v 1.119501 2.194772 0.071309
v 1.111929 2.180005 0.064738
v 1.149985 2.148159 0.088705
v 1.158075 2.162263 0.095599
v 1.237904 2.358496 0.067507
v 1.234533 2.346293 0.068847
v 1.234533 2.346293 0.068847
v 1.237904 2.358496 0.067507
v 1.127793 2.186037 0.026236
v 1.135177 2.200332 0.032096
v 1.127793 2.186037 0.026236
v 1.135177 2.200332 0.032096
v 1.187491 2.377273 -0.002815
v 1.210295 2.350335 -0.002156
v 1.227702 2.336570 0.021015
v 1.116583 2.251450 0.007629
v 1.124198 2.262234 0.009419
v 1.136077 2.248900 0.034568
v 1.128816 2.238293 0.032230
v 1.090506 2.268235 0.006068
v 1.097995 2.279460 0.007941
v 1.226179 2.354635 0.066150
v 1.226179 2.354635 0.066150
v 1.213780 2.383859 0.097376
v 1.190019 2.409189 0.092440
v 1.171903 2.419196 0.062742
v 1.063592 2.266224 0.097666
v 1.071706 2.279530 0.100951
v 1.059557 2.292555 0.075297
v 1.051647 2.279070 0.072295
v 1.088813 2.249832 0.100637
v 1.096876 2.262494 0.104121
v 1.172654 2.404245 0.025006
v 1.172654 2.404245 0.025006
v 1.064661 2.278739 0.034906
v 1.072413 2.290905 0.036928
v 1.064661 2.278739 0.034906
v 1.072413 2.290905 0.036928
v 1.256705 2.086508 0.100505
v 1.264851 2.101073 0.107188
v 1.256705 2.086508 0.100505
v 1.264851 2.101073 0.107188
v 1.178307 2.143652 0.058523
v 1.186401 2.157172 0.064870
v 1.178307 2.143652 0.058523
v 1.186401 2.157172 0.064870
v 1.115132 2.239167 0.070979
v 1.122893 2.250688 0.073874
v 1.115132 2.239167 0.070979
v 1.122893 2.250688 0.073874
v 1.280348 2.060556 0.052476
v 1.300347 2.096141 0.084399
v 1.328498 2.084125 0.077360
v 1.309381 2.052207 0.051017
v 1.341286 2.061476 0.095577
v 1.323285 2.029738 0.065174
v 1.327183 2.042243 0.135569
v 1.308625 2.002688 0.086427
v 1.308625 2.002688 0.086427
v 1.327183 2.042243 0.135569
v 1.306434 2.038263 0.162809
v 1.279527 1.987079 0.106759
v 1.280075 2.050772 0.166574
v 1.252583 1.999328 0.112503
v 1.264142 2.071099 0.151201
v 1.237947 2.020589 0.097294
v 1.274572 2.088312 0.115542
v 1.251477 2.046100 0.075155
v 1.251477 2.046100 0.075155
v 1.274572 2.088312 0.115542
v 1.199457 2.040696 -0.011322
v 1.228430 2.112162 0.031342
v 1.255631 2.097607 0.031649
v 1.226415 2.028038 -0.009302
v 1.267677 2.081588 0.054869
v 1.237769 2.010484 0.012108
v 1.251912 2.074447 0.092821
v 1.221040 1.999022 0.045782
v 1.221040 1.999022 0.045782
v 1.251912 2.074447 0.092821
v 1.223310 2.077455 0.122611
v 1.191489 1.996979 0.070973
v 1.196300 2.092396 0.122492
v 1.164487 2.010020 0.069448
v 1.184039 2.108635 0.099756
v 1.152916 2.027477 0.048187
v 1.199722 2.115380 0.061473
v 1.170692 2.039111 0.013424
v 1.170692 2.039111 0.013424
v 1.199722 2.115380 0.061473
v 1.122928 2.099473 -0.057673
v 1.150895 2.168970 -0.012067
v 1.177309 2.153668 -0.011223
v 1.150445 2.090692 -0.051094
v 1.188779 2.137172 0.011907
v 1.160297 2.069727 -0.032273
v 1.172843 2.130417 0.049558
v 1.139589 2.047538 -0.007900
v 1.139589 2.047538 -0.007900
v 1.172843 2.130417 0.049558
v 1.144151 2.134288 0.079409
v 1.108291 2.039680 0.011071
v 1.117694 2.149683 0.078738
v 1.081189 2.051329 0.007444
v 1.106193 2.165994 0.055422
v 1.070660 2.070654 -0.012531
v 1.122110 2.172733 0.017759
v 1.089770 2.087760 -0.041097
v 1.089770 2.087760 -0.041097
v 1.122110 2.172733 0.017759
v 1.048278 2.181687 -0.027183
v 1.085345 2.258157 0.002379
v 1.111474 2.241637 0.004056
v 1.074487 2.168391 -0.023168
v 1.123727 2.228334 0.028410
v 1.084921 2.152654 -0.000053
v 1.109583 2.228415 0.066824
v 1.067194 2.144161 0.033305
v 1.067194 2.144161 0.033305
v 1.109583 2.228415 0.066824
v 1.082962 2.238127 0.095899
v 1.037275 2.145601 0.057842
v 1.057589 2.254486 0.093150
v 1.011059 2.159210 0.054123
v 1.045742 2.267470 0.067920
v 1.000089 2.173320 0.029918
v 1.059013 2.267812 0.030931
v 1.017800 2.181577 -0.003636
v 1.017800 2.181577 -0.003636
v 1.059013 2.267812 0.030931
v 1.285475 2.044141 -0.001356
v 1.277580 2.053911 0.044337
v 1.308227 2.048228 0.045060
v 1.314558 2.038061 0.001367
v 1.321525 2.024194 0.056546
v 1.327693 2.013836 0.011400
v 1.305778 1.995118 0.075452
v 1.311151 1.981925 0.024499
v 1.311151 1.981925 0.024499
v 1.305778 1.995118 0.075452
v 1.276201 1.977393 0.091742
v 1.280648 1.960521 0.034051
v 1.247877 1.987957 0.097088
v 1.251911 1.967319 0.032219
v 1.234417 2.010022 0.081130
v 1.238868 1.991606 0.022112
v 1.248641 2.037851 0.063171
v 1.254064 2.022087 0.008906
v 1.254064 2.022087 0.008906
v 1.248641 2.037851 0.063171
v 1.222548 2.021573 -0.060847
v 1.197679 2.034665 -0.015635
v 1.223569 2.020681 -0.013906
v 1.250041 2.015497 -0.052602
v 1.235286 2.003783 0.007706
v 1.261752 1.995529 -0.035248
v 1.218521 1.991112 0.039972
v 1.240255 1.966554 -0.016323
v 1.240255 1.966554 -0.016323
v 1.218521 1.991112 0.039972
v 1.188586 1.987627 0.063980
v 1.207787 1.948693 -0.005711
v 1.161478 1.999895 0.061777
v 1.179865 1.955000 -0.013163
v 1.149762 2.018045 0.041600
v 1.165808 1.975406 -0.027120
v 1.169294 2.031320 0.006615
v 1.189841 2.003035 -0.050721
v 1.189841 2.003035 -0.050721
v 1.169294 2.031320 0.006615
v 1.148446 2.071918 -0.120278
v 1.123926 2.094481 -0.064453
v 1.151861 2.086836 -0.057090
v 1.175659 2.065760 -0.110876
v 1.161688 2.065644 -0.038608
v 1.185542 2.043869 -0.094040
v 1.140364 2.041375 -0.016041
v 1.164565 2.014795 -0.078073
v 1.164565 2.014795 -0.078073
v 1.140364 2.041375 -0.016041
v 1.108207 2.030782 0.000685
v 1.130812 1.995704 -0.069587
v 1.080681 2.041516 -0.003454
v 1.104139 2.002390 -0.079008
v 1.070906 2.060659 -0.024464
v 1.095161 2.024418 -0.096771
v 1.090719 2.081098 -0.049821
v 1.115844 2.052794 -0.113228
v 1.115844 2.052794 -0.113228
v 1.090719 2.081098 -0.049821
v 1.047820 2.127605 -0.074572
v 1.045981 2.174087 -0.031366
v 1.072418 2.161812 -0.026654
v 1.074991 2.118385 -0.068128
v 1.082571 2.145716 -0.003686
v 1.084137 2.101059 -0.046016
v 1.064172 2.135435 0.028559
v 1.063140 2.084851 -0.017391
v 1.063140 2.084851 -0.017391
v 1.064172 2.135435 0.028559
v 1.033492 2.135005 0.052040
v 1.030193 2.078228 0.002288
v 1.006932 2.147825 0.047977
v 1.003232 2.087902 -0.003920
v 0.996441 2.162524 0.023970
v 0.993640 2.104727 -0.026088
v 1.014987 2.172499 -0.008710
v 1.014732 2.120193 -0.055531
v 1.014732 2.120193 -0.055531
v 1.014987 2.172499 -0.008710
v 1.321330 2.463864 -0.097685
v 1.374453 2.551343 -0.144476
v 1.372949 2.614565 -0.079340
v 1.318732 2.585537 -0.004469
v 1.236054 2.540274 -0.014468
v 1.233130 2.520189 -0.077739
v 1.382186 2.591424 -0.120657
v 1.382186 2.591424 -0.120657
v 1.230165 2.485689 -0.105908
v 1.382186 2.591424 -0.120657
v 1.223720 2.449403 -0.119066
v 1.230165 2.485689 -0.105908
v 1.263941 2.442019 -0.016280
v 1.267067 2.477697 0.025723
v 1.267067 2.477697 0.025723
v 1.267229 2.514557 0.034765
v 1.224147 2.509812 0.033500
v 1.211189 2.414307 -0.080935
v 1.117460 2.401896 -0.087032
v 1.128712 2.406627 -0.090073
v 1.144179 2.386243 -0.055463
v 1.135160 2.383470 -0.052649
v 1.163023 2.517207 -0.000863
v 1.171738 2.520026 -0.002522
v 1.144210 2.487397 -0.055877
v 1.133367 2.483446 -0.053235
v 1.122907 2.441298 -0.076019
v 1.133653 2.445936 -0.078891
v 1.133653 2.445936 -0.078891
v 1.122907 2.441298 -0.076019
v 1.206608 2.424804 -0.016895
v 1.156364 2.408758 0.009954
v 1.214267 2.466072 0.015946
v 1.214267 2.466072 0.015946
v 1.178381 2.497120 0.043144
v 1.040174 2.390095 -0.024416
v 1.021907 2.412260 -0.060088
v 1.094928 2.401458 -0.078092
v 1.111194 2.380731 -0.042278
v 1.056216 2.484761 -0.028123
v 1.093351 2.504431 0.026435
v 1.143520 2.509868 0.009140
v 1.117157 2.477296 -0.042752
v 1.105183 2.438308 -0.066761
v 1.034989 2.448681 -0.050437
v 1.034989 2.448681 -0.050437
v 1.105183 2.438308 -0.066761
v 1.069660 2.411468 0.033407
v 1.130095 2.406239 0.019854
v 1.152257 2.447773 0.042024
v 1.089782 2.448049 0.056200
v 1.089782 2.448049 0.056200
v 1.152257 2.447773 0.042024
v 1.158706 2.490068 0.050764
v 1.104243 2.484056 0.065271
v 1.172735 2.454048 0.032920
v 1.172735 2.454048 0.032920
v 1.682287 2.632826 0.057042
v 1.755125 2.855430 0.139524
v 1.608938 2.900920 0.120022
v 1.535937 2.657750 0.036294
v 1.793171 2.623133 0.022649
v 1.901328 2.917908 0.110799
v 1.985772 3.138280 0.175589
v 1.933110 2.907703 0.000723
v 2.044566 3.195915 0.029860
v 1.874109 2.942111 -0.088905
v 1.973031 3.243814 -0.112326
v 1.718189 2.960430 -0.115820
v 1.791611 3.250141 -0.137711
v 1.791611 3.250141 -0.137711
v 1.718189 2.960430 -0.115820
v 1.618409 2.963322 -0.070624
v 1.665221 3.230291 -0.072733
v 1.579479 2.927536 0.024642
v 1.595617 3.192902 0.051602
v 1.648261 3.141316 0.193925
v 1.830292 3.115218 0.242704
v 2.021506 3.436459 0.261104
v 2.072940 3.513346 0.112633
v 2.012485 3.539164 -0.041495
v 1.853496 3.488200 -0.090742
v 1.853496 3.488200 -0.090742
v 1.732925 3.454427 -0.030647
v 1.674590 3.393944 0.109336
v 1.707201 3.370049 0.263150
v 1.879568 3.372255 0.321878
v 1.862292 3.716123 0.302849
v 1.970845 3.591805 0.295192
v 2.005595 3.668993 0.150368
v 1.892445 3.786096 0.168679
v 1.958141 3.669545 -0.005906
v 1.850525 3.771922 0.021228
v 1.834705 3.585686 -0.081675
v 1.744418 3.667427 -0.054187
v 1.744418 3.667427 -0.054187
v 1.834705 3.585686 -0.081675
v 1.744289 3.517018 -0.023567
v 1.680948 3.578607 -0.007050
v 1.717369 3.476596 0.127349
v 1.653192 3.524042 0.130383
v 1.735908 3.442076 0.277972
v 1.673871 3.510378 0.271734
v 1.866634 3.497977 0.347667
v 1.775243 3.607062 0.345637
v 1.657773 3.936025 0.330026
v 1.764898 3.826411 0.311064
v 1.800653 3.902557 0.187481
v 1.683506 4.009633 0.209246
v 1.757368 3.874938 0.047025
v 1.653830 3.985029 0.069420
v 1.637394 3.753623 -0.027063
v 1.523551 3.842515 -0.008869
v 1.523551 3.842515 -0.008869
v 1.637394 3.753623 -0.027063
v 1.551138 3.659489 0.028273
v 1.431401 3.715742 0.025007
v 1.546035 3.571976 0.135694
v 1.394440 3.633910 0.144644
v 1.556267 3.576669 0.271783
v 1.426073 3.650340 0.282882
v 1.663703 3.701011 0.346372
v 1.545677 3.791890 0.360898
v 1.490945 4.084906 0.371437
v 1.534938 4.178812 0.242939
v 1.499990 4.153307 0.078496
v 1.366460 3.995363 -0.006872
v 1.366460 3.995363 -0.006872
v 1.249919 3.827587 0.034936
v 1.191361 3.735779 0.156284
v 1.209207 3.739238 0.309266
v 1.363991 3.910502 0.402508
v 1.260433 4.225780 0.442558
v 1.329232 4.324713 0.303815
v 1.316489 4.299623 0.122266
v 1.190219 4.153485 0.008026
v 1.190219 4.153485 0.008026
v 1.083705 3.987134 0.087538
v 0.966144 3.895459 0.243438
v 0.979596 3.901522 0.400657
v 1.105711 4.049924 0.501479
v 0.908238 4.391417 0.577854
v 0.970871 4.525868 0.466980
v 1.080127 4.467310 0.235790
v 0.959146 4.319046 0.023572
v 0.959146 4.319046 0.023572
v 0.921938 4.129365 0.099100
v 0.833544 4.015311 0.267577
v 0.790776 4.063117 0.438057
v 0.866219 4.201339 0.565072
v 1.788364 1.230653 -0.163033
v 1.894416 1.274126 -0.179093
v 2.027068 0.907628 -0.307521
v 1.934352 0.882046 -0.296498
v 1.864520 0.815717 -0.173682
v 1.701169 1.120567 -0.024607
v 1.911874 0.771237 0.006902
v 1.765128 1.018803 0.174010
v 1.765128 1.018803 0.174010
v 1.911874 0.771237 0.006902
v 2.032146 0.763703 0.150366
v 1.930274 0.976771 0.320190
v 2.135623 1.027293 0.350272
v 2.037951 0.991774 0.364950
v 2.117436 0.776623 0.197390
v 2.202125 0.791895 0.188178
v 2.230826 1.136031 0.202222
v 2.205026 1.076469 0.291382
v 2.262956 0.824379 0.140749
v 2.287844 0.857400 0.061512
v 2.242010 0.905382 -0.118281
v 2.167158 1.241106 0.010659
v 2.167158 1.241106 0.010659
v 2.242010 0.905382 -0.118281
v 2.114540 0.918157 -0.266568
v 2.001147 1.285848 -0.140203
v 1.656721 1.531987 -0.058400
v 1.778697 1.584712 -0.077666
v 1.552140 1.402238 0.113188
v 1.631338 1.282673 0.365591
v 1.631338 1.282673 0.365591
v 1.833900 1.237454 0.557254
v 2.077248 1.294513 0.585541
v 1.965825 1.248988 0.604698
v 2.186916 1.432270 0.411621
v 2.157035 1.358366 0.519892
v 2.110398 1.552529 0.166699
v 2.110398 1.552529 0.166699
v 1.908510 1.597813 -0.027960
v 1.565433 1.842935 0.132205
v 1.697996 1.899854 0.108493
v 1.445221 1.699500 0.319418
v 1.525328 1.573403 0.601413
v 1.525328 1.573403 0.601413
v 1.744872 1.533979 0.815940
v 2.015349 1.603834 0.844869
v 1.890584 1.550636 0.867614
v 2.141558 1.754452 0.647412
v 2.106094 1.674460 0.770126
v 2.062474 1.877483 0.373660
v 2.062474 1.877483 0.373660
v 1.840754 1.918103 0.161098
v 1.623634 1.965969 0.349261
v 1.727655 2.028338 0.323666
v 1.698014 2.033222 0.265302
v 1.587882 1.980056 0.286896
v 1.464461 1.868871 0.459688
v 1.485402 1.884221 0.530662
v 1.508357 1.803024 0.723099
v 1.485370 1.896484 0.796121
v 1.485370 1.896484 0.796121
v 1.508357 1.803024 0.723099
v 1.684096 1.825658 0.919031
v 1.621819 1.991466 0.992275
v 1.817559 2.127259 1.006384
v 1.722107 2.058777 1.032080
v 1.799711 1.863739 0.959371
v 1.902123 1.919520 0.936502
v 1.954837 2.214015 0.822459
v 1.901773 2.180372 0.934861
v 1.984102 1.977154 0.869209
v 2.026864 2.031898 0.761137
v 1.988103 2.092432 0.503057
v 1.953404 2.205572 0.559278
v 1.953404 2.205572 0.559278
v 1.988103 2.092432 0.503057
v 1.808956 2.073934 0.305039
v 1.821472 2.101276 0.362236
v 1.507115 1.977105 0.219891
v 1.597963 2.066500 0.183816
v 1.701939 2.002855 0.284664
v 1.608392 1.913398 0.318394
v 1.440466 1.876029 0.514802
v 1.337633 1.940850 0.413536
v 1.373881 2.002331 0.782003
v 1.257312 2.089910 0.678705
v 1.257312 2.089910 0.678705
v 1.373881 2.002331 0.782003
v 1.445353 2.217647 0.966416
v 1.307412 2.336957 0.857804
v 1.462451 2.548206 0.848594
v 1.374963 2.462617 0.884304
v 1.516590 2.336591 0.993264
v 1.609901 2.418160 0.961039
v 1.634233 2.587088 0.655411
v 1.554705 2.593770 0.770974
v 1.701946 2.466178 0.881073
v 1.774453 2.469918 0.765772
v 1.836821 2.348790 0.498083
v 1.715126 2.438783 0.393077
v 1.715126 2.438783 0.393077
v 1.836821 2.348790 0.498083
v 1.773613 2.119202 0.314594
v 1.665092 2.189485 0.212340
v 1.322646 2.108738 0.076643
v 1.427078 2.206652 0.034822
v 1.120402 2.051915 0.287360
v 1.004225 2.204241 0.558264
v 1.004225 2.204241 0.558264
v 1.106985 2.457678 0.751722
v 1.268210 2.705025 0.715419
v 1.166115 2.609141 0.762359
v 1.459889 2.759578 0.504608
v 1.369583 2.760750 0.627889
v 1.555698 2.607430 0.234117
v 1.555698 2.607430 0.234117
v 1.502249 2.340208 0.057515
v 1.048539 2.244311 -0.118124
v 1.166570 2.351593 -0.166170
v 0.778032 2.180412 0.105879
v 0.642787 2.350938 0.375605
v 0.642787 2.350938 0.375605
v 0.735700 2.604630 0.567103
v 0.985072 2.852150 0.533476
v 0.863026 2.753532 0.578490
v 1.213756 2.901376 0.328189
v 1.106645 2.911839 0.440534
v 1.317229 2.748196 0.054551
v 1.317229 2.748196 0.054551
v 1.263346 2.477823 -0.127821
v 0.698019 2.443968 -0.490219
v 0.803147 2.607303 -0.502082
v 0.929157 2.479335 -0.359242
v 0.831599 2.343492 -0.295933
v 0.636794 2.167062 -0.077177
v 0.407325 2.232363 -0.314607
v 0.487155 2.407229 0.303681
v 0.179104 2.512503 0.153095
v 0.179104 2.512503 0.153095
v 0.487155 2.407229 0.303681
v 0.593247 2.683294 0.516326
v 0.391587 2.828499 0.404233
v 0.611757 3.031472 0.329138
v 0.513553 2.965403 0.410651
v 0.733528 2.831630 0.529370
v 0.808351 2.954586 0.451441
v 0.797788 3.072787 0.056750
v 0.714147 3.072264 0.214273
v 0.860954 3.029148 0.313167
v 0.959020 3.038555 0.183204
v 0.894349 2.992849 -0.220398
v 1.036863 2.905240 -0.131873
v 1.004600 2.628342 -0.331505
v 0.858263 2.750228 -0.452111
v 1.691818 1.952921 0.189720
v 1.583434 1.905586 0.208094
v 1.475712 1.784306 0.377475
v 1.541784 1.685423 0.639063
v 1.541784 1.685423 0.639063
v 1.737307 1.669401 0.840489
v 1.857694 1.692744 0.884516
v 1.959757 1.740325 0.864759
v 2.037302 1.798514 0.801209
v 2.072073 1.859375 0.694563
v 2.008954 1.952841 0.435036
v 2.008954 1.952841 0.435036
v 1.810669 1.975070 0.234517
v 0.496244 3.220376 -0.750483
v 0.611131 3.207728 -0.643334
v 0.623581 3.007159 -0.674515
v 0.519971 2.931086 -0.752064
v 0.631587 2.998570 0.256182
v 0.515351 2.904539 0.415161
v 0.520519 2.919049 0.257915
v 0.631943 2.994226 0.099454
v 0.743192 3.052921 -0.238858
v 0.737692 3.131062 -0.128596
v 0.737692 3.131062 -0.128596
v 0.743192 3.052921 -0.238858
v 0.700286 3.027994 -0.545737
v 0.689725 3.201463 -0.482625
v 0.501022 3.523110 -0.683181
v 0.626382 3.505855 -0.545954
v 0.635431 3.112983 0.357037
v 0.514778 3.019258 0.502930
v 0.758505 3.280170 0.000503
v 0.758505 3.280170 0.000503
v 0.709514 3.448855 -0.368126
v 0.459301 3.871633 -0.505666
v 0.615519 3.784267 -0.412332
v 0.641821 3.232790 0.365812
v 0.522068 3.165272 0.514773
v 0.749008 3.476646 0.092243
v 0.749008 3.476646 0.092243
v 0.703931 3.670068 -0.272241
v 0.439388 4.049345 -0.383066
v 0.570171 3.971339 -0.290850
v 0.606257 3.395229 0.396505
v 0.492550 3.269269 0.490703
v 0.706741 3.702892 0.189872
v 0.706741 3.702892 0.189872
v 0.658188 3.880466 -0.147854
v 0.434240 4.161149 -0.298927
v 0.573084 4.127240 -0.182282
v 0.627879 3.582973 0.461185
v 0.520322 3.431915 0.589054
v 0.659430 3.904010 0.132629
v 0.659430 3.904010 0.132629
v 0.665860 4.069616 -0.063597
v 0.446971 4.349449 -0.156730
v 0.601422 4.325644 -0.045173
v 0.608139 3.810416 0.459400
v 0.515901 3.645748 0.703468
v 0.650025 4.063536 0.126567
v 0.650025 4.063536 0.126567
v 0.701214 4.277612 0.034846
v 0.431626 4.460683 -0.029631
v 0.608543 4.411614 0.035146
v 0.589980 3.895338 0.578975
v 0.483804 3.804977 0.771181
v 0.582618 3.897680 0.568958
v 0.597616 3.810721 0.454238
v 0.638667 4.072345 0.124431
v 0.656804 4.251370 0.094487
v 0.656804 4.251370 0.094487
v 0.638667 4.072345 0.124431
v 0.675077 4.239389 0.016702
v 0.701087 4.354869 0.068366
v 0.354057 4.668231 0.225353
v 0.500220 4.661578 0.343680
v 0.548023 4.559618 0.142257
v 0.388392 4.539699 0.075303
v 0.561698 4.314754 0.745300
v 0.443233 4.216910 0.832372
v 0.454523 3.949088 0.818258
v 0.562280 4.038903 0.702890
v 0.274031 4.666403 0.410531
v 0.370058 4.648714 0.509084
v 0.424670 4.411243 0.835330
v 0.345107 4.340972 0.863475
v 0.682443 4.465615 0.595345
v 0.500359 4.540989 0.706445
v 0.500359 4.540989 0.706445
v 0.682443 4.465615 0.595345
v 0.644678 4.611952 0.458251
v 0.449939 4.615097 0.605704
v 0.151021 4.710558 0.551413
v 0.193829 4.710433 0.610379
v 0.095198 4.556536 0.902935
v 0.050648 4.503942 0.917509
v 0.182903 4.638467 0.828349
v 0.182903 4.638467 0.828349
v 0.213711 4.693452 0.684097
v 0.519971 2.931086 -0.752064
v 0.623581 3.007159 -0.674515
v 0.706817 2.701663 -0.618034
v 0.567701 2.594008 -0.651236
v 0.175133 2.482086 -0.627407
v 0.171138 2.916483 -0.815967
v 0.388087 2.840249 0.357408
v 0.234359 2.748823 0.419789
v 0.323801 2.913674 0.333775
v 0.470169 2.985074 0.251680
v 0.631943 2.994226 0.099454
v 0.520519 2.919049 0.257915
v 0.591284 3.031383 0.152331
v 0.715656 3.059600 0.013880
v 0.743192 3.052921 -0.238858
v 0.813253 3.000817 -0.281693
v 0.764387 2.814164 -0.513356
v 0.700286 3.027994 -0.545737
v 0.476319 3.806844 0.763488
v 0.597238 4.405859 0.037158
v 0.425831 4.451869 -0.024856
v 0.805306 4.410855 0.592301
v 0.792818 4.571245 0.471408
v 0.714247 4.299109 0.595162
v 0.805306 4.410855 0.592301
v 0.624184 4.096103 0.487656
v 0.628363 4.141003 0.260450
v 0.745447 4.251133 0.090635
v 0.807182 4.405644 0.071827
v 0.745447 4.251133 0.090635
v 0.688583 4.531713 0.206591
v 0.809712 4.524253 0.234474
v 0.813253 3.000817 -0.281693
v 0.743192 3.052921 -0.238858
v 1.036863 2.905240 -0.131873
v 0.894349 2.992849 -0.220398
v 2.186712 0.483259 -0.385044
v 2.096199 0.476039 -0.388015
v 2.011688 0.750780 -0.319576
v 2.100937 0.773363 -0.327771
v 2.096199 0.476039 -0.388015
v 1.965444 0.516081 -0.285619
v 1.916924 0.709004 -0.210724
v 2.011688 0.750780 -0.319576
v 1.922153 0.458585 -0.088697
v 1.933684 0.664026 -0.045131
v 2.386265 0.475663 -0.200203
v 2.263365 0.495561 -0.342305
v 2.186882 0.779495 -0.291317
v 2.296597 0.779027 -0.154092
v 2.024673 0.365563 0.361956
v 2.079464 0.375893 0.635979
v 2.115499 0.417964 0.590315
v 2.053295 0.426412 0.355595
v 2.341129 0.384866 0.779062
v 2.320042 0.469035 0.692681
v 2.243286 0.466642 0.688863
v 2.254177 0.386994 0.763900
v 2.508947 0.384274 0.536779
v 2.466645 0.432320 0.510492
v 2.419211 0.467372 0.611895
v 2.450956 0.385207 0.656866
v 2.111900 0.228008 -0.405765
v 2.207115 0.232655 -0.399323
v 1.972152 0.218797 -0.308996
v 2.111900 0.228008 -0.405765
v 1.910346 0.213188 -0.086721
v 2.009692 0.210583 0.372759
v 2.074218 0.219457 0.664358
v 2.353344 0.225947 0.812645
v 2.256629 0.223932 0.798107
v 2.531393 0.227774 0.563857
v 2.474999 0.227456 0.673341
v 2.285986 0.235226 -0.352456
v 2.410655 0.237571 -0.190058
v 2.186882 0.779495 -0.291317
v 2.296597 0.779027 -0.154092
v 2.296597 0.779027 -0.154092
v 2.331240 0.736411 0.017880
v 2.283491 0.729730 0.095307
v 2.212586 0.714010 0.141054
v 2.128947 0.704193 0.150500
v 2.035806 0.682167 0.103912
v 1.933684 0.664026 -0.045131
v 1.933684 0.664026 -0.045131
v 1.916924 0.709004 -0.210724
v 2.011688 0.750780 -0.319576
v 2.100937 0.773363 -0.327771
v 2.066517 0.554981 0.197988
v 2.035806 0.682167 0.103912
v 2.019325 0.515562 0.096207
v 1.989116 0.392453 0.093559
v 2.230803 0.573906 0.241170
v 2.212586 0.714010 0.141054
v 2.128947 0.704193 0.150500
v 2.161851 0.570241 0.243714
v 2.363943 0.563774 0.148786
v 2.331240 0.736411 0.017880
v 2.283491 0.729730 0.095307
v 2.292947 0.575488 0.222225
v 2.400275 0.548192 0.008536
v 2.429919 0.418525 -0.001293
v 1.970363 0.211867 0.088946
v 2.441501 0.232449 -0.036798
v 2.120813 0.486334 0.441054
v 2.272055 0.495897 0.469739
v 2.209872 0.496823 0.473427
v 2.401194 0.488111 0.408700
v 2.330700 0.498753 0.451096
v 2.448060 0.441556 0.294005
v 2.493512 0.371875 0.272346
v 2.516226 0.224009 0.282165
v 2.189773 0.462921 0.655376
v 2.389387 0.468848 0.652623
v 2.305383 0.223402 0.581623
v 2.074218 0.219457 0.664358
v 2.009692 0.210583 0.372759
v 2.263858 0.218122 0.320924
v 1.970363 0.211867 0.088946
v 2.209152 0.222900 0.047964
v 1.910346 0.213188 -0.086721
v 2.170887 0.226812 -0.130806
v 1.972152 0.218797 -0.308996
v 2.140258 0.226519 -0.286768
v 2.111900 0.228008 -0.405765
v 2.320877 0.224395 0.665657
v 2.353344 0.225947 0.812645
v 2.256629 0.223932 0.798107
v 2.177519 0.222086 0.746312
v 2.207115 0.232655 -0.399323
v 2.285986 0.235226 -0.352456
v 2.410655 0.237571 -0.190058
v 2.441501 0.232449 -0.036798
v 2.516226 0.224009 0.282165
v 2.531393 0.227774 0.563857
v 2.427254 0.227050 0.754724
v 2.474999 0.227456 0.673341
v 2.412640 0.380931 0.724245
v 2.427254 0.227050 0.754724
v 2.184197 0.378653 0.719195
v 2.177519 0.222086 0.746312
v 0.381076 2.801796 0.521613
v 0.220545 2.760933 0.576966
v 0.234359 2.748823 0.419789
v 0.388087 2.840249 0.357408
v 0.372197 2.947914 0.585400
v 0.213647 2.909471 0.630870
v 0.379612 3.131299 0.614157
v 0.221264 3.115129 0.669905
v 0.354771 3.204884 0.564728
v 0.191649 3.200280 0.638551
v 0.360302 3.347006 0.647518
v 0.189366 3.325763 0.706774
v 0.379849 3.584025 0.787591
v 0.200349 3.539820 0.827347
v 0.366396 3.724398 0.840423
v 0.194358 3.672731 0.858714
v 0.304748 4.121682 0.859295
v 0.160229 4.057010 0.866084
v 0.178592 3.803630 0.890250
v 0.332779 3.849877 0.883119
v 0.244869 4.284414 0.864086
v 0.120443 4.230337 0.868376
v 0.026165 4.434169 0.905564
v -0.034223 4.415169 0.910256
v 0.193193 3.674646 0.847814
v 0.361619 3.726949 0.830817
v 0.175133 2.482086 -0.627407
v 0.219593 2.922591 0.340156
v 0.133256 2.867178 0.283140
v -0.099937 4.539132 0.896582
v 0.101383 4.802330 0.714240
v 0.129457 4.797199 0.767651
v 0.132034 4.786752 0.818918
v 0.093849 4.761213 0.889265
v 0.008884 4.718188 0.939422
v -0.023382 4.654674 0.930230
v -0.057308 4.589208 0.916461
v -0.035374 4.417004 0.902462
v 0.024758 4.434764 0.898134
v 0.050284 4.502270 0.910351
v 0.095237 4.551526 0.895991
v 0.180667 4.631181 0.823569
v 0.210431 4.685319 0.682174
v 0.190507 4.702323 0.611191
v 0.148979 4.702396 0.553642
v 0.792818 4.571245 0.471408
v 0.809712 4.524253 0.234474
v 0.807182 4.405644 0.071827
v 0.807182 4.405644 0.071827
v 0.745447 4.251133 0.090635
v 0.628363 4.141003 0.260450
v 0.624184 4.096103 0.487656
v 0.714247 4.299109 0.595162
v 0.805306 4.410855 0.592301
v 1.707791 1.857314 0.156592
v 1.611590 1.815384 0.172873
v 1.511911 1.698850 0.329201
v 1.581519 1.594317 0.579315
v 1.581519 1.594317 0.579315
v 1.776698 1.564701 0.771845
v 1.890313 1.581609 0.813169
v 1.984111 1.622310 0.795091
v 2.054563 1.677465 0.738170
v 2.084211 1.737213 0.639856
v 2.017031 1.842320 0.393322
v 2.017031 1.842320 0.393322
v 1.819890 1.874054 0.199244
v 0.638667 4.072345 0.124431
v 0.597616 3.810721 0.454238
v 0.675077 4.239389 0.016702
v 0.638667 4.072345 0.124431
v 0.425831 4.451869 -0.024856
v 0.597238 4.405859 0.037158
v 0.582618 3.897680 0.568958
v 0.476319 3.806844 0.763488
v 0.361619 3.726949 0.830817
v 0.193193 3.674646 0.847814
v 0.701087 4.354869 0.068366
v 0.713847 4.366025 0.070329
v 1.611590 1.815384 0.172873
v 1.707791 1.857314 0.156592
v 1.511911 1.698850 0.329201
v 1.581519 1.594317 0.579315
v 1.776698 1.564701 0.771845
v 1.581519 1.594317 0.579315
v 1.984111 1.622310 0.795091
v 1.890313 1.581609 0.813169
v 2.084211 1.737213 0.639856
v 2.054563 1.677465 0.738170
v 2.017031 1.842320 0.393322
v 1.819890 1.874054 0.199244
v 2.017031 1.842320 0.393322
v 1.508466 2.617594 -0.114698
v 1.507567 2.598152 -0.157373
v 1.512433 2.596167 -0.149782
v 1.638758 2.553360 0.003219
v 1.518202 2.632757 -0.061201
v 1.524382 2.628597 -0.068375
v 1.751167 2.493219 -0.039889
v 1.750914 2.502210 0.001575
v 1.743603 2.502791 -0.004262
v 1.629772 2.524908 -0.119925
v 1.750533 2.496209 -0.086780
v 1.744539 2.497555 -0.079824
v 0.148979 4.702396 0.553642
v 0.190507 4.702323 0.611191
v 0.095237 4.551526 0.895991
v 0.050284 4.502270 0.910351
v 0.180667 4.631181 0.823569
v 0.210431 4.685319 0.682174
v 0.180667 4.631181 0.823569
v 0.024758 4.434764 0.898134
v -0.035374 4.417004 0.902462
v 1.535224 2.673225 -0.024802
v 1.545540 2.683272 -0.077551
v 1.812103 2.638541 -0.031917
v 1.787282 2.660397 -0.086872
v 1.670418 2.672756 -0.107081
v 1.629772 2.524908 -0.119925
v 1.670418 2.672756 -0.107081
v -0.668622 4.875359 0.895766
v -0.668622 4.875359 0.895766
v -0.672767 4.915819 0.897662
v -0.654842 4.922345 0.921435
v -0.631897 4.881833 0.957334
v -0.671764 4.847719 0.895743
v -0.671764 4.847719 0.895743
v -0.668622 4.875359 0.895766
v -0.631897 4.881833 0.957334
v -0.627713 4.849810 0.956457
v -0.671764 4.847719 0.895743
v -0.627713 4.849810 0.956457
v -0.672767 4.915819 0.897662
v -0.668622 4.875359 0.895766
v -0.631897 4.881833 0.957334
v -0.654842 4.922345 0.921435
v -0.672767 4.915819 0.897662
v -0.671764 4.847719 0.895743
v -0.627713 4.849810 0.956457
v -0.668622 4.875359 0.895766
v -0.668622 4.875359 0.895766
v -0.671764 4.847719 0.895743
v -0.671764 4.847719 0.895743
v -0.627713 4.849810 0.956457
v -0.631897 4.881833 0.957334
v -0.672767 4.915819 0.897662
v -0.654842 4.922345 0.921435
v 0.110898 5.447526 0.743962
v -0.045607 5.572442 0.780442
v -0.248251 5.605123 0.824446
v 0.168442 5.262986 0.727106
v 0.168997 5.206127 0.725396
v 0.129301 5.029695 0.723633
v 0.063592 4.889642 0.720318
v 0.164710 2.515007 0.120196
v 0.164710 2.515007 0.120196
v 0.071008 2.732509 0.410042
v 0.045385 4.794025 0.666089
v 0.032468 4.680896 0.489171
v 0.387575 3.767816 0.889812
v 0.387539 3.619993 0.821254
v 0.457296 3.659261 0.786708
v 0.456787 3.805762 0.854018
v 0.354076 4.011176 0.912398
v 0.426895 4.041132 0.883814
v 0.350061 4.152358 0.895113
v 0.417891 4.185560 0.864224
v 0.338174 4.478232 0.858492
v 0.341286 4.340009 0.886986
v 0.419091 4.336114 0.891879
v 0.415016 4.470954 0.858074
v 0.336944 4.655341 0.717699
v 0.434285 4.631432 0.700535
v 0.312858 4.692565 0.490366
v 0.406954 4.687943 0.509559
v 0.337135 4.683928 0.266023
v 0.436865 4.687873 0.293933
v 0.330628 4.630591 0.120806
v 0.431077 4.642921 0.148321
v 0.336643 4.464324 -0.081359
v 0.424084 4.469398 -0.064305
v 0.347917 4.355626 -0.196376
v 0.432366 4.352475 -0.184047
v 0.344851 4.339039 -0.180739
v 0.428895 4.336580 -0.168508
v 0.333496 4.447616 -0.065818
v 0.428895 4.336580 -0.168508
v 0.421187 4.453867 -0.048511
v 0.328436 4.602144 0.120163
v 0.430150 4.617265 0.149209
v 0.338763 4.663773 0.250389
v 0.440812 4.670099 0.281448
v 0.314186 4.673936 0.474140
v 0.409529 4.669677 0.495231
v 0.335734 4.640376 0.696436
v 0.430797 4.614474 0.685253
v 0.333730 4.464767 0.841939
v 0.412682 4.455935 0.839442
v 0.331115 4.333230 0.860807
v 0.412232 4.329421 0.861937
v 0.343749 4.016891 0.893224
v 0.339873 4.152018 0.875885
v 0.408214 4.182693 0.844878
v 0.416882 4.046318 0.863919
v 0.375220 3.773132 0.870885
v 0.444300 3.811179 0.835529
v 0.375266 3.625170 0.802455
v 0.445084 3.664450 0.767635
v 0.445084 3.664450 0.767635
v 0.444300 3.811179 0.835529
v 0.416882 4.046318 0.863919
v 0.408214 4.182693 0.844878
v 0.412232 4.329421 0.861937
v 0.412682 4.455935 0.839442
v 0.430797 4.614474 0.685253
v 0.409529 4.669677 0.495231
v 0.440812 4.670099 0.281448
v 0.430150 4.617265 0.149209
v 0.421187 4.453867 -0.048511
v -0.425058 3.644253 0.709422
v -0.374476 3.608408 0.754793
v -0.387620 3.760893 0.829635
v -0.427535 3.791696 0.781752
v -0.338983 3.997900 0.854212
v -0.400383 4.020527 0.814226
v -0.339474 4.138084 0.838603
v -0.396227 4.160462 0.796246
v -0.418694 4.309593 0.822916
v -0.346052 4.326613 0.831919
v -0.347620 4.466791 0.804202
v -0.422583 4.448260 0.790686
v -0.318744 4.654603 0.628881
v -0.425126 4.611103 0.631124
v -0.271445 4.685788 0.444530
v -0.372413 4.666806 0.445060
v -0.261839 4.674119 0.218055
v -0.362241 4.662134 0.221377
v -0.229270 4.622794 0.075776
v -0.324408 4.619435 0.077236
v -0.199782 4.459529 -0.123011
v -0.278683 4.453029 -0.124752
v -0.189349 4.349843 -0.239529
v -0.270784 4.343879 -0.241095
v -0.188165 4.333249 -0.223731
v -0.267046 4.327519 -0.225461
v -0.267046 4.327519 -0.225461
v -0.198776 4.442859 -0.107147
v -0.272191 4.436976 -0.108913
v -0.226705 4.595490 0.076703
v -0.321875 4.593317 0.079457
v -0.259783 4.654009 0.202395
v -0.359941 4.642884 0.206199
v -0.270065 4.666924 0.428918
v -0.370917 4.647716 0.429556
v -0.313211 4.637044 0.616758
v -0.419322 4.591457 0.616178
v -0.339887 4.454454 0.788674
v -0.416051 4.431907 0.772708
v -0.332119 4.321674 0.807913
v -0.404998 4.301720 0.794471
v -0.383326 4.159159 0.779090
v -0.327165 4.139043 0.821318
v -0.325770 4.004341 0.836804
v -0.387406 4.027048 0.796785
v -0.372589 3.766448 0.812819
v -0.407914 3.796796 0.764706
v -0.360772 3.613985 0.737993
v -0.408738 3.649634 0.692208
v -0.408738 3.649634 0.692208
v -0.407914 3.796796 0.764706
v -0.387406 4.027048 0.796785
v -0.383326 4.159159 0.779090
v -0.404998 4.301720 0.794471
v -0.416051 4.431907 0.772708
v -0.419322 4.591457 0.616178
v -0.370917 4.647716 0.429556
v -0.359941 4.642884 0.206199
v -0.321875 4.593317 0.079457
v -0.272191 4.436976 -0.108913
vn -0.5137 -0.0549 0.8562
vn -0.6241 -0.4673 0.6261
vn -0.6086 -0.5648 0.5573
vn -0.3012 -0.3293 0.8949
vn -0.7382 -0.1368 0.6605
vn -0.6070 -0.5551 0.5687
vn -0.8898 -0.3285 0.3168
vn -0.5816 -0.7263 0.3664
vn 0.7700 0.0623 0.6350
vn 0.1668 0.8006 0.5754
vn -0.0868 -0.8607 -0.5017
vn -0.0432 -0.8657 -0.4987
vn 0.3631 -0.8947 -0.2603
vn 0.1668 0.8008 0.5753
vn -0.3446 0.9010 0.2637
vn -0.7226 0.5148 -0.4615
vn 0.3141 -0.8345 -0.4527
vn -0.3448 0.9009 0.2637
vn -0.7226 0.5146 -0.4616
vn -0.7887 -0.5436 -0.2873
vn -0.8298 -0.4432 -0.3391
vn -0.8185 -0.0190 -0.5742
vn -0.6431 -0.2892 -0.7091
vn -0.9447 -0.1126 -0.3081
vn -0.7917 -0.5335 -0.2978
vn -0.6879 -0.7138 -0.1317
vn -0.9450 -0.3220 0.0579
vn -0.0739 0.8290 -0.5544
vn 0.4450 0.1005 -0.8899
vn 0.4450 0.1004 -0.8899
vn 0.1164 -0.8845 0.4517
vn 0.1551 -0.8890 0.4309
vn 0.4285 -0.9023 0.0466
vn -0.4129 0.9090 -0.0569
vn -0.0739 0.8290 -0.5543
vn 0.4628 -0.8519 0.2450
vn -0.4666 0.4845 0.7400
vn -0.4666 0.4846 0.7399
vn -0.4132 0.9089 -0.0568
vn 0.2560 0.8497 0.4609
vn 0.5104 -0.6598 0.5515
vn 0.7191 -0.6518 0.2410
vn 0.4070 0.8813 0.2403
vn 0.7453 -0.6434 -0.1749
vn 0.4278 0.9013 -0.0686
vn 0.4277 0.9013 -0.0686
vn 0.7453 -0.6434 -0.1750
vn 0.5517 -0.6322 -0.5440
vn 0.2827 0.8958 -0.3429
vn 0.2347 -0.6274 -0.7425
vn 0.0546 0.8734 -0.4840
vn -0.1023 -0.6432 -0.7588
vn -0.1806 0.8500 -0.4948
vn -0.4018 -0.6845 -0.6083
vn -0.3920 0.8333 -0.3898
vn -0.6069 -0.7361 -0.2997
vn -0.5445 0.8217 -0.1684
vn -0.6314 -0.7668 0.1154
vn -0.5662 0.8122 0.1410
vn -0.4396 -0.7558 0.4853
vn -0.4203 0.8071 0.4148
vn -0.1261 -0.7169 0.6857
vn -0.1906 0.8096 0.5551
vn 0.2092 -0.6798 0.7029
vn 0.0454 0.8235 0.5655
vn 0.5425 0.3777 0.7504
vn -0.0017 0.9909 0.1342
vn 0.0161 0.9970 0.0761
vn 0.8174 0.4423 0.3690
vn 0.0103 0.9997 0.0229
vn 0.8583 0.4839 -0.1708
vn 0.8583 0.4839 -0.1710
vn 0.0103 0.9997 0.0228
vn -0.0061 0.9996 -0.0283
vn 0.6006 0.4678 -0.6484
vn -0.0462 0.9962 -0.0743
vn 0.1935 0.4186 -0.8873
vn -0.1069 0.9906 -0.0858
vn -0.2234 0.3741 -0.9001
vn -0.1579 0.9861 -0.0507
vn -0.6011 0.3474 -0.7197
vn -0.1762 0.9843 0.0076
vn -0.8802 0.3349 -0.3362
vn -0.1706 0.9835 0.0610
vn -0.9236 0.3240 0.2049
vn -0.1539 0.9817 0.1120
vn -0.6634 0.3094 0.6813
vn -0.1135 0.9809 0.1578
vn -0.2521 0.3063 0.9180
vn -0.0526 0.9842 0.1692
vn 0.1666 0.3282 0.9298
vn 0.4653 0.5652 0.6812
vn 0.6999 0.6298 0.3370
vn 0.7294 0.6700 -0.1385
vn 0.7293 0.6700 -0.1388
vn 0.5082 0.6522 -0.5624
vn 0.1530 0.6019 -0.7838
vn -0.2188 0.5588 -0.7999
vn -0.5544 0.5384 -0.6346
vn -0.7940 0.5355 -0.2877
vn -0.8263 0.5304 0.1894
vn -0.6024 0.5129 0.6116
vn -0.2422 0.5018 0.8304
vn 0.1319 0.5176 0.8454
vn 0.3494 0.7487 0.5634
vn 0.5282 0.8008 0.2822
vn 0.5458 0.8325 -0.0954
vn 0.5458 0.8325 -0.0955
vn 0.3755 0.8188 -0.4343
vn 0.0971 0.7783 -0.6203
vn -0.2012 0.7432 -0.6381
vn -0.4686 0.7276 -0.5010
vn -0.6516 0.7266 -0.2177
vn -0.6715 0.7233 0.1612
vn -0.4989 0.7087 0.4989
vn -0.2164 0.6980 0.6827
vn 0.0838 0.7098 0.6994
vn 0.1986 0.8967 0.3955
vn 0.3126 0.9273 0.2057
vn 0.3212 0.9459 -0.0448
vn 0.2111 0.9393 -0.2706
vn 0.0294 0.9166 -0.3986
vn -0.1674 0.8953 -0.4129
vn -0.3424 0.8833 -0.3203
vn -0.4586 0.8792 -0.1294
vn -0.4683 0.8751 0.1217
vn -0.3570 0.8673 0.3469
vn -0.1731 0.8634 0.4738
vn 0.0245 0.8727 0.4876
vn -0.0804 0.9959 0.0421
vn 0.1893 -0.9762 0.1061
vn 0.2341 -0.9718 0.0268
vn 0.2363 -0.9688 -0.0746
vn 0.1929 -0.9670 -0.1664
vn 0.1197 -0.9680 -0.2206
vn 0.0393 -0.9730 -0.2275
vn -0.0312 -0.9815 -0.1888
vn -0.0755 -0.9911 -0.1098
vn -0.0775 -0.9970 -0.0084
vn -0.0343 -0.9959 0.0834
vn 0.0385 -0.9897 0.1379
vn 0.1187 -0.9823 0.1449
vn -0.5180 0.3014 -0.8006
vn -0.9596 -0.0331 -0.2794
vn -0.9828 0.0903 -0.1612
vn -0.8491 0.2996 -0.4350
vn -0.6770 -0.5796 -0.4536
vn -0.8494 -0.4613 -0.2564
vn 0.9456 0.0306 0.3238
vn 0.9333 -0.0382 0.3571
vn 0.9418 0.0073 0.3362
vn 0.9477 0.0418 0.3164
vn 0.9048 0.0955 0.4150
vn 0.8999 0.1225 0.4186
vn 0.9037 0.1027 0.4157
vn 0.9046 0.0933 0.4159
vn -0.0519 0.9709 0.2337
vn -0.9760 0.0599 0.2095
vn -0.0518 0.9709 0.2337
vn 0.9144 -0.3625 -0.1802
vn 0.9082 -0.4018 -0.1170
vn 0.4213 -0.2177 -0.8804
vn 0.1977 0.7929 -0.5764
vn 0.2448 0.7909 -0.5609
vn -0.1745 0.8479 0.5006
vn -0.1743 0.8480 0.5006
vn 0.1545 -0.9280 -0.3389
vn 0.1489 -0.9271 -0.3440
vn -0.0313 -0.9994 0.0129
vn -0.0273 -0.9995 0.0168
vn -0.9791 0.0474 -0.1978
vn -0.9834 0.1080 -0.1457
vn -0.9867 0.0588 -0.1516
vn -0.9766 0.0266 -0.2136
vn -0.9902 -0.1364 -0.0302
vn -0.8729 -0.4865 -0.0374
vn -0.9216 -0.3871 -0.0271
vn -0.9975 -0.0689 0.0138
vn -0.7996 0.5840 -0.1402
vn -0.8432 0.4323 -0.3195
vn -0.7297 0.5620 -0.3895
vn -0.8104 0.5778 -0.0973
vn -0.9259 -0.0356 -0.3760
vn -0.6760 -0.7285 -0.1110
vn -0.8138 -0.4350 -0.3854
vn -0.9032 -0.0917 -0.4193
vn -0.4579 -0.8854 -0.0801
vn -0.4331 -0.8136 -0.3878
vn -0.7273 -0.5784 -0.3694
vn -0.7728 -0.5607 -0.2973
vn -0.7852 -0.1297 -0.6055
vn -0.6540 -0.0265 -0.7560
vn -0.4055 -0.3270 -0.8536
vn -0.4990 -0.0301 -0.8661
vn -0.5677 -0.1735 -0.8048
vn -0.3429 -0.3777 -0.8601
vn -0.4098 -0.2911 -0.8645
vn -0.4706 -0.1768 -0.8645
vn -0.2729 -0.2251 -0.9353
vn -0.2220 -0.3750 -0.9000
vn -0.9310 0.2951 -0.2151
vn -0.8745 0.4103 -0.2587
vn -0.9714 -0.2287 -0.0634
vn -0.9590 0.0699 -0.2748
vn -0.9993 0.0002 -0.0385
vn -0.9853 0.1647 0.0457
vn -0.9835 0.1791 0.0260
vn -0.9887 0.1481 0.0245
vn -0.9066 -0.1186 -0.4050
vn -0.8676 0.0257 -0.4966
vn -0.7524 -0.2118 -0.6238
vn -0.6978 -0.0859 -0.7111
vn -0.8065 0.0777 -0.5861
vn -0.9205 0.0543 -0.3870
vn -0.9318 -0.1195 -0.3427
vn -0.8052 -0.1596 -0.5712
vn -0.8510 0.2304 -0.4720
vn -0.7934 -0.0687 -0.6047
vn -0.4101 -0.0242 -0.9117
vn -0.5548 0.2047 -0.8064
vn -0.7876 0.3380 -0.5153
vn -0.9667 -0.0938 -0.2380
vn -0.8329 -0.1702 -0.5266
vn -0.7328 0.1392 -0.6661
vn -0.8502 0.2715 -0.4512
vn -0.5462 0.3024 -0.7812
vn -0.7258 0.4542 -0.5166
vn -0.9506 -0.1748 -0.2564
vn -0.6445 0.2138 -0.7341
vn -0.7401 0.3838 -0.5522
vn -0.7700 -0.5848 -0.2553
vn -0.7705 -0.5854 -0.2524
vn -0.7734 -0.5817 -0.2520
vn -0.7727 -0.5810 -0.2558
vn -0.7122 0.4638 -0.5270
vn -0.5283 0.3552 -0.7712
vn -0.5253 0.3777 -0.7625
vn -0.7440 0.4089 -0.5285
vn -0.8809 0.4296 0.1985
vn -0.9777 -0.0328 0.2075
vn -0.7868 0.5896 0.1824
vn -0.7838 0.5938 0.1819
vn -0.7504 -0.5453 -0.3735
vn -0.6914 -0.4331 -0.5782
vn -0.8270 -0.4653 -0.3156
vn -0.7914 -0.5478 -0.2712
vn -0.6978 -0.5952 -0.3986
vn -0.5156 -0.5253 -0.6769
vn -0.3270 -0.5945 -0.7346
vn -0.4195 -0.7636 -0.4909
vn -0.7913 -0.2913 -0.5375
vn -0.5812 -0.0760 -0.8102
vn -0.8050 -0.2112 -0.5544
vn -0.7924 -0.2904 -0.5365
vn -0.7856 -0.2824 -0.5506
vn -0.6826 -0.1124 -0.7221
vn -0.4533 0.1520 -0.8783
vn -0.4828 -0.2199 -0.8477
vn -0.3599 -0.8279 -0.4302
vn -0.7832 -0.2384 -0.5742
vn -0.5855 -0.0597 -0.8085
vn -0.4125 0.3713 -0.8319
vn -0.3867 0.2978 -0.8728
vn -0.9630 0.1944 -0.1866
vn -0.9282 0.0831 -0.3628
vn -0.8395 -0.3184 -0.4403
vn -0.9695 -0.1198 -0.2139
vn -0.9912 -0.0022 0.1325
vn -0.9502 0.2951 0.1003
vn -0.9773 0.0339 0.2091
vn -0.9409 0.2678 0.2072
vn -0.9308 -0.3118 0.1906
vn -0.8640 0.4639 0.1957
vn -0.7762 0.2731 -0.5683
vn -0.7463 0.2987 -0.5949
vn -0.5118 -0.0016 -0.8591
vn -0.5829 -0.2636 -0.7686
vn -0.9417 -0.0066 -0.3364
vn -0.9333 0.0382 -0.3570
vn -0.9459 -0.0319 -0.3230
vn -0.9469 -0.0429 -0.3188
vn -0.9035 -0.1027 -0.4160
vn -0.8999 -0.1225 -0.4186
vn -0.9047 -0.0954 -0.4151
vn -0.9047 -0.0933 -0.4157
vn -0.8028 -0.1947 -0.5636
vn -0.3752 -0.7538 -0.5395
vn -0.3750 -0.7539 -0.5394
vn -0.4703 0.2336 -0.8510
vn -0.9465 -0.2972 -0.1260
vn -0.8686 -0.4753 -0.1400
vn -0.9865 0.1325 0.0957
vn -0.8521 0.5140 0.0986
vn -0.7918 0.6105 0.0203
vn -0.8428 0.5159 -0.1535
vn -0.8641 -0.2381 -0.4435
vn -0.7701 -0.5990 -0.2196
vn 0.3038 0.8781 -0.3697
vn 0.6891 0.5547 -0.4664
vn 0.5207 0.4869 -0.7013
vn 0.1933 0.7580 -0.6230
vn -0.1425 0.9527 -0.2685
vn -0.1876 0.8253 -0.5326
vn -0.5744 0.7925 -0.2049
vn -0.5797 0.6641 -0.4722
vn -0.8223 0.5466 -0.1584
vn -0.7868 0.4601 -0.4115
vn 0.8390 0.1935 -0.5086
vn 0.6645 0.1634 -0.7292
vn 0.3249 0.3884 -0.8623
vn 0.0820 0.5964 -0.7985
vn -0.2121 0.6504 -0.7293
vn -0.5436 0.5071 -0.6689
vn -0.6994 0.3852 -0.6021
vn 0.4315 0.1148 -0.8948
vn 0.0750 0.2387 -0.9682
vn -0.0739 0.3284 -0.9417
vn -0.2256 0.3517 -0.9085
vn -0.4242 0.2681 -0.8650
vn -0.4764 0.1689 -0.8628
vn 0.1710 0.0639 -0.9832
vn 0.2153 0.1176 -0.9694
vn -0.1015 0.2382 -0.9659
vn -0.2261 0.2003 -0.9533
vn -0.3563 0.1320 -0.9250
vn -0.4019 0.0753 -0.9126
vn -0.3640 -0.0032 -0.9314
vn 0.4874 -0.1243 -0.8643
vn -0.4582 -0.1354 -0.8785
vn -0.5971 -0.0543 -0.8003
vn -0.5949 0.1124 -0.7959
vn -0.4233 0.2210 -0.8786
vn -0.0989 -0.0331 -0.9945
vn -0.2104 0.2101 -0.9548
vn -0.4287 -0.2542 -0.8669
vn -0.5846 -0.2297 -0.7781
vn -0.0792 -0.2861 -0.9549
vn -0.1474 -0.9890 0.0130
vn -0.1743 -0.8424 -0.5098
vn -0.0204 -0.8899 -0.4557
vn 0.0077 -0.9996 -0.0274
vn -0.1550 -0.5724 -0.8052
vn -0.2211 -0.4942 -0.8407
vn -0.3363 -0.0432 -0.9408
vn -0.1432 -0.6738 -0.7249
vn -0.0821 -0.7082 -0.7012
vn -0.1821 -0.8523 -0.4903
vn -0.0876 -0.9959 -0.0206
vn -0.0918 -0.3678 -0.9254
vn -0.2423 -0.5486 -0.8002
vn -0.4833 -0.4266 -0.7645
vn -0.5416 -0.2947 -0.7873
vn -0.3303 -0.3592 -0.8728
vn -0.1700 -0.5529 -0.8158
vn -0.2690 -0.6751 -0.6869
vn -0.0201 -0.2837 -0.9587
vn -0.9023 0.2907 -0.3184
vn -0.4387 -0.4398 -0.7836
vn -0.0959 -0.2791 -0.9555
vn -0.0099 -0.4266 -0.9044
vn 0.1180 -0.5719 -0.8118
vn -0.5869 -0.5790 -0.5660
vn -0.5853 -0.7858 -0.1998
vn 0.0701 -0.2499 -0.9657
vn 0.8349 -0.1448 -0.5309
vn 0.6394 -0.1408 -0.7559
vn 0.4060 -0.1551 -0.9006
vn 0.2656 -0.1790 -0.9473
vn 0.3750 -0.2701 -0.8868
vn 0.7882 -0.2865 -0.5446
vn 0.6030 -0.2365 -0.7619
vn 0.3551 -0.1929 -0.9147
vn 0.1499 -0.2137 -0.9653
vn 0.5721 -0.2787 -0.7714
vn 0.2726 -0.2612 -0.9260
vn -0.0049 -0.2569 -0.9664
vn -0.9387 0.3412 -0.0483
vn -0.1290 0.8663 -0.4826
vn -0.7027 0.5564 -0.4435
vn -0.8649 0.2936 -0.4071
vn 0.7869 0.4547 -0.4172
vn 0.3792 0.8121 -0.4436
vn -0.9323 -0.2232 -0.2847
vn 0.9733 0.0028 -0.2295
vn -0.8811 -0.3670 -0.2982
vn 0.2560 -0.9536 -0.1583
vn 0.9077 -0.4138 0.0699
vn 0.9832 -0.1448 -0.1108
vn -0.4307 -0.8983 0.0875
vn -0.9827 0.1344 -0.1274
vn -0.9762 0.1588 -0.1479
vn 0.7736 -0.2904 -0.5632
vn -0.1079 0.2621 -0.9590
vn 0.6657 0.3515 -0.6583
vn 0.7589 0.6042 0.2428
vn 0.4669 0.8264 -0.3147
vn -0.5678 -0.1457 -0.8102
vn -0.1948 0.3840 -0.9025
vn 0.2584 0.8906 -0.3742
vn -0.0194 0.8342 -0.5512
vn -0.1461 0.8184 -0.5558
vn 0.4005 0.8881 -0.2256
vn 0.5326 0.1887 0.8250
vn 0.1670 0.9743 0.1510
vn 0.2764 -0.4785 0.8335
vn 0.4589 0.5708 0.6809
vn 0.6845 -0.6029 -0.4098
vn 0.9193 0.1363 -0.3692
vn 0.8025 0.0399 0.5953
vn 0.3225 -0.8218 0.4698
vn 0.8024 0.0397 0.5955
vn 0.9193 0.1373 -0.3689
vn 0.6201 0.6382 -0.4562
vn 0.5581 0.8193 0.1314
vn 0.1722 -0.0803 0.9818
vn -0.0492 -0.6080 0.7924
vn 0.1718 -0.0827 0.9817
vn 0.1408 0.5727 0.8076
vn -0.1389 -0.3558 -0.9242
vn -0.2385 0.2981 -0.9243
vn 0.0777 0.5197 -0.8508
vn -0.1826 0.2715 -0.9450
vn 0.2423 0.4890 -0.8380
vn -0.0044 0.7876 -0.6161
vn 0.6057 0.7798 -0.1584
vn 0.5925 0.6470 -0.4799
vn -0.1742 -0.3312 0.9273
vn -0.0823 0.1247 0.9888
vn -0.2645 0.6029 0.7527
vn 0.2104 0.7709 0.6012
vn 0.3867 0.7396 0.5508
vn 0.4304 0.8513 0.3000
vn 0.6127 0.6171 0.4938
vn 0.0498 0.6596 0.7500
vn 0.3099 0.6714 0.6732
vn 0.5247 0.5043 0.6858
vn 0.8174 0.0745 0.5712
vn 0.7910 0.4544 0.4098
vn 0.1640 0.5183 0.8393
vn 0.3698 0.4009 0.8382
vn 0.8225 -0.0427 0.5672
vn 0.7564 0.0325 0.6533
vn -0.2650 0.4422 0.8569
vn -0.7344 -0.1923 0.6509
vn -0.5564 0.0826 0.8268
vn -0.5245 -0.6567 0.5419
vn -0.5007 -0.0612 0.8634
vn -0.0092 0.3862 0.9224
vn -0.3917 -0.0477 0.9189
vn 0.1438 0.2370 0.9608
vn -0.3109 -0.1645 0.9361
vn 0.6699 -0.0189 0.7422
vn 0.7447 0.1910 0.6395
vn -0.3404 -0.3915 0.8549
vn 0.3395 -0.0162 0.9405
vn -0.4986 -0.8026 -0.3275
vn -0.7863 -0.6149 0.0607
vn -0.8007 -0.5241 0.2903
vn -0.7589 -0.3153 0.5698
vn -0.7242 -0.3709 0.5813
vn -0.7983 -0.5688 0.1978
vn -0.0448 -0.7743 -0.6312
vn -0.6849 -0.6353 -0.3569
vn 0.2003 -0.5768 -0.7919
vn -0.3108 -0.5375 -0.7839
vn -0.6137 -0.4521 0.6473
vn -0.6357 -0.4460 0.6301
vn -0.5918 -0.7911 -0.1551
vn -0.6364 -0.5222 0.5677
vn -0.6329 -0.5525 0.5423
vn -0.7067 -0.7046 -0.0647
vn -0.6635 -0.5582 0.4982
vn -0.6497 -0.5909 0.4783
vn -0.7778 -0.6223 -0.0883
vn 0.2967 -0.2851 -0.9114
vn 0.0449 -0.2094 -0.9768
vn -0.2590 -0.3618 -0.8956
vn -0.3938 -0.5444 -0.7407
vn -0.3115 -0.6709 -0.6730
vn -0.4518 -0.5168 -0.7271
vn -0.2541 -0.6364 -0.7283
vn -0.4630 -0.5175 -0.7196
vn -0.3781 -0.5454 -0.7481
vn -0.4788 -0.3541 -0.8033
vn -0.3545 -0.3596 -0.8631
vn -0.2816 -0.6338 -0.7204
vn -0.4747 -0.3982 -0.7849
vn -0.4887 -0.6189 -0.6149
vn -0.5704 -0.5169 -0.6383
vn 0.0132 0.0328 -0.9994
vn 0.3548 -0.0567 -0.9332
vn -0.2826 -0.6331 -0.7207
vn -0.1086 -0.6332 -0.7663
vn -0.2725 -0.2216 -0.9363
vn -0.4401 -0.2328 -0.8673
vn -0.5817 -0.3635 -0.7277
vn -0.4961 -0.1764 -0.8502
vn -0.6092 0.0822 -0.7888
vn 0.1478 0.3968 -0.9059
vn 0.5457 -0.0340 -0.8373
vn -0.1191 -0.6789 -0.7245
vn -0.9638 -0.2415 -0.1132
vn -0.6683 -0.7432 0.0329
vn -0.6639 -0.7474 0.0257
vn -0.1201 -0.6783 -0.7249
vn 0.3636 -0.9020 -0.2328
vn -0.2506 -0.9425 0.2212
vn 0.5433 -0.0403 -0.8386
vn 0.7847 -0.3391 -0.5189
vn -0.8499 0.3312 -0.4098
vn -0.1329 0.5780 -0.8051
vn 0.1758 0.0723 -0.9818
vn -0.5222 -0.5230 -0.6736
vn -0.9406 -0.0642 0.3334
vn -0.7101 -0.6496 0.2717
vn -0.7071 -0.6570 0.2613
vn -0.5213 -0.5261 -0.6719
vn 0.0906 -0.8888 -0.4492
vn -0.2851 -0.9286 0.2377
vn 0.1728 0.0546 -0.9834
vn 0.4651 -0.3218 -0.8247
vn -0.8930 0.2644 -0.3642
vn -0.2104 0.6307 -0.7470
vn 0.1672 0.1756 -0.9702
vn -0.4583 -0.5510 -0.6974
vn -0.9105 -0.1770 0.3737
vn -0.6035 -0.7492 0.2728
vn -0.6007 -0.7525 0.2700
vn -0.4585 -0.5510 -0.6973
vn 0.2304 -0.8459 -0.4811
vn -0.1383 -0.9648 0.2237
vn 0.1737 0.1654 -0.9708
vn 0.5194 -0.1819 -0.8350
vn -0.8365 -0.3043 -0.4557
vn -0.3434 0.2504 -0.9052
vn 0.2299 0.0056 -0.9732
vn -0.0348 -0.8504 -0.5249
vn -0.7651 -0.5210 0.3784
vn -0.2399 -0.8562 0.4576
vn -0.2363 -0.8581 0.4559
vn -0.0343 -0.8502 -0.5254
vn 0.6762 -0.7076 -0.2051
vn 0.2897 -0.8205 0.4929
vn 0.2337 0.0028 -0.9723
vn 0.6820 -0.0889 -0.7259
vn 0.3549 0.2020 -0.9128
vn -0.5047 -0.1699 -0.8464
vn -0.8661 -0.4859 -0.1172
vn -0.9332 -0.3559 -0.0505
vn -0.5978 0.0795 -0.7977
vn -0.6362 0.2615 -0.7259
vn -0.9682 -0.2495 0.0187
vn 0.2974 0.3878 -0.8724
vn 0.2825 0.4921 -0.8234
vn -0.6978 -0.5352 0.4761
vn -0.6891 -0.5330 0.4910
vn -0.2448 -0.3908 0.8873
vn -0.1978 -0.4459 0.8730
vn -0.7148 -0.4954 0.4936
vn -0.7203 -0.4750 0.5055
vn -0.1968 -0.5472 0.8136
vn -0.7205 -0.4778 0.5025
vn -0.7180 -0.4950 0.4893
vn 0.4490 -0.0644 0.8912
vn 0.9386 0.2965 0.1763
vn 0.9616 0.2603 0.0872
vn 0.5490 -0.1688 0.8186
vn 0.6352 -0.2885 0.7164
vn 0.9813 0.1922 0.0101
vn 0.5501 -0.8274 -0.1130
vn 0.7993 0.3531 -0.4863
vn 0.6352 -0.7638 -0.1146
vn 0.7936 0.3514 -0.4967
vn 0.7472 0.4248 -0.5112
vn 0.7485 0.4275 -0.5068
vn 0.7553 0.4264 -0.4978
vn 0.7528 0.4269 -0.5010
vn 0.1620 0.0161 -0.9867
vn -0.6647 -0.3195 -0.6754
vn -0.8206 -0.5683 0.0603
vn -0.8432 -0.4946 0.2108
vn -0.7636 -0.1089 -0.6365
vn -0.8260 0.0566 -0.5607
vn -0.8647 -0.3988 0.3054
vn 0.0671 0.3275 -0.9425
vn 0.0203 0.4199 -0.9073
vn -0.5061 -0.7022 0.5008
vn -0.2564 -0.6971 0.6696
vn 0.3117 -0.4757 0.8225
vn 0.7736 0.1147 0.6233
vn 0.8842 0.4227 -0.1987
vn 0.8996 0.3775 -0.2198
vn 0.7825 -0.0082 0.6226
vn 0.8257 -0.1636 0.5399
vn 0.9276 0.2699 -0.2581
vn 0.0277 -0.3988 0.9166
vn 0.0454 -0.4769 0.8778
vn 0.5830 -0.7886 -0.1955
vn 0.5523 0.3722 -0.7459
vn 0.6155 -0.7716 -0.1603
vn 0.6537 0.3672 -0.6617
vn 0.5503 0.4402 -0.7095
vn 0.5601 0.4329 -0.7063
vn 0.5639 0.4347 -0.7022
vn 0.5505 0.4413 -0.7086
vn 0.0264 0.3039 -0.9523
vn -0.6718 -0.2685 -0.6903
vn -0.7173 -0.6832 0.1370
vn -0.7947 -0.5611 0.2315
vn -0.7841 -0.0960 -0.6131
vn -0.8574 0.0873 -0.5072
vn -0.8457 -0.4439 0.2963
vn -0.0210 0.4243 -0.9053
vn -0.0681 0.5218 -0.8503
vn -0.4677 -0.6375 0.6123
vn -0.2193 -0.6551 0.7230
vn 0.2223 -0.4344 0.8729
vn 0.8198 -0.0252 0.5721
vn 0.9525 0.2574 -0.1629
vn 0.8485 0.4731 -0.2373
vn 0.8310 0.0297 0.5555
vn 0.8719 -0.1419 0.4687
vn 0.8852 0.3708 -0.2811
vn 0.0994 -0.4752 0.8742
vn 0.1380 -0.5598 0.8170
vn 0.7687 -0.6195 -0.1589
vn 0.6183 0.5448 -0.5664
vn 0.6209 -0.7830 -0.0365
vn 0.5035 0.5197 -0.6902
vn 0.4738 0.5461 -0.6909
vn 0.4854 0.5499 -0.6797
vn 0.4876 0.5505 -0.6777
vn 0.4728 0.5473 -0.6906
vn -0.2092 0.2103 -0.9550
vn -0.6455 -0.3937 -0.6544
vn -0.6758 -0.7063 0.2107
vn -0.6419 -0.6601 0.3902
vn -0.7852 -0.3168 -0.5320
vn -0.8684 -0.2094 -0.4495
vn -0.6945 -0.5761 0.4310
vn -0.2401 0.2420 -0.9401
vn -0.2520 0.3208 -0.9130
vn -0.2306 -0.6108 0.7575
vn -0.2223 -0.6779 0.7007
vn 0.3063 -0.3102 0.9000
vn 0.8341 0.3663 0.4125
vn 0.6798 0.6384 -0.3609
vn 0.6980 0.6056 -0.3822
vn 0.8474 0.3366 0.4107
vn 0.8949 0.2019 0.3980
vn 0.7416 0.5341 -0.4058
vn 0.3017 -0.2604 0.9172
vn 0.3217 -0.3249 0.8894
vn 0.2645 0.5242 -0.8095
vn 0.2596 0.5190 -0.8144
vn 0.2562 0.5160 -0.8174
vn 0.2868 0.5217 -0.8035
vn 0.2903 0.5217 -0.8022
vn 0.2548 0.5170 -0.8172
vn -0.5186 -0.4878 0.7022
vn -0.5162 -0.5417 0.6634
vn -0.4988 -0.5255 0.6893
vn -0.5121 -0.4934 0.7030
vn -0.4385 -0.5919 0.6763
vn -0.4368 -0.6289 0.6433
vn -0.4285 -0.6060 0.6702
vn -0.4377 -0.5908 0.6777
vn -0.2408 -0.5454 0.8029
vn -0.2363 -0.5618 0.7928
vn -0.2351 -0.5683 0.7885
vn -0.2399 -0.5442 0.8039
vn -0.6467 0.3128 -0.6957
vn 0.2711 0.5435 -0.7945
vn 0.2541 0.5728 -0.7793
vn -0.6660 0.3564 -0.6553
vn -0.9795 -0.1988 0.0312
vn -0.9833 -0.1689 0.0671
vn -0.7313 -0.4536 0.5093
vn -0.7319 -0.4576 0.5049
vn -0.2109 -0.5741 0.7912
vn -0.7279 -0.4588 0.5096
vn -0.7275 -0.4561 0.5125
vn -0.1918 -0.5959 0.7798
vn 0.6660 -0.4051 0.6263
vn 0.6505 -0.3491 0.6745
vn 0.9879 0.1546 -0.0125
vn 0.9931 0.1096 -0.0414
vn 0.7495 0.4292 -0.5039
vn 0.7498 0.4378 -0.4962
vn 0.7428 0.4409 -0.5038
vn 0.7464 0.4310 -0.5071
vn -0.8578 0.2052 -0.4712
vn 0.0114 0.4998 -0.8660
vn 0.0463 0.6485 -0.7598
vn -0.7979 0.5425 -0.2627
vn -0.8884 -0.2887 0.3568
vn -0.8364 -0.0561 0.5452
vn -0.5536 -0.4363 0.7094
vn -0.5195 -0.4758 0.7098
vn 0.0986 -0.5283 0.8433
vn -0.5035 -0.4795 0.7187
vn -0.5339 -0.4494 0.7163
vn 0.0845 -0.6409 0.7630
vn 0.8402 -0.4293 0.3313
vn 0.8404 -0.2670 0.4717
vn 0.9441 0.1859 -0.2723
vn 0.9222 0.0727 -0.3799
vn 0.5464 0.4210 -0.7240
vn 0.5693 0.4379 -0.6958
vn 0.5575 0.4430 -0.7021
vn 0.5282 0.4368 -0.7281
vn -0.8836 0.2243 -0.4111
vn -0.0758 0.5939 -0.8010
vn -0.0584 0.7246 -0.6867
vn -0.8658 0.4558 -0.2065
vn -0.8611 -0.3635 0.3554
vn -0.8342 -0.1929 0.5166
vn -0.4806 -0.5443 0.6876
vn -0.4442 -0.5795 0.6833
vn 0.1888 -0.6119 0.7681
vn -0.4332 -0.5807 0.6893
vn -0.4643 -0.5534 0.6915
vn 0.1640 -0.7191 0.6753
vn 0.8744 -0.4321 0.2206
vn 0.8876 -0.2601 0.3800
vn 0.9129 0.2776 -0.2992
vn 0.8886 0.1664 -0.4275
vn 0.4600 0.5406 -0.7043
vn 0.4943 0.5505 -0.6728
vn 0.4849 0.5553 -0.6757
vn 0.4483 0.5484 -0.7059
vn -0.9126 -0.1188 -0.3913
vn -0.2749 0.3723 -0.8865
vn -0.3048 0.4044 -0.8623
vn -0.9385 -0.0461 -0.3422
vn -0.7248 -0.5106 0.4627
vn -0.7478 -0.4533 0.4852
vn -0.2686 -0.5248 0.8078
vn -0.2473 -0.5291 0.8117
vn 0.3495 -0.3600 0.8650
vn -0.2437 -0.5287 0.8131
vn -0.2640 -0.5245 0.8095
vn 0.3313 -0.4021 0.8536
vn 0.9382 0.0552 0.3416
vn 0.9235 0.1129 0.3666
vn 0.7706 0.4839 -0.4146
vn 0.7681 0.4477 -0.4578
vn 0.2728 0.5119 -0.8146
vn 0.2940 0.5252 -0.7986
vn 0.2893 0.5239 -0.8012
vn 0.2728 0.5127 -0.8141
vn -0.6629 0.6061 -0.4395
vn 0.2670 0.6832 -0.6796
vn 0.1986 0.6815 -0.7043
vn -0.6692 0.6033 -0.4338
vn -0.9801 -0.0374 0.1948
vn -0.9890 -0.0240 0.1461
vn -0.7211 -0.4554 0.5221
vn -0.7368 -0.5009 0.4541
vn -0.1612 -0.7197 0.6753
vn -0.7200 -0.4586 0.5208
vn -0.7369 -0.5043 0.4502
vn -0.2140 -0.8144 0.5394
vn 0.6681 -0.5987 0.4418
vn 0.6192 -0.7419 0.2573
vn 0.9897 -0.0358 -0.1389
vn 0.9486 -0.1329 -0.2872
vn 0.7552 0.4109 -0.5108
vn 0.7239 0.3520 -0.5933
vn 0.7531 0.4101 -0.5145
vn 0.7246 0.3567 -0.5896
vn -0.5189 0.8482 0.1061
vn 0.1168 0.7921 -0.5992
vn 0.0534 0.8016 -0.5955
vn -0.6051 0.7956 0.0301
vn -0.7088 0.1789 0.6823
vn -0.7978 0.1057 0.5936
vn -0.5278 -0.4315 0.7316
vn -0.5594 -0.4673 0.6846
vn 0.0452 -0.8200 0.5705
vn -0.4994 -0.4743 0.7250
vn -0.5565 -0.4820 0.6767
vn -0.1128 -0.8649 0.4892
vn 0.7072 -0.7031 0.0740
vn 0.5269 -0.8430 -0.1086
vn 0.8435 -0.1508 -0.5155
vn 0.7106 -0.1993 -0.6748
vn 0.5623 0.3789 -0.7350
vn 0.4800 0.3611 -0.7995
vn 0.5258 0.4088 -0.7459
vn 0.4798 0.3850 -0.7884
vn -0.6871 0.7177 0.1130
vn -0.0190 0.8399 -0.5425
vn -0.0925 0.8285 -0.5524
vn -0.7276 0.6818 0.0756
vn -0.7456 -0.0033 0.6664
vn -0.7972 -0.0428 0.6021
vn -0.4457 -0.5457 0.7096
vn -0.4759 -0.5729 0.6673
vn 0.1229 -0.8497 0.5128
vn -0.4265 -0.5680 0.7039
vn -0.4748 -0.5806 0.6614
vn 0.0070 -0.8962 0.4436
vn 0.7560 -0.6543 -0.0206
vn 0.6308 -0.7587 -0.1627
vn 0.8259 -0.0129 -0.5636
vn 0.7193 -0.0519 -0.6927
vn 0.4829 0.5002 -0.7188
vn 0.4128 0.4784 -0.7751
vn 0.4585 0.5155 -0.7239
vn 0.4163 0.4896 -0.7662
vn -0.9596 0.2235 -0.1708
vn -0.2982 0.5296 -0.7941
vn -0.3511 0.5097 -0.7854
vn -0.9593 0.2198 -0.1775
vn -0.7509 -0.2962 0.5903
vn -0.7832 -0.2974 0.5460
vn -0.2507 -0.5157 0.8193
vn -0.2688 -0.5601 0.7836
vn 0.3933 -0.5237 0.7557
vn -0.2398 -0.5193 0.8203
vn -0.2660 -0.5629 0.7826
vn 0.3437 -0.6385 0.6887
vn 0.9624 -0.1770 0.2060
vn 0.9274 -0.3629 0.0908
vn 0.8162 0.2742 -0.5085
vn 0.7747 0.1499 -0.6143
vn 0.2980 0.4924 -0.8177
vn 0.2685 0.4242 -0.8649
vn 0.2945 0.4907 -0.8200
vn 0.2691 0.4308 -0.8614
vn -0.4408 -0.1441 -0.8860
vn -0.4126 -0.7864 -0.4597
vn 0.4924 0.8698 -0.0314
vn 0.2070 0.8448 -0.4935
vn 0.4194 0.8850 -0.2021
vn 0.3029 0.7275 -0.6157
vn -0.0250 0.5590 -0.8288
vn 0.0457 0.7345 -0.6770
vn 0.2039 0.4551 -0.8668
vn -0.3360 -0.4531 -0.8257
vn 0.1502 0.4502 -0.8802
vn -0.0877 -0.9504 0.2985
vn -0.2407 -0.7780 0.5803
vn 0.0511 0.9407 -0.3354
vn -0.4913 -0.8429 0.2194
vn 0.3059 0.5690 0.7633
vn -0.4030 -0.9136 -0.0544
vn -0.3861 -0.9223 -0.0180
vn -0.1602 -0.4320 -0.8875
vn 0.0566 -0.4790 -0.8760
vn -0.3031 -0.9505 0.0684
vn 0.2149 0.6597 -0.7202
vn 0.3187 0.9185 -0.2342
vn 0.3392 0.9117 -0.2317
vn 0.3089 0.6731 -0.6720
vn 0.1263 0.3279 -0.9362
vn 0.2615 0.2933 -0.9196
vn 0.1287 0.3314 -0.9347
vn 0.2638 0.2959 -0.9181
vn -0.2745 -0.8110 0.5167
vn -0.3294 -0.7206 0.6101
vn -0.0534 -0.3443 0.9373
vn -0.0938 -0.4918 0.8657
vn 0.2039 0.5327 0.8214
vn 0.1863 -0.5550 -0.8107
vn 0.3790 -0.6383 -0.6700
vn -0.0770 -0.9713 0.2250
vn -0.2253 -0.9638 0.1428
vn 0.3183 0.9303 -0.1821
vn 0.3027 0.9344 -0.1877
vn 0.4083 0.6476 -0.6433
vn 0.3426 0.6609 -0.6678
vn 0.3442 0.2642 -0.9010
vn 0.4507 0.2212 -0.8649
vn 0.3470 0.2670 -0.8990
vn 0.4519 0.2225 -0.8638
vn -0.2578 -0.6775 0.6889
vn -0.3110 -0.6948 0.6485
vn -0.2481 -0.2559 0.9343
vn -0.2493 -0.2105 0.9453
vn 0.0970 0.6370 0.7647
vn -0.2465 -0.2861 0.9259
vn -0.2429 -0.2237 0.9439
vn 0.0364 0.6669 0.7442
vn -0.1968 -0.3653 0.9099
vn -0.1993 -0.3838 0.9016
vn 0.1744 0.2314 0.9571
vn -0.3505 -0.1740 0.9202
vn -0.3140 -0.1065 0.9434
vn 0.2583 0.3863 0.8855
vn -0.7064 -0.5570 0.4368
vn -0.6489 -0.4551 0.6098
vn -0.5980 -0.7047 -0.3818
vn -0.8038 -0.4909 0.3360
vn -0.7311 -0.5295 -0.4302
vn 0.0312 -0.4872 -0.8728
vn -0.1275 -0.3554 -0.9260
vn 0.5089 -0.1579 -0.8462
vn 0.4698 -0.0642 -0.8805
vn 0.8635 0.2527 -0.4364
vn 0.5123 -0.1560 -0.8445
vn 0.4918 -0.0217 -0.8705
vn 0.8373 0.4043 -0.3681
vn 0.7953 0.5145 0.3206
vn 0.7595 0.5785 0.2975
vn 0.2241 0.3065 0.9251
vn -0.3694 -0.1651 0.9145
vn -0.9499 -0.1910 0.2473
vn -0.9043 -0.1330 -0.4057
vn -0.3778 -0.1058 -0.9198
vn 0.3602 0.0227 -0.9326
vn 0.4946 0.0539 -0.8675
vn 0.6922 0.6851 -0.2271
vn 0.5426 0.7938 0.2747
vn 0.2070 0.5115 0.8340
vn -0.4328 -0.0921 0.8968
vn -0.8513 0.4301 -0.3006
vn -0.8881 0.3111 0.3385
vn -0.7230 0.4978 0.4789
vn -0.7045 0.6646 -0.2488
vn -0.3901 0.3342 -0.8580
vn -0.1764 0.5205 -0.8354
vn 0.3262 -0.0498 -0.9440
vn 0.4166 0.0685 -0.9065
vn 0.9270 0.3244 -0.1883
vn 0.5043 0.0150 -0.8634
vn 0.4747 -0.0282 -0.8797
vn 0.6240 -0.6567 -0.4235
vn 0.9639 -0.0322 0.2644
vn 0.3853 -0.9222 -0.0332
vn 0.1699 0.1074 0.9796
vn 0.1874 -0.6552 0.7319
vn -0.4396 0.0718 0.8953
vn -0.3109 0.0633 0.9483
vn -0.6630 0.7101 -0.2368
vn -0.6905 0.4795 0.5416
vn -0.6915 0.4235 0.5851
vn -0.6711 0.7116 -0.2080
vn -0.1218 0.4899 -0.8632
vn -0.1470 0.4372 -0.8873
vn 0.3736 0.0157 -0.9274
vn 0.3007 -0.0406 -0.9528
vn 0.5359 -0.6392 -0.5516
vn 0.3855 -0.0173 -0.9225
vn 0.3045 -0.0483 -0.9513
vn 0.5093 -0.5741 -0.6411
vn 0.4054 -0.9140 -0.0182
vn 0.4076 -0.9132 -0.0003
vn 0.0533 -0.6223 0.7810
vn -0.0536 -0.6019 0.7968
vn -0.3461 -0.0050 0.9382
vn -0.4100 -0.0614 0.9100
vn -0.6994 0.3960 0.5950
vn -0.6295 0.7636 -0.1436
vn -0.1328 0.4974 -0.8573
vn 0.3398 -0.0148 -0.9404
vn 0.3418 -0.0148 -0.9397
vn 0.6185 -0.4890 -0.6151
vn 0.5654 -0.8239 -0.0399
vn -0.0519 -0.6636 0.7463
vn -0.4848 -0.1157 0.8669
vn -0.7147 0.3423 0.6100
vn -0.6110 0.7915 -0.0178
vn -0.1188 0.6563 -0.7451
vn 0.3469 0.0974 -0.9328
vn 0.3512 0.1067 -0.9302
vn 0.6570 -0.4844 -0.5777
vn 0.6195 -0.7850 -0.0088
vn -0.0210 -0.6441 0.7646
vn -0.4883 -0.1683 0.8563
vn -0.6896 0.3460 0.6361
vn -0.6338 0.7634 0.1244
vn -0.1585 0.7853 -0.5985
vn 0.3247 0.1835 -0.9278
vn 0.2996 0.2614 -0.9175
vn 0.5666 -0.5659 -0.5989
vn 0.5281 -0.8374 -0.1409
vn -0.0259 -0.7737 0.6330
vn -0.4610 -0.1762 0.8697
vn -0.1416 0.5172 -0.8441
vn -0.1196 0.5426 -0.8315
vn 0.5956 0.2991 -0.7455
vn 0.5708 0.2900 -0.7682
vn 0.9289 -0.1052 -0.3550
vn 0.9344 -0.1182 -0.3360
vn 0.8818 -0.4549 0.1242
vn 0.8632 -0.4933 0.1074
vn 0.6019 -0.6716 0.4320
vn 0.8840 -0.4409 0.1553
vn 0.8558 -0.5044 0.1147
vn 0.5987 -0.7097 0.3712
vn 0.1069 -0.7932 0.5995
vn 0.0856 -0.8279 0.5543
vn -0.4327 -0.7118 0.5533
vn -0.3664 -0.7162 0.5939
vn -0.7576 -0.4461 0.4766
vn -0.8306 -0.4170 0.3690
vn -0.9999 0.0121 0.0116
vn -0.9965 0.0208 0.0807
vn -0.9041 0.3138 -0.2900
vn -0.9014 0.3015 -0.3108
vn -0.6485 0.4757 -0.5943
vn -0.8979 0.3294 -0.2921
vn -0.8987 0.3055 -0.3145
vn -0.6482 0.4845 -0.5875
vn -0.0789 0.6335 -0.7697
vn 0.6324 0.3960 -0.6658
vn 0.9562 -0.0365 -0.2904
vn 0.8753 -0.4635 0.1382
vn 0.8716 -0.4699 0.1394
vn 0.5965 -0.6998 0.3929
vn 0.0602 -0.8228 0.5652
vn -0.4587 -0.7053 0.5405
vn -0.8322 -0.4268 0.3540
vn -1.0000 0.0065 0.0063
vn -0.9014 0.3168 -0.2951
vn -0.8994 0.3181 -0.2999
vn -0.6297 0.5408 -0.5577
vn -0.0801 0.7050 -0.7046
vn 0.6539 0.4741 -0.5897
vn 0.9755 -0.0109 -0.2199
vn 0.8719 -0.4567 0.1766
vn 0.8671 -0.4654 0.1777
vn 0.8635 -0.4711 0.1804
vn 0.5687 -0.7051 0.4236
vn 0.0240 -0.8104 0.5854
vn -0.4696 -0.6908 0.5498
vn -0.8242 -0.4292 0.3693
vn -0.9996 -0.0180 0.0228
vn -0.9152 0.2974 -0.2720
vn -0.9094 0.3121 -0.2749
vn -0.9069 0.3245 -0.2689
vn -0.6419 0.5696 -0.5132
vn 0.1797 0.9837 0.0019
vn -0.1325 -0.0697 0.9887
vn -0.0774 0.3056 0.9490
vn 0.5435 0.8315 0.1146
vn 0.8578 0.5058 0.0914
vn 0.2634 -0.2938 0.9189
vn 0.9526 -0.2720 0.1362
vn 0.7739 -0.5982 0.2080
vn 0.5541 -0.5787 0.5983
vn 0.8753 -0.4176 0.2439
vn 0.8207 -0.5161 0.2453
vn 0.5389 -0.4325 0.7228
vn 0.0047 -0.5378 0.8430
vn 0.0389 -0.2583 0.9653
vn -0.3333 -0.0667 0.9405
vn -0.4196 -0.3648 0.8312
vn -0.7496 -0.1661 0.6407
vn -0.6363 0.1298 0.7605
vn -0.8794 0.3424 0.3307
vn -0.9755 0.1165 0.1866
vn -0.9310 0.2907 -0.2208
vn -0.9155 0.3442 -0.2081
vn -0.3561 0.9064 -0.2273
vn -0.8674 0.3728 -0.3297
vn -0.8631 0.4071 -0.2990
vn -0.2586 0.9241 -0.2813
vn -0.7089 -0.6843 -0.1706
vn -0.5306 -0.4567 -0.7141
vn 0.0342 -0.8449 -0.5338
vn -0.2690 -0.9629 0.0223
vn 0.1226 -0.9911 0.0524
vn 0.4884 -0.8585 -0.1565
vn 0.7879 -0.5330 0.3085
vn 0.7671 -0.5462 0.3365
vn 0.6517 -0.2166 0.7269
vn 0.8125 -0.4920 0.3126
vn 0.7588 -0.5330 0.3742
vn 0.7119 -0.1616 0.6835
vn 0.2516 0.1316 0.9589
vn 0.3764 0.2950 0.8783
vn -0.0091 0.5813 0.8136
vn -0.1395 0.3751 0.9164
vn -0.4784 0.5358 0.6957
vn -0.3746 0.7121 0.5938
vn -0.7360 0.6606 0.1478
vn -0.7804 0.5773 0.2402
vn -0.8604 0.4463 -0.2462
vn -0.8745 0.4145 -0.2519
vn -0.8720 -0.2115 -0.4414
vn -0.8604 0.4130 -0.2987
vn -0.8755 0.4019 -0.2683
vn -0.8299 0.0357 -0.5567
vn -0.4957 -0.3999 -0.7709
vn 0.0431 -0.8022 -0.5955
vn 0.4424 -0.8846 -0.1479
vn 0.6411 -0.6350 0.4310
vn 0.6514 -0.5919 0.4747
vn 0.6520 -0.1638 0.7403
vn 0.3884 0.3493 0.8527
vn 0.0564 0.6614 0.7479
vn -0.2958 0.7966 0.5272
vn -0.6839 0.7241 0.0892
vn -0.8354 0.4648 -0.2933
vn -0.8411 0.4548 -0.2927
vn -0.7987 0.0887 -0.5952
vn -0.4858 -0.4108 -0.7715
vn -0.0629 -0.8249 -0.5617
vn 0.4131 -0.9091 -0.0540
vn 0.5513 -0.6889 0.4707
vn 0.5671 -0.5561 0.6076
vn 0.5197 -0.1680 0.8377
vn 0.2860 0.4223 0.8602
vn 0.0248 0.7283 0.6848
vn -0.2367 0.8520 0.4671
vn -0.6146 0.7884 0.0276
vn -0.7848 0.5115 -0.3500
vn -0.7874 0.5050 -0.3536
vn -0.7654 0.1318 -0.6299
vn -0.5003 -0.4204 -0.7570
vn -0.5952 -0.3117 -0.7406
vn -0.2036 -0.7174 -0.6662
vn -0.1998 -0.8007 -0.5648
vn 0.4541 -0.8822 -0.1241
vn 0.5474 -0.8083 -0.2168
vn 0.5393 -0.7256 0.4273
vn 0.5931 -0.7296 0.3405
vn 0.5060 -0.2335 0.8303
vn 0.5117 -0.6292 0.5850
vn 0.7667 -0.4139 0.4908
vn 0.4748 0.0106 0.8800
vn 0.1888 0.4898 0.8512
vn 0.2129 0.8110 0.5449
vn 0.1090 0.9109 0.3980
vn -0.0060 0.7484 0.6633
vn -0.1570 0.8914 0.4252
vn 0.0306 0.9581 0.2848
vn -0.3739 0.9275 -0.0049
vn -0.5154 0.8563 0.0347
vn -0.7788 0.1207 -0.6156
vn -0.7879 0.5160 -0.3361
vn -0.7785 0.5549 -0.2933
vn -0.8042 0.1829 -0.5655
vn -0.0144 0.7787 -0.6272
vn 0.6631 0.5894 -0.4613
vn 0.9692 0.1398 -0.2026
vn 0.8965 -0.4013 0.1876
vn 0.5897 -0.6181 0.5199
vn 0.8730 -0.4412 0.2079
vn 0.0524 -0.6436 0.7635
vn -0.4279 -0.4915 0.7585
vn -0.7946 -0.2864 0.5353
vn -0.9972 0.0207 0.0718
vn -0.9274 0.2301 -0.2950
vn -0.5985 0.5756 -0.5573
vn -0.9032 0.2612 -0.3405
vn -0.6208 0.1274 -0.7736
vn -0.6663 0.1816 -0.7232
vn -0.2204 0.0983 -0.9705
vn -0.1570 0.0154 -0.9875
vn 0.0884 -0.0147 -0.9960
vn 0.0989 0.1384 -0.9854
vn -0.5452 -0.8368 -0.0501
vn -0.7543 -0.6416 0.1391
vn -0.8787 -0.4769 0.0208
vn -0.6812 -0.7321 0.0078
vn -0.9919 -0.0239 -0.1246
vn -0.9968 -0.0009 -0.0798
vn -0.8655 0.2010 -0.4588
vn -0.9774 0.1744 -0.1193
vn -0.9929 -0.0228 -0.1170
vn -0.8954 0.1861 -0.4046
vn -0.6865 0.2374 -0.6873
vn -0.2840 0.3342 -0.8987
vn 0.1026 0.3867 -0.9165
vn -0.8237 -0.2518 0.5081
vn -0.9690 -0.1340 0.2076
vn -0.9919 -0.0518 -0.1159
vn -0.9905 -0.0675 -0.1196
vn -0.9138 0.1050 -0.3924
vn -0.6660 0.3213 -0.6732
vn -0.2730 0.4870 -0.8296
vn 0.0934 0.5445 -0.8335
vn -0.6868 0.2849 0.6687
vn -0.9672 -0.0322 0.2520
vn -0.9962 -0.0056 -0.0875
vn -0.9976 0.0057 -0.0690
vn -0.9129 0.1363 -0.3848
vn -0.7153 0.3671 -0.5946
vn -0.2905 0.5583 -0.7771
vn 0.0675 0.6311 -0.7727
vn -0.6491 0.1869 0.7374
vn -0.9729 -0.1076 0.2045
vn -0.9236 0.3826 -0.0239
vn -0.9577 0.2700 0.0996
vn -0.9365 0.2650 -0.2296
vn -0.8039 0.2439 -0.5425
vn -0.2896 0.5677 -0.7706
vn 0.0585 0.6290 -0.7752
vn 0.0557 0.6629 -0.7466
vn -0.8823 -0.3031 0.3601
vn -0.9721 0.0769 0.2218
vn -0.9250 0.3697 -0.0874
vn -0.9053 0.3446 0.2483
vn -0.9802 0.0994 -0.1711
vn -0.7695 0.2883 -0.5698
vn -0.2869 0.6393 -0.7134
vn 0.0425 0.6844 -0.7278
vn -0.9528 -0.1150 0.2810
vn -0.9796 0.1826 0.0841
vn -0.9390 0.2567 -0.2288
vn -0.9734 0.0932 0.2092
vn -0.9719 -0.2187 0.0867
vn -0.9427 0.0005 -0.3336
vn -0.6535 0.4462 -0.6114
vn -0.2106 0.7557 -0.6201
vn 0.0219 0.7925 -0.6095
vn -0.9662 -0.0500 0.2527
vn -0.9972 0.0593 0.0448
vn -0.9855 -0.0525 -0.1613
vn -0.9944 0.0691 -0.0800
vn -0.9618 -0.2737 0.0088
vn -0.1913 -0.6802 -0.7076
vn -0.9592 -0.2812 -0.0299
vn -0.7730 0.1568 0.6147
vn -0.9814 0.0562 0.1837
vn 0.0617 0.0962 -0.9934
vn -0.4878 0.6573 -0.5744
vn -0.4611 0.8609 -0.2153
vn -0.1156 0.9314 -0.3452
vn -0.1389 0.7598 -0.6351
vn 0.0359 0.7772 -0.6282
vn 0.0157 0.9233 -0.3837
vn -0.8156 -0.0834 0.5725
vn -0.6236 -0.0749 0.7782
vn -0.7732 -0.0315 0.6334
vn -0.9255 -0.3101 0.2176
vn -0.2921 0.9538 0.0700
vn -0.0743 0.9932 -0.0900
vn 0.0077 0.9904 -0.1378
vn -0.3911 0.0996 0.9149
vn -0.6068 0.3300 0.7231
vn -0.8171 0.4409 0.3714
vn -0.6771 0.6051 0.4188
vn -0.6120 0.7908 0.0014
vn -0.6763 0.3100 0.6682
vn -0.6280 0.4084 0.6624
vn -0.4702 0.8363 0.2820
vn -0.2522 0.9438 -0.2136
vn -0.0414 0.9622 -0.2692
vn 0.0444 0.9599 -0.2770
vn -0.5282 0.3927 0.7529
vn -0.4387 0.6470 0.6236
vn -0.4371 0.8179 0.3742
vn -0.3786 0.5990 0.7056
vn -0.3823 0.7458 0.5457
vn -0.3623 0.9220 0.1367
vn -0.5822 -0.1775 -0.7934
vn -0.6448 -0.0254 -0.7639
vn -0.2057 -0.2946 -0.9332
vn -0.1304 -0.5191 -0.8447
vn 0.1369 -0.6139 -0.7774
vn -0.1723 -0.3048 -0.9367
vn 0.1689 -0.3344 -0.9272
vn 0.2171 -0.4327 -0.8750
vn 0.1339 0.4927 -0.8599
vn -0.0114 -0.6696 -0.7426
vn 0.1225 -0.6636 -0.7380
vn 0.6420 0.3380 -0.6882
vn 0.7555 0.4739 -0.4523
vn 0.2109 -0.7247 -0.6560
vn 0.6976 0.1541 -0.6997
vn 0.1836 0.9449 -0.2711
vn -0.8288 0.1702 -0.5331
vn -0.7745 0.5479 -0.3162
vn -0.8846 0.4118 -0.2186
vn -0.8567 0.1899 -0.4796
vn -0.9222 -0.1812 0.3416
vn -0.4998 0.4242 -0.7552
vn -0.1523 0.6700 -0.7266
vn 0.0340 0.7360 -0.6762
vn -0.6228 0.7820 0.0230
vn -0.7060 0.2248 0.6715
vn -0.8260 0.3628 0.4315
vn -0.6954 -0.4482 0.5617
vn -0.8064 -0.5782 -0.1237
vn -0.0802 -0.9662 -0.2450
vn 0.1751 -0.8056 -0.5661
vn 0.2941 -0.7596 -0.5801
vn 0.2676 0.4552 -0.8492
vn -0.1499 0.7808 -0.6065
vn -0.3579 0.7163 -0.5990
vn -0.7204 0.6851 -0.1083
vn -0.8275 0.5615 0.0066
vn -0.7534 0.5842 -0.3017
vn -0.6576 0.7291 -0.1896
vn 0.4349 0.0656 -0.8981
vn 0.3446 0.1568 -0.9256
vn -0.3150 0.2584 -0.9132
vn -0.1847 0.2387 -0.9534
vn 0.8835 -0.0365 -0.4670
vn 0.7937 0.1082 -0.5987
vn 0.3056 0.1660 -0.9376
vn 0.4416 0.0892 -0.8928
vn 0.9883 -0.0223 0.1507
vn 0.9982 -0.0147 -0.0582
vn -0.6671 0.3185 -0.6734
vn -0.7267 0.2953 -0.6202
vn -0.9055 0.2660 -0.3306
vn -0.8910 0.3162 -0.3258
vn 0.7942 0.5598 0.2364
vn 0.9330 0.1656 0.3194
vn 0.9872 0.1156 0.1098
vn 0.9168 0.3543 0.1840
vn 0.2675 0.8743 0.4051
vn 0.0057 0.9041 0.4273
vn -0.1048 0.3926 0.9137
vn 0.4272 0.3215 0.8451
vn -0.4338 0.8668 0.2457
vn -0.6845 0.7212 0.1061
vn -0.9185 0.3497 0.1844
vn -0.7737 0.3616 0.5202
vn 0.2579 -0.2004 -0.9451
vn -0.3849 -0.2983 -0.8734
vn 0.6627 -0.4672 -0.5853
vn 0.2458 -0.1973 -0.9490
vn 0.7789 -0.6144 -0.1258
vn 0.5214 -0.8238 0.2224
vn 0.5048 -0.8626 0.0340
vn -0.1776 -0.4804 0.8589
vn 0.3081 -0.5902 0.7461
vn -0.6845 -0.7170 0.1320
vn -0.7076 -0.5635 0.4264
vn -0.6736 -0.4783 -0.5634
vn -0.7877 -0.5300 -0.3140
vn -0.6031 0.5916 -0.5351
vn -0.8449 0.4844 -0.2269
vn -0.8622 0.4469 -0.2386
vn -0.9469 0.2503 0.2020
vn -0.6822 -0.1599 0.7135
vn -0.2805 -0.3656 0.8875
vn 0.2629 -0.4502 0.8533
vn 0.7630 -0.3664 0.5325
vn 0.9503 -0.2476 0.1887
vn 0.9525 -0.2352 0.1934
vn 0.9236 0.0575 -0.3791
vn 0.4963 0.3956 -0.7728
vn -0.1569 0.5912 -0.7911
vn 0.7642 0.1995 0.6134
vn 0.7919 0.4210 0.4424
vn 0.9172 0.0742 0.3915
vn 0.9752 0.0496 0.2155
vn 0.3441 0.3300 0.8791
vn -0.1381 0.4046 0.9040
vn 0.0315 0.8221 0.5685
vn 0.3173 0.7825 0.5357
vn -0.5864 0.3955 0.7069
vn -0.9142 0.3438 0.2146
vn -0.6874 0.6540 0.3158
vn -0.2596 0.8298 0.4940
vn -0.9308 0.3652 0.0166
vn -0.9631 0.2573 -0.0786
vn 0.5534 -0.8317 0.0447
vn -0.6737 -0.7261 -0.1373
vn 0.6280 0.7260 0.2803
vn 0.0633 0.9703 0.2337
vn 0.1934 0.9490 0.2492
vn -0.4463 0.8782 0.1717
vn -0.0805 0.9705 0.2271
vn -0.7863 0.6123 0.0824
vn -0.9535 0.2994 -0.0360
vn -0.6546 -0.7532 -0.0641
vn 0.5169 0.7901 0.3294
vn -0.2031 0.9130 0.3537
vn 0.4972 -0.8670 0.0326
vn 0.5231 -0.8223 0.2239
vn -0.0927 -0.9957 -0.0058
vn -0.0937 -0.9950 -0.0343
vn 0.5337 -0.8447 0.0407
vn -0.0956 -0.9928 -0.0716
vn 0.7765 -0.6146 -0.1390
vn -0.0969 -0.9924 -0.0756
vn 0.6809 -0.4234 -0.5976
vn -0.0985 -0.9922 -0.0770
vn 0.2604 -0.1302 -0.9567
vn 0.3084 -0.5893 0.7467
vn -0.1775 -0.4796 0.8593
vn -0.0916 -0.9958 -0.0075
vn 0.4471 -0.6918 0.5670
vn -0.3810 -0.2473 -0.8909
vn -0.6914 -0.4386 -0.5741
vn -0.8005 -0.5040 -0.3244
vn -0.6908 -0.7104 -0.1343
vn -0.6621 -0.7467 -0.0640
vn -0.6848 -0.7165 0.1328
vn -0.6118 -0.5007 0.6124
vn -0.7080 -0.5629 0.4266
vn -0.5918 0.3906 0.7052
vn -0.6116 -0.5013 0.6121
vn 0.6735 0.2426 0.6982
vn 0.4467 -0.6923 0.5667
vn -0.2181 -0.9722 -0.0852
vn -0.3551 -0.7816 0.5129
vn -0.6760 -0.6978 0.2369
vn -0.4574 -0.8782 -0.1397
vn -0.3106 -0.2349 0.9211
vn -0.6496 -0.2647 0.7127
vn -0.3472 0.1381 0.9276
vn -0.4948 0.4086 0.7670
vn -0.4404 -0.0398 0.8969
vn -0.6055 0.2729 0.7475
vn -0.3417 -0.5102 0.7892
vn -0.5794 -0.5093 0.6363
vn -0.2923 -0.4207 0.8588
vn -0.6155 -0.3944 0.6823
vn -0.2357 -0.2628 0.9356
vn -0.6547 -0.2250 0.7216
vn -0.1359 -0.0827 0.9873
vn -0.1299 0.0510 0.9902
vn -0.3543 0.0296 0.9347
vn -0.4667 -0.0483 0.8831
vn -0.1637 -0.0162 0.9864
vn -0.2300 0.0233 0.9729
vn -0.5166 -0.1845 0.8361
vn -0.3636 0.1054 0.9256
vn -0.1732 -0.3312 0.9275
vn -0.5997 -0.2470 0.7611
vn -0.0000 -0.0000 -1.0000
vn -0.6055 -0.4744 -0.6389
vn 0.1631 -0.4327 0.8867
vn -0.3978 0.7153 -0.5746
vn -0.4116 -0.8738 0.2591
vn -0.8935 -0.2006 0.4017
vn -0.6816 -0.1357 0.7190
vn 0.5494 0.2756 -0.7888
vn 0.2243 0.2559 -0.9403
vn -0.0867 0.2342 -0.9683
vn -0.3777 0.1269 -0.9172
vn -0.5257 -0.0414 -0.8497
vn -0.8869 -0.0958 -0.4520
vn -0.9851 -0.1720 0.0003
vn -0.4911 -0.0777 0.8676
vn -0.3529 -0.0192 0.9355
vn -0.7626 -0.0447 0.6453
vn -0.6920 0.1696 0.7017
vn -0.9463 0.2551 0.1988
vn -0.9450 0.2860 -0.1589
vn -0.7567 0.5345 -0.3765
vn -0.4271 0.7204 -0.5465
vn -0.0064 0.7864 -0.6176
vn -0.3468 0.9378 0.0184
vn -0.0695 0.7873 -0.6127
vn 0.3118 0.2857 -0.9062
vn 0.2058 0.3913 -0.8969
vn 0.4345 -0.6251 -0.6484
vn 0.1869 -0.9533 -0.2374
vn -0.2169 -0.7764 0.5917
vn -0.4413 -0.2788 0.8529
vn -0.4544 0.3682 0.8112
vn 0.6548 0.4233 -0.6261
vn -0.0665 0.5927 -0.8027
vn 0.9570 -0.0149 -0.2897
vn 0.8701 -0.4581 0.1821
vn 0.6011 -0.6478 0.4680
vn 0.8561 -0.4874 0.1719
vn -0.4417 -0.5810 0.6836
vn 0.0663 -0.7083 0.7028
vn -0.9993 -0.0337 0.0147
vn -0.8066 -0.3627 0.4668
vn -0.9246 0.1725 -0.3397
vn -0.6243 0.4477 -0.6402
vn -0.9107 0.2004 -0.3612
vn -0.2797 0.8683 0.4098
vn -0.2808 0.8850 0.3714
vn -0.2944 0.9045 0.3087
vn -0.2454 0.8755 0.4162
vn -0.2451 0.8657 0.4364
vn -0.2387 0.8483 0.4727
vn 0.3763 0.5855 0.7180
vn 0.5440 0.6034 0.5830
vn 0.5202 0.5549 0.6492
vn 0.3815 0.6224 0.6834
vn -0.2183 0.3862 0.8962
vn -0.0551 0.5993 0.7986
vn -0.0763 0.5905 0.8034
vn -0.2241 0.3117 0.9234
vn -0.4314 0.6969 -0.5729
vn -0.4763 0.6624 -0.5783
vn -0.4777 0.6697 -0.5685
vn -0.4309 0.7035 -0.5652
vn 0.0159 0.9444 0.3285
vn -0.1686 0.9520 0.2555
vn -0.1731 0.9554 0.2393
vn 0.0914 0.9099 0.4046
vn 0.1920 0.9304 0.3121
vn 0.1935 0.9313 0.3086
vn 0.1935 0.9313 0.3087
vn 0.1923 0.9304 0.3122
vn -0.0249 0.9891 0.1451
vn 0.0059 0.9892 0.1467
vn 0.0059 0.9891 0.1468
vn 0.2457 0.8377 0.4878
vn 0.2433 0.8416 0.4822
vn -0.2418 0.1895 0.9516
vn -0.2387 0.1795 0.9543
vn 0.1528 -0.1797 0.9718
vn 0.3019 -0.1834 0.9355
vn 0.1860 -0.2351 0.9540
vn 0.2011 -0.1963 0.9597
vn 0.1880 0.5668 0.8021
vn 0.0133 0.6225 0.7825
vn 0.0110 0.6258 0.7799
vn 0.1796 0.5709 0.8011
vn -0.0314 0.7257 0.6873
vn -0.0307 0.7245 0.6886
vn 0.0341 0.7205 0.6926
vn 0.0886 0.7981 0.5959
vn 0.0897 0.7987 0.5950
vn 0.0230 0.7986 0.6014
vn 0.0673 0.7707 0.6337
vn 0.1551 0.7641 0.6261
vn 0.1586 0.7609 0.6292
vn 0.0640 0.7730 0.6312
vn 0.1598 0.7647 0.6243
vn 0.1682 0.7153 0.6783
vn 0.1686 0.7287 0.6638
vn 0.1656 0.7637 0.6240
vn 0.1286 0.7058 0.6967
vn 0.1762 0.7345 0.6554
vn 0.1727 0.7348 0.6559
vn 0.1293 0.7128 0.6893
vn 0.2368 0.7552 0.6112
vn 0.2607 0.7015 0.6633
vn 0.2605 0.7027 0.6621
vn 0.1952 0.7122 0.6743
vn 0.2710 0.7128 0.6469
vn 0.3015 0.6196 0.7247
vn 0.2899 0.6230 0.7265
vn 0.2633 0.7182 0.6441
vn 0.7295 -0.6711 0.1320
vn 0.7852 -0.5950 0.1715
vn 0.7837 -0.6010 0.1568
vn 0.7105 -0.6971 0.0960
vn 0.7131 -0.6930 0.1060
vn 0.6231 -0.7735 0.1155
vn 0.6168 -0.7688 0.1690
vn 0.6323 -0.7553 0.1726
vn 0.5975 -0.7910 0.1319
vn 0.5955 -0.7937 0.1237
vn 0.6001 -0.7811 0.1722
vn 0.5728 -0.7860 0.2327
vn 0.5821 -0.7775 0.2380
vn 0.6052 -0.7806 0.1561
vn 0.6056 -0.7791 0.1623
vn 0.4913 -0.8381 0.2372
vn 0.5817 -0.7959 0.1676
vn 0.5819 -0.7958 0.1678
vn 0.5313 -0.8072 0.2573
vn 0.5018 -0.8308 0.2408
vn 0.5392 0.2849 0.7925
vn 0.3039 0.3018 0.9036
vn 0.2955 0.3046 0.9055
vn 0.5374 0.2842 0.7940
vn 0.7799 0.5417 0.3134
vn 0.8467 0.3623 0.3896
vn 0.8452 0.3641 0.3912
vn 0.7727 0.5518 0.3137
vn 0.8673 0.3189 0.3823
vn 0.8091 0.1907 0.5559
vn 0.8086 0.1779 0.5609
vn 0.7834 0.2031 0.5874
vn 0.7879 0.3142 0.5296
vn 0.7372 0.1537 0.6580
vn 0.7147 0.1599 0.6809
vn 0.7744 0.3230 0.5441
vn 0.2385 0.9358 0.2598
vn 0.2618 0.9545 0.1430
vn 0.2586 0.9543 0.1499
vn 0.2681 0.9244 0.2712
vn -0.0508 0.9551 0.2918
vn -0.1741 0.9460 0.2736
vn 0.7039 0.6046 0.3728
vn 0.7032 0.6049 0.3737
vn 0.7648 0.6078 0.2137
vn -0.6650 0.7343 -0.1364
vn -0.6007 0.7981 -0.0466
vn 0.8119 0.3253 -0.4848
vn -0.5258 0.8400 -0.1338
vn -0.5221 0.8524 -0.0291
vn -0.6308 0.7759 -0.0006
vn -0.5973 -0.7746 -0.2078
vn -0.7724 0.5754 -0.2690
vn 0.0107 -0.4982 -0.8670
vn -0.4904 0.8403 -0.2310
vn 0.4660 -0.1709 -0.8681
vn -0.4908 0.8693 -0.0582
vn 0.6684 -0.7225 0.1768
vn 0.6690 -0.7230 0.1725
vn 0.4305 -0.1726 -0.8859
vn -0.5161 0.8510 -0.0970
vn -0.9775 -0.0375 0.2074
vn -0.8700 -0.4605 0.1758
vn 0.4555 -0.1839 -0.8710
vn 0.9869 0.0341 0.1575
vn 0.9869 0.0340 0.1575
vn 0.6513 -0.4374 0.6201
vn 0.5860 -0.3729 0.7194
vn 0.5754 -0.0609 -0.8156
vn 0.9820 -0.0006 0.1888
vn 0.9823 -0.0010 0.1872
vn 0.9839 0.0497 0.1718
vn 0.9837 0.0500 0.1727
vn 0.9842 0.0492 0.1702
vn -0.0214 -0.9969 -0.0762
vn 0.0145 -0.9980 -0.0611
vn -0.0937 -0.0239 -0.9953
vn -0.0467 -0.0149 -0.9988
vn -0.6333 0.1982 -0.7481
vn -0.0000 -0.0000 1.0000
vn 0.2440 0.3593 0.9008
vn 0.0637 0.0938 0.9935
vn -0.9869 -0.0341 -0.1575
vn -0.9869 -0.0340 -0.1575
vn -0.6821 0.1187 -0.7216
vn -0.0799 -0.0352 -0.9962
vn -0.7108 -0.6835 -0.1663
vn -0.7090 -0.6842 -0.1706
vn -0.6970 -0.6973 -0.1672
vn -0.6999 -0.6955 -0.1625
vn -0.9645 0.1431 0.2218
vn -0.9796 0.0662 0.1899
vn -0.8704 -0.4516 0.1960
vn -0.8206 -0.5525 0.1462
vn -0.0907 -0.0195 -0.9957
vn -0.9853 -0.0163 -0.1701
vn -0.9868 0.0010 -0.1620
vn -0.9825 -0.0378 -0.1824
vn -0.9798 -0.0507 -0.1933
vn -0.9917 0.1283 0.0028
vn -0.9655 0.2593 0.0224
vn -0.5922 0.0829 0.8015
vn -0.3205 -0.9462 0.0446
vn -0.7427 -0.6460 0.1763
vn -0.2810 -0.8980 -0.3387
vn -0.5860 -0.1575 0.7949
vn -0.9497 0.1991 0.2419
vn 0.3913 0.9183 -0.0604
vn 0.8020 0.5766 -0.1560
vn -0.0795 0.9960 0.0418
vn -0.5233 0.8418 0.1326
vn -0.7906 0.5843 0.1831
vn 0.9570 0.2120 -0.1981
vn 0.9613 -0.1514 -0.2302
vn 0.9045 -0.2995 -0.3037
vn -0.9264 0.3156 0.2053
vn 0.7914 -0.2558 -0.5552
vn -0.7679 -0.4959 0.4055
vn -0.3170 -0.7370 0.5970
vn -0.1179 -0.0865 0.9893
vn -0.3437 -0.3028 0.8889
vn -0.0806 0.0380 0.9960
vn -0.0767 -0.0787 0.9939
vn -0.0724 -0.3199 0.9447
vn -0.0767 -0.3727 0.9248
vn -0.0788 -0.2187 0.9726
vn -0.0809 -0.4791 0.8740
vn -0.1222 -0.2206 0.9677
vn -0.1027 -0.0087 0.9947
vn -0.0956 -0.2511 0.9632
vn -0.0721 -0.7831 0.6177
vn -0.0154 -0.9991 -0.0387
vn 0.0623 -0.8540 -0.5165
vn 0.4713 0.5075 -0.7213
vn 0.0985 0.8299 -0.5492
vn -0.0984 0.5655 0.8189
vn -0.1013 0.5649 0.8189
vn -0.1575 0.3554 0.9213
vn -0.1621 0.3554 0.9205
vn -0.7231 0.1607 -0.6718
vn -0.8312 0.0734 0.5511
vn -0.7733 -0.0373 0.6329
vn -0.1839 0.2354 0.9543
vn -0.5997 0.2743 0.7518
vn -0.7221 -0.4656 0.5117
vn -0.5120 -0.5726 0.6403
vn 0.7369 0.0498 -0.6742
vn 0.7352 0.0303 -0.6772
vn 0.7382 0.0526 -0.6725
vn 0.7416 0.0600 -0.6682
vn 0.6746 0.0564 -0.7360
vn 0.6714 0.0731 -0.7375
vn 0.6742 0.0624 -0.7359
vn 0.6772 0.0591 -0.7334
vn -0.1328 0.9804 -0.1454
vn -0.1326 0.9805 -0.1452
vn 0.3955 0.7863 0.4746
vn 0.4022 0.7860 0.4696
vn -0.3545 0.8691 -0.3449
vn -0.3547 0.8691 -0.3448
vn 0.2053 -0.9512 0.2303
vn 0.2273 -0.9555 0.1880
vn -0.0487 -0.9962 -0.0716
vn -0.0528 -0.9967 -0.0617
vn -0.8275 0.0981 0.5529
vn -0.8198 0.1445 0.5541
vn -0.7968 0.0831 0.5985
vn -0.7831 0.0584 0.6191
vn -0.8345 -0.3974 0.3817
vn -0.7868 -0.4966 0.3665
vn -0.8933 -0.1477 0.4245
vn -0.9172 -0.0784 0.3906
vn -0.5019 0.5353 0.6794
vn -0.6354 0.4079 0.6557
vn -0.6671 0.5684 0.4816
vn -0.6945 0.5641 0.4466
vn -0.5905 -0.4612 0.6623
vn -0.5795 -0.7398 0.3419
vn -0.6927 -0.0630 0.7184
vn -0.6549 -0.1209 0.7460
vn -0.5195 -0.6028 0.6056
vn -0.2458 -0.8356 0.4912
vn -0.3945 -0.8928 0.2172
vn -0.5903 -0.5822 0.5592
vn -0.4717 -0.1666 0.8659
vn -0.2895 -0.0693 0.9547
vn -0.2506 -0.0765 0.9651
vn -0.1880 0.0648 0.9800
vn -0.1103 -0.2378 0.9650
vn -0.0439 -0.2982 0.9535
vn 0.1341 -0.1693 0.9764
vn -0.1345 -0.1405 0.9809
vn -0.0476 -0.1999 0.9787
vn 0.1777 -0.2870 0.9413
vn -0.6889 0.3886 0.6120
vn -0.7595 0.2749 0.5896
vn -0.8636 -0.2414 0.4427
vn -0.8968 -0.0119 0.4423
vn -0.7630 0.0469 0.6447
vn -0.9068 0.1701 0.3856
vn -0.9167 0.1566 0.3677
vn -0.9113 0.1390 0.3876
vn -0.5896 -0.0069 0.8077
vn -0.6675 -0.1442 0.7305
vn -0.4447 -0.2376 0.8636
vn -0.3483 -0.1269 0.9288
vn -0.4968 0.0413 0.8669
vn -0.6823 0.0263 0.7306
vn -0.7124 -0.1452 0.6866
vn -0.5041 -0.1950 0.8413
vn -0.5824 0.1988 0.7882
vn -0.5065 -0.0789 0.8586
vn -0.0277 -0.0520 0.9983
vn -0.1779 0.1619 0.9706
vn -0.5058 0.3049 0.8070
vn -0.3963 0.0997 0.9127
vn -0.5477 -0.2036 0.8115
vn -0.7868 -0.1149 0.6065
vn -0.5897 0.2409 0.7708
vn -0.4477 0.4216 0.7886
vn -0.1774 0.2590 0.9494
vn -0.7654 -0.1966 0.6128
vn -0.4484 0.3561 0.8198
vn -0.3784 0.2315 0.8962
vn -0.6362 -0.5482 0.5429
vn -0.6362 -0.5481 0.5430
vn -0.6361 -0.5476 0.5436
vn -0.6563 -0.5305 0.5366
vn -0.6564 -0.5331 0.5339
vn -0.6562 -0.5359 0.5312
vn -0.1652 0.3354 0.9275
vn -0.1646 0.3125 0.9355
vn -0.4309 0.4308 0.7930
vn -0.4598 0.3755 0.8047
vn -0.6401 -0.4269 0.6387
vn -0.4439 -0.3776 0.8126
vn -0.5832 -0.4843 0.6522
vn -0.6320 -0.5108 0.5828
vn -0.0778 -0.5563 0.8273
vn -0.2528 -0.4690 0.8463
vn -0.4920 -0.5666 0.6610
vn -0.2328 -0.7451 0.6250
vn -0.5357 -0.1468 0.8316
vn -0.2632 0.0524 0.9633
vn -0.5565 -0.2004 0.8063
vn -0.5598 -0.2046 0.8030
vn -0.5593 -0.2095 0.8020
vn -0.5751 -0.1145 0.8100
vn -0.3303 -0.1538 0.9313
vn -0.4959 -0.3164 0.8087
vn -0.0545 0.1052 0.9930
vn -0.4837 -0.2736 0.8314
vn -0.1619 -0.8511 0.4994
vn -0.0978 -0.2651 0.9592
vn -0.2059 -0.1043 0.9730
vn -0.0339 0.3268 0.9445
vn 0.0055 0.2518 0.9678
vn -0.5904 -0.3476 0.7284
vn -0.6989 0.0562 0.7130
vn -0.8014 0.1754 0.5719
vn -0.7994 -0.1398 0.5843
vn -0.9591 -0.0060 0.2829
vn -0.9055 0.2898 0.3099
vn -0.4654 0.2753 0.8412
vn -0.4670 0.2732 0.8410
vn -0.2569 0.1122 0.9599
vn -0.2770 -0.1821 0.9435
vn -0.7385 -0.0533 0.6721
vn -0.7354 -0.0302 0.6770
vn -0.7378 -0.0494 0.6732
vn -0.7421 -0.0596 0.6676
vn -0.6746 -0.0625 0.7355
vn -0.6714 -0.0731 0.7375
vn -0.6747 -0.0564 0.7359
vn -0.6762 -0.0588 0.7344
vn -0.5351 -0.1011 0.8387
vn -0.1304 -0.7827 0.6086
vn -0.1304 -0.7826 0.6087
vn -0.0803 0.1878 0.9789
vn -0.8160 -0.3126 0.4863
vn -0.7410 -0.4903 0.4588
vn -0.9385 0.1269 0.3211
vn -0.8130 0.5094 0.2818
vn -0.7251 0.6026 0.3334
vn -0.7018 0.4993 0.5081
vn -0.6107 -0.2679 0.7451
vn -0.6199 -0.6165 0.4854
vn 0.7663 0.4579 0.4507
vn 0.8252 0.5384 0.1709
vn 0.4370 0.8624 0.2553
vn 0.4381 0.7292 0.5257
vn -0.0110 0.9373 0.3485
vn 0.0541 0.7970 0.6015
vn -0.4330 0.7759 0.4589
vn -0.3302 0.6348 0.6986
vn -0.6807 0.5300 0.5057
vn -0.5461 0.4318 0.7178
vn 0.9033 0.1562 0.3995
vn 0.9724 0.1928 0.1317
vn 0.6520 0.3500 0.6726
vn 0.4063 0.5584 0.7233
vn 0.1101 0.6126 0.7827
vn -0.2187 0.4689 0.8558
vn -0.3894 0.3488 0.8525
vn 0.7567 0.1076 0.6449
vn 0.4656 0.1975 0.8627
vn 0.3195 0.2822 0.9046
vn 0.1678 0.3055 0.9373
vn -0.0323 0.2220 0.9745
vn -0.0818 0.1228 0.9890
vn 0.5741 0.0490 0.8173
vn 0.4671 0.2086 0.8592
vn 0.3000 0.1949 0.9338
vn 0.1842 0.1521 0.9711
vn 0.0534 0.0844 0.9950
vn 0.0267 0.0320 0.9991
vn 0.0728 0.0563 0.9958
vn 0.7953 0.0355 0.6052
vn -0.2123 0.0774 0.9741
vn -0.2154 -0.0685 0.9741
vn -0.0660 -0.1374 0.9883
vn -0.0303 0.1780 0.9836
vn 0.2844 0.0250 0.9584
vn 0.1770 0.1887 0.9660
vn -0.2254 -0.2355 0.9454
vn -0.0308 -0.2164 0.9758
vn 0.3210 -0.1757 0.9306
vn 0.0958 -0.9009 0.4234
vn -0.0230 -0.8442 0.5355
vn 0.0821 -0.4351 0.8967
vn 0.1714 -0.4944 0.8521
vn 0.1204 -0.1054 0.9871
vn 0.1398 -0.6867 0.7134
vn 0.0779 -0.6540 0.7524
vn -0.0312 -0.7854 0.6182
vn 0.2418 -0.4651 0.8516
vn 0.3646 -0.2867 0.8859
vn 0.0879 -0.3333 0.9387
vn -0.1417 -0.2816 0.9490
vn -0.0751 -0.4226 0.9032
vn 0.1987 -0.5291 0.8250
vn 0.1147 -0.5973 0.7938
vn 0.3873 -0.2460 0.8885
vn -0.6912 0.2659 0.6720
vn 0.1739 -0.3557 0.9183
vn 0.4690 -0.1730 0.8661
vn 0.3958 -0.3336 0.8556
vn 0.4766 -0.5108 0.7155
vn 0.0233 -0.4117 0.9110
vn -0.1550 -0.5265 0.8360
vn 0.5682 -0.1823 0.8024
vn 0.9837 -0.1254 0.1287
vn 0.9056 -0.1155 0.4081
vn 0.7501 -0.1221 0.6500
vn 0.6435 -0.1421 0.7521
vn 0.7402 -0.1240 0.6609
vn 0.9765 -0.2149 0.0148
vn 0.9307 -0.1663 0.3258
vn 0.7837 -0.1418 0.6048
vn 0.6075 -0.1636 0.7773
vn 0.9862 -0.0696 0.1504
vn 0.8371 -0.1202 0.5336
vn 0.6108 -0.1545 0.7766
vn -0.8341 0.3289 0.4429
vn 0.0871 0.8409 0.5342
vn -0.4549 0.5280 0.7172
vn -0.6408 0.2587 0.7228
vn 0.8405 0.5389 0.0557
vn 0.5091 0.8103 0.2903
vn -0.7364 -0.2992 0.6068
vn 0.9680 0.1817 -0.1730
vn -0.6268 -0.4571 0.6310
vn 0.3141 -0.9494 -0.0034
vn 0.8177 -0.3280 -0.4730
vn 0.9631 0.0334 -0.2672
vn -0.8081 0.1970 0.5551
vn -0.8215 0.1549 0.5488
vn 0.9725 -0.0912 -0.2143
vn -0.9235 0.3720 0.0938
vn -0.5084 0.4557 -0.7306
vn 0.3804 0.4141 -0.8269
vn 0.0085 0.8677 -0.4971
vn -0.2150 0.8677 -0.4482
vn 0.1241 0.0996 -0.9873
vn 0.0023 -0.2659 -0.9640
vn -0.1206 0.8023 -0.5846
vn 0.0679 0.8953 0.4403
vn -0.1492 0.8978 -0.4144
vn -0.1171 0.8056 -0.5808
vn -0.0924 0.9831 0.1578
vn -0.1987 -0.9425 0.2686
vn -0.6352 -0.6397 0.4329
vn -0.8477 0.1844 0.4973
vn -0.7743 0.4507 -0.4442
vn -0.7439 -0.3037 -0.5953
vn -0.6071 -0.7487 0.2663
vn -0.3285 0.8560 -0.3991
vn -0.7688 0.4594 -0.4449
vn -0.8472 0.1898 0.4962
vn -0.3215 0.9219 0.2162
vn -0.3513 -0.1712 0.9205
vn -0.2534 -0.7058 0.6615
vn -0.3522 -0.1752 0.9194
vn -0.1126 0.4616 0.8799
vn -0.5387 0.6114 -0.5796
vn -0.6292 0.6721 -0.3904
vn -0.4760 -0.0907 -0.8748
vn -0.4176 0.3128 -0.8531
vn -0.6097 0.7715 0.1819
vn -0.0513 0.7297 -0.6818
vn -0.6080 0.5562 -0.5666
vn -0.6809 0.7299 -0.0609
vn -0.1220 -0.5751 0.8089
vn -0.2914 -0.2671 0.9186
vn 0.3385 0.7079 0.6199
vn 0.0633 0.8244 0.5624
vn -0.0633 0.7346 0.6756
vn -0.2125 0.8432 0.4938
vn -0.2687 0.6179 0.7389
vn 0.1832 0.6660 0.7231
vn -0.0145 0.6604 0.7508
vn -0.1655 0.5158 0.8406
vn -0.4178 0.2811 0.8639
vn -0.3758 0.5169 0.7692
vn 0.1715 0.4698 0.8660
vn 0.0037 0.3684 0.9296
vn -0.4185 0.0967 0.9031
vn -0.3867 0.1762 0.9052
vn 0.4212 0.3836 0.8219
vn 0.7613 0.0275 0.6478
vn 0.7360 -0.0470 0.6754
vn 0.4977 -0.4689 0.7297
vn 0.4891 -0.2415 0.8381
vn 0.3451 0.3050 0.8876
vn 0.6597 -0.1759 0.7306
vn 0.2498 0.1574 0.9554
vn 0.5994 -0.3077 0.7389
vn -0.2589 -0.0166 0.9658
vn -0.3936 0.1607 0.9051
vn 0.0417 -0.0071 0.9991
vn 0.5489 -0.5206 0.6540
vn 0.9273 -0.3257 -0.1844
vn 0.9600 -0.2798 -0.0086
vn 0.9056 -0.3664 0.2139
vn 0.8335 -0.4314 0.3453
vn 0.3206 -0.5916 -0.7397
vn 0.8807 -0.4541 0.1348
vn 0.8218 -0.4434 0.3578
vn 0.4815 -0.6752 -0.5589
vn 0.3535 -0.1552 -0.9225
vn 0.5550 -0.0709 -0.8288
vn 0.7437 -0.5482 0.3825
vn 0.7531 -0.5386 0.3779
vn 0.4450 -0.8028 -0.3969
vn 0.7005 -0.6456 0.3041
vn 0.6853 -0.6618 0.3039
vn 0.5355 -0.7751 -0.3352
vn 0.6624 -0.7158 0.2211
vn 0.6270 -0.7467 0.2219
vn 0.5227 -0.7663 -0.3737
vn -0.0148 0.0201 -0.9997
vn 0.5801 -0.0487 -0.8131
vn 0.1630 0.1346 -0.9774
vn 0.1901 0.1282 -0.9734
vn 0.1829 -0.3753 -0.9087
vn 0.1655 -0.5458 -0.8214
vn 0.0391 -0.6227 -0.7815
vn 0.0928 -0.4890 -0.8673
vn -0.0496 -0.5936 -0.8032
vn 0.0871 -0.4896 -0.8676
vn 0.0510 -0.5172 -0.8544
vn 0.0599 -0.4157 -0.9075
vn 0.0368 -0.4835 -0.8746
vn -0.0589 -0.6151 -0.7862
vn 0.0684 -0.4713 -0.8793
vn 0.0600 -0.5232 -0.8501
vn 0.2035 -0.4275 -0.8808
vn -0.3623 0.3501 -0.8638
vn 0.0093 0.1645 -0.9863
vn -0.0159 0.1681 -0.9856
vn 0.5296 0.3806 -0.7581
vn -0.0587 -0.6216 -0.7811
vn -0.0774 -0.6465 -0.7590
vn -0.1642 -0.2515 -0.9538
vn -0.0522 -0.4372 -0.8979
vn 0.1084 -0.4203 -0.9009
vn -0.1047 -0.3967 -0.9119
vn -0.6266 0.2831 -0.7261
vn -0.2290 0.7205 -0.6545
vn 0.5301 0.4057 -0.7446
vn 0.0375 -0.3362 -0.9411
vn 0.9468 -0.1439 -0.2878
vn 0.6623 -0.6754 -0.3242
vn -0.3985 -0.7514 -0.5259
vn 0.0365 -0.3448 -0.9380
vn 0.6495 -0.6852 -0.3297
vn 0.2562 -0.9487 -0.1855
vn -0.8377 -0.1436 -0.5269
vn -0.6304 0.2555 -0.7330
vn -0.5274 0.1201 -0.8411
vn -0.1075 0.5871 -0.8024
vn 0.6584 0.2379 -0.7141
vn 0.1527 -0.5641 -0.8114
vn 0.9776 -0.2018 -0.0603
vn 0.6735 -0.7392 -0.0104
vn -0.3521 -0.8611 -0.3667
vn 0.1539 -0.5643 -0.8111
vn 0.6670 -0.7449 -0.0156
vn 0.2375 -0.9626 0.1306
vn -0.7810 -0.2421 -0.5756
vn -0.5220 0.1137 -0.8453
vn -0.5056 0.1891 -0.8418
vn -0.0885 0.6543 -0.7511
vn 0.7007 0.3033 -0.6458
vn 0.2003 -0.5208 -0.8299
vn 0.9837 -0.1787 0.0213
vn 0.6872 -0.7262 0.0202
vn -0.3664 -0.8433 -0.3931
vn 0.1981 -0.5201 -0.8308
vn 0.6800 -0.7331 0.0147
vn 0.2299 -0.9641 0.1328
vn -0.7812 -0.1889 -0.5950
vn -0.5069 0.1801 -0.8430
vn -0.6523 0.0236 -0.7576
vn -0.1474 0.3777 -0.9141
vn 0.5715 -0.0958 -0.8150
vn -0.0916 -0.7915 -0.6043
vn 0.9254 -0.3709 -0.0775
vn 0.5391 -0.8230 0.1789
vn -0.5849 -0.8110 0.0105
vn -0.0890 -0.7907 -0.6057
vn 0.5342 -0.8270 0.1754
vn 0.0926 -0.8928 0.4409
vn -0.9197 -0.1750 -0.3516
vn -0.6513 0.0183 -0.7586
vn -0.4986 0.4543 -0.7382
vn 0.0648 -0.2352 -0.9698
vn 0.5986 -0.6675 -0.4428
vn 0.5344 0.3485 -0.7701
vn 0.3372 0.0421 -0.9405
vn 0.7827 -0.5334 -0.3207
vn 0.9105 -0.3417 -0.2327
vn -0.3603 0.6663 -0.6529
vn -0.5039 0.5696 -0.6493
vn 0.6841 -0.7057 0.1843
vn 0.6881 -0.6989 0.1950
vn 0.4884 -0.4825 0.7271
vn 0.7364 -0.6450 0.2042
vn 0.7211 -0.6691 0.1797
vn 0.3523 -0.5497 0.7574
vn 0.2638 -0.7159 0.6464
vn 0.7255 -0.6521 0.2199
vn 0.7204 -0.6648 0.1974
vn -0.0645 -0.0201 0.9977
vn -0.7032 0.4039 0.5851
vn -0.4979 -0.3404 0.7977
vn -0.2808 -0.1492 0.9481
vn -0.8022 0.3918 0.4505
vn -0.9082 0.2841 0.3075
vn -0.6362 -0.7281 0.2552
vn -0.8160 0.5615 -0.1374
vn -0.7755 0.5936 -0.2150
vn -0.8292 -0.5458 0.1208
vn -0.7865 0.5894 -0.1843
vn -0.7819 0.5965 -0.1812
vn -0.7852 0.5945 -0.1729
vn -0.7813 0.5970 -0.1823
vn -0.4605 0.2745 -0.8442
vn 0.3179 -0.2970 -0.9004
vn 0.6919 -0.7063 -0.1500
vn 0.5840 0.1337 -0.8006
vn 0.4604 -0.0674 -0.8851
vn 0.8303 -0.5450 -0.1161
vn 0.9090 -0.4105 -0.0719
vn -0.2860 0.5199 -0.8049
vn -0.3745 0.4292 -0.8219
vn 0.5286 -0.7225 0.4458
vn 0.5228 -0.6720 0.5244
vn 0.1602 -0.4117 0.8971
vn -0.4285 0.1136 0.8964
vn -0.8009 0.5585 0.2160
vn -0.5939 -0.1629 0.7879
vn -0.4960 0.0023 0.8683
vn -0.8723 0.4665 0.1466
vn -0.9316 0.3487 0.1025
vn 0.2278 -0.5539 0.8008
vn 0.2788 -0.4664 0.8395
vn -0.7203 -0.6745 0.1617
vn -0.7683 0.5116 -0.3846
vn -0.7753 0.5011 -0.3844
vn -0.6870 -0.7259 0.0337
vn -0.7322 0.5286 -0.4296
vn -0.7225 0.5368 -0.4357
vn -0.7325 0.5305 -0.4266
vn -0.7198 0.5394 -0.4370
vn -0.4690 0.3601 -0.8064
vn 0.2355 -0.2612 -0.9361
vn 0.6505 -0.7436 -0.1549
vn 0.5786 0.0717 -0.8125
vn 0.4478 -0.1313 -0.8844
vn 0.8041 -0.5844 -0.1090
vn 0.8897 -0.4515 -0.0679
vn -0.2785 0.5278 -0.8024
vn -0.3507 0.4324 -0.8307
vn 0.6155 -0.6868 0.3865
vn 0.5877 -0.6556 0.4741
vn 0.2911 -0.3683 0.8829
vn -0.3780 0.1224 0.9177
vn -0.7600 0.4988 0.4166
vn -0.6123 -0.1492 0.7764
vn -0.5353 0.0236 0.8443
vn -0.8667 0.4823 0.1270
vn -0.9231 0.3719 0.0980
vn 0.1974 -0.5630 0.8025
vn 0.2536 -0.4753 0.8425
vn -0.8210 -0.5182 0.2396
vn -0.7411 0.5757 -0.3455
vn -0.7667 0.5411 -0.3453
vn -0.5763 -0.7605 0.2992
vn -0.7137 0.5558 -0.4262
vn -0.7041 0.5605 -0.4360
vn -0.7152 0.5560 -0.4235
vn -0.6993 0.5644 -0.4386
vn -0.4510 0.2169 -0.8658
vn 0.0407 -0.4569 -0.8886
vn 0.6245 -0.7774 -0.0756
vn 0.5136 -0.0888 -0.8534
vn 0.3449 -0.2802 -0.8958
vn 0.7584 -0.6498 -0.0504
vn 0.8636 -0.5014 -0.0536
vn -0.2892 0.3953 -0.8719
vn -0.3464 0.2907 -0.8919
vn 0.5618 -0.6515 0.5098
vn 0.5526 -0.6456 0.5271
vn 0.2547 -0.2323 0.9387
vn -0.3203 0.4452 0.8362
vn -0.6881 0.7109 0.1453
vn -0.5710 0.0647 0.8184
vn -0.4870 0.2740 0.8293
vn -0.8029 0.5819 0.1292
vn -0.8845 0.4576 0.0912
vn 0.2100 -0.4156 0.8850
vn 0.2480 -0.2934 0.9233
vn -0.6726 0.5591 -0.4848
vn -0.6707 0.5532 -0.4942
vn -0.6980 0.5300 -0.4815
vn -0.6770 0.5302 -0.5104
vn -0.7033 0.5291 -0.4747
vn -0.6747 0.5361 -0.5074
vn 0.6922 -0.5748 0.4364
vn 0.6834 -0.6031 0.4113
vn 0.6902 -0.5749 0.4393
vn 0.6815 -0.5951 0.4260
vn 0.6693 -0.5980 0.4409
vn 0.6629 -0.6224 0.4162
vn 0.6700 -0.5963 0.4423
vn 0.6615 -0.6217 0.4194
vn 0.6648 -0.5565 0.4984
vn 0.6535 -0.5825 0.4834
vn 0.6611 -0.5566 0.5031
vn 0.6477 -0.5803 0.4937
vn -0.3640 0.7585 -0.5406
vn -0.3840 0.7124 -0.5873
vn 0.5337 0.3884 -0.7512
vn 0.5505 0.4986 -0.6696
vn 0.9179 -0.3222 -0.2315
vn 0.9611 -0.2244 -0.1612
vn 0.7431 -0.6354 0.2097
vn 0.7770 -0.5972 0.1990
vn 0.7625 -0.6094 0.2172
vn 0.7476 -0.6280 0.2161
vn 0.2580 -0.7615 0.5946
vn 0.2634 -0.8020 0.5361
vn -0.5317 -0.4210 0.7349
vn -0.5546 -0.5127 0.6555
vn -0.9187 0.2387 0.3148
vn -0.9655 0.1462 0.2153
vn -0.7802 0.5988 -0.1808
vn -0.7957 0.5781 -0.1809
vn -0.7824 0.5894 -0.2011
vn -0.7750 0.6051 -0.1820
vn -0.2320 0.5918 -0.7720
vn -0.2624 0.5742 -0.7755
vn 0.6177 0.2040 -0.7595
vn 0.6278 0.2093 -0.7497
vn 0.9339 -0.3537 -0.0513
vn 0.9413 -0.3306 -0.0678
vn 0.6949 -0.5632 0.4471
vn 0.7133 -0.5542 0.4290
vn 0.7091 -0.5554 0.4345
vn 0.6926 -0.5641 0.4495
vn 0.1909 -0.5840 0.7890
vn 0.2040 -0.6095 0.7661
vn -0.6252 -0.2384 0.7432
vn -0.6434 -0.2759 0.7141
vn -0.9487 0.2985 0.1044
vn -0.9534 0.2964 0.0566
vn -0.7280 0.5428 -0.4187
vn -0.7135 0.5338 -0.4539
vn -0.7140 0.5355 -0.4511
vn -0.7284 0.5414 -0.4199
vn -0.2137 0.7013 -0.6801
vn -0.2398 0.5933 -0.7685
vn 0.6369 0.1914 -0.7468
vn 0.7063 0.4558 -0.5417
vn 0.9230 -0.3823 -0.0431
vn 0.9657 -0.2327 0.1152
vn 0.6763 -0.5851 0.4476
vn 0.7065 -0.5504 0.4449
vn 0.6962 -0.5601 0.4489
vn 0.6717 -0.5856 0.4537
vn 0.1453 -0.6035 0.7840
vn 0.1311 -0.6866 0.7151
vn -0.6528 -0.2387 0.7189
vn -0.6996 -0.3815 0.6042
vn -0.9476 0.3048 0.0956
vn -0.9788 0.2047 -0.0101
vn -0.7153 0.5622 -0.4150
vn -0.6996 0.5410 -0.4667
vn -0.6905 0.5519 -0.4675
vn -0.7118 0.5640 -0.4185
vn -0.2159 0.4851 -0.8474
vn -0.2567 0.4512 -0.8547
vn 0.5754 0.0116 -0.8178
vn 0.6285 0.0918 -0.7724
vn 0.8952 -0.4440 -0.0396
vn 0.9218 -0.3873 -0.0147
vn 0.6710 -0.5415 0.5065
vn 0.6891 -0.5276 0.4967
vn 0.6825 -0.5294 0.5040
vn 0.6675 -0.5417 0.5109
vn 0.1809 -0.4447 0.8772
vn 0.1732 -0.4820 0.8589
vn -0.6010 -0.0149 0.7991
vn -0.6446 -0.0847 0.7598
vn -0.9057 0.4126 0.0970
vn -0.9327 0.3586 0.0391
vn -0.7052 0.5317 -0.4690
vn -0.6927 0.5147 -0.5052
vn -0.6897 0.5144 -0.5096
vn -0.6995 0.5306 -0.4787
vn -0.2717 0.8977 -0.3468
vn -0.3638 0.8661 -0.3427
vn 0.6009 0.7624 -0.2402
vn 0.6148 0.7617 -0.2043
vn 0.9942 -0.0904 0.0589
vn 0.9987 -0.0305 0.0419
vn 0.7695 -0.5979 0.2244
vn 0.7743 -0.6142 0.1527
vn 0.7664 -0.6249 0.1486
vn 0.7563 -0.6145 0.2247
vn 0.2031 -0.9186 0.3391
vn 0.2457 -0.9551 0.1655
vn -0.6325 -0.6928 0.3465
vn -0.6023 -0.7975 0.0347
vn -0.9999 0.0044 0.0100
vn -0.9777 -0.0481 -0.2046
vn -0.8080 0.5479 -0.2166
vn -0.7838 0.5226 -0.3355
vn -0.7715 0.5453 -0.3276
vn -0.7914 0.5651 -0.2332
vn -0.1526 0.8716 -0.4659
vn -0.2514 0.7802 -0.5728
vn 0.6513 0.7265 -0.2192
vn 0.5997 0.7932 -0.1059
vn 0.9640 0.0343 0.2638
vn 0.9478 0.1094 0.2995
vn 0.7151 -0.5330 0.4522
vn 0.7083 -0.5571 0.4335
vn 0.7053 -0.5661 0.4267
vn 0.6760 -0.5748 0.4611
vn 0.0595 -0.7861 0.6152
vn 0.1886 -0.8868 0.4220
vn -0.6986 -0.5482 0.4599
vn -0.5934 -0.7915 0.1461
vn -0.9984 0.0454 -0.0330
vn -0.9472 -0.1269 -0.2945
vn -0.7387 0.4884 -0.4645
vn -0.6902 0.4480 -0.5682
vn -0.6902 0.4725 -0.5481
vn -0.7210 0.4950 -0.4849
vn -0.1446 0.8453 -0.5143
vn -0.2131 0.8408 -0.4977
vn 0.6435 0.7583 -0.1040
vn 0.6639 0.7317 -0.1543
vn 0.9393 -0.0128 0.3428
vn 0.9585 0.0063 0.2851
vn 0.6860 -0.5427 0.4847
vn 0.6975 -0.5666 0.4387
vn 0.6947 -0.5734 0.4342
vn 0.6615 -0.5709 0.4863
vn 0.0662 -0.8468 0.5277
vn 0.1694 -0.9050 0.3902
vn -0.7084 -0.6393 0.2991
vn -0.6390 -0.7680 0.0442
vn -0.9806 -0.0249 -0.1945
vn -0.9148 -0.0607 -0.3994
vn -0.7324 0.4854 -0.4775
vn -0.6764 0.4756 -0.5624
vn -0.6703 0.4911 -0.5564
vn -0.7039 0.5096 -0.4949
vn -0.1277 0.6205 -0.7737
vn -0.1870 0.6251 -0.7578
vn 0.7203 0.3961 -0.5694
vn 0.7289 0.4204 -0.5404
vn 0.9699 -0.2097 0.1236
vn 0.9806 -0.1693 0.0985
vn 0.6806 -0.5098 0.5263
vn 0.6743 -0.5490 0.4940
vn 0.6726 -0.5541 0.4905
vn 0.6693 -0.5185 0.5321
vn 0.0802 -0.6183 0.7819
vn 0.1038 -0.7372 0.6677
vn -0.7147 -0.3379 0.6124
vn -0.7246 -0.5260 0.4454
vn -0.9854 0.1684 -0.0260
vn -0.9833 0.0460 -0.1761
vn -0.7150 0.4829 -0.5056
vn -0.6954 0.4199 -0.5832
vn -0.6956 0.4251 -0.5792
vn -0.7106 0.4805 -0.5140
vn 0.1975 -0.7467 -0.6352
vn -0.1337 -0.0198 -0.9908
vn -0.3600 0.9006 -0.2434
vn -0.4399 0.8841 0.1577
vn -0.4312 0.9022 -0.0036
vn -0.4461 0.7866 -0.4269
vn -0.3194 0.6670 -0.6731
vn -0.2439 0.7040 -0.6671
vn -0.4270 0.5281 -0.7340
vn -0.4670 0.6383 -0.6120
vn 0.0278 -0.3948 -0.9183
vn -0.4137 0.5303 -0.7400
vn 0.1633 -0.9813 0.1020
vn -0.5294 -0.8149 0.2358
vn -0.5767 0.8157 -0.0458
vn -0.5389 0.7200 0.4373
vn -0.1500 0.5540 0.8189
vn 0.3246 -0.9091 -0.2611
vn -0.2831 -0.3995 -0.8719
vn -0.1272 -0.3414 -0.9313
vn 0.2872 -0.9389 -0.1898
vn 0.1572 -0.9850 -0.0705
vn -0.3489 0.9358 -0.0508
vn -0.3187 0.9460 -0.0595
vn -0.4077 0.7211 -0.5601
vn -0.5041 0.7204 -0.4763
vn -0.4703 0.4278 -0.7719
vn -0.4033 0.4410 -0.8018
vn -0.4025 0.4267 -0.8099
vn -0.4769 0.4303 -0.7664
vn 0.3887 -0.8593 0.3324
vn 0.3637 -0.8032 0.4719
vn 0.2349 -0.5418 0.8070
vn 0.2161 -0.5452 0.8100
vn 0.1063 0.4707 0.8759
vn -0.2328 -0.9710 0.0538
vn -0.4273 -0.3858 -0.8176
vn -0.2873 -0.3938 -0.8731
vn 0.0001 -0.9994 0.0357
vn -0.1192 0.8215 -0.5576
vn -0.0879 0.9951 0.0459
vn -0.1999 0.9798 -0.0056
vn -0.3106 0.7617 -0.5686
vn -0.3126 0.4709 -0.8249
vn -0.2139 0.4750 -0.8536
vn -0.2152 0.4734 -0.8541
vn -0.2957 0.4512 -0.8420
vn -0.0291 -0.8128 0.5818
vn 0.1709 -0.7995 0.5759
vn 0.3601 -0.4450 0.8199
vn 0.1146 -0.4464 0.8875
vn 0.1161 -0.4367 0.8921
vn 0.3307 -0.3745 0.8662
vn 0.2026 0.5250 0.8266
vn 0.1388 0.4484 0.8830
vn 0.4315 -0.4766 0.7660
vn 0.4489 -0.4573 0.7677
vn 0.0054 -0.2752 0.9614
vn 0.0383 -0.3446 0.9380
vn 0.7268 -0.3529 0.5892
vn 0.9685 -0.2029 -0.1446
vn 0.5498 -0.0335 -0.8346
vn -0.0882 0.0774 -0.9931
vn -0.1003 0.0979 -0.9901
vn -0.7268 0.2256 -0.6487
vn -0.9798 0.1993 -0.0179
vn -0.6485 -0.0858 0.7564
vn 0.0472 -0.3280 0.9435
vn 0.7814 -0.1015 0.6157
vn 0.9915 0.1296 -0.0127
vn 0.6721 0.2198 -0.7071
vn -0.0494 0.1841 -0.9817
vn -0.1149 0.1618 -0.9801
vn -0.7684 0.2752 -0.5778
vn -0.9407 0.3378 0.0320
vn -0.6862 0.0322 0.7267
vn 0.0841 -0.2500 0.9646
vn 0.4961 0.3904 0.7756
vn 0.6463 0.2701 0.7136
vn 0.8351 0.5395 0.1077
vn 0.7368 0.6676 0.1073
vn 0.5765 0.5271 -0.6244
vn 0.4422 0.6096 -0.6580
vn -0.0275 0.1578 -0.9871
vn -0.0771 0.2036 -0.9760
vn -0.1126 0.1633 -0.9801
vn -0.1164 0.1528 -0.9814
vn -0.7432 -0.0898 -0.6631
vn -0.5306 -0.4773 -0.7005
vn -0.9719 -0.2166 -0.0924
vn -0.5555 -0.7953 -0.2427
vn -0.6449 -0.1857 0.7414
vn -0.5060 -0.6289 0.5902
vn 0.0540 -0.0946 0.9941
vn -0.0440 -0.0832 0.9956
vn 0.4590 0.2883 0.8403
vn 0.4731 0.3512 0.8079
vn 0.7304 0.6749 0.1048
vn 0.7303 0.6693 0.1367
vn 0.4334 0.5747 -0.6942
vn 0.4671 0.5239 -0.7123
vn -0.0290 0.1591 -0.9868
vn 0.0493 0.1006 -0.9937
vn 0.0467 0.0942 -0.9945
vn -0.0393 0.1387 -0.9895
vn -0.3583 -0.5094 -0.7824
vn -0.2797 -0.4452 -0.8506
vn -0.4341 -0.8610 -0.2652
vn -0.4221 -0.8676 -0.2629
vn -0.3530 -0.6932 0.6283
vn -0.2525 -0.6928 0.6755
vn -0.0067 -0.1465 0.9892
vn 0.0605 -0.2043 0.9770
vn 0.4589 0.2551 0.8511
vn 0.6723 0.7145 0.1934
vn 0.4482 0.5811 -0.6793
vn 0.0125 0.1279 -0.9917
vn 0.0118 0.1296 -0.9915
vn -0.3849 -0.3506 -0.8538
vn -0.5551 -0.7535 -0.3523
vn -0.2548 -0.7497 0.6107
vn 0.1359 -0.2630 0.9552
vn 0.4561 0.2026 0.8666
vn 0.6053 0.7325 0.3116
vn 0.4038 0.7274 -0.5549
vn 0.0057 0.2365 -0.9716
vn -0.0002 0.2483 -0.9687
vn -0.4427 -0.3454 -0.8275
vn -0.6293 -0.7031 -0.3311
vn -0.3040 -0.7182 0.6259
vn 0.1313 -0.3130 0.9406
vn 0.3970 0.2234 0.8902
vn 0.5040 0.7481 0.4316
vn 0.3803 0.8453 -0.3753
vn 0.0155 0.3297 -0.9439
vn 0.0389 0.3933 -0.9186
vn -0.3621 -0.4389 -0.8223
vn -0.5038 -0.7550 -0.4197
vn -0.2549 -0.8364 0.4853
vn 0.0953 -0.2999 0.9492
vn -0.6349 0.0045 -0.7725
vn 0.0325 0.3315 -0.9429
vn 0.0679 0.3127 -0.9474
vn -0.6102 -0.0056 -0.7922
vn -0.8986 -0.3429 -0.2739
vn -0.8998 -0.3519 -0.2581
vn -0.7896 -0.5507 0.2706
vn -0.7642 -0.5910 0.2581
vn -0.7614 -0.5933 0.2613
vn -0.8090 -0.5196 0.2747
vn -0.5295 -0.6090 0.5906
vn -0.4828 -0.6814 0.5502
vn 0.5379 -0.4477 0.7144
vn 0.0336 -0.6520 0.7575
vn -0.0408 -0.5887 0.8074
vn 0.4713 -0.4017 0.7852
vn 0.9818 0.1864 -0.0367
vn 0.8875 -0.1433 0.4380
vn 0.8371 -0.1134 0.5351
vn 0.9749 0.2226 0.0050
vn 0.8408 0.3593 -0.4049
vn 0.8390 0.3572 -0.4104
vn 0.8385 0.3592 -0.4098
vn 0.8437 0.3744 -0.3847
vn 0.5749 0.4067 -0.7100
vn 0.5630 0.4205 -0.7115
vn -0.6842 0.1066 -0.7214
vn -0.0199 0.4212 -0.9068
vn -0.9355 -0.2631 -0.2357
vn -0.7866 -0.5497 0.2812
vn -0.7832 -0.5544 0.2814
vn -0.4785 -0.6687 0.5692
vn 0.5643 -0.4682 0.6799
vn 0.0671 -0.6572 0.7507
vn 0.9855 0.1659 -0.0361
vn 0.8899 -0.1865 0.4163
vn 0.8384 0.3714 -0.3991
vn 0.8373 0.3705 -0.4020
vn 0.5370 0.4741 -0.6977
vn -0.7181 0.1950 -0.6680
vn -0.0275 0.5025 -0.8641
vn -0.9593 -0.2234 -0.1726
vn -0.7850 -0.5320 0.3173
vn -0.7783 -0.5417 0.3174
vn -0.4553 -0.6604 0.5972
vn 0.5710 -0.4592 0.6805
vn 0.0936 -0.6412 0.7617
vn 0.9890 0.1469 -0.0164
vn 0.8834 -0.1951 0.4261
vn 0.8534 0.3634 -0.3736
vn 0.8473 0.3744 -0.3767
vn 0.5449 0.5109 -0.6649
vn 0.1645 0.3191 0.9333
vn 0.7342 0.5294 0.4250
vn -0.3272 0.8862 -0.3281
vn -0.7051 0.7016 -0.1032
vn -0.9431 0.3324 0.0113
vn -0.7220 -0.6549 0.2233
vn -0.8855 -0.3880 0.2556
vn -0.6848 -0.6350 0.3575
vn -0.7375 -0.5634 0.3724
vn -0.8056 -0.4684 0.3628
vn -0.4667 -0.5108 0.7220
vn -0.4560 -0.3986 0.7957
vn 0.3848 0.1483 0.9110
vn 0.0196 -0.1027 0.9945
vn 0.0824 -0.3587 0.9298
vn 0.4984 -0.1320 0.8568
vn 0.8672 0.4706 0.1627
vn 0.6696 0.3355 0.6626
vn 0.7969 0.0709 0.5999
vn 0.9597 0.2701 0.0775
vn 0.8613 0.3717 -0.3466
vn 0.8357 0.4291 -0.3428
vn 0.7929 0.4641 -0.3950
vn 0.8121 0.3982 -0.4267
vn 0.3055 0.7685 -0.5622
vn 0.3566 0.7198 -0.5956
vn -0.0723 -0.8300 -0.5530
vn 0.4495 -0.3940 -0.8017
vn 0.6751 -0.5553 -0.4857
vn 0.3049 -0.9473 -0.0981
vn -0.2984 -0.9543 0.0184
vn -0.4439 -0.8930 -0.0737
vn -0.6963 -0.5666 0.4406
vn -0.6514 -0.6003 0.4640
vn -0.6415 -0.5923 0.4875
vn -0.7175 -0.5510 0.4263
vn -0.5760 -0.2261 0.7855
vn -0.6045 -0.2045 0.7699
vn 0.0165 0.6467 0.7626
vn -0.3271 0.3163 0.8905
vn -0.2279 0.2133 0.9500
vn 0.1461 0.5151 0.8446
vn 0.6813 0.7318 0.0170
vn 0.3497 0.7976 0.4916
vn 0.4638 0.6807 0.5670
vn 0.7300 0.6787 0.0803
vn 0.7692 0.5116 -0.3828
vn 0.7889 0.4828 -0.3801
vn 0.7886 0.4791 -0.3854
vn 0.7682 0.4973 -0.4032
vn 0.7580 0.0590 -0.6496
vn 0.7406 0.1101 -0.6628
vn -0.0481 -0.8188 -0.5721
vn 0.4247 -0.3726 -0.8251
vn -0.3842 -0.9216 -0.0556
vn -0.5414 -0.6584 0.5228
vn -0.5491 -0.6179 0.5628
vn -0.5403 -0.1919 0.8193
vn -0.0330 0.6910 0.7221
vn -0.3153 0.3586 0.8786
vn 0.6129 0.7897 -0.0265
vn 0.2725 0.8488 0.4532
vn 0.7400 0.5296 -0.4147
vn 0.7450 0.5242 -0.4125
vn 0.7032 0.1445 -0.6962
vn 0.0868 -0.8334 -0.5458
vn 0.4339 -0.3857 -0.8142
vn -0.3271 -0.9446 -0.0268
vn -0.4702 -0.7095 0.5249
vn -0.4726 -0.6302 0.6160
vn -0.5077 -0.1598 0.8466
vn -0.0196 0.7148 0.6991
vn -0.2696 0.3929 0.8792
vn 0.5318 0.8421 -0.0893
vn 0.2243 0.8846 0.4089
vn 0.6707 0.5734 -0.4706
vn 0.6736 0.5705 -0.4698
vn 0.6645 0.1754 -0.7264
vn 0.2802 -0.6901 -0.6673
vn 0.6090 -0.2339 -0.7579
vn 0.5017 -0.3570 -0.7879
vn 0.2624 -0.7804 -0.5675
vn -0.3908 -0.9197 -0.0391
vn -0.4173 -0.8847 -0.2080
vn -0.4478 -0.7638 0.4649
vn -0.4884 -0.7803 0.3907
vn -0.7767 -0.1394 0.6143
vn -0.4622 -0.5953 0.6573
vn -0.5479 -0.1271 0.8269
vn -0.4826 0.0085 0.8758
vn -0.1247 0.9168 0.3794
vn -0.3150 0.6342 0.7061
vn -0.2117 0.3784 0.9011
vn 0.0203 0.7535 0.6571
vn 0.1655 0.9668 -0.1946
vn -0.0916 0.9860 0.1390
vn 0.1551 0.9275 0.3401
vn 0.4203 0.9011 -0.1066
vn 0.5969 0.6941 -0.4024
vn 0.6516 0.6087 -0.4527
vn 0.6882 0.2035 -0.6964
vn 0.7331 0.2769 -0.6212
vn -0.2107 0.6747 -0.7073
vn -0.7608 0.5069 -0.4054
vn -0.9775 -0.1098 -0.1800
vn -0.8177 -0.4801 0.3175
vn -0.7950 -0.5041 0.3375
vn -0.4915 -0.5605 0.6665
vn 0.0566 -0.4587 0.8868
vn 0.5253 -0.2529 0.8125
vn 0.8457 -0.0475 0.5315
vn 0.9847 0.1745 0.0008
vn 0.8759 0.3270 -0.3548
vn 0.8482 0.3485 -0.3989
vn 0.4565 0.5439 -0.7041
vn 0.4073 0.0922 -0.9086
vn 0.8025 0.1397 -0.5801
vn 0.7339 0.1178 -0.6689
vn 0.2957 0.0367 -0.9546
vn 0.8557 -0.5004 0.1317
vn 0.7292 -0.6201 0.2895
vn 0.5359 -0.8443 -0.0013
vn 0.5766 -0.8160 0.0408
vn 0.9918 -0.1279 0.0080
vn 0.9935 -0.0980 0.0586
vn 0.9903 -0.1377 0.0164
vn 0.9896 0.1435 0.0136
vn 0.9217 0.1843 -0.3415
vn 0.9645 0.1004 -0.2442
vn 0.4738 0.2989 -0.8284
vn 0.8188 0.2214 -0.5296
vn 0.9163 -0.1788 0.3585
vn 0.7028 -0.2652 0.6601
vn 0.9949 -0.0831 0.0574
vn 0.9928 -0.0893 0.0805
vn 0.9769 0.0797 -0.1984
vn 0.4467 0.5081 -0.7364
vn 0.7937 0.3835 -0.4722
vn 0.8938 -0.0058 0.4485
vn 0.6014 0.1132 0.7909
vn 0.9830 0.0666 0.1713
vn 0.9833 0.0572 0.1729
vn 0.9697 0.1968 -0.1449
vn 0.4266 0.5847 -0.6901
vn 0.7763 0.3984 -0.4885
vn 0.8808 -0.0315 0.4725
vn 0.5737 -0.0023 0.8190
vn 0.9681 0.1975 0.1539
vn 0.9718 0.1598 0.1735
vn 0.9713 0.1975 -0.1329
vn 0.3636 0.5703 -0.7366
vn 0.7168 0.3494 -0.6034
vn 0.9056 -0.0549 0.4206
vn 0.7474 -0.3295 0.5769
vn 0.9972 0.0672 0.0337
vn 0.9701 0.1615 0.1812
vn 0.9710 0.0600 -0.2315
vn 0.2944 0.5952 -0.7477
vn 0.5795 0.4511 -0.6787
vn 0.9539 -0.0070 0.2999
vn 0.8109 -0.2180 0.5430
vn 0.9810 0.1885 -0.0466
vn 0.9672 -0.0504 0.2488
vn 0.8179 0.1833 -0.5454
vn 0.2070 0.7314 -0.6498
vn 0.5057 0.5621 -0.6544
vn 0.9279 -0.1007 0.3591
vn 0.8272 -0.1573 0.5395
vn 0.9603 -0.1431 0.2394
vn 0.9869 0.0783 0.1408
vn 0.9942 -0.1064 0.0139
vn 0.4260 -0.5326 -0.7313
vn 0.9246 -0.3558 0.1361
vn 0.7690 -0.0580 0.6367
vn 0.9472 -0.2211 0.2322
vn 0.1679 0.1748 -0.9702
vn 0.0649 0.9395 -0.3364
vn 0.3124 0.9421 -0.1219
vn 0.3895 0.7934 -0.4678
vn 0.1598 0.7910 -0.5906
vn 0.6069 0.0538 0.7929
vn 0.4725 -0.0117 0.8813
vn 0.6027 -0.0785 0.7941
vn 0.8866 -0.1782 0.4268
vn 0.0065 0.9973 -0.0736
vn 0.1591 0.9834 0.0878
vn 0.4929 0.3191 0.8095
vn 0.2541 0.0036 0.9672
vn 0.5626 0.5833 0.5859
vn 0.4889 0.6267 0.6068
vn 0.4897 0.4818 0.7267
vn 0.3146 0.3804 0.8697
vn 0.3453 0.9196 0.1873
vn 0.3019 0.8943 0.3304
vn 0.1051 0.9746 -0.1980
vn 0.2910 0.9567 0.0034
vn 0.3055 0.2525 0.9181
vn 0.1075 -0.1261 0.9862
vn 0.4748 0.4843 0.7348
vn 0.3587 0.6793 0.6402
vn 0.3562 0.8956 0.2664
vn 0.2765 -0.2405 -0.9304
vn 0.7442 0.0529 -0.6659
vn 0.6335 -0.0975 -0.7676
vn 0.2010 -0.4801 -0.8539
vn 0.1344 0.4289 -0.8933
vn -0.0183 -0.3363 -0.9416
vn -0.2070 -0.4289 -0.8793
vn 0.1596 -0.6752 -0.7201
vn -0.0775 0.3415 -0.9367
vn -0.6825 0.5231 -0.5105
vn -0.7181 0.1867 -0.6705
vn -0.3182 -0.5393 -0.7797
vn -0.6700 0.6274 -0.3968
vn -0.4663 0.8028 -0.3716
vn 0.7312 0.6284 -0.2654
vn 0.4555 0.7931 -0.4043
vn 0.8069 0.2595 -0.5307
vn 0.8997 0.2619 -0.3492
vn 0.7404 -0.2036 0.6406
vn 0.3724 0.6215 -0.6892
vn 0.1312 0.7234 -0.6779
vn 0.3072 0.2605 0.9153
vn 0.3476 0.8840 0.3126
vn 0.6240 -0.4808 0.6160
vn 0.6024 0.4533 0.6569
vn 0.9412 -0.3377 -0.0070
vn 0.9332 -0.2798 0.2255
vn -0.0627 -0.6657 -0.7436
vn -0.0980 0.6309 -0.7696
vn -0.0602 -0.7203 -0.6911
vn 0.1778 0.8383 -0.5154
vn 0.0548 0.9066 -0.4185
vn 0.3670 0.8953 -0.2525
vn 0.7021 0.7059 0.0935
vn 0.6072 0.6627 -0.4384
vn 0.4559 0.8304 -0.3204
vn 0.2559 0.1735 -0.9510
vn -0.4090 0.0836 -0.9087
vn -0.4839 -0.0692 -0.8724
vn 0.1479 0.1201 -0.9817
vn -0.4133 0.0970 -0.9054
vn -0.8529 0.0251 -0.5215
vn -0.9317 -0.1192 -0.3432
vn -0.5244 -0.0525 -0.8499
vn -0.9989 0.0153 0.0440
vn -0.9671 -0.0144 0.2540
vn 0.8866 0.2101 -0.4121
vn 0.6861 0.2330 -0.6892
vn 0.6365 0.2442 -0.7316
vn 0.8691 0.2555 -0.4235
vn -0.9656 0.1921 0.1751
vn -0.8884 0.2379 0.3925
vn -0.7290 0.6255 0.2779
vn -0.8759 0.4227 0.2328
vn 0.2182 0.4002 0.8901
vn 0.0987 0.9097 0.4035
vn -0.1653 0.8990 0.4054
vn -0.3217 0.3670 0.8728
vn 0.9540 0.2852 0.0927
vn 0.7414 0.6705 0.0258
vn 0.5151 0.8373 0.1832
vn 0.8428 0.3149 0.4365
vn -0.3543 -0.2275 -0.9070
vn 0.2896 -0.3605 -0.8867
vn -0.7471 -0.4482 -0.4909
vn -0.3536 -0.2234 -0.9083
vn -0.8280 -0.5605 -0.0156
vn -0.5579 -0.8225 0.1108
vn -0.5534 -0.7816 0.2878
vn 0.2235 -0.4767 0.8502
vn -0.2780 -0.5528 0.7856
vn 0.6424 -0.7612 0.0890
vn 0.7036 -0.6052 0.3724
vn 0.5994 -0.5419 -0.5891
vn 0.7263 -0.5924 -0.3486
vn 0.5317 0.5244 -0.6651
vn 0.7833 0.5098 -0.3557
vn 0.7867 0.4830 -0.3844
vn 0.8999 0.4222 0.1098
vn 0.7152 0.2418 0.6557
vn 0.3443 0.0462 0.9377
vn -0.2212 -0.1853 0.9575
vn -0.6926 -0.3010 0.6555
vn -0.9092 -0.3149 0.2722
vn -0.8964 -0.3223 0.3042
vn -0.9197 -0.1861 -0.3457
vn -0.5338 0.1302 -0.8355
vn 0.0991 0.4142 -0.9048
vn -0.7408 0.4601 0.4894
vn -0.7463 0.1813 0.6404
vn -0.8874 0.1290 0.4427
vn -0.9504 0.1220 0.2862
vn 0.0798 0.8213 0.5649
vn 0.2683 0.3812 0.8847
vn -0.2570 0.3077 0.9161
vn -0.2324 0.7922 0.5643
vn 0.7620 0.6083 0.2221
vn 0.9472 0.3105 0.0804
vn 0.6924 0.3654 0.6221
vn 0.3640 0.8149 0.4510
vn 0.9406 0.3153 -0.1259
vn 0.9650 0.1947 -0.1758
vn -0.6066 -0.7823 0.1415
vn 0.6115 -0.7758 -0.1553
vn -0.5613 0.7683 0.3077
vn 0.0237 0.9763 0.2153
vn -0.1072 0.9647 0.2404
vn 0.5251 0.8436 0.1119
vn 0.1702 0.9657 0.1959
vn 0.8339 0.5518 -0.0061
vn 0.9648 0.2291 -0.1293
vn 0.5935 -0.7996 -0.0918
vn -0.4264 0.8333 0.3517
vn 0.2991 0.9019 0.3115
vn 0.0227 -0.9996 0.0138
vn -0.5558 -0.7787 0.2911
vn -0.5437 -0.8324 0.1070
vn 0.0274 -0.9996 -0.0024
vn -0.5690 -0.8119 0.1303
vn 0.0355 -0.9990 -0.0276
vn -0.8105 -0.5851 -0.0292
vn 0.0424 -0.9989 -0.0216
vn -0.7521 -0.4323 -0.4975
vn 0.0475 -0.9987 -0.0163
vn -0.3561 -0.1878 -0.9154
vn 0.0200 -0.9998 0.0072
vn 0.2233 -0.4784 0.8493
vn -0.2777 -0.5541 0.7847
vn -0.4396 -0.6484 0.6215
vn 0.2873 -0.3304 -0.8990
vn 0.6139 -0.5149 -0.5983
vn 0.7388 -0.5708 -0.3583
vn 0.6313 -0.7601 -0.1541
vn 0.6013 -0.7937 -0.0919
vn 0.6418 -0.7615 0.0903
vn 0.6296 -0.5346 0.5638
vn 0.7028 -0.6063 0.3721
vn 0.6819 0.3596 0.6370
vn 0.6303 -0.5331 0.5644
vn -0.5860 0.3042 0.7510
vn -0.4402 -0.6476 0.6220
vn 0.5633 -0.7165 0.4114
vn 0.1710 -0.7806 0.6012
vn 0.1437 -0.9885 -0.0464
vn 0.3917 -0.9048 -0.1669
vn 0.4838 -0.2502 0.8386
vn 0.1293 -0.2526 0.9589
vn 0.4053 0.2273 0.8855
vn 0.1706 0.1127 0.9789
vn 0.4277 0.1281 0.8948
vn 0.1735 -0.0120 0.9848
vn 0.4386 -0.4704 0.7657
vn 0.1798 -0.4864 0.8550
vn 0.4426 -0.3865 0.8092
vn 0.1434 -0.4022 0.9042
vn 0.4437 -0.2481 0.8612
vn 0.0836 -0.2486 0.9650
vn 0.1582 0.0351 0.9868
vn -0.0297 0.0469 0.9985
vn -0.0180 -0.0785 0.9967
vn 0.2366 -0.0632 0.9696
vn 0.1115 -0.0617 0.9919
vn 0.0115 -0.0683 0.9976
vn 0.0469 -0.1642 0.9853
vn -0.1465 -0.2195 0.9645
vn 0.0252 -0.3203 0.9470
vn 0.3762 -0.2730 0.8854
vn 0.0873 -0.8347 -0.5438
vn -0.8125 0.3487 -0.4672
vn 0.4551 -0.6630 -0.5944
vn -0.3995 -0.1856 0.8978
vn 0.6359 0.6404 -0.4308
vn 0.8133 0.5728 -0.1027
vn 0.8898 0.2606 0.3747
vn 0.6869 0.0554 0.7246
vn 0.4126 -0.0503 0.9095
vn 0.0227 -0.1552 0.9876
vn -0.1777 -0.1805 0.9674
vn -0.1682 -0.0219 0.9855
vn -0.0351 -0.0590 0.9976
vn 0.0750 -0.0844 0.9936
vn 0.4898 0.0636 0.8695
vn 0.7676 0.2597 0.5860
vn 0.8196 0.5618 0.1122
vn 0.5312 0.8049 -0.2644
vn 0.2360 0.8440 -0.4817
vn 0.1867 0.9644 0.1871
vn 0.2523 0.8690 -0.4256
vn 0.0670 0.4536 -0.8887
vn 0.1127 0.5139 -0.8504
vn -0.2158 -0.4974 -0.8402
vn -0.1754 -0.8936 -0.4132
vn -0.0913 -0.7813 0.6174
vn 0.0907 -0.3236 0.9418
vn 0.0216 0.3789 0.9252
vn 0.0429 0.3366 -0.9407
vn -0.0063 0.3257 -0.9454
vn -0.6967 0.0711 -0.7139
vn -0.6775 0.0864 -0.7304
vn -0.9389 -0.2598 -0.2259
vn -0.7844 -0.5315 0.3197
vn -0.7687 -0.5573 0.3140
vn -0.4936 -0.6079 0.6220
vn 0.0508 -0.5347 0.8435
vn 0.5405 -0.3455 0.7671
vn 0.8662 -0.1290 0.4827
vn 0.9926 0.1150 -0.0382
vn 0.8794 0.2242 -0.4199
vn 0.8683 0.2175 -0.4457
vn 0.8541 0.2466 -0.4579
vn 0.8680 0.2382 -0.4357
vn 0.5652 0.3318 -0.7553
vn 0.5960 0.3328 -0.7307
vn 0.2390 0.8412 0.4851
vn 0.1865 0.8034 0.5655
vn 0.1707 0.7676 0.6178
vn -0.0425 0.7679 0.6392
vn -0.0362 0.7834 0.6205
vn -0.0338 0.7921 0.6094
vn -0.6784 0.5127 0.5262
vn -0.7149 0.5829 0.3861
vn -0.6397 0.5071 0.5776
vn -0.5570 0.6200 0.5525
vn -0.1993 0.5625 0.8024
vn -0.2082 0.5649 0.7985
vn -0.1668 0.4654 0.8692
vn -0.1509 0.3959 0.9058
vn 0.4749 0.7372 -0.4805
vn 0.4757 0.7340 -0.4847
vn 0.4744 0.7391 -0.4782
vn 0.5014 0.7307 -0.4633
vn 0.5010 0.7321 -0.4615
vn 0.5016 0.7302 -0.4639
vn -0.1191 0.9193 0.3752
vn -0.1236 0.9148 0.3846
vn -0.2432 0.8964 0.3706
vn -0.2554 0.8895 0.3790
vn -0.2547 0.9268 0.2760
vn -0.2545 0.9268 0.2760
vn -0.2544 0.9269 0.2760
vn -0.2547 0.9270 0.2753
vn -0.2546 0.9270 0.2754
vn -0.2546 0.9270 0.2753
vn -0.0558 0.9881 0.1433
vn -0.0557 0.9881 0.1433
vn -0.3186 0.8379 0.4432
vn -0.3228 0.8383 0.4393
vn -0.3221 0.8388 0.4390
vn -0.2427 0.9012 0.3592
vn -0.1492 0.3005 0.9421
vn -0.1391 0.2122 0.9673
vn -0.1695 0.2465 0.9542
vn -0.1796 0.3221 0.9295
vn -0.5428 -0.2963 0.7858
vn -0.5316 -0.2358 0.8135
vn -0.5170 -0.1839 0.8360
vn 0.1160 -0.3064 0.9448
vn 0.1193 -0.3840 0.9156
vn 0.1002 -0.4465 0.8891
vn -0.0966 0.7813 0.6166
vn -0.0986 0.7801 0.6179
vn -0.2695 0.6968 0.6647
vn -0.2639 0.7001 0.6635
vn -0.0734 0.8674 0.4921
vn -0.0763 0.8688 0.4892
vn -0.1809 0.9043 0.3866
vn -0.1871 0.9029 0.3869
vn -0.2413 0.8771 0.4153
vn -0.2437 0.8750 0.4182
vn -0.1677 0.8940 0.4154
vn -0.1662 0.8954 0.4131
vn -0.2665 0.8398 0.4730
vn -0.2645 0.8400 0.4738
vn -0.2711 0.8422 0.4660
vn -0.2705 0.8424 0.4661
vn -0.3209 0.8265 0.4624
vn -0.3278 0.8264 0.4579
vn -0.2623 0.8378 0.4789
vn -0.2609 0.8394 0.4768
vn -0.3766 0.7766 0.5051
vn -0.3833 0.7732 0.5052
vn -0.3874 0.7146 0.5825
vn -0.3946 0.7107 0.5824
vn -0.3926 0.7781 0.4903
vn -0.3880 0.7825 0.4870
vn -0.6500 -0.6958 0.3056
vn -0.6635 -0.6829 0.3057
vn -0.5956 -0.7452 0.2999
vn -0.6312 0.4235 0.6498
vn -0.5987 -0.7499 0.2816
vn -0.5166 -0.8476 0.1217
vn -0.4982 -0.8586 0.1209
vn -0.4599 -0.8838 0.0856
vn -0.3480 -0.8605 0.3720
vn -0.4138 -0.9048 0.1004
vn -0.3779 -0.9236 0.0642
vn -0.4039 -0.9114 0.0789
vn -0.2991 -0.9236 0.2398
vn 0.4136 -0.6677 -0.6190
vn -0.2641 -0.9220 0.2832
vn -0.3205 -0.9471 -0.0196
vn -0.3212 -0.9469 -0.0129
vn -0.2071 -0.9773 -0.0457
vn 0.7672 0.2518 0.5900
vn -0.2071 -0.9775 -0.0402
vn -0.6147 0.3508 0.7065
vn -0.6021 0.3499 0.7176
vn -0.8302 0.3491 0.4346
vn -0.8274 0.3511 0.4383
vn -0.7860 0.4987 -0.3654
vn -0.7804 0.4990 -0.3767
vn -0.8773 0.4727 -0.0835
vn -0.8547 0.5128 -0.0806
vn -0.8721 0.4406 -0.2129
vn -0.8678 0.4476 -0.2159
vn -0.9361 0.3384 0.0963
vn -0.9391 0.3336 0.0829
vn -0.8585 0.4652 -0.2160
vn -0.8605 0.4652 -0.2075
vn -0.2690 0.9466 0.1779
vn -0.2600 0.9502 0.1717
vn -0.4198 0.8723 0.2506
vn -0.3884 0.8868 0.2506
vn -0.9376 0.3475 0.0111
vn -0.9397 0.3056 0.1534
vn -0.9415 0.3006 0.1526
vn -0.9400 0.3242 0.1061
vn 0.2019 0.9330 0.2981
vn 0.3279 0.9168 0.2281
vn 0.2482 0.9560 0.1565
vn 0.1635 0.9436 0.2878
vn 0.2440 0.9013 0.3581
vn 0.4832 0.8501 0.2096
vn 0.2301 0.9644 0.1304
vn 0.1384 0.9526 0.2708
vn -0.4565 -0.8897 0.0031
vn -0.4598 -0.8878 0.0183
vn 0.1466 0.9532 0.2646
vn -0.3613 -0.0769 -0.9293
vn -0.3361 -0.0716 -0.9391
vn 0.8374 0.0517 -0.5441
vn 0.8374 0.0517 -0.5442
vn -0.4391 -0.0379 -0.8976
vn -0.2347 -0.0202 -0.9719
vn 0.6476 0.4733 -0.5971
vn 0.8351 0.0169 -0.5498
vn 0.8351 0.0169 -0.5499
vn 0.8349 0.0259 -0.5498
vn 0.8336 0.0247 -0.5518
vn 0.8327 0.0239 -0.5532
vn 0.0275 -0.9995 0.0185
vn -0.0089 -0.9994 0.0334
vn -0.3769 -0.0063 0.9262
vn -0.8374 -0.0517 0.5442
vn -0.8374 -0.0517 0.5441
vn -0.8373 -0.0516 0.5443
vn -0.6227 -0.6573 0.4245
vn -0.6253 -0.6581 0.4194
vn -0.6166 -0.6687 0.4155
vn -0.6097 -0.6692 0.4248
vn 0.3936 0.0339 0.9187
vn 0.3300 0.0285 0.9435
vn -0.8323 -0.0171 0.5541
vn -0.3041 0.0312 0.9521
vn -0.8328 -0.0169 0.5534
vn -0.8363 -0.0263 0.5476
vn -0.8353 -0.0269 0.5492
vn -0.8343 -0.0273 0.5506
vn -0.1278 -0.9160 0.3804
vn 0.8021 0.5763 -0.1566
vn -0.0795 0.9960 0.0419
vn 0.9545 0.2181 -0.2032
vn 0.9640 -0.1286 -0.2327
vn 0.9128 -0.2477 -0.3246
vn 0.8269 0.0718 -0.5578
vn -0.3163 -0.9429 0.1045
vn 0.8275 -0.4018 0.3921
vn 0.6612 -0.3670 -0.6544
vn 0.1983 -0.7195 0.6656
vn -0.0411 -0.8513 -0.5231
vn 0.3576 0.7439 -0.5646
vn 0.1204 0.8248 -0.5525
vn 0.2674 -0.2361 0.9342
vn 0.2945 -0.5358 0.7913
vn 0.7598 -0.3713 0.5337
vn 0.6678 -0.0868 0.7393
vn 0.1451 -0.0239 0.9891
vn 0.6067 0.0747 0.7914
vn -0.0278 0.0578 0.9979
vn 0.5238 0.0427 0.8508
vn -0.1698 0.5138 0.8410
vn -0.1956 0.0571 0.9790
vn 0.3430 0.0663 0.9370
vn 0.3239 0.4904 0.8091
vn -0.1271 0.8539 0.5047
vn 0.3596 0.7935 0.4909
vn -0.1506 0.9861 0.0707
vn 0.2213 0.9734 0.0596
vn -0.1867 0.9658 -0.1802
vn 0.1867 0.9640 -0.1895
vn -0.1080 0.8284 -0.5496
vn 0.2338 0.7603 -0.6061
vn -0.1651 0.7380 -0.6543
vn 0.3107 0.6547 -0.6891
vn -0.1225 0.6055 -0.7864
vn 0.3850 0.5669 -0.7283
vn -0.3641 -0.7758 0.5154
vn 0.1276 -0.7858 0.6052
vn -0.3486 -0.7057 0.6168
vn 0.1590 -0.7965 0.5834
vn 0.1938 -0.7332 0.6518
vn -0.3836 -0.7503 0.5385
vn 0.2293 -0.8325 0.5044
vn -0.1935 -0.9607 0.1988
vn 0.2255 -0.9661 0.1260
vn -0.2946 -0.9526 -0.0758
vn 0.1450 -0.9854 -0.0895
vn -0.3669 -0.8299 -0.4202
vn 0.1255 -0.8386 -0.5301
vn -0.4273 -0.4657 -0.7750
vn 0.1928 -0.4950 -0.8472
vn -0.4590 -0.0673 -0.8859
vn 0.1846 -0.0562 -0.9812
vn -0.6389 -0.0246 -0.7689
vn -0.5801 -0.0954 -0.8090
vn 0.0062 -0.0406 -0.9992
vn -0.1274 -0.0134 -0.9918
vn -0.7493 0.1264 -0.6501
vn -0.2215 0.1907 -0.9563
vn -0.7451 0.1206 -0.6560
vn -0.3452 0.2793 -0.8960
vn -0.3339 0.2738 -0.9020
vn -0.2156 0.1911 -0.9576
vn -0.0941 -0.0121 -0.9955
vn 0.0463 -0.0426 -0.9980
vn 0.2523 -0.0594 -0.9658
vn 0.2811 -0.4953 -0.8220
vn 0.2385 -0.8223 -0.5167
vn 0.2490 -0.9633 -0.1007
vn 0.3231 -0.9375 0.1291
vn 0.2539 -0.8255 0.5040
vn 0.1640 -0.7423 0.6497
vn -0.8881 -0.3203 0.3296
vn -0.4318 -0.5345 0.7265
vn -0.5182 -0.2351 0.8223
vn -0.8594 -0.0425 0.5095
vn -0.2982 -0.0450 0.9534
vn -0.7548 0.0419 0.6546
vn -0.1522 0.0401 0.9875
vn -0.6912 -0.0202 0.7224
vn -0.5370 0.0816 0.8396
vn 0.0213 0.0844 0.9962
vn -0.0574 0.5242 0.8497
vn -0.4877 0.4459 0.7506
vn 0.0054 0.8910 0.4539
vn -0.4094 0.7852 0.4646
vn 0.0553 0.9966 0.0611
vn -0.3448 0.9379 0.0371
vn 0.1093 0.9784 -0.1755
vn -0.3194 0.9343 -0.1583
vn 0.1373 0.8432 -0.5198
vn -0.2070 0.8351 -0.5096
vn 0.2224 0.7495 -0.6235
vn -0.3452 0.6949 -0.6308
vn 0.2415 0.6304 -0.7377
vn -0.3421 0.5810 -0.7385
vn 0.3024 -0.7697 0.5622
vn -0.1385 -0.7856 0.6031
vn -0.2108 -0.8048 0.5548
vn 0.2895 -0.7081 0.6440
vn -0.2268 -0.7495 0.6219
vn 0.3448 -0.7492 0.5656
vn -0.2112 -0.8514 0.4802
vn 0.2556 -0.9329 0.2535
vn -0.0959 -0.9887 0.1149
vn 0.3819 -0.9240 0.0212
vn 0.0173 -0.9960 -0.0877
vn 0.4684 -0.8519 -0.2343
vn -0.0330 -0.8332 -0.5520
vn 0.5994 -0.4847 -0.6371
vn 0.0397 -0.4859 -0.8731
vn 0.6103 -0.0405 -0.7911
vn 0.0254 -0.0505 -0.9984
vn 0.2206 -0.0250 -0.9750
vn 0.7270 -0.0209 -0.6863
vn 0.7528 -0.0556 -0.6559
vn 0.3314 -0.0291 -0.9431
vn 0.9087 0.0621 -0.4129
vn 0.5978 0.1763 -0.7820
vn 0.8751 0.0785 -0.4775
vn 0.5812 0.2351 -0.7790
vn 0.5526 0.2232 -0.8030
vn 0.4294 0.1841 -0.8841
vn 0.2585 -0.0095 -0.9660
vn 0.1233 -0.0384 -0.9916
vn -0.0565 -0.0606 -0.9966
vn -0.1037 -0.5028 -0.8581
vn -0.1564 -0.8263 -0.5411
vn -0.1419 -0.9826 -0.1196
vn -0.1748 -0.9797 0.0985
vn -0.2687 -0.8459 0.4608
vn -0.0398 -0.7630 0.6452
vt 0.103610 0.001680
vt 0.102840 0.006210
vt 0.098040 0.004210
vt 0.096310 0.000960
vt 0.111410 0.009490
vt 0.106750 0.011360
vt 0.112960 0.019220
vt 0.108500 0.016760
vt 0.096440 0.000000
vt 0.103720 0.000720
vt 0.097480 0.004950
vt 0.095480 0.001530
vt 0.102230 0.006990
vt 0.105980 0.011950
vt 0.104330 0.001030
vt 0.112090 0.008790
vt 0.112320 0.019960
vt 0.107760 0.017370
vt 0.112390 0.009410
vt 0.113890 0.018990
vt 0.129060 0.002560
vt 0.131070 0.007370
vt 0.126530 0.008130
vt 0.125820 0.000830
vt 0.134350 0.015940
vt 0.136210 0.011270
vt 0.141610 0.013020
vt 0.144080 0.017480
vt 0.125570 0.008240
vt 0.124850 0.000960
vt 0.126380 0.000000
vt 0.129810 0.002000
vt 0.131840 0.006760
vt 0.136800 0.010500
vt 0.133650 0.016620
vt 0.125880 0.008850
vt 0.142230 0.012280
vt 0.144810 0.016840
vt 0.143850 0.018410
vt 0.134260 0.016910
vt 0.349350 0.060320
vt 0.337060 0.070460
vt 0.319280 0.041850
vt 0.332340 0.033140
vt 0.300210 0.014830
vt 0.316700 0.004240
vt 0.582450 0.017320
vt 0.597830 0.029480
vt 0.576200 0.054500
vt 0.564050 0.044540
vt 0.555690 0.081220
vt 0.544460 0.069930
vt 0.531350 0.107850
vt 0.521730 0.094110
vt 0.501370 0.127910
vt 0.495540 0.113030
vt 0.471450 0.138710
vt 0.469180 0.123450
vt 0.443260 0.139190
vt 0.443940 0.125280
vt 0.415240 0.135950
vt 0.419000 0.120980
vt 0.386530 0.122260
vt 0.393790 0.108020
vt 0.358670 0.099350
vt 0.369590 0.086620
vt 0.387190 0.037760
vt 0.373240 0.045970
vt 0.362340 0.023910
vt 0.378830 0.019000
vt 0.356140 0.002140
vt 0.375100 0.000000
vt 0.524750 0.007370
vt 0.543420 0.011360
vt 0.535110 0.032420
vt 0.519180 0.025910
vt 0.522090 0.053300
vt 0.509020 0.043760
vt 0.505960 0.072540
vt 0.495630 0.059910
vt 0.486380 0.086350
vt 0.479860 0.072260
vt 0.465810 0.094300
vt 0.463000 0.079580
vt 0.445420 0.095340
vt 0.446110 0.081240
vt 0.425220 0.092310
vt 0.429460 0.077930
vt 0.405530 0.082370
vt 0.413410 0.068990
vt 0.387410 0.066700
vt 0.398930 0.055150
vt 0.401290 0.031140
vt 0.395320 0.015940
vt 0.393930 0.000390
vt 0.505980 0.005900
vt 0.503060 0.021250
vt 0.495640 0.035790
vt 0.485250 0.048810
vt 0.473180 0.059150
vt 0.460120 0.065540
vt 0.446800 0.067290
vt 0.433710 0.064240
vt 0.421340 0.056600
vt 0.410350 0.045120
vt 0.415430 0.026410
vt 0.411740 0.015280
vt 0.412180 0.004170
vt 0.487440 0.007880
vt 0.486790 0.018970
vt 0.482030 0.029690
vt 0.474820 0.039330
vt 0.466390 0.047120
vt 0.457120 0.052160
vt 0.447470 0.053630
vt 0.438010 0.051220
vt 0.429280 0.045300
vt 0.421650 0.036710
vt 0.430130 0.023820
vt 0.428520 0.017520
vt 0.429610 0.011740
vt 0.469360 0.013700
vt 0.469870 0.019550
vt 0.467650 0.025660
vt 0.463860 0.031340
vt 0.459170 0.035970
vt 0.453850 0.039090
vt 0.448140 0.039950
vt 0.442550 0.038530
vt 0.437560 0.034900
vt 0.433350 0.029840
vt 0.448900 0.024630
vt 0.319430 0.091710
vt 0.300360 0.066880
vt 0.282760 0.049040
vt 0.611840 0.065240
vt 0.592560 0.081270
vt 0.571150 0.104100
vt 0.544050 0.127000
vt 0.513790 0.149590
vt 0.478110 0.163940
vt 0.441780 0.169140
vt 0.406150 0.160390
vt 0.372040 0.142620
vt 0.344150 0.117160
vt 0.001810 0.034390
vt 0.007580 0.026440
vt 0.016120 0.025730
vt 0.015410 0.030180
vt 0.003340 0.028520
vt 0.005710 0.025340
vt 0.258190 0.016210
vt 0.257050 0.009130
vt 0.260730 0.000000
vt 0.262050 0.014260
vt 0.808030 0.000000
vt 0.808810 0.003630
vt 0.807810 0.009690
vt 0.804200 0.000530
vt 0.017800 0.026380
vt 0.018010 0.021600
vt 0.019250 0.022940
vt 0.253740 0.181820
vt 0.287320 0.179180
vt 0.287300 0.187700
vt 0.015860 0.031970
vt 0.002320 0.036170
vt 0.017930 0.026460
vt 0.017080 0.030090
vt 0.000000 0.034040
vt 0.001540 0.028080
vt 0.001940 0.027340
vt 0.004130 0.024340
vt 0.736880 0.117930
vt 0.732320 0.115620
vt 0.730960 0.113330
vt 0.737260 0.117290
vt 0.246150 0.003980
vt 0.246170 0.006780
vt 0.241770 0.006700
vt 0.241710 0.003780
vt 0.745250 0.090280
vt 0.740760 0.088030
vt 0.742440 0.086930
vt 0.745220 0.088840
vt 0.749090 0.085910
vt 0.747370 0.083700
vt 0.747360 0.082440
vt 0.750350 0.086280
vt 0.744320 0.082520
vt 0.741260 0.082280
vt 0.739720 0.080840
vt 0.743040 0.080460
vt 0.739350 0.084200
vt 0.741150 0.084510
vt 0.744920 0.122010
vt 0.747840 0.117650
vt 0.754110 0.117940
vt 0.749660 0.125710
vt 0.762770 0.122200
vt 0.760750 0.106140
vt 0.777040 0.111880
vt 0.772790 0.126360
vt 0.748160 0.088910
vt 0.749090 0.090130
vt 0.236820 0.005400
vt 0.235020 0.003580
vt 0.236970 0.003410
vt 0.242050 0.000000
vt 0.246330 0.000910
vt 0.237220 0.000220
vt 0.745270 0.092510
vt 0.737130 0.088990
vt 0.750990 0.091500
vt 0.753370 0.086720
vt 0.749570 0.080190
vt 0.742040 0.076140
vt 0.736140 0.077730
vt 0.736250 0.083740
vt 0.738340 0.095390
vt 0.747390 0.099690
vt 0.758080 0.089640
vt 0.755020 0.078020
vt 0.744530 0.069460
vt 0.731650 0.080740
vt 0.732710 0.079900
vt 0.733460 0.085460
vt 0.731830 0.086150
vt 0.733350 0.090920
vt 0.731530 0.091850
vt 0.248450 0.004200
vt 0.745240 0.107460
vt 0.735650 0.099460
vt 0.733810 0.113820
vt 0.732650 0.113400
vt 0.731410 0.096820
vt 0.733020 0.096510
vt 0.732350 0.098970
vt 0.731010 0.098930
vt 0.730520 0.086990
vt 0.730500 0.081520
vt 0.730410 0.092530
vt 0.730140 0.097650
vt 0.735660 0.118480
vt 0.738480 0.119860
vt 0.734870 0.121620
vt 0.733230 0.117920
vt 0.735440 0.125260
vt 0.740380 0.124140
vt 0.742850 0.129220
vt 0.736980 0.130190
vt 0.738510 0.115860
vt 0.742010 0.117540
vt 0.736960 0.115800
vt 0.733620 0.079260
vt 0.734550 0.084300
vt 0.734890 0.089720
vt 0.730530 0.103980
vt 0.730200 0.103660
vt 0.730770 0.101760
vt 0.731060 0.101800
vt 0.733720 0.099090
vt 0.734880 0.096060
vt 0.733770 0.074680
vt 0.735080 0.075070
vt 0.733930 0.076760
vt 0.732920 0.077350
vt 0.731830 0.077850
vt 0.732070 0.074820
vt 0.730450 0.078520
vt 0.730390 0.075540
vt 0.729920 0.102210
vt 0.730020 0.099480
vt 0.739520 0.105590
vt 0.736210 0.101760
vt 0.742690 0.113880
vt 0.740680 0.118720
vt 0.150560 0.000000
vt 0.159940 0.002970
vt 0.164690 0.008350
vt 0.160720 0.010090
vt 0.697710 0.001340
vt 0.703710 0.000000
vt 0.707380 0.000580
vt 0.707060 0.004420
vt 0.730420 0.104680
vt 0.730330 0.104940
vt 0.732080 0.102310
vt 0.747290 0.084440
vt 0.744750 0.083330
vt 0.748490 0.085940
vt 0.747640 0.088200
vt 0.745190 0.087910
vt 0.742950 0.086800
vt 0.741740 0.084560
vt 0.742560 0.083200
vt 0.791270 0.028760
vt 0.811890 0.039440
vt 0.807350 0.051120
vt 0.789070 0.041760
vt 0.767640 0.027520
vt 0.770020 0.041430
vt 0.741050 0.030540
vt 0.750780 0.043460
vt 0.735150 0.051840
vt 0.742190 0.056190
vt 0.827100 0.059520
vt 0.820130 0.068020
vt 0.800480 0.061210
vt 0.786860 0.053770
vt 0.772420 0.053250
vt 0.758860 0.054650
vt 0.750920 0.063400
vt 0.811140 0.074750
vt 0.793920 0.070130
vt 0.784600 0.064570
vt 0.774800 0.063130
vt 0.766160 0.064930
vt 0.760910 0.072030
vt 0.800810 0.079950
vt 0.791030 0.089620
vt 0.785540 0.085620
vt 0.779600 0.084450
vt 0.777260 0.085420
vt 0.773840 0.091080
vt 0.772950 0.096840
vt 0.793280 0.095360
vt 0.781880 0.094490
vt 0.776050 0.094380
vt 0.779010 0.090240
vt 0.782190 0.090130
vt 0.787470 0.095470
vt 0.785520 0.092050
vt 0.781950 0.099730
vt 0.775150 0.098750
vt 0.788360 0.098820
vt 0.732180 0.133470
vt 0.738550 0.134900
vt 0.740620 0.141770
vt 0.732500 0.139300
vt 0.763430 0.136420
vt 0.755380 0.130510
vt 0.775440 0.104600
vt 0.745980 0.134640
vt 0.751600 0.142080
vt 0.745230 0.154140
vt 0.733070 0.152400
vt 0.783120 0.130480
vt 0.775640 0.144060
vt 0.778690 0.109950
vt 0.777600 0.104740
vt 0.782630 0.105270
vt 0.784000 0.111580
vt 0.761780 0.151890
vt 0.782930 0.116590
vt 0.736990 0.065620
vt 0.780360 0.152130
vt 0.789850 0.138100
vt 0.788440 0.103530
vt 0.788610 0.108570
vt 0.766100 0.159710
vt 0.749950 0.164760
vt 0.790900 0.114710
vt 0.829510 0.068870
vt 0.821000 0.076630
vt 0.813390 0.082780
vt 0.803890 0.087400
vt 0.793710 0.104960
vt 0.833570 0.094380
vt 0.823960 0.100960
vt 0.814510 0.106620
vt 0.804870 0.110600
vt 0.821860 0.123190
vt 0.812890 0.127190
vt 0.803870 0.130240
vt 0.732820 0.065440
vt 0.781740 0.087360
vt 0.778090 0.087590
vt 0.774610 0.092470
vt 0.789380 0.093040
vt 0.786250 0.089250
vt 0.773670 0.097520
vt 0.790140 0.096950
vt 0.776190 0.104980
vt 0.784420 0.113390
vt 0.790000 0.109940
vt 0.790700 0.103460
vt 0.731930 0.129400
vt 0.833130 0.116940
vt 0.015580 0.291890
vt 0.029800 0.288510
vt 0.029800 0.296490
vt 0.015580 0.297920
vt 0.572170 0.921960
vt 0.583860 0.922660
vt 0.584100 0.928450
vt 0.574320 0.928540
vt 0.957220 0.393500
vt 0.965880 0.398740
vt 0.963660 0.404600
vt 0.951700 0.398190
vt 0.029800 0.304530
vt 0.015580 0.304200
vt 0.520790 0.942990
vt 0.517310 0.945700
vt 0.512620 0.939810
vt 0.518330 0.939520
vt 0.912770 0.346000
vt 0.918750 0.343520
vt 0.919090 0.348630
vt 0.914690 0.352540
vt 0.513260 0.931180
vt 0.517160 0.932750
vt 0.908770 0.353230
vt 0.912120 0.356950
vt 0.541240 0.909610
vt 0.535800 0.912080
vt 0.531270 0.911400
vt 0.532280 0.905370
vt 0.911800 0.388590
vt 0.917700 0.387450
vt 0.920210 0.394000
vt 0.910970 0.393980
vt 0.029800 0.323020
vt 0.015580 0.322710
vt 0.961470 0.422950
vt 0.952510 0.405180
vt 0.934530 0.402990
vt 0.935200 0.397670
vt 0.918800 0.400780
vt 0.951090 0.421750
vt 0.932280 0.414850
vt 0.916330 0.413760
vt 0.905490 0.404920
vt 0.909120 0.398970
vt 0.932180 0.426480
vt 0.916140 0.426530
vt 0.903750 0.420560
vt 0.905890 0.412920
vt 0.951160 0.437160
vt 0.962070 0.439350
vt 0.950120 0.442660
vt 0.029800 0.338180
vt 0.015580 0.338850
vt 0.933670 0.437940
vt 0.934740 0.444130
vt 0.918630 0.439390
vt 0.920190 0.445190
vt 0.905850 0.436000
vt 0.905990 0.428040
vt 0.911830 0.446830
vt 0.909460 0.441710
vt 0.029800 0.346280
vt 0.015580 0.344440
vt 0.963230 0.444460
vt 0.951060 0.448120
vt 0.592940 0.879910
vt 0.601860 0.889280
vt 0.598280 0.893060
vt 0.591150 0.884820
vt 0.029800 0.354140
vt 0.015580 0.349850
vt 0.935560 0.450190
vt 0.579910 0.872570
vt 0.577000 0.876900
vt 0.921180 0.451010
vt 0.569600 0.864590
vt 0.565750 0.868580
vt 0.913820 0.451870
vt 0.564800 0.860140
vt 0.560190 0.862510
vt 0.023620 0.368140
vt 0.008540 0.364470
vt 0.589620 0.906200
vt 0.585380 0.895200
vt 0.574120 0.881100
vt 0.562140 0.872170
vt 0.568100 0.890310
vt 0.554100 0.881990
vt 0.549680 0.867820
vt 0.555870 0.864620
vt 0.577480 0.910590
vt 0.562620 0.900130
vt 0.547690 0.893050
vt 0.539710 0.880070
vt 0.545280 0.874330
vt 0.015580 0.273200
vt 0.029800 0.272560
vt 0.558190 0.910100
vt 0.555880 0.914700
vt 0.543280 0.904390
vt 0.533080 0.894460
vt 0.537060 0.887780
vt 0.532840 0.900940
vt 0.556780 0.821650
vt 0.554100 0.821610
vt 0.552650 0.818810
vt 0.557390 0.817720
vt 0.559350 0.822370
vt 0.561590 0.820120
vt 0.886410 0.484900
vt 0.881990 0.484420
vt 0.883960 0.480270
vt 0.886590 0.481040
vt 0.878840 0.481240
vt 0.881730 0.478660
vt 0.511790 0.834000
vt 0.509940 0.836060
vt 0.506860 0.835120
vt 0.509370 0.830790
vt 0.514260 0.832770
vt 0.514200 0.829560
vt 0.850920 0.450090
vt 0.847950 0.446690
vt 0.852380 0.445060
vt 0.853890 0.447390
vt 0.848020 0.442160
vt 0.852040 0.442300
vt 0.484120 0.866020
vt 0.483740 0.868850
vt 0.480520 0.869580
vt 0.480310 0.864470
vt 0.485830 0.863730
vt 0.484030 0.860950
vt 0.841870 0.404970
vt 0.840930 0.400430
vt 0.845710 0.401380
vt 0.845980 0.404210
vt 0.843540 0.396590
vt 0.847040 0.398880
vt 0.481340 0.913870
vt 0.482850 0.916300
vt 0.480770 0.918900
vt 0.477380 0.915070
vt 0.481260 0.911000
vt 0.478090 0.910000
vt 0.866120 0.358060
vt 0.868410 0.353970
vt 0.871380 0.357860
vt 0.869740 0.360200
vt 0.872940 0.352820
vt 0.874060 0.356870
vt 0.551410 0.862750
vt 0.555190 0.861280
vt 0.559210 0.859910
vt 0.557900 0.845100
vt 0.554170 0.845280
vt 0.554220 0.842820
vt 0.558010 0.842800
vt 0.550390 0.845330
vt 0.550440 0.842770
vt 0.564000 0.858750
vt 0.912410 0.452830
vt 0.909380 0.448400
vt 0.898860 0.460230
vt 0.902840 0.463200
vt 0.901610 0.465000
vt 0.897520 0.462190
vt 0.563070 0.842890
vt 0.562790 0.844870
vt 0.906730 0.444380
vt 0.904030 0.441240
vt 0.892890 0.455880
vt 0.895830 0.457940
vt 0.894510 0.460050
vt 0.891450 0.458080
vt 0.900790 0.439170
vt 0.899230 0.439740
vt 0.547510 0.863180
vt 0.546780 0.862040
vt 0.545310 0.845100
vt 0.545320 0.842490
vt 0.887070 0.455520
vt 0.888610 0.453100
vt 0.539610 0.874750
vt 0.542550 0.871530
vt 0.545320 0.868060
vt 0.532070 0.854130
vt 0.529330 0.856460
vt 0.527830 0.854660
vt 0.530770 0.852320
vt 0.526600 0.858830
vt 0.525020 0.857150
vt 0.547400 0.863040
vt 0.900390 0.439310
vt 0.901970 0.433810
vt 0.901930 0.429080
vt 0.900440 0.424820
vt 0.879780 0.431620
vt 0.881060 0.435010
vt 0.878930 0.435710
vt 0.877610 0.432330
vt 0.881880 0.438620
vt 0.879770 0.439250
vt 0.897720 0.420940
vt 0.896530 0.421020
vt 0.535820 0.877250
vt 0.534990 0.876660
vt 0.522880 0.861930
vt 0.521300 0.860640
vt 0.875460 0.427700
vt 0.877770 0.426840
vt 0.531430 0.890200
vt 0.533440 0.886250
vt 0.535120 0.882140
vt 0.515270 0.875020
vt 0.513870 0.878210
vt 0.511810 0.877360
vt 0.513410 0.874000
vt 0.512590 0.881450
vt 0.510560 0.880870
vt 0.535210 0.876860
vt 0.896730 0.420960
vt 0.900360 0.416620
vt 0.901730 0.412220
vt 0.901580 0.407440
vt 0.879600 0.404400
vt 0.879220 0.407960
vt 0.877160 0.407560
vt 0.877540 0.404020
vt 0.878290 0.411380
vt 0.876220 0.410970
vt 0.900090 0.402140
vt 0.899620 0.402010
vt 0.527900 0.894140
vt 0.527590 0.894040
vt 0.510970 0.885900
vt 0.509100 0.885640
vt 0.877810 0.398970
vt 0.880000 0.399320
vt 0.529090 0.905990
vt 0.529050 0.901780
vt 0.529000 0.898060
vt 0.509910 0.901940
vt 0.510640 0.905600
vt 0.508860 0.906030
vt 0.508110 0.902300
vt 0.511400 0.909270
vt 0.509750 0.909770
vt 0.526880 0.893950
vt 0.898680 0.401720
vt 0.903440 0.399810
vt 0.906000 0.396480
vt 0.908100 0.392510
vt 0.894180 0.380020
vt 0.891550 0.382790
vt 0.890410 0.381480
vt 0.892970 0.378830
vt 0.888890 0.385210
vt 0.887700 0.383840
vt 0.910330 0.387810
vt 0.529410 0.911130
vt 0.512510 0.914090
vt 0.511140 0.914630
vt 0.896370 0.375140
vt 0.897600 0.376320
vt 0.534940 0.849290
vt 0.535820 0.850950
vt 0.882920 0.443800
vt 0.880720 0.444320
vt 0.515740 0.869610
vt 0.517240 0.870750
vt 0.876760 0.416170
vt 0.874580 0.415740
vt 0.507130 0.897260
vt 0.508780 0.897050
vt 0.884990 0.388510
vt 0.883640 0.386940
vt 0.554370 0.840760
vt 0.550610 0.840600
vt 0.551270 0.833250
vt 0.555030 0.833740
vt 0.558120 0.840820
vt 0.558860 0.833970
vt 0.563830 0.834280
vt 0.563060 0.841070
vt 0.896510 0.464100
vt 0.900680 0.466800
vt 0.896990 0.473300
vt 0.892830 0.470680
vt 0.889610 0.468760
vt 0.893340 0.461990
vt 0.890120 0.460020
vt 0.886310 0.467120
vt 0.881800 0.465150
vt 0.885740 0.457700
vt 0.545550 0.840200
vt 0.546380 0.832430
vt 0.526660 0.853220
vt 0.523890 0.855710
vt 0.516870 0.846910
vt 0.519830 0.844560
vt 0.529640 0.850960
vt 0.522820 0.842260
vt 0.526810 0.839410
vt 0.533890 0.848080
vt 0.878040 0.439950
vt 0.878940 0.445030
vt 0.867660 0.448650
vt 0.866720 0.443830
vt 0.865690 0.440230
vt 0.877130 0.436300
vt 0.875760 0.432800
vt 0.864260 0.436780
vt 0.861970 0.432460
vt 0.873460 0.428210
vt 0.520230 0.859280
vt 0.513130 0.850090
vt 0.509890 0.876570
vt 0.508690 0.880080
vt 0.496700 0.875200
vt 0.498020 0.871680
vt 0.511530 0.873230
vt 0.499550 0.868250
vt 0.501790 0.863880
vt 0.514080 0.868840
vt 0.874130 0.410750
vt 0.872340 0.415540
vt 0.858790 0.412720
vt 0.860470 0.408120
vt 0.861420 0.404500
vt 0.875110 0.407160
vt 0.875530 0.403450
vt 0.861910 0.400790
vt 0.862090 0.395880
vt 0.875660 0.398340
vt 0.507400 0.885000
vt 0.495240 0.879880
vt 0.507320 0.906420
vt 0.508290 0.910090
vt 0.496850 0.913180
vt 0.495810 0.909560
vt 0.506580 0.902740
vt 0.494840 0.905910
vt 0.493690 0.901150
vt 0.505690 0.897710
vt 0.886520 0.382700
vt 0.882340 0.385610
vt 0.874020 0.375230
vt 0.878130 0.372640
vt 0.881110 0.370410
vt 0.889370 0.380300
vt 0.892030 0.377600
vt 0.883900 0.367910
vt 0.887340 0.364440
vt 0.895420 0.373910
vt 0.509830 0.914860
vt 0.498360 0.917820
vt 0.555240 0.832100
vt 0.551370 0.831520
vt 0.552820 0.825300
vt 0.556130 0.825920
vt 0.559190 0.832350
vt 0.559490 0.826190
vt 0.564140 0.832660
vt 0.564160 0.826040
vt 0.891920 0.472150
vt 0.895940 0.474960
vt 0.891890 0.481160
vt 0.888960 0.477670
vt 0.888840 0.470300
vt 0.886140 0.475720
vt 0.885590 0.468780
vt 0.882920 0.474630
vt 0.880980 0.467150
vt 0.878390 0.474480
vt 0.546530 0.830610
vt 0.548390 0.823870
vt 0.519080 0.843590
vt 0.516030 0.845940
vt 0.511920 0.839830
vt 0.514680 0.837820
vt 0.522110 0.841210
vt 0.517340 0.835690
vt 0.526080 0.838370
vt 0.520780 0.832500
vt 0.865460 0.444220
vt 0.866250 0.449050
vt 0.858050 0.451140
vt 0.858370 0.446520
vt 0.864480 0.440660
vt 0.857690 0.443110
vt 0.863020 0.437280
vt 0.856050 0.440070
vt 0.860580 0.433050
vt 0.852840 0.436740
vt 0.512280 0.849080
vt 0.507940 0.842300
vt 0.496830 0.871190
vt 0.495440 0.874770
vt 0.487840 0.871280
vt 0.489150 0.868060
vt 0.498350 0.867670
vt 0.490460 0.864850
vt 0.500570 0.863320
vt 0.492020 0.860390
vt 0.859120 0.407810
vt 0.857300 0.412360
vt 0.848170 0.409810
vt 0.850780 0.405930
vt 0.860090 0.404240
vt 0.851950 0.402620
vt 0.860540 0.400560
vt 0.852130 0.399120
vt 0.860590 0.395660
vt 0.851200 0.394540
vt 0.493970 0.879430
vt 0.485840 0.875560
vt 0.494580 0.909910
vt 0.495640 0.913620
vt 0.487620 0.915600
vt 0.486660 0.912260
vt 0.493550 0.906200
vt 0.485650 0.908930
vt 0.492400 0.901440
vt 0.484020 0.904490
vt 0.877330 0.371530
vt 0.873120 0.373960
vt 0.867800 0.366010
vt 0.872280 0.364730
vt 0.880310 0.369390
vt 0.875300 0.362960
vt 0.883030 0.366920
vt 0.877750 0.360450
vt 0.886370 0.363350
vt 0.880130 0.356430
vt 0.497180 0.918250
vt 0.488690 0.920210
vt 0.564990 0.923610
vt 0.553190 0.918190
vt 0.934320 0.393340
vt 0.946480 0.393230
vt 0.928680 0.380420
vt 0.935870 0.376210
vt 0.950870 0.389320
vt 0.568080 0.927960
vt 0.551090 0.931220
vt 0.547660 0.927670
vt 0.939990 0.372330
vt 0.541890 0.914060
vt 0.537510 0.912100
vt 0.917330 0.384590
vt 0.922400 0.389260
vt 0.921250 0.379380
vt 0.542030 0.925400
vt 0.535170 0.930390
vt 0.538100 0.934650
vt 0.536960 0.935590
vt 0.534360 0.931060
vt 0.931140 0.365240
vt 0.925030 0.371700
vt 0.924650 0.370570
vt 0.930630 0.363810
vt 0.542020 0.937520
vt 0.540720 0.938620
vt 0.935440 0.360920
vt 0.934890 0.359360
vt 0.536340 0.920370
vt 0.530390 0.923500
vt 0.533610 0.915230
vt 0.915050 0.378200
vt 0.918730 0.372840
vt 0.534560 0.937300
vt 0.526740 0.941420
vt 0.525560 0.936140
vt 0.532070 0.932340
vt 0.923150 0.368040
vt 0.919120 0.360610
vt 0.923810 0.353550
vt 0.928970 0.361210
vt 0.933100 0.356630
vt 0.927130 0.348670
vt 0.538010 0.941000
vt 0.528610 0.946120
vt 0.522050 0.928880
vt 0.527930 0.924960
vt 0.525660 0.919280
vt 0.519440 0.923730
vt 0.917430 0.370110
vt 0.911910 0.370160
vt 0.909340 0.363060
vt 0.914440 0.363380
vt 0.528180 0.917810
vt 0.913060 0.372750
vt 0.062370 0.304830
vt 0.062370 0.323990
vt 0.030380 0.322970
vt 0.030380 0.304510
vt 0.066250 0.340870
vt 0.030380 0.338070
vt 0.066250 0.354380
vt 0.095750 0.343630
vt 0.095750 0.362550
vt 0.066250 0.368120
vt 0.095750 0.381740
vt 0.054570 0.384800
vt 0.088760 0.401510
vt 0.062370 0.278060
vt 0.062370 0.264920
vt 0.095750 0.251190
vt 0.095750 0.267900
vt 0.062370 0.291740
vt 0.095750 0.285000
vt 0.095750 0.303540
vt 0.095750 0.324820
vt 0.124890 0.344930
vt 0.124890 0.365180
vt 0.124890 0.385710
vt 0.124890 0.407820
vt 0.124890 0.249110
vt 0.124890 0.266080
vt 0.124890 0.284750
vt 0.124890 0.303110
vt 0.124890 0.325040
vt 0.142140 0.365850
vt 0.142140 0.345110
vt 0.157950 0.346380
vt 0.157950 0.366760
vt 0.142140 0.386720
vt 0.157950 0.386850
vt 0.142140 0.408990
vt 0.157950 0.408280
vt 0.142140 0.265930
vt 0.142140 0.249380
vt 0.157950 0.250590
vt 0.157950 0.266400
vt 0.142140 0.285190
vt 0.157950 0.285630
vt 0.142140 0.304210
vt 0.157950 0.304790
vt 0.142140 0.325740
vt 0.157950 0.326840
vt 0.175120 0.368060
vt 0.175120 0.349120
vt 0.192190 0.351740
vt 0.192190 0.370000
vt 0.175120 0.386560
vt 0.192190 0.388060
vt 0.175120 0.409560
vt 0.192190 0.413310
vt 0.175120 0.267660
vt 0.175120 0.250410
vt 0.192190 0.246740
vt 0.192190 0.265930
vt 0.175120 0.285510
vt 0.192190 0.284450
vt 0.175120 0.303510
vt 0.192190 0.302420
vt 0.175120 0.327610
vt 0.192190 0.328080
vt 0.219760 0.354150
vt 0.219760 0.373870
vt 0.219760 0.393400
vt 0.219760 0.419460
vt 0.219760 0.236420
vt 0.219760 0.261120
vt 0.219760 0.279710
vt 0.219760 0.297770
vt 0.219760 0.327810
vt 0.252590 0.353540
vt 0.252590 0.375600
vt 0.252590 0.396980
vt 0.252590 0.424200
vt 0.245780 0.228580
vt 0.245780 0.254390
vt 0.252590 0.278260
vt 0.252590 0.296800
vt 0.252590 0.324170
vt 0.299670 0.343380
vt 0.299670 0.367470
vt 0.280230 0.393920
vt 0.280230 0.429870
vt 0.278090 0.219640
vt 0.278090 0.246230
vt 0.278090 0.273400
vt 0.299670 0.292730
vt 0.299670 0.319600
vt 0.844600 0.327020
vt 0.845330 0.279230
vt 0.859780 0.280050
vt 0.856280 0.326500
vt 0.876040 0.328710
vt 0.884260 0.284280
vt 0.900570 0.333340
vt 0.911940 0.293070
vt 0.891070 0.674580
vt 0.914300 0.668760
vt 0.926220 0.706690
vt 0.898190 0.711010
vt 0.879040 0.676040
vt 0.883660 0.713700
vt 0.870300 0.714440
vt 0.868390 0.676540
vt 0.857750 0.676520
vt 0.856940 0.714300
vt 0.842770 0.713980
vt 0.846270 0.675420
vt 0.822620 0.671140
vt 0.814280 0.712780
vt 0.832820 0.327430
vt 0.808840 0.328320
vt 0.803580 0.283990
vt 0.831200 0.279760
vt 0.847680 0.238230
vt 0.863260 0.239410
vt 0.891230 0.243140
vt 0.926170 0.249940
vt 0.938130 0.747530
vt 0.904410 0.754970
vt 0.887460 0.757500
vt 0.872670 0.758700
vt 0.857860 0.759040
vt 0.841420 0.758330
vt 0.807010 0.754680
vt 0.796690 0.239090
vt 0.831240 0.238160
vt 0.849600 0.193160
vt 0.866830 0.194560
vt 0.898350 0.198510
vt 0.936570 0.202150
vt 0.945670 0.794110
vt 0.908540 0.801880
vt 0.890640 0.804810
vt 0.875020 0.806460
vt 0.859300 0.806580
vt 0.841930 0.805470
vt 0.804200 0.801640
vt 0.793190 0.190800
vt 0.831240 0.192470
vt 0.182480 0.492040
vt 0.197690 0.493390
vt 0.196450 0.508140
vt 0.181150 0.506470
vt 0.177560 0.534910
vt 0.193080 0.537670
vt 0.171010 0.570690
vt 0.186650 0.575130
vt 0.542920 0.380760
vt 0.579180 0.374820
vt 0.579800 0.390140
vt 0.542380 0.396160
vt 0.525470 0.383110
vt 0.525480 0.398630
vt 0.511090 0.400020
vt 0.510160 0.384420
vt 0.494760 0.385390
vt 0.496490 0.400630
vt 0.480050 0.400780
vt 0.477880 0.385620
vt 0.441300 0.383870
vt 0.442190 0.399280
vt 0.183430 0.476090
vt 0.184860 0.439970
vt 0.200220 0.438980
vt 0.198810 0.476780
vt 0.221850 0.494480
vt 0.242530 0.496120
vt 0.241780 0.512220
vt 0.220900 0.511200
vt 0.217200 0.542820
vt 0.239440 0.543950
vt 0.210950 0.580710
vt 0.233580 0.581990
vt 0.544720 0.419360
vt 0.582130 0.414030
vt 0.585230 0.435550
vt 0.547250 0.441960
vt 0.527860 0.421440
vt 0.529170 0.444240
vt 0.513390 0.445610
vt 0.512720 0.422770
vt 0.497250 0.423600
vt 0.497430 0.446070
vt 0.479960 0.446140
vt 0.480700 0.423950
vt 0.442690 0.423350
vt 0.441450 0.444920
vt 0.222380 0.476880
vt 0.223210 0.438270
vt 0.243270 0.440160
vt 0.242990 0.478530
vt 0.275150 0.496220
vt 0.275730 0.514510
vt 0.273660 0.549490
vt 0.267010 0.588420
vt 0.590320 0.468300
vt 0.550850 0.471460
vt 0.532760 0.477840
vt 0.515130 0.479010
vt 0.497790 0.479850
vt 0.479520 0.480010
vt 0.440160 0.478590
vt 0.273630 0.437210
vt 0.274720 0.477320
vt 0.316880 0.497460
vt 0.318380 0.516750
vt 0.318210 0.554710
vt 0.307710 0.595440
vt 0.598940 0.508140
vt 0.559680 0.517210
vt 0.538030 0.521360
vt 0.519230 0.522720
vt 0.500300 0.522880
vt 0.481050 0.519830
vt 0.439960 0.517270
vt 0.307590 0.437470
vt 0.312010 0.477720
vt 0.352680 0.493290
vt 0.374570 0.485190
vt 0.375000 0.509520
vt 0.351250 0.514310
vt 0.344010 0.548780
vt 0.376420 0.546830
vt 0.320920 0.599230
vt 0.346610 0.608220
vt 0.560890 0.535450
vt 0.601940 0.521740
vt 0.609310 0.546920
vt 0.562480 0.567390
vt 0.539400 0.540580
vt 0.537730 0.578620
vt 0.520280 0.584590
vt 0.521150 0.550260
vt 0.503190 0.560490
vt 0.501620 0.587000
vt 0.479630 0.589260
vt 0.484000 0.560170
vt 0.351020 0.471840
vt 0.344990 0.426460
vt 0.367550 0.415080
vt 0.374620 0.462690
vt 0.164850 0.490620
vt 0.163510 0.504850
vt 0.159980 0.532800
vt 0.153160 0.567830
vt 0.539750 0.364360
vt 0.575000 0.358160
vt 0.523480 0.366590
vt 0.509640 0.368010
vt 0.495620 0.368850
vt 0.479870 0.368900
vt 0.444200 0.366640
vt 0.165820 0.474630
vt 0.167220 0.438860
vt 0.570970 0.800280
vt 0.570810 0.783030
vt 0.593270 0.785470
vt 0.592450 0.805940
vt 0.634620 0.809800
vt 0.635250 0.786620
vt 0.071820 0.593650
vt 0.080810 0.612180
vt 0.056360 0.619970
vt 0.046410 0.601750
vt 0.000000 0.613520
vt 0.007920 0.630970
vt 0.547220 0.800910
vt 0.500520 0.802820
vt 0.495740 0.784390
vt 0.545500 0.781280
vt 0.571810 0.762010
vt 0.594600 0.765300
vt 0.635850 0.764660
vt 0.083640 0.633410
vt 0.060080 0.641980
vt 0.012060 0.654570
vt 0.496100 0.761100
vt 0.546380 0.759390
vt 0.573410 0.740440
vt 0.597790 0.738010
vt 0.636600 0.737120
vt 0.082990 0.655620
vt 0.059590 0.660840
vt 0.013760 0.680950
vt 0.498630 0.735580
vt 0.549070 0.741430
vt 0.576180 0.713050
vt 0.597680 0.710750
vt 0.637290 0.711640
vt 0.078500 0.686200
vt 0.054790 0.692500
vt 0.011780 0.712090
vt 0.506250 0.705530
vt 0.552720 0.712100
vt 0.573120 0.689360
vt 0.596370 0.691860
vt 0.637870 0.690270
vt 0.637830 0.691900
vt 0.075870 0.709550
vt 0.050280 0.717570
vt 0.011290 0.728160
vt 0.508180 0.689760
vt 0.548220 0.688950
vt 0.571360 0.662900
vt 0.593840 0.662360
vt 0.638530 0.666100
vt 0.076630 0.739780
vt 0.044830 0.744220
vt 0.010940 0.743080
vt 0.508710 0.674900
vt 0.544870 0.667790
vt 0.571330 0.650260
vt 0.594290 0.644060
vt 0.639060 0.646680
vt 0.078560 0.761260
vt 0.053180 0.761010
vt 0.587090 0.821460
vt 0.619960 0.818620
vt 0.627810 0.835410
vt 0.577900 0.834050
vt 0.310540 0.823120
vt 0.290010 0.855350
vt 0.287980 0.839890
vt 0.302990 0.813500
vt 0.329180 0.777230
vt 0.331100 0.747080
vt 0.347270 0.753300
vt 0.344840 0.776940
vt 0.385840 0.777610
vt 0.384700 0.755570
vt 0.656990 0.848250
vt 0.658070 0.881220
vt 0.639780 0.895880
vt 0.638070 0.858260
vt 0.339130 0.719830
vt 0.352710 0.728800
vt 0.383570 0.733880
vt 0.670000 0.896370
vt 0.659510 0.905080
vt 0.616410 0.927670
vt 0.643840 0.926100
vt 0.314500 0.741520
vt 0.300260 0.718990
vt 0.316900 0.697990
vt 0.327940 0.710840
vt 0.359700 0.706660
vt 0.366760 0.711310
vt 0.382630 0.715840
vt 0.689900 0.912140
vt 0.682940 0.919840
vt 0.672970 0.935890
vt 0.344310 0.686130
vt 0.353510 0.700640
vt 0.390840 0.484350
vt 0.418590 0.474790
vt 0.412610 0.492160
vt 0.395060 0.507320
vt 0.415000 0.546850
vt 0.426510 0.524470
vt 0.539280 0.612290
vt 0.539640 0.643730
vt 0.519100 0.642620
vt 0.518660 0.612650
vt 0.499630 0.611010
vt 0.498930 0.640540
vt 0.475430 0.636810
vt 0.476520 0.607660
vt 0.389220 0.460560
vt 0.383160 0.415300
vt 0.408100 0.407590
vt 0.416220 0.452990
vt 0.652190 0.829740
vt 0.321680 0.801760
vt 0.343020 0.795710
vt 0.386830 0.796510
vt 0.301580 0.749370
vt 0.289480 0.728670
vt 0.601770 0.930220
vt 0.611930 0.909500
vt 0.616660 0.872860
vt 0.599890 0.853110
vt 0.572860 0.847160
vt 0.275410 0.833620
vt 0.288870 0.813120
vt 0.301540 0.783730
vt 0.313420 0.780290
vt 0.432880 0.601960
vt 0.429640 0.627900
vt 0.439930 0.560770
vt 0.439250 0.586890
vt 0.101690 0.936260
vt 0.074140 0.921100
vt 0.079040 0.911020
vt 0.106730 0.926040
vt 0.199800 0.917220
vt 0.222040 0.904940
vt 0.238830 0.918040
vt 0.211090 0.932560
vt 0.188200 0.897560
vt 0.211400 0.880510
vt 0.111900 0.915850
vt 0.085040 0.902010
vt 0.094330 0.881430
vt 0.124090 0.897890
vt 0.174280 0.803200
vt 0.178960 0.795880
vt 0.192390 0.825500
vt 0.184680 0.829630
vt 0.158930 0.793500
vt 0.151080 0.791810
vt 0.150450 0.778390
vt 0.159940 0.781110
vt 0.139130 0.797840
vt 0.129480 0.805430
vt 0.124210 0.798680
vt 0.134060 0.787220
vt 0.047740 0.908690
vt 0.052960 0.898130
vt 0.252860 0.885680
vt 0.264080 0.903580
vt 0.236890 0.862410
vt 0.191850 0.781540
vt 0.209440 0.815120
vt 0.149430 0.761020
vt 0.164300 0.762790
vt 0.110680 0.784510
vt 0.123260 0.771930
vt 0.058260 0.888290
vt 0.070500 0.866940
vt 0.830580 0.343890
vt 0.808800 0.344030
vt 0.825540 0.656060
vt 0.847120 0.658510
vt 0.857480 0.662010
vt 0.867630 0.663160
vt 0.877740 0.663250
vt 0.889930 0.660990
vt 0.911270 0.653150
vt 0.897130 0.349090
vt 0.874780 0.343420
vt 0.854730 0.343040
vt 0.842420 0.342990
vt 0.172440 0.881310
vt 0.177130 0.855120
vt 0.189750 0.863800
vt 0.204400 0.855720
vt 0.163150 0.873790
vt 0.154090 0.871500
vt 0.153510 0.848060
vt 0.163390 0.849040
vt 0.144930 0.874120
vt 0.135960 0.879440
vt 0.130960 0.853300
vt 0.144140 0.848500
vt 0.116890 0.865220
vt 0.101820 0.858100
vt 0.224660 0.844390
vt 0.079460 0.851140
vt 0.171150 0.823000
vt 0.152390 0.818350
vt 0.160070 0.818970
vt 0.134940 0.820910
vt 0.144870 0.819010
vt 0.121620 0.829260
vt 0.111070 0.826260
vt 0.094870 0.816520
vt 0.164200 0.797530
vt 0.143190 0.794510
vt 0.920410 0.516600
vt 0.922420 0.480530
vt 0.952020 0.485240
vt 0.952340 0.517040
vt 0.921300 0.551020
vt 0.951470 0.550460
vt 0.918040 0.573320
vt 0.951000 0.572510
vt 0.931300 0.598380
vt 0.951140 0.591740
vt 0.950780 0.606480
vt 0.941290 0.460360
vt 0.952560 0.456440
vt 0.951980 0.474800
vt 0.932970 0.468360
vt 0.962100 0.603370
vt 0.970390 0.595910
vt 0.981370 0.573770
vt 0.981490 0.555080
vt 0.983660 0.515990
vt 0.979540 0.482260
vt 0.962740 0.461720
vt 0.970300 0.470400
vt 0.140800 0.781480
vt 0.135450 0.764340
vt 0.168280 0.785400
vt 0.177150 0.769080
vt 0.118820 0.580900
vt 0.122130 0.604670
vt 0.101580 0.606430
vt 0.094790 0.586630
vt 0.123370 0.623320
vt 0.103770 0.626700
vt 0.122980 0.655310
vt 0.103490 0.654360
vt 0.122210 0.690700
vt 0.099960 0.685560
vt 0.121690 0.707470
vt 0.098890 0.705120
vt 0.119900 0.736190
vt 0.097050 0.738140
vt 0.119640 0.752620
vt 0.097440 0.756280
vt 0.692010 0.831330
vt 0.693540 0.862460
vt 0.675560 0.869730
vt 0.673500 0.836580
vt 0.697090 0.883500
vt 0.682280 0.889820
vt 0.704740 0.902160
vt 0.696480 0.904580
vt 0.690190 0.815090
vt 0.669030 0.820650
vt 0.414810 0.547180
vt 0.564250 0.595280
vt 0.564030 0.601920
vt 0.733600 0.166930
vt 0.746850 0.173210
vt 0.733850 0.174450
vt 0.837260 0.130820
vt 0.827360 0.136260
vt 0.818810 0.138730
vt 0.805360 0.144970
vt 0.788050 0.155100
vt 0.775640 0.163320
vt 0.761420 0.169260
vt 0.745100 0.187870
vt 0.734360 0.189780
vt 0.755340 0.186340
vt 0.767240 0.182030
vt 0.781330 0.177790
vt 0.805900 0.168960
vt 0.825210 0.161630
vt 0.834060 0.158410
vt 0.842000 0.155300
vt 0.317710 0.361340
vt 0.317710 0.397490
vt 0.302470 0.428090
vt 0.299710 0.210150
vt 0.299710 0.234370
vt 0.317710 0.256760
vt 0.317710 0.280510
vt 0.317710 0.314160
vt 0.317710 0.336040
vt 0.149900 0.503950
vt 0.150960 0.489710
vt 0.146430 0.531490
vt 0.139540 0.565230
vt 0.537240 0.350960
vt 0.571210 0.345060
vt 0.509430 0.354300
vt 0.522160 0.352990
vt 0.481600 0.355320
vt 0.496390 0.355160
vt 0.447100 0.353200
vt 0.152200 0.473540
vt 0.153450 0.438390
vt 0.044130 0.745430
vt 0.011240 0.744370
vt 0.508690 0.673580
vt 0.543970 0.663740
vt 0.571240 0.648840
vt 0.594510 0.642740
vt 0.052400 0.761880
vt 0.078690 0.762560
vt 0.119870 0.753960
vt 0.097800 0.757560
vt 0.144080 0.753610
vt 0.144080 0.752260
vt 0.550040 0.658530
vt 0.551090 0.659360
vt 0.850490 0.186240
vt 0.867900 0.187620
vt 0.898760 0.191170
vt 0.934620 0.194460
vt 0.945060 0.802100
vt 0.910010 0.808990
vt 0.891640 0.812650
vt 0.875400 0.813980
vt 0.859050 0.813980
vt 0.841040 0.812580
vt 0.805650 0.809160
vt 0.796030 0.183510
vt 0.831760 0.185570
vt 0.013880 0.298230
vt 0.013880 0.291450
vt 0.012170 0.291720
vt 0.013880 0.322870
vt 0.013880 0.305080
vt 0.013780 0.304550
vt 0.013880 0.344190
vt 0.013880 0.338580
vt 0.017740 0.338750
vt 0.007340 0.363600
vt 0.013880 0.349510
vt 0.015810 0.349710
vt 0.360370 0.705820
vt 0.367290 0.710360
vt 0.690610 0.912930
vt 0.683760 0.920570
vt 0.674040 0.936230
vt 0.345340 0.685720
vt 0.354290 0.699870
vt 0.704950 0.903170
vt 0.696980 0.905530
vt 0.713090 0.900620
vt 0.713100 0.899530
vt 0.030380 0.296120
vt 0.030380 0.288450
vt 0.030380 0.346060
vt 0.030380 0.354460
vt 0.024280 0.367830
vt 0.013880 0.273390
vt 0.030380 0.272310
vt 0.013760 0.018910
vt 0.010920 0.017120
vt 0.253660 0.195740
vt 0.669640 0.000610
vt 0.669770 0.005580
vt 0.660990 0.005170
vt 0.665970 0.000000
vt 0.251390 0.167720
vt 0.288530 0.171300
vt 0.688350 0.001530
vt 0.688290 0.004930
vt 0.679350 0.003840
vt 0.679700 0.000000
vt 0.004280 0.024160
vt 0.009240 0.016790
vt 0.272570 0.094380
vt 0.303900 0.107280
vt 0.300440 0.123050
vt 0.632980 0.004970
vt 0.629310 0.005630
vt 0.624270 0.000520
vt 0.633040 0.000000
vt 0.268350 0.106970
vt 0.291560 0.201990
vt 0.730240 0.112160
vt 0.730110 0.111070
vt 0.730470 0.111970
vt 0.730620 0.114810
vt 0.731320 0.121520
vt 0.730900 0.117140
vt 0.258860 0.213550
vt 0.614750 0.000000
vt 0.615060 0.003380
vt 0.606540 0.005550
vt 0.605910 0.001740
vt 0.267440 0.120680
vt 0.298810 0.130540
vt 0.297430 0.138810
vt 0.729760 0.104590
vt 0.731660 0.125220
vt 0.729990 0.105870
vt 0.729990 0.106120
vt 0.264470 0.133440
vt 0.794970 0.015860
vt 0.819310 0.031020
vt 0.765410 0.010300
vt 0.728520 0.014750
vt 0.729750 0.053370
vt 0.835590 0.053140
vt 0.838780 0.060940
vt 0.844850 0.086780
vt 0.730160 0.066840
vt 0.845650 0.108650
vt 0.351010 0.607440
vt 0.612690 0.549580
vt 0.713270 0.881720
vt 0.713480 0.860700
vt 0.713760 0.830550
vt 0.713920 0.814350
vt 0.144000 0.735720
vt 0.143890 0.713670
vt 0.143810 0.695810
vt 0.143620 0.657300
vt 0.143460 0.622690
vt 0.143370 0.603910
vt 0.143250 0.577210
vt 0.560800 0.642250
vt 0.848700 0.123740
vt 0.856710 0.147980
vt 0.639100 0.645340
vt 0.382580 0.714790
vt 0.020930 0.018120
vt 0.017910 0.010100
vt 0.022620 0.001480
vt 0.024650 0.015580
vt 0.016120 0.008890
vt 0.017970 0.005380
vt 0.202650 0.000000
vt 0.201480 0.009770
vt 0.197070 0.015440
vt 0.194620 0.011860
vt 0.465160 0.000750
vt 0.459660 0.003490
vt 0.455960 0.003810
vt 0.455350 0.000000
vt 0.022240 0.019370
vt 0.019750 0.022140
vt 0.024440 0.001180
vt 0.026460 0.015220
vt 0.025280 0.017130
vt 0.022370 0.019450
vt 0.016800 0.003940
vt 0.021530 0.000000
vt 0.014530 0.007890
vt 0.016300 0.004630
vt 0.729310 0.112770
vt 0.729000 0.115150
vt 0.727330 0.115570
vt 0.728040 0.113660
vt 0.219670 0.006700
vt 0.215280 0.006800
vt 0.215280 0.003990
vt 0.219730 0.003770
vt 0.719030 0.087610
vt 0.720740 0.088630
vt 0.716640 0.091090
vt 0.716540 0.089660
vt 0.714100 0.083420
vt 0.714180 0.084690
vt 0.712630 0.086960
vt 0.711410 0.087410
vt 0.721510 0.081350
vt 0.720120 0.082870
vt 0.717090 0.083300
vt 0.718220 0.081160
vt 0.721970 0.084740
vt 0.720240 0.085140
vt 0.710410 0.118750
vt 0.717090 0.117510
vt 0.720080 0.121280
vt 0.715360 0.125870
vt 0.686710 0.114610
vt 0.702610 0.107760
vt 0.701830 0.123780
vt 0.691990 0.128700
vt 0.712900 0.091180
vt 0.713700 0.089920
vt 0.224620 0.005390
vt 0.224460 0.003400
vt 0.226410 0.003560
vt 0.215090 0.000920
vt 0.219370 0.000000
vt 0.224200 0.000200
vt 0.724150 0.089510
vt 0.716810 0.093300
vt 0.711140 0.092660
vt 0.708460 0.088030
vt 0.711770 0.081310
vt 0.718920 0.076810
vt 0.724810 0.078060
vt 0.724930 0.084130
vt 0.723240 0.096170
vt 0.715440 0.100530
vt 0.704000 0.091240
vt 0.706220 0.079480
vt 0.716060 0.070320
vt 0.727640 0.085700
vt 0.728250 0.080050
vt 0.729320 0.080820
vt 0.729220 0.086270
vt 0.729290 0.092010
vt 0.727610 0.091280
vt 0.212990 0.004220
vt 0.725790 0.100840
vt 0.718760 0.107850
vt 0.729290 0.111320
vt 0.729880 0.109280
vt 0.727950 0.099570
vt 0.727570 0.097070
vt 0.728930 0.097100
vt 0.729060 0.099230
vt 0.728090 0.121140
vt 0.725720 0.118330
vt 0.727570 0.117160
vt 0.728890 0.117470
vt 0.721890 0.128880
vt 0.723990 0.123240
vt 0.728040 0.124970
vt 0.727140 0.130000
vt 0.723760 0.115660
vt 0.727420 0.112870
vt 0.729030 0.111290
vt 0.726580 0.084600
vt 0.727330 0.079460
vt 0.726240 0.090140
vt 0.729010 0.102150
vt 0.729400 0.104570
vt 0.729340 0.104670
vt 0.728790 0.102440
vt 0.727080 0.099970
vt 0.726120 0.096860
vt 0.726910 0.076980
vt 0.725700 0.075340
vt 0.726980 0.074890
vt 0.727940 0.077510
vt 0.729050 0.077940
vt 0.728670 0.074920
vt 0.726230 0.103790
vt 0.725080 0.107270
vt 0.723450 0.112260
vt 0.724460 0.116880
vt 0.172590 0.007480
vt 0.177660 0.002400
vt 0.187200 0.000000
vt 0.176440 0.009460
vt 0.436990 0.000360
vt 0.440680 0.000000
vt 0.446590 0.001700
vt 0.437080 0.004220
vt 0.729500 0.105590
vt 0.729470 0.105540
vt 0.728250 0.103380
vt 0.714350 0.085410
vt 0.716750 0.084130
vt 0.713220 0.086960
vt 0.714140 0.089200
vt 0.716460 0.088750
vt 0.718490 0.087500
vt 0.719680 0.085230
vt 0.718930 0.083820
vt 0.652340 0.056100
vt 0.647030 0.044750
vt 0.666880 0.032740
vt 0.669930 0.045570
vt 0.690360 0.029970
vt 0.688900 0.044000
vt 0.717060 0.031300
vt 0.708200 0.044790
vt 0.724270 0.052170
vt 0.717550 0.056940
vt 0.640720 0.073790
vt 0.633210 0.065780
vt 0.659860 0.065700
vt 0.672940 0.057390
vt 0.687290 0.055940
vt 0.700890 0.056460
vt 0.709340 0.064670
vt 0.650140 0.079910
vt 0.667000 0.074170
vt 0.675910 0.068020
vt 0.685570 0.065940
vt 0.694290 0.067180
vt 0.699990 0.073900
vt 0.660790 0.084410
vt 0.671200 0.093390
vt 0.676390 0.089050
vt 0.682240 0.087480
vt 0.684620 0.088290
vt 0.688430 0.093700
vt 0.689720 0.099380
vt 0.669340 0.099270
vt 0.683210 0.093210
vt 0.686450 0.097140
vt 0.680650 0.097630
vt 0.680040 0.093320
vt 0.675140 0.098980
vt 0.676850 0.095450
vt 0.687660 0.101430
vt 0.680940 0.102860
vt 0.674490 0.102380
vt 0.724730 0.141920
vt 0.726130 0.134840
vt 0.709790 0.131380
vt 0.702030 0.138020
vt 0.687800 0.107260
vt 0.714100 0.142840
vt 0.719180 0.134800
vt 0.721140 0.154710
vt 0.690260 0.146590
vt 0.681900 0.133560
vt 0.680650 0.108420
vt 0.685650 0.107550
vt 0.684920 0.112800
vt 0.679720 0.114800
vt 0.704590 0.153480
vt 0.681140 0.119710
vt 0.723280 0.066020
vt 0.686070 0.154990
vt 0.675670 0.141640
vt 0.674730 0.107080
vt 0.674920 0.112110
vt 0.700770 0.161630
vt 0.717160 0.165690
vt 0.673050 0.118380
vt 0.631430 0.075270
vt 0.640430 0.082440
vt 0.648430 0.088060
vt 0.658220 0.092040
vt 0.669570 0.108860
vt 0.629090 0.100970
vt 0.639120 0.106900
vt 0.648920 0.111910
vt 0.658810 0.115230
vt 0.642710 0.128930
vt 0.651930 0.132310
vt 0.661140 0.134740
vt 0.727410 0.065600
vt 0.680300 0.090530
vt 0.683960 0.090520
vt 0.687760 0.095140
vt 0.673070 0.096700
vt 0.675930 0.092700
vt 0.689040 0.100100
vt 0.672580 0.100640
vt 0.687070 0.107690
vt 0.679430 0.116630
vt 0.673610 0.113570
vt 0.672470 0.107160
vt 0.631050 0.123440
vt 0.299260 0.131000
vt 0.301240 0.123250
vt 0.315740 0.129180
vt 0.314770 0.135120
vt 0.008200 0.497580
vt 0.009950 0.492120
vt 0.021560 0.494080
vt 0.017550 0.499840
vt 0.857710 0.060130
vt 0.855620 0.054220
vt 0.864380 0.049170
vt 0.869800 0.053970
vt 0.298120 0.138950
vt 0.312040 0.141010
vt 0.057490 0.536520
vt 0.049990 0.537410
vt 0.049520 0.533060
vt 0.053720 0.532290
vt 0.903400 0.005100
vt 0.903830 0.000000
vt 0.909760 0.002590
vt 0.907720 0.009090
vt 0.063210 0.529780
vt 0.059340 0.528120
vt 0.913630 0.009900
vt 0.910200 0.013550
vt 0.063200 0.495490
vt 0.058710 0.495990
vt 0.053750 0.492190
vt 0.063450 0.489370
vt 0.901380 0.050450
vt 0.904020 0.043960
vt 0.909900 0.045240
vt 0.910610 0.050640
vt 0.292120 0.156660
vt 0.306860 0.158890
vt 0.859510 0.078510
vt 0.868840 0.060940
vt 0.886860 0.059140
vt 0.886310 0.053800
vt 0.902640 0.057270
vt 0.869910 0.077540
vt 0.888860 0.071040
vt 0.904830 0.070280
vt 0.915860 0.061690
vt 0.912350 0.055660
vt 0.888720 0.082670
vt 0.904750 0.083050
vt 0.917260 0.077360
vt 0.915280 0.069680
vt 0.869510 0.092940
vt 0.858560 0.094900
vt 0.870430 0.098460
vt 0.289180 0.171520
vt 0.302210 0.174450
vt 0.886980 0.094080
vt 0.885790 0.100250
vt 0.901990 0.095840
vt 0.900310 0.101610
vt 0.914850 0.092710
vt 0.914870 0.084770
vt 0.911120 0.098350
vt 0.908640 0.103410
vt 0.287670 0.179470
vt 0.302240 0.180120
vt 0.857290 0.099980
vt 0.869380 0.103900
vt 0.002750 0.461110
vt 0.000000 0.456680
vt 0.010880 0.449400
vt 0.011530 0.454570
vt 0.287970 0.187490
vt 0.302240 0.185600
vt 0.884840 0.106290
vt 0.025490 0.445550
vt 0.027280 0.450470
vt 0.899200 0.107400
vt 0.037340 0.440880
vt 0.040150 0.445690
vt 0.906540 0.108400
vt 0.042620 0.438430
vt 0.046740 0.441360
vt 0.292170 0.202400
vt 0.307630 0.201360
vt 0.008260 0.475490
vt 0.014880 0.465880
vt 0.029120 0.455190
vt 0.042920 0.449910
vt 0.032910 0.465410
vt 0.048640 0.461100
vt 0.055970 0.448320
vt 0.050570 0.444040
vt 0.019040 0.482250
vt 0.035950 0.476040
vt 0.052260 0.473450
vt 0.063170 0.462460
vt 0.058950 0.455590
vt 0.304460 0.107630
vt 0.319080 0.110800
vt 0.037680 0.486530
vt 0.038570 0.491440
vt 0.053390 0.486080
vt 0.066020 0.478410
vt 0.063910 0.470770
vt 0.064360 0.484890
vt 0.058010 0.398900
vt 0.056160 0.401480
vt 0.053490 0.401150
vt 0.053470 0.397160
vt 0.050820 0.401520
vt 0.048940 0.398960
vt 0.935740 0.137460
vt 0.937620 0.141650
vt 0.933190 0.142030
vt 0.933100 0.138160
vt 0.938010 0.135890
vt 0.940840 0.138550
vt 0.103150 0.422820
vt 0.099930 0.423100
vt 0.098520 0.420720
vt 0.101580 0.418080
vt 0.096320 0.419010
vt 0.097060 0.415870
vt 0.968090 0.102890
vt 0.972490 0.104630
vt 0.969430 0.107960
vt 0.966530 0.105180
vt 0.968500 0.100140
vt 0.972520 0.100110
vt 0.123510 0.471010
vt 0.120850 0.469010
vt 0.121650 0.466260
vt 0.125780 0.466420
vt 0.121000 0.463460
vt 0.123790 0.461660
vt 0.975720 0.059620
vt 0.980520 0.058790
vt 0.979470 0.063320
vt 0.975380 0.062440
vt 0.974450 0.057080
vt 0.978010 0.054890
vt 0.102060 0.523840
vt 0.101800 0.520500
vt 0.104410 0.519310
vt 0.107020 0.522550
vt 0.106070 0.516950
vt 0.109270 0.517900
vt 0.950880 0.015300
vt 0.953920 0.011470
vt 0.956130 0.015600
vt 0.952470 0.017680
vt 0.948220 0.014260
vt 0.949410 0.010230
vt 0.055210 0.442970
vt 0.051700 0.440900
vt 0.047920 0.439010
vt 0.053910 0.422560
vt 0.053840 0.425030
vt 0.050130 0.424560
vt 0.050100 0.422250
vt 0.057710 0.422820
vt 0.057640 0.425390
vt 0.043310 0.437470
vt 0.907940 0.109390
vt 0.911050 0.105020
vt 0.918460 0.121780
vt 0.917260 0.119960
vt 0.921310 0.117070
vt 0.922610 0.119060
vt 0.045030 0.422070
vt 0.045240 0.424090
vt 0.913800 0.101070
vt 0.916560 0.097980
vt 0.925660 0.116990
vt 0.924390 0.114860
vt 0.927380 0.112860
vt 0.928770 0.115090
vt 0.919850 0.095950
vt 0.921400 0.096550
vt 0.059950 0.443010
vt 0.058910 0.444210
vt 0.062880 0.422860
vt 0.062780 0.425490
vt 0.933210 0.112640
vt 0.931730 0.110180
vt 0.064450 0.457150
vt 0.062210 0.453380
vt 0.060170 0.449430
vt 0.079260 0.438640
vt 0.077560 0.440250
vt 0.075090 0.437400
vt 0.076620 0.435800
vt 0.081780 0.441600
vt 0.080050 0.443130
vt 0.058960 0.444170
vt 0.920240 0.096090
vt 0.918770 0.090600
vt 0.918900 0.085900
vt 0.920470 0.081700
vt 0.941780 0.092910
vt 0.939660 0.092180
vt 0.941030 0.088780
vt 0.943170 0.089540
vt 0.940860 0.096460
vt 0.938770 0.095790
vt 0.923290 0.077930
vt 0.924440 0.078040
vt 0.068640 0.459880
vt 0.067720 0.460280
vt 0.085190 0.445590
vt 0.083550 0.446900
vt 0.945420 0.084920
vt 0.943130 0.083970
vt 0.068820 0.474650
vt 0.067840 0.470100
vt 0.067200 0.465490
vt 0.091560 0.466800
vt 0.089320 0.467020
vt 0.088920 0.463470
vt 0.091070 0.463070
vt 0.091720 0.470550
vt 0.089620 0.470550
vt 0.068210 0.460070
vt 0.924240 0.077970
vt 0.920710 0.073520
vt 0.919450 0.069080
vt 0.919710 0.064310
vt 0.944130 0.065010
vt 0.942050 0.065360
vt 0.941760 0.061780
vt 0.943830 0.061460
vt 0.944980 0.068450
vt 0.942890 0.068810
vt 0.921320 0.059030
vt 0.921800 0.058930
vt 0.071650 0.479570
vt 0.071320 0.479600
vt 0.091830 0.475540
vt 0.090100 0.475310
vt 0.943690 0.056400
vt 0.941490 0.056690
vt 0.066440 0.490560
vt 0.067820 0.486560
vt 0.069100 0.482980
vt 0.084950 0.498210
vt 0.083530 0.497030
vt 0.085760 0.494030
vt 0.087260 0.495180
vt 0.082520 0.501150
vt 0.081300 0.500000
vt 0.072640 0.479630
vt 0.922740 0.058640
vt 0.918020 0.056630
vt 0.915530 0.053250
vt 0.913510 0.049240
vt 0.931410 0.038560
vt 0.930240 0.039850
vt 0.927670 0.037030
vt 0.928900 0.035860
vt 0.934080 0.040980
vt 0.932860 0.042320
vt 0.911380 0.044500
vt 0.064600 0.495290
vt 0.079100 0.504880
vt 0.078300 0.503870
vt 0.925570 0.032110
vt 0.924320 0.033260
vt 0.072860 0.432080
vt 0.071650 0.433500
vt 0.939800 0.101530
vt 0.937600 0.101000
vt 0.090270 0.458100
vt 0.088390 0.458660
vt 0.946490 0.073260
vt 0.944300 0.073640
vt 0.090380 0.491070
vt 0.088860 0.490010
vt 0.938070 0.044150
vt 0.936700 0.045690
vt 0.057540 0.413300
vt 0.057670 0.420640
vt 0.053880 0.420490
vt 0.053720 0.413420
vt 0.050100 0.420270
vt 0.049860 0.413280
vt 0.045100 0.420200
vt 0.044880 0.413120
vt 0.922880 0.130180
vt 0.919350 0.123600
vt 0.923580 0.120990
vt 0.927100 0.127660
vt 0.926800 0.118950
vt 0.930370 0.125820
vt 0.930060 0.117070
vt 0.933700 0.124250
vt 0.934490 0.114850
vt 0.938260 0.122390
vt 0.062520 0.412930
vt 0.062750 0.420580
vt 0.091160 0.432450
vt 0.083060 0.440260
vt 0.080600 0.437340
vt 0.088610 0.429640
vt 0.077940 0.434610
vt 0.086020 0.426880
vt 0.074110 0.431100
vt 0.082500 0.423430
vt 0.952740 0.106110
vt 0.941560 0.102250
vt 0.942570 0.097190
vt 0.953790 0.101320
vt 0.943560 0.093540
vt 0.954900 0.097730
vt 0.945010 0.090060
vt 0.956420 0.094320
vt 0.947420 0.085510
vt 0.958820 0.090060
vt 0.094400 0.436150
vt 0.086340 0.444280
vt 0.106540 0.469800
vt 0.093720 0.470350
vt 0.093660 0.466620
vt 0.106570 0.466040
vt 0.093160 0.462930
vt 0.106370 0.462270
vt 0.092170 0.457930
vt 0.105820 0.457380
vt 0.962360 0.070630
vt 0.948740 0.073110
vt 0.947070 0.068280
vt 0.960790 0.065980
vt 0.946180 0.064660
vt 0.959940 0.062340
vt 0.945850 0.060950
vt 0.959540 0.058620
vt 0.945860 0.055830
vt 0.959480 0.053710
vt 0.106260 0.474700
vt 0.093510 0.475430
vt 0.091840 0.510320
vt 0.083620 0.502090
vt 0.086150 0.499260
vt 0.094600 0.507750
vt 0.088460 0.496300
vt 0.097320 0.505100
vt 0.091570 0.492240
vt 0.100770 0.501580
vt 0.947920 0.032620
vt 0.939400 0.042840
vt 0.935280 0.039850
vt 0.943850 0.029950
vt 0.932480 0.037390
vt 0.940920 0.027670
vt 0.929870 0.034650
vt 0.938170 0.025110
vt 0.926540 0.030890
vt 0.934800 0.021580
vt 0.088150 0.513510
vt 0.080040 0.505600
vt 0.056910 0.405280
vt 0.057610 0.411580
vt 0.053670 0.411760
vt 0.053530 0.405490
vt 0.049700 0.411600
vt 0.050150 0.405340
vt 0.044730 0.411400
vt 0.045520 0.404600
vt 0.927790 0.138150
vt 0.923890 0.131860
vt 0.927970 0.129150
vt 0.930810 0.134730
vt 0.931100 0.127380
vt 0.933670 0.132850
vt 0.934380 0.125920
vt 0.936910 0.131840
vt 0.939030 0.124400
vt 0.941450 0.131790
vt 0.061500 0.404410
vt 0.062560 0.411170
vt 0.097240 0.426390
vt 0.092140 0.431630
vt 0.089510 0.428800
vt 0.094900 0.423890
vt 0.086900 0.425940
vt 0.092670 0.421290
vt 0.083430 0.422480
vt 0.089880 0.417490
vt 0.962280 0.108830
vt 0.954140 0.106550
vt 0.955040 0.101730
vt 0.962070 0.104200
vt 0.956100 0.098200
vt 0.962830 0.100820
vt 0.957640 0.094860
vt 0.964550 0.097820
vt 0.960190 0.090680
vt 0.967840 0.094570
vt 0.100710 0.429570
vt 0.095360 0.435330
vt 0.116150 0.469580
vt 0.107860 0.469860
vt 0.107870 0.466020
vt 0.116200 0.466100
vt 0.107730 0.462180
vt 0.116240 0.462610
vt 0.107240 0.457300
vt 0.116550 0.457870
vt 0.973050 0.067990
vt 0.963860 0.070310
vt 0.962150 0.065710
vt 0.970540 0.064040
vt 0.961270 0.062110
vt 0.969450 0.060710
vt 0.960910 0.058430
vt 0.969360 0.057200
vt 0.960990 0.053520
vt 0.970400 0.052640
vt 0.116310 0.474320
vt 0.107530 0.474750
vt 0.098230 0.517290
vt 0.092630 0.511320
vt 0.095470 0.508700
vt 0.100870 0.515000
vt 0.098280 0.506050
vt 0.103530 0.512740
vt 0.101760 0.502570
vt 0.107340 0.509900
vt 0.954310 0.023520
vt 0.948840 0.031360
vt 0.944670 0.028860
vt 0.949860 0.022150
vt 0.941730 0.026660
vt 0.946870 0.020330
vt 0.939060 0.024140
vt 0.944470 0.017770
vt 0.935790 0.020510
vt 0.942160 0.013710
vt 0.094800 0.520580
vt 0.088870 0.514460
vt 0.039670 0.495560
vt 0.028560 0.497130
vt 0.875120 0.049120
vt 0.887280 0.049490
vt 0.893180 0.036700
vt 0.886090 0.032340
vt 0.870820 0.045120
vt 0.022990 0.500460
vt 0.033970 0.507100
vt 0.024210 0.499750
vt 0.039070 0.505620
vt 0.882040 0.028380
vt 0.051570 0.496350
vt 0.057300 0.496410
vt 0.904450 0.041100
vt 0.899280 0.045670
vt 0.900630 0.035810
vt 0.045270 0.506420
vt 0.043240 0.517090
vt 0.043040 0.515700
vt 0.047900 0.514210
vt 0.048080 0.515240
vt 0.897410 0.026920
vt 0.897020 0.028050
vt 0.891030 0.021460
vt 0.891570 0.020050
vt 0.038430 0.517160
vt 0.038170 0.515790
vt 0.886810 0.017070
vt 0.887400 0.015520
vt 0.052930 0.505210
vt 0.055800 0.511720
vt 0.058310 0.502410
vt 0.906860 0.034750
vt 0.903280 0.029320
vt 0.051040 0.524840
vt 0.046460 0.527870
vt 0.043820 0.519820
vt 0.048950 0.517670
vt 0.898580 0.009920
vt 0.903140 0.017070
vt 0.898960 0.024430
vt 0.893280 0.017480
vt 0.889240 0.012820
vt 0.895360 0.004980
vt 0.041800 0.529900
vt 0.038770 0.520300
vt 0.058520 0.521730
vt 0.056750 0.514570
vt 0.062160 0.511630
vt 0.063930 0.519680
vt 0.912870 0.019720
vt 0.910160 0.026770
vt 0.904640 0.026600
vt 0.907760 0.019930
vt 0.061130 0.508560
vt 0.908960 0.029330
vt 0.291730 0.156540
vt 0.262450 0.152510
vt 0.225050 0.165960
vt 0.220890 0.184420
vt 0.218600 0.203490
vt 0.222370 0.224180
vt 0.240810 0.074970
vt 0.237940 0.091420
vt 0.236040 0.108430
vt 0.233360 0.126760
vt 0.229060 0.147580
vt 0.193790 0.161880
vt 0.190000 0.181750
vt 0.187700 0.202170
vt 0.188990 0.224810
vt 0.209460 0.067450
vt 0.206560 0.084150
vt 0.207290 0.103200
vt 0.201450 0.120810
vt 0.197760 0.142400
vt 0.162160 0.157880
vt 0.178420 0.159410
vt 0.174910 0.179830
vt 0.159100 0.178020
vt 0.173160 0.200680
vt 0.157340 0.198080
vt 0.171660 0.223000
vt 0.155930 0.219560
vt 0.177100 0.063360
vt 0.192570 0.064800
vt 0.190810 0.081270
vt 0.175140 0.079040
vt 0.187880 0.100300
vt 0.171460 0.097900
vt 0.185970 0.119250
vt 0.168420 0.116800
vt 0.182160 0.140420
vt 0.165260 0.138610
vt 0.125600 0.157000
vt 0.144710 0.157650
vt 0.141690 0.176320
vt 0.122690 0.175010
vt 0.141170 0.195000
vt 0.123100 0.193390
vt 0.140370 0.218170
vt 0.123860 0.219120
vt 0.147710 0.054380
vt 0.162290 0.060620
vt 0.155740 0.076970
vt 0.140550 0.072590
vt 0.155750 0.095070
vt 0.135800 0.090540
vt 0.151040 0.112500
vt 0.132080 0.108120
vt 0.147420 0.136310
vt 0.128550 0.133530
vt 0.097740 0.154630
vt 0.095490 0.174240
vt 0.096320 0.194180
vt 0.097760 0.220840
vt 0.125410 0.040050
vt 0.116880 0.063620
vt 0.109420 0.081180
vt 0.103650 0.098500
vt 0.100630 0.128430
vt 0.064340 0.148240
vt 0.065290 0.170760
vt 0.068360 0.192980
vt 0.067970 0.220500
vt 0.099480 0.027630
vt 0.090540 0.052250
vt 0.075000 0.073760
vt 0.068160 0.091380
vt 0.063500 0.118320
vt 0.019150 0.130130
vt 0.016580 0.154110
vt 0.032440 0.183660
vt 0.031780 0.220000
vt 0.068310 0.013180
vt 0.066560 0.039830
vt 0.053620 0.065140
vt 0.038720 0.082160
vt 0.030720 0.108020
vt 0.386770 0.916840
vt 0.401220 0.917690
vt 0.396430 0.965240
vt 0.384880 0.963380
vt 0.365000 0.963290
vt 0.361970 0.918210
vt 0.340100 0.965060
vt 0.333450 0.923750
vt 0.859170 0.875630
vt 0.868980 0.837080
vt 0.892480 0.841610
vt 0.887390 0.878400
vt 0.915430 0.880270
vt 0.902040 0.880260
vt 0.904550 0.843500
vt 0.915240 0.842350
vt 0.942890 0.878280
vt 0.928760 0.879380
vt 0.925850 0.841720
vt 0.937250 0.839970
vt 0.960620 0.834380
vt 0.971270 0.875490
vt 0.442140 0.927240
vt 0.431800 0.970660
vt 0.408080 0.967010
vt 0.415190 0.919850
vt 0.388000 0.876060
vt 0.403620 0.876680
vt 0.359780 0.876540
vt 0.324300 0.879270
vt 0.849540 0.917070
vt 0.883620 0.922640
vt 0.915520 0.924590
vt 0.900680 0.924210
vt 0.946700 0.922490
vt 0.930330 0.924110
vt 0.980850 0.916930
vt 0.454170 0.883430
vt 0.419950 0.878510
vt 0.389630 0.831100
vt 0.406900 0.831690
vt 0.357860 0.831380
vt 0.319480 0.830590
vt 0.844600 0.964000
vt 0.882100 0.969700
vt 0.915820 0.972420
vt 0.900140 0.971630
vt 0.948810 0.969580
vt 0.931530 0.971660
vt 0.986260 0.963660
vt 0.463210 0.835860
vt 0.425220 0.833130
vt 0.555230 0.261820
vt 0.554640 0.247030
vt 0.569900 0.246480
vt 0.570580 0.260940
vt 0.572870 0.289490
vt 0.557270 0.291420
vt 0.577570 0.325510
vt 0.561850 0.329120
vt 0.631000 0.243300
vt 0.631920 0.228000
vt 0.668060 0.234670
vt 0.668290 0.250080
vt 0.699500 0.254570
vt 0.685140 0.252890
vt 0.685460 0.237370
vt 0.700740 0.238990
vt 0.730510 0.255960
vt 0.714080 0.255470
vt 0.716120 0.240270
vt 0.733000 0.240840
vt 0.769600 0.239840
vt 0.768400 0.255220
vt 0.554790 0.192610
vt 0.570170 0.194410
vt 0.569710 0.230520
vt 0.554290 0.230400
vt 0.509790 0.263730
vt 0.509660 0.247620
vt 0.530430 0.246910
vt 0.530680 0.263640
vt 0.533050 0.295360
vt 0.510910 0.295490
vt 0.537560 0.333480
vt 0.515200 0.333660
vt 0.624650 0.288590
vt 0.628190 0.267150
vt 0.665480 0.273230
vt 0.662500 0.295780
vt 0.696280 0.300110
vt 0.680520 0.298420
vt 0.682300 0.275640
vt 0.697400 0.277280
vt 0.729690 0.301310
vt 0.712220 0.300890
vt 0.712860 0.278430
vt 0.729400 0.279110
vt 0.767410 0.279280
vt 0.768220 0.300870
vt 0.511280 0.191670
vt 0.531660 0.190760
vt 0.530660 0.229310
vt 0.509910 0.230030
vt 0.475800 0.264660
vt 0.476990 0.246400
vt 0.476750 0.299680
vt 0.482080 0.338780
vt 0.618900 0.321240
vt 0.658300 0.325200
vt 0.693860 0.333460
vt 0.676260 0.331940
vt 0.729450 0.335180
vt 0.711180 0.334660
vt 0.768830 0.334560
vt 0.480620 0.187540
vt 0.478070 0.227520
vt 0.433130 0.265580
vt 0.435110 0.246330
vt 0.432480 0.303610
vt 0.441840 0.344590
vt 0.609480 0.360890
vt 0.648540 0.370750
vt 0.688880 0.377080
vt 0.670110 0.375340
vt 0.727110 0.374970
vt 0.707800 0.377620
vt 0.768250 0.373230
vt 0.446110 0.186570
vt 0.440530 0.226740
vt 0.376350 0.257020
vt 0.377150 0.232830
vt 0.399180 0.241350
vt 0.400240 0.262390
vt 0.407090 0.297140
vt 0.375150 0.294860
vt 0.428760 0.348020
vt 0.403160 0.356390
vt 0.598330 0.399450
vt 0.606210 0.374430
vt 0.646980 0.388960
vt 0.644730 0.420870
vt 0.686580 0.438920
vt 0.669250 0.432600
vt 0.668350 0.394540
vt 0.686400 0.404580
vt 0.727120 0.444410
vt 0.705190 0.441700
vt 0.704150 0.415170
vt 0.723340 0.415230
vt 0.386040 0.162960
vt 0.408440 0.174800
vt 0.401370 0.219970
vt 0.377790 0.210370
vt 0.587580 0.246000
vt 0.588270 0.260250
vt 0.590500 0.288330
vt 0.595450 0.323660
vt 0.636440 0.211420
vt 0.671560 0.218340
vt 0.687780 0.220900
vt 0.701590 0.222600
vt 0.715600 0.223720
vt 0.731340 0.224090
vt 0.767050 0.222560
vt 0.587910 0.194280
vt 0.587370 0.230010
vt 0.677230 0.787760
vt 0.699790 0.786540
vt 0.698690 0.803760
vt 0.676940 0.808240
vt 0.230530 0.619140
vt 0.206010 0.611590
vt 0.214820 0.592970
vt 0.240300 0.600830
vt 0.286830 0.612160
vt 0.279070 0.629680
vt 0.774670 0.791980
vt 0.768900 0.810130
vt 0.722370 0.805680
vt 0.725160 0.786170
vt 0.677000 0.767540
vt 0.699930 0.765500
vt 0.227020 0.641190
vt 0.203380 0.632840
vt 0.275160 0.653320
vt 0.775580 0.768710
vt 0.725470 0.764260
vt 0.675300 0.740120
vt 0.699510 0.743870
vt 0.227690 0.660040
vt 0.204240 0.655040
vt 0.273700 0.679720
vt 0.774440 0.743080
vt 0.723760 0.746190
vt 0.676900 0.712910
vt 0.698230 0.716370
vt 0.232790 0.691650
vt 0.209020 0.685580
vt 0.275980 0.710840
vt 0.768470 0.712670
vt 0.721710 0.716700
vt 0.679230 0.694110
vt 0.702580 0.692880
vt 0.237540 0.716680
vt 0.211870 0.708910
vt 0.276620 0.726900
vt 0.767400 0.696820
vt 0.727460 0.693830
vt 0.683350 0.664800
vt 0.705780 0.666560
vt 0.243240 0.743280
vt 0.211390 0.739140
vt 0.277110 0.741820
vt 0.767680 0.681950
vt 0.731960 0.672890
vt 0.683900 0.646500
vt 0.706490 0.653940
vt 0.235040 0.760150
vt 0.209670 0.760640
vt 0.799610 0.837060
vt 0.807790 0.820430
vt 0.840590 0.823900
vt 0.849540 0.836670
vt 0.489640 0.829410
vt 0.489220 0.845000
vt 0.465460 0.815070
vt 0.471970 0.804720
vt 0.421690 0.749430
vt 0.437130 0.741570
vt 0.442160 0.771360
vt 0.426560 0.772690
vt 0.786480 0.897290
vt 0.768480 0.882280
vt 0.770190 0.849340
vt 0.788910 0.859710
vt 0.413740 0.725630
vt 0.426320 0.715300
vt 0.766580 0.906110
vt 0.756260 0.897200
vt 0.809230 0.929530
vt 0.781840 0.927420
vt 0.446160 0.691270
vt 0.464900 0.710440
vt 0.453060 0.734320
vt 0.436520 0.705200
vt 0.397950 0.709690
vt 0.404490 0.704340
vt 0.742870 0.920420
vt 0.736050 0.912580
vt 0.752520 0.936660
vt 0.417680 0.682320
vt 0.410030 0.697700
vt 0.336880 0.238910
vt 0.332990 0.221050
vt 0.360540 0.231730
vt 0.356040 0.254470
vt 0.337440 0.295300
vt 0.326820 0.272850
vt 0.686580 0.496960
vt 0.666030 0.497660
vt 0.667020 0.466230
vt 0.687640 0.467000
vt 0.730360 0.492030
vt 0.706790 0.495290
vt 0.706690 0.465750
vt 0.729860 0.462870
vt 0.345700 0.154460
vt 0.370420 0.162830
vt 0.363160 0.207920
vt 0.336370 0.199500
vt 0.775350 0.830930
vt 0.452170 0.794980
vt 0.430320 0.791180
vt 0.476620 0.718950
vt 0.466730 0.740790
vt 0.814060 0.911440
vt 0.823820 0.932350
vt 0.810040 0.874720
vt 0.827180 0.855300
vt 0.854330 0.849870
vt 0.485970 0.802870
vt 0.501480 0.821870
vt 0.458160 0.772770
vt 0.470330 0.774960
vt 0.773610 0.458050
vt 0.776320 0.484060
vt 0.767400 0.416730
vt 0.767550 0.442860
vt 0.890590 0.627750
vt 0.896350 0.637370
vt 0.870220 0.654880
vt 0.864310 0.645130
vt 0.731390 0.648280
vt 0.747070 0.633860
vt 0.770220 0.644320
vt 0.760200 0.660520
vt 0.755720 0.608650
vt 0.780190 0.623790
vt 0.872770 0.599610
vt 0.883820 0.619300
vt 0.858270 0.635430
vt 0.844560 0.618590
vt 0.770200 0.552300
vt 0.781070 0.521670
vt 0.786360 0.528560
vt 0.778230 0.555770
vt 0.807980 0.501800
vt 0.808500 0.515230
vt 0.800820 0.517580
vt 0.798750 0.505330
vt 0.835840 0.519780
vt 0.831170 0.526950
vt 0.820910 0.520220
vt 0.825050 0.509210
vt 0.921570 0.622700
vt 0.915450 0.612630
vt 0.714810 0.617150
vt 0.705060 0.635890
vt 0.728850 0.592680
vt 0.752340 0.543370
vt 0.767010 0.508460
vt 0.807510 0.484410
vt 0.792840 0.487440
vt 0.848110 0.504500
vt 0.834510 0.493040
vt 0.909310 0.603300
vt 0.895250 0.583100
vt 0.408410 0.983620
vt 0.430020 0.986270
vt 0.956860 0.819490
vt 0.935440 0.823140
vt 0.925290 0.827220
vt 0.915200 0.828940
vt 0.905130 0.830660
vt 0.892930 0.827990
vt 0.871170 0.821320
vt 0.341700 0.981100
vt 0.364560 0.978050
vt 0.384520 0.979980
vt 0.396760 0.981350
vt 0.787880 0.580570
vt 0.794570 0.606340
vt 0.775980 0.590240
vt 0.760710 0.583390
vt 0.810860 0.571520
vt 0.812440 0.594890
vt 0.803790 0.598790
vt 0.801070 0.573370
vt 0.833820 0.574760
vt 0.831140 0.601240
vt 0.821760 0.596710
vt 0.820250 0.571140
vt 0.848880 0.585420
vt 0.863280 0.577020
vt 0.739600 0.573750
vt 0.884940 0.568140
vt 0.791150 0.548030
vt 0.809440 0.541800
vt 0.801850 0.543080
vt 0.827050 0.542850
vt 0.816990 0.541810
vt 0.841040 0.550020
vt 0.851300 0.546110
vt 0.866600 0.535010
vt 0.795910 0.522060
vt 0.816580 0.517250
vt 0.969910 0.233520
vt 0.999700 0.230220
vt 1.000000 0.266340
vt 0.968090 0.265280
vt 0.997480 0.300690
vt 0.967370 0.298700
vt 0.999680 0.323120
vt 0.966800 0.320740
vt 0.985250 0.347510
vt 0.965750 0.339950
vt 0.965410 0.354690
vt 0.970440 0.223100
vt 0.970730 0.204720
vt 0.981810 0.209180
vt 0.989740 0.217560
vt 0.954250 0.351040
vt 0.946320 0.343190
vt 0.936400 0.320560
vt 0.937160 0.301880
vt 0.936860 0.262740
vt 0.942570 0.229250
vt 0.960320 0.209520
vt 0.952350 0.217840
vt 0.817850 0.504070
vt 0.821720 0.486530
vt 0.790820 0.510310
vt 0.780580 0.494810
vt 0.185180 0.606040
vt 0.164620 0.604470
vt 0.167700 0.580670
vt 0.191790 0.586170
vt 0.183190 0.626320
vt 0.163560 0.623130
vt 0.183730 0.653980
vt 0.164250 0.655110
vt 0.187560 0.685150
vt 0.165350 0.690490
vt 0.188810 0.704700
vt 0.166040 0.707260
vt 0.190960 0.737690
vt 0.168100 0.735960
vt 0.190750 0.755840
vt 0.168510 0.752390
vt 0.751210 0.870460
vt 0.733380 0.862840
vt 0.735500 0.831750
vt 0.753910 0.837350
vt 0.744100 0.890420
vt 0.729420 0.883810
vt 0.729620 0.904900
vt 0.721410 0.902320
vt 0.737630 0.815540
vt 0.758680 0.821510
vt 0.337580 0.295640
vt 0.642400 0.448710
vt 0.642490 0.455360
vt 0.720810 0.173970
vt 0.627850 0.137560
vt 0.638090 0.142320
vt 0.646790 0.144220
vt 0.660630 0.149540
vt 0.678580 0.158480
vt 0.691490 0.165870
vt 0.706050 0.170910
vt 0.723510 0.188530
vt 0.713210 0.187620
vt 0.701080 0.184050
vt 0.686760 0.180720
vt 0.661680 0.173520
vt 0.641920 0.167500
vt 0.632880 0.164870
vt 0.624740 0.162290
vt 0.000000 0.145030
vt 0.001470 0.181940
vt 0.007460 0.213990
vt 0.047750 0.000000
vt 0.042640 0.023680
vt 0.025120 0.043350
vt 0.015320 0.065730
vt 0.011830 0.099240
vt 0.010390 0.121170
vt 0.601490 0.245830
vt 0.601900 0.260060
vt 0.604090 0.287760
vt 0.609160 0.321850
vt 0.640500 0.198410
vt 0.674350 0.204990
vt 0.689380 0.207330
vt 0.702080 0.208890
vt 0.715100 0.210020
vt 0.729890 0.210470
vt 0.764420 0.209060
vt 0.601690 0.194620
vt 0.601030 0.229680
vt 0.276820 0.743110
vt 0.243950 0.744480
vt 0.733080 0.668890
vt 0.767780 0.680630
vt 0.683760 0.645170
vt 0.706660 0.652520
vt 0.235840 0.761010
vt 0.209550 0.761940
vt 0.190390 0.757120
vt 0.168290 0.753730
vt 0.727310 0.663350
vt 0.726200 0.664130
vt 0.389360 0.824080
vt 0.406820 0.824720
vt 0.358300 0.824050
vt 0.322300 0.823180
vt 0.881020 0.976880
vt 0.845650 0.971940
vt 0.915870 0.979930
vt 0.899570 0.979510
vt 0.950090 0.976640
vt 0.932190 0.979030
vt 0.985240 0.971250
vt 0.425500 0.826220
vt 0.461230 0.828290
vt 0.316020 0.135660
vt 0.316440 0.129130
vt 0.317510 0.129040
vt 0.308250 0.159290
vt 0.312670 0.141480
vt 0.313620 0.142190
vt 0.303690 0.180120
vt 0.302960 0.174480
vt 0.304080 0.174490
vt 0.308960 0.200700
vt 0.302980 0.185590
vt 0.304100 0.185590
vt 0.397330 0.708800
vt 0.403740 0.703560
vt 0.742040 0.921130
vt 0.735330 0.913360
vt 0.751450 0.936970
vt 0.409170 0.697020
vt 0.416600 0.682020
vt 0.729110 0.905840
vt 0.721180 0.903320
vt 0.320500 0.111250
vt 0.572150 0.006730
vt 0.569190 0.002740
vt 0.571700 0.000000
vt 0.578810 0.001000
vt 0.596200 0.000000
vt 0.596800 0.003340
vt 0.588510 0.006250
vt 0.587550 0.002510
vt 0.009900 0.015740
vt 0.014440 0.008100
vt 0.642720 0.004970
vt 0.642630 0.000000
vt 0.651400 0.000480
vt 0.646380 0.005610
vt 0.729980 0.110140
vt 0.729880 0.109290
vt 0.716380 0.003380
vt 0.716080 0.000000
vt 0.716070 0.000000
vt 0.725080 0.000120
vt 0.725150 0.003970
vt 0.729800 0.106480
vt 0.729600 0.105990
vt 0.639070 0.036830
vt 0.662340 0.020120
vt 0.691450 0.012650
vt 0.624310 0.059970
vt 0.621650 0.067970
vt 0.617330 0.094130
vt 0.618000 0.116000
vt 0.398820 0.355520
vt 0.594890 0.402040
vt 0.644900 0.495750
vt 0.615960 0.131260
vt 0.609580 0.155970
vt 0.256070 0.950410
vt 0.274800 0.949220
vt 0.273320 0.959080
vt 0.253830 0.960740
vt 0.226410 0.951850
vt 0.223980 0.961550
vt 0.209300 0.952960
vt 0.205740 0.962490
vt 0.169750 0.954620
vt 0.186310 0.954150
vt 0.186920 0.963600
vt 0.170280 0.963970
vt 0.141550 0.955930
vt 0.142300 0.966500
vt 0.116040 0.956210
vt 0.117260 0.966680
vt 0.088110 0.957000
vt 0.088860 0.967660
vt 0.070040 0.957670
vt 0.070930 0.968210
vt 0.038850 0.958360
vt 0.039340 0.969140
vt 0.020260 0.958580
vt 0.019750 0.968270
vt 0.018800 0.956380
vt 0.018360 0.970200
vt 0.038830 0.955550
vt 0.018630 0.945630
vt 0.038880 0.944940
vt 0.068240 0.954930
vt 0.068900 0.944450
vt 0.085670 0.954930
vt 0.085850 0.944150
vt 0.114130 0.953960
vt 0.114770 0.943500
vt 0.140660 0.953380
vt 0.140640 0.942680
vt 0.170140 0.951980
vt 0.169500 0.942430
vt 0.186620 0.950650
vt 0.185910 0.940830
vt 0.225540 0.949270
vt 0.209000 0.950200
vt 0.204760 0.941160
vt 0.222010 0.939880
vt 0.255740 0.947600
vt 0.252350 0.937630
vt 0.276160 0.947210
vt 0.272980 0.936820
vt 0.275130 0.961100
vt 0.253830 0.963580
vt 0.223380 0.964240
vt 0.206320 0.965110
vt 0.187730 0.967050
vt 0.170710 0.966700
vt 0.141640 0.969070
vt 0.115490 0.969130
vt 0.086560 0.969810
vt 0.069190 0.971050
vt 0.039370 0.972010
vt 0.809480 0.953330
vt 0.810980 0.963180
vt 0.792240 0.962030
vt 0.789980 0.951700
vt 0.762580 0.960640
vt 0.760130 0.950950
vt 0.745470 0.959560
vt 0.741890 0.950040
vt 0.723070 0.948970
vt 0.722470 0.958410
vt 0.705920 0.957980
vt 0.706430 0.948630
vt 0.677710 0.956710
vt 0.678440 0.946150
vt 0.652200 0.956480
vt 0.653400 0.946010
vt 0.624270 0.955740
vt 0.625000 0.945090
vt 0.606200 0.955110
vt 0.607070 0.944570
vt 0.575010 0.954480
vt 0.575480 0.943690
vt 0.556410 0.954280
vt 0.555890 0.944590
vt 0.554960 0.956490
vt 0.554500 0.942670
vt 0.554810 0.967240
vt 0.574990 0.957280
vt 0.575060 0.967900
vt 0.604410 0.957850
vt 0.605080 0.968330
vt 0.621830 0.957820
vt 0.622040 0.968600
vt 0.650300 0.958740
vt 0.650960 0.969190
vt 0.676820 0.959270
vt 0.676820 0.969970
vt 0.706310 0.960620
vt 0.705690 0.970170
vt 0.722790 0.961920
vt 0.722100 0.971730
vt 0.740950 0.971370
vt 0.745180 0.962320
vt 0.761710 0.963220
vt 0.758200 0.972620
vt 0.791920 0.964840
vt 0.788540 0.974820
vt 0.812330 0.965190
vt 0.809180 0.975590
vt 0.811290 0.951310
vt 0.789970 0.948860
vt 0.759520 0.948260
vt 0.742460 0.947420
vt 0.723870 0.945520
vt 0.706850 0.945890
vt 0.677780 0.943570
vt 0.651630 0.943560
vt 0.622700 0.942940
vt 0.605320 0.941730
vt 0.575500 0.940820
s 1
f 1/1/1 2/2/2 3/3/3
f 3/3/3 4/4/4 1/1/1
f 2/2/2 1/1/1 5/5/5
f 5/5/5 6/6/6 2/2/2
f 7/7/7 8/8/8 6/6/6
f 6/6/6 5/5/5 7/7/7
f 9/9/9 10/10/10 1/1/1
f 1/1/1 4/4/4 9/9/9
f 11/11/11 12/12/9 4/4/4
f 4/4/4 3/3/3 11/11/11
f 13/13/12 11/11/11 3/3/3
f 3/3/3 2/2/2 13/13/12
f 14/14/13 13/13/12 2/2/2
f 2/2/2 6/6/6 14/14/13
f 15/15/14 16/16/15 5/5/5
f 5/5/5 1/1/1 15/15/14
f 17/17/16 18/18/17 8/8/8
f 8/8/8 7/7/7 17/17/16
f 19/19/18 20/20/19 7/7/7
f 7/7/7 5/5/5 19/19/18
f 18/18/17 14/14/13 6/6/6
f 6/6/6 8/8/8 18/18/17
f 21/21/20 22/22/21 23/23/22
f 23/23/22 24/24/23 21/21/20
f 25/25/24 23/23/22 22/22/21
f 22/22/21 26/26/25 25/25/24
f 26/26/25 27/27/26 28/28/27
f 28/28/27 25/25/24 26/26/25
f 23/23/22 29/29/28 30/30/29
f 30/30/29 24/24/23 23/23/22
f 24/24/23 31/31/30 32/32/31
f 32/32/31 21/21/20 24/24/23
f 21/21/20 32/32/31 33/33/32
f 33/33/32 22/22/21 21/21/20
f 22/22/21 33/33/32 34/34/33
f 34/34/33 26/26/25 22/22/21
f 25/25/24 35/35/34 36/36/35
f 36/36/35 23/23/22 25/25/24
f 27/27/26 37/37/36 38/38/37
f 38/38/37 28/28/27 27/27/26
f 28/28/27 39/39/38 40/40/39
f 40/40/39 25/25/24 28/28/27
f 26/26/25 34/34/33 37/37/36
f 37/37/36 27/27/26 26/26/25
f 41/41/40 42/42/41 43/43/42
f 43/43/42 44/44/43 41/41/40
f 44/44/43 43/43/42 45/45/44
f 45/45/44 46/46/45 44/44/43
f 47/47/46 48/48/47 49/49/48
f 49/49/48 50/50/49 47/47/46
f 50/50/49 49/49/48 51/51/50
f 51/51/50 52/52/51 50/50/49
f 52/52/51 51/51/50 53/53/52
f 53/53/52 54/54/53 52/52/51
f 54/54/53 53/53/52 55/55/54
f 55/55/54 56/56/55 54/54/53
f 56/56/55 55/55/54 57/57/56
f 57/57/56 58/58/57 56/56/55
f 58/58/57 57/57/56 59/59/58
f 59/59/58 60/60/59 58/58/57
f 60/60/59 59/59/58 61/61/60
f 61/61/60 62/62/61 60/60/59
f 62/62/61 61/61/60 63/63/62
f 63/63/62 64/64/63 62/62/61
f 64/64/63 63/63/62 65/65/64
f 65/65/64 66/66/65 64/64/63
f 66/66/65 65/65/64 42/42/41
f 42/42/41 41/41/40 66/66/65
f 67/67/66 68/68/67 69/69/68
f 69/69/68 70/70/69 67/67/66
f 70/70/69 69/69/68 71/71/70
f 71/71/70 72/72/71 70/70/69
f 73/73/72 74/74/73 75/75/74
f 75/75/74 76/76/75 73/73/72
f 76/76/75 75/75/74 77/77/76
f 77/77/76 78/78/77 76/76/75
f 78/78/77 77/77/76 79/79/78
f 79/79/78 80/80/79 78/78/77
f 80/80/79 79/79/78 81/81/80
f 81/81/80 82/82/81 80/80/79
f 82/82/81 81/81/80 83/83/82
f 83/83/82 84/84/83 82/82/81
f 84/84/83 83/83/82 85/85/84
f 85/85/84 86/86/85 84/84/83
f 86/86/85 85/85/84 87/87/86
f 87/87/86 88/88/87 86/86/85
f 88/88/87 87/87/86 89/89/88
f 89/89/88 90/90/89 88/88/87
f 90/90/89 89/89/88 91/91/90
f 91/91/90 92/92/91 90/90/89
f 92/92/91 91/91/90 68/68/67
f 68/68/67 67/67/66 92/92/91
f 93/93/92 67/67/66 70/70/69
f 70/70/69 94/94/93 93/93/92
f 94/94/93 70/70/69 72/72/71
f 72/72/71 95/95/94 94/94/93
f 96/96/95 73/73/72 76/76/75
f 76/76/75 97/97/96 96/96/95
f 97/97/96 76/76/75 78/78/77
f 78/78/77 98/98/97 97/97/96
f 98/98/97 78/78/77 80/80/79
f 80/80/79 99/99/98 98/98/97
f 99/99/98 80/80/79 82/82/81
f 82/82/81 100/100/99 99/99/98
f 100/100/99 82/82/81 84/84/83
f 84/84/83 101/101/100 100/100/99
f 101/101/100 84/84/83 86/86/85
f 86/86/85 102/102/101 101/101/100
f 102/102/101 86/86/85 88/88/87
f 88/88/87 103/103/102 102/102/101
f 103/103/102 88/88/87 90/90/89
f 90/90/89 104/104/103 103/103/102
f 104/104/103 90/90/89 92/92/91
f 92/92/91 105/105/104 104/104/103
f 105/105/104 92/92/91 67/67/66
f 67/67/66 93/93/92 105/105/104
f 106/106/105 93/93/92 94/94/93
f 94/94/93 107/107/106 106/106/105
f 107/107/106 94/94/93 95/95/94
f 95/95/94 108/108/107 107/107/106
f 109/109/108 96/96/95 97/97/96
f 97/97/96 110/110/109 109/109/108
f 110/110/109 97/97/96 98/98/97
f 98/98/97 111/111/110 110/110/109
f 111/111/110 98/98/97 99/99/98
f 99/99/98 112/112/111 111/111/110
f 112/112/111 99/99/98 100/100/99
f 100/100/99 113/113/112 112/112/111
f 113/113/112 100/100/99 101/101/100
f 101/101/100 114/114/113 113/113/112
f 114/114/113 101/101/100 102/102/101
f 102/102/101 115/115/114 114/114/113
f 115/115/114 102/102/101 103/103/102
f 103/103/102 116/116/115 115/115/114
f 116/116/115 103/103/102 104/104/103
f 104/104/103 117/117/116 116/116/115
f 117/117/116 104/104/103 105/105/104
f 105/105/104 118/118/117 117/117/116
f 118/118/117 105/105/104 93/93/92
f 93/93/92 106/106/105 118/118/117
f 119/119/118 106/106/105 107/107/106
f 107/107/106 120/120/119 119/119/118
f 120/120/119 107/107/106 108/108/107
f 108/108/107 121/121/120 120/120/119
f 122/122/120 109/109/108 110/110/109
f 110/110/109 123/123/121 122/122/120
f 123/123/121 110/110/109 111/111/110
f 111/111/110 124/124/122 123/123/121
f 124/124/122 111/111/110 112/112/111
f 112/112/111 125/125/123 124/124/122
f 125/125/123 112/112/111 113/113/112
f 113/113/112 126/126/124 125/125/123
f 126/126/124 113/113/112 114/114/113
f 114/114/113 127/127/125 126/126/124
f 127/127/125 114/114/113 115/115/114
f 115/115/114 128/128/126 127/127/125
f 128/128/126 115/115/114 116/116/115
f 116/116/115 129/129/127 128/128/126
f 129/129/127 116/116/115 117/117/116
f 117/117/116 130/130/128 129/129/127
f 130/130/128 117/117/116 118/118/117
f 118/118/117 131/131/129 130/130/128
f 131/131/129 118/118/117 106/106/105
f 106/106/105 119/119/118 131/131/129
f 119/119/118 120/120/119 132/132/130
f 120/120/119 121/121/120 132/132/130
f 122/122/120 123/123/121 132/132/130
f 123/123/121 124/124/122 132/132/130
f 124/124/122 125/125/123 132/132/130
f 125/125/123 126/126/124 132/132/130
f 126/126/124 127/127/125 132/132/130
f 127/127/125 128/128/126 132/132/130
f 128/128/126 129/129/127 132/132/130
f 129/129/127 130/130/128 132/132/130
f 130/130/128 131/131/129 132/132/130
f 131/131/129 119/119/118 132/132/130
f 42/42/41 133/133/131 134/134/132
f 134/134/132 43/43/42 42/42/41
f 44/44/43 69/69/68 68/68/67
f 68/68/67 41/41/40 44/44/43
f 43/43/42 134/134/132 135/135/133
f 135/135/133 45/45/44 43/43/42
f 46/46/45 71/71/70 69/69/68
f 69/69/68 44/44/43 46/46/45
f 48/48/47 136/136/133 137/137/134
f 137/137/134 49/49/48 48/48/47
f 50/50/49 75/75/74 74/74/73
f 74/74/73 47/47/46 50/50/49
f 49/49/48 137/137/134 138/138/135
f 138/138/135 51/51/50 49/49/48
f 52/52/51 77/77/76 75/75/74
f 75/75/74 50/50/49 52/52/51
f 51/51/50 138/138/135 139/139/136
f 139/139/136 53/53/52 51/51/50
f 54/54/53 79/79/78 77/77/76
f 77/77/76 52/52/51 54/54/53
f 53/53/52 139/139/136 140/140/137
f 140/140/137 55/55/54 53/53/52
f 56/56/55 81/81/80 79/79/78
f 79/79/78 54/54/53 56/56/55
f 55/55/54 140/140/137 141/141/138
f 141/141/138 57/57/56 55/55/54
f 58/58/57 83/83/82 81/81/80
f 81/81/80 56/56/55 58/58/57
f 57/57/56 141/141/138 142/142/139
f 142/142/139 59/59/58 57/57/56
f 60/60/59 85/85/84 83/83/82
f 83/83/82 58/58/57 60/60/59
f 59/59/58 142/142/139 143/143/140
f 143/143/140 61/61/60 59/59/58
f 62/62/61 87/87/86 85/85/84
f 85/85/84 60/60/59 62/62/61
f 61/61/60 143/143/140 144/144/141
f 144/144/141 63/63/62 61/61/60
f 64/64/63 89/89/88 87/87/86
f 87/87/86 62/62/61 64/64/63
f 63/63/62 144/144/141 145/145/142
f 145/145/142 65/65/64 63/63/62
f 66/66/65 91/91/90 89/89/88
f 89/89/88 64/64/63 66/66/65
f 65/65/64 145/145/142 133/133/131
f 133/133/131 42/42/41 65/65/64
f 41/41/40 68/68/67 91/91/90
f 91/91/90 66/66/65 41/41/40
f 146/146/143 147/147/144 148/148/145
f 148/148/145 149/149/146 146/146/143
f 146/146/143 150/150/147 151/151/148
f 151/151/148 147/147/144 146/146/143
f 152/152/149 153/153/150 154/154/151
f 154/154/151 155/155/152 152/152/149
f 156/156/153 157/157/154 158/158/155
f 158/158/155 159/159/156 156/156/153
f 160/160/157 148/148/145 161/161/158
f 160/160/157 161/161/158 162/162/159
f 2301/163/160 2896/164/161 2897/165/162
f 163/166/163 164/167/164 146/146/143
f 146/146/143 149/149/146 163/166/163
f 165/168/165 166/169/166 149/149/146
f 149/149/146 148/148/145 165/168/165
f 167/170/167 168/171/168 150/150/147
f 150/150/147 146/146/143 167/170/167
f 169/172/169 170/173/170 151/151/148
f 151/151/148 150/150/147 169/172/169
f 171/174/171 172/175/172 173/176/173
f 173/176/173 174/177/174 171/174/171
f 175/178/175 176/179/176 177/180/177
f 177/180/177 178/181/178 175/178/175
f 179/182/179 180/183/180 181/184/181
f 181/184/181 182/185/182 179/182/179
f 183/186/183 184/187/184 185/188/185
f 185/188/185 186/189/186 183/186/183
f 187/190/187 188/191/188 189/192/189
f 189/192/189 190/193/190 187/190/187
f 191/194/191 189/192/189 188/191/188
f 188/191/188 192/195/192 191/194/191
f 193/196/193 194/197/194 195/198/195
f 195/198/195 196/199/196 193/196/193
f 197/200/197 198/201/198 199/202/199
f 199/202/199 200/203/200 197/200/197
f 182/185/182 201/204/201 202/205/202
f 202/205/202 179/182/179 182/185/182
f 203/206/203 204/207/204 205/208/205
f 190/193/190 185/188/185 184/187/184
f 184/187/184 187/190/187 190/193/190
f 192/195/192 181/184/181 180/183/180
f 180/183/180 191/194/191 192/195/192
f 206/209/206 207/210/207 175/178/175
f 175/178/175 178/181/178 206/209/206
f 204/207/204 208/211/208 205/208/205
f 186/189/186 202/205/202 201/204/201
f 201/204/201 183/186/183 186/189/186
f 209/212/209 210/213/210 180/183/180
f 180/183/180 179/182/179 209/212/209
f 179/182/179 202/205/202 211/214/211
f 211/214/211 209/212/209 179/182/179
f 212/215/212 211/214/211 202/205/202
f 202/205/202 186/189/186 212/215/212
f 186/189/186 185/188/185 213/216/213
f 213/216/213 212/215/212 186/189/186
f 214/217/214 213/216/213 185/188/185
f 185/188/185 190/193/190 214/217/214
f 190/193/190 189/192/189 215/218/215
f 215/218/215 214/217/214 190/193/190
f 216/219/216 215/218/215 189/192/189
f 189/192/189 191/194/191 216/219/216
f 191/194/191 180/183/180 210/213/210
f 210/213/210 216/219/216 191/194/191
f 217/220/217 210/213/210 209/212/209
f 209/212/209 218/221/218 217/220/217
f 209/212/209 211/214/211 198/201/198
f 198/201/198 218/221/218 209/212/209
f 219/222/219 198/201/198 211/214/211
f 211/214/211 212/215/212 219/222/219
f 212/215/212 213/216/213 220/223/220
f 220/223/220 219/222/219 212/215/212
f 221/224/221 220/223/220 213/216/213
f 213/216/213 214/217/214 221/224/221
f 222/225/222 223/226/223 224/227/224
f 224/227/224 225/228/225 222/225/222
f 224/227/224 226/229/226 227/230/227
f 227/230/227 225/228/225 224/227/224
f 178/181/178 177/180/177 203/206/203
f 203/206/203 205/208/205 178/181/178
f 205/208/205 208/211/208 206/209/206
f 206/209/206 178/181/178 205/208/205
f 228/231/228 176/179/176 175/178/175
f 207/210/207 228/231/228 175/178/175
f 229/232/229 230/233/230 217/220/217
f 217/220/217 218/221/218 229/232/229
f 231/234/231 174/177/232 173/176/233
f 173/176/233 232/235/234 231/234/231
f 233/236/235 234/237/236 235/238/237
f 235/238/237 236/239/238 233/236/235
f 226/229/226 234/237/236 233/236/235
f 233/236/235 227/230/227 226/229/226
f 222/225/222 225/228/225 237/240/239
f 237/240/239 238/241/240 222/225/222
f 225/228/225 227/230/227 239/242/241
f 239/242/241 237/240/239 225/228/225
f 227/230/227 233/236/235 240/243/242
f 240/243/242 239/242/241 227/230/227
f 241/244/243 242/245/244 243/246/245
f 243/246/245 244/247/246 241/244/243
f 245/248/247 246/249/248 247/250/249
f 247/250/249 248/251/250 245/248/247
f 249/252/251 250/253/252 174/177/253
f 174/177/253 251/254/254 249/252/251
f 252/255/255 253/256/256 224/227/224
f 224/227/224 223/226/223 252/255/255
f 253/256/256 254/257/257 226/229/226
f 226/229/226 224/227/224 253/256/256
f 255/258/258 256/259/259 257/260/260
f 257/260/260 258/261/261 255/258/258
f 259/262/262 235/238/237 234/237/236
f 234/237/236 260/263/263 259/262/262
f 254/257/257 260/263/263 234/237/236
f 234/237/236 226/229/226 254/257/257
f 261/264/264 262/265/265 263/266/266
f 263/266/266 264/267/267 261/264/264
f 261/264/264 264/267/267 265/268/268
f 265/268/268 266/269/269 261/264/264
f 266/269/269 265/268/268 267/270/270
f 267/270/270 268/271/271 266/269/269
f 236/239/238 257/260/260 269/272/272
f 269/272/272 270/273/273 236/239/238
f 236/239/238 235/238/237 258/261/261
f 258/261/261 257/260/260 236/239/238
f 259/262/262 255/258/258 258/261/261
f 258/261/261 235/238/237 259/262/262
f 271/274/274 272/275/275 230/233/230
f 230/233/230 229/232/229 271/274/274
f 229/232/229 194/197/194 250/253/252
f 250/253/252 273/276/276 229/232/229
f 274/277/277 250/253/252 194/197/194
f 194/197/194 193/196/193 274/277/277
f 243/246/245 242/245/244 246/249/248
f 246/249/248 245/248/247 243/246/245
f 275/278/278 276/279/279 277/280/280
f 277/280/280 278/281/281 275/278/278
f 279/282/282 280/283/283 281/284/284
f 281/284/284 282/285/285 279/282/282
f 174/177/253 250/253/252 274/277/277
f 274/277/277 171/174/286 174/177/253
f 283/286/287 284/287/288 256/259/259
f 256/259/259 255/258/258 283/286/287
f 230/233/230 285/288/289 255/258/258
f 255/258/258 259/262/262 230/233/230
f 259/262/262 260/263/263 217/220/217
f 217/220/217 230/233/230 259/262/262
f 210/213/210 217/220/217 260/263/263
f 260/263/263 254/257/257 210/213/210
f 216/219/216 210/213/210 254/257/257
f 254/257/257 253/256/256 216/219/216
f 215/218/215 216/219/216 253/256/256
f 253/256/256 252/255/255 215/218/215
f 187/190/187 184/187/184 286/289/290
f 286/289/290 287/290/291 187/190/187
f 183/186/183 288/291/292 286/289/290
f 286/289/290 184/187/184 183/186/183
f 183/186/183 201/204/201 289/292/293
f 289/292/293 288/291/292 183/186/183
f 182/185/182 290/293/294 289/292/293
f 289/292/293 201/204/201 182/185/182
f 182/185/182 181/184/181 291/294/295
f 291/294/295 290/293/294 182/185/182
f 192/195/192 292/295/296 291/294/295
f 291/294/295 181/184/181 192/195/192
f 192/195/192 188/191/188 293/296/297
f 293/296/297 292/295/296 192/195/192
f 187/190/187 287/290/291 293/296/297
f 293/296/297 188/191/188 187/190/187
f 294/297/298 295/298/299 296/299/300
f 296/299/300 297/300/301 294/297/298
f 298/301/302 294/297/298 297/300/301
f 297/300/301 299/302/303 298/301/302
f 300/303/304 298/301/302 299/302/303
f 299/302/303 301/304/305 300/303/304
f 302/305/306 300/303/304 301/304/305
f 301/304/305 303/306/307 302/305/306
f 295/298/299 304/307/308 305/308/309
f 305/308/309 296/299/300 295/298/299
f 297/300/301 296/299/300 306/309/310
f 306/309/310 307/310/311 297/300/301
f 299/302/303 297/300/301 307/310/311
f 307/310/311 308/311/312 299/302/303
f 301/304/305 299/302/303 308/311/312
f 308/311/312 309/312/313 301/304/305
f 303/306/307 301/304/305 309/312/313
f 309/312/313 310/313/314 303/306/307
f 296/299/300 305/308/309 311/314/315
f 311/314/315 306/309/310 296/299/300
f 307/310/311 306/309/310 312/315/316
f 312/315/316 313/316/317 307/310/311
f 308/311/312 307/310/311 313/316/317
f 313/316/317 314/317/318 308/311/312
f 309/312/313 308/311/312 314/317/318
f 314/317/318 315/318/319 309/312/313
f 310/313/314 309/312/313 315/318/319
f 315/318/319 316/319/320 310/313/314
f 306/309/310 311/314/315 317/320/321
f 317/320/321 312/315/316 306/309/310
f 313/316/317 312/315/316 318/321/322
f 318/321/322 319/322/323 313/316/317
f 314/317/318 313/316/317 319/322/323
f 319/322/323 320/323/324 314/317/318
f 315/318/319 314/317/318 320/323/324
f 320/323/324 321/324/325 315/318/319
f 316/319/320 315/318/319 321/324/325
f 321/324/325 322/325/326 316/319/320
f 322/325/326 323/326/327 220/223/220
f 220/223/220 316/319/320 322/325/326
f 312/315/316 317/320/321 324/327/328
f 324/327/328 318/321/322 312/315/316
f 325/328/329 326/329/330 327/330/331
f 327/330/331 328/331/332 325/328/329
f 329/332/333 325/328/329 328/331/332
f 328/331/332 330/333/334 329/332/333
f 325/328/329 331/334/335 332/335/336
f 332/335/336 326/329/330 325/328/329
f 333/336/337 331/334/335 325/328/329
f 325/328/329 329/332/333 333/336/337
f 334/337/338 335/338/339 336/339/340
f 336/339/340 337/340/341 334/337/338
f 338/341/342 339/342/343 197/200/197
f 197/200/197 200/203/200 338/341/342
f 198/201/198 219/222/219 340/343/344
f 340/343/344 199/202/199 198/201/198
f 219/222/219 220/223/220 323/326/327
f 323/326/327 340/343/344 219/222/219
f 335/338/339 341/344/345 342/345/346
f 342/345/346 336/339/340 335/338/339
f 337/340/341 336/339/340 343/346/347
f 343/346/347 344/347/348 337/340/341
f 200/203/200 345/348/349 346/349/350
f 346/349/350 338/341/342 200/203/200
f 347/350/351 348/351/352 349/352/353
f 349/352/353 350/353/354 347/350/351
f 348/351/352 332/335/336 331/334/335
f 331/334/335 349/352/353 348/351/352
f 336/339/340 342/345/346 351/354/355
f 351/354/355 343/346/347 336/339/340
f 200/203/200 199/202/199 352/355/356
f 352/355/356 345/348/349 200/203/200
f 316/319/320 220/223/220 221/224/221
f 221/224/221 310/313/314 316/319/320
f 310/313/314 221/224/221 353/356/357
f 353/356/357 303/306/307 310/313/314
f 354/357/358 346/349/350 345/348/349
f 345/348/349 355/358/359 354/357/358
f 350/353/354 349/352/353 356/359/360
f 356/359/360 357/360/361 350/353/354
f 349/352/353 331/334/335 333/336/337
f 333/336/337 356/359/360 349/352/353
f 343/346/347 351/354/355 358/361/362
f 358/361/362 359/362/363 343/346/347
f 345/348/349 352/355/356 360/363/364
f 360/363/364 355/358/359 345/348/349
f 305/308/309 304/307/308 361/364/365
f 361/364/365 362/365/366 305/308/309
f 311/314/315 305/308/309 362/365/366
f 362/365/366 363/366/367 311/314/315
f 317/320/321 311/314/315 363/366/367
f 363/366/367 364/367/368 317/320/321
f 324/327/328 317/320/321 364/367/368
f 364/367/368 365/368/369 324/327/328
f 362/365/366 361/364/365 366/369/370
f 366/369/370 367/370/371 362/365/366
f 363/366/367 362/365/366 367/370/371
f 367/370/371 368/371/372 363/366/367
f 364/367/368 363/366/367 368/371/372
f 368/371/372 369/372/373 364/367/368
f 365/368/369 364/367/368 369/372/373
f 369/372/373 360/363/364 365/368/369
f 368/371/372 367/370/371 370/373/374
f 370/373/374 371/374/375 368/371/372
f 369/372/373 368/371/372 371/374/375
f 371/374/375 372/375/376 369/372/373
f 360/363/364 369/372/373 372/375/376
f 372/375/376 355/358/359 360/363/364
f 303/306/307 353/356/357 373/376/377
f 373/376/377 302/305/306 303/306/307
f 321/324/325 320/323/324 374/377/378
f 374/377/378 375/378/379 321/324/325
f 322/325/326 321/324/325 375/378/379
f 375/378/379 376/379/380 322/325/326
f 319/322/323 318/321/322 377/380/381
f 377/380/381 378/381/382 319/322/323
f 320/323/324 319/322/323 378/381/382
f 378/381/382 374/377/378 320/323/324
f 323/326/327 322/325/326 376/379/380
f 376/379/380 379/382/383 323/326/327
f 318/321/322 324/327/328 380/383/384
f 380/383/384 377/380/381 318/321/322
f 340/343/344 381/384/385 199/202/199
f 199/202/199 382/385/386 352/355/356
f 340/343/344 323/326/327 379/382/383
f 379/382/383 381/384/385 340/343/344
f 360/363/364 352/355/356 382/385/386
f 382/385/386 383/386/387 360/363/364
f 365/368/369 360/363/364 383/386/387
f 383/386/387 384/387/388 365/368/369
f 324/327/328 365/368/369 384/387/388
f 384/387/388 380/383/384 324/327/328
f 375/378/379 374/377/378 328/331/332
f 328/331/332 327/330/331 375/378/379
f 376/379/380 375/378/379 327/330/331
f 327/330/331 326/329/330 376/379/380
f 378/381/382 377/380/381 329/332/333
f 329/332/333 330/333/334 378/381/382
f 374/377/378 378/381/382 330/333/334
f 330/333/334 328/331/332 374/377/378
f 379/382/383 376/379/380 326/329/330
f 326/329/330 332/335/336 379/382/383
f 377/380/381 380/383/384 333/336/337
f 333/336/337 329/332/333 377/380/381
f 199/202/199 381/384/385 348/351/352
f 348/351/352 347/350/351 199/202/199
f 382/385/386 199/202/199 347/350/351
f 347/350/351 350/353/354 382/385/386
f 381/384/385 379/382/383 332/335/336
f 332/335/336 348/351/352 381/384/385
f 383/386/387 382/385/386 350/353/354
f 350/353/354 357/360/361 383/386/387
f 384/387/388 383/386/387 357/360/361
f 357/360/361 356/359/360 384/387/388
f 380/383/384 384/387/388 356/359/360
f 356/359/360 333/336/337 380/383/384
f 218/221/218 198/201/198 197/200/197
f 197/200/197 195/198/195 218/221/218
f 195/198/195 197/200/197 339/342/343
f 339/342/343 196/199/196 195/198/195
f 248/251/250 247/250/249 341/344/345
f 341/344/345 335/338/339 248/251/250
f 385/388/389 248/251/250 335/338/339
f 335/338/339 334/337/338 385/388/389
f 218/221/218 195/198/195 194/197/194
f 194/197/194 229/232/229 218/221/218
f 241/244/390 244/247/391 172/175/172
f 172/175/172 171/174/171 241/244/390
f 171/174/286 274/277/277 242/245/244
f 242/245/244 241/244/243 171/174/286
f 274/277/277 193/196/193 246/249/248
f 246/249/248 242/245/244 274/277/277
f 193/196/193 196/199/196 247/250/249
f 247/250/249 246/249/248 193/196/193
f 196/199/196 339/342/343 341/344/345
f 341/344/345 247/250/249 196/199/196
f 338/341/342 342/345/346 341/344/345
f 341/344/345 339/342/343 338/341/342
f 338/341/342 346/349/350 351/354/355
f 351/354/355 342/345/346 338/341/342
f 354/357/358 358/361/362 351/354/355
f 351/354/355 346/349/350 354/357/358
f 366/369/370 386/389/392 370/373/374
f 370/373/374 367/370/371 366/369/370
f 387/390/393 388/391/394 389/392/395
f 389/392/395 390/393/396 387/390/393
f 391/394/397 392/395/398 393/396/399
f 393/396/399 394/397/400 391/394/397
f 395/398/401 396/399/402 397/400/403
f 397/400/403 398/401/404 395/398/401
f 390/393/396 389/392/395 399/402/405
f 399/402/405 400/403/406 390/393/396
f 401/404/407 402/405/408 403/406/409
f 403/406/409 404/407/410 401/404/407
f 405/408/411 406/409/412 407/410/413
f 407/410/413 408/411/414 405/408/411
f 404/407/410 403/406/409 409/412/415
f 409/412/415 410/413/416 404/407/410
f 411/414/417 405/408/411 408/411/414
f 408/411/414 412/415/418 411/414/417
f 413/416/419 414/417/420 415/418/421
f 415/418/421 416/419/422 413/416/419
f 417/420/423 418/421/424 419/422/425
f 419/422/425 420/423/426 417/420/423
f 400/403/406 399/402/405 421/424/427
f 421/424/427 422/425/428 400/403/406
f 398/401/404 397/400/403 423/426/429
f 423/426/429 424/427/430 398/401/404
f 398/401/404 424/427/430 425/428/431
f 425/428/431 426/429/432 398/401/404
f 426/429/432 425/428/431 427/430/433
f 427/430/433 419/422/425 426/429/432
f 427/430/433 420/423/426 419/422/425
f 424/427/430 423/426/429 428/431/434
f 429/432/435 425/428/431 424/427/430
f 424/427/430 428/431/434 429/432/435
f 430/433/436 427/430/433 425/428/431
f 425/428/431 429/432/435 430/433/436
f 431/434/437 432/435/438 427/430/433
f 429/432/435 428/431/434 433/436/439
f 434/437/440 430/433/436 429/432/435
f 429/432/435 433/436/439 434/437/440
f 435/438/441 436/439/442 430/433/436
f 428/431/434 423/426/429 437/440/443
f 437/440/443 423/426/429 438/441/444
f 438/441/444 439/442/445 437/440/443
f 422/425/428 421/424/427 440/443/446
f 440/443/446 441/444/447 422/425/428
f 442/445/448 433/436/439 428/431/434
f 428/431/434 437/440/443 442/445/448
f 442/445/448 437/440/443 439/442/445
f 439/442/445 443/446/449 442/445/448
f 444/447/450 434/437/440 433/436/439
f 433/436/439 442/445/448 444/447/450
f 444/447/450 442/445/448 443/446/449
f 443/446/449 445/448/451 444/447/450
f 446/449/452 447/450/453 434/437/440
f 444/447/450 448/451/454 449/452/455
f 441/444/447 440/443/446 450/453/456
f 450/453/456 451/454/457 441/444/447
f 439/442/445 438/441/444 452/455/458
f 452/455/458 453/456/459 439/442/445
f 454/457/460 455/458/461 456/459/462
f 456/459/462 457/460/463 454/457/460
f 451/454/457 450/453/456 458/461/464
f 458/461/464 459/462/465 451/454/457
f 439/442/445 453/456/459 460/463/466
f 460/463/466 443/446/449 439/442/445
f 461/464/467 454/457/460 457/460/463
f 457/460/463 462/465/468 461/464/467
f 443/446/449 460/463/466 463/466/469
f 463/466/469 445/448/451 443/446/449
f 464/467/470 461/464/467 462/465/468
f 462/465/468 465/468/471 464/467/470
f 445/448/451 463/466/469 466/469/472
f 466/469/472 448/451/454 445/448/451
f 467/470/473 464/467/470 465/468/471
f 465/468/471 468/471/474 467/470/473
f 459/462/465 458/461/464 469/472/475
f 469/472/475 470/473/476 459/462/465
f 457/460/463 456/459/462 471/474/477
f 471/474/477 472/475/478 457/460/463
f 457/460/463 472/475/478 473/476/479
f 473/476/479 462/465/468 457/460/463
f 462/465/468 473/476/479 474/477/480
f 474/477/480 465/468/471 462/465/468
f 474/477/480 468/471/474 465/468/471
f 473/476/479 472/475/478 475/478/481
f 476/479/482 474/477/480 473/476/479
f 473/476/479 475/478/481 476/479/482
f 477/480/483 478/481/484 474/477/480
f 472/475/478 471/474/477 479/482/485
f 480/483/486 475/478/481 472/475/478
f 472/475/478 479/482/485 480/483/486
f 481/484/487 476/479/482 475/478/481
f 475/478/481 480/483/486 481/484/487
f 482/485/488 483/486/489 476/479/482
f 479/482/485 471/474/477 392/395/398
f 392/395/398 391/394/397 479/482/485
f 484/487/490 485/488/491 388/391/394
f 388/391/394 387/390/393 484/487/490
f 480/483/486 479/482/485 486/489/492
f 486/489/492 479/482/485 391/394/397
f 391/394/397 487/490/493 486/489/492
f 488/491/494 481/484/487 480/483/486
f 480/483/486 486/489/492 488/491/494
f 488/491/494 486/489/492 487/490/493
f 487/490/493 413/416/419 488/491/494
f 489/492/495 490/493/496 481/484/487
f 488/491/494 416/419/422 491/494/497
f 492/495/498 493/496/499 494/497/500
f 494/497/500 495/498/501 492/495/498
f 496/499/502 492/495/498 495/498/501
f 495/498/501 497/500/503 496/499/502
f 498/501/504 499/502/505 500/503/506
f 500/503/506 501/504/507 498/501/504
f 499/502/505 502/505/508 503/506/509
f 503/506/509 500/503/506 499/502/505
f 504/507/510 505/508/511 506/509/512
f 506/509/512 507/510/513 504/507/510
f 508/511/514 504/507/510 507/510/513
f 507/510/513 509/512/515 508/511/514
f 510/513/516 511/514/517 512/515/518
f 512/515/518 513/516/519 510/513/516
f 511/514/517 514/517/520 515/518/521
f 515/518/521 512/515/518 511/514/517
f 516/519/522 517/520/523 518/521/524
f 518/521/524 519/522/525 516/519/522
f 520/523/526 516/519/522 519/522/525
f 519/522/525 521/524/527 520/523/526
f 522/525/528 523/526/529 524/527/530
f 524/527/530 525/528/531 522/525/528
f 523/526/529 526/529/532 527/530/533
f 527/530/533 524/527/530 523/526/529
f 528/531/534 529/532/535 530/533/536
f 530/533/536 531/534/537 528/531/534
f 532/535/538 528/531/534 531/534/537
f 531/534/537 533/536/539 532/535/538
f 534/537/540 535/538/541 536/539/542
f 536/539/542 537/540/543 534/537/540
f 535/538/541 538/541/544 539/542/545
f 539/542/545 536/539/542 535/538/541
f 478/481/484 477/480/483 540/543/546
f 540/543/546 541/544/547 478/481/484
f 468/471/474 478/481/484 541/544/547
f 541/544/547 542/545/548 468/471/474
f 543/546/549 544/547/550 545/548/551
f 545/548/551 546/549/552 543/546/549
f 544/547/550 547/550/553 548/551/554
f 548/551/554 545/548/551 544/547/550
f 467/470/473 468/471/474 542/545/548
f 542/545/548 549/552/555 467/470/473
f 448/451/454 466/469/472 550/553/556
f 550/553/556 551/554/557 448/451/454
f 552/555/558 553/556/559 554/557/560
f 554/557/560 555/558/561 552/555/558
f 543/546/549 546/549/552 556/559/562
f 556/559/562 557/560/563 543/546/549
f 449/452/455 448/451/454 551/554/557
f 551/554/557 558/561/564 449/452/455
f 446/449/452 449/452/455 558/561/564
f 558/561/564 559/562/565 446/449/452
f 560/563/566 561/564/567 562/565/568
f 562/565/568 563/566/569 560/563/566
f 552/555/558 555/558/561 562/565/568
f 562/565/568 561/564/567 552/555/558
f 564/567/570 446/449/452 559/562/565
f 559/562/565 565/568/571 564/567/570
f 477/480/483 566/569/572 567/570/573
f 567/570/573 540/543/546 477/480/483
f 547/550/553 568/571/574 569/572/575
f 569/572/575 548/551/554 547/550/553
f 560/563/566 563/566/569 570/573/576
f 570/573/576 571/574/577 560/563/566
f 483/486/489 482/485/488 572/575/578
f 572/575/578 573/576/579 483/486/489
f 477/480/483 483/486/489 573/576/579
f 573/576/579 574/577/580 477/480/483
f 575/578/581 576/579/582 577/580/583
f 577/580/583 578/581/584 575/578/581
f 576/579/582 579/582/585 580/583/586
f 580/583/586 577/580/583 576/579/582
f 566/569/572 477/480/483 574/577/580
f 574/577/580 581/584/587 566/569/572
f 446/449/452 564/567/570 582/585/588
f 582/585/588 583/586/589 446/449/452
f 447/450/453 446/449/452 583/586/589
f 583/586/589 584/587/590 447/450/453
f 435/438/441 447/450/453 584/587/590
f 584/587/590 585/588/591 435/438/441
f 586/589/592 587/590/593 588/591/594
f 588/591/594 589/592/595 586/589/592
f 590/593/596 591/594/597 588/591/594
f 588/591/594 587/590/593 590/593/596
f 592/595/598 435/438/441 585/588/591
f 585/588/591 593/596/599 592/595/598
f 482/485/488 594/597/600 595/598/601
f 595/598/601 572/575/578 482/485/488
f 579/582/585 596/599/602 597/600/603
f 597/600/603 580/583/586 579/582/585
f 586/589/592 589/592/595 598/601/604
f 598/601/604 599/602/605 586/589/592
f 490/493/496 489/492/495 600/603/606
f 600/603/606 601/604/607 490/493/496
f 482/485/488 490/493/496 601/604/607
f 601/604/607 602/605/608 482/485/488
f 603/606/609 604/607/610 605/608/611
f 605/608/611 606/609/612 603/606/609
f 604/607/610 607/610/613 608/611/614
f 608/611/614 605/608/611 604/607/610
f 594/597/600 482/485/488 602/605/608
f 602/605/608 609/612/615 594/597/600
f 435/438/441 592/595/598 610/613/616
f 610/613/616 611/614/617 435/438/441
f 436/439/442 435/438/441 611/614/617
f 611/614/617 612/615/618 436/439/442
f 431/434/437 436/439/442 612/615/618
f 612/615/618 613/616/619 431/434/437
f 614/617/620 615/618/621 616/619/622
f 616/619/622 617/620/623 614/617/620
f 618/621/624 619/622/625 616/619/622
f 616/619/622 615/618/621 618/621/624
f 620/623/626 431/434/437 613/616/619
f 613/616/619 621/624/627 620/623/626
f 489/492/495 622/625/628 623/626/629
f 623/626/629 600/603/606 489/492/495
f 607/610/613 624/627/630 625/628/631
f 625/628/631 608/611/614 607/610/613
f 614/617/620 617/620/623 626/629/632
f 626/629/632 627/630/633 614/617/620
f 491/494/497 416/419/422 628/631/634
f 628/631/634 629/632/635 491/494/497
f 489/492/495 491/494/497 629/632/635
f 629/632/635 630/633/636 489/492/495
f 631/634/637 632/635/638 633/636/639
f 633/636/639 634/637/640 631/634/637
f 632/635/638 635/638/641 636/639/642
f 636/639/642 633/636/639 632/635/638
f 622/625/628 489/492/495 630/633/636
f 630/633/636 637/640/643 622/625/628
f 431/434/437 620/623/626 638/641/644
f 638/641/644 639/642/645 431/434/437
f 432/435/438 431/434/437 639/642/645
f 639/642/645 640/643/646 432/435/438
f 420/423/426 432/435/438 640/643/646
f 640/643/646 641/644/647 420/423/426
f 642/645/648 643/646/649 644/647/650
f 644/647/650 645/648/651 642/645/648
f 646/649/652 647/650/653 644/647/650
f 644/647/650 643/646/649 646/649/652
f 417/420/423 420/423/426 641/644/647
f 641/644/647 648/651/654 417/420/423
f 416/419/422 415/418/421 649/652/655
f 649/652/655 628/631/634 416/419/422
f 635/638/641 650/653/656 651/654/657
f 651/654/657 636/639/642 635/638/641
f 642/645/648 645/648/651 652/655/658
f 652/655/658 653/656/659 642/645/648
f 575/578/581 578/581/584 654/657/660
f 654/657/660 655/658/661 575/578/581
f 590/593/596 656/659/662 657/660/663
f 657/660/663 591/594/597 590/593/596
f 603/606/609 606/609/612 658/661/664
f 658/661/664 659/662/665 603/606/609
f 618/621/624 660/663/666 661/664/667
f 661/664/667 619/622/625 618/621/624
f 631/634/637 634/637/640 662/665/668
f 662/665/668 663/666/669 631/634/637
f 646/649/652 664/667/670 665/668/671
f 665/668/671 647/650/653 646/649/652
f 666/669/672 667/670/673 668/671/674
f 668/671/674 669/672/675 666/669/672
f 670/673/676 666/669/672 669/672/675
f 669/672/675 671/674/677 670/673/676
f 671/674/677 672/675/678 673/676/679
f 673/676/679 670/673/676 671/674/677
f 674/677/680 675/678/681 676/679/682
f 676/679/682 677/680/683 674/677/680
f 677/680/683 678/681/684 679/682/685
f 679/682/685 674/677/680 677/680/683
f 680/683/686 679/682/685 678/681/684
f 678/681/684 681/684/687 680/683/686
f 681/684/687 682/685/688 683/686/689
f 683/686/689 680/683/686 681/684/687
f 667/670/673 684/687/690 685/688/691
f 685/688/691 668/671/674 667/670/673
f 686/689/692 687/690/693 688/691/694
f 688/691/694 689/692/695 686/689/692
f 690/693/696 686/689/692 689/692/695
f 689/692/695 691/694/697 690/693/696
f 691/694/697 692/695/698 693/696/699
f 693/696/699 690/693/696 691/694/697
f 694/697/700 695/698/701 696/699/702
f 696/699/702 697/700/703 694/697/700
f 697/700/703 698/701/704 699/702/705
f 699/702/705 694/697/700 697/700/703
f 700/703/706 699/702/705 698/701/704
f 698/701/704 701/704/707 700/703/706
f 701/704/707 702/705/708 703/706/709
f 703/706/709 700/703/706 701/704/707
f 687/690/693 704/707/710 705/708/711
f 705/708/711 688/691/694 687/690/693
f 706/709/712 707/710/713 708/711/714
f 708/711/714 709/712/715 706/709/712
f 710/713/716 706/709/712 709/712/715
f 709/712/715 711/714/717 710/713/716
f 711/714/717 712/715/718 713/716/719
f 713/716/719 710/713/716 711/714/717
f 714/717/720 715/718/721 716/719/722
f 716/719/722 717/720/723 714/717/720
f 717/720/723 718/721/724 719/722/725
f 719/722/725 714/717/720 717/720/723
f 720/723/726 719/722/725 718/721/724
f 718/721/724 721/724/727 720/723/726
f 721/724/727 722/725/728 723/726/729
f 723/726/729 720/723/726 721/724/727
f 707/710/713 724/727/730 725/728/731
f 725/728/731 708/711/714 707/710/713
f 726/729/732 727/730/733 728/731/734
f 728/731/734 729/732/735 726/729/732
f 730/733/736 726/729/732 729/732/735
f 729/732/735 731/734/737 730/733/736
f 731/734/737 732/735/738 733/736/739
f 733/736/739 730/733/736 731/734/737
f 734/737/740 735/738/741 736/739/742
f 736/739/742 737/740/743 734/737/740
f 737/740/743 738/741/744 739/742/745
f 739/742/745 734/737/740 737/740/743
f 740/743/746 739/742/745 738/741/744
f 738/741/744 741/744/747 740/743/746
f 741/744/747 742/745/748 743/746/749
f 743/746/749 740/743/746 741/744/747
f 727/730/733 744/747/750 745/748/751
f 745/748/751 728/731/734 727/730/733
f 746/749/752 747/750/753 748/751/754
f 748/751/754 749/752/755 746/749/752
f 750/753/756 746/749/752 749/752/755
f 749/752/755 751/754/757 750/753/756
f 751/754/757 749/752/755 492/495/498
f 492/495/498 496/499/502 751/754/757
f 749/752/755 748/751/754 493/496/499
f 493/496/499 492/495/498 749/752/755
f 752/755/758 750/753/756 751/754/757
f 751/754/757 753/756/759 752/755/758
f 754/757/760 755/758/761 756/759/762
f 756/759/762 757/760/763 754/757/760
f 757/760/763 756/759/762 498/501/504
f 498/501/504 501/504/507 757/760/763
f 753/756/759 751/754/757 496/499/502
f 496/499/502 497/500/503 753/756/759
f 758/761/764 754/757/760 757/760/763
f 757/760/763 759/762/765 758/761/764
f 760/763/766 758/761/764 759/762/765
f 759/762/765 761/764/767 760/763/766
f 761/764/767 759/762/765 500/503/506
f 500/503/506 503/506/509 761/764/767
f 759/762/765 757/760/763 501/504/507
f 501/504/507 500/503/506 759/762/765
f 762/765/768 760/763/766 761/764/767
f 761/764/767 763/766/769 762/765/768
f 747/750/753 764/767/770 765/768/771
f 765/768/771 748/751/754 747/750/753
f 748/751/754 765/768/771 494/497/500
f 494/497/500 493/496/499 748/751/754
f 763/766/769 761/764/767 503/506/509
f 503/506/509 502/505/508 763/766/769
f 766/769/772 767/770/773 768/771/774
f 768/771/774 769/772/775 766/769/772
f 770/773/776 766/769/772 769/772/775
f 769/772/775 771/774/777 770/773/776
f 771/774/777 769/772/775 504/507/510
f 504/507/510 508/511/514 771/774/777
f 769/772/775 768/771/774 505/508/511
f 505/508/511 504/507/510 769/772/775
f 772/775/778 770/773/776 771/774/777
f 771/774/777 773/776/779 772/775/778
f 774/777/780 775/778/781 776/779/782
f 776/779/782 777/780/783 774/777/780
f 777/780/783 776/779/782 510/513/516
f 510/513/516 513/516/519 777/780/783
f 773/776/779 771/774/777 508/511/514
f 508/511/514 509/512/515 773/776/779
f 778/781/784 774/777/780 777/780/783
f 777/780/783 779/782/785 778/781/784
f 780/783/786 778/781/784 779/782/785
f 779/782/785 781/784/787 780/783/786
f 781/784/787 779/782/785 512/515/518
f 512/515/518 515/518/521 781/784/787
f 779/782/785 777/780/783 513/516/519
f 513/516/519 512/515/518 779/782/785
f 782/785/788 780/783/786 781/784/787
f 781/784/787 783/786/789 782/785/788
f 767/770/773 784/787/790 785/788/791
f 785/788/791 768/771/774 767/770/773
f 768/771/774 785/788/791 506/509/512
f 506/509/512 505/508/511 768/771/774
f 783/786/789 781/784/787 515/518/521
f 515/518/521 514/517/520 783/786/789
f 786/789/792 787/790/793 788/791/794
f 788/791/794 789/792/795 786/789/792
f 790/793/796 786/789/792 789/792/795
f 789/792/795 791/794/797 790/793/796
f 791/794/797 789/792/795 516/519/522
f 516/519/522 520/523/526 791/794/797
f 789/792/795 788/791/794 517/520/523
f 517/520/523 516/519/522 789/792/795
f 792/795/798 790/793/796 791/794/797
f 791/794/797 793/796/799 792/795/798
f 794/797/800 795/798/801 796/799/802
f 796/799/802 797/800/803 794/797/800
f 797/800/803 796/799/802 522/525/528
f 522/525/528 525/528/531 797/800/803
f 793/796/799 791/794/797 520/523/526
f 520/523/526 521/524/527 793/796/799
f 798/801/804 794/797/800 797/800/803
f 797/800/803 799/802/805 798/801/804
f 800/803/806 798/801/804 799/802/805
f 799/802/805 801/804/807 800/803/806
f 801/804/807 799/802/805 524/527/530
f 524/527/530 527/530/533 801/804/807
f 799/802/805 797/800/803 525/528/531
f 525/528/531 524/527/530 799/802/805
f 802/805/808 800/803/806 801/804/807
f 801/804/807 803/806/809 802/805/808
f 787/790/793 804/807/810 805/808/811
f 805/808/811 788/791/794 787/790/793
f 788/791/794 805/808/811 518/521/524
f 518/521/524 517/520/523 788/791/794
f 803/806/809 801/804/807 527/530/533
f 527/530/533 526/529/532 803/806/809
f 806/809/812 807/810/813 808/811/814
f 808/811/814 809/812/815 806/809/812
f 810/813/816 806/809/812 809/812/815
f 809/812/815 811/814/817 810/813/816
f 811/814/817 809/812/815 528/531/534
f 528/531/534 532/535/538 811/814/817
f 809/812/815 808/811/814 529/532/535
f 529/532/535 528/531/534 809/812/815
f 812/815/818 810/813/816 811/814/817
f 811/814/817 813/816/819 812/815/818
f 814/817/820 815/818/821 816/819/822
f 816/819/822 817/820/823 814/817/820
f 817/820/823 816/819/822 534/537/540
f 534/537/540 537/540/543 817/820/823
f 813/816/819 811/814/817 532/535/538
f 532/535/538 533/536/539 813/816/819
f 818/821/824 814/817/820 817/820/823
f 817/820/823 819/822/825 818/821/824
f 820/823/826 818/821/824 819/822/825
f 819/822/825 821/824/827 820/823/826
f 821/824/827 819/822/825 536/539/542
f 536/539/542 539/542/545 821/824/827
f 819/822/825 817/820/823 537/540/543
f 537/540/543 536/539/542 819/822/825
f 822/825/828 820/823/826 821/824/827
f 821/824/827 823/826/829 822/825/828
f 807/810/813 824/827/830 825/828/831
f 825/828/831 808/811/814 807/810/813
f 808/811/814 825/828/831 530/533/536
f 530/533/536 529/532/535 808/811/814
f 823/826/829 821/824/827 539/542/545
f 539/542/545 538/541/544 823/826/829
f 391/394/397 826/829/832 827/830/833
f 827/830/833 487/490/493 391/394/397
f 426/429/432 828/831/834 829/832/835
f 829/832/835 398/401/404 426/429/432
f 829/832/835 828/831/834 830/833/836
f 830/833/836 831/834/837 829/832/835
f 395/398/401 398/401/404 829/832/835
f 829/832/835 832/835/838 395/398/401
f 391/394/397 394/397/400 833/836/839
f 833/836/839 826/829/832 391/394/397
f 826/829/832 833/836/839 834/837/840
f 834/837/840 835/838/841 826/829/832
f 832/835/838 829/832/835 831/834/837
f 831/834/837 836/839/842 832/835/838
f 487/490/493 827/830/833 837/840/843
f 837/840/843 413/416/419 487/490/493
f 414/417/420 413/416/419 837/840/843
f 837/840/843 838/841/844 414/417/420
f 419/422/425 418/421/424 839/842/845
f 839/842/845 840/843/846 419/422/425
f 419/422/425 840/843/846 828/831/834
f 828/831/834 426/429/432 419/422/425
f 828/831/834 840/843/846 841/844/847
f 841/844/847 830/833/836 828/831/834
f 842/845/848 827/830/833 826/829/832
f 826/829/832 835/838/841 842/845/848
f 843/846/849 844/847/850 845/848/851
f 845/848/851 846/849/852 843/846/849
f 847/850/853 848/851/854 849/852/855
f 849/852/855 850/853/856 847/850/853
f 844/847/850 851/854/857 852/855/858
f 852/855/858 845/848/851 844/847/850
f 853/856/859 847/850/853 850/853/856
f 850/853/856 854/857/860 853/856/859
f 855/858/861 837/840/843 827/830/833
f 827/830/833 842/845/848 855/858/861
f 843/846/849 846/849/852 856/859/862
f 857/860/863 838/841/844 837/840/843
f 837/840/843 855/858/861 857/860/863
f 841/844/847 840/843/846 839/842/845
f 839/842/845 858/861/864 841/844/847
f 859/862/865 849/852/855 848/851/854
f 860/863/866 861/864/867 862/865/868
f 862/865/868 863/866/869 860/863/866
f 862/865/868 861/864/867 401/404/407
f 401/404/407 404/407/410 862/865/868
f 864/867/870 865/868/871 866/869/872
f 866/869/872 867/870/873 864/867/870
f 866/869/872 865/868/871 408/411/414
f 408/411/414 407/410/413 866/869/872
f 868/871/874 867/870/873 866/869/872
f 866/869/872 869/872/875 868/871/874
f 860/863/866 870/873/876 871/874/877
f 871/874/877 861/864/867 860/863/866
f 861/864/867 871/874/877 402/405/408
f 402/405/408 401/404/407 861/864/867
f 869/872/875 866/869/872 407/410/413
f 407/410/413 406/409/412 869/872/875
f 863/866/869 862/865/868 872/875/878
f 872/875/878 873/876/879 863/866/869
f 872/875/878 862/865/868 404/407/410
f 404/407/410 410/413/416 872/875/878
f 874/877/880 873/876/879 872/875/878
f 872/875/878 875/878/881 874/877/880
f 876/879/882 877/880/883 878/881/884
f 878/881/884 879/882/885 876/879/882
f 879/882/885 878/881/884 411/414/417
f 411/414/417 412/415/418 879/882/885
f 875/878/881 872/875/878 410/413/416
f 410/413/416 409/412/415 875/878/881
f 876/879/882 879/882/885 865/868/871
f 865/868/871 864/867/870 876/879/882
f 865/868/871 879/882/885 412/415/418
f 412/415/418 408/411/414 865/868/871
f 631/634/637 663/666/669 637/640/643
f 637/640/643 630/633/636 631/634/637
f 639/642/645 638/641/644 664/667/670
f 664/667/670 646/649/652 639/642/645
f 646/649/652 643/646/649 640/643/646
f 640/643/646 639/642/645 646/649/652
f 641/644/647 640/643/646 643/646/649
f 643/646/649 642/645/648 641/644/647
f 642/645/648 653/656/659 648/651/654
f 648/651/654 641/644/647 642/645/648
f 628/631/634 649/652/655 650/653/656
f 650/653/656 635/638/641 628/631/634
f 629/632/635 628/631/634 635/638/641
f 635/638/641 632/635/638 629/632/635
f 630/633/636 629/632/635 632/635/638
f 632/635/638 631/634/637 630/633/636
f 730/733/736 733/736/739 662/665/668
f 662/665/668 634/637/640 730/733/736
f 647/650/653 665/668/671 735/738/741
f 735/738/741 734/737/740 647/650/653
f 734/737/740 739/742/745 644/647/650
f 644/647/650 647/650/653 734/737/740
f 645/648/651 644/647/650 739/742/745
f 739/742/745 740/743/746 645/648/651
f 740/743/746 743/746/749 652/655/658
f 652/655/658 645/648/651 740/743/746
f 636/639/642 651/654/657 744/747/750
f 744/747/750 727/730/733 636/639/642
f 633/636/639 636/639/642 727/730/733
f 727/730/733 726/729/732 633/636/639
f 634/637/640 633/636/639 726/729/732
f 726/729/732 730/733/736 634/637/640
f 603/606/609 659/662/665 609/612/615
f 609/612/615 602/605/608 603/606/609
f 611/614/617 610/613/616 660/663/666
f 660/663/666 618/621/624 611/614/617
f 618/621/624 615/618/621 612/615/618
f 612/615/618 611/614/617 618/621/624
f 613/616/619 612/615/618 615/618/621
f 615/618/621 614/617/620 613/616/619
f 614/617/620 627/630/633 621/624/627
f 621/624/627 613/616/619 614/617/620
f 600/603/606 623/626/629 624/627/630
f 624/627/630 607/610/613 600/603/606
f 601/604/607 600/603/606 607/610/613
f 607/610/613 604/607/610 601/604/607
f 602/605/608 601/604/607 604/607/610
f 604/607/610 603/606/609 602/605/608
f 710/713/716 713/716/719 658/661/664
f 658/661/664 606/609/612 710/713/716
f 619/622/625 661/664/667 715/718/721
f 715/718/721 714/717/720 619/622/625
f 714/717/720 719/722/725 616/619/622
f 616/619/622 619/622/625 714/717/720
f 617/620/623 616/619/622 719/722/725
f 719/722/725 720/723/726 617/620/623
f 720/723/726 723/726/729 626/629/632
f 626/629/632 617/620/623 720/723/726
f 608/611/614 625/628/631 724/727/730
f 724/727/730 707/710/713 608/611/614
f 605/608/611 608/611/614 707/710/713
f 707/710/713 706/709/712 605/608/611
f 606/609/612 605/608/611 706/709/712
f 706/709/712 710/713/716 606/609/612
f 575/578/581 655/658/661 581/584/587
f 581/584/587 574/577/580 575/578/581
f 583/586/589 582/585/588 656/659/662
f 656/659/662 590/593/596 583/586/589
f 590/593/596 587/590/593 584/587/590
f 584/587/590 583/586/589 590/593/596
f 585/588/591 584/587/590 587/590/593
f 587/590/593 586/589/592 585/588/591
f 586/589/592 599/602/605 593/596/599
f 593/596/599 585/588/591 586/589/592
f 572/575/578 595/598/601 596/599/602
f 596/599/602 579/582/585 572/575/578
f 573/576/579 572/575/578 579/582/585
f 579/582/585 576/579/582 573/576/579
f 574/577/580 573/576/579 576/579/582
f 576/579/582 575/578/581 574/577/580
f 690/693/696 693/696/699 654/657/660
f 654/657/660 578/581/584 690/693/696
f 591/594/597 657/660/663 695/698/701
f 695/698/701 694/697/700 591/594/597
f 694/697/700 699/702/705 588/591/594
f 588/591/594 591/594/597 694/697/700
f 589/592/595 588/591/594 699/702/705
f 699/702/705 700/703/706 589/592/595
f 700/703/706 703/706/709 598/601/604
f 598/601/604 589/592/595 700/703/706
f 580/583/586 597/600/603 704/707/710
f 704/707/710 687/690/693 580/583/586
f 577/580/583 580/583/586 687/690/693
f 687/690/693 686/689/692 577/580/583
f 578/581/584 577/580/583 686/689/692
f 686/689/692 690/693/696 578/581/584
f 543/546/549 557/560/563 549/552/555
f 549/552/555 542/545/548 543/546/549
f 551/554/557 550/553/556 553/556/559
f 553/556/559 552/555/558 551/554/557
f 552/555/558 561/564/567 558/561/564
f 558/561/564 551/554/557 552/555/558
f 559/562/565 558/561/564 561/564/567
f 561/564/567 560/563/566 559/562/565
f 560/563/566 571/574/577 565/568/571
f 565/568/571 559/562/565 560/563/566
f 540/543/546 567/570/573 568/571/574
f 568/571/574 547/550/553 540/543/546
f 541/544/547 540/543/546 547/550/553
f 547/550/553 544/547/550 541/544/547
f 542/545/548 541/544/547 544/547/550
f 544/547/550 543/546/549 542/545/548
f 670/673/676 673/676/679 556/559/562
f 556/559/562 546/549/552 670/673/676
f 555/558/561 554/557/560 675/678/681
f 675/678/681 674/677/680 555/558/561
f 674/677/680 679/682/685 562/565/568
f 562/565/568 555/558/561 674/677/680
f 563/566/569 562/565/568 679/682/685
f 679/682/685 680/683/686 563/566/569
f 680/683/686 683/686/689 570/573/576
f 570/573/576 563/566/569 680/683/686
f 548/551/554 569/572/575 684/687/690
f 684/687/690 667/670/673 548/551/554
f 545/548/551 548/551/554 667/670/673
f 667/670/673 666/669/672 545/548/551
f 546/549/552 545/548/551 666/669/672
f 666/669/672 670/673/676 546/549/552
f 729/732/735 728/731/734 807/810/813
f 807/810/813 806/809/812 729/732/735
f 728/731/734 745/748/751 824/827/830
f 824/827/830 807/810/813 728/731/734
f 741/744/747 820/823/826 822/825/828
f 822/825/828 742/745/748 741/744/747
f 741/744/747 738/741/744 818/821/824
f 818/821/824 820/823/826 741/744/747
f 737/740/743 814/817/820 818/821/824
f 818/821/824 738/741/744 737/740/743
f 737/740/743 736/739/742 815/818/821
f 815/818/821 814/817/820 737/740/743
f 731/734/737 810/813/816 812/815/818
f 812/815/818 732/735/738 731/734/737
f 731/734/737 729/732/735 806/809/812
f 806/809/812 810/813/816 731/734/737
f 709/712/715 708/711/714 787/790/793
f 787/790/793 786/789/792 709/712/715
f 708/711/714 725/728/731 804/807/810
f 804/807/810 787/790/793 708/711/714
f 721/724/727 800/803/806 802/805/808
f 802/805/808 722/725/728 721/724/727
f 721/724/727 718/721/724 798/801/804
f 798/801/804 800/803/806 721/724/727
f 717/720/723 794/797/800 798/801/804
f 798/801/804 718/721/724 717/720/723
f 717/720/723 716/719/722 795/798/801
f 795/798/801 794/797/800 717/720/723
f 711/714/717 790/793/796 792/795/798
f 792/795/798 712/715/718 711/714/717
f 711/714/717 709/712/715 786/789/792
f 786/789/792 790/793/796 711/714/717
f 689/692/695 688/691/694 767/770/773
f 767/770/773 766/769/772 689/692/695
f 688/691/694 705/708/711 784/787/790
f 784/787/790 767/770/773 688/691/694
f 701/704/707 780/783/786 782/785/788
f 782/785/788 702/705/708 701/704/707
f 701/704/707 698/701/704 778/781/784
f 778/781/784 780/783/786 701/704/707
f 697/700/703 774/777/780 778/781/784
f 778/781/784 698/701/704 697/700/703
f 697/700/703 696/699/702 775/778/781
f 775/778/781 774/777/780 697/700/703
f 691/694/697 770/773/776 772/775/778
f 772/775/778 692/695/698 691/694/697
f 691/694/697 689/692/695 766/769/772
f 766/769/772 770/773/776 691/694/697
f 669/672/675 668/671/674 747/750/753
f 747/750/753 746/749/752 669/672/675
f 668/671/674 685/688/691 764/767/770
f 764/767/770 747/750/753 668/671/674
f 681/684/687 760/763/766 762/765/768
f 762/765/768 682/685/688 681/684/687
f 681/684/687 678/681/684 758/761/764
f 758/761/764 760/763/766 681/684/687
f 677/680/683 754/757/760 758/761/764
f 758/761/764 678/681/684 677/680/683
f 677/680/683 676/679/682 755/758/761
f 755/758/761 754/757/760 677/680/683
f 671/674/677 750/753/756 752/755/758
f 752/755/758 672/675/678 671/674/677
f 671/674/677 669/672/675 746/749/752
f 746/749/752 750/753/756 671/674/677
f 842/845/848 835/838/841 844/847/850
f 844/847/850 843/846/849 842/845/848
f 855/858/861 842/845/848 843/846/849
f 843/846/849 856/859/862 855/858/861
f 857/860/863 855/858/861 856/859/862
f 856/859/862 880/883/886 857/860/863
f 841/844/847 858/861/864 881/884/887
f 881/884/887 859/862/865 841/844/847
f 830/833/836 841/844/847 859/862/865
f 859/862/865 848/851/854 830/833/836
f 831/834/837 830/833/836 848/851/854
f 848/851/854 847/850/853 831/834/837
f 836/839/842 831/834/837 847/850/853
f 847/850/853 853/856/859 836/839/842
f 835/838/841 834/837/840 851/854/857
f 851/854/857 844/847/850 835/838/841
f 860/863/866 863/866/869 846/849/852
f 846/849/852 845/848/851 860/863/866
f 863/866/869 873/876/879 856/859/862
f 856/859/862 846/849/852 863/866/869
f 880/883/886 856/859/862 873/876/879
f 873/876/879 874/877/880 880/883/886
f 859/862/865 881/884/887 877/880/883
f 877/880/883 876/879/882 859/862/865
f 876/879/882 864/867/870 849/852/855
f 849/852/855 859/862/865 876/879/882
f 864/867/870 867/870/873 850/853/856
f 850/853/856 849/852/855 864/867/870
f 854/857/860 850/853/856 867/870/873
f 867/870/873 868/871/874 854/857/860
f 845/848/851 852/855/858 870/873/876
f 870/873/876 860/863/866 845/848/851
f 431/434/437 430/433/436 436/439/442
f 431/434/437 427/430/433 430/433/436
f 435/438/441 430/433/436 434/437/440
f 435/438/441 434/437/440 447/450/453
f 427/430/433 432/435/438 420/423/426
f 446/449/452 434/437/440 444/447/450
f 446/449/452 444/447/450 449/452/455
f 444/447/450 445/448/451 448/451/454
f 474/477/480 478/481/484 468/471/474
f 477/480/483 474/477/480 476/479/482
f 477/480/483 476/479/482 483/486/489
f 482/485/488 476/479/482 481/484/487
f 482/485/488 481/484/487 490/493/496
f 489/492/495 481/484/487 488/491/494
f 489/492/495 488/491/494 491/494/497
f 488/491/494 413/416/419 416/419/422
f 882/885/888 883/886/889 884/887/890
f 884/887/890 885/888/891 882/885/888
f 883/886/889 886/889/892 887/890/893
f 887/890/893 884/887/890 883/886/889
f 888/891/894 886/889/892 889/892/895
f 889/892/895 890/893/896 888/891/894
f 891/894/897 888/891/894 890/893/896
f 890/893/896 892/895/898 891/894/897
f 893/896/899 891/894/897 892/895/898
f 892/895/898 894/897/900 893/896/899
f 895/898/901 896/899/902 897/900/903
f 897/900/903 898/901/904 895/898/901
f 899/902/905 895/898/901 898/901/904
f 898/901/904 900/903/906 899/902/905
f 882/885/888 899/902/905 900/903/906
f 900/903/906 901/904/907 882/885/888
f 883/886/889 882/885/888 901/904/907
f 901/904/907 902/905/908 883/886/889
f 886/889/892 883/886/889 902/905/908
f 902/905/908 889/892/895 886/889/892
f 890/893/896 889/892/895 903/906/909
f 903/906/909 904/907/910 890/893/896
f 892/895/898 890/893/896 904/907/910
f 904/907/910 905/908/911 892/895/898
f 894/897/900 892/895/898 905/908/911
f 905/908/911 906/909/912 894/897/900
f 898/901/904 897/900/903 907/910/913
f 907/910/913 908/911/914 898/901/904
f 900/903/906 898/901/904 908/911/914
f 908/911/914 909/912/915 900/903/906
f 901/904/907 900/903/906 909/912/915
f 909/912/915 910/913/916 901/904/907
f 902/905/908 901/904/907 910/913/916
f 910/913/916 911/914/917 902/905/908
f 889/892/895 902/905/908 911/914/917
f 911/914/917 903/906/909 889/892/895
f 912/915/918 913/916/919 914/917/920
f 914/917/920 915/918/921 912/915/918
f 916/919/922 912/915/918 915/918/921
f 915/918/921 917/920/923 916/919/922
f 918/921/924 916/919/922 917/920/923
f 917/920/923 919/922/925 918/921/924
f 920/923/926 921/924/927 922/925/928
f 922/925/928 923/926/929 920/923/926
f 924/927/930 920/923/926 923/926/929
f 923/926/929 925/928/931 924/927/930
f 926/929/932 924/927/930 925/928/931
f 925/928/931 927/930/933 926/929/932
f 928/931/934 926/929/932 927/930/933
f 927/930/933 929/932/935 928/931/934
f 913/916/919 928/931/934 929/932/935
f 929/932/935 914/917/920 913/916/919
f 930/933/936 931/934/937 932/935/938
f 932/935/938 933/936/939 930/933/936
f 934/937/940 930/933/936 933/936/939
f 933/936/939 935/938/941 934/937/940
f 936/939/942 934/937/940 935/938/941
f 935/938/941 937/940/943 936/939/942
f 938/941/944 939/942/945 940/943/946
f 940/943/946 941/944/947 938/941/944
f 942/945/948 938/941/944 941/944/947
f 941/944/947 943/946/949 942/945/948
f 944/947/950 942/945/948 943/946/949
f 943/946/949 945/948/951 944/947/950
f 946/949/952 944/947/950 945/948/951
f 945/948/951 947/950/953 946/949/952
f 931/934/937 946/949/952 947/950/953
f 947/950/953 932/935/938 931/934/937
f 933/936/939 932/935/938 948/951/954
f 948/951/954 949/952/955 933/936/939
f 935/938/941 933/936/939 949/952/955
f 949/952/955 950/953/956 935/938/941
f 937/940/943 935/938/941 950/953/956
f 950/953/956 951/954/957 937/940/943
f 941/944/947 940/943/946 952/955/958
f 952/955/958 953/956/959 941/944/947
f 943/946/949 941/944/947 953/956/959
f 953/956/959 954/957/960 943/946/949
f 945/948/951 943/946/949 954/957/960
f 954/957/960 955/958/961 945/948/951
f 947/950/953 945/948/951 955/958/961
f 955/958/961 956/959/962 947/950/953
f 932/935/938 947/950/953 956/959/962
f 956/959/962 948/951/954 932/935/938
f 949/952/955 948/951/954 957/960/963
f 957/960/963 958/961/964 949/952/955
f 950/953/956 949/952/955 958/961/964
f 958/961/964 959/962/965 950/953/956
f 951/954/957 950/953/956 959/962/965
f 959/962/965 960/963/966 951/954/957
f 953/956/959 952/955/958 961/964/967
f 961/964/967 962/965/968 953/956/959
f 954/957/960 953/956/959 962/965/968
f 962/965/968 963/966/969 954/957/960
f 955/958/961 954/957/960 963/966/969
f 963/966/969 964/967/970 955/958/961
f 956/959/962 955/958/961 964/967/970
f 964/967/970 965/968/971 956/959/962
f 948/951/954 956/959/962 965/968/971
f 965/968/971 957/960/963 948/951/954
f 958/961/964 957/960/963 966/969/972
f 966/969/972 967/970/973 958/961/964
f 959/962/965 958/961/964 967/970/973
f 967/970/973 968/971/974 959/962/965
f 960/963/966 959/962/965 968/971/974
f 968/971/974 969/972/975 960/963/966
f 962/965/968 961/964/967 970/973/976
f 970/973/976 971/974/977 962/965/968
f 963/966/969 962/965/968 971/974/977
f 971/974/977 972/975/978 963/966/969
f 964/967/970 963/966/969 972/975/978
f 972/975/978 973/976/979 964/967/970
f 965/968/971 964/967/970 973/976/979
f 973/976/979 974/977/980 965/968/971
f 957/960/963 965/968/971 974/977/980
f 974/977/980 966/969/972 957/960/963
f 975/978/981 976/979/982 977/980/983
f 977/980/983 978/981/984 975/978/981
f 979/982/985 978/981/984 977/980/983
f 977/980/983 980/983/986 979/982/985
f 981/984/987 979/982/985 980/983/986
f 980/983/986 982/985/988 981/984/987
f 983/986/989 984/987/990 985/988/991
f 985/988/991 986/989/992 983/986/989
f 987/990/993 988/991/994 989/992/995
f 989/992/995 990/993/996 987/990/993
f 991/994/997 992/995/998 993/996/999
f 993/996/999 994/997/1000 991/994/997
f 995/998/1001 994/997/1000 993/996/999
f 993/996/999 996/999/1002 995/998/1001
f 997/1000/1003 998/1001/1004 999/1002/1005
f 999/1002/1005 1000/1003/1006 997/1000/1003
f 976/979/982 1001/1004/1007 1002/1005/1008
f 1002/1005/1008 977/980/983 976/979/982
f 980/983/986 977/980/983 1002/1005/1008
f 1002/1005/1008 1003/1006/1009 980/983/986
f 982/985/988 980/983/986 1003/1006/1009
f 1003/1006/1009 1004/1007/1010 982/985/988
f 986/989/992 985/988/991 1005/1008/1011
f 1005/1008/1011 1006/1009/1012 986/989/992
f 988/991/994 1007/1010/1013 1008/1011/1014
f 1008/1011/1014 989/992/995 988/991/994
f 992/995/998 1009/1012/1015 1010/1013/1016
f 1010/1013/1016 993/996/999 992/995/998
f 996/999/1002 993/996/999 1010/1013/1016
f 1010/1013/1016 1011/1014/1017 996/999/1002
f 1000/1003/1006 999/1002/1005 1012/1015/1018
f 1012/1015/1018 1013/1016/1019 1000/1003/1006
f 1001/1004/1007 1014/1017/1020 1015/1018/1021
f 1015/1018/1021 1002/1005/1008 1001/1004/1007
f 1003/1006/1009 1002/1005/1008 1015/1018/1021
f 1015/1018/1021 1016/1019/1022 1003/1006/1009
f 1004/1007/1010 1003/1006/1009 1016/1019/1022
f 1016/1019/1022 1017/1020/1023 1004/1007/1010
f 1006/1009/1012 1005/1008/1011 1018/1021/1024
f 1018/1021/1025 1019/1022/1026 1006/1009/1012
f 1007/1010/1013 1020/1023/1027 1021/1024/1028
f 1021/1024/1028 1008/1011/1014 1007/1010/1013
f 1009/1012/1015 1022/1025/1029 1023/1026/1030
f 1023/1026/1030 1010/1013/1016 1009/1012/1015
f 1011/1014/1017 1010/1013/1016 1023/1026/1030
f 1023/1026/1030 1024/1027/1031 1011/1014/1017
f 1013/1016/1019 1012/1015/1018 1025/1028/1032
f 1025/1028/1033 1026/1029/1034 1013/1016/1019
f 1027/1030/1035 1028/1031/1036 1029/1032/1037
f 1029/1032/1037 1030/1033/1038 1027/1030/1035
f 1031/1034/1039 1030/1033/1038 1029/1032/1037
f 1029/1032/1037 1032/1035/1040 1031/1034/1039
f 1033/1036/1041 1031/1034/1039 1032/1035/1040
f 1032/1035/1040 1034/1037/1042 1033/1036/1041
f 1035/1038/1043 1036/1039/1044 1037/1040/1045
f 1037/1040/1045 1038/1041/1046 1035/1038/1043
f 1039/1042/1047 1040/1043/1048 1041/1044/1049
f 1041/1044/1049 1042/1045/1050 1039/1042/1047
f 1043/1046/1051 1044/1047/1052 1045/1048/1053
f 1045/1048/1053 1046/1049/1054 1043/1046/1051
f 1047/1050/1055 1046/1049/1054 1045/1048/1053
f 1045/1048/1053 1048/1051/1056 1047/1050/1055
f 1049/1052/1057 1050/1053/1058 1051/1054/1059
f 1051/1054/1059 1052/1055/1060 1049/1052/1057
f 1053/1056/1061 1054/1057/1062 1055/1058/1063
f 1055/1058/1063 1056/1059/1064 1053/1056/1061
f 1057/1060/1065 1056/1059/1064 1055/1058/1063
f 1055/1058/1063 1058/1061/1066 1057/1060/1065
f 1059/1062/1067 1057/1060/1065 1058/1061/1066
f 1058/1061/1066 1060/1063/1068 1059/1062/1067
f 1061/1064/1069 1062/1065/1070 1063/1066/1071
f 1063/1066/1071 1064/1067/1072 1061/1064/1069
f 1065/1068/1073 1066/1069/1074 1067/1070/1075
f 1067/1070/1075 1068/1071/1076 1065/1068/1073
f 1069/1072/1077 1070/1073/1078 1071/1074/1079
f 1071/1074/1079 1072/1075/1080 1069/1072/1077
f 1073/1076/1081 1072/1075/1080 1071/1074/1079
f 1071/1074/1079 1074/1077/1082 1073/1076/1081
f 1075/1078/1083 1076/1079/1084 1077/1080/1085
f 1077/1080/1085 1078/1081/1086 1075/1078/1083
f 1054/1057/1062 1079/1082/1087 1080/1083/1088
f 1080/1083/1088 1055/1058/1063 1054/1057/1062
f 1058/1061/1066 1055/1058/1063 1080/1083/1088
f 1080/1083/1088 1081/1084/1089 1058/1061/1066
f 1060/1063/1068 1058/1061/1066 1081/1084/1089
f 1081/1084/1089 1082/1085/1090 1060/1063/1068
f 1064/1067/1072 1063/1066/1071 1083/1086/1091
f 1083/1086/1091 1084/1087/1092 1064/1067/1072
f 1066/1069/1074 1085/1088/1093 1086/1089/1094
f 1086/1089/1094 1067/1070/1075 1066/1069/1074
f 1070/1073/1078 1087/1090/1095 1088/1091/1096
f 1088/1091/1096 1071/1074/1079 1070/1073/1078
f 1074/1077/1082 1071/1074/1079 1088/1091/1096
f 1088/1091/1096 1089/1092/1097 1074/1077/1082
f 1078/1081/1086 1077/1080/1085 1090/1093/1098
f 1090/1093/1098 1091/1094/1099 1078/1081/1086
f 1079/1082/1087 1092/1095/1100 1093/1096/1101
f 1093/1096/1101 1080/1083/1088 1079/1082/1087
f 1081/1084/1089 1080/1083/1088 1093/1096/1101
f 1093/1096/1101 1094/1097/1102 1081/1084/1089
f 1082/1085/1090 1081/1084/1089 1094/1097/1102
f 1094/1097/1102 1095/1098/1103 1082/1085/1090
f 1084/1087/1092 1083/1086/1091 1096/1099/1104
f 1096/1099/1104 1097/1100/1105 1084/1087/1092
f 1085/1088/1093 1098/1101/1106 1099/1102/1107
f 1099/1102/1107 1086/1089/1094 1085/1088/1093
f 1087/1090/1095 1100/1103/1108 1101/1104/1109
f 1101/1104/1109 1088/1091/1096 1087/1090/1095
f 1089/1092/1097 1088/1091/1096 1101/1104/1109
f 1101/1104/1109 1102/1105/1110 1089/1092/1097
f 1091/1094/1099 1090/1093/1098 1103/1106/1111
f 1103/1106/1111 1104/1107/1112 1091/1094/1099
f 1105/1108/1113 1106/1109/1114 1107/1110/1115
f 1107/1110/1115 1108/1111/1116 1105/1108/1113
f 1109/1112/1117 1108/1111/1116 1107/1110/1115
f 1107/1110/1115 1110/1113/1118 1109/1112/1117
f 1111/1114/1119 1109/1112/1117 1110/1113/1118
f 1110/1113/1118 1112/1115/1120 1111/1114/1119
f 1113/1116/1121 1114/1117/1122 1115/1118/1123
f 1115/1118/1123 1116/1119/1124 1113/1116/1121
f 1117/1120/1125 1118/1121/1126 1119/1122/1127
f 1119/1122/1127 1120/1123/1128 1117/1120/1125
f 1121/1124/1129 1122/1125/1130 1123/1126/1131
f 1123/1126/1131 1124/1127/1132 1121/1124/1129
f 1125/1128/1133 1126/1129/1134 1127/1130/1135
f 1127/1130/1135 1128/1131/1136 1125/1128/1133
f 1028/1031/1036 1053/1056/1061 1056/1059/1064
f 1056/1059/1064 1029/1032/1037 1028/1031/1036
f 1032/1035/1040 1029/1032/1037 1056/1059/1064
f 1056/1059/1064 1057/1060/1065 1032/1035/1040
f 1034/1037/1042 1032/1035/1040 1057/1060/1065
f 1057/1060/1065 1059/1062/1067 1034/1037/1042
f 1038/1041/1046 1037/1040/1045 1062/1065/1070
f 1062/1065/1070 1061/1064/1069 1038/1041/1046
f 1040/1043/1048 1065/1068/1073 1068/1071/1076
f 1068/1071/1076 1041/1044/1049 1040/1043/1048
f 1044/1047/1052 1069/1072/1077 1072/1075/1080
f 1072/1075/1080 1045/1048/1053 1044/1047/1052
f 1048/1051/1056 1045/1048/1053 1072/1075/1080
f 1072/1075/1080 1073/1076/1081 1048/1051/1056
f 1052/1055/1060 1051/1054/1059 1076/1079/1084
f 1076/1079/1084 1075/1078/1083 1052/1055/1060
f 1129/1132/1137 1027/1030/1035 1030/1033/1038
f 1030/1033/1038 1130/1133/1138 1129/1132/1137
f 1131/1134/1139 1130/1133/1138 1030/1033/1038
f 1030/1033/1038 1031/1034/1039 1131/1134/1139
f 1132/1135/1140 1131/1134/1139 1031/1034/1039
f 1031/1034/1039 1033/1036/1041 1132/1135/1140
f 1133/1136/1141 1134/1137/1142 1036/1039/1044
f 1036/1039/1044 1035/1038/1043 1133/1136/1141
f 1135/1138/1143 1039/1042/1047 1042/1045/1050
f 1042/1045/1050 1136/1139/1144 1135/1138/1143
f 1137/1140/1145 1043/1046/1051 1046/1049/1054
f 1046/1049/1054 1138/1141/1146 1137/1140/1145
f 1139/1142/1147 1138/1141/1146 1046/1049/1054
f 1046/1049/1054 1047/1050/1055 1139/1142/1147
f 1140/1143/1148 1141/1144/1149 1050/1053/1058
f 1050/1053/1058 1049/1052/1057 1140/1143/1148
f 1092/1095/1100 1105/1108/1113 1108/1111/1116
f 1108/1111/1116 1093/1096/1101 1092/1095/1100
f 1094/1097/1102 1093/1096/1101 1108/1111/1116
f 1108/1111/1116 1109/1112/1117 1094/1097/1102
f 1095/1098/1103 1094/1097/1102 1109/1112/1117
f 1109/1112/1117 1111/1114/1119 1095/1098/1103
f 1097/1100/1105 1096/1099/1104 1114/1117/1122
f 1114/1117/1122 1113/1116/1121 1097/1100/1105
f 1098/1101/1106 1117/1120/1125 1120/1123/1128
f 1120/1123/1128 1099/1102/1107 1098/1101/1106
f 1100/1103/1108 1121/1124/1129 1124/1127/1132
f 1124/1127/1132 1101/1104/1109 1100/1103/1108
f 1104/1107/1112 1103/1106/1111 1126/1129/1134
f 1126/1129/1134 1125/1128/1133 1104/1107/1112
f 1142/1145/1150 1143/1146/1151 1144/1147/1152
f 1144/1147/1152 1145/1148/1153 1142/1145/1150
f 1146/1149/1154 1145/1148/1153 1144/1147/1152
f 1144/1147/1152 1147/1150/1155 1146/1149/1154
f 1148/1151/1156 1149/1152/1157 1150/1153/1158
f 1150/1153/1158 1151/1154/1159 1148/1151/1156
f 1152/1155/1160 1151/1154/1159 1150/1153/1158
f 1150/1153/1158 1153/1156/1161 1152/1155/1160
f 1154/1157/1162 1155/1158/1163 1156/1159/1164
f 1156/1159/1164 1157/1160/1165 1154/1157/1162
f 1143/1146/1151 1158/1161/1166 1159/1162/1167
f 1159/1162/1167 1144/1147/1152 1143/1146/1151
f 1147/1150/1155 1144/1147/1152 1159/1162/1167
f 1159/1162/1167 1160/1163/1168 1147/1150/1155
f 1149/1152/1157 1161/1164/1169 1162/1165/1170
f 1162/1165/1170 1150/1153/1158 1149/1152/1157
f 1153/1156/1161 1150/1153/1158 1162/1165/1170
f 1162/1165/1170 1163/1166/1171 1153/1156/1161
f 1157/1160/1165 1156/1159/1164 1164/1167/1172
f 1164/1167/1172 1165/1168/1173 1157/1160/1165
f 1158/1161/1166 1166/1169/1174 1167/1170/1175
f 1167/1170/1175 1159/1162/1167 1158/1161/1166
f 1160/1163/1168 1159/1162/1167 1167/1170/1175
f 1167/1170/1175 1168/1171/1176 1160/1163/1168
f 1161/1164/1169 1169/1172/1177 1170/1173/1178
f 1170/1173/1178 1162/1165/1170 1161/1164/1169
f 1163/1166/1171 1162/1165/1170 1170/1173/1178
f 1170/1173/1178 1171/1174/1179 1163/1166/1171
f 1165/1168/1173 1164/1167/1172 1172/1175/1180
f 1172/1175/1180 1173/1176/1181 1165/1168/1173
f 1166/1169/1174 1174/1177/1182 1175/1178/1183
f 1175/1178/1183 1167/1170/1175 1166/1169/1174
f 1168/1171/1176 1167/1170/1175 1175/1178/1183
f 1175/1178/1183 1176/1179/1184 1168/1171/1176
f 1169/1172/1177 1177/1180/1185 1178/1181/1186
f 1178/1181/1186 1170/1173/1178 1169/1172/1177
f 1171/1174/1179 1170/1173/1178 1178/1181/1186
f 1178/1181/1186 1179/1182/1187 1171/1174/1179
f 1173/1176/1181 1172/1175/1180 1180/1183/1188
f 1180/1183/1188 1181/1184/1189 1173/1176/1181
f 1174/1177/1182 1182/1185/1190 1183/1186/1191
f 1183/1186/1191 1175/1178/1183 1174/1177/1182
f 1176/1179/1184 1175/1178/1183 1183/1186/1191
f 1183/1186/1191 1184/1187/1192 1185/1188/1193
f 1183/1186/1191 1185/1188/1193 1176/1179/1184
f 1177/1180/1185 1186/1189/1194 1187/1190/1195
f 1187/1190/1195 1178/1181/1186 1177/1180/1185
f 1179/1182/1187 1178/1181/1186 1187/1190/1195
f 1187/1190/1195 1188/1191/1196 1179/1182/1187
f 1181/1184/1189 1180/1183/1188 1189/1192/1197
f 1189/1192/1197 1190/1193/1198 1181/1184/1189
f 1182/1185/1190 1191/1194/1199 1192/1195/1200
f 1192/1195/1200 1183/1186/1191 1182/1185/1190
f 1184/1187/1192 1183/1186/1191 1192/1195/1200
f 1192/1195/1200 1193/1196/1201 1184/1187/1192
f 1186/1189/1194 1194/1197/1202 1195/1198/1203
f 1195/1198/1203 1187/1190/1195 1186/1189/1194
f 1188/1191/1196 1187/1190/1195 1195/1198/1203
f 1195/1198/1203 1196/1199/1204 1188/1191/1196
f 1190/1193/1198 1189/1192/1197 1197/1200/1205
f 1197/1200/1206 1198/1201/1207 1190/1193/1198
f 1191/1194/1199 1199/1202/1208 1200/1203/1209
f 1200/1203/1209 1192/1195/1200 1191/1194/1199
f 1193/1196/1201 1192/1195/1200 1200/1203/1209
f 1200/1203/1209 1201/1204/1210 1193/1196/1201
f 1194/1197/1202 1202/1205/1211 1203/1206/1212
f 1203/1206/1212 1195/1198/1203 1194/1197/1202
f 1204/1207/1213 1205/1208/1214 1206/1209/1215
f 1206/1209/1215 1207/1210/1216 1204/1207/1213
f 1208/1211/1217 1209/1212/1218 1210/1213/1219
f 1210/1213/1219 1211/1214/1220 1208/1211/1217
f 1212/1215/1221 1213/1216/1222 1214/1217/1223
f 1214/1217/1223 1215/1218/1224 1212/1215/1221
f 1216/1219/1225 1215/1218/1224 1214/1217/1223
f 1214/1217/1223 1217/1220/1226 1216/1219/1225
f 1218/1221/1227 1219/1222/1228 1220/1223/1229
f 1220/1223/1229 1221/1224/1230 1218/1221/1227
f 1213/1216/1222 1222/1225/1231 1223/1226/1232
f 1223/1226/1232 1214/1217/1223 1213/1216/1222
f 1217/1220/1226 1214/1217/1223 1223/1226/1232
f 1223/1226/1232 1224/1227/1233 1217/1220/1226
f 1219/1222/1228 1225/1228/1234 1226/1229/1235
f 1226/1229/1235 1220/1223/1229 1219/1222/1228
f 1227/1230/1236 1220/1223/1229 1226/1229/1235
f 1226/1229/1235 1228/1231/1237 1227/1230/1236
f 1229/1232/1238 1230/1233/1239 1231/1234/1240
f 1231/1234/1240 1232/1235/1241 1229/1232/1238
f 1222/1225/1231 1233/1236/1242 1234/1237/1243
f 1234/1237/1243 1223/1226/1232 1222/1225/1231
f 1224/1227/1233 1223/1226/1232 1234/1237/1243
f 1234/1237/1243 1235/1238/1244 1224/1227/1233
f 1225/1228/1234 1236/1239/1245 1237/1240/1246
f 1237/1240/1246 1226/1229/1235 1225/1228/1234
f 1228/1231/1237 1226/1229/1235 1237/1240/1246
f 1237/1240/1246 1238/1241/1247 1228/1231/1237
f 1232/1235/1241 1231/1234/1240 1239/1242/1248
f 1239/1242/1249 1240/1243/1250 1232/1235/1241
f 1241/1244/1251 1242/1245/1252 1243/1246/1253
f 1243/1246/1253 1244/1247/1254 1241/1244/1251
f 1245/1248/1255 1244/1247/1254 1243/1246/1253
f 1243/1246/1256 1246/1249/1257 1245/1248/1258
f 1247/1250/1259 1248/1251/1260 1249/1252/1261
f 1249/1252/1261 1250/1253/1262 1247/1250/1259
f 1251/1254/1263 1252/1255/1264 1253/1256/1265
f 1253/1256/1265 1254/1257/1266 1251/1254/1263
f 1255/1258/1267 1256/1259/1268 1257/1260/1269
f 1257/1260/1269 1258/1261/1270 1255/1258/1267
f 1259/1262/1271 1218/1221/1227 1221/1224/1230
f 1221/1224/1230 1206/1209/1215 1259/1262/1271
f 1260/1263/1272 1212/1215/1221 1215/1218/1224
f 1215/1218/1224 1261/1264/1273 1260/1263/1272
f 1262/1265/1274 1261/1264/1273 1215/1218/1224
f 1215/1218/1224 1216/1219/1225 1262/1265/1274
f 1263/1266/1275 1264/1267/1276 1230/1233/1239
f 1230/1233/1239 1229/1232/1238 1263/1266/1275
f 1265/1268/1277 1266/1269/1278 1220/1223/1229
f 1220/1223/1229 1227/1230/1236 1265/1268/1277
f 1266/1269/1278 1267/1270/1279 1221/1224/1230
f 1221/1224/1230 1220/1223/1229 1266/1269/1278
f 1267/1270/1279 1268/1271/1280 1206/1209/1215
f 1206/1209/1215 1221/1224/1230 1267/1270/1279
f 1268/1271/1280 1269/1272/1281 1207/1210/1216
f 1207/1210/1216 1206/1209/1215 1268/1271/1280
f 1270/1273/1282 1271/1274/1283 1211/1214/1220
f 1211/1214/1220 1210/1213/1219 1270/1273/1282
f 1271/1274/1283 1272/1275/1284 1273/1276/1285
f 1273/1276/1285 1211/1214/1220 1271/1274/1283
f 1272/1275/1284 1263/1266/1275 1229/1232/1238
f 1229/1232/1238 1273/1276/1285 1272/1275/1284
f 915/918/921 914/917/920 931/934/937
f 931/934/937 930/933/936 915/918/921
f 917/920/923 915/918/921 930/933/936
f 930/933/936 934/937/940 917/920/923
f 919/922/925 917/920/923 934/937/940
f 934/937/940 936/939/942 919/922/925
f 923/926/929 922/925/928 939/942/945
f 939/942/945 938/941/944 923/926/929
f 925/928/931 923/926/929 938/941/944
f 938/941/944 942/945/948 925/928/931
f 927/930/933 925/928/931 942/945/948
f 942/945/948 944/947/950 927/930/933
f 929/932/935 927/930/933 944/947/950
f 944/947/950 946/949/952 929/932/935
f 914/917/920 929/932/935 946/949/952
f 946/949/952 931/934/937 914/917/920
f 904/907/910 903/906/909 913/916/919
f 913/916/919 912/915/918 904/907/910
f 905/908/911 904/907/910 912/915/918
f 912/915/918 916/919/922 905/908/911
f 906/909/912 905/908/911 916/919/922
f 916/919/922 918/921/924 906/909/912
f 908/911/914 907/910/913 921/924/927
f 921/924/927 920/923/926 908/911/914
f 909/912/915 908/911/914 920/923/926
f 920/923/926 924/927/930 909/912/915
f 910/913/916 909/912/915 924/927/930
f 924/927/930 926/929/932 910/913/916
f 911/914/917 910/913/916 926/929/932
f 926/929/932 928/931/934 911/914/917
f 903/906/909 911/914/917 928/931/934
f 928/931/934 913/916/919 903/906/909
f 1274/1277/1286 1254/1257/1266 1253/1256/1265
f 1253/1256/1265 1275/1278/1287 1274/1277/1286
f 1276/1279/1288 1124/1127/1132 1123/1126/1131
f 1123/1126/1131 1277/1280/1289 1276/1279/1288
f 1276/1279/1288 1102/1105/1110 1101/1104/1109
f 1101/1104/1109 1124/1127/1132 1276/1279/1288
f 1278/1281/1290 1279/1282/1291 1280/1283/1292
f 1280/1283/1292 1281/1284/1293 1278/1281/1290
f 1282/1285/1294 1283/1286/1295 1284/1287/1296
f 1284/1287/1296 1285/1288/1297 1282/1285/1294
f 1282/1285/1294 1286/1289/1298 1287/1290/1299
f 1287/1290/1299 1283/1286/1295 1282/1285/1294
f 1288/1291/1300 1289/1292/1301 1290/1293/1302
f 1290/1293/1302 1291/1294/1303 1288/1291/1300
f 1292/1295/1304 1293/1296/1305 1294/1297/1306
f 1294/1297/1306 1295/1298/1307 1292/1295/1304
f 1296/1299/1308 1297/1300/1309 1298/1301/1310
f 1298/1301/1310 1299/1302/1311 1296/1299/1308
f 1300/1303/1312 1301/1304/1313 1302/1305/1314
f 1302/1305/1314 1303/1306/1315 1300/1303/1312
f 1280/1283/1292 1279/1282/1291 1304/1307/1316
f 1304/1307/1316 1305/1308/1317 1280/1283/1292
f 1284/1287/1296 1283/1286/1295 1306/1309/1318
f 1306/1309/1318 1307/1310/1319 1284/1287/1296
f 1283/1286/1295 1287/1290/1299 1308/1311/1320
f 1308/1311/1320 1306/1309/1318 1283/1286/1295
f 1309/1312/1321 1310/1313/1322 1294/1297/1306
f 1294/1297/1306 1293/1296/1305 1309/1312/1321
f 1299/1302/1311 1298/1301/1310 1311/1314/1323
f 1311/1314/1323 1312/1315/1324 1299/1302/1311
f 1303/1306/1315 1302/1305/1314 1313/1316/1325
f 1313/1316/1325 1314/1317/1326 1303/1306/1315
f 1290/1293/1302 1289/1292/1301 1315/1318/1327
f 1315/1318/1327 1316/1319/1328 1290/1293/1302
f 998/1001/1004 997/1000/1003 1317/1320/1329
f 1317/1320/1329 1318/1321/1330 998/1001/1004
f 994/997/1000 995/998/1001 1319/1322/1331
f 1319/1322/1331 1320/1323/1332 994/997/1000
f 991/994/997 994/997/1000 1320/1323/1332
f 1320/1323/1332 1321/1324/1333 991/994/997
f 987/990/993 990/993/996 1322/1325/1334
f 1322/1325/1334 1323/1326/1335 987/990/993
f 984/987/990 983/986/989 1324/1327/1336
f 1324/1327/1336 1325/1328/1337 984/987/990
f 979/982/985 981/984/987 1326/1329/1338
f 1326/1329/1338 1327/1330/1339 979/982/985
f 978/981/984 979/982/985 1327/1330/1339
f 1327/1330/1339 1328/1331/1340 978/981/984
f 975/978/981 978/981/984 1328/1331/1340
f 1328/1331/1340 1329/1332/1341 975/978/981
f 1286/1289/1298 1330/1333/1342 1331/1334/1343
f 1331/1334/1343 1332/1335/1344 1286/1289/1298
f 1286/1289/1298 1332/1335/1344 1333/1336/1345
f 1333/1336/1345 1287/1290/1299 1286/1289/1298
f 1334/1337/1346 1335/1338/1347 1336/1339/1348
f 1336/1339/1348 1337/1340/1349 1334/1337/1346
f 1338/1341/1350 1339/1342/1351 1340/1343/1352
f 1340/1343/1352 1341/1344/1353 1338/1341/1350
f 1339/1342/1351 1291/1294/1303 1342/1345/1354
f 1342/1345/1354 1340/1343/1352 1339/1342/1351
f 1343/1346/1355 1342/1345/1354 1291/1294/1303
f 1291/1294/1303 1290/1293/1302 1343/1346/1355
f 1308/1311/1320 1287/1290/1299 1333/1336/1345
f 1333/1336/1345 1344/1347/1356 1308/1311/1320
f 1290/1293/1302 1316/1319/1328 1345/1348/1357
f 1345/1348/1357 1343/1346/1355 1290/1293/1302
f 1332/1335/1344 1331/1334/1343 1346/1349/1358
f 1346/1349/1358 1295/1298/1307 1332/1335/1344
f 1337/1340/1349 1336/1339/1348 1347/1350/1359
f 1347/1350/1359 1348/1351/1360 1337/1340/1349
f 1341/1344/1353 1340/1343/1352 1349/1352/1361
f 1349/1352/1361 1350/1353/1362 1341/1344/1353
f 1340/1343/1352 1342/1345/1354 1351/1354/1363
f 1351/1354/1363 1349/1352/1361 1340/1343/1352
f 1333/1336/1345 1332/1335/1344 1295/1298/1307
f 1295/1298/1307 1294/1297/1306 1333/1336/1345
f 1342/1345/1354 1343/1346/1355 1352/1355/1364
f 1352/1355/1364 1351/1354/1363 1342/1345/1354
f 1344/1347/1356 1333/1336/1345 1294/1297/1306
f 1294/1297/1306 1310/1313/1322 1344/1347/1356
f 1343/1346/1355 1345/1348/1357 1353/1356/1365
f 1353/1356/1365 1352/1355/1364 1343/1346/1355
f 1354/1357/1366 1292/1295/1304 1295/1298/1307
f 1295/1298/1307 1346/1349/1358 1354/1357/1366
f 1350/1353/1362 1349/1352/1361 1300/1303/1312
f 1300/1303/1312 1355/1358/1367 1350/1353/1362
f 1351/1354/1363 1301/1304/1313 1300/1303/1312
f 1300/1303/1312 1349/1352/1361 1351/1354/1363
f 1351/1354/1363 1352/1355/1364 1302/1305/1314
f 1302/1305/1314 1301/1304/1313 1351/1354/1363
f 1353/1356/1365 1313/1316/1325 1302/1305/1314
f 1302/1305/1314 1352/1355/1364 1353/1356/1365
f 1356/1359/1368 1357/1360/1369 1358/1361/1370
f 1358/1361/1370 1359/1362/1371 1356/1359/1368
f 1360/1363/1372 1356/1359/1368 1359/1362/1371
f 1359/1362/1371 1361/1364/1373 1360/1363/1372
f 1362/1365/1374 1360/1363/1372 1361/1364/1373
f 1361/1364/1373 1363/1366/1375 1362/1365/1374
f 1364/1367/1376 1362/1365/1374 1363/1366/1375
f 1363/1366/1375 1365/1368/1377 1364/1367/1376
f 1366/1369/1378 1364/1367/1376 1365/1368/1377
f 1367/1370/1379 1368/1371/1380 1369/1372/1381
f 1369/1372/1381 1370/1373/1382 1367/1370/1379
f 1371/1374/1383 1366/1369/1378 1365/1368/1377
f 1365/1368/1377 1372/1375/1384 1371/1374/1383
f 1365/1368/1377 1363/1366/1375 1373/1376/1385
f 1373/1376/1385 1372/1375/1384 1365/1368/1377
f 1363/1366/1375 1361/1364/1373 1374/1377/1386
f 1374/1377/1386 1373/1376/1385 1363/1366/1375
f 1361/1364/1373 1359/1362/1371 1375/1378/1387
f 1375/1378/1387 1374/1377/1386 1361/1364/1373
f 1359/1362/1371 1358/1361/1370 1376/1379/1388
f 1376/1379/1388 1375/1378/1387 1359/1362/1371
f 1369/1372/1381 1368/1371/1380 1377/1380/1389
f 1377/1380/1389 1378/1381/1390 1369/1372/1381
f 1348/1351/1360 1347/1350/1359 1297/1300/1309
f 1297/1300/1309 1296/1299/1308 1348/1351/1360
f 1300/1303/1312 1303/1306/1315 1379/1382/1391
f 1379/1382/1391 1355/1358/1367 1300/1303/1312
f 1303/1306/1315 1314/1317/1326 1380/1383/1392
f 1380/1383/1392 1379/1382/1391 1303/1306/1315
f 1354/1357/1366 1381/1384/1393 1293/1296/1305
f 1293/1296/1305 1292/1295/1304 1354/1357/1366
f 1381/1384/1393 1382/1385/1394 1309/1312/1321
f 1309/1312/1321 1293/1296/1305 1381/1384/1393
f 1370/1373/1382 1369/1372/1381 1358/1361/1370
f 1358/1361/1370 1357/1360/1369 1370/1373/1382
f 1369/1372/1381 1378/1381/1390 1376/1379/1388
f 1376/1379/1388 1358/1361/1370 1369/1372/1381
f 1383/1386/1395 1384/1387/1396 1385/1388/1397
f 1385/1388/1397 1386/1389/1398 1383/1386/1395
f 1384/1387/1396 1387/1390/1399 1388/1391/1400
f 1388/1391/1400 1385/1388/1397 1384/1387/1396
f 1387/1390/1399 1389/1392/1401 1390/1393/1402
f 1390/1393/1402 1388/1391/1400 1387/1390/1399
f 1389/1392/1401 1391/1394/1403 1392/1395/1404
f 1392/1395/1404 1390/1393/1402 1389/1392/1401
f 1391/1394/1403 1393/1396/1405 1394/1397/1406
f 1394/1397/1406 1392/1395/1404 1391/1394/1403
f 1393/1396/1405 1395/1398/1407 1396/1399/1408
f 1396/1399/1408 1394/1397/1406 1393/1396/1405
f 1395/1398/1407 1397/1400/1409 1398/1401/1410
f 1398/1401/1410 1396/1399/1408 1395/1398/1407
f 1399/1402/1411 1400/1403/1412 1401/1404/1413
f 1401/1404/1413 1402/1405/1414 1399/1402/1411
f 1400/1403/1412 1403/1406/1415 1404/1407/1416
f 1404/1407/1416 1401/1404/1413 1400/1403/1412
f 1403/1406/1415 1405/1408/1417 1406/1409/1418
f 1406/1409/1418 1404/1407/1416 1403/1406/1415
f 1407/1410/1419 1399/1402/1411 1402/1405/1414
f 1402/1405/1414 1408/1411/1420 1407/1410/1419
f 1118/1121/1126 1247/1250/1259 1250/1253/1262
f 1250/1253/1262 1119/1122/1127 1118/1121/1126
f 1122/1125/1130 1251/1254/1263 1254/1257/1266
f 1254/1257/1266 1123/1126/1131 1122/1125/1130
f 1277/1280/1289 1123/1126/1131 1254/1257/1266
f 1254/1257/1266 1274/1277/1286 1277/1280/1289
f 1128/1131/1136 1127/1130/1135 1256/1259/1268
f 1256/1259/1268 1255/1258/1267 1128/1131/1136
f 1106/1109/1114 1241/1244/1251 1244/1247/1254
f 1244/1247/1254 1107/1110/1115 1106/1109/1114
f 1110/1113/1118 1107/1110/1115 1244/1247/1254
f 1110/1113/1118 1244/1247/1254 1245/1248/1255
f 1245/1248/1421 1409/1412/1422 1110/1113/1118
f 1118/1121/1126 1116/1119/1124 1410/1413/1423
f 1118/1121/1126 1410/1413/1423 1411/1414/1424
f 1411/1414/1424 1247/1250/1259 1118/1121/1126
f 1117/1120/1125 1113/1116/1121 1116/1119/1124
f 1116/1119/1124 1118/1121/1126 1117/1120/1125
f 1098/1101/1106 1097/1100/1105 1113/1116/1121
f 1113/1116/1121 1117/1120/1125 1098/1101/1106
f 1085/1088/1093 1084/1087/1092 1097/1100/1105
f 1097/1100/1105 1098/1101/1106 1085/1088/1093
f 1066/1069/1074 1064/1067/1072 1084/1087/1092
f 1084/1087/1092 1085/1088/1093 1066/1069/1074
f 1065/1068/1073 1061/1064/1069 1064/1067/1072
f 1064/1067/1072 1066/1069/1074 1065/1068/1073
f 1040/1043/1048 1038/1041/1046 1061/1064/1069
f 1061/1064/1069 1065/1068/1073 1040/1043/1048
f 1039/1042/1047 1035/1038/1043 1038/1041/1046
f 1038/1041/1046 1040/1043/1048 1039/1042/1047
f 1135/1138/1143 1133/1136/1141 1035/1038/1043
f 1035/1038/1043 1039/1042/1047 1135/1138/1143
f 1007/1010/1013 1006/1009/1012 1019/1022/1026
f 1019/1022/1026 1020/1023/1027 1007/1010/1013
f 988/991/994 986/989/992 1006/1009/1012
f 1006/1009/1012 1007/1010/1013 988/991/994
f 987/990/993 983/986/989 986/989/992
f 986/989/992 988/991/994 987/990/993
f 987/990/993 1323/1326/1335 1324/1327/1336
f 1324/1327/1336 983/986/989 987/990/993
f 1334/1337/1346 1337/1340/1349 1331/1334/1343
f 1331/1334/1343 1330/1333/1342 1334/1337/1346
f 1337/1340/1349 1348/1351/1360 1346/1349/1358
f 1346/1349/1358 1331/1334/1343 1337/1340/1349
f 1348/1351/1360 1296/1299/1308 1354/1357/1366
f 1354/1357/1366 1346/1349/1358 1348/1351/1360
f 1296/1299/1308 1299/1302/1311 1381/1384/1393
f 1381/1384/1393 1354/1357/1366 1296/1299/1308
f 1299/1302/1311 1312/1315/1324 1382/1385/1394
f 1382/1385/1394 1381/1384/1393 1299/1302/1311
f 1225/1228/1234 1404/1407/1416 1406/1409/1418
f 1406/1409/1418 1236/1239/1245 1225/1228/1234
f 1219/1222/1228 1401/1404/1413 1404/1407/1416
f 1404/1407/1416 1225/1228/1234 1219/1222/1228
f 1218/1221/1227 1402/1405/1414 1401/1404/1413
f 1401/1404/1413 1219/1222/1228 1218/1221/1227
f 1259/1262/1271 1408/1411/1420 1402/1405/1414
f 1402/1405/1414 1218/1221/1227 1259/1262/1271
f 1194/1197/1202 1396/1399/1408 1398/1401/1410
f 1398/1401/1410 1202/1205/1211 1194/1197/1202
f 1186/1189/1194 1394/1397/1406 1396/1399/1408
f 1396/1399/1408 1194/1197/1202 1186/1189/1194
f 1177/1180/1185 1392/1395/1404 1394/1397/1406
f 1394/1397/1406 1186/1189/1194 1177/1180/1185
f 1169/1172/1177 1390/1393/1402 1392/1395/1404
f 1392/1395/1404 1177/1180/1185 1169/1172/1177
f 1161/1164/1169 1388/1391/1400 1390/1393/1402
f 1390/1393/1402 1169/1172/1177 1161/1164/1169
f 1149/1152/1157 1385/1388/1397 1388/1391/1400
f 1388/1391/1400 1161/1164/1169 1149/1152/1157
f 1148/1151/1156 1386/1389/1398 1385/1388/1397
f 1385/1388/1397 1149/1152/1157 1148/1151/1156
f 1251/1254/1263 1250/1253/1262 1249/1252/1261
f 1249/1252/1261 1252/1255/1264 1251/1254/1263
f 1122/1125/1130 1119/1122/1127 1250/1253/1262
f 1250/1253/1262 1251/1254/1263 1122/1125/1130
f 1121/1124/1129 1120/1123/1128 1119/1122/1127
f 1119/1122/1127 1122/1125/1130 1121/1124/1129
f 1100/1103/1108 1099/1102/1107 1120/1123/1128
f 1120/1123/1128 1121/1124/1129 1100/1103/1108
f 1087/1090/1095 1086/1089/1094 1099/1102/1107
f 1099/1102/1107 1100/1103/1108 1087/1090/1095
f 1070/1073/1078 1067/1070/1075 1086/1089/1094
f 1086/1089/1094 1087/1090/1095 1070/1073/1078
f 1069/1072/1077 1068/1071/1076 1067/1070/1075
f 1067/1070/1075 1070/1073/1078 1069/1072/1077
f 1044/1047/1052 1041/1044/1049 1068/1071/1076
f 1068/1071/1076 1069/1072/1077 1044/1047/1052
f 1043/1046/1051 1042/1045/1050 1041/1044/1049
f 1041/1044/1049 1044/1047/1052 1043/1046/1051
f 1137/1140/1145 1136/1139/1144 1042/1045/1050
f 1042/1045/1050 1043/1046/1051 1137/1140/1145
f 1009/1012/1015 1008/1011/1014 1021/1024/1028
f 1021/1024/1028 1022/1025/1029 1009/1012/1015
f 992/995/998 989/992/995 1008/1011/1014
f 1008/1011/1014 1009/1012/1015 992/995/998
f 991/994/997 990/993/996 989/992/995
f 989/992/995 992/995/998 991/994/997
f 991/994/997 1321/1324/1333 1322/1325/1334
f 1322/1325/1334 990/993/996 991/994/997
f 1338/1341/1350 1341/1344/1353 1336/1339/1348
f 1336/1339/1348 1335/1338/1347 1338/1341/1350
f 1341/1344/1353 1350/1353/1362 1347/1350/1359
f 1347/1350/1359 1336/1339/1348 1341/1344/1353
f 1350/1353/1362 1355/1358/1367 1297/1300/1309
f 1297/1300/1309 1347/1350/1359 1350/1353/1362
f 1355/1358/1367 1379/1382/1391 1298/1301/1310
f 1298/1301/1310 1297/1300/1309 1355/1358/1367
f 1379/1382/1391 1380/1383/1392 1311/1314/1323
f 1311/1314/1323 1298/1301/1310 1379/1382/1391
f 1222/1225/1231 1232/1235/1241 1240/1243/1250
f 1240/1243/1250 1233/1236/1242 1222/1225/1231
f 1213/1216/1222 1229/1232/1238 1232/1235/1241
f 1232/1235/1241 1222/1225/1231 1213/1216/1222
f 1212/1215/1221 1273/1276/1285 1229/1232/1238
f 1229/1232/1238 1213/1216/1222 1212/1215/1221
f 1260/1263/1272 1211/1214/1220 1273/1276/1285
f 1273/1276/1285 1212/1215/1221 1260/1263/1272
f 1182/1185/1190 1190/1193/1198 1198/1201/1207
f 1198/1201/1207 1191/1194/1199 1182/1185/1190
f 1174/1177/1182 1181/1184/1189 1190/1193/1198
f 1190/1193/1198 1182/1185/1190 1174/1177/1182
f 1166/1169/1174 1173/1176/1181 1181/1184/1189
f 1181/1184/1189 1174/1177/1182 1166/1169/1174
f 1158/1161/1166 1165/1168/1173 1173/1176/1181
f 1173/1176/1181 1166/1169/1174 1158/1161/1166
f 1143/1146/1151 1157/1160/1165 1165/1168/1173
f 1165/1168/1173 1158/1161/1166 1143/1146/1151
f 1142/1145/1150 1154/1157/1162 1157/1160/1165
f 1157/1160/1165 1143/1146/1151 1142/1145/1150
f 1241/1244/1251 1255/1258/1267 1258/1261/1270
f 1258/1261/1270 1242/1245/1252 1241/1244/1251
f 1106/1109/1114 1128/1131/1136 1255/1258/1267
f 1255/1258/1267 1241/1244/1251 1106/1109/1114
f 1105/1108/1113 1125/1128/1133 1128/1131/1136
f 1128/1131/1136 1106/1109/1114 1105/1108/1113
f 1092/1095/1100 1104/1107/1112 1125/1128/1133
f 1125/1128/1133 1105/1108/1113 1092/1095/1100
f 1079/1082/1087 1091/1094/1099 1104/1107/1112
f 1104/1107/1112 1092/1095/1100 1079/1082/1087
f 1054/1057/1062 1078/1081/1086 1091/1094/1099
f 1091/1094/1099 1079/1082/1087 1054/1057/1062
f 1053/1056/1061 1075/1078/1083 1078/1081/1086
f 1078/1081/1086 1054/1057/1062 1053/1056/1061
f 1028/1031/1036 1052/1055/1060 1075/1078/1083
f 1075/1078/1083 1053/1056/1061 1028/1031/1036
f 1027/1030/1035 1049/1052/1057 1052/1055/1060
f 1052/1055/1060 1028/1031/1036 1027/1030/1035
f 1129/1132/1137 1140/1143/1148 1049/1052/1057
f 1049/1052/1057 1027/1030/1035 1129/1132/1137
f 1001/1004/1007 1013/1016/1019 1026/1029/1034
f 1026/1029/1034 1014/1017/1020 1001/1004/1007
f 976/979/982 1000/1003/1006 1013/1016/1019
f 1013/1016/1019 1001/1004/1007 976/979/982
f 975/978/981 997/1000/1003 1000/1003/1006
f 1000/1003/1006 976/979/982 975/978/981
f 975/978/981 1329/1332/1341 1317/1320/1329
f 1317/1320/1329 997/1000/1003 975/978/981
f 1281/1284/1293 1280/1283/1292 1289/1292/1301
f 1289/1292/1301 1288/1291/1300 1281/1284/1293
f 1280/1283/1292 1305/1308/1317 1315/1318/1327
f 1315/1318/1327 1289/1292/1301 1280/1283/1292
f 1412/1415/1425 359/362/363 1413/1416/1426
f 1413/1416/1426 1414/1417/1427 1412/1415/1425
f 370/373/374 386/389/392 1415/1418/1428
f 1415/1418/1428 1416/1419/1429 370/373/374
f 371/374/375 370/373/374 1416/1419/1429
f 1416/1419/1429 1417/1420/1430 371/374/375
f 372/375/376 371/374/375 1417/1420/1430
f 1417/1420/1430 1418/1421/1431 372/375/376
f 355/358/359 372/375/376 1418/1421/1431
f 1418/1421/1431 1419/1422/1432 355/358/359
f 354/357/358 355/358/359 1419/1422/1432
f 1419/1422/1432 1420/1423/1433 354/357/358
f 358/361/362 354/357/358 1420/1423/1433
f 1420/1423/1433 1421/1424/1434 358/361/362
f 359/362/363 358/361/362 1421/1424/1434
f 1421/1424/1434 1413/1416/1426 359/362/363
f 1414/1417/1427 1413/1416/1426 1422/1425/1435
f 1422/1425/1435 1423/1426/1436 1414/1417/1427
f 1413/1416/1426 1421/1424/1434 1424/1427/1437
f 1424/1427/1437 1422/1425/1435 1413/1416/1426
f 1421/1424/1434 1420/1423/1433 1425/1428/1438
f 1425/1428/1438 1424/1427/1437 1421/1424/1434
f 1420/1423/1433 1419/1422/1432 1426/1429/1439
f 1426/1429/1439 1425/1428/1438 1420/1423/1433
f 1419/1422/1432 1418/1421/1431 1427/1430/1440
f 1427/1430/1440 1426/1429/1439 1419/1422/1432
f 1418/1421/1431 1417/1420/1430 1428/1431/1441
f 1428/1431/1441 1427/1430/1440 1418/1421/1431
f 1417/1420/1430 1416/1419/1429 1429/1432/1442
f 1429/1432/1442 1428/1431/1441 1417/1420/1430
f 1416/1419/1429 1415/1418/1428 1430/1433/1443
f 1430/1433/1443 1429/1432/1442 1416/1419/1429
f 252/255/255 263/266/266 262/265/265
f 262/265/265 215/218/215 252/255/255
f 252/255/255 223/226/223 264/267/267
f 264/267/267 263/266/266 252/255/255
f 265/268/268 264/267/267 223/226/223
f 223/226/223 222/225/222 265/268/268
f 262/265/265 221/224/221 214/217/214
f 214/217/214 215/218/215 262/265/265
f 261/264/264 353/356/357 221/224/221
f 221/224/221 262/265/265 261/264/264
f 261/264/264 266/269/269 373/376/377
f 373/376/377 353/356/357 261/264/264
f 968/971/974 967/970/973 1431/1434/1444
f 1431/1434/1444 1432/1435/1445 968/971/974
f 969/972/975 968/971/974 1432/1435/1445
f 1432/1435/1445 1433/1436/1446 969/972/975
f 971/974/977 970/973/976 1434/1437/1447
f 1434/1437/1447 1435/1438/1448 971/974/977
f 972/975/978 971/974/977 1435/1438/1448
f 1435/1438/1448 1436/1439/1449 972/975/978
f 973/976/979 972/975/978 1436/1439/1449
f 1436/1439/1449 1437/1440/1450 973/976/979
f 974/977/980 973/976/979 1437/1440/1450
f 1437/1440/1450 1438/1441/1451 974/977/980
f 966/969/972 974/977/980 1438/1441/1451
f 1438/1441/1451 1439/1442/1452 966/969/972
f 967/970/973 966/969/972 1439/1442/1452
f 1439/1442/1452 1431/1434/1444 967/970/973
f 1440/1443/1453 1441/1444/1454 1129/1132/1137
f 1129/1132/1137 1130/1133/1138 1440/1443/1453
f 1442/1445/1455 1440/1443/1453 1130/1133/1138
f 1130/1133/1138 1131/1134/1139 1442/1445/1455
f 1443/1446/1456 1442/1445/1455 1131/1134/1139
f 1131/1134/1139 1132/1135/1140 1443/1446/1456
f 1444/1447/1457 1445/1448/1458 1134/1137/1142
f 1134/1137/1142 1133/1136/1141 1444/1447/1457
f 1446/1449/1459 1447/1450/1460 1135/1138/1143
f 1135/1138/1143 1136/1139/1144 1446/1449/1459
f 1448/1451/1461 1449/1452/1462 1137/1140/1145
f 1137/1140/1145 1138/1141/1146 1448/1451/1461
f 1450/1453/1463 1448/1451/1461 1138/1141/1146
f 1138/1141/1146 1139/1142/1147 1450/1453/1463
f 1451/1454/1464 1452/1455/1465 1141/1144/1149
f 1141/1144/1149 1140/1143/1148 1451/1454/1464
f 1453/1456/1466 1454/1457/1467 1196/1199/1468
f 1196/1199/1469 1195/1198/1470 1453/1456/1471
f 1455/1458/1472 1456/1459/1473 1198/1201/1474
f 1198/1201/1474 1197/1200/1475 1455/1458/1472
f 1457/1460/1476 1458/1461/1477 1200/1203/1478
f 1200/1203/1478 1199/1202/1479 1457/1460/1476
f 1459/1462/1480 1453/1456/1481 1195/1198/1482
f 1195/1198/1482 1203/1206/1483 1459/1462/1480
f 1460/1463/1484 1459/1462/1485 1203/1206/1486
f 1203/1206/1486 1202/1205/1487 1460/1463/1484
f 1461/1464/1488 1462/1465/1489 1398/1401/1490
f 1398/1401/1490 1397/1400/1491 1461/1464/1488
f 1463/1466/1492 1461/1464/1493 1397/1400/1494
f 1397/1400/1494 1464/1467/1492 1463/1466/1492
f 1447/1450/1460 1444/1447/1457 1133/1136/1141
f 1133/1136/1141 1135/1138/1143 1447/1450/1460
f 1462/1465/1495 1460/1463/1484 1202/1205/1487
f 1202/1205/1487 1398/1401/1496 1462/1465/1495
f 1449/1452/1462 1446/1449/1459 1136/1139/1144
f 1136/1139/1144 1137/1140/1145 1449/1452/1462
f 1465/1468/1497 1457/1460/1476 1199/1202/1479
f 1199/1202/1479 1466/1469/1498 1465/1468/1497
f 1456/1459/1499 1465/1468/1500 1466/1469/1501
f 1466/1469/1501 1198/1201/1502 1456/1459/1499
f 1441/1444/1454 1451/1454/1464 1140/1143/1148
f 1140/1143/1148 1129/1132/1137 1441/1444/1454
f 1467/1470/1503 1468/1471/1504 1015/1018/1505
f 1015/1018/1505 1014/1017/1506 1467/1470/1503
f 1468/1471/1504 1469/1472/1507 1016/1019/1508
f 1016/1019/1508 1015/1018/1505 1468/1471/1504
f 1469/1472/1509 1470/1473/1510 1017/1020/1511
f 1017/1020/1512 1016/1019/1508 1469/1472/1507
f 1471/1474/1513 1472/1475/1514 1019/1022/1515
f 1019/1022/1515 1018/1021/1516 1471/1474/1513
f 1473/1476/1517 1474/1477/1518 1021/1024/1519
f 1021/1024/1519 1020/1023/1520 1473/1476/1517
f 1475/1478/1521 1476/1479/1522 1023/1026/1523
f 1023/1026/1523 1022/1025/1524 1475/1478/1521
f 1476/1479/1525 1477/1480/1526 1024/1027/1527
f 1024/1027/1528 1023/1026/1523 1476/1479/1522
f 1478/1481/1529 1479/1482/1530 1026/1029/1531
f 1026/1029/1531 1025/1028/1532 1478/1481/1529
f 1472/1475/1514 1473/1476/1517 1020/1023/1520
f 1020/1023/1520 1019/1022/1515 1472/1475/1514
f 1474/1477/1518 1475/1478/1521 1022/1025/1524
f 1022/1025/1524 1021/1024/1519 1474/1477/1518
f 1479/1482/1530 1467/1470/1503 1014/1017/1506
f 1014/1017/1506 1026/1029/1531 1479/1482/1530
f 387/390/1533 390/393/1534 1480/1483/1535
f 1480/1483/1535 1481/1484/1536 1482/1485/1537
f 1480/1483/1535 1482/1485/1537 387/390/1533
f 400/403/1538 422/425/1539 1483/1486/1540
f 1483/1486/1540 1484/1487/1541 1485/1488/1542
f 1483/1486/1540 1485/1488/1542 400/403/1538
f 441/444/1543 451/454/1544 1486/1489/1545
f 1486/1489/1545 1487/1490/1546 1488/1491/1547
f 1486/1489/1545 1488/1491/1547 441/444/1543
f 459/462/1548 470/473/1549 1489/1492/1550
f 1489/1492/1550 1490/1493/1551 1491/1494/1552
f 1489/1492/1550 1491/1494/1552 459/462/1548
f 1492/1495/1553 1493/1496/1554 1234/1237/1555
f 1234/1237/1555 1233/1236/1556 1492/1495/1553
f 1494/1497/1557 1495/1498/1558 1237/1240/1559
f 1237/1240/1559 1236/1239/1560 1494/1497/1557
f 1495/1498/1561 1496/1499/1562 1238/1241/1563
f 1238/1241/1564 1237/1240/1559 1495/1498/1558
f 1497/1500/1565 1498/1501/1566 1240/1243/1567
f 1240/1243/1567 1239/1242/1568 1497/1500/1565
f 1499/1502/1569 1500/1503/1570 1406/1409/1571
f 1406/1409/1571 1405/1408/1572 1499/1502/1569
f 1501/1504/1573 1499/1502/1569 1405/1408/1572
f 1405/1408/1572 1502/1505/1574 1501/1504/1573
f 1500/1503/1575 1494/1497/1557 1236/1239/1560
f 1236/1239/1560 1406/1409/1576 1500/1503/1575
f 1498/1501/1566 1492/1495/1553 1233/1236/1556
f 1233/1236/1556 1240/1243/1567 1498/1501/1566
f 1503/1506/1577 389/392/1578 388/391/1579
f 388/391/1579 1504/1507/1580 1503/1506/1577
f 1480/1483/1535 390/393/1534 400/403/1538
f 1480/1483/1535 400/403/1538 1485/1488/1542
f 1485/1488/1542 1484/1487/1541 1480/1483/1535
f 1503/1506/1577 885/888/891 399/402/1581
f 399/402/1581 389/392/1578 1503/1506/1577
f 884/887/890 421/424/1582 399/402/1581
f 399/402/1581 885/888/891 884/887/890
f 1483/1486/1540 422/425/1539 441/444/1543
f 1483/1486/1540 441/444/1543 1488/1491/1547
f 1488/1491/1547 1487/1490/1546 1483/1486/1540
f 884/887/890 887/890/893 440/443/1583
f 440/443/1583 421/424/1582 884/887/890
f 1505/1508/1584 450/453/1585 440/443/1583
f 440/443/1583 887/890/893 1505/1508/1584
f 1486/1489/1545 451/454/1544 459/462/1548
f 1486/1489/1545 459/462/1548 1491/1494/1552
f 1491/1494/1552 1490/1493/1551 1486/1489/1545
f 1505/1508/1584 1506/1509/1586 458/461/1587
f 458/461/1587 450/453/1585 1505/1508/1584
f 1507/1510/1588 469/472/1589 458/461/1587
f 458/461/1587 1506/1509/1586 1507/1510/1588
f 1508/1511/1590 484/487/1591 387/390/1533
f 1508/1511/1590 387/390/1533 1482/1485/1537
f 1482/1485/1537 1481/1484/1536 1508/1511/1590
f 1509/1512/1592 1504/1507/1580 388/391/1579
f 388/391/1579 485/488/1593 1509/1512/1592
f 1510/1513/1594 161/161/158 148/148/145
f 148/148/145 147/147/144 1510/1513/1594
f 1511/1514/1595 1510/1513/1594 147/147/144
f 147/147/144 151/151/148 1511/1514/1595
f 2897/165/162 2303/1515/1596 2301/163/160
f 1512/1516/1597 1513/1517/1597 1514/1518/1597
f 1512/1516/1597 1514/1518/1597 1515/1519/1598
f 2299/1520/1599 2298/1521/1600 2896/164/161
f 2896/164/161 2301/163/160 2299/1520/1599
f 1516/1522/1601 1517/1523/1602 1518/1524/1603
f 1518/1524/1604 1519/1525/1605 1520/1522/1606
f 1518/1524/1603 1520/1522/1421 1516/1522/1601
f 1511/1514/1595 151/151/148 1521/1526/1607
f 1511/1514/1595 1521/1526/1607 1522/1527/1608
f 2308/1528/1609 2900/1529/1610 2895/1530/1611
f 270/273/273 240/243/242 233/236/235
f 233/236/235 236/239/238 270/273/273
f 1523/1531/1612 1524/1531/1613 1525/1532/1614
f 1523/1531/1615 1525/1532/1616 1526/1533/1615
f 1523/1531/1615 1526/1533/1615 1527/1534/1615
f 2895/1530/1611 2309/1535/1617 2308/1528/1609
f 2303/1515/1596 2897/165/162 2898/1536/1618
f 1528/1537/1619 1529/1538/1620 1530/1539/1621
f 1530/1539/1621 173/176/1622 1528/1537/1619
f 1531/1540/1623 1528/1537/1624 173/176/173
f 173/176/173 172/175/172 1531/1540/1623
f 1532/1541/1625 1533/1542/1626 244/247/246
f 244/247/246 243/246/245 1532/1541/1625
f 2898/1536/1618 2305/1543/1627 2303/1515/1596
f 1534/1544/1628 1535/1545/1629 1536/1546/1630
f 1534/1544/1628 1536/1546/1630 1537/1547/1631
f 2311/1548/1632 2894/1549/1633 2297/1550/1634
f 1538/1551/1635 269/272/272 257/260/260
f 257/260/260 256/259/259 1538/1551/1635
f 1539/1552/1636 1532/1541/1625 243/246/245
f 243/246/245 245/248/247 1539/1552/1636
f 1540/1553/1637 1538/1551/1635 256/259/259
f 1540/1553/1637 256/259/259 1541/1554/1637
f 2297/1550/1634 2296/1555/1638 2311/1548/1632
f 1533/1542/1639 1531/1540/1623 172/175/172
f 172/175/172 244/247/391 1533/1542/1639
f 385/388/389 1539/1552/1636 245/248/247
f 245/248/247 248/251/250 385/388/389
f 1542/1556/1640 1543/1557/1641 295/298/299
f 295/298/299 294/297/298 1542/1556/1640
f 1544/1558/1642 1542/1556/1640 294/297/298
f 294/297/298 298/301/302 1544/1558/1642
f 1545/1559/1643 1544/1558/1642 298/301/302
f 298/301/302 300/303/304 1545/1559/1643
f 1546/1560/1644 1545/1559/1643 300/303/304
f 300/303/304 302/305/306 1546/1560/1644
f 1543/1557/1641 1547/1561/1645 304/307/308
f 304/307/308 295/298/299 1543/1557/1641
f 1547/1561/1645 1548/1562/1646 361/364/365
f 361/364/365 304/307/308 1547/1561/1645
f 1548/1562/1646 1549/1563/1647 366/369/370
f 366/369/370 361/364/365 1548/1562/1646
f 1550/1564/1648 1546/1560/1644 302/305/306
f 302/305/306 373/376/377 1550/1564/1648
f 1549/1563/1647 1551/1565/1649 386/389/392
f 386/389/392 366/369/370 1549/1563/1647
f 1409/1412/1422 1552/1566/1650 1112/1115/1120
f 1112/1115/1120 1110/1113/1118 1409/1412/1422
f 1553/1567/1651 1410/1413/1423 1116/1119/1124
f 1116/1119/1124 1115/1118/1123 1553/1567/1651
f 1554/1568/1652 1502/1505/1653 1405/1408/1417
f 1405/1408/1417 1403/1406/1415 1554/1568/1652
f 1555/1569/1654 1554/1568/1652 1403/1406/1415
f 1403/1406/1415 1400/1403/1412 1555/1569/1654
f 1556/1570/1655 1555/1569/1654 1400/1403/1412
f 1400/1403/1412 1399/1402/1411 1556/1570/1655
f 1557/1571/1656 1556/1570/1655 1399/1402/1411
f 1399/1402/1411 1407/1410/1419 1557/1571/1656
f 1558/1572/1657 1464/1467/1658 1397/1400/1409
f 1397/1400/1409 1395/1398/1407 1558/1572/1657
f 1559/1573/1659 1558/1572/1657 1395/1398/1407
f 1395/1398/1407 1393/1396/1405 1559/1573/1659
f 1560/1574/1660 1559/1573/1659 1393/1396/1405
f 1393/1396/1405 1391/1394/1403 1560/1574/1660
f 1561/1575/1661 1560/1574/1660 1391/1394/1403
f 1391/1394/1403 1389/1392/1401 1561/1575/1661
f 1562/1576/1662 1561/1575/1661 1389/1392/1401
f 1389/1392/1401 1387/1390/1399 1562/1576/1662
f 1563/1577/1663 1562/1576/1662 1387/1390/1399
f 1387/1390/1399 1384/1387/1396 1563/1577/1663
f 1564/1578/1664 1563/1577/1663 1384/1387/1396
f 1384/1387/1396 1383/1386/1395 1564/1578/1664
f 1411/1414/1424 1565/1579/1665 1248/1251/1260
f 1248/1251/1260 1247/1250/1259 1411/1414/1424
f 1551/1565/1649 1566/1580/1666 1415/1418/1428
f 1415/1418/1428 386/389/392 1551/1565/1649
f 1566/1580/1666 1567/1581/1667 1430/1433/1443
f 1430/1433/1443 1415/1418/1428 1566/1580/1666
f 238/241/240 267/270/270 265/268/268
f 265/268/268 222/225/222 238/241/240
f 268/271/271 1550/1564/1648 373/376/377
f 373/376/377 266/269/269 268/271/271
f 1412/1415/1425 344/347/348 343/346/347
f 343/346/347 359/362/363 1412/1415/1425
f 1568/1582/1668 1201/1204/1669 1200/1203/1478
f 1200/1203/1478 1458/1461/1477 1568/1582/1668
f 1569/1583/1670 1235/1238/1671 1234/1237/1555
f 1234/1237/1555 1493/1496/1554 1569/1583/1670
f 1199/1202/1208 1191/1194/1199 1198/1201/1207
f 1198/1201/1207 1466/1469/1672 1199/1202/1208
f 895/898/901 899/902/905 1503/1506/1577
f 1503/1506/1577 1504/1507/1580 895/898/901
f 899/902/905 882/885/888 885/888/891
f 885/888/891 1503/1506/1577 899/902/905
f 891/894/897 893/896/899 1507/1510/1588
f 1507/1510/1588 1506/1509/1586 891/894/897
f 896/899/902 895/898/901 1504/1507/1580
f 1504/1507/1580 1509/1512/1592 896/899/902
f 886/889/892 888/891/894 1505/1508/1584
f 1505/1508/1584 887/890/893 886/889/892
f 888/891/894 891/894/897 1506/1509/1586
f 1506/1509/1586 1505/1508/1584 888/891/894
f 1570/1584/1673 1571/1585/1674 1572/1586/1675
f 1572/1586/1675 1573/1587/1676 1570/1584/1673
f 1574/1588/1677 1575/1589/1678 1572/1586/1675
f 1572/1586/1675 1571/1585/1674 1574/1588/1677
f 1576/1590/1679 1577/1591/1680 1578/1592/1681
f 1578/1592/1681 1579/1593/1682 1576/1590/1679
f 1580/1594/1683 1581/1595/1684 1582/1596/1685
f 1582/1596/1685 1583/1597/1686 1580/1594/1683
f 1570/1584/1673 1584/1598/1687 1585/1599/1688
f 2309/1535/1617 2895/1530/1611 2894/1549/1633
f 1585/1599/1688 161/161/158 1570/1584/1673
f 1572/1586/1675 1586/1600/1689 1587/1601/1690
f 1587/1601/1690 1573/1587/1676 1572/1586/1675
f 1573/1587/1676 1588/1602/1691 1589/1603/1692
f 1589/1603/1692 1570/1584/1673 1573/1587/1676
f 1575/1589/1678 1590/1604/1693 1591/1605/1694
f 1591/1605/1694 1572/1586/1675 1575/1589/1678
f 1574/1588/1677 1592/1606/1695 1593/1607/1696
f 1593/1607/1696 1575/1589/1678 1574/1588/1677
f 1594/1608/1697 1595/1609/1698 1596/1610/1699
f 1596/1610/1699 1597/1611/1700 1594/1608/1697
f 1598/1612/1701 1599/1613/1702 1600/1614/1703
f 1600/1614/1703 1601/1615/1704 1598/1612/1701
f 1602/1616/1705 1603/1617/1706 1604/1618/1707
f 1604/1618/1707 1605/1619/1708 1602/1616/1705
f 1606/1620/1709 1607/1621/1710 1608/1622/1711
f 1608/1622/1711 1609/1623/1712 1606/1620/1709
f 1610/1624/1713 1611/1625/1714 1612/1626/1715
f 1612/1626/1715 1613/1627/1716 1610/1624/1713
f 1611/1625/1714 1610/1624/1713 1614/1628/1717
f 1614/1628/1717 1615/1629/1718 1611/1625/1714
f 1616/1630/1719 1617/1631/1720 1618/1632/1721
f 1618/1632/1721 1619/1633/1722 1616/1630/1719
f 1620/1634/1723 1621/1635/1724 1622/1636/1725
f 1622/1636/1725 1623/1637/1726 1620/1634/1723
f 1624/1638/1727 1625/1639/1728 1605/1619/1708
f 1605/1619/1708 1604/1618/1707 1624/1638/1727
f 1626/1640/1729 1627/1641/1730 1628/1642/1731
f 1607/1621/1710 1606/1620/1709 1613/1627/1716
f 1613/1627/1716 1612/1626/1715 1607/1621/1710
f 1603/1617/1706 1602/1616/1705 1615/1629/1718
f 1615/1629/1718 1614/1628/1717 1603/1617/1706
f 1600/1614/1703 1629/1643/1732 1630/1644/1733
f 1630/1644/1733 1601/1615/1704 1600/1614/1703
f 1628/1642/1731 1627/1641/1730 1631/1645/1734
f 1625/1639/1728 1624/1638/1727 1609/1623/1712
f 1609/1623/1712 1608/1622/1711 1625/1639/1728
f 1603/1617/1706 1632/1646/1735 1633/1647/1736
f 1633/1647/1736 1604/1618/1707 1603/1617/1706
f 1634/1648/1737 1624/1638/1727 1604/1618/1707
f 1604/1618/1707 1633/1647/1736 1634/1648/1737
f 1624/1638/1727 1634/1648/1737 1635/1649/1738
f 1635/1649/1738 1609/1623/1712 1624/1638/1727
f 1636/1650/1739 1606/1620/1709 1609/1623/1712
f 1609/1623/1712 1635/1649/1738 1636/1650/1739
f 1606/1620/1709 1636/1650/1739 1637/1651/1740
f 1637/1651/1740 1613/1627/1716 1606/1620/1709
f 1638/1652/1741 1610/1624/1713 1613/1627/1716
f 1613/1627/1716 1637/1651/1740 1638/1652/1741
f 1610/1624/1713 1638/1652/1741 1639/1653/1742
f 1639/1653/1742 1614/1628/1717 1610/1624/1713
f 1632/1646/1735 1603/1617/1706 1614/1628/1717
f 1614/1628/1717 1639/1653/1742 1632/1646/1735
f 1633/1647/1736 1632/1646/1735 1640/1654/1743
f 1640/1654/1743 1641/1655/1744 1633/1647/1736
f 1621/1635/1724 1634/1648/1737 1633/1647/1736
f 1633/1647/1736 1641/1655/1744 1621/1635/1724
f 1634/1648/1737 1621/1635/1724 1642/1656/1745
f 1642/1656/1745 1635/1649/1738 1634/1648/1737
f 1643/1657/1746 1636/1650/1739 1635/1649/1738
f 1635/1649/1738 1642/1656/1745 1643/1657/1746
f 1636/1650/1739 1643/1657/1746 1644/1658/1747
f 1644/1658/1747 1637/1651/1740 1636/1650/1739
f 1645/1659/1748 1646/1660/1749 1647/1661/1750
f 1647/1661/1750 1648/1662/1751 1645/1659/1748
f 1649/1663/1752 1650/1664/1753 1645/1659/1748
f 1645/1659/1748 1648/1662/1751 1649/1663/1752
f 1626/1640/1729 1598/1612/1701 1601/1615/1704
f 1601/1615/1704 1627/1641/1730 1626/1640/1729
f 1630/1644/1733 1631/1645/1734 1627/1641/1730
f 1627/1641/1730 1601/1615/1704 1630/1644/1733
f 1651/1665/1754 1600/1614/1703 1599/1613/1702
f 1629/1643/1732 1600/1614/1703 1651/1665/1754
f 1640/1654/1743 1652/1666/1755 1653/1667/1756
f 1653/1667/1756 1641/1655/1744 1640/1654/1743
f 1594/1608/1757 1597/1611/1758 1654/1668/1759
f 1654/1668/1760 1655/1669/1761 1594/1608/1762
f 1656/1670/1763 1657/1671/1764 1658/1672/1765
f 1658/1672/1765 1659/1673/1766 1656/1670/1763
f 1658/1672/1765 1657/1671/1764 1650/1664/1753
f 1650/1664/1753 1649/1663/1752 1658/1672/1765
f 237/240/239 1648/1662/1751 1647/1661/1750
f 1647/1661/1750 238/241/240 237/240/239
f 239/242/241 1649/1663/1752 1648/1662/1751
f 1648/1662/1751 237/240/239 239/242/241
f 240/243/242 1658/1672/1765 1649/1663/1752
f 1649/1663/1752 239/242/241 240/243/242
f 1660/1674/1767 1661/1675/1768 1662/1676/1769
f 1662/1676/1769 1663/1677/1770 1660/1674/1767
f 1664/1678/1771 1665/1679/1772 1666/1680/1773
f 1666/1680/1773 1667/1681/1774 1664/1678/1771
f 1597/1611/1775 1668/1682/1776 1669/1683/1777
f 1669/1683/1778 1670/1684/1779 1597/1611/1780
f 1645/1659/1748 1671/1685/1781 1672/1686/1782
f 1672/1686/1782 1646/1660/1749 1645/1659/1748
f 1650/1664/1753 1673/1687/1783 1671/1685/1781
f 1671/1685/1781 1645/1659/1748 1650/1664/1753
f 1674/1688/1784 1675/1689/1785 1676/1690/1786
f 1676/1690/1786 1677/1691/1787 1674/1688/1784
f 1657/1671/1764 1656/1670/1763 1678/1692/1788
f 1678/1692/1788 1679/1693/1789 1657/1671/1764
f 1657/1671/1764 1679/1693/1789 1673/1687/1783
f 1673/1687/1783 1650/1664/1753 1657/1671/1764
f 1680/1694/1790 1681/1695/1791 1682/1696/1792
f 1682/1696/1792 1683/1697/1793 1680/1694/1790
f 1684/1698/1794 1683/1697/1793 1682/1696/1792
f 1682/1696/1792 1685/1699/1795 1684/1698/1794
f 267/270/270 1684/1698/1794 1685/1699/1795
f 1685/1699/1795 268/271/271 267/270/270
f 269/272/272 1674/1688/1784 1659/1673/1766
f 1659/1673/1766 270/273/273 269/272/272
f 1677/1691/1787 1656/1670/1763 1659/1673/1766
f 1659/1673/1766 1674/1688/1784 1677/1691/1787
f 1677/1691/1787 1676/1690/1786 1678/1692/1788
f 1678/1692/1788 1656/1670/1763 1677/1691/1787
f 1652/1666/1755 1686/1700/1796 1687/1701/1797
f 1687/1701/1797 1653/1667/1756 1652/1666/1755
f 1668/1682/1776 1617/1631/1720 1653/1667/1756
f 1653/1667/1756 1688/1702/1798 1668/1682/1776
f 1617/1631/1720 1668/1682/1776 1689/1703/1799
f 1689/1703/1799 1618/1632/1721 1617/1631/1720
f 1665/1679/1772 1661/1675/1768 1660/1674/1767
f 1660/1674/1767 1666/1680/1773 1665/1679/1772
f 1690/1704/1800 1691/1705/1801 1692/1706/1802
f 1692/1706/1802 1693/1707/1803 1690/1704/1800
f 1694/1708/1804 1695/1709/1805 1696/1710/1806
f 1696/1710/1806 1697/1711/1807 1694/1708/1804
f 1689/1703/1799 1668/1682/1776 1597/1611/1775
f 1597/1611/1775 1596/1610/1808 1689/1703/1799
f 1675/1689/1785 1698/1712/1809 1699/1713/1810
f 1699/1713/1810 1676/1690/1786 1675/1689/1785
f 1676/1690/1786 1700/1714/1811 1652/1666/1755
f 1652/1666/1755 1678/1692/1788 1676/1690/1786
f 1640/1654/1743 1679/1693/1789 1678/1692/1788
f 1678/1692/1788 1652/1666/1755 1640/1654/1743
f 1679/1693/1789 1640/1654/1743 1632/1646/1735
f 1632/1646/1735 1673/1687/1783 1679/1693/1789
f 1673/1687/1783 1632/1646/1735 1639/1653/1742
f 1639/1653/1742 1671/1685/1781 1673/1687/1783
f 1671/1685/1781 1639/1653/1742 1638/1652/1741
f 1638/1652/1741 1672/1686/1782 1671/1685/1781
f 1701/1715/1812 1607/1621/1710 1612/1626/1715
f 1612/1626/1715 1702/1716/1813 1701/1715/1812
f 1701/1715/1812 1703/1717/1814 1608/1622/1711
f 1608/1622/1711 1607/1621/1710 1701/1715/1812
f 1704/1718/1815 1625/1639/1728 1608/1622/1711
f 1608/1622/1711 1703/1717/1814 1704/1718/1815
f 1704/1718/1815 1705/1719/1816 1605/1619/1708
f 1605/1619/1708 1625/1639/1728 1704/1718/1815
f 1706/1720/1817 1602/1616/1705 1605/1619/1708
f 1605/1619/1708 1705/1719/1816 1706/1720/1817
f 1706/1720/1817 1707/1721/1818 1615/1629/1718
f 1615/1629/1718 1602/1616/1705 1706/1720/1817
f 1708/1722/1819 1611/1625/1714 1615/1629/1718
f 1615/1629/1718 1707/1721/1818 1708/1722/1819
f 1708/1722/1819 1702/1716/1813 1612/1626/1715
f 1612/1626/1715 1611/1625/1714 1708/1722/1819
f 1709/1723/1820 1710/1724/1821 1711/1725/1822
f 1711/1725/1822 1712/1726/1823 1709/1723/1820
f 1712/1726/1823 1711/1725/1822 1713/1727/1824
f 1713/1727/1824 1714/1728/1825 1712/1726/1823
f 1714/1728/1825 1713/1727/1824 1715/1729/1826
f 1715/1729/1826 1716/1730/1827 1714/1728/1825
f 1716/1730/1827 1715/1729/1826 1717/1731/1828
f 1717/1731/1828 1718/1732/1829 1716/1730/1827
f 1719/1733/1830 1720/1734/1831 1710/1724/1821
f 1710/1724/1821 1709/1723/1820 1719/1733/1830
f 1721/1735/1832 1709/1723/1820 1712/1726/1823
f 1712/1726/1823 1722/1736/1833 1721/1735/1832
f 1722/1736/1833 1712/1726/1823 1714/1728/1825
f 1714/1728/1825 1723/1737/1834 1722/1736/1833
f 1723/1737/1834 1714/1728/1825 1716/1730/1827
f 1716/1730/1827 1724/1738/1835 1723/1737/1834
f 1724/1738/1835 1716/1730/1827 1718/1732/1829
f 1718/1732/1829 1725/1739/1836 1724/1738/1835
f 1726/1740/1837 1719/1733/1830 1709/1723/1820
f 1709/1723/1820 1721/1735/1832 1726/1740/1837
f 1727/1741/1838 1721/1735/1832 1722/1736/1833
f 1722/1736/1833 1728/1742/1839 1727/1741/1838
f 1728/1742/1839 1722/1736/1833 1723/1737/1834
f 1723/1737/1834 1729/1743/1840 1728/1742/1839
f 1729/1743/1840 1723/1737/1834 1724/1738/1835
f 1724/1738/1835 1730/1744/1841 1729/1743/1840
f 1730/1744/1841 1724/1738/1835 1725/1739/1836
f 1725/1739/1836 1731/1745/1842 1730/1744/1841
f 1732/1746/1843 1726/1740/1837 1721/1735/1832
f 1721/1735/1832 1727/1741/1838 1732/1746/1843
f 1733/1747/1844 1727/1741/1838 1728/1742/1839
f 1728/1742/1839 1734/1748/1845 1733/1747/1844
f 1734/1748/1845 1728/1742/1839 1729/1743/1840
f 1729/1743/1840 1735/1749/1846 1734/1748/1845
f 1735/1749/1846 1729/1743/1840 1730/1744/1841
f 1730/1744/1841 1736/1750/1847 1735/1749/1846
f 1736/1750/1847 1730/1744/1841 1731/1745/1842
f 1731/1745/1842 1737/1751/1848 1736/1750/1847
f 1643/1657/1746 1738/1752/1849 1737/1751/1848
f 1737/1751/1848 1731/1745/1842 1643/1657/1746
f 1739/1753/1850 1732/1746/1843 1727/1741/1838
f 1727/1741/1838 1733/1747/1844 1739/1753/1850
f 1740/1754/1851 1741/1755/1852 1742/1756/1853
f 1742/1756/1853 1743/1757/1854 1740/1754/1851
f 1743/1757/1854 1742/1756/1853 1744/1758/1855
f 1744/1758/1855 1745/1759/1856 1743/1757/1854
f 1746/1760/1857 1747/1761/1858 1742/1756/1853
f 1742/1756/1853 1741/1755/1852 1746/1760/1857
f 1742/1756/1853 1747/1761/1858 1748/1762/1859
f 1748/1762/1859 1744/1758/1855 1742/1756/1853
f 1749/1763/1860 1750/1764/1861 334/337/338
f 334/337/338 337/340/341 1749/1763/1860
f 1622/1636/1725 1751/1765/1862 1752/1766/1863
f 1752/1766/1863 1623/1637/1726 1622/1636/1725
f 1753/1767/1864 1642/1656/1745 1621/1635/1724
f 1621/1635/1724 1620/1634/1723 1753/1767/1864
f 1738/1752/1849 1643/1657/1746 1642/1656/1745
f 1642/1656/1745 1753/1767/1864 1738/1752/1849
f 1754/1768/1865 1755/1769/1866 1750/1764/1861
f 1750/1764/1861 1749/1763/1860 1754/1768/1865
f 1756/1770/1867 1749/1763/1860 337/340/341
f 337/340/341 344/347/348 1756/1770/1867
f 1757/1771/1868 1758/1772/1869 1623/1637/1726
f 1623/1637/1726 1752/1766/1863 1757/1771/1868
f 1759/1773/1870 1760/1774/1871 1761/1775/1872
f 1761/1775/1872 1762/1776/1873 1759/1773/1870
f 1747/1761/1858 1746/1760/1857 1760/1774/1871
f 1760/1774/1871 1759/1773/1870 1747/1761/1858
f 1763/1777/1874 1754/1768/1865 1749/1763/1860
f 1749/1763/1860 1756/1770/1867 1763/1777/1874
f 1764/1778/1875 1620/1634/1723 1623/1637/1726
f 1623/1637/1726 1758/1772/1869 1764/1778/1875
f 1644/1658/1747 1643/1657/1746 1731/1745/1842
f 1731/1745/1842 1725/1739/1836 1644/1658/1747
f 1765/1779/1876 1644/1658/1747 1725/1739/1836
f 1725/1739/1836 1718/1732/1829 1765/1779/1876
f 1758/1772/1869 1757/1771/1868 1766/1780/1877
f 1766/1780/1877 1767/1781/1878 1758/1772/1869
f 1768/1782/1879 1759/1773/1870 1762/1776/1873
f 1762/1776/1873 1769/1783/1880 1768/1782/1879
f 1748/1762/1859 1747/1761/1858 1759/1773/1870
f 1759/1773/1870 1768/1782/1879 1748/1762/1859
f 1770/1784/1881 1763/1777/1874 1756/1770/1867
f 1756/1770/1867 1771/1785/1882 1770/1784/1881
f 1772/1786/1883 1764/1778/1875 1758/1772/1869
f 1758/1772/1869 1767/1781/1878 1772/1786/1883
f 1773/1787/1884 1720/1734/1831 1719/1733/1830
f 1719/1733/1830 1774/1788/1885 1773/1787/1884
f 1774/1788/1885 1719/1733/1830 1726/1740/1837
f 1726/1740/1837 1775/1789/1886 1774/1788/1885
f 1775/1789/1886 1726/1740/1837 1732/1746/1843
f 1732/1746/1843 1776/1790/1887 1775/1789/1886
f 1776/1790/1887 1732/1746/1843 1739/1753/1850
f 1739/1753/1850 1777/1791/1888 1776/1790/1887
f 1778/1792/1889 1773/1787/1884 1774/1788/1885
f 1774/1788/1885 1779/1793/1890 1778/1792/1889
f 1779/1793/1890 1774/1788/1885 1775/1789/1886
f 1775/1789/1886 1780/1794/1891 1779/1793/1890
f 1780/1794/1891 1775/1789/1886 1776/1790/1887
f 1776/1790/1887 1781/1795/1892 1780/1794/1891
f 1781/1795/1892 1776/1790/1887 1777/1791/1888
f 1777/1791/1888 1772/1786/1883 1781/1795/1892
f 1782/1796/1893 1779/1793/1890 1780/1794/1891
f 1780/1794/1891 1783/1797/1894 1782/1796/1893
f 1783/1797/1894 1780/1794/1891 1781/1795/1892
f 1781/1795/1892 1784/1798/1895 1783/1797/1894
f 1784/1798/1895 1781/1795/1892 1772/1786/1883
f 1772/1786/1883 1767/1781/1878 1784/1798/1895
f 1785/1799/1896 1765/1779/1876 1718/1732/1829
f 1718/1732/1829 1717/1731/1828 1785/1799/1896
f 1786/1800/1897 1735/1749/1846 1736/1750/1847
f 1736/1750/1847 1787/1801/1898 1786/1800/1897
f 1787/1801/1898 1736/1750/1847 1737/1751/1848
f 1737/1751/1848 1788/1802/1899 1787/1801/1898
f 1789/1803/1900 1733/1747/1844 1734/1748/1845
f 1734/1748/1845 1790/1804/1901 1789/1803/1900
f 1790/1804/1901 1734/1748/1845 1735/1749/1846
f 1735/1749/1846 1786/1800/1897 1790/1804/1901
f 1788/1802/1899 1737/1751/1848 1738/1752/1849
f 1738/1752/1849 1791/1805/1902 1788/1802/1899
f 1792/1806/1903 1739/1753/1850 1733/1747/1844
f 1733/1747/1844 1789/1803/1900 1792/1806/1903
f 1753/1767/1864 1620/1634/1723 1793/1807/1904
f 1620/1634/1723 1764/1778/1875 1794/1808/1905
f 1791/1805/1902 1738/1752/1849 1753/1767/1864
f 1753/1767/1864 1793/1807/1904 1791/1805/1902
f 1794/1808/1905 1764/1778/1875 1772/1786/1883
f 1772/1786/1883 1795/1809/1906 1794/1808/1905
f 1795/1809/1906 1772/1786/1883 1777/1791/1888
f 1777/1791/1888 1796/1810/1907 1795/1809/1906
f 1796/1810/1907 1777/1791/1888 1739/1753/1850
f 1739/1753/1850 1792/1806/1903 1796/1810/1907
f 1743/1757/1854 1786/1800/1897 1787/1801/1898
f 1787/1801/1898 1740/1754/1851 1743/1757/1854
f 1740/1754/1851 1787/1801/1898 1788/1802/1899
f 1788/1802/1899 1741/1755/1852 1740/1754/1851
f 1744/1758/1855 1789/1803/1900 1790/1804/1901
f 1790/1804/1901 1745/1759/1856 1744/1758/1855
f 1745/1759/1856 1790/1804/1901 1786/1800/1897
f 1786/1800/1897 1743/1757/1854 1745/1759/1856
f 1741/1755/1852 1788/1802/1899 1791/1805/1902
f 1791/1805/1902 1746/1760/1857 1741/1755/1852
f 1748/1762/1859 1792/1806/1903 1789/1803/1900
f 1789/1803/1900 1744/1758/1855 1748/1762/1859
f 1760/1774/1871 1793/1807/1904 1620/1634/1723
f 1620/1634/1723 1761/1775/1872 1760/1774/1871
f 1761/1775/1872 1620/1634/1723 1794/1808/1905
f 1794/1808/1905 1762/1776/1873 1761/1775/1872
f 1746/1760/1857 1791/1805/1902 1793/1807/1904
f 1793/1807/1904 1760/1774/1871 1746/1760/1857
f 1762/1776/1873 1794/1808/1905 1795/1809/1906
f 1795/1809/1906 1769/1783/1880 1762/1776/1873
f 1769/1783/1880 1795/1809/1906 1796/1810/1907
f 1796/1810/1907 1768/1782/1879 1769/1783/1880
f 1768/1782/1879 1796/1810/1907 1792/1806/1903
f 1792/1806/1903 1748/1762/1859 1768/1782/1879
f 1622/1636/1725 1621/1635/1724 1641/1655/1744
f 1641/1655/1744 1616/1630/1719 1622/1636/1725
f 1751/1765/1862 1622/1636/1725 1616/1630/1719
f 1616/1630/1719 1619/1633/1722 1751/1765/1862
f 1755/1769/1866 1664/1678/1771 1667/1681/1774
f 1667/1681/1774 1750/1764/1861 1755/1769/1866
f 1750/1764/1861 1667/1681/1774 385/388/389
f 385/388/389 334/337/338 1750/1764/1861
f 1617/1631/1720 1616/1630/1719 1641/1655/1744
f 1641/1655/1744 1653/1667/1756 1617/1631/1720
f 1595/1609/1698 1663/1677/1908 1662/1676/1909
f 1662/1676/1909 1596/1610/1699 1595/1609/1698
f 1661/1675/1768 1689/1703/1799 1596/1610/1808
f 1596/1610/1808 1662/1676/1769 1661/1675/1768
f 1665/1679/1772 1618/1632/1721 1689/1703/1799
f 1689/1703/1799 1661/1675/1768 1665/1679/1772
f 1664/1678/1771 1619/1633/1722 1618/1632/1721
f 1618/1632/1721 1665/1679/1772 1664/1678/1771
f 1755/1769/1866 1751/1765/1862 1619/1633/1722
f 1619/1633/1722 1664/1678/1771 1755/1769/1866
f 1755/1769/1866 1754/1768/1865 1752/1766/1863
f 1752/1766/1863 1751/1765/1862 1755/1769/1866
f 1763/1777/1874 1757/1771/1868 1752/1766/1863
f 1752/1766/1863 1754/1768/1865 1763/1777/1874
f 1763/1777/1874 1770/1784/1881 1766/1780/1877
f 1766/1780/1877 1757/1771/1868 1763/1777/1874
f 1782/1796/1893 1797/1811/1910 1778/1792/1889
f 1778/1792/1889 1779/1793/1890 1782/1796/1893
f 1798/1812/1911 1799/1813/1912 1800/1814/1913
f 1800/1814/1913 1801/1815/1914 1798/1812/1911
f 1802/1816/1915 1803/1817/1916 1804/1818/1917
f 1804/1818/1917 1805/1819/1918 1802/1816/1915
f 1806/1820/1919 1807/1821/1920 1808/1822/1921
f 1808/1822/1921 1809/1823/1922 1806/1820/1919
f 1810/1824/1923 1798/1812/1911 1801/1815/1914
f 1801/1815/1914 1811/1825/1924 1810/1824/1923
f 1812/1826/1925 1813/1827/1926 1814/1828/1927
f 1814/1828/1927 1815/1829/1928 1812/1826/1925
f 1816/1830/1929 1817/1831/1930 1818/1832/1931
f 1818/1832/1931 1819/1833/1932 1816/1830/1929
f 1820/1834/1933 1812/1826/1925 1815/1829/1928
f 1815/1829/1928 1821/1835/1934 1820/1834/1933
f 1819/1833/1932 1818/1832/1931 1822/1836/1935
f 1822/1836/1935 1823/1837/1936 1819/1833/1932
f 1824/1838/1937 1825/1839/1938 1826/1840/1939
f 1826/1840/1939 1827/1841/1940 1824/1838/1937
f 1828/1842/1941 1829/1843/1942 1830/1844/1943
f 1830/1844/1943 1831/1845/1944 1828/1842/1941
f 1832/1846/1945 1810/1824/1923 1811/1825/1924
f 1811/1825/1924 1833/1847/1946 1832/1846/1945
f 1834/1848/1947 1806/1820/1919 1809/1823/1922
f 1809/1823/1922 1835/1849/1948 1834/1848/1947
f 1836/1850/1949 1835/1849/1948 1809/1823/1922
f 1809/1823/1922 1837/1851/1950 1836/1850/1949
f 1838/1852/1951 1836/1850/1949 1837/1851/1950
f 1837/1851/1950 1828/1842/1941 1838/1852/1951
f 1838/1852/1951 1828/1842/1941 1831/1845/1944
f 1835/1849/1948 1839/1853/1952 1834/1848/1947
f 1835/1849/1948 1836/1850/1949 1840/1854/1953
f 1840/1854/1953 1839/1853/1952 1835/1849/1948
f 1836/1850/1949 1838/1852/1951 1841/1855/1954
f 1841/1855/1954 1840/1854/1953 1836/1850/1949
f 1842/1856/1955 1838/1852/1951 1843/1857/1956
f 1840/1854/1953 1844/1858/1957 1839/1853/1952
f 1840/1854/1953 1841/1855/1954 1845/1859/1958
f 1845/1859/1958 1844/1858/1957 1840/1854/1953
f 1846/1860/1959 1841/1855/1954 1847/1861/1960
f 1839/1853/1952 1848/1862/1961 1834/1848/1947
f 1849/1863/1962 1834/1848/1947 1848/1862/1961
f 1848/1862/1961 1850/1864/1963 1849/1863/1962
f 1851/1865/1964 1832/1846/1945 1833/1847/1946
f 1833/1847/1946 1852/1866/1965 1851/1865/1964
f 1839/1853/1952 1844/1858/1957 1853/1867/1966
f 1853/1867/1966 1848/1862/1961 1839/1853/1952
f 1850/1864/1963 1848/1862/1961 1853/1867/1966
f 1853/1867/1966 1854/1868/1967 1850/1864/1963
f 1844/1858/1957 1845/1859/1958 1855/1869/1968
f 1855/1869/1968 1853/1867/1966 1844/1858/1957
f 1854/1868/1967 1853/1867/1966 1855/1869/1968
f 1855/1869/1968 1856/1870/1969 1854/1868/1967
f 1857/1871/1970 1845/1859/1958 1858/1872/1971
f 1855/1869/1968 1859/1873/1972 1860/1874/1973
f 1861/1875/1974 1851/1865/1964 1852/1866/1965
f 1852/1866/1965 1862/1876/1975 1861/1875/1974
f 1863/1877/1976 1849/1863/1962 1850/1864/1963
f 1850/1864/1963 1864/1878/1977 1863/1877/1976
f 1865/1879/1978 1866/1880/1979 1867/1881/1980
f 1867/1881/1980 1868/1882/1981 1865/1879/1978
f 1869/1883/1982 1861/1875/1974 1862/1876/1975
f 1862/1876/1975 1870/1884/1983 1869/1883/1982
f 1871/1885/1984 1864/1878/1977 1850/1864/1963
f 1850/1864/1963 1854/1868/1967 1871/1885/1984
f 1868/1882/1981 1867/1881/1980 1872/1886/1985
f 1872/1886/1985 1873/1887/1986 1868/1882/1981
f 1874/1888/1987 1871/1885/1984 1854/1868/1967
f 1854/1868/1967 1856/1870/1969 1874/1888/1987
f 1873/1887/1986 1872/1886/1985 1875/1889/1988
f 1875/1889/1988 1876/1890/1989 1873/1887/1986
f 1877/1891/1990 1874/1888/1987 1856/1870/1969
f 1856/1870/1969 1860/1874/1973 1877/1891/1990
f 1876/1890/1989 1875/1889/1988 1878/1892/1991
f 1878/1892/1991 1879/1893/1992 1876/1890/1989
f 1880/1894/1993 1869/1883/1982 1870/1884/1983
f 1870/1884/1994 1881/1895/1995 1880/1894/1996
f 1882/1896/1997 1865/1879/1978 1868/1882/1981
f 1868/1882/1981 1883/1897/1998 1882/1896/1997
f 1884/1898/1999 1883/1897/1998 1868/1882/1981
f 1868/1882/1981 1873/1887/1986 1884/1898/1999
f 1885/1899/2000 1884/1898/1999 1873/1887/1986
f 1873/1887/1986 1876/1890/1989 1885/1899/2000
f 1885/1899/2000 1876/1890/1989 1879/1893/1992
f 1884/1898/1999 1886/1900/2001 1883/1897/1998
f 1884/1898/1999 1885/1899/2000 1887/1901/2002
f 1887/1901/2002 1886/1900/2001 1884/1898/1999
f 1888/1902/2003 1885/1899/2000 1889/1903/2004
f 1883/1897/1998 1890/1904/2005 1882/1896/1997
f 1883/1897/1998 1886/1900/2001 1891/1905/2006
f 1891/1905/2006 1890/1904/2005 1883/1897/1998
f 1886/1900/2001 1887/1901/2002 1892/1906/2007
f 1892/1906/2007 1891/1905/2006 1886/1900/2001
f 1893/1907/2008 1887/1901/2002 1894/1908/2009
f 1803/1817/1916 1882/1896/1997 1890/1904/2005
f 1890/1904/2005 1804/1818/1917 1803/1817/1916
f 1799/1813/2010 1895/1909/2011 1896/1910/2012
f 1896/1910/2013 1800/1814/1913 1799/1813/1912
f 1891/1905/2006 1897/1911/2014 1890/1904/2005
f 1804/1818/1917 1890/1904/2005 1897/1911/2014
f 1897/1911/2014 1898/1912/2015 1804/1818/1917
f 1891/1905/2006 1892/1906/2007 1899/1913/2016
f 1899/1913/2016 1897/1911/2014 1891/1905/2006
f 1898/1912/2015 1897/1911/2014 1899/1913/2016
f 1899/1913/2016 1826/1840/1939 1898/1912/2015
f 1900/1914/2017 1892/1906/2007 1901/1915/2018
f 1899/1913/2016 1902/1916/2019 1827/1841/1940
f 1903/1917/2020 1904/1918/2021 1905/1919/2022
f 1905/1919/2022 1906/1920/2023 1903/1917/2020
f 1906/1920/2023 1905/1919/2022 1907/1921/2024
f 1907/1921/2024 1908/1922/2025 1906/1920/2023
f 1909/1923/2026 1910/1924/2027 1911/1925/2028
f 1911/1925/2028 1912/1926/2029 1909/1923/2026
f 1913/1927/2030 1914/1928/2031 1910/1924/2027
f 1910/1924/2027 1909/1923/2026 1913/1927/2030
f 1915/1929/2032 1916/1930/2033 1917/1931/2034
f 1917/1931/2034 1918/1932/2035 1915/1929/2032
f 1918/1932/2035 1917/1931/2034 1919/1933/2036
f 1919/1933/2036 1920/1934/2037 1918/1932/2035
f 1921/1935/2038 1922/1936/2039 1923/1937/2040
f 1923/1937/2040 1924/1938/2041 1921/1935/2038
f 1925/1939/2042 1926/1940/2043 1922/1936/2039
f 1922/1936/2039 1921/1935/2038 1925/1939/2042
f 1927/1941/2044 1928/1942/2045 1929/1943/2046
f 1929/1943/2046 1930/1944/2047 1927/1941/2044
f 1930/1944/2047 1929/1943/2046 1931/1945/2048
f 1931/1945/2048 1932/1946/2049 1930/1944/2047
f 1933/1947/2050 1934/1948/2051 1935/1949/2052
f 1935/1949/2052 1936/1950/2053 1933/1947/2050
f 1937/1951/2054 1938/1952/2055 1934/1948/2051
f 1934/1948/2051 1933/1947/2050 1937/1951/2054
f 1939/1953/2056 1940/1954/2057 1941/1955/2058
f 1941/1955/2058 1942/1956/2059 1939/1953/2056
f 1942/1956/2059 1941/1955/2058 1943/1957/2060
f 1943/1957/2060 1944/1958/2061 1942/1956/2059
f 1945/1959/2062 1946/1960/2063 1947/1961/2064
f 1947/1961/2064 1948/1962/2065 1945/1959/2062
f 1949/1963/2066 1950/1964/2067 1946/1960/2063
f 1946/1960/2063 1945/1959/2062 1949/1963/2066
f 1951/1965/2068 1888/1902/2003 1889/1903/2004
f 1889/1903/2004 1952/1966/2069 1951/1965/2068
f 1952/1966/2069 1889/1903/2004 1879/1893/1992
f 1879/1893/1992 1953/1967/2070 1952/1966/2069
f 1954/1968/2071 1955/1969/2072 1956/1970/2073
f 1956/1970/2073 1957/1971/2074 1954/1968/2071
f 1958/1972/2075 1959/1973/2076 1955/1969/2072
f 1955/1969/2072 1954/1968/2071 1958/1972/2075
f 1953/1967/2070 1879/1893/1992 1878/1892/1991
f 1878/1892/1991 1960/1974/2077 1953/1967/2070
f 1961/1975/2078 1877/1891/1990 1860/1874/1973
f 1860/1874/1973 1962/1976/2079 1961/1975/2078
f 1963/1977/2080 1964/1978/2081 1965/1979/2082
f 1965/1979/2082 1966/1980/2083 1963/1977/2080
f 1967/1981/2084 1957/1971/2074 1956/1970/2073
f 1956/1970/2073 1968/1982/2085 1967/1981/2084
f 1962/1976/2079 1860/1874/1973 1859/1873/1972
f 1859/1873/1972 1969/1983/2086 1962/1976/2079
f 1969/1983/2086 1859/1873/1972 1857/1871/1970
f 1857/1871/1970 1970/1984/2087 1969/1983/2086
f 1971/1985/2088 1972/1986/2089 1973/1987/2090
f 1973/1987/2090 1974/1988/2091 1971/1985/2088
f 1971/1985/2088 1966/1980/2083 1965/1979/2082
f 1965/1979/2082 1972/1986/2089 1971/1985/2088
f 1970/1984/2087 1857/1871/1970 1975/1989/2092
f 1975/1989/2092 1976/1990/2093 1970/1984/2087
f 1977/1991/2094 1978/1992/2095 1888/1902/2003
f 1888/1902/2003 1951/1965/2068 1977/1991/2094
f 1979/1993/2096 1980/1994/2097 1959/1973/2076
f 1959/1973/2076 1958/1972/2075 1979/1993/2096
f 1981/1995/2098 1974/1988/2091 1973/1987/2090
f 1973/1987/2090 1982/1996/2099 1981/1995/2098
f 1983/1997/2100 1893/1907/2008 1894/1908/2009
f 1894/1908/2009 1984/1998/2101 1983/1997/2100
f 1984/1998/2101 1894/1908/2009 1888/1902/2003
f 1888/1902/2003 1985/1999/2102 1984/1998/2101
f 1986/2000/2103 1987/2001/2104 1988/2002/2105
f 1988/2002/2105 1989/2003/2106 1986/2000/2103
f 1990/2004/2107 1991/2005/2108 1987/2001/2104
f 1987/2001/2104 1986/2000/2103 1990/2004/2107
f 1985/1999/2102 1888/1902/2003 1978/1992/2095
f 1978/1992/2095 1992/2006/2109 1985/1999/2102
f 1993/2007/2110 1975/1989/2092 1857/1871/1970
f 1857/1871/1970 1994/2008/2111 1993/2007/2110
f 1994/2008/2111 1857/1871/1970 1858/1872/1971
f 1858/1872/1971 1995/2009/2112 1994/2008/2111
f 1995/2009/2112 1858/1872/1971 1846/1860/1959
f 1846/1860/1959 1996/2010/2113 1995/2009/2112
f 1997/2011/2114 1998/2012/2115 1999/2013/2116
f 1999/2013/2116 2000/2014/2117 1997/2011/2114
f 1997/2011/2114 2001/2015/2118 2002/2016/2119
f 2002/2016/2119 1998/2012/2115 1997/2011/2114
f 1996/2010/2113 1846/1860/1959 2003/2017/2120
f 2003/2017/2120 2004/2018/2121 1996/2010/2113
f 2005/2019/2122 2006/2020/2123 1893/1907/2008
f 1893/1907/2008 1983/1997/2100 2005/2019/2122
f 2007/2021/2124 2008/2022/2125 1991/2005/2108
f 1991/2005/2108 1990/2004/2107 2007/2021/2124
f 2009/2023/2126 2000/2014/2117 1999/2013/2116
f 1999/2013/2116 2010/2024/2127 2009/2023/2126
f 2011/2025/2128 1900/1914/2017 1901/1915/2018
f 1901/1915/2018 2012/2026/2129 2011/2025/2128
f 2012/2026/2129 1901/1915/2018 1893/1907/2008
f 1893/1907/2008 2013/2027/2130 2012/2026/2129
f 2014/2028/2131 2015/2029/2132 2016/2030/2133
f 2016/2030/2133 2017/2031/2134 2014/2028/2131
f 2018/2032/2135 2019/2033/2136 2015/2029/2132
f 2015/2029/2132 2014/2028/2131 2018/2032/2135
f 2013/2027/2130 1893/1907/2008 2006/2020/2123
f 2006/2020/2123 2020/2034/2137 2013/2027/2130
f 2021/2035/2138 2003/2017/2120 1846/1860/1959
f 1846/1860/1959 2022/2036/2139 2021/2035/2138
f 2022/2036/2139 1846/1860/1959 1847/1861/1960
f 1847/1861/1960 2023/2037/2140 2022/2036/2139
f 2023/2037/2140 1847/1861/1960 1842/1856/1955
f 1842/1856/1955 2024/2038/2141 2023/2037/2140
f 2025/2039/2142 2026/2040/2143 2027/2041/2144
f 2027/2041/2144 2028/2042/2145 2025/2039/2142
f 2025/2039/2142 2029/2043/2146 2030/2044/2147
f 2030/2044/2147 2026/2040/2143 2025/2039/2142
f 2024/2038/2141 1842/1856/1955 2031/2045/2148
f 2031/2045/2148 2032/2046/2149 2024/2038/2141
f 2033/2047/2150 2034/2048/2151 1900/1914/2017
f 1900/1914/2017 2011/2025/2128 2033/2047/2150
f 2035/2049/2152 2036/2050/2153 2019/2033/2136
f 2019/2033/2136 2018/2032/2135 2035/2049/2152
f 2037/2051/2154 2028/2042/2145 2027/2041/2144
f 2027/2041/2144 2038/2052/2155 2037/2051/2154
f 2039/2053/2156 1827/1841/1940 1902/1916/2019
f 1902/1916/2019 2040/2054/2157 2039/2053/2156
f 2040/2054/2157 1902/1916/2019 1900/1914/2017
f 1900/1914/2017 2041/2055/2158 2040/2054/2157
f 2042/2056/2159 2043/2057/2160 2044/2058/2161
f 2044/2058/2161 2045/2059/2162 2042/2056/2159
f 2046/2060/2163 2047/2061/2164 2043/2057/2160
f 2043/2057/2160 2042/2056/2159 2046/2060/2163
f 2041/2055/2158 1900/1914/2017 2034/2048/2151
f 2034/2048/2151 2048/2062/2165 2041/2055/2158
f 2049/2063/2166 2031/2045/2148 1842/1856/1955
f 1842/1856/1955 2050/2064/2167 2049/2063/2166
f 2050/2064/2167 1842/1856/1955 1843/1857/1956
f 1843/1857/1956 2051/2065/2168 2050/2064/2167
f 2051/2065/2168 1843/1857/1956 1831/1845/1944
f 1831/1845/1944 2052/2066/2169 2051/2065/2168
f 2053/2067/2170 2054/2068/2171 2055/2069/2172
f 2055/2069/2172 2056/2070/2173 2053/2067/2170
f 2053/2067/2170 2057/2071/2174 2058/2072/2175
f 2058/2072/2175 2054/2068/2171 2053/2067/2170
f 2052/2066/2169 1831/1845/1944 1830/1844/1943
f 1830/1844/1943 2059/2073/2176 2052/2066/2169
f 2060/2074/2177 1824/1838/1937 1827/1841/1940
f 1827/1841/1940 2039/2053/2156 2060/2074/2177
f 2061/2075/2178 2062/2076/2179 2047/2061/2164
f 2047/2061/2164 2046/2060/2163 2061/2075/2178
f 2063/2077/2180 2056/2070/2173 2055/2069/2172
f 2055/2069/2172 2064/2078/2181 2063/2077/2180
f 2065/2079/2182 1989/2003/2106 1988/2002/2105
f 1988/2002/2105 2066/2080/2183 2065/2079/2182
f 2067/2081/2184 2068/2082/2185 2002/2016/2119
f 2002/2016/2119 2001/2015/2118 2067/2081/2184
f 2069/2083/2186 2017/2031/2134 2016/2030/2133
f 2016/2030/2133 2070/2084/2187 2069/2083/2186
f 2071/2085/2188 2072/2086/2189 2030/2044/2147
f 2030/2044/2147 2029/2043/2146 2071/2085/2188
f 2073/2087/2190 2045/2059/2162 2044/2058/2161
f 2044/2058/2161 2074/2088/2191 2073/2087/2190
f 2075/2089/2192 2076/2090/2193 2058/2072/2175
f 2058/2072/2175 2057/2071/2174 2075/2089/2192
f 2077/2091/2194 2078/2092/2195 2079/2093/2196
f 2079/2093/2196 2080/2094/2197 2077/2091/2194
f 2080/2094/2197 2079/2093/2196 2081/2095/2198
f 2081/2095/2198 2082/2096/2199 2080/2094/2197
f 2083/2097/2200 2084/2098/2201 2082/2096/2199
f 2082/2096/2199 2081/2095/2198 2083/2097/2200
f 2085/2099/2202 2086/2100/2203 2087/2101/2204
f 2087/2101/2204 2088/2102/2205 2085/2099/2202
f 2089/2103/2206 2090/2104/2207 2088/2102/2205
f 2088/2102/2205 2087/2101/2204 2089/2103/2206
f 2090/2104/2207 2089/2103/2206 2091/2105/2208
f 2091/2105/2208 2092/2106/2209 2090/2104/2207
f 2093/2107/2210 2094/2108/2211 2092/2106/2209
f 2092/2106/2209 2091/2105/2208 2093/2107/2210
f 2095/2109/2212 2096/2110/2213 2078/2092/2195
f 2078/2092/2195 2077/2091/2194 2095/2109/2212
f 2097/2111/2214 2098/2112/2215 2099/2113/2216
f 2099/2113/2216 2100/2114/2217 2097/2111/2214
f 2100/2114/2217 2099/2113/2216 2101/2115/2218
f 2101/2115/2218 2102/2116/2219 2100/2114/2217
f 2103/2117/2220 2104/2118/2221 2102/2116/2219
f 2102/2116/2219 2101/2115/2218 2103/2117/2220
f 2105/2119/2222 2106/2120/2223 2107/2121/2224
f 2107/2121/2224 2108/2122/2225 2105/2119/2222
f 2109/2123/2226 2110/2124/2227 2108/2122/2225
f 2108/2122/2225 2107/2121/2224 2109/2123/2226
f 2110/2124/2227 2109/2123/2226 2111/2125/2228
f 2111/2125/2228 2112/2126/2229 2110/2124/2227
f 2113/2127/2230 2114/2128/2231 2112/2126/2229
f 2112/2126/2229 2111/2125/2228 2113/2127/2230
f 2115/2129/2232 2116/2130/2233 2098/2112/2215
f 2098/2112/2215 2097/2111/2214 2115/2129/2232
f 2117/2131/2234 2118/2132/2235 2119/2133/2236
f 2119/2133/2236 2120/2134/2237 2117/2131/2234
f 2120/2134/2237 2119/2133/2236 2121/2135/2238
f 2121/2135/2238 2122/2136/2239 2120/2134/2237
f 2123/2137/2240 2124/2138/2241 2122/2136/2239
f 2122/2136/2239 2121/2135/2238 2123/2137/2240
f 2125/2139/2242 2126/2140/2243 2127/2141/2244
f 2127/2141/2244 2128/2142/2245 2125/2139/2242
f 2129/2143/2246 2130/2144/2247 2128/2142/2245
f 2128/2142/2245 2127/2141/2244 2129/2143/2246
f 2130/2144/2247 2129/2143/2246 2131/2145/2248
f 2131/2145/2248 2132/2146/2249 2130/2144/2247
f 2133/2147/2250 2134/2148/2251 2132/2146/2249
f 2132/2146/2249 2131/2145/2248 2133/2147/2250
f 2135/2149/2252 2136/2150/2253 2118/2132/2235
f 2118/2132/2235 2117/2131/2234 2135/2149/2252
f 2137/2151/2254 2138/2152/2255 2139/2153/2256
f 2139/2153/2256 2140/2154/2257 2137/2151/2254
f 2140/2154/2257 2139/2153/2256 2141/2155/2258
f 2141/2155/2258 2142/2156/2259 2140/2154/2257
f 2143/2157/2260 2144/2158/2261 2142/2156/2259
f 2142/2156/2259 2141/2155/2258 2143/2157/2260
f 2145/2159/2262 2146/2160/2263 2147/2161/2264
f 2147/2161/2264 2148/2162/2265 2145/2159/2262
f 2149/2163/2266 2150/2164/2267 2148/2162/2265
f 2148/2162/2265 2147/2161/2264 2149/2163/2266
f 2150/2164/2267 2149/2163/2266 2151/2165/2268
f 2151/2165/2268 2152/2166/2269 2150/2164/2267
f 2153/2167/2270 2154/2168/2271 2152/2166/2269
f 2152/2166/2269 2151/2165/2268 2153/2167/2270
f 2155/2169/2272 2156/2170/2273 2138/2152/2255
f 2138/2152/2255 2137/2151/2254 2155/2169/2272
f 2157/2171/2274 2158/2172/2275 2159/2173/2276
f 2159/2173/2276 2160/2174/2277 2157/2171/2274
f 2160/2174/2277 2159/2173/2276 2161/2175/2278
f 2161/2175/2278 2162/2176/2279 2160/2174/2277
f 1905/1919/2022 2160/2174/2277 2162/2176/2279
f 2162/2176/2279 1907/1921/2024 1905/1919/2022
f 1904/1918/2021 2157/2171/2274 2160/2174/2277
f 2160/2174/2277 1905/1919/2022 1904/1918/2021
f 2162/2176/2279 2161/2175/2278 2163/2177/2280
f 2163/2177/2280 2164/2178/2281 2162/2176/2279
f 2165/2179/2282 2166/2180/2283 2167/2181/2284
f 2167/2181/2284 2168/2182/2285 2165/2179/2282
f 1911/1925/2028 2165/2179/2282 2168/2182/2285
f 2168/2182/2285 1912/1926/2029 1911/1925/2028
f 1907/1921/2024 2162/2176/2279 2164/2178/2281
f 2164/2178/2281 1908/1922/2025 1907/1921/2024
f 2168/2182/2285 2167/2181/2284 2169/2183/2286
f 2169/2183/2286 2170/2184/2287 2168/2182/2285
f 2170/2184/2287 2169/2183/2286 2171/2185/2288
f 2171/2185/2288 2172/2186/2289 2170/2184/2287
f 1909/1923/2026 2170/2184/2287 2172/2186/2289
f 2172/2186/2289 1913/1927/2030 1909/1923/2026
f 1912/1926/2029 2168/2182/2285 2170/2184/2287
f 2170/2184/2287 1909/1923/2026 1912/1926/2029
f 2172/2186/2289 2171/2185/2288 2173/2187/2290
f 2173/2187/2290 2174/2188/2291 2172/2186/2289
f 2175/2189/2292 2176/2190/2293 2158/2172/2275
f 2158/2172/2275 2157/2171/2274 2175/2189/2292
f 1903/1917/2020 2175/2189/2292 2157/2171/2274
f 2157/2171/2274 1904/1918/2021 1903/1917/2020
f 1913/1927/2030 2172/2186/2289 2174/2188/2291
f 2174/2188/2291 1914/1928/2031 1913/1927/2030
f 2177/2191/2294 2178/2192/2295 2179/2193/2296
f 2179/2193/2296 2180/2194/2297 2177/2191/2294
f 2180/2194/2297 2179/2193/2296 2181/2195/2298
f 2181/2195/2298 2182/2196/2299 2180/2194/2297
f 1917/1931/2034 2180/2194/2297 2182/2196/2299
f 2182/2196/2299 1919/1933/2036 1917/1931/2034
f 1916/1930/2033 2177/2191/2294 2180/2194/2297
f 2180/2194/2297 1917/1931/2034 1916/1930/2033
f 2182/2196/2299 2181/2195/2298 2183/2197/2300
f 2183/2197/2300 2184/2198/2301 2182/2196/2299
f 2185/2199/2302 2186/2200/2303 2187/2201/2304
f 2187/2201/2304 2188/2202/2305 2185/2199/2302
f 1923/1937/2040 2185/2199/2302 2188/2202/2305
f 2188/2202/2305 1924/1938/2041 1923/1937/2040
f 1919/1933/2036 2182/2196/2299 2184/2198/2301
f 2184/2198/2301 1920/1934/2037 1919/1933/2036
f 2188/2202/2305 2187/2201/2304 2189/2203/2306
f 2189/2203/2306 2190/2204/2307 2188/2202/2305
f 2190/2204/2307 2189/2203/2306 2191/2205/2308
f 2191/2205/2308 2192/2206/2309 2190/2204/2307
f 1921/1935/2038 2190/2204/2307 2192/2206/2309
f 2192/2206/2309 1925/1939/2042 1921/1935/2038
f 1924/1938/2041 2188/2202/2305 2190/2204/2307
f 2190/2204/2307 1921/1935/2038 1924/1938/2041
f 2192/2206/2309 2191/2205/2308 2193/2207/2310
f 2193/2207/2310 2194/2208/2311 2192/2206/2309
f 2195/2209/2312 2196/2210/2313 2178/2192/2295
f 2178/2192/2295 2177/2191/2294 2195/2209/2312
f 1915/1929/2032 2195/2209/2312 2177/2191/2294
f 2177/2191/2294 1916/1930/2033 1915/1929/2032
f 1925/1939/2042 2192/2206/2309 2194/2208/2311
f 2194/2208/2311 1926/1940/2043 1925/1939/2042
f 2197/2211/2314 2198/2212/2315 2199/2213/2316
f 2199/2213/2316 2200/2214/2317 2197/2211/2314
f 2200/2214/2317 2199/2213/2316 2201/2215/2318
f 2201/2215/2318 2202/2216/2319 2200/2214/2317
f 1929/1943/2046 2200/2214/2317 2202/2216/2319
f 2202/2216/2319 1931/1945/2048 1929/1943/2046
f 1928/1942/2045 2197/2211/2314 2200/2214/2317
f 2200/2214/2317 1929/1943/2046 1928/1942/2045
f 2202/2216/2319 2201/2215/2318 2203/2217/2320
f 2203/2217/2320 2204/2218/2321 2202/2216/2319
f 2205/2219/2322 2206/2220/2323 2207/2221/2324
f 2207/2221/2324 2208/2222/2325 2205/2219/2322
f 1935/1949/2052 2205/2219/2322 2208/2222/2325
f 2208/2222/2325 1936/1950/2053 1935/1949/2052
f 1931/1945/2048 2202/2216/2319 2204/2218/2321
f 2204/2218/2321 1932/1946/2049 1931/1945/2048
f 2208/2222/2325 2207/2221/2324 2209/2223/2326
f 2209/2223/2326 2210/2224/2327 2208/2222/2325
f 2210/2224/2327 2209/2223/2326 2211/2225/2328
f 2211/2225/2328 2212/2226/2329 2210/2224/2327
f 1933/1947/2050 2210/2224/2327 2212/2226/2329
f 2212/2226/2329 1937/1951/2054 1933/1947/2050
f 1936/1950/2053 2208/2222/2325 2210/2224/2327
f 2210/2224/2327 1933/1947/2050 1936/1950/2053
f 2212/2226/2329 2211/2225/2328 2213/2227/2330
f 2213/2227/2330 2214/2228/2331 2212/2226/2329
f 2215/2229/2332 2216/2230/2333 2198/2212/2315
f 2198/2212/2315 2197/2211/2314 2215/2229/2332
f 1927/1941/2044 2215/2229/2332 2197/2211/2314
f 2197/2211/2314 1928/1942/2045 1927/1941/2044
f 1937/1951/2054 2212/2226/2329 2214/2228/2331
f 2214/2228/2331 1938/1952/2055 1937/1951/2054
f 2217/2231/2334 2218/2232/2335 2219/2233/2336
f 2219/2233/2336 2220/2234/2337 2217/2231/2334
f 2220/2234/2337 2219/2233/2336 2221/2235/2338
f 2221/2235/2338 2222/2236/2339 2220/2234/2337
f 1941/1955/2058 2220/2234/2337 2222/2236/2339
f 2222/2236/2339 1943/1957/2060 1941/1955/2058
f 1940/1954/2057 2217/2231/2334 2220/2234/2337
f 2220/2234/2337 1941/1955/2058 1940/1954/2057
f 2222/2236/2339 2221/2235/2338 2223/2237/2340
f 2223/2237/2340 2224/2238/2341 2222/2236/2339
f 2225/2239/2342 2226/2240/2343 2227/2241/2344
f 2227/2241/2344 2228/2242/2345 2225/2239/2342
f 1947/1961/2064 2225/2239/2342 2228/2242/2345
f 2228/2242/2345 1948/1962/2065 1947/1961/2064
f 1943/1957/2060 2222/2236/2339 2224/2238/2341
f 2224/2238/2341 1944/1958/2061 1943/1957/2060
f 2228/2242/2345 2227/2241/2344 2229/2243/2346
f 2229/2243/2346 2230/2244/2347 2228/2242/2345
f 2230/2244/2347 2229/2243/2346 2231/2245/2348
f 2231/2245/2348 2232/2246/2349 2230/2244/2347
f 1945/1959/2062 2230/2244/2347 2232/2246/2349
f 2232/2246/2349 1949/1963/2066 1945/1959/2062
f 1948/1962/2065 2228/2242/2345 2230/2244/2347
f 2230/2244/2347 1945/1959/2062 1948/1962/2065
f 2232/2246/2349 2231/2245/2348 2233/2247/2350
f 2233/2247/2350 2234/2248/2351 2232/2246/2349
f 2235/2249/2352 2236/2250/2353 2218/2232/2335
f 2218/2232/2335 2217/2231/2334 2235/2249/2352
f 1939/1953/2056 2235/2249/2352 2217/2231/2334
f 2217/2231/2334 1940/1954/2057 1939/1953/2056
f 1949/1963/2066 2232/2246/2349 2234/2248/2351
f 2234/2248/2351 1950/1964/2067 1949/1963/2066
f 2237/2251/2354 2238/2252/2355 1804/1818/1917
f 1804/1818/1917 1898/1912/2015 2237/2251/2354
f 2239/2253/2356 2240/2254/2357 1837/1851/1950
f 1837/1851/1950 1809/1823/1922 2239/2253/2356
f 2241/2255/2358 2240/2254/2357 2239/2253/2356
f 2239/2253/2356 2242/2256/2359 2241/2255/2358
f 2239/2253/2356 1809/1823/1922 1808/1822/1921
f 1808/1822/1921 2243/2257/2360 2239/2253/2356
f 2244/2258/2361 1805/1819/1918 1804/1818/1917
f 1804/1818/1917 2238/2252/2355 2244/2258/2361
f 2245/2259/2362 2246/2260/2363 2238/2252/2355
f 2238/2252/2355 2247/2261/2364 2245/2259/2362
f 2242/2256/2359 2239/2253/2356 2243/2257/2360
f 2243/2257/2360 2248/2262/2365 2242/2256/2359
f 2249/2263/2366 2237/2251/2354 1898/1912/2015
f 1898/1912/2015 1826/1840/1939 2249/2263/2366
f 2249/2263/2366 1826/1840/1939 1825/1839/1938
f 1825/1839/1938 2250/2264/2367 2249/2263/2366
f 2251/2265/2368 1829/1843/1942 1828/1842/1941
f 1828/1842/1941 2252/2266/2369 2251/2265/2368
f 2240/2254/2357 2252/2266/2369 1828/1842/1941
f 1828/1842/1941 1837/1851/1950 2240/2254/2357
f 2253/2267/2370 2252/2266/2369 2240/2254/2357
f 2240/2254/2357 2241/2255/2358 2253/2267/2370
f 2238/2252/2355 2237/2251/2354 2254/2268/2371
f 2254/2268/2371 2247/2261/2364 2238/2252/2355
f 2255/2269/2372 2256/2270/2373 2257/2271/2374
f 2257/2271/2374 2258/2272/2375 2255/2269/2372
f 2259/2273/2376 2260/2274/2377 2261/2275/2378
f 2261/2275/2378 2262/2276/2379 2259/2273/2376
f 2263/2277/2380 2264/2278/2381 2256/2270/2373
f 2256/2270/2373 2255/2269/2372 2263/2277/2380
f 2262/2276/2379 2261/2275/2378 2265/2279/2382
f 2265/2279/2382 2266/2280/2383 2262/2276/2379
f 2237/2251/2354 2249/2263/2366 2267/2281/2384
f 2267/2281/2384 2254/2268/2371 2237/2251/2354
f 2257/2271/2374 2268/2282/2385 2258/2272/2375
f 2249/2263/2366 2250/2264/2367 2269/2283/2386
f 2269/2283/2386 2267/2281/2384 2249/2263/2366
f 2251/2265/2368 2252/2266/2369 2253/2267/2370
f 2253/2267/2370 2270/2284/2387 2251/2265/2368
f 2271/2285/2388 2260/2274/2377 2259/2273/2376
f 2272/2286/2389 2273/2287/2390 2274/2288/2391
f 2274/2288/2391 2275/2289/2392 2272/2286/2389
f 1814/1828/1927 2273/2287/2390 2272/2286/2389
f 2272/2286/2389 1815/1829/1928 1814/1828/1927
f 2276/2290/2393 2277/2291/2394 2278/2292/2395
f 2278/2292/2395 2279/2293/2396 2276/2290/2393
f 1819/1833/1932 2277/2291/2394 2276/2290/2393
f 2276/2290/2393 1816/1830/1929 1819/1833/1932
f 2276/2290/2393 2279/2293/2396 2280/2294/2397
f 2280/2294/2397 2281/2295/2398 2276/2290/2393
f 2282/2296/2399 2283/2297/2400 2274/2288/2391
f 2274/2288/2391 2273/2287/2390 2282/2296/2399
f 1813/1827/1926 2282/2296/2399 2273/2287/2390
f 2273/2287/2390 1814/1828/1927 1813/1827/1926
f 1816/1830/1929 2276/2290/2393 2281/2295/2398
f 2281/2295/2398 1817/1831/1930 1816/1830/1929
f 2284/2298/2401 2272/2286/2389 2275/2289/2392
f 2275/2289/2392 2285/2299/2402 2284/2298/2401
f 1815/1829/1928 2272/2286/2389 2284/2298/2401
f 2284/2298/2401 1821/1835/1934 1815/1829/1928
f 2284/2298/2401 2285/2299/2402 2286/2300/2403
f 2286/2300/2403 2287/2301/2404 2284/2298/2401
f 2288/2302/2405 2289/2303/2406 2290/2304/2407
f 2290/2304/2407 2291/2305/2408 2288/2302/2405
f 1822/1836/1935 2288/2302/2405 2291/2305/2408
f 2291/2305/2408 1823/1837/1936 1822/1836/1935
f 1821/1835/1934 2284/2298/2401 2287/2301/2404
f 2287/2301/2404 1820/1834/1933 1821/1835/1934
f 2277/2291/2394 2291/2305/2408 2290/2304/2407
f 2290/2304/2407 2278/2292/2395 2277/2291/2394
f 1823/1837/1936 2291/2305/2408 2277/2291/2394
f 2277/2291/2394 1819/1833/1932 1823/1837/1936
f 2048/2062/2165 2074/2088/2191 2044/2058/2161
f 2044/2058/2161 2041/2055/2158 2048/2062/2165
f 2076/2090/2193 2049/2063/2166 2050/2064/2167
f 2050/2064/2167 2058/2072/2175 2076/2090/2193
f 2051/2065/2168 2054/2068/2171 2058/2072/2175
f 2058/2072/2175 2050/2064/2167 2051/2065/2168
f 2054/2068/2171 2051/2065/2168 2052/2066/2169
f 2052/2066/2169 2055/2069/2172 2054/2068/2171
f 2059/2073/2176 2064/2078/2181 2055/2069/2172
f 2055/2069/2172 2052/2066/2169 2059/2073/2176
f 2062/2076/2179 2060/2074/2177 2039/2053/2156
f 2039/2053/2156 2047/2061/2164 2062/2076/2179
f 2047/2061/2164 2039/2053/2156 2040/2054/2157
f 2040/2054/2157 2043/2057/2160 2047/2061/2164
f 2043/2057/2160 2040/2054/2157 2041/2055/2158
f 2041/2055/2158 2044/2058/2161 2043/2057/2160
f 2073/2087/2190 2143/2157/2260 2141/2155/2258
f 2141/2155/2258 2045/2059/2162 2073/2087/2190
f 2146/2160/2263 2075/2089/2192 2057/2071/2174
f 2057/2071/2174 2147/2161/2264 2146/2160/2263
f 2053/2067/2170 2149/2163/2266 2147/2161/2264
f 2147/2161/2264 2057/2071/2174 2053/2067/2170
f 2149/2163/2266 2053/2067/2170 2056/2070/2173
f 2056/2070/2173 2151/2165/2268 2149/2163/2266
f 2063/2077/2180 2153/2167/2270 2151/2165/2268
f 2151/2165/2268 2056/2070/2173 2063/2077/2180
f 2156/2170/2273 2061/2075/2178 2046/2060/2163
f 2046/2060/2163 2138/2152/2255 2156/2170/2273
f 2138/2152/2255 2046/2060/2163 2042/2056/2159
f 2042/2056/2159 2139/2153/2256 2138/2152/2255
f 2139/2153/2256 2042/2056/2159 2045/2059/2162
f 2045/2059/2162 2141/2155/2258 2139/2153/2256
f 2020/2034/2137 2070/2084/2187 2016/2030/2133
f 2016/2030/2133 2013/2027/2130 2020/2034/2137
f 2072/2086/2189 2021/2035/2138 2022/2036/2139
f 2022/2036/2139 2030/2044/2147 2072/2086/2189
f 2023/2037/2140 2026/2040/2143 2030/2044/2147
f 2030/2044/2147 2022/2036/2139 2023/2037/2140
f 2026/2040/2143 2023/2037/2140 2024/2038/2141
f 2024/2038/2141 2027/2041/2144 2026/2040/2143
f 2032/2046/2149 2038/2052/2155 2027/2041/2144
f 2027/2041/2144 2024/2038/2141 2032/2046/2149
f 2036/2050/2153 2033/2047/2150 2011/2025/2128
f 2011/2025/2128 2019/2033/2136 2036/2050/2153
f 2019/2033/2136 2011/2025/2128 2012/2026/2129
f 2012/2026/2129 2015/2029/2132 2019/2033/2136
f 2015/2029/2132 2012/2026/2129 2013/2027/2130
f 2013/2027/2130 2016/2030/2133 2015/2029/2132
f 2069/2083/2186 2123/2137/2240 2121/2135/2238
f 2121/2135/2238 2017/2031/2134 2069/2083/2186
f 2126/2140/2243 2071/2085/2188 2029/2043/2146
f 2029/2043/2146 2127/2141/2244 2126/2140/2243
f 2025/2039/2142 2129/2143/2246 2127/2141/2244
f 2127/2141/2244 2029/2043/2146 2025/2039/2142
f 2129/2143/2246 2025/2039/2142 2028/2042/2145
f 2028/2042/2145 2131/2145/2248 2129/2143/2246
f 2037/2051/2154 2133/2147/2250 2131/2145/2248
f 2131/2145/2248 2028/2042/2145 2037/2051/2154
f 2136/2150/2253 2035/2049/2152 2018/2032/2135
f 2018/2032/2135 2118/2132/2235 2136/2150/2253
f 2118/2132/2235 2018/2032/2135 2014/2028/2131
f 2014/2028/2131 2119/2133/2236 2118/2132/2235
f 2119/2133/2236 2014/2028/2131 2017/2031/2134
f 2017/2031/2134 2121/2135/2238 2119/2133/2236
f 1992/2006/2109 2066/2080/2183 1988/2002/2105
f 1988/2002/2105 1985/1999/2102 1992/2006/2109
f 2068/2082/2185 1993/2007/2110 1994/2008/2111
f 1994/2008/2111 2002/2016/2119 2068/2082/2185
f 1995/2009/2112 1998/2012/2115 2002/2016/2119
f 2002/2016/2119 1994/2008/2111 1995/2009/2112
f 1998/2012/2115 1995/2009/2112 1996/2010/2113
f 1996/2010/2113 1999/2013/2116 1998/2012/2115
f 2004/2018/2121 2010/2024/2127 1999/2013/2116
f 1999/2013/2116 1996/2010/2113 2004/2018/2121
f 2008/2022/2125 2005/2019/2122 1983/1997/2100
f 1983/1997/2100 1991/2005/2108 2008/2022/2125
f 1991/2005/2108 1983/1997/2100 1984/1998/2101
f 1984/1998/2101 1987/2001/2104 1991/2005/2108
f 1987/2001/2104 1984/1998/2101 1985/1999/2102
f 1985/1999/2102 1988/2002/2105 1987/2001/2104
f 2065/2079/2182 2103/2117/2220 2101/2115/2218
f 2101/2115/2218 1989/2003/2106 2065/2079/2182
f 2106/2120/2223 2067/2081/2184 2001/2015/2118
f 2001/2015/2118 2107/2121/2224 2106/2120/2223
f 1997/2011/2114 2109/2123/2226 2107/2121/2224
f 2107/2121/2224 2001/2015/2118 1997/2011/2114
f 2109/2123/2226 1997/2011/2114 2000/2014/2117
f 2000/2014/2117 2111/2125/2228 2109/2123/2226
f 2009/2023/2126 2113/2127/2230 2111/2125/2228
f 2111/2125/2228 2000/2014/2117 2009/2023/2126
f 2116/2130/2233 2007/2021/2124 1990/2004/2107
f 1990/2004/2107 2098/2112/2215 2116/2130/2233
f 2098/2112/2215 1990/2004/2107 1986/2000/2103
f 1986/2000/2103 2099/2113/2216 2098/2112/2215
f 2099/2113/2216 1986/2000/2103 1989/2003/2106
f 1989/2003/2106 2101/2115/2218 2099/2113/2216
f 1960/1974/2077 1968/1982/2085 1956/1970/2073
f 1956/1970/2073 1953/1967/2070 1960/1974/2077
f 1964/1978/2081 1961/1975/2078 1962/1976/2079
f 1962/1976/2079 1965/1979/2082 1964/1978/2081
f 1969/1983/2086 1972/1986/2089 1965/1979/2082
f 1965/1979/2082 1962/1976/2079 1969/1983/2086
f 1972/1986/2089 1969/1983/2086 1970/1984/2087
f 1970/1984/2087 1973/1987/2090 1972/1986/2089
f 1976/1990/2093 1982/1996/2099 1973/1987/2090
f 1973/1987/2090 1970/1984/2087 1976/1990/2093
f 1980/1994/2097 1977/1991/2094 1951/1965/2068
f 1951/1965/2068 1959/1973/2076 1980/1994/2097
f 1959/1973/2076 1951/1965/2068 1952/1966/2069
f 1952/1966/2069 1955/1969/2072 1959/1973/2076
f 1955/1969/2072 1952/1966/2069 1953/1967/2070
f 1953/1967/2070 1956/1970/2073 1955/1969/2072
f 1967/1981/2084 2083/2097/2200 2081/2095/2198
f 2081/2095/2198 1957/1971/2074 1967/1981/2084
f 2086/2100/2203 1963/1977/2080 1966/1980/2083
f 1966/1980/2083 2087/2101/2204 2086/2100/2203
f 1971/1985/2088 2089/2103/2206 2087/2101/2204
f 2087/2101/2204 1966/1980/2083 1971/1985/2088
f 2089/2103/2206 1971/1985/2088 1974/1988/2091
f 1974/1988/2091 2091/2105/2208 2089/2103/2206
f 1981/1995/2098 2093/2107/2210 2091/2105/2208
f 2091/2105/2208 1974/1988/2091 1981/1995/2098
f 2096/2110/2213 1979/1993/2096 1958/1972/2075
f 1958/1972/2075 2078/2092/2195 2096/2110/2213
f 2078/2092/2195 1958/1972/2075 1954/1968/2071
f 1954/1968/2071 2079/2093/2196 2078/2092/2195
f 2079/2093/2196 1954/1968/2071 1957/1971/2074
f 1957/1971/2074 2081/2095/2198 2079/2093/2196
f 2218/2232/2335 2137/2151/2254 2140/2154/2257
f 2140/2154/2257 2219/2233/2336 2218/2232/2335
f 2236/2250/2353 2155/2169/2272 2137/2151/2254
f 2137/2151/2254 2218/2232/2335 2236/2250/2353
f 2233/2247/2350 2231/2245/2348 2152/2166/2269
f 2152/2166/2269 2154/2168/2271 2233/2247/2350
f 2229/2243/2346 2150/2164/2267 2152/2166/2269
f 2152/2166/2269 2231/2245/2348 2229/2243/2346
f 2229/2243/2346 2227/2241/2344 2148/2162/2265
f 2148/2162/2265 2150/2164/2267 2229/2243/2346
f 2226/2240/2343 2145/2159/2262 2148/2162/2265
f 2148/2162/2265 2227/2241/2344 2226/2240/2343
f 2223/2237/2340 2221/2235/2338 2142/2156/2259
f 2142/2156/2259 2144/2158/2261 2223/2237/2340
f 2219/2233/2336 2140/2154/2257 2142/2156/2259
f 2142/2156/2259 2221/2235/2338 2219/2233/2336
f 2198/2212/2315 2117/2131/2234 2120/2134/2237
f 2120/2134/2237 2199/2213/2316 2198/2212/2315
f 2216/2230/2333 2135/2149/2252 2117/2131/2234
f 2117/2131/2234 2198/2212/2315 2216/2230/2333
f 2213/2227/2330 2211/2225/2328 2132/2146/2249
f 2132/2146/2249 2134/2148/2251 2213/2227/2330
f 2209/2223/2326 2130/2144/2247 2132/2146/2249
f 2132/2146/2249 2211/2225/2328 2209/2223/2326
f 2209/2223/2326 2207/2221/2324 2128/2142/2245
f 2128/2142/2245 2130/2144/2247 2209/2223/2326
f 2206/2220/2323 2125/2139/2242 2128/2142/2245
f 2128/2142/2245 2207/2221/2324 2206/2220/2323
f 2203/2217/2320 2201/2215/2318 2122/2136/2239
f 2122/2136/2239 2124/2138/2241 2203/2217/2320
f 2199/2213/2316 2120/2134/2237 2122/2136/2239
f 2122/2136/2239 2201/2215/2318 2199/2213/2316
f 2178/2192/2295 2097/2111/2214 2100/2114/2217
f 2100/2114/2217 2179/2193/2296 2178/2192/2295
f 2196/2210/2313 2115/2129/2232 2097/2111/2214
f 2097/2111/2214 2178/2192/2295 2196/2210/2313
f 2193/2207/2310 2191/2205/2308 2112/2126/2229
f 2112/2126/2229 2114/2128/2231 2193/2207/2310
f 2189/2203/2306 2110/2124/2227 2112/2126/2229
f 2112/2126/2229 2191/2205/2308 2189/2203/2306
f 2189/2203/2306 2187/2201/2304 2108/2122/2225
f 2108/2122/2225 2110/2124/2227 2189/2203/2306
f 2186/2200/2303 2105/2119/2222 2108/2122/2225
f 2108/2122/2225 2187/2201/2304 2186/2200/2303
f 2183/2197/2300 2181/2195/2298 2102/2116/2219
f 2102/2116/2219 2104/2118/2221 2183/2197/2300
f 2179/2193/2296 2100/2114/2217 2102/2116/2219
f 2102/2116/2219 2181/2195/2298 2179/2193/2296
f 2158/2172/2275 2077/2091/2194 2080/2094/2197
f 2080/2094/2197 2159/2173/2276 2158/2172/2275
f 2176/2190/2293 2095/2109/2212 2077/2091/2194
f 2077/2091/2194 2158/2172/2275 2176/2190/2293
f 2173/2187/2290 2171/2185/2288 2092/2106/2209
f 2092/2106/2209 2094/2108/2211 2173/2187/2290
f 2169/2183/2286 2090/2104/2207 2092/2106/2209
f 2092/2106/2209 2171/2185/2288 2169/2183/2286
f 2169/2183/2286 2167/2181/2284 2088/2102/2205
f 2088/2102/2205 2090/2104/2207 2169/2183/2286
f 2166/2180/2283 2085/2099/2202 2088/2102/2205
f 2088/2102/2205 2167/2181/2284 2166/2180/2283
f 2163/2177/2280 2161/2175/2278 2082/2096/2199
f 2082/2096/2199 2084/2098/2201 2163/2177/2280
f 2159/2173/2276 2080/2094/2197 2082/2096/2199
f 2082/2096/2199 2161/2175/2278 2159/2173/2276
f 2256/2270/2373 2247/2261/2364 2254/2268/2371
f 2254/2268/2371 2257/2271/2374 2256/2270/2373
f 2257/2271/2374 2254/2268/2371 2267/2281/2384
f 2267/2281/2384 2268/2282/2385 2257/2271/2374
f 2268/2282/2385 2267/2281/2384 2269/2283/2386
f 2269/2283/2386 2292/2306/2409 2268/2282/2385
f 2293/2307/2410 2270/2284/2387 2253/2267/2370
f 2253/2267/2370 2271/2285/2388 2293/2307/2410
f 2271/2285/2388 2253/2267/2370 2241/2255/2358
f 2241/2255/2358 2260/2274/2377 2271/2285/2388
f 2260/2274/2377 2241/2255/2358 2242/2256/2359
f 2242/2256/2359 2261/2275/2378 2260/2274/2377
f 2261/2275/2378 2242/2256/2359 2248/2262/2365
f 2248/2262/2365 2265/2279/2382 2261/2275/2378
f 2264/2278/2381 2245/2259/2362 2247/2261/2364
f 2247/2261/2364 2256/2270/2373 2264/2278/2381
f 2258/2272/2375 2275/2289/2392 2274/2288/2391
f 2274/2288/2391 2255/2269/2372 2258/2272/2375
f 2268/2282/2385 2285/2299/2402 2275/2289/2392
f 2275/2289/2392 2258/2272/2375 2268/2282/2385
f 2285/2299/2402 2268/2282/2385 2292/2306/2409
f 2292/2306/2409 2286/2300/2403 2285/2299/2402
f 2289/2303/2406 2293/2307/2410 2271/2285/2388
f 2271/2285/2388 2290/2304/2407 2289/2303/2406
f 2259/2273/2376 2278/2292/2395 2290/2304/2407
f 2290/2304/2407 2271/2285/2388 2259/2273/2376
f 2262/2276/2379 2279/2293/2396 2278/2292/2395
f 2278/2292/2395 2259/2273/2376 2262/2276/2379
f 2279/2293/2396 2262/2276/2379 2266/2280/2383
f 2266/2280/2383 2280/2294/2397 2279/2293/2396
f 2283/2297/2400 2263/2277/2380 2255/2269/2372
f 2255/2269/2372 2274/2288/2391 2283/2297/2400
f 1842/1856/1955 1847/1861/1960 1841/1855/1954
f 1842/1856/1955 1841/1855/1954 1838/1852/1951
f 1846/1860/1959 1845/1859/1958 1841/1855/1954
f 1846/1860/1959 1858/1872/1971 1845/1859/1958
f 1838/1852/1951 1831/1845/1944 1843/1857/1956
f 1857/1871/1970 1855/1869/1968 1845/1859/1958
f 1857/1871/1970 1859/1873/1972 1855/1869/1968
f 1855/1869/1968 1860/1874/1973 1856/1870/1969
f 1885/1899/2000 1879/1893/1992 1889/1903/2004
f 1888/1902/2003 1887/1901/2002 1885/1899/2000
f 1888/1902/2003 1894/1908/2009 1887/1901/2002
f 1893/1907/2008 1892/1906/2007 1887/1901/2002
f 1893/1907/2008 1901/1915/2018 1892/1906/2007
f 1900/1914/2017 1899/1913/2016 1892/1906/2007
f 1900/1914/2017 1902/1916/2019 1899/1913/2016
f 1899/1913/2016 1827/1841/1940 1826/1840/1939
f 2294/2308/2411 2295/2309/2412 2296/1555/1638
f 2296/1555/1638 2297/1550/1634 2294/2308/2411
f 2298/1521/1600 2299/1520/1599 2295/2309/2412
f 2295/2309/2412 2294/2308/2411 2298/1521/1600
f 2300/2310/2413 2299/1520/1599 2301/163/160
f 2301/163/160 2302/2311/2414 2300/2310/2413
f 2302/2311/2414 2301/163/160 2303/1515/1596
f 2303/1515/1596 2304/2312/2415 2302/2311/2414
f 2304/2312/2415 2303/1515/1596 2305/1543/1627
f 2305/1543/1627 2306/2313/2416 2304/2312/2415
f 2307/2314/2417 2308/1528/1609 2309/1535/1617
f 2309/1535/1617 2310/2315/2418 2307/2314/2417
f 2310/2315/2418 2309/1535/1617 2311/1548/1632
f 2311/1548/1632 2312/2316/2419 2310/2315/2418
f 2312/2316/2419 2311/1548/1632 2296/1555/1638
f 2296/1555/1638 2313/2317/2420 2312/2316/2419
f 2313/2317/2420 2296/1555/1638 2295/2309/2412
f 2295/2309/2412 2314/2318/2421 2313/2317/2420
f 2314/2318/2421 2295/2309/2412 2299/1520/1599
f 2299/1520/1599 2300/2310/2413 2314/2318/2421
f 2315/2319/2422 2300/2310/2413 2302/2311/2414
f 2302/2311/2414 2316/2320/2423 2315/2319/2422
f 2316/2320/2423 2302/2311/2414 2304/2312/2415
f 2304/2312/2415 2317/2321/2424 2316/2320/2423
f 2317/2321/2424 2304/2312/2415 2306/2313/2416
f 2306/2313/2416 2318/2322/2425 2317/2321/2424
f 2319/2323/2426 2307/2314/2417 2310/2315/2418
f 2310/2315/2418 2320/2324/2427 2319/2323/2426
f 2320/2324/2427 2310/2315/2418 2312/2316/2419
f 2312/2316/2419 2321/2325/2428 2320/2324/2427
f 2321/2325/2428 2312/2316/2419 2313/2317/2420
f 2313/2317/2420 2322/2326/2429 2321/2325/2428
f 2322/2326/2429 2313/2317/2420 2314/2318/2421
f 2314/2318/2421 2323/2327/2430 2322/2326/2429
f 2323/2327/2430 2314/2318/2421 2300/2310/2413
f 2300/2310/2413 2315/2319/2422 2323/2327/2430
f 2324/2328/2431 2325/2329/2432 2326/2330/2433
f 2326/2330/2433 2327/2331/2434 2324/2328/2431
f 2327/2331/2434 2326/2330/2433 2328/2332/2435
f 2328/2332/2435 2329/2333/2436 2327/2331/2434
f 2329/2333/2436 2328/2332/2435 2330/2334/2437
f 2330/2334/2437 2331/2335/2438 2329/2333/2436
f 2332/2336/2439 2333/2337/2440 2334/2338/2441
f 2334/2338/2441 2335/2339/2442 2332/2336/2439
f 2335/2339/2442 2334/2338/2441 2336/2340/2443
f 2336/2340/2443 2337/2341/2444 2335/2339/2442
f 2337/2341/2444 2336/2340/2443 2338/2342/2445
f 2338/2342/2445 2339/2343/2446 2337/2341/2444
f 2339/2343/2446 2338/2342/2445 2340/2344/2447
f 2340/2344/2447 2341/2345/2448 2339/2343/2446
f 2341/2345/2448 2340/2344/2447 2325/2329/2432
f 2325/2329/2432 2324/2328/2431 2341/2345/2448
f 2342/2346/2449 2343/2347/2450 2344/2348/2451
f 2344/2348/2451 2345/2349/2452 2342/2346/2449
f 2345/2349/2452 2344/2348/2451 2346/2350/2453
f 2346/2350/2453 2347/2351/2454 2345/2349/2452
f 2347/2351/2454 2346/2350/2453 2348/2352/2455
f 2348/2352/2455 2349/2353/2456 2347/2351/2454
f 2350/2354/2457 2351/2355/2458 2352/2356/2459
f 2352/2356/2459 2353/2357/2460 2350/2354/2457
f 2353/2357/2460 2352/2356/2459 2354/2358/2461
f 2354/2358/2461 2355/2359/2462 2353/2357/2460
f 2355/2359/2462 2354/2358/2461 2356/2360/2463
f 2356/2360/2463 2357/2361/2464 2355/2359/2462
f 2357/2361/2464 2356/2360/2463 2358/2362/2465
f 2358/2362/2465 2359/2363/2466 2357/2361/2464
f 2359/2363/2466 2358/2362/2465 2343/2347/2450
f 2343/2347/2450 2342/2346/2449 2359/2363/2466
f 2360/2364/2467 2342/2346/2449 2345/2349/2452
f 2345/2349/2452 2361/2365/2468 2360/2364/2467
f 2361/2365/2468 2345/2349/2452 2347/2351/2454
f 2347/2351/2454 2362/2366/2469 2361/2365/2468
f 2362/2366/2469 2347/2351/2454 2349/2353/2456
f 2349/2353/2456 2363/2367/2470 2362/2366/2469
f 2364/2368/2471 2350/2354/2457 2353/2357/2460
f 2353/2357/2460 2365/2369/2472 2364/2368/2471
f 2365/2369/2472 2353/2357/2460 2355/2359/2462
f 2355/2359/2462 2366/2370/2473 2365/2369/2472
f 2366/2370/2473 2355/2359/2462 2357/2361/2464
f 2357/2361/2464 2367/2371/2474 2366/2370/2473
f 2367/2371/2474 2357/2361/2464 2359/2363/2466
f 2359/2363/2466 2368/2372/2475 2367/2371/2474
f 2368/2372/2475 2359/2363/2466 2342/2346/2449
f 2342/2346/2449 2360/2364/2467 2368/2372/2475
f 2369/2373/2476 2360/2364/2467 2361/2365/2468
f 2361/2365/2468 2370/2374/2477 2369/2373/2476
f 2370/2374/2477 2361/2365/2468 2362/2366/2469
f 2362/2366/2469 2371/2375/2478 2370/2374/2477
f 2371/2375/2478 2362/2366/2469 2363/2367/2470
f 2363/2367/2470 2372/2376/2479 2371/2375/2478
f 2373/2377/2480 2364/2368/2471 2365/2369/2472
f 2365/2369/2472 2374/2378/2481 2373/2377/2480
f 2374/2378/2481 2365/2369/2472 2366/2370/2473
f 2366/2370/2473 2375/2379/2482 2374/2378/2481
f 2375/2379/2482 2366/2370/2473 2367/2371/2474
f 2367/2371/2474 2376/2380/2483 2375/2379/2482
f 2376/2380/2483 2367/2371/2474 2368/2372/2475
f 2368/2372/2475 2377/2381/2484 2376/2380/2483
f 2377/2381/2484 2368/2372/2475 2360/2364/2467
f 2360/2364/2467 2369/2373/2476 2377/2381/2484
f 2378/2382/2485 2369/2373/2476 2370/2374/2477
f 2370/2374/2477 2379/2383/2486 2378/2382/2485
f 2379/2383/2486 2370/2374/2477 2371/2375/2478
f 2371/2375/2478 2380/2384/2487 2379/2383/2486
f 2380/2384/2487 2371/2375/2478 2372/2376/2479
f 2372/2376/2479 2381/2385/2488 2380/2384/2487
f 2382/2386/2489 2373/2377/2480 2374/2378/2481
f 2374/2378/2481 2383/2387/2490 2382/2386/2489
f 2383/2387/2490 2374/2378/2481 2375/2379/2482
f 2375/2379/2482 2384/2388/2491 2383/2387/2490
f 2384/2388/2491 2375/2379/2482 2376/2380/2483
f 2376/2380/2483 2385/2389/2492 2384/2388/2491
f 2385/2389/2492 2376/2380/2483 2377/2381/2484
f 2377/2381/2484 2386/2390/2493 2385/2389/2492
f 2386/2390/2493 2377/2381/2484 2369/2373/2476
f 2369/2373/2476 2378/2382/2485 2386/2390/2493
f 2387/2391/2494 2388/2392/2495 2389/2393/2496
f 2389/2393/2496 2390/2394/2497 2387/2391/2494
f 2387/2391/2494 2390/2394/2497 2391/2395/2498
f 2391/2395/2498 2392/2396/2499 2387/2391/2494
f 2392/2396/2499 2391/2395/2498 2393/2397/2500
f 2393/2397/2500 2394/2398/2501 2392/2396/2499
f 2395/2399/2502 2396/2400/2503 2397/2401/2504
f 2397/2401/2504 2398/2402/2505 2395/2399/2502
f 2399/2403/2506 2400/2404/2507 2401/2405/2508
f 2401/2405/2508 2402/2406/2509 2399/2403/2506
f 2403/2407/2510 2404/2408/2511 2405/2409/2512
f 2405/2409/2512 2406/2410/2513 2403/2407/2510
f 2403/2407/2510 2406/2410/2513 2407/2411/2514
f 2407/2411/2514 2408/2412/2515 2403/2407/2510
f 2409/2413/2516 2410/2414/2517 2411/2415/2518
f 2411/2415/2518 2412/2416/2519 2409/2413/2516
f 2413/2417/2520 2414/2418/2521 2388/2392/2495
f 2388/2392/2495 2387/2391/2494 2413/2417/2520
f 2413/2417/2520 2387/2391/2494 2392/2396/2499
f 2392/2396/2499 2415/2419/2522 2413/2417/2520
f 2415/2419/2522 2392/2396/2499 2394/2398/2501
f 2394/2398/2501 2416/2420/2523 2415/2419/2522
f 2417/2421/2524 2395/2399/2502 2398/2402/2505
f 2398/2402/2505 2418/2422/2525 2417/2421/2524
f 2419/2423/2526 2420/2424/2527 2400/2404/2507
f 2400/2404/2507 2399/2403/2506 2419/2423/2526
f 2421/2425/2528 2422/2426/2529 2404/2408/2511
f 2404/2408/2511 2403/2407/2510 2421/2425/2528
f 2421/2425/2528 2403/2407/2510 2408/2412/2515
f 2408/2412/2515 2423/2427/2530 2421/2425/2528
f 2424/2428/2531 2409/2413/2516 2412/2416/2519
f 2412/2416/2519 2425/2429/2532 2424/2428/2531
f 2426/2430/2533 2427/2431/2534 2414/2418/2521
f 2414/2418/2521 2413/2417/2520 2426/2430/2533
f 2426/2430/2533 2413/2417/2520 2415/2419/2522
f 2415/2419/2522 2428/2432/2535 2426/2430/2533
f 2428/2432/2535 2415/2419/2522 2416/2420/2523
f 2416/2420/2523 2429/2433/2536 2428/2432/2535
f 2430/2434/2537 2417/2421/2524 2418/2422/2525
f 2418/2422/2525 2431/2435/2538 2430/2434/2537
f 2432/2436/2539 2433/2437/2540 2420/2424/2527
f 2420/2424/2527 2419/2423/2526 2432/2436/2539
f 2434/2438/2541 2435/2439/2542 2422/2426/2529
f 2422/2426/2529 2421/2425/2528 2434/2438/2541
f 2434/2438/2541 2421/2425/2528 2423/2427/2530
f 2423/2427/2530 2436/2440/2543 2434/2438/2541
f 2437/2441/2544 2424/2428/2531 2425/2429/2532
f 2425/2429/2532 2438/2442/2545 2437/2441/2544
f 2439/2443/2546 2440/2444/2547 2441/2445/2548
f 2441/2445/2548 2442/2446/2549 2439/2443/2546
f 2439/2443/2546 2442/2446/2549 2443/2447/2550
f 2443/2447/2550 2444/2448/2551 2439/2443/2546
f 2444/2448/2551 2443/2447/2550 2445/2449/2552
f 2445/2449/2552 2446/2450/2553 2444/2448/2551
f 2447/2451/2554 2448/2452/2555 2449/2453/2556
f 2449/2453/2556 2450/2454/2557 2447/2451/2554
f 2451/2455/2558 2452/2456/2559 2453/2457/2560
f 2453/2457/2560 2454/2458/2561 2451/2455/2558
f 2455/2459/2562 2456/2460/2563 2457/2461/2564
f 2457/2461/2564 2458/2462/2565 2455/2459/2562
f 2455/2459/2562 2458/2462/2565 2459/2463/2566
f 2459/2463/2566 2460/2464/2567 2455/2459/2562
f 2461/2465/2568 2462/2466/2569 2463/2467/2570
f 2463/2467/2570 2464/2468/2571 2461/2465/2568
f 2465/2469/2572 2466/2470/2573 2467/2471/2574
f 2467/2471/2574 2468/2472/2575 2465/2469/2572
f 2465/2469/2572 2468/2472/2575 2469/2473/2576
f 2469/2473/2576 2470/2474/2577 2465/2469/2572
f 2470/2474/2577 2469/2473/2576 2471/2475/2578
f 2471/2475/2578 2472/2476/2579 2470/2474/2577
f 2473/2477/2580 2474/2478/2581 2475/2479/2582
f 2475/2479/2582 2476/2480/2583 2473/2477/2580
f 2477/2481/2584 2478/2482/2585 2479/2483/2586
f 2479/2483/2586 2480/2484/2587 2477/2481/2584
f 2481/2485/2588 2482/2486/2589 2483/2487/2590
f 2483/2487/2590 2484/2488/2591 2481/2485/2588
f 2481/2485/2588 2484/2488/2591 2485/2489/2592
f 2485/2489/2592 2486/2490/2593 2481/2485/2588
f 2487/2491/2594 2488/2492/2595 2489/2493/2596
f 2489/2493/2596 2490/2494/2597 2487/2491/2594
f 2491/2495/2598 2492/2496/2599 2466/2470/2573
f 2466/2470/2573 2465/2469/2572 2491/2495/2598
f 2491/2495/2598 2465/2469/2572 2470/2474/2577
f 2470/2474/2577 2493/2497/2600 2491/2495/2598
f 2493/2497/2600 2470/2474/2577 2472/2476/2579
f 2472/2476/2579 2494/2498/2601 2493/2497/2600
f 2495/2499/2602 2473/2477/2580 2476/2480/2583
f 2476/2480/2583 2496/2500/2603 2495/2499/2602
f 2497/2501/2604 2498/2502/2605 2478/2482/2585
f 2478/2482/2585 2477/2481/2584 2497/2501/2604
f 2499/2503/2606 2500/2504/2607 2482/2486/2589
f 2482/2486/2589 2481/2485/2588 2499/2503/2606
f 2499/2503/2606 2481/2485/2588 2486/2490/2593
f 2486/2490/2593 2501/2505/2608 2499/2503/2606
f 2502/2506/2609 2487/2491/2594 2490/2494/2597
f 2490/2494/2597 2503/2507/2610 2502/2506/2609
f 2504/2508/2611 2505/2509/2612 2492/2496/2599
f 2492/2496/2599 2491/2495/2598 2504/2508/2611
f 2504/2508/2611 2491/2495/2598 2493/2497/2600
f 2493/2497/2600 2506/2510/2613 2504/2508/2611
f 2506/2510/2613 2493/2497/2600 2494/2498/2601
f 2494/2498/2601 2507/2511/2614 2506/2510/2613
f 2508/2512/2615 2495/2499/2602 2496/2500/2603
f 2496/2500/2603 2509/2513/2616 2508/2512/2615
f 2510/2514/2617 2511/2515/2618 2498/2502/2605
f 2498/2502/2605 2497/2501/2604 2510/2514/2617
f 2512/2516/2619 2513/2517/2620 2500/2504/2607
f 2500/2504/2607 2499/2503/2606 2512/2516/2619
f 2512/2516/2619 2499/2503/2606 2501/2505/2608
f 2501/2505/2608 2514/2518/2621 2512/2516/2619
f 2515/2519/2622 2502/2506/2609 2503/2507/2610
f 2503/2507/2610 2516/2520/2623 2515/2519/2622
f 2517/2521/2624 2518/2522/2625 2519/2523/2626
f 2519/2523/2626 2520/2524/2627 2517/2521/2624
f 2517/2521/2624 2520/2524/2627 2521/2525/2628
f 2521/2525/2628 2522/2526/2629 2517/2521/2624
f 2522/2526/2629 2521/2525/2628 2523/2527/2630
f 2523/2527/2630 2524/2528/2631 2522/2526/2629
f 2525/2529/2632 2526/2530/2633 2527/2531/2634
f 2527/2531/2634 2528/2532/2635 2525/2529/2632
f 2529/2533/2636 2530/2534/2637 2531/2535/2638
f 2531/2535/2638 2532/2536/2639 2529/2533/2636
f 2533/2537/2640 2534/2538/2641 2535/2539/2642
f 2535/2539/2642 2536/2540/2643 2533/2537/2640
f 2537/2541/2644 2538/2542/2645 2539/2543/2646
f 2539/2543/2646 2540/2544/2647 2537/2541/2644
f 2468/2472/2575 2467/2471/2574 2440/2444/2547
f 2440/2444/2547 2439/2443/2546 2468/2472/2575
f 2468/2472/2575 2439/2443/2546 2444/2448/2551
f 2444/2448/2551 2469/2473/2576 2468/2472/2575
f 2469/2473/2576 2444/2448/2551 2446/2450/2553
f 2446/2450/2553 2471/2475/2578 2469/2473/2576
f 2474/2478/2581 2447/2451/2554 2450/2454/2557
f 2450/2454/2557 2475/2479/2582 2474/2478/2581
f 2480/2484/2587 2479/2483/2586 2452/2456/2559
f 2452/2456/2559 2451/2455/2558 2480/2484/2587
f 2484/2488/2591 2483/2487/2590 2456/2460/2563
f 2456/2460/2563 2455/2459/2562 2484/2488/2591
f 2484/2488/2591 2455/2459/2562 2460/2464/2567
f 2460/2464/2567 2485/2489/2592 2484/2488/2591
f 2488/2492/2595 2461/2465/2568 2464/2468/2571
f 2464/2468/2571 2489/2493/2596 2488/2492/2595
f 2442/2446/2549 2441/2445/2548 2541/2545/2648
f 2541/2545/2648 2542/2546/2649 2442/2446/2549
f 2442/2446/2549 2542/2546/2649 2543/2547/2650
f 2543/2547/2650 2443/2447/2550 2442/2446/2549
f 2443/2447/2550 2543/2547/2650 2544/2548/2651
f 2544/2548/2651 2445/2449/2552 2443/2447/2550
f 2448/2452/2555 2545/2549/2652 2546/2550/2653
f 2546/2550/2653 2449/2453/2556 2448/2452/2555
f 2454/2458/2561 2453/2457/2560 2547/2551/2654
f 2547/2551/2654 2548/2552/2655 2454/2458/2561
f 2458/2462/2565 2457/2461/2564 2549/2553/2656
f 2549/2553/2656 2550/2554/2657 2458/2462/2565
f 2458/2462/2565 2550/2554/2657 2551/2555/2658
f 2551/2555/2658 2459/2463/2566 2458/2462/2565
f 2462/2466/2569 2552/2556/2659 2553/2557/2660
f 2553/2557/2660 2463/2467/2570 2462/2466/2569
f 2520/2524/2627 2519/2523/2626 2505/2509/2612
f 2505/2509/2612 2504/2508/2611 2520/2524/2627
f 2520/2524/2627 2504/2508/2611 2506/2510/2613
f 2506/2510/2613 2521/2525/2628 2520/2524/2627
f 2521/2525/2628 2506/2510/2613 2507/2511/2614
f 2507/2511/2614 2523/2527/2630 2521/2525/2628
f 2526/2530/2633 2508/2512/2615 2509/2513/2616
f 2509/2513/2616 2527/2531/2634 2526/2530/2633
f 2532/2536/2639 2531/2535/2638 2511/2515/2618
f 2511/2515/2618 2510/2514/2617 2532/2536/2639
f 2536/2540/2643 2535/2539/2642 2513/2517/2620
f 2513/2517/2620 2512/2516/2619 2536/2540/2643
f 2538/2542/2645 2515/2519/2622 2516/2520/2623
f 2516/2520/2623 2539/2543/2646 2538/2542/2645
f 2554/2558/2661 2555/2559/2662 2556/2560/2663
f 2556/2560/2663 2557/2561/2664 2554/2558/2661
f 2554/2558/2661 2557/2561/2664 1146/1149/1154
f 1146/1149/1154 1147/1150/1155 2554/2558/2661
f 2558/2562/2665 2559/2563/2666 2560/2564/2667
f 2560/2564/2667 2561/2565/2668 2558/2562/2665
f 2558/2562/2665 2561/2565/2668 2562/2566/2669
f 2562/2566/2669 2563/2567/2670 2558/2562/2665
f 2564/2568/2671 2565/2569/2672 2566/2570/2673
f 2566/2570/2673 2567/2571/2674 2564/2568/2671
f 2568/2572/2675 2569/2573/2676 2555/2559/2662
f 2555/2559/2662 2554/2558/2661 2568/2572/2675
f 2568/2572/2675 2554/2558/2661 1147/1150/1155
f 1147/1150/1155 1160/1163/1168 2568/2572/2675
f 2570/2574/2677 2571/2575/2678 2559/2563/2666
f 2559/2563/2666 2558/2562/2665 2570/2574/2677
f 2570/2574/2677 2558/2562/2665 2563/2567/2670
f 2563/2567/2670 2572/2576/2679 2570/2574/2677
f 2573/2577/2680 2564/2568/2671 2567/2571/2674
f 2567/2571/2674 2574/2578/2681 2573/2577/2680
f 2575/2579/2682 2576/2580/2683 2569/2573/2676
f 2569/2573/2676 2568/2572/2675 2575/2579/2682
f 2575/2579/2682 2568/2572/2675 1160/1163/1168
f 1160/1163/1168 1168/1171/1176 2575/2579/2682
f 2577/2581/2684 2578/2582/2685 2571/2575/2678
f 2571/2575/2678 2570/2574/2677 2577/2581/2684
f 2577/2581/2684 2570/2574/2677 2572/2576/2679
f 2572/2576/2679 2579/2583/2686 2577/2581/2684
f 2580/2584/2687 2573/2577/2680 2574/2578/2681
f 2574/2578/2681 2581/2585/2688 2580/2584/2687
f 2582/2586/2689 2583/2587/2690 2576/2580/2683
f 2576/2580/2683 2575/2579/2682 2582/2586/2689
f 2582/2586/2689 2575/2579/2682 1168/1171/1176
f 1168/1171/1176 1176/1179/1184 2582/2586/2689
f 2584/2588/2691 2585/2589/2692 2578/2582/2685
f 2578/2582/2685 2577/2581/2684 2584/2588/2691
f 2584/2588/2691 2577/2581/2684 2579/2583/2686
f 2579/2583/2686 2586/2590/2693 2584/2588/2691
f 2587/2591/2694 2580/2584/2687 2581/2585/2688
f 2581/2585/2688 2588/2592/2695 2587/2591/2694
f 2589/2593/2696 2590/2594/2697 2583/2587/2690
f 2583/2587/2690 2582/2586/2689 2589/2593/2696
f 2589/2593/2696 2582/2586/2689 1176/1179/1184
f 2589/2593/2696 1176/1179/1184 1185/1188/1193
f 1185/1188/1193 1184/1187/1192 2589/2593/2696
f 2591/2595/2698 2592/2596/2699 2585/2589/2692
f 2585/2589/2692 2584/2588/2691 2591/2595/2698
f 2591/2595/2698 2584/2588/2691 2586/2590/2693
f 2586/2590/2693 2593/2597/2700 2591/2595/2698
f 2594/2598/2701 2587/2591/2694 2588/2592/2695
f 2588/2592/2695 2595/2599/2702 2594/2598/2701
f 2596/2600/2703 2597/2601/2704 2590/2594/2697
f 2590/2594/2697 2589/2593/2696 2596/2600/2703
f 2596/2600/2703 2589/2593/2696 1184/1187/1192
f 1184/1187/1192 1193/1196/1201 2596/2600/2703
f 2598/2602/2705 2599/2603/2706 2592/2596/2699
f 2592/2596/2699 2591/2595/2698 2598/2602/2705
f 2598/2602/2705 2591/2595/2698 2593/2597/2700
f 2593/2597/2700 2600/2604/2707 2598/2602/2705
f 2601/2605/2708 2594/2598/2701 2595/2599/2702
f 2595/2599/2702 2602/2606/2709 2601/2605/2708
f 2603/2607/2710 2604/2608/2711 2597/2601/2704
f 2597/2601/2704 2596/2600/2703 2603/2607/2710
f 2603/2607/2710 2596/2600/2703 1193/1196/1201
f 1193/1196/1201 1201/1204/1210 2603/2607/2710
f 2605/2609/2712 2606/2610/2713 2599/2603/2706
f 2599/2603/2706 2598/2602/2705 2605/2609/2712
f 2607/2611/2714 2608/2612/2715 2609/2613/2716
f 2609/2613/2716 2610/2614/2717 2607/2611/2714
f 2611/2615/2718 2612/2616/2719 2613/2617/2720
f 2613/2617/2720 2614/2618/2721 2611/2615/2718
f 2615/2619/2722 2616/2620/2723 2617/2621/2724
f 2617/2621/2724 2618/2622/2725 2615/2619/2722
f 2615/2619/2722 2618/2622/2725 1216/1219/1225
f 1216/1219/1225 1217/1220/1226 2615/2619/2722
f 2619/2623/2726 2620/2624/2727 2621/2625/2728
f 2621/2625/2728 2622/2626/2729 2619/2623/2726
f 2623/2627/2730 2624/2628/2731 2616/2620/2723
f 2616/2620/2723 2615/2619/2722 2623/2627/2730
f 2623/2627/2730 2615/2619/2722 1217/1220/1226
f 1217/1220/1226 1224/1227/1233 2623/2627/2730
f 2625/2629/2732 2626/2630/2733 2620/2624/2727
f 2620/2624/2727 2619/2623/2726 2625/2629/2732
f 2625/2629/2732 2619/2623/2726 2627/2631/2734
f 2627/2631/2734 2628/2632/2735 2625/2629/2732
f 2629/2633/2736 2630/2634/2737 2631/2635/2738
f 2631/2635/2738 2632/2636/2739 2629/2633/2736
f 2633/2637/2740 2634/2638/2741 2624/2628/2731
f 2624/2628/2731 2623/2627/2730 2633/2637/2740
f 2633/2637/2740 2623/2627/2730 1224/1227/1233
f 1224/1227/1233 1235/1238/1244 2633/2637/2740
f 2635/2639/2742 2636/2640/2743 2626/2630/2733
f 2626/2630/2733 2625/2629/2732 2635/2639/2742
f 2635/2639/2742 2625/2629/2732 2628/2632/2735
f 2628/2632/2735 2637/2641/2744 2635/2639/2742
f 2638/2642/2745 2629/2633/2736 2632/2636/2739
f 2632/2636/2739 2639/2643/2746 2638/2642/2745
f 2640/2644/2747 2641/2645/2748 2642/2646/2749
f 2642/2646/2749 2643/2647/2750 2640/2644/2747
f 2640/2644/2747 2643/2647/2750 2644/2648/2751
f 2644/2648/2751 2645/2649/2752 2640/2644/2747
f 2646/2650/2753 2647/2651/2754 2648/2652/2755
f 2648/2652/2755 2649/2653/2756 2646/2650/2753
f 2650/2654/2757 2651/2655/2758 2652/2656/2759
f 2652/2656/2759 2653/2657/2760 2650/2654/2757
f 2654/2658/2761 2655/2659/2762 2656/2660/2763
f 2656/2660/2763 2657/2661/2764 2654/2658/2761
f 2622/2626/2729 2621/2625/2728 2658/2662/2765
f 2658/2662/2765 2607/2611/2714 2622/2626/2729
f 2618/2622/2725 2617/2621/2724 2659/2663/2766
f 2659/2663/2766 2660/2664/2767 2618/2622/2725
f 2618/2622/2725 2660/2664/2767 1262/1265/1274
f 1262/1265/1274 1216/1219/1225 2618/2622/2725
f 2630/2634/2737 2661/2665/2768 2662/2666/2769
f 2662/2666/2769 2631/2635/2738 2630/2634/2737
f 2619/2623/2726 2663/2667/2770 2664/2668/2771
f 2664/2668/2771 2627/2631/2734 2619/2623/2726
f 2622/2626/2729 2665/2669/2772 2663/2667/2770
f 2663/2667/2770 2619/2623/2726 2622/2626/2729
f 2607/2611/2714 2666/2670/2773 2665/2669/2772
f 2665/2669/2772 2622/2626/2729 2607/2611/2714
f 2610/2614/2717 2667/2671/2774 2666/2670/2773
f 2666/2670/2773 2607/2611/2714 2610/2614/2717
f 2614/2618/2721 2668/2672/2775 2669/2673/2776
f 2669/2673/2776 2611/2615/2718 2614/2618/2721
f 2670/2674/2777 2671/2675/2778 2668/2672/2775
f 2668/2672/2775 2614/2618/2721 2670/2674/2777
f 2631/2635/2738 2662/2666/2769 2671/2675/2778
f 2671/2675/2778 2670/2674/2777 2631/2635/2738
f 2343/2347/2450 2324/2328/2431 2327/2331/2434
f 2327/2331/2434 2344/2348/2451 2343/2347/2450
f 2344/2348/2451 2327/2331/2434 2329/2333/2436
f 2329/2333/2436 2346/2350/2453 2344/2348/2451
f 2346/2350/2453 2329/2333/2436 2331/2335/2438
f 2331/2335/2438 2348/2352/2455 2346/2350/2453
f 2351/2355/2458 2332/2336/2439 2335/2339/2442
f 2335/2339/2442 2352/2356/2459 2351/2355/2458
f 2352/2356/2459 2335/2339/2442 2337/2341/2444
f 2337/2341/2444 2354/2358/2461 2352/2356/2459
f 2354/2358/2461 2337/2341/2444 2339/2343/2446
f 2339/2343/2446 2356/2360/2463 2354/2358/2461
f 2356/2360/2463 2339/2343/2446 2341/2345/2448
f 2341/2345/2448 2358/2362/2465 2356/2360/2463
f 2358/2362/2465 2341/2345/2448 2324/2328/2431
f 2324/2328/2431 2343/2347/2450 2358/2362/2465
f 2325/2329/2432 2315/2319/2422 2316/2320/2423
f 2316/2320/2423 2326/2330/2433 2325/2329/2432
f 2326/2330/2433 2316/2320/2423 2317/2321/2424
f 2317/2321/2424 2328/2332/2435 2326/2330/2433
f 2328/2332/2435 2317/2321/2424 2318/2322/2425
f 2318/2322/2425 2330/2334/2437 2328/2332/2435
f 2333/2337/2440 2319/2323/2426 2320/2324/2427
f 2320/2324/2427 2334/2338/2441 2333/2337/2440
f 2334/2338/2441 2320/2324/2427 2321/2325/2428
f 2321/2325/2428 2336/2340/2443 2334/2338/2441
f 2336/2340/2443 2321/2325/2428 2322/2326/2429
f 2322/2326/2429 2338/2342/2445 2336/2340/2443
f 2338/2342/2445 2322/2326/2429 2323/2327/2430
f 2323/2327/2430 2340/2344/2447 2338/2342/2445
f 2340/2344/2447 2323/2327/2430 2315/2319/2422
f 2315/2319/2422 2325/2329/2432 2340/2344/2447
f 2650/2654/2757 2653/2657/2760 2672/2676/2779
f 2672/2676/2779 2673/2677/2780 2650/2654/2757
f 2533/2537/2640 2536/2540/2643 2674/2678/2781
f 2674/2678/2781 2675/2679/2782 2533/2537/2640
f 2512/2516/2619 2514/2518/2621 2674/2678/2781
f 2674/2678/2781 2536/2540/2643 2512/2516/2619
f 2676/2680/2783 2677/2681/2784 2678/2682/2785
f 2678/2682/2785 2679/2683/2786 2676/2680/2783
f 2680/2684/2787 2681/2685/2788 2682/2686/2789
f 2682/2686/2789 2683/2687/2790 2680/2684/2787
f 2684/2688/2791 2685/2689/2792 2682/2686/2789
f 2682/2686/2789 2681/2685/2788 2684/2688/2791
f 2686/2690/2793 2687/2691/2794 2688/2692/2795
f 2688/2692/2795 2689/2693/2796 2686/2690/2793
f 2690/2694/2797 2691/2695/2798 2692/2696/2799
f 2692/2696/2799 2693/2697/2800 2690/2694/2797
f 2694/2698/2801 2695/2699/2802 2696/2700/2803
f 2696/2700/2803 2697/2701/2804 2694/2698/2801
f 2698/2702/2805 2699/2703/2806 2700/2704/2807
f 2700/2704/2807 2701/2705/2808 2698/2702/2805
f 2702/2706/2809 2677/2681/2784 2676/2680/2783
f 2676/2680/2783 2703/2707/2810 2702/2706/2809
f 2704/2708/2811 2681/2685/2788 2680/2684/2787
f 2680/2684/2787 2705/2709/2812 2704/2708/2811
f 2706/2710/2813 2684/2688/2791 2681/2685/2788
f 2681/2685/2788 2704/2708/2811 2706/2710/2813
f 2690/2694/2797 2707/2711/2814 2708/2712/2815
f 2708/2712/2815 2691/2695/2798 2690/2694/2797
f 2709/2713/2816 2694/2698/2801 2697/2701/2804
f 2697/2701/2804 2710/2714/2817 2709/2713/2816
f 2711/2715/2818 2698/2702/2805 2701/2705/2808
f 2701/2705/2808 2712/2716/2819 2711/2715/2818
f 2713/2717/2820 2687/2691/2794 2686/2690/2793
f 2686/2690/2793 2714/2718/2821 2713/2717/2820
f 2715/2719/2822 2411/2415/2518 2410/2414/2517
f 2410/2414/2517 2716/2720/2823 2715/2719/2822
f 2717/2721/2824 2407/2411/2514 2406/2410/2513
f 2406/2410/2513 2718/2722/2825 2717/2721/2824
f 2718/2722/2825 2406/2410/2513 2405/2409/2512
f 2405/2409/2512 2719/2723/2826 2718/2722/2825
f 2720/2724/2827 2402/2406/2509 2401/2405/2508
f 2401/2405/2508 2721/2725/2828 2720/2724/2827
f 2722/2726/2829 2397/2401/2504 2396/2400/2503
f 2396/2400/2503 2723/2727/2830 2722/2726/2829
f 2724/2728/2831 2393/2397/2500 2391/2395/2498
f 2391/2395/2498 2725/2729/2832 2724/2728/2831
f 2725/2729/2832 2391/2395/2498 2390/2394/2497
f 2390/2394/2497 2726/2730/2833 2725/2729/2832
f 2726/2730/2833 2390/2394/2497 2389/2393/2496
f 2389/2393/2496 2727/2731/2834 2726/2730/2833
f 2728/2732/2835 2729/2733/2836 2685/2689/2792
f 2685/2689/2792 2730/2734/2837 2728/2732/2835
f 2731/2735/2838 2730/2734/2837 2685/2689/2792
f 2685/2689/2792 2684/2688/2791 2731/2735/2838
f 2732/2736/2839 2733/2737/2840 2734/2738/2841
f 2734/2738/2841 2735/2739/2842 2732/2736/2839
f 2736/2740/2843 2737/2741/2844 2738/2742/2845
f 2738/2742/2845 2739/2743/2846 2736/2740/2843
f 2740/2744/2847 2689/2693/2796 2737/2741/2844
f 2737/2741/2844 2736/2740/2843 2740/2744/2847
f 2689/2693/2796 2740/2744/2847 2741/2745/2848
f 2741/2745/2848 2686/2690/2793 2689/2693/2796
f 2731/2735/2838 2684/2688/2791 2706/2710/2813
f 2706/2710/2813 2742/2746/2849 2731/2735/2838
f 2743/2747/2850 2714/2718/2821 2686/2690/2793
f 2686/2690/2793 2741/2745/2848 2743/2747/2850
f 2744/2748/2851 2728/2732/2835 2730/2734/2837
f 2730/2734/2837 2693/2697/2800 2744/2748/2851
f 2745/2749/2852 2732/2736/2839 2735/2739/2842
f 2735/2739/2842 2746/2750/2853 2745/2749/2852
f 2747/2751/2854 2736/2740/2843 2739/2743/2846
f 2739/2743/2846 2748/2752/2855 2747/2751/2854
f 2749/2753/2856 2740/2744/2847 2736/2740/2843
f 2736/2740/2843 2747/2751/2854 2749/2753/2856
f 2693/2697/2800 2730/2734/2837 2731/2735/2838
f 2731/2735/2838 2690/2694/2797 2693/2697/2800
f 2750/2754/2857 2741/2745/2848 2740/2744/2847
f 2740/2744/2847 2749/2753/2856 2750/2754/2857
f 2690/2694/2797 2731/2735/2838 2742/2746/2849
f 2742/2746/2849 2707/2711/2814 2690/2694/2797
f 2751/2755/2858 2743/2747/2850 2741/2745/2848
f 2741/2745/2848 2750/2754/2857 2751/2755/2858
f 2693/2697/2800 2692/2696/2799 2752/2756/2859
f 2752/2756/2859 2744/2748/2851 2693/2697/2800
f 2700/2704/2807 2747/2751/2854 2748/2752/2855
f 2748/2752/2855 2753/2757/2860 2700/2704/2807
f 2700/2704/2807 2699/2703/2806 2749/2753/2856
f 2749/2753/2856 2747/2751/2854 2700/2704/2807
f 2698/2702/2805 2750/2754/2857 2749/2753/2856
f 2749/2753/2856 2699/2703/2806 2698/2702/2805
f 2698/2702/2805 2711/2715/2818 2751/2755/2858
f 2751/2755/2858 2750/2754/2857 2698/2702/2805
f 2754/2758/2861 2755/2759/2862 2756/2760/2863
f 2756/2760/2863 2757/2761/2864 2754/2758/2861
f 2757/2761/2864 2756/2760/2863 2758/2762/2865
f 2758/2762/2865 2759/2763/2866 2757/2761/2864
f 2759/2763/2866 2758/2762/2865 2760/2764/2867
f 2760/2764/2867 2761/2765/2868 2759/2763/2866
f 2761/2765/2868 2760/2764/2867 2762/2766/2869
f 2762/2766/2869 2763/2767/2870 2761/2765/2868
f 2764/2768/2871 2763/2767/2870 2762/2766/2869
f 2765/2769/2872 2766/2770/2873 2767/2771/2874
f 2767/2771/2874 2768/2772/2875 2765/2769/2872
f 2763/2767/2870 2764/2768/2871 2769/2773/2876
f 2769/2773/2876 2770/2774/2877 2763/2767/2870
f 2771/2775/2878 2761/2765/2868 2763/2767/2870
f 2763/2767/2870 2770/2774/2877 2771/2775/2878
f 2772/2776/2879 2759/2763/2866 2761/2765/2868
f 2761/2765/2868 2771/2775/2878 2772/2776/2879
f 2773/2777/2880 2757/2761/2864 2759/2763/2866
f 2759/2763/2866 2772/2776/2879 2773/2777/2880
f 2774/2778/2881 2754/2758/2861 2757/2761/2864
f 2757/2761/2864 2773/2777/2880 2774/2778/2881
f 2775/2779/2882 2766/2770/2873 2765/2769/2872
f 2765/2769/2872 2776/2780/2883 2775/2779/2882
f 2695/2699/2802 2745/2749/2852 2746/2750/2853
f 2746/2750/2853 2696/2700/2803 2695/2699/2802
f 2777/2781/2884 2701/2705/2808 2700/2704/2807
f 2700/2704/2807 2753/2757/2860 2777/2781/2884
f 2778/2782/2885 2712/2716/2819 2701/2705/2808
f 2701/2705/2808 2777/2781/2884 2778/2782/2885
f 2691/2695/2798 2779/2783/2886 2752/2756/2859
f 2752/2756/2859 2692/2696/2799 2691/2695/2798
f 2708/2712/2815 2780/2784/2887 2779/2783/2886
f 2779/2783/2886 2691/2695/2798 2708/2712/2815
f 2754/2758/2861 2765/2769/2872 2768/2772/2875
f 2768/2772/2875 2755/2759/2862 2754/2758/2861
f 2774/2778/2881 2776/2780/2883 2765/2769/2872
f 2765/2769/2872 2754/2758/2861 2774/2778/2881
f 2781/2785/2888 2782/2786/2889 2783/2787/2890
f 2783/2787/2890 2784/2788/2891 2781/2785/2888
f 2785/2789/2892 2786/2790/2893 2782/2786/2889
f 2782/2786/2889 2781/2785/2888 2785/2789/2892
f 2787/2791/2894 2788/2792/2895 2786/2790/2893
f 2786/2790/2893 2785/2789/2892 2787/2791/2894
f 2789/2793/2896 2790/2794/2897 2788/2792/2895
f 2788/2792/2895 2787/2791/2894 2789/2793/2896
f 2791/2795/2898 2792/2796/2899 2790/2794/2897
f 2790/2794/2897 2789/2793/2896 2791/2795/2898
f 2793/2797/2900 2794/2798/2901 2792/2796/2899
f 2792/2796/2899 2791/2795/2898 2793/2797/2900
f 2795/2799/2902 2796/2800/2903 2794/2798/2901
f 2794/2798/2901 2793/2797/2900 2795/2799/2902
f 2797/2801/2904 2798/2802/2905 2799/2803/2906
f 2799/2803/2906 2800/2804/2907 2797/2801/2904
f 2801/2805/2908 2802/2806/2909 2798/2802/2905
f 2798/2802/2905 2797/2801/2904 2801/2805/2908
f 2803/2807/2910 2804/2808/2911 2802/2806/2909
f 2802/2806/2909 2801/2805/2908 2803/2807/2910
f 2800/2804/2907 2799/2803/2906 2805/2809/2912
f 2805/2809/2912 2806/2810/2913 2800/2804/2907
f 2649/2653/2756 2648/2652/2755 2530/2534/2637
f 2530/2534/2637 2529/2533/2636 2649/2653/2756
f 2653/2657/2760 2652/2656/2759 2534/2538/2641
f 2534/2538/2641 2533/2537/2640 2653/2657/2760
f 2653/2657/2760 2533/2537/2640 2675/2679/2782
f 2675/2679/2782 2672/2676/2779 2653/2657/2760
f 2655/2659/2762 2537/2541/2644 2540/2544/2647
f 2540/2544/2647 2656/2660/2763 2655/2659/2762
f 2643/2647/2750 2642/2646/2749 2518/2522/2625
f 2518/2522/2625 2517/2521/2624 2643/2647/2750
f 2643/2647/2750 2517/2521/2624 2522/2526/2629
f 2643/2647/2750 2522/2526/2629 2807/2811/2914
f 2807/2811/1421 2644/2648/2751 2643/2647/2750
f 2808/2812/2915 2528/2532/2635 2530/2534/2637
f 2808/2812/2915 2530/2534/2637 2648/2652/2755
f 2648/2652/2755 2809/2813/2916 2808/2812/2915
f 2528/2532/2635 2527/2531/2634 2531/2535/2638
f 2531/2535/2638 2530/2534/2637 2528/2532/2635
f 2527/2531/2634 2509/2513/2616 2511/2515/2618
f 2511/2515/2618 2531/2535/2638 2527/2531/2634
f 2509/2513/2616 2496/2500/2603 2498/2502/2605
f 2498/2502/2605 2511/2515/2618 2509/2513/2616
f 2496/2500/2603 2476/2480/2583 2478/2482/2585
f 2478/2482/2585 2498/2502/2605 2496/2500/2603
f 2476/2480/2583 2475/2479/2582 2479/2483/2586
f 2479/2483/2586 2478/2482/2585 2476/2480/2583
f 2475/2479/2582 2450/2454/2557 2452/2456/2559
f 2452/2456/2559 2479/2483/2586 2475/2479/2582
f 2450/2454/2557 2449/2453/2556 2453/2457/2560
f 2453/2457/2560 2452/2456/2559 2450/2454/2557
f 2449/2453/2556 2546/2550/2653 2547/2551/2654
f 2547/2551/2654 2453/2457/2560 2449/2453/2556
f 2431/2435/2538 2418/2422/2525 2420/2424/2527
f 2420/2424/2527 2433/2437/2540 2431/2435/2538
f 2418/2422/2525 2398/2402/2505 2400/2404/2507
f 2400/2404/2507 2420/2424/2527 2418/2422/2525
f 2398/2402/2505 2397/2401/2504 2401/2405/2508
f 2401/2405/2508 2400/2404/2507 2398/2402/2505
f 2722/2726/2829 2721/2725/2828 2401/2405/2508
f 2401/2405/2508 2397/2401/2504 2722/2726/2829
f 2728/2732/2835 2735/2739/2842 2734/2738/2841
f 2734/2738/2841 2729/2733/2836 2728/2732/2835
f 2744/2748/2851 2746/2750/2853 2735/2739/2842
f 2735/2739/2842 2728/2732/2835 2744/2748/2851
f 2752/2756/2859 2696/2700/2803 2746/2750/2853
f 2746/2750/2853 2744/2748/2851 2752/2756/2859
f 2779/2783/2886 2697/2701/2804 2696/2700/2803
f 2696/2700/2803 2752/2756/2859 2779/2783/2886
f 2780/2784/2887 2710/2714/2817 2697/2701/2804
f 2697/2701/2804 2779/2783/2886 2780/2784/2887
f 2803/2807/2910 2801/2805/2908 2626/2630/2733
f 2626/2630/2733 2636/2640/2743 2803/2807/2910
f 2801/2805/2908 2797/2801/2904 2620/2624/2727
f 2620/2624/2727 2626/2630/2733 2801/2805/2908
f 2797/2801/2904 2800/2804/2907 2621/2625/2728
f 2621/2625/2728 2620/2624/2727 2797/2801/2904
f 2800/2804/2907 2806/2810/2913 2658/2662/2765
f 2658/2662/2765 2621/2625/2728 2800/2804/2907
f 2795/2799/2902 2793/2797/2900 2599/2603/2706
f 2599/2603/2706 2606/2610/2713 2795/2799/2902
f 2793/2797/2900 2791/2795/2898 2592/2596/2699
f 2592/2596/2699 2599/2603/2706 2793/2797/2900
f 2791/2795/2898 2789/2793/2896 2585/2589/2692
f 2585/2589/2692 2592/2596/2699 2791/2795/2898
f 2789/2793/2896 2787/2791/2894 2578/2582/2685
f 2578/2582/2685 2585/2589/2692 2789/2793/2896
f 2787/2791/2894 2785/2789/2892 2571/2575/2678
f 2571/2575/2678 2578/2582/2685 2787/2791/2894
f 2785/2789/2892 2781/2785/2888 2559/2563/2666
f 2559/2563/2666 2571/2575/2678 2785/2789/2892
f 2781/2785/2888 2784/2788/2891 2560/2564/2667
f 2560/2564/2667 2559/2563/2666 2781/2785/2888
f 2646/2650/2753 2649/2653/2756 2652/2656/2759
f 2652/2656/2759 2651/2655/2758 2646/2650/2753
f 2649/2653/2756 2529/2533/2636 2534/2538/2641
f 2534/2538/2641 2652/2656/2759 2649/2653/2756
f 2529/2533/2636 2532/2536/2639 2535/2539/2642
f 2535/2539/2642 2534/2538/2641 2529/2533/2636
f 2532/2536/2639 2510/2514/2617 2513/2517/2620
f 2513/2517/2620 2535/2539/2642 2532/2536/2639
f 2510/2514/2617 2497/2501/2604 2500/2504/2607
f 2500/2504/2607 2513/2517/2620 2510/2514/2617
f 2497/2501/2604 2477/2481/2584 2482/2486/2589
f 2482/2486/2589 2500/2504/2607 2497/2501/2604
f 2477/2481/2584 2480/2484/2587 2483/2487/2590
f 2483/2487/2590 2482/2486/2589 2477/2481/2584
f 2480/2484/2587 2451/2455/2558 2456/2460/2563
f 2456/2460/2563 2483/2487/2590 2480/2484/2587
f 2451/2455/2558 2454/2458/2561 2457/2461/2564
f 2457/2461/2564 2456/2460/2563 2451/2455/2558
f 2454/2458/2561 2548/2552/2655 2549/2553/2656
f 2549/2553/2656 2457/2461/2564 2454/2458/2561
f 2432/2436/2539 2419/2423/2526 2422/2426/2529
f 2422/2426/2529 2435/2439/2542 2432/2436/2539
f 2419/2423/2526 2399/2403/2506 2404/2408/2511
f 2404/2408/2511 2422/2426/2529 2419/2423/2526
f 2399/2403/2506 2402/2406/2509 2405/2409/2512
f 2405/2409/2512 2404/2408/2511 2399/2403/2506
f 2720/2724/2827 2719/2723/2826 2405/2409/2512
f 2405/2409/2512 2402/2406/2509 2720/2724/2827
f 2732/2736/2839 2739/2743/2846 2738/2742/2845
f 2738/2742/2845 2733/2737/2840 2732/2736/2839
f 2745/2749/2852 2748/2752/2855 2739/2743/2846
f 2739/2743/2846 2732/2736/2839 2745/2749/2852
f 2695/2699/2802 2753/2757/2860 2748/2752/2855
f 2748/2752/2855 2745/2749/2852 2695/2699/2802
f 2694/2698/2801 2777/2781/2884 2753/2757/2860
f 2753/2757/2860 2695/2699/2802 2694/2698/2801
f 2709/2713/2816 2778/2782/2885 2777/2781/2884
f 2777/2781/2884 2694/2698/2801 2709/2713/2816
f 2639/2643/2746 2632/2636/2739 2624/2628/2731
f 2624/2628/2731 2634/2638/2741 2639/2643/2746
f 2632/2636/2739 2631/2635/2738 2616/2620/2723
f 2616/2620/2723 2624/2628/2731 2632/2636/2739
f 2631/2635/2738 2670/2674/2777 2617/2621/2724
f 2617/2621/2724 2616/2620/2723 2631/2635/2738
f 2670/2674/2777 2614/2618/2721 2659/2663/2766
f 2659/2663/2766 2617/2621/2724 2670/2674/2777
f 2602/2606/2709 2595/2599/2702 2590/2594/2697
f 2590/2594/2697 2597/2601/2704 2602/2606/2709
f 2595/2599/2702 2588/2592/2695 2583/2587/2690
f 2583/2587/2690 2590/2594/2697 2595/2599/2702
f 2588/2592/2695 2581/2585/2688 2576/2580/2683
f 2576/2580/2683 2583/2587/2690 2588/2592/2695
f 2581/2585/2688 2574/2578/2681 2569/2573/2676
f 2569/2573/2676 2576/2580/2683 2581/2585/2688
f 2574/2578/2681 2567/2571/2674 2555/2559/2662
f 2555/2559/2662 2569/2573/2676 2574/2578/2681
f 2567/2571/2674 2566/2570/2673 2556/2560/2663
f 2556/2560/2663 2555/2559/2662 2567/2571/2674
f 2657/2661/2764 2656/2660/2763 2642/2646/2749
f 2642/2646/2749 2641/2645/2748 2657/2661/2764
f 2656/2660/2763 2540/2544/2647 2518/2522/2625
f 2518/2522/2625 2642/2646/2749 2656/2660/2763
f 2540/2544/2647 2539/2543/2646 2519/2523/2626
f 2519/2523/2626 2518/2522/2625 2540/2544/2647
f 2539/2543/2646 2516/2520/2623 2505/2509/2612
f 2505/2509/2612 2519/2523/2626 2539/2543/2646
f 2516/2520/2623 2503/2507/2610 2492/2496/2599
f 2492/2496/2599 2505/2509/2612 2516/2520/2623
f 2503/2507/2610 2490/2494/2597 2466/2470/2573
f 2466/2470/2573 2492/2496/2599 2503/2507/2610
f 2490/2494/2597 2489/2493/2596 2467/2471/2574
f 2467/2471/2574 2466/2470/2573 2490/2494/2597
f 2489/2493/2596 2464/2468/2571 2440/2444/2547
f 2440/2444/2547 2467/2471/2574 2489/2493/2596
f 2464/2468/2571 2463/2467/2570 2441/2445/2548
f 2441/2445/2548 2440/2444/2547 2464/2468/2571
f 2463/2467/2570 2553/2557/2660 2541/2545/2648
f 2541/2545/2648 2441/2445/2548 2463/2467/2570
f 2438/2442/2545 2425/2429/2532 2414/2418/2521
f 2414/2418/2521 2427/2431/2534 2438/2442/2545
f 2425/2429/2532 2412/2416/2519 2388/2392/2495
f 2388/2392/2495 2414/2418/2521 2425/2429/2532
f 2412/2416/2519 2411/2415/2518 2389/2393/2496
f 2389/2393/2496 2388/2392/2495 2412/2416/2519
f 2715/2719/2822 2727/2731/2834 2389/2393/2496
f 2389/2393/2496 2411/2415/2518 2715/2719/2822
f 2687/2691/2794 2676/2680/2783 2679/2683/2786
f 2679/2683/2786 2688/2692/2795 2687/2691/2794
f 2713/2717/2820 2703/2707/2810 2676/2680/2783
f 2676/2680/2783 2687/2691/2794 2713/2717/2820
f 2810/2814/2917 1771/1785/1882 1412/1415/1425
f 1412/1415/1425 1414/1417/1427 2810/2814/2917
f 2811/2815/2918 1797/1811/1910 1782/1796/1893
f 1782/1796/1893 2812/2816/2919 2811/2815/2918
f 2812/2816/2919 1782/1796/1893 1783/1797/1894
f 1783/1797/1894 2813/2817/2920 2812/2816/2919
f 2813/2817/2920 1783/1797/1894 1784/1798/1895
f 1784/1798/1895 2814/2818/2921 2813/2817/2920
f 2814/2818/2921 1784/1798/1895 1767/1781/1878
f 1767/1781/1878 2815/2819/2922 2814/2818/2921
f 2815/2819/2922 1767/1781/1878 1766/1780/1877
f 1766/1780/1877 2816/2820/2923 2815/2819/2922
f 2816/2820/2923 1766/1780/1877 1770/1784/1881
f 1770/1784/1881 2817/2821/2924 2816/2820/2923
f 2817/2821/2924 1770/1784/1881 1771/1785/1882
f 1771/1785/1882 2810/2814/2917 2817/2821/2924
f 2818/2822/2925 2810/2814/2917 1414/1417/1427
f 1414/1417/1427 1423/1426/1436 2818/2822/2925
f 2819/2823/2926 2817/2821/2924 2810/2814/2917
f 2810/2814/2917 2818/2822/2925 2819/2823/2926
f 2820/2824/2927 2816/2820/2923 2817/2821/2924
f 2817/2821/2924 2819/2823/2926 2820/2824/2927
f 2821/2825/2928 2815/2819/2922 2816/2820/2923
f 2816/2820/2923 2820/2824/2927 2821/2825/2928
f 2822/2826/2929 2814/2818/2921 2815/2819/2922
f 2815/2819/2922 2821/2825/2928 2822/2826/2929
f 2823/2827/2930 2813/2817/2920 2814/2818/2921
f 2814/2818/2921 2822/2826/2929 2823/2827/2930
f 2824/2828/2931 2812/2816/2919 2813/2817/2920
f 2813/2817/2920 2823/2827/2930 2824/2828/2931
f 2825/2829/2932 2811/2815/2918 2812/2816/2919
f 2812/2816/2919 2824/2828/2931 2825/2829/2932
f 1681/1695/1791 1680/1694/1790 1672/1686/1782
f 1672/1686/1782 1638/1652/1741 1681/1695/1791
f 1683/1697/1793 1646/1660/1749 1672/1686/1782
f 1672/1686/1782 1680/1694/1790 1683/1697/1793
f 1646/1660/1749 1683/1697/1793 1684/1698/1794
f 1684/1698/1794 1647/1661/1750 1646/1660/1749
f 1637/1651/1740 1644/1658/1747 1681/1695/1791
f 1681/1695/1791 1638/1652/1741 1637/1651/1740
f 1644/1658/1747 1765/1779/1876 1682/1696/1792
f 1682/1696/1792 1681/1695/1791 1644/1658/1747
f 1785/1799/1896 1685/1699/1795 1682/1696/1792
f 1682/1696/1792 1765/1779/1876 1785/1799/1896
f 2826/2830/2933 2379/2383/2486 2380/2384/2487
f 2380/2384/2487 2827/2831/2934 2826/2830/2933
f 2827/2831/2934 2380/2384/2487 2381/2385/2488
f 2381/2385/2488 2828/2832/2935 2827/2831/2934
f 2829/2833/2936 2382/2386/2489 2383/2387/2490
f 2383/2387/2490 2830/2834/2937 2829/2833/2936
f 2830/2834/2937 2383/2387/2490 2384/2388/2491
f 2384/2388/2491 2831/2835/2938 2830/2834/2937
f 2831/2835/2938 2384/2388/2491 2385/2389/2492
f 2385/2389/2492 2832/2836/2939 2831/2835/2938
f 2832/2836/2939 2385/2389/2492 2386/2390/2493
f 2386/2390/2493 2833/2837/2940 2832/2836/2939
f 2833/2837/2940 2386/2390/2493 2378/2382/2485
f 2378/2382/2485 2834/2838/2941 2833/2837/2940
f 2834/2838/2941 2378/2382/2485 2379/2383/2486
f 2379/2383/2486 2826/2830/2933 2834/2838/2941
f 2541/2545/2942 2835/2839/2943 2836/2840/2944
f 2836/2840/2944 2542/2546/2945 2541/2545/2942
f 2542/2546/2945 2836/2840/2944 2837/2841/2946
f 2837/2841/2946 2543/2547/2650 2542/2546/2945
f 2543/2547/2650 2837/2841/2946 2838/2842/2947
f 2838/2842/2947 2544/2548/2651 2543/2547/2650
f 2545/2549/2652 2839/2843/2948 2840/2844/2949
f 2840/2844/2949 2546/2550/2653 2545/2549/2652
f 2547/2551/2654 2841/2845/2950 2842/2846/2951
f 2842/2846/2951 2548/2552/2655 2547/2551/2654
f 2549/2553/2656 2843/2847/2952 2844/2848/2953
f 2844/2848/2953 2550/2554/2657 2549/2553/2656
f 2550/2554/2657 2844/2848/2953 2845/2849/2954
f 2845/2849/2954 2551/2555/2955 2550/2554/2657
f 2552/2556/2956 2846/2850/2957 2847/2851/2958
f 2847/2851/2958 2553/2557/2959 2552/2556/2956
f 2600/2604/2960 2848/2852/2961 2849/2853/2962
f 2849/2853/2963 2598/2602/2964 2600/2604/2965
f 2602/2606/2966 2850/2854/2967 2851/2855/2968
f 2851/2855/2968 2601/2605/2969 2602/2606/2966
f 2603/2607/2970 2852/2856/2971 2853/2857/2972
f 2853/2857/2972 2604/2608/2973 2603/2607/2970
f 2598/2602/2974 2849/2853/2975 2854/2858/2976
f 2854/2858/2977 2605/2609/2978 2598/2602/2979
f 2605/2609/2980 2854/2858/2981 2855/2859/2982
f 2855/2859/2982 2606/2610/2983 2605/2609/2980
f 2795/2799/2984 2856/2860/2985 2857/2861/2986
f 2857/2861/2987 2796/2800/2988 2795/2799/2989
f 2796/2800/2990 2857/2861/2991 1463/1466/1492
f 1463/1466/1492 1464/1467/1492 2796/2800/2990
f 2546/2550/2653 2840/2844/2949 2841/2845/2950
f 2841/2845/2950 2547/2551/2654 2546/2550/2653
f 2606/2610/2983 2855/2859/2982 2856/2860/2992
f 2856/2860/2993 2795/2799/2994 2606/2610/2995
f 2548/2552/2655 2842/2846/2951 2843/2847/2952
f 2843/2847/2952 2549/2553/2656 2548/2552/2655
f 2604/2608/2973 2853/2857/2972 2858/2862/2996
f 2858/2862/2997 2859/2863/2998 2604/2608/2999
f 2859/2863/3000 2858/2862/3001 2850/2854/3002
f 2850/2854/3003 2602/2606/3004 2859/2863/3005
f 2553/2557/2959 2847/2851/2958 2835/2839/2943
f 2835/2839/2943 2541/2545/2942 2553/2557/2959
f 2426/2430/3006 2860/2864/3007 2861/2865/3008
f 2861/2865/3008 2427/2431/3009 2426/2430/3006
f 2428/2432/3010 2862/2866/3011 2860/2864/3007
f 2860/2864/3007 2426/2430/3006 2428/2432/3010
f 2429/2433/3012 2863/2867/3013 2862/2866/3011
f 2862/2866/3011 2428/2432/3010 2429/2433/3012
f 2431/2435/3014 2864/2868/3015 2865/2869/3016
f 2865/2869/3016 2430/2434/3017 2431/2435/3014
f 2432/2436/3018 2866/2870/3019 2867/2871/3020
f 2867/2871/3020 2433/2437/3021 2432/2436/3018
f 2434/2438/3022 2868/2872/3023 2869/2873/3024
f 2869/2873/3024 2435/2439/3025 2434/2438/3022
f 2436/2440/3026 2870/2874/3027 2868/2872/3023
f 2868/2872/3023 2434/2438/3022 2436/2440/3026
f 2438/2442/3028 2871/2875/3029 2872/2876/3030
f 2872/2876/3030 2437/2441/3031 2438/2442/3028
f 2433/2437/3021 2867/2871/3020 2864/2868/3015
f 2864/2868/3015 2431/2435/3014 2433/2437/3021
f 2435/2439/3025 2869/2873/3024 2866/2870/3019
f 2866/2870/3019 2432/2436/3018 2435/2439/3025
f 2427/2431/3009 2861/2865/3008 2871/2875/3029
f 2871/2875/3029 2438/2442/3028 2427/2431/3009
f 2873/2877/3032 1801/1815/3033 1800/1814/3034
f 2873/2877/3032 1800/1814/3034 2874/2878/3035
f 2874/2878/3035 2875/2879/3036 2873/2877/3032
f 2876/2880/3037 1833/1847/3038 1811/1825/3039
f 2876/2880/3037 1811/1825/3039 2877/2881/3040
f 2877/2881/3040 2878/2882/3041 2876/2880/3037
f 2879/2883/3042 1862/1876/3043 1852/1866/3044
f 2879/2883/3042 1852/1866/3044 2880/2884/3045
f 2880/2884/3045 2881/2885/3046 2879/2883/3042
f 2882/2886/3047 1881/1895/3048 1870/1884/3049
f 2882/2886/3047 1870/1884/3049 2883/2887/3050
f 2883/2887/3050 2884/2888/3051 2882/2886/3047
f 2633/2637/3052 2885/2889/3053 2886/2890/3054
f 2886/2890/3054 2634/2638/3055 2633/2637/3052
f 2635/2639/3056 2887/2891/3057 2888/2892/3058
f 2888/2892/3058 2636/2640/3059 2635/2639/3056
f 2637/2641/3060 2889/2893/3061 2887/2891/3057
f 2887/2891/3057 2635/2639/3056 2637/2641/3060
f 2639/2643/3062 2890/2894/3063 2891/2895/3064
f 2891/2895/3064 2638/2642/3065 2639/2643/3062
f 2803/2807/3066 2892/2896/3067 2893/2897/3068
f 2893/2897/3068 2804/2808/3069 2803/2807/3066
f 2804/2808/3069 2893/2897/3068 1501/1504/1573
f 1501/1504/1573 1502/1505/1574 2804/2808/3069
f 2636/2640/3059 2888/2892/3058 2892/2896/3070
f 2892/2896/3071 2803/2807/3072 2636/2640/3073
f 2634/2638/3055 2886/2890/3054 2890/2894/3063
f 2890/2894/3063 2639/2643/3062 2634/2638/3055
f 1799/1813/3074 1798/1812/3075 2894/1549/1633
f 2894/1549/1633 2895/1530/1611 1799/1813/3074
f 1811/1825/3039 1801/1815/3033 2873/2877/3032
f 1811/1825/3039 2873/2877/3032 2878/2882/3041
f 2878/2882/3041 2877/2881/3040 1811/1825/3039
f 1810/1824/3076 2297/1550/1634 2894/1549/1633
f 2894/1549/1633 1798/1812/3075 1810/1824/3076
f 1810/1824/3076 1832/1846/3077 2294/2308/2411
f 2294/2308/2411 2297/1550/1634 1810/1824/3076
f 1852/1866/3044 1833/1847/3038 2876/2880/3037
f 1852/1866/3044 2876/2880/3037 2881/2885/3046
f 2881/2885/3046 2880/2884/3045 1852/1866/3044
f 1851/1865/3078 2298/1521/1600 2294/2308/2411
f 2294/2308/2411 1832/1846/3077 1851/1865/3078
f 1851/1865/3078 1861/1875/3079 2896/164/161
f 2896/164/161 2298/1521/1600 1851/1865/3078
f 1870/1884/3049 1862/1876/3043 2879/2883/3042
f 1870/1884/3049 2879/2883/3042 2884/2888/3051
f 2884/2888/3051 2883/2887/3050 1870/1884/3049
f 1869/1883/3080 2897/165/162 2896/164/161
f 2896/164/161 1861/1875/3079 1869/1883/3080
f 1869/1883/3080 1880/1894/3081 2898/1536/1618
f 2898/1536/1618 2897/165/162 1869/1883/3080
f 1800/1814/3034 1896/1910/3082 2899/2898/3083
f 1800/1814/3034 2899/2898/3083 2875/2879/3036
f 2875/2879/3036 2874/2878/3035 1800/1814/3034
f 1799/1813/3074 2895/1530/1611 2900/1529/1610
f 2900/1529/1610 1895/1909/3084 1799/1813/3074
f 1570/1584/1673 161/161/158 1510/1513/1594
f 1510/1513/1594 1571/1585/1674 1570/1584/1673
f 1571/1585/1674 1510/1513/1594 1511/1514/1595
f 1511/1514/1595 1574/1588/1677 1571/1585/1674
f 2901/2899/1421 2902/2899/3085 2903/2900/3086
f 2904/2901/3087 2905/2902/3087 2901/2899/3087
f 2904/2901/3088 2901/2899/3088 2903/2900/3088
f 2894/1549/1633 2311/1548/1632 2309/1535/1617
f 2906/2903/1421 2907/2903/3089 2908/2904/3090
f 2604/2608/2711 2859/2863/3091 2602/2606/2709
f 2906/2903/3092 2908/2904/3092 2909/2905/3093
f 2909/2905/3094 2910/2906/3095 2906/2903/3096
f 1574/1588/1677 1511/1514/1595 2911/2907/3097
f 2911/2907/3097 2912/2908/3098 1574/1588/1677
f 2602/2606/2709 2597/2601/2704 2604/2608/2711
f 1658/1672/1765 240/243/242 270/273/273
f 270/273/273 1659/1673/1766 1658/1672/1765
f 1569/1583/1670 2885/2889/3053 2633/2637/3052
f 2913/2909/3099 2914/2910/3100 2915/2911/3101
f 2913/2909/3099 2915/2911/3101 2916/2912/3102
f 2913/2909/3099 2916/2912/3102 2917/2909/1612
f 2633/2637/3052 1235/1238/1671 1569/1583/1670
f 2918/2913/3103 1528/1537/3104 1594/1608/3105
f 1594/1608/3105 2919/2914/3106 2918/2913/3103
f 1594/1608/1697 1528/1537/1624 1531/1540/1623
f 1531/1540/1623 1595/1609/1698 1594/1608/1697
f 1663/1677/1770 1533/1542/1626 1532/1541/1625
f 1532/1541/1625 1660/1674/1767 1663/1677/1770
f 2920/2915/1612 2921/2915/3107 2922/2916/3108
f 2920/2915/3109 2922/2916/1612 2923/2917/3110
f 2920/2915/3109 2923/2917/3110 2924/2918/3111
f 2924/2918/3112 2925/2919/3113 2920/2915/3114
f 1674/1688/1784 269/272/272 1538/1551/1635
f 1538/1551/1635 1675/1689/1785 1674/1688/1784
f 1660/1674/1767 1532/1541/1625 1539/1552/1636
f 1539/1552/1636 1666/1680/1773 1660/1674/1767
f 1675/1689/1785 1538/1551/1635 2926/2920/3115
f 1568/1582/1668 2852/2856/2971 2603/2607/2970
f 2926/2920/3115 2927/2921/3115 1675/1689/1785
f 1595/1609/1698 1531/1540/1623 1533/1542/1639
f 1533/1542/1639 1663/1677/1908 1595/1609/1698
f 1666/1680/1773 1539/1552/1636 385/388/389
f 385/388/389 1667/1681/1774 1666/1680/1773
f 1710/1724/1821 2928/2922/3116 2929/2923/1640
f 2929/2923/1640 1711/1725/1822 1710/1724/1821
f 1711/1725/1822 2929/2923/1640 2930/2924/3117
f 2930/2924/3117 1713/1727/1824 1711/1725/1822
f 1713/1727/1824 2930/2924/3117 1545/1559/1643
f 1545/1559/1643 1715/1729/1826 1713/1727/1824
f 1715/1729/1826 1545/1559/1643 1546/1560/1644
f 1546/1560/1644 1717/1731/1828 1715/1729/1826
f 1720/1734/1831 2931/2925/3118 2928/2922/3116
f 2928/2922/3116 1710/1724/1821 1720/1734/1831
f 1773/1787/1884 2932/2926/3119 2931/2925/3118
f 2931/2925/3118 1720/1734/1831 1773/1787/1884
f 1778/1792/1889 2933/2927/3120 2932/2926/3119
f 2932/2926/3119 1773/1787/1884 1778/1792/1889
f 1717/1731/1828 1546/1560/1644 1550/1564/1648
f 1550/1564/1648 1785/1799/1896 1717/1731/1828
f 1797/1811/1910 2934/2928/3121 2933/2927/3120
f 2933/2927/3120 1778/1792/1889 1797/1811/1910
f 2524/2528/3122 2935/2929/3123 2807/2811/3124
f 2807/2811/2914 2522/2526/2629 2524/2528/2631
f 2528/2532/2635 2808/2812/2915 2936/2930/3125
f 2936/2930/3125 2525/2529/2632 2528/2532/2635
f 2804/2808/2911 1502/1505/1653 1554/1568/1652
f 1554/1568/1652 2802/2806/2909 2804/2808/2911
f 2802/2806/2909 1554/1568/1652 1555/1569/1654
f 1555/1569/1654 2798/2802/2905 2802/2806/2909
f 2798/2802/2905 1555/1569/1654 1556/1570/1655
f 1556/1570/1655 2799/2803/2906 2798/2802/2905
f 2799/2803/2906 1556/1570/1655 1557/1571/1656
f 1557/1571/1656 2805/2809/2912 2799/2803/2906
f 2796/2800/2903 1464/1467/1658 1558/1572/1657
f 1558/1572/1657 2794/2798/2901 2796/2800/2903
f 2794/2798/2901 1558/1572/1657 1559/1573/1659
f 1559/1573/1659 2792/2796/2899 2794/2798/2901
f 2792/2796/2899 1559/1573/1659 1560/1574/1660
f 1560/1574/1660 2790/2794/2897 2792/2796/2899
f 2790/2794/2897 1560/1574/1660 1561/1575/1661
f 1561/1575/1661 2788/2792/2895 2790/2794/2897
f 2788/2792/2895 1561/1575/1661 1562/1576/1662
f 1562/1576/1662 2786/2790/2893 2788/2792/2895
f 2786/2790/2893 1562/1576/1662 1563/1577/1663
f 1563/1577/1663 2782/2786/2889 2786/2790/2893
f 2782/2786/2889 1563/1577/1663 1564/1578/1664
f 1564/1578/1664 2783/2787/2890 2782/2786/2889
f 2647/2651/2754 2937/2931/3126 2809/2813/2916
f 2809/2813/2916 2648/2652/2755 2647/2651/2754
f 2811/2815/2918 2938/2932/3127 2934/2928/3121
f 2934/2928/3121 1797/1811/1910 2811/2815/2918
f 2825/2829/2932 2939/2933/3128 2938/2932/3127
f 2938/2932/3127 2811/2815/2918 2825/2829/2932
f 1684/1698/1794 267/270/270 238/241/240
f 238/241/240 1647/1661/1750 1684/1698/1794
f 1785/1799/1896 1550/1564/1648 268/271/271
f 268/271/271 1685/1699/1795 1785/1799/1896
f 1756/1770/1867 344/347/348 1412/1415/1425
f 1412/1415/1425 1771/1785/1882 1756/1770/1867
f 2603/2607/2970 1201/1204/1669 1568/1582/1668
f 2940/2934/3129 2941/2935/3130 2942/2936/3131
f 2942/2936/3131 2943/2937/3132 2940/2934/3129
f 2944/2938/3133 2940/2934/3129 2943/2937/3132
f 2943/2937/3132 2945/2939/3134 2944/2938/3133
f 2946/2940/3135 2944/2938/3133 2945/2939/3134
f 2945/2939/3134 2947/2941/3136 2946/2940/3135
f 2948/2942/3137 2949/2943/3138 2950/2944/3139
f 2950/2944/3139 2951/2945/3140 2948/2942/3137
f 2952/2946/3141 2948/2942/3137 2951/2945/3140
f 2951/2945/3140 2953/2947/3142 2952/2946/3141
f 2954/2948/3143 2952/2946/3141 2953/2947/3142
f 2953/2947/3142 2955/2949/3144 2954/2948/3143
f 2956/2950/3145 2954/2948/3143 2955/2949/3144
f 2955/2949/3144 2957/2951/3146 2956/2950/3145
f 2958/2952/3147 2956/2950/3145 2957/2951/3146
f 2957/2951/3146 2959/2953/3148 2958/2952/3147
f 2960/2954/3149 2958/2952/3147 2959/2953/3148
f 2959/2953/3148 2961/2955/3150 2960/2954/3149
f 2962/2956/3151 2960/2954/3149 2961/2955/3150
f 2961/2955/3150 2963/2957/3152 2962/2956/3151
f 2964/2958/3153 2962/2956/3151 2963/2957/3152
f 2963/2957/3152 2965/2959/3154 2964/2958/3153
f 2966/2960/3155 2964/2958/3153 2967/2961/3156
f 2967/2961/3156 2968/2962/3157 2966/2960/3155
f 2969/2963/3158 2966/2960/3155 2968/2962/3157
f 2968/2962/3157 2970/2964/3159 2969/2963/3158
f 2971/2965/3160 2969/2963/3158 2970/2964/3159
f 2970/2964/3159 2972/2966/3161 2971/2965/3160
f 2973/2967/3162 2971/2965/3160 2972/2966/3161
f 2972/2966/3161 2974/2968/3163 2973/2967/3162
f 2975/2969/3164 2973/2967/3162 2974/2968/3163
f 2974/2968/3163 2976/2970/3165 2975/2969/3164
f 2977/2971/3166 2975/2969/3164 2976/2970/3165
f 2976/2970/3165 2978/2972/3167 2977/2971/3166
f 2979/2973/3168 2977/2971/3166 2978/2972/3167
f 2978/2972/3167 2980/2974/3169 2979/2973/3168
f 2981/2975/3170 2982/2976/3171 2983/2977/3172
f 2983/2977/3172 2984/2978/3173 2981/2975/3170
f 2985/2979/3174 2981/2975/3170 2984/2978/3173
f 2984/2978/3173 2986/2980/3175 2985/2979/3174
f 2987/2981/3176 2985/2979/3174 2986/2980/3175
f 2986/2980/3175 2988/2982/3177 2987/2981/3176
f 2941/2935/3130 2987/2981/3176 2989/2983/3178
f 2989/2983/3178 2942/2936/3131 2941/2935/3130
f 2943/2937/3132 2942/2936/3131 2989/2983/3178
f 2989/2983/3178 2990/2984/3179 2943/2937/3132
f 2945/2939/3134 2943/2937/3132 2990/2984/3179
f 2990/2984/3179 2991/2985/3180 2945/2939/3134
f 2947/2941/3136 2945/2939/3134 2991/2985/3180
f 2991/2985/3180 2992/2986/3181 2947/2941/3136
f 2951/2945/3140 2950/2944/3139 2993/2987/3182
f 2993/2987/3182 2994/2988/3183 2951/2945/3140
f 2953/2947/3142 2951/2945/3140 2994/2988/3183
f 2994/2988/3183 2995/2989/3184 2953/2947/3142
f 2955/2949/3144 2953/2947/3142 2995/2989/3184
f 2995/2989/3184 2996/2990/3185 2955/2949/3144
f 2957/2951/3146 2955/2949/3144 2996/2990/3185
f 2996/2990/3185 2997/2991/3186 2957/2951/3146
f 2959/2953/3148 2957/2951/3146 2997/2991/3186
f 2997/2991/3186 2998/2992/3187 2959/2953/3148
f 2961/2955/3150 2959/2953/3148 2998/2992/3187
f 2998/2992/3187 2999/2993/3188 2961/2955/3150
f 2963/2957/3152 2961/2955/3150 2999/2993/3188
f 2999/2993/3188 2965/2959/3154 2963/2957/3152
f 2985/2979/3174 2987/2981/3176 2941/2935/3130
f 2941/2935/3130 2940/2934/3129 2985/2979/3174
f 2981/2975/3170 2985/2979/3174 2940/2934/3129
f 2940/2934/3129 2944/2938/3133 2981/2975/3170
f 2982/2976/3171 2981/2975/3170 2944/2938/3133
f 2944/2938/3133 2946/2940/3135 2982/2976/3171
f 2977/2971/3166 2979/2973/3168 2949/2943/3138
f 2949/2943/3138 2948/2942/3137 2977/2971/3166
f 2975/2969/3164 2977/2971/3166 2948/2942/3137
f 2948/2942/3137 2952/2946/3141 2975/2969/3164
f 2973/2967/3162 2975/2969/3164 2952/2946/3141
f 2952/2946/3141 2954/2948/3143 2973/2967/3162
f 2971/2965/3160 2973/2967/3162 2954/2948/3143
f 2954/2948/3143 2956/2950/3145 2971/2965/3160
f 2969/2963/3158 2971/2965/3160 2956/2950/3145
f 2956/2950/3145 2958/2952/3147 2969/2963/3158
f 2966/2960/3155 2969/2963/3158 2958/2952/3147
f 2958/2952/3147 2960/2954/3149 2966/2960/3155
f 2964/2958/3153 2966/2960/3155 2960/2954/3149
f 2960/2954/3149 2962/2956/3151 2964/2958/3153
f 2949/2943/3138 2946/2940/3135 2947/2941/3136
f 2947/2941/3136 2950/2944/3139 2949/2943/3138
f 2950/2944/3139 2947/2941/3136 2992/2986/3181
f 2992/2986/3181 2993/2987/3182 2950/2944/3139
f 2982/2976/3171 2979/2973/3168 2980/2974/3169
f 2980/2974/3169 2983/2977/3172 2982/2976/3171
f 2979/2973/3168 2982/2976/3171 2946/2940/3135
f 2946/2940/3135 2949/2943/3138 2979/2973/3168
f 3000/2994/3189 3001/2995/3190 3002/2996/3191
f 3002/2996/3191 3003/2997/3192 3000/2994/3189
f 3003/2997/3192 3002/2996/3191 3004/2998/3193
f 3004/2998/3193 3005/2999/3194 3003/2997/3192
f 3005/2999/3194 3004/2998/3193 3006/3000/3195
f 3006/3000/3195 3007/3001/3196 3005/2999/3194
f 3008/3002/3197 3009/3003/3198 3010/3004/3199
f 3010/3004/3199 3011/3005/3200 3008/3002/3197
f 3011/3005/3200 3010/3004/3199 3012/3006/3201
f 3012/3006/3201 3013/3007/3202 3011/3005/3200
f 3013/3007/3202 3012/3006/3201 3014/3008/3203
f 3014/3008/3203 3015/3009/3204 3013/3007/3202
f 3015/3009/3204 3014/3008/3203 3016/3010/3205
f 3016/3010/3205 3017/3011/3206 3015/3009/3204
f 3017/3011/3206 3016/3010/3205 3018/3012/3207
f 3018/3012/3207 3019/3013/3208 3017/3011/3206
f 3019/3013/3208 3018/3012/3207 3020/3014/3209
f 3020/3014/3209 3021/3015/3210 3019/3013/3208
f 3021/3015/3210 3020/3014/3209 3022/3016/3211
f 3022/3016/3211 3023/3017/3212 3021/3015/3210
f 3023/3017/3212 3022/3016/3211 3024/3018/3213
f 3024/3018/3213 3025/3019/3214 3023/3017/3212
f 3026/3020/3215 3024/3018/3213 3027/3021/3216
f 3027/3021/3216 3028/3022/3217 3026/3020/3215
f 3028/3022/3217 3027/3021/3216 3029/3023/3218
f 3029/3023/3218 3030/3024/3219 3028/3022/3217
f 3030/3024/3219 3029/3023/3218 3031/3025/3220
f 3031/3025/3220 3032/3026/3221 3030/3024/3219
f 3032/3026/3221 3031/3025/3220 3033/3027/3222
f 3033/3027/3222 3034/3028/3223 3032/3026/3221
f 3034/3028/3223 3033/3027/3222 3035/3029/3224
f 3035/3029/3224 3036/3030/3225 3034/3028/3223
f 3036/3030/3225 3035/3029/3224 3037/3031/3226
f 3037/3031/3226 3038/3032/3227 3036/3030/3225
f 3038/3032/3227 3037/3031/3226 3039/3033/3228
f 3039/3033/3228 3040/3034/3229 3038/3032/3227
f 3041/3035/3230 3042/3036/3231 3043/3037/3232
f 3043/3037/3232 3044/3038/3233 3041/3035/3230
f 3044/3038/3233 3043/3037/3232 3045/3039/3234
f 3045/3039/3234 3046/3040/3235 3044/3038/3233
f 3046/3040/3235 3045/3039/3234 3047/3041/3236
f 3047/3041/3236 3048/3042/3237 3046/3040/3235
f 3049/3043/3238 3047/3041/3236 3001/2995/3190
f 3001/2995/3190 3000/2994/3189 3049/3043/3238
f 3049/3043/3238 3000/2994/3189 3003/2997/3192
f 3003/2997/3192 3050/3044/3239 3049/3043/3238
f 3050/3044/3239 3003/2997/3192 3005/2999/3194
f 3005/2999/3194 3051/3045/3240 3050/3044/3239
f 3051/3045/3240 3005/2999/3194 3007/3001/3196
f 3007/3001/3196 3052/3046/3241 3051/3045/3240
f 3053/3047/3242 3008/3002/3197 3011/3005/3200
f 3011/3005/3200 3054/3048/3243 3053/3047/3242
f 3054/3048/3243 3011/3005/3200 3013/3007/3202
f 3013/3007/3202 3055/3049/3244 3054/3048/3243
f 3055/3049/3244 3013/3007/3202 3015/3009/3204
f 3015/3009/3204 3056/3050/3245 3055/3049/3244
f 3056/3050/3245 3015/3009/3204 3017/3011/3206
f 3017/3011/3206 3057/3051/3246 3056/3050/3245
f 3057/3051/3246 3017/3011/3206 3019/3013/3208
f 3019/3013/3208 3058/3052/3247 3057/3051/3246
f 3058/3052/3247 3019/3013/3208 3021/3015/3210
f 3021/3015/3210 3059/3053/3248 3058/3052/3247
f 3059/3053/3248 3021/3015/3210 3023/3017/3212
f 3023/3017/3212 3025/3019/3214 3059/3053/3248
f 3001/2995/3190 3047/3041/3236 3045/3039/3234
f 3045/3039/3234 3002/2996/3191 3001/2995/3190
f 3002/2996/3191 3045/3039/3234 3043/3037/3232
f 3043/3037/3232 3004/2998/3193 3002/2996/3191
f 3004/2998/3193 3043/3037/3232 3042/3036/3231
f 3042/3036/3231 3006/3000/3195 3004/2998/3193
f 3009/3003/3198 3039/3033/3228 3037/3031/3226
f 3037/3031/3226 3010/3004/3199 3009/3003/3198
f 3010/3004/3199 3037/3031/3226 3035/3029/3224
f 3035/3029/3224 3012/3006/3201 3010/3004/3199
f 3012/3006/3201 3035/3029/3224 3033/3027/3222
f 3033/3027/3222 3014/3008/3203 3012/3006/3201
f 3014/3008/3203 3033/3027/3222 3031/3025/3220
f 3031/3025/3220 3016/3010/3205 3014/3008/3203
f 3016/3010/3205 3031/3025/3220 3029/3023/3218
f 3029/3023/3218 3018/3012/3207 3016/3010/3205
f 3018/3012/3207 3029/3023/3218 3027/3021/3216
f 3027/3021/3216 3020/3014/3209 3018/3012/3207
f 3020/3014/3209 3027/3021/3216 3024/3018/3213
f 3024/3018/3213 3022/3016/3211 3020/3014/3209
f 3007/3001/3196 3006/3000/3195 3009/3003/3198
f 3009/3003/3198 3008/3002/3197 3007/3001/3196
f 3052/3046/3241 3007/3001/3196 3008/3002/3197
f 3008/3002/3197 3053/3047/3242 3052/3046/3241
f 3040/3034/3229 3039/3033/3228 3042/3036/3231
f 3042/3036/3231 3041/3035/3230 3040/3034/3229
f 3006/3000/3195 3042/3036/3231 3039/3033/3228
f 3039/3033/3228 3009/3003/3198 3006/3000/3195
