# Blender 5.2.0 LTS
# www.blender.org
mtllib farmer0190.mtl
o obj4
v 0.930260 5.582071 0.471637
v 0.910443 5.564692 0.498014
v 0.915767 5.532778 0.470481
v 0.930870 5.528513 0.444513
v 0.895751 5.619037 0.546729
v 0.888180 5.578692 0.543464
v 0.842807 5.601864 0.604526
v 0.849298 5.580779 0.569138
v 0.924075 5.530516 0.440967
v 0.923398 5.583889 0.468108
v 0.908973 5.534783 0.466936
v 0.924075 5.530516 0.440967
v 0.903581 5.566511 0.494485
v 0.881912 5.581185 0.539191
v 0.923398 5.583889 0.468108
v 0.889482 5.621530 0.542456
v 0.837527 5.605086 0.599720
v 0.844019 5.583999 0.564332
v 0.889482 5.621530 0.542456
v 0.837527 5.605086 0.599720
v 0.554191 5.569592 0.645624
v 0.584064 5.597922 0.656108
v 0.554364 5.620342 0.653716
v 0.524128 5.569925 0.641534
v 0.639769 5.645100 0.670724
v 0.635221 5.604447 0.665995
v 0.679120 5.598105 0.651571
v 0.714041 5.614975 0.666899
v 0.556077 5.621287 0.646034
v 0.525818 5.571065 0.633879
v 0.525818 5.571065 0.633879
v 0.555881 5.570733 0.637969
v 0.585777 5.598868 0.648426
v 0.636105 5.606212 0.658257
v 0.640654 5.646864 0.662986
v 0.556077 5.621287 0.646034
v 0.679108 5.600790 0.644213
v 0.714030 5.617659 0.659540
v 0.714030 5.617659 0.659540
v 0.640654 5.646864 0.662986
v 0.881665 5.723592 -0.229313
v 0.883953 5.595220 -0.220447
v 0.597995 5.584340 -0.345483
v 0.601668 5.712938 -0.351742
v 0.313180 5.598699 -0.303987
v 0.322791 5.726997 -0.311113
v 0.322791 5.726997 -0.311113
v 0.313180 5.598699 -0.303987
v 0.105822 5.634450 -0.107080
v 0.119757 5.762003 -0.118309
v 0.031483 5.682016 0.192479
v 0.046969 5.808576 0.175003
v 0.110084 5.728648 0.514424
v 0.123930 5.854237 0.490236
v 0.320561 5.761853 0.772487
v 0.330019 5.886748 0.742920
v 0.606519 5.772731 0.897524
v 0.610015 5.897401 0.865349
v 0.891336 5.758372 0.856028
v 0.888892 5.883341 0.824719
v 1.098693 5.722619 0.659121
v 1.091927 5.848335 0.631916
v 1.173031 5.675057 0.359561
v 1.164716 5.801764 0.338602
v 1.094430 5.628427 0.037616
v 1.087754 5.756104 0.023370
v 0.757293 5.838163 -0.017977
v 0.771172 5.715068 -0.030416
v 0.602167 5.708637 -0.104315
v 0.605767 5.832398 -0.084232
v 0.433836 5.717124 -0.079790
v 0.454846 5.840007 -0.062244
v 0.454846 5.840007 -0.062244
v 0.433836 5.717124 -0.079790
v 0.311284 5.738253 0.036586
v 0.344969 5.858951 0.042096
v 0.267350 5.766364 0.213630
v 0.305577 5.884154 0.200829
v 0.313803 5.793923 0.403903
v 0.347227 5.908864 0.371424
v 0.438199 5.813549 0.556423
v 0.458757 5.926459 0.508169
v 0.607205 5.819980 0.630322
v 0.610283 5.932224 0.574425
v 0.775535 5.811493 0.605797
v 0.761205 5.924615 0.552436
v 0.898087 5.790363 0.489422
v 0.871082 5.905671 0.448097
v 0.942021 5.762252 0.312377
v 0.910473 5.880467 0.289363
v 0.895568 5.734692 0.122103
v 0.868823 5.855758 0.118768
v 0.732771 5.947597 0.014920
v 0.609050 5.942890 -0.039177
v 0.485823 5.949102 -0.021224
v 0.485823 5.949102 -0.021224
v 0.396109 5.964570 0.063969
v 0.363947 5.985148 0.193575
v 0.397953 6.005323 0.332864
v 0.489017 6.019690 0.444517
v 0.612737 6.024397 0.498615
v 0.735965 6.018186 0.480661
v 0.825679 6.002717 0.395468
v 0.857842 5.982138 0.265862
v 0.823834 5.961963 0.126572
v 0.699275 6.035910 0.066034
v 0.611790 6.032581 0.027781
v 0.524657 6.036974 0.040476
v 0.524657 6.036974 0.040476
v 0.461219 6.047911 0.100716
v 0.438477 6.062462 0.192361
v 0.462523 6.076728 0.290854
v 0.526915 6.086887 0.369804
v 0.614398 6.090216 0.408056
v 0.701533 6.085823 0.395362
v 0.764970 6.074885 0.335121
v 0.787713 6.060334 0.243476
v 0.763666 6.046068 0.144983
v 0.659088 6.097084 0.131879
v 0.613803 6.095361 0.112078
v 0.568700 6.097635 0.118650
v 0.568700 6.097635 0.118650
v 0.535862 6.103297 0.149832
v 0.524089 6.110829 0.197271
v 0.536536 6.118214 0.248255
v 0.569868 6.123472 0.289123
v 0.615153 6.125196 0.308924
v 0.660258 6.122922 0.302352
v 0.693095 6.117260 0.271170
v 0.704867 6.109728 0.223731
v 0.692419 6.102343 0.172747
v 0.614950 6.126950 0.207971
v 0.773461 5.586696 -0.021549
v 0.598493 5.580039 -0.098054
v 0.424225 5.588825 -0.072665
v 0.424225 5.588825 -0.072665
v 0.297350 5.610699 0.047816
v 0.251864 5.639802 0.231106
v 0.299956 5.668334 0.428092
v 0.428741 5.688651 0.585992
v 0.603708 5.695308 0.662497
v 0.777978 5.686522 0.637107
v 0.904852 5.664647 0.516626
v 0.950337 5.635545 0.333337
v 0.902244 5.607013 0.136350
v 0.656356 5.307053 0.771999
v 0.736961 5.312484 0.784733
v 0.780425 5.363893 0.768493
v 0.749188 5.382448 0.772037
v 0.702583 5.292142 0.783444
v 0.735283 5.294569 0.786323
v 0.780454 5.361068 0.753672
v 0.737618 5.323195 0.767351
v 0.657750 5.303916 0.757396
v 0.750418 5.379585 0.757297
v 0.735390 5.291030 0.771666
v 0.704496 5.288968 0.768993
v 0.657750 5.303916 0.757396
v 0.737618 5.323195 0.767351
v 0.780454 5.361068 0.753672
v 0.816478 5.356357 0.767255
v 0.810145 5.354244 0.754625
v 0.750418 5.379585 0.757297
v 0.657750 5.303916 0.757396
v 0.780454 5.361068 0.753672
v 0.750418 5.379585 0.757297
v 0.657750 5.303916 0.757396
v 0.704496 5.288968 0.768993
v 0.704496 5.288968 0.768993
v 0.735390 5.291030 0.771666
v 0.664703 5.243286 0.768961
v 0.723758 5.237567 0.765211
v 0.723789 5.259961 0.760154
v 0.658703 5.260582 0.760054
v 0.654628 5.553949 0.616869
v 0.658081 5.575774 0.623954
v 0.623361 5.578816 0.631632
v 0.619429 5.555741 0.627001
v 0.629880 5.507773 0.658613
v 0.686308 5.516578 0.652102
v 0.662457 5.526989 0.628941
v 0.626185 5.519949 0.647806
v 0.559124 5.560935 0.640265
v 0.579620 5.581639 0.635414
v 0.580330 5.590489 0.644636
v 0.547379 5.558387 0.632237
v 0.625772 5.588253 0.634032
v 0.669783 5.584661 0.628542
v 0.681928 5.593137 0.642045
v 0.635427 5.599059 0.656852
v 0.699383 5.554033 0.637735
v 0.682447 5.553592 0.620002
v 0.581064 5.226469 0.719085
v 0.576733 5.284053 0.701469
v 0.526536 5.297464 0.650638
v 0.539622 5.210891 0.671760
v 0.459515 5.283752 0.591831
v 0.464942 5.409818 0.603572
v 0.368346 5.348391 0.465871
v 0.401993 5.257722 0.508506
v 0.580431 5.528128 0.653401
v 0.571360 5.518482 0.656897
v 0.581955 5.573232 0.635387
v 0.566700 5.558970 0.638430
v 0.582660 5.557402 0.639418
v 0.622629 5.527371 0.639094
v 0.655822 5.530576 0.626270
v 0.584203 5.532461 0.647482
v 0.634480 5.496609 0.678045
v 0.738977 5.496974 0.663082
v 0.550857 5.511178 0.658752
v 0.514532 5.558629 0.626938
v 0.548024 5.615836 0.641205
v 0.640688 5.645281 0.662186
v 0.720413 5.612446 0.660070
v 0.731609 5.552749 0.651281
v 0.735804 5.438147 0.682388
v 0.622933 5.438494 0.674047
v 0.470645 5.548060 0.602855
v 0.498220 5.647665 0.602371
v 0.611428 5.691713 0.625250
v 0.776694 5.586011 0.669213
v 0.764482 5.591062 0.668145
v 0.760381 5.538281 0.669409
v 0.777555 5.537369 0.676661
v 0.773549 5.492451 0.709439
v 0.794204 5.494439 0.724773
v 0.673630 5.554442 0.616995
v 0.633721 5.367970 0.710367
v 0.742202 5.409410 0.731958
v 0.704496 5.288968 0.768993
v 0.735390 5.291030 0.771666
v 0.807753 5.446273 0.769435
v 0.782584 5.443102 0.752997
v 0.784412 5.424146 0.771342
v 0.811053 5.426459 0.790361
v 0.792231 5.535586 0.679525
v 0.789818 5.582793 0.664621
v 0.809386 5.495243 0.723421
v 0.829660 5.448193 0.775165
v 0.683190 5.224982 0.776458
v 0.648964 5.218879 0.765143
v 0.712422 5.178626 0.764799
v 0.725120 5.215985 0.774146
v 0.702642 5.142257 0.765899
v 0.625441 5.181525 0.744544
v 0.600180 5.149155 0.708288
v 0.677054 5.107482 0.736693
v 0.657750 5.303916 0.757396
v 0.626795 5.259188 0.748494
v 0.704496 5.288968 0.768993
v 0.754425 5.595917 0.663970
v 0.748056 5.548964 0.661680
v 0.758822 5.498105 0.687522
v 0.762986 5.387728 0.769083
v 0.797947 5.379072 0.786354
v 0.810747 5.397007 0.809425
v 0.783139 5.396699 0.794091
v 0.760868 5.418905 0.746937
v 0.763268 5.440993 0.724421
v 0.753827 5.636396 0.667721
v 0.739734 5.630938 0.666610
v 0.752448 5.616857 0.666816
v 0.763748 5.613086 0.670443
v 0.776183 5.611468 0.668306
v 0.771665 5.636657 0.659529
v 0.790013 5.608643 0.659591
v 0.788134 5.633611 0.650464
v 0.844658 5.395764 0.817147
v 0.837157 5.430326 0.794397
v 0.657750 5.303916 0.757396
v 0.750418 5.379585 0.757297
v 0.657750 5.303916 0.757396
v 0.628860 5.243624 0.758145
v 0.657750 5.303916 0.757396
v 0.737618 5.323195 0.767351
v 0.780454 5.361068 0.753672
v 0.750418 5.379585 0.757297
v 0.657750 5.303916 0.757396
v 0.704496 5.288968 0.768993
v 0.735390 5.291030 0.771666
v 0.737618 5.323195 0.767351
v 0.750418 5.379585 0.757297
v 0.780454 5.361068 0.753672
v 0.750418 5.379585 0.757297
v 0.581955 5.573232 0.635387
v 0.623361 5.578816 0.631632
v 0.566700 5.558970 0.638430
v 0.584203 5.532461 0.647482
v 0.622629 5.527371 0.639094
v 0.655822 5.530576 0.626270
v 0.673630 5.554442 0.616995
v 0.658081 5.575774 0.623954
v 0.456044 5.858014 0.089370
v 0.388448 5.707978 -0.018644
v 0.340658 5.699991 0.046002
v 0.401264 5.834513 0.142845
v 0.544635 5.930553 0.257014
v 0.480692 5.899550 0.293150
v 0.631827 5.906052 0.438712
v 0.557661 5.877706 0.456640
v 0.705571 5.789895 0.580302
v 0.637320 5.772179 0.577027
v 0.365884 5.522307 -0.026200
v 0.318079 5.532874 0.034514
v 0.310672 5.682599 0.126542
v 0.360156 5.792427 0.205615
v 0.425009 5.845534 0.328338
v 0.487854 5.827693 0.461828
v 0.549338 5.741902 0.561846
v 0.289817 5.545479 0.112308
v 0.300530 5.656984 0.217487
v 0.335521 5.734645 0.273400
v 0.381379 5.772199 0.360178
v 0.425816 5.759583 0.454570
v 0.460087 5.684949 0.526345
v 0.285783 5.560027 0.207422
v 0.304399 5.505169 0.324330
v 0.323264 5.551369 0.352273
v 0.347770 5.573055 0.396400
v 0.358521 5.565430 0.417378
v 0.381692 5.519563 0.463565
v 0.391132 5.472348 0.484683
v 0.300345 5.458260 0.324936
v 0.301709 5.492193 0.413607
v 0.355968 5.502090 0.465042
v 0.325443 5.538948 0.433227
v 0.299660 5.541453 0.406174
v 0.252840 5.481482 0.355976
v 0.271235 5.521211 0.376006
v 0.304676 5.443436 0.418680
v 0.369015 5.462546 0.480394
v 0.252516 5.442214 0.354682
v 0.734536 5.063567 0.699315
v 0.652462 5.089074 0.700705
v 0.623335 5.072783 0.645050
v 0.705805 5.048263 0.650205
v 0.456195 5.179205 0.543219
v 0.496842 5.194439 0.617648
v 0.373061 5.402922 0.459121
v 0.570806 5.126890 0.661324
v 0.530416 5.116838 0.585569
v 0.564293 5.052718 0.542897
v 0.644382 5.038856 0.544181
v 0.362855 5.224729 0.416851
v 0.409338 5.148300 0.442382
v 0.348470 5.352738 0.458273
v 0.352024 5.401759 0.459717
v 0.307441 5.391272 0.417897
v 0.322537 5.325730 0.409784
v 0.475961 5.092159 0.482913
v 0.357512 5.316176 0.415695
v 0.701249 5.705883 0.637154
v 0.389606 5.103268 0.405085
v 0.352939 5.186052 0.362331
v 0.268983 5.387616 0.355541
v 0.299602 5.341885 0.353667
v 0.447955 5.042812 0.447009
v 0.512514 4.995558 0.477615
v 0.342590 5.333629 0.348952
v 0.367720 5.467215 -0.010617
v 0.323946 5.478121 0.054575
v 0.297611 5.489400 0.125121
v 0.293288 5.502302 0.212082
v 0.313701 5.391552 0.335340
v 0.383537 5.301574 0.049870
v 0.340829 5.312009 0.104904
v 0.321216 5.321817 0.171962
v 0.317402 5.332219 0.242748
v 0.362781 5.180403 0.160712
v 0.334935 5.186875 0.208122
v 0.331042 5.189808 0.265106
v 0.747654 5.705188 0.623274
v 0.315598 5.563760 0.393390
v 0.341600 5.559122 0.428345
v 0.372044 5.515295 0.469106
v 0.264628 5.498322 0.329169
v 0.285785 5.542697 0.354402
v 0.384625 5.469500 0.488438
v 0.262260 5.452765 0.328647
v 0.366935 5.400086 0.462848
v 0.332412 5.314127 0.404976
v 0.309322 5.333493 0.339160
v 0.277894 5.388512 0.333980
v 0.754948 5.082617 0.732710
v 0.421422 5.173340 0.116596
v -0.996975 2.576378 -0.234535
v -0.987384 2.659735 -0.194973
v -0.983955 2.667781 -0.129014
v -0.986142 2.599040 -0.183577
v -0.950122 2.539251 -0.266207
v -1.006202 2.577525 -0.223788
v -0.994960 2.595805 -0.183494
v -0.947668 2.576689 -0.224550
v -0.947668 2.576689 -0.224550
v -0.994960 2.595805 -0.183494
v -1.004771 2.609491 -0.132914
v -0.927450 2.601438 -0.183971
v -0.993145 2.675775 -0.060580
v -0.992827 2.612222 -0.116443
v -0.492925 2.366610 -0.137161
v -0.478729 2.396164 -0.124440
v -0.497159 2.408101 -0.083745
v -0.510136 2.362219 -0.102573
v -0.497159 2.408101 -0.083745
v -0.478729 2.396164 -0.124440
v -0.501812 2.430855 -0.131940
v -0.522335 2.458990 -0.094943
v -0.550051 2.424246 -0.071758
v -0.556113 2.393513 -0.086210
v -0.550051 2.424246 -0.071758
v -0.564867 2.457645 -0.080966
v -0.773969 2.429508 -0.146678
v -0.746719 2.447274 -0.166187
v -0.690886 2.399057 -0.177900
v -0.722664 2.369807 -0.195049
v -0.690886 2.399057 -0.177900
v -0.746719 2.447274 -0.166187
v -0.729810 2.481900 -0.130007
v -0.666993 2.415967 -0.142908
v -1.144133 2.698653 -0.069043
v -1.127092 2.585346 -0.068385
v -1.124515 2.583966 -0.079862
v -0.969582 2.597670 -0.129309
v -0.849364 2.553246 -0.107142
v -0.832023 2.576199 -0.141975
v -0.736541 2.467503 -0.089968
v -1.060424 2.556731 -0.046431
v -0.896119 2.502944 -0.031771
v -0.784965 2.424404 -0.010605
v -0.687772 2.370157 -0.072139
v -0.663575 2.410695 -0.098611
v -0.957351 2.454788 0.023510
v -0.849618 2.367248 0.051100
v -0.755998 2.301172 -0.010505
v -0.720078 2.342028 -0.027303
v -1.141597 2.494079 -0.006664
v -1.224776 2.561661 -0.096317
v -1.154556 2.453357 -0.014279
v -1.252052 2.709325 -0.123414
v -1.235182 2.563518 -0.085651
v -1.023121 2.396136 0.048145
v -1.057991 2.361033 0.045198
v -0.923271 2.295477 0.089974
v -0.957082 2.265218 0.088407
v -0.830663 2.229990 0.065444
v -0.783984 2.289832 0.039110
v -0.907766 2.191457 0.082465
v -0.868208 2.211553 0.094071
v -1.255762 2.703098 -0.188129
v -1.240669 2.542730 -0.127434
v -1.230203 2.543305 -0.126788
v -1.171344 2.425118 -0.042301
v -1.171344 2.425118 -0.042301
v -1.230203 2.543305 -0.126788
v -1.222189 2.532414 -0.163210
v -1.192151 2.413366 -0.079932
v -1.223609 2.692979 -0.243021
v -1.231255 2.527640 -0.174890
v -1.078646 2.328922 0.015272
v -1.078646 2.328922 0.015272
v -1.080076 2.313785 -0.023571
v -0.981139 2.244655 0.055505
v -0.981139 2.244655 0.055505
v -0.986449 2.238358 0.013876
v -0.934614 2.181267 0.049266
v -0.934614 2.181267 0.049266
v -0.941789 2.183101 0.008201
v -1.106210 2.664797 -0.241434
v -1.118018 2.527818 -0.209368
v -1.118528 2.531540 -0.198514
v -1.136657 2.450709 -0.151061
v -1.058704 2.330000 -0.053806
v -0.966245 2.252066 -0.018440
v -1.003732 2.378566 -0.100128
v -0.908162 2.299558 -0.078111
v -0.878623 2.217974 -0.038309
v -0.920738 2.198593 -0.021509
v -1.033933 2.498304 -0.214735
v -0.950732 2.417748 -0.155697
v -0.851987 2.345648 -0.135607
v -0.827172 2.264713 -0.110979
v -0.862614 2.244928 -0.074338
v -1.118018 2.527818 -0.209368
v -1.106210 2.664797 -0.241434
v -0.891235 2.449443 -0.208135
v -0.858673 2.454130 -0.225382
v -0.802490 2.395283 -0.160923
v -0.773661 2.321735 -0.169290
v -0.808299 2.295471 -0.147015
v -0.744443 2.343035 -0.180091
v -0.889472 1.984047 -0.184279
v -0.864495 1.987979 -0.180952
v -0.847539 1.966160 -0.186513
v -0.873815 1.951266 -0.187186
v -0.895361 1.971689 -0.162866
v -0.888916 1.944079 -0.162172
v -0.888916 1.944079 -0.162172
v -0.873815 1.951266 -0.187186
v -0.846637 1.926237 -0.163858
v -0.862947 1.928275 -0.147266
v -0.847539 1.966160 -0.186513
v -0.832569 1.945021 -0.165600
v -0.857558 2.007899 -0.231907
v -0.831816 2.010364 -0.236587
v -0.820539 1.988102 -0.250138
v -0.847750 1.974530 -0.243555
v -0.855528 1.994134 -0.209761
v -0.852492 1.966292 -0.214102
v -0.852492 1.966292 -0.214102
v -0.847750 1.974530 -0.243555
v -0.815028 1.946523 -0.231943
v -0.823184 1.948048 -0.209492
v -0.820539 1.988102 -0.250138
v -0.799718 1.964534 -0.236342
v -0.782335 2.036474 -0.351525
v -0.756096 2.043347 -0.354796
v -0.743133 2.023427 -0.370000
v -0.768507 2.004568 -0.365321
v -0.777584 2.023432 -0.328490
v -0.771249 1.995962 -0.334665
v -0.771249 1.995962 -0.334665
v -0.768507 2.004568 -0.365321
v -0.732045 1.982914 -0.353140
v -0.740102 1.983511 -0.329695
v -0.743133 2.023427 -0.370000
v -0.719053 2.003861 -0.355930
v -0.623617 2.037212 -0.333995
v -0.603720 2.054998 -0.338549
v -0.579806 2.040235 -0.344832
v -0.594701 2.013577 -0.334774
v -0.618243 2.035886 -0.307457
v -0.599498 2.014612 -0.303020
v -0.599498 2.014612 -0.303020
v -0.594701 2.013577 -0.334774
v -0.555608 2.017658 -0.313816
v -0.567490 2.021411 -0.292332
v -0.579806 2.040235 -0.344832
v -0.553055 2.040460 -0.323494
v -0.876260 2.193222 -0.024042
v -0.907480 2.177309 -0.022662
v -0.926566 2.162976 0.003827
v -0.884315 2.071446 -0.029478
v -0.870250 2.089335 -0.051022
v -0.868438 2.076003 -0.061121
v -0.881519 2.057574 -0.039984
v -0.840376 2.096963 -0.053876
v -0.837035 2.081339 -0.062659
v -0.918666 2.160547 0.042723
v -0.918666 2.160547 0.042723
v -0.893575 2.168568 0.073686
v -0.838043 2.042670 0.026543
v -0.867692 2.052319 0.003281
v -0.864222 2.036588 -0.008462
v -0.834221 2.024810 0.013634
v -0.864222 2.036588 -0.008462
v -0.867692 2.052319 0.003281
v -0.860046 2.185013 0.077424
v -0.837641 2.198770 0.056491
v -0.792951 2.066137 0.002425
v -0.807859 2.049648 0.023808
v -0.804751 2.031145 0.010346
v -0.790473 2.048392 -0.010026
v -0.846809 2.212687 0.014100
v -0.847699 2.200719 0.012810
v -0.846809 2.212687 0.014100
v -0.847699 2.200719 0.012810
v -0.808753 2.085587 -0.029087
v -0.806600 2.068951 -0.040364
v -0.806600 2.068951 -0.040364
v -0.808753 2.085587 -0.029087
v -0.819414 2.246041 -0.083296
v -0.849175 2.225325 -0.076430
v -0.852201 2.209522 -0.039929
v -0.797791 2.094965 -0.079989
v -0.791684 2.109735 -0.107317
v -0.787800 2.094913 -0.114006
v -0.792206 2.079691 -0.086332
v -0.763282 2.120487 -0.116092
v -0.760092 2.105366 -0.122853
v -0.838498 2.208597 0.007077
v -0.838498 2.208597 0.007077
v -0.806751 2.233469 0.034209
v -0.776524 2.260978 0.023314
v -0.761909 2.270169 -0.014692
v -0.700349 2.112994 -0.060375
v -0.707619 2.098933 -0.033496
v -0.705247 2.080911 -0.043836
v -0.697836 2.095711 -0.069385
v -0.735667 2.086553 -0.025591
v -0.732866 2.069664 -0.035467
v -0.784445 2.275925 -0.052383
v -0.783988 2.263700 -0.052068
v -0.784445 2.275925 -0.052383
v -0.783988 2.263700 -0.052068
v -0.724722 2.120440 -0.093594
v -0.722297 2.104272 -0.101556
v -0.722297 2.104272 -0.101556
v -0.724722 2.120440 -0.093594
v -0.763744 2.299432 -0.158064
v -0.790155 2.275710 -0.151158
v -0.797743 2.261345 -0.118456
v -0.718885 2.142130 -0.169869
v -0.714748 2.159064 -0.195965
v -0.710458 2.146299 -0.203568
v -0.714540 2.129421 -0.178035
v -0.688466 2.173702 -0.204604
v -0.684404 2.160350 -0.212273
v -0.776774 2.269433 -0.059360
v -0.776774 2.269433 -0.059360
v -0.741978 2.288626 -0.041772
v -0.716174 2.312248 -0.049413
v -0.708828 2.326588 -0.082633
v -0.624178 2.168819 -0.151980
v -0.628646 2.152635 -0.125438
v -0.624461 2.137442 -0.135443
v -0.620159 2.153514 -0.161512
v -0.654573 2.137455 -0.117002
v -0.650261 2.122676 -0.127182
v -0.720337 2.334482 -0.118647
v -0.717347 2.322815 -0.118042
v -0.720337 2.334482 -0.118647
v -0.717347 2.322815 -0.118042
v -0.651055 2.176268 -0.184173
v -0.647228 2.161843 -0.192787
v -0.647228 2.161843 -0.192787
v -0.651055 2.176268 -0.184173
v -0.701865 2.352627 -0.197986
v -0.722932 2.327704 -0.185113
v -0.725866 2.316479 -0.154810
v -0.637298 2.215985 -0.190712
v -0.637528 2.227423 -0.219207
v -0.631259 2.217037 -0.223552
v -0.630963 2.205645 -0.195273
v -0.616248 2.245715 -0.232774
v -0.609729 2.234723 -0.237078
v -0.708934 2.330202 -0.124137
v -0.708934 2.330202 -0.124137
v -0.669814 2.359833 -0.097775
v -0.652260 2.383381 -0.114855
v -0.651637 2.392567 -0.149864
v -0.554137 2.266966 -0.188712
v -0.553352 2.256291 -0.159237
v -0.546405 2.243170 -0.164778
v -0.547237 2.254041 -0.193677
v -0.573382 2.238088 -0.144868
v -0.566552 2.225830 -0.150455
v -0.672987 2.378162 -0.182020
v -0.672987 2.378162 -0.182020
v -0.581546 2.261095 -0.217886
v -0.574700 2.249319 -0.222230
v -0.574700 2.249319 -0.222230
v -0.581546 2.261095 -0.217886
v -0.767162 2.069174 -0.055080
v -0.772951 2.086157 -0.047395
v -0.772951 2.086157 -0.047395
v -0.767162 2.069174 -0.055080
v -0.686956 2.120506 -0.146922
v -0.691110 2.134232 -0.137438
v -0.691110 2.134232 -0.137438
v -0.686956 2.120506 -0.146922
v -0.601969 2.210745 -0.165857
v -0.608496 2.222006 -0.160654
v -0.608496 2.222006 -0.160654
v -0.601969 2.210745 -0.165857
v -0.867118 2.064392 -0.070625
v -0.835644 2.069244 -0.072354
v -0.834630 2.030788 -0.108019
v -0.863656 2.027950 -0.101223
v -0.880488 2.045852 -0.050273
v -0.877302 2.007881 -0.083647
v -0.861545 1.979585 -0.062356
v -0.864091 2.023705 -0.021389
v -0.833529 2.009798 -0.000556
v -0.864091 2.023705 -0.021389
v -0.861545 1.979585 -0.062356
v -0.831411 1.960014 -0.047839
v -0.802330 1.963952 -0.053414
v -0.803265 2.015487 -0.003160
v -0.789251 2.033366 -0.023079
v -0.788682 1.983002 -0.071992
v -0.804271 2.010576 -0.093788
v -0.805262 2.055276 -0.051743
v -0.805262 2.055276 -0.051743
v -0.804271 2.010576 -0.093788
v -0.787224 2.083594 -0.121385
v -0.759225 2.093614 -0.130208
v -0.762375 2.034682 -0.172868
v -0.787496 2.032365 -0.156823
v -0.791284 2.068219 -0.093642
v -0.795276 2.011444 -0.136730
v -0.774362 1.985357 -0.120300
v -0.765493 2.055875 -0.063121
v -0.732339 2.056115 -0.044623
v -0.765493 2.055875 -0.063121
v -0.774362 1.985357 -0.120300
v -0.739850 1.970037 -0.111661
v -0.715025 1.975458 -0.125728
v -0.705001 2.067011 -0.053374
v -0.697927 2.081811 -0.079070
v -0.708192 1.993048 -0.148957
v -0.729038 2.016234 -0.167386
v -0.722679 2.091608 -0.110535
v -0.722679 2.091608 -0.110535
v -0.729038 2.016234 -0.167386
v -0.708810 2.134400 -0.212810
v -0.682729 2.148007 -0.221796
v -0.683770 2.084361 -0.277548
v -0.708162 2.077810 -0.261665
v -0.712832 2.117231 -0.187603
v -0.712883 2.055130 -0.242553
v -0.688936 2.029403 -0.229417
v -0.685747 2.107363 -0.157740
v -0.649108 2.108491 -0.138958
v -0.685747 2.107363 -0.157740
v -0.688936 2.029403 -0.229417
v -0.654502 2.014150 -0.226726
v -0.630940 2.021483 -0.242510
v -0.623427 2.122714 -0.147686
v -0.619041 2.139210 -0.173221
v -0.625718 2.042861 -0.262417
v -0.649463 2.067742 -0.276172
v -0.645913 2.148511 -0.203440
v -0.645913 2.148511 -0.203440
v -0.649463 2.067742 -0.276172
v -0.627639 2.207197 -0.228453
v -0.606141 2.224611 -0.242101
v -0.581439 2.146904 -0.281578
v -0.602396 2.133099 -0.265939
v -0.627241 2.195658 -0.200299
v -0.600975 2.118819 -0.239707
v -0.570120 2.114196 -0.216167
v -0.598292 2.199873 -0.171491
v -0.562516 2.213952 -0.156594
v -0.598292 2.199873 -0.171491
v -0.570120 2.114196 -0.216167
v -0.533446 2.119193 -0.206644
v -0.511729 2.134898 -0.220849
v -0.542143 2.231147 -0.170863
v -0.543010 2.242338 -0.199494
v -0.512910 2.147976 -0.247774
v -0.543472 2.150864 -0.272306
v -0.570713 2.238413 -0.227600
v -0.570713 2.238413 -0.227600
v -0.543472 2.150864 -0.272306
v -0.864449 2.020917 -0.109186
v -0.835468 2.023048 -0.116618
v -0.852450 2.006996 -0.158842
v -0.880335 2.005091 -0.150205
v -0.878148 2.000221 -0.092528
v -0.893740 1.983755 -0.134538
v -0.862415 1.970437 -0.072877
v -0.878265 1.950708 -0.119042
v -0.832467 1.949368 -0.060148
v -0.862415 1.970437 -0.072877
v -0.878265 1.950708 -0.119042
v -0.849894 1.926901 -0.111393
v -0.803850 1.952464 -0.067133
v -0.821764 1.928898 -0.119579
v -0.790330 1.972221 -0.085016
v -0.808187 1.949396 -0.135850
v -0.805617 2.001292 -0.104724
v -0.823412 1.981533 -0.151910
v -0.805617 2.001292 -0.104724
v -0.823412 1.981533 -0.151910
v -0.791564 2.030739 -0.161240
v -0.766326 2.031868 -0.177971
v -0.807761 2.026076 -0.216467
v -0.831386 2.025750 -0.198311
v -0.799746 2.010566 -0.141029
v -0.839825 2.003747 -0.180146
v -0.779396 1.980816 -0.127706
v -0.823063 1.969395 -0.173310
v -0.745570 1.962063 -0.122038
v -0.779396 1.980816 -0.127706
v -0.823063 1.969395 -0.173310
v -0.794376 1.942672 -0.177422
v -0.720291 1.966912 -0.136083
v -0.770663 1.944078 -0.194746
v -0.713489 1.985288 -0.158705
v -0.761920 1.964907 -0.213485
v -0.734625 2.011254 -0.175355
v -0.779473 1.998491 -0.221520
v -0.734625 2.011254 -0.175355
v -0.779473 1.998491 -0.221520
v -0.712364 2.074283 -0.267741
v -0.688525 2.080908 -0.283894
v -0.733404 2.064931 -0.330599
v -0.755658 2.059398 -0.312819
v -0.717642 2.052524 -0.248285
v -0.760594 2.035857 -0.295262
v -0.693573 2.024197 -0.237412
v -0.738574 2.004091 -0.289214
v -0.660557 2.007090 -0.237391
v -0.693573 2.024197 -0.237412
v -0.738574 2.004091 -0.289214
v -0.707160 1.982274 -0.294473
v -0.636153 2.014406 -0.252520
v -0.683659 1.987406 -0.311712
v -0.631060 2.035949 -0.272302
v -0.678206 2.009982 -0.329752
v -0.655122 2.062631 -0.284636
v -0.700726 2.041269 -0.336591
v -0.655122 2.062631 -0.284636
v -0.700726 2.041269 -0.336591
v -0.601886 2.127004 -0.269522
v -0.580878 2.139521 -0.285909
v -0.598289 2.091308 -0.322787
v -0.620007 2.081679 -0.305193
v -0.600421 2.112105 -0.243722
v -0.617915 2.065203 -0.280643
v -0.568934 2.105038 -0.221554
v -0.586428 2.051448 -0.262963
v -0.532035 2.107819 -0.213354
v -0.568934 2.105038 -0.221554
v -0.586428 2.051448 -0.262963
v -0.547570 2.046849 -0.258762
v -0.509779 2.122208 -0.228154
v -0.526730 2.056747 -0.276484
v -0.511064 2.136153 -0.254498
v -0.527112 2.073034 -0.300575
v -0.542441 2.141428 -0.277766
v -0.559575 2.086041 -0.319061
v -0.542441 2.141428 -0.277766
v -0.559575 2.086041 -0.319061
v -0.884893 2.531713 -0.284227
v -0.825924 2.448464 -0.235026
v -0.811883 2.577913 -0.159624
v -0.872481 2.598871 -0.226203
v -0.733307 2.535957 -0.172199
v -0.737063 2.507456 -0.232999
v -0.889339 2.568502 -0.256893
v -0.889339 2.568502 -0.256893
v -0.737458 2.469512 -0.256752
v -0.733823 2.430664 -0.266634
v -0.737458 2.469512 -0.256752
v -0.760678 2.436980 -0.159514
v -0.757127 2.466717 -0.150265
v -0.757127 2.466717 -0.150265
v -0.754277 2.506220 -0.132393
v -0.714555 2.508698 -0.123229
v -0.717704 2.398950 -0.227058
v -0.651656 2.369659 -0.208461
v -0.635879 2.384372 -0.246165
v -0.622415 2.377865 -0.242657
v -0.643051 2.365964 -0.205625
v -0.643770 2.470714 -0.220929
v -0.666232 2.510913 -0.167174
v -0.657470 2.507531 -0.166719
v -0.631673 2.465933 -0.219342
v -0.636814 2.425692 -0.239924
v -0.622988 2.419101 -0.237468
v -0.636814 2.425692 -0.239924
v -0.622988 2.419101 -0.237468
v -0.705633 2.417301 -0.167123
v -0.661826 2.403405 -0.148592
v -0.707833 2.462346 -0.137458
v -0.707833 2.462346 -0.137458
v -0.668704 2.493526 -0.119679
v -0.595309 2.369230 -0.226941
v -0.527646 2.356922 -0.178174
v -0.562813 2.350140 -0.149860
v -0.621369 2.359758 -0.192930
v -0.636869 2.500028 -0.159738
v -0.583039 2.485181 -0.137539
v -0.541143 2.442813 -0.170717
v -0.607812 2.457509 -0.209717
v -0.596544 2.410169 -0.224098
v -0.528605 2.397274 -0.178574
v -0.596544 2.410169 -0.224098
v -0.528605 2.397274 -0.178574
v -0.597810 2.391846 -0.110143
v -0.643126 2.398644 -0.139346
v -0.649544 2.444419 -0.121085
v -0.608404 2.437073 -0.100436
v -0.649750 2.486595 -0.115155
v -0.649544 2.444419 -0.121085
v -0.608404 2.437073 -0.100436
v -0.610141 2.477243 -0.101751
v -0.667150 2.449870 -0.127110
v -0.667150 2.449870 -0.127110
v -0.990227 2.940032 -0.090894
v -1.144477 2.946673 -0.088244
v -1.143117 2.699303 -0.072236
v -0.997198 2.674477 -0.066653
v -1.256835 3.027942 -0.164726
v -1.246314 2.708312 -0.127138
v -1.278259 2.984827 -0.269859
v -1.267198 3.261119 -0.191131
v -1.287588 3.264009 -0.356050
v -1.200991 2.965484 -0.351478
v -1.184515 3.235219 -0.488050
v -1.046441 2.932233 -0.350505
v -1.003998 3.192902 -0.476868
v -0.957621 2.925824 -0.289161
v -1.046441 2.932233 -0.350505
v -1.003998 3.192902 -0.476868
v -0.901324 3.171139 -0.384923
v -0.943829 2.919723 -0.181558
v -0.865001 3.167358 -0.243741
v -0.948483 3.189274 -0.106500
v -1.134708 3.232003 -0.090260
v -1.221029 3.548525 -0.216527
v -1.240201 3.552434 -0.388815
v -1.144227 3.506063 -0.524902
v -0.973661 3.432204 -0.519256
v -0.973661 3.432204 -0.519256
v -0.868011 3.410038 -0.428142
v -0.856673 3.393082 -0.268142
v -0.913436 3.439644 -0.125521
v -1.095150 3.497788 -0.109050
v -1.169756 3.688304 -0.400281
v -1.156353 3.686628 -0.233665
v -1.065274 3.806102 -0.263941
v -1.079415 3.805038 -0.417551
v -1.089597 3.627128 -0.531527
v -1.006598 3.741439 -0.537107
v -0.936822 3.539211 -0.543724
v -0.870535 3.643063 -0.544554
v -0.850430 3.500688 -0.446493
v -0.936822 3.539211 -0.543724
v -0.870535 3.643063 -0.544554
v -0.801185 3.593857 -0.454179
v -0.854542 3.514953 -0.288920
v -0.790933 3.597389 -0.302698
v -0.902790 3.545511 -0.143829
v -0.841360 3.644346 -0.175651
v -1.053908 3.628250 -0.129417
v -0.971798 3.744868 -0.166736
v -1.012556 3.934619 -0.441717
v -0.990936 3.926482 -0.293980
v -0.908452 4.055040 -0.313239
v -0.920045 4.064541 -0.456221
v -0.938132 3.862539 -0.549084
v -0.859161 3.992150 -0.566027
v -0.787576 3.753002 -0.546711
v -0.695166 3.864043 -0.556948
v -0.699135 3.711013 -0.445187
v -0.787576 3.753002 -0.546711
v -0.695166 3.864043 -0.556948
v -0.592804 3.786679 -0.459609
v -0.700896 3.676268 -0.309777
v -0.568395 3.771214 -0.312611
v -0.740504 3.734967 -0.192873
v -0.629948 3.835463 -0.200980
v -0.880496 3.852970 -0.194999
v -0.783916 3.965871 -0.208693
v -0.776662 4.244424 -0.326563
v -0.807863 4.262873 -0.485895
v -0.737594 4.179742 -0.615220
v -0.567209 4.035828 -0.605314
v -0.567209 4.035828 -0.605314
v -0.437882 3.932343 -0.480466
v -0.393365 3.917269 -0.326676
v -0.442949 3.982734 -0.197141
v -0.634586 4.135467 -0.208948
v -0.579595 4.457688 -0.309225
v -0.636162 4.466372 -0.477719
v -0.587958 4.370340 -0.622642
v -0.422780 4.223328 -0.644506
v -0.422780 4.223328 -0.644506
v -0.312057 4.135708 -0.490295
v -0.219565 4.151901 -0.303738
v -0.265125 4.225530 -0.173733
v -0.420436 4.371592 -0.167909
v -0.256783 4.746866 -0.232750
v -0.305332 4.788718 -0.381171
v -0.393718 4.618577 -0.570426
v -0.228417 4.430356 -0.679394
v -0.228417 4.430356 -0.679394
v -0.181986 4.305101 -0.527802
v -0.121845 4.303661 -0.326868
v -0.126126 4.437275 -0.202545
v -0.219027 4.595257 -0.162227
v -1.249215 0.981921 -0.786305
v -1.196318 1.346147 -0.610128
v -1.085315 1.318959 -0.590379
v -1.155086 0.968077 -0.771102
v -1.081860 0.894861 -0.652146
v -0.987945 1.207999 -0.458116
v -1.128743 0.817772 -0.484055
v -1.043208 1.072482 -0.278255
v -1.250761 0.776754 -0.354168
v -1.128743 0.817772 -0.484055
v -1.043208 1.072482 -0.278255
v -1.204795 0.985588 -0.150575
v -1.338978 0.770031 -0.318367
v -1.316271 0.978297 -0.113016
v -1.418200 1.000150 -0.131353
v -1.424514 0.783743 -0.327195
v -1.488411 0.814300 -0.374712
v -1.492290 1.045103 -0.189909
v -1.523659 1.110088 -0.273536
v -1.515550 0.852285 -0.450619
v -1.470592 0.925966 -0.618126
v -1.469453 1.246377 -0.447229
v -1.339123 0.974864 -0.751917
v -1.470592 0.925966 -0.618126
v -1.469453 1.246377 -0.447229
v -1.305509 1.335470 -0.578730
v -1.144550 1.656857 -0.466463
v -1.016496 1.623113 -0.443417
v -0.901045 1.492710 -0.279084
v -0.972263 1.331637 -0.048136
v -0.972263 1.331637 -0.048136
v -1.174561 1.230490 0.121360
v -1.309553 1.215039 0.159679
v -1.426284 1.244351 0.137123
v -1.512272 1.302115 0.072743
v -1.548217 1.382327 -0.029304
v -1.479735 1.541593 -0.253638
v -1.479735 1.541593 -0.253638
v -1.277709 1.642244 -0.425803
v -1.134241 1.954844 -0.239116
v -0.995735 1.917836 -0.211065
v -0.862319 1.776200 -0.032650
v -0.934389 1.606373 0.225589
v -0.934389 1.606373 0.225589
v -1.155650 1.506340 0.416808
v -1.305192 1.496681 0.461931
v -1.435436 1.532159 0.435442
v -1.532543 1.595735 0.361923
v -1.574889 1.683810 0.248032
v -1.503860 1.844566 -0.005684
v -1.503860 1.844566 -0.005684
v -1.280720 1.943464 -0.196117
v -1.176602 2.061213 -0.063276
v -1.212679 2.047122 -0.007037
v -1.100293 2.002090 0.018773
v -1.060324 2.024455 -0.039611
v -0.921807 1.923394 0.123404
v -0.951463 1.930899 0.194242
v -0.965685 1.819088 0.370861
v -0.963630 1.902132 0.452047
v -1.150145 1.787298 0.550455
v -0.965685 1.819088 0.370861
v -0.963630 1.902132 0.452047
v -1.119678 1.943032 0.640941
v -1.271719 1.799899 0.584557
v -1.229318 1.988677 0.679223
v -1.332647 2.042894 0.653732
v -1.379381 1.846388 0.562788
v -1.464827 1.907180 0.501043
v -1.417968 2.100271 0.585409
v -1.472093 2.138515 0.475929
v -1.512049 1.963950 0.396865
v -1.476236 2.053516 0.153196
v -1.463450 2.161138 0.220666
v -1.295551 2.077173 -0.026450
v -1.476236 2.053516 0.153196
v -1.463450 2.161138 0.220666
v -1.318554 2.095258 0.031166
v -1.189680 2.026219 -0.043151
v -1.096740 2.090601 -0.141141
v -0.997174 2.011234 -0.107680
v -1.085555 1.951512 -0.011698
v -0.919108 1.913688 0.183902
v -0.827871 1.979591 0.086485
v -0.875124 2.010146 0.453698
v -0.767638 2.112304 0.357122
v -0.978056 2.187443 0.646877
v -0.875124 2.010146 0.453698
v -0.767638 2.112304 0.357122
v -0.847881 2.335818 0.549244
v -1.070267 2.279175 0.680527
v -0.930817 2.447827 0.582663
v -1.026126 2.525466 0.549836
v -1.170695 2.352204 0.650287
v -1.262688 2.401917 0.570751
v -1.120810 2.567071 0.472863
v -1.196697 2.561543 0.355633
v -1.330169 2.413127 0.454784
v -1.371682 2.317958 0.183784
v -1.257333 2.427521 0.086027
v -1.276311 2.123595 -0.009852
v -1.371682 2.317958 0.183784
v -1.257333 2.427521 0.086027
v -1.177271 2.202032 -0.107164
v -0.939646 2.246490 -0.284895
v -0.826339 2.157327 -0.246791
v -0.635728 2.109434 -0.037598
v -0.536007 2.256390 0.245700
v -0.536007 2.256390 0.245700
v -0.663676 2.486564 0.448300
v -0.727755 2.630168 0.465585
v -0.838941 2.717449 0.422757
v -0.944662 2.767716 0.337049
v -1.032928 2.764451 0.212399
v -1.109833 2.619495 -0.067343
v -1.109833 2.619495 -0.067343
v -1.028102 2.370052 -0.256430
v -0.692978 2.428809 -0.482306
v -0.555483 2.327982 -0.430212
v -0.270632 2.275305 -0.182402
v -0.147028 2.448774 0.097099
v -0.147028 2.448774 0.097099
v -0.327094 2.686557 0.288211
v -0.436911 2.818991 0.301867
v -0.574662 2.903174 0.248715
v -0.696202 2.953341 0.156204
v -0.801321 2.941596 0.044223
v -0.885750 2.795228 -0.237170
v -0.885750 2.795228 -0.237170
v -0.800167 2.540495 -0.435613
v -0.450748 2.593992 -0.666525
v -0.335310 2.750179 -0.803448
v -0.194510 2.586407 -0.774768
v -0.318675 2.458163 -0.594459
v -0.104664 2.286418 -0.365816
v 0.154838 2.374880 -0.556637
v 0.003873 2.523041 0.047602
v 0.274146 2.656499 -0.050929
v -0.066278 2.778858 0.261907
v 0.003873 2.523041 0.047602
v 0.274146 2.656499 -0.050929
v 0.174506 2.950994 0.191617
v -0.295346 2.900415 0.254151
v -0.089916 3.031329 0.144729
v -0.225769 3.097959 0.055973
v -0.393705 3.011324 0.172037
v -0.466418 3.089086 0.029907
v -0.343695 3.150492 -0.066845
v -0.424595 3.173574 -0.226444
v -0.566098 3.107352 -0.098197
v -0.549637 2.732502 -0.635298
v -0.622571 2.994541 -0.417983
v -0.493097 3.112597 -0.509066
v -0.410377 2.882569 -0.749179
v -1.146670 1.995539 -0.148579
v -1.033652 1.963874 -0.126661
v -0.910486 1.848385 0.030809
v -0.973764 1.709448 0.274889
v -1.172849 1.638697 0.456033
v -0.973764 1.709448 0.274889
v -1.296557 1.625746 0.482995
v -1.404270 1.674458 0.473357
v -1.486925 1.729936 0.413485
v -1.526659 1.796434 0.313313
v -1.469186 1.921100 0.070026
v -1.270055 1.993124 -0.110078
v -1.469186 1.921100 0.070026
v -0.127680 3.180593 -0.962260
v -0.099505 3.377387 -0.930649
v 0.041357 3.374647 -1.008392
v -0.003908 3.103033 -1.019324
v 0.356456 3.077716 -0.999568
v 0.383657 3.512018 -1.025236
v -0.226682 3.072534 -0.047551
v -0.251216 3.059278 0.098649
v -0.326932 3.163098 -0.072429
v -0.304886 3.151620 -0.214696
v -0.343288 3.229362 -0.560585
v -0.343803 3.314288 -0.460846
v -0.234665 3.198321 -0.850987
v -0.343288 3.229362 -0.560585
v -0.343803 3.314288 -0.460846
v -0.212499 3.380774 -0.794485
v -0.094449 3.661221 -0.833656
v 0.054951 3.683810 -0.931271
v 0.386225 3.703425 -0.959861
v -0.261870 3.155199 0.199761
v -0.339665 3.269144 0.039695
v -0.366944 3.466341 -0.320630
v -0.366944 3.466341 -0.320630
v -0.219374 3.629047 -0.674002
v -0.079148 3.903037 -0.745241
v 0.103304 3.942248 -0.821095
v 0.417829 3.930607 -0.860260
v -0.261073 3.335700 0.239089
v -0.338181 3.427922 0.072997
v -0.349389 3.722605 -0.232344
v -0.349389 3.722605 -0.232344
v -0.207812 3.838192 -0.605162
v -0.025621 4.097333 -0.661245
v 0.129860 4.128399 -0.739403
v 0.453787 4.093602 -0.769019
v -0.203038 3.602783 0.250565
v -0.275914 3.715288 0.110041
v -0.279567 3.980037 -0.186052
v -0.279567 3.980037 -0.186052
v -0.150820 4.057217 -0.523221
v 0.007380 4.241457 -0.586864
v 0.143823 4.242939 -0.680687
v 0.478464 4.219323 -0.679675
v 0.476769 4.209054 -0.686231
v -0.222566 3.803398 0.309609
v -0.290039 3.942355 0.120362
v -0.207000 4.139373 -0.266269
v -0.207000 4.139373 -0.266269
v -0.083299 4.211914 -0.499391
v 0.043602 4.439162 -0.538366
v 0.159763 4.445500 -0.593569
v 0.505747 4.387366 -0.603430
v -0.228887 4.083680 0.360604
v -0.268803 4.211955 0.029241
v -0.154668 4.278849 -0.328681
v -0.154668 4.278849 -0.328681
v -0.054868 4.420116 -0.535661
v 0.054459 4.537917 -0.510542
v 0.201875 4.552575 -0.499730
v 0.518034 4.510087 -0.511660
v -0.195152 4.272456 0.373643
v -0.253089 4.347785 0.089768
v -0.142922 4.283212 -0.328222
v -0.258137 4.208023 0.029300
v -0.244301 4.344672 0.084552
v -0.036552 4.431114 -0.484086
v -0.043607 4.382393 -0.517495
v -0.142922 4.283212 -0.328222
v -0.036552 4.431114 -0.484086
v -0.040223 4.503984 -0.543486
v 0.124492 4.708370 -0.439694
v 0.133701 4.890868 -0.281761
v 0.259601 4.850214 -0.313964
v 0.232326 4.677633 -0.415620
v 0.529706 4.635429 -0.423966
v 0.536315 4.762060 -0.296247
v -0.146895 4.425808 0.377236
v -0.077384 4.691013 0.292124
v -0.106417 4.785604 0.100684
v -0.204743 4.526320 0.151025
v 0.186066 4.934035 -0.056748
v 0.287094 4.906158 -0.120241
v 0.529448 4.838709 -0.136916
v 0.061086 4.770804 0.353258
v 0.008369 4.855389 0.257996
v -0.078995 4.852971 -0.147271
v 0.020464 4.940199 0.068719
v 0.000033 4.903128 -0.265860
v -0.078995 4.852971 -0.147271
v 0.020464 4.940199 0.068719
v 0.099290 4.954791 -0.009415
v 0.340659 4.984949 0.046237
v 0.396465 4.963147 0.006853
v 0.520384 4.910098 -0.014381
v 0.335522 4.889810 0.440202
v 0.299314 4.931491 0.385946
v 0.259634 4.982211 0.251771
v 0.259634 4.982211 0.251771
v 0.297313 4.992856 0.106914
v -0.227741 2.864089 -0.912652
v -0.127680 3.180593 -0.962260
v -0.003908 3.103033 -1.019324
v -0.061820 2.758007 -0.920409
v 0.339446 2.631811 -0.816896
v 0.356456 3.077716 -0.999568
v 0.017887 3.011456 0.080308
v 0.014873 2.872147 0.156612
v -0.119357 2.978951 0.070332
v -0.134559 3.081191 -0.020794
v -0.250847 3.146444 -0.131164
v -0.226682 3.072534 -0.047551
v -0.304886 3.151620 -0.214696
v -0.358194 3.187629 -0.277063
v -0.314021 2.963436 -0.807861
v -0.411657 3.144416 -0.578276
v -0.343288 3.229362 -0.560585
v -0.234665 3.198321 -0.850987
v -0.185834 4.269901 0.369100
v 0.060994 4.533725 -0.502421
v 0.204341 4.545627 -0.490869
v 0.515669 4.503307 -0.503319
v -0.122205 4.860900 -0.332274
v -0.165092 4.786904 -0.202682
v -0.165092 4.786904 -0.202682
v -0.103234 4.717460 -0.149481
v -0.065912 4.539324 -0.166228
v -0.009520 4.460424 -0.352674
v -0.050516 4.446647 -0.561656
v -0.050516 4.446647 -0.561656
v -0.109580 4.548224 -0.639144
v -0.118875 4.708994 -0.523374
v -0.003983 4.710049 -0.470614
v -0.411657 3.144416 -0.578276
v -0.343288 3.229362 -0.560585
v -0.622571 2.994541 -0.417983
v -0.493097 3.112597 -0.509066
v -1.205823 0.826679 -0.814758
v -1.278821 0.531020 -0.918546
v -1.369595 0.540051 -0.920747
v -1.296906 0.840997 -0.828016
v -1.112863 0.778538 -0.705925
v -1.149132 0.565828 -0.806218
v -1.278821 0.531020 -0.918546
v -1.205823 0.826679 -0.814758
v -1.131116 0.705662 -0.550732
v -1.116324 0.485152 -0.612496
v -1.385001 0.833640 -0.798830
v -1.447975 0.551140 -0.882780
v -1.580566 0.521972 -0.751302
v -1.501057 0.805287 -0.673245
v -1.366371 0.401815 0.044014
v -1.336478 0.355762 0.089349
v -1.261211 0.355434 -0.177388
v -1.285043 0.418434 -0.181821
v -1.496407 0.456434 0.135719
v -1.572891 0.464225 0.135101
v -1.604931 0.379344 0.216593
v -1.517276 0.375726 0.206612
v -1.666954 0.472116 0.049184
v -1.710322 0.443930 -0.055270
v -1.757481 0.398298 -0.034035
v -1.706924 0.391147 0.088610
v -1.306889 0.278622 -0.954086
v -1.402672 0.287122 -0.953072
v -1.171851 0.256375 -0.850206
v -1.306889 0.278622 -0.954086
v -1.122352 0.231190 -0.625031
v -1.343779 0.198633 0.111641
v -1.257735 0.198762 -0.174647
v -1.630246 0.220830 0.243541
v -1.533202 0.212350 0.234618
v -1.792290 0.242998 -0.015058
v -1.742829 0.235127 0.097477
v -1.484488 0.289987 -0.911015
v -1.619369 0.287036 -0.757098
v -1.385001 0.833640 -0.798830
v -1.501057 0.805287 -0.673245
v -1.501057 0.805287 -0.673245
v -1.536436 0.745782 -0.511564
v -1.490286 0.734288 -0.432925
v -1.418957 0.717821 -0.384562
v -1.334653 0.705047 -0.374258
v -1.239464 0.697320 -0.411126
v -1.131116 0.705662 -0.550732
v -1.131116 0.705662 -0.550732
v -1.112863 0.778538 -0.705925
v -1.205823 0.826679 -0.814758
v -1.296906 0.840997 -0.828016
v -1.239464 0.697320 -0.411126
v -1.275297 0.559596 -0.330159
v -1.223410 0.526372 -0.431032
v -1.200392 0.401643 -0.438405
v -1.334653 0.705047 -0.374258
v -1.418957 0.717821 -0.384562
v -1.444567 0.580929 -0.296695
v -1.375290 0.573980 -0.290319
v -1.490286 0.734288 -0.432925
v -1.536436 0.745782 -0.511564
v -1.575027 0.581983 -0.397687
v -1.506873 0.586127 -0.319668
v -1.603999 0.576711 -0.539812
v -1.640037 0.453129 -0.559363
v -1.195265 0.218530 -0.453646
v -1.660695 0.272868 -0.606786
v -1.355865 0.477094 -0.099109
v -1.508976 0.495088 -0.080270
v -1.446846 0.491711 -0.072590
v -1.634502 0.498704 -0.148546
v -1.566160 0.502691 -0.102068
v -1.676869 0.460753 -0.266859
v -1.725388 0.395761 -0.294843
v -1.758338 0.249727 -0.294781
v -1.441412 0.449847 0.105577
v -1.639576 0.470181 0.091340
v -1.257735 0.198762 -0.174647
v -1.343779 0.198633 0.111641
v -1.568642 0.221812 0.015700
v -1.508820 0.224767 -0.241173
v -1.195265 0.218530 -0.453646
v -1.433818 0.243534 -0.508338
v -1.122352 0.231190 -0.625031
v -1.383372 0.258615 -0.683564
v -1.171851 0.256375 -0.850206
v -1.342927 0.269058 -0.837245
v -1.306889 0.278622 -0.954086
v -1.533202 0.212350 0.234618
v -1.630246 0.220830 0.243541
v -1.589122 0.221146 0.098696
v -1.451427 0.206257 0.187486
v -1.402672 0.287122 -0.953072
v -1.484488 0.289987 -0.911015
v -1.619369 0.287036 -0.757098
v -1.660695 0.272868 -0.606786
v -1.758338 0.249727 -0.294781
v -1.792290 0.242998 -0.015058
v -1.700256 0.228871 0.181462
v -1.742829 0.235127 0.097477
v -1.673118 0.382126 0.157710
v -1.700256 0.228871 0.181462
v -1.445495 0.363669 0.165898
v -1.451427 0.206257 0.187486
v 0.014873 2.872147 0.156612
v -0.013016 2.867417 0.318248
v -0.145272 2.954684 0.221054
v -0.119357 2.978951 0.070332
v -0.006333 3.011931 0.382182
v -0.147277 3.067065 0.306163
v -0.008037 3.260919 0.459509
v -0.147754 3.287495 0.367469
v 0.051583 3.538676 0.470621
v -0.092932 3.542650 0.363967
v 0.061826 3.689635 0.515836
v -0.090083 3.712959 0.417167
v 0.070282 3.949523 0.586116
v -0.092127 4.008167 0.500359
v 0.097457 4.089432 0.584910
v -0.055377 4.159968 0.520718
v 0.134521 4.224726 0.584335
v 0.206895 4.453571 0.496625
v 0.055338 4.552121 0.429522
v -0.004461 4.289622 0.534258
v 0.277359 4.613122 0.459422
v 0.162918 4.688575 0.412358
v 0.420298 4.800087 0.494723
v 0.361449 4.818087 0.462369
v 0.100609 4.087798 0.574345
v -0.048811 4.158708 0.511909
v 0.339446 2.631811 -0.816896
v 0.359465 3.073927 0.137807
v 0.254988 3.008245 0.075048
v 0.588959 4.981143 0.473018
v 0.478960 4.918720 0.469404
v 0.549485 4.917063 0.468033
v 0.429355 5.081100 0.102840
v 0.371826 5.092288 0.134984
v 0.337130 5.097561 0.178443
v 0.322566 5.096430 0.263901
v 0.353842 5.078074 0.364327
v 0.390480 5.028505 0.409475
v 0.428532 4.969129 0.445846
v 0.423064 4.799241 0.487108
v 0.476662 4.760928 0.489085
v 0.362591 4.814760 0.454271
v 0.337306 4.885400 0.433388
v 0.301457 4.924510 0.381056
v 0.261630 4.973522 0.248860
v 0.299647 4.984791 0.108024
v 0.342004 4.977227 0.050547
v 0.396437 4.956287 0.011891
v -0.122205 4.860900 -0.332274
v -0.118875 4.708994 -0.523374
v -0.109580 4.548224 -0.639144
v -0.109580 4.548224 -0.639144
v -0.050516 4.446647 -0.561656
v -0.009520 4.460424 -0.352674
v -0.065912 4.539324 -0.166228
v -0.103234 4.717460 -0.149481
v -0.165092 4.786904 -0.202682
v -1.039285 1.878589 -0.176617
v -1.140697 1.905520 -0.195134
v -0.928063 1.763944 -0.028664
v -0.992440 1.620589 0.202261
v -1.190028 1.537584 0.375189
v -0.992440 1.620589 0.202261
v -1.405253 1.561068 0.390633
v -1.306719 1.530856 0.408530
v -1.515708 1.678147 0.244818
v -1.480926 1.611748 0.335863
v -1.455119 1.815892 0.015342
v -1.256049 1.899094 -0.159734
v -1.455119 1.815892 0.015342
v -0.258137 4.208023 0.029300
v -0.142922 4.283212 -0.328222
v -0.142922 4.283212 -0.328222
v -0.043607 4.382393 -0.517495
v 0.060994 4.533725 -0.502421
v 0.204341 4.545627 -0.490869
v -0.244301 4.344672 0.084552
v -0.185834 4.269901 0.369100
v 0.100609 4.087798 0.574345
v -0.048811 4.158708 0.511909
v 0.287673 4.045174 0.594713
v 0.286651 4.047140 0.605502
v -0.040223 4.503984 -0.543486
v -0.047564 4.514273 -0.553183
v -1.140697 1.905520 -0.195134
v -1.039285 1.878589 -0.176617
v -0.928063 1.763944 -0.028664
v -0.992440 1.620589 0.202261
v -0.992440 1.620589 0.202261
v -1.190028 1.537584 0.375189
v -1.306719 1.530856 0.408530
v -1.405253 1.561068 0.390633
v -1.480926 1.611748 0.335863
v -1.515708 1.678147 0.244818
v -1.455119 1.815892 0.015342
v -1.455119 1.815892 0.015342
v -1.256049 1.899094 -0.159734
v -0.994960 2.595805 -0.183494
v -1.006202 2.577525 -0.223788
v -1.000828 2.576843 -0.230193
v -1.124515 2.583966 -0.079862
v -1.004771 2.609491 -0.132914
v -0.997726 2.611288 -0.123319
v -1.230203 2.543305 -0.126788
v -1.224776 2.561661 -0.096317
v -1.230885 2.562728 -0.089976
v -1.118528 2.531540 -0.198514
v -1.222189 2.532414 -0.163210
v -1.227519 2.529289 -0.169797
v 0.342004 4.977227 0.050547
v 0.396437 4.956287 0.011891
v 0.337306 4.885400 0.433388
v 0.301457 4.924510 0.381056
v 0.261630 4.973522 0.248860
v 0.261630 4.973522 0.248860
v 0.299647 4.984791 0.108024
v 0.423064 4.799241 0.487108
v 0.362591 4.814760 0.454271
v 0.476662 4.760928 0.489085
v 0.475347 4.760856 0.497205
v -0.987474 2.667602 -0.131499
v -0.992666 2.659429 -0.190313
v -1.253611 2.705641 -0.186192
v -1.220224 2.693700 -0.237123
v -1.109918 2.666531 -0.237392
v -1.118528 2.531540 -0.198514
v -1.109918 2.666531 -0.237392
v 0.814866 5.316430 0.772318
v 0.816555 5.290513 0.781254
v 0.810145 5.354244 0.754625
v 0.808611 5.313905 0.759937
v 0.737618 5.323195 0.767351
v 0.780454 5.361068 0.753672
v 0.808611 5.313905 0.759937
v 0.810272 5.287620 0.768890
v 0.735390 5.291030 0.771666
v 0.737618 5.323195 0.767351
v 0.808611 5.313905 0.759937
v 0.735390 5.291030 0.771666
v 0.810272 5.287620 0.768890
v 0.810145 5.354244 0.754625
v 0.810145 5.354244 0.754625
v 0.780454 5.361068 0.753672
v 0.737618 5.323195 0.767351
v 0.808611 5.313905 0.759937
v 0.793169 5.250925 0.747573
v 0.810272 5.287620 0.768890
v 0.735390 5.291030 0.771666
v 0.794870 5.230145 0.760075
v 0.783464 5.164625 0.762324
v 0.797281 5.209201 0.774050
v 0.810272 5.287620 0.768890
v 0.808611 5.313905 0.759937
v 0.737618 5.323195 0.767351
v 0.735390 5.291030 0.771666
v 0.827306 5.370038 0.786734
v 0.773973 5.120819 0.758465
v 0.810145 5.354244 0.754625
v 0.780454 5.361068 0.753672
v 0.520164 5.861053 0.049444
v 0.450266 5.705915 -0.062248
v 0.611770 5.936067 0.222794
v 0.700538 5.910860 0.411349
v 0.762634 5.792122 0.564501
v 0.425912 5.513680 -0.072505
v 0.427343 5.457844 -0.060934
v 0.452135 5.291689 0.007583
v 0.778193 5.704784 0.614981
v 0.488166 5.164464 0.087047
v 0.289504 2.659661 -0.080466
v 0.289504 2.659661 -0.080466
v 0.402398 4.576384 0.482291
v 0.362159 4.408376 0.522232
v 0.309924 4.181550 0.602300
v 0.287673 4.045174 0.594713
v 0.262124 3.908200 0.612438
v 0.236687 3.713870 0.570237
v 0.219047 3.547988 0.517357
v 0.168254 3.253676 0.494710
v 0.162460 2.996224 0.410522
v 0.160737 2.855908 0.348683
v 0.188883 2.841780 0.187968
v 0.188883 2.841780 0.187968
v 0.507242 5.058587 0.091136
v 0.518808 4.903502 -0.008942
v 0.515669 4.503307 -0.503319
v 0.518808 4.903502 -0.008942
v 0.840539 5.357772 0.739375
v 0.871125 5.298824 0.719746
v 0.905703 5.280472 0.652200
v 0.865274 5.370629 0.715806
v 0.870055 5.281275 0.721181
v 0.885583 5.273325 0.695235
v 0.892384 5.279034 0.644909
v 0.858953 5.310842 0.708578
v 0.828526 5.356174 0.730387
v 0.852590 5.369182 0.707806
v 0.892384 5.279034 0.644909
v 0.871400 5.271708 0.688798
v 0.856923 5.279095 0.713087
v 0.858953 5.310842 0.708578
v 0.828526 5.356174 0.730387
v 0.810145 5.354244 0.754625
v 0.892384 5.279034 0.644909
v 0.852590 5.369182 0.707806
v 0.852590 5.369182 0.707806
v 0.828526 5.356174 0.730387
v 0.871400 5.271708 0.688798
v 0.892384 5.279034 0.644909
v 0.856923 5.279095 0.713087
v 0.871400 5.271708 0.688798
v 0.845038 5.247589 0.702380
v 0.842656 5.225389 0.708944
v 0.880678 5.220561 0.667299
v 0.881945 5.237011 0.654492
v 0.864441 5.554271 0.514855
v 0.836915 5.557566 0.537329
v 0.829926 5.536102 0.531957
v 0.859449 5.531303 0.510738
v 0.830162 5.509914 0.547706
v 0.832018 5.501743 0.581522
v 0.869864 5.483339 0.542367
v 0.865686 5.495564 0.531794
v 0.902565 5.557681 0.488549
v 0.894372 5.549593 0.482951
v 0.907190 5.525497 0.471666
v 0.907649 5.521707 0.457727
v 0.839370 5.577107 0.565782
v 0.834842 5.567855 0.548589
v 0.866390 5.563754 0.517479
v 0.880060 5.574152 0.538354
v 0.819036 5.541851 0.579776
v 0.815435 5.540052 0.555584
v 0.881339 5.259644 0.486569
v 0.888651 5.250934 0.555680
v 0.884728 5.193820 0.579693
v 0.867607 5.175158 0.524684
v 0.848863 5.297102 0.249457
v 0.907999 5.364041 0.392656
v 0.872854 5.239175 0.405898
v 0.840549 5.209576 0.319740
v 0.905768 5.484434 0.494914
v 0.899125 5.495681 0.499030
v 0.891560 5.541710 0.485418
v 0.891680 5.525940 0.489732
v 0.900846 5.524950 0.476573
v 0.832694 5.512568 0.540596
v 0.862278 5.502972 0.523011
v 0.892940 5.501027 0.497933
v 0.805416 5.490210 0.630900
v 0.880368 5.471574 0.558939
v 0.918450 5.473751 0.480693
v 0.923484 5.516991 0.428846
v 0.923632 5.577593 0.459265
v 0.888580 5.620042 0.542110
v 0.833216 5.600962 0.605430
v 0.809824 5.544785 0.613395
v 0.812741 5.430314 0.645121
v 0.874755 5.412855 0.552067
v 0.929630 5.501330 0.380528
v 0.928822 5.603823 0.393791
v 0.885177 5.663842 0.492649
v 0.804115 5.533829 0.648225
v 0.809277 5.586502 0.646447
v 0.801876 5.583447 0.657015
v 0.799194 5.535165 0.666179
v 0.819514 5.491862 0.712513
v 0.819783 5.487744 0.687044
v 0.818581 5.539683 0.546782
v 0.842733 5.399175 0.683262
v 0.884941 5.342393 0.588679
v 0.871400 5.271708 0.688798
v 0.856923 5.279095 0.713087
v 0.850192 5.417449 0.739479
v 0.840126 5.437244 0.725124
v 0.838173 5.443176 0.754700
v 0.849214 5.422574 0.771877
v 0.831574 5.165955 0.709533
v 0.879790 5.194305 0.657638
v 0.870687 5.205245 0.688494
v 0.842096 5.203806 0.719182
v 0.844279 5.122411 0.599186
v 0.867105 5.155512 0.634022
v 0.828314 5.128775 0.708284
v 0.810975 5.093050 0.676452
v 0.890497 5.231249 0.624628
v 0.892384 5.279034 0.644909
v 0.871400 5.271708 0.688798
v 0.807322 5.542930 0.632972
v 0.812922 5.589961 0.635635
v 0.812584 5.492631 0.661481
v 0.859417 5.392051 0.785850
v 0.846293 5.374149 0.762936
v 0.855471 5.378312 0.724284
v 0.864176 5.388448 0.754838
v 0.844622 5.410378 0.706368
v 0.829259 5.434275 0.692456
v 0.819759 5.610004 0.634211
v 0.829613 5.621787 0.623074
v 0.822824 5.629372 0.634300
v 0.815112 5.607857 0.645563
v 0.805644 5.608468 0.654035
v 0.805674 5.633194 0.643055
v 0.852590 5.369182 0.707806
v 0.892384 5.279034 0.644909
v 0.892384 5.279034 0.644909
v 0.892643 5.215671 0.634763
v 0.828526 5.356174 0.730387
v 0.858953 5.310842 0.708578
v 0.892384 5.279034 0.644909
v 0.852590 5.369182 0.707806
v 0.856923 5.279095 0.713087
v 0.871400 5.271708 0.688798
v 0.892384 5.279034 0.644909
v 0.858953 5.310842 0.708578
v 0.828526 5.356174 0.730387
v 0.852590 5.369182 0.707806
v 0.852590 5.369182 0.707806
v 0.891560 5.541710 0.485418
v 0.864441 5.554271 0.514855
v 0.900846 5.524950 0.476573
v 0.892940 5.501027 0.497933
v 0.862278 5.502972 0.523011
v 0.832694 5.512568 0.540596
v 0.818581 5.539683 0.546782
v 0.836915 5.557566 0.537329
v 0.600000 5.673586 -0.079620
v 0.522022 5.694378 -0.083346
v 0.589618 5.844414 0.024668
v 0.660605 5.808107 0.017223
v 0.678209 5.916953 0.192312
v 0.740034 5.873145 0.167528
v 0.762711 5.892726 0.375313
v 0.817002 5.851300 0.331018
v 0.809169 5.779346 0.530120
v 0.845113 5.751023 0.476375
v 0.577420 5.506468 -0.091108
v 0.499780 5.508821 -0.090583
v 0.678011 5.645198 -0.051392
v 0.727495 5.755026 0.027680
v 0.792347 5.808134 0.150403
v 0.855192 5.790293 0.283893
v 0.881702 5.708063 0.400853
v 0.657155 5.508079 -0.065627
v 0.750739 5.611147 -0.000589
v 0.785730 5.688807 0.055324
v 0.831587 5.726362 0.142102
v 0.876025 5.713745 0.236493
v 0.898887 5.640273 0.313795
v 0.735992 5.514189 -0.010654
v 0.806792 5.453969 0.081498
v 0.824560 5.500329 0.109451
v 0.847582 5.522167 0.154296
v 0.856139 5.514764 0.176337
v 0.870504 5.469817 0.226792
v 0.872670 5.422734 0.254267
v 0.803026 5.406533 0.087398
v 0.884200 5.482058 0.162571
v 0.884132 5.448022 0.210836
v 0.875843 5.433108 0.138720
v 0.879207 5.482411 0.125641
v 0.859769 5.419106 0.067959
v 0.869933 5.459956 0.088277
v 0.881095 5.409912 0.235772
v 0.869910 5.384828 0.152919
v 0.853405 5.380116 0.073377
v 0.757124 5.057451 0.588111
v 0.791050 5.073565 0.639450
v 0.846831 5.155516 0.465681
v 0.811657 5.139045 0.396330
v 0.850825 5.352628 0.238442
v 0.777552 5.087960 0.484577
v 0.817832 5.099189 0.554182
v 0.699374 5.036111 0.492187
v 0.763485 5.106863 0.310198
v 0.794537 5.176640 0.242165
v 0.859221 5.333421 0.164473
v 0.864412 5.347932 0.222751
v 0.856837 5.298794 0.228528
v 0.833183 5.271377 0.183137
v 0.726743 5.061164 0.393509
v 0.812870 5.267200 0.216783
v 0.842288 5.691523 0.568836
v 0.743290 5.062192 0.287173
v 0.758851 5.140110 0.209849
v 0.836241 5.328407 0.095984
v 0.809234 5.287993 0.127106
v 0.696946 5.002831 0.376327
v 0.639073 4.967192 0.443480
v 0.776869 5.287179 0.160479
v 0.504881 5.453360 -0.075176
v 0.583623 5.451782 -0.068057
v 0.655542 5.452803 -0.045068
v 0.726876 5.458046 0.005149
v 0.793693 5.341131 0.118873
v 0.530156 5.285966 -0.012608
v 0.599899 5.284488 -0.005601
v 0.662168 5.285617 0.025774
v 0.716457 5.289940 0.070030
v 0.628119 5.150342 0.069609
v 0.677382 5.148314 0.087751
v 0.714546 5.146792 0.127026
v 0.803232 5.699530 0.596353
v 0.863231 5.508004 0.128122
v 0.873903 5.504926 0.170504
v 0.879941 5.463635 0.223097
v 0.834199 5.440024 0.056954
v 0.847527 5.485504 0.082300
v 0.879052 5.418609 0.251865
v 0.828992 5.394324 0.062716
v 0.857040 5.348528 0.236462
v 0.821367 5.261811 0.189985
v 0.791300 5.282361 0.127152
v 0.814711 5.332461 0.089328
v 0.557353 5.156022 0.067403
v 1.614811 2.757674 -0.158586
v 1.622097 2.756845 -0.220667
v 1.546488 2.663707 -0.280144
v 1.544284 2.692881 -0.237696
v 1.550461 2.684933 -0.234215
v 1.553867 2.659851 -0.267511
v 1.472683 2.617937 -0.273693
v 1.479183 2.662907 -0.243482
v 1.567097 2.699169 -0.189202
v 1.550461 2.684933 -0.234215
v 1.479183 2.662907 -0.243482
v 1.467138 2.690084 -0.195667
v 1.617893 2.753927 -0.092671
v 1.558510 2.710458 -0.177507
v 1.013833 2.488833 -0.083977
v 1.009046 2.485016 -0.129738
v 1.020361 2.453979 -0.141729
v 1.022794 2.442830 -0.104680
v 1.039925 2.512949 -0.123277
v 1.009046 2.485016 -0.129738
v 1.013833 2.488833 -0.083977
v 1.051384 2.532103 -0.077648
v 1.061335 2.489998 -0.052710
v 1.065666 2.459942 -0.069150
v 1.061335 2.489998 -0.052710
v 1.085375 2.518750 -0.050592
v 1.225650 2.495810 -0.091313
v 1.293647 2.532801 -0.092814
v 1.313648 2.491112 -0.111397
v 1.240981 2.462271 -0.118127
v 1.291734 2.572514 -0.067688
v 1.293647 2.532801 -0.092814
v 1.225650 2.495810 -0.091313
v 1.224608 2.517358 -0.051698
v 1.758250 2.687854 -0.080426
v 1.678782 2.618438 -0.103369
v 1.678442 2.616406 -0.114420
v 1.518340 2.684518 -0.152483
v 1.410428 2.633305 -0.082714
v 1.380660 2.649851 -0.110852
v 1.314038 2.562988 -0.032863
v 1.618534 2.611048 -0.070460
v 1.469583 2.581026 -0.018436
v 1.372284 2.513072 0.030775
v 1.271731 2.476056 0.007560
v 1.243778 2.514550 -0.011641
v 1.534223 2.522455 0.026960
v 1.435853 2.451326 0.078159
v 1.333962 2.408682 0.053982
v 1.300542 2.448046 0.045128
v 1.704874 2.525124 -0.039306
v 1.776868 2.546419 -0.121178
v 1.713612 2.481925 -0.050138
v 1.863693 2.639552 -0.119803
v 1.788708 2.542222 -0.112240
v 1.598326 2.451997 0.038506
v 1.627675 2.411159 0.028036
v 1.507774 2.372790 0.100006
v 1.536056 2.335457 0.088690
v 1.402296 2.337895 0.098593
v 1.362464 2.384382 0.089162
v 1.446992 2.310205 0.121574
v 1.474817 2.276362 0.100151
v 1.876134 2.639441 -0.184609
v 1.792709 2.523787 -0.155384
v 1.782984 2.530205 -0.156626
v 1.720991 2.450503 -0.079551
v 1.775722 2.528307 -0.197591
v 1.782984 2.530205 -0.156626
v 1.720991 2.450503 -0.079551
v 1.732815 2.433718 -0.119545
v 1.854366 2.658207 -0.244410
v 1.784641 2.521322 -0.210078
v 1.636552 2.374890 -0.005486
v 1.636552 2.374890 -0.005486
v 1.626907 2.358629 -0.043862
v 1.545546 2.305856 0.052794
v 1.545546 2.305856 0.052794
v 1.537335 2.294436 0.011937
v 1.485548 2.255808 0.062031
v 1.485548 2.255808 0.062031
v 1.479066 2.251412 0.019211
v 1.736199 2.703634 -0.256651
v 1.664241 2.571491 -0.245506
v 1.664699 2.573686 -0.234758
v 1.666853 2.482049 -0.180609
v 1.600573 2.377536 -0.069127
v 1.512175 2.311720 -0.014606
v 1.541477 2.434270 -0.105422
v 1.449197 2.370079 -0.056873
v 1.425178 2.293509 -0.011897
v 1.454003 2.270029 -0.004309
v 1.559980 2.562438 -0.237175
v 1.483117 2.484994 -0.148855
v 1.387873 2.423616 -0.103599
v 1.360422 2.349735 -0.058572
v 1.400576 2.321794 -0.043164
v 1.736199 2.703634 -0.256651
v 1.664241 2.571491 -0.245506
v 1.424005 2.520721 -0.188414
v 1.391555 2.525228 -0.203069
v 1.335187 2.470638 -0.129779
v 1.294193 2.407870 -0.099270
v 1.333346 2.379306 -0.088328
v 1.264506 2.431720 -0.115982
v 1.339183 2.108108 -0.143485
v 1.356517 2.126031 -0.131728
v 1.381662 2.122349 -0.135753
v 1.365394 2.093343 -0.148341
v 1.386756 2.104283 -0.118835
v 1.379751 2.078639 -0.126392
v 1.336873 2.064150 -0.133801
v 1.365394 2.093343 -0.148341
v 1.379751 2.078639 -0.126392
v 1.353230 2.060779 -0.117337
v 1.323118 2.082852 -0.129832
v 1.339183 2.108108 -0.143485
v 1.284433 2.065598 -0.195629
v 1.301439 2.086435 -0.186671
v 1.326773 2.080053 -0.187915
v 1.309793 2.047919 -0.194336
v 1.328421 2.067906 -0.164900
v 1.320653 2.040620 -0.166340
v 1.278232 2.026188 -0.173942
v 1.309793 2.047919 -0.194336
v 1.320653 2.040620 -0.166340
v 1.291392 2.027352 -0.153961
v 1.263101 2.045296 -0.174885
v 1.284433 2.065598 -0.195629
v 1.197177 2.108377 -0.244532
v 1.213873 2.128949 -0.234309
v 1.239996 2.121562 -0.236840
v 1.222949 2.089363 -0.244834
v 1.240076 2.109467 -0.212469
v 1.232350 2.082164 -0.215101
v 1.189587 2.069193 -0.222631
v 1.222949 2.089363 -0.244834
v 1.232350 2.082164 -0.215101
v 1.202593 2.070683 -0.201714
v 1.176423 2.090159 -0.223595
v 1.197177 2.108377 -0.244532
v 1.080262 2.154106 -0.191756
v 1.102736 2.171925 -0.192262
v 1.125305 2.157267 -0.195511
v 1.101291 2.129837 -0.189045
v 1.128972 2.154332 -0.168886
v 1.115590 2.130459 -0.160347
v 1.069940 2.127369 -0.155999
v 1.101291 2.129837 -0.189045
v 1.115590 2.130459 -0.160347
v 1.087456 2.132062 -0.139203
v 1.061121 2.149702 -0.162451
v 1.080262 2.154106 -0.191756
v 1.411077 2.276883 0.004236
v 1.435254 2.252464 -0.000368
v 1.457971 2.235291 0.020759
v 1.372003 2.176035 -0.010929
v 1.376682 2.186911 -0.000178
v 1.388222 2.163443 0.019334
v 1.383307 2.153052 0.008041
v 1.345497 2.188823 -0.009229
v 1.350187 2.200982 0.002136
v 1.463640 2.239247 0.061186
v 1.463640 2.239247 0.061186
v 1.453625 2.258014 0.097959
v 1.364548 2.132938 0.048591
v 1.372761 2.146443 0.059657
v 1.354384 2.149760 0.089727
v 1.343686 2.131645 0.075352
v 1.364548 2.132938 0.048591
v 1.372761 2.146443 0.059657
v 1.429197 2.284752 0.109027
v 1.405774 2.303450 0.093217
v 1.317377 2.143429 0.074850
v 1.327987 2.163611 0.091821
v 1.311526 2.181892 0.072914
v 1.302764 2.162570 0.055500
v 1.403402 2.308816 0.046478
v 1.400397 2.296913 0.047094
v 1.400397 2.296913 0.047094
v 1.403402 2.308816 0.046478
v 1.316169 2.179970 0.020458
v 1.321729 2.195205 0.035727
v 1.316169 2.179970 0.020458
v 1.321729 2.195205 0.035727
v 1.357134 2.327313 -0.043514
v 1.383748 2.302635 -0.042466
v 1.399874 2.290583 -0.011502
v 1.301497 2.185473 -0.060016
v 1.306226 2.198703 -0.053233
v 1.318184 2.183672 -0.028814
v 1.312190 2.169842 -0.035729
v 1.273703 2.198737 -0.062655
v 1.278222 2.212797 -0.055656
v 1.391866 2.303436 0.041164
v 1.391866 2.303436 0.041164
v 1.371076 2.326341 0.073459
v 1.344660 2.351844 0.073348
v 1.326667 2.363452 0.043951
v 1.234369 2.177434 0.026589
v 1.240759 2.194276 0.035457
v 1.229409 2.209841 0.010931
v 1.223396 2.193096 0.002627
v 1.262025 2.163337 0.028589
v 1.268611 2.179274 0.037162
v 1.336245 2.363118 -0.005828
v 1.333949 2.351047 -0.004783
v 1.333949 2.351047 -0.004783
v 1.336245 2.363118 -0.005828
v 1.242131 2.200429 -0.034781
v 1.247517 2.216227 -0.027156
v 1.242131 2.200429 -0.034781
v 1.247517 2.216227 -0.027156
v 1.285462 2.387493 -0.079018
v 1.313168 2.361783 -0.083586
v 1.329711 2.349806 -0.053093
v 1.216783 2.242090 -0.093266
v 1.224558 2.255756 -0.088669
v 1.234808 2.240109 -0.063361
v 1.227134 2.226666 -0.068610
v 1.189867 2.256861 -0.095697
v 1.196781 2.270755 -0.090684
v 1.326034 2.357786 -0.010269
v 1.326034 2.357786 -0.010269
v 1.303715 2.386347 0.031507
v 1.281664 2.418874 0.032947
v 1.266561 2.440909 0.008100
v 1.152294 2.240655 -0.004934
v 1.159352 2.256025 0.002385
v 1.148400 2.271184 -0.022729
v 1.141590 2.255952 -0.029368
v 1.179020 2.225845 -0.002361
v 1.186341 2.240393 0.004606
v 1.268352 2.435391 -0.033997
v 1.264708 2.423349 -0.031667
v 1.264708 2.423349 -0.031667
v 1.268352 2.435391 -0.033997
v 1.159452 2.261344 -0.067072
v 1.166062 2.276047 -0.061104
v 1.159452 2.261344 -0.067072
v 1.166062 2.276047 -0.061104
v 1.218745 2.449855 -0.105596
v 1.241086 2.422752 -0.102560
v 1.258152 2.410196 -0.078621
v 1.150978 2.328769 -0.089293
v 1.158144 2.339790 -0.087451
v 1.168922 2.327570 -0.061209
v 1.162249 2.316723 -0.063694
v 1.124482 2.344694 -0.092703
v 1.131525 2.356168 -0.090803
v 1.256502 2.431730 -0.035018
v 1.256502 2.431730 -0.035018
v 1.244882 2.463351 -0.006936
v 1.221390 2.488593 -0.013876
v 1.203543 2.496577 -0.044264
v 1.092992 2.344509 -0.002977
v 1.100633 2.358362 0.000405
v 1.089488 2.370280 -0.026193
v 1.082054 2.356232 -0.029312
v 1.118465 2.329034 0.001896
v 1.126021 2.342196 0.005486
v 1.204176 2.478891 -0.080380
v 1.204176 2.478891 -0.080380
v 1.096931 2.355247 -0.065737
v 1.104257 2.367759 -0.063682
v 1.096931 2.355247 -0.065737
v 1.104257 2.367759 -0.063682
v 1.293355 2.161728 0.001048
v 1.299758 2.176595 0.008933
v 1.293355 2.161728 0.001048
v 1.299758 2.176595 0.008933
v 1.209058 2.221318 -0.030653
v 1.216372 2.235253 -0.024167
v 1.209058 2.221318 -0.030653
v 1.216372 2.235253 -0.024167
v 1.146571 2.318322 -0.025879
v 1.153798 2.330209 -0.022863
v 1.146571 2.318322 -0.025879
v 1.153798 2.330209 -0.022863
v 1.325964 2.144071 -0.054270
v 1.339341 2.177483 -0.018269
v 1.368857 2.166958 -0.022087
v 1.355101 2.137042 -0.051206
v 1.379557 2.143515 -0.003111
v 1.367778 2.114099 -0.036701
v 1.360538 2.121547 0.034173
v 1.351855 2.084672 -0.021676
v 1.351855 2.084672 -0.021676
v 1.360538 2.121547 0.034173
v 1.337424 2.116046 0.057261
v 1.321203 2.066375 -0.008467
v 1.310499 2.127425 0.057494
v 1.293214 2.077501 -0.005591
v 1.295874 2.147922 0.041154
v 1.280060 2.099148 -0.021692
v 1.310035 2.167103 0.008270
v 1.295074 2.126941 -0.038132
v 1.295074 2.126941 -0.038132
v 1.310035 2.167103 0.008270
v 1.251131 2.115541 -0.117321
v 1.270648 2.187330 -0.070196
v 1.298590 2.174445 -0.067447
v 1.278468 2.104556 -0.112708
v 1.309213 2.158597 -0.043427
v 1.288687 2.087096 -0.090679
v 1.290213 2.149576 -0.007438
v 1.269399 2.073681 -0.059225
v 1.269399 2.073681 -0.059225
v 1.290213 2.149576 -0.007438
v 1.258690 2.150093 0.019249
v 1.237700 2.069032 -0.037475
v 1.230949 2.163469 0.016750
v 1.210199 2.080410 -0.041512
v 1.220006 2.179575 -0.006692
v 1.199726 2.097738 -0.063402
v 1.238954 2.188102 -0.043094
v 1.220332 2.111527 -0.095921
v 1.220332 2.111527 -0.095921
v 1.238954 2.188102 -0.043094
v 1.162056 2.174067 -0.147334
v 1.185158 2.243882 -0.103518
v 1.211858 2.229352 -0.100722
v 1.189149 2.166732 -0.138196
v 1.222389 2.213809 -0.076498
v 1.198539 2.146169 -0.118769
v 1.204530 2.207646 -0.039658
v 1.177348 2.122817 -0.096623
v 1.177348 2.122817 -0.096623
v 1.204530 2.207646 -0.039658
v 1.174098 2.211523 -0.011627
v 1.145527 2.113804 -0.080407
v 1.147335 2.226145 -0.014252
v 1.118450 2.124360 -0.086215
v 1.136773 2.241477 -0.038662
v 1.108510 2.143047 -0.106999
v 1.154619 2.247643 -0.075499
v 1.128613 2.160633 -0.133969
v 1.128613 2.160633 -0.133969
v 1.154619 2.247643 -0.075499
v 1.087502 2.257023 -0.125316
v 1.119849 2.334367 -0.096361
v 1.146395 2.318730 -0.092838
v 1.113793 2.244948 -0.119213
v 1.157725 2.306515 -0.067515
v 1.123322 2.229861 -0.095331
v 1.141579 2.307256 -0.030022
v 1.103930 2.220807 -0.063470
v 1.103930 2.220807 -0.063470
v 1.141579 2.307256 -0.030022
v 1.113190 2.316902 -0.002853
v 1.072584 2.221125 -0.041324
v 1.087549 2.332384 -0.007470
v 1.046219 2.233571 -0.047062
v 1.076699 2.344246 -0.033673
v 1.036251 2.246644 -0.072295
v 1.091796 2.343981 -0.069686
v 1.055675 2.255421 -0.104404
v 1.055675 2.255421 -0.104404
v 1.091796 2.343981 -0.069686
v 1.343735 2.137063 -0.105600
v 1.325114 2.138515 -0.062803
v 1.355480 2.134421 -0.056564
v 1.372086 2.132295 -0.097391
v 1.368136 2.109916 -0.045488
v 1.384894 2.107678 -0.088023
v 1.351632 2.078447 -0.033507
v 1.368821 2.073463 -0.083220
v 1.368821 2.073463 -0.083220
v 1.351632 2.078447 -0.033507
v 1.321279 2.058038 -0.025235
v 1.338975 2.049438 -0.083362
v 1.291904 2.067204 -0.023255
v 1.310786 2.054971 -0.090348
v 1.280135 2.089882 -0.039921
v 1.298097 2.079675 -0.099781
v 1.294989 2.119951 -0.051215
v 1.312711 2.112103 -0.105192
v 1.312711 2.112103 -0.105192
v 1.294989 2.119951 -0.051215
v 1.284747 2.106027 -0.162788
v 1.250317 2.109867 -0.121725
v 1.276648 2.097269 -0.117703
v 1.311200 2.102058 -0.150800
v 1.287172 2.080588 -0.095323
v 1.322650 2.082126 -0.133363
v 1.268146 2.065935 -0.065451
v 1.301811 2.049404 -0.120008
v 1.301811 2.049404 -0.120008
v 1.268146 2.065935 -0.065451
v 1.236307 2.059733 -0.045103
v 1.270414 2.027597 -0.115774
v 1.208850 2.070292 -0.049936
v 1.243341 2.031731 -0.126918
v 1.197990 2.088306 -0.070616
v 1.228719 2.051698 -0.140845
v 1.220456 2.104112 -0.103101
v 1.253222 2.083461 -0.159177
v 1.253222 2.083461 -0.159177
v 1.220456 2.104112 -0.103101
v 1.196952 2.151597 -0.206923
v 1.164071 2.169529 -0.153821
v 1.191499 2.163472 -0.143787
v 1.223356 2.147119 -0.194715
v 1.200907 2.142662 -0.124721
v 1.233020 2.125515 -0.177418
v 1.179303 2.116984 -0.104592
v 1.212629 2.094515 -0.164482
v 1.212629 2.094515 -0.164482
v 1.179303 2.116984 -0.104592
v 1.146879 2.104905 -0.090905
v 1.179603 2.072893 -0.160008
v 1.119421 2.114429 -0.097304
v 1.153774 2.077993 -0.172189
v 1.110431 2.132955 -0.119193
v 1.145198 2.099807 -0.190436
v 1.130837 2.154268 -0.142573
v 1.165347 2.130007 -0.203946
v 1.165347 2.130007 -0.203946
v 1.130837 2.154268 -0.142573
v 1.096820 2.205726 -0.172719
v 1.086112 2.249606 -0.129488
v 1.112548 2.238743 -0.122552
v 1.123829 2.198502 -0.163682
v 1.121788 2.223214 -0.098855
v 1.132034 2.181378 -0.141021
v 1.101820 2.212034 -0.068318
v 1.109622 2.162926 -0.114854
v 1.109622 2.162926 -0.114854
v 1.101820 2.212034 -0.068318
v 1.069788 2.210124 -0.047439
v 1.075552 2.153492 -0.098551
v 1.043105 2.221635 -0.053605
v 1.048739 2.161275 -0.107286
v 1.033652 2.235440 -0.078589
v 1.040038 2.177752 -0.130061
v 1.053863 2.246271 -0.109636
v 1.062696 2.195321 -0.157201
v 1.062696 2.195321 -0.157201
v 1.053863 2.246271 -0.109636
v 1.359155 2.516420 -0.210987
v 1.409640 2.603469 -0.262304
v 1.404898 2.671512 -0.201747
v 1.349831 2.646841 -0.125877
v 1.266891 2.590169 -0.135043
v 1.266647 2.565787 -0.196790
v 1.415784 2.645676 -0.241234
v 1.415784 2.645676 -0.241234
v 1.266798 2.529241 -0.222475
v 1.415784 2.645676 -0.241234
v 1.263383 2.491560 -0.233036
v 1.266798 2.529241 -0.222475
v 1.302575 2.494340 -0.129829
v 1.302258 2.532866 -0.090302
v 1.302258 2.532866 -0.090302
v 1.299457 2.576262 -0.082702
v 1.256885 2.561744 -0.084929
v 1.253364 2.458026 -0.192640
v 1.160871 2.437001 -0.197983
v 1.171841 2.442577 -0.201395
v 1.188949 2.425982 -0.165477
v 1.180222 2.422583 -0.162445
v 1.195851 2.561498 -0.119787
v 1.204306 2.564962 -0.121626
v 1.180048 2.526605 -0.172764
v 1.169489 2.521880 -0.169868
v 1.162755 2.477478 -0.189740
v 1.173232 2.482884 -0.192926
v 1.173232 2.482884 -0.192926
v 1.162755 2.477478 -0.189740
v 1.247232 2.472369 -0.129563
v 1.198942 2.453942 -0.101849
v 1.250935 2.516213 -0.099523
v 1.250935 2.516213 -0.099523
v 1.212419 2.545739 -0.074488
v 1.085583 2.421156 -0.132870
v 1.064532 2.438706 -0.169561
v 1.138161 2.434717 -0.188557
v 1.156694 2.418233 -0.151660
v 1.091272 2.516583 -0.143419
v 1.126833 2.543897 -0.091178
v 1.176941 2.553152 -0.109349
v 1.153366 2.514945 -0.158986
v 1.144815 2.473256 -0.180048
v 1.073736 2.476935 -0.162726
v 1.073736 2.476935 -0.162726
v 1.144815 2.473256 -0.180048
v 1.113337 2.449531 -0.077289
v 1.173424 2.449652 -0.091587
v 1.190921 2.494402 -0.072408
v 1.129666 2.489549 -0.057474
v 1.129666 2.489549 -0.057474
v 1.190921 2.494402 -0.072408
v 1.193403 2.537524 -0.066455
v 1.140247 2.527453 -0.051201
v 1.210634 2.501791 -0.081869
v 1.210634 2.501791 -0.081869
v 1.758344 2.689108 -0.083448
v 1.903137 2.889368 -0.053500
v 1.773152 2.970896 -0.070477
v 1.621370 2.750782 -0.097494
v 1.858993 2.642187 -0.124154
v 2.057142 2.902520 -0.104837
v 2.208544 3.100864 -0.090832
v 2.070404 2.865693 -0.212835
v 2.261617 3.116904 -0.248788
v 2.012136 2.899902 -0.302811
v 2.189225 3.157136 -0.392069
v 1.864152 2.956565 -0.320988
v 2.015150 3.206716 -0.404894
v 2.015150 3.206716 -0.404894
v 1.864152 2.956565 -0.320988
v 1.775063 2.995395 -0.269826
v 1.896489 3.233378 -0.327998
v 1.740011 2.988723 -0.166717
v 1.835014 3.238281 -0.193836
v 1.889245 3.198099 -0.048525
v 2.062444 3.130859 -0.009315
v 2.330543 3.394459 -0.066854
v 2.377813 3.436001 -0.229832
v 2.312835 3.448132 -0.382056
v 2.151581 3.423088 -0.410757
v 2.151581 3.423088 -0.410757
v 2.038031 3.428208 -0.337276
v 1.981367 3.410350 -0.183950
v 2.025231 3.402753 -0.031334
v 2.192588 3.372734 0.013966
v 2.217746 3.699094 -0.063479
v 2.313740 3.561685 -0.057870
v 2.342476 3.610997 -0.215525
v 2.241046 3.745088 -0.208878
v 2.285532 3.593209 -0.366406
v 2.187666 3.710806 -0.348992
v 2.155637 3.513958 -0.419179
v 2.072115 3.603284 -0.399403
v 2.072115 3.603284 -0.399403
v 2.155637 3.513958 -0.419179
v 2.069169 3.470826 -0.344608
v 2.009978 3.529161 -0.334562
v 2.051674 3.463160 -0.187264
v 1.991752 3.501529 -0.188653
v 2.077198 3.450448 -0.034338
v 2.019864 3.506911 -0.048437
v 2.210709 3.493412 0.016275
v 2.129421 3.604768 0.002044
v 2.026747 3.934182 -0.058467
v 2.126619 3.816363 -0.066596
v 2.156646 3.869790 -0.202947
v 2.046937 3.986123 -0.190991
v 2.101596 3.823100 -0.333910
v 2.005593 3.941671 -0.322719
v 1.970924 3.699275 -0.379346
v 1.862963 3.796892 -0.368141
v 1.862963 3.796892 -0.368141
v 1.970924 3.699275 -0.379346
v 1.885220 3.620906 -0.303992
v 1.767685 3.683079 -0.308209
v 1.884543 3.552557 -0.183802
v 1.735913 3.623672 -0.174741
v 1.904358 3.577522 -0.051150
v 1.778461 3.659590 -0.043364
v 2.022397 3.704664 -0.004861
v 1.910285 3.803897 0.002661
v 1.871206 4.097748 -0.030626
v 1.910025 4.167362 -0.175246
v 1.861508 4.118481 -0.330715
v 1.714160 3.957604 -0.380371
v 1.714160 3.957604 -0.380371
v 1.592909 3.806039 -0.304358
v 1.539164 3.738301 -0.166149
v 1.568616 3.764690 -0.017261
v 1.738366 3.938591 0.036587
v 1.654543 4.259681 0.031851
v 1.717247 4.331505 -0.125123
v 1.689218 4.279402 -0.298745
v 1.546994 4.125058 -0.378831
v 1.546994 4.125058 -0.378831
v 1.438217 3.980025 -0.266301
v 1.327862 3.921070 -0.089782
v 1.354191 3.950755 0.062592
v 1.496044 4.104796 0.128621
v 1.329515 4.461313 0.156963
v 1.389508 4.569818 0.022849
v 1.471111 4.472620 -0.198138
v 1.324064 4.302079 -0.372869
v 1.324064 4.302079 -0.372869
v 1.283435 4.130598 -0.265688
v 1.201826 4.050535 -0.075078
v 1.175800 4.127633 0.086891
v 1.272641 4.277235 0.180829
v 1.885910 1.265177 -0.228481
v 1.994123 1.301506 -0.247898
v 2.107856 0.917498 -0.335061
v 2.014021 0.897271 -0.322261
v 1.940004 0.847122 -0.193579
v 1.792300 1.174739 -0.080066
v 1.983472 0.819402 -0.008420
v 1.849475 1.091518 0.129025
v 1.849475 1.091518 0.129025
v 1.983472 0.819402 -0.008420
v 2.102085 0.822284 0.136457
v 2.010929 1.057363 0.280664
v 2.218514 1.101365 0.307300
v 2.118995 1.072108 0.324670
v 2.187702 0.837267 0.182562
v 2.273186 0.848790 0.172422
v 2.320332 1.189069 0.149581
v 2.290825 1.140702 0.244256
v 2.335845 0.873913 0.122153
v 2.362908 0.897155 0.039952
v 2.321007 0.926762 -0.144472
v 2.263563 1.275841 -0.052698
v 2.263563 1.275841 -0.052698
v 2.321007 0.926762 -0.144472
v 2.195411 0.928635 -0.294606
v 2.101050 1.312135 -0.209289
v 1.769074 1.582017 -0.158130
v 1.893647 1.626369 -0.181529
v 1.657076 1.476555 0.025102
v 1.728521 1.380788 0.289674
v 1.728521 1.380788 0.289674
v 1.927260 1.346441 0.487309
v 2.173069 1.394426 0.512086
v 2.059341 1.356618 0.534732
v 2.290658 1.507344 0.325744
v 2.256408 1.446972 0.440916
v 2.221831 1.604321 0.068597
v 2.221831 1.604321 0.068597
v 2.023655 1.638352 -0.132029
v 1.692369 1.915726 -0.003480
v 1.827708 1.963309 -0.031568
v 1.564129 1.798895 0.196620
v 1.636279 1.699425 0.491448
v 1.636279 1.699425 0.491448
v 1.852352 1.672153 0.711751
v 2.125722 1.731611 0.736369
v 1.998360 1.687197 0.763174
v 2.260345 1.854301 0.525351
v 2.220263 1.789511 0.655554
v 2.189054 1.951424 0.238912
v 2.189054 1.951424 0.238912
v 1.970875 1.980073 0.020465
v 1.753812 2.065182 0.190257
v 1.860186 2.120934 0.160282
v 1.832901 2.115317 0.105604
v 1.720458 2.069490 0.131193
v 1.591500 1.981173 0.314110
v 1.612714 2.004327 0.379404
v 1.631440 1.938725 0.585661
v 1.613702 2.038048 0.647774
v 1.613702 2.038048 0.647774
v 1.631440 1.938725 0.585661
v 1.807311 1.971641 0.782912
v 1.754301 2.142735 0.840535
v 1.955664 2.270370 0.845996
v 1.857373 2.208653 0.876543
v 1.924285 2.008136 0.821401
v 2.029185 2.056657 0.794395
v 2.096107 2.335838 0.653961
v 2.041886 2.313783 0.770088
v 2.113881 2.103831 0.722243
v 2.159457 2.146014 0.608821
v 2.124394 2.183510 0.342829
v 2.093700 2.306502 0.387607
v 2.093700 2.306502 0.387607
v 2.124394 2.183510 0.342829
v 1.945425 2.154336 0.143297
v 1.957117 2.192445 0.194682
v 1.631758 2.083848 0.064808
v 1.725668 2.167292 0.022841
v 1.828881 2.103891 0.124906
v 1.732183 2.020506 0.164571
v 1.565606 2.001256 0.364736
v 1.463813 2.065166 0.262183
v 1.507570 2.145830 0.626262
v 1.393526 2.231676 0.520079
v 1.393526 2.231676 0.520079
v 1.507570 2.145830 0.626262
v 1.590014 2.368632 0.798832
v 1.456316 2.485780 0.685257
v 1.619815 2.689403 0.662869
v 1.529405 2.609618 0.704215
v 1.666600 2.485391 0.818521
v 1.762715 2.561085 0.780854
v 1.790229 2.710545 0.465622
v 1.712731 2.726791 0.581726
v 1.855649 2.600436 0.697133
v 1.926837 2.594296 0.580580
v 1.980745 2.455339 0.318335
v 1.861116 2.545034 0.210482
v 1.861116 2.545034 0.210482
v 1.980745 2.455339 0.318335
v 1.905723 2.218540 0.147704
v 1.798215 2.288707 0.043903
v 1.450635 2.215475 -0.082598
v 1.558367 2.306576 -0.130929
v 1.248905 2.177942 0.132044
v 1.141593 2.348133 0.394036
v 1.141593 2.348133 0.394036
v 1.258795 2.607973 0.574818
v 1.430374 2.846536 0.524058
v 1.325135 2.757634 0.577365
v 1.620957 2.881748 0.308192
v 1.532634 2.893240 0.432361
v 1.706350 2.711602 0.045018
v 1.706350 2.711602 0.045018
v 1.639302 2.437881 -0.116364
v 1.179924 2.353322 -0.283819
v 1.301823 2.453219 -0.337493
v 0.907531 2.309194 -0.060767
v 0.777153 2.495564 0.198167
v 0.777153 2.495564 0.198167
v 0.883084 2.756078 0.380983
v 1.148605 2.994421 0.335795
v 1.020793 2.902312 0.386311
v 1.378285 3.024252 0.126025
v 1.273274 3.044940 0.238866
v 1.471486 2.853130 -0.139863
v 1.471486 2.853130 -0.139863
v 1.404134 2.576700 -0.306724
v 0.839153 2.558761 -0.663246
v 0.948911 2.715035 -0.681347
v 1.068856 2.584186 -0.535339
v 0.966669 2.455436 -0.466349
v 0.766058 2.294242 -0.245204
v 0.544831 2.364238 -0.492093
v 0.618498 2.551983 0.118417
v 0.302357 2.657214 -0.047935
v 0.302357 2.657214 -0.047935
v 0.618498 2.551983 0.118417
v 0.739088 2.836083 0.325638
v 0.532954 2.980182 0.206876
v 0.772870 3.170874 0.118936
v 0.668073 3.113071 0.205390
v 0.891046 2.981739 0.333172
v 0.972304 3.098058 0.248351
v 0.962616 3.192204 -0.155371
v 0.879281 3.202207 0.001327
v 1.028158 3.163297 0.104974
v 1.126554 3.162729 -0.026082
v 1.054535 3.099602 -0.423612
v 1.195303 3.012238 -0.332500
v 1.150251 2.729952 -0.515657
v 1.008958 2.854745 -0.639147
v 1.823695 2.025418 0.042207
v 1.713068 1.985466 0.064254
v 1.598717 1.887669 0.244400
v 1.658581 1.813113 0.516363
v 1.658581 1.813113 0.516363
v 1.852057 1.808335 0.721498
v 1.973122 1.830394 0.764583
v 2.077435 1.870767 0.741203
v 2.158002 1.918355 0.672683
v 2.196214 1.966239 0.560317
v 2.139045 2.035487 0.290833
v 2.139045 2.035487 0.290833
v 1.943205 2.046342 0.086085
v 0.680923 3.360888 -0.915853
v 0.788715 3.331494 -0.809078
v 0.792033 3.129835 -0.847577
v 0.688705 3.062972 -0.924554
v 0.770209 3.082580 0.067839
v 0.644323 2.985404 0.217492
v 0.660004 3.016144 0.050894
v 0.778904 3.091909 -0.100530
v 0.901061 3.155450 -0.426874
v 0.894988 3.228422 -0.305353
v 0.894988 3.228422 -0.305353
v 0.901061 3.155450 -0.426874
v 0.865321 3.141854 -0.723194
v 0.862027 3.316952 -0.649592
v 0.694181 3.626464 -0.853968
v 0.812619 3.587365 -0.717861
v 0.773319 3.189385 0.182661
v 0.643836 3.092455 0.316898
v 0.914635 3.359521 -0.162185
v 0.914635 3.359521 -0.162185
v 0.887185 3.528161 -0.534963
v 0.700285 3.825857 -0.770424
v 0.836960 3.727524 -0.667553
v 0.782625 3.310505 0.202293
v 0.653906 3.249748 0.348562
v 0.934060 3.485309 -0.124109
v 0.934060 3.485309 -0.124109
v 0.905952 3.632115 -0.510931
v 0.750389 4.008434 -0.677946
v 0.859390 3.923009 -0.578672
v 0.808314 3.497657 0.201529
v 0.675711 3.426438 0.325094
v 0.963027 3.727446 -0.060925
v 0.963027 3.727446 -0.060925
v 0.931708 3.842934 -0.425236
v 0.791081 4.123318 -0.608407
v 0.908623 4.088378 -0.484720
v 0.875605 3.703760 0.253237
v 0.745673 3.609596 0.405413
v 0.944376 3.938340 -0.125241
v 0.944376 3.938340 -0.125241
v 0.974655 4.045001 -0.354595
v 0.856068 4.327674 -0.509247
v 0.975592 4.304824 -0.395647
v 0.900755 3.945129 0.223445
v 0.784680 3.876719 0.501753
v 0.969489 4.093208 -0.176409
v 0.969489 4.093208 -0.176409
v 1.047264 4.268881 -0.314420
v 0.850560 4.468120 -0.418005
v 0.999201 4.406052 -0.340689
v 0.908863 4.063539 0.319419
v 0.787456 4.062431 0.532295
v 0.901670 4.064482 0.308924
v 0.890159 3.946386 0.218339
v 0.959688 4.103317 -0.180378
v 1.010125 4.268540 -0.260685
v 1.010125 4.268540 -0.260685
v 0.959688 4.103317 -0.180378
v 1.015474 4.230094 -0.319897
v 1.063525 4.351436 -0.300808
v 0.839028 4.748983 -0.231999
v 0.971257 4.737830 -0.114466
v 0.981982 4.582598 -0.277833
v 0.836194 4.579501 -0.341293
v 0.987540 4.501412 0.359092
v 0.846666 4.472299 0.474488
v 0.792781 4.217354 0.537149
v 0.920231 4.238329 0.399688
v 0.767579 4.816917 -0.056575
v 0.857249 4.804176 0.046040
v 0.873051 4.657522 0.422412
v 0.773982 4.620858 0.468802
v 1.126174 4.565559 0.167199
v 0.971929 4.718637 0.261643
v 0.971929 4.718637 0.261643
v 1.126174 4.565559 0.167199
v 1.100848 4.685037 0.005191
v 0.931205 4.775180 0.146955
v 0.643197 4.921020 0.023922
v 0.692555 4.925651 0.064758
v 0.721292 4.866204 0.361978
v 0.674394 4.834421 0.426138
v 0.756594 4.905320 0.231958
v 0.756594 4.905320 0.231958
v 0.725482 4.921868 0.118867
v 0.688705 3.062972 -0.924554
v 0.792033 3.129835 -0.847577
v 0.858517 2.814332 -0.796100
v 0.719597 2.717549 -0.825105
v 0.339446 2.631811 -0.816896
v 0.356456 3.077716 -0.999568
v 0.521363 2.939128 0.143830
v 0.360000 2.850088 0.200066
v 0.464775 3.046713 0.120613
v 0.623077 3.111936 0.037297
v 0.778904 3.091909 -0.100530
v 0.660004 3.016144 0.050894
v 0.749590 3.151619 -0.062040
v 0.875696 3.172813 -0.196985
v 0.901061 3.155450 -0.426874
v 0.972429 3.106707 -0.481333
v 0.918532 2.922543 -0.699088
v 0.865321 3.141854 -0.723194
v 0.780374 4.063767 0.524130
v 0.987513 4.403306 -0.337105
v 0.843120 4.462430 -0.411120
v 1.234900 4.491071 0.171202
v 1.229799 4.625494 0.023964
v 1.133659 4.395834 0.201289
v 1.234900 4.491071 0.171202
v 1.004623 4.194200 0.148859
v 0.993779 4.192258 -0.081916
v 1.107491 4.259730 -0.277544
v 1.175505 4.400080 -0.324679
v 1.107491 4.259730 -0.277544
v 1.100787 4.548604 -0.211339
v 1.209393 4.537192 -0.189662
v 0.972429 3.106707 -0.481333
v 0.901061 3.155450 -0.426874
v 1.195303 3.012238 -0.332500
v 1.054535 3.099602 -0.423612
v 2.253091 0.480656 -0.364425
v 2.162185 0.473805 -0.366397
v 2.084318 0.759994 -0.330153
v 2.174570 0.778588 -0.340135
v 2.162185 0.473805 -0.366397
v 2.030984 0.527090 -0.269234
v 1.987035 0.733162 -0.217918
v 2.084318 0.759994 -0.330153
v 1.987496 0.491336 -0.066217
v 2.000865 0.704528 -0.047595
v 2.453613 0.493960 -0.180213
v 2.330120 0.497278 -0.323475
v 2.260552 0.785896 -0.303923
v 2.369437 0.797298 -0.166452
v 2.095731 0.450325 0.394175
v 2.153909 0.486865 0.668380
v 2.189524 0.525081 0.618668
v 2.124156 0.510149 0.381534
v 2.416802 0.505092 0.809274
v 2.395259 0.582953 0.716474
v 2.318455 0.580592 0.713322
v 2.329746 0.506441 0.794607
v 2.582637 0.486086 0.565631
v 2.540121 0.531905 0.535406
v 2.493715 0.574993 0.634806
v 2.525656 0.496240 0.686278
v 2.177912 0.224373 -0.355439
v 2.273384 0.229725 -0.350047
v 2.038203 0.226387 -0.257547
v 2.177912 0.224373 -0.355439
v 1.977336 0.246367 -0.035683
v 2.081187 0.297707 0.420573
v 2.148517 0.333053 0.709284
v 2.428738 0.348792 0.854622
v 2.331914 0.346152 0.840972
v 2.604964 0.332113 0.605202
v 2.549368 0.339983 0.714747
v 2.352655 0.237743 -0.304191
v 2.478430 0.259589 -0.143891
v 2.260552 0.785896 -0.303923
v 2.369437 0.797298 -0.166452
v 2.369437 0.797298 -0.166452
v 2.401377 0.774540 0.009733
v 2.352899 0.777678 0.087646
v 2.281204 0.768287 0.134818
v 2.196881 0.760606 0.144671
v 2.102978 0.735543 0.099894
v 2.000865 0.704528 -0.047595
v 2.000865 0.704528 -0.047595
v 1.987035 0.733162 -0.217918
v 2.084318 0.759994 -0.330153
v 2.174570 0.778588 -0.340135
v 2.134538 0.619475 0.209635
v 2.102978 0.735543 0.099894
v 2.086193 0.568518 0.111895
v 2.056556 0.445686 0.123129
v 2.300367 0.644070 0.251419
v 2.281204 0.768287 0.134818
v 2.196881 0.760606 0.144671
v 2.231073 0.640431 0.254283
v 2.433231 0.623561 0.159156
v 2.401377 0.774540 0.009733
v 2.352899 0.777678 0.087646
v 2.362653 0.643731 0.232088
v 2.468648 0.590827 0.020055
v 2.498450 0.461948 0.023967
v 2.038948 0.265864 0.138753
v 2.510309 0.273324 0.008609
v 2.192942 0.579222 0.461692
v 2.344915 0.591767 0.489592
v 2.282639 0.593003 0.493338
v 2.473536 0.578167 0.428187
v 2.403430 0.592836 0.470303
v 2.519262 0.520039 0.316891
v 2.564621 0.448558 0.301650
v 2.587543 0.302679 0.325535
v 2.264618 0.574642 0.680262
v 2.464254 0.579601 0.675796
v 2.379083 0.329927 0.624877
v 2.148517 0.333053 0.709284
v 2.081187 0.297707 0.420573
v 2.335260 0.300803 0.366403
v 2.038948 0.265864 0.138753
v 2.278199 0.274057 0.095249
v 1.977336 0.246367 -0.035683
v 2.238625 0.256071 -0.082460
v 2.038203 0.226387 -0.257547
v 2.207022 0.236667 -0.237144
v 2.177912 0.224373 -0.355439
v 2.395187 0.337150 0.708421
v 2.428738 0.348792 0.854622
v 2.331914 0.346152 0.840972
v 2.252419 0.341151 0.790027
v 2.273384 0.229725 -0.350047
v 2.352655 0.237743 -0.304191
v 2.478430 0.259589 -0.143891
v 2.510309 0.273324 0.008609
v 2.587543 0.302679 0.325535
v 2.604964 0.332113 0.605202
v 2.502222 0.345543 0.796255
v 2.549368 0.339983 0.714747
v 2.487866 0.496991 0.754266
v 2.502222 0.345543 0.796255
v 2.259382 0.495228 0.751008
v 2.252419 0.341151 0.790027
v 0.500995 2.880999 0.315952
v 0.336435 2.843209 0.363443
v 0.360000 2.850088 0.200066
v 0.521363 2.939128 0.143830
v 0.495176 3.022559 0.389252
v 0.333446 2.988393 0.426126
v 0.506546 3.226146 0.445777
v 0.346150 3.226880 0.501591
v 0.533071 3.416773 0.417452
v 0.378962 3.473518 0.500171
v 0.574647 3.580462 0.481882
v 0.404884 3.621741 0.550895
v 0.639868 3.869579 0.592556
v 0.456127 3.876689 0.633896
v 0.652690 4.031941 0.615231
v 0.476562 4.018938 0.633795
v 0.682599 4.423073 0.523227
v 0.524464 4.394562 0.538698
v 0.486956 4.159657 0.631084
v 0.647506 4.168477 0.620634
v 0.658828 4.589609 0.480644
v 0.531797 4.566216 0.491724
v 0.610120 4.776941 0.462236
v 0.548623 4.776218 0.494085
v 0.475739 4.018065 0.622725
v 0.648558 4.032704 0.605036
v 0.339446 2.631811 -0.816896
v 0.359465 3.073927 0.137807
v 0.254988 3.008245 0.075048
v 0.600777 4.895358 0.450731
v 0.583043 5.059063 0.083606
v 0.641826 5.054519 0.095828
v 0.682245 5.050641 0.119648
v 0.720688 5.043981 0.178086
v 0.736647 5.028495 0.264769
v 0.711801 4.979997 0.335615
v 0.663627 4.930734 0.403851
v 0.548765 4.775914 0.485918
v 0.609293 4.775611 0.454250
v 0.672454 4.830931 0.418832
v 0.717493 4.859897 0.357400
v 0.752418 4.897817 0.230611
v 0.721214 4.914519 0.120723
v 0.688545 4.918987 0.068514
v 0.640567 4.914404 0.028969
v 1.229799 4.625494 0.023964
v 1.209393 4.537192 -0.189662
v 1.175505 4.400080 -0.324679
v 1.175505 4.400080 -0.324679
v 1.107491 4.259730 -0.277544
v 0.993779 4.192258 -0.081916
v 1.004623 4.194200 0.148859
v 1.133659 4.395834 0.201289
v 1.234900 4.491071 0.171202
v 1.835135 1.925694 0.020625
v 1.736902 1.890421 0.040172
v 1.630718 1.795962 0.206915
v 1.693708 1.714905 0.467640
v 1.693708 1.714905 0.467640
v 1.886055 1.696219 0.664878
v 2.000085 1.711941 0.705638
v 2.095844 1.745995 0.684464
v 2.169262 1.791367 0.622785
v 2.202356 1.838996 0.518926
v 2.141867 1.920733 0.261509
v 2.141867 1.920733 0.261509
v 1.947662 1.941383 0.062627
v 0.959688 4.103317 -0.180378
v 0.890159 3.946386 0.218339
v 1.015474 4.230094 -0.319897
v 0.959688 4.103317 -0.180378
v 0.843120 4.462430 -0.411120
v 0.987513 4.403306 -0.337105
v 0.901670 4.064482 0.308924
v 0.780374 4.063767 0.524130
v 0.648558 4.032704 0.605036
v 0.475739 4.018065 0.622725
v 1.063525 4.351436 -0.300808
v 1.077673 4.361070 -0.302478
v 1.736902 1.890421 0.040172
v 1.835135 1.925694 0.020625
v 1.630718 1.795962 0.206915
v 1.693708 1.714905 0.467640
v 1.886055 1.696219 0.664878
v 1.693708 1.714905 0.467640
v 2.095844 1.745995 0.684464
v 2.000085 1.711941 0.705638
v 2.202356 1.838996 0.518926
v 2.169262 1.791367 0.622785
v 2.141867 1.920733 0.261509
v 1.947662 1.941383 0.062627
v 2.141867 1.920733 0.261509
v 1.550461 2.684933 -0.234215
v 1.549608 2.662043 -0.275181
v 1.553867 2.659851 -0.267511
v 1.678442 2.616406 -0.114420
v 1.562048 2.705844 -0.182163
v 1.567097 2.699169 -0.189202
v 1.782984 2.530205 -0.156626
v 1.783899 2.544039 -0.115948
v 1.776868 2.546419 -0.121178
v 1.664699 2.573686 -0.234758
v 1.780975 2.524093 -0.204887
v 1.775722 2.528307 -0.197591
v 0.640567 4.914404 0.028969
v 0.688545 4.918987 0.068514
v 0.717493 4.859897 0.357400
v 0.672454 4.830931 0.418832
v 0.752418 4.897817 0.230611
v 0.721214 4.914519 0.120723
v 0.752418 4.897817 0.230611
v 0.609293 4.775611 0.454250
v 0.548765 4.775914 0.485918
v 1.618502 2.755635 -0.160641
v 1.625827 2.753110 -0.215576
v 1.875222 2.642208 -0.182267
v 1.850817 2.660240 -0.238757
v 1.739778 2.702395 -0.252089
v 1.664699 2.573686 -0.234758
v 1.739778 2.702395 -0.252089
v 0.808611 5.313905 0.759937
v 0.808611 5.313905 0.759937
v 0.810145 5.354244 0.754625
v 0.828526 5.356174 0.730387
v 0.858953 5.310842 0.708578
v 0.810272 5.287620 0.768890
v 0.810272 5.287620 0.768890
v 0.808611 5.313905 0.759937
v 0.858953 5.310842 0.708578
v 0.856923 5.279095 0.713087
v 0.810272 5.287620 0.768890
v 0.856923 5.279095 0.713087
v 0.810145 5.354244 0.754625
v 0.808611 5.313905 0.759937
v 0.858953 5.310842 0.708578
v 0.828526 5.356174 0.730387
v 0.810145 5.354244 0.754625
v 0.810272 5.287620 0.768890
v 0.856923 5.279095 0.713087
v 0.808611 5.313905 0.759937
v 0.808611 5.313905 0.759937
v 0.810272 5.287620 0.768890
v 0.810272 5.287620 0.768890
v 0.856923 5.279095 0.713087
v 0.858953 5.310842 0.708578
v 0.810145 5.354244 0.754625
v 0.828526 5.356174 0.730387
v 0.450266 5.705915 -0.062248
v 0.520164 5.861053 0.049444
v 0.611770 5.936067 0.222794
v 0.425912 5.513680 -0.072505
v 0.427343 5.457844 -0.060934
v 0.452135 5.291689 0.007583
v 0.488166 5.164464 0.087047
v 0.289504 2.659661 -0.080466
v 0.289504 2.659661 -0.080466
v 0.188883 2.841780 0.187968
v 0.507242 5.058587 0.091136
v 0.518808 4.903502 -0.008942
v 0.683029 4.081760 0.652266
v 0.654150 3.915064 0.619363
v 0.730704 3.928711 0.579885
v 0.760625 4.092906 0.611376
v 0.706602 4.323503 0.606641
v 0.787040 4.327966 0.573930
v 0.737507 4.451996 0.551151
v 0.813800 4.458694 0.513965
v 0.796015 4.749167 0.426630
v 0.771535 4.627197 0.491291
v 0.851379 4.606162 0.498076
v 0.874837 4.723050 0.428855
v 0.837648 4.873926 0.224951
v 0.923041 4.823676 0.234656
v 0.811557 4.854792 0.014382
v 0.901240 4.831044 0.036333
v 0.828326 4.778837 -0.197770
v 0.919587 4.765623 -0.169563
v 0.807815 4.690723 -0.323467
v 0.899568 4.686720 -0.296770
v 0.782895 4.478972 -0.471629
v 0.859519 4.469324 -0.452580
v 0.768125 4.344194 -0.553379
v 0.846413 4.326318 -0.536707
v 0.761409 4.333643 -0.534201
v 0.838070 4.316321 -0.517951
v 0.776213 4.468236 -0.452377
v 0.838070 4.316321 -0.517951
v 0.852635 4.459687 -0.433362
v 0.800263 4.664513 -0.316461
v 0.892681 4.663186 -0.288779
v 0.824961 4.755301 -0.207280
v 0.917595 4.744484 -0.176596
v 0.808588 4.832643 0.004103
v 0.898832 4.808897 0.027552
v 0.829445 4.855755 0.215892
v 0.915907 4.803330 0.223917
v 0.787352 4.733353 0.414489
v 0.869697 4.703696 0.414570
v 0.758230 4.615956 0.467888
v 0.843482 4.592588 0.470538
v 0.697240 4.325778 0.586149
v 0.726469 4.448595 0.532431
v 0.803106 4.452842 0.495924
v 0.778616 4.329519 0.552878
v 0.672068 4.084157 0.631928
v 0.749176 4.095569 0.591540
v 0.643474 3.916432 0.598450
v 0.719992 3.930383 0.559005
v 0.719992 3.930383 0.559005
v 0.749176 4.095569 0.591540
v 0.778616 4.329519 0.552878
v 0.803106 4.452842 0.495924
v 0.843482 4.592588 0.470538
v 0.869697 4.703696 0.414570
v 0.915907 4.803330 0.223917
v 0.898832 4.808897 0.027552
v 0.917595 4.744484 -0.176596
v 0.892681 4.663186 -0.288779
v 0.852635 4.459687 -0.433362
v -0.168078 4.104696 0.457628
v -0.097937 4.055881 0.522245
v -0.075052 4.222630 0.551843
v -0.162588 4.281518 0.471869
v -0.048497 4.488648 0.481792
v -0.112776 4.527883 0.417343
v -0.010902 4.618277 0.423711
v -0.068104 4.662068 0.349678
v -0.024773 4.805422 0.334032
v 0.056565 4.780501 0.372393
v 0.109888 4.888397 0.319958
v 0.032919 4.906226 0.281075
v 0.175307 4.996821 0.154707
v 0.091378 4.996453 0.098067
v 0.247341 4.959286 -0.062367
v 0.166535 4.975938 -0.086609
v 0.268388 4.878458 -0.275901
v 0.191924 4.894962 -0.294231
v 0.288241 4.778304 -0.388528
v 0.217265 4.795047 -0.402815
v 0.258321 4.576445 -0.541128
v 0.198137 4.574228 -0.536760
v 0.242760 4.441741 -0.622094
v 0.167844 4.447693 -0.621434
v 0.240058 4.430733 -0.602197
v 0.169641 4.434119 -0.599253
v 0.169641 4.434119 -0.599253
v 0.255701 4.564955 -0.521337
v 0.211201 4.554664 -0.511462
v 0.278901 4.755035 -0.381200
v 0.212918 4.771450 -0.394654
v 0.265057 4.854670 -0.284934
v 0.189242 4.872274 -0.303740
v 0.244079 4.937376 -0.072566
v 0.164402 4.954454 -0.097918
v 0.178261 4.976336 0.143578
v 0.095001 4.977090 0.083490
v 0.114868 4.867422 0.312738
v 0.034228 4.888726 0.264456
v 0.073479 4.759675 0.358026
v -0.015373 4.791358 0.306104
v -0.055639 4.650359 0.337840
v 0.004507 4.607611 0.411575
v -0.034431 4.485890 0.465635
v -0.097995 4.524354 0.401885
v -0.059221 4.220040 0.535044
v -0.152712 4.282772 0.452134
v -0.080721 4.052187 0.506000
v -0.153893 4.102510 0.440364
v -0.153893 4.102510 0.440364
v -0.152712 4.282772 0.452134
v -0.097995 4.524354 0.401885
v -0.055639 4.650359 0.337840
v -0.015373 4.791358 0.306104
v 0.034228 4.888726 0.264456
v 0.095001 4.977090 0.083490
v 0.164402 4.954454 -0.097918
v 0.189242 4.872274 -0.303740
v 0.212918 4.771450 -0.394654
v 0.211201 4.554664 -0.511462
vn 0.9579 0.0392 0.2844
vn 0.7759 -0.3342 0.5351
vn 0.7085 -0.4312 0.5586
vn 0.9519 -0.2759 0.1336
vn 0.8266 0.0123 0.5627
vn 0.7189 -0.4224 0.5521
vn 0.5374 -0.1340 0.8326
vn 0.5223 -0.5903 0.6154
vn 0.4227 -0.1212 -0.8981
vn 0.4897 0.7320 -0.4737
vn -0.4363 -0.8096 0.3927
vn 0.4226 -0.1213 -0.8981
vn -0.4439 -0.8241 0.3519
vn -0.3125 -0.9461 -0.0847
vn 0.4895 0.7322 -0.4736
vn 0.3111 0.9482 0.0649
vn -0.2853 0.6700 0.6854
vn -0.4887 -0.8724 -0.0037
vn 0.3110 0.9482 0.0652
vn -0.2853 0.6698 0.6855
vn -0.0655 -0.3523 0.9336
vn -0.1089 -0.2442 0.9636
vn -0.3532 0.1726 0.9195
vn -0.5184 -0.1262 0.8458
vn -0.0614 0.1027 0.9928
vn -0.0753 -0.3415 0.9369
vn 0.0658 -0.5438 0.8367
vn 0.3002 -0.1097 0.9475
vn -0.5458 0.8375 0.0279
vn -0.9750 0.0212 -0.2211
vn -0.9750 0.0211 -0.2211
vn 0.4377 -0.8986 -0.0307
vn 0.4082 -0.9109 -0.0610
vn -0.0311 -0.9748 -0.2210
vn 0.0171 0.9781 0.2072
vn -0.5457 0.8375 0.0278
vn 0.1509 -0.9375 -0.3135
vn 0.8160 0.5577 0.1521
vn 0.8160 0.5578 0.1520
vn 0.0172 0.9781 0.2075
vn 0.3553 0.7630 -0.5400
vn 0.4296 -0.7674 -0.4760
vn 0.0771 -0.7979 -0.5978
vn 0.1033 0.7659 -0.6346
vn -0.3324 -0.7861 -0.5211
vn -0.2016 0.7879 -0.5819
vn -0.2017 0.7879 -0.5819
vn -0.3325 -0.7861 -0.5211
vn -0.6424 -0.7247 -0.2492
vn -0.4312 0.8203 -0.3757
vn -0.7565 -0.6466 0.0985
vn -0.5108 0.8512 -0.1204
vn -0.6885 -0.5883 0.4241
vn -0.4624 0.8799 0.1094
vn -0.4674 -0.5668 0.6785
vn -0.3080 0.9072 0.2866
vn -0.1161 -0.5794 0.8067
vn -0.0555 0.9241 0.3781
vn 0.2928 -0.6134 0.7335
vn 0.2498 0.9125 0.3239
vn 0.6034 -0.6527 0.4582
vn 0.4791 0.8696 0.1192
vn 0.7187 -0.6875 0.1040
vn 0.5582 0.8190 -0.1330
vn 0.6513 -0.7247 -0.2249
vn 0.5094 0.7809 -0.3614
vn 0.5803 0.2335 -0.7802
vn 0.0979 0.9643 -0.2461
vn 0.0371 0.9676 -0.2499
vn 0.1409 0.2453 -0.9592
vn -0.0132 0.9727 -0.2317
vn -0.3933 0.2891 -0.8728
vn -0.3935 0.2891 -0.8727
vn -0.0587 0.9773 -0.2035
vn -0.7917 0.3403 -0.5074
vn -0.0932 0.9838 -0.1535
vn -0.9209 0.3862 -0.0531
vn -0.0892 0.9917 -0.0921
vn -0.8288 0.4339 0.3533
vn -0.0425 0.9978 -0.0517
vn -0.5599 0.4860 0.6710
vn 0.0186 0.9986 -0.0485
vn -0.1191 0.5260 0.8421
vn 0.0690 0.9954 -0.0669
vn 0.4160 0.5126 0.7511
vn 0.1143 0.9889 -0.0949
vn 0.8135 0.4310 0.3904
vn 0.1487 0.9783 -0.1443
vn 0.9412 0.3331 -0.0561
vn 0.1446 0.9680 -0.2053
vn 0.8485 0.2631 -0.4591
vn 0.5263 0.4349 -0.7307
vn 0.1328 0.4545 -0.8808
vn -0.3363 0.4981 -0.7993
vn -0.3366 0.4981 -0.7991
vn -0.6916 0.5384 -0.4815
vn -0.8166 0.5716 -0.0802
vn -0.7390 0.6109 0.2842
vn -0.4953 0.6603 0.5645
vn -0.1001 0.7018 0.7053
vn 0.3701 0.6932 0.6184
vn 0.7243 0.6179 0.3060
vn 0.8476 0.5236 -0.0860
vn 0.7692 0.4573 -0.4463
vn 0.4347 0.6418 -0.6317
vn 0.1166 0.6601 -0.7421
vn -0.2545 0.6956 -0.6718
vn -0.2546 0.6956 -0.6718
vn -0.5402 0.7269 -0.4240
vn -0.6502 0.7523 -0.1062
vn -0.5926 0.7834 0.1875
vn -0.3933 0.8232 0.4094
vn -0.0736 0.8558 0.5121
vn 0.2983 0.8483 0.4375
vn 0.5832 0.7889 0.1939
vn 0.6917 0.7128 -0.1162
vn 0.6334 0.6586 -0.4063
vn 0.3046 0.8229 -0.4797
vn 0.0916 0.8322 -0.5469
vn -0.1537 0.8541 -0.4969
vn -0.3450 0.8766 -0.3354
vn -0.4234 0.8970 -0.1271
vn -0.3879 0.9193 0.0668
vn -0.2546 0.9436 0.2117
vn -0.0409 0.9606 0.2748
vn 0.2049 0.9531 0.2226
vn 0.3957 0.9162 0.0633
vn 0.4733 0.8695 -0.1410
vn 0.4375 0.8353 -0.3330
vn 0.0280 0.9883 -0.1500
vn 0.0880 -0.9961 0.0062
vn -0.0000 -0.9998 -0.0174
vn -0.0989 -0.9951 0.0050
vn -0.1771 -0.9818 0.0684
vn -0.2115 -0.9656 0.1512
vn -0.1981 -0.9528 0.2299
vn -0.1430 -0.9467 0.2887
vn -0.0552 -0.9482 0.3130
vn 0.0437 -0.9557 0.2910
vn 0.1219 -0.9662 0.2272
vn 0.1565 -0.9772 0.1436
vn 0.1432 -0.9876 0.0646
vn -0.6222 0.4255 0.6571
vn -0.0086 0.1975 0.9803
vn 0.0857 0.3081 0.9475
vn -0.2152 0.4967 0.8409
vn -0.2160 -0.3748 0.9016
vn 0.0224 -0.2433 0.9697
vn 0.0577 -0.1884 -0.9804
vn 0.0570 -0.1889 -0.9804
vn 0.0572 -0.1865 -0.9808
vn 0.0580 -0.1905 -0.9800
vn 0.1471 -0.1887 -0.9710
vn 0.1488 -0.1807 -0.9722
vn 0.1470 -0.1896 -0.9708
vn 0.1451 -0.1899 -0.9710
vn 0.2073 0.9534 -0.2191
vn 0.4421 0.2662 0.8566
vn 0.2073 0.9534 -0.2192
vn 0.7504 -0.6375 -0.1746
vn 0.7435 -0.6631 -0.0872
vn 0.2320 -0.4498 -0.8625
vn -0.6173 0.7577 -0.2116
vn -0.6170 0.7588 -0.2086
vn 0.5001 0.8541 -0.1430
vn 0.5000 0.8541 -0.1431
vn -0.3364 -0.9281 0.1595
vn -0.3405 -0.9250 0.1684
vn 0.0486 -0.9724 0.2282
vn 0.0496 -0.9728 0.2261
vn 0.0592 0.3538 0.9335
vn 0.1123 0.4110 0.9047
vn 0.1043 0.3660 0.9247
vn 0.0359 0.3300 0.9433
vn 0.2199 0.0832 0.9720
vn 0.1954 -0.2838 0.9388
vn 0.2142 -0.1765 0.9607
vn 0.2620 0.1496 0.9534
vn 0.0426 0.7471 0.6634
vn -0.1153 0.6126 0.7819
vn -0.2153 0.7160 0.6641
vn 0.0870 0.7424 0.6643
vn -0.1342 0.1753 0.9753
vn 0.0833 -0.5611 0.8235
vn -0.1580 -0.2386 0.9582
vn -0.1799 0.1166 0.9767
vn 0.0646 -0.7625 0.6438
vn -0.2419 -0.6909 0.6813
vn -0.1591 -0.3977 0.9036
vn -0.0786 -0.3722 0.9248
vn -0.3881 0.0580 0.9198
vn -0.5697 0.1335 0.8109
vn -0.6884 -0.0618 0.7227
vn -0.6460 0.2485 0.7217
vn -0.5942 0.1060 0.7973
vn -0.7204 -0.1339 0.6805
vn -0.7286 -0.0358 0.6840
vn -0.6959 0.0367 0.7172
vn -0.8444 -0.0230 0.5353
vn -0.8400 -0.1612 0.5181
vn 0.0120 0.4954 0.8686
vn -0.0480 0.5966 0.8011
vn 0.1861 -0.0102 0.9825
vn -0.0315 0.2831 0.9586
vn 0.2096 0.2186 0.9530
vn 0.2822 0.3742 0.8834
vn 0.2622 0.3883 0.8834
vn 0.2631 0.3592 0.8954
vn -0.1592 0.0944 0.9827
vn -0.2675 0.2252 0.9369
vn -0.4038 -0.0134 0.9148
vn -0.5135 0.0841 0.8540
vn -0.3710 0.2646 0.8902
vn -0.1492 0.2621 0.9535
vn -0.0978 0.0940 0.9908
vn -0.3490 0.0324 0.9366
vn -0.2544 0.4207 0.8708
vn -0.3562 0.1483 0.9226
vn -0.7699 0.1090 0.6288
vn -0.6493 0.3401 0.6803
vn -0.3155 0.5128 0.7984
vn 0.0114 0.1243 0.9922
vn -0.2986 0.0271 0.9540
vn -0.4686 0.3104 0.8271
vn -0.2358 0.4601 0.8560
vn -0.6315 0.4315 0.6442
vn -0.3358 0.6128 0.7153
vn -0.0077 0.0421 0.9991
vn -0.4664 0.4309 0.7726
vn -0.3600 0.5550 0.7499
vn -0.0243 -0.3059 0.9517
vn -0.0243 -0.3081 0.9510
vn -0.0209 -0.3040 0.9524
vn -0.0197 -0.3014 0.9533
vn -0.3496 0.6194 0.7029
vn -0.6280 0.4790 0.6134
vn -0.6210 0.5001 0.6035
vn -0.3415 0.5728 0.7452
vn 0.3958 0.6065 0.6896
vn 0.4436 0.1761 0.8787
vn 0.3517 0.7425 0.5700
vn 0.3503 0.7459 0.5664
vn -0.1455 -0.2594 0.9547
vn -0.3530 -0.1458 0.9242
vn -0.0898 -0.1781 0.9799
vn -0.0553 -0.2741 0.9601
vn -0.2066 -0.3466 0.9150
vn -0.5034 -0.2790 0.8178
vn -0.6071 -0.4037 0.6845
vn -0.3518 -0.5896 0.7271
vn -0.2699 0.0528 0.9614
vn -0.5742 0.2574 0.7772
vn -0.2907 0.1261 0.9485
vn -0.2735 0.0486 0.9606
vn -0.3299 -0.0922 0.9395
vn -0.5270 0.0552 0.8481
vn -0.7436 0.2668 0.6131
vn -0.6944 -0.0904 0.7139
vn -0.3006 -0.7198 0.6258
vn -0.3548 -0.0492 0.9337
vn -0.6363 0.0874 0.7664
vn -0.7159 0.4708 0.5156
vn -0.7595 0.3945 0.5173
vn 0.0508 0.4035 0.9136
vn -0.1247 0.2913 0.9485
vn -0.2087 -0.1180 0.9708
vn 0.0363 0.0990 0.9944
vn 0.3733 0.2106 0.9035
vn 0.3222 0.4925 0.8085
vn 0.4429 0.2412 0.8636
vn 0.4244 0.4615 0.7791
vn 0.4247 -0.1059 0.8991
vn 0.3878 0.6363 0.6668
vn -0.3675 0.4858 0.7931
vn -0.3643 0.4840 0.7956
vn -0.5808 0.3035 0.7554
vn -0.5652 0.0407 0.8240
vn -0.0567 0.1865 0.9808
vn -0.0568 0.1889 0.9804
vn -0.0578 0.1885 0.9804
vn -0.0578 0.1906 0.9800
vn -0.1471 0.1895 0.9708
vn -0.1489 0.1807 0.9722
vn -0.1467 0.1886 0.9710
vn -0.1461 0.1901 0.9708
vn -0.3059 0.1468 0.9407
vn -0.4050 -0.6417 0.6513
vn -0.4050 -0.6419 0.6511
vn -0.7156 0.3495 0.6048
vn 0.1216 -0.0812 0.9893
vn 0.0946 -0.2716 0.9578
vn 0.3321 0.3419 0.8791
vn 0.2892 0.6848 0.6689
vn 0.1952 0.7676 0.6105
vn 0.0427 0.6903 0.7223
vn -0.2082 -0.0343 0.9775
vn -0.0028 -0.4119 0.9112
vn -0.4618 0.7990 -0.3852
vn -0.6401 0.4017 -0.6549
vn -0.8238 0.3775 -0.4230
vn -0.6759 0.7116 -0.1919
vn -0.2561 0.9666 -0.0049
vn -0.4965 0.8581 0.1307
vn -0.0825 0.9029 0.4218
vn -0.3359 0.7848 0.5208
vn 0.0318 0.7159 0.6974
vn -0.2192 0.6295 0.7455
vn -0.7055 0.0266 -0.7082
vn -0.8737 0.0439 -0.4845
vn -0.9281 0.3277 -0.1768
vn -0.8131 0.5821 -0.0083
vn -0.6753 0.6972 0.2406
vn -0.5301 0.6282 0.5696
vn -0.4229 0.5416 0.7265
vn -0.9751 0.0581 -0.2140
vn -0.9633 0.2419 0.1165
vn -0.9045 0.3577 0.2324
vn -0.8356 0.4128 0.3624
vn -0.7417 0.3734 0.5572
vn -0.7234 0.2883 0.6274
vn -0.9970 0.0630 0.0461
vn -0.9732 0.2034 0.1076
vn -0.9174 0.2786 0.2842
vn -0.8739 0.2661 0.4067
vn -0.8125 0.2275 0.5368
vn -0.7955 0.1921 0.5747
vn -0.8361 0.1707 0.5214
vn -0.9681 -0.0916 -0.2331
vn -0.7310 0.0352 0.6815
vn -0.6272 0.1353 0.7670
vn -0.6297 0.2630 0.7310
vn -0.7499 0.3313 0.5726
vn -0.9262 0.1110 0.3603
vn -0.8649 0.3076 0.3967
vn -0.7397 -0.0432 0.6715
vn -0.6006 -0.0222 0.7993
vn -0.9235 -0.1090 0.3677
vn 0.0537 -0.9309 0.3612
vn -0.4235 -0.7384 0.5247
vn -0.4092 -0.8279 0.3836
vn -0.0239 -0.9747 0.2224
vn -0.7647 -0.3900 0.5130
vn -0.7532 -0.2991 0.5858
vn -0.8434 0.0512 0.5349
vn -0.6459 -0.5441 0.5355
vn -0.6501 -0.5931 0.4751
vn -0.4565 -0.6767 0.5776
vn 0.0128 -0.9481 0.3178
vn -0.9112 -0.1844 0.3685
vn -0.7840 -0.3423 0.5179
vn -0.6481 -0.2459 0.7208
vn -0.6455 -0.0883 0.7586
vn -0.7847 -0.1827 0.5923
vn -0.7681 -0.4301 0.4743
vn -0.6688 -0.4528 0.5897
vn -0.9314 -0.1762 0.3184
vn -0.0950 0.4873 0.8681
vn -0.7514 -0.1150 0.6497
vn -0.9556 -0.0420 0.2918
vn -0.9025 -0.3003 0.3087
vn -0.8480 -0.4934 0.1933
vn -0.5883 -0.1458 0.7954
vn -0.3882 -0.3277 0.8613
vn -0.9766 -0.1694 0.1327
vn -0.7122 -0.2871 -0.6406
vn -0.8839 -0.2251 -0.4100
vn -0.9746 -0.1704 -0.1454
vn -0.9875 -0.1575 0.0019
vn -0.9675 -0.2135 -0.1356
vn -0.6475 -0.3870 -0.6565
vn -0.8521 -0.2754 -0.4451
vn -0.9693 -0.1749 -0.1726
vn -0.9883 -0.1348 0.0715
vn -0.7895 -0.1839 -0.5856
vn -0.9716 -0.0946 -0.2171
vn -0.9927 -0.0368 0.1147
vn 0.1739 0.5384 0.8245
vn -0.4635 0.8845 0.0543
vn -0.2741 0.7064 0.6526
vn -0.1781 0.4969 0.8493
vn -0.5802 0.3421 -0.7391
vn -0.5398 0.7315 -0.4166
vn -0.0252 -0.0268 0.9993
vn -0.4767 -0.0977 -0.8736
vn -0.1045 -0.1658 0.9806
vn -0.1870 -0.9824 0.0006
vn -0.1318 -0.5739 -0.8083
vn -0.3732 -0.2524 -0.8927
vn 0.1884 -0.7773 0.6003
vn 0.1160 0.4264 0.8971
vn 0.0924 0.4663 0.8798
vn -0.5280 -0.2804 -0.8016
vn -0.1509 0.2260 -0.9624
vn 0.6807 -0.1363 -0.7198
vn 0.9783 -0.1440 0.1492
vn 0.9590 0.1379 -0.2474
vn -0.4436 -0.2244 -0.8677
vn -0.3430 0.3830 -0.8577
vn 0.1382 0.9206 -0.3652
vn -0.1191 0.8670 -0.4839
vn -0.2631 0.7711 -0.5798
vn 0.0564 0.8982 -0.4360
vn 0.5087 -0.1735 0.8433
vn -0.0113 0.9928 0.1195
vn -0.0195 -0.7014 0.7125
vn 0.6226 -0.3911 0.6778
vn 0.7268 -0.6490 -0.2251
vn 0.9852 0.0803 -0.1515
vn 0.6466 0.0260 0.7623
vn 0.1624 -0.8171 0.5531
vn 0.6465 0.0258 0.7625
vn 0.9852 0.0810 -0.1513
vn 0.7411 0.5912 -0.3182
vn 0.5565 0.7971 0.2345
vn -0.0613 -0.0501 0.9969
vn -0.2620 -0.5746 0.7753
vn -0.0619 -0.0528 0.9967
vn -0.0174 0.5958 0.8030
vn -0.0219 -0.3366 -0.9414
vn -0.2278 0.2020 -0.9525
vn 0.1870 0.5163 -0.8357
vn -0.0470 0.2477 -0.9677
vn 0.3503 0.4864 -0.8004
vn 0.0918 0.7864 -0.6108
vn 0.6085 0.7887 -0.0875
vn 0.6392 0.6603 -0.3943
vn -0.1831 -0.1336 0.9740
vn 0.0149 0.0924 0.9956
vn -0.1276 0.7088 0.6938
vn 0.2403 0.7651 0.5974
vn 0.2657 0.7553 0.5991
vn 0.3057 0.8622 0.4039
vn 0.5378 0.6195 0.5718
vn 0.0804 0.6745 0.7339
vn 0.2425 0.6873 0.6847
vn 0.4373 0.5048 0.7443
vn 0.7163 0.0806 0.6931
vn 0.7070 0.4787 0.5205
vn 0.0926 0.5158 0.8517
vn 0.2819 0.3894 0.8769
vn 0.7492 -0.0522 0.6603
vn 0.6601 0.0156 0.7510
vn -0.2631 0.4425 0.8573
vn -0.7125 0.0775 0.6974
vn -0.6213 0.0887 0.7785
vn -0.7295 -0.0664 0.6807
vn -0.5936 0.1958 0.7806
vn -0.0862 0.3755 0.9228
vn -0.4818 -0.0582 0.8743
vn 0.0625 0.2210 0.9733
vn -0.3952 -0.1739 0.9020
vn 0.5983 -0.0679 0.7984
vn 0.6613 0.1672 0.7313
vn -0.4138 -0.4137 0.8109
vn 0.2666 -0.0587 0.9620
vn -0.9598 -0.1773 -0.2174
vn -0.9978 -0.0495 -0.0443
vn -0.9205 -0.2822 0.2702
vn -0.8189 -0.2907 0.4949
vn -0.7938 -0.3226 0.5155
vn -0.9314 -0.2700 0.2443
vn -0.4770 -0.6683 -0.5709
vn -0.6877 -0.5975 -0.4125
vn -0.3410 -0.4335 -0.8341
vn -0.5431 -0.1849 -0.8190
vn -0.6851 -0.4436 0.5778
vn -0.7022 -0.4352 0.5636
vn -0.5929 -0.7734 -0.2243
vn -0.7006 -0.5218 0.4866
vn -0.6926 -0.5523 0.4639
vn -0.7049 -0.6953 -0.1399
vn -0.7174 -0.5584 0.4166
vn -0.7047 -0.5925 0.3903
vn -0.7786 -0.6009 -0.1810
vn -0.0073 -0.3102 -0.9507
vn -0.1233 -0.1579 -0.9797
vn -0.3337 -0.3656 -0.8689
vn -0.4224 -0.5249 -0.7389
vn -0.2682 -0.6656 -0.6965
vn -0.3863 -0.5116 -0.7675
vn -0.1973 -0.6422 -0.7407
vn -0.3849 -0.5172 -0.7644
vn -0.3266 -0.5067 -0.7979
vn -0.4166 -0.3171 -0.8520
vn -0.2711 -0.4219 -0.8652
vn -0.1828 -0.6595 -0.7291
vn -0.3751 -0.3912 -0.8404
vn -0.4254 -0.6089 -0.6696
vn -0.5008 -0.5005 -0.7062
vn -0.0456 0.0065 -0.9989
vn 0.1393 -0.2019 -0.9694
vn -0.1302 -0.6634 -0.7369
vn 0.0287 -0.6785 -0.7341
vn -0.1319 -0.1927 -0.9723
vn -0.3014 -0.1967 -0.9330
vn -0.4934 -0.3540 -0.7945
vn -0.3381 -0.1660 -0.9263
vn -0.6120 0.3792 -0.6940
vn 0.1866 0.5805 -0.7926
vn 0.5046 0.0813 -0.8595
vn -0.2615 -0.4528 -0.8524
vn -0.9956 -0.0359 -0.0868
vn -0.7870 -0.6105 -0.0885
vn -0.7806 -0.6168 -0.1013
vn -0.2617 -0.4532 -0.8521
vn 0.1897 -0.8645 -0.4655
vn -0.4060 -0.9138 0.0124
vn 0.5001 0.0714 -0.8630
vn 0.6933 -0.3284 -0.6414
vn -0.7767 0.5096 -0.3702
vn -0.0197 0.6799 -0.7330
vn 0.2074 0.1520 -0.9664
vn -0.5841 -0.3538 -0.7305
vn -0.9445 0.0549 0.3239
vn -0.8097 -0.5534 0.1951
vn -0.8067 -0.5621 0.1825
vn -0.5827 -0.3590 -0.7291
vn -0.0415 -0.8366 -0.5463
vn -0.4331 -0.8918 0.1310
vn 0.2017 0.1321 -0.9705
vn 0.4266 -0.3003 -0.8532
vn -0.8394 0.4246 -0.3392
vn -0.1050 0.7171 -0.6890
vn 0.2042 0.2297 -0.9516
vn -0.5244 -0.4177 -0.7420
vn -0.9306 -0.0669 0.3599
vn -0.7092 -0.6735 0.2083
vn -0.7066 -0.6773 0.2051
vn -0.5245 -0.4178 -0.7419
vn 0.1105 -0.8273 -0.5508
vn -0.2811 -0.9491 0.1419
vn 0.2099 0.2172 -0.9533
vn 0.4983 -0.1863 -0.8468
vn -0.8452 -0.1776 -0.5041
vn -0.2620 0.3229 -0.9094
vn 0.2792 0.0057 -0.9602
vn -0.1161 -0.8222 -0.5572
vn -0.8448 -0.4259 0.3239
vn -0.3702 -0.8315 0.4142
vn -0.3653 -0.8347 0.4122
vn -0.1149 -0.8220 -0.5577
vn 0.5887 -0.7832 -0.2003
vn 0.1565 -0.8664 0.4742
vn 0.2839 0.0013 -0.9589
vn 0.7000 -0.1550 -0.6971
vn 0.4252 0.2353 -0.8740
vn -0.4540 -0.0919 -0.8863
vn -0.8777 -0.4334 -0.2047
vn -0.9574 -0.2681 -0.1074
vn -0.5600 0.2281 -0.7965
vn -0.5882 0.4444 -0.6757
vn -0.9898 -0.1415 -0.0146
vn 0.3599 0.4526 -0.8159
vn 0.3520 0.5722 -0.7407
vn -0.7533 -0.5311 0.3879
vn -0.7413 -0.5304 0.4112
vn -0.3096 -0.4348 0.8456
vn -0.2493 -0.5235 0.8147
vn -0.7689 -0.4859 0.4157
vn -0.7732 -0.4654 0.4309
vn -0.2604 -0.6400 0.7229
vn -0.7757 -0.4669 0.4247
vn -0.7751 -0.4833 0.4070
vn 0.3862 -0.1363 0.9123
vn 0.9316 0.2494 0.2646
vn 0.9759 0.1601 0.1480
vn 0.5110 -0.3102 0.8017
vn 0.5905 -0.4544 0.6669
vn 0.9955 0.0832 0.0448
vn 0.5336 -0.8370 -0.1209
vn 0.8488 0.3394 -0.4054
vn 0.6015 -0.7897 -0.1203
vn 0.8416 0.3378 -0.4214
vn 0.7949 0.4163 -0.4414
vn 0.7966 0.4165 -0.4382
vn 0.8067 0.4110 -0.4246
vn 0.8041 0.4167 -0.4241
vn 0.2639 0.0017 -0.9645
vn -0.6055 -0.2700 -0.7487
vn -0.8423 -0.5376 -0.0386
vn -0.8882 -0.4407 0.1302
vn -0.7209 -0.0179 -0.6928
vn -0.7844 0.1773 -0.5944
vn -0.9138 -0.3316 0.2344
vn 0.1661 0.3684 -0.9147
vn 0.1141 0.4760 -0.8720
vn -0.5804 -0.6992 0.4175
vn -0.3545 -0.7041 0.6153
vn 0.2119 -0.5165 0.8297
vn 0.7030 0.0776 0.7069
vn 0.9130 0.3982 -0.0884
vn 0.9407 0.3127 -0.1313
vn 0.7324 -0.1039 0.6729
vn 0.7716 -0.2829 0.5697
vn 0.9641 0.1890 -0.1867
vn -0.0641 -0.4415 0.8950
vn -0.0517 -0.5369 0.8420
vn 0.5847 -0.7995 -0.1377
vn 0.6424 0.3703 -0.6710
vn 0.6100 -0.7857 -0.1026
vn 0.7355 0.3493 -0.5805
vn 0.6312 0.4293 -0.6459
vn 0.6403 0.4181 -0.6443
vn 0.6456 0.4193 -0.6383
vn 0.6324 0.4307 -0.6439
vn 0.1442 0.3065 -0.9409
vn -0.5937 -0.2512 -0.7645
vn -0.7450 -0.6654 0.0476
vn -0.8400 -0.5197 0.1561
vn -0.7352 -0.0326 -0.6771
vn -0.8142 0.1827 -0.5510
vn -0.8969 -0.3810 0.2247
vn 0.0861 0.4484 -0.8897
vn 0.0281 0.5615 -0.8270
vn -0.5434 -0.6331 0.5512
vn -0.3133 -0.6497 0.6926
vn 0.1143 -0.4469 0.8873
vn 0.7480 -0.0451 0.6622
vn 0.9695 0.2439 -0.0231
vn 0.8931 0.4248 -0.1476
vn 0.7825 -0.0318 0.6219
vn 0.8255 -0.2300 0.5154
vn 0.9286 0.3071 -0.2085
vn 0.0043 -0.4977 0.8673
vn 0.0407 -0.6020 0.7975
vn 0.7950 -0.6044 -0.0513
vn 0.7166 0.5336 -0.4492
vn 0.5884 -0.8066 0.0566
vn 0.5909 0.5081 -0.6266
vn 0.5601 0.5319 -0.6351
vn 0.5711 0.5342 -0.6233
vn 0.5745 0.5345 -0.6199
vn 0.5600 0.5333 -0.6341
vn -0.0737 0.1987 -0.9773
vn -0.5314 -0.4159 -0.7380
vn -0.6854 -0.7194 0.1125
vn -0.6961 -0.6448 0.3157
vn -0.7265 -0.2957 -0.6202
vn -0.8292 -0.1589 -0.5359
vn -0.7626 -0.5424 0.3525
vn -0.1191 0.2505 -0.9608
vn -0.1423 0.3412 -0.9292
vn -0.3380 -0.6147 0.7127
vn -0.3089 -0.6819 0.6630
vn 0.1736 -0.2988 0.9384
vn 0.7580 0.3881 0.5242
vn 0.7153 0.6474 -0.2631
vn 0.7535 0.5897 -0.2907
vn 0.8016 0.3175 0.5065
vn 0.8581 0.1579 0.4886
vn 0.8035 0.5015 -0.3209
vn 0.1918 -0.2620 0.9458
vn 0.2171 -0.3449 0.9132
vn 0.3687 0.5223 -0.7690
vn 0.3621 0.5155 -0.7766
vn 0.3601 0.5105 -0.7809
vn 0.3905 0.5135 -0.7641
vn 0.3958 0.5136 -0.7613
vn 0.3595 0.5124 -0.7799
vn -0.6044 -0.4778 0.6375
vn -0.6061 -0.5270 0.5957
vn -0.5881 -0.5161 0.6227
vn -0.5968 -0.4849 0.6393
vn -0.5278 -0.5799 0.6206
vn -0.5260 -0.6169 0.5855
vn -0.5183 -0.5956 0.6137
vn -0.5259 -0.5790 0.6231
vn -0.3465 -0.5393 0.7675
vn -0.3410 -0.5577 0.7568
vn -0.3378 -0.5643 0.7533
vn -0.3443 -0.5375 0.7697
vn -0.5944 0.4877 -0.6394
vn 0.3495 0.6248 -0.6982
vn 0.3293 0.6699 -0.6654
vn -0.6154 0.5498 -0.5648
vn -0.9959 -0.0901 0.0038
vn -0.9965 -0.0509 0.0658
vn -0.7864 -0.4380 0.4355
vn -0.7863 -0.4442 0.4294
vn -0.2801 -0.6650 0.6923
vn -0.7794 -0.4485 0.4374
vn -0.7794 -0.4452 0.4409
vn -0.2589 -0.7008 0.6647
vn 0.6096 -0.5949 0.5238
vn 0.5985 -0.5202 0.6092
vn 0.9992 0.0391 0.0106
vn 0.9988 -0.0205 -0.0435
vn 0.8003 0.4121 -0.4355
vn 0.8022 0.4211 -0.4232
vn 0.7917 0.4297 -0.4342
vn 0.7942 0.4178 -0.4412
vn -0.8080 0.3233 -0.4926
vn 0.1115 0.5540 -0.8250
vn 0.1700 0.7033 -0.6903
vn -0.7029 0.6774 -0.2168
vn -0.9303 -0.2199 0.2937
vn -0.8408 0.0124 0.5412
vn -0.6366 -0.4167 0.6490
vn -0.6054 -0.4659 0.6453
vn 0.0015 -0.5942 0.8043
vn -0.5866 -0.4736 0.6570
vn -0.6140 -0.4384 0.6564
vn -0.0192 -0.7106 0.7034
vn 0.7686 -0.5557 0.3170
vn 0.7806 -0.3879 0.4900
vn 0.9728 0.0976 -0.2102
vn 0.9404 -0.0184 -0.3395
vn 0.6274 0.4030 -0.6663
vn 0.6513 0.4194 -0.6323
vn 0.6374 0.4282 -0.6406
vn 0.6069 0.4267 -0.6705
vn -0.8352 0.3161 -0.4501
vn 0.0242 0.6317 -0.7748
vn 0.0621 0.7697 -0.6354
vn -0.7995 0.5669 -0.1985
vn -0.9088 -0.3028 0.2870
vn -0.8609 -0.1257 0.4931
vn -0.5695 -0.5229 0.6342
vn -0.5346 -0.5671 0.6266
vn 0.0935 -0.6604 0.7451
vn -0.5210 -0.5702 0.6352
vn -0.5493 -0.5384 0.6391
vn 0.0654 -0.7739 0.6299
vn 0.8124 -0.5401 0.2198
vn 0.8380 -0.3543 0.4150
vn 0.9511 0.2040 -0.2318
vn 0.9205 0.0831 -0.3819
vn 0.5480 0.5238 -0.6521
vn 0.5818 0.5313 -0.6158
vn 0.5700 0.5392 -0.6200
vn 0.5326 0.5363 -0.6548
vn -0.8750 -0.0651 -0.4796
vn -0.1662 0.3954 -0.9034
vn -0.1983 0.4440 -0.8738
vn -0.9097 0.0356 -0.4138
vn -0.7926 -0.4746 0.3828
vn -0.8159 -0.3981 0.4192
vn -0.3755 -0.5151 0.7705
vn -0.3541 -0.5224 0.7757
vn 0.2475 -0.3851 0.8891
vn -0.3484 -0.5219 0.7786
vn -0.3679 -0.5154 0.7740
vn 0.2304 -0.4382 0.8688
vn 0.9054 -0.0166 0.4243
vn 0.8871 0.0629 0.4572
vn 0.8328 0.4464 -0.3273
vn 0.8368 0.3956 -0.3786
vn 0.3782 0.5011 -0.7783
vn 0.3998 0.5162 -0.7575
vn 0.3927 0.5147 -0.7621
vn 0.3768 0.5025 -0.7781
vn -0.5616 0.7906 -0.2440
vn 0.3678 0.7661 -0.5271
vn 0.2943 0.7963 -0.5285
vn -0.5637 0.7982 -0.2123
vn -0.9661 0.0701 0.2483
vn -0.9701 0.1033 0.2196
vn -0.7745 -0.4430 0.4515
vn -0.7972 -0.4696 0.3795
vn -0.2493 -0.8198 0.5156
vn -0.7718 -0.4500 0.4491
vn -0.7972 -0.4752 0.3725
vn -0.3310 -0.8760 0.3509
vn 0.5765 -0.7702 0.2729
vn 0.4911 -0.8702 0.0395
vn 0.9686 -0.1581 -0.1918
vn 0.9019 -0.2158 -0.3742
vn 0.8017 0.3923 -0.4510
vn 0.7560 0.3589 -0.5474
vn 0.7966 0.3952 -0.4574
vn 0.7573 0.3664 -0.5406
vn -0.3547 0.9080 0.2228
vn 0.2561 0.8285 -0.4980
vn 0.1985 0.8464 -0.4941
vn -0.4623 0.8775 0.1276
vn -0.6633 0.2346 0.7106
vn -0.7785 0.1686 0.6045
vn -0.6092 -0.4133 0.6768
vn -0.6408 -0.4437 0.6265
vn -0.0838 -0.8746 0.4776
vn -0.5812 -0.4720 0.6629
vn -0.6392 -0.4606 0.6159
vn -0.2554 -0.8852 0.3888
vn 0.5992 -0.8005 0.0141
vn 0.3931 -0.8983 -0.1960
vn 0.8286 -0.2278 -0.5114
vn 0.6865 -0.2375 -0.6872
vn 0.6368 0.3565 -0.6836
vn 0.5495 0.3635 -0.7523
vn 0.5983 0.4024 -0.6929
vn 0.5526 0.3899 -0.7367
vn -0.5678 0.8023 0.1842
vn 0.1106 0.8798 -0.4624
vn 0.0378 0.8793 -0.4748
vn -0.6165 0.7746 0.1412
vn -0.7378 0.0654 0.6718
vn -0.7993 0.0260 0.6004
vn -0.5333 -0.5278 0.6610
vn -0.5626 -0.5502 0.6171
vn 0.0013 -0.8973 0.4415
vn -0.5122 -0.5593 0.6518
vn -0.5619 -0.5592 0.6096
vn -0.1270 -0.9218 0.3662
vn 0.6634 -0.7458 -0.0613
vn 0.5185 -0.8258 -0.2218
vn 0.8305 -0.0875 -0.5501
vn 0.7150 -0.1009 -0.6918
vn 0.5648 0.4785 -0.6723
vn 0.4893 0.4742 -0.7319
vn 0.5369 0.5035 -0.6769
vn 0.4943 0.4861 -0.7207
vn -0.9139 0.3511 -0.2036
vn -0.1875 0.5838 -0.7900
vn -0.2422 0.5822 -0.7761
vn -0.9106 0.3589 -0.2047
vn -0.8122 -0.2129 0.5432
vn -0.8404 -0.2044 0.5020
vn -0.3594 -0.5046 0.7850
vn -0.3779 -0.5438 0.7494
vn 0.2927 -0.5821 0.7586
vn -0.3423 -0.5125 0.7875
vn -0.3739 -0.5480 0.7482
vn 0.2278 -0.6973 0.6796
vn 0.9239 -0.2767 0.2643
vn 0.8688 -0.4792 0.1251
vn 0.8758 0.1960 -0.4410
vn 0.8217 0.0659 -0.5661
vn 0.4034 0.4759 -0.7816
vn 0.3653 0.4110 -0.8353
vn 0.3959 0.4750 -0.7859
vn 0.3658 0.4200 -0.8305
vn -0.1931 -0.0722 -0.9785
vn -0.3068 -0.7991 -0.5170
vn 0.4599 0.8856 0.0655
vn 0.1642 0.8809 -0.4440
vn 0.4377 0.8879 -0.1415
vn 0.3912 0.7198 -0.5735
vn 0.0008 0.5422 -0.8402
vn 0.0661 0.7758 -0.6275
vn 0.3325 0.4388 -0.8348
vn -0.1817 -0.4651 -0.8664
vn 0.2923 0.4306 -0.8539
vn -0.1465 -0.9692 0.1978
vn -0.4133 -0.7488 0.5182
vn 0.0397 0.9105 -0.4116
vn -0.6630 -0.7065 0.2476
vn 0.1468 0.5876 0.7957
vn -0.3929 -0.9131 -0.1088
vn -0.3920 -0.9174 -0.0690
vn -0.0013 -0.4499 -0.8931
vn 0.2127 -0.5007 -0.8391
vn -0.3343 -0.9420 0.0294
vn 0.3496 0.6410 -0.6833
vn 0.3656 0.9110 -0.1910
vn 0.3834 0.9045 -0.1866
vn 0.4332 0.6547 -0.6195
vn 0.2961 0.3044 -0.9053
vn 0.4335 0.2656 -0.8612
vn 0.2986 0.3078 -0.9034
vn 0.4341 0.2671 -0.8604
vn -0.3683 -0.7974 0.4781
vn -0.4496 -0.7001 0.5547
vn -0.2293 -0.3198 0.9193
vn -0.2503 -0.4758 0.8432
vn 0.0612 0.5453 0.8360
vn 0.3348 -0.5820 -0.7411
vn 0.4864 -0.6801 -0.5486
vn -0.1784 -0.9575 0.2264
vn -0.2852 -0.9519 0.1123
vn 0.3682 0.9189 -0.1417
vn 0.3756 0.9134 -0.1569
vn 0.5732 0.6055 -0.5521
vn 0.4868 0.6376 -0.5971
vn 0.5333 0.2255 -0.8153
vn 0.6461 0.1668 -0.7448
vn 0.5365 0.2299 -0.8120
vn 0.6480 0.1701 -0.7424
vn -0.4415 -0.6397 0.6292
vn -0.4633 -0.6664 0.5842
vn -0.4352 -0.2209 0.8728
vn -0.4618 -0.1624 0.8720
vn -0.0322 0.6576 0.7527
vn -0.4335 -0.2646 0.8614
vn -0.4530 -0.1813 0.8729
vn -0.0916 0.6997 0.7085
vn -0.3586 -0.3399 0.8694
vn -0.3605 -0.3681 0.8570
vn 0.4185 -0.0057 0.9082
vn -0.2423 0.0613 0.9683
vn -0.2265 0.1146 0.9673
vn 0.4738 0.1268 0.8715
vn -0.8198 0.0264 0.5721
vn -0.7611 0.0603 0.6458
vn -0.9587 -0.1331 -0.2514
vn -0.8558 0.1050 0.5065
vn -0.9583 0.0058 -0.2858
vn -0.3989 -0.3641 -0.8416
vn -0.4228 -0.2089 -0.8818
vn 0.1794 -0.4290 -0.8853
vn 0.2228 -0.3298 -0.9174
vn 0.7448 -0.3838 -0.5459
vn 0.1795 -0.4279 -0.8858
vn 0.2307 -0.3210 -0.9185
vn 0.8165 -0.2853 -0.5020
vn 0.9673 -0.1811 0.1776
vn 0.9756 -0.1577 0.1525
vn 0.4894 -0.0121 0.8720
vn -0.2470 0.0735 0.9662
vn -0.8387 0.2863 0.4633
vn -0.9294 0.2466 -0.2746
vn -0.4586 0.0078 -0.8886
vn 0.2516 -0.2159 -0.9434
vn 0.2631 -0.2287 -0.9373
vn 0.8666 -0.2137 -0.4509
vn 0.9844 -0.0662 0.1630
vn 0.5483 0.0312 0.8357
vn -0.2428 0.1611 0.9566
vn -0.8263 0.4909 -0.2760
vn -0.7281 0.5235 0.4425
vn -0.6674 0.5818 0.4648
vn -0.8144 0.5007 -0.2932
vn -0.4234 0.1759 -0.8887
vn -0.3703 0.1771 -0.9119
vn 0.2353 -0.2159 -0.9477
vn 0.2476 -0.2028 -0.9474
vn 0.8478 -0.3654 -0.3844
vn 0.2620 -0.2162 -0.9405
vn 0.2646 -0.2085 -0.9415
vn 0.7404 -0.5464 -0.3915
vn 0.9381 -0.2834 0.1990
vn 0.7663 -0.6095 0.2032
vn 0.5461 0.0046 0.8377
vn 0.4593 -0.1623 0.8733
vn -0.1845 0.3095 0.9328
vn -0.1324 0.3415 0.9305
vn -0.8305 0.4750 -0.2908
vn -0.6742 0.5357 0.5084
vn -0.6561 0.4980 0.5670
vn -0.8366 0.4822 -0.2598
vn -0.3651 0.1230 -0.9228
vn -0.3868 0.0624 -0.9201
vn 0.2048 -0.2617 -0.9432
vn 0.1387 -0.3332 -0.9326
vn 0.5904 -0.6720 -0.4470
vn 0.2095 -0.2670 -0.9406
vn 0.1404 -0.3354 -0.9316
vn 0.5156 -0.6736 -0.5296
vn 0.6467 -0.7357 0.2013
vn 0.6121 -0.7645 0.2022
vn 0.3277 -0.2531 0.9103
vn 0.2267 -0.2598 0.9387
vn -0.1722 0.2802 0.9444
vn -0.2194 0.2137 0.9519
vn -0.6445 0.4853 0.5909
vn -0.7961 0.5622 -0.2240
vn -0.3865 0.1284 -0.9133
vn 0.1667 -0.3019 -0.9386
vn 0.1683 -0.3010 -0.9386
vn 0.6044 -0.5737 -0.5528
vn 0.7392 -0.6652 0.1058
vn 0.2543 -0.3110 0.9158
vn -0.2671 0.1564 0.9509
vn -0.6254 0.4730 0.6206
vn -0.7321 0.6692 -0.1269
vn -0.3893 0.3295 -0.8601
vn 0.1511 -0.1942 -0.9693
vn 0.1550 -0.1857 -0.9703
vn 0.6538 -0.5477 -0.5220
vn 0.8035 -0.5839 0.1158
vn 0.3011 -0.2593 0.9177
vn -0.2447 0.1229 0.9618
vn -0.6114 0.5252 0.5919
vn -0.5870 0.8045 -0.0907
vn -0.3958 0.5753 -0.7158
vn 0.1576 -0.0441 -0.9865
vn 0.1276 -0.0034 -0.9918
vn 0.6208 -0.6242 -0.4743
vn 0.7703 -0.6360 0.0455
vn 0.4171 -0.3763 0.8273
vn -0.2546 0.1123 0.9605
vn -0.0523 0.4096 -0.9107
vn -0.0332 0.4318 -0.9014
vn 0.6695 0.2068 -0.7134
vn 0.6504 0.1966 -0.7338
vn 0.9604 -0.1413 -0.2400
vn 0.9630 -0.1521 -0.2227
vn 0.8635 -0.4263 0.2694
vn 0.8465 -0.4669 0.2558
vn 0.5702 -0.5896 0.5721
vn 0.8689 -0.4043 0.2856
vn 0.8423 -0.4719 0.2604
vn 0.5612 -0.6427 0.5215
vn 0.0551 -0.6814 0.7298
vn 0.0267 -0.7381 0.6742
vn -0.4967 -0.6247 0.6025
vn -0.4476 -0.5965 0.6662
vn -0.8257 -0.3483 0.4439
vn -0.8696 -0.3616 0.3362
vn -0.9956 0.0086 -0.0935
vn -0.9988 0.0351 -0.0333
vn -0.8682 0.2681 -0.4175
vn -0.8643 0.2506 -0.4361
vn -0.5850 0.3947 -0.7085
vn -0.8638 0.2821 -0.4174
vn -0.8620 0.2539 -0.4388
vn -0.5844 0.3996 -0.7063
vn 0.0010 0.5284 -0.8490
vn 0.6977 0.3122 -0.6447
vn 0.9803 -0.0653 -0.1863
vn 0.8553 -0.4340 0.2831
vn 0.8525 -0.4388 0.2840
vn 0.5527 -0.6373 0.5370
vn -0.0002 -0.7427 0.6696
vn -0.5155 -0.6338 0.5767
vn -0.8663 -0.3846 0.3188
vn -0.9954 -0.0012 -0.0961
vn -0.8659 0.2685 -0.4221
vn -0.8636 0.2690 -0.4264
vn -0.5688 0.4588 -0.6826
vn -0.0078 0.6063 -0.7952
vn 0.7111 0.3989 -0.5790
vn 0.9925 -0.0302 -0.1187
vn 0.8481 -0.4228 0.3194
vn 0.8437 -0.4306 0.3204
vn 0.8405 -0.4360 0.3218
vn 0.5228 -0.6409 0.5621
vn -0.0367 -0.7317 0.6806
vn -0.5263 -0.6217 0.5801
vn -0.8598 -0.3871 0.3331
vn -0.9968 -0.0240 -0.0768
vn -0.8820 0.2523 -0.3981
vn -0.8761 0.2660 -0.4021
vn -0.8752 0.2764 -0.3972
vn -0.5863 0.4913 -0.6441
vn 0.1792 0.9615 -0.2083
vn -0.6631 0.1302 0.7371
vn -0.1813 0.3619 0.9144
vn 0.5638 0.8259 0.0044
vn 0.8694 0.4848 0.0956
vn 0.5202 -0.6800 0.5168
vn 0.9307 -0.2475 0.2695
vn 0.7656 -0.5630 0.3111
vn 0.5040 -0.5167 0.6921
vn 0.8531 -0.3684 0.3696
vn 0.7971 -0.4897 0.3533
vn 0.4763 -0.3955 0.7853
vn -0.0756 -0.4695 0.8797
vn -0.0546 -0.2122 0.9757
vn -0.4409 -0.0153 0.8974
vn -0.5097 -0.3000 0.8064
vn -0.8219 -0.1139 0.5582
vn -0.7279 0.1725 0.6637
vn -0.9142 0.3565 0.1927
vn -0.9899 0.1277 0.0619
vn -0.9009 0.2571 -0.3496
vn -0.8846 0.3334 -0.3262
vn -0.4059 0.7678 -0.4957
vn -0.8404 0.3110 -0.4439
vn -0.8368 0.3767 -0.3974
vn -0.4125 0.6893 -0.5956
vn -0.6224 -0.6435 -0.4455
vn -0.4212 -0.4290 -0.7991
vn 0.1146 -0.8287 -0.5479
vn -0.2366 -0.9678 -0.0861
vn 0.2212 -0.9751 0.0132
vn 0.5055 -0.8566 -0.1036
vn 0.7441 -0.5332 0.4026
vn 0.7094 -0.5588 0.4296
vn 0.5732 -0.2129 0.7913
vn 0.7680 -0.4962 0.4049
vn 0.6964 -0.5485 0.4627
vn 0.6172 -0.1770 0.7666
vn 0.1496 0.1453 0.9780
vn 0.2664 0.2866 0.9202
vn -0.1093 0.5799 0.8073
vn -0.2443 0.3976 0.8844
vn -0.5582 0.5537 0.6179
vn -0.4438 0.7134 0.5423
vn -0.7454 0.6646 0.0525
vn -0.8013 0.5849 0.1257
vn -0.8207 0.4487 -0.3538
vn -0.8289 0.4258 -0.3628
vn -0.7532 -0.0152 -0.6576
vn -0.8142 0.4282 -0.3921
vn -0.8274 0.4167 -0.3765
vn -0.7417 0.0605 -0.6680
vn -0.3862 -0.3810 -0.8400
vn 0.1228 -0.7907 -0.5998
vn 0.4527 -0.8858 -0.1016
vn 0.5707 -0.6492 0.5028
vn 0.5751 -0.6068 0.5487
vn 0.5447 -0.1823 0.8186
vn 0.2727 0.3327 0.9027
vn -0.0403 0.6503 0.7586
vn -0.3590 0.7911 0.4952
vn -0.6860 0.7275 0.0078
vn -0.7855 0.4761 -0.3954
vn -0.7910 0.4665 -0.3957
vn -0.7094 0.1062 -0.6968
vn -0.3800 -0.3933 -0.8372
vn 0.0094 -0.8126 -0.5828
vn 0.4093 -0.9123 -0.0164
vn 0.4778 -0.7043 0.5250
vn 0.4754 -0.5734 0.6673
vn 0.4096 -0.1815 0.8940
vn 0.1750 0.4048 0.8975
vn -0.0630 0.7169 0.6943
vn -0.2923 0.8452 0.4475
vn -0.6099 0.7915 -0.0395
vn -0.7296 0.5222 -0.4417
vn -0.7319 0.5161 -0.4449
vn -0.6757 0.1484 -0.7221
vn -0.3991 -0.3996 -0.8252
vn -0.5042 -0.2860 -0.8149
vn -0.1269 -0.6966 -0.7062
vn -0.1289 -0.7847 -0.6063
vn 0.4564 -0.8851 -0.0912
vn 0.5599 -0.8072 -0.1870
vn 0.4703 -0.7445 0.4739
vn 0.5313 -0.7592 0.3760
vn 0.3973 -0.2527 0.8822
vn 0.4237 -0.6469 0.6341
vn 0.6955 -0.4444 0.5646
vn 0.3688 0.0009 0.9295
vn 0.0882 0.4699 0.8783
vn 0.1675 0.8143 0.5557
vn 0.0693 0.9088 0.4114
vn -0.0883 0.7363 0.6709
vn -0.2030 0.8850 0.4191
vn 0.0100 0.9521 0.3055
vn -0.3550 0.9342 -0.0353
vn -0.5112 0.8593 -0.0157
vn -0.6909 0.1409 -0.7090
vn -0.7345 0.5306 -0.4231
vn -0.7251 0.5779 -0.3745
vn -0.7261 0.2100 -0.6547
vn 0.0441 0.6536 -0.7555
vn 0.7130 0.5016 -0.4900
vn 0.9870 0.1051 -0.1218
vn 0.8721 -0.3640 0.3270
vn 0.5372 -0.5501 0.6394
vn 0.8496 -0.3991 0.3447
vn -0.0233 -0.5576 0.8298
vn -0.5045 -0.4166 0.7563
vn -0.8493 -0.2347 0.4729
vn -0.9991 0.0196 -0.0372
vn -0.8914 0.1825 -0.4149
vn -0.5510 0.4574 -0.6980
vn -0.8663 0.2026 -0.4566
vn -0.5576 0.1820 -0.8099
vn -0.6223 0.2311 -0.7479
vn -0.1648 0.1425 -0.9760
vn -0.0750 0.0636 -0.9952
vn 0.1429 0.0097 -0.9897
vn 0.1442 0.1675 -0.9753
vn -0.6048 -0.7907 -0.0953
vn -0.7943 -0.6011 0.0875
vn -0.9113 -0.4105 -0.0317
vn -0.7689 -0.6376 -0.0486
vn -0.9848 0.0503 -0.1664
vn -0.9910 0.0547 -0.1219
vn -0.8153 0.2616 -0.5166
vn -0.9359 0.2927 -0.1958
vn -0.9819 0.0419 -0.1847
vn -0.8634 0.2299 -0.4490
vn -0.6627 0.2849 -0.6925
vn -0.2566 0.3608 -0.8966
vn 0.1361 0.3570 -0.9241
vn -0.8525 -0.2801 0.4414
vn -0.9824 -0.1232 0.1407
vn -0.9871 0.0522 -0.1515
vn -0.9901 0.0426 -0.1337
vn -0.8983 0.1802 -0.4008
vn -0.6293 0.3850 -0.6751
vn -0.2257 0.4322 -0.8730
vn 0.1554 0.4053 -0.9009
vn -0.8180 0.0207 0.5748
vn -0.9666 0.0645 0.2479
vn -0.9764 0.2066 -0.0627
vn -0.9785 0.2003 -0.0503
vn -0.8874 0.2751 -0.3699
vn -0.6067 0.4420 -0.6607
vn -0.1884 0.4805 -0.8566
vn 0.1767 0.4537 -0.8734
vn -0.8227 0.0160 0.5683
vn -0.9620 0.0965 0.2553
vn -0.9453 0.2792 -0.1688
vn -0.9509 0.3007 -0.0736
vn -0.8521 0.3858 -0.3537
vn -0.5750 0.3224 -0.7520
vn -0.1664 0.4570 -0.8737
vn 0.1740 0.4042 -0.8980
vn 0.1831 0.4655 -0.8659
vn -0.8688 -0.1176 0.4810
vn -0.9812 0.0733 0.1788
vn -0.9292 0.1094 -0.3531
vn -0.9136 0.3675 -0.1740
vn -0.8303 0.2568 -0.4947
vn -0.1812 0.2959 -0.9379
vn -0.0977 0.5014 -0.8597
vn 0.1733 0.4555 -0.8732
vn -0.9040 -0.0101 0.4274
vn -0.9968 0.0771 0.0216
vn -0.8381 0.2483 -0.4858
vn -0.9200 0.2594 -0.2937
vn -0.9704 0.0656 -0.2324
vn -0.3441 0.0933 -0.9343
vn 0.0909 0.2437 -0.9656
vn 0.0734 0.5912 -0.8032
vn 0.1744 0.5814 -0.7947
vn -0.9319 0.0727 0.3553
vn -0.9746 0.1053 0.1978
vn -0.9072 0.2649 -0.3268
vn -0.9205 0.2707 -0.2817
vn -0.9602 0.2531 -0.1184
vn -0.9734 0.0011 -0.2293
vn -0.9658 0.2081 -0.1546
vn -0.8385 0.5359 0.0987
vn -0.8965 0.4214 0.1371
vn 0.8081 0.0439 -0.5874
vn 0.1219 0.5311 -0.8385
vn 0.0445 0.8404 -0.5401
vn 0.2215 0.7647 -0.6052
vn 0.1786 0.4990 -0.8480
vn 0.1918 0.5449 -0.8163
vn 0.2212 0.7569 -0.6150
vn -0.7490 0.2885 0.5964
vn -0.7637 0.3890 0.5153
vn -0.8249 0.5315 0.1925
vn -0.9632 0.2688 0.0028
vn 0.1047 0.9566 -0.2720
vn 0.2087 0.9114 -0.3546
vn 0.2117 0.8893 -0.4054
vn -0.5094 0.3586 0.7823
vn -0.5877 0.7077 0.3921
vn -0.6549 0.7412 -0.1477
vn -0.5582 0.8217 0.1145
vn -0.1625 0.9239 -0.3465
vn -0.7137 0.6212 0.3238
vn -0.5696 0.7898 0.2274
vn -0.1020 0.9892 -0.1054
vn -0.0487 0.9434 -0.3282
vn 0.1494 0.8636 -0.4815
vn 0.1825 0.8223 -0.5390
vn -0.3722 0.2602 0.8909
vn -0.4451 0.6698 0.5944
vn -0.4137 0.8736 0.2561
vn -0.3630 0.8890 0.2791
vn -0.2141 0.9403 0.2647
vn -0.1217 0.9869 -0.1055
vn -0.4917 -0.1352 -0.8602
vn -0.5838 0.0304 -0.8113
vn -0.1318 -0.2480 -0.9597
vn -0.0457 -0.4886 -0.8713
vn 0.1900 -0.5984 -0.7783
vn -0.1103 -0.2797 -0.9537
vn 0.2264 -0.3213 -0.9195
vn 0.2681 -0.4223 -0.8659
vn 0.1576 0.4638 -0.8718
vn 0.0428 -0.5801 -0.8134
vn 0.2063 -0.5805 -0.7877
vn 0.6870 0.3933 -0.6110
vn 0.7736 0.5586 -0.2991
vn 0.1867 -0.7119 -0.6770
vn 0.7386 0.3881 -0.5512
vn 0.1778 0.9626 -0.2042
vn -0.7559 0.2133 -0.6189
vn -0.6900 0.6037 -0.3993
vn -0.8293 0.4644 -0.3107
vn -0.8081 0.2345 -0.5404
vn -0.8356 0.1407 0.5310
vn 0.2585 0.3042 -0.9169
vn 0.1660 0.4026 -0.9002
vn 0.1719 0.4945 -0.8520
vn -0.2875 0.8783 -0.3820
vn -0.7831 0.4566 0.4223
vn -0.9098 0.3976 -0.1192
vn -0.9287 -0.3707 -0.0065
vn -0.8957 0.0545 -0.4414
vn -0.8462 0.5313 0.0401
vn -0.9766 -0.1815 0.1155
vn 0.7424 -0.6327 -0.2200
vn 0.7656 0.3347 -0.5494
vn 0.4112 0.6014 -0.6850
vn 0.3810 0.5339 -0.7549
vn -0.6532 0.7374 -0.1721
vn -0.8057 0.5914 -0.0327
vn -0.7014 0.5996 -0.3854
vn -0.6175 0.7460 -0.2494
vn 0.5440 0.0354 -0.8383
vn 0.4698 0.1428 -0.8711
vn -0.1842 0.2447 -0.9519
vn -0.0756 0.2041 -0.9760
vn 0.9421 -0.0550 -0.3307
vn 0.8787 0.0812 -0.4704
vn 0.4468 0.1529 -0.8815
vn 0.5576 0.0499 -0.8286
vn 0.9603 -0.0315 0.2773
vn 0.9955 -0.0188 0.0924
vn -0.5914 0.2971 -0.7496
vn -0.6348 0.2834 -0.7189
vn -0.8498 0.2634 -0.4565
vn -0.8488 0.3053 -0.4317
vn 0.7486 0.5531 0.3657
vn 0.8724 0.1613 0.4614
vn 0.9581 0.1096 0.2647
vn 0.8771 0.3448 0.3345
vn 0.2029 0.8696 0.4501
vn -0.0598 0.9000 0.4317
vn -0.2433 0.3856 0.8900
vn 0.2928 0.3141 0.9031
vn -0.4677 0.8642 0.1853
vn -0.6945 0.7194 0.0094
vn -0.9360 0.3491 0.0457
vn -0.8442 0.3584 0.3987
vn 0.3988 -0.1885 -0.8975
vn -0.2479 -0.2887 -0.9248
vn 0.7460 -0.4594 -0.4821
vn 0.3902 -0.1859 -0.9018
vn 0.7881 -0.6153 -0.0152
vn 0.4814 -0.8263 0.2923
vn 0.4926 -0.8647 0.0980
vn -0.3070 -0.4869 0.8177
vn 0.1898 -0.5965 0.7798
vn -0.6973 -0.7166 0.0176
vn -0.7646 -0.5659 0.3085
vn -0.5831 -0.4704 -0.6623
vn -0.7318 -0.5237 -0.4362
vn -0.5475 0.5219 -0.6541
vn -0.8183 0.4459 -0.3627
vn -0.8289 0.4153 -0.3746
vn -0.9575 0.2758 0.0842
vn -0.7701 -0.0083 0.6379
vn -0.3864 -0.1849 0.9036
vn 0.1751 -0.2756 0.9452
vn 0.6980 -0.2774 0.6602
vn 0.9303 -0.2014 0.3066
vn 0.9256 -0.1999 0.3213
vn 0.9620 0.0164 -0.2727
vn 0.5833 0.3025 -0.7538
vn -0.0702 0.4944 -0.8664
vn 0.6958 0.1310 0.7062
vn 0.7190 0.3884 0.5763
vn 0.8567 0.0670 0.5115
vn 0.9315 0.0410 0.3613
vn 0.2077 0.2693 0.9404
vn -0.2925 0.3449 0.8919
vn -0.0739 0.7966 0.6000
vn 0.2198 0.7544 0.6186
vn -0.6968 0.3601 0.6203
vn -0.9379 0.3352 0.0893
vn -0.7341 0.6430 0.2182
vn -0.3454 0.8101 0.4738
vn -0.9234 0.3672 -0.1115
vn -0.9402 0.2608 -0.2193
vn 0.5372 -0.8356 0.1147
vn -0.6457 -0.7219 -0.2488
vn 0.5752 0.7174 0.3931
vn 0.0234 0.9654 0.2597
vn 0.1498 0.9431 0.2968
vn -0.4694 0.8752 0.1166
vn -0.1175 0.9660 0.2304
vn -0.7907 0.6115 -0.0296
vn -0.9365 0.3016 -0.1789
vn -0.6372 -0.7504 -0.1756
vn 0.4613 0.7845 0.4144
vn -0.2554 0.9096 0.3276
vn 0.4884 -0.8673 0.0961
vn 0.4833 -0.8247 0.2938
vn -0.0905 -0.9954 -0.0306
vn -0.0862 -0.9943 -0.0634
vn 0.5229 -0.8454 0.1093
vn -0.0815 -0.9915 -0.1011
vn 0.7889 -0.6139 -0.0266
vn -0.0832 -0.9913 -0.1017
vn 0.7632 -0.4208 -0.4903
vn -0.0860 -0.9914 -0.0983
vn 0.4029 -0.1286 -0.9062
vn 0.1903 -0.5947 0.7811
vn -0.3071 -0.4851 0.8188
vn -0.0895 -0.9956 -0.0291
vn 0.3547 -0.6964 0.6239
vn -0.2422 -0.2451 -0.9388
vn -0.5961 -0.4373 -0.6734
vn -0.7409 -0.5017 -0.4465
vn -0.6607 -0.7083 -0.2485
vn -0.6443 -0.7441 -0.1765
vn -0.6977 -0.7162 0.0180
vn -0.6987 -0.5038 0.5080
vn -0.7654 -0.5647 0.3087
vn -0.6926 0.3858 0.6095
vn -0.6981 -0.5053 0.5073
vn 0.5585 0.2356 0.7953
vn 0.3539 -0.6976 0.6230
vn -0.2443 -0.9572 -0.1554
vn -0.3966 -0.8027 0.4453
vn -0.7139 -0.6764 0.1813
vn -0.4892 -0.8504 -0.1938
vn -0.3614 -0.3109 0.8791
vn -0.6918 -0.3077 0.6533
vn -0.3929 -0.1101 0.9130
vn -0.6518 -0.0321 0.7578
vn -0.3957 -0.0564 0.9167
vn -0.6455 0.0067 0.7637
vn -0.4092 -0.2414 0.8799
vn -0.6375 -0.2137 0.7402
vn -0.3607 -0.1241 0.9244
vn -0.6171 -0.0999 0.7805
vn -0.2810 0.0390 0.9589
vn -0.5811 0.0569 0.8119
vn -0.1474 0.2190 0.9645
vn -0.1162 0.3409 0.9329
vn -0.3479 0.3886 0.8532
vn -0.3543 0.2557 0.8995
vn -0.2002 0.2022 0.9587
vn -0.3446 0.2676 0.8998
vn -0.1796 0.0268 0.9834
vn -0.3401 0.1497 0.9284
vn -0.2298 -0.0235 0.9729
vn -0.5157 0.0428 0.8557
vn -0.0000 -0.0000 -1.0000
vn -0.5681 -0.4675 -0.6773
vn 0.0779 -0.5018 0.8615
vn -0.3842 0.6641 -0.6413
vn 0.1099 -0.6705 0.7337
vn -0.1314 0.1875 0.9734
vn 0.2202 0.1189 0.9682
vn -0.2443 0.3691 -0.8967
vn -0.5567 0.4165 -0.7188
vn -0.8891 0.3304 -0.3169
vn -0.9554 0.2704 0.1190
vn -0.8364 0.2522 0.4866
vn -0.5340 0.2449 0.8093
vn -0.3173 0.1991 0.9272
vn -0.1688 0.2052 0.9641
vn 0.0432 0.1645 0.9854
vn -0.3363 0.2412 0.9103
vn -0.4377 0.2639 0.8595
vn -0.7769 0.3571 0.5185
vn -0.8990 0.4268 0.0978
vn -0.7574 0.5228 -0.3912
vn -0.3718 0.6136 -0.6966
vn -0.0077 0.5779 -0.8160
vn -0.2872 0.9173 -0.2757
vn -0.1716 0.6402 -0.7488
vn -0.0099 0.1858 -0.9825
vn 0.0816 0.1347 -0.9875
vn 0.5399 -0.6814 -0.4942
vn 0.6426 -0.7518 0.1477
vn 0.1990 -0.1403 0.9699
vn -0.3465 0.0944 0.9333
vn -0.3052 0.7176 0.6260
vn 0.7175 0.3220 -0.6176
vn 0.0110 0.4610 -0.8873
vn 0.9812 -0.0531 -0.1857
vn 0.8461 -0.4227 0.3247
vn 0.5525 -0.5827 0.5960
vn 0.8348 -0.4513 0.3152
vn -0.5094 -0.5066 0.6956
vn -0.0057 -0.6214 0.7835
vn -0.9953 -0.0426 -0.0873
vn -0.8528 -0.3169 0.4151
vn -0.8844 0.1194 -0.4512
vn -0.5612 0.3390 -0.7551
vn -0.8701 0.1418 -0.4720
vn -0.1037 0.9812 0.1627
vn -0.0942 0.9896 0.1086
vn -0.1018 0.9946 0.0214
vn 0.1202 0.9661 0.2285
vn 0.1178 0.9642 0.2377
vn 0.1147 0.9606 0.2533
vn 0.4501 0.7029 0.5507
vn 0.6058 0.6482 0.4614
vn 0.4931 0.6644 0.5616
vn 0.4720 0.7842 0.4026
vn -0.1992 0.7359 0.6471
vn 0.0566 0.7938 0.6056
vn 0.0195 0.7916 0.6107
vn -0.3410 0.6056 0.7190
vn -0.1267 0.4080 -0.9042
vn -0.0605 0.3845 -0.9212
vn -0.0629 0.3910 -0.9182
vn -0.1281 0.4214 -0.8978
vn 0.4056 0.8916 0.2015
vn 0.3526 0.9192 0.1751
vn 0.3544 0.9190 0.1729
vn 0.4030 0.8949 0.1919
vn 0.3998 0.9143 0.0659
vn 0.4014 0.9137 0.0631
vn 0.4018 0.9136 0.0633
vn 0.4000 0.9141 0.0660
vn 0.1966 0.9729 -0.1219
vn 0.2309 0.9658 -0.1179
vn 0.1965 0.9729 -0.1219
vn 0.4291 0.8662 0.2561
vn 0.4294 0.8655 0.2579
vn -0.5018 0.5144 0.6954
vn -0.4638 0.5467 0.6971
vn -0.7291 0.2280 0.6453
vn 0.0752 0.2303 0.9702
vn -0.1521 0.2131 0.9651
vn -0.7820 0.1723 0.5991
vn 0.1101 0.6564 0.7464
vn -0.0669 0.7106 0.7004
vn -0.0691 0.7136 0.6972
vn 0.1014 0.6604 0.7441
vn -0.1041 0.8035 0.5861
vn -0.1035 0.8029 0.5871
vn -0.0482 0.8014 0.5962
vn 0.0161 0.8676 0.4971
vn 0.0173 0.8680 0.4962
vn -0.0410 0.8676 0.4956
vn -0.0043 0.8494 0.5278
vn 0.0878 0.8437 0.5296
vn 0.0898 0.8415 0.5327
vn -0.0074 0.8513 0.5246
vn 0.1020 0.8403 0.5325
vn 0.1081 0.8000 0.5901
vn 0.1098 0.8106 0.5752
vn 0.1067 0.8399 0.5322
vn 0.0730 0.7916 0.6066
vn 0.1253 0.8101 0.5727
vn 0.1220 0.8104 0.5730
vn 0.0744 0.7973 0.5990
vn 0.1866 0.8236 0.5357
vn 0.2048 0.7764 0.5960
vn 0.2047 0.7775 0.5946
vn 0.1422 0.7881 0.5990
vn 0.2146 0.7843 0.5821
vn 0.2342 0.7014 0.6732
vn 0.2226 0.7049 0.6734
vn 0.2075 0.7892 0.5780
vn 0.2976 -0.8531 0.4285
vn 0.2625 -0.9239 0.2783
vn 0.2493 -0.9242 0.2895
vn 0.3161 -0.8406 0.4399
vn 0.3054 -0.8407 0.4472
vn 0.0944 -0.9951 0.0294
vn 0.2203 -0.9504 0.2197
vn 0.2342 -0.9478 0.2163
vn 0.0466 -0.9956 0.0813
vn 0.0325 -0.9980 0.0550
vn 0.1575 -0.9173 0.3657
vn 0.0509 -0.9255 0.3754
vn 0.0710 -0.9219 0.3809
vn 0.1904 -0.9079 0.3734
vn 0.1824 -0.9084 0.3763
vn 0.0167 -0.9619 0.2728
vn 0.1871 -0.9452 0.2677
vn 0.1877 -0.9460 0.2644
vn 0.0983 -0.9401 0.3264
vn 0.0226 -0.9552 0.2950
vn 0.7098 0.4080 0.5742
vn 0.4556 0.5277 0.7169
vn 0.4658 0.5241 0.7130
vn 0.7050 0.4109 0.5781
vn 0.9008 0.4305 -0.0567
vn 0.9071 0.3865 -0.1665
vn 0.9060 0.3907 -0.1628
vn 0.8947 0.4423 -0.0620
vn 0.9082 0.3643 -0.2062
vn 0.9572 0.2893 0.0101
vn 0.9561 0.2926 0.0173
vn 0.9419 0.3338 0.0383
vn 0.9700 0.2316 0.0734
vn 0.8859 0.2800 0.3698
vn 0.8858 0.2856 0.3657
vn 0.9707 0.2267 0.0793
vn 0.4601 0.8868 0.0439
vn 0.3777 0.8881 -0.2621
vn 0.3737 0.8936 -0.2486
vn 0.4389 0.8974 0.0451
vn 0.1622 0.9866 0.0169
vn 0.2419 0.9699 0.0260
vn 0.9430 0.3297 -0.0453
vn 0.9451 0.3226 -0.0523
vn 0.9902 -0.0332 0.1354
vn -0.0746 0.9899 -0.1203
vn 0.0403 0.9966 -0.0720
vn 0.7578 -0.2790 -0.5898
vn 0.1073 0.9857 -0.1297
vn 0.1264 0.9908 -0.0492
vn 0.0013 1.0000 -0.0032
vn -0.9798 -0.1809 -0.0857
vn -0.2407 0.9422 -0.2330
vn -0.3940 -0.3662 -0.8430
vn 0.1270 0.9610 -0.2458
vn 0.1033 -0.4463 -0.8889
vn 0.1616 0.9826 -0.0919
vn 0.3457 -0.8915 0.2929
vn 0.3441 -0.8980 0.2742
vn 0.0806 -0.3458 -0.9348
vn 0.1144 0.9842 -0.1351
vn 0.4436 0.1715 0.8797
vn 0.4004 -0.2643 0.8774
vn 0.2768 -0.4506 -0.8487
vn -0.0924 -0.1851 -0.9784
vn -0.0924 -0.1853 -0.9783
vn 0.5831 -0.5009 0.6397
vn 0.5344 -0.4089 0.7397
vn 0.7778 -0.1162 0.6177
vn -0.0867 -0.2195 -0.9717
vn -0.0873 -0.2197 -0.9717
vn -0.0879 -0.2214 -0.9712
vn -0.0900 -0.2220 -0.9709
vn -0.0867 -0.2211 -0.9714
vn -0.0352 -0.9672 0.2516
vn -0.0318 -0.9754 0.2180
vn -0.2212 -0.1597 -0.9621
vn -0.1789 -0.1637 -0.9701
vn -0.6525 0.2494 -0.7156
vn -0.0000 -0.0000 1.0000
vn -0.3187 0.0357 0.9472
vn -0.4812 0.0539 0.8749
vn 0.0924 0.1851 0.9784
vn 0.0924 0.1853 0.9783
vn -0.7057 0.1997 -0.6798
vn -0.2076 -0.1630 -0.9645
vn 0.0576 -0.4529 0.8897
vn 0.0580 -0.4512 0.8905
vn 0.0513 -0.4564 0.8883
vn 0.0503 -0.4601 0.8865
vn 0.4266 0.4035 0.8094
vn 0.4476 0.3355 0.8289
vn 0.3959 -0.2218 0.8911
vn 0.3900 -0.3350 0.8577
vn -0.2143 -0.1566 -0.9641
vn 0.0875 0.2193 0.9717
vn 0.0869 0.2194 0.9718
vn 0.0885 0.2215 0.9711
vn 0.0915 0.2228 0.9706
vn -0.9037 0.4251 0.0518
vn -0.8492 0.5274 0.0262
vn -0.4808 0.3791 0.7906
vn 0.1534 -0.8545 0.4963
vn 0.3310 -0.4505 0.8292
vn -0.2291 -0.8074 0.5437
vn -0.4942 0.1650 0.8536
vn 0.4113 0.4517 0.7917
vn -0.1853 0.8122 -0.5532
vn -0.3680 0.3915 -0.8434
vn 0.0275 0.9882 -0.1509
vn 0.2301 0.9323 0.2790
vn 0.3535 0.7381 0.5747
vn -0.4296 0.0057 -0.9030
vn -0.4233 -0.3343 -0.8421
vn -0.3762 -0.4547 -0.8073
vn 0.4174 0.5050 0.7555
vn -0.2813 -0.2693 -0.9211
vn -0.8314 -0.4472 0.3298
vn -0.4073 -0.7212 0.5604
vn -0.0816 0.1527 0.9849
vn -0.0024 -0.0843 0.9964
vn -0.0644 0.3208 0.9450
vn -0.0908 0.2073 0.9741
vn -0.1372 -0.0393 0.9898
vn -0.1452 -0.1211 0.9820
vn -0.1191 0.0464 0.9918
vn -0.1560 -0.2577 0.9535
vn -0.1239 -0.1407 0.9823
vn -0.1286 -0.1508 0.9802
vn -0.1433 -0.3352 0.9312
vn -0.1274 -0.8321 0.5398
vn -0.0444 -0.9877 -0.1501
vn 0.0966 -0.7677 -0.6335
vn -0.0255 0.3872 -0.9216
vn 0.1193 0.5338 -0.8372
vn 0.0295 0.7765 0.6295
vn 0.0238 0.7769 0.6292
vn 0.0447 0.6242 0.7800
vn 0.0408 0.6241 0.7803
vn 0.1644 0.0995 -0.9814
vn 0.7367 0.2399 0.6322
vn 0.8096 0.1200 0.5745
vn 0.9603 0.2429 -0.1370
vn 0.8708 0.3791 0.3131
vn 0.7252 -0.3085 0.6156
vn 0.7730 -0.4981 0.3930
vn -0.8402 -0.1070 -0.5316
vn -0.8512 -0.1392 -0.5061
vn -0.8341 -0.0933 -0.5436
vn -0.8323 -0.0924 -0.5466
vn -0.8862 -0.0448 -0.4611
vn -0.8866 -0.0037 -0.4625
vn -0.8861 -0.0525 -0.4606
vn -0.8856 -0.0585 -0.4607
vn -0.1402 0.9888 -0.0508
vn -0.1400 0.9888 -0.0509
vn 0.3286 0.6351 -0.6990
vn 0.3444 0.6380 -0.6888
vn -0.2749 0.9330 0.2322
vn -0.2748 0.9330 0.2323
vn 0.1637 -0.9824 -0.0895
vn 0.1488 -0.9846 -0.0917
vn -0.0253 -0.9591 0.2820
vn -0.0136 -0.9591 0.2828
vn 0.7202 0.2711 0.6387
vn 0.7106 0.3154 0.6289
vn 0.7540 0.2486 0.6080
vn 0.7677 0.2262 0.5995
vn 0.5888 -0.2146 0.7792
vn 0.5656 -0.3215 0.7595
vn 0.6366 0.0408 0.7701
vn 0.6074 0.1144 0.7861
vn 0.7644 0.6162 0.1895
vn 0.7786 0.5216 0.3489
vn 0.6126 0.6890 0.3873
vn 0.5856 0.6916 0.4228
vn 0.8024 -0.3364 0.4930
vn 0.4985 -0.6034 0.6224
vn 0.8690 0.0732 0.4894
vn 0.8882 0.0078 0.4593
vn 0.7346 -0.4887 0.4707
vn 0.5638 -0.7729 0.2910
vn 0.3371 -0.7902 0.5118
vn 0.7064 -0.4521 0.5445
vn 0.9606 -0.0793 0.2665
vn 0.9983 -0.0261 0.0514
vn 0.9900 -0.1388 0.0240
vn 0.9947 -0.0166 -0.1013
vn 0.9382 -0.3319 -0.0985
vn 0.9056 -0.4023 -0.1341
vn 0.9166 -0.2610 -0.3029
vn 0.9781 -0.1789 -0.1063
vn 0.9508 -0.2884 -0.1135
vn 0.8741 -0.4078 -0.2639
vn 0.7501 0.5153 0.4145
vn 0.7496 0.4203 0.5113
vn 0.6500 -0.0575 0.7578
vn 0.6502 0.1737 0.7396
vn 0.8113 0.1973 0.5503
vn 0.5919 0.3547 0.7237
vn 0.5774 0.3441 0.7404
vn 0.5959 0.3253 0.7342
vn 0.9281 0.1034 0.3578
vn 0.8772 -0.0124 0.4800
vn 0.9548 -0.1549 0.2535
vn 0.9897 -0.0689 0.1258
vn 0.9609 0.1289 0.2450
vn 0.8752 0.1578 0.4572
vn 0.8457 -0.0021 0.5337
vn 0.9457 -0.0994 0.3094
vn 0.9007 0.3030 0.3113
vn 0.9614 -0.0052 0.2750
vn 0.9712 -0.0788 -0.2248
vn 0.9788 0.1734 -0.1090
vn 0.8965 0.3894 0.2113
vn 0.9785 0.1630 0.1261
vn 0.9279 -0.0977 0.3599
vn 0.7855 0.0455 0.6172
vn 0.8843 0.3461 0.3134
vn 0.8605 0.4911 0.1358
vn 0.9548 0.2700 -0.1242
vn 0.7890 -0.0390 0.6131
vn 0.8956 0.4214 0.1424
vn 0.9709 0.2370 0.0352
vn 0.6868 -0.4162 0.5959
vn 0.6862 -0.4167 0.5962
vn 0.6856 -0.4172 0.5965
vn 0.6905 -0.4194 0.5893
vn 0.6914 -0.4186 0.5888
vn 0.6917 -0.4184 0.5886
vn 0.9280 0.3423 -0.1468
vn 0.9364 0.3197 -0.1444
vn 0.8603 0.4963 0.1168
vn 0.8806 0.4484 0.1532
vn 0.7646 -0.3130 0.5634
vn 0.8894 -0.3432 0.3020
vn 0.7642 -0.4122 0.4961
vn 0.7099 -0.3951 0.5831
vn 0.7868 -0.6167 -0.0241
vn 0.8604 -0.4911 0.1360
vn 0.7437 -0.4919 0.4527
vn 0.6390 -0.7348 0.2275
vn 0.9343 -0.0728 0.3490
vn 0.9999 -0.0146 0.0043
vn 0.9191 -0.1434 0.3671
vn 0.9202 -0.1452 0.3635
vn 0.9200 -0.1461 0.3637
vn 0.9368 -0.0599 0.3447
vn 0.9885 -0.0991 0.1140
vn 0.9161 -0.2190 0.3360
vn 0.9716 0.0921 -0.2178
vn 0.9336 -0.1804 0.3096
vn 0.5515 -0.8065 0.2131
vn 0.9618 -0.2590 -0.0884
vn 0.9966 -0.0789 -0.0246
vn 0.9124 0.3050 -0.2731
vn 0.9276 0.2227 -0.2999
vn 0.8627 -0.2271 0.4519
vn 0.8613 0.1909 0.4708
vn 0.7461 0.3327 0.5768
vn 0.7679 0.0245 0.6401
vn 0.5111 0.1966 0.8367
vn 0.5143 0.4730 0.7154
vn 0.9300 0.3365 0.1481
vn 0.9279 0.3256 0.1817
vn 0.9977 0.0307 -0.0609
vn 0.9754 -0.2106 0.0647
vn 0.8339 0.0928 0.5440
vn 0.8510 0.1394 0.5064
vn 0.8402 0.1075 0.5316
vn 0.8337 0.0908 0.5447
vn 0.8860 0.0526 0.4608
vn 0.8867 0.0037 0.4623
vn 0.8864 0.0447 0.4608
vn 0.8859 0.0585 0.4602
vn 0.9403 -0.0654 0.3340
vn 0.6473 -0.7490 0.1414
vn 0.9617 0.1787 -0.2077
vn 0.6828 -0.1383 0.7174
vn 0.6435 -0.3275 0.6919
vn 0.5386 0.3209 0.7791
vn 0.4571 0.6677 0.5875
vn 0.4823 0.7383 0.4716
vn 0.6490 0.6286 0.4286
vn 0.8813 -0.1452 0.4497
vn 0.6434 -0.4776 0.5983
vn 0.2322 0.2698 -0.9345
vn -0.0562 0.3416 -0.9381
vn 0.1110 0.7406 -0.6627
vn 0.3770 0.6044 -0.7019
vn 0.3095 0.9091 -0.2789
vn 0.5430 0.7524 -0.3729
vn 0.5259 0.8410 0.1270
vn 0.7373 0.6755 0.0010
vn 0.6405 0.6540 0.4025
vn 0.8159 0.5241 0.2441
vn 0.1589 -0.0661 -0.9851
vn -0.1206 -0.0355 -0.9921
vn 0.4788 0.1844 -0.8583
vn 0.5818 0.4401 -0.6840
vn 0.7107 0.5561 -0.4308
vn 0.8674 0.4859 -0.1074
vn 0.9103 0.4059 0.0807
vn 0.4331 -0.0898 -0.8969
vn 0.7150 0.0696 -0.6957
vn 0.7879 0.1853 -0.5873
vn 0.8562 0.2405 -0.4572
vn 0.9445 0.2017 -0.2594
vn 0.9740 0.1154 -0.1948
vn 0.6568 -0.1118 -0.7457
vn 0.7066 -0.0463 -0.7061
vn 0.8227 0.0945 -0.5606
vn 0.8899 0.0865 -0.4478
vn 0.9476 0.0483 -0.3157
vn 0.9634 0.0154 -0.2678
vn 0.9472 -0.0391 -0.3183
vn 0.3970 -0.3329 -0.8553
vn 0.9940 0.0953 -0.0542
vn 0.9991 -0.0390 -0.0154
vn 0.9795 -0.1463 -0.1382
vn 0.9530 0.1563 -0.2594
vn 0.8604 -0.1049 -0.4987
vn 0.8828 0.1144 -0.4555
vn 0.9832 -0.1797 0.0320
vn 0.9643 -0.2289 -0.1329
vn 0.8281 -0.3225 -0.4585
vn 0.3414 -0.9399 -0.0081
vn 0.4895 -0.8704 0.0522
vn 0.8221 -0.5397 -0.1816
vn 0.7535 -0.6278 -0.1955
vn 0.9387 -0.1204 -0.3229
vn 0.6059 -0.7820 -0.1464
vn 0.6638 -0.7369 -0.1277
vn 0.4743 -0.8734 0.1107
vn 0.8145 -0.5643 -0.1348
vn 0.8229 -0.4232 -0.3793
vn 0.9116 -0.3637 -0.1913
vn 0.9654 -0.2604 0.0131
vn 0.9204 -0.3909 0.0115
vn 0.7650 -0.5964 -0.2433
vn 0.7151 -0.6990 -0.0005
vn 0.7703 -0.3831 -0.5098
vn 0.8128 0.3948 0.4283
vn 0.9309 -0.3631 0.0391
vn 0.8583 -0.2938 -0.4207
vn 0.7392 -0.5049 -0.4456
vn 0.5867 -0.6547 -0.4766
vn 0.8247 -0.4630 0.3249
vn 0.6093 -0.5471 0.5740
vn 0.7090 -0.3784 -0.5951
vn -0.0998 -0.3508 -0.9311
vn 0.1940 -0.3370 -0.9213
vn 0.4587 -0.3206 -0.8287
vn 0.5845 -0.3331 -0.7399
vn 0.4496 -0.4373 -0.7788
vn -0.0984 -0.4462 -0.8895
vn 0.2018 -0.3902 -0.8984
vn 0.4987 -0.3214 -0.8050
vn 0.6857 -0.3101 -0.6586
vn 0.2130 -0.3630 -0.9071
vn 0.5619 -0.2975 -0.7719
vn 0.7999 -0.2593 -0.5412
vn 0.6242 0.4925 0.6065
vn 0.4695 0.7873 -0.3997
vn 0.7896 0.5980 0.1373
vn 0.8527 0.3963 0.3404
vn -0.1509 0.2288 -0.9617
vn 0.1155 0.6386 -0.7608
vn 0.8038 -0.0657 0.5912
vn -0.3929 -0.2017 -0.8972
vn 0.8031 -0.1995 0.5614
vn -0.0405 -0.9980 -0.0485
vn -0.6198 -0.5523 -0.5576
vn -0.5144 -0.3157 -0.7973
vn 0.7123 0.3615 0.6016
vn 0.7015 0.3354 0.6288
vn -0.1469 -0.4245 -0.8934
vn -0.7284 0.6831 0.0529
vn -0.4145 0.4492 -0.7915
vn 0.2699 0.2569 -0.9280
vn -0.1850 0.8276 -0.5299
vn -0.2566 0.8212 -0.5097
vn 0.0599 0.0287 -0.9978
vn 0.0214 -0.3264 -0.9450
vn -0.1671 0.7454 -0.6453
vn -0.0148 0.8759 0.4822
vn -0.2250 0.8657 -0.4472
vn -0.1615 0.7531 -0.6378
vn -0.1431 0.9855 0.0916
vn -0.4290 -0.6281 0.6492
vn -0.5294 0.7453 0.4053
vn -0.8554 0.1268 0.5022
vn -0.8251 0.3333 -0.4562
vn -0.7154 -0.4226 -0.5564
vn -0.5184 -0.7890 0.3297
vn -0.4261 0.7857 -0.4485
vn -0.8209 0.3419 -0.4575
vn -0.8555 0.1318 0.5008
vn -0.4168 0.8947 0.1606
vn -0.3171 -0.1431 0.9375
vn -0.1657 -0.6810 0.7133
vn -0.3175 -0.1472 0.9368
vn -0.1493 0.5074 0.8487
vn -0.5014 0.5824 -0.6398
vn -0.2158 0.7764 -0.5921
vn -0.4589 -0.1574 -0.8744
vn -0.4047 0.2639 -0.8756
vn -0.6008 0.7947 0.0870
vn 0.2438 0.4760 -0.8450
vn -0.5791 0.5119 -0.6345
vn -0.6542 0.7452 -0.1294
vn -0.1101 -0.3468 0.9315
vn -0.2165 0.0263 0.9759
vn 0.3828 0.7207 0.5780
vn 0.0789 0.8696 0.4875
vn -0.0854 0.7926 0.6038
vn -0.2644 0.8811 0.3922
vn -0.2670 0.6937 0.6689
vn 0.2013 0.7086 0.6763
vn -0.0113 0.7166 0.6973
vn -0.1612 0.5887 0.7921
vn -0.4093 0.3681 0.8349
vn -0.3542 0.5964 0.7203
vn 0.1762 0.5337 0.8271
vn -0.0013 0.4344 0.9007
vn -0.4093 0.1826 0.8939
vn -0.3812 0.2594 0.8873
vn 0.4635 0.4407 0.7687
vn 0.7870 0.0332 0.6160
vn 0.7477 -0.0025 0.6641
vn 0.4444 -0.4791 0.7569
vn 0.4182 -0.1924 0.8878
vn 0.3529 0.3701 0.8594
vn 0.6575 -0.1227 0.7434
vn 0.2287 0.2180 0.9488
vn 0.5739 -0.2615 0.7761
vn -0.2791 0.0191 0.9601
vn -0.4076 0.2024 0.8905
vn -0.0044 0.0250 0.9997
vn 0.5101 -0.4981 0.7012
vn 0.7702 -0.6144 -0.1713
vn 0.8529 -0.5183 0.0629
vn 0.8763 -0.4049 0.2610
vn 0.8173 -0.4247 0.3894
vn 0.1683 -0.7159 -0.6776
vn 0.8442 -0.4967 0.2017
vn 0.8048 -0.4399 0.3984
vn 0.4350 -0.7685 -0.4692
vn 0.1824 -0.4039 -0.8964
vn 0.4504 -0.3636 -0.8154
vn 0.7327 -0.5288 0.4284
vn 0.7409 -0.5214 0.4233
vn 0.4171 -0.8500 -0.3219
vn 0.6840 -0.6332 0.3622
vn 0.6693 -0.6500 0.3598
vn 0.5363 -0.8017 -0.2639
vn 0.6484 -0.7076 0.2808
vn 0.6124 -0.7394 0.2797
vn 0.5426 -0.7771 -0.3191
vn -0.1410 -0.1508 -0.9785
vn 0.4648 -0.3187 -0.8261
vn 0.0834 -0.0731 -0.9938
vn 0.1082 -0.0856 -0.9904
vn 0.0990 -0.4716 -0.8762
vn 0.1122 -0.6258 -0.7719
vn 0.0136 -0.6932 -0.7207
vn 0.1023 -0.5494 -0.8293
vn -0.0696 -0.6611 -0.7471
vn 0.0891 -0.5577 -0.8252
vn 0.0724 -0.5284 -0.8459
vn 0.1042 -0.4221 -0.9005
vn 0.0150 -0.5360 -0.8441
vn -0.0575 -0.6766 -0.7341
vn 0.0714 -0.5581 -0.8267
vn 0.0535 -0.5694 -0.8203
vn 0.2362 -0.4556 -0.8583
vn -0.3640 0.2926 -0.8842
vn -0.0683 -0.0026 -0.9977
vn -0.0909 0.0100 -0.9958
vn 0.4615 0.1066 -0.8807
vn -0.0158 -0.6911 -0.7226
vn 0.0110 -0.7197 -0.6942
vn -0.1641 -0.3627 -0.9173
vn -0.0720 -0.5226 -0.8495
vn 0.0921 -0.4944 -0.8643
vn -0.1384 -0.4850 -0.8635
vn -0.4808 0.3568 -0.8009
vn -0.1467 0.8015 -0.5797
vn 0.6394 0.5475 -0.5397
vn 0.2663 -0.1840 -0.9462
vn 0.9959 -0.0404 -0.0804
vn 0.7733 -0.5803 -0.2555
vn -0.2124 -0.6838 -0.6980
vn 0.2635 -0.1974 -0.9443
vn 0.7591 -0.5935 -0.2675
vn 0.3694 -0.8949 -0.2503
vn -0.6915 -0.1114 -0.7138
vn -0.4817 0.3235 -0.8144
vn -0.4069 0.1408 -0.9026
vn -0.0546 0.6477 -0.7600
vn 0.7256 0.3728 -0.5783
vn 0.3373 -0.4690 -0.8162
vn 0.9924 -0.0901 0.0837
vn 0.7487 -0.6615 0.0436
vn -0.1904 -0.8555 -0.4815
vn 0.3372 -0.4701 -0.8157
vn 0.7427 -0.6686 0.0364
vn 0.3254 -0.9406 0.0974
vn -0.6547 -0.2703 -0.7059
vn -0.4010 0.1314 -0.9066
vn -0.4234 0.1793 -0.8880
vn -0.0559 0.6728 -0.7377
vn 0.7426 0.3771 -0.5535
vn 0.3300 -0.4773 -0.8144
vn 0.9859 -0.1056 0.1295
vn 0.7346 -0.6737 0.0803
vn -0.2555 -0.8546 -0.4521
vn 0.3268 -0.4774 -0.8157
vn 0.7271 -0.6826 0.0732
vn 0.2865 -0.9485 0.1348
vn -0.6946 -0.2270 -0.6827
vn -0.4244 0.1684 -0.8897
vn -0.5713 -0.0092 -0.8207
vn -0.0825 0.3929 -0.9159
vn 0.6602 -0.0223 -0.7507
vn 0.0379 -0.7793 -0.6254
vn 0.9584 -0.2850 0.0140
vn 0.5847 -0.7809 0.2199
vn -0.5123 -0.8562 -0.0668
vn 0.0395 -0.7789 -0.6259
vn 0.5782 -0.7869 0.2155
vn 0.1214 -0.8944 0.4305
vn -0.8605 -0.2414 -0.4487
vn -0.5708 -0.0166 -0.8209
vn -0.4455 0.4499 -0.7740
vn 0.1318 -0.2549 -0.9579
vn 0.6287 -0.6729 -0.3898
vn 0.6363 0.4247 -0.6440
vn 0.4451 0.0666 -0.8930
vn 0.8268 -0.5158 -0.2245
vn 0.9514 -0.2898 -0.1039
vn -0.2804 0.6936 -0.6636
vn -0.4512 0.5770 -0.6808
vn 0.6715 -0.6998 0.2434
vn 0.6761 -0.6908 0.2563
vn 0.4348 -0.4657 0.7708
vn 0.7200 -0.6366 0.2762
vn 0.7100 -0.6603 0.2448
vn 0.2656 -0.5524 0.7901
vn 0.1868 -0.7426 0.6432
vn 0.7117 -0.6420 0.2851
vn 0.7112 -0.6533 0.2594
vn -0.1332 -0.0068 0.9911
vn -0.7451 0.4031 0.5314
vn -0.5920 -0.3945 0.7028
vn -0.3860 -0.1727 0.9062
vn -0.8548 0.3592 0.3746
vn -0.9516 0.2360 0.1968
vn -0.6487 -0.7188 0.2501
vn -0.8078 0.5544 -0.2001
vn -0.7620 0.5845 -0.2787
vn -0.7687 -0.6270 0.1265
vn -0.7761 0.5745 -0.2600
vn -0.7719 0.5831 -0.2534
vn -0.7790 0.5780 -0.2431
vn -0.7727 0.5831 -0.2509
vn -0.4339 0.2319 -0.8706
vn 0.3776 -0.3139 -0.8712
vn 0.7117 -0.6983 -0.0767
vn 0.6568 0.2069 -0.7252
vn 0.5383 -0.0315 -0.8422
vn 0.8618 -0.5057 -0.0394
vn 0.9384 -0.3451 0.0166
vn -0.2304 0.5285 -0.8170
vn -0.3302 0.4207 -0.8450
vn 0.5385 -0.6809 0.4963
vn 0.5305 -0.6523 0.5414
vn 0.1341 -0.3745 0.9175
vn -0.4729 0.1477 0.8686
vn -0.8001 0.5800 0.1532
vn -0.6584 -0.2208 0.7196
vn -0.5664 -0.0250 0.8238
vn -0.9014 0.4256 0.0796
vn -0.9577 0.2873 0.0145
vn 0.1792 -0.5614 0.8079
vn 0.2236 -0.4542 0.8624
vn -0.7360 -0.6524 0.1807
vn -0.7561 0.4863 -0.4379
vn -0.7699 0.4708 -0.4309
vn -0.6879 -0.7249 0.0371
vn -0.7167 0.4936 -0.4926
vn -0.7063 0.5046 -0.4966
vn -0.7184 0.4955 -0.4882
vn -0.7037 0.5085 -0.4961
vn -0.4562 0.3050 -0.8360
vn 0.2359 -0.3394 -0.9106
vn 0.6442 -0.7584 -0.0990
vn 0.6228 0.0639 -0.7798
vn 0.4811 -0.1730 -0.8594
vn 0.8104 -0.5840 -0.0461
vn 0.9038 -0.4279 -0.0028
vn -0.2457 0.4988 -0.8311
vn -0.3279 0.3908 -0.8601
vn 0.6105 -0.6709 0.4209
vn 0.5791 -0.6177 0.5320
vn 0.3069 -0.2971 0.9042
vn -0.3649 0.1856 0.9124
vn -0.7531 0.5422 0.3728
vn -0.6523 -0.1463 0.7437
vn -0.5704 0.0563 0.8194
vn -0.8756 0.4770 0.0760
vn -0.9370 0.3475 0.0345
vn 0.1647 -0.5359 0.8281
vn 0.2207 -0.4275 0.8766
vn -0.8331 -0.4727 0.2873
vn -0.7329 0.5607 -0.3853
vn -0.7557 0.5239 -0.3930
vn -0.5896 -0.7254 0.3553
vn -0.7025 0.5237 -0.4819
vn -0.6916 0.5301 -0.4906
vn -0.7044 0.5241 -0.4787
vn -0.6864 0.5350 -0.4926
vn -0.4433 0.1579 -0.8824
vn 0.0284 -0.5272 -0.8493
vn 0.6075 -0.7942 -0.0124
vn 0.5619 -0.0961 -0.8216
vn 0.3788 -0.3234 -0.8671
vn 0.7671 -0.6413 0.0167
vn 0.8823 -0.4706 0.0077
vn -0.2537 0.3610 -0.8974
vn -0.3197 0.2437 -0.9156
vn 0.5470 -0.6196 0.5629
vn 0.5357 -0.6089 0.5850
vn 0.2470 -0.1552 0.9565
vn -0.3087 0.5192 0.7970
vn -0.6731 0.7340 0.0905
vn -0.6169 0.0700 0.7839
vn -0.5246 0.3046 0.7950
vn -0.8139 0.5759 0.0771
vn -0.9016 0.4314 0.0302
vn 0.1722 -0.3836 0.9073
vn 0.2102 -0.2393 0.9479
vn -0.6585 0.5320 -0.5323
vn -0.6559 0.5231 -0.5442
vn -0.6855 0.4942 -0.5346
vn -0.6623 0.4947 -0.5627
vn -0.6926 0.4933 -0.5263
vn -0.6603 0.5030 -0.5576
vn 0.6803 -0.5421 0.4933
vn 0.6761 -0.5708 0.4659
vn 0.6768 -0.5428 0.4972
vn 0.6710 -0.5654 0.4798
vn 0.6582 -0.5671 0.4952
vn 0.6538 -0.5936 0.4693
vn 0.6586 -0.5650 0.4971
vn 0.6505 -0.5947 0.4724
vn 0.6537 -0.5205 0.5493
vn 0.6437 -0.5495 0.5326
vn 0.6486 -0.5206 0.5552
vn 0.6356 -0.5462 0.5457
vn -0.3133 0.7867 -0.5320
vn -0.3294 0.7343 -0.5935
vn 0.6243 0.4537 -0.6360
vn 0.6254 0.5836 -0.5179
vn 0.9540 -0.2790 -0.1096
vn 0.9852 -0.1712 -0.0055
vn 0.7311 -0.6237 0.2767
vn 0.7706 -0.5751 0.2749
vn 0.7469 -0.5964 0.2939
vn 0.7288 -0.6202 0.2901
vn 0.1897 -0.7917 0.5807
vn 0.2088 -0.8384 0.5035
vn -0.6148 -0.4842 0.6226
vn -0.6251 -0.5890 0.5122
vn -0.9633 0.1822 0.1973
vn -0.9948 0.0803 0.0624
vn -0.7739 0.5802 -0.2538
vn -0.7901 0.5559 -0.2584
vn -0.7687 0.5743 -0.2816
vn -0.7655 0.5901 -0.2564
vn -0.1881 0.6001 -0.7775
vn -0.2173 0.5805 -0.7847
vn 0.6786 0.2679 -0.6839
vn 0.6876 0.2714 -0.6734
vn 0.9562 -0.2901 0.0395
vn 0.9633 -0.2674 0.0238
vn 0.6808 -0.5308 0.5047
vn 0.7006 -0.5198 0.4889
vn 0.6949 -0.5218 0.4949
vn 0.6775 -0.5323 0.5076
vn 0.1458 -0.5936 0.7914
vn 0.1598 -0.6217 0.7668
vn -0.6805 -0.2992 0.6688
vn -0.6952 -0.3446 0.6309
vn -0.9721 0.2343 0.0127
vn -0.9727 0.2289 -0.0385
vn -0.7151 0.5078 -0.4803
vn -0.6961 0.4985 -0.5166
vn -0.6962 0.5011 -0.5141
vn -0.7147 0.5064 -0.4824
vn -0.1991 0.6895 -0.6964
vn -0.2100 0.5649 -0.7980
vn 0.6736 0.1833 -0.7160
vn 0.7247 0.4945 -0.4799
vn 0.9331 -0.3591 0.0182
vn 0.9601 -0.1881 0.2069
vn 0.6654 -0.5538 0.5005
vn 0.6972 -0.5123 0.5015
vn 0.6826 -0.5268 0.5065
vn 0.6595 -0.5539 0.5082
vn 0.1131 -0.5802 0.8066
vn 0.0987 -0.6763 0.7300
vn -0.6883 -0.2416 0.6840
vn -0.7264 -0.4064 0.5543
vn -0.9605 0.2763 0.0318
vn -0.9843 0.1567 -0.0809
vn -0.7058 0.5294 -0.4707
vn -0.6877 0.5025 -0.5240
vn -0.6750 0.5179 -0.5255
vn -0.7012 0.5321 -0.4746
vn -0.1811 0.4644 -0.8669
vn -0.2231 0.4194 -0.8800
vn 0.6183 0.0082 -0.7859
vn 0.6754 0.1102 -0.7292
vn 0.9097 -0.4147 0.0207
vn 0.9368 -0.3454 0.0558
vn 0.6588 -0.5054 0.5573
vn 0.6789 -0.4880 0.5486
vn 0.6688 -0.4909 0.5584
vn 0.6540 -0.5054 0.5629
vn 0.1435 -0.4147 0.8986
vn 0.1300 -0.4609 0.8779
vn -0.6442 -0.0131 0.7647
vn -0.6915 -0.1018 0.7151
vn -0.9226 0.3840 0.0369
vn -0.9494 0.3129 -0.0276
vn -0.6954 0.4952 -0.5208
vn -0.6801 0.4747 -0.5587
vn -0.6744 0.4748 -0.5655
vn -0.6874 0.4941 -0.5324
vn -0.2722 0.9253 -0.2642
vn -0.3632 0.8808 -0.3037
vn 0.5637 0.8259 0.0108
vn 0.5681 0.8208 0.0596
vn 0.9636 -0.0431 0.2637
vn 0.9630 0.0236 0.2685
vn 0.7568 -0.5782 0.3048
vn 0.7746 -0.5860 0.2380
vn 0.7664 -0.6001 0.2292
vn 0.7395 -0.6029 0.2994
vn 0.1873 -0.9473 0.2599
vn 0.2795 -0.9560 0.0890
vn -0.6390 -0.7551 0.1464
vn -0.5299 -0.8253 -0.1950
vn -0.9815 -0.0536 -0.1837
vn -0.9073 -0.0750 -0.4138
vn -0.7924 0.5265 -0.3080
vn -0.7393 0.5204 -0.4273
vn -0.7285 0.5479 -0.4112
vn -0.7684 0.5529 -0.3222
vn -0.1877 0.9028 -0.3869
vn -0.2528 0.7951 -0.5512
vn 0.5779 0.8151 -0.0418
vn 0.4871 0.8695 0.0813
vn 0.8814 0.2193 0.4184
vn 0.8581 0.1989 0.4734
vn 0.7007 -0.4954 0.5135
vn 0.6943 -0.5174 0.5002
vn 0.6922 -0.5283 0.4917
vn 0.6541 -0.5572 0.5116
vn 0.0410 -0.8187 0.5728
vn 0.2206 -0.8970 0.3830
vn -0.6990 -0.6290 0.3403
vn -0.5134 -0.8581 0.0017
vn -0.9873 -0.0406 -0.1534
vn -0.8765 -0.2037 -0.4361
vn -0.7186 0.4445 -0.5349
vn -0.6466 0.4207 -0.6363
vn -0.6507 0.4517 -0.6104
vn -0.6911 0.4612 -0.5565
vn -0.1527 0.8526 -0.4997
vn -0.2196 0.8413 -0.4940
vn 0.5806 0.8142 0.0054
vn 0.6130 0.7884 -0.0507
vn 0.8898 0.0585 0.4526
vn 0.9151 0.0731 0.3966
vn 0.6721 -0.5024 0.5439
vn 0.6861 -0.5274 0.5011
vn 0.6832 -0.5362 0.4957
vn 0.6423 -0.5417 0.5422
vn 0.0593 -0.8531 0.5183
vn 0.1902 -0.9026 0.3861
vn -0.6941 -0.6836 0.2256
vn -0.5830 -0.8114 -0.0413
vn -0.9544 -0.0894 -0.2848
vn -0.8593 -0.1163 -0.4981
vn -0.7173 0.4396 -0.5406
vn -0.6460 0.4412 -0.6229
vn -0.6405 0.4599 -0.6149
vn -0.6810 0.4741 -0.5580
vn -0.0983 0.6350 -0.7662
vn -0.1617 0.6234 -0.7650
vn 0.7395 0.4641 -0.4876
vn 0.7421 0.5032 -0.4429
vn 0.9668 -0.1373 0.2154
vn 0.9756 -0.0847 0.2023
vn 0.6681 -0.4658 0.5803
vn 0.6639 -0.5046 0.5519
vn 0.6616 -0.5118 0.5480
vn 0.6523 -0.4789 0.5876
vn 0.0456 -0.6189 0.7842
vn 0.0921 -0.7437 0.6622
vn -0.7417 -0.3848 0.5493
vn -0.7213 -0.5900 0.3628
vn -0.9892 0.1009 -0.1066
vn -0.9620 -0.0299 -0.2715
vn -0.7013 0.4372 -0.5631
vn -0.6662 0.3758 -0.6442
vn -0.6658 0.3832 -0.6401
vn -0.6925 0.4360 -0.5748
vn 0.2833 -0.7671 -0.5755
vn -0.1022 -0.1016 -0.9896
vn -0.4051 0.8542 -0.3260
vn -0.5136 0.8575 0.0309
vn -0.5046 0.8599 -0.0769
vn -0.4937 0.7207 -0.4867
vn -0.3441 0.5962 -0.7254
vn -0.2650 0.6416 -0.7198
vn -0.4463 0.4409 -0.7787
vn -0.4908 0.5735 -0.6560
vn 0.0675 -0.4488 -0.8911
vn -0.4400 0.4434 -0.7809
vn 0.2869 -0.9389 0.1905
vn 0.4719 0.3797 -0.7957
vn 0.1276 0.6091 0.7828
vn -0.7031 0.6701 0.2379
vn -0.2417 0.5721 0.7837
vn 0.4046 -0.8928 -0.1979
vn -0.2436 -0.4785 -0.8436
vn -0.0902 -0.4128 -0.9064
vn 0.3714 -0.9197 -0.1274
vn 0.2503 -0.9682 -0.0063
vn -0.4287 0.8964 -0.1128
vn -0.4003 0.9081 -0.1226
vn -0.4640 0.6442 -0.6081
vn -0.5573 0.6425 -0.5259
vn -0.5005 0.3300 -0.8003
vn -0.4318 0.3481 -0.8321
vn -0.4301 0.3349 -0.8383
vn -0.5068 0.3326 -0.7953
vn 0.4613 -0.7972 0.3895
vn 0.4376 -0.7327 0.5212
vn 0.2741 -0.4643 0.8422
vn 0.2560 -0.4689 0.8454
vn 0.0595 0.5349 0.8428
vn -0.1252 -0.9844 0.1240
vn -0.3951 -0.4858 -0.7797
vn -0.2539 -0.4793 -0.8401
vn 0.1027 -0.9896 0.1008
vn -0.2161 0.7637 -0.6083
vn -0.1888 0.9817 -0.0242
vn -0.2925 0.9537 -0.0704
vn -0.3828 0.6905 -0.6137
vn -0.3620 0.3784 -0.8519
vn -0.2785 0.3885 -0.8784
vn -0.2795 0.3863 -0.8790
vn -0.3467 0.3606 -0.8659
vn 0.0657 -0.7692 0.6357
vn 0.2557 -0.7386 0.6238
vn 0.4002 -0.3478 0.8479
vn 0.1701 -0.3673 0.9144
vn 0.1707 -0.3585 0.9178
vn 0.3673 -0.2856 0.8852
vn 0.1494 0.5970 0.7882
vn 0.0967 0.5246 0.8459
vn 0.4688 -0.3810 0.7969
vn 0.4838 -0.3648 0.7955
vn 0.0331 -0.0920 0.9952
vn 0.0657 -0.1787 0.9817
vn 0.6817 -0.4425 0.5826
vn 0.8606 -0.4789 -0.1734
vn 0.4246 -0.3230 -0.8458
vn -0.1799 -0.0695 -0.9812
vn -0.1958 -0.0378 -0.9799
vn -0.7093 0.3351 -0.6202
vn -0.8696 0.4933 0.0181
vn -0.5379 0.2523 0.8043
vn 0.0786 -0.1644 0.9833
vn 0.8177 -0.1822 0.5461
vn 0.9896 -0.0998 -0.1034
vn 0.6417 -0.0642 -0.7643
vn -0.0881 0.0099 -0.9961
vn -0.2023 0.0170 -0.9792
vn -0.7147 0.4635 -0.5239
vn -0.7399 0.6717 0.0374
vn -0.5262 0.4210 0.7388
vn 0.1406 -0.0966 0.9853
vn 0.5895 0.4631 0.6619
vn 0.7515 0.2805 0.5971
vn 0.9075 0.4184 -0.0379
vn 0.7909 0.6099 -0.0507
vn 0.5989 0.3333 -0.7282
vn 0.4334 0.4644 -0.7723
vn -0.0696 -0.0268 -0.9972
vn -0.1384 0.0529 -0.9890
vn -0.1874 -0.0055 -0.9823
vn -0.2048 -0.0073 -0.9788
vn -0.8142 0.0269 -0.5799
vn -0.5844 -0.5866 -0.5607
vn -0.9994 -0.0344 -0.0024
vn -0.5475 -0.8326 -0.0841
vn -0.5278 0.1118 0.8419
vn -0.4775 -0.5383 0.6944
vn 0.1530 0.0626 0.9862
vn 0.0328 0.0794 0.9963
vn 0.5352 0.3881 0.7502
vn 0.5514 0.4431 0.7069
vn 0.7702 0.6355 -0.0543
vn 0.7713 0.6361 -0.0221
vn 0.4087 0.4305 -0.8048
vn 0.4377 0.3756 -0.8169
vn -0.0949 0.0035 -0.9955
vn -0.0208 -0.0602 -0.9980
vn -0.0242 -0.0672 -0.9974
vn -0.1088 -0.0217 -0.9938
vn -0.4357 -0.6120 -0.6600
vn -0.3643 -0.5573 -0.7461
vn -0.4770 -0.8734 -0.0985
vn -0.4804 -0.8723 -0.0914
vn -0.3338 -0.5709 0.7501
vn -0.2343 -0.5627 0.7928
vn 0.0613 0.0108 0.9981
vn 0.1238 -0.0514 0.9910
vn 0.5332 0.3587 0.7662
vn 0.7182 0.6952 0.0303
vn 0.4228 0.4398 -0.7923
vn -0.0573 -0.0308 -0.9979
vn -0.0577 -0.0284 -0.9979
vn -0.4638 -0.4573 -0.7588
vn -0.6137 -0.7665 -0.1895
vn -0.2411 -0.6294 0.7387
vn 0.1955 -0.1172 0.9737
vn 0.5280 0.3094 0.7909
vn 0.6596 0.7367 0.1488
vn 0.3909 0.6078 -0.6912
vn -0.0616 0.0801 -0.9949
vn -0.0653 0.0959 -0.9932
vn -0.5184 -0.4457 -0.7298
vn -0.6808 -0.7125 -0.1699
vn -0.2841 -0.5929 0.7535
vn 0.1874 -0.1669 0.9680
vn 0.4726 0.3412 0.8126
vn 0.5786 0.7672 0.2770
vn 0.3754 0.7522 -0.5416
vn -0.0589 0.1711 -0.9835
vn -0.0256 0.2504 -0.9678
vn -0.4453 -0.5403 -0.7140
vn -0.5682 -0.7830 -0.2530
vn -0.2691 -0.7192 0.6405
vn 0.1501 -0.1407 0.9786
vn -0.6292 -0.0462 -0.7759
vn 0.0547 0.2267 -0.9724
vn 0.0865 0.2052 -0.9749
vn -0.6057 -0.0595 -0.7935
vn -0.9137 -0.3224 -0.2474
vn -0.9153 -0.3305 -0.2302
vn -0.8205 -0.4749 0.3181
vn -0.7966 -0.5187 0.3106
vn -0.7930 -0.5212 0.3155
vn -0.8355 -0.4453 0.3219
vn -0.5616 -0.5123 0.6497
vn -0.5194 -0.5923 0.6159
vn 0.5118 -0.3956 0.7626
vn -0.0017 -0.5673 0.8235
vn -0.0664 -0.4938 0.8670
vn 0.4516 -0.3354 0.8268
vn 0.9905 0.1302 -0.0445
vn 0.8762 -0.1421 0.4604
vn 0.8281 -0.0940 0.5527
vn 0.9839 0.1786 -0.0068
vn 0.8597 0.2759 -0.4299
vn 0.8589 0.2682 -0.4362
vn 0.8580 0.2704 -0.4367
vn 0.8617 0.2910 -0.4157
vn 0.5970 0.3003 -0.7439
vn 0.5877 0.3133 -0.7460
vn -0.6735 0.0618 -0.7366
vn 0.0068 0.3214 -0.9469
vn -0.9462 -0.2400 -0.2170
vn -0.8155 -0.4760 0.3293
vn -0.8123 -0.4806 0.3304
vn -0.5148 -0.5791 0.6322
vn 0.5365 -0.4212 0.7313
vn 0.0303 -0.5760 0.8169
vn 0.9929 0.1112 -0.0424
vn 0.8770 -0.1860 0.4431
vn 0.8585 0.2843 -0.4269
vn 0.8573 0.2834 -0.4298
vn 0.5645 0.3691 -0.7383
vn -0.7030 0.1564 -0.6938
vn 0.0035 0.4065 -0.9137
vn -0.9683 -0.1927 -0.1591
vn -0.8129 -0.4551 0.3634
vn -0.8069 -0.4650 0.3643
vn -0.4915 -0.5697 0.6587
vn 0.5440 -0.4122 0.7308
vn 0.0575 -0.5608 0.8259
vn 0.9952 0.0951 -0.0212
vn 0.8705 -0.1922 0.4531
vn 0.8728 0.2788 -0.4006
vn 0.8675 0.2890 -0.4048
vn 0.5744 0.4081 -0.7096
vn 0.1936 0.3557 0.9143
vn 0.4223 0.7328 -0.5335
vn -0.2723 0.8376 -0.4736
vn -0.6781 0.7049 -0.2079
vn -0.9323 0.3596 -0.0377
vn -0.7966 -0.5740 0.1898
vn -0.9059 -0.3121 0.2862
vn -0.7189 -0.5695 0.3986
vn -0.7658 -0.4956 0.4097
vn -0.8334 -0.3845 0.3969
vn -0.4995 -0.4199 0.7578
vn -0.4792 -0.3177 0.8182
vn 0.3946 0.2021 0.8963
vn 0.0122 -0.0278 0.9995
vn 0.0597 -0.2782 0.9587
vn 0.4917 -0.0783 0.8672
vn 0.8889 0.4416 0.1221
vn 0.6888 0.3569 0.6310
vn 0.8011 0.0878 0.5921
vn 0.9714 0.2307 0.0563
vn 0.8800 0.2920 -0.3746
vn 0.8539 0.3633 -0.3727
vn 0.8171 0.3931 -0.4216
vn 0.8368 0.3092 -0.4518
vn 0.3856 0.6367 -0.6677
vn 0.4904 0.5469 -0.6785
vn -0.1175 -0.8530 -0.5085
vn 0.4182 -0.4523 -0.7877
vn 0.5948 -0.5834 -0.5531
vn 0.2344 -0.9683 -0.0865
vn -0.3654 -0.9285 0.0658
vn -0.4817 -0.8761 -0.0194
vn -0.7148 -0.5100 0.4784
vn -0.6681 -0.5476 0.5037
vn -0.6567 -0.5397 0.5267
vn -0.7361 -0.4954 0.4613
vn -0.5829 -0.1534 0.7980
vn -0.6030 -0.1373 0.7858
vn 0.0526 0.6872 0.7245
vn -0.3033 0.3781 0.8747
vn -0.2149 0.2817 0.9351
vn 0.1731 0.5627 0.8084
vn 0.7107 0.7027 -0.0323
vn 0.3883 0.8087 0.4418
vn 0.4966 0.6963 0.5182
vn 0.7582 0.6513 0.0302
vn 0.7859 0.4551 -0.4186
vn 0.8020 0.4287 -0.4159
vn 0.8013 0.4254 -0.4206
vn 0.7833 0.4442 -0.4348
vn 0.7304 0.0336 -0.6822
vn 0.7328 0.0458 -0.6789
vn -0.0895 -0.8454 -0.5266
vn 0.3972 -0.4334 -0.8089
vn -0.4193 -0.9079 -0.0021
vn -0.5607 -0.6102 0.5597
vn -0.5648 -0.5650 0.6015
vn -0.5386 -0.1265 0.8330
vn 0.0040 0.7309 0.6825
vn -0.2911 0.4181 0.8605
vn 0.6443 0.7610 -0.0764
vn 0.3121 0.8603 0.4031
vn 0.7555 0.4752 -0.4509
vn 0.7606 0.4692 -0.4487
vn 0.6988 0.0772 -0.7112
vn 0.0507 -0.8599 -0.5080
vn 0.4090 -0.4429 -0.7978
vn -0.3604 -0.9327 0.0125
vn -0.4908 -0.6714 0.5552
vn -0.4889 -0.5836 0.6484
vn -0.5077 -0.1042 0.8552
vn 0.0095 0.7523 0.6588
vn -0.2523 0.4463 0.8586
vn 0.5633 0.8143 -0.1400
vn 0.2588 0.8969 0.3585
vn 0.6889 0.5185 -0.5065
vn 0.6920 0.5150 -0.5059
vn 0.6632 0.1079 -0.7406
vn 0.2451 -0.7132 -0.6567
vn 0.5866 -0.2851 -0.7580
vn 0.4770 -0.4109 -0.7769
vn 0.2243 -0.8089 -0.5435
vn -0.4315 -0.9020 -0.0117
vn -0.4488 -0.8686 -0.2100
vn -0.4699 -0.7369 0.4859
vn -0.5168 -0.7629 0.3885
vn -0.7916 -0.0748 0.6064
vn -0.4787 -0.5515 0.6832
vn -0.5469 -0.0788 0.8335
vn -0.4761 0.0586 0.8775
vn -0.1200 0.9459 0.3013
vn -0.3087 0.7043 0.6392
vn -0.1975 0.4339 0.8791
vn 0.0400 0.7911 0.6104
vn 0.1599 0.9525 -0.2592
vn -0.0907 0.9937 0.0657
vn 0.1747 0.9428 0.2838
vn 0.4427 0.8822 -0.1607
vn 0.6064 0.6602 -0.4431
vn 0.6684 0.5593 -0.4904
vn 0.6875 0.1406 -0.7125
vn 0.7352 0.2237 -0.6399
vn -0.1628 0.5775 -0.8000
vn -0.7384 0.4721 -0.4815
vn -0.9805 -0.0853 -0.1771
vn -0.8436 -0.4000 0.3581
vn -0.8231 -0.4229 0.3790
vn -0.5247 -0.4652 0.7129
vn 0.0285 -0.3707 0.9283
vn 0.5095 -0.1969 0.8376
vn 0.8412 -0.0354 0.5395
vn 0.9922 0.1247 -0.0083
vn 0.8932 0.2438 -0.3779
vn 0.8682 0.2598 -0.4227
vn 0.4995 0.4218 -0.7567
vn 0.4480 0.0936 -0.8891
vn 0.8269 0.1160 -0.5502
vn 0.7474 0.1006 -0.6568
vn 0.3245 0.0446 -0.9448
vn 0.8214 -0.5577 0.1190
vn 0.6883 -0.6771 0.2602
vn 0.4780 -0.8768 -0.0518
vn 0.4633 -0.8861 -0.0104
vn 0.9813 -0.1899 0.0299
vn 0.9848 -0.1495 0.0882
vn 0.9841 -0.1747 0.0327
vn 0.9898 0.1390 0.0327
vn 0.9324 0.1611 -0.3236
vn 0.9744 0.0652 -0.2154
vn 0.5159 0.2412 -0.8220
vn 0.8426 0.0942 -0.5302
vn 0.8936 -0.2427 0.3775
vn 0.6681 -0.3547 0.6541
vn 0.9803 -0.1837 0.0728
vn 0.9756 -0.2073 0.0724
vn 0.9790 -0.0670 -0.1924
vn 0.5012 0.3014 -0.8111
vn 0.8304 0.1106 -0.5461
vn 0.8770 -0.1282 0.4631
vn 0.6438 -0.0807 0.7610
vn 0.9800 -0.1556 0.1241
vn 0.9822 -0.1463 0.1180
vn 0.9758 -0.0673 -0.2081
vn 0.5022 0.3284 -0.8000
vn 0.8278 0.0992 -0.5521
vn 0.8813 -0.2175 0.4195
vn 0.6619 -0.1833 0.7269
vn 0.9977 -0.0223 0.0644
vn 0.9920 -0.0581 0.1121
vn 0.9820 -0.0459 -0.1831
vn 0.4806 0.2973 -0.8250
vn 0.8069 0.0216 -0.5902
vn 0.8964 -0.1869 0.4020
vn 0.6781 -0.3713 0.6343
vn 0.9918 -0.1273 -0.0138
vn 0.9880 0.0131 0.1537
vn 0.9679 -0.1770 -0.1783
vn 0.4470 0.3123 -0.8382
vn 0.6865 0.1365 -0.7142
vn 0.9429 -0.1550 0.2949
vn 0.7489 -0.2617 0.6088
vn 0.9912 -0.0584 -0.1191
vn 0.9518 -0.1744 0.2523
vn 0.8449 -0.1067 -0.5242
vn 0.3654 0.4927 -0.7898
vn 0.6000 0.2522 -0.7592
vn 0.8939 -0.2127 0.3946
vn 0.7711 -0.2040 0.6031
vn 0.8962 -0.3290 0.2976
vn 0.9904 -0.0992 0.0963
vn 0.9563 -0.2913 0.0250
vn 0.2162 -0.7189 -0.6606
vn 0.8863 -0.3923 0.2460
vn 0.7954 -0.0539 0.6037
vn 0.9163 -0.3117 0.2514
vn 0.0366 -0.0401 -0.9985
vn 0.2904 0.7692 -0.5691
vn 0.5378 0.7637 -0.3572
vn 0.5583 0.5178 -0.6483
vn 0.3396 0.5316 -0.7759
vn 0.6636 0.1357 0.7357
vn 0.4963 0.1212 0.8597
vn 0.5782 0.0111 0.8158
vn 0.8238 -0.2513 0.5081
vn 0.2572 0.9023 -0.3459
vn 0.4243 0.8857 -0.1882
vn 0.5823 0.4084 0.7030
vn 0.2816 0.2462 0.9274
vn 0.7151 0.5953 0.3665
vn 0.7046 0.6236 0.3387
vn 0.6019 0.5455 0.5833
vn 0.4476 0.4908 0.7475
vn 0.5535 0.8312 -0.0532
vn 0.5512 0.8311 0.0735
vn 0.2843 0.7962 -0.5341
vn 0.4715 0.7529 -0.4592
vn 0.5575 0.6172 0.5553
vn 0.4237 0.3518 0.8347
vn 0.6235 0.7616 0.1764
vn 0.5461 0.7863 0.2890
vn 0.5411 0.8228 -0.1739
vn 0.2777 -0.2383 -0.9306
vn 0.7519 0.0246 -0.6589
vn 0.6181 -0.1309 -0.7752
vn 0.1840 -0.4871 -0.8538
vn 0.0608 0.3735 -0.9257
vn -0.0076 -0.3128 -0.9498
vn -0.2530 -0.3107 -0.9162
vn 0.1017 -0.5642 -0.8194
vn -0.0801 0.3372 -0.9380
vn -0.6319 0.5548 -0.5412
vn -0.7109 0.1661 -0.6834
vn -0.3468 -0.4591 -0.8179
vn -0.6287 0.6264 -0.4608
vn -0.4796 0.7669 -0.4265
vn 0.7184 0.6330 -0.2884
vn 0.3984 0.8031 -0.4431
vn 0.8070 0.2231 -0.5468
vn 0.9164 0.2240 -0.3318
vn 0.6808 -0.1830 0.7092
vn 0.4817 0.3150 -0.8178
vn 0.2862 0.4363 -0.8531
vn 0.4257 0.3791 0.8216
vn 0.5138 0.8494 0.1207
vn 0.5615 -0.4152 0.7158
vn 0.7370 0.4585 0.4966
vn 0.7583 -0.6465 0.0838
vn -0.6916 -0.6888 -0.2174
vn -0.1989 -0.7695 -0.6068
vn -0.1970 0.5089 -0.8380
vn -0.2138 -0.7795 -0.5887
vn 0.2634 0.6540 -0.7092
vn 0.1248 0.7939 -0.5950
vn 0.3087 0.9023 -0.3011
vn 0.7132 0.6863 0.1426
vn 0.6214 0.6212 -0.4775
vn 0.4588 0.8132 -0.3582
vn 0.2532 0.0602 -0.9655
vn -0.4107 -0.0176 -0.9116
vn -0.4839 -0.1526 -0.8617
vn 0.1533 0.0076 -0.9882
vn -0.4104 -0.0058 -0.9119
vn -0.8544 -0.0265 -0.5189
vn -0.9306 -0.1390 -0.3385
vn -0.5183 -0.1338 -0.8447
vn -0.9987 0.0233 0.0442
vn -0.9694 0.0218 0.2444
vn 0.8848 0.1560 -0.4390
vn 0.6852 0.1440 -0.7140
vn 0.6434 0.1517 -0.7504
vn 0.8743 0.2021 -0.4413
vn -0.9643 0.2084 0.1633
vn -0.8848 0.2715 0.3787
vn -0.7237 0.6521 0.2259
vn -0.8747 0.4436 0.1952
vn 0.2262 0.4650 0.8559
vn 0.1041 0.9381 0.3303
vn -0.1587 0.9291 0.3340
vn -0.3138 0.4331 0.8449
vn 0.9552 0.2898 0.0598
vn 0.7372 0.6742 -0.0443
vn 0.5152 0.8500 0.1099
vn 0.8467 0.3457 0.4043
vn -0.3582 -0.3297 -0.8735
vn 0.2849 -0.4597 -0.8411
vn -0.7480 -0.5031 -0.4329
vn -0.3568 -0.3265 -0.8753
vn -0.8245 -0.5633 0.0542
vn -0.5543 -0.8077 0.2011
vn -0.5505 -0.7554 0.3555
vn 0.2287 -0.4123 0.8819
vn -0.2750 -0.4913 0.8265
vn 0.6397 -0.7545 0.1469
vn 0.7057 -0.5773 0.4108
vn 0.5980 -0.6047 -0.5260
vn 0.7268 -0.6265 -0.2814
vn 0.5540 0.4246 -0.7161
vn 0.8035 0.4377 -0.4034
vn 0.8073 0.4096 -0.4250
vn 0.9127 0.4032 0.0666
vn 0.7217 0.2836 0.6315
vn 0.3379 0.1326 0.9318
vn -0.2326 -0.0700 0.9701
vn -0.7099 -0.1947 0.6769
vn -0.9248 -0.2389 0.2962
vn -0.9150 -0.2403 0.3240
vn -0.9279 -0.1734 -0.3299
vn -0.5291 0.0629 -0.8462
vn 0.1142 0.3051 -0.9455
vn -0.7408 0.5109 0.4361
vn -0.7482 0.2551 0.6125
vn -0.8865 0.1789 0.4267
vn -0.9486 0.1499 0.2787
vn 0.0758 0.8845 0.4604
vn 0.2610 0.4971 0.8275
vn -0.2650 0.4200 0.8680
vn -0.2357 0.8533 0.4651
vn 0.7614 0.6327 0.1416
vn 0.9459 0.3203 0.0508
vn 0.6878 0.4473 0.5716
vn 0.3604 0.8664 0.3456
vn 0.9406 0.3015 -0.1564
vn 0.9634 0.1751 -0.2029
vn -0.5992 -0.7645 0.2377
vn 0.6146 -0.7861 -0.0658
vn -0.5612 0.7940 0.2336
vn 0.0239 0.9924 0.1205
vn -0.1075 0.9834 0.1465
vn 0.5273 0.8493 0.0232
vn 0.1699 0.9804 0.0992
vn 0.8317 0.5505 -0.0729
vn 0.9630 0.2171 -0.1599
vn 0.5933 -0.8049 -0.0127
vn -0.4198 0.8620 0.2841
vn 0.3017 0.9234 0.2372
vn 0.0217 -0.9950 0.0972
vn -0.5515 -0.7529 0.3591
vn -0.5360 -0.8207 0.1977
vn 0.0302 -0.9945 0.1008
vn -0.5610 -0.7956 0.2287
vn 0.0398 -0.9951 0.0900
vn -0.8067 -0.5893 0.0451
vn 0.0452 -0.9940 0.0994
vn -0.7526 -0.4899 -0.4400
vn 0.0480 -0.9936 0.1027
vn -0.3599 -0.2924 -0.8860
vn 0.0169 -0.9967 0.0795
vn 0.2279 -0.4190 0.8789
vn -0.2740 -0.4969 0.8234
vn -0.4372 -0.6006 0.6694
vn 0.2826 -0.4322 -0.8563
vn 0.6114 -0.5808 -0.5375
vn 0.7375 -0.6095 -0.2910
vn 0.6302 -0.7737 -0.0658
vn 0.5979 -0.8015 -0.0128
vn 0.6389 -0.7546 0.1496
vn 0.6313 -0.4969 0.5954
vn 0.7026 -0.5818 0.4097
vn 0.6878 0.4047 0.6026
vn 0.6339 -0.4911 0.5974
vn -0.5798 0.3633 0.7293
vn -0.4395 -0.5971 0.6710
vn 0.5153 -0.7729 0.3703
vn 0.1151 -0.8375 0.5341
vn 0.1013 -0.9827 -0.1553
vn 0.3305 -0.9130 -0.2392
vn 0.4452 -0.3418 0.8276
vn 0.0824 -0.3387 0.9373
vn 0.4274 -0.0982 0.8987
vn 0.1372 -0.1491 0.9793
vn 0.4612 -0.1413 0.8760
vn 0.1788 -0.1559 0.9714
vn 0.3653 -0.4081 0.8367
vn 0.1079 -0.3441 0.9327
vn 0.3604 -0.2852 0.8881
vn 0.0634 -0.2093 0.9758
vn 0.3780 -0.1250 0.9173
vn 0.0256 -0.0244 0.9994
vn 0.1749 0.2724 0.9461
vn -0.0178 0.3256 0.9453
vn -0.0329 0.1945 0.9803
vn 0.2163 0.1547 0.9640
vn 0.1078 0.1886 0.9761
vn 0.0137 0.1789 0.9838
vn 0.2179 0.1437 0.9653
vn 0.1877 -0.0415 0.9813
vn -0.0433 -0.0629 0.9971
vn 0.3009 -0.0932 0.9491
vn 0.0636 -0.8337 -0.5485
vn -0.7961 0.3194 -0.5140
vn 0.4262 -0.5595 -0.7109
vn 0.4773 0.0561 0.8769
vn -0.0111 0.1046 -0.9945
vn 0.3837 0.0848 -0.9196
vn 0.7537 0.0393 -0.6561
vn 0.9399 -0.0128 -0.3413
vn 0.9994 -0.0108 -0.0329
vn 0.8937 0.0555 0.4452
vn 0.7022 0.0388 0.7109
vn 0.2027 0.0945 0.9747
vn 0.4718 0.0853 0.8775
vn 0.5320 0.1751 0.8285
vn 0.8884 0.1264 0.4414
vn 0.9949 0.0991 0.0209
vn 0.9032 0.1894 -0.3852
vn 0.6536 0.3285 -0.6818
vn 0.2746 0.4439 -0.8529
vn 0.2346 0.9719 -0.0184
vn 0.2262 0.7579 -0.6119
vn -0.0358 0.2961 -0.9545
vn 0.0564 0.3751 -0.9253
vn -0.3256 -0.6134 -0.7196
vn -0.2671 -0.9392 -0.2159
vn -0.0922 -0.6402 0.7626
vn 0.1351 -0.1478 0.9797
vn 0.1104 0.5437 0.8320
vn 0.0696 0.2218 -0.9726
vn 0.0191 0.2133 -0.9768
vn -0.6870 0.0196 -0.7264
vn -0.6643 0.0332 -0.7467
vn -0.9492 -0.2384 -0.2054
vn -0.8126 -0.4537 0.3658
vn -0.7987 -0.4802 0.3625
vn -0.5285 -0.5144 0.6753
vn 0.0187 -0.4478 0.8939
vn 0.5192 -0.2924 0.8031
vn 0.8569 -0.1222 0.5007
vn 0.9974 0.0602 -0.0405
vn 0.8919 0.1338 -0.4319
vn 0.8806 0.1253 -0.4570
vn 0.8687 0.1517 -0.4715
vn 0.8819 0.1459 -0.4483
vn 0.5881 0.2149 -0.7797
vn 0.6182 0.2164 -0.7557
vn 0.4254 0.8719 0.2425
vn 0.3752 0.8669 0.3283
vn 0.3573 0.8503 0.3865
vn 0.1556 0.8964 0.4149
vn 0.1647 0.9058 0.3904
vn 0.1684 0.9112 0.3760
vn -0.5809 0.7179 0.3837
vn -0.6196 0.7549 0.2151
vn -0.5092 0.7278 0.4593
vn -0.4084 0.8188 0.4035
vn -0.0553 0.7970 0.6015
vn -0.0646 0.8005 0.5959
vn -0.0316 0.7068 0.7067
vn -0.0259 0.6470 0.7621
vn 0.5910 0.4647 -0.6594
vn 0.5909 0.4613 -0.6619
vn 0.5910 0.4667 -0.6579
vn 0.6225 0.4514 -0.6393
vn 0.6225 0.4498 -0.6405
vn 0.6225 0.4529 -0.6382
vn 0.1171 0.9900 0.0792
vn 0.1124 0.9897 0.0887
vn -0.0122 0.9955 0.0940
vn -0.0256 0.9942 0.1040
vn -0.0788 0.9968 0.0155
vn -0.0780 0.9968 0.0154
vn -0.0775 0.9969 0.0154
vn -0.0758 0.9971 0.0110
vn -0.0770 0.9970 0.0111
vn -0.0777 0.9969 0.0111
vn 0.1617 0.9789 -0.1248
vn -0.1097 0.9758 0.1890
vn -0.1194 0.9774 0.1745
vn -0.1187 0.9775 0.1742
vn -0.0276 0.9960 0.0852
vn -0.0339 0.5556 0.8307
vn -0.0541 0.4906 0.8697
vn -0.0759 0.5188 0.8515
vn -0.0677 0.5821 0.8103
vn -0.4942 -0.0288 0.8688
vn -0.4696 0.0447 0.8817
vn -0.4424 0.1059 0.8905
vn 0.2213 -0.0982 0.9702
vn 0.2120 -0.1869 0.9592
vn 0.1795 -0.2548 0.9502
vn -0.0603 0.8453 0.5308
vn -0.0625 0.8442 0.5324
vn -0.2388 0.7743 0.5861
vn -0.2330 0.7772 0.5845
vn -0.0309 0.9171 0.3975
vn -0.0334 0.9182 0.3948
vn -0.1335 0.9486 0.2870
vn -0.1393 0.9476 0.2874
vn -0.1981 0.9286 0.3139
vn -0.2009 0.9269 0.3169
vn -0.1222 0.9415 0.3139
vn -0.1206 0.9426 0.3114
vn -0.2301 0.8979 0.3753
vn -0.2283 0.8979 0.3763
vn -0.2329 0.9007 0.3669
vn -0.2321 0.9009 0.3667
vn -0.2859 0.8845 0.3687
vn -0.2924 0.8842 0.3644
vn -0.2273 0.8955 0.3825
vn -0.2259 0.8969 0.3802
vn -0.3429 0.8421 0.4163
vn -0.3495 0.8391 0.4168
vn -0.3560 0.7892 0.5005
vn -0.3633 0.7856 0.5008
vn -0.3581 0.8427 0.4021
vn -0.3533 0.8464 0.3984
vn -0.7541 -0.5574 0.3474
vn -0.7633 -0.5474 0.3432
vn -0.6982 -0.6492 0.3018
vn -0.4648 0.6643 0.5853
vn -0.6925 -0.6648 0.2802
vn -0.6246 -0.7501 0.2174
vn -0.6164 -0.7566 0.2184
vn -0.6075 -0.7584 0.2361
vn -0.4239 -0.7219 0.5469
vn -0.5704 -0.7817 0.2522
vn -0.5623 -0.8019 0.2018
vn -0.5764 -0.7922 0.2002
vn -0.4941 -0.8229 0.2805
vn 0.1402 -0.8509 -0.5063
vn -0.4671 -0.8286 0.3086
vn -0.5044 -0.8533 0.1320
vn -0.5049 -0.8523 0.1366
vn -0.4231 -0.8923 0.1572
vn 0.9017 0.2382 0.3609
vn -0.4273 -0.8901 0.1586
vn -0.3684 0.6536 0.6612
vn -0.3616 0.6541 0.6644
vn -0.6036 0.6111 0.5121
vn -0.6023 0.6110 0.5137
vn -0.8075 0.5762 -0.1259
vn -0.8106 0.5721 -0.1249
vn -0.7030 0.6945 -0.1532
vn -0.7020 0.6969 -0.1466
vn -0.8508 0.5139 0.1092
vn -0.8519 0.5137 0.1019
vn -0.7752 0.5227 0.3547
vn -0.7819 0.5181 0.3466
vn -0.8505 0.5147 0.1085
vn -0.8501 0.5136 0.1161
vn -0.0626 0.9917 -0.1123
vn -0.0677 0.9914 -0.1119
vn -0.1156 0.9920 -0.0509
vn -0.1453 0.9882 -0.0483
vn -0.6911 0.7155 -0.1028
vn -0.6878 0.7192 -0.0983
vn -0.6835 0.7231 -0.0994
vn -0.6954 0.7037 -0.1459
vn 0.4846 0.8681 0.1079
vn 0.5857 0.8098 0.0345
vn 0.5011 0.8649 -0.0283
vn 0.4403 0.8933 0.0899
vn 0.5212 0.8369 0.1673
vn 0.7061 0.7080 0.0084
vn 0.4858 0.8717 -0.0646
vn 0.4213 0.9033 0.0804
vn -0.5827 -0.8003 0.1413
vn -0.5835 -0.7980 0.1506
vn 0.4283 0.9006 0.0739
vn -0.3066 -0.0214 -0.9516
vn -0.4638 -0.0324 -0.8854
vn -0.7355 -0.1196 -0.6668
vn -0.7355 -0.1197 -0.6668
vn -0.7356 -0.1196 -0.6668
vn -0.3139 -0.0843 -0.9457
vn -0.4403 -0.1182 -0.8900
vn 0.7017 0.1750 -0.6907
vn -0.7393 -0.1530 -0.6557
vn -0.7394 -0.1530 -0.6557
vn -0.7435 -0.1436 -0.6531
vn -0.7432 -0.1435 -0.6535
vn -0.7428 -0.1433 -0.6540
vn 0.0431 -0.9818 0.1848
vn 0.0611 -0.9767 0.2055
vn 0.5821 0.0703 0.8101
vn 0.7355 0.1196 0.6668
vn 0.7355 0.1197 0.6669
vn 0.5741 -0.5326 0.6219
vn 0.5723 -0.5345 0.6219
vn 0.5692 -0.5392 0.6207
vn 0.5679 -0.5381 0.6228
vn 0.3436 0.0922 0.9346
vn 0.3835 0.1029 0.9178
vn 0.7430 0.1520 0.6518
vn 0.5731 0.0988 0.8135
vn 0.7425 0.1522 0.6523
vn 0.7411 0.1442 0.6557
vn 0.7405 0.1447 0.6563
vn 0.7401 0.1450 0.6566
vn 0.4300 -0.8745 0.2244
vn -0.3685 0.3910 -0.8434
vn -0.1852 0.8122 -0.5532
vn 0.0276 0.9882 -0.1509
vn -0.4330 0.0056 -0.9014
vn -0.4219 -0.3414 -0.8399
vn -0.3941 -0.4575 -0.7971
vn -0.3268 -0.4409 -0.8359
vn -0.2997 -0.9503 0.0838
vn 0.8190 -0.3872 0.4234
vn 0.7026 -0.3484 -0.6204
vn 0.1363 -0.7124 0.6884
vn -0.0703 -0.7485 -0.6594
vn -0.0457 0.2029 -0.9781
vn 0.1795 0.5347 -0.8257
vn 0.2035 -0.0261 0.9787
vn 0.1712 -0.3504 0.9208
vn 0.6671 -0.3516 0.6568
vn 0.6315 -0.0187 0.7751
vn 0.1508 0.2193 0.9639
vn 0.6085 0.1415 0.7808
vn 0.0209 0.3309 0.9434
vn 0.5382 0.1474 0.8298
vn 0.0102 0.7623 0.6471
vn -0.1178 0.3625 0.9245
vn 0.3719 0.2275 0.9000
vn 0.4400 0.6266 0.6432
vn 0.1533 0.9662 0.2071
vn 0.5329 0.8269 0.1797
vn 0.0808 0.9745 -0.2092
vn 0.4579 0.8649 -0.2056
vn 0.0502 0.8937 -0.4459
vn 0.4349 0.7823 -0.4460
vn 0.0666 0.6480 -0.7587
vn 0.4021 0.4981 -0.7682
vn 0.0141 0.5540 -0.8324
vn 0.4712 0.3780 -0.7970
vn 0.0179 0.3851 -0.9227
vn 0.5219 0.2578 -0.8131
vn -0.5319 -0.5072 0.6781
vn -0.0912 -0.5857 0.8054
vn -0.5019 -0.4290 0.7510
vn -0.0325 -0.6255 0.7795
vn 0.0077 -0.5501 0.8351
vn -0.5393 -0.4762 0.6946
vn 0.0212 -0.6893 0.7242
vn -0.4281 -0.7919 0.4355
vn -0.0316 -0.9203 0.3899
vn -0.5172 -0.8361 0.1829
vn -0.1288 -0.9743 0.1849
vn -0.6259 -0.7601 -0.1746
vn -0.0876 -0.9539 -0.2869
vn -0.5808 -0.5488 -0.6012
vn 0.0264 -0.7379 -0.6744
vn -0.5128 -0.1916 -0.8369
vn 0.1143 -0.3610 -0.9255
vn -0.6392 -0.0873 -0.7641
vn -0.6100 -0.1722 -0.7735
vn -0.0210 -0.3240 -0.9458
vn -0.1300 -0.2656 -0.9553
vn -0.7080 0.0898 -0.7005
vn -0.1729 -0.0255 -0.9846
vn -0.6869 0.0649 -0.7238
vn -0.2746 0.1093 -0.9553
vn -0.2398 0.0765 -0.9678
vn -0.1675 -0.0250 -0.9855
vn -0.0958 -0.2733 -0.9571
vn 0.0055 -0.3335 -0.9427
vn 0.2314 -0.3909 -0.8909
vn 0.1782 -0.7556 -0.6304
vn 0.0628 -0.9633 -0.2610
vn 0.0163 -0.9852 0.1705
vn 0.0385 -0.9194 0.3914
vn 0.0620 -0.6892 0.7220
vn -0.0286 -0.5523 0.8332
vn -0.8446 -0.1269 0.5201
vn -0.5248 -0.2369 0.8176
vn -0.3661 0.1629 0.9162
vn -0.6869 0.1795 0.7042
vn -0.3754 0.3591 0.8545
vn -0.7481 0.4056 0.5251
vn -0.2537 0.4245 0.8691
vn -0.6857 0.4462 0.5750
vn -0.5376 0.4636 0.7043
vn -0.1778 0.3991 0.8995
vn 0.1058 0.7741 0.6242
vn -0.3163 0.7776 0.5433
vn 0.2273 0.9383 0.2608
vn -0.1758 0.9791 0.1020
vn 0.4066 0.8955 -0.1812
vn 0.0247 0.9602 -0.2783
vn 0.4678 0.7904 -0.3955
vn 0.0563 0.8764 -0.4782
vn 0.5125 0.5494 -0.6599
vn 0.0671 0.6314 -0.7725
vn 0.2839 0.5078 -0.8133
vn -0.4228 0.5129 -0.7471
vn 0.4233 0.3963 -0.8147
vn -0.2773 0.4476 -0.8501
vn 0.2120 -0.6231 0.7529
vn -0.1580 -0.5931 0.7895
vn -0.2039 -0.6035 0.7709
vn 0.3315 -0.6079 0.7215
vn -0.0238 -0.5932 0.8047
vn -0.0101 -0.6320 0.7749
vn -0.5440 -0.5071 0.6685
vn -0.0536 -0.8762 0.4789
vn -0.5112 -0.7761 0.3691
vn 0.0287 -0.9665 0.2551
vn -0.4383 -0.8850 0.1570
vn 0.3070 -0.9455 -0.1085
vn -0.3129 -0.9182 -0.2430
vn 0.5086 -0.7801 -0.3644
vn -0.0948 -0.7288 -0.6781
vn 0.7079 -0.4764 -0.5215
vn 0.1638 -0.3603 -0.9184
vn 0.1888 -0.4130 -0.8910
vn 0.7341 -0.4608 -0.4988
vn 0.7837 -0.3044 -0.5414
vn 0.2902 -0.3730 -0.8813
vn 0.8423 -0.1568 -0.5156
vn 0.2999 -0.1825 -0.9363
vn 0.8227 -0.1902 -0.5357
vn 0.4734 -0.0461 -0.8797
vn 0.4110 -0.0817 -0.9080
vn 0.1458 -0.1549 -0.9771
vn 0.3608 -0.3883 -0.8479
vn 0.2324 -0.4185 -0.8780
vn -0.1140 -0.2940 -0.9490
vn -0.3191 -0.6099 -0.7254
vn -0.3833 -0.8715 -0.3058
vn -0.4054 -0.8986 0.1677
vn -0.5145 -0.7737 0.3697
vn -0.4718 -0.5024 0.7246
vn 0.0499 -0.5557 0.8299
vt 0.103610 0.001680
vt 0.102840 0.006210
vt 0.098040 0.004210
vt 0.096310 0.000960
vt 0.111410 0.009490
vt 0.106750 0.011360
vt 0.112960 0.019220
vt 0.108500 0.016760
vt 0.096440 0.000000
vt 0.103720 0.000720
vt 0.097480 0.004950
vt 0.095480 0.001530
vt 0.102230 0.006990
vt 0.105980 0.011950
vt 0.104330 0.001030
vt 0.112090 0.008790
vt 0.112320 0.019960
vt 0.107760 0.017370
vt 0.112390 0.009410
vt 0.113890 0.018990
vt 0.129060 0.002560
vt 0.131070 0.007370
vt 0.126530 0.008130
vt 0.125820 0.000830
vt 0.134350 0.015940
vt 0.136210 0.011270
vt 0.141610 0.013020
vt 0.144080 0.017480
vt 0.125570 0.008240
vt 0.124850 0.000960
vt 0.126380 0.000000
vt 0.129810 0.002000
vt 0.131840 0.006760
vt 0.136800 0.010500
vt 0.133650 0.016620
vt 0.125880 0.008850
vt 0.142230 0.012280
vt 0.144810 0.016840
vt 0.143850 0.018410
vt 0.134260 0.016910
vt 0.349350 0.060320
vt 0.337060 0.070460
vt 0.319280 0.041850
vt 0.332340 0.033140
vt 0.300210 0.014830
vt 0.316700 0.004240
vt 0.582450 0.017320
vt 0.597830 0.029480
vt 0.576200 0.054500
vt 0.564050 0.044540
vt 0.555690 0.081220
vt 0.544460 0.069930
vt 0.531350 0.107850
vt 0.521730 0.094110
vt 0.501370 0.127910
vt 0.495540 0.113030
vt 0.471450 0.138710
vt 0.469180 0.123450
vt 0.443260 0.139190
vt 0.443940 0.125280
vt 0.415240 0.135950
vt 0.419000 0.120980
vt 0.386530 0.122260
vt 0.393790 0.108020
vt 0.358670 0.099350
vt 0.369590 0.086620
vt 0.387190 0.037760
vt 0.373240 0.045970
vt 0.362340 0.023910
vt 0.378830 0.019000
vt 0.356140 0.002140
vt 0.375100 0.000000
vt 0.524750 0.007370
vt 0.543420 0.011360
vt 0.535110 0.032420
vt 0.519180 0.025910
vt 0.522090 0.053300
vt 0.509020 0.043760
vt 0.505960 0.072540
vt 0.495630 0.059910
vt 0.486380 0.086350
vt 0.479860 0.072260
vt 0.465810 0.094300
vt 0.463000 0.079580
vt 0.445420 0.095340
vt 0.446110 0.081240
vt 0.425220 0.092310
vt 0.429460 0.077930
vt 0.405530 0.082370
vt 0.413410 0.068990
vt 0.387410 0.066700
vt 0.398930 0.055150
vt 0.401290 0.031140
vt 0.395320 0.015940
vt 0.393930 0.000390
vt 0.505980 0.005900
vt 0.503060 0.021250
vt 0.495640 0.035790
vt 0.485250 0.048810
vt 0.473180 0.059150
vt 0.460120 0.065540
vt 0.446800 0.067290
vt 0.433710 0.064240
vt 0.421340 0.056600
vt 0.410350 0.045120
vt 0.415430 0.026410
vt 0.411740 0.015280
vt 0.412180 0.004170
vt 0.487440 0.007880
vt 0.486790 0.018970
vt 0.482030 0.029690
vt 0.474820 0.039330
vt 0.466390 0.047120
vt 0.457120 0.052160
vt 0.447470 0.053630
vt 0.438010 0.051220
vt 0.429280 0.045300
vt 0.421650 0.036710
vt 0.430130 0.023820
vt 0.428520 0.017520
vt 0.429610 0.011740
vt 0.469360 0.013700
vt 0.469870 0.019550
vt 0.467650 0.025660
vt 0.463860 0.031340
vt 0.459170 0.035970
vt 0.453850 0.039090
vt 0.448140 0.039950
vt 0.442550 0.038530
vt 0.437560 0.034900
vt 0.433350 0.029840
vt 0.448900 0.024630
vt 0.319430 0.091710
vt 0.300360 0.066880
vt 0.282760 0.049040
vt 0.611840 0.065240
vt 0.592560 0.081270
vt 0.571150 0.104100
vt 0.544050 0.127000
vt 0.513790 0.149590
vt 0.478110 0.163940
vt 0.441780 0.169140
vt 0.406150 0.160390
vt 0.372040 0.142620
vt 0.344150 0.117160
vt 0.001810 0.034390
vt 0.007580 0.026440
vt 0.016120 0.025730
vt 0.015410 0.030180
vt 0.003340 0.028520
vt 0.005710 0.025340
vt 0.258190 0.016210
vt 0.257050 0.009130
vt 0.260730 0.000000
vt 0.262050 0.014260
vt 0.808030 0.000000
vt 0.808810 0.003630
vt 0.807810 0.009690
vt 0.804200 0.000530
vt 0.017800 0.026380
vt 0.018010 0.021600
vt 0.019250 0.022940
vt 0.253740 0.181820
vt 0.287320 0.179180
vt 0.287300 0.187700
vt 0.015860 0.031970
vt 0.002320 0.036170
vt 0.017930 0.026460
vt 0.017080 0.030090
vt 0.000000 0.034040
vt 0.001540 0.028080
vt 0.001940 0.027340
vt 0.004130 0.024340
vt 0.736880 0.117930
vt 0.732320 0.115620
vt 0.730960 0.113330
vt 0.737260 0.117290
vt 0.246150 0.003980
vt 0.246170 0.006780
vt 0.241770 0.006700
vt 0.241710 0.003780
vt 0.745250 0.090280
vt 0.740760 0.088030
vt 0.742440 0.086930
vt 0.745220 0.088840
vt 0.749090 0.085910
vt 0.747370 0.083700
vt 0.747360 0.082440
vt 0.750350 0.086280
vt 0.744320 0.082520
vt 0.741260 0.082280
vt 0.739720 0.080840
vt 0.743040 0.080460
vt 0.739350 0.084200
vt 0.741150 0.084510
vt 0.744920 0.122010
vt 0.747840 0.117650
vt 0.754110 0.117940
vt 0.749660 0.125710
vt 0.762770 0.122200
vt 0.760750 0.106140
vt 0.777040 0.111880
vt 0.772790 0.126360
vt 0.748160 0.088910
vt 0.749090 0.090130
vt 0.236820 0.005400
vt 0.235020 0.003580
vt 0.236970 0.003410
vt 0.242050 0.000000
vt 0.246330 0.000910
vt 0.237220 0.000220
vt 0.745270 0.092510
vt 0.737130 0.088990
vt 0.750990 0.091500
vt 0.753370 0.086720
vt 0.749570 0.080190
vt 0.742040 0.076140
vt 0.736140 0.077730
vt 0.736250 0.083740
vt 0.738340 0.095390
vt 0.747390 0.099690
vt 0.758080 0.089640
vt 0.755020 0.078020
vt 0.744530 0.069460
vt 0.731650 0.080740
vt 0.732710 0.079900
vt 0.733460 0.085460
vt 0.731830 0.086150
vt 0.733350 0.090920
vt 0.731530 0.091850
vt 0.248450 0.004200
vt 0.745240 0.107460
vt 0.735650 0.099460
vt 0.733810 0.113820
vt 0.732650 0.113400
vt 0.731410 0.096820
vt 0.733020 0.096510
vt 0.732350 0.098970
vt 0.731010 0.098930
vt 0.730520 0.086990
vt 0.730500 0.081520
vt 0.730410 0.092530
vt 0.730140 0.097650
vt 0.735660 0.118480
vt 0.738480 0.119860
vt 0.734870 0.121620
vt 0.733230 0.117920
vt 0.735440 0.125260
vt 0.740380 0.124140
vt 0.742850 0.129220
vt 0.736980 0.130190
vt 0.738510 0.115860
vt 0.742010 0.117540
vt 0.736960 0.115800
vt 0.733620 0.079260
vt 0.734550 0.084300
vt 0.734890 0.089720
vt 0.730530 0.103980
vt 0.730200 0.103660
vt 0.730770 0.101760
vt 0.731060 0.101800
vt 0.733720 0.099090
vt 0.734880 0.096060
vt 0.733770 0.074680
vt 0.735080 0.075070
vt 0.733930 0.076760
vt 0.732920 0.077350
vt 0.731830 0.077850
vt 0.732070 0.074820
vt 0.730450 0.078520
vt 0.730390 0.075540
vt 0.729920 0.102210
vt 0.730020 0.099480
vt 0.739520 0.105590
vt 0.736210 0.101760
vt 0.742690 0.113880
vt 0.740680 0.118720
vt 0.150560 0.000000
vt 0.159940 0.002970
vt 0.164690 0.008350
vt 0.160720 0.010090
vt 0.697710 0.001340
vt 0.703710 0.000000
vt 0.707380 0.000580
vt 0.707060 0.004420
vt 0.730420 0.104680
vt 0.730330 0.104940
vt 0.732080 0.102310
vt 0.747290 0.084440
vt 0.744750 0.083330
vt 0.748490 0.085940
vt 0.747640 0.088200
vt 0.745190 0.087910
vt 0.742950 0.086800
vt 0.741740 0.084560
vt 0.742560 0.083200
vt 0.791270 0.028760
vt 0.811890 0.039440
vt 0.807350 0.051120
vt 0.789070 0.041760
vt 0.767640 0.027520
vt 0.770020 0.041430
vt 0.741050 0.030540
vt 0.750780 0.043460
vt 0.735150 0.051840
vt 0.742190 0.056190
vt 0.827100 0.059520
vt 0.820130 0.068020
vt 0.800480 0.061210
vt 0.786860 0.053770
vt 0.772420 0.053250
vt 0.758860 0.054650
vt 0.750920 0.063400
vt 0.811140 0.074750
vt 0.793920 0.070130
vt 0.784600 0.064570
vt 0.774800 0.063130
vt 0.766160 0.064930
vt 0.760910 0.072030
vt 0.800810 0.079950
vt 0.791030 0.089620
vt 0.785540 0.085620
vt 0.779600 0.084450
vt 0.777260 0.085420
vt 0.773840 0.091080
vt 0.772950 0.096840
vt 0.793280 0.095360
vt 0.781880 0.094490
vt 0.776050 0.094380
vt 0.779010 0.090240
vt 0.782190 0.090130
vt 0.787470 0.095470
vt 0.785520 0.092050
vt 0.781950 0.099730
vt 0.775150 0.098750
vt 0.788360 0.098820
vt 0.732180 0.133470
vt 0.738550 0.134900
vt 0.740620 0.141770
vt 0.732500 0.139300
vt 0.763430 0.136420
vt 0.755380 0.130510
vt 0.775440 0.104600
vt 0.745980 0.134640
vt 0.751600 0.142080
vt 0.745230 0.154140
vt 0.733070 0.152400
vt 0.783120 0.130480
vt 0.775640 0.144060
vt 0.778690 0.109950
vt 0.777600 0.104740
vt 0.782630 0.105270
vt 0.784000 0.111580
vt 0.761780 0.151890
vt 0.782930 0.116590
vt 0.736990 0.065620
vt 0.780360 0.152130
vt 0.789850 0.138100
vt 0.788440 0.103530
vt 0.788610 0.108570
vt 0.766100 0.159710
vt 0.749950 0.164760
vt 0.790900 0.114710
vt 0.829510 0.068870
vt 0.821000 0.076630
vt 0.813390 0.082780
vt 0.803890 0.087400
vt 0.793710 0.104960
vt 0.833570 0.094380
vt 0.823960 0.100960
vt 0.814510 0.106620
vt 0.804870 0.110600
vt 0.821860 0.123190
vt 0.812890 0.127190
vt 0.803870 0.130240
vt 0.732820 0.065440
vt 0.781740 0.087360
vt 0.778090 0.087590
vt 0.774610 0.092470
vt 0.789380 0.093040
vt 0.786250 0.089250
vt 0.773670 0.097520
vt 0.790140 0.096950
vt 0.776190 0.104980
vt 0.784420 0.113390
vt 0.790000 0.109940
vt 0.790700 0.103460
vt 0.731930 0.129400
vt 0.833130 0.116940
vt 0.015580 0.291890
vt 0.029800 0.288510
vt 0.029800 0.296490
vt 0.015580 0.297920
vt 0.572170 0.921960
vt 0.583860 0.922660
vt 0.584100 0.928450
vt 0.574320 0.928540
vt 0.957220 0.393500
vt 0.965880 0.398740
vt 0.963660 0.404600
vt 0.951700 0.398190
vt 0.029800 0.304530
vt 0.015580 0.304200
vt 0.520790 0.942990
vt 0.517310 0.945700
vt 0.512620 0.939810
vt 0.518330 0.939520
vt 0.912770 0.346000
vt 0.918750 0.343520
vt 0.919090 0.348630
vt 0.914690 0.352540
vt 0.513260 0.931180
vt 0.517160 0.932750
vt 0.908770 0.353230
vt 0.912120 0.356950
vt 0.541240 0.909610
vt 0.535800 0.912080
vt 0.531270 0.911400
vt 0.532280 0.905370
vt 0.911800 0.388590
vt 0.917700 0.387450
vt 0.920210 0.394000
vt 0.910970 0.393980
vt 0.029800 0.323020
vt 0.015580 0.322710
vt 0.961470 0.422950
vt 0.952510 0.405180
vt 0.934530 0.402990
vt 0.935200 0.397670
vt 0.918800 0.400780
vt 0.951090 0.421750
vt 0.932280 0.414850
vt 0.916330 0.413760
vt 0.905490 0.404920
vt 0.909120 0.398970
vt 0.932180 0.426480
vt 0.916140 0.426530
vt 0.903750 0.420560
vt 0.905890 0.412920
vt 0.951160 0.437160
vt 0.962070 0.439350
vt 0.950120 0.442660
vt 0.029800 0.338180
vt 0.015580 0.338850
vt 0.933670 0.437940
vt 0.934740 0.444130
vt 0.918630 0.439390
vt 0.920190 0.445190
vt 0.905850 0.436000
vt 0.905990 0.428040
vt 0.911830 0.446830
vt 0.909460 0.441710
vt 0.029800 0.346280
vt 0.015580 0.344440
vt 0.963230 0.444460
vt 0.951060 0.448120
vt 0.592940 0.879910
vt 0.601860 0.889280
vt 0.598280 0.893060
vt 0.591150 0.884820
vt 0.029800 0.354140
vt 0.015580 0.349850
vt 0.935560 0.450190
vt 0.579910 0.872570
vt 0.577000 0.876900
vt 0.921180 0.451010
vt 0.569600 0.864590
vt 0.565750 0.868580
vt 0.913820 0.451870
vt 0.564800 0.860140
vt 0.560190 0.862510
vt 0.023620 0.368140
vt 0.008540 0.364470
vt 0.589620 0.906200
vt 0.585380 0.895200
vt 0.574120 0.881100
vt 0.562140 0.872170
vt 0.568100 0.890310
vt 0.554100 0.881990
vt 0.549680 0.867820
vt 0.555870 0.864620
vt 0.577480 0.910590
vt 0.562620 0.900130
vt 0.547690 0.893050
vt 0.539710 0.880070
vt 0.545280 0.874330
vt 0.015580 0.273200
vt 0.029800 0.272560
vt 0.558190 0.910100
vt 0.555880 0.914700
vt 0.543280 0.904390
vt 0.533080 0.894460
vt 0.537060 0.887780
vt 0.532840 0.900940
vt 0.556780 0.821650
vt 0.554100 0.821610
vt 0.552650 0.818810
vt 0.557390 0.817720
vt 0.559350 0.822370
vt 0.561590 0.820120
vt 0.886410 0.484900
vt 0.881990 0.484420
vt 0.883960 0.480270
vt 0.886590 0.481040
vt 0.878840 0.481240
vt 0.881730 0.478660
vt 0.511790 0.834000
vt 0.509940 0.836060
vt 0.506860 0.835120
vt 0.509370 0.830790
vt 0.514260 0.832770
vt 0.514200 0.829560
vt 0.850920 0.450090
vt 0.847950 0.446690
vt 0.852380 0.445060
vt 0.853890 0.447390
vt 0.848020 0.442160
vt 0.852040 0.442300
vt 0.484120 0.866020
vt 0.483740 0.868850
vt 0.480520 0.869580
vt 0.480310 0.864470
vt 0.485830 0.863730
vt 0.484030 0.860950
vt 0.841870 0.404970
vt 0.840930 0.400430
vt 0.845710 0.401380
vt 0.845980 0.404210
vt 0.843540 0.396590
vt 0.847040 0.398880
vt 0.481340 0.913870
vt 0.482850 0.916300
vt 0.480770 0.918900
vt 0.477380 0.915070
vt 0.481260 0.911000
vt 0.478090 0.910000
vt 0.866120 0.358060
vt 0.868410 0.353970
vt 0.871380 0.357860
vt 0.869740 0.360200
vt 0.872940 0.352820
vt 0.874060 0.356870
vt 0.551410 0.862750
vt 0.555190 0.861280
vt 0.559210 0.859910
vt 0.557900 0.845100
vt 0.554170 0.845280
vt 0.554220 0.842820
vt 0.558010 0.842800
vt 0.550390 0.845330
vt 0.550440 0.842770
vt 0.564000 0.858750
vt 0.912410 0.452830
vt 0.909380 0.448400
vt 0.898860 0.460230
vt 0.902840 0.463200
vt 0.901610 0.465000
vt 0.897520 0.462190
vt 0.563070 0.842890
vt 0.562790 0.844870
vt 0.906730 0.444380
vt 0.904030 0.441240
vt 0.892890 0.455880
vt 0.895830 0.457940
vt 0.894510 0.460050
vt 0.891450 0.458080
vt 0.900790 0.439170
vt 0.899230 0.439740
vt 0.547510 0.863180
vt 0.546780 0.862040
vt 0.545310 0.845100
vt 0.545320 0.842490
vt 0.887070 0.455520
vt 0.888610 0.453100
vt 0.539610 0.874750
vt 0.542550 0.871530
vt 0.545320 0.868060
vt 0.532070 0.854130
vt 0.529330 0.856460
vt 0.527830 0.854660
vt 0.530770 0.852320
vt 0.526600 0.858830
vt 0.525020 0.857150
vt 0.547400 0.863040
vt 0.900390 0.439310
vt 0.901970 0.433810
vt 0.901930 0.429080
vt 0.900440 0.424820
vt 0.879780 0.431620
vt 0.881060 0.435010
vt 0.878930 0.435710
vt 0.877610 0.432330
vt 0.881880 0.438620
vt 0.879770 0.439250
vt 0.897720 0.420940
vt 0.896530 0.421020
vt 0.535820 0.877250
vt 0.534990 0.876660
vt 0.522880 0.861930
vt 0.521300 0.860640
vt 0.875460 0.427700
vt 0.877770 0.426840
vt 0.531430 0.890200
vt 0.533440 0.886250
vt 0.535120 0.882140
vt 0.515270 0.875020
vt 0.513870 0.878210
vt 0.511810 0.877360
vt 0.513410 0.874000
vt 0.512590 0.881450
vt 0.510560 0.880870
vt 0.535210 0.876860
vt 0.896730 0.420960
vt 0.900360 0.416620
vt 0.901730 0.412220
vt 0.901580 0.407440
vt 0.879600 0.404400
vt 0.879220 0.407960
vt 0.877160 0.407560
vt 0.877540 0.404020
vt 0.878290 0.411380
vt 0.876220 0.410970
vt 0.900090 0.402140
vt 0.899620 0.402010
vt 0.527900 0.894140
vt 0.527590 0.894040
vt 0.510970 0.885900
vt 0.509100 0.885640
vt 0.877810 0.398970
vt 0.880000 0.399320
vt 0.529090 0.905990
vt 0.529050 0.901780
vt 0.529000 0.898060
vt 0.509910 0.901940
vt 0.510640 0.905600
vt 0.508860 0.906030
vt 0.508110 0.902300
vt 0.511400 0.909270
vt 0.509750 0.909770
vt 0.526880 0.893950
vt 0.898680 0.401720
vt 0.903440 0.399810
vt 0.906000 0.396480
vt 0.908100 0.392510
vt 0.894180 0.380020
vt 0.891550 0.382790
vt 0.890410 0.381480
vt 0.892970 0.378830
vt 0.888890 0.385210
vt 0.887700 0.383840
vt 0.910330 0.387810
vt 0.529410 0.911130
vt 0.512510 0.914090
vt 0.511140 0.914630
vt 0.896370 0.375140
vt 0.897600 0.376320
vt 0.534940 0.849290
vt 0.535820 0.850950
vt 0.882920 0.443800
vt 0.880720 0.444320
vt 0.515740 0.869610
vt 0.517240 0.870750
vt 0.876760 0.416170
vt 0.874580 0.415740
vt 0.507130 0.897260
vt 0.508780 0.897050
vt 0.884990 0.388510
vt 0.883640 0.386940
vt 0.554370 0.840760
vt 0.550610 0.840600
vt 0.551270 0.833250
vt 0.555030 0.833740
vt 0.558120 0.840820
vt 0.558860 0.833970
vt 0.563830 0.834280
vt 0.563060 0.841070
vt 0.896510 0.464100
vt 0.900680 0.466800
vt 0.896990 0.473300
vt 0.892830 0.470680
vt 0.889610 0.468760
vt 0.893340 0.461990
vt 0.890120 0.460020
vt 0.886310 0.467120
vt 0.881800 0.465150
vt 0.885740 0.457700
vt 0.545550 0.840200
vt 0.546380 0.832430
vt 0.526660 0.853220
vt 0.523890 0.855710
vt 0.516870 0.846910
vt 0.519830 0.844560
vt 0.529640 0.850960
vt 0.522820 0.842260
vt 0.526810 0.839410
vt 0.533890 0.848080
vt 0.878040 0.439950
vt 0.878940 0.445030
vt 0.867660 0.448650
vt 0.866720 0.443830
vt 0.865690 0.440230
vt 0.877130 0.436300
vt 0.875760 0.432800
vt 0.864260 0.436780
vt 0.861970 0.432460
vt 0.873460 0.428210
vt 0.520230 0.859280
vt 0.513130 0.850090
vt 0.509890 0.876570
vt 0.508690 0.880080
vt 0.496700 0.875200
vt 0.498020 0.871680
vt 0.511530 0.873230
vt 0.499550 0.868250
vt 0.501790 0.863880
vt 0.514080 0.868840
vt 0.874130 0.410750
vt 0.872340 0.415540
vt 0.858790 0.412720
vt 0.860470 0.408120
vt 0.861420 0.404500
vt 0.875110 0.407160
vt 0.875530 0.403450
vt 0.861910 0.400790
vt 0.862090 0.395880
vt 0.875660 0.398340
vt 0.507400 0.885000
vt 0.495240 0.879880
vt 0.507320 0.906420
vt 0.508290 0.910090
vt 0.496850 0.913180
vt 0.495810 0.909560
vt 0.506580 0.902740
vt 0.494840 0.905910
vt 0.493690 0.901150
vt 0.505690 0.897710
vt 0.886520 0.382700
vt 0.882340 0.385610
vt 0.874020 0.375230
vt 0.878130 0.372640
vt 0.881110 0.370410
vt 0.889370 0.380300
vt 0.892030 0.377600
vt 0.883900 0.367910
vt 0.887340 0.364440
vt 0.895420 0.373910
vt 0.509830 0.914860
vt 0.498360 0.917820
vt 0.555240 0.832100
vt 0.551370 0.831520
vt 0.552820 0.825300
vt 0.556130 0.825920
vt 0.559190 0.832350
vt 0.559490 0.826190
vt 0.564140 0.832660
vt 0.564160 0.826040
vt 0.891920 0.472150
vt 0.895940 0.474960
vt 0.891890 0.481160
vt 0.888960 0.477670
vt 0.888840 0.470300
vt 0.886140 0.475720
vt 0.885590 0.468780
vt 0.882920 0.474630
vt 0.880980 0.467150
vt 0.878390 0.474480
vt 0.546530 0.830610
vt 0.548390 0.823870
vt 0.519080 0.843590
vt 0.516030 0.845940
vt 0.511920 0.839830
vt 0.514680 0.837820
vt 0.522110 0.841210
vt 0.517340 0.835690
vt 0.526080 0.838370
vt 0.520780 0.832500
vt 0.865460 0.444220
vt 0.866250 0.449050
vt 0.858050 0.451140
vt 0.858370 0.446520
vt 0.864480 0.440660
vt 0.857690 0.443110
vt 0.863020 0.437280
vt 0.856050 0.440070
vt 0.860580 0.433050
vt 0.852840 0.436740
vt 0.512280 0.849080
vt 0.507940 0.842300
vt 0.496830 0.871190
vt 0.495440 0.874770
vt 0.487840 0.871280
vt 0.489150 0.868060
vt 0.498350 0.867670
vt 0.490460 0.864850
vt 0.500570 0.863320
vt 0.492020 0.860390
vt 0.859120 0.407810
vt 0.857300 0.412360
vt 0.848170 0.409810
vt 0.850780 0.405930
vt 0.860090 0.404240
vt 0.851950 0.402620
vt 0.860540 0.400560
vt 0.852130 0.399120
vt 0.860590 0.395660
vt 0.851200 0.394540
vt 0.493970 0.879430
vt 0.485840 0.875560
vt 0.494580 0.909910
vt 0.495640 0.913620
vt 0.487620 0.915600
vt 0.486660 0.912260
vt 0.493550 0.906200
vt 0.485650 0.908930
vt 0.492400 0.901440
vt 0.484020 0.904490
vt 0.877330 0.371530
vt 0.873120 0.373960
vt 0.867800 0.366010
vt 0.872280 0.364730
vt 0.880310 0.369390
vt 0.875300 0.362960
vt 0.883030 0.366920
vt 0.877750 0.360450
vt 0.886370 0.363350
vt 0.880130 0.356430
vt 0.497180 0.918250
vt 0.488690 0.920210
vt 0.564990 0.923610
vt 0.553190 0.918190
vt 0.934320 0.393340
vt 0.946480 0.393230
vt 0.928680 0.380420
vt 0.935870 0.376210
vt 0.950870 0.389320
vt 0.568080 0.927960
vt 0.551090 0.931220
vt 0.547660 0.927670
vt 0.939990 0.372330
vt 0.541890 0.914060
vt 0.537510 0.912100
vt 0.917330 0.384590
vt 0.922400 0.389260
vt 0.921250 0.379380
vt 0.542030 0.925400
vt 0.535170 0.930390
vt 0.538100 0.934650
vt 0.536960 0.935590
vt 0.534360 0.931060
vt 0.931140 0.365240
vt 0.925030 0.371700
vt 0.924650 0.370570
vt 0.930630 0.363810
vt 0.542020 0.937520
vt 0.540720 0.938620
vt 0.935440 0.360920
vt 0.934890 0.359360
vt 0.536340 0.920370
vt 0.530390 0.923500
vt 0.533610 0.915230
vt 0.915050 0.378200
vt 0.918730 0.372840
vt 0.534560 0.937300
vt 0.526740 0.941420
vt 0.525560 0.936140
vt 0.532070 0.932340
vt 0.923150 0.368040
vt 0.919120 0.360610
vt 0.923810 0.353550
vt 0.928970 0.361210
vt 0.933100 0.356630
vt 0.927130 0.348670
vt 0.538010 0.941000
vt 0.528610 0.946120
vt 0.522050 0.928880
vt 0.527930 0.924960
vt 0.525660 0.919280
vt 0.519440 0.923730
vt 0.917430 0.370110
vt 0.911910 0.370160
vt 0.909340 0.363060
vt 0.914440 0.363380
vt 0.528180 0.917810
vt 0.913060 0.372750
vt 0.062370 0.304830
vt 0.062370 0.323990
vt 0.030380 0.322970
vt 0.030380 0.304510
vt 0.066250 0.340870
vt 0.030380 0.338070
vt 0.066250 0.354380
vt 0.095750 0.343630
vt 0.095750 0.362550
vt 0.066250 0.368120
vt 0.095750 0.381740
vt 0.054570 0.384800
vt 0.088760 0.401510
vt 0.062370 0.278060
vt 0.062370 0.264920
vt 0.095750 0.251190
vt 0.095750 0.267900
vt 0.062370 0.291740
vt 0.095750 0.285000
vt 0.095750 0.303540
vt 0.095750 0.324820
vt 0.124890 0.344930
vt 0.124890 0.365180
vt 0.124890 0.385710
vt 0.124890 0.407820
vt 0.124890 0.249110
vt 0.124890 0.266080
vt 0.124890 0.284750
vt 0.124890 0.303110
vt 0.124890 0.325040
vt 0.142140 0.365850
vt 0.142140 0.345110
vt 0.157950 0.346380
vt 0.157950 0.366760
vt 0.142140 0.386720
vt 0.157950 0.386850
vt 0.142140 0.408990
vt 0.157950 0.408280
vt 0.142140 0.265930
vt 0.142140 0.249380
vt 0.157950 0.250590
vt 0.157950 0.266400
vt 0.142140 0.285190
vt 0.157950 0.285630
vt 0.142140 0.304210
vt 0.157950 0.304790
vt 0.142140 0.325740
vt 0.157950 0.326840
vt 0.175120 0.368060
vt 0.175120 0.349120
vt 0.192190 0.351740
vt 0.192190 0.370000
vt 0.175120 0.386560
vt 0.192190 0.388060
vt 0.175120 0.409560
vt 0.192190 0.413310
vt 0.175120 0.267660
vt 0.175120 0.250410
vt 0.192190 0.246740
vt 0.192190 0.265930
vt 0.175120 0.285510
vt 0.192190 0.284450
vt 0.175120 0.303510
vt 0.192190 0.302420
vt 0.175120 0.327610
vt 0.192190 0.328080
vt 0.219760 0.354150
vt 0.219760 0.373870
vt 0.219760 0.393400
vt 0.219760 0.419460
vt 0.219760 0.236420
vt 0.219760 0.261120
vt 0.219760 0.279710
vt 0.219760 0.297770
vt 0.219760 0.327810
vt 0.252590 0.353540
vt 0.252590 0.375600
vt 0.252590 0.396980
vt 0.252590 0.424200
vt 0.245780 0.228580
vt 0.245780 0.254390
vt 0.252590 0.278260
vt 0.252590 0.296800
vt 0.252590 0.324170
vt 0.299670 0.343380
vt 0.299670 0.367470
vt 0.280230 0.393920
vt 0.280230 0.429870
vt 0.278090 0.219640
vt 0.278090 0.246230
vt 0.278090 0.273400
vt 0.299670 0.292730
vt 0.299670 0.319600
vt 0.844600 0.327020
vt 0.845330 0.279230
vt 0.859780 0.280050
vt 0.856280 0.326500
vt 0.876040 0.328710
vt 0.884260 0.284280
vt 0.900570 0.333340
vt 0.911940 0.293070
vt 0.891070 0.674580
vt 0.914300 0.668760
vt 0.926220 0.706690
vt 0.898190 0.711010
vt 0.879040 0.676040
vt 0.883660 0.713700
vt 0.870300 0.714440
vt 0.868390 0.676540
vt 0.857750 0.676520
vt 0.856940 0.714300
vt 0.842770 0.713980
vt 0.846270 0.675420
vt 0.822620 0.671140
vt 0.814280 0.712780
vt 0.832820 0.327430
vt 0.808840 0.328320
vt 0.803580 0.283990
vt 0.831200 0.279760
vt 0.847680 0.238230
vt 0.863260 0.239410
vt 0.891230 0.243140
vt 0.926170 0.249940
vt 0.938130 0.747530
vt 0.904410 0.754970
vt 0.887460 0.757500
vt 0.872670 0.758700
vt 0.857860 0.759040
vt 0.841420 0.758330
vt 0.807010 0.754680
vt 0.796690 0.239090
vt 0.831240 0.238160
vt 0.849600 0.193160
vt 0.866830 0.194560
vt 0.898350 0.198510
vt 0.936570 0.202150
vt 0.945670 0.794110
vt 0.908540 0.801880
vt 0.890640 0.804810
vt 0.875020 0.806460
vt 0.859300 0.806580
vt 0.841930 0.805470
vt 0.804200 0.801640
vt 0.793190 0.190800
vt 0.831240 0.192470
vt 0.182480 0.492040
vt 0.197690 0.493390
vt 0.196450 0.508140
vt 0.181150 0.506470
vt 0.177560 0.534910
vt 0.193080 0.537670
vt 0.171010 0.570690
vt 0.186650 0.575130
vt 0.542920 0.380760
vt 0.579180 0.374820
vt 0.579800 0.390140
vt 0.542380 0.396160
vt 0.525470 0.383110
vt 0.525480 0.398630
vt 0.511090 0.400020
vt 0.510160 0.384420
vt 0.494760 0.385390
vt 0.496490 0.400630
vt 0.480050 0.400780
vt 0.477880 0.385620
vt 0.441300 0.383870
vt 0.442190 0.399280
vt 0.183430 0.476090
vt 0.184860 0.439970
vt 0.200220 0.438980
vt 0.198810 0.476780
vt 0.221850 0.494480
vt 0.242530 0.496120
vt 0.241780 0.512220
vt 0.220900 0.511200
vt 0.217200 0.542820
vt 0.239440 0.543950
vt 0.210950 0.580710
vt 0.233580 0.581990
vt 0.544720 0.419360
vt 0.582130 0.414030
vt 0.585230 0.435550
vt 0.547250 0.441960
vt 0.527860 0.421440
vt 0.529170 0.444240
vt 0.513390 0.445610
vt 0.512720 0.422770
vt 0.497250 0.423600
vt 0.497430 0.446070
vt 0.479960 0.446140
vt 0.480700 0.423950
vt 0.442690 0.423350
vt 0.441450 0.444920
vt 0.222380 0.476880
vt 0.223210 0.438270
vt 0.243270 0.440160
vt 0.242990 0.478530
vt 0.275150 0.496220
vt 0.275730 0.514510
vt 0.273660 0.549490
vt 0.267010 0.588420
vt 0.590320 0.468300
vt 0.550850 0.471460
vt 0.532760 0.477840
vt 0.515130 0.479010
vt 0.497790 0.479850
vt 0.479520 0.480010
vt 0.440160 0.478590
vt 0.273630 0.437210
vt 0.274720 0.477320
vt 0.316880 0.497460
vt 0.318380 0.516750
vt 0.318210 0.554710
vt 0.307710 0.595440
vt 0.598940 0.508140
vt 0.559680 0.517210
vt 0.538030 0.521360
vt 0.519230 0.522720
vt 0.500300 0.522880
vt 0.481050 0.519830
vt 0.439960 0.517270
vt 0.307590 0.437470
vt 0.312010 0.477720
vt 0.352680 0.493290
vt 0.374570 0.485190
vt 0.375000 0.509520
vt 0.351250 0.514310
vt 0.344010 0.548780
vt 0.376420 0.546830
vt 0.320920 0.599230
vt 0.346610 0.608220
vt 0.560890 0.535450
vt 0.601940 0.521740
vt 0.609310 0.546920
vt 0.562480 0.567390
vt 0.539400 0.540580
vt 0.537730 0.578620
vt 0.520280 0.584590
vt 0.521150 0.550260
vt 0.503190 0.560490
vt 0.501620 0.587000
vt 0.479630 0.589260
vt 0.484000 0.560170
vt 0.351020 0.471840
vt 0.344990 0.426460
vt 0.367550 0.415080
vt 0.374620 0.462690
vt 0.164850 0.490620
vt 0.163510 0.504850
vt 0.159980 0.532800
vt 0.153160 0.567830
vt 0.539750 0.364360
vt 0.575000 0.358160
vt 0.523480 0.366590
vt 0.509640 0.368010
vt 0.495620 0.368850
vt 0.479870 0.368900
vt 0.444200 0.366640
vt 0.165820 0.474630
vt 0.167220 0.438860
vt 0.570970 0.800280
vt 0.570810 0.783030
vt 0.593270 0.785470
vt 0.592450 0.805940
vt 0.634620 0.809800
vt 0.635250 0.786620
vt 0.071820 0.593650
vt 0.080810 0.612180
vt 0.056360 0.619970
vt 0.046410 0.601750
vt 0.000000 0.613520
vt 0.007920 0.630970
vt 0.547220 0.800910
vt 0.500520 0.802820
vt 0.495740 0.784390
vt 0.545500 0.781280
vt 0.571810 0.762010
vt 0.594600 0.765300
vt 0.635850 0.764660
vt 0.083640 0.633410
vt 0.060080 0.641980
vt 0.012060 0.654570
vt 0.496100 0.761100
vt 0.546380 0.759390
vt 0.573410 0.740440
vt 0.597790 0.738010
vt 0.636600 0.737120
vt 0.082990 0.655620
vt 0.059590 0.660840
vt 0.013760 0.680950
vt 0.498630 0.735580
vt 0.549070 0.741430
vt 0.576180 0.713050
vt 0.597680 0.710750
vt 0.637290 0.711640
vt 0.078500 0.686200
vt 0.054790 0.692500
vt 0.011780 0.712090
vt 0.506250 0.705530
vt 0.552720 0.712100
vt 0.573120 0.689360
vt 0.596370 0.691860
vt 0.637870 0.690270
vt 0.637830 0.691900
vt 0.075870 0.709550
vt 0.050280 0.717570
vt 0.011290 0.728160
vt 0.508180 0.689760
vt 0.548220 0.688950
vt 0.571360 0.662900
vt 0.593840 0.662360
vt 0.638530 0.666100
vt 0.076630 0.739780
vt 0.044830 0.744220
vt 0.010940 0.743080
vt 0.508710 0.674900
vt 0.544870 0.667790
vt 0.571330 0.650260
vt 0.594290 0.644060
vt 0.639060 0.646680
vt 0.078560 0.761260
vt 0.053180 0.761010
vt 0.587090 0.821460
vt 0.619960 0.818620
vt 0.627810 0.835410
vt 0.577900 0.834050
vt 0.310540 0.823120
vt 0.290010 0.855350
vt 0.287980 0.839890
vt 0.302990 0.813500
vt 0.329180 0.777230
vt 0.331100 0.747080
vt 0.347270 0.753300
vt 0.344840 0.776940
vt 0.385840 0.777610
vt 0.384700 0.755570
vt 0.656990 0.848250
vt 0.658070 0.881220
vt 0.639780 0.895880
vt 0.638070 0.858260
vt 0.339130 0.719830
vt 0.352710 0.728800
vt 0.383570 0.733880
vt 0.670000 0.896370
vt 0.659510 0.905080
vt 0.616410 0.927670
vt 0.643840 0.926100
vt 0.314500 0.741520
vt 0.300260 0.718990
vt 0.316900 0.697990
vt 0.327940 0.710840
vt 0.359700 0.706660
vt 0.366760 0.711310
vt 0.382630 0.715840
vt 0.689900 0.912140
vt 0.682940 0.919840
vt 0.672970 0.935890
vt 0.344310 0.686130
vt 0.353510 0.700640
vt 0.390840 0.484350
vt 0.418590 0.474790
vt 0.412610 0.492160
vt 0.395060 0.507320
vt 0.415000 0.546850
vt 0.426510 0.524470
vt 0.539280 0.612290
vt 0.539640 0.643730
vt 0.519100 0.642620
vt 0.518660 0.612650
vt 0.499630 0.611010
vt 0.498930 0.640540
vt 0.475430 0.636810
vt 0.476520 0.607660
vt 0.389220 0.460560
vt 0.383160 0.415300
vt 0.408100 0.407590
vt 0.416220 0.452990
vt 0.652190 0.829740
vt 0.321680 0.801760
vt 0.343020 0.795710
vt 0.386830 0.796510
vt 0.301580 0.749370
vt 0.289480 0.728670
vt 0.601770 0.930220
vt 0.611930 0.909500
vt 0.616660 0.872860
vt 0.599890 0.853110
vt 0.572860 0.847160
vt 0.275410 0.833620
vt 0.288870 0.813120
vt 0.301540 0.783730
vt 0.313420 0.780290
vt 0.432880 0.601960
vt 0.429640 0.627900
vt 0.439930 0.560770
vt 0.439250 0.586890
vt 0.101690 0.936260
vt 0.074140 0.921100
vt 0.079040 0.911020
vt 0.106730 0.926040
vt 0.199800 0.917220
vt 0.222040 0.904940
vt 0.238830 0.918040
vt 0.211090 0.932560
vt 0.188200 0.897560
vt 0.211400 0.880510
vt 0.111900 0.915850
vt 0.085040 0.902010
vt 0.094330 0.881430
vt 0.124090 0.897890
vt 0.174280 0.803200
vt 0.178960 0.795880
vt 0.192390 0.825500
vt 0.184680 0.829630
vt 0.158930 0.793500
vt 0.151080 0.791810
vt 0.150450 0.778390
vt 0.159940 0.781110
vt 0.139130 0.797840
vt 0.129480 0.805430
vt 0.124210 0.798680
vt 0.134060 0.787220
vt 0.047740 0.908690
vt 0.052960 0.898130
vt 0.252860 0.885680
vt 0.264080 0.903580
vt 0.236890 0.862410
vt 0.191850 0.781540
vt 0.209440 0.815120
vt 0.149430 0.761020
vt 0.164300 0.762790
vt 0.110680 0.784510
vt 0.123260 0.771930
vt 0.058260 0.888290
vt 0.070500 0.866940
vt 0.830580 0.343890
vt 0.808800 0.344030
vt 0.825540 0.656060
vt 0.847120 0.658510
vt 0.857480 0.662010
vt 0.867630 0.663160
vt 0.877740 0.663250
vt 0.889930 0.660990
vt 0.911270 0.653150
vt 0.897130 0.349090
vt 0.874780 0.343420
vt 0.854730 0.343040
vt 0.842420 0.342990
vt 0.172440 0.881310
vt 0.177130 0.855120
vt 0.189750 0.863800
vt 0.204400 0.855720
vt 0.163150 0.873790
vt 0.154090 0.871500
vt 0.153510 0.848060
vt 0.163390 0.849040
vt 0.144930 0.874120
vt 0.135960 0.879440
vt 0.130960 0.853300
vt 0.144140 0.848500
vt 0.116890 0.865220
vt 0.101820 0.858100
vt 0.224660 0.844390
vt 0.079460 0.851140
vt 0.171150 0.823000
vt 0.152390 0.818350
vt 0.160070 0.818970
vt 0.134940 0.820910
vt 0.144870 0.819010
vt 0.121620 0.829260
vt 0.111070 0.826260
vt 0.094870 0.816520
vt 0.164200 0.797530
vt 0.143190 0.794510
vt 0.920410 0.516600
vt 0.922420 0.480530
vt 0.952020 0.485240
vt 0.952340 0.517040
vt 0.921300 0.551020
vt 0.951470 0.550460
vt 0.918040 0.573320
vt 0.951000 0.572510
vt 0.931300 0.598380
vt 0.951140 0.591740
vt 0.950780 0.606480
vt 0.941290 0.460360
vt 0.952560 0.456440
vt 0.951980 0.474800
vt 0.932970 0.468360
vt 0.962100 0.603370
vt 0.970390 0.595910
vt 0.981370 0.573770
vt 0.981490 0.555080
vt 0.983660 0.515990
vt 0.979540 0.482260
vt 0.962740 0.461720
vt 0.970300 0.470400
vt 0.140800 0.781480
vt 0.135450 0.764340
vt 0.168280 0.785400
vt 0.177150 0.769080
vt 0.118820 0.580900
vt 0.122130 0.604670
vt 0.101580 0.606430
vt 0.094790 0.586630
vt 0.123370 0.623320
vt 0.103770 0.626700
vt 0.122980 0.655310
vt 0.103490 0.654360
vt 0.122210 0.690700
vt 0.099960 0.685560
vt 0.121690 0.707470
vt 0.098890 0.705120
vt 0.119900 0.736190
vt 0.097050 0.738140
vt 0.119640 0.752620
vt 0.097440 0.756280
vt 0.692010 0.831330
vt 0.693540 0.862460
vt 0.675560 0.869730
vt 0.673500 0.836580
vt 0.697090 0.883500
vt 0.682280 0.889820
vt 0.704740 0.902160
vt 0.696480 0.904580
vt 0.690190 0.815090
vt 0.669030 0.820650
vt 0.414810 0.547180
vt 0.564250 0.595280
vt 0.564030 0.601920
vt 0.733600 0.166930
vt 0.746850 0.173210
vt 0.733850 0.174450
vt 0.837260 0.130820
vt 0.827360 0.136260
vt 0.818810 0.138730
vt 0.805360 0.144970
vt 0.788050 0.155100
vt 0.775640 0.163320
vt 0.761420 0.169260
vt 0.745100 0.187870
vt 0.734360 0.189780
vt 0.755340 0.186340
vt 0.767240 0.182030
vt 0.781330 0.177790
vt 0.805900 0.168960
vt 0.825210 0.161630
vt 0.834060 0.158410
vt 0.842000 0.155300
vt 0.317710 0.361340
vt 0.317710 0.397490
vt 0.302470 0.428090
vt 0.299710 0.210150
vt 0.299710 0.234370
vt 0.317710 0.256760
vt 0.317710 0.280510
vt 0.317710 0.314160
vt 0.317710 0.336040
vt 0.149900 0.503950
vt 0.150960 0.489710
vt 0.146430 0.531490
vt 0.139540 0.565230
vt 0.537240 0.350960
vt 0.571210 0.345060
vt 0.509430 0.354300
vt 0.522160 0.352990
vt 0.481600 0.355320
vt 0.496390 0.355160
vt 0.447100 0.353200
vt 0.152200 0.473540
vt 0.153450 0.438390
vt 0.044130 0.745430
vt 0.011240 0.744370
vt 0.508690 0.673580
vt 0.543970 0.663740
vt 0.571240 0.648840
vt 0.594510 0.642740
vt 0.052400 0.761880
vt 0.078690 0.762560
vt 0.119870 0.753960
vt 0.097800 0.757560
vt 0.144080 0.753610
vt 0.144080 0.752260
vt 0.550040 0.658530
vt 0.551090 0.659360
vt 0.850490 0.186240
vt 0.867900 0.187620
vt 0.898760 0.191170
vt 0.934620 0.194460
vt 0.945060 0.802100
vt 0.910010 0.808990
vt 0.891640 0.812650
vt 0.875400 0.813980
vt 0.859050 0.813980
vt 0.841040 0.812580
vt 0.805650 0.809160
vt 0.796030 0.183510
vt 0.831760 0.185570
vt 0.013880 0.298230
vt 0.013880 0.291450
vt 0.012170 0.291720
vt 0.013880 0.322870
vt 0.013880 0.305080
vt 0.013780 0.304550
vt 0.013880 0.344190
vt 0.013880 0.338580
vt 0.017740 0.338750
vt 0.007340 0.363600
vt 0.013880 0.349510
vt 0.015810 0.349710
vt 0.360370 0.705820
vt 0.367290 0.710360
vt 0.690610 0.912930
vt 0.683760 0.920570
vt 0.674040 0.936230
vt 0.345340 0.685720
vt 0.354290 0.699870
vt 0.704950 0.903170
vt 0.696980 0.905530
vt 0.713090 0.900620
vt 0.713100 0.899530
vt 0.030380 0.296120
vt 0.030380 0.288450
vt 0.030380 0.346060
vt 0.030380 0.354460
vt 0.024280 0.367830
vt 0.013880 0.273390
vt 0.030380 0.272310
vt 0.013760 0.018910
vt 0.010920 0.017120
vt 0.253660 0.195740
vt 0.669640 0.000610
vt 0.669770 0.005580
vt 0.660990 0.005170
vt 0.665970 0.000000
vt 0.251390 0.167720
vt 0.288530 0.171300
vt 0.688350 0.001530
vt 0.688290 0.004930
vt 0.679350 0.003840
vt 0.679700 0.000000
vt 0.004280 0.024160
vt 0.009240 0.016790
vt 0.272570 0.094380
vt 0.303900 0.107280
vt 0.300440 0.123050
vt 0.632980 0.004970
vt 0.629310 0.005630
vt 0.624270 0.000520
vt 0.633040 0.000000
vt 0.268350 0.106970
vt 0.291560 0.201990
vt 0.730240 0.112160
vt 0.730110 0.111070
vt 0.730470 0.111970
vt 0.730620 0.114810
vt 0.731320 0.121520
vt 0.730900 0.117140
vt 0.258860 0.213550
vt 0.614750 0.000000
vt 0.615060 0.003380
vt 0.606540 0.005550
vt 0.605910 0.001740
vt 0.267440 0.120680
vt 0.298810 0.130540
vt 0.297430 0.138810
vt 0.729760 0.104590
vt 0.731660 0.125220
vt 0.729990 0.105870
vt 0.729990 0.106120
vt 0.264470 0.133440
vt 0.794970 0.015860
vt 0.819310 0.031020
vt 0.765410 0.010300
vt 0.728520 0.014750
vt 0.729750 0.053370
vt 0.835590 0.053140
vt 0.838780 0.060940
vt 0.844850 0.086780
vt 0.730160 0.066840
vt 0.845650 0.108650
vt 0.351010 0.607440
vt 0.612690 0.549580
vt 0.713270 0.881720
vt 0.713480 0.860700
vt 0.713760 0.830550
vt 0.713920 0.814350
vt 0.144000 0.735720
vt 0.143890 0.713670
vt 0.143810 0.695810
vt 0.143620 0.657300
vt 0.143460 0.622690
vt 0.143370 0.603910
vt 0.143250 0.577210
vt 0.560800 0.642250
vt 0.848700 0.123740
vt 0.856710 0.147980
vt 0.639100 0.645340
vt 0.382580 0.714790
vt 0.020930 0.018120
vt 0.017910 0.010100
vt 0.022620 0.001480
vt 0.024650 0.015580
vt 0.016120 0.008890
vt 0.017970 0.005380
vt 0.202650 0.000000
vt 0.201480 0.009770
vt 0.197070 0.015440
vt 0.194620 0.011860
vt 0.465160 0.000750
vt 0.459660 0.003490
vt 0.455960 0.003810
vt 0.455350 0.000000
vt 0.022240 0.019370
vt 0.019750 0.022140
vt 0.024440 0.001180
vt 0.026460 0.015220
vt 0.025280 0.017130
vt 0.022370 0.019450
vt 0.016800 0.003940
vt 0.021530 0.000000
vt 0.014530 0.007890
vt 0.016300 0.004630
vt 0.729310 0.112770
vt 0.729000 0.115150
vt 0.727330 0.115570
vt 0.728040 0.113660
vt 0.219670 0.006700
vt 0.215280 0.006800
vt 0.215280 0.003990
vt 0.219730 0.003770
vt 0.719030 0.087610
vt 0.720740 0.088630
vt 0.716640 0.091090
vt 0.716540 0.089660
vt 0.714100 0.083420
vt 0.714180 0.084690
vt 0.712630 0.086960
vt 0.711410 0.087410
vt 0.721510 0.081350
vt 0.720120 0.082870
vt 0.717090 0.083300
vt 0.718220 0.081160
vt 0.721970 0.084740
vt 0.720240 0.085140
vt 0.710410 0.118750
vt 0.717090 0.117510
vt 0.720080 0.121280
vt 0.715360 0.125870
vt 0.686710 0.114610
vt 0.702610 0.107760
vt 0.701830 0.123780
vt 0.691990 0.128700
vt 0.712900 0.091180
vt 0.713700 0.089920
vt 0.224620 0.005390
vt 0.224460 0.003400
vt 0.226410 0.003560
vt 0.215090 0.000920
vt 0.219370 0.000000
vt 0.224200 0.000200
vt 0.724150 0.089510
vt 0.716810 0.093300
vt 0.711140 0.092660
vt 0.708460 0.088030
vt 0.711770 0.081310
vt 0.718920 0.076810
vt 0.724810 0.078060
vt 0.724930 0.084130
vt 0.723240 0.096170
vt 0.715440 0.100530
vt 0.704000 0.091240
vt 0.706220 0.079480
vt 0.716060 0.070320
vt 0.727640 0.085700
vt 0.728250 0.080050
vt 0.729320 0.080820
vt 0.729220 0.086270
vt 0.729290 0.092010
vt 0.727610 0.091280
vt 0.212990 0.004220
vt 0.725790 0.100840
vt 0.718760 0.107850
vt 0.729290 0.111320
vt 0.729880 0.109280
vt 0.727950 0.099570
vt 0.727570 0.097070
vt 0.728930 0.097100
vt 0.729060 0.099230
vt 0.728090 0.121140
vt 0.725720 0.118330
vt 0.727570 0.117160
vt 0.728890 0.117470
vt 0.721890 0.128880
vt 0.723990 0.123240
vt 0.728040 0.124970
vt 0.727140 0.130000
vt 0.723760 0.115660
vt 0.727420 0.112870
vt 0.729030 0.111290
vt 0.726580 0.084600
vt 0.727330 0.079460
vt 0.726240 0.090140
vt 0.729010 0.102150
vt 0.729400 0.104570
vt 0.729340 0.104670
vt 0.728790 0.102440
vt 0.727080 0.099970
vt 0.726120 0.096860
vt 0.726910 0.076980
vt 0.725700 0.075340
vt 0.726980 0.074890
vt 0.727940 0.077510
vt 0.729050 0.077940
vt 0.728670 0.074920
vt 0.726230 0.103790
vt 0.725080 0.107270
vt 0.723450 0.112260
vt 0.724460 0.116880
vt 0.172590 0.007480
vt 0.177660 0.002400
vt 0.187200 0.000000
vt 0.176440 0.009460
vt 0.436990 0.000360
vt 0.440680 0.000000
vt 0.446590 0.001700
vt 0.437080 0.004220
vt 0.729500 0.105590
vt 0.729470 0.105540
vt 0.728250 0.103380
vt 0.714350 0.085410
vt 0.716750 0.084130
vt 0.713220 0.086960
vt 0.714140 0.089200
vt 0.716460 0.088750
vt 0.718490 0.087500
vt 0.719680 0.085230
vt 0.718930 0.083820
vt 0.652340 0.056100
vt 0.647030 0.044750
vt 0.666880 0.032740
vt 0.669930 0.045570
vt 0.690360 0.029970
vt 0.688900 0.044000
vt 0.717060 0.031300
vt 0.708200 0.044790
vt 0.724270 0.052170
vt 0.717550 0.056940
vt 0.640720 0.073790
vt 0.633210 0.065780
vt 0.659860 0.065700
vt 0.672940 0.057390
vt 0.687290 0.055940
vt 0.700890 0.056460
vt 0.709340 0.064670
vt 0.650140 0.079910
vt 0.667000 0.074170
vt 0.675910 0.068020
vt 0.685570 0.065940
vt 0.694290 0.067180
vt 0.699990 0.073900
vt 0.660790 0.084410
vt 0.671200 0.093390
vt 0.676390 0.089050
vt 0.682240 0.087480
vt 0.684620 0.088290
vt 0.688430 0.093700
vt 0.689720 0.099380
vt 0.669340 0.099270
vt 0.683210 0.093210
vt 0.686450 0.097140
vt 0.680650 0.097630
vt 0.680040 0.093320
vt 0.675140 0.098980
vt 0.676850 0.095450
vt 0.687660 0.101430
vt 0.680940 0.102860
vt 0.674490 0.102380
vt 0.724730 0.141920
vt 0.726130 0.134840
vt 0.709790 0.131380
vt 0.702030 0.138020
vt 0.687800 0.107260
vt 0.714100 0.142840
vt 0.719180 0.134800
vt 0.721140 0.154710
vt 0.690260 0.146590
vt 0.681900 0.133560
vt 0.680650 0.108420
vt 0.685650 0.107550
vt 0.684920 0.112800
vt 0.679720 0.114800
vt 0.704590 0.153480
vt 0.681140 0.119710
vt 0.723280 0.066020
vt 0.686070 0.154990
vt 0.675670 0.141640
vt 0.674730 0.107080
vt 0.674920 0.112110
vt 0.700770 0.161630
vt 0.717160 0.165690
vt 0.673050 0.118380
vt 0.631430 0.075270
vt 0.640430 0.082440
vt 0.648430 0.088060
vt 0.658220 0.092040
vt 0.669570 0.108860
vt 0.629090 0.100970
vt 0.639120 0.106900
vt 0.648920 0.111910
vt 0.658810 0.115230
vt 0.642710 0.128930
vt 0.651930 0.132310
vt 0.661140 0.134740
vt 0.727410 0.065600
vt 0.680300 0.090530
vt 0.683960 0.090520
vt 0.687760 0.095140
vt 0.673070 0.096700
vt 0.675930 0.092700
vt 0.689040 0.100100
vt 0.672580 0.100640
vt 0.687070 0.107690
vt 0.679430 0.116630
vt 0.673610 0.113570
vt 0.672470 0.107160
vt 0.631050 0.123440
vt 0.299260 0.131000
vt 0.301240 0.123250
vt 0.315740 0.129180
vt 0.314770 0.135120
vt 0.008200 0.497580
vt 0.009950 0.492120
vt 0.021560 0.494080
vt 0.017550 0.499840
vt 0.857710 0.060130
vt 0.855620 0.054220
vt 0.864380 0.049170
vt 0.869800 0.053970
vt 0.298120 0.138950
vt 0.312040 0.141010
vt 0.057490 0.536520
vt 0.049990 0.537410
vt 0.049520 0.533060
vt 0.053720 0.532290
vt 0.903400 0.005100
vt 0.903830 0.000000
vt 0.909760 0.002590
vt 0.907720 0.009090
vt 0.063210 0.529780
vt 0.059340 0.528120
vt 0.913630 0.009900
vt 0.910200 0.013550
vt 0.063200 0.495490
vt 0.058710 0.495990
vt 0.053750 0.492190
vt 0.063450 0.489370
vt 0.901380 0.050450
vt 0.904020 0.043960
vt 0.909900 0.045240
vt 0.910610 0.050640
vt 0.292120 0.156660
vt 0.306860 0.158890
vt 0.859510 0.078510
vt 0.868840 0.060940
vt 0.886860 0.059140
vt 0.886310 0.053800
vt 0.902640 0.057270
vt 0.869910 0.077540
vt 0.888860 0.071040
vt 0.904830 0.070280
vt 0.915860 0.061690
vt 0.912350 0.055660
vt 0.888720 0.082670
vt 0.904750 0.083050
vt 0.917260 0.077360
vt 0.915280 0.069680
vt 0.869510 0.092940
vt 0.858560 0.094900
vt 0.870430 0.098460
vt 0.289180 0.171520
vt 0.302210 0.174450
vt 0.886980 0.094080
vt 0.885790 0.100250
vt 0.901990 0.095840
vt 0.900310 0.101610
vt 0.914850 0.092710
vt 0.914870 0.084770
vt 0.911120 0.098350
vt 0.908640 0.103410
vt 0.287670 0.179470
vt 0.302240 0.180120
vt 0.857290 0.099980
vt 0.869380 0.103900
vt 0.002750 0.461110
vt 0.000000 0.456680
vt 0.010880 0.449400
vt 0.011530 0.454570
vt 0.287970 0.187490
vt 0.302240 0.185600
vt 0.884840 0.106290
vt 0.025490 0.445550
vt 0.027280 0.450470
vt 0.899200 0.107400
vt 0.037340 0.440880
vt 0.040150 0.445690
vt 0.906540 0.108400
vt 0.042620 0.438430
vt 0.046740 0.441360
vt 0.292170 0.202400
vt 0.307630 0.201360
vt 0.008260 0.475490
vt 0.014880 0.465880
vt 0.029120 0.455190
vt 0.042920 0.449910
vt 0.032910 0.465410
vt 0.048640 0.461100
vt 0.055970 0.448320
vt 0.050570 0.444040
vt 0.019040 0.482250
vt 0.035950 0.476040
vt 0.052260 0.473450
vt 0.063170 0.462460
vt 0.058950 0.455590
vt 0.304460 0.107630
vt 0.319080 0.110800
vt 0.037680 0.486530
vt 0.038570 0.491440
vt 0.053390 0.486080
vt 0.066020 0.478410
vt 0.063910 0.470770
vt 0.064360 0.484890
vt 0.058010 0.398900
vt 0.056160 0.401480
vt 0.053490 0.401150
vt 0.053470 0.397160
vt 0.050820 0.401520
vt 0.048940 0.398960
vt 0.935740 0.137460
vt 0.937620 0.141650
vt 0.933190 0.142030
vt 0.933100 0.138160
vt 0.938010 0.135890
vt 0.940840 0.138550
vt 0.103150 0.422820
vt 0.099930 0.423100
vt 0.098520 0.420720
vt 0.101580 0.418080
vt 0.096320 0.419010
vt 0.097060 0.415870
vt 0.968090 0.102890
vt 0.972490 0.104630
vt 0.969430 0.107960
vt 0.966530 0.105180
vt 0.968500 0.100140
vt 0.972520 0.100110
vt 0.123510 0.471010
vt 0.120850 0.469010
vt 0.121650 0.466260
vt 0.125780 0.466420
vt 0.121000 0.463460
vt 0.123790 0.461660
vt 0.975720 0.059620
vt 0.980520 0.058790
vt 0.979470 0.063320
vt 0.975380 0.062440
vt 0.974450 0.057080
vt 0.978010 0.054890
vt 0.102060 0.523840
vt 0.101800 0.520500
vt 0.104410 0.519310
vt 0.107020 0.522550
vt 0.106070 0.516950
vt 0.109270 0.517900
vt 0.950880 0.015300
vt 0.953920 0.011470
vt 0.956130 0.015600
vt 0.952470 0.017680
vt 0.948220 0.014260
vt 0.949410 0.010230
vt 0.055210 0.442970
vt 0.051700 0.440900
vt 0.047920 0.439010
vt 0.053910 0.422560
vt 0.053840 0.425030
vt 0.050130 0.424560
vt 0.050100 0.422250
vt 0.057710 0.422820
vt 0.057640 0.425390
vt 0.043310 0.437470
vt 0.907940 0.109390
vt 0.911050 0.105020
vt 0.918460 0.121780
vt 0.917260 0.119960
vt 0.921310 0.117070
vt 0.922610 0.119060
vt 0.045030 0.422070
vt 0.045240 0.424090
vt 0.913800 0.101070
vt 0.916560 0.097980
vt 0.925660 0.116990
vt 0.924390 0.114860
vt 0.927380 0.112860
vt 0.928770 0.115090
vt 0.919850 0.095950
vt 0.921400 0.096550
vt 0.059950 0.443010
vt 0.058910 0.444210
vt 0.062880 0.422860
vt 0.062780 0.425490
vt 0.933210 0.112640
vt 0.931730 0.110180
vt 0.064450 0.457150
vt 0.062210 0.453380
vt 0.060170 0.449430
vt 0.079260 0.438640
vt 0.077560 0.440250
vt 0.075090 0.437400
vt 0.076620 0.435800
vt 0.081780 0.441600
vt 0.080050 0.443130
vt 0.058960 0.444170
vt 0.920240 0.096090
vt 0.918770 0.090600
vt 0.918900 0.085900
vt 0.920470 0.081700
vt 0.941780 0.092910
vt 0.939660 0.092180
vt 0.941030 0.088780
vt 0.943170 0.089540
vt 0.940860 0.096460
vt 0.938770 0.095790
vt 0.923290 0.077930
vt 0.924440 0.078040
vt 0.068640 0.459880
vt 0.067720 0.460280
vt 0.085190 0.445590
vt 0.083550 0.446900
vt 0.945420 0.084920
vt 0.943130 0.083970
vt 0.068820 0.474650
vt 0.067840 0.470100
vt 0.067200 0.465490
vt 0.091560 0.466800
vt 0.089320 0.467020
vt 0.088920 0.463470
vt 0.091070 0.463070
vt 0.091720 0.470550
vt 0.089620 0.470550
vt 0.068210 0.460070
vt 0.924240 0.077970
vt 0.920710 0.073520
vt 0.919450 0.069080
vt 0.919710 0.064310
vt 0.944130 0.065010
vt 0.942050 0.065360
vt 0.941760 0.061780
vt 0.943830 0.061460
vt 0.944980 0.068450
vt 0.942890 0.068810
vt 0.921320 0.059030
vt 0.921800 0.058930
vt 0.071650 0.479570
vt 0.071320 0.479600
vt 0.091830 0.475540
vt 0.090100 0.475310
vt 0.943690 0.056400
vt 0.941490 0.056690
vt 0.066440 0.490560
vt 0.067820 0.486560
vt 0.069100 0.482980
vt 0.084950 0.498210
vt 0.083530 0.497030
vt 0.085760 0.494030
vt 0.087260 0.495180
vt 0.082520 0.501150
vt 0.081300 0.500000
vt 0.072640 0.479630
vt 0.922740 0.058640
vt 0.918020 0.056630
vt 0.915530 0.053250
vt 0.913510 0.049240
vt 0.931410 0.038560
vt 0.930240 0.039850
vt 0.927670 0.037030
vt 0.928900 0.035860
vt 0.934080 0.040980
vt 0.932860 0.042320
vt 0.911380 0.044500
vt 0.064600 0.495290
vt 0.079100 0.504880
vt 0.078300 0.503870
vt 0.925570 0.032110
vt 0.924320 0.033260
vt 0.072860 0.432080
vt 0.071650 0.433500
vt 0.939800 0.101530
vt 0.937600 0.101000
vt 0.090270 0.458100
vt 0.088390 0.458660
vt 0.946490 0.073260
vt 0.944300 0.073640
vt 0.090380 0.491070
vt 0.088860 0.490010
vt 0.938070 0.044150
vt 0.936700 0.045690
vt 0.057540 0.413300
vt 0.057670 0.420640
vt 0.053880 0.420490
vt 0.053720 0.413420
vt 0.050100 0.420270
vt 0.049860 0.413280
vt 0.045100 0.420200
vt 0.044880 0.413120
vt 0.922880 0.130180
vt 0.919350 0.123600
vt 0.923580 0.120990
vt 0.927100 0.127660
vt 0.926800 0.118950
vt 0.930370 0.125820
vt 0.930060 0.117070
vt 0.933700 0.124250
vt 0.934490 0.114850
vt 0.938260 0.122390
vt 0.062520 0.412930
vt 0.062750 0.420580
vt 0.091160 0.432450
vt 0.083060 0.440260
vt 0.080600 0.437340
vt 0.088610 0.429640
vt 0.077940 0.434610
vt 0.086020 0.426880
vt 0.074110 0.431100
vt 0.082500 0.423430
vt 0.952740 0.106110
vt 0.941560 0.102250
vt 0.942570 0.097190
vt 0.953790 0.101320
vt 0.943560 0.093540
vt 0.954900 0.097730
vt 0.945010 0.090060
vt 0.956420 0.094320
vt 0.947420 0.085510
vt 0.958820 0.090060
vt 0.094400 0.436150
vt 0.086340 0.444280
vt 0.106540 0.469800
vt 0.093720 0.470350
vt 0.093660 0.466620
vt 0.106570 0.466040
vt 0.093160 0.462930
vt 0.106370 0.462270
vt 0.092170 0.457930
vt 0.105820 0.457380
vt 0.962360 0.070630
vt 0.948740 0.073110
vt 0.947070 0.068280
vt 0.960790 0.065980
vt 0.946180 0.064660
vt 0.959940 0.062340
vt 0.945850 0.060950
vt 0.959540 0.058620
vt 0.945860 0.055830
vt 0.959480 0.053710
vt 0.106260 0.474700
vt 0.093510 0.475430
vt 0.091840 0.510320
vt 0.083620 0.502090
vt 0.086150 0.499260
vt 0.094600 0.507750
vt 0.088460 0.496300
vt 0.097320 0.505100
vt 0.091570 0.492240
vt 0.100770 0.501580
vt 0.947920 0.032620
vt 0.939400 0.042840
vt 0.935280 0.039850
vt 0.943850 0.029950
vt 0.932480 0.037390
vt 0.940920 0.027670
vt 0.929870 0.034650
vt 0.938170 0.025110
vt 0.926540 0.030890
vt 0.934800 0.021580
vt 0.088150 0.513510
vt 0.080040 0.505600
vt 0.056910 0.405280
vt 0.057610 0.411580
vt 0.053670 0.411760
vt 0.053530 0.405490
vt 0.049700 0.411600
vt 0.050150 0.405340
vt 0.044730 0.411400
vt 0.045520 0.404600
vt 0.927790 0.138150
vt 0.923890 0.131860
vt 0.927970 0.129150
vt 0.930810 0.134730
vt 0.931100 0.127380
vt 0.933670 0.132850
vt 0.934380 0.125920
vt 0.936910 0.131840
vt 0.939030 0.124400
vt 0.941450 0.131790
vt 0.061500 0.404410
vt 0.062560 0.411170
vt 0.097240 0.426390
vt 0.092140 0.431630
vt 0.089510 0.428800
vt 0.094900 0.423890
vt 0.086900 0.425940
vt 0.092670 0.421290
vt 0.083430 0.422480
vt 0.089880 0.417490
vt 0.962280 0.108830
vt 0.954140 0.106550
vt 0.955040 0.101730
vt 0.962070 0.104200
vt 0.956100 0.098200
vt 0.962830 0.100820
vt 0.957640 0.094860
vt 0.964550 0.097820
vt 0.960190 0.090680
vt 0.967840 0.094570
vt 0.100710 0.429570
vt 0.095360 0.435330
vt 0.116150 0.469580
vt 0.107860 0.469860
vt 0.107870 0.466020
vt 0.116200 0.466100
vt 0.107730 0.462180
vt 0.116240 0.462610
vt 0.107240 0.457300
vt 0.116550 0.457870
vt 0.973050 0.067990
vt 0.963860 0.070310
vt 0.962150 0.065710
vt 0.970540 0.064040
vt 0.961270 0.062110
vt 0.969450 0.060710
vt 0.960910 0.058430
vt 0.969360 0.057200
vt 0.960990 0.053520
vt 0.970400 0.052640
vt 0.116310 0.474320
vt 0.107530 0.474750
vt 0.098230 0.517290
vt 0.092630 0.511320
vt 0.095470 0.508700
vt 0.100870 0.515000
vt 0.098280 0.506050
vt 0.103530 0.512740
vt 0.101760 0.502570
vt 0.107340 0.509900
vt 0.954310 0.023520
vt 0.948840 0.031360
vt 0.944670 0.028860
vt 0.949860 0.022150
vt 0.941730 0.026660
vt 0.946870 0.020330
vt 0.939060 0.024140
vt 0.944470 0.017770
vt 0.935790 0.020510
vt 0.942160 0.013710
vt 0.094800 0.520580
vt 0.088870 0.514460
vt 0.039670 0.495560
vt 0.028560 0.497130
vt 0.875120 0.049120
vt 0.887280 0.049490
vt 0.893180 0.036700
vt 0.886090 0.032340
vt 0.870820 0.045120
vt 0.022990 0.500460
vt 0.033970 0.507100
vt 0.024210 0.499750
vt 0.039070 0.505620
vt 0.882040 0.028380
vt 0.051570 0.496350
vt 0.057300 0.496410
vt 0.904450 0.041100
vt 0.899280 0.045670
vt 0.900630 0.035810
vt 0.045270 0.506420
vt 0.043240 0.517090
vt 0.043040 0.515700
vt 0.047900 0.514210
vt 0.048080 0.515240
vt 0.897410 0.026920
vt 0.897020 0.028050
vt 0.891030 0.021460
vt 0.891570 0.020050
vt 0.038430 0.517160
vt 0.038170 0.515790
vt 0.886810 0.017070
vt 0.887400 0.015520
vt 0.052930 0.505210
vt 0.055800 0.511720
vt 0.058310 0.502410
vt 0.906860 0.034750
vt 0.903280 0.029320
vt 0.051040 0.524840
vt 0.046460 0.527870
vt 0.043820 0.519820
vt 0.048950 0.517670
vt 0.898580 0.009920
vt 0.903140 0.017070
vt 0.898960 0.024430
vt 0.893280 0.017480
vt 0.889240 0.012820
vt 0.895360 0.004980
vt 0.041800 0.529900
vt 0.038770 0.520300
vt 0.058520 0.521730
vt 0.056750 0.514570
vt 0.062160 0.511630
vt 0.063930 0.519680
vt 0.912870 0.019720
vt 0.910160 0.026770
vt 0.904640 0.026600
vt 0.907760 0.019930
vt 0.061130 0.508560
vt 0.908960 0.029330
vt 0.291730 0.156540
vt 0.262450 0.152510
vt 0.225050 0.165960
vt 0.220890 0.184420
vt 0.218600 0.203490
vt 0.222370 0.224180
vt 0.240810 0.074970
vt 0.237940 0.091420
vt 0.236040 0.108430
vt 0.233360 0.126760
vt 0.229060 0.147580
vt 0.193790 0.161880
vt 0.190000 0.181750
vt 0.187700 0.202170
vt 0.188990 0.224810
vt 0.209460 0.067450
vt 0.206560 0.084150
vt 0.207290 0.103200
vt 0.201450 0.120810
vt 0.197760 0.142400
vt 0.162160 0.157880
vt 0.178420 0.159410
vt 0.174910 0.179830
vt 0.159100 0.178020
vt 0.173160 0.200680
vt 0.157340 0.198080
vt 0.171660 0.223000
vt 0.155930 0.219560
vt 0.177100 0.063360
vt 0.192570 0.064800
vt 0.190810 0.081270
vt 0.175140 0.079040
vt 0.187880 0.100300
vt 0.171460 0.097900
vt 0.185970 0.119250
vt 0.168420 0.116800
vt 0.182160 0.140420
vt 0.165260 0.138610
vt 0.125600 0.157000
vt 0.144710 0.157650
vt 0.141690 0.176320
vt 0.122690 0.175010
vt 0.141170 0.195000
vt 0.123100 0.193390
vt 0.140370 0.218170
vt 0.123860 0.219120
vt 0.147710 0.054380
vt 0.162290 0.060620
vt 0.155740 0.076970
vt 0.140550 0.072590
vt 0.155750 0.095070
vt 0.135800 0.090540
vt 0.151040 0.112500
vt 0.132080 0.108120
vt 0.147420 0.136310
vt 0.128550 0.133530
vt 0.097740 0.154630
vt 0.095490 0.174240
vt 0.096320 0.194180
vt 0.097760 0.220840
vt 0.125410 0.040050
vt 0.116880 0.063620
vt 0.109420 0.081180
vt 0.103650 0.098500
vt 0.100630 0.128430
vt 0.064340 0.148240
vt 0.065290 0.170760
vt 0.068360 0.192980
vt 0.067970 0.220500
vt 0.099480 0.027630
vt 0.090540 0.052250
vt 0.075000 0.073760
vt 0.068160 0.091380
vt 0.063500 0.118320
vt 0.019150 0.130130
vt 0.016580 0.154110
vt 0.032440 0.183660
vt 0.031780 0.220000
vt 0.068310 0.013180
vt 0.066560 0.039830
vt 0.053620 0.065140
vt 0.038720 0.082160
vt 0.030720 0.108020
vt 0.386770 0.916840
vt 0.401220 0.917690
vt 0.396430 0.965240
vt 0.384880 0.963380
vt 0.365000 0.963290
vt 0.361970 0.918210
vt 0.340100 0.965060
vt 0.333450 0.923750
vt 0.859170 0.875630
vt 0.868980 0.837080
vt 0.892480 0.841610
vt 0.887390 0.878400
vt 0.915430 0.880270
vt 0.902040 0.880260
vt 0.904550 0.843500
vt 0.915240 0.842350
vt 0.942890 0.878280
vt 0.928760 0.879380
vt 0.925850 0.841720
vt 0.937250 0.839970
vt 0.960620 0.834380
vt 0.971270 0.875490
vt 0.442140 0.927240
vt 0.431800 0.970660
vt 0.408080 0.967010
vt 0.415190 0.919850
vt 0.388000 0.876060
vt 0.403620 0.876680
vt 0.359780 0.876540
vt 0.324300 0.879270
vt 0.849540 0.917070
vt 0.883620 0.922640
vt 0.915520 0.924590
vt 0.900680 0.924210
vt 0.946700 0.922490
vt 0.930330 0.924110
vt 0.980850 0.916930
vt 0.454170 0.883430
vt 0.419950 0.878510
vt 0.389630 0.831100
vt 0.406900 0.831690
vt 0.357860 0.831380
vt 0.319480 0.830590
vt 0.844600 0.964000
vt 0.882100 0.969700
vt 0.915820 0.972420
vt 0.900140 0.971630
vt 0.948810 0.969580
vt 0.931530 0.971660
vt 0.986260 0.963660
vt 0.463210 0.835860
vt 0.425220 0.833130
vt 0.555230 0.261820
vt 0.554640 0.247030
vt 0.569900 0.246480
vt 0.570580 0.260940
vt 0.572870 0.289490
vt 0.557270 0.291420
vt 0.577570 0.325510
vt 0.561850 0.329120
vt 0.631000 0.243300
vt 0.631920 0.228000
vt 0.668060 0.234670
vt 0.668290 0.250080
vt 0.699500 0.254570
vt 0.685140 0.252890
vt 0.685460 0.237370
vt 0.700740 0.238990
vt 0.730510 0.255960
vt 0.714080 0.255470
vt 0.716120 0.240270
vt 0.733000 0.240840
vt 0.769600 0.239840
vt 0.768400 0.255220
vt 0.554790 0.192610
vt 0.570170 0.194410
vt 0.569710 0.230520
vt 0.554290 0.230400
vt 0.509790 0.263730
vt 0.509660 0.247620
vt 0.530430 0.246910
vt 0.530680 0.263640
vt 0.533050 0.295360
vt 0.510910 0.295490
vt 0.537560 0.333480
vt 0.515200 0.333660
vt 0.624650 0.288590
vt 0.628190 0.267150
vt 0.665480 0.273230
vt 0.662500 0.295780
vt 0.696280 0.300110
vt 0.680520 0.298420
vt 0.682300 0.275640
vt 0.697400 0.277280
vt 0.729690 0.301310
vt 0.712220 0.300890
vt 0.712860 0.278430
vt 0.729400 0.279110
vt 0.767410 0.279280
vt 0.768220 0.300870
vt 0.511280 0.191670
vt 0.531660 0.190760
vt 0.530660 0.229310
vt 0.509910 0.230030
vt 0.475800 0.264660
vt 0.476990 0.246400
vt 0.476750 0.299680
vt 0.482080 0.338780
vt 0.618900 0.321240
vt 0.658300 0.325200
vt 0.693860 0.333460
vt 0.676260 0.331940
vt 0.729450 0.335180
vt 0.711180 0.334660
vt 0.768830 0.334560
vt 0.480620 0.187540
vt 0.478070 0.227520
vt 0.433130 0.265580
vt 0.435110 0.246330
vt 0.432480 0.303610
vt 0.441840 0.344590
vt 0.609480 0.360890
vt 0.648540 0.370750
vt 0.688880 0.377080
vt 0.670110 0.375340
vt 0.727110 0.374970
vt 0.707800 0.377620
vt 0.768250 0.373230
vt 0.446110 0.186570
vt 0.440530 0.226740
vt 0.376350 0.257020
vt 0.377150 0.232830
vt 0.399180 0.241350
vt 0.400240 0.262390
vt 0.407090 0.297140
vt 0.375150 0.294860
vt 0.428760 0.348020
vt 0.403160 0.356390
vt 0.598330 0.399450
vt 0.606210 0.374430
vt 0.646980 0.388960
vt 0.644730 0.420870
vt 0.686580 0.438920
vt 0.669250 0.432600
vt 0.668350 0.394540
vt 0.686400 0.404580
vt 0.727120 0.444410
vt 0.705190 0.441700
vt 0.704150 0.415170
vt 0.723340 0.415230
vt 0.386040 0.162960
vt 0.408440 0.174800
vt 0.401370 0.219970
vt 0.377790 0.210370
vt 0.587580 0.246000
vt 0.588270 0.260250
vt 0.590500 0.288330
vt 0.595450 0.323660
vt 0.636440 0.211420
vt 0.671560 0.218340
vt 0.687780 0.220900
vt 0.701590 0.222600
vt 0.715600 0.223720
vt 0.731340 0.224090
vt 0.767050 0.222560
vt 0.587910 0.194280
vt 0.587370 0.230010
vt 0.677230 0.787760
vt 0.699790 0.786540
vt 0.698690 0.803760
vt 0.676940 0.808240
vt 0.230530 0.619140
vt 0.206010 0.611590
vt 0.214820 0.592970
vt 0.240300 0.600830
vt 0.286830 0.612160
vt 0.279070 0.629680
vt 0.774670 0.791980
vt 0.768900 0.810130
vt 0.722370 0.805680
vt 0.725160 0.786170
vt 0.677000 0.767540
vt 0.699930 0.765500
vt 0.227020 0.641190
vt 0.203380 0.632840
vt 0.275160 0.653320
vt 0.775580 0.768710
vt 0.725470 0.764260
vt 0.675300 0.740120
vt 0.699510 0.743870
vt 0.227690 0.660040
vt 0.204240 0.655040
vt 0.273700 0.679720
vt 0.774440 0.743080
vt 0.723760 0.746190
vt 0.676900 0.712910
vt 0.698230 0.716370
vt 0.232790 0.691650
vt 0.209020 0.685580
vt 0.275980 0.710840
vt 0.768470 0.712670
vt 0.721710 0.716700
vt 0.679230 0.694110
vt 0.702580 0.692880
vt 0.237540 0.716680
vt 0.211870 0.708910
vt 0.276620 0.726900
vt 0.767400 0.696820
vt 0.727460 0.693830
vt 0.683350 0.664800
vt 0.705780 0.666560
vt 0.243240 0.743280
vt 0.211390 0.739140
vt 0.277110 0.741820
vt 0.767680 0.681950
vt 0.731960 0.672890
vt 0.683900 0.646500
vt 0.706490 0.653940
vt 0.235040 0.760150
vt 0.209670 0.760640
vt 0.799610 0.837060
vt 0.807790 0.820430
vt 0.840590 0.823900
vt 0.849540 0.836670
vt 0.489640 0.829410
vt 0.489220 0.845000
vt 0.465460 0.815070
vt 0.471970 0.804720
vt 0.421690 0.749430
vt 0.437130 0.741570
vt 0.442160 0.771360
vt 0.426560 0.772690
vt 0.786480 0.897290
vt 0.768480 0.882280
vt 0.770190 0.849340
vt 0.788910 0.859710
vt 0.413740 0.725630
vt 0.426320 0.715300
vt 0.766580 0.906110
vt 0.756260 0.897200
vt 0.809230 0.929530
vt 0.781840 0.927420
vt 0.446160 0.691270
vt 0.464900 0.710440
vt 0.453060 0.734320
vt 0.436520 0.705200
vt 0.397950 0.709690
vt 0.404490 0.704340
vt 0.742870 0.920420
vt 0.736050 0.912580
vt 0.752520 0.936660
vt 0.417680 0.682320
vt 0.410030 0.697700
vt 0.336880 0.238910
vt 0.332990 0.221050
vt 0.360540 0.231730
vt 0.356040 0.254470
vt 0.337440 0.295300
vt 0.326820 0.272850
vt 0.686580 0.496960
vt 0.666030 0.497660
vt 0.667020 0.466230
vt 0.687640 0.467000
vt 0.730360 0.492030
vt 0.706790 0.495290
vt 0.706690 0.465750
vt 0.729860 0.462870
vt 0.345700 0.154460
vt 0.370420 0.162830
vt 0.363160 0.207920
vt 0.336370 0.199500
vt 0.775350 0.830930
vt 0.452170 0.794980
vt 0.430320 0.791180
vt 0.476620 0.718950
vt 0.466730 0.740790
vt 0.814060 0.911440
vt 0.823820 0.932350
vt 0.810040 0.874720
vt 0.827180 0.855300
vt 0.854330 0.849870
vt 0.485970 0.802870
vt 0.501480 0.821870
vt 0.458160 0.772770
vt 0.470330 0.774960
vt 0.773610 0.458050
vt 0.776320 0.484060
vt 0.767400 0.416730
vt 0.767550 0.442860
vt 0.890590 0.627750
vt 0.896350 0.637370
vt 0.870220 0.654880
vt 0.864310 0.645130
vt 0.731390 0.648280
vt 0.747070 0.633860
vt 0.770220 0.644320
vt 0.760200 0.660520
vt 0.755720 0.608650
vt 0.780190 0.623790
vt 0.872770 0.599610
vt 0.883820 0.619300
vt 0.858270 0.635430
vt 0.844560 0.618590
vt 0.770200 0.552300
vt 0.781070 0.521670
vt 0.786360 0.528560
vt 0.778230 0.555770
vt 0.807980 0.501800
vt 0.808500 0.515230
vt 0.800820 0.517580
vt 0.798750 0.505330
vt 0.835840 0.519780
vt 0.831170 0.526950
vt 0.820910 0.520220
vt 0.825050 0.509210
vt 0.921570 0.622700
vt 0.915450 0.612630
vt 0.714810 0.617150
vt 0.705060 0.635890
vt 0.728850 0.592680
vt 0.752340 0.543370
vt 0.767010 0.508460
vt 0.807510 0.484410
vt 0.792840 0.487440
vt 0.848110 0.504500
vt 0.834510 0.493040
vt 0.909310 0.603300
vt 0.895250 0.583100
vt 0.408410 0.983620
vt 0.430020 0.986270
vt 0.956860 0.819490
vt 0.935440 0.823140
vt 0.925290 0.827220
vt 0.915200 0.828940
vt 0.905130 0.830660
vt 0.892930 0.827990
vt 0.871170 0.821320
vt 0.341700 0.981100
vt 0.364560 0.978050
vt 0.384520 0.979980
vt 0.396760 0.981350
vt 0.787880 0.580570
vt 0.794570 0.606340
vt 0.775980 0.590240
vt 0.760710 0.583390
vt 0.810860 0.571520
vt 0.812440 0.594890
vt 0.803790 0.598790
vt 0.801070 0.573370
vt 0.833820 0.574760
vt 0.831140 0.601240
vt 0.821760 0.596710
vt 0.820250 0.571140
vt 0.848880 0.585420
vt 0.863280 0.577020
vt 0.739600 0.573750
vt 0.884940 0.568140
vt 0.791150 0.548030
vt 0.809440 0.541800
vt 0.801850 0.543080
vt 0.827050 0.542850
vt 0.816990 0.541810
vt 0.841040 0.550020
vt 0.851300 0.546110
vt 0.866600 0.535010
vt 0.795910 0.522060
vt 0.816580 0.517250
vt 0.969910 0.233520
vt 0.999700 0.230220
vt 1.000000 0.266340
vt 0.968090 0.265280
vt 0.997480 0.300690
vt 0.967370 0.298700
vt 0.999680 0.323120
vt 0.966800 0.320740
vt 0.985250 0.347510
vt 0.965750 0.339950
vt 0.965410 0.354690
vt 0.970440 0.223100
vt 0.970730 0.204720
vt 0.981810 0.209180
vt 0.989740 0.217560
vt 0.954250 0.351040
vt 0.946320 0.343190
vt 0.936400 0.320560
vt 0.937160 0.301880
vt 0.936860 0.262740
vt 0.942570 0.229250
vt 0.960320 0.209520
vt 0.952350 0.217840
vt 0.817850 0.504070
vt 0.821720 0.486530
vt 0.790820 0.510310
vt 0.780580 0.494810
vt 0.185180 0.606040
vt 0.164620 0.604470
vt 0.167700 0.580670
vt 0.191790 0.586170
vt 0.183190 0.626320
vt 0.163560 0.623130
vt 0.183730 0.653980
vt 0.164250 0.655110
vt 0.187560 0.685150
vt 0.165350 0.690490
vt 0.188810 0.704700
vt 0.166040 0.707260
vt 0.190960 0.737690
vt 0.168100 0.735960
vt 0.190750 0.755840
vt 0.168510 0.752390
vt 0.751210 0.870460
vt 0.733380 0.862840
vt 0.735500 0.831750
vt 0.753910 0.837350
vt 0.744100 0.890420
vt 0.729420 0.883810
vt 0.729620 0.904900
vt 0.721410 0.902320
vt 0.737630 0.815540
vt 0.758680 0.821510
vt 0.337580 0.295640
vt 0.642400 0.448710
vt 0.642490 0.455360
vt 0.720810 0.173970
vt 0.627850 0.137560
vt 0.638090 0.142320
vt 0.646790 0.144220
vt 0.660630 0.149540
vt 0.678580 0.158480
vt 0.691490 0.165870
vt 0.706050 0.170910
vt 0.723510 0.188530
vt 0.713210 0.187620
vt 0.701080 0.184050
vt 0.686760 0.180720
vt 0.661680 0.173520
vt 0.641920 0.167500
vt 0.632880 0.164870
vt 0.624740 0.162290
vt 0.000000 0.145030
vt 0.001470 0.181940
vt 0.007460 0.213990
vt 0.047750 0.000000
vt 0.042640 0.023680
vt 0.025120 0.043350
vt 0.015320 0.065730
vt 0.011830 0.099240
vt 0.010390 0.121170
vt 0.601490 0.245830
vt 0.601900 0.260060
vt 0.604090 0.287760
vt 0.609160 0.321850
vt 0.640500 0.198410
vt 0.674350 0.204990
vt 0.689380 0.207330
vt 0.702080 0.208890
vt 0.715100 0.210020
vt 0.729890 0.210470
vt 0.764420 0.209060
vt 0.601690 0.194620
vt 0.601030 0.229680
vt 0.276820 0.743110
vt 0.243950 0.744480
vt 0.733080 0.668890
vt 0.767780 0.680630
vt 0.683760 0.645170
vt 0.706660 0.652520
vt 0.235840 0.761010
vt 0.209550 0.761940
vt 0.190390 0.757120
vt 0.168290 0.753730
vt 0.727310 0.663350
vt 0.726200 0.664130
vt 0.389360 0.824080
vt 0.406820 0.824720
vt 0.358300 0.824050
vt 0.322300 0.823180
vt 0.881020 0.976880
vt 0.845650 0.971940
vt 0.915870 0.979930
vt 0.899570 0.979510
vt 0.950090 0.976640
vt 0.932190 0.979030
vt 0.985240 0.971250
vt 0.425500 0.826220
vt 0.461230 0.828290
vt 0.316020 0.135660
vt 0.316440 0.129130
vt 0.317510 0.129040
vt 0.308250 0.159290
vt 0.312670 0.141480
vt 0.313620 0.142190
vt 0.303690 0.180120
vt 0.302960 0.174480
vt 0.304080 0.174490
vt 0.308960 0.200700
vt 0.302980 0.185590
vt 0.304100 0.185590
vt 0.397330 0.708800
vt 0.403740 0.703560
vt 0.742040 0.921130
vt 0.735330 0.913360
vt 0.751450 0.936970
vt 0.409170 0.697020
vt 0.416600 0.682020
vt 0.729110 0.905840
vt 0.721180 0.903320
vt 0.320500 0.111250
vt 0.572150 0.006730
vt 0.569190 0.002740
vt 0.571700 0.000000
vt 0.578810 0.001000
vt 0.596200 0.000000
vt 0.596800 0.003340
vt 0.588510 0.006250
vt 0.587550 0.002510
vt 0.009900 0.015740
vt 0.014440 0.008100
vt 0.642720 0.004970
vt 0.642630 0.000000
vt 0.651400 0.000480
vt 0.646380 0.005610
vt 0.729980 0.110140
vt 0.729880 0.109290
vt 0.716380 0.003380
vt 0.716080 0.000000
vt 0.716070 0.000000
vt 0.725080 0.000120
vt 0.725150 0.003970
vt 0.729800 0.106480
vt 0.729600 0.105990
vt 0.639070 0.036830
vt 0.662340 0.020120
vt 0.691450 0.012650
vt 0.624310 0.059970
vt 0.621650 0.067970
vt 0.617330 0.094130
vt 0.618000 0.116000
vt 0.398820 0.355520
vt 0.594890 0.402040
vt 0.644900 0.495750
vt 0.615960 0.131260
vt 0.609580 0.155970
vt 0.256070 0.950410
vt 0.274800 0.949220
vt 0.273320 0.959080
vt 0.253830 0.960740
vt 0.226410 0.951850
vt 0.223980 0.961550
vt 0.209300 0.952960
vt 0.205740 0.962490
vt 0.169750 0.954620
vt 0.186310 0.954150
vt 0.186920 0.963600
vt 0.170280 0.963970
vt 0.141550 0.955930
vt 0.142300 0.966500
vt 0.116040 0.956210
vt 0.117260 0.966680
vt 0.088110 0.957000
vt 0.088860 0.967660
vt 0.070040 0.957670
vt 0.070930 0.968210
vt 0.038850 0.958360
vt 0.039340 0.969140
vt 0.020260 0.958580
vt 0.019750 0.968270
vt 0.018800 0.956380
vt 0.018360 0.970200
vt 0.038830 0.955550
vt 0.018630 0.945630
vt 0.038880 0.944940
vt 0.068240 0.954930
vt 0.068900 0.944450
vt 0.085670 0.954930
vt 0.085850 0.944150
vt 0.114130 0.953960
vt 0.114770 0.943500
vt 0.140660 0.953380
vt 0.140640 0.942680
vt 0.170140 0.951980
vt 0.169500 0.942430
vt 0.186620 0.950650
vt 0.185910 0.940830
vt 0.225540 0.949270
vt 0.209000 0.950200
vt 0.204760 0.941160
vt 0.222010 0.939880
vt 0.255740 0.947600
vt 0.252350 0.937630
vt 0.276160 0.947210
vt 0.272980 0.936820
vt 0.275130 0.961100
vt 0.253830 0.963580
vt 0.223380 0.964240
vt 0.206320 0.965110
vt 0.187730 0.967050
vt 0.170710 0.966700
vt 0.141640 0.969070
vt 0.115490 0.969130
vt 0.086560 0.969810
vt 0.069190 0.971050
vt 0.039370 0.972010
vt 0.809480 0.953330
vt 0.810980 0.963180
vt 0.792240 0.962030
vt 0.789980 0.951700
vt 0.762580 0.960640
vt 0.760130 0.950950
vt 0.745470 0.959560
vt 0.741890 0.950040
vt 0.723070 0.948970
vt 0.722470 0.958410
vt 0.705920 0.957980
vt 0.706430 0.948630
vt 0.677710 0.956710
vt 0.678440 0.946150
vt 0.652200 0.956480
vt 0.653400 0.946010
vt 0.624270 0.955740
vt 0.625000 0.945090
vt 0.606200 0.955110
vt 0.607070 0.944570
vt 0.575010 0.954480
vt 0.575480 0.943690
vt 0.556410 0.954280
vt 0.555890 0.944590
vt 0.554960 0.956490
vt 0.554500 0.942670
vt 0.554810 0.967240
vt 0.574990 0.957280
vt 0.575060 0.967900
vt 0.604410 0.957850
vt 0.605080 0.968330
vt 0.621830 0.957820
vt 0.622040 0.968600
vt 0.650300 0.958740
vt 0.650960 0.969190
vt 0.676820 0.959270
vt 0.676820 0.969970
vt 0.706310 0.960620
vt 0.705690 0.970170
vt 0.722790 0.961920
vt 0.722100 0.971730
vt 0.740950 0.971370
vt 0.745180 0.962320
vt 0.761710 0.963220
vt 0.758200 0.972620
vt 0.791920 0.964840
vt 0.788540 0.974820
vt 0.812330 0.965190
vt 0.809180 0.975590
vt 0.811290 0.951310
vt 0.789970 0.948860
vt 0.759520 0.948260
vt 0.742460 0.947420
vt 0.723870 0.945520
vt 0.706850 0.945890
vt 0.677780 0.943570
vt 0.651630 0.943560
vt 0.622700 0.942940
vt 0.605320 0.941730
vt 0.575500 0.940820
s 1
f 1/1/1 2/2/2 3/3/3
f 3/3/3 4/4/4 1/1/1
f 2/2/2 1/1/1 5/5/5
f 5/5/5 6/6/6 2/2/2
f 7/7/7 8/8/8 6/6/6
f 6/6/6 5/5/5 7/7/7
f 9/9/9 10/10/10 1/1/1
f 1/1/1 4/4/4 9/9/9
f 11/11/11 12/12/12 4/4/4
f 4/4/4 3/3/3 11/11/11
f 13/13/13 11/11/11 3/3/3
f 3/3/3 2/2/2 13/13/13
f 14/14/14 13/13/13 2/2/2
f 2/2/2 6/6/6 14/14/14
f 15/15/15 16/16/16 5/5/5
f 5/5/5 1/1/1 15/15/15
f 17/17/17 18/18/18 8/8/8
f 8/8/8 7/7/7 17/17/17
f 19/19/19 20/20/20 7/7/7
f 7/7/7 5/5/5 19/19/19
f 18/18/18 14/14/14 6/6/6
f 6/6/6 8/8/8 18/18/18
f 21/21/21 22/22/22 23/23/23
f 23/23/23 24/24/24 21/21/21
f 25/25/25 23/23/23 22/22/22
f 22/22/22 26/26/26 25/25/25
f 26/26/26 27/27/27 28/28/28
f 28/28/28 25/25/25 26/26/26
f 23/23/23 29/29/29 30/30/30
f 30/30/30 24/24/24 23/23/23
f 24/24/24 31/31/31 32/32/32
f 32/32/32 21/21/21 24/24/24
f 21/21/21 32/32/32 33/33/33
f 33/33/33 22/22/22 21/21/21
f 22/22/22 33/33/33 34/34/34
f 34/34/34 26/26/26 22/22/22
f 25/25/25 35/35/35 36/36/36
f 36/36/36 23/23/23 25/25/25
f 27/27/27 37/37/37 38/38/38
f 38/38/38 28/28/28 27/27/27
f 28/28/28 39/39/39 40/40/40
f 40/40/40 25/25/25 28/28/28
f 26/26/26 34/34/34 37/37/37
f 37/37/37 27/27/27 26/26/26
f 41/41/41 42/42/42 43/43/43
f 43/43/43 44/44/44 41/41/41
f 44/44/44 43/43/43 45/45/45
f 45/45/45 46/46/46 44/44/44
f 47/47/47 48/48/48 49/49/49
f 49/49/49 50/50/50 47/47/47
f 50/50/50 49/49/49 51/51/51
f 51/51/51 52/52/52 50/50/50
f 52/52/52 51/51/51 53/53/53
f 53/53/53 54/54/54 52/52/52
f 54/54/54 53/53/53 55/55/55
f 55/55/55 56/56/56 54/54/54
f 56/56/56 55/55/55 57/57/57
f 57/57/57 58/58/58 56/56/56
f 58/58/58 57/57/57 59/59/59
f 59/59/59 60/60/60 58/58/58
f 60/60/60 59/59/59 61/61/61
f 61/61/61 62/62/62 60/60/60
f 62/62/62 61/61/61 63/63/63
f 63/63/63 64/64/64 62/62/62
f 64/64/64 63/63/63 65/65/65
f 65/65/65 66/66/66 64/64/64
f 66/66/66 65/65/65 42/42/42
f 42/42/42 41/41/41 66/66/66
f 67/67/67 68/68/68 69/69/69
f 69/69/69 70/70/70 67/67/67
f 70/70/70 69/69/69 71/71/71
f 71/71/71 72/72/72 70/70/70
f 73/73/73 74/74/71 75/75/74
f 75/75/74 76/76/75 73/73/73
f 76/76/75 75/75/74 77/77/76
f 77/77/76 78/78/77 76/76/75
f 78/78/77 77/77/76 79/79/78
f 79/79/78 80/80/79 78/78/77
f 80/80/79 79/79/78 81/81/80
f 81/81/80 82/82/81 80/80/79
f 82/82/81 81/81/80 83/83/82
f 83/83/82 84/84/83 82/82/81
f 84/84/83 83/83/82 85/85/84
f 85/85/84 86/86/85 84/84/83
f 86/86/85 85/85/84 87/87/86
f 87/87/86 88/88/87 86/86/85
f 88/88/87 87/87/86 89/89/88
f 89/89/88 90/90/89 88/88/87
f 90/90/89 89/89/88 91/91/90
f 91/91/90 92/92/91 90/90/89
f 92/92/91 91/91/90 68/68/68
f 68/68/68 67/67/67 92/92/91
f 93/93/92 67/67/67 70/70/70
f 70/70/70 94/94/93 93/93/92
f 94/94/93 70/70/70 72/72/72
f 72/72/72 95/95/94 94/94/93
f 96/96/95 73/73/73 76/76/75
f 76/76/75 97/97/96 96/96/95
f 97/97/96 76/76/75 78/78/77
f 78/78/77 98/98/97 97/97/96
f 98/98/97 78/78/77 80/80/79
f 80/80/79 99/99/98 98/98/97
f 99/99/98 80/80/79 82/82/81
f 82/82/81 100/100/99 99/99/98
f 100/100/99 82/82/81 84/84/83
f 84/84/83 101/101/100 100/100/99
f 101/101/100 84/84/83 86/86/85
f 86/86/85 102/102/101 101/101/100
f 102/102/101 86/86/85 88/88/87
f 88/88/87 103/103/102 102/102/101
f 103/103/102 88/88/87 90/90/89
f 90/90/89 104/104/103 103/103/102
f 104/104/103 90/90/89 92/92/91
f 92/92/91 105/105/104 104/104/103
f 105/105/104 92/92/91 67/67/67
f 67/67/67 93/93/92 105/105/104
f 106/106/105 93/93/92 94/94/93
f 94/94/93 107/107/106 106/106/105
f 107/107/106 94/94/93 95/95/94
f 95/95/94 108/108/107 107/107/106
f 109/109/108 96/96/95 97/97/96
f 97/97/96 110/110/109 109/109/108
f 110/110/109 97/97/96 98/98/97
f 98/98/97 111/111/110 110/110/109
f 111/111/110 98/98/97 99/99/98
f 99/99/98 112/112/111 111/111/110
f 112/112/111 99/99/98 100/100/99
f 100/100/99 113/113/112 112/112/111
f 113/113/112 100/100/99 101/101/100
f 101/101/100 114/114/113 113/113/112
f 114/114/113 101/101/100 102/102/101
f 102/102/101 115/115/114 114/114/113
f 115/115/114 102/102/101 103/103/102
f 103/103/102 116/116/115 115/115/114
f 116/116/115 103/103/102 104/104/103
f 104/104/103 117/117/116 116/116/115
f 117/117/116 104/104/103 105/105/104
f 105/105/104 118/118/117 117/117/116
f 118/118/117 105/105/104 93/93/92
f 93/93/92 106/106/105 118/118/117
f 119/119/118 106/106/105 107/107/106
f 107/107/106 120/120/119 119/119/118
f 120/120/119 107/107/106 108/108/107
f 108/108/107 121/121/120 120/120/119
f 122/122/120 109/109/108 110/110/109
f 110/110/109 123/123/121 122/122/120
f 123/123/121 110/110/109 111/111/110
f 111/111/110 124/124/122 123/123/121
f 124/124/122 111/111/110 112/112/111
f 112/112/111 125/125/123 124/124/122
f 125/125/123 112/112/111 113/113/112
f 113/113/112 126/126/124 125/125/123
f 126/126/124 113/113/112 114/114/113
f 114/114/113 127/127/125 126/126/124
f 127/127/125 114/114/113 115/115/114
f 115/115/114 128/128/126 127/127/125
f 128/128/126 115/115/114 116/116/115
f 116/116/115 129/129/127 128/128/126
f 129/129/127 116/116/115 117/117/116
f 117/117/116 130/130/128 129/129/127
f 130/130/128 117/117/116 118/118/117
f 118/118/117 131/131/129 130/130/128
f 131/131/129 118/118/117 106/106/105
f 106/106/105 119/119/118 131/131/129
f 119/119/118 120/120/119 132/132/130
f 120/120/119 121/121/120 132/132/130
f 122/122/120 123/123/121 132/132/130
f 123/123/121 124/124/122 132/132/130
f 124/124/122 125/125/123 132/132/130
f 125/125/123 126/126/124 132/132/130
f 126/126/124 127/127/125 132/132/130
f 127/127/125 128/128/126 132/132/130
f 128/128/126 129/129/127 132/132/130
f 129/129/127 130/130/128 132/132/130
f 130/130/128 131/131/129 132/132/130
f 131/131/129 119/119/118 132/132/130
f 42/42/42 133/133/131 134/134/132
f 134/134/132 43/43/43 42/42/42
f 44/44/44 69/69/69 68/68/68
f 68/68/68 41/41/41 44/44/44
f 43/43/43 134/134/132 135/135/133
f 135/135/133 45/45/45 43/43/43
f 46/46/46 71/71/71 69/69/69
f 69/69/69 44/44/44 46/46/46
f 48/48/48 136/136/133 137/137/134
f 137/137/134 49/49/49 48/48/48
f 50/50/50 75/75/74 74/74/71
f 74/74/71 47/47/47 50/50/50
f 49/49/49 137/137/134 138/138/135
f 138/138/135 51/51/51 49/49/49
f 52/52/52 77/77/76 75/75/74
f 75/75/74 50/50/50 52/52/52
f 51/51/51 138/138/135 139/139/136
f 139/139/136 53/53/53 51/51/51
f 54/54/54 79/79/78 77/77/76
f 77/77/76 52/52/52 54/54/54
f 53/53/53 139/139/136 140/140/137
f 140/140/137 55/55/55 53/53/53
f 56/56/56 81/81/80 79/79/78
f 79/79/78 54/54/54 56/56/56
f 55/55/55 140/140/137 141/141/138
f 141/141/138 57/57/57 55/55/55
f 58/58/58 83/83/82 81/81/80
f 81/81/80 56/56/56 58/58/58
f 57/57/57 141/141/138 142/142/139
f 142/142/139 59/59/59 57/57/57
f 60/60/60 85/85/84 83/83/82
f 83/83/82 58/58/58 60/60/60
f 59/59/59 142/142/139 143/143/140
f 143/143/140 61/61/61 59/59/59
f 62/62/62 87/87/86 85/85/84
f 85/85/84 60/60/60 62/62/62
f 61/61/61 143/143/140 144/144/141
f 144/144/141 63/63/63 61/61/61
f 64/64/64 89/89/88 87/87/86
f 87/87/86 62/62/62 64/64/64
f 63/63/63 144/144/141 145/145/142
f 145/145/142 65/65/65 63/63/63
f 66/66/66 91/91/90 89/89/88
f 89/89/88 64/64/64 66/66/66
f 65/65/65 145/145/142 133/133/131
f 133/133/131 42/42/42 65/65/65
f 41/41/41 68/68/68 91/91/90
f 91/91/90 66/66/66 41/41/41
f 146/146/143 147/147/144 148/148/145
f 148/148/145 149/149/146 146/146/143
f 146/146/143 150/150/147 151/151/148
f 151/151/148 147/147/144 146/146/143
f 152/152/149 153/153/150 154/154/151
f 154/154/151 155/155/152 152/152/149
f 156/156/153 157/157/154 158/158/155
f 158/158/155 159/159/156 156/156/153
f 160/160/157 148/148/145 161/161/158
f 160/160/157 161/161/158 162/162/159
f 2301/163/160 2896/164/161 2897/165/162
f 163/166/163 164/167/164 146/146/143
f 146/146/143 149/149/146 163/166/163
f 165/168/165 166/169/166 149/149/146
f 149/149/146 148/148/145 165/168/165
f 167/170/167 168/171/168 150/150/147
f 150/150/147 146/146/143 167/170/167
f 169/172/169 170/173/170 151/151/148
f 151/151/148 150/150/147 169/172/169
f 171/174/171 172/175/172 173/176/173
f 173/176/173 174/177/174 171/174/171
f 175/178/175 176/179/176 177/180/177
f 177/180/177 178/181/178 175/178/175
f 179/182/179 180/183/180 181/184/181
f 181/184/181 182/185/182 179/182/179
f 183/186/183 184/187/184 185/188/185
f 185/188/185 186/189/186 183/186/183
f 187/190/187 188/191/188 189/192/189
f 189/192/189 190/193/190 187/190/187
f 191/194/191 189/192/189 188/191/188
f 188/191/188 192/195/192 191/194/191
f 193/196/193 194/197/194 195/198/195
f 195/198/195 196/199/196 193/196/193
f 197/200/197 198/201/198 199/202/199
f 199/202/199 200/203/200 197/200/197
f 182/185/182 201/204/201 202/205/202
f 202/205/202 179/182/179 182/185/182
f 203/206/203 204/207/204 205/208/205
f 190/193/190 185/188/185 184/187/184
f 184/187/184 187/190/187 190/193/190
f 192/195/192 181/184/181 180/183/180
f 180/183/180 191/194/191 192/195/192
f 206/209/206 207/210/207 175/178/175
f 175/178/175 178/181/178 206/209/206
f 204/207/204 208/211/208 205/208/205
f 186/189/186 202/205/202 201/204/201
f 201/204/201 183/186/183 186/189/186
f 209/212/209 210/213/210 180/183/180
f 180/183/180 179/182/179 209/212/209
f 179/182/179 202/205/202 211/214/211
f 211/214/211 209/212/209 179/182/179
f 212/215/212 211/214/211 202/205/202
f 202/205/202 186/189/186 212/215/212
f 186/189/186 185/188/185 213/216/213
f 213/216/213 212/215/212 186/189/186
f 214/217/214 213/216/213 185/188/185
f 185/188/185 190/193/190 214/217/214
f 190/193/190 189/192/189 215/218/215
f 215/218/215 214/217/214 190/193/190
f 216/219/216 215/218/215 189/192/189
f 189/192/189 191/194/191 216/219/216
f 191/194/191 180/183/180 210/213/210
f 210/213/210 216/219/216 191/194/191
f 217/220/217 210/213/210 209/212/209
f 209/212/209 218/221/218 217/220/217
f 209/212/209 211/214/211 198/201/198
f 198/201/198 218/221/218 209/212/209
f 219/222/219 198/201/198 211/214/211
f 211/214/211 212/215/212 219/222/219
f 212/215/212 213/216/213 220/223/220
f 220/223/220 219/222/219 212/215/212
f 221/224/221 220/223/220 213/216/213
f 213/216/213 214/217/214 221/224/221
f 222/225/222 223/226/223 224/227/224
f 224/227/224 225/228/225 222/225/222
f 224/227/224 226/229/226 227/230/227
f 227/230/227 225/228/225 224/227/224
f 178/181/178 177/180/177 203/206/203
f 203/206/203 205/208/205 178/181/178
f 205/208/205 208/211/208 206/209/206
f 206/209/206 178/181/178 205/208/205
f 228/231/228 176/179/176 175/178/175
f 207/210/207 228/231/228 175/178/175
f 229/232/229 230/233/230 217/220/217
f 217/220/217 218/221/218 229/232/229
f 231/234/231 174/177/232 173/176/233
f 173/176/233 232/235/234 231/234/231
f 233/236/235 234/237/236 235/238/237
f 235/238/237 236/239/238 233/236/235
f 226/229/226 234/237/236 233/236/235
f 233/236/235 227/230/227 226/229/226
f 222/225/222 225/228/225 237/240/239
f 237/240/239 238/241/240 222/225/222
f 225/228/225 227/230/227 239/242/241
f 239/242/241 237/240/239 225/228/225
f 227/230/227 233/236/235 240/243/242
f 240/243/242 239/242/241 227/230/227
f 241/244/243 242/245/244 243/246/245
f 243/246/245 244/247/246 241/244/243
f 245/248/247 246/249/248 247/250/249
f 247/250/249 248/251/250 245/248/247
f 249/252/251 250/253/252 174/177/253
f 174/177/253 251/254/254 249/252/251
f 252/255/255 253/256/256 224/227/224
f 224/227/224 223/226/223 252/255/255
f 253/256/256 254/257/257 226/229/226
f 226/229/226 224/227/224 253/256/256
f 255/258/258 256/259/259 257/260/260
f 257/260/260 258/261/261 255/258/258
f 259/262/262 235/238/237 234/237/236
f 234/237/236 260/263/263 259/262/262
f 254/257/257 260/263/263 234/237/236
f 234/237/236 226/229/226 254/257/257
f 261/264/264 262/265/265 263/266/266
f 263/266/266 264/267/267 261/264/264
f 261/264/264 264/267/267 265/268/268
f 265/268/268 266/269/269 261/264/264
f 266/269/269 265/268/268 267/270/270
f 267/270/270 268/271/271 266/269/269
f 236/239/238 257/260/260 269/272/272
f 269/272/272 270/273/273 236/239/238
f 236/239/238 235/238/237 258/261/261
f 258/261/261 257/260/260 236/239/238
f 259/262/262 255/258/258 258/261/261
f 258/261/261 235/238/237 259/262/262
f 271/274/274 272/275/275 230/233/230
f 230/233/230 229/232/229 271/274/274
f 229/232/229 194/197/194 250/253/252
f 250/253/252 273/276/276 229/232/229
f 274/277/277 250/253/252 194/197/194
f 194/197/194 193/196/193 274/277/277
f 243/246/245 242/245/244 246/249/248
f 246/249/248 245/248/247 243/246/245
f 275/278/278 276/279/279 277/280/280
f 277/280/280 278/281/281 275/278/278
f 279/282/282 280/283/283 281/284/284
f 281/284/284 282/285/285 279/282/282
f 174/177/253 250/253/252 274/277/277
f 274/277/277 171/174/286 174/177/253
f 283/286/287 284/287/288 256/259/259
f 256/259/259 255/258/258 283/286/287
f 230/233/230 285/288/289 255/258/258
f 255/258/258 259/262/262 230/233/230
f 259/262/262 260/263/263 217/220/217
f 217/220/217 230/233/230 259/262/262
f 210/213/210 217/220/217 260/263/263
f 260/263/263 254/257/257 210/213/210
f 216/219/216 210/213/210 254/257/257
f 254/257/257 253/256/256 216/219/216
f 215/218/215 216/219/216 253/256/256
f 253/256/256 252/255/255 215/218/215
f 187/190/187 184/187/184 286/289/290
f 286/289/290 287/290/291 187/190/187
f 183/186/183 288/291/292 286/289/290
f 286/289/290 184/187/184 183/186/183
f 183/186/183 201/204/201 289/292/293
f 289/292/293 288/291/292 183/186/183
f 182/185/182 290/293/294 289/292/293
f 289/292/293 201/204/201 182/185/182
f 182/185/182 181/184/181 291/294/295
f 291/294/295 290/293/294 182/185/182
f 192/195/192 292/295/296 291/294/295
f 291/294/295 181/184/181 192/195/192
f 192/195/192 188/191/188 293/296/297
f 293/296/297 292/295/296 192/195/192
f 187/190/187 287/290/291 293/296/297
f 293/296/297 188/191/188 187/190/187
f 294/297/298 295/298/299 296/299/300
f 296/299/300 297/300/301 294/297/298
f 298/301/302 294/297/298 297/300/301
f 297/300/301 299/302/303 298/301/302
f 300/303/304 298/301/302 299/302/303
f 299/302/303 301/304/305 300/303/304
f 302/305/306 300/303/304 301/304/305
f 301/304/305 303/306/307 302/305/306
f 295/298/299 304/307/308 305/308/309
f 305/308/309 296/299/300 295/298/299
f 297/300/301 296/299/300 306/309/310
f 306/309/310 307/310/311 297/300/301
f 299/302/303 297/300/301 307/310/311
f 307/310/311 308/311/312 299/302/303
f 301/304/305 299/302/303 308/311/312
f 308/311/312 309/312/313 301/304/305
f 303/306/307 301/304/305 309/312/313
f 309/312/313 310/313/314 303/306/307
f 296/299/300 305/308/309 311/314/315
f 311/314/315 306/309/310 296/299/300
f 307/310/311 306/309/310 312/315/316
f 312/315/316 313/316/317 307/310/311
f 308/311/312 307/310/311 313/316/317
f 313/316/317 314/317/318 308/311/312
f 309/312/313 308/311/312 314/317/318
f 314/317/318 315/318/319 309/312/313
f 310/313/314 309/312/313 315/318/319
f 315/318/319 316/319/320 310/313/314
f 306/309/310 311/314/315 317/320/321
f 317/320/321 312/315/316 306/309/310
f 313/316/317 312/315/316 318/321/322
f 318/321/322 319/322/323 313/316/317
f 314/317/318 313/316/317 319/322/323
f 319/322/323 320/323/324 314/317/318
f 315/318/319 314/317/318 320/323/324
f 320/323/324 321/324/325 315/318/319
f 316/319/320 315/318/319 321/324/325
f 321/324/325 322/325/326 316/319/320
f 322/325/326 323/326/327 220/223/220
f 220/223/220 316/319/320 322/325/326
f 312/315/316 317/320/321 324/327/328
f 324/327/328 318/321/322 312/315/316
f 325/328/329 326/329/330 327/330/331
f 327/330/331 328/331/332 325/328/329
f 329/332/333 325/328/329 328/331/332
f 328/331/332 330/333/334 329/332/333
f 325/328/329 331/334/335 332/335/336
f 332/335/336 326/329/330 325/328/329
f 333/336/337 331/334/335 325/328/329
f 325/328/329 329/332/333 333/336/337
f 334/337/338 335/338/339 336/339/340
f 336/339/340 337/340/341 334/337/338
f 338/341/342 339/342/343 197/200/197
f 197/200/197 200/203/200 338/341/342
f 198/201/198 219/222/219 340/343/344
f 340/343/344 199/202/199 198/201/198
f 219/222/219 220/223/220 323/326/327
f 323/326/327 340/343/344 219/222/219
f 335/338/339 341/344/345 342/345/346
f 342/345/346 336/339/340 335/338/339
f 337/340/341 336/339/340 343/346/347
f 343/346/347 344/347/348 337/340/341
f 200/203/200 345/348/349 346/349/350
f 346/349/350 338/341/342 200/203/200
f 347/350/351 348/351/352 349/352/353
f 349/352/353 350/353/354 347/350/351
f 348/351/352 332/335/336 331/334/335
f 331/334/335 349/352/353 348/351/352
f 336/339/340 342/345/346 351/354/355
f 351/354/355 343/346/347 336/339/340
f 200/203/200 199/202/199 352/355/356
f 352/355/356 345/348/349 200/203/200
f 316/319/320 220/223/220 221/224/221
f 221/224/221 310/313/314 316/319/320
f 310/313/314 221/224/221 353/356/357
f 353/356/357 303/306/307 310/313/314
f 354/357/358 346/349/350 345/348/349
f 345/348/349 355/358/359 354/357/358
f 350/353/354 349/352/353 356/359/360
f 356/359/360 357/360/361 350/353/354
f 349/352/353 331/334/335 333/336/337
f 333/336/337 356/359/360 349/352/353
f 343/346/347 351/354/355 358/361/362
f 358/361/362 359/362/363 343/346/347
f 345/348/349 352/355/356 360/363/364
f 360/363/364 355/358/359 345/348/349
f 305/308/309 304/307/308 361/364/365
f 361/364/365 362/365/366 305/308/309
f 311/314/315 305/308/309 362/365/366
f 362/365/366 363/366/367 311/314/315
f 317/320/321 311/314/315 363/366/367
f 363/366/367 364/367/368 317/320/321
f 324/327/328 317/320/321 364/367/368
f 364/367/368 365/368/369 324/327/328
f 362/365/366 361/364/365 366/369/370
f 366/369/370 367/370/371 362/365/366
f 363/366/367 362/365/366 367/370/371
f 367/370/371 368/371/372 363/366/367
f 364/367/368 363/366/367 368/371/372
f 368/371/372 369/372/373 364/367/368
f 365/368/369 364/367/368 369/372/373
f 369/372/373 360/363/364 365/368/369
f 368/371/372 367/370/371 370/373/374
f 370/373/374 371/374/375 368/371/372
f 369/372/373 368/371/372 371/374/375
f 371/374/375 372/375/376 369/372/373
f 360/363/364 369/372/373 372/375/376
f 372/375/376 355/358/359 360/363/364
f 303/306/307 353/356/357 373/376/377
f 373/376/377 302/305/306 303/306/307
f 321/324/325 320/323/324 374/377/378
f 374/377/378 375/378/379 321/324/325
f 322/325/326 321/324/325 375/378/379
f 375/378/379 376/379/380 322/325/326
f 319/322/323 318/321/322 377/380/381
f 377/380/381 378/381/382 319/322/323
f 320/323/324 319/322/323 378/381/382
f 378/381/382 374/377/378 320/323/324
f 323/326/327 322/325/326 376/379/380
f 376/379/380 379/382/383 323/326/327
f 318/321/322 324/327/328 380/383/384
f 380/383/384 377/380/381 318/321/322
f 340/343/344 381/384/385 199/202/199
f 199/202/199 382/385/386 352/355/356
f 340/343/344 323/326/327 379/382/383
f 379/382/383 381/384/385 340/343/344
f 360/363/364 352/355/356 382/385/386
f 382/385/386 383/386/387 360/363/364
f 365/368/369 360/363/364 383/386/387
f 383/386/387 384/387/388 365/368/369
f 324/327/328 365/368/369 384/387/388
f 384/387/388 380/383/384 324/327/328
f 375/378/379 374/377/378 328/331/332
f 328/331/332 327/330/331 375/378/379
f 376/379/380 375/378/379 327/330/331
f 327/330/331 326/329/330 376/379/380
f 378/381/382 377/380/381 329/332/333
f 329/332/333 330/333/334 378/381/382
f 374/377/378 378/381/382 330/333/334
f 330/333/334 328/331/332 374/377/378
f 379/382/383 376/379/380 326/329/330
f 326/329/330 332/335/336 379/382/383
f 377/380/381 380/383/384 333/336/337
f 333/336/337 329/332/333 377/380/381
f 199/202/199 381/384/385 348/351/352
f 348/351/352 347/350/351 199/202/199
f 382/385/386 199/202/199 347/350/351
f 347/350/351 350/353/354 382/385/386
f 381/384/385 379/382/383 332/335/336
f 332/335/336 348/351/352 381/384/385
f 383/386/387 382/385/386 350/353/354
f 350/353/354 357/360/361 383/386/387
f 384/387/388 383/386/387 357/360/361
f 357/360/361 356/359/360 384/387/388
f 380/383/384 384/387/388 356/359/360
f 356/359/360 333/336/337 380/383/384
f 218/221/218 198/201/198 197/200/197
f 197/200/197 195/198/195 218/221/218
f 195/198/195 197/200/197 339/342/343
f 339/342/343 196/199/196 195/198/195
f 248/251/250 247/250/249 341/344/345
f 341/344/345 335/338/339 248/251/250
f 385/388/389 248/251/250 335/338/339
f 335/338/339 334/337/338 385/388/389
f 218/221/218 195/198/195 194/197/194
f 194/197/194 229/232/229 218/221/218
f 241/244/390 244/247/391 172/175/172
f 172/175/172 171/174/171 241/244/390
f 171/174/286 274/277/277 242/245/244
f 242/245/244 241/244/243 171/174/286
f 274/277/277 193/196/193 246/249/248
f 246/249/248 242/245/244 274/277/277
f 193/196/193 196/199/196 247/250/249
f 247/250/249 246/249/248 193/196/193
f 196/199/196 339/342/343 341/344/345
f 341/344/345 247/250/249 196/199/196
f 338/341/342 342/345/346 341/344/345
f 341/344/345 339/342/343 338/341/342
f 338/341/342 346/349/350 351/354/355
f 351/354/355 342/345/346 338/341/342
f 354/357/358 358/361/362 351/354/355
f 351/354/355 346/349/350 354/357/358
f 366/369/370 386/389/392 370/373/374
f 370/373/374 367/370/371 366/369/370
f 387/390/393 388/391/394 389/392/395
f 389/392/395 390/393/396 387/390/393
f 391/394/397 392/395/398 393/396/399
f 393/396/399 394/397/400 391/394/397
f 395/398/401 396/399/402 397/400/403
f 397/400/403 398/401/404 395/398/401
f 390/393/396 389/392/395 399/402/405
f 399/402/405 400/403/406 390/393/396
f 401/404/407 402/405/408 403/406/409
f 403/406/409 404/407/410 401/404/407
f 405/408/411 406/409/412 407/410/413
f 407/410/413 408/411/414 405/408/411
f 404/407/410 403/406/409 409/412/415
f 409/412/415 410/413/416 404/407/410
f 411/414/417 405/408/411 408/411/414
f 408/411/414 412/415/418 411/414/417
f 413/416/419 414/417/420 415/418/421
f 415/418/421 416/419/422 413/416/419
f 417/420/423 418/421/424 419/422/425
f 419/422/425 420/423/426 417/420/423
f 400/403/406 399/402/405 421/424/427
f 421/424/427 422/425/428 400/403/406
f 398/401/404 397/400/403 423/426/429
f 423/426/429 424/427/430 398/401/404
f 398/401/404 424/427/430 425/428/431
f 425/428/431 426/429/432 398/401/404
f 426/429/432 425/428/431 427/430/433
f 427/430/433 419/422/425 426/429/432
f 427/430/433 420/423/426 419/422/425
f 424/427/430 423/426/429 428/431/434
f 429/432/435 425/428/431 424/427/430
f 424/427/430 428/431/434 429/432/435
f 430/433/436 427/430/433 425/428/431
f 425/428/431 429/432/435 430/433/436
f 431/434/437 432/435/438 427/430/433
f 429/432/435 428/431/434 433/436/439
f 434/437/440 430/433/436 429/432/435
f 429/432/435 433/436/439 434/437/440
f 435/438/441 436/439/442 430/433/436
f 428/431/434 423/426/429 437/440/443
f 437/440/443 423/426/429 438/441/444
f 438/441/444 439/442/445 437/440/443
f 422/425/428 421/424/427 440/443/446
f 440/443/446 441/444/447 422/425/428
f 442/445/448 433/436/439 428/431/434
f 428/431/434 437/440/443 442/445/448
f 442/445/448 437/440/443 439/442/445
f 439/442/445 443/446/449 442/445/448
f 444/447/450 434/437/440 433/436/439
f 433/436/439 442/445/448 444/447/450
f 444/447/450 442/445/448 443/446/449
f 443/446/449 445/448/451 444/447/450
f 446/449/452 447/450/453 434/437/440
f 444/447/450 448/451/454 449/452/455
f 441/444/447 440/443/446 450/453/456
f 450/453/456 451/454/457 441/444/447
f 439/442/445 438/441/444 452/455/458
f 452/455/458 453/456/459 439/442/445
f 454/457/460 455/458/461 456/459/462
f 456/459/462 457/460/463 454/457/460
f 451/454/457 450/453/456 458/461/464
f 458/461/464 459/462/465 451/454/457
f 439/442/445 453/456/459 460/463/466
f 460/463/466 443/446/449 439/442/445
f 461/464/467 454/457/460 457/460/463
f 457/460/463 462/465/468 461/464/467
f 443/446/449 460/463/466 463/466/469
f 463/466/469 445/448/451 443/446/449
f 464/467/470 461/464/467 462/465/468
f 462/465/468 465/468/471 464/467/470
f 445/448/451 463/466/469 466/469/472
f 466/469/472 448/451/454 445/448/451
f 467/470/473 464/467/470 465/468/471
f 465/468/471 468/471/474 467/470/473
f 459/462/465 458/461/464 469/472/475
f 469/472/475 470/473/476 459/462/465
f 457/460/463 456/459/462 471/474/477
f 471/474/477 472/475/478 457/460/463
f 457/460/463 472/475/478 473/476/479
f 473/476/479 462/465/468 457/460/463
f 462/465/468 473/476/479 474/477/480
f 474/477/480 465/468/471 462/465/468
f 474/477/480 468/471/474 465/468/471
f 473/476/479 472/475/478 475/478/481
f 476/479/482 474/477/480 473/476/479
f 473/476/479 475/478/481 476/479/482
f 477/480/483 478/481/484 474/477/480
f 472/475/478 471/474/477 479/482/485
f 480/483/486 475/478/481 472/475/478
f 472/475/478 479/482/485 480/483/486
f 481/484/487 476/479/482 475/478/481
f 475/478/481 480/483/486 481/484/487
f 482/485/488 483/486/489 476/479/482
f 479/482/485 471/474/477 392/395/398
f 392/395/398 391/394/397 479/482/485
f 484/487/490 485/488/491 388/391/394
f 388/391/394 387/390/393 484/487/490
f 480/483/486 479/482/485 486/489/492
f 486/489/492 479/482/485 391/394/397
f 391/394/397 487/490/493 486/489/492
f 488/491/494 481/484/487 480/483/486
f 480/483/486 486/489/492 488/491/494
f 488/491/494 486/489/492 487/490/493
f 487/490/493 413/416/419 488/491/494
f 489/492/495 490/493/496 481/484/487
f 488/491/494 416/419/422 491/494/497
f 492/495/498 493/496/499 494/497/500
f 494/497/500 495/498/501 492/495/498
f 496/499/502 492/495/498 495/498/501
f 495/498/501 497/500/503 496/499/502
f 498/501/504 499/502/505 500/503/506
f 500/503/506 501/504/507 498/501/504
f 499/502/505 502/505/508 503/506/509
f 503/506/509 500/503/506 499/502/505
f 504/507/510 505/508/511 506/509/512
f 506/509/512 507/510/513 504/507/510
f 508/511/514 504/507/510 507/510/513
f 507/510/513 509/512/515 508/511/514
f 510/513/516 511/514/517 512/515/518
f 512/515/518 513/516/519 510/513/516
f 511/514/517 514/517/520 515/518/521
f 515/518/521 512/515/518 511/514/517
f 516/519/522 517/520/523 518/521/524
f 518/521/524 519/522/525 516/519/522
f 520/523/526 516/519/522 519/522/525
f 519/522/525 521/524/527 520/523/526
f 522/525/528 523/526/529 524/527/530
f 524/527/530 525/528/531 522/525/528
f 523/526/529 526/529/532 527/530/533
f 527/530/533 524/527/530 523/526/529
f 528/531/534 529/532/535 530/533/536
f 530/533/536 531/534/537 528/531/534
f 532/535/538 528/531/534 531/534/537
f 531/534/537 533/536/539 532/535/538
f 534/537/540 535/538/541 536/539/542
f 536/539/542 537/540/543 534/537/540
f 535/538/541 538/541/544 539/542/545
f 539/542/545 536/539/542 535/538/541
f 478/481/484 477/480/483 540/543/546
f 540/543/546 541/544/547 478/481/484
f 468/471/474 478/481/484 541/544/547
f 541/544/547 542/545/548 468/471/474
f 543/546/549 544/547/550 545/548/551
f 545/548/551 546/549/552 543/546/549
f 544/547/550 547/550/553 548/551/554
f 548/551/554 545/548/551 544/547/550
f 467/470/473 468/471/474 542/545/548
f 542/545/548 549/552/555 467/470/473
f 448/451/454 466/469/472 550/553/556
f 550/553/556 551/554/557 448/451/454
f 552/555/558 553/556/559 554/557/560
f 554/557/560 555/558/561 552/555/558
f 543/546/549 546/549/552 556/559/562
f 556/559/562 557/560/563 543/546/549
f 449/452/455 448/451/454 551/554/557
f 551/554/557 558/561/564 449/452/455
f 446/449/452 449/452/455 558/561/564
f 558/561/564 559/562/565 446/449/452
f 560/563/566 561/564/567 562/565/568
f 562/565/568 563/566/569 560/563/566
f 552/555/558 555/558/561 562/565/568
f 562/565/568 561/564/567 552/555/558
f 564/567/570 446/449/452 559/562/565
f 559/562/565 565/568/571 564/567/570
f 477/480/483 566/569/572 567/570/573
f 567/570/573 540/543/546 477/480/483
f 547/550/553 568/571/574 569/572/575
f 569/572/575 548/551/554 547/550/553
f 560/563/566 563/566/569 570/573/576
f 570/573/576 571/574/577 560/563/566
f 483/486/489 482/485/488 572/575/578
f 572/575/578 573/576/579 483/486/489
f 477/480/483 483/486/489 573/576/579
f 573/576/579 574/577/580 477/480/483
f 575/578/581 576/579/582 577/580/583
f 577/580/583 578/581/584 575/578/581
f 576/579/582 579/582/585 580/583/586
f 580/583/586 577/580/583 576/579/582
f 566/569/572 477/480/483 574/577/580
f 574/577/580 581/584/587 566/569/572
f 446/449/452 564/567/570 582/585/588
f 582/585/588 583/586/589 446/449/452
f 447/450/453 446/449/452 583/586/589
f 583/586/589 584/587/590 447/450/453
f 435/438/441 447/450/453 584/587/590
f 584/587/590 585/588/591 435/438/441
f 586/589/592 587/590/593 588/591/594
f 588/591/594 589/592/595 586/589/592
f 590/593/596 591/594/597 588/591/594
f 588/591/594 587/590/593 590/593/596
f 592/595/598 435/438/441 585/588/591
f 585/588/591 593/596/599 592/595/598
f 482/485/488 594/597/600 595/598/601
f 595/598/601 572/575/578 482/485/488
f 579/582/585 596/599/602 597/600/603
f 597/600/603 580/583/586 579/582/585
f 586/589/592 589/592/595 598/601/604
f 598/601/604 599/602/605 586/589/592
f 490/493/496 489/492/495 600/603/606
f 600/603/606 601/604/607 490/493/496
f 482/485/488 490/493/496 601/604/607
f 601/604/607 602/605/608 482/485/488
f 603/606/609 604/607/610 605/608/611
f 605/608/611 606/609/612 603/606/609
f 604/607/610 607/610/613 608/611/614
f 608/611/614 605/608/611 604/607/610
f 594/597/600 482/485/488 602/605/608
f 602/605/608 609/612/615 594/597/600
f 435/438/441 592/595/598 610/613/616
f 610/613/616 611/614/617 435/438/441
f 436/439/442 435/438/441 611/614/617
f 611/614/617 612/615/618 436/439/442
f 431/434/437 436/439/442 612/615/618
f 612/615/618 613/616/619 431/434/437
f 614/617/620 615/618/621 616/619/622
f 616/619/622 617/620/623 614/617/620
f 618/621/624 619/622/625 616/619/622
f 616/619/622 615/618/621 618/621/624
f 620/623/626 431/434/437 613/616/619
f 613/616/619 621/624/627 620/623/626
f 489/492/495 622/625/628 623/626/629
f 623/626/629 600/603/606 489/492/495
f 607/610/613 624/627/630 625/628/631
f 625/628/631 608/611/614 607/610/613
f 614/617/620 617/620/623 626/629/632
f 626/629/632 627/630/633 614/617/620
f 491/494/497 416/419/422 628/631/634
f 628/631/634 629/632/635 491/494/497
f 489/492/495 491/494/497 629/632/635
f 629/632/635 630/633/636 489/492/495
f 631/634/637 632/635/638 633/636/639
f 633/636/639 634/637/640 631/634/637
f 632/635/638 635/638/641 636/639/642
f 636/639/642 633/636/639 632/635/638
f 622/625/628 489/492/495 630/633/636
f 630/633/636 637/640/643 622/625/628
f 431/434/437 620/623/626 638/641/644
f 638/641/644 639/642/645 431/434/437
f 432/435/438 431/434/437 639/642/645
f 639/642/645 640/643/646 432/435/438
f 420/423/426 432/435/438 640/643/646
f 640/643/646 641/644/647 420/423/426
f 642/645/648 643/646/649 644/647/650
f 644/647/650 645/648/651 642/645/648
f 646/649/652 647/650/653 644/647/650
f 644/647/650 643/646/649 646/649/652
f 417/420/423 420/423/426 641/644/647
f 641/644/647 648/651/654 417/420/423
f 416/419/422 415/418/421 649/652/655
f 649/652/655 628/631/634 416/419/422
f 635/638/641 650/653/656 651/654/657
f 651/654/657 636/639/642 635/638/641
f 642/645/648 645/648/651 652/655/658
f 652/655/658 653/656/659 642/645/648
f 575/578/581 578/581/584 654/657/660
f 654/657/660 655/658/661 575/578/581
f 590/593/596 656/659/662 657/660/663
f 657/660/663 591/594/597 590/593/596
f 603/606/609 606/609/612 658/661/664
f 658/661/664 659/662/665 603/606/609
f 618/621/624 660/663/666 661/664/667
f 661/664/667 619/622/625 618/621/624
f 631/634/637 634/637/640 662/665/668
f 662/665/668 663/666/669 631/634/637
f 646/649/652 664/667/670 665/668/671
f 665/668/671 647/650/653 646/649/652
f 666/669/672 667/670/673 668/671/674
f 668/671/674 669/672/675 666/669/672
f 670/673/676 666/669/672 669/672/675
f 669/672/675 671/674/677 670/673/676
f 671/674/677 672/675/678 673/676/679
f 673/676/679 670/673/676 671/674/677
f 674/677/680 675/678/681 676/679/682
f 676/679/682 677/680/683 674/677/680
f 677/680/683 678/681/684 679/682/685
f 679/682/685 674/677/680 677/680/683
f 680/683/686 679/682/685 678/681/684
f 678/681/684 681/684/687 680/683/686
f 681/684/687 682/685/688 683/686/689
f 683/686/689 680/683/686 681/684/687
f 667/670/673 684/687/690 685/688/691
f 685/688/691 668/671/674 667/670/673
f 686/689/692 687/690/693 688/691/694
f 688/691/694 689/692/695 686/689/692
f 690/693/696 686/689/692 689/692/695
f 689/692/695 691/694/697 690/693/696
f 691/694/697 692/695/698 693/696/699
f 693/696/699 690/693/696 691/694/697
f 694/697/700 695/698/701 696/699/702
f 696/699/702 697/700/703 694/697/700
f 697/700/703 698/701/704 699/702/705
f 699/702/705 694/697/700 697/700/703
f 700/703/706 699/702/705 698/701/704
f 698/701/704 701/704/707 700/703/706
f 701/704/707 702/705/708 703/706/709
f 703/706/709 700/703/706 701/704/707
f 687/690/693 704/707/710 705/708/711
f 705/708/711 688/691/694 687/690/693
f 706/709/712 707/710/713 708/711/714
f 708/711/714 709/712/715 706/709/712
f 710/713/716 706/709/712 709/712/715
f 709/712/715 711/714/717 710/713/716
f 711/714/717 712/715/718 713/716/719
f 713/716/719 710/713/716 711/714/717
f 714/717/720 715/718/721 716/719/722
f 716/719/722 717/720/723 714/717/720
f 717/720/723 718/721/724 719/722/725
f 719/722/725 714/717/720 717/720/723
f 720/723/726 719/722/725 718/721/724
f 718/721/724 721/724/727 720/723/726
f 721/724/727 722/725/728 723/726/729
f 723/726/729 720/723/726 721/724/727
f 707/710/713 724/727/730 725/728/731
f 725/728/731 708/711/714 707/710/713
f 726/729/732 727/730/733 728/731/734
f 728/731/734 729/732/735 726/729/732
f 730/733/736 726/729/732 729/732/735
f 729/732/735 731/734/737 730/733/736
f 731/734/737 732/735/738 733/736/739
f 733/736/739 730/733/736 731/734/737
f 734/737/740 735/738/741 736/739/742
f 736/739/742 737/740/743 734/737/740
f 737/740/743 738/741/744 739/742/745
f 739/742/745 734/737/740 737/740/743
f 740/743/746 739/742/745 738/741/744
f 738/741/744 741/744/747 740/743/746
f 741/744/747 742/745/748 743/746/749
f 743/746/749 740/743/746 741/744/747
f 727/730/733 744/747/750 745/748/751
f 745/748/751 728/731/734 727/730/733
f 746/749/752 747/750/753 748/751/754
f 748/751/754 749/752/755 746/749/752
f 750/753/756 746/749/752 749/752/755
f 749/752/755 751/754/757 750/753/756
f 751/754/757 749/752/755 492/495/498
f 492/495/498 496/499/502 751/754/757
f 749/752/755 748/751/754 493/496/499
f 493/496/499 492/495/498 749/752/755
f 752/755/758 750/753/756 751/754/757
f 751/754/757 753/756/759 752/755/758
f 754/757/760 755/758/761 756/759/762
f 756/759/762 757/760/763 754/757/760
f 757/760/763 756/759/762 498/501/504
f 498/501/504 501/504/507 757/760/763
f 753/756/759 751/754/757 496/499/502
f 496/499/502 497/500/503 753/756/759
f 758/761/764 754/757/760 757/760/763
f 757/760/763 759/762/765 758/761/764
f 760/763/766 758/761/764 759/762/765
f 759/762/765 761/764/767 760/763/766
f 761/764/767 759/762/765 500/503/506
f 500/503/506 503/506/509 761/764/767
f 759/762/765 757/760/763 501/504/507
f 501/504/507 500/503/506 759/762/765
f 762/765/768 760/763/766 761/764/767
f 761/764/767 763/766/769 762/765/768
f 747/750/753 764/767/770 765/768/771
f 765/768/771 748/751/754 747/750/753
f 748/751/754 765/768/771 494/497/500
f 494/497/500 493/496/499 748/751/754
f 763/766/769 761/764/767 503/506/509
f 503/506/509 502/505/508 763/766/769
f 766/769/772 767/770/773 768/771/774
f 768/771/774 769/772/775 766/769/772
f 770/773/776 766/769/772 769/772/775
f 769/772/775 771/774/777 770/773/776
f 771/774/777 769/772/775 504/507/510
f 504/507/510 508/511/514 771/774/777
f 769/772/775 768/771/774 505/508/511
f 505/508/511 504/507/510 769/772/775
f 772/775/778 770/773/776 771/774/777
f 771/774/777 773/776/779 772/775/778
f 774/777/780 775/778/781 776/779/782
f 776/779/782 777/780/783 774/777/780
f 777/780/783 776/779/782 510/513/516
f 510/513/516 513/516/519 777/780/783
f 773/776/779 771/774/777 508/511/514
f 508/511/514 509/512/515 773/776/779
f 778/781/784 774/777/780 777/780/783
f 777/780/783 779/782/785 778/781/784
f 780/783/786 778/781/784 779/782/785
f 779/782/785 781/784/787 780/783/786
f 781/784/787 779/782/785 512/515/518
f 512/515/518 515/518/521 781/784/787
f 779/782/785 777/780/783 513/516/519
f 513/516/519 512/515/518 779/782/785
f 782/785/788 780/783/786 781/784/787
f 781/784/787 783/786/789 782/785/788
f 767/770/773 784/787/790 785/788/791
f 785/788/791 768/771/774 767/770/773
f 768/771/774 785/788/791 506/509/512
f 506/509/512 505/508/511 768/771/774
f 783/786/789 781/784/787 515/518/521
f 515/518/521 514/517/520 783/786/789
f 786/789/792 787/790/793 788/791/794
f 788/791/794 789/792/795 786/789/792
f 790/793/796 786/789/792 789/792/795
f 789/792/795 791/794/797 790/793/796
f 791/794/797 789/792/795 516/519/522
f 516/519/522 520/523/526 791/794/797
f 789/792/795 788/791/794 517/520/523
f 517/520/523 516/519/522 789/792/795
f 792/795/798 790/793/796 791/794/797
f 791/794/797 793/796/799 792/795/798
f 794/797/800 795/798/801 796/799/802
f 796/799/802 797/800/803 794/797/800
f 797/800/803 796/799/802 522/525/528
f 522/525/528 525/528/531 797/800/803
f 793/796/799 791/794/797 520/523/526
f 520/523/526 521/524/527 793/796/799
f 798/801/804 794/797/800 797/800/803
f 797/800/803 799/802/805 798/801/804
f 800/803/806 798/801/804 799/802/805
f 799/802/805 801/804/807 800/803/806
f 801/804/807 799/802/805 524/527/530
f 524/527/530 527/530/533 801/804/807
f 799/802/805 797/800/803 525/528/531
f 525/528/531 524/527/530 799/802/805
f 802/805/808 800/803/806 801/804/807
f 801/804/807 803/806/809 802/805/808
f 787/790/793 804/807/810 805/808/811
f 805/808/811 788/791/794 787/790/793
f 788/791/794 805/808/811 518/521/524
f 518/521/524 517/520/523 788/791/794
f 803/806/809 801/804/807 527/530/533
f 527/530/533 526/529/532 803/806/809
f 806/809/812 807/810/813 808/811/814
f 808/811/814 809/812/815 806/809/812
f 810/813/816 806/809/812 809/812/815
f 809/812/815 811/814/817 810/813/816
f 811/814/817 809/812/815 528/531/534
f 528/531/534 532/535/538 811/814/817
f 809/812/815 808/811/814 529/532/535
f 529/532/535 528/531/534 809/812/815
f 812/815/818 810/813/816 811/814/817
f 811/814/817 813/816/819 812/815/818
f 814/817/820 815/818/821 816/819/822
f 816/819/822 817/820/823 814/817/820
f 817/820/823 816/819/822 534/537/540
f 534/537/540 537/540/543 817/820/823
f 813/816/819 811/814/817 532/535/538
f 532/535/538 533/536/539 813/816/819
f 818/821/824 814/817/820 817/820/823
f 817/820/823 819/822/825 818/821/824
f 820/823/826 818/821/824 819/822/825
f 819/822/825 821/824/827 820/823/826
f 821/824/827 819/822/825 536/539/542
f 536/539/542 539/542/545 821/824/827
f 819/822/825 817/820/823 537/540/543
f 537/540/543 536/539/542 819/822/825
f 822/825/828 820/823/826 821/824/827
f 821/824/827 823/826/829 822/825/828
f 807/810/813 824/827/830 825/828/831
f 825/828/831 808/811/814 807/810/813
f 808/811/814 825/828/831 530/533/536
f 530/533/536 529/532/535 808/811/814
f 823/826/829 821/824/827 539/542/545
f 539/542/545 538/541/544 823/826/829
f 391/394/397 826/829/832 827/830/833
f 827/830/833 487/490/493 391/394/397
f 426/429/432 828/831/834 829/832/835
f 829/832/835 398/401/404 426/429/432
f 829/832/835 828/831/834 830/833/836
f 830/833/836 831/834/837 829/832/835
f 395/398/401 398/401/404 829/832/835
f 829/832/835 832/835/838 395/398/401
f 391/394/397 394/397/400 833/836/839
f 833/836/839 826/829/832 391/394/397
f 826/829/832 833/836/839 834/837/840
f 834/837/840 835/838/841 826/829/832
f 832/835/838 829/832/835 831/834/837
f 831/834/837 836/839/842 832/835/838
f 487/490/493 827/830/833 837/840/843
f 837/840/843 413/416/419 487/490/493
f 414/417/420 413/416/419 837/840/843
f 837/840/843 838/841/844 414/417/420
f 419/422/425 418/421/424 839/842/845
f 839/842/845 840/843/846 419/422/425
f 419/422/425 840/843/846 828/831/834
f 828/831/834 426/429/432 419/422/425
f 828/831/834 840/843/846 841/844/847
f 841/844/847 830/833/836 828/831/834
f 842/845/848 827/830/833 826/829/832
f 826/829/832 835/838/841 842/845/848
f 843/846/849 844/847/850 845/848/851
f 845/848/851 846/849/852 843/846/849
f 847/850/853 848/851/854 849/852/855
f 849/852/855 850/853/856 847/850/853
f 844/847/850 851/854/857 852/855/858
f 852/855/858 845/848/851 844/847/850
f 853/856/859 847/850/853 850/853/856
f 850/853/856 854/857/860 853/856/859
f 855/858/861 837/840/843 827/830/833
f 827/830/833 842/845/848 855/858/861
f 843/846/849 846/849/852 856/859/862
f 857/860/863 838/841/844 837/840/843
f 837/840/843 855/858/861 857/860/863
f 841/844/847 840/843/846 839/842/845
f 839/842/845 858/861/864 841/844/847
f 859/862/865 849/852/855 848/851/854
f 860/863/866 861/864/867 862/865/868
f 862/865/868 863/866/869 860/863/866
f 862/865/868 861/864/867 401/404/407
f 401/404/407 404/407/410 862/865/868
f 864/867/870 865/868/871 866/869/872
f 866/869/872 867/870/873 864/867/870
f 866/869/872 865/868/871 408/411/414
f 408/411/414 407/410/413 866/869/872
f 868/871/874 867/870/873 866/869/872
f 866/869/872 869/872/875 868/871/874
f 860/863/866 870/873/876 871/874/877
f 871/874/877 861/864/867 860/863/866
f 861/864/867 871/874/877 402/405/408
f 402/405/408 401/404/407 861/864/867
f 869/872/875 866/869/872 407/410/413
f 407/410/413 406/409/412 869/872/875
f 863/866/869 862/865/868 872/875/878
f 872/875/878 873/876/879 863/866/869
f 872/875/878 862/865/868 404/407/410
f 404/407/410 410/413/416 872/875/878
f 874/877/880 873/876/879 872/875/878
f 872/875/878 875/878/881 874/877/880
f 876/879/882 877/880/883 878/881/884
f 878/881/884 879/882/885 876/879/882
f 879/882/885 878/881/884 411/414/417
f 411/414/417 412/415/418 879/882/885
f 875/878/881 872/875/878 410/413/416
f 410/413/416 409/412/415 875/878/881
f 876/879/882 879/882/885 865/868/871
f 865/868/871 864/867/870 876/879/882
f 865/868/871 879/882/885 412/415/418
f 412/415/418 408/411/414 865/868/871
f 631/634/637 663/666/669 637/640/643
f 637/640/643 630/633/636 631/634/637
f 639/642/645 638/641/644 664/667/670
f 664/667/670 646/649/652 639/642/645
f 646/649/652 643/646/649 640/643/646
f 640/643/646 639/642/645 646/649/652
f 641/644/647 640/643/646 643/646/649
f 643/646/649 642/645/648 641/644/647
f 642/645/648 653/656/659 648/651/654
f 648/651/654 641/644/647 642/645/648
f 628/631/634 649/652/655 650/653/656
f 650/653/656 635/638/641 628/631/634
f 629/632/635 628/631/634 635/638/641
f 635/638/641 632/635/638 629/632/635
f 630/633/636 629/632/635 632/635/638
f 632/635/638 631/634/637 630/633/636
f 730/733/736 733/736/739 662/665/668
f 662/665/668 634/637/640 730/733/736
f 647/650/653 665/668/671 735/738/741
f 735/738/741 734/737/740 647/650/653
f 734/737/740 739/742/745 644/647/650
f 644/647/650 647/650/653 734/737/740
f 645/648/651 644/647/650 739/742/745
f 739/742/745 740/743/746 645/648/651
f 740/743/746 743/746/749 652/655/658
f 652/655/658 645/648/651 740/743/746
f 636/639/642 651/654/657 744/747/750
f 744/747/750 727/730/733 636/639/642
f 633/636/639 636/639/642 727/730/733
f 727/730/733 726/729/732 633/636/639
f 634/637/640 633/636/639 726/729/732
f 726/729/732 730/733/736 634/637/640
f 603/606/609 659/662/665 609/612/615
f 609/612/615 602/605/608 603/606/609
f 611/614/617 610/613/616 660/663/666
f 660/663/666 618/621/624 611/614/617
f 618/621/624 615/618/621 612/615/618
f 612/615/618 611/614/617 618/621/624
f 613/616/619 612/615/618 615/618/621
f 615/618/621 614/617/620 613/616/619
f 614/617/620 627/630/633 621/624/627
f 621/624/627 613/616/619 614/617/620
f 600/603/606 623/626/629 624/627/630
f 624/627/630 607/610/613 600/603/606
f 601/604/607 600/603/606 607/610/613
f 607/610/613 604/607/610 601/604/607
f 602/605/608 601/604/607 604/607/610
f 604/607/610 603/606/609 602/605/608
f 710/713/716 713/716/719 658/661/664
f 658/661/664 606/609/612 710/713/716
f 619/622/625 661/664/667 715/718/721
f 715/718/721 714/717/720 619/622/625
f 714/717/720 719/722/725 616/619/622
f 616/619/622 619/622/625 714/717/720
f 617/620/623 616/619/622 719/722/725
f 719/722/725 720/723/726 617/620/623
f 720/723/726 723/726/729 626/629/632
f 626/629/632 617/620/623 720/723/726
f 608/611/614 625/628/631 724/727/730
f 724/727/730 707/710/713 608/611/614
f 605/608/611 608/611/614 707/710/713
f 707/710/713 706/709/712 605/608/611
f 606/609/612 605/608/611 706/709/712
f 706/709/712 710/713/716 606/609/612
f 575/578/581 655/658/661 581/584/587
f 581/584/587 574/577/580 575/578/581
f 583/586/589 582/585/588 656/659/662
f 656/659/662 590/593/596 583/586/589
f 590/593/596 587/590/593 584/587/590
f 584/587/590 583/586/589 590/593/596
f 585/588/591 584/587/590 587/590/593
f 587/590/593 586/589/592 585/588/591
f 586/589/592 599/602/605 593/596/599
f 593/596/599 585/588/591 586/589/592
f 572/575/578 595/598/601 596/599/602
f 596/599/602 579/582/585 572/575/578
f 573/576/579 572/575/578 579/582/585
f 579/582/585 576/579/582 573/576/579
f 574/577/580 573/576/579 576/579/582
f 576/579/582 575/578/581 574/577/580
f 690/693/696 693/696/699 654/657/660
f 654/657/660 578/581/584 690/693/696
f 591/594/597 657/660/663 695/698/701
f 695/698/701 694/697/700 591/594/597
f 694/697/700 699/702/705 588/591/594
f 588/591/594 591/594/597 694/697/700
f 589/592/595 588/591/594 699/702/705
f 699/702/705 700/703/706 589/592/595
f 700/703/706 703/706/709 598/601/604
f 598/601/604 589/592/595 700/703/706
f 580/583/586 597/600/603 704/707/710
f 704/707/710 687/690/693 580/583/586
f 577/580/583 580/583/586 687/690/693
f 687/690/693 686/689/692 577/580/583
f 578/581/584 577/580/583 686/689/692
f 686/689/692 690/693/696 578/581/584
f 543/546/549 557/560/563 549/552/555
f 549/552/555 542/545/548 543/546/549
f 551/554/557 550/553/556 553/556/559
f 553/556/559 552/555/558 551/554/557
f 552/555/558 561/564/567 558/561/564
f 558/561/564 551/554/557 552/555/558
f 559/562/565 558/561/564 561/564/567
f 561/564/567 560/563/566 559/562/565
f 560/563/566 571/574/577 565/568/571
f 565/568/571 559/562/565 560/563/566
f 540/543/546 567/570/573 568/571/574
f 568/571/574 547/550/553 540/543/546
f 541/544/547 540/543/546 547/550/553
f 547/550/553 544/547/550 541/544/547
f 542/545/548 541/544/547 544/547/550
f 544/547/550 543/546/549 542/545/548
f 670/673/676 673/676/679 556/559/562
f 556/559/562 546/549/552 670/673/676
f 555/558/561 554/557/560 675/678/681
f 675/678/681 674/677/680 555/558/561
f 674/677/680 679/682/685 562/565/568
f 562/565/568 555/558/561 674/677/680
f 563/566/569 562/565/568 679/682/685
f 679/682/685 680/683/686 563/566/569
f 680/683/686 683/686/689 570/573/576
f 570/573/576 563/566/569 680/683/686
f 548/551/554 569/572/575 684/687/690
f 684/687/690 667/670/673 548/551/554
f 545/548/551 548/551/554 667/670/673
f 667/670/673 666/669/672 545/548/551
f 546/549/552 545/548/551 666/669/672
f 666/669/672 670/673/676 546/549/552
f 729/732/735 728/731/734 807/810/813
f 807/810/813 806/809/812 729/732/735
f 728/731/734 745/748/751 824/827/830
f 824/827/830 807/810/813 728/731/734
f 741/744/747 820/823/826 822/825/828
f 822/825/828 742/745/748 741/744/747
f 741/744/747 738/741/744 818/821/824
f 818/821/824 820/823/826 741/744/747
f 737/740/743 814/817/820 818/821/824
f 818/821/824 738/741/744 737/740/743
f 737/740/743 736/739/742 815/818/821
f 815/818/821 814/817/820 737/740/743
f 731/734/737 810/813/816 812/815/818
f 812/815/818 732/735/738 731/734/737
f 731/734/737 729/732/735 806/809/812
f 806/809/812 810/813/816 731/734/737
f 709/712/715 708/711/714 787/790/793
f 787/790/793 786/789/792 709/712/715
f 708/711/714 725/728/731 804/807/810
f 804/807/810 787/790/793 708/711/714
f 721/724/727 800/803/806 802/805/808
f 802/805/808 722/725/728 721/724/727
f 721/724/727 718/721/724 798/801/804
f 798/801/804 800/803/806 721/724/727
f 717/720/723 794/797/800 798/801/804
f 798/801/804 718/721/724 717/720/723
f 717/720/723 716/719/722 795/798/801
f 795/798/801 794/797/800 717/720/723
f 711/714/717 790/793/796 792/795/798
f 792/795/798 712/715/718 711/714/717
f 711/714/717 709/712/715 786/789/792
f 786/789/792 790/793/796 711/714/717
f 689/692/695 688/691/694 767/770/773
f 767/770/773 766/769/772 689/692/695
f 688/691/694 705/708/711 784/787/790
f 784/787/790 767/770/773 688/691/694
f 701/704/707 780/783/786 782/785/788
f 782/785/788 702/705/708 701/704/707
f 701/704/707 698/701/704 778/781/784
f 778/781/784 780/783/786 701/704/707
f 697/700/703 774/777/780 778/781/784
f 778/781/784 698/701/704 697/700/703
f 697/700/703 696/699/702 775/778/781
f 775/778/781 774/777/780 697/700/703
f 691/694/697 770/773/776 772/775/778
f 772/775/778 692/695/698 691/694/697
f 691/694/697 689/692/695 766/769/772
f 766/769/772 770/773/776 691/694/697
f 669/672/675 668/671/674 747/750/753
f 747/750/753 746/749/752 669/672/675
f 668/671/674 685/688/691 764/767/770
f 764/767/770 747/750/753 668/671/674
f 681/684/687 760/763/766 762/765/768
f 762/765/768 682/685/688 681/684/687
f 681/684/687 678/681/684 758/761/764
f 758/761/764 760/763/766 681/684/687
f 677/680/683 754/757/760 758/761/764
f 758/761/764 678/681/684 677/680/683
f 677/680/683 676/679/682 755/758/761
f 755/758/761 754/757/760 677/680/683
f 671/674/677 750/753/756 752/755/758
f 752/755/758 672/675/678 671/674/677
f 671/674/677 669/672/675 746/749/752
f 746/749/752 750/753/756 671/674/677
f 842/845/848 835/838/841 844/847/850
f 844/847/850 843/846/849 842/845/848
f 855/858/861 842/845/848 843/846/849
f 843/846/849 856/859/862 855/858/861
f 857/860/863 855/858/861 856/859/862
f 856/859/862 880/883/886 857/860/863
f 841/844/847 858/861/864 881/884/887
f 881/884/887 859/862/865 841/844/847
f 830/833/836 841/844/847 859/862/865
f 859/862/865 848/851/854 830/833/836
f 831/834/837 830/833/836 848/851/854
f 848/851/854 847/850/853 831/834/837
f 836/839/842 831/834/837 847/850/853
f 847/850/853 853/856/859 836/839/842
f 835/838/841 834/837/840 851/854/857
f 851/854/857 844/847/850 835/838/841
f 860/863/866 863/866/869 846/849/852
f 846/849/852 845/848/851 860/863/866
f 863/866/869 873/876/879 856/859/862
f 856/859/862 846/849/852 863/866/869
f 880/883/886 856/859/862 873/876/879
f 873/876/879 874/877/880 880/883/886
f 859/862/865 881/884/887 877/880/883
f 877/880/883 876/879/882 859/862/865
f 876/879/882 864/867/870 849/852/855
f 849/852/855 859/862/865 876/879/882
f 864/867/870 867/870/873 850/853/856
f 850/853/856 849/852/855 864/867/870
f 854/857/860 850/853/856 867/870/873
f 867/870/873 868/871/874 854/857/860
f 845/848/851 852/855/858 870/873/876
f 870/873/876 860/863/866 845/848/851
f 431/434/437 430/433/436 436/439/442
f 431/434/437 427/430/433 430/433/436
f 435/438/441 430/433/436 434/437/440
f 435/438/441 434/437/440 447/450/453
f 427/430/433 432/435/438 420/423/426
f 446/449/452 434/437/440 444/447/450
f 446/449/452 444/447/450 449/452/455
f 444/447/450 445/448/451 448/451/454
f 474/477/480 478/481/484 468/471/474
f 477/480/483 474/477/480 476/479/482
f 477/480/483 476/479/482 483/486/489
f 482/485/488 476/479/482 481/484/487
f 482/485/488 481/484/487 490/493/496
f 489/492/495 481/484/487 488/491/494
f 489/492/495 488/491/494 491/494/497
f 488/491/494 413/416/419 416/419/422
f 882/885/888 883/886/889 884/887/890
f 884/887/890 885/888/891 882/885/888
f 883/886/889 886/889/892 887/890/893
f 887/890/893 884/887/890 883/886/889
f 888/891/894 886/889/892 889/892/895
f 889/892/895 890/893/896 888/891/894
f 891/894/897 888/891/894 890/893/896
f 890/893/896 892/895/898 891/894/897
f 893/896/899 891/894/897 892/895/898
f 892/895/898 894/897/900 893/896/899
f 895/898/901 896/899/902 897/900/903
f 897/900/903 898/901/904 895/898/901
f 899/902/905 895/898/901 898/901/904
f 898/901/904 900/903/906 899/902/905
f 882/885/888 899/902/905 900/903/906
f 900/903/906 901/904/907 882/885/888
f 883/886/889 882/885/888 901/904/907
f 901/904/907 902/905/908 883/886/889
f 886/889/892 883/886/889 902/905/908
f 902/905/908 889/892/895 886/889/892
f 890/893/896 889/892/895 903/906/909
f 903/906/909 904/907/910 890/893/896
f 892/895/898 890/893/896 904/907/910
f 904/907/910 905/908/911 892/895/898
f 894/897/900 892/895/898 905/908/911
f 905/908/911 906/909/912 894/897/900
f 898/901/904 897/900/903 907/910/913
f 907/910/913 908/911/914 898/901/904
f 900/903/906 898/901/904 908/911/914
f 908/911/914 909/912/915 900/903/906
f 901/904/907 900/903/906 909/912/915
f 909/912/915 910/913/916 901/904/907
f 902/905/908 901/904/907 910/913/916
f 910/913/916 911/914/917 902/905/908
f 889/892/895 902/905/908 911/914/917
f 911/914/917 903/906/909 889/892/895
f 912/915/918 913/916/919 914/917/920
f 914/917/920 915/918/921 912/915/918
f 916/919/922 912/915/918 915/918/921
f 915/918/921 917/920/923 916/919/922
f 918/921/924 916/919/922 917/920/923
f 917/920/923 919/922/925 918/921/924
f 920/923/926 921/924/927 922/925/928
f 922/925/928 923/926/929 920/923/926
f 924/927/930 920/923/926 923/926/929
f 923/926/929 925/928/931 924/927/930
f 926/929/932 924/927/930 925/928/931
f 925/928/931 927/930/933 926/929/932
f 928/931/934 926/929/932 927/930/933
f 927/930/933 929/932/935 928/931/934
f 913/916/919 928/931/934 929/932/935
f 929/932/935 914/917/920 913/916/919
f 930/933/936 931/934/937 932/935/938
f 932/935/938 933/936/939 930/933/936
f 934/937/940 930/933/936 933/936/939
f 933/936/939 935/938/941 934/937/940
f 936/939/942 934/937/940 935/938/941
f 935/938/941 937/940/943 936/939/942
f 938/941/944 939/942/945 940/943/946
f 940/943/946 941/944/947 938/941/944
f 942/945/948 938/941/944 941/944/947
f 941/944/947 943/946/949 942/945/948
f 944/947/950 942/945/948 943/946/949
f 943/946/949 945/948/951 944/947/950
f 946/949/952 944/947/950 945/948/951
f 945/948/951 947/950/953 946/949/952
f 931/934/937 946/949/952 947/950/953
f 947/950/953 932/935/938 931/934/937
f 933/936/939 932/935/938 948/951/954
f 948/951/954 949/952/955 933/936/939
f 935/938/941 933/936/939 949/952/955
f 949/952/955 950/953/956 935/938/941
f 937/940/943 935/938/941 950/953/956
f 950/953/956 951/954/957 937/940/943
f 941/944/947 940/943/946 952/955/958
f 952/955/958 953/956/959 941/944/947
f 943/946/949 941/944/947 953/956/959
f 953/956/959 954/957/960 943/946/949
f 945/948/951 943/946/949 954/957/960
f 954/957/960 955/958/961 945/948/951
f 947/950/953 945/948/951 955/958/961
f 955/958/961 956/959/962 947/950/953
f 932/935/938 947/950/953 956/959/962
f 956/959/962 948/951/954 932/935/938
f 949/952/955 948/951/954 957/960/963
f 957/960/963 958/961/964 949/952/955
f 950/953/956 949/952/955 958/961/964
f 958/961/964 959/962/965 950/953/956
f 951/954/957 950/953/956 959/962/965
f 959/962/965 960/963/966 951/954/957
f 953/956/959 952/955/958 961/964/967
f 961/964/967 962/965/968 953/956/959
f 954/957/960 953/956/959 962/965/968
f 962/965/968 963/966/969 954/957/960
f 955/958/961 954/957/960 963/966/969
f 963/966/969 964/967/970 955/958/961
f 956/959/962 955/958/961 964/967/970
f 964/967/970 965/968/971 956/959/962
f 948/951/954 956/959/962 965/968/971
f 965/968/971 957/960/963 948/951/954
f 958/961/964 957/960/963 966/969/972
f 966/969/972 967/970/973 958/961/964
f 959/962/965 958/961/964 967/970/973
f 967/970/973 968/971/974 959/962/965
f 960/963/966 959/962/965 968/971/974
f 968/971/974 969/972/975 960/963/966
f 962/965/968 961/964/967 970/973/976
f 970/973/976 971/974/977 962/965/968
f 963/966/969 962/965/968 971/974/977
f 971/974/977 972/975/978 963/966/969
f 964/967/970 963/966/969 972/975/978
f 972/975/978 973/976/979 964/967/970
f 965/968/971 964/967/970 973/976/979
f 973/976/979 974/977/980 965/968/971
f 957/960/963 965/968/971 974/977/980
f 974/977/980 966/969/972 957/960/963
f 975/978/981 976/979/982 977/980/983
f 977/980/983 978/981/984 975/978/981
f 979/982/985 978/981/984 977/980/983
f 977/980/983 980/983/986 979/982/985
f 981/984/987 979/982/985 980/983/986
f 980/983/986 982/985/988 981/984/987
f 983/986/989 984/987/990 985/988/991
f 985/988/991 986/989/992 983/986/989
f 987/990/993 988/991/994 989/992/995
f 989/992/995 990/993/996 987/990/993
f 991/994/997 992/995/998 993/996/999
f 993/996/999 994/997/1000 991/994/997
f 995/998/1001 994/997/1000 993/996/999
f 993/996/999 996/999/1002 995/998/1001
f 997/1000/1003 998/1001/1004 999/1002/1005
f 999/1002/1005 1000/1003/1006 997/1000/1003
f 976/979/982 1001/1004/1007 1002/1005/1008
f 1002/1005/1008 977/980/983 976/979/982
f 980/983/986 977/980/983 1002/1005/1008
f 1002/1005/1008 1003/1006/1009 980/983/986
f 982/985/988 980/983/986 1003/1006/1009
f 1003/1006/1009 1004/1007/1010 982/985/988
f 986/989/992 985/988/991 1005/1008/1011
f 1005/1008/1011 1006/1009/1012 986/989/992
f 988/991/994 1007/1010/1013 1008/1011/1014
f 1008/1011/1014 989/992/995 988/991/994
f 992/995/998 1009/1012/1015 1010/1013/1016
f 1010/1013/1016 993/996/999 992/995/998
f 996/999/1002 993/996/999 1010/1013/1016
f 1010/1013/1016 1011/1014/1017 996/999/1002
f 1000/1003/1006 999/1002/1005 1012/1015/1018
f 1012/1015/1018 1013/1016/1019 1000/1003/1006
f 1001/1004/1007 1014/1017/1020 1015/1018/1021
f 1015/1018/1021 1002/1005/1008 1001/1004/1007
f 1003/1006/1009 1002/1005/1008 1015/1018/1021
f 1015/1018/1021 1016/1019/1022 1003/1006/1009
f 1004/1007/1010 1003/1006/1009 1016/1019/1022
f 1016/1019/1022 1017/1020/1023 1004/1007/1010
f 1006/1009/1012 1005/1008/1011 1018/1021/1024
f 1018/1021/1025 1019/1022/1026 1006/1009/1012
f 1007/1010/1013 1020/1023/1027 1021/1024/1028
f 1021/1024/1028 1008/1011/1014 1007/1010/1013
f 1009/1012/1015 1022/1025/1029 1023/1026/1030
f 1023/1026/1030 1010/1013/1016 1009/1012/1015
f 1011/1014/1017 1010/1013/1016 1023/1026/1030
f 1023/1026/1030 1024/1027/1031 1011/1014/1017
f 1013/1016/1019 1012/1015/1018 1025/1028/1032
f 1025/1028/1033 1026/1029/1034 1013/1016/1019
f 1027/1030/1035 1028/1031/1036 1029/1032/1037
f 1029/1032/1037 1030/1033/1038 1027/1030/1035
f 1031/1034/1039 1030/1033/1038 1029/1032/1037
f 1029/1032/1037 1032/1035/1040 1031/1034/1039
f 1033/1036/1041 1031/1034/1039 1032/1035/1040
f 1032/1035/1040 1034/1037/1042 1033/1036/1041
f 1035/1038/1043 1036/1039/1044 1037/1040/1045
f 1037/1040/1045 1038/1041/1046 1035/1038/1043
f 1039/1042/1047 1040/1043/1048 1041/1044/1049
f 1041/1044/1049 1042/1045/1050 1039/1042/1047
f 1043/1046/1051 1044/1047/1052 1045/1048/1053
f 1045/1048/1053 1046/1049/1054 1043/1046/1051
f 1047/1050/1055 1046/1049/1054 1045/1048/1053
f 1045/1048/1053 1048/1051/1056 1047/1050/1055
f 1049/1052/1057 1050/1053/1058 1051/1054/1059
f 1051/1054/1059 1052/1055/1060 1049/1052/1057
f 1053/1056/1061 1054/1057/1062 1055/1058/1063
f 1055/1058/1063 1056/1059/1064 1053/1056/1061
f 1057/1060/1065 1056/1059/1064 1055/1058/1063
f 1055/1058/1063 1058/1061/1066 1057/1060/1065
f 1059/1062/1067 1057/1060/1065 1058/1061/1066
f 1058/1061/1066 1060/1063/1068 1059/1062/1067
f 1061/1064/1069 1062/1065/1070 1063/1066/1071
f 1063/1066/1071 1064/1067/1072 1061/1064/1069
f 1065/1068/1073 1066/1069/1074 1067/1070/1075
f 1067/1070/1075 1068/1071/1076 1065/1068/1073
f 1069/1072/1077 1070/1073/1078 1071/1074/1079
f 1071/1074/1079 1072/1075/1080 1069/1072/1077
f 1073/1076/1081 1072/1075/1080 1071/1074/1079
f 1071/1074/1079 1074/1077/1082 1073/1076/1081
f 1075/1078/1083 1076/1079/1084 1077/1080/1085
f 1077/1080/1085 1078/1081/1086 1075/1078/1083
f 1054/1057/1062 1079/1082/1087 1080/1083/1088
f 1080/1083/1088 1055/1058/1063 1054/1057/1062
f 1058/1061/1066 1055/1058/1063 1080/1083/1088
f 1080/1083/1088 1081/1084/1089 1058/1061/1066
f 1060/1063/1068 1058/1061/1066 1081/1084/1089
f 1081/1084/1089 1082/1085/1090 1060/1063/1068
f 1064/1067/1072 1063/1066/1071 1083/1086/1091
f 1083/1086/1091 1084/1087/1092 1064/1067/1072
f 1066/1069/1074 1085/1088/1093 1086/1089/1094
f 1086/1089/1094 1067/1070/1075 1066/1069/1074
f 1070/1073/1078 1087/1090/1095 1088/1091/1096
f 1088/1091/1096 1071/1074/1079 1070/1073/1078
f 1074/1077/1082 1071/1074/1079 1088/1091/1096
f 1088/1091/1096 1089/1092/1097 1074/1077/1082
f 1078/1081/1086 1077/1080/1085 1090/1093/1098
f 1090/1093/1098 1091/1094/1099 1078/1081/1086
f 1079/1082/1087 1092/1095/1100 1093/1096/1101
f 1093/1096/1101 1080/1083/1088 1079/1082/1087
f 1081/1084/1089 1080/1083/1088 1093/1096/1101
f 1093/1096/1101 1094/1097/1102 1081/1084/1089
f 1082/1085/1090 1081/1084/1089 1094/1097/1102
f 1094/1097/1102 1095/1098/1103 1082/1085/1090
f 1084/1087/1092 1083/1086/1091 1096/1099/1104
f 1096/1099/1104 1097/1100/1105 1084/1087/1092
f 1085/1088/1093 1098/1101/1106 1099/1102/1107
f 1099/1102/1107 1086/1089/1094 1085/1088/1093
f 1087/1090/1095 1100/1103/1108 1101/1104/1109
f 1101/1104/1109 1088/1091/1096 1087/1090/1095
f 1089/1092/1097 1088/1091/1096 1101/1104/1109
f 1101/1104/1109 1102/1105/1110 1089/1092/1097
f 1091/1094/1099 1090/1093/1098 1103/1106/1111
f 1103/1106/1111 1104/1107/1112 1091/1094/1099
f 1105/1108/1113 1106/1109/1114 1107/1110/1115
f 1107/1110/1115 1108/1111/1116 1105/1108/1113
f 1109/1112/1117 1108/1111/1116 1107/1110/1115
f 1107/1110/1115 1110/1113/1118 1109/1112/1117
f 1111/1114/1119 1109/1112/1117 1110/1113/1118
f 1110/1113/1118 1112/1115/1120 1111/1114/1119
f 1113/1116/1121 1114/1117/1122 1115/1118/1123
f 1115/1118/1123 1116/1119/1124 1113/1116/1121
f 1117/1120/1125 1118/1121/1126 1119/1122/1127
f 1119/1122/1127 1120/1123/1128 1117/1120/1125
f 1121/1124/1129 1122/1125/1130 1123/1126/1131
f 1123/1126/1131 1124/1127/1132 1121/1124/1129
f 1125/1128/1133 1126/1129/1134 1127/1130/1135
f 1127/1130/1135 1128/1131/1136 1125/1128/1133
f 1028/1031/1036 1053/1056/1061 1056/1059/1064
f 1056/1059/1064 1029/1032/1037 1028/1031/1036
f 1032/1035/1040 1029/1032/1037 1056/1059/1064
f 1056/1059/1064 1057/1060/1065 1032/1035/1040
f 1034/1037/1042 1032/1035/1040 1057/1060/1065
f 1057/1060/1065 1059/1062/1067 1034/1037/1042
f 1038/1041/1046 1037/1040/1045 1062/1065/1070
f 1062/1065/1070 1061/1064/1069 1038/1041/1046
f 1040/1043/1048 1065/1068/1073 1068/1071/1076
f 1068/1071/1076 1041/1044/1049 1040/1043/1048
f 1044/1047/1052 1069/1072/1077 1072/1075/1080
f 1072/1075/1080 1045/1048/1053 1044/1047/1052
f 1048/1051/1056 1045/1048/1053 1072/1075/1080
f 1072/1075/1080 1073/1076/1081 1048/1051/1056
f 1052/1055/1060 1051/1054/1059 1076/1079/1084
f 1076/1079/1084 1075/1078/1083 1052/1055/1060
f 1129/1132/1137 1027/1030/1035 1030/1033/1038
f 1030/1033/1038 1130/1133/1138 1129/1132/1137
f 1131/1134/1139 1130/1133/1138 1030/1033/1038
f 1030/1033/1038 1031/1034/1039 1131/1134/1139
f 1132/1135/1140 1131/1134/1139 1031/1034/1039
f 1031/1034/1039 1033/1036/1041 1132/1135/1140
f 1133/1136/1141 1134/1137/1142 1036/1039/1044
f 1036/1039/1044 1035/1038/1043 1133/1136/1141
f 1135/1138/1143 1039/1042/1047 1042/1045/1050
f 1042/1045/1050 1136/1139/1144 1135/1138/1143
f 1137/1140/1145 1043/1046/1051 1046/1049/1054
f 1046/1049/1054 1138/1141/1146 1137/1140/1145
f 1139/1142/1147 1138/1141/1146 1046/1049/1054
f 1046/1049/1054 1047/1050/1055 1139/1142/1147
f 1140/1143/1148 1141/1144/1149 1050/1053/1058
f 1050/1053/1058 1049/1052/1057 1140/1143/1148
f 1092/1095/1100 1105/1108/1113 1108/1111/1116
f 1108/1111/1116 1093/1096/1101 1092/1095/1100
f 1094/1097/1102 1093/1096/1101 1108/1111/1116
f 1108/1111/1116 1109/1112/1117 1094/1097/1102
f 1095/1098/1103 1094/1097/1102 1109/1112/1117
f 1109/1112/1117 1111/1114/1119 1095/1098/1103
f 1097/1100/1105 1096/1099/1104 1114/1117/1122
f 1114/1117/1122 1113/1116/1121 1097/1100/1105
f 1098/1101/1106 1117/1120/1125 1120/1123/1128
f 1120/1123/1128 1099/1102/1107 1098/1101/1106
f 1100/1103/1108 1121/1124/1129 1124/1127/1132
f 1124/1127/1132 1101/1104/1109 1100/1103/1108
f 1104/1107/1112 1103/1106/1111 1126/1129/1134
f 1126/1129/1134 1125/1128/1133 1104/1107/1112
f 1142/1145/1150 1143/1146/1151 1144/1147/1152
f 1144/1147/1152 1145/1148/1153 1142/1145/1150
f 1146/1149/1154 1145/1148/1153 1144/1147/1152
f 1144/1147/1152 1147/1150/1155 1146/1149/1154
f 1148/1151/1156 1149/1152/1157 1150/1153/1158
f 1150/1153/1158 1151/1154/1159 1148/1151/1156
f 1152/1155/1160 1151/1154/1159 1150/1153/1158
f 1150/1153/1158 1153/1156/1161 1152/1155/1160
f 1154/1157/1162 1155/1158/1163 1156/1159/1164
f 1156/1159/1164 1157/1160/1165 1154/1157/1162
f 1143/1146/1151 1158/1161/1166 1159/1162/1167
f 1159/1162/1167 1144/1147/1152 1143/1146/1151
f 1147/1150/1155 1144/1147/1152 1159/1162/1167
f 1159/1162/1167 1160/1163/1168 1147/1150/1155
f 1149/1152/1157 1161/1164/1169 1162/1165/1170
f 1162/1165/1170 1150/1153/1158 1149/1152/1157
f 1153/1156/1161 1150/1153/1158 1162/1165/1170
f 1162/1165/1170 1163/1166/1171 1153/1156/1161
f 1157/1160/1165 1156/1159/1164 1164/1167/1172
f 1164/1167/1172 1165/1168/1173 1157/1160/1165
f 1158/1161/1166 1166/1169/1174 1167/1170/1175
f 1167/1170/1175 1159/1162/1167 1158/1161/1166
f 1160/1163/1168 1159/1162/1167 1167/1170/1175
f 1167/1170/1175 1168/1171/1176 1160/1163/1168
f 1161/1164/1169 1169/1172/1177 1170/1173/1178
f 1170/1173/1178 1162/1165/1170 1161/1164/1169
f 1163/1166/1171 1162/1165/1170 1170/1173/1178
f 1170/1173/1178 1171/1174/1179 1163/1166/1171
f 1165/1168/1173 1164/1167/1172 1172/1175/1180
f 1172/1175/1180 1173/1176/1181 1165/1168/1173
f 1166/1169/1174 1174/1177/1182 1175/1178/1183
f 1175/1178/1183 1167/1170/1175 1166/1169/1174
f 1168/1171/1176 1167/1170/1175 1175/1178/1183
f 1175/1178/1183 1176/1179/1184 1168/1171/1176
f 1169/1172/1177 1177/1180/1185 1178/1181/1186
f 1178/1181/1186 1170/1173/1178 1169/1172/1177
f 1171/1174/1179 1170/1173/1178 1178/1181/1186
f 1178/1181/1186 1179/1182/1187 1171/1174/1179
f 1173/1176/1181 1172/1175/1180 1180/1183/1188
f 1180/1183/1188 1181/1184/1189 1173/1176/1181
f 1174/1177/1182 1182/1185/1190 1183/1186/1191
f 1183/1186/1191 1175/1178/1183 1174/1177/1182
f 1176/1179/1184 1175/1178/1183 1183/1186/1191
f 1183/1186/1191 1184/1187/1192 1185/1188/1193
f 1183/1186/1191 1185/1188/1193 1176/1179/1184
f 1177/1180/1185 1186/1189/1194 1187/1190/1195
f 1187/1190/1195 1178/1181/1186 1177/1180/1185
f 1179/1182/1187 1178/1181/1186 1187/1190/1195
f 1187/1190/1195 1188/1191/1196 1179/1182/1187
f 1181/1184/1189 1180/1183/1188 1189/1192/1197
f 1189/1192/1197 1190/1193/1198 1181/1184/1189
f 1182/1185/1190 1191/1194/1199 1192/1195/1200
f 1192/1195/1200 1183/1186/1191 1182/1185/1190
f 1184/1187/1192 1183/1186/1191 1192/1195/1200
f 1192/1195/1200 1193/1196/1201 1184/1187/1192
f 1186/1189/1194 1194/1197/1202 1195/1198/1203
f 1195/1198/1203 1187/1190/1195 1186/1189/1194
f 1188/1191/1196 1187/1190/1195 1195/1198/1203
f 1195/1198/1203 1196/1199/1204 1188/1191/1196
f 1190/1193/1198 1189/1192/1197 1197/1200/1205
f 1197/1200/1206 1198/1201/1207 1190/1193/1198
f 1191/1194/1199 1199/1202/1208 1200/1203/1209
f 1200/1203/1209 1192/1195/1200 1191/1194/1199
f 1193/1196/1201 1192/1195/1200 1200/1203/1209
f 1200/1203/1209 1201/1204/1210 1193/1196/1201
f 1194/1197/1202 1202/1205/1211 1203/1206/1212
f 1203/1206/1212 1195/1198/1203 1194/1197/1202
f 1204/1207/1213 1205/1208/1214 1206/1209/1215
f 1206/1209/1215 1207/1210/1216 1204/1207/1213
f 1208/1211/1217 1209/1212/1218 1210/1213/1219
f 1210/1213/1219 1211/1214/1220 1208/1211/1217
f 1212/1215/1221 1213/1216/1222 1214/1217/1223
f 1214/1217/1223 1215/1218/1224 1212/1215/1221
f 1216/1219/1225 1215/1218/1224 1214/1217/1223
f 1214/1217/1223 1217/1220/1226 1216/1219/1225
f 1218/1221/1227 1219/1222/1228 1220/1223/1229
f 1220/1223/1229 1221/1224/1230 1218/1221/1227
f 1213/1216/1222 1222/1225/1231 1223/1226/1232
f 1223/1226/1232 1214/1217/1223 1213/1216/1222
f 1217/1220/1226 1214/1217/1223 1223/1226/1232
f 1223/1226/1232 1224/1227/1233 1217/1220/1226
f 1219/1222/1228 1225/1228/1234 1226/1229/1235
f 1226/1229/1235 1220/1223/1229 1219/1222/1228
f 1227/1230/1236 1220/1223/1229 1226/1229/1235
f 1226/1229/1235 1228/1231/1237 1227/1230/1236
f 1229/1232/1238 1230/1233/1239 1231/1234/1240
f 1231/1234/1240 1232/1235/1241 1229/1232/1238
f 1222/1225/1231 1233/1236/1242 1234/1237/1243
f 1234/1237/1243 1223/1226/1232 1222/1225/1231
f 1224/1227/1233 1223/1226/1232 1234/1237/1243
f 1234/1237/1243 1235/1238/1244 1224/1227/1233
f 1225/1228/1234 1236/1239/1245 1237/1240/1246
f 1237/1240/1246 1226/1229/1235 1225/1228/1234
f 1228/1231/1237 1226/1229/1235 1237/1240/1246
f 1237/1240/1246 1238/1241/1247 1228/1231/1237
f 1232/1235/1241 1231/1234/1240 1239/1242/1248
f 1239/1242/1249 1240/1243/1250 1232/1235/1241
f 1241/1244/1251 1242/1245/1252 1243/1246/1253
f 1243/1246/1253 1244/1247/1254 1241/1244/1251
f 1245/1248/1255 1244/1247/1254 1243/1246/1253
f 1243/1246/1256 1246/1249/1257 1245/1248/1258
f 1247/1250/1259 1248/1251/1260 1249/1252/1261
f 1249/1252/1261 1250/1253/1262 1247/1250/1259
f 1251/1254/1263 1252/1255/1264 1253/1256/1265
f 1253/1256/1265 1254/1257/1266 1251/1254/1263
f 1255/1258/1267 1256/1259/1268 1257/1260/1269
f 1257/1260/1269 1258/1261/1270 1255/1258/1267
f 1259/1262/1271 1218/1221/1227 1221/1224/1230
f 1221/1224/1230 1206/1209/1215 1259/1262/1271
f 1260/1263/1272 1212/1215/1221 1215/1218/1224
f 1215/1218/1224 1261/1264/1273 1260/1263/1272
f 1262/1265/1274 1261/1264/1273 1215/1218/1224
f 1215/1218/1224 1216/1219/1225 1262/1265/1274
f 1263/1266/1275 1264/1267/1276 1230/1233/1239
f 1230/1233/1239 1229/1232/1238 1263/1266/1275
f 1265/1268/1277 1266/1269/1278 1220/1223/1229
f 1220/1223/1229 1227/1230/1236 1265/1268/1277
f 1266/1269/1278 1267/1270/1279 1221/1224/1230
f 1221/1224/1230 1220/1223/1229 1266/1269/1278
f 1267/1270/1279 1268/1271/1280 1206/1209/1215
f 1206/1209/1215 1221/1224/1230 1267/1270/1279
f 1268/1271/1280 1269/1272/1281 1207/1210/1216
f 1207/1210/1216 1206/1209/1215 1268/1271/1280
f 1270/1273/1282 1271/1274/1283 1211/1214/1220
f 1211/1214/1220 1210/1213/1219 1270/1273/1282
f 1271/1274/1283 1272/1275/1284 1273/1276/1285
f 1273/1276/1285 1211/1214/1220 1271/1274/1283
f 1272/1275/1284 1263/1266/1275 1229/1232/1238
f 1229/1232/1238 1273/1276/1285 1272/1275/1284
f 915/918/921 914/917/920 931/934/937
f 931/934/937 930/933/936 915/918/921
f 917/920/923 915/918/921 930/933/936
f 930/933/936 934/937/940 917/920/923
f 919/922/925 917/920/923 934/937/940
f 934/937/940 936/939/942 919/922/925
f 923/926/929 922/925/928 939/942/945
f 939/942/945 938/941/944 923/926/929
f 925/928/931 923/926/929 938/941/944
f 938/941/944 942/945/948 925/928/931
f 927/930/933 925/928/931 942/945/948
f 942/945/948 944/947/950 927/930/933
f 929/932/935 927/930/933 944/947/950
f 944/947/950 946/949/952 929/932/935
f 914/917/920 929/932/935 946/949/952
f 946/949/952 931/934/937 914/917/920
f 904/907/910 903/906/909 913/916/919
f 913/916/919 912/915/918 904/907/910
f 905/908/911 904/907/910 912/915/918
f 912/915/918 916/919/922 905/908/911
f 906/909/912 905/908/911 916/919/922
f 916/919/922 918/921/924 906/909/912
f 908/911/914 907/910/913 921/924/927
f 921/924/927 920/923/926 908/911/914
f 909/912/915 908/911/914 920/923/926
f 920/923/926 924/927/930 909/912/915
f 910/913/916 909/912/915 924/927/930
f 924/927/930 926/929/932 910/913/916
f 911/914/917 910/913/916 926/929/932
f 926/929/932 928/931/934 911/914/917
f 903/906/909 911/914/917 928/931/934
f 928/931/934 913/916/919 903/906/909
f 1274/1277/1286 1254/1257/1266 1253/1256/1265
f 1253/1256/1265 1275/1278/1287 1274/1277/1286
f 1276/1279/1288 1124/1127/1132 1123/1126/1131
f 1123/1126/1131 1277/1280/1289 1276/1279/1288
f 1276/1279/1288 1102/1105/1110 1101/1104/1109
f 1101/1104/1109 1124/1127/1132 1276/1279/1288
f 1278/1281/1290 1279/1282/1291 1280/1283/1292
f 1280/1283/1292 1281/1284/1293 1278/1281/1290
f 1282/1285/1294 1283/1286/1295 1284/1287/1296
f 1284/1287/1296 1285/1288/1297 1282/1285/1294
f 1282/1285/1294 1286/1289/1298 1287/1290/1299
f 1287/1290/1299 1283/1286/1295 1282/1285/1294
f 1288/1291/1300 1289/1292/1301 1290/1293/1302
f 1290/1293/1302 1291/1294/1303 1288/1291/1300
f 1292/1295/1304 1293/1296/1305 1294/1297/1306
f 1294/1297/1306 1295/1298/1307 1292/1295/1304
f 1296/1299/1308 1297/1300/1309 1298/1301/1310
f 1298/1301/1310 1299/1302/1311 1296/1299/1308
f 1300/1303/1312 1301/1304/1313 1302/1305/1314
f 1302/1305/1314 1303/1306/1315 1300/1303/1312
f 1280/1283/1292 1279/1282/1291 1304/1307/1316
f 1304/1307/1316 1305/1308/1317 1280/1283/1292
f 1284/1287/1296 1283/1286/1295 1306/1309/1318
f 1306/1309/1318 1307/1310/1319 1284/1287/1296
f 1283/1286/1295 1287/1290/1299 1308/1311/1320
f 1308/1311/1320 1306/1309/1318 1283/1286/1295
f 1309/1312/1321 1310/1313/1322 1294/1297/1306
f 1294/1297/1306 1293/1296/1305 1309/1312/1321
f 1299/1302/1311 1298/1301/1310 1311/1314/1323
f 1311/1314/1323 1312/1315/1324 1299/1302/1311
f 1303/1306/1315 1302/1305/1314 1313/1316/1325
f 1313/1316/1325 1314/1317/1326 1303/1306/1315
f 1290/1293/1302 1289/1292/1301 1315/1318/1327
f 1315/1318/1327 1316/1319/1328 1290/1293/1302
f 998/1001/1004 997/1000/1003 1317/1320/1329
f 1317/1320/1329 1318/1321/1330 998/1001/1004
f 994/997/1000 995/998/1001 1319/1322/1331
f 1319/1322/1331 1320/1323/1332 994/997/1000
f 991/994/997 994/997/1000 1320/1323/1332
f 1320/1323/1332 1321/1324/1333 991/994/997
f 987/990/993 990/993/996 1322/1325/1334
f 1322/1325/1334 1323/1326/1335 987/990/993
f 984/987/990 983/986/989 1324/1327/1336
f 1324/1327/1336 1325/1328/1337 984/987/990
f 979/982/985 981/984/987 1326/1329/1338
f 1326/1329/1338 1327/1330/1339 979/982/985
f 978/981/984 979/982/985 1327/1330/1339
f 1327/1330/1339 1328/1331/1340 978/981/984
f 975/978/981 978/981/984 1328/1331/1340
f 1328/1331/1340 1329/1332/1341 975/978/981
f 1286/1289/1298 1330/1333/1342 1331/1334/1343
f 1331/1334/1343 1332/1335/1344 1286/1289/1298
f 1286/1289/1298 1332/1335/1344 1333/1336/1345
f 1333/1336/1345 1287/1290/1299 1286/1289/1298
f 1334/1337/1346 1335/1338/1347 1336/1339/1348
f 1336/1339/1348 1337/1340/1349 1334/1337/1346
f 1338/1341/1350 1339/1342/1351 1340/1343/1352
f 1340/1343/1352 1341/1344/1353 1338/1341/1350
f 1339/1342/1351 1291/1294/1303 1342/1345/1354
f 1342/1345/1354 1340/1343/1352 1339/1342/1351
f 1343/1346/1355 1342/1345/1354 1291/1294/1303
f 1291/1294/1303 1290/1293/1302 1343/1346/1355
f 1308/1311/1320 1287/1290/1299 1333/1336/1345
f 1333/1336/1345 1344/1347/1356 1308/1311/1320
f 1290/1293/1302 1316/1319/1328 1345/1348/1357
f 1345/1348/1357 1343/1346/1355 1290/1293/1302
f 1332/1335/1344 1331/1334/1343 1346/1349/1358
f 1346/1349/1358 1295/1298/1307 1332/1335/1344
f 1337/1340/1349 1336/1339/1348 1347/1350/1359
f 1347/1350/1359 1348/1351/1360 1337/1340/1349
f 1341/1344/1353 1340/1343/1352 1349/1352/1361
f 1349/1352/1361 1350/1353/1362 1341/1344/1353
f 1340/1343/1352 1342/1345/1354 1351/1354/1363
f 1351/1354/1363 1349/1352/1361 1340/1343/1352
f 1333/1336/1345 1332/1335/1344 1295/1298/1307
f 1295/1298/1307 1294/1297/1306 1333/1336/1345
f 1342/1345/1354 1343/1346/1355 1352/1355/1364
f 1352/1355/1364 1351/1354/1363 1342/1345/1354
f 1344/1347/1356 1333/1336/1345 1294/1297/1306
f 1294/1297/1306 1310/1313/1322 1344/1347/1356
f 1343/1346/1355 1345/1348/1357 1353/1356/1365
f 1353/1356/1365 1352/1355/1364 1343/1346/1355
f 1354/1357/1366 1292/1295/1304 1295/1298/1307
f 1295/1298/1307 1346/1349/1358 1354/1357/1366
f 1350/1353/1362 1349/1352/1361 1300/1303/1312
f 1300/1303/1312 1355/1358/1367 1350/1353/1362
f 1351/1354/1363 1301/1304/1313 1300/1303/1312
f 1300/1303/1312 1349/1352/1361 1351/1354/1363
f 1351/1354/1363 1352/1355/1364 1302/1305/1314
f 1302/1305/1314 1301/1304/1313 1351/1354/1363
f 1353/1356/1365 1313/1316/1325 1302/1305/1314
f 1302/1305/1314 1352/1355/1364 1353/1356/1365
f 1356/1359/1368 1357/1360/1369 1358/1361/1370
f 1358/1361/1370 1359/1362/1371 1356/1359/1368
f 1360/1363/1372 1356/1359/1368 1359/1362/1371
f 1359/1362/1371 1361/1364/1373 1360/1363/1372
f 1362/1365/1374 1360/1363/1372 1361/1364/1373
f 1361/1364/1373 1363/1366/1375 1362/1365/1374
f 1364/1367/1376 1362/1365/1374 1363/1366/1375
f 1363/1366/1375 1365/1368/1377 1364/1367/1376
f 1366/1369/1378 1364/1367/1376 1365/1368/1377
f 1367/1370/1379 1368/1371/1380 1369/1372/1381
f 1369/1372/1381 1370/1373/1382 1367/1370/1379
f 1371/1374/1383 1366/1369/1378 1365/1368/1377
f 1365/1368/1377 1372/1375/1384 1371/1374/1383
f 1365/1368/1377 1363/1366/1375 1373/1376/1385
f 1373/1376/1385 1372/1375/1384 1365/1368/1377
f 1363/1366/1375 1361/1364/1373 1374/1377/1386
f 1374/1377/1386 1373/1376/1385 1363/1366/1375
f 1361/1364/1373 1359/1362/1371 1375/1378/1387
f 1375/1378/1387 1374/1377/1386 1361/1364/1373
f 1359/1362/1371 1358/1361/1370 1376/1379/1388
f 1376/1379/1388 1375/1378/1387 1359/1362/1371
f 1369/1372/1381 1368/1371/1380 1377/1380/1389
f 1377/1380/1389 1378/1381/1390 1369/1372/1381
f 1348/1351/1360 1347/1350/1359 1297/1300/1309
f 1297/1300/1309 1296/1299/1308 1348/1351/1360
f 1300/1303/1312 1303/1306/1315 1379/1382/1391
f 1379/1382/1391 1355/1358/1367 1300/1303/1312
f 1303/1306/1315 1314/1317/1326 1380/1383/1392
f 1380/1383/1392 1379/1382/1391 1303/1306/1315
f 1354/1357/1366 1381/1384/1393 1293/1296/1305
f 1293/1296/1305 1292/1295/1304 1354/1357/1366
f 1381/1384/1393 1382/1385/1394 1309/1312/1321
f 1309/1312/1321 1293/1296/1305 1381/1384/1393
f 1370/1373/1382 1369/1372/1381 1358/1361/1370
f 1358/1361/1370 1357/1360/1369 1370/1373/1382
f 1369/1372/1381 1378/1381/1390 1376/1379/1388
f 1376/1379/1388 1358/1361/1370 1369/1372/1381
f 1383/1386/1395 1384/1387/1396 1385/1388/1397
f 1385/1388/1397 1386/1389/1398 1383/1386/1395
f 1384/1387/1396 1387/1390/1399 1388/1391/1400
f 1388/1391/1400 1385/1388/1397 1384/1387/1396
f 1387/1390/1399 1389/1392/1401 1390/1393/1402
f 1390/1393/1402 1388/1391/1400 1387/1390/1399
f 1389/1392/1401 1391/1394/1403 1392/1395/1404
f 1392/1395/1404 1390/1393/1402 1389/1392/1401
f 1391/1394/1403 1393/1396/1405 1394/1397/1406
f 1394/1397/1406 1392/1395/1404 1391/1394/1403
f 1393/1396/1405 1395/1398/1407 1396/1399/1408
f 1396/1399/1408 1394/1397/1406 1393/1396/1405
f 1395/1398/1407 1397/1400/1409 1398/1401/1410
f 1398/1401/1410 1396/1399/1408 1395/1398/1407
f 1399/1402/1411 1400/1403/1412 1401/1404/1413
f 1401/1404/1413 1402/1405/1414 1399/1402/1411
f 1400/1403/1412 1403/1406/1415 1404/1407/1416
f 1404/1407/1416 1401/1404/1413 1400/1403/1412
f 1403/1406/1415 1405/1408/1417 1406/1409/1418
f 1406/1409/1418 1404/1407/1416 1403/1406/1415
f 1407/1410/1419 1399/1402/1411 1402/1405/1414
f 1402/1405/1414 1408/1411/1420 1407/1410/1419
f 1118/1121/1126 1247/1250/1259 1250/1253/1262
f 1250/1253/1262 1119/1122/1127 1118/1121/1126
f 1122/1125/1130 1251/1254/1263 1254/1257/1266
f 1254/1257/1266 1123/1126/1131 1122/1125/1130
f 1277/1280/1289 1123/1126/1131 1254/1257/1266
f 1254/1257/1266 1274/1277/1286 1277/1280/1289
f 1128/1131/1136 1127/1130/1135 1256/1259/1268
f 1256/1259/1268 1255/1258/1267 1128/1131/1136
f 1106/1109/1114 1241/1244/1251 1244/1247/1254
f 1244/1247/1254 1107/1110/1115 1106/1109/1114
f 1110/1113/1118 1107/1110/1115 1244/1247/1254
f 1110/1113/1118 1244/1247/1254 1245/1248/1255
f 1245/1248/1421 1409/1412/1422 1110/1113/1118
f 1118/1121/1126 1116/1119/1124 1410/1413/1423
f 1118/1121/1126 1410/1413/1423 1411/1414/1424
f 1411/1414/1424 1247/1250/1259 1118/1121/1126
f 1117/1120/1125 1113/1116/1121 1116/1119/1124
f 1116/1119/1124 1118/1121/1126 1117/1120/1125
f 1098/1101/1106 1097/1100/1105 1113/1116/1121
f 1113/1116/1121 1117/1120/1125 1098/1101/1106
f 1085/1088/1093 1084/1087/1092 1097/1100/1105
f 1097/1100/1105 1098/1101/1106 1085/1088/1093
f 1066/1069/1074 1064/1067/1072 1084/1087/1092
f 1084/1087/1092 1085/1088/1093 1066/1069/1074
f 1065/1068/1073 1061/1064/1069 1064/1067/1072
f 1064/1067/1072 1066/1069/1074 1065/1068/1073
f 1040/1043/1048 1038/1041/1046 1061/1064/1069
f 1061/1064/1069 1065/1068/1073 1040/1043/1048
f 1039/1042/1047 1035/1038/1043 1038/1041/1046
f 1038/1041/1046 1040/1043/1048 1039/1042/1047
f 1135/1138/1143 1133/1136/1141 1035/1038/1043
f 1035/1038/1043 1039/1042/1047 1135/1138/1143
f 1007/1010/1013 1006/1009/1012 1019/1022/1026
f 1019/1022/1026 1020/1023/1027 1007/1010/1013
f 988/991/994 986/989/992 1006/1009/1012
f 1006/1009/1012 1007/1010/1013 988/991/994
f 987/990/993 983/986/989 986/989/992
f 986/989/992 988/991/994 987/990/993
f 987/990/993 1323/1326/1335 1324/1327/1336
f 1324/1327/1336 983/986/989 987/990/993
f 1334/1337/1346 1337/1340/1349 1331/1334/1343
f 1331/1334/1343 1330/1333/1342 1334/1337/1346
f 1337/1340/1349 1348/1351/1360 1346/1349/1358
f 1346/1349/1358 1331/1334/1343 1337/1340/1349
f 1348/1351/1360 1296/1299/1308 1354/1357/1366
f 1354/1357/1366 1346/1349/1358 1348/1351/1360
f 1296/1299/1308 1299/1302/1311 1381/1384/1393
f 1381/1384/1393 1354/1357/1366 1296/1299/1308
f 1299/1302/1311 1312/1315/1324 1382/1385/1394
f 1382/1385/1394 1381/1384/1393 1299/1302/1311
f 1225/1228/1234 1404/1407/1416 1406/1409/1418
f 1406/1409/1418 1236/1239/1245 1225/1228/1234
f 1219/1222/1228 1401/1404/1413 1404/1407/1416
f 1404/1407/1416 1225/1228/1234 1219/1222/1228
f 1218/1221/1227 1402/1405/1414 1401/1404/1413
f 1401/1404/1413 1219/1222/1228 1218/1221/1227
f 1259/1262/1271 1408/1411/1420 1402/1405/1414
f 1402/1405/1414 1218/1221/1227 1259/1262/1271
f 1194/1197/1202 1396/1399/1408 1398/1401/1410
f 1398/1401/1410 1202/1205/1211 1194/1197/1202
f 1186/1189/1194 1394/1397/1406 1396/1399/1408
f 1396/1399/1408 1194/1197/1202 1186/1189/1194
f 1177/1180/1185 1392/1395/1404 1394/1397/1406
f 1394/1397/1406 1186/1189/1194 1177/1180/1185
f 1169/1172/1177 1390/1393/1402 1392/1395/1404
f 1392/1395/1404 1177/1180/1185 1169/1172/1177
f 1161/1164/1169 1388/1391/1400 1390/1393/1402
f 1390/1393/1402 1169/1172/1177 1161/1164/1169
f 1149/1152/1157 1385/1388/1397 1388/1391/1400
f 1388/1391/1400 1161/1164/1169 1149/1152/1157
f 1148/1151/1156 1386/1389/1398 1385/1388/1397
f 1385/1388/1397 1149/1152/1157 1148/1151/1156
f 1251/1254/1263 1250/1253/1262 1249/1252/1261
f 1249/1252/1261 1252/1255/1264 1251/1254/1263
f 1122/1125/1130 1119/1122/1127 1250/1253/1262
f 1250/1253/1262 1251/1254/1263 1122/1125/1130
f 1121/1124/1129 1120/1123/1128 1119/1122/1127
f 1119/1122/1127 1122/1125/1130 1121/1124/1129
f 1100/1103/1108 1099/1102/1107 1120/1123/1128
f 1120/1123/1128 1121/1124/1129 1100/1103/1108
f 1087/1090/1095 1086/1089/1094 1099/1102/1107
f 1099/1102/1107 1100/1103/1108 1087/1090/1095
f 1070/1073/1078 1067/1070/1075 1086/1089/1094
f 1086/1089/1094 1087/1090/1095 1070/1073/1078
f 1069/1072/1077 1068/1071/1076 1067/1070/1075
f 1067/1070/1075 1070/1073/1078 1069/1072/1077
f 1044/1047/1052 1041/1044/1049 1068/1071/1076
f 1068/1071/1076 1069/1072/1077 1044/1047/1052
f 1043/1046/1051 1042/1045/1050 1041/1044/1049
f 1041/1044/1049 1044/1047/1052 1043/1046/1051
f 1137/1140/1145 1136/1139/1144 1042/1045/1050
f 1042/1045/1050 1043/1046/1051 1137/1140/1145
f 1009/1012/1015 1008/1011/1014 1021/1024/1028
f 1021/1024/1028 1022/1025/1029 1009/1012/1015
f 992/995/998 989/992/995 1008/1011/1014
f 1008/1011/1014 1009/1012/1015 992/995/998
f 991/994/997 990/993/996 989/992/995
f 989/992/995 992/995/998 991/994/997
f 991/994/997 1321/1324/1333 1322/1325/1334
f 1322/1325/1334 990/993/996 991/994/997
f 1338/1341/1350 1341/1344/1353 1336/1339/1348
f 1336/1339/1348 1335/1338/1347 1338/1341/1350
f 1341/1344/1353 1350/1353/1362 1347/1350/1359
f 1347/1350/1359 1336/1339/1348 1341/1344/1353
f 1350/1353/1362 1355/1358/1367 1297/1300/1309
f 1297/1300/1309 1347/1350/1359 1350/1353/1362
f 1355/1358/1367 1379/1382/1391 1298/1301/1310
f 1298/1301/1310 1297/1300/1309 1355/1358/1367
f 1379/1382/1391 1380/1383/1392 1311/1314/1323
f 1311/1314/1323 1298/1301/1310 1379/1382/1391
f 1222/1225/1231 1232/1235/1241 1240/1243/1250
f 1240/1243/1250 1233/1236/1242 1222/1225/1231
f 1213/1216/1222 1229/1232/1238 1232/1235/1241
f 1232/1235/1241 1222/1225/1231 1213/1216/1222
f 1212/1215/1221 1273/1276/1285 1229/1232/1238
f 1229/1232/1238 1213/1216/1222 1212/1215/1221
f 1260/1263/1272 1211/1214/1220 1273/1276/1285
f 1273/1276/1285 1212/1215/1221 1260/1263/1272
f 1182/1185/1190 1190/1193/1198 1198/1201/1207
f 1198/1201/1207 1191/1194/1199 1182/1185/1190
f 1174/1177/1182 1181/1184/1189 1190/1193/1198
f 1190/1193/1198 1182/1185/1190 1174/1177/1182
f 1166/1169/1174 1173/1176/1181 1181/1184/1189
f 1181/1184/1189 1174/1177/1182 1166/1169/1174
f 1158/1161/1166 1165/1168/1173 1173/1176/1181
f 1173/1176/1181 1166/1169/1174 1158/1161/1166
f 1143/1146/1151 1157/1160/1165 1165/1168/1173
f 1165/1168/1173 1158/1161/1166 1143/1146/1151
f 1142/1145/1150 1154/1157/1162 1157/1160/1165
f 1157/1160/1165 1143/1146/1151 1142/1145/1150
f 1241/1244/1251 1255/1258/1267 1258/1261/1270
f 1258/1261/1270 1242/1245/1252 1241/1244/1251
f 1106/1109/1114 1128/1131/1136 1255/1258/1267
f 1255/1258/1267 1241/1244/1251 1106/1109/1114
f 1105/1108/1113 1125/1128/1133 1128/1131/1136
f 1128/1131/1136 1106/1109/1114 1105/1108/1113
f 1092/1095/1100 1104/1107/1112 1125/1128/1133
f 1125/1128/1133 1105/1108/1113 1092/1095/1100
f 1079/1082/1087 1091/1094/1099 1104/1107/1112
f 1104/1107/1112 1092/1095/1100 1079/1082/1087
f 1054/1057/1062 1078/1081/1086 1091/1094/1099
f 1091/1094/1099 1079/1082/1087 1054/1057/1062
f 1053/1056/1061 1075/1078/1083 1078/1081/1086
f 1078/1081/1086 1054/1057/1062 1053/1056/1061
f 1028/1031/1036 1052/1055/1060 1075/1078/1083
f 1075/1078/1083 1053/1056/1061 1028/1031/1036
f 1027/1030/1035 1049/1052/1057 1052/1055/1060
f 1052/1055/1060 1028/1031/1036 1027/1030/1035
f 1129/1132/1137 1140/1143/1148 1049/1052/1057
f 1049/1052/1057 1027/1030/1035 1129/1132/1137
f 1001/1004/1007 1013/1016/1019 1026/1029/1034
f 1026/1029/1034 1014/1017/1020 1001/1004/1007
f 976/979/982 1000/1003/1006 1013/1016/1019
f 1013/1016/1019 1001/1004/1007 976/979/982
f 975/978/981 997/1000/1003 1000/1003/1006
f 1000/1003/1006 976/979/982 975/978/981
f 975/978/981 1329/1332/1341 1317/1320/1329
f 1317/1320/1329 997/1000/1003 975/978/981
f 1281/1284/1293 1280/1283/1292 1289/1292/1301
f 1289/1292/1301 1288/1291/1300 1281/1284/1293
f 1280/1283/1292 1305/1308/1317 1315/1318/1327
f 1315/1318/1327 1289/1292/1301 1280/1283/1292
f 1412/1415/1425 359/362/363 1413/1416/1426
f 1413/1416/1426 1414/1417/1427 1412/1415/1425
f 370/373/374 386/389/392 1415/1418/1428
f 1415/1418/1428 1416/1419/1429 370/373/374
f 371/374/375 370/373/374 1416/1419/1429
f 1416/1419/1429 1417/1420/1430 371/374/375
f 372/375/376 371/374/375 1417/1420/1430
f 1417/1420/1430 1418/1421/1431 372/375/376
f 355/358/359 372/375/376 1418/1421/1431
f 1418/1421/1431 1419/1422/1432 355/358/359
f 354/357/358 355/358/359 1419/1422/1432
f 1419/1422/1432 1420/1423/1433 354/357/358
f 358/361/362 354/357/358 1420/1423/1433
f 1420/1423/1433 1421/1424/1434 358/361/362
f 359/362/363 358/361/362 1421/1424/1434
f 1421/1424/1434 1413/1416/1426 359/362/363
f 1414/1417/1427 1413/1416/1426 1422/1425/1435
f 1422/1425/1435 1423/1426/1436 1414/1417/1427
f 1413/1416/1426 1421/1424/1434 1424/1427/1437
f 1424/1427/1437 1422/1425/1435 1413/1416/1426
f 1421/1424/1434 1420/1423/1433 1425/1428/1438
f 1425/1428/1438 1424/1427/1437 1421/1424/1434
f 1420/1423/1433 1419/1422/1432 1426/1429/1439
f 1426/1429/1439 1425/1428/1438 1420/1423/1433
f 1419/1422/1432 1418/1421/1431 1427/1430/1440
f 1427/1430/1440 1426/1429/1439 1419/1422/1432
f 1418/1421/1431 1417/1420/1430 1428/1431/1441
f 1428/1431/1441 1427/1430/1440 1418/1421/1431
f 1417/1420/1430 1416/1419/1429 1429/1432/1442
f 1429/1432/1442 1428/1431/1441 1417/1420/1430
f 1416/1419/1429 1415/1418/1428 1430/1433/1443
f 1430/1433/1443 1429/1432/1442 1416/1419/1429
f 252/255/255 263/266/266 262/265/265
f 262/265/265 215/218/215 252/255/255
f 252/255/255 223/226/223 264/267/267
f 264/267/267 263/266/266 252/255/255
f 265/268/268 264/267/267 223/226/223
f 223/226/223 222/225/222 265/268/268
f 262/265/265 221/224/221 214/217/214
f 214/217/214 215/218/215 262/265/265
f 261/264/264 353/356/357 221/224/221
f 221/224/221 262/265/265 261/264/264
f 261/264/264 266/269/269 373/376/377
f 373/376/377 353/356/357 261/264/264
f 968/971/974 967/970/973 1431/1434/1444
f 1431/1434/1444 1432/1435/1445 968/971/974
f 969/972/975 968/971/974 1432/1435/1445
f 1432/1435/1445 1433/1436/1446 969/972/975
f 971/974/977 970/973/976 1434/1437/1447
f 1434/1437/1447 1435/1438/1448 971/974/977
f 972/975/978 971/974/977 1435/1438/1448
f 1435/1438/1448 1436/1439/1449 972/975/978
f 973/976/979 972/975/978 1436/1439/1449
f 1436/1439/1449 1437/1440/1450 973/976/979
f 974/977/980 973/976/979 1437/1440/1450
f 1437/1440/1450 1438/1441/1451 974/977/980
f 966/969/972 974/977/980 1438/1441/1451
f 1438/1441/1451 1439/1442/1452 966/969/972
f 967/970/973 966/969/972 1439/1442/1452
f 1439/1442/1452 1431/1434/1444 967/970/973
f 1440/1443/1453 1441/1444/1454 1129/1132/1137
f 1129/1132/1137 1130/1133/1138 1440/1443/1453
f 1442/1445/1455 1440/1443/1453 1130/1133/1138
f 1130/1133/1138 1131/1134/1139 1442/1445/1455
f 1443/1446/1456 1442/1445/1455 1131/1134/1139
f 1131/1134/1139 1132/1135/1140 1443/1446/1456
f 1444/1447/1457 1445/1448/1458 1134/1137/1142
f 1134/1137/1142 1133/1136/1141 1444/1447/1457
f 1446/1449/1459 1447/1450/1460 1135/1138/1143
f 1135/1138/1143 1136/1139/1144 1446/1449/1459
f 1448/1451/1461 1449/1452/1462 1137/1140/1145
f 1137/1140/1145 1138/1141/1146 1448/1451/1461
f 1450/1453/1463 1448/1451/1461 1138/1141/1146
f 1138/1141/1146 1139/1142/1147 1450/1453/1463
f 1451/1454/1464 1452/1455/1465 1141/1144/1149
f 1141/1144/1149 1140/1143/1148 1451/1454/1464
f 1453/1456/1466 1454/1457/1467 1196/1199/1468
f 1196/1199/1469 1195/1198/1470 1453/1456/1471
f 1455/1458/1472 1456/1459/1473 1198/1201/1474
f 1198/1201/1474 1197/1200/1475 1455/1458/1472
f 1457/1460/1476 1458/1461/1477 1200/1203/1478
f 1200/1203/1478 1199/1202/1479 1457/1460/1476
f 1459/1462/1480 1453/1456/1481 1195/1198/1482
f 1195/1198/1482 1203/1206/1483 1459/1462/1480
f 1460/1463/1484 1459/1462/1485 1203/1206/1486
f 1203/1206/1486 1202/1205/1487 1460/1463/1484
f 1461/1464/1488 1462/1465/1489 1398/1401/1490
f 1398/1401/1490 1397/1400/1491 1461/1464/1488
f 1463/1466/1492 1461/1464/1493 1397/1400/1493
f 1397/1400/1493 1464/1467/1494 1463/1466/1492
f 1447/1450/1460 1444/1447/1457 1133/1136/1141
f 1133/1136/1141 1135/1138/1143 1447/1450/1460
f 1462/1465/1495 1460/1463/1484 1202/1205/1487
f 1202/1205/1487 1398/1401/1496 1462/1465/1495
f 1449/1452/1462 1446/1449/1459 1136/1139/1144
f 1136/1139/1144 1137/1140/1145 1449/1452/1462
f 1465/1468/1497 1457/1460/1476 1199/1202/1479
f 1199/1202/1479 1466/1469/1498 1465/1468/1497
f 1456/1459/1499 1465/1468/1500 1466/1469/1501
f 1466/1469/1501 1198/1201/1502 1456/1459/1499
f 1441/1444/1454 1451/1454/1464 1140/1143/1148
f 1140/1143/1148 1129/1132/1137 1441/1444/1454
f 1467/1470/1503 1468/1471/1504 1015/1018/1505
f 1015/1018/1505 1014/1017/1506 1467/1470/1503
f 1468/1471/1504 1469/1472/1507 1016/1019/1508
f 1016/1019/1508 1015/1018/1505 1468/1471/1504
f 1469/1472/1509 1470/1473/1510 1017/1020/1511
f 1017/1020/1512 1016/1019/1508 1469/1472/1507
f 1471/1474/1513 1472/1475/1514 1019/1022/1515
f 1019/1022/1515 1018/1021/1516 1471/1474/1513
f 1473/1476/1517 1474/1477/1518 1021/1024/1519
f 1021/1024/1519 1020/1023/1520 1473/1476/1517
f 1475/1478/1521 1476/1479/1522 1023/1026/1523
f 1023/1026/1523 1022/1025/1524 1475/1478/1521
f 1476/1479/1525 1477/1480/1526 1024/1027/1527
f 1024/1027/1528 1023/1026/1523 1476/1479/1522
f 1478/1481/1529 1479/1482/1530 1026/1029/1531
f 1026/1029/1531 1025/1028/1532 1478/1481/1529
f 1472/1475/1514 1473/1476/1517 1020/1023/1520
f 1020/1023/1520 1019/1022/1515 1472/1475/1514
f 1474/1477/1518 1475/1478/1521 1022/1025/1524
f 1022/1025/1524 1021/1024/1519 1474/1477/1518
f 1479/1482/1530 1467/1470/1503 1014/1017/1506
f 1014/1017/1506 1026/1029/1531 1479/1482/1530
f 387/390/1533 390/393/1534 1480/1483/1535
f 1480/1483/1535 1481/1484/1536 1482/1485/1537
f 1480/1483/1535 1482/1485/1537 387/390/1533
f 400/403/1538 422/425/1539 1483/1486/1540
f 1483/1486/1540 1484/1487/1541 1485/1488/1542
f 1483/1486/1540 1485/1488/1542 400/403/1538
f 441/444/1543 451/454/1544 1486/1489/1545
f 1486/1489/1545 1487/1490/1546 1488/1491/1547
f 1486/1489/1545 1488/1491/1547 441/444/1543
f 459/462/1548 470/473/1549 1489/1492/1550
f 1489/1492/1550 1490/1493/1551 1491/1494/1552
f 1489/1492/1550 1491/1494/1552 459/462/1548
f 1492/1495/1553 1493/1496/1554 1234/1237/1555
f 1234/1237/1555 1233/1236/1556 1492/1495/1553
f 1494/1497/1557 1495/1498/1558 1237/1240/1559
f 1237/1240/1559 1236/1239/1560 1494/1497/1557
f 1495/1498/1561 1496/1499/1562 1238/1241/1563
f 1238/1241/1564 1237/1240/1559 1495/1498/1558
f 1497/1500/1565 1498/1501/1566 1240/1243/1567
f 1240/1243/1567 1239/1242/1568 1497/1500/1565
f 1499/1502/1569 1500/1503/1570 1406/1409/1571
f 1406/1409/1571 1405/1408/1572 1499/1502/1569
f 1501/1504/1573 1499/1502/1569 1405/1408/1572
f 1405/1408/1572 1502/1505/1574 1501/1504/1573
f 1500/1503/1575 1494/1497/1557 1236/1239/1560
f 1236/1239/1560 1406/1409/1576 1500/1503/1575
f 1498/1501/1566 1492/1495/1553 1233/1236/1556
f 1233/1236/1556 1240/1243/1567 1498/1501/1566
f 1503/1506/1577 389/392/1578 388/391/1579
f 388/391/1579 1504/1507/1580 1503/1506/1577
f 1480/1483/1535 390/393/1534 400/403/1538
f 1480/1483/1535 400/403/1538 1485/1488/1542
f 1485/1488/1542 1484/1487/1541 1480/1483/1535
f 1503/1506/1577 885/888/891 399/402/1581
f 399/402/1581 389/392/1578 1503/1506/1577
f 884/887/890 421/424/1582 399/402/1581
f 399/402/1581 885/888/891 884/887/890
f 1483/1486/1540 422/425/1539 441/444/1543
f 1483/1486/1540 441/444/1543 1488/1491/1547
f 1488/1491/1547 1487/1490/1546 1483/1486/1540
f 884/887/890 887/890/893 440/443/1583
f 440/443/1583 421/424/1582 884/887/890
f 1505/1508/1584 450/453/1585 440/443/1583
f 440/443/1583 887/890/893 1505/1508/1584
f 1486/1489/1545 451/454/1544 459/462/1548
f 1486/1489/1545 459/462/1548 1491/1494/1552
f 1491/1494/1552 1490/1493/1551 1486/1489/1545
f 1505/1508/1584 1506/1509/1586 458/461/1587
f 458/461/1587 450/453/1585 1505/1508/1584
f 1507/1510/1588 469/472/1589 458/461/1587
f 458/461/1587 1506/1509/1586 1507/1510/1588
f 1508/1511/1590 484/487/1591 387/390/1533
f 1508/1511/1590 387/390/1533 1482/1485/1537
f 1482/1485/1537 1481/1484/1536 1508/1511/1590
f 1509/1512/1592 1504/1507/1580 388/391/1579
f 388/391/1579 485/488/1593 1509/1512/1592
f 1510/1513/1594 161/161/158 148/148/145
f 148/148/145 147/147/144 1510/1513/1594
f 1511/1514/1595 1510/1513/1594 147/147/144
f 147/147/144 151/151/148 1511/1514/1595
f 2897/165/162 2303/1515/1596 2301/163/160
f 1512/1516/1597 1513/1517/1597 1514/1518/1597
f 1512/1516/1597 1514/1518/1597 1515/1519/1598
f 2299/1520/1599 2298/1521/1600 2896/164/161
f 2896/164/161 2301/163/160 2299/1520/1599
f 1516/1522/1601 1517/1523/1602 1518/1524/1603
f 1518/1524/1604 1519/1525/1605 1520/1522/1606
f 1518/1524/1603 1520/1522/1421 1516/1522/1601
f 1511/1514/1595 151/151/148 1521/1526/1607
f 1511/1514/1595 1521/1526/1607 1522/1527/1608
f 2308/1528/1609 2900/1529/1610 2895/1530/1611
f 270/273/273 240/243/242 233/236/235
f 233/236/235 236/239/238 270/273/273
f 1523/1531/1612 1524/1531/1613 1525/1532/1614
f 1523/1531/1615 1525/1532/1616 1526/1533/1615
f 1523/1531/1615 1526/1533/1615 1527/1534/1615
f 2895/1530/1611 2309/1535/1617 2308/1528/1609
f 2303/1515/1596 2897/165/162 2898/1536/1618
f 1528/1537/1619 1529/1538/1620 1530/1539/1621
f 1530/1539/1621 173/176/1622 1528/1537/1619
f 1531/1540/1623 1528/1537/1624 173/176/173
f 173/176/173 172/175/172 1531/1540/1623
f 1532/1541/1625 1533/1542/1626 244/247/246
f 244/247/246 243/246/245 1532/1541/1625
f 2898/1536/1618 2305/1543/1627 2303/1515/1596
f 1534/1544/1628 1535/1545/1629 1536/1546/1630
f 1534/1544/1628 1536/1546/1630 1537/1547/1631
f 2311/1548/1632 2894/1549/1633 2297/1550/1634
f 1538/1551/1635 269/272/272 257/260/260
f 257/260/260 256/259/259 1538/1551/1635
f 1539/1552/1636 1532/1541/1625 243/246/245
f 243/246/245 245/248/247 1539/1552/1636
f 1540/1553/1637 1538/1551/1635 256/259/259
f 1540/1553/1637 256/259/259 1541/1554/1637
f 2297/1550/1634 2296/1555/1638 2311/1548/1632
f 1533/1542/1639 1531/1540/1623 172/175/172
f 172/175/172 244/247/391 1533/1542/1639
f 385/388/389 1539/1552/1636 245/248/247
f 245/248/247 248/251/250 385/388/389
f 1542/1556/1640 1543/1557/1641 295/298/299
f 295/298/299 294/297/298 1542/1556/1640
f 1544/1558/1642 1542/1556/1640 294/297/298
f 294/297/298 298/301/302 1544/1558/1642
f 1545/1559/1643 1544/1558/1642 298/301/302
f 298/301/302 300/303/304 1545/1559/1643
f 1546/1560/1644 1545/1559/1643 300/303/304
f 300/303/304 302/305/306 1546/1560/1644
f 1543/1557/1641 1547/1561/1645 304/307/308
f 304/307/308 295/298/299 1543/1557/1641
f 1547/1561/1645 1548/1562/1646 361/364/365
f 361/364/365 304/307/308 1547/1561/1645
f 1548/1562/1646 1549/1563/1647 366/369/370
f 366/369/370 361/364/365 1548/1562/1646
f 1550/1564/1648 1546/1560/1644 302/305/306
f 302/305/306 373/376/377 1550/1564/1648
f 1549/1563/1647 1551/1565/1649 386/389/392
f 386/389/392 366/369/370 1549/1563/1647
f 1409/1412/1422 1552/1566/1650 1112/1115/1120
f 1112/1115/1120 1110/1113/1118 1409/1412/1422
f 1553/1567/1651 1410/1413/1423 1116/1119/1124
f 1116/1119/1124 1115/1118/1123 1553/1567/1651
f 1554/1568/1652 1502/1505/1653 1405/1408/1417
f 1405/1408/1417 1403/1406/1415 1554/1568/1652
f 1555/1569/1654 1554/1568/1652 1403/1406/1415
f 1403/1406/1415 1400/1403/1412 1555/1569/1654
f 1556/1570/1655 1555/1569/1654 1400/1403/1412
f 1400/1403/1412 1399/1402/1411 1556/1570/1655
f 1557/1571/1656 1556/1570/1655 1399/1402/1411
f 1399/1402/1411 1407/1410/1419 1557/1571/1656
f 1558/1572/1657 1464/1467/1658 1397/1400/1409
f 1397/1400/1409 1395/1398/1407 1558/1572/1657
f 1559/1573/1659 1558/1572/1657 1395/1398/1407
f 1395/1398/1407 1393/1396/1405 1559/1573/1659
f 1560/1574/1660 1559/1573/1659 1393/1396/1405
f 1393/1396/1405 1391/1394/1403 1560/1574/1660
f 1561/1575/1661 1560/1574/1660 1391/1394/1403
f 1391/1394/1403 1389/1392/1401 1561/1575/1661
f 1562/1576/1662 1561/1575/1661 1389/1392/1401
f 1389/1392/1401 1387/1390/1399 1562/1576/1662
f 1563/1577/1663 1562/1576/1662 1387/1390/1399
f 1387/1390/1399 1384/1387/1396 1563/1577/1663
f 1564/1578/1664 1563/1577/1663 1384/1387/1396
f 1384/1387/1396 1383/1386/1395 1564/1578/1664
f 1411/1414/1424 1565/1579/1665 1248/1251/1260
f 1248/1251/1260 1247/1250/1259 1411/1414/1424
f 1551/1565/1649 1566/1580/1666 1415/1418/1428
f 1415/1418/1428 386/389/392 1551/1565/1649
f 1566/1580/1666 1567/1581/1667 1430/1433/1443
f 1430/1433/1443 1415/1418/1428 1566/1580/1666
f 238/241/240 267/270/270 265/268/268
f 265/268/268 222/225/222 238/241/240
f 268/271/271 1550/1564/1648 373/376/377
f 373/376/377 266/269/269 268/271/271
f 1412/1415/1425 344/347/348 343/346/347
f 343/346/347 359/362/363 1412/1415/1425
f 1568/1582/1668 1201/1204/1669 1200/1203/1478
f 1200/1203/1478 1458/1461/1477 1568/1582/1668
f 1569/1583/1670 1235/1238/1671 1234/1237/1555
f 1234/1237/1555 1493/1496/1554 1569/1583/1670
f 1199/1202/1208 1191/1194/1199 1198/1201/1207
f 1198/1201/1207 1466/1469/1672 1199/1202/1208
f 895/898/901 899/902/905 1503/1506/1577
f 1503/1506/1577 1504/1507/1580 895/898/901
f 899/902/905 882/885/888 885/888/891
f 885/888/891 1503/1506/1577 899/902/905
f 891/894/897 893/896/899 1507/1510/1588
f 1507/1510/1588 1506/1509/1586 891/894/897
f 896/899/902 895/898/901 1504/1507/1580
f 1504/1507/1580 1509/1512/1592 896/899/902
f 886/889/892 888/891/894 1505/1508/1584
f 1505/1508/1584 887/890/893 886/889/892
f 888/891/894 891/894/897 1506/1509/1586
f 1506/1509/1586 1505/1508/1584 888/891/894
f 1570/1584/1673 1571/1585/1674 1572/1586/1675
f 1572/1586/1675 1573/1587/1676 1570/1584/1673
f 1574/1588/1677 1575/1589/1678 1572/1586/1675
f 1572/1586/1675 1571/1585/1674 1574/1588/1677
f 1576/1590/1679 1577/1591/1680 1578/1592/1681
f 1578/1592/1681 1579/1593/1682 1576/1590/1679
f 1580/1594/1683 1581/1595/1684 1582/1596/1685
f 1582/1596/1685 1583/1597/1686 1580/1594/1683
f 1570/1584/1673 1584/1598/1687 1585/1599/1688
f 2309/1535/1617 2895/1530/1611 2894/1549/1633
f 1585/1599/1688 161/161/158 1570/1584/1673
f 1572/1586/1675 1586/1600/1689 1587/1601/1690
f 1587/1601/1690 1573/1587/1676 1572/1586/1675
f 1573/1587/1676 1588/1602/1691 1589/1603/1692
f 1589/1603/1692 1570/1584/1673 1573/1587/1676
f 1575/1589/1678 1590/1604/1693 1591/1605/1694
f 1591/1605/1694 1572/1586/1675 1575/1589/1678
f 1574/1588/1677 1592/1606/1695 1593/1607/1696
f 1593/1607/1696 1575/1589/1678 1574/1588/1677
f 1594/1608/1697 1595/1609/1698 1596/1610/1699
f 1596/1610/1699 1597/1611/1700 1594/1608/1697
f 1598/1612/1701 1599/1613/1702 1600/1614/1703
f 1600/1614/1703 1601/1615/1704 1598/1612/1701
f 1602/1616/1705 1603/1617/1706 1604/1618/1707
f 1604/1618/1707 1605/1619/1708 1602/1616/1705
f 1606/1620/1709 1607/1621/1710 1608/1622/1711
f 1608/1622/1711 1609/1623/1712 1606/1620/1709
f 1610/1624/1713 1611/1625/1714 1612/1626/1715
f 1612/1626/1715 1613/1627/1716 1610/1624/1713
f 1611/1625/1714 1610/1624/1713 1614/1628/1717
f 1614/1628/1717 1615/1629/1718 1611/1625/1714
f 1616/1630/1719 1617/1631/1720 1618/1632/1721
f 1618/1632/1721 1619/1633/1722 1616/1630/1719
f 1620/1634/1723 1621/1635/1724 1622/1636/1725
f 1622/1636/1725 1623/1637/1726 1620/1634/1723
f 1624/1638/1727 1625/1639/1728 1605/1619/1708
f 1605/1619/1708 1604/1618/1707 1624/1638/1727
f 1626/1640/1729 1627/1641/1730 1628/1642/1731
f 1607/1621/1710 1606/1620/1709 1613/1627/1716
f 1613/1627/1716 1612/1626/1715 1607/1621/1710
f 1603/1617/1706 1602/1616/1705 1615/1629/1718
f 1615/1629/1718 1614/1628/1717 1603/1617/1706
f 1600/1614/1703 1629/1643/1732 1630/1644/1733
f 1630/1644/1733 1601/1615/1704 1600/1614/1703
f 1628/1642/1731 1627/1641/1730 1631/1645/1734
f 1625/1639/1728 1624/1638/1727 1609/1623/1712
f 1609/1623/1712 1608/1622/1711 1625/1639/1728
f 1603/1617/1706 1632/1646/1735 1633/1647/1736
f 1633/1647/1736 1604/1618/1707 1603/1617/1706
f 1634/1648/1737 1624/1638/1727 1604/1618/1707
f 1604/1618/1707 1633/1647/1736 1634/1648/1737
f 1624/1638/1727 1634/1648/1737 1635/1649/1738
f 1635/1649/1738 1609/1623/1712 1624/1638/1727
f 1636/1650/1739 1606/1620/1709 1609/1623/1712
f 1609/1623/1712 1635/1649/1738 1636/1650/1739
f 1606/1620/1709 1636/1650/1739 1637/1651/1740
f 1637/1651/1740 1613/1627/1716 1606/1620/1709
f 1638/1652/1741 1610/1624/1713 1613/1627/1716
f 1613/1627/1716 1637/1651/1740 1638/1652/1741
f 1610/1624/1713 1638/1652/1741 1639/1653/1742
f 1639/1653/1742 1614/1628/1717 1610/1624/1713
f 1632/1646/1735 1603/1617/1706 1614/1628/1717
f 1614/1628/1717 1639/1653/1742 1632/1646/1735
f 1633/1647/1736 1632/1646/1735 1640/1654/1743
f 1640/1654/1743 1641/1655/1744 1633/1647/1736
f 1621/1635/1724 1634/1648/1737 1633/1647/1736
f 1633/1647/1736 1641/1655/1744 1621/1635/1724
f 1634/1648/1737 1621/1635/1724 1642/1656/1745
f 1642/1656/1745 1635/1649/1738 1634/1648/1737
f 1643/1657/1746 1636/1650/1739 1635/1649/1738
f 1635/1649/1738 1642/1656/1745 1643/1657/1746
f 1636/1650/1739 1643/1657/1746 1644/1658/1747
f 1644/1658/1747 1637/1651/1740 1636/1650/1739
f 1645/1659/1748 1646/1660/1749 1647/1661/1750
f 1647/1661/1750 1648/1662/1751 1645/1659/1748
f 1649/1663/1752 1650/1664/1753 1645/1659/1748
f 1645/1659/1748 1648/1662/1751 1649/1663/1752
f 1626/1640/1729 1598/1612/1701 1601/1615/1704
f 1601/1615/1704 1627/1641/1730 1626/1640/1729
f 1630/1644/1733 1631/1645/1734 1627/1641/1730
f 1627/1641/1730 1601/1615/1704 1630/1644/1733
f 1651/1665/1754 1600/1614/1703 1599/1613/1702
f 1629/1643/1732 1600/1614/1703 1651/1665/1754
f 1640/1654/1743 1652/1666/1755 1653/1667/1756
f 1653/1667/1756 1641/1655/1744 1640/1654/1743
f 1594/1608/1757 1597/1611/1758 1654/1668/1759
f 1654/1668/1760 1655/1669/1761 1594/1608/1762
f 1656/1670/1763 1657/1671/1764 1658/1672/1765
f 1658/1672/1765 1659/1673/1766 1656/1670/1763
f 1658/1672/1765 1657/1671/1764 1650/1664/1753
f 1650/1664/1753 1649/1663/1752 1658/1672/1765
f 237/240/239 1648/1662/1751 1647/1661/1750
f 1647/1661/1750 238/241/240 237/240/239
f 239/242/241 1649/1663/1752 1648/1662/1751
f 1648/1662/1751 237/240/239 239/242/241
f 240/243/242 1658/1672/1765 1649/1663/1752
f 1649/1663/1752 239/242/241 240/243/242
f 1660/1674/1767 1661/1675/1768 1662/1676/1769
f 1662/1676/1769 1663/1677/1770 1660/1674/1767
f 1664/1678/1771 1665/1679/1772 1666/1680/1773
f 1666/1680/1773 1667/1681/1774 1664/1678/1771
f 1597/1611/1775 1668/1682/1776 1669/1683/1777
f 1669/1683/1778 1670/1684/1779 1597/1611/1780
f 1645/1659/1748 1671/1685/1781 1672/1686/1782
f 1672/1686/1782 1646/1660/1749 1645/1659/1748
f 1650/1664/1753 1673/1687/1783 1671/1685/1781
f 1671/1685/1781 1645/1659/1748 1650/1664/1753
f 1674/1688/1784 1675/1689/1785 1676/1690/1786
f 1676/1690/1786 1677/1691/1787 1674/1688/1784
f 1657/1671/1764 1656/1670/1763 1678/1692/1788
f 1678/1692/1788 1679/1693/1789 1657/1671/1764
f 1657/1671/1764 1679/1693/1789 1673/1687/1783
f 1673/1687/1783 1650/1664/1753 1657/1671/1764
f 1680/1694/1790 1681/1695/1791 1682/1696/1792
f 1682/1696/1792 1683/1697/1793 1680/1694/1790
f 1684/1698/1794 1683/1697/1793 1682/1696/1792
f 1682/1696/1792 1685/1699/1795 1684/1698/1794
f 267/270/270 1684/1698/1794 1685/1699/1795
f 1685/1699/1795 268/271/271 267/270/270
f 269/272/272 1674/1688/1784 1659/1673/1766
f 1659/1673/1766 270/273/273 269/272/272
f 1677/1691/1787 1656/1670/1763 1659/1673/1766
f 1659/1673/1766 1674/1688/1784 1677/1691/1787
f 1677/1691/1787 1676/1690/1786 1678/1692/1788
f 1678/1692/1788 1656/1670/1763 1677/1691/1787
f 1652/1666/1755 1686/1700/1796 1687/1701/1797
f 1687/1701/1797 1653/1667/1756 1652/1666/1755
f 1668/1682/1776 1617/1631/1720 1653/1667/1756
f 1653/1667/1756 1688/1702/1798 1668/1682/1776
f 1617/1631/1720 1668/1682/1776 1689/1703/1799
f 1689/1703/1799 1618/1632/1721 1617/1631/1720
f 1665/1679/1772 1661/1675/1768 1660/1674/1767
f 1660/1674/1767 1666/1680/1773 1665/1679/1772
f 1690/1704/1800 1691/1705/1801 1692/1706/1802
f 1692/1706/1802 1693/1707/1803 1690/1704/1800
f 1694/1708/1804 1695/1709/1805 1696/1710/1806
f 1696/1710/1806 1697/1711/1807 1694/1708/1804
f 1689/1703/1799 1668/1682/1776 1597/1611/1775
f 1597/1611/1775 1596/1610/1808 1689/1703/1799
f 1675/1689/1785 1698/1712/1809 1699/1713/1809
f 1699/1713/1809 1676/1690/1786 1675/1689/1785
f 1676/1690/1786 1700/1714/1810 1652/1666/1755
f 1652/1666/1755 1678/1692/1788 1676/1690/1786
f 1640/1654/1743 1679/1693/1789 1678/1692/1788
f 1678/1692/1788 1652/1666/1755 1640/1654/1743
f 1679/1693/1789 1640/1654/1743 1632/1646/1735
f 1632/1646/1735 1673/1687/1783 1679/1693/1789
f 1673/1687/1783 1632/1646/1735 1639/1653/1742
f 1639/1653/1742 1671/1685/1781 1673/1687/1783
f 1671/1685/1781 1639/1653/1742 1638/1652/1741
f 1638/1652/1741 1672/1686/1782 1671/1685/1781
f 1701/1715/1811 1607/1621/1710 1612/1626/1715
f 1612/1626/1715 1702/1716/1812 1701/1715/1811
f 1701/1715/1811 1703/1717/1813 1608/1622/1711
f 1608/1622/1711 1607/1621/1710 1701/1715/1811
f 1704/1718/1814 1625/1639/1728 1608/1622/1711
f 1608/1622/1711 1703/1717/1813 1704/1718/1814
f 1704/1718/1814 1705/1719/1815 1605/1619/1708
f 1605/1619/1708 1625/1639/1728 1704/1718/1814
f 1706/1720/1816 1602/1616/1705 1605/1619/1708
f 1605/1619/1708 1705/1719/1815 1706/1720/1816
f 1706/1720/1816 1707/1721/1817 1615/1629/1718
f 1615/1629/1718 1602/1616/1705 1706/1720/1816
f 1708/1722/1818 1611/1625/1714 1615/1629/1718
f 1615/1629/1718 1707/1721/1817 1708/1722/1818
f 1708/1722/1818 1702/1716/1812 1612/1626/1715
f 1612/1626/1715 1611/1625/1714 1708/1722/1818
f 1709/1723/1819 1710/1724/1820 1711/1725/1821
f 1711/1725/1821 1712/1726/1822 1709/1723/1819
f 1712/1726/1822 1711/1725/1821 1713/1727/1823
f 1713/1727/1823 1714/1728/1824 1712/1726/1822
f 1714/1728/1824 1713/1727/1823 1715/1729/1825
f 1715/1729/1825 1716/1730/1826 1714/1728/1824
f 1716/1730/1826 1715/1729/1825 1717/1731/1827
f 1717/1731/1827 1718/1732/1828 1716/1730/1826
f 1719/1733/1829 1720/1734/1830 1710/1724/1820
f 1710/1724/1820 1709/1723/1819 1719/1733/1829
f 1721/1735/1831 1709/1723/1819 1712/1726/1822
f 1712/1726/1822 1722/1736/1832 1721/1735/1831
f 1722/1736/1832 1712/1726/1822 1714/1728/1824
f 1714/1728/1824 1723/1737/1833 1722/1736/1832
f 1723/1737/1833 1714/1728/1824 1716/1730/1826
f 1716/1730/1826 1724/1738/1834 1723/1737/1833
f 1724/1738/1834 1716/1730/1826 1718/1732/1828
f 1718/1732/1828 1725/1739/1835 1724/1738/1834
f 1726/1740/1836 1719/1733/1829 1709/1723/1819
f 1709/1723/1819 1721/1735/1831 1726/1740/1836
f 1727/1741/1837 1721/1735/1831 1722/1736/1832
f 1722/1736/1832 1728/1742/1838 1727/1741/1837
f 1728/1742/1838 1722/1736/1832 1723/1737/1833
f 1723/1737/1833 1729/1743/1839 1728/1742/1838
f 1729/1743/1839 1723/1737/1833 1724/1738/1834
f 1724/1738/1834 1730/1744/1840 1729/1743/1839
f 1730/1744/1840 1724/1738/1834 1725/1739/1835
f 1725/1739/1835 1731/1745/1841 1730/1744/1840
f 1732/1746/1842 1726/1740/1836 1721/1735/1831
f 1721/1735/1831 1727/1741/1837 1732/1746/1842
f 1733/1747/1843 1727/1741/1837 1728/1742/1838
f 1728/1742/1838 1734/1748/1844 1733/1747/1843
f 1734/1748/1844 1728/1742/1838 1729/1743/1839
f 1729/1743/1839 1735/1749/1845 1734/1748/1844
f 1735/1749/1845 1729/1743/1839 1730/1744/1840
f 1730/1744/1840 1736/1750/1846 1735/1749/1845
f 1736/1750/1846 1730/1744/1840 1731/1745/1841
f 1731/1745/1841 1737/1751/1847 1736/1750/1846
f 1643/1657/1746 1738/1752/1848 1737/1751/1847
f 1737/1751/1847 1731/1745/1841 1643/1657/1746
f 1739/1753/1849 1732/1746/1842 1727/1741/1837
f 1727/1741/1837 1733/1747/1843 1739/1753/1849
f 1740/1754/1850 1741/1755/1851 1742/1756/1852
f 1742/1756/1852 1743/1757/1853 1740/1754/1850
f 1743/1757/1853 1742/1756/1852 1744/1758/1854
f 1744/1758/1854 1745/1759/1855 1743/1757/1853
f 1746/1760/1856 1747/1761/1857 1742/1756/1852
f 1742/1756/1852 1741/1755/1851 1746/1760/1856
f 1742/1756/1852 1747/1761/1857 1748/1762/1858
f 1748/1762/1858 1744/1758/1854 1742/1756/1852
f 1749/1763/1859 1750/1764/1860 334/337/338
f 334/337/338 337/340/341 1749/1763/1859
f 1622/1636/1725 1751/1765/1861 1752/1766/1862
f 1752/1766/1862 1623/1637/1726 1622/1636/1725
f 1753/1767/1863 1642/1656/1745 1621/1635/1724
f 1621/1635/1724 1620/1634/1723 1753/1767/1863
f 1738/1752/1848 1643/1657/1746 1642/1656/1745
f 1642/1656/1745 1753/1767/1863 1738/1752/1848
f 1754/1768/1864 1755/1769/1865 1750/1764/1860
f 1750/1764/1860 1749/1763/1859 1754/1768/1864
f 1756/1770/1866 1749/1763/1859 337/340/341
f 337/340/341 344/347/348 1756/1770/1866
f 1757/1771/1867 1758/1772/1868 1623/1637/1726
f 1623/1637/1726 1752/1766/1862 1757/1771/1867
f 1759/1773/1869 1760/1774/1870 1761/1775/1871
f 1761/1775/1871 1762/1776/1872 1759/1773/1869
f 1747/1761/1857 1746/1760/1856 1760/1774/1870
f 1760/1774/1870 1759/1773/1869 1747/1761/1857
f 1763/1777/1873 1754/1768/1864 1749/1763/1859
f 1749/1763/1859 1756/1770/1866 1763/1777/1873
f 1764/1778/1874 1620/1634/1723 1623/1637/1726
f 1623/1637/1726 1758/1772/1868 1764/1778/1874
f 1644/1658/1747 1643/1657/1746 1731/1745/1841
f 1731/1745/1841 1725/1739/1835 1644/1658/1747
f 1765/1779/1875 1644/1658/1747 1725/1739/1835
f 1725/1739/1835 1718/1732/1828 1765/1779/1875
f 1758/1772/1868 1757/1771/1867 1766/1780/1876
f 1766/1780/1876 1767/1781/1877 1758/1772/1868
f 1768/1782/1878 1759/1773/1869 1762/1776/1872
f 1762/1776/1872 1769/1783/1879 1768/1782/1878
f 1748/1762/1858 1747/1761/1857 1759/1773/1869
f 1759/1773/1869 1768/1782/1878 1748/1762/1858
f 1770/1784/1880 1763/1777/1873 1756/1770/1866
f 1756/1770/1866 1771/1785/1881 1770/1784/1880
f 1772/1786/1882 1764/1778/1874 1758/1772/1868
f 1758/1772/1868 1767/1781/1877 1772/1786/1882
f 1773/1787/1883 1720/1734/1830 1719/1733/1829
f 1719/1733/1829 1774/1788/1884 1773/1787/1883
f 1774/1788/1884 1719/1733/1829 1726/1740/1836
f 1726/1740/1836 1775/1789/1885 1774/1788/1884
f 1775/1789/1885 1726/1740/1836 1732/1746/1842
f 1732/1746/1842 1776/1790/1886 1775/1789/1885
f 1776/1790/1886 1732/1746/1842 1739/1753/1849
f 1739/1753/1849 1777/1791/1887 1776/1790/1886
f 1778/1792/1888 1773/1787/1883 1774/1788/1884
f 1774/1788/1884 1779/1793/1889 1778/1792/1888
f 1779/1793/1889 1774/1788/1884 1775/1789/1885
f 1775/1789/1885 1780/1794/1890 1779/1793/1889
f 1780/1794/1890 1775/1789/1885 1776/1790/1886
f 1776/1790/1886 1781/1795/1891 1780/1794/1890
f 1781/1795/1891 1776/1790/1886 1777/1791/1887
f 1777/1791/1887 1772/1786/1882 1781/1795/1891
f 1782/1796/1892 1779/1793/1889 1780/1794/1890
f 1780/1794/1890 1783/1797/1893 1782/1796/1892
f 1783/1797/1893 1780/1794/1890 1781/1795/1891
f 1781/1795/1891 1784/1798/1894 1783/1797/1893
f 1784/1798/1894 1781/1795/1891 1772/1786/1882
f 1772/1786/1882 1767/1781/1877 1784/1798/1894
f 1785/1799/1895 1765/1779/1875 1718/1732/1828
f 1718/1732/1828 1717/1731/1827 1785/1799/1895
f 1786/1800/1896 1735/1749/1845 1736/1750/1846
f 1736/1750/1846 1787/1801/1897 1786/1800/1896
f 1787/1801/1897 1736/1750/1846 1737/1751/1847
f 1737/1751/1847 1788/1802/1898 1787/1801/1897
f 1789/1803/1899 1733/1747/1843 1734/1748/1844
f 1734/1748/1844 1790/1804/1900 1789/1803/1899
f 1790/1804/1900 1734/1748/1844 1735/1749/1845
f 1735/1749/1845 1786/1800/1896 1790/1804/1900
f 1788/1802/1898 1737/1751/1847 1738/1752/1848
f 1738/1752/1848 1791/1805/1901 1788/1802/1898
f 1792/1806/1902 1739/1753/1849 1733/1747/1843
f 1733/1747/1843 1789/1803/1899 1792/1806/1902
f 1753/1767/1863 1620/1634/1723 1793/1807/1903
f 1620/1634/1723 1764/1778/1874 1794/1808/1904
f 1791/1805/1901 1738/1752/1848 1753/1767/1863
f 1753/1767/1863 1793/1807/1903 1791/1805/1901
f 1794/1808/1904 1764/1778/1874 1772/1786/1882
f 1772/1786/1882 1795/1809/1905 1794/1808/1904
f 1795/1809/1905 1772/1786/1882 1777/1791/1887
f 1777/1791/1887 1796/1810/1906 1795/1809/1905
f 1796/1810/1906 1777/1791/1887 1739/1753/1849
f 1739/1753/1849 1792/1806/1902 1796/1810/1906
f 1743/1757/1853 1786/1800/1896 1787/1801/1897
f 1787/1801/1897 1740/1754/1850 1743/1757/1853
f 1740/1754/1850 1787/1801/1897 1788/1802/1898
f 1788/1802/1898 1741/1755/1851 1740/1754/1850
f 1744/1758/1854 1789/1803/1899 1790/1804/1900
f 1790/1804/1900 1745/1759/1855 1744/1758/1854
f 1745/1759/1855 1790/1804/1900 1786/1800/1896
f 1786/1800/1896 1743/1757/1853 1745/1759/1855
f 1741/1755/1851 1788/1802/1898 1791/1805/1901
f 1791/1805/1901 1746/1760/1856 1741/1755/1851
f 1748/1762/1858 1792/1806/1902 1789/1803/1899
f 1789/1803/1899 1744/1758/1854 1748/1762/1858
f 1760/1774/1870 1793/1807/1903 1620/1634/1723
f 1620/1634/1723 1761/1775/1871 1760/1774/1870
f 1761/1775/1871 1620/1634/1723 1794/1808/1904
f 1794/1808/1904 1762/1776/1872 1761/1775/1871
f 1746/1760/1856 1791/1805/1901 1793/1807/1903
f 1793/1807/1903 1760/1774/1870 1746/1760/1856
f 1762/1776/1872 1794/1808/1904 1795/1809/1905
f 1795/1809/1905 1769/1783/1879 1762/1776/1872
f 1769/1783/1879 1795/1809/1905 1796/1810/1906
f 1796/1810/1906 1768/1782/1878 1769/1783/1879
f 1768/1782/1878 1796/1810/1906 1792/1806/1902
f 1792/1806/1902 1748/1762/1858 1768/1782/1878
f 1622/1636/1725 1621/1635/1724 1641/1655/1744
f 1641/1655/1744 1616/1630/1719 1622/1636/1725
f 1751/1765/1861 1622/1636/1725 1616/1630/1719
f 1616/1630/1719 1619/1633/1722 1751/1765/1861
f 1755/1769/1865 1664/1678/1771 1667/1681/1774
f 1667/1681/1774 1750/1764/1860 1755/1769/1865
f 1750/1764/1860 1667/1681/1774 385/388/389
f 385/388/389 334/337/338 1750/1764/1860
f 1617/1631/1720 1616/1630/1719 1641/1655/1744
f 1641/1655/1744 1653/1667/1756 1617/1631/1720
f 1595/1609/1698 1663/1677/1907 1662/1676/1908
f 1662/1676/1908 1596/1610/1699 1595/1609/1698
f 1661/1675/1768 1689/1703/1799 1596/1610/1808
f 1596/1610/1808 1662/1676/1769 1661/1675/1768
f 1665/1679/1772 1618/1632/1721 1689/1703/1799
f 1689/1703/1799 1661/1675/1768 1665/1679/1772
f 1664/1678/1771 1619/1633/1722 1618/1632/1721
f 1618/1632/1721 1665/1679/1772 1664/1678/1771
f 1755/1769/1865 1751/1765/1861 1619/1633/1722
f 1619/1633/1722 1664/1678/1771 1755/1769/1865
f 1755/1769/1865 1754/1768/1864 1752/1766/1862
f 1752/1766/1862 1751/1765/1861 1755/1769/1865
f 1763/1777/1873 1757/1771/1867 1752/1766/1862
f 1752/1766/1862 1754/1768/1864 1763/1777/1873
f 1763/1777/1873 1770/1784/1880 1766/1780/1876
f 1766/1780/1876 1757/1771/1867 1763/1777/1873
f 1782/1796/1892 1797/1811/1909 1778/1792/1888
f 1778/1792/1888 1779/1793/1889 1782/1796/1892
f 1798/1812/1910 1799/1813/1911 1800/1814/1912
f 1800/1814/1912 1801/1815/1913 1798/1812/1910
f 1802/1816/1914 1803/1817/1915 1804/1818/1916
f 1804/1818/1916 1805/1819/1917 1802/1816/1914
f 1806/1820/1918 1807/1821/1919 1808/1822/1920
f 1808/1822/1920 1809/1823/1921 1806/1820/1918
f 1810/1824/1922 1798/1812/1910 1801/1815/1913
f 1801/1815/1913 1811/1825/1923 1810/1824/1922
f 1812/1826/1924 1813/1827/1925 1814/1828/1926
f 1814/1828/1926 1815/1829/1927 1812/1826/1924
f 1816/1830/1928 1817/1831/1929 1818/1832/1930
f 1818/1832/1930 1819/1833/1931 1816/1830/1928
f 1820/1834/1932 1812/1826/1924 1815/1829/1927
f 1815/1829/1927 1821/1835/1933 1820/1834/1932
f 1819/1833/1931 1818/1832/1930 1822/1836/1934
f 1822/1836/1934 1823/1837/1935 1819/1833/1931
f 1824/1838/1936 1825/1839/1937 1826/1840/1938
f 1826/1840/1938 1827/1841/1939 1824/1838/1936
f 1828/1842/1940 1829/1843/1941 1830/1844/1942
f 1830/1844/1942 1831/1845/1943 1828/1842/1940
f 1832/1846/1944 1810/1824/1922 1811/1825/1923
f 1811/1825/1923 1833/1847/1945 1832/1846/1944
f 1834/1848/1946 1806/1820/1918 1809/1823/1921
f 1809/1823/1921 1835/1849/1947 1834/1848/1946
f 1836/1850/1948 1835/1849/1947 1809/1823/1921
f 1809/1823/1921 1837/1851/1949 1836/1850/1948
f 1838/1852/1950 1836/1850/1948 1837/1851/1949
f 1837/1851/1949 1828/1842/1940 1838/1852/1950
f 1838/1852/1950 1828/1842/1940 1831/1845/1943
f 1835/1849/1947 1839/1853/1951 1834/1848/1946
f 1835/1849/1947 1836/1850/1948 1840/1854/1952
f 1840/1854/1952 1839/1853/1951 1835/1849/1947
f 1836/1850/1948 1838/1852/1950 1841/1855/1953
f 1841/1855/1953 1840/1854/1952 1836/1850/1948
f 1842/1856/1954 1838/1852/1950 1843/1857/1955
f 1840/1854/1952 1844/1858/1956 1839/1853/1951
f 1840/1854/1952 1841/1855/1953 1845/1859/1957
f 1845/1859/1957 1844/1858/1956 1840/1854/1952
f 1846/1860/1958 1841/1855/1953 1847/1861/1959
f 1839/1853/1951 1848/1862/1960 1834/1848/1946
f 1849/1863/1961 1834/1848/1946 1848/1862/1960
f 1848/1862/1960 1850/1864/1962 1849/1863/1961
f 1851/1865/1963 1832/1846/1944 1833/1847/1945
f 1833/1847/1945 1852/1866/1964 1851/1865/1963
f 1839/1853/1951 1844/1858/1956 1853/1867/1965
f 1853/1867/1965 1848/1862/1960 1839/1853/1951
f 1850/1864/1962 1848/1862/1960 1853/1867/1965
f 1853/1867/1965 1854/1868/1966 1850/1864/1962
f 1844/1858/1956 1845/1859/1957 1855/1869/1967
f 1855/1869/1967 1853/1867/1965 1844/1858/1956
f 1854/1868/1966 1853/1867/1965 1855/1869/1967
f 1855/1869/1967 1856/1870/1968 1854/1868/1966
f 1857/1871/1969 1845/1859/1957 1858/1872/1970
f 1855/1869/1967 1859/1873/1971 1860/1874/1972
f 1861/1875/1973 1851/1865/1963 1852/1866/1964
f 1852/1866/1964 1862/1876/1974 1861/1875/1973
f 1863/1877/1975 1849/1863/1961 1850/1864/1962
f 1850/1864/1962 1864/1878/1976 1863/1877/1975
f 1865/1879/1977 1866/1880/1978 1867/1881/1979
f 1867/1881/1979 1868/1882/1980 1865/1879/1977
f 1869/1883/1981 1861/1875/1973 1862/1876/1974
f 1862/1876/1974 1870/1884/1982 1869/1883/1981
f 1871/1885/1983 1864/1878/1976 1850/1864/1962
f 1850/1864/1962 1854/1868/1966 1871/1885/1983
f 1868/1882/1980 1867/1881/1979 1872/1886/1984
f 1872/1886/1984 1873/1887/1985 1868/1882/1980
f 1874/1888/1986 1871/1885/1983 1854/1868/1966
f 1854/1868/1966 1856/1870/1968 1874/1888/1986
f 1873/1887/1985 1872/1886/1984 1875/1889/1987
f 1875/1889/1987 1876/1890/1988 1873/1887/1985
f 1877/1891/1989 1874/1888/1986 1856/1870/1968
f 1856/1870/1968 1860/1874/1972 1877/1891/1989
f 1876/1890/1988 1875/1889/1987 1878/1892/1990
f 1878/1892/1990 1879/1893/1991 1876/1890/1988
f 1880/1894/1992 1869/1883/1981 1870/1884/1982
f 1870/1884/1993 1881/1895/1994 1880/1894/1995
f 1882/1896/1996 1865/1879/1977 1868/1882/1980
f 1868/1882/1980 1883/1897/1997 1882/1896/1996
f 1884/1898/1998 1883/1897/1997 1868/1882/1980
f 1868/1882/1980 1873/1887/1985 1884/1898/1998
f 1885/1899/1999 1884/1898/1998 1873/1887/1985
f 1873/1887/1985 1876/1890/1988 1885/1899/1999
f 1885/1899/1999 1876/1890/1988 1879/1893/1991
f 1884/1898/1998 1886/1900/2000 1883/1897/1997
f 1884/1898/1998 1885/1899/1999 1887/1901/2001
f 1887/1901/2001 1886/1900/2000 1884/1898/1998
f 1888/1902/2002 1885/1899/1999 1889/1903/2003
f 1883/1897/1997 1890/1904/2004 1882/1896/1996
f 1883/1897/1997 1886/1900/2000 1891/1905/2005
f 1891/1905/2005 1890/1904/2004 1883/1897/1997
f 1886/1900/2000 1887/1901/2001 1892/1906/2006
f 1892/1906/2006 1891/1905/2005 1886/1900/2000
f 1893/1907/2007 1887/1901/2001 1894/1908/2008
f 1803/1817/1915 1882/1896/1996 1890/1904/2004
f 1890/1904/2004 1804/1818/1916 1803/1817/1915
f 1799/1813/2009 1895/1909/2010 1896/1910/2011
f 1896/1910/2012 1800/1814/1912 1799/1813/1911
f 1891/1905/2005 1897/1911/2013 1890/1904/2004
f 1804/1818/1916 1890/1904/2004 1897/1911/2013
f 1897/1911/2013 1898/1912/2014 1804/1818/1916
f 1891/1905/2005 1892/1906/2006 1899/1913/2015
f 1899/1913/2015 1897/1911/2013 1891/1905/2005
f 1898/1912/2014 1897/1911/2013 1899/1913/2015
f 1899/1913/2015 1826/1840/1938 1898/1912/2014
f 1900/1914/2016 1892/1906/2006 1901/1915/2017
f 1899/1913/2015 1902/1916/2018 1827/1841/1939
f 1903/1917/2019 1904/1918/2020 1905/1919/2021
f 1905/1919/2021 1906/1920/2022 1903/1917/2019
f 1906/1920/2022 1905/1919/2021 1907/1921/2023
f 1907/1921/2023 1908/1922/2024 1906/1920/2022
f 1909/1923/2025 1910/1924/2026 1911/1925/2027
f 1911/1925/2027 1912/1926/2028 1909/1923/2025
f 1913/1927/2029 1914/1928/2030 1910/1924/2026
f 1910/1924/2026 1909/1923/2025 1913/1927/2029
f 1915/1929/2031 1916/1930/2032 1917/1931/2033
f 1917/1931/2033 1918/1932/2034 1915/1929/2031
f 1918/1932/2034 1917/1931/2033 1919/1933/2035
f 1919/1933/2035 1920/1934/2036 1918/1932/2034
f 1921/1935/2037 1922/1936/2038 1923/1937/2039
f 1923/1937/2039 1924/1938/2040 1921/1935/2037
f 1925/1939/2041 1926/1940/2042 1922/1936/2038
f 1922/1936/2038 1921/1935/2037 1925/1939/2041
f 1927/1941/2043 1928/1942/2044 1929/1943/2045
f 1929/1943/2045 1930/1944/2046 1927/1941/2043
f 1930/1944/2046 1929/1943/2045 1931/1945/2047
f 1931/1945/2047 1932/1946/2048 1930/1944/2046
f 1933/1947/2049 1934/1948/2050 1935/1949/2051
f 1935/1949/2051 1936/1950/2052 1933/1947/2049
f 1937/1951/2053 1938/1952/2054 1934/1948/2050
f 1934/1948/2050 1933/1947/2049 1937/1951/2053
f 1939/1953/2055 1940/1954/2056 1941/1955/2057
f 1941/1955/2057 1942/1956/2058 1939/1953/2055
f 1942/1956/2058 1941/1955/2057 1943/1957/2059
f 1943/1957/2059 1944/1958/2060 1942/1956/2058
f 1945/1959/2061 1946/1960/2062 1947/1961/2063
f 1947/1961/2063 1948/1962/2064 1945/1959/2061
f 1949/1963/2065 1950/1964/2066 1946/1960/2062
f 1946/1960/2062 1945/1959/2061 1949/1963/2065
f 1951/1965/2067 1888/1902/2002 1889/1903/2003
f 1889/1903/2003 1952/1966/2068 1951/1965/2067
f 1952/1966/2068 1889/1903/2003 1879/1893/1991
f 1879/1893/1991 1953/1967/2069 1952/1966/2068
f 1954/1968/2070 1955/1969/2071 1956/1970/2072
f 1956/1970/2072 1957/1971/2073 1954/1968/2070
f 1958/1972/2074 1959/1973/2075 1955/1969/2071
f 1955/1969/2071 1954/1968/2070 1958/1972/2074
f 1953/1967/2069 1879/1893/1991 1878/1892/1990
f 1878/1892/1990 1960/1974/2076 1953/1967/2069
f 1961/1975/2077 1877/1891/1989 1860/1874/1972
f 1860/1874/1972 1962/1976/2078 1961/1975/2077
f 1963/1977/2079 1964/1978/2080 1965/1979/2081
f 1965/1979/2081 1966/1980/2082 1963/1977/2079
f 1967/1981/2083 1957/1971/2073 1956/1970/2072
f 1956/1970/2072 1968/1982/2084 1967/1981/2083
f 1962/1976/2078 1860/1874/1972 1859/1873/1971
f 1859/1873/1971 1969/1983/2085 1962/1976/2078
f 1969/1983/2085 1859/1873/1971 1857/1871/1969
f 1857/1871/1969 1970/1984/2086 1969/1983/2085
f 1971/1985/2087 1972/1986/2088 1973/1987/2089
f 1973/1987/2089 1974/1988/2090 1971/1985/2087
f 1971/1985/2087 1966/1980/2082 1965/1979/2081
f 1965/1979/2081 1972/1986/2088 1971/1985/2087
f 1970/1984/2086 1857/1871/1969 1975/1989/2091
f 1975/1989/2091 1976/1990/2092 1970/1984/2086
f 1977/1991/2093 1978/1992/2094 1888/1902/2002
f 1888/1902/2002 1951/1965/2067 1977/1991/2093
f 1979/1993/2095 1980/1994/2096 1959/1973/2075
f 1959/1973/2075 1958/1972/2074 1979/1993/2095
f 1981/1995/2097 1974/1988/2090 1973/1987/2089
f 1973/1987/2089 1982/1996/2098 1981/1995/2097
f 1983/1997/2099 1893/1907/2007 1894/1908/2008
f 1894/1908/2008 1984/1998/2100 1983/1997/2099
f 1984/1998/2100 1894/1908/2008 1888/1902/2002
f 1888/1902/2002 1985/1999/2101 1984/1998/2100
f 1986/2000/2102 1987/2001/2103 1988/2002/2104
f 1988/2002/2104 1989/2003/2105 1986/2000/2102
f 1990/2004/2106 1991/2005/2107 1987/2001/2103
f 1987/2001/2103 1986/2000/2102 1990/2004/2106
f 1985/1999/2101 1888/1902/2002 1978/1992/2094
f 1978/1992/2094 1992/2006/2108 1985/1999/2101
f 1993/2007/2109 1975/1989/2091 1857/1871/1969
f 1857/1871/1969 1994/2008/2110 1993/2007/2109
f 1994/2008/2110 1857/1871/1969 1858/1872/1970
f 1858/1872/1970 1995/2009/2111 1994/2008/2110
f 1995/2009/2111 1858/1872/1970 1846/1860/1958
f 1846/1860/1958 1996/2010/2112 1995/2009/2111
f 1997/2011/2113 1998/2012/2114 1999/2013/2115
f 1999/2013/2115 2000/2014/2116 1997/2011/2113
f 1997/2011/2113 2001/2015/2117 2002/2016/2118
f 2002/2016/2118 1998/2012/2114 1997/2011/2113
f 1996/2010/2112 1846/1860/1958 2003/2017/2119
f 2003/2017/2119 2004/2018/2120 1996/2010/2112
f 2005/2019/2121 2006/2020/2122 1893/1907/2007
f 1893/1907/2007 1983/1997/2099 2005/2019/2121
f 2007/2021/2123 2008/2022/2124 1991/2005/2107
f 1991/2005/2107 1990/2004/2106 2007/2021/2123
f 2009/2023/2125 2000/2014/2116 1999/2013/2115
f 1999/2013/2115 2010/2024/2126 2009/2023/2125
f 2011/2025/2127 1900/1914/2016 1901/1915/2017
f 1901/1915/2017 2012/2026/2128 2011/2025/2127
f 2012/2026/2128 1901/1915/2017 1893/1907/2007
f 1893/1907/2007 2013/2027/2129 2012/2026/2128
f 2014/2028/2130 2015/2029/2131 2016/2030/2132
f 2016/2030/2132 2017/2031/2133 2014/2028/2130
f 2018/2032/2134 2019/2033/2135 2015/2029/2131
f 2015/2029/2131 2014/2028/2130 2018/2032/2134
f 2013/2027/2129 1893/1907/2007 2006/2020/2122
f 2006/2020/2122 2020/2034/2136 2013/2027/2129
f 2021/2035/2137 2003/2017/2119 1846/1860/1958
f 1846/1860/1958 2022/2036/2138 2021/2035/2137
f 2022/2036/2138 1846/1860/1958 1847/1861/1959
f 1847/1861/1959 2023/2037/2139 2022/2036/2138
f 2023/2037/2139 1847/1861/1959 1842/1856/1954
f 1842/1856/1954 2024/2038/2140 2023/2037/2139
f 2025/2039/2141 2026/2040/2142 2027/2041/2143
f 2027/2041/2143 2028/2042/2144 2025/2039/2141
f 2025/2039/2141 2029/2043/2145 2030/2044/2146
f 2030/2044/2146 2026/2040/2142 2025/2039/2141
f 2024/2038/2140 1842/1856/1954 2031/2045/2147
f 2031/2045/2147 2032/2046/2148 2024/2038/2140
f 2033/2047/2149 2034/2048/2150 1900/1914/2016
f 1900/1914/2016 2011/2025/2127 2033/2047/2149
f 2035/2049/2151 2036/2050/2152 2019/2033/2135
f 2019/2033/2135 2018/2032/2134 2035/2049/2151
f 2037/2051/2153 2028/2042/2144 2027/2041/2143
f 2027/2041/2143 2038/2052/2154 2037/2051/2153
f 2039/2053/2155 1827/1841/1939 1902/1916/2018
f 1902/1916/2018 2040/2054/2156 2039/2053/2155
f 2040/2054/2156 1902/1916/2018 1900/1914/2016
f 1900/1914/2016 2041/2055/2157 2040/2054/2156
f 2042/2056/2158 2043/2057/2159 2044/2058/2160
f 2044/2058/2160 2045/2059/2161 2042/2056/2158
f 2046/2060/2162 2047/2061/2163 2043/2057/2159
f 2043/2057/2159 2042/2056/2158 2046/2060/2162
f 2041/2055/2157 1900/1914/2016 2034/2048/2150
f 2034/2048/2150 2048/2062/2164 2041/2055/2157
f 2049/2063/2165 2031/2045/2147 1842/1856/1954
f 1842/1856/1954 2050/2064/2166 2049/2063/2165
f 2050/2064/2166 1842/1856/1954 1843/1857/1955
f 1843/1857/1955 2051/2065/2167 2050/2064/2166
f 2051/2065/2167 1843/1857/1955 1831/1845/1943
f 1831/1845/1943 2052/2066/2168 2051/2065/2167
f 2053/2067/2169 2054/2068/2170 2055/2069/2171
f 2055/2069/2171 2056/2070/2172 2053/2067/2169
f 2053/2067/2169 2057/2071/2173 2058/2072/2174
f 2058/2072/2174 2054/2068/2170 2053/2067/2169
f 2052/2066/2168 1831/1845/1943 1830/1844/1942
f 1830/1844/1942 2059/2073/2175 2052/2066/2168
f 2060/2074/2176 1824/1838/1936 1827/1841/1939
f 1827/1841/1939 2039/2053/2155 2060/2074/2176
f 2061/2075/2177 2062/2076/2178 2047/2061/2163
f 2047/2061/2163 2046/2060/2162 2061/2075/2177
f 2063/2077/2179 2056/2070/2172 2055/2069/2171
f 2055/2069/2171 2064/2078/2180 2063/2077/2179
f 2065/2079/2181 1989/2003/2105 1988/2002/2104
f 1988/2002/2104 2066/2080/2182 2065/2079/2181
f 2067/2081/2183 2068/2082/2184 2002/2016/2118
f 2002/2016/2118 2001/2015/2117 2067/2081/2183
f 2069/2083/2185 2017/2031/2133 2016/2030/2132
f 2016/2030/2132 2070/2084/2186 2069/2083/2185
f 2071/2085/2187 2072/2086/2188 2030/2044/2146
f 2030/2044/2146 2029/2043/2145 2071/2085/2187
f 2073/2087/2189 2045/2059/2161 2044/2058/2160
f 2044/2058/2160 2074/2088/2190 2073/2087/2189
f 2075/2089/2191 2076/2090/2192 2058/2072/2174
f 2058/2072/2174 2057/2071/2173 2075/2089/2191
f 2077/2091/2193 2078/2092/2194 2079/2093/2195
f 2079/2093/2195 2080/2094/2196 2077/2091/2193
f 2080/2094/2196 2079/2093/2195 2081/2095/2197
f 2081/2095/2197 2082/2096/2198 2080/2094/2196
f 2083/2097/2199 2084/2098/2200 2082/2096/2198
f 2082/2096/2198 2081/2095/2197 2083/2097/2199
f 2085/2099/2201 2086/2100/2202 2087/2101/2203
f 2087/2101/2203 2088/2102/2204 2085/2099/2201
f 2089/2103/2205 2090/2104/2206 2088/2102/2204
f 2088/2102/2204 2087/2101/2203 2089/2103/2205
f 2090/2104/2206 2089/2103/2205 2091/2105/2207
f 2091/2105/2207 2092/2106/2208 2090/2104/2206
f 2093/2107/2209 2094/2108/2210 2092/2106/2208
f 2092/2106/2208 2091/2105/2207 2093/2107/2209
f 2095/2109/2211 2096/2110/2212 2078/2092/2194
f 2078/2092/2194 2077/2091/2193 2095/2109/2211
f 2097/2111/2213 2098/2112/2214 2099/2113/2215
f 2099/2113/2215 2100/2114/2216 2097/2111/2213
f 2100/2114/2216 2099/2113/2215 2101/2115/2217
f 2101/2115/2217 2102/2116/2218 2100/2114/2216
f 2103/2117/2219 2104/2118/2220 2102/2116/2218
f 2102/2116/2218 2101/2115/2217 2103/2117/2219
f 2105/2119/2221 2106/2120/2222 2107/2121/2223
f 2107/2121/2223 2108/2122/2224 2105/2119/2221
f 2109/2123/2225 2110/2124/2226 2108/2122/2224
f 2108/2122/2224 2107/2121/2223 2109/2123/2225
f 2110/2124/2226 2109/2123/2225 2111/2125/2227
f 2111/2125/2227 2112/2126/2228 2110/2124/2226
f 2113/2127/2229 2114/2128/2230 2112/2126/2228
f 2112/2126/2228 2111/2125/2227 2113/2127/2229
f 2115/2129/2231 2116/2130/2232 2098/2112/2214
f 2098/2112/2214 2097/2111/2213 2115/2129/2231
f 2117/2131/2233 2118/2132/2234 2119/2133/2235
f 2119/2133/2235 2120/2134/2236 2117/2131/2233
f 2120/2134/2236 2119/2133/2235 2121/2135/2237
f 2121/2135/2237 2122/2136/2238 2120/2134/2236
f 2123/2137/2239 2124/2138/2240 2122/2136/2238
f 2122/2136/2238 2121/2135/2237 2123/2137/2239
f 2125/2139/2241 2126/2140/2242 2127/2141/2243
f 2127/2141/2243 2128/2142/2244 2125/2139/2241
f 2129/2143/2245 2130/2144/2246 2128/2142/2244
f 2128/2142/2244 2127/2141/2243 2129/2143/2245
f 2130/2144/2246 2129/2143/2245 2131/2145/2247
f 2131/2145/2247 2132/2146/2248 2130/2144/2246
f 2133/2147/2249 2134/2148/2250 2132/2146/2248
f 2132/2146/2248 2131/2145/2247 2133/2147/2249
f 2135/2149/2251 2136/2150/2252 2118/2132/2234
f 2118/2132/2234 2117/2131/2233 2135/2149/2251
f 2137/2151/2253 2138/2152/2254 2139/2153/2255
f 2139/2153/2255 2140/2154/2256 2137/2151/2253
f 2140/2154/2256 2139/2153/2255 2141/2155/2257
f 2141/2155/2257 2142/2156/2258 2140/2154/2256
f 2143/2157/2259 2144/2158/2260 2142/2156/2258
f 2142/2156/2258 2141/2155/2257 2143/2157/2259
f 2145/2159/2261 2146/2160/2262 2147/2161/2263
f 2147/2161/2263 2148/2162/2264 2145/2159/2261
f 2149/2163/2265 2150/2164/2266 2148/2162/2264
f 2148/2162/2264 2147/2161/2263 2149/2163/2265
f 2150/2164/2266 2149/2163/2265 2151/2165/2267
f 2151/2165/2267 2152/2166/2268 2150/2164/2266
f 2153/2167/2269 2154/2168/2270 2152/2166/2268
f 2152/2166/2268 2151/2165/2267 2153/2167/2269
f 2155/2169/2271 2156/2170/2272 2138/2152/2254
f 2138/2152/2254 2137/2151/2253 2155/2169/2271
f 2157/2171/2273 2158/2172/2274 2159/2173/2275
f 2159/2173/2275 2160/2174/2276 2157/2171/2273
f 2160/2174/2276 2159/2173/2275 2161/2175/2277
f 2161/2175/2277 2162/2176/2278 2160/2174/2276
f 1905/1919/2021 2160/2174/2276 2162/2176/2278
f 2162/2176/2278 1907/1921/2023 1905/1919/2021
f 1904/1918/2020 2157/2171/2273 2160/2174/2276
f 2160/2174/2276 1905/1919/2021 1904/1918/2020
f 2162/2176/2278 2161/2175/2277 2163/2177/2279
f 2163/2177/2279 2164/2178/2280 2162/2176/2278
f 2165/2179/2281 2166/2180/2282 2167/2181/2283
f 2167/2181/2283 2168/2182/2284 2165/2179/2281
f 1911/1925/2027 2165/2179/2281 2168/2182/2284
f 2168/2182/2284 1912/1926/2028 1911/1925/2027
f 1907/1921/2023 2162/2176/2278 2164/2178/2280
f 2164/2178/2280 1908/1922/2024 1907/1921/2023
f 2168/2182/2284 2167/2181/2283 2169/2183/2285
f 2169/2183/2285 2170/2184/2286 2168/2182/2284
f 2170/2184/2286 2169/2183/2285 2171/2185/2287
f 2171/2185/2287 2172/2186/2288 2170/2184/2286
f 1909/1923/2025 2170/2184/2286 2172/2186/2288
f 2172/2186/2288 1913/1927/2029 1909/1923/2025
f 1912/1926/2028 2168/2182/2284 2170/2184/2286
f 2170/2184/2286 1909/1923/2025 1912/1926/2028
f 2172/2186/2288 2171/2185/2287 2173/2187/2289
f 2173/2187/2289 2174/2188/2290 2172/2186/2288
f 2175/2189/2291 2176/2190/2292 2158/2172/2274
f 2158/2172/2274 2157/2171/2273 2175/2189/2291
f 1903/1917/2019 2175/2189/2291 2157/2171/2273
f 2157/2171/2273 1904/1918/2020 1903/1917/2019
f 1913/1927/2029 2172/2186/2288 2174/2188/2290
f 2174/2188/2290 1914/1928/2030 1913/1927/2029
f 2177/2191/2293 2178/2192/2294 2179/2193/2295
f 2179/2193/2295 2180/2194/2296 2177/2191/2293
f 2180/2194/2296 2179/2193/2295 2181/2195/2297
f 2181/2195/2297 2182/2196/2298 2180/2194/2296
f 1917/1931/2033 2180/2194/2296 2182/2196/2298
f 2182/2196/2298 1919/1933/2035 1917/1931/2033
f 1916/1930/2032 2177/2191/2293 2180/2194/2296
f 2180/2194/2296 1917/1931/2033 1916/1930/2032
f 2182/2196/2298 2181/2195/2297 2183/2197/2299
f 2183/2197/2299 2184/2198/2300 2182/2196/2298
f 2185/2199/2301 2186/2200/2302 2187/2201/2303
f 2187/2201/2303 2188/2202/2304 2185/2199/2301
f 1923/1937/2039 2185/2199/2301 2188/2202/2304
f 2188/2202/2304 1924/1938/2040 1923/1937/2039
f 1919/1933/2035 2182/2196/2298 2184/2198/2300
f 2184/2198/2300 1920/1934/2036 1919/1933/2035
f 2188/2202/2304 2187/2201/2303 2189/2203/2305
f 2189/2203/2305 2190/2204/2306 2188/2202/2304
f 2190/2204/2306 2189/2203/2305 2191/2205/2307
f 2191/2205/2307 2192/2206/2308 2190/2204/2306
f 1921/1935/2037 2190/2204/2306 2192/2206/2308
f 2192/2206/2308 1925/1939/2041 1921/1935/2037
f 1924/1938/2040 2188/2202/2304 2190/2204/2306
f 2190/2204/2306 1921/1935/2037 1924/1938/2040
f 2192/2206/2308 2191/2205/2307 2193/2207/2309
f 2193/2207/2309 2194/2208/2310 2192/2206/2308
f 2195/2209/2311 2196/2210/2312 2178/2192/2294
f 2178/2192/2294 2177/2191/2293 2195/2209/2311
f 1915/1929/2031 2195/2209/2311 2177/2191/2293
f 2177/2191/2293 1916/1930/2032 1915/1929/2031
f 1925/1939/2041 2192/2206/2308 2194/2208/2310
f 2194/2208/2310 1926/1940/2042 1925/1939/2041
f 2197/2211/2313 2198/2212/2314 2199/2213/2315
f 2199/2213/2315 2200/2214/2316 2197/2211/2313
f 2200/2214/2316 2199/2213/2315 2201/2215/2317
f 2201/2215/2317 2202/2216/2318 2200/2214/2316
f 1929/1943/2045 2200/2214/2316 2202/2216/2318
f 2202/2216/2318 1931/1945/2047 1929/1943/2045
f 1928/1942/2044 2197/2211/2313 2200/2214/2316
f 2200/2214/2316 1929/1943/2045 1928/1942/2044
f 2202/2216/2318 2201/2215/2317 2203/2217/2319
f 2203/2217/2319 2204/2218/2320 2202/2216/2318
f 2205/2219/2321 2206/2220/2322 2207/2221/2323
f 2207/2221/2323 2208/2222/2324 2205/2219/2321
f 1935/1949/2051 2205/2219/2321 2208/2222/2324
f 2208/2222/2324 1936/1950/2052 1935/1949/2051
f 1931/1945/2047 2202/2216/2318 2204/2218/2320
f 2204/2218/2320 1932/1946/2048 1931/1945/2047
f 2208/2222/2324 2207/2221/2323 2209/2223/2325
f 2209/2223/2325 2210/2224/2326 2208/2222/2324
f 2210/2224/2326 2209/2223/2325 2211/2225/2327
f 2211/2225/2327 2212/2226/2328 2210/2224/2326
f 1933/1947/2049 2210/2224/2326 2212/2226/2328
f 2212/2226/2328 1937/1951/2053 1933/1947/2049
f 1936/1950/2052 2208/2222/2324 2210/2224/2326
f 2210/2224/2326 1933/1947/2049 1936/1950/2052
f 2212/2226/2328 2211/2225/2327 2213/2227/2329
f 2213/2227/2329 2214/2228/2330 2212/2226/2328
f 2215/2229/2331 2216/2230/2332 2198/2212/2314
f 2198/2212/2314 2197/2211/2313 2215/2229/2331
f 1927/1941/2043 2215/2229/2331 2197/2211/2313
f 2197/2211/2313 1928/1942/2044 1927/1941/2043
f 1937/1951/2053 2212/2226/2328 2214/2228/2330
f 2214/2228/2330 1938/1952/2054 1937/1951/2053
f 2217/2231/2333 2218/2232/2334 2219/2233/2335
f 2219/2233/2335 2220/2234/2336 2217/2231/2333
f 2220/2234/2336 2219/2233/2335 2221/2235/2337
f 2221/2235/2337 2222/2236/2338 2220/2234/2336
f 1941/1955/2057 2220/2234/2336 2222/2236/2338
f 2222/2236/2338 1943/1957/2059 1941/1955/2057
f 1940/1954/2056 2217/2231/2333 2220/2234/2336
f 2220/2234/2336 1941/1955/2057 1940/1954/2056
f 2222/2236/2338 2221/2235/2337 2223/2237/2339
f 2223/2237/2339 2224/2238/2340 2222/2236/2338
f 2225/2239/2341 2226/2240/2342 2227/2241/2343
f 2227/2241/2343 2228/2242/2344 2225/2239/2341
f 1947/1961/2063 2225/2239/2341 2228/2242/2344
f 2228/2242/2344 1948/1962/2064 1947/1961/2063
f 1943/1957/2059 2222/2236/2338 2224/2238/2340
f 2224/2238/2340 1944/1958/2060 1943/1957/2059
f 2228/2242/2344 2227/2241/2343 2229/2243/2345
f 2229/2243/2345 2230/2244/2346 2228/2242/2344
f 2230/2244/2346 2229/2243/2345 2231/2245/2347
f 2231/2245/2347 2232/2246/2348 2230/2244/2346
f 1945/1959/2061 2230/2244/2346 2232/2246/2348
f 2232/2246/2348 1949/1963/2065 1945/1959/2061
f 1948/1962/2064 2228/2242/2344 2230/2244/2346
f 2230/2244/2346 1945/1959/2061 1948/1962/2064
f 2232/2246/2348 2231/2245/2347 2233/2247/2349
f 2233/2247/2349 2234/2248/2350 2232/2246/2348
f 2235/2249/2351 2236/2250/2352 2218/2232/2334
f 2218/2232/2334 2217/2231/2333 2235/2249/2351
f 1939/1953/2055 2235/2249/2351 2217/2231/2333
f 2217/2231/2333 1940/1954/2056 1939/1953/2055
f 1949/1963/2065 2232/2246/2348 2234/2248/2350
f 2234/2248/2350 1950/1964/2066 1949/1963/2065
f 2237/2251/2353 2238/2252/2354 1804/1818/1916
f 1804/1818/1916 1898/1912/2014 2237/2251/2353
f 2239/2253/2355 2240/2254/2356 1837/1851/1949
f 1837/1851/1949 1809/1823/1921 2239/2253/2355
f 2241/2255/2357 2240/2254/2356 2239/2253/2355
f 2239/2253/2355 2242/2256/2358 2241/2255/2357
f 2239/2253/2355 1809/1823/1921 1808/1822/1920
f 1808/1822/1920 2243/2257/2359 2239/2253/2355
f 2244/2258/2360 1805/1819/1917 1804/1818/1916
f 1804/1818/1916 2238/2252/2354 2244/2258/2360
f 2245/2259/2361 2246/2260/2362 2238/2252/2354
f 2238/2252/2354 2247/2261/2363 2245/2259/2361
f 2242/2256/2358 2239/2253/2355 2243/2257/2359
f 2243/2257/2359 2248/2262/2364 2242/2256/2358
f 2249/2263/2365 2237/2251/2353 1898/1912/2014
f 1898/1912/2014 1826/1840/1938 2249/2263/2365
f 2249/2263/2365 1826/1840/1938 1825/1839/1937
f 1825/1839/1937 2250/2264/2366 2249/2263/2365
f 2251/2265/2367 1829/1843/1941 1828/1842/1940
f 1828/1842/1940 2252/2266/2368 2251/2265/2367
f 2240/2254/2356 2252/2266/2368 1828/1842/1940
f 1828/1842/1940 1837/1851/1949 2240/2254/2356
f 2253/2267/2369 2252/2266/2368 2240/2254/2356
f 2240/2254/2356 2241/2255/2357 2253/2267/2369
f 2238/2252/2354 2237/2251/2353 2254/2268/2370
f 2254/2268/2370 2247/2261/2363 2238/2252/2354
f 2255/2269/2371 2256/2270/2372 2257/2271/2373
f 2257/2271/2373 2258/2272/2374 2255/2269/2371
f 2259/2273/2375 2260/2274/2376 2261/2275/2377
f 2261/2275/2377 2262/2276/2378 2259/2273/2375
f 2263/2277/2379 2264/2278/2380 2256/2270/2372
f 2256/2270/2372 2255/2269/2371 2263/2277/2379
f 2262/2276/2378 2261/2275/2377 2265/2279/2381
f 2265/2279/2381 2266/2280/2382 2262/2276/2378
f 2237/2251/2353 2249/2263/2365 2267/2281/2383
f 2267/2281/2383 2254/2268/2370 2237/2251/2353
f 2257/2271/2373 2268/2282/2384 2258/2272/2374
f 2249/2263/2365 2250/2264/2366 2269/2283/2385
f 2269/2283/2385 2267/2281/2383 2249/2263/2365
f 2251/2265/2367 2252/2266/2368 2253/2267/2369
f 2253/2267/2369 2270/2284/2386 2251/2265/2367
f 2271/2285/2387 2260/2274/2376 2259/2273/2375
f 2272/2286/2388 2273/2287/2389 2274/2288/2390
f 2274/2288/2390 2275/2289/2391 2272/2286/2388
f 1814/1828/1926 2273/2287/2389 2272/2286/2388
f 2272/2286/2388 1815/1829/1927 1814/1828/1926
f 2276/2290/2392 2277/2291/2393 2278/2292/2394
f 2278/2292/2394 2279/2293/2395 2276/2290/2392
f 1819/1833/1931 2277/2291/2393 2276/2290/2392
f 2276/2290/2392 1816/1830/1928 1819/1833/1931
f 2276/2290/2392 2279/2293/2395 2280/2294/2396
f 2280/2294/2396 2281/2295/2397 2276/2290/2392
f 2282/2296/2398 2283/2297/2399 2274/2288/2390
f 2274/2288/2390 2273/2287/2389 2282/2296/2398
f 1813/1827/1925 2282/2296/2398 2273/2287/2389
f 2273/2287/2389 1814/1828/1926 1813/1827/1925
f 1816/1830/1928 2276/2290/2392 2281/2295/2397
f 2281/2295/2397 1817/1831/1929 1816/1830/1928
f 2284/2298/2400 2272/2286/2388 2275/2289/2391
f 2275/2289/2391 2285/2299/2401 2284/2298/2400
f 1815/1829/1927 2272/2286/2388 2284/2298/2400
f 2284/2298/2400 1821/1835/1933 1815/1829/1927
f 2284/2298/2400 2285/2299/2401 2286/2300/2402
f 2286/2300/2402 2287/2301/2403 2284/2298/2400
f 2288/2302/2404 2289/2303/2405 2290/2304/2406
f 2290/2304/2406 2291/2305/2407 2288/2302/2404
f 1822/1836/1934 2288/2302/2404 2291/2305/2407
f 2291/2305/2407 1823/1837/1935 1822/1836/1934
f 1821/1835/1933 2284/2298/2400 2287/2301/2403
f 2287/2301/2403 1820/1834/1932 1821/1835/1933
f 2277/2291/2393 2291/2305/2407 2290/2304/2406
f 2290/2304/2406 2278/2292/2394 2277/2291/2393
f 1823/1837/1935 2291/2305/2407 2277/2291/2393
f 2277/2291/2393 1819/1833/1931 1823/1837/1935
f 2048/2062/2164 2074/2088/2190 2044/2058/2160
f 2044/2058/2160 2041/2055/2157 2048/2062/2164
f 2076/2090/2192 2049/2063/2165 2050/2064/2166
f 2050/2064/2166 2058/2072/2174 2076/2090/2192
f 2051/2065/2167 2054/2068/2170 2058/2072/2174
f 2058/2072/2174 2050/2064/2166 2051/2065/2167
f 2054/2068/2170 2051/2065/2167 2052/2066/2168
f 2052/2066/2168 2055/2069/2171 2054/2068/2170
f 2059/2073/2175 2064/2078/2180 2055/2069/2171
f 2055/2069/2171 2052/2066/2168 2059/2073/2175
f 2062/2076/2178 2060/2074/2176 2039/2053/2155
f 2039/2053/2155 2047/2061/2163 2062/2076/2178
f 2047/2061/2163 2039/2053/2155 2040/2054/2156
f 2040/2054/2156 2043/2057/2159 2047/2061/2163
f 2043/2057/2159 2040/2054/2156 2041/2055/2157
f 2041/2055/2157 2044/2058/2160 2043/2057/2159
f 2073/2087/2189 2143/2157/2259 2141/2155/2257
f 2141/2155/2257 2045/2059/2161 2073/2087/2189
f 2146/2160/2262 2075/2089/2191 2057/2071/2173
f 2057/2071/2173 2147/2161/2263 2146/2160/2262
f 2053/2067/2169 2149/2163/2265 2147/2161/2263
f 2147/2161/2263 2057/2071/2173 2053/2067/2169
f 2149/2163/2265 2053/2067/2169 2056/2070/2172
f 2056/2070/2172 2151/2165/2267 2149/2163/2265
f 2063/2077/2179 2153/2167/2269 2151/2165/2267
f 2151/2165/2267 2056/2070/2172 2063/2077/2179
f 2156/2170/2272 2061/2075/2177 2046/2060/2162
f 2046/2060/2162 2138/2152/2254 2156/2170/2272
f 2138/2152/2254 2046/2060/2162 2042/2056/2158
f 2042/2056/2158 2139/2153/2255 2138/2152/2254
f 2139/2153/2255 2042/2056/2158 2045/2059/2161
f 2045/2059/2161 2141/2155/2257 2139/2153/2255
f 2020/2034/2136 2070/2084/2186 2016/2030/2132
f 2016/2030/2132 2013/2027/2129 2020/2034/2136
f 2072/2086/2188 2021/2035/2137 2022/2036/2138
f 2022/2036/2138 2030/2044/2146 2072/2086/2188
f 2023/2037/2139 2026/2040/2142 2030/2044/2146
f 2030/2044/2146 2022/2036/2138 2023/2037/2139
f 2026/2040/2142 2023/2037/2139 2024/2038/2140
f 2024/2038/2140 2027/2041/2143 2026/2040/2142
f 2032/2046/2148 2038/2052/2154 2027/2041/2143
f 2027/2041/2143 2024/2038/2140 2032/2046/2148
f 2036/2050/2152 2033/2047/2149 2011/2025/2127
f 2011/2025/2127 2019/2033/2135 2036/2050/2152
f 2019/2033/2135 2011/2025/2127 2012/2026/2128
f 2012/2026/2128 2015/2029/2131 2019/2033/2135
f 2015/2029/2131 2012/2026/2128 2013/2027/2129
f 2013/2027/2129 2016/2030/2132 2015/2029/2131
f 2069/2083/2185 2123/2137/2239 2121/2135/2237
f 2121/2135/2237 2017/2031/2133 2069/2083/2185
f 2126/2140/2242 2071/2085/2187 2029/2043/2145
f 2029/2043/2145 2127/2141/2243 2126/2140/2242
f 2025/2039/2141 2129/2143/2245 2127/2141/2243
f 2127/2141/2243 2029/2043/2145 2025/2039/2141
f 2129/2143/2245 2025/2039/2141 2028/2042/2144
f 2028/2042/2144 2131/2145/2247 2129/2143/2245
f 2037/2051/2153 2133/2147/2249 2131/2145/2247
f 2131/2145/2247 2028/2042/2144 2037/2051/2153
f 2136/2150/2252 2035/2049/2151 2018/2032/2134
f 2018/2032/2134 2118/2132/2234 2136/2150/2252
f 2118/2132/2234 2018/2032/2134 2014/2028/2130
f 2014/2028/2130 2119/2133/2235 2118/2132/2234
f 2119/2133/2235 2014/2028/2130 2017/2031/2133
f 2017/2031/2133 2121/2135/2237 2119/2133/2235
f 1992/2006/2108 2066/2080/2182 1988/2002/2104
f 1988/2002/2104 1985/1999/2101 1992/2006/2108
f 2068/2082/2184 1993/2007/2109 1994/2008/2110
f 1994/2008/2110 2002/2016/2118 2068/2082/2184
f 1995/2009/2111 1998/2012/2114 2002/2016/2118
f 2002/2016/2118 1994/2008/2110 1995/2009/2111
f 1998/2012/2114 1995/2009/2111 1996/2010/2112
f 1996/2010/2112 1999/2013/2115 1998/2012/2114
f 2004/2018/2120 2010/2024/2126 1999/2013/2115
f 1999/2013/2115 1996/2010/2112 2004/2018/2120
f 2008/2022/2124 2005/2019/2121 1983/1997/2099
f 1983/1997/2099 1991/2005/2107 2008/2022/2124
f 1991/2005/2107 1983/1997/2099 1984/1998/2100
f 1984/1998/2100 1987/2001/2103 1991/2005/2107
f 1987/2001/2103 1984/1998/2100 1985/1999/2101
f 1985/1999/2101 1988/2002/2104 1987/2001/2103
f 2065/2079/2181 2103/2117/2219 2101/2115/2217
f 2101/2115/2217 1989/2003/2105 2065/2079/2181
f 2106/2120/2222 2067/2081/2183 2001/2015/2117
f 2001/2015/2117 2107/2121/2223 2106/2120/2222
f 1997/2011/2113 2109/2123/2225 2107/2121/2223
f 2107/2121/2223 2001/2015/2117 1997/2011/2113
f 2109/2123/2225 1997/2011/2113 2000/2014/2116
f 2000/2014/2116 2111/2125/2227 2109/2123/2225
f 2009/2023/2125 2113/2127/2229 2111/2125/2227
f 2111/2125/2227 2000/2014/2116 2009/2023/2125
f 2116/2130/2232 2007/2021/2123 1990/2004/2106
f 1990/2004/2106 2098/2112/2214 2116/2130/2232
f 2098/2112/2214 1990/2004/2106 1986/2000/2102
f 1986/2000/2102 2099/2113/2215 2098/2112/2214
f 2099/2113/2215 1986/2000/2102 1989/2003/2105
f 1989/2003/2105 2101/2115/2217 2099/2113/2215
f 1960/1974/2076 1968/1982/2084 1956/1970/2072
f 1956/1970/2072 1953/1967/2069 1960/1974/2076
f 1964/1978/2080 1961/1975/2077 1962/1976/2078
f 1962/1976/2078 1965/1979/2081 1964/1978/2080
f 1969/1983/2085 1972/1986/2088 1965/1979/2081
f 1965/1979/2081 1962/1976/2078 1969/1983/2085
f 1972/1986/2088 1969/1983/2085 1970/1984/2086
f 1970/1984/2086 1973/1987/2089 1972/1986/2088
f 1976/1990/2092 1982/1996/2098 1973/1987/2089
f 1973/1987/2089 1970/1984/2086 1976/1990/2092
f 1980/1994/2096 1977/1991/2093 1951/1965/2067
f 1951/1965/2067 1959/1973/2075 1980/1994/2096
f 1959/1973/2075 1951/1965/2067 1952/1966/2068
f 1952/1966/2068 1955/1969/2071 1959/1973/2075
f 1955/1969/2071 1952/1966/2068 1953/1967/2069
f 1953/1967/2069 1956/1970/2072 1955/1969/2071
f 1967/1981/2083 2083/2097/2199 2081/2095/2197
f 2081/2095/2197 1957/1971/2073 1967/1981/2083
f 2086/2100/2202 1963/1977/2079 1966/1980/2082
f 1966/1980/2082 2087/2101/2203 2086/2100/2202
f 1971/1985/2087 2089/2103/2205 2087/2101/2203
f 2087/2101/2203 1966/1980/2082 1971/1985/2087
f 2089/2103/2205 1971/1985/2087 1974/1988/2090
f 1974/1988/2090 2091/2105/2207 2089/2103/2205
f 1981/1995/2097 2093/2107/2209 2091/2105/2207
f 2091/2105/2207 1974/1988/2090 1981/1995/2097
f 2096/2110/2212 1979/1993/2095 1958/1972/2074
f 1958/1972/2074 2078/2092/2194 2096/2110/2212
f 2078/2092/2194 1958/1972/2074 1954/1968/2070
f 1954/1968/2070 2079/2093/2195 2078/2092/2194
f 2079/2093/2195 1954/1968/2070 1957/1971/2073
f 1957/1971/2073 2081/2095/2197 2079/2093/2195
f 2218/2232/2334 2137/2151/2253 2140/2154/2256
f 2140/2154/2256 2219/2233/2335 2218/2232/2334
f 2236/2250/2352 2155/2169/2271 2137/2151/2253
f 2137/2151/2253 2218/2232/2334 2236/2250/2352
f 2233/2247/2349 2231/2245/2347 2152/2166/2268
f 2152/2166/2268 2154/2168/2270 2233/2247/2349
f 2229/2243/2345 2150/2164/2266 2152/2166/2268
f 2152/2166/2268 2231/2245/2347 2229/2243/2345
f 2229/2243/2345 2227/2241/2343 2148/2162/2264
f 2148/2162/2264 2150/2164/2266 2229/2243/2345
f 2226/2240/2342 2145/2159/2261 2148/2162/2264
f 2148/2162/2264 2227/2241/2343 2226/2240/2342
f 2223/2237/2339 2221/2235/2337 2142/2156/2258
f 2142/2156/2258 2144/2158/2260 2223/2237/2339
f 2219/2233/2335 2140/2154/2256 2142/2156/2258
f 2142/2156/2258 2221/2235/2337 2219/2233/2335
f 2198/2212/2314 2117/2131/2233 2120/2134/2236
f 2120/2134/2236 2199/2213/2315 2198/2212/2314
f 2216/2230/2332 2135/2149/2251 2117/2131/2233
f 2117/2131/2233 2198/2212/2314 2216/2230/2332
f 2213/2227/2329 2211/2225/2327 2132/2146/2248
f 2132/2146/2248 2134/2148/2250 2213/2227/2329
f 2209/2223/2325 2130/2144/2246 2132/2146/2248
f 2132/2146/2248 2211/2225/2327 2209/2223/2325
f 2209/2223/2325 2207/2221/2323 2128/2142/2244
f 2128/2142/2244 2130/2144/2246 2209/2223/2325
f 2206/2220/2322 2125/2139/2241 2128/2142/2244
f 2128/2142/2244 2207/2221/2323 2206/2220/2322
f 2203/2217/2319 2201/2215/2317 2122/2136/2238
f 2122/2136/2238 2124/2138/2240 2203/2217/2319
f 2199/2213/2315 2120/2134/2236 2122/2136/2238
f 2122/2136/2238 2201/2215/2317 2199/2213/2315
f 2178/2192/2294 2097/2111/2213 2100/2114/2216
f 2100/2114/2216 2179/2193/2295 2178/2192/2294
f 2196/2210/2312 2115/2129/2231 2097/2111/2213
f 2097/2111/2213 2178/2192/2294 2196/2210/2312
f 2193/2207/2309 2191/2205/2307 2112/2126/2228
f 2112/2126/2228 2114/2128/2230 2193/2207/2309
f 2189/2203/2305 2110/2124/2226 2112/2126/2228
f 2112/2126/2228 2191/2205/2307 2189/2203/2305
f 2189/2203/2305 2187/2201/2303 2108/2122/2224
f 2108/2122/2224 2110/2124/2226 2189/2203/2305
f 2186/2200/2302 2105/2119/2221 2108/2122/2224
f 2108/2122/2224 2187/2201/2303 2186/2200/2302
f 2183/2197/2299 2181/2195/2297 2102/2116/2218
f 2102/2116/2218 2104/2118/2220 2183/2197/2299
f 2179/2193/2295 2100/2114/2216 2102/2116/2218
f 2102/2116/2218 2181/2195/2297 2179/2193/2295
f 2158/2172/2274 2077/2091/2193 2080/2094/2196
f 2080/2094/2196 2159/2173/2275 2158/2172/2274
f 2176/2190/2292 2095/2109/2211 2077/2091/2193
f 2077/2091/2193 2158/2172/2274 2176/2190/2292
f 2173/2187/2289 2171/2185/2287 2092/2106/2208
f 2092/2106/2208 2094/2108/2210 2173/2187/2289
f 2169/2183/2285 2090/2104/2206 2092/2106/2208
f 2092/2106/2208 2171/2185/2287 2169/2183/2285
f 2169/2183/2285 2167/2181/2283 2088/2102/2204
f 2088/2102/2204 2090/2104/2206 2169/2183/2285
f 2166/2180/2282 2085/2099/2201 2088/2102/2204
f 2088/2102/2204 2167/2181/2283 2166/2180/2282
f 2163/2177/2279 2161/2175/2277 2082/2096/2198
f 2082/2096/2198 2084/2098/2200 2163/2177/2279
f 2159/2173/2275 2080/2094/2196 2082/2096/2198
f 2082/2096/2198 2161/2175/2277 2159/2173/2275
f 2256/2270/2372 2247/2261/2363 2254/2268/2370
f 2254/2268/2370 2257/2271/2373 2256/2270/2372
f 2257/2271/2373 2254/2268/2370 2267/2281/2383
f 2267/2281/2383 2268/2282/2384 2257/2271/2373
f 2268/2282/2384 2267/2281/2383 2269/2283/2385
f 2269/2283/2385 2292/2306/2408 2268/2282/2384
f 2293/2307/2409 2270/2284/2386 2253/2267/2369
f 2253/2267/2369 2271/2285/2387 2293/2307/2409
f 2271/2285/2387 2253/2267/2369 2241/2255/2357
f 2241/2255/2357 2260/2274/2376 2271/2285/2387
f 2260/2274/2376 2241/2255/2357 2242/2256/2358
f 2242/2256/2358 2261/2275/2377 2260/2274/2376
f 2261/2275/2377 2242/2256/2358 2248/2262/2364
f 2248/2262/2364 2265/2279/2381 2261/2275/2377
f 2264/2278/2380 2245/2259/2361 2247/2261/2363
f 2247/2261/2363 2256/2270/2372 2264/2278/2380
f 2258/2272/2374 2275/2289/2391 2274/2288/2390
f 2274/2288/2390 2255/2269/2371 2258/2272/2374
f 2268/2282/2384 2285/2299/2401 2275/2289/2391
f 2275/2289/2391 2258/2272/2374 2268/2282/2384
f 2285/2299/2401 2268/2282/2384 2292/2306/2408
f 2292/2306/2408 2286/2300/2402 2285/2299/2401
f 2289/2303/2405 2293/2307/2409 2271/2285/2387
f 2271/2285/2387 2290/2304/2406 2289/2303/2405
f 2259/2273/2375 2278/2292/2394 2290/2304/2406
f 2290/2304/2406 2271/2285/2387 2259/2273/2375
f 2262/2276/2378 2279/2293/2395 2278/2292/2394
f 2278/2292/2394 2259/2273/2375 2262/2276/2378
f 2279/2293/2395 2262/2276/2378 2266/2280/2382
f 2266/2280/2382 2280/2294/2396 2279/2293/2395
f 2283/2297/2399 2263/2277/2379 2255/2269/2371
f 2255/2269/2371 2274/2288/2390 2283/2297/2399
f 1842/1856/1954 1847/1861/1959 1841/1855/1953
f 1842/1856/1954 1841/1855/1953 1838/1852/1950
f 1846/1860/1958 1845/1859/1957 1841/1855/1953
f 1846/1860/1958 1858/1872/1970 1845/1859/1957
f 1838/1852/1950 1831/1845/1943 1843/1857/1955
f 1857/1871/1969 1855/1869/1967 1845/1859/1957
f 1857/1871/1969 1859/1873/1971 1855/1869/1967
f 1855/1869/1967 1860/1874/1972 1856/1870/1968
f 1885/1899/1999 1879/1893/1991 1889/1903/2003
f 1888/1902/2002 1887/1901/2001 1885/1899/1999
f 1888/1902/2002 1894/1908/2008 1887/1901/2001
f 1893/1907/2007 1892/1906/2006 1887/1901/2001
f 1893/1907/2007 1901/1915/2017 1892/1906/2006
f 1900/1914/2016 1899/1913/2015 1892/1906/2006
f 1900/1914/2016 1902/1916/2018 1899/1913/2015
f 1899/1913/2015 1827/1841/1939 1826/1840/1938
f 2294/2308/2410 2295/2309/2411 2296/1555/1638
f 2296/1555/1638 2297/1550/1634 2294/2308/2410
f 2298/1521/1600 2299/1520/1599 2295/2309/2411
f 2295/2309/2411 2294/2308/2410 2298/1521/1600
f 2300/2310/2412 2299/1520/1599 2301/163/160
f 2301/163/160 2302/2311/2413 2300/2310/2412
f 2302/2311/2413 2301/163/160 2303/1515/1596
f 2303/1515/1596 2304/2312/2414 2302/2311/2413
f 2304/2312/2414 2303/1515/1596 2305/1543/1627
f 2305/1543/1627 2306/2313/2415 2304/2312/2414
f 2307/2314/2416 2308/1528/1609 2309/1535/1617
f 2309/1535/1617 2310/2315/2417 2307/2314/2416
f 2310/2315/2417 2309/1535/1617 2311/1548/1632
f 2311/1548/1632 2312/2316/2418 2310/2315/2417
f 2312/2316/2418 2311/1548/1632 2296/1555/1638
f 2296/1555/1638 2313/2317/2419 2312/2316/2418
f 2313/2317/2419 2296/1555/1638 2295/2309/2411
f 2295/2309/2411 2314/2318/2420 2313/2317/2419
f 2314/2318/2420 2295/2309/2411 2299/1520/1599
f 2299/1520/1599 2300/2310/2412 2314/2318/2420
f 2315/2319/2421 2300/2310/2412 2302/2311/2413
f 2302/2311/2413 2316/2320/2422 2315/2319/2421
f 2316/2320/2422 2302/2311/2413 2304/2312/2414
f 2304/2312/2414 2317/2321/2423 2316/2320/2422
f 2317/2321/2423 2304/2312/2414 2306/2313/2415
f 2306/2313/2415 2318/2322/2424 2317/2321/2423
f 2319/2323/2425 2307/2314/2416 2310/2315/2417
f 2310/2315/2417 2320/2324/2426 2319/2323/2425
f 2320/2324/2426 2310/2315/2417 2312/2316/2418
f 2312/2316/2418 2321/2325/2427 2320/2324/2426
f 2321/2325/2427 2312/2316/2418 2313/2317/2419
f 2313/2317/2419 2322/2326/2428 2321/2325/2427
f 2322/2326/2428 2313/2317/2419 2314/2318/2420
f 2314/2318/2420 2323/2327/2429 2322/2326/2428
f 2323/2327/2429 2314/2318/2420 2300/2310/2412
f 2300/2310/2412 2315/2319/2421 2323/2327/2429
f 2324/2328/2430 2325/2329/2431 2326/2330/2432
f 2326/2330/2432 2327/2331/2433 2324/2328/2430
f 2327/2331/2433 2326/2330/2432 2328/2332/2434
f 2328/2332/2434 2329/2333/2435 2327/2331/2433
f 2329/2333/2435 2328/2332/2434 2330/2334/2436
f 2330/2334/2436 2331/2335/2437 2329/2333/2435
f 2332/2336/2438 2333/2337/2439 2334/2338/2440
f 2334/2338/2440 2335/2339/2441 2332/2336/2438
f 2335/2339/2441 2334/2338/2440 2336/2340/2442
f 2336/2340/2442 2337/2341/2443 2335/2339/2441
f 2337/2341/2443 2336/2340/2442 2338/2342/2444
f 2338/2342/2444 2339/2343/2445 2337/2341/2443
f 2339/2343/2445 2338/2342/2444 2340/2344/2446
f 2340/2344/2446 2341/2345/2447 2339/2343/2445
f 2341/2345/2447 2340/2344/2446 2325/2329/2431
f 2325/2329/2431 2324/2328/2430 2341/2345/2447
f 2342/2346/2448 2343/2347/2449 2344/2348/2450
f 2344/2348/2450 2345/2349/2451 2342/2346/2448
f 2345/2349/2451 2344/2348/2450 2346/2350/2452
f 2346/2350/2452 2347/2351/2453 2345/2349/2451
f 2347/2351/2453 2346/2350/2452 2348/2352/2454
f 2348/2352/2454 2349/2353/2455 2347/2351/2453
f 2350/2354/2456 2351/2355/2457 2352/2356/2458
f 2352/2356/2458 2353/2357/2459 2350/2354/2456
f 2353/2357/2459 2352/2356/2458 2354/2358/2460
f 2354/2358/2460 2355/2359/2461 2353/2357/2459
f 2355/2359/2461 2354/2358/2460 2356/2360/2462
f 2356/2360/2462 2357/2361/2463 2355/2359/2461
f 2357/2361/2463 2356/2360/2462 2358/2362/2464
f 2358/2362/2464 2359/2363/2465 2357/2361/2463
f 2359/2363/2465 2358/2362/2464 2343/2347/2449
f 2343/2347/2449 2342/2346/2448 2359/2363/2465
f 2360/2364/2466 2342/2346/2448 2345/2349/2451
f 2345/2349/2451 2361/2365/2467 2360/2364/2466
f 2361/2365/2467 2345/2349/2451 2347/2351/2453
f 2347/2351/2453 2362/2366/2468 2361/2365/2467
f 2362/2366/2468 2347/2351/2453 2349/2353/2455
f 2349/2353/2455 2363/2367/2469 2362/2366/2468
f 2364/2368/2470 2350/2354/2456 2353/2357/2459
f 2353/2357/2459 2365/2369/2471 2364/2368/2470
f 2365/2369/2471 2353/2357/2459 2355/2359/2461
f 2355/2359/2461 2366/2370/2472 2365/2369/2471
f 2366/2370/2472 2355/2359/2461 2357/2361/2463
f 2357/2361/2463 2367/2371/2473 2366/2370/2472
f 2367/2371/2473 2357/2361/2463 2359/2363/2465
f 2359/2363/2465 2368/2372/2474 2367/2371/2473
f 2368/2372/2474 2359/2363/2465 2342/2346/2448
f 2342/2346/2448 2360/2364/2466 2368/2372/2474
f 2369/2373/2475 2360/2364/2466 2361/2365/2467
f 2361/2365/2467 2370/2374/2476 2369/2373/2475
f 2370/2374/2476 2361/2365/2467 2362/2366/2468
f 2362/2366/2468 2371/2375/2477 2370/2374/2476
f 2371/2375/2477 2362/2366/2468 2363/2367/2469
f 2363/2367/2469 2372/2376/2478 2371/2375/2477
f 2373/2377/2479 2364/2368/2470 2365/2369/2471
f 2365/2369/2471 2374/2378/2480 2373/2377/2479
f 2374/2378/2480 2365/2369/2471 2366/2370/2472
f 2366/2370/2472 2375/2379/2481 2374/2378/2480
f 2375/2379/2481 2366/2370/2472 2367/2371/2473
f 2367/2371/2473 2376/2380/2482 2375/2379/2481
f 2376/2380/2482 2367/2371/2473 2368/2372/2474
f 2368/2372/2474 2377/2381/2483 2376/2380/2482
f 2377/2381/2483 2368/2372/2474 2360/2364/2466
f 2360/2364/2466 2369/2373/2475 2377/2381/2483
f 2378/2382/2484 2369/2373/2475 2370/2374/2476
f 2370/2374/2476 2379/2383/2485 2378/2382/2484
f 2379/2383/2485 2370/2374/2476 2371/2375/2477
f 2371/2375/2477 2380/2384/2486 2379/2383/2485
f 2380/2384/2486 2371/2375/2477 2372/2376/2478
f 2372/2376/2478 2381/2385/2487 2380/2384/2486
f 2382/2386/2488 2373/2377/2479 2374/2378/2480
f 2374/2378/2480 2383/2387/2489 2382/2386/2488
f 2383/2387/2489 2374/2378/2480 2375/2379/2481
f 2375/2379/2481 2384/2388/2490 2383/2387/2489
f 2384/2388/2490 2375/2379/2481 2376/2380/2482
f 2376/2380/2482 2385/2389/2491 2384/2388/2490
f 2385/2389/2491 2376/2380/2482 2377/2381/2483
f 2377/2381/2483 2386/2390/2492 2385/2389/2491
f 2386/2390/2492 2377/2381/2483 2369/2373/2475
f 2369/2373/2475 2378/2382/2484 2386/2390/2492
f 2387/2391/2493 2388/2392/2494 2389/2393/2495
f 2389/2393/2495 2390/2394/2496 2387/2391/2493
f 2387/2391/2493 2390/2394/2496 2391/2395/2497
f 2391/2395/2497 2392/2396/2498 2387/2391/2493
f 2392/2396/2498 2391/2395/2497 2393/2397/2499
f 2393/2397/2499 2394/2398/2500 2392/2396/2498
f 2395/2399/2501 2396/2400/2502 2397/2401/2503
f 2397/2401/2503 2398/2402/2504 2395/2399/2501
f 2399/2403/2505 2400/2404/2506 2401/2405/2507
f 2401/2405/2507 2402/2406/2508 2399/2403/2505
f 2403/2407/2509 2404/2408/2510 2405/2409/2511
f 2405/2409/2511 2406/2410/2512 2403/2407/2509
f 2403/2407/2509 2406/2410/2512 2407/2411/2513
f 2407/2411/2513 2408/2412/2514 2403/2407/2509
f 2409/2413/2515 2410/2414/2516 2411/2415/2517
f 2411/2415/2517 2412/2416/2518 2409/2413/2515
f 2413/2417/2519 2414/2418/2520 2388/2392/2494
f 2388/2392/2494 2387/2391/2493 2413/2417/2519
f 2413/2417/2519 2387/2391/2493 2392/2396/2498
f 2392/2396/2498 2415/2419/2521 2413/2417/2519
f 2415/2419/2521 2392/2396/2498 2394/2398/2500
f 2394/2398/2500 2416/2420/2522 2415/2419/2521
f 2417/2421/2523 2395/2399/2501 2398/2402/2504
f 2398/2402/2504 2418/2422/2524 2417/2421/2523
f 2419/2423/2525 2420/2424/2526 2400/2404/2506
f 2400/2404/2506 2399/2403/2505 2419/2423/2525
f 2421/2425/2527 2422/2426/2528 2404/2408/2510
f 2404/2408/2510 2403/2407/2509 2421/2425/2527
f 2421/2425/2527 2403/2407/2509 2408/2412/2514
f 2408/2412/2514 2423/2427/2529 2421/2425/2527
f 2424/2428/2530 2409/2413/2515 2412/2416/2518
f 2412/2416/2518 2425/2429/2531 2424/2428/2530
f 2426/2430/2532 2427/2431/2533 2414/2418/2520
f 2414/2418/2520 2413/2417/2519 2426/2430/2532
f 2426/2430/2532 2413/2417/2519 2415/2419/2521
f 2415/2419/2521 2428/2432/2534 2426/2430/2532
f 2428/2432/2534 2415/2419/2521 2416/2420/2522
f 2416/2420/2522 2429/2433/2535 2428/2432/2534
f 2430/2434/2536 2417/2421/2523 2418/2422/2524
f 2418/2422/2524 2431/2435/2537 2430/2434/2536
f 2432/2436/2538 2433/2437/2539 2420/2424/2526
f 2420/2424/2526 2419/2423/2525 2432/2436/2538
f 2434/2438/2540 2435/2439/2541 2422/2426/2528
f 2422/2426/2528 2421/2425/2527 2434/2438/2540
f 2434/2438/2540 2421/2425/2527 2423/2427/2529
f 2423/2427/2529 2436/2440/2542 2434/2438/2540
f 2437/2441/2543 2424/2428/2530 2425/2429/2531
f 2425/2429/2531 2438/2442/2544 2437/2441/2543
f 2439/2443/2545 2440/2444/2546 2441/2445/2547
f 2441/2445/2547 2442/2446/2548 2439/2443/2545
f 2439/2443/2545 2442/2446/2548 2443/2447/2549
f 2443/2447/2549 2444/2448/2550 2439/2443/2545
f 2444/2448/2550 2443/2447/2549 2445/2449/2551
f 2445/2449/2551 2446/2450/2552 2444/2448/2550
f 2447/2451/2553 2448/2452/2554 2449/2453/2555
f 2449/2453/2555 2450/2454/2556 2447/2451/2553
f 2451/2455/2557 2452/2456/2558 2453/2457/2559
f 2453/2457/2559 2454/2458/2560 2451/2455/2557
f 2455/2459/2561 2456/2460/2562 2457/2461/2563
f 2457/2461/2563 2458/2462/2564 2455/2459/2561
f 2455/2459/2561 2458/2462/2564 2459/2463/2565
f 2459/2463/2565 2460/2464/2566 2455/2459/2561
f 2461/2465/2567 2462/2466/2568 2463/2467/2569
f 2463/2467/2569 2464/2468/2570 2461/2465/2567
f 2465/2469/2571 2466/2470/2572 2467/2471/2573
f 2467/2471/2573 2468/2472/2574 2465/2469/2571
f 2465/2469/2571 2468/2472/2574 2469/2473/2575
f 2469/2473/2575 2470/2474/2576 2465/2469/2571
f 2470/2474/2576 2469/2473/2575 2471/2475/2577
f 2471/2475/2577 2472/2476/2578 2470/2474/2576
f 2473/2477/2579 2474/2478/2580 2475/2479/2581
f 2475/2479/2581 2476/2480/2582 2473/2477/2579
f 2477/2481/2583 2478/2482/2584 2479/2483/2585
f 2479/2483/2585 2480/2484/2586 2477/2481/2583
f 2481/2485/2587 2482/2486/2588 2483/2487/2589
f 2483/2487/2589 2484/2488/2590 2481/2485/2587
f 2481/2485/2587 2484/2488/2590 2485/2489/2591
f 2485/2489/2591 2486/2490/2592 2481/2485/2587
f 2487/2491/2593 2488/2492/2594 2489/2493/2595
f 2489/2493/2595 2490/2494/2596 2487/2491/2593
f 2491/2495/2597 2492/2496/2598 2466/2470/2572
f 2466/2470/2572 2465/2469/2571 2491/2495/2597
f 2491/2495/2597 2465/2469/2571 2470/2474/2576
f 2470/2474/2576 2493/2497/2599 2491/2495/2597
f 2493/2497/2599 2470/2474/2576 2472/2476/2578
f 2472/2476/2578 2494/2498/2600 2493/2497/2599
f 2495/2499/2601 2473/2477/2579 2476/2480/2582
f 2476/2480/2582 2496/2500/2602 2495/2499/2601
f 2497/2501/2603 2498/2502/2604 2478/2482/2584
f 2478/2482/2584 2477/2481/2583 2497/2501/2603
f 2499/2503/2605 2500/2504/2606 2482/2486/2588
f 2482/2486/2588 2481/2485/2587 2499/2503/2605
f 2499/2503/2605 2481/2485/2587 2486/2490/2592
f 2486/2490/2592 2501/2505/2607 2499/2503/2605
f 2502/2506/2608 2487/2491/2593 2490/2494/2596
f 2490/2494/2596 2503/2507/2609 2502/2506/2608
f 2504/2508/2610 2505/2509/2611 2492/2496/2598
f 2492/2496/2598 2491/2495/2597 2504/2508/2610
f 2504/2508/2610 2491/2495/2597 2493/2497/2599
f 2493/2497/2599 2506/2510/2612 2504/2508/2610
f 2506/2510/2612 2493/2497/2599 2494/2498/2600
f 2494/2498/2600 2507/2511/2613 2506/2510/2612
f 2508/2512/2614 2495/2499/2601 2496/2500/2602
f 2496/2500/2602 2509/2513/2615 2508/2512/2614
f 2510/2514/2616 2511/2515/2617 2498/2502/2604
f 2498/2502/2604 2497/2501/2603 2510/2514/2616
f 2512/2516/2618 2513/2517/2619 2500/2504/2606
f 2500/2504/2606 2499/2503/2605 2512/2516/2618
f 2512/2516/2618 2499/2503/2605 2501/2505/2607
f 2501/2505/2607 2514/2518/2620 2512/2516/2618
f 2515/2519/2621 2502/2506/2608 2503/2507/2609
f 2503/2507/2609 2516/2520/2622 2515/2519/2621
f 2517/2521/2623 2518/2522/2624 2519/2523/2625
f 2519/2523/2625 2520/2524/2626 2517/2521/2623
f 2517/2521/2623 2520/2524/2626 2521/2525/2627
f 2521/2525/2627 2522/2526/2628 2517/2521/2623
f 2522/2526/2628 2521/2525/2627 2523/2527/2629
f 2523/2527/2629 2524/2528/2630 2522/2526/2628
f 2525/2529/2631 2526/2530/2632 2527/2531/2633
f 2527/2531/2633 2528/2532/2634 2525/2529/2631
f 2529/2533/2635 2530/2534/2636 2531/2535/2637
f 2531/2535/2637 2532/2536/2638 2529/2533/2635
f 2533/2537/2639 2534/2538/2640 2535/2539/2641
f 2535/2539/2641 2536/2540/2642 2533/2537/2639
f 2537/2541/2643 2538/2542/2644 2539/2543/2645
f 2539/2543/2645 2540/2544/2646 2537/2541/2643
f 2468/2472/2574 2467/2471/2573 2440/2444/2546
f 2440/2444/2546 2439/2443/2545 2468/2472/2574
f 2468/2472/2574 2439/2443/2545 2444/2448/2550
f 2444/2448/2550 2469/2473/2575 2468/2472/2574
f 2469/2473/2575 2444/2448/2550 2446/2450/2552
f 2446/2450/2552 2471/2475/2577 2469/2473/2575
f 2474/2478/2580 2447/2451/2553 2450/2454/2556
f 2450/2454/2556 2475/2479/2581 2474/2478/2580
f 2480/2484/2586 2479/2483/2585 2452/2456/2558
f 2452/2456/2558 2451/2455/2557 2480/2484/2586
f 2484/2488/2590 2483/2487/2589 2456/2460/2562
f 2456/2460/2562 2455/2459/2561 2484/2488/2590
f 2484/2488/2590 2455/2459/2561 2460/2464/2566
f 2460/2464/2566 2485/2489/2591 2484/2488/2590
f 2488/2492/2594 2461/2465/2567 2464/2468/2570
f 2464/2468/2570 2489/2493/2595 2488/2492/2594
f 2442/2446/2548 2441/2445/2547 2541/2545/2647
f 2541/2545/2647 2542/2546/2648 2442/2446/2548
f 2442/2446/2548 2542/2546/2648 2543/2547/2649
f 2543/2547/2649 2443/2447/2549 2442/2446/2548
f 2443/2447/2549 2543/2547/2649 2544/2548/2650
f 2544/2548/2650 2445/2449/2551 2443/2447/2549
f 2448/2452/2554 2545/2549/2651 2546/2550/2652
f 2546/2550/2652 2449/2453/2555 2448/2452/2554
f 2454/2458/2560 2453/2457/2559 2547/2551/2653
f 2547/2551/2653 2548/2552/2654 2454/2458/2560
f 2458/2462/2564 2457/2461/2563 2549/2553/2655
f 2549/2553/2655 2550/2554/2656 2458/2462/2564
f 2458/2462/2564 2550/2554/2656 2551/2555/2657
f 2551/2555/2657 2459/2463/2565 2458/2462/2564
f 2462/2466/2568 2552/2556/2658 2553/2557/2659
f 2553/2557/2659 2463/2467/2569 2462/2466/2568
f 2520/2524/2626 2519/2523/2625 2505/2509/2611
f 2505/2509/2611 2504/2508/2610 2520/2524/2626
f 2520/2524/2626 2504/2508/2610 2506/2510/2612
f 2506/2510/2612 2521/2525/2627 2520/2524/2626
f 2521/2525/2627 2506/2510/2612 2507/2511/2613
f 2507/2511/2613 2523/2527/2629 2521/2525/2627
f 2526/2530/2632 2508/2512/2614 2509/2513/2615
f 2509/2513/2615 2527/2531/2633 2526/2530/2632
f 2532/2536/2638 2531/2535/2637 2511/2515/2617
f 2511/2515/2617 2510/2514/2616 2532/2536/2638
f 2536/2540/2642 2535/2539/2641 2513/2517/2619
f 2513/2517/2619 2512/2516/2618 2536/2540/2642
f 2538/2542/2644 2515/2519/2621 2516/2520/2622
f 2516/2520/2622 2539/2543/2645 2538/2542/2644
f 2554/2558/2660 2555/2559/2661 2556/2560/2662
f 2556/2560/2662 2557/2561/2663 2554/2558/2660
f 2554/2558/2660 2557/2561/2663 1146/1149/1154
f 1146/1149/1154 1147/1150/1155 2554/2558/2660
f 2558/2562/2664 2559/2563/2665 2560/2564/2666
f 2560/2564/2666 2561/2565/2667 2558/2562/2664
f 2558/2562/2664 2561/2565/2667 2562/2566/2668
f 2562/2566/2668 2563/2567/2669 2558/2562/2664
f 2564/2568/2670 2565/2569/2671 2566/2570/2672
f 2566/2570/2672 2567/2571/2673 2564/2568/2670
f 2568/2572/2674 2569/2573/2675 2555/2559/2661
f 2555/2559/2661 2554/2558/2660 2568/2572/2674
f 2568/2572/2674 2554/2558/2660 1147/1150/1155
f 1147/1150/1155 1160/1163/1168 2568/2572/2674
f 2570/2574/2676 2571/2575/2677 2559/2563/2665
f 2559/2563/2665 2558/2562/2664 2570/2574/2676
f 2570/2574/2676 2558/2562/2664 2563/2567/2669
f 2563/2567/2669 2572/2576/2678 2570/2574/2676
f 2573/2577/2679 2564/2568/2670 2567/2571/2673
f 2567/2571/2673 2574/2578/2680 2573/2577/2679
f 2575/2579/2681 2576/2580/2682 2569/2573/2675
f 2569/2573/2675 2568/2572/2674 2575/2579/2681
f 2575/2579/2681 2568/2572/2674 1160/1163/1168
f 1160/1163/1168 1168/1171/1176 2575/2579/2681
f 2577/2581/2683 2578/2582/2684 2571/2575/2677
f 2571/2575/2677 2570/2574/2676 2577/2581/2683
f 2577/2581/2683 2570/2574/2676 2572/2576/2678
f 2572/2576/2678 2579/2583/2685 2577/2581/2683
f 2580/2584/2686 2573/2577/2679 2574/2578/2680
f 2574/2578/2680 2581/2585/2687 2580/2584/2686
f 2582/2586/2688 2583/2587/2689 2576/2580/2682
f 2576/2580/2682 2575/2579/2681 2582/2586/2688
f 2582/2586/2688 2575/2579/2681 1168/1171/1176
f 1168/1171/1176 1176/1179/1184 2582/2586/2688
f 2584/2588/2690 2585/2589/2691 2578/2582/2684
f 2578/2582/2684 2577/2581/2683 2584/2588/2690
f 2584/2588/2690 2577/2581/2683 2579/2583/2685
f 2579/2583/2685 2586/2590/2692 2584/2588/2690
f 2587/2591/2693 2580/2584/2686 2581/2585/2687
f 2581/2585/2687 2588/2592/2694 2587/2591/2693
f 2589/2593/2695 2590/2594/2696 2583/2587/2689
f 2583/2587/2689 2582/2586/2688 2589/2593/2695
f 2589/2593/2695 2582/2586/2688 1176/1179/1184
f 2589/2593/2695 1176/1179/1184 1185/1188/1193
f 1185/1188/1193 1184/1187/1192 2589/2593/2695
f 2591/2595/2697 2592/2596/2698 2585/2589/2691
f 2585/2589/2691 2584/2588/2690 2591/2595/2697
f 2591/2595/2697 2584/2588/2690 2586/2590/2692
f 2586/2590/2692 2593/2597/2699 2591/2595/2697
f 2594/2598/2700 2587/2591/2693 2588/2592/2694
f 2588/2592/2694 2595/2599/2701 2594/2598/2700
f 2596/2600/2702 2597/2601/2703 2590/2594/2696
f 2590/2594/2696 2589/2593/2695 2596/2600/2702
f 2596/2600/2702 2589/2593/2695 1184/1187/1192
f 1184/1187/1192 1193/1196/1201 2596/2600/2702
f 2598/2602/2704 2599/2603/2705 2592/2596/2698
f 2592/2596/2698 2591/2595/2697 2598/2602/2704
f 2598/2602/2704 2591/2595/2697 2593/2597/2699
f 2593/2597/2699 2600/2604/2706 2598/2602/2704
f 2601/2605/2707 2594/2598/2700 2595/2599/2701
f 2595/2599/2701 2602/2606/2708 2601/2605/2707
f 2603/2607/2709 2604/2608/2710 2597/2601/2703
f 2597/2601/2703 2596/2600/2702 2603/2607/2709
f 2603/2607/2709 2596/2600/2702 1193/1196/1201
f 1193/1196/1201 1201/1204/1210 2603/2607/2709
f 2605/2609/2711 2606/2610/2712 2599/2603/2705
f 2599/2603/2705 2598/2602/2704 2605/2609/2711
f 2607/2611/2713 2608/2612/2714 2609/2613/2715
f 2609/2613/2715 2610/2614/2716 2607/2611/2713
f 2611/2615/2717 2612/2616/2718 2613/2617/2719
f 2613/2617/2719 2614/2618/2720 2611/2615/2717
f 2615/2619/2721 2616/2620/2722 2617/2621/2723
f 2617/2621/2723 2618/2622/2724 2615/2619/2721
f 2615/2619/2721 2618/2622/2724 1216/1219/1225
f 1216/1219/1225 1217/1220/1226 2615/2619/2721
f 2619/2623/2725 2620/2624/2726 2621/2625/2727
f 2621/2625/2727 2622/2626/2728 2619/2623/2725
f 2623/2627/2729 2624/2628/2730 2616/2620/2722
f 2616/2620/2722 2615/2619/2721 2623/2627/2729
f 2623/2627/2729 2615/2619/2721 1217/1220/1226
f 1217/1220/1226 1224/1227/1233 2623/2627/2729
f 2625/2629/2731 2626/2630/2732 2620/2624/2726
f 2620/2624/2726 2619/2623/2725 2625/2629/2731
f 2625/2629/2731 2619/2623/2725 2627/2631/2733
f 2627/2631/2733 2628/2632/2734 2625/2629/2731
f 2629/2633/2735 2630/2634/2736 2631/2635/2737
f 2631/2635/2737 2632/2636/2738 2629/2633/2735
f 2633/2637/2739 2634/2638/2740 2624/2628/2730
f 2624/2628/2730 2623/2627/2729 2633/2637/2739
f 2633/2637/2739 2623/2627/2729 1224/1227/1233
f 1224/1227/1233 1235/1238/1244 2633/2637/2739
f 2635/2639/2741 2636/2640/2742 2626/2630/2732
f 2626/2630/2732 2625/2629/2731 2635/2639/2741
f 2635/2639/2741 2625/2629/2731 2628/2632/2734
f 2628/2632/2734 2637/2641/2743 2635/2639/2741
f 2638/2642/2744 2629/2633/2735 2632/2636/2738
f 2632/2636/2738 2639/2643/2745 2638/2642/2744
f 2640/2644/2746 2641/2645/2747 2642/2646/2748
f 2642/2646/2748 2643/2647/2749 2640/2644/2746
f 2640/2644/2746 2643/2647/2749 2644/2648/2750
f 2644/2648/2750 2645/2649/2751 2640/2644/2746
f 2646/2650/2752 2647/2651/2753 2648/2652/2754
f 2648/2652/2754 2649/2653/2755 2646/2650/2752
f 2650/2654/2756 2651/2655/2757 2652/2656/2758
f 2652/2656/2758 2653/2657/2759 2650/2654/2756
f 2654/2658/2760 2655/2659/2761 2656/2660/2762
f 2656/2660/2762 2657/2661/2763 2654/2658/2760
f 2622/2626/2728 2621/2625/2727 2658/2662/2764
f 2658/2662/2764 2607/2611/2713 2622/2626/2728
f 2618/2622/2724 2617/2621/2723 2659/2663/2765
f 2659/2663/2765 2660/2664/2766 2618/2622/2724
f 2618/2622/2724 2660/2664/2766 1262/1265/1274
f 1262/1265/1274 1216/1219/1225 2618/2622/2724
f 2630/2634/2736 2661/2665/2767 2662/2666/2768
f 2662/2666/2768 2631/2635/2737 2630/2634/2736
f 2619/2623/2725 2663/2667/2769 2664/2668/2770
f 2664/2668/2770 2627/2631/2733 2619/2623/2725
f 2622/2626/2728 2665/2669/2771 2663/2667/2769
f 2663/2667/2769 2619/2623/2725 2622/2626/2728
f 2607/2611/2713 2666/2670/2772 2665/2669/2771
f 2665/2669/2771 2622/2626/2728 2607/2611/2713
f 2610/2614/2716 2667/2671/2773 2666/2670/2772
f 2666/2670/2772 2607/2611/2713 2610/2614/2716
f 2614/2618/2720 2668/2672/2774 2669/2673/2775
f 2669/2673/2775 2611/2615/2717 2614/2618/2720
f 2670/2674/2776 2671/2675/2777 2668/2672/2774
f 2668/2672/2774 2614/2618/2720 2670/2674/2776
f 2631/2635/2737 2662/2666/2768 2671/2675/2777
f 2671/2675/2777 2670/2674/2776 2631/2635/2737
f 2343/2347/2449 2324/2328/2430 2327/2331/2433
f 2327/2331/2433 2344/2348/2450 2343/2347/2449
f 2344/2348/2450 2327/2331/2433 2329/2333/2435
f 2329/2333/2435 2346/2350/2452 2344/2348/2450
f 2346/2350/2452 2329/2333/2435 2331/2335/2437
f 2331/2335/2437 2348/2352/2454 2346/2350/2452
f 2351/2355/2457 2332/2336/2438 2335/2339/2441
f 2335/2339/2441 2352/2356/2458 2351/2355/2457
f 2352/2356/2458 2335/2339/2441 2337/2341/2443
f 2337/2341/2443 2354/2358/2460 2352/2356/2458
f 2354/2358/2460 2337/2341/2443 2339/2343/2445
f 2339/2343/2445 2356/2360/2462 2354/2358/2460
f 2356/2360/2462 2339/2343/2445 2341/2345/2447
f 2341/2345/2447 2358/2362/2464 2356/2360/2462
f 2358/2362/2464 2341/2345/2447 2324/2328/2430
f 2324/2328/2430 2343/2347/2449 2358/2362/2464
f 2325/2329/2431 2315/2319/2421 2316/2320/2422
f 2316/2320/2422 2326/2330/2432 2325/2329/2431
f 2326/2330/2432 2316/2320/2422 2317/2321/2423
f 2317/2321/2423 2328/2332/2434 2326/2330/2432
f 2328/2332/2434 2317/2321/2423 2318/2322/2424
f 2318/2322/2424 2330/2334/2436 2328/2332/2434
f 2333/2337/2439 2319/2323/2425 2320/2324/2426
f 2320/2324/2426 2334/2338/2440 2333/2337/2439
f 2334/2338/2440 2320/2324/2426 2321/2325/2427
f 2321/2325/2427 2336/2340/2442 2334/2338/2440
f 2336/2340/2442 2321/2325/2427 2322/2326/2428
f 2322/2326/2428 2338/2342/2444 2336/2340/2442
f 2338/2342/2444 2322/2326/2428 2323/2327/2429
f 2323/2327/2429 2340/2344/2446 2338/2342/2444
f 2340/2344/2446 2323/2327/2429 2315/2319/2421
f 2315/2319/2421 2325/2329/2431 2340/2344/2446
f 2650/2654/2756 2653/2657/2759 2672/2676/2778
f 2672/2676/2778 2673/2677/2779 2650/2654/2756
f 2533/2537/2639 2536/2540/2642 2674/2678/2780
f 2674/2678/2780 2675/2679/2781 2533/2537/2639
f 2512/2516/2618 2514/2518/2620 2674/2678/2780
f 2674/2678/2780 2536/2540/2642 2512/2516/2618
f 2676/2680/2782 2677/2681/2783 2678/2682/2784
f 2678/2682/2784 2679/2683/2785 2676/2680/2782
f 2680/2684/2786 2681/2685/2787 2682/2686/2788
f 2682/2686/2788 2683/2687/2789 2680/2684/2786
f 2684/2688/2790 2685/2689/2791 2682/2686/2788
f 2682/2686/2788 2681/2685/2787 2684/2688/2790
f 2686/2690/2792 2687/2691/2793 2688/2692/2794
f 2688/2692/2794 2689/2693/2795 2686/2690/2792
f 2690/2694/2796 2691/2695/2797 2692/2696/2798
f 2692/2696/2798 2693/2697/2799 2690/2694/2796
f 2694/2698/2800 2695/2699/2801 2696/2700/2802
f 2696/2700/2802 2697/2701/2803 2694/2698/2800
f 2698/2702/2804 2699/2703/2805 2700/2704/2806
f 2700/2704/2806 2701/2705/2807 2698/2702/2804
f 2702/2706/2808 2677/2681/2783 2676/2680/2782
f 2676/2680/2782 2703/2707/2809 2702/2706/2808
f 2704/2708/2810 2681/2685/2787 2680/2684/2786
f 2680/2684/2786 2705/2709/2811 2704/2708/2810
f 2706/2710/2812 2684/2688/2790 2681/2685/2787
f 2681/2685/2787 2704/2708/2810 2706/2710/2812
f 2690/2694/2796 2707/2711/2813 2708/2712/2814
f 2708/2712/2814 2691/2695/2797 2690/2694/2796
f 2709/2713/2815 2694/2698/2800 2697/2701/2803
f 2697/2701/2803 2710/2714/2816 2709/2713/2815
f 2711/2715/2817 2698/2702/2804 2701/2705/2807
f 2701/2705/2807 2712/2716/2818 2711/2715/2817
f 2713/2717/2819 2687/2691/2793 2686/2690/2792
f 2686/2690/2792 2714/2718/2820 2713/2717/2819
f 2715/2719/2821 2411/2415/2517 2410/2414/2516
f 2410/2414/2516 2716/2720/2822 2715/2719/2821
f 2717/2721/2823 2407/2411/2513 2406/2410/2512
f 2406/2410/2512 2718/2722/2824 2717/2721/2823
f 2718/2722/2824 2406/2410/2512 2405/2409/2511
f 2405/2409/2511 2719/2723/2825 2718/2722/2824
f 2720/2724/2826 2402/2406/2508 2401/2405/2507
f 2401/2405/2507 2721/2725/2827 2720/2724/2826
f 2722/2726/2828 2397/2401/2503 2396/2400/2502
f 2396/2400/2502 2723/2727/2829 2722/2726/2828
f 2724/2728/2830 2393/2397/2499 2391/2395/2497
f 2391/2395/2497 2725/2729/2831 2724/2728/2830
f 2725/2729/2831 2391/2395/2497 2390/2394/2496
f 2390/2394/2496 2726/2730/2832 2725/2729/2831
f 2726/2730/2832 2390/2394/2496 2389/2393/2495
f 2389/2393/2495 2727/2731/2833 2726/2730/2832
f 2728/2732/2834 2729/2733/2835 2685/2689/2791
f 2685/2689/2791 2730/2734/2836 2728/2732/2834
f 2731/2735/2837 2730/2734/2836 2685/2689/2791
f 2685/2689/2791 2684/2688/2790 2731/2735/2837
f 2732/2736/2838 2733/2737/2839 2734/2738/2840
f 2734/2738/2840 2735/2739/2841 2732/2736/2838
f 2736/2740/2842 2737/2741/2843 2738/2742/2844
f 2738/2742/2844 2739/2743/2845 2736/2740/2842
f 2740/2744/2846 2689/2693/2795 2737/2741/2843
f 2737/2741/2843 2736/2740/2842 2740/2744/2846
f 2689/2693/2795 2740/2744/2846 2741/2745/2847
f 2741/2745/2847 2686/2690/2792 2689/2693/2795
f 2731/2735/2837 2684/2688/2790 2706/2710/2812
f 2706/2710/2812 2742/2746/2848 2731/2735/2837
f 2743/2747/2849 2714/2718/2820 2686/2690/2792
f 2686/2690/2792 2741/2745/2847 2743/2747/2849
f 2744/2748/2850 2728/2732/2834 2730/2734/2836
f 2730/2734/2836 2693/2697/2799 2744/2748/2850
f 2745/2749/2851 2732/2736/2838 2735/2739/2841
f 2735/2739/2841 2746/2750/2852 2745/2749/2851
f 2747/2751/2853 2736/2740/2842 2739/2743/2845
f 2739/2743/2845 2748/2752/2854 2747/2751/2853
f 2749/2753/2855 2740/2744/2846 2736/2740/2842
f 2736/2740/2842 2747/2751/2853 2749/2753/2855
f 2693/2697/2799 2730/2734/2836 2731/2735/2837
f 2731/2735/2837 2690/2694/2796 2693/2697/2799
f 2750/2754/2856 2741/2745/2847 2740/2744/2846
f 2740/2744/2846 2749/2753/2855 2750/2754/2856
f 2690/2694/2796 2731/2735/2837 2742/2746/2848
f 2742/2746/2848 2707/2711/2813 2690/2694/2796
f 2751/2755/2857 2743/2747/2849 2741/2745/2847
f 2741/2745/2847 2750/2754/2856 2751/2755/2857
f 2693/2697/2799 2692/2696/2798 2752/2756/2858
f 2752/2756/2858 2744/2748/2850 2693/2697/2799
f 2700/2704/2806 2747/2751/2853 2748/2752/2854
f 2748/2752/2854 2753/2757/2859 2700/2704/2806
f 2700/2704/2806 2699/2703/2805 2749/2753/2855
f 2749/2753/2855 2747/2751/2853 2700/2704/2806
f 2698/2702/2804 2750/2754/2856 2749/2753/2855
f 2749/2753/2855 2699/2703/2805 2698/2702/2804
f 2698/2702/2804 2711/2715/2817 2751/2755/2857
f 2751/2755/2857 2750/2754/2856 2698/2702/2804
f 2754/2758/2860 2755/2759/2861 2756/2760/2862
f 2756/2760/2862 2757/2761/2863 2754/2758/2860
f 2757/2761/2863 2756/2760/2862 2758/2762/2864
f 2758/2762/2864 2759/2763/2865 2757/2761/2863
f 2759/2763/2865 2758/2762/2864 2760/2764/2866
f 2760/2764/2866 2761/2765/2867 2759/2763/2865
f 2761/2765/2867 2760/2764/2866 2762/2766/2868
f 2762/2766/2868 2763/2767/2869 2761/2765/2867
f 2764/2768/2870 2763/2767/2869 2762/2766/2868
f 2765/2769/2871 2766/2770/2872 2767/2771/2873
f 2767/2771/2873 2768/2772/2874 2765/2769/2871
f 2763/2767/2869 2764/2768/2870 2769/2773/2875
f 2769/2773/2875 2770/2774/2876 2763/2767/2869
f 2771/2775/2877 2761/2765/2867 2763/2767/2869
f 2763/2767/2869 2770/2774/2876 2771/2775/2877
f 2772/2776/2878 2759/2763/2865 2761/2765/2867
f 2761/2765/2867 2771/2775/2877 2772/2776/2878
f 2773/2777/2879 2757/2761/2863 2759/2763/2865
f 2759/2763/2865 2772/2776/2878 2773/2777/2879
f 2774/2778/2880 2754/2758/2860 2757/2761/2863
f 2757/2761/2863 2773/2777/2879 2774/2778/2880
f 2775/2779/2881 2766/2770/2872 2765/2769/2871
f 2765/2769/2871 2776/2780/2882 2775/2779/2881
f 2695/2699/2801 2745/2749/2851 2746/2750/2852
f 2746/2750/2852 2696/2700/2802 2695/2699/2801
f 2777/2781/2883 2701/2705/2807 2700/2704/2806
f 2700/2704/2806 2753/2757/2859 2777/2781/2883
f 2778/2782/2884 2712/2716/2818 2701/2705/2807
f 2701/2705/2807 2777/2781/2883 2778/2782/2884
f 2691/2695/2797 2779/2783/2885 2752/2756/2858
f 2752/2756/2858 2692/2696/2798 2691/2695/2797
f 2708/2712/2814 2780/2784/2886 2779/2783/2885
f 2779/2783/2885 2691/2695/2797 2708/2712/2814
f 2754/2758/2860 2765/2769/2871 2768/2772/2874
f 2768/2772/2874 2755/2759/2861 2754/2758/2860
f 2774/2778/2880 2776/2780/2882 2765/2769/2871
f 2765/2769/2871 2754/2758/2860 2774/2778/2880
f 2781/2785/2887 2782/2786/2888 2783/2787/2889
f 2783/2787/2889 2784/2788/2890 2781/2785/2887
f 2785/2789/2891 2786/2790/2892 2782/2786/2888
f 2782/2786/2888 2781/2785/2887 2785/2789/2891
f 2787/2791/2893 2788/2792/2894 2786/2790/2892
f 2786/2790/2892 2785/2789/2891 2787/2791/2893
f 2789/2793/2895 2790/2794/2896 2788/2792/2894
f 2788/2792/2894 2787/2791/2893 2789/2793/2895
f 2791/2795/2897 2792/2796/2898 2790/2794/2896
f 2790/2794/2896 2789/2793/2895 2791/2795/2897
f 2793/2797/2899 2794/2798/2900 2792/2796/2898
f 2792/2796/2898 2791/2795/2897 2793/2797/2899
f 2795/2799/2901 2796/2800/2902 2794/2798/2900
f 2794/2798/2900 2793/2797/2899 2795/2799/2901
f 2797/2801/2903 2798/2802/2904 2799/2803/2905
f 2799/2803/2905 2800/2804/2906 2797/2801/2903
f 2801/2805/2907 2802/2806/2908 2798/2802/2904
f 2798/2802/2904 2797/2801/2903 2801/2805/2907
f 2803/2807/2909 2804/2808/2910 2802/2806/2908
f 2802/2806/2908 2801/2805/2907 2803/2807/2909
f 2800/2804/2906 2799/2803/2905 2805/2809/2911
f 2805/2809/2911 2806/2810/2912 2800/2804/2906
f 2649/2653/2755 2648/2652/2754 2530/2534/2636
f 2530/2534/2636 2529/2533/2635 2649/2653/2755
f 2653/2657/2759 2652/2656/2758 2534/2538/2640
f 2534/2538/2640 2533/2537/2639 2653/2657/2759
f 2653/2657/2759 2533/2537/2639 2675/2679/2781
f 2675/2679/2781 2672/2676/2778 2653/2657/2759
f 2655/2659/2761 2537/2541/2643 2540/2544/2646
f 2540/2544/2646 2656/2660/2762 2655/2659/2761
f 2643/2647/2749 2642/2646/2748 2518/2522/2624
f 2518/2522/2624 2517/2521/2623 2643/2647/2749
f 2643/2647/2749 2517/2521/2623 2522/2526/2628
f 2643/2647/2749 2522/2526/2628 2807/2811/2913
f 2807/2811/1421 2644/2648/2750 2643/2647/2749
f 2808/2812/2914 2528/2532/2634 2530/2534/2636
f 2808/2812/2914 2530/2534/2636 2648/2652/2754
f 2648/2652/2754 2809/2813/2915 2808/2812/2914
f 2528/2532/2634 2527/2531/2633 2531/2535/2637
f 2531/2535/2637 2530/2534/2636 2528/2532/2634
f 2527/2531/2633 2509/2513/2615 2511/2515/2617
f 2511/2515/2617 2531/2535/2637 2527/2531/2633
f 2509/2513/2615 2496/2500/2602 2498/2502/2604
f 2498/2502/2604 2511/2515/2617 2509/2513/2615
f 2496/2500/2602 2476/2480/2582 2478/2482/2584
f 2478/2482/2584 2498/2502/2604 2496/2500/2602
f 2476/2480/2582 2475/2479/2581 2479/2483/2585
f 2479/2483/2585 2478/2482/2584 2476/2480/2582
f 2475/2479/2581 2450/2454/2556 2452/2456/2558
f 2452/2456/2558 2479/2483/2585 2475/2479/2581
f 2450/2454/2556 2449/2453/2555 2453/2457/2559
f 2453/2457/2559 2452/2456/2558 2450/2454/2556
f 2449/2453/2555 2546/2550/2652 2547/2551/2653
f 2547/2551/2653 2453/2457/2559 2449/2453/2555
f 2431/2435/2537 2418/2422/2524 2420/2424/2526
f 2420/2424/2526 2433/2437/2539 2431/2435/2537
f 2418/2422/2524 2398/2402/2504 2400/2404/2506
f 2400/2404/2506 2420/2424/2526 2418/2422/2524
f 2398/2402/2504 2397/2401/2503 2401/2405/2507
f 2401/2405/2507 2400/2404/2506 2398/2402/2504
f 2722/2726/2828 2721/2725/2827 2401/2405/2507
f 2401/2405/2507 2397/2401/2503 2722/2726/2828
f 2728/2732/2834 2735/2739/2841 2734/2738/2840
f 2734/2738/2840 2729/2733/2835 2728/2732/2834
f 2744/2748/2850 2746/2750/2852 2735/2739/2841
f 2735/2739/2841 2728/2732/2834 2744/2748/2850
f 2752/2756/2858 2696/2700/2802 2746/2750/2852
f 2746/2750/2852 2744/2748/2850 2752/2756/2858
f 2779/2783/2885 2697/2701/2803 2696/2700/2802
f 2696/2700/2802 2752/2756/2858 2779/2783/2885
f 2780/2784/2886 2710/2714/2816 2697/2701/2803
f 2697/2701/2803 2779/2783/2885 2780/2784/2886
f 2803/2807/2909 2801/2805/2907 2626/2630/2732
f 2626/2630/2732 2636/2640/2742 2803/2807/2909
f 2801/2805/2907 2797/2801/2903 2620/2624/2726
f 2620/2624/2726 2626/2630/2732 2801/2805/2907
f 2797/2801/2903 2800/2804/2906 2621/2625/2727
f 2621/2625/2727 2620/2624/2726 2797/2801/2903
f 2800/2804/2906 2806/2810/2912 2658/2662/2764
f 2658/2662/2764 2621/2625/2727 2800/2804/2906
f 2795/2799/2901 2793/2797/2899 2599/2603/2705
f 2599/2603/2705 2606/2610/2712 2795/2799/2901
f 2793/2797/2899 2791/2795/2897 2592/2596/2698
f 2592/2596/2698 2599/2603/2705 2793/2797/2899
f 2791/2795/2897 2789/2793/2895 2585/2589/2691
f 2585/2589/2691 2592/2596/2698 2791/2795/2897
f 2789/2793/2895 2787/2791/2893 2578/2582/2684
f 2578/2582/2684 2585/2589/2691 2789/2793/2895
f 2787/2791/2893 2785/2789/2891 2571/2575/2677
f 2571/2575/2677 2578/2582/2684 2787/2791/2893
f 2785/2789/2891 2781/2785/2887 2559/2563/2665
f 2559/2563/2665 2571/2575/2677 2785/2789/2891
f 2781/2785/2887 2784/2788/2890 2560/2564/2666
f 2560/2564/2666 2559/2563/2665 2781/2785/2887
f 2646/2650/2752 2649/2653/2755 2652/2656/2758
f 2652/2656/2758 2651/2655/2757 2646/2650/2752
f 2649/2653/2755 2529/2533/2635 2534/2538/2640
f 2534/2538/2640 2652/2656/2758 2649/2653/2755
f 2529/2533/2635 2532/2536/2638 2535/2539/2641
f 2535/2539/2641 2534/2538/2640 2529/2533/2635
f 2532/2536/2638 2510/2514/2616 2513/2517/2619
f 2513/2517/2619 2535/2539/2641 2532/2536/2638
f 2510/2514/2616 2497/2501/2603 2500/2504/2606
f 2500/2504/2606 2513/2517/2619 2510/2514/2616
f 2497/2501/2603 2477/2481/2583 2482/2486/2588
f 2482/2486/2588 2500/2504/2606 2497/2501/2603
f 2477/2481/2583 2480/2484/2586 2483/2487/2589
f 2483/2487/2589 2482/2486/2588 2477/2481/2583
f 2480/2484/2586 2451/2455/2557 2456/2460/2562
f 2456/2460/2562 2483/2487/2589 2480/2484/2586
f 2451/2455/2557 2454/2458/2560 2457/2461/2563
f 2457/2461/2563 2456/2460/2562 2451/2455/2557
f 2454/2458/2560 2548/2552/2654 2549/2553/2655
f 2549/2553/2655 2457/2461/2563 2454/2458/2560
f 2432/2436/2538 2419/2423/2525 2422/2426/2528
f 2422/2426/2528 2435/2439/2541 2432/2436/2538
f 2419/2423/2525 2399/2403/2505 2404/2408/2510
f 2404/2408/2510 2422/2426/2528 2419/2423/2525
f 2399/2403/2505 2402/2406/2508 2405/2409/2511
f 2405/2409/2511 2404/2408/2510 2399/2403/2505
f 2720/2724/2826 2719/2723/2825 2405/2409/2511
f 2405/2409/2511 2402/2406/2508 2720/2724/2826
f 2732/2736/2838 2739/2743/2845 2738/2742/2844
f 2738/2742/2844 2733/2737/2839 2732/2736/2838
f 2745/2749/2851 2748/2752/2854 2739/2743/2845
f 2739/2743/2845 2732/2736/2838 2745/2749/2851
f 2695/2699/2801 2753/2757/2859 2748/2752/2854
f 2748/2752/2854 2745/2749/2851 2695/2699/2801
f 2694/2698/2800 2777/2781/2883 2753/2757/2859
f 2753/2757/2859 2695/2699/2801 2694/2698/2800
f 2709/2713/2815 2778/2782/2884 2777/2781/2883
f 2777/2781/2883 2694/2698/2800 2709/2713/2815
f 2639/2643/2745 2632/2636/2738 2624/2628/2730
f 2624/2628/2730 2634/2638/2740 2639/2643/2745
f 2632/2636/2738 2631/2635/2737 2616/2620/2722
f 2616/2620/2722 2624/2628/2730 2632/2636/2738
f 2631/2635/2737 2670/2674/2776 2617/2621/2723
f 2617/2621/2723 2616/2620/2722 2631/2635/2737
f 2670/2674/2776 2614/2618/2720 2659/2663/2765
f 2659/2663/2765 2617/2621/2723 2670/2674/2776
f 2602/2606/2708 2595/2599/2701 2590/2594/2696
f 2590/2594/2696 2597/2601/2703 2602/2606/2708
f 2595/2599/2701 2588/2592/2694 2583/2587/2689
f 2583/2587/2689 2590/2594/2696 2595/2599/2701
f 2588/2592/2694 2581/2585/2687 2576/2580/2682
f 2576/2580/2682 2583/2587/2689 2588/2592/2694
f 2581/2585/2687 2574/2578/2680 2569/2573/2675
f 2569/2573/2675 2576/2580/2682 2581/2585/2687
f 2574/2578/2680 2567/2571/2673 2555/2559/2661
f 2555/2559/2661 2569/2573/2675 2574/2578/2680
f 2567/2571/2673 2566/2570/2672 2556/2560/2662
f 2556/2560/2662 2555/2559/2661 2567/2571/2673
f 2657/2661/2763 2656/2660/2762 2642/2646/2748
f 2642/2646/2748 2641/2645/2747 2657/2661/2763
f 2656/2660/2762 2540/2544/2646 2518/2522/2624
f 2518/2522/2624 2642/2646/2748 2656/2660/2762
f 2540/2544/2646 2539/2543/2645 2519/2523/2625
f 2519/2523/2625 2518/2522/2624 2540/2544/2646
f 2539/2543/2645 2516/2520/2622 2505/2509/2611
f 2505/2509/2611 2519/2523/2625 2539/2543/2645
f 2516/2520/2622 2503/2507/2609 2492/2496/2598
f 2492/2496/2598 2505/2509/2611 2516/2520/2622
f 2503/2507/2609 2490/2494/2596 2466/2470/2572
f 2466/2470/2572 2492/2496/2598 2503/2507/2609
f 2490/2494/2596 2489/2493/2595 2467/2471/2573
f 2467/2471/2573 2466/2470/2572 2490/2494/2596
f 2489/2493/2595 2464/2468/2570 2440/2444/2546
f 2440/2444/2546 2467/2471/2573 2489/2493/2595
f 2464/2468/2570 2463/2467/2569 2441/2445/2547
f 2441/2445/2547 2440/2444/2546 2464/2468/2570
f 2463/2467/2569 2553/2557/2659 2541/2545/2647
f 2541/2545/2647 2441/2445/2547 2463/2467/2569
f 2438/2442/2544 2425/2429/2531 2414/2418/2520
f 2414/2418/2520 2427/2431/2533 2438/2442/2544
f 2425/2429/2531 2412/2416/2518 2388/2392/2494
f 2388/2392/2494 2414/2418/2520 2425/2429/2531
f 2412/2416/2518 2411/2415/2517 2389/2393/2495
f 2389/2393/2495 2388/2392/2494 2412/2416/2518
f 2715/2719/2821 2727/2731/2833 2389/2393/2495
f 2389/2393/2495 2411/2415/2517 2715/2719/2821
f 2687/2691/2793 2676/2680/2782 2679/2683/2785
f 2679/2683/2785 2688/2692/2794 2687/2691/2793
f 2713/2717/2819 2703/2707/2809 2676/2680/2782
f 2676/2680/2782 2687/2691/2793 2713/2717/2819
f 2810/2814/2916 1771/1785/1881 1412/1415/1425
f 1412/1415/1425 1414/1417/1427 2810/2814/2916
f 2811/2815/2917 1797/1811/1909 1782/1796/1892
f 1782/1796/1892 2812/2816/2918 2811/2815/2917
f 2812/2816/2918 1782/1796/1892 1783/1797/1893
f 1783/1797/1893 2813/2817/2919 2812/2816/2918
f 2813/2817/2919 1783/1797/1893 1784/1798/1894
f 1784/1798/1894 2814/2818/2920 2813/2817/2919
f 2814/2818/2920 1784/1798/1894 1767/1781/1877
f 1767/1781/1877 2815/2819/2921 2814/2818/2920
f 2815/2819/2921 1767/1781/1877 1766/1780/1876
f 1766/1780/1876 2816/2820/2922 2815/2819/2921
f 2816/2820/2922 1766/1780/1876 1770/1784/1880
f 1770/1784/1880 2817/2821/2923 2816/2820/2922
f 2817/2821/2923 1770/1784/1880 1771/1785/1881
f 1771/1785/1881 2810/2814/2916 2817/2821/2923
f 2818/2822/2924 2810/2814/2916 1414/1417/1427
f 1414/1417/1427 1423/1426/1436 2818/2822/2924
f 2819/2823/2925 2817/2821/2923 2810/2814/2916
f 2810/2814/2916 2818/2822/2924 2819/2823/2925
f 2820/2824/2926 2816/2820/2922 2817/2821/2923
f 2817/2821/2923 2819/2823/2925 2820/2824/2926
f 2821/2825/2927 2815/2819/2921 2816/2820/2922
f 2816/2820/2922 2820/2824/2926 2821/2825/2927
f 2822/2826/2928 2814/2818/2920 2815/2819/2921
f 2815/2819/2921 2821/2825/2927 2822/2826/2928
f 2823/2827/2929 2813/2817/2919 2814/2818/2920
f 2814/2818/2920 2822/2826/2928 2823/2827/2929
f 2824/2828/2930 2812/2816/2918 2813/2817/2919
f 2813/2817/2919 2823/2827/2929 2824/2828/2930
f 2825/2829/2931 2811/2815/2917 2812/2816/2918
f 2812/2816/2918 2824/2828/2930 2825/2829/2931
f 1681/1695/1791 1680/1694/1790 1672/1686/1782
f 1672/1686/1782 1638/1652/1741 1681/1695/1791
f 1683/1697/1793 1646/1660/1749 1672/1686/1782
f 1672/1686/1782 1680/1694/1790 1683/1697/1793
f 1646/1660/1749 1683/1697/1793 1684/1698/1794
f 1684/1698/1794 1647/1661/1750 1646/1660/1749
f 1637/1651/1740 1644/1658/1747 1681/1695/1791
f 1681/1695/1791 1638/1652/1741 1637/1651/1740
f 1644/1658/1747 1765/1779/1875 1682/1696/1792
f 1682/1696/1792 1681/1695/1791 1644/1658/1747
f 1785/1799/1895 1685/1699/1795 1682/1696/1792
f 1682/1696/1792 1765/1779/1875 1785/1799/1895
f 2826/2830/2932 2379/2383/2485 2380/2384/2486
f 2380/2384/2486 2827/2831/2933 2826/2830/2932
f 2827/2831/2933 2380/2384/2486 2381/2385/2487
f 2381/2385/2487 2828/2832/2934 2827/2831/2933
f 2829/2833/2935 2382/2386/2488 2383/2387/2489
f 2383/2387/2489 2830/2834/2936 2829/2833/2935
f 2830/2834/2936 2383/2387/2489 2384/2388/2490
f 2384/2388/2490 2831/2835/2937 2830/2834/2936
f 2831/2835/2937 2384/2388/2490 2385/2389/2491
f 2385/2389/2491 2832/2836/2938 2831/2835/2937
f 2832/2836/2938 2385/2389/2491 2386/2390/2492
f 2386/2390/2492 2833/2837/2939 2832/2836/2938
f 2833/2837/2939 2386/2390/2492 2378/2382/2484
f 2378/2382/2484 2834/2838/2940 2833/2837/2939
f 2834/2838/2940 2378/2382/2484 2379/2383/2485
f 2379/2383/2485 2826/2830/2932 2834/2838/2940
f 2541/2545/2941 2835/2839/2942 2836/2840/2943
f 2836/2840/2943 2542/2546/2944 2541/2545/2941
f 2542/2546/2944 2836/2840/2943 2837/2841/2945
f 2837/2841/2945 2543/2547/2649 2542/2546/2944
f 2543/2547/2649 2837/2841/2945 2838/2842/2946
f 2838/2842/2946 2544/2548/2650 2543/2547/2649
f 2545/2549/2651 2839/2843/2947 2840/2844/2948
f 2840/2844/2948 2546/2550/2652 2545/2549/2651
f 2547/2551/2653 2841/2845/2949 2842/2846/2950
f 2842/2846/2950 2548/2552/2654 2547/2551/2653
f 2549/2553/2655 2843/2847/2951 2844/2848/2952
f 2844/2848/2952 2550/2554/2656 2549/2553/2655
f 2550/2554/2656 2844/2848/2952 2845/2849/2953
f 2845/2849/2953 2551/2555/2954 2550/2554/2656
f 2552/2556/2955 2846/2850/2956 2847/2851/2957
f 2847/2851/2957 2553/2557/2958 2552/2556/2955
f 2600/2604/2959 2848/2852/2960 2849/2853/2961
f 2849/2853/2962 2598/2602/2963 2600/2604/2964
f 2602/2606/2965 2850/2854/2966 2851/2855/2967
f 2851/2855/2967 2601/2605/2968 2602/2606/2965
f 2603/2607/2969 2852/2856/2970 2853/2857/2971
f 2853/2857/2971 2604/2608/2972 2603/2607/2969
f 2598/2602/2973 2849/2853/2974 2854/2858/2975
f 2854/2858/2976 2605/2609/2977 2598/2602/2978
f 2605/2609/2979 2854/2858/2980 2855/2859/2981
f 2855/2859/2981 2606/2610/2982 2605/2609/2979
f 2795/2799/2983 2856/2860/2984 2857/2861/2985
f 2857/2861/2986 2796/2800/2987 2795/2799/2988
f 2796/2800/2989 2857/2861/2989 1463/1466/1492
f 1463/1466/1492 1464/1467/1494 2796/2800/2989
f 2546/2550/2652 2840/2844/2948 2841/2845/2949
f 2841/2845/2949 2547/2551/2653 2546/2550/2652
f 2606/2610/2982 2855/2859/2981 2856/2860/2990
f 2856/2860/2991 2795/2799/2992 2606/2610/2993
f 2548/2552/2654 2842/2846/2950 2843/2847/2951
f 2843/2847/2951 2549/2553/2655 2548/2552/2654
f 2604/2608/2972 2853/2857/2971 2858/2862/2994
f 2858/2862/2995 2859/2863/2996 2604/2608/2997
f 2859/2863/2998 2858/2862/2999 2850/2854/3000
f 2850/2854/3001 2602/2606/3002 2859/2863/3003
f 2553/2557/2958 2847/2851/2957 2835/2839/2942
f 2835/2839/2942 2541/2545/2941 2553/2557/2958
f 2426/2430/3004 2860/2864/3005 2861/2865/3006
f 2861/2865/3006 2427/2431/3007 2426/2430/3004
f 2428/2432/3008 2862/2866/3009 2860/2864/3005
f 2860/2864/3005 2426/2430/3004 2428/2432/3008
f 2429/2433/3010 2863/2867/3011 2862/2866/3009
f 2862/2866/3009 2428/2432/3008 2429/2433/3010
f 2431/2435/3012 2864/2868/3013 2865/2869/3014
f 2865/2869/3014 2430/2434/3015 2431/2435/3012
f 2432/2436/3016 2866/2870/3017 2867/2871/3018
f 2867/2871/3018 2433/2437/3019 2432/2436/3016
f 2434/2438/3020 2868/2872/3021 2869/2873/3022
f 2869/2873/3022 2435/2439/3023 2434/2438/3020
f 2436/2440/3024 2870/2874/3025 2868/2872/3021
f 2868/2872/3021 2434/2438/3020 2436/2440/3024
f 2438/2442/3026 2871/2875/3027 2872/2876/3028
f 2872/2876/3028 2437/2441/3029 2438/2442/3026
f 2433/2437/3019 2867/2871/3018 2864/2868/3013
f 2864/2868/3013 2431/2435/3012 2433/2437/3019
f 2435/2439/3023 2869/2873/3022 2866/2870/3017
f 2866/2870/3017 2432/2436/3016 2435/2439/3023
f 2427/2431/3007 2861/2865/3006 2871/2875/3027
f 2871/2875/3027 2438/2442/3026 2427/2431/3007
f 2873/2877/3030 1801/1815/3031 1800/1814/3032
f 2873/2877/3030 1800/1814/3032 2874/2878/3033
f 2874/2878/3033 2875/2879/3034 2873/2877/3030
f 2876/2880/3035 1833/1847/3036 1811/1825/3037
f 2876/2880/3035 1811/1825/3037 2877/2881/3038
f 2877/2881/3038 2878/2882/3039 2876/2880/3035
f 2879/2883/3040 1862/1876/3041 1852/1866/3042
f 2879/2883/3040 1852/1866/3042 2880/2884/3043
f 2880/2884/3043 2881/2885/3044 2879/2883/3040
f 2882/2886/3045 1881/1895/3046 1870/1884/3047
f 2882/2886/3045 1870/1884/3047 2883/2887/3048
f 2883/2887/3048 2884/2888/3049 2882/2886/3045
f 2633/2637/3050 2885/2889/3051 2886/2890/3052
f 2886/2890/3052 2634/2638/3053 2633/2637/3050
f 2635/2639/3054 2887/2891/3055 2888/2892/3056
f 2888/2892/3056 2636/2640/3057 2635/2639/3054
f 2637/2641/3058 2889/2893/3059 2887/2891/3055
f 2887/2891/3055 2635/2639/3054 2637/2641/3058
f 2639/2643/3060 2890/2894/3061 2891/2895/3062
f 2891/2895/3062 2638/2642/3063 2639/2643/3060
f 2803/2807/3064 2892/2896/3065 2893/2897/3066
f 2893/2897/3066 2804/2808/3067 2803/2807/3064
f 2804/2808/3067 2893/2897/3066 1501/1504/1573
f 1501/1504/1573 1502/1505/1574 2804/2808/3067
f 2636/2640/3057 2888/2892/3056 2892/2896/3068
f 2892/2896/3069 2803/2807/3070 2636/2640/3071
f 2634/2638/3053 2886/2890/3052 2890/2894/3061
f 2890/2894/3061 2639/2643/3060 2634/2638/3053
f 1799/1813/3072 1798/1812/3073 2894/1549/1633
f 2894/1549/1633 2895/1530/1611 1799/1813/3072
f 1811/1825/3037 1801/1815/3031 2873/2877/3030
f 1811/1825/3037 2873/2877/3030 2878/2882/3039
f 2878/2882/3039 2877/2881/3038 1811/1825/3037
f 1810/1824/3074 2297/1550/1634 2894/1549/1633
f 2894/1549/1633 1798/1812/3073 1810/1824/3074
f 1810/1824/3074 1832/1846/3075 2294/2308/2410
f 2294/2308/2410 2297/1550/1634 1810/1824/3074
f 1852/1866/3042 1833/1847/3036 2876/2880/3035
f 1852/1866/3042 2876/2880/3035 2881/2885/3044
f 2881/2885/3044 2880/2884/3043 1852/1866/3042
f 1851/1865/3076 2298/1521/1600 2294/2308/2410
f 2294/2308/2410 1832/1846/3075 1851/1865/3076
f 1851/1865/3076 1861/1875/3077 2896/164/161
f 2896/164/161 2298/1521/1600 1851/1865/3076
f 1870/1884/3047 1862/1876/3041 2879/2883/3040
f 1870/1884/3047 2879/2883/3040 2884/2888/3049
f 2884/2888/3049 2883/2887/3048 1870/1884/3047
f 1869/1883/3078 2897/165/162 2896/164/161
f 2896/164/161 1861/1875/3077 1869/1883/3078
f 1869/1883/3078 1880/1894/3079 2898/1536/1618
f 2898/1536/1618 2897/165/162 1869/1883/3078
f 1800/1814/3032 1896/1910/3080 2899/2898/3081
f 1800/1814/3032 2899/2898/3081 2875/2879/3034
f 2875/2879/3034 2874/2878/3033 1800/1814/3032
f 1799/1813/3072 2895/1530/1611 2900/1529/1610
f 2900/1529/1610 1895/1909/3082 1799/1813/3072
f 1570/1584/1673 161/161/158 1510/1513/1594
f 1510/1513/1594 1571/1585/1674 1570/1584/1673
f 1571/1585/1674 1510/1513/1594 1511/1514/1595
f 1511/1514/1595 1574/1588/1677 1571/1585/1674
f 2901/2899/1421 2902/2899/3083 2903/2900/3084
f 2904/2901/3085 2905/2902/3085 2901/2899/3086
f 2904/2901/3087 2901/2899/3087 2903/2900/3087
f 2894/1549/1633 2311/1548/1632 2309/1535/1617
f 2906/2903/1421 2907/2903/3088 2908/2904/3089
f 2604/2608/2710 2859/2863/3090 2602/2606/2708
f 2906/2903/3091 2908/2904/3091 2909/2905/3092
f 2909/2905/3093 2910/2906/3094 2906/2903/3095
f 1574/1588/1677 1511/1514/1595 2911/2907/3096
f 2911/2907/3096 2912/2908/3097 1574/1588/1677
f 2602/2606/2708 2597/2601/2703 2604/2608/2710
f 1658/1672/1765 240/243/242 270/273/273
f 270/273/273 1659/1673/1766 1658/1672/1765
f 1569/1583/1670 2885/2889/3051 2633/2637/3050
f 2913/2909/3098 2914/2910/3099 2915/2911/3099
f 2913/2909/3098 2915/2911/3099 2916/2912/3100
f 2913/2909/3098 2916/2912/3100 2917/2909/1612
f 2633/2637/3050 1235/1238/1671 1569/1583/1670
f 2918/2913/3101 1528/1537/3102 1594/1608/3103
f 1594/1608/3103 2919/2914/3104 2918/2913/3101
f 1594/1608/1697 1528/1537/1624 1531/1540/1623
f 1531/1540/1623 1595/1609/1698 1594/1608/1697
f 1663/1677/1770 1533/1542/1626 1532/1541/1625
f 1532/1541/1625 1660/1674/1767 1663/1677/1770
f 2920/2915/1612 2921/2915/3105 2922/2916/3106
f 2920/2915/3107 2922/2916/1612 2923/2917/3108
f 2920/2915/3107 2923/2917/3108 2924/2918/3109
f 2924/2918/3110 2925/2919/3111 2920/2915/3112
f 1674/1688/1784 269/272/272 1538/1551/1635
f 1538/1551/1635 1675/1689/1785 1674/1688/1784
f 1660/1674/1767 1532/1541/1625 1539/1552/1636
f 1539/1552/1636 1666/1680/1773 1660/1674/1767
f 1675/1689/1785 1538/1551/1635 2926/2920/3113
f 1568/1582/1668 2852/2856/2970 2603/2607/2969
f 2926/2920/3113 2927/2921/3113 1675/1689/1785
f 1595/1609/1698 1531/1540/1623 1533/1542/1639
f 1533/1542/1639 1663/1677/1907 1595/1609/1698
f 1666/1680/1773 1539/1552/1636 385/388/389
f 385/388/389 1667/1681/1774 1666/1680/1773
f 1710/1724/1820 2928/2922/3114 2929/2923/3115
f 2929/2923/3115 1711/1725/1821 1710/1724/1820
f 1711/1725/1821 2929/2923/3115 2930/2924/3116
f 2930/2924/3116 1713/1727/1823 1711/1725/1821
f 1713/1727/1823 2930/2924/3116 1545/1559/1643
f 1545/1559/1643 1715/1729/1825 1713/1727/1823
f 1715/1729/1825 1545/1559/1643 1546/1560/1644
f 1546/1560/1644 1717/1731/1827 1715/1729/1825
f 1720/1734/1830 2931/2925/3117 2928/2922/3114
f 2928/2922/3114 1710/1724/1820 1720/1734/1830
f 1773/1787/1883 2932/2926/3118 2931/2925/3117
f 2931/2925/3117 1720/1734/1830 1773/1787/1883
f 1778/1792/1888 2933/2927/3119 2932/2926/3118
f 2932/2926/3118 1773/1787/1883 1778/1792/1888
f 1717/1731/1827 1546/1560/1644 1550/1564/1648
f 1550/1564/1648 1785/1799/1895 1717/1731/1827
f 1797/1811/1909 2934/2928/3120 2933/2927/3119
f 2933/2927/3119 1778/1792/1888 1797/1811/1909
f 2524/2528/3121 2935/2929/3122 2807/2811/3123
f 2807/2811/2913 2522/2526/2628 2524/2528/2630
f 2528/2532/2634 2808/2812/2914 2936/2930/3124
f 2936/2930/3124 2525/2529/2631 2528/2532/2634
f 2804/2808/2910 1502/1505/1653 1554/1568/1652
f 1554/1568/1652 2802/2806/2908 2804/2808/2910
f 2802/2806/2908 1554/1568/1652 1555/1569/1654
f 1555/1569/1654 2798/2802/2904 2802/2806/2908
f 2798/2802/2904 1555/1569/1654 1556/1570/1655
f 1556/1570/1655 2799/2803/2905 2798/2802/2904
f 2799/2803/2905 1556/1570/1655 1557/1571/1656
f 1557/1571/1656 2805/2809/2911 2799/2803/2905
f 2796/2800/2902 1464/1467/1658 1558/1572/1657
f 1558/1572/1657 2794/2798/2900 2796/2800/2902
f 2794/2798/2900 1558/1572/1657 1559/1573/1659
f 1559/1573/1659 2792/2796/2898 2794/2798/2900
f 2792/2796/2898 1559/1573/1659 1560/1574/1660
f 1560/1574/1660 2790/2794/2896 2792/2796/2898
f 2790/2794/2896 1560/1574/1660 1561/1575/1661
f 1561/1575/1661 2788/2792/2894 2790/2794/2896
f 2788/2792/2894 1561/1575/1661 1562/1576/1662
f 1562/1576/1662 2786/2790/2892 2788/2792/2894
f 2786/2790/2892 1562/1576/1662 1563/1577/1663
f 1563/1577/1663 2782/2786/2888 2786/2790/2892
f 2782/2786/2888 1563/1577/1663 1564/1578/1664
f 1564/1578/1664 2783/2787/2889 2782/2786/2888
f 2647/2651/2753 2937/2931/3125 2809/2813/2915
f 2809/2813/2915 2648/2652/2754 2647/2651/2753
f 2811/2815/2917 2938/2932/3126 2934/2928/3120
f 2934/2928/3120 1797/1811/1909 2811/2815/2917
f 2825/2829/2931 2939/2933/3127 2938/2932/3126
f 2938/2932/3126 2811/2815/2917 2825/2829/2931
f 1684/1698/1794 267/270/270 238/241/240
f 238/241/240 1647/1661/1750 1684/1698/1794
f 1785/1799/1895 1550/1564/1648 268/271/271
f 268/271/271 1685/1699/1795 1785/1799/1895
f 1756/1770/1866 344/347/348 1412/1415/1425
f 1412/1415/1425 1771/1785/1881 1756/1770/1866
f 2603/2607/2969 1201/1204/1669 1568/1582/1668
f 2940/2934/3128 2941/2935/3129 2942/2936/3130
f 2942/2936/3130 2943/2937/3131 2940/2934/3128
f 2944/2938/3132 2940/2934/3128 2943/2937/3131
f 2943/2937/3131 2945/2939/3133 2944/2938/3132
f 2946/2940/3134 2944/2938/3132 2945/2939/3133
f 2945/2939/3133 2947/2941/3135 2946/2940/3134
f 2948/2942/3136 2949/2943/3137 2950/2944/3138
f 2950/2944/3138 2951/2945/3139 2948/2942/3136
f 2952/2946/3140 2948/2942/3136 2951/2945/3139
f 2951/2945/3139 2953/2947/3141 2952/2946/3140
f 2954/2948/3142 2952/2946/3140 2953/2947/3141
f 2953/2947/3141 2955/2949/3143 2954/2948/3142
f 2956/2950/3144 2954/2948/3142 2955/2949/3143
f 2955/2949/3143 2957/2951/3145 2956/2950/3144
f 2958/2952/3146 2956/2950/3144 2957/2951/3145
f 2957/2951/3145 2959/2953/3147 2958/2952/3146
f 2960/2954/3148 2958/2952/3146 2959/2953/3147
f 2959/2953/3147 2961/2955/3149 2960/2954/3148
f 2962/2956/3150 2960/2954/3148 2961/2955/3149
f 2961/2955/3149 2963/2957/3151 2962/2956/3150
f 2964/2958/3152 2962/2956/3150 2963/2957/3151
f 2963/2957/3151 2965/2959/3153 2964/2958/3152
f 2966/2960/3154 2964/2958/3152 2967/2961/3155
f 2967/2961/3155 2968/2962/3156 2966/2960/3154
f 2969/2963/3157 2966/2960/3154 2968/2962/3156
f 2968/2962/3156 2970/2964/3158 2969/2963/3157
f 2971/2965/3159 2969/2963/3157 2970/2964/3158
f 2970/2964/3158 2972/2966/3160 2971/2965/3159
f 2973/2967/3161 2971/2965/3159 2972/2966/3160
f 2972/2966/3160 2974/2968/3162 2973/2967/3161
f 2975/2969/3163 2973/2967/3161 2974/2968/3162
f 2974/2968/3162 2976/2970/3164 2975/2969/3163
f 2977/2971/3165 2975/2969/3163 2976/2970/3164
f 2976/2970/3164 2978/2972/3166 2977/2971/3165
f 2979/2973/3167 2977/2971/3165 2978/2972/3166
f 2978/2972/3166 2980/2974/3168 2979/2973/3167
f 2981/2975/3169 2982/2976/3170 2983/2977/3171
f 2983/2977/3171 2984/2978/3172 2981/2975/3169
f 2985/2979/3173 2981/2975/3169 2984/2978/3172
f 2984/2978/3172 2986/2980/3174 2985/2979/3173
f 2987/2981/3175 2985/2979/3173 2986/2980/3174
f 2986/2980/3174 2988/2982/3176 2987/2981/3175
f 2941/2935/3129 2987/2981/3175 2989/2983/3177
f 2989/2983/3177 2942/2936/3130 2941/2935/3129
f 2943/2937/3131 2942/2936/3130 2989/2983/3177
f 2989/2983/3177 2990/2984/3178 2943/2937/3131
f 2945/2939/3133 2943/2937/3131 2990/2984/3178
f 2990/2984/3178 2991/2985/3179 2945/2939/3133
f 2947/2941/3135 2945/2939/3133 2991/2985/3179
f 2991/2985/3179 2992/2986/3180 2947/2941/3135
f 2951/2945/3139 2950/2944/3138 2993/2987/3181
f 2993/2987/3181 2994/2988/3182 2951/2945/3139
f 2953/2947/3141 2951/2945/3139 2994/2988/3182
f 2994/2988/3182 2995/2989/3183 2953/2947/3141
f 2955/2949/3143 2953/2947/3141 2995/2989/3183
f 2995/2989/3183 2996/2990/3184 2955/2949/3143
f 2957/2951/3145 2955/2949/3143 2996/2990/3184
f 2996/2990/3184 2997/2991/3185 2957/2951/3145
f 2959/2953/3147 2957/2951/3145 2997/2991/3185
f 2997/2991/3185 2998/2992/3186 2959/2953/3147
f 2961/2955/3149 2959/2953/3147 2998/2992/3186
f 2998/2992/3186 2999/2993/3187 2961/2955/3149
f 2963/2957/3151 2961/2955/3149 2999/2993/3187
f 2999/2993/3187 2965/2959/3153 2963/2957/3151
f 2985/2979/3173 2987/2981/3175 2941/2935/3129
f 2941/2935/3129 2940/2934/3128 2985/2979/3173
f 2981/2975/3169 2985/2979/3173 2940/2934/3128
f 2940/2934/3128 2944/2938/3132 2981/2975/3169
f 2982/2976/3170 2981/2975/3169 2944/2938/3132
f 2944/2938/3132 2946/2940/3134 2982/2976/3170
f 2977/2971/3165 2979/2973/3167 2949/2943/3137
f 2949/2943/3137 2948/2942/3136 2977/2971/3165
f 2975/2969/3163 2977/2971/3165 2948/2942/3136
f 2948/2942/3136 2952/2946/3140 2975/2969/3163
f 2973/2967/3161 2975/2969/3163 2952/2946/3140
f 2952/2946/3140 2954/2948/3142 2973/2967/3161
f 2971/2965/3159 2973/2967/3161 2954/2948/3142
f 2954/2948/3142 2956/2950/3144 2971/2965/3159
f 2969/2963/3157 2971/2965/3159 2956/2950/3144
f 2956/2950/3144 2958/2952/3146 2969/2963/3157
f 2966/2960/3154 2969/2963/3157 2958/2952/3146
f 2958/2952/3146 2960/2954/3148 2966/2960/3154
f 2964/2958/3152 2966/2960/3154 2960/2954/3148
f 2960/2954/3148 2962/2956/3150 2964/2958/3152
f 2949/2943/3137 2946/2940/3134 2947/2941/3135
f 2947/2941/3135 2950/2944/3138 2949/2943/3137
f 2950/2944/3138 2947/2941/3135 2992/2986/3180
f 2992/2986/3180 2993/2987/3181 2950/2944/3138
f 2982/2976/3170 2979/2973/3167 2980/2974/3168
f 2980/2974/3168 2983/2977/3171 2982/2976/3170
f 2979/2973/3167 2982/2976/3170 2946/2940/3134
f 2946/2940/3134 2949/2943/3137 2979/2973/3167
f 3000/2994/3188 3001/2995/3189 3002/2996/3190
f 3002/2996/3190 3003/2997/3191 3000/2994/3188
f 3003/2997/3191 3002/2996/3190 3004/2998/3192
f 3004/2998/3192 3005/2999/3193 3003/2997/3191
f 3005/2999/3193 3004/2998/3192 3006/3000/3194
f 3006/3000/3194 3007/3001/3195 3005/2999/3193
f 3008/3002/3196 3009/3003/3197 3010/3004/3198
f 3010/3004/3198 3011/3005/3199 3008/3002/3196
f 3011/3005/3199 3010/3004/3198 3012/3006/3200
f 3012/3006/3200 3013/3007/3201 3011/3005/3199
f 3013/3007/3201 3012/3006/3200 3014/3008/3202
f 3014/3008/3202 3015/3009/3203 3013/3007/3201
f 3015/3009/3203 3014/3008/3202 3016/3010/3204
f 3016/3010/3204 3017/3011/3205 3015/3009/3203
f 3017/3011/3205 3016/3010/3204 3018/3012/3206
f 3018/3012/3206 3019/3013/3207 3017/3011/3205
f 3019/3013/3207 3018/3012/3206 3020/3014/3208
f 3020/3014/3208 3021/3015/3209 3019/3013/3207
f 3021/3015/3209 3020/3014/3208 3022/3016/3210
f 3022/3016/3210 3023/3017/3211 3021/3015/3209
f 3023/3017/3211 3022/3016/3210 3024/3018/3212
f 3024/3018/3212 3025/3019/3213 3023/3017/3211
f 3026/3020/3214 3024/3018/3212 3027/3021/3215
f 3027/3021/3215 3028/3022/3216 3026/3020/3214
f 3028/3022/3216 3027/3021/3215 3029/3023/3217
f 3029/3023/3217 3030/3024/3218 3028/3022/3216
f 3030/3024/3218 3029/3023/3217 3031/3025/3219
f 3031/3025/3219 3032/3026/3220 3030/3024/3218
f 3032/3026/3220 3031/3025/3219 3033/3027/3221
f 3033/3027/3221 3034/3028/3222 3032/3026/3220
f 3034/3028/3222 3033/3027/3221 3035/3029/3223
f 3035/3029/3223 3036/3030/3224 3034/3028/3222
f 3036/3030/3224 3035/3029/3223 3037/3031/3225
f 3037/3031/3225 3038/3032/3226 3036/3030/3224
f 3038/3032/3226 3037/3031/3225 3039/3033/3227
f 3039/3033/3227 3040/3034/3228 3038/3032/3226
f 3041/3035/3229 3042/3036/3230 3043/3037/3231
f 3043/3037/3231 3044/3038/3232 3041/3035/3229
f 3044/3038/3232 3043/3037/3231 3045/3039/3233
f 3045/3039/3233 3046/3040/3234 3044/3038/3232
f 3046/3040/3234 3045/3039/3233 3047/3041/3235
f 3047/3041/3235 3048/3042/3236 3046/3040/3234
f 3049/3043/3237 3047/3041/3235 3001/2995/3189
f 3001/2995/3189 3000/2994/3188 3049/3043/3237
f 3049/3043/3237 3000/2994/3188 3003/2997/3191
f 3003/2997/3191 3050/3044/3238 3049/3043/3237
f 3050/3044/3238 3003/2997/3191 3005/2999/3193
f 3005/2999/3193 3051/3045/3239 3050/3044/3238
f 3051/3045/3239 3005/2999/3193 3007/3001/3195
f 3007/3001/3195 3052/3046/3240 3051/3045/3239
f 3053/3047/3241 3008/3002/3196 3011/3005/3199
f 3011/3005/3199 3054/3048/3242 3053/3047/3241
f 3054/3048/3242 3011/3005/3199 3013/3007/3201
f 3013/3007/3201 3055/3049/3243 3054/3048/3242
f 3055/3049/3243 3013/3007/3201 3015/3009/3203
f 3015/3009/3203 3056/3050/3244 3055/3049/3243
f 3056/3050/3244 3015/3009/3203 3017/3011/3205
f 3017/3011/3205 3057/3051/3245 3056/3050/3244
f 3057/3051/3245 3017/3011/3205 3019/3013/3207
f 3019/3013/3207 3058/3052/3246 3057/3051/3245
f 3058/3052/3246 3019/3013/3207 3021/3015/3209
f 3021/3015/3209 3059/3053/3247 3058/3052/3246
f 3059/3053/3247 3021/3015/3209 3023/3017/3211
f 3023/3017/3211 3025/3019/3213 3059/3053/3247
f 3001/2995/3189 3047/3041/3235 3045/3039/3233
f 3045/3039/3233 3002/2996/3190 3001/2995/3189
f 3002/2996/3190 3045/3039/3233 3043/3037/3231
f 3043/3037/3231 3004/2998/3192 3002/2996/3190
f 3004/2998/3192 3043/3037/3231 3042/3036/3230
f 3042/3036/3230 3006/3000/3194 3004/2998/3192
f 3009/3003/3197 3039/3033/3227 3037/3031/3225
f 3037/3031/3225 3010/3004/3198 3009/3003/3197
f 3010/3004/3198 3037/3031/3225 3035/3029/3223
f 3035/3029/3223 3012/3006/3200 3010/3004/3198
f 3012/3006/3200 3035/3029/3223 3033/3027/3221
f 3033/3027/3221 3014/3008/3202 3012/3006/3200
f 3014/3008/3202 3033/3027/3221 3031/3025/3219
f 3031/3025/3219 3016/3010/3204 3014/3008/3202
f 3016/3010/3204 3031/3025/3219 3029/3023/3217
f 3029/3023/3217 3018/3012/3206 3016/3010/3204
f 3018/3012/3206 3029/3023/3217 3027/3021/3215
f 3027/3021/3215 3020/3014/3208 3018/3012/3206
f 3020/3014/3208 3027/3021/3215 3024/3018/3212
f 3024/3018/3212 3022/3016/3210 3020/3014/3208
f 3007/3001/3195 3006/3000/3194 3009/3003/3197
f 3009/3003/3197 3008/3002/3196 3007/3001/3195
f 3052/3046/3240 3007/3001/3195 3008/3002/3196
f 3008/3002/3196 3053/3047/3241 3052/3046/3240
f 3040/3034/3228 3039/3033/3227 3042/3036/3230
f 3042/3036/3230 3041/3035/3229 3040/3034/3228
f 3006/3000/3194 3042/3036/3230 3039/3033/3227
f 3039/3033/3227 3009/3003/3197 3006/3000/3194
