# Blender 5.2.0 LTS
# www.blender.org
mtllib farmer0230.mtl
o obj4
v -0.074981 5.772456 0.709310
v -0.095810 5.752003 0.732510
v -0.082309 5.721700 0.705971
v -0.063212 5.720069 0.682450
v -0.124575 5.802809 0.778702
v -0.126035 5.761892 0.774295
v -0.182397 5.777422 0.828207
v -0.168105 5.758173 0.794086
v -0.069639 5.721216 0.677963
v -0.081451 5.773412 0.704830
v -0.088736 5.722849 0.701485
v -0.069639 5.721216 0.677963
v -0.102280 5.752959 0.728031
v -0.131909 5.763611 0.769166
v -0.081451 5.773412 0.704830
v -0.130450 5.804528 0.773573
v -0.187325 5.780007 0.822694
v -0.173032 5.760758 0.788573
v -0.130450 5.804528 0.773573
v -0.187325 5.780007 0.822694
v -0.466809 5.705743 0.827100
v -0.442881 5.737600 0.841848
v -0.474709 5.755869 0.835236
v -0.495741 5.702120 0.818710
v -0.396787 5.791512 0.864457
v -0.395032 5.750730 0.859038
v -0.349073 5.750664 0.851096
v -0.319326 5.771740 0.871344
v -0.472061 5.757202 0.827884
v -0.493147 5.703641 0.811381
v -0.493147 5.703641 0.811381
v -0.464214 5.707268 0.819772
v -0.440233 5.738934 0.834496
v -0.393300 5.752764 0.851513
v -0.395054 5.793548 0.856932
v -0.472061 5.757202 0.827884
v -0.348399 5.753480 0.843819
v -0.318651 5.774558 0.864066
v -0.318651 5.774558 0.864066
v -0.395054 5.793548 0.856932
v -0.041740 5.921324 0.008985
v -0.023279 5.794264 0.017826
v -0.284261 5.747738 -0.147242
v -0.297282 5.875768 -0.152642
v -0.571356 5.722759 -0.147310
v -0.578392 5.851308 -0.152710
v -0.578392 5.851308 -0.152710
v -0.571356 5.722759 -0.147310
v -0.807639 5.726019 0.017638
v -0.809748 5.854501 0.008801
v -0.929796 5.756648 0.303407
v -0.929358 5.884490 0.288611
v -0.905096 5.806434 0.633426
v -0.905173 5.933239 0.611749
v -0.740156 5.862040 0.919263
v -0.743672 5.987684 0.891628
v -0.479174 5.908564 1.084332
v -0.488131 6.033239 1.053254
v -0.192077 5.933543 1.084401
v -0.207021 6.057698 1.053323
v 0.044205 5.930281 0.919452
v 0.024335 6.054506 0.891812
v 0.166361 5.899656 0.633682
v 0.143946 6.024519 0.612001
v 0.141660 5.849873 0.303664
v 0.119760 5.975770 0.288864
v -0.209468 6.013517 0.200364
v -0.177317 5.893706 0.189810
v -0.331562 5.866208 0.092251
v -0.347759 5.988864 0.112896
v -0.501240 5.851445 0.092211
v -0.499888 5.975627 0.112860
v -0.499888 5.975627 0.112860
v -0.501240 5.851445 0.092211
v -0.640887 5.853372 0.189698
v -0.625093 5.977355 0.200265
v -0.713083 5.871473 0.358593
v -0.689823 5.993584 0.351690
v -0.698485 5.900897 0.553638
v -0.676734 6.019965 0.526564
v -0.601003 5.933761 0.722572
v -0.589334 6.049430 0.678026
v -0.446758 5.961259 0.820131
v -0.451042 6.074083 0.765495
v -0.277080 5.976022 0.820171
v -0.298912 6.087320 0.765531
v -0.137433 5.974095 0.722684
v -0.173709 6.085592 0.678127
v -0.065237 5.955994 0.553790
v -0.108979 6.069364 0.526700
v -0.079835 5.926569 0.358744
v -0.122068 6.042982 0.351827
v -0.253113 6.117919 0.229596
v -0.366029 6.097789 0.158178
v -0.490242 6.086982 0.158148
v -0.490242 6.086982 0.158148
v -0.592471 6.088393 0.229514
v -0.645322 6.101643 0.353154
v -0.634636 6.123184 0.495936
v -0.563274 6.147242 0.619606
v -0.450359 6.167372 0.691024
v -0.326145 6.178178 0.691054
v -0.223917 6.176768 0.619688
v -0.171065 6.163517 0.496048
v -0.181753 6.141977 0.353264
v -0.305283 6.199796 0.275513
v -0.385127 6.185562 0.225012
v -0.472958 6.177920 0.224992
v -0.472958 6.177920 0.224992
v -0.545245 6.178917 0.275454
v -0.582616 6.188287 0.362881
v -0.575060 6.203518 0.463844
v -0.524599 6.220530 0.551291
v -0.444757 6.234764 0.601790
v -0.356924 6.242405 0.601812
v -0.284639 6.241408 0.551349
v -0.247267 6.232038 0.463922
v -0.254824 6.216808 0.362959
v -0.362420 6.253567 0.334985
v -0.403751 6.246200 0.308844
v -0.449215 6.242244 0.308834
v -0.449215 6.242244 0.308834
v -0.486633 6.242761 0.334955
v -0.505979 6.247610 0.380210
v -0.502067 6.255495 0.432472
v -0.475947 6.264300 0.477739
v -0.434617 6.271668 0.503879
v -0.389151 6.275624 0.503890
v -0.351734 6.275108 0.477769
v -0.332388 6.270257 0.432514
v -0.336300 6.262373 0.380251
v -0.420630 6.275568 0.403960
v -0.158855 5.766646 0.198652
v -0.318541 5.738179 0.097653
v -0.494205 5.722895 0.097610
v -0.494205 5.722895 0.097610
v -0.638778 5.724890 0.198537
v -0.713521 5.743629 0.373389
v -0.698409 5.774091 0.575314
v -0.597488 5.808115 0.750209
v -0.437801 5.836582 0.851208
v -0.262137 5.851866 0.851251
v -0.117565 5.849871 0.750324
v -0.042821 5.831132 0.575472
v -0.057935 5.800670 0.373546
v -0.348925 5.456463 0.966391
v -0.272492 5.472596 0.990636
v -0.234565 5.529723 0.980952
v -0.268222 5.543828 0.979982
v -0.303210 5.447705 0.984357
v -0.271910 5.454521 0.991932
v -0.232034 5.527251 0.966285
v -0.270823 5.483673 0.973553
v -0.345036 5.453789 0.952143
v -0.264520 5.541477 0.965569
v -0.269213 5.451271 0.977441
v -0.298821 5.445043 0.970333
v -0.345036 5.453789 0.952143
v -0.270823 5.483673 0.973553
v -0.232034 5.527251 0.966285
v -0.198018 5.527133 0.984921
v -0.202134 5.524463 0.971504
v -0.264520 5.541477 0.965569
v -0.345036 5.453789 0.952143
v -0.232034 5.527251 0.966285
v -0.264520 5.541477 0.965569
v -0.345036 5.453789 0.952143
v -0.298821 5.445043 0.970333
v -0.298821 5.445043 0.970333
v -0.269213 5.451271 0.977441
v -0.331437 5.393841 0.964462
v -0.272250 5.396393 0.969254
v -0.274623 5.418872 0.964312
v -0.338466 5.410504 0.954828
v -0.362110 5.704379 0.813129
v -0.362710 5.726310 0.820683
v -0.398257 5.724489 0.823269
v -0.398308 5.701200 0.818072
v -0.386046 5.654399 0.850764
v -0.330997 5.670853 0.852494
v -0.352488 5.678460 0.826150
v -0.389782 5.666200 0.839561
v -0.460029 5.697947 0.822493
v -0.442063 5.721319 0.820696
v -0.443890 5.729983 0.829942
v -0.470048 5.694017 0.812847
v -0.397523 5.734108 0.826012
v -0.353104 5.736588 0.826932
v -0.344282 5.746325 0.842065
v -0.392790 5.745617 0.850010
v -0.321229 5.710028 0.840244
v -0.335237 5.707697 0.820248
v -0.403913 5.366381 0.903033
v -0.413709 5.423735 0.885134
v -0.457567 5.431162 0.827688
v -0.435596 5.345924 0.850227
v -0.513100 5.409277 0.759926
v -0.526644 5.535924 0.772394
v -0.593715 5.464149 0.622418
v -0.554245 5.376959 0.669313
v -0.436549 5.668026 0.838503
v -0.444627 5.657175 0.840631
v -0.438625 5.713306 0.820990
v -0.452072 5.697060 0.821767
v -0.436353 5.697632 0.825048
v -0.393034 5.673263 0.830442
v -0.359098 5.681179 0.822556
v -0.432596 5.672955 0.833200
v -0.382791 5.643536 0.870634
v -0.278263 5.658276 0.870930
v -0.463997 5.647141 0.839489
v -0.501525 5.689954 0.802857
v -0.478523 5.750823 0.821931
v -0.394690 5.792001 0.856142
v -0.311760 5.770240 0.865503
v -0.291397 5.712796 0.858302
v -0.276119 5.599152 0.889454
v -0.385625 5.584496 0.864890
v -0.539667 5.674104 0.772663
v -0.526134 5.776500 0.776372
v -0.424422 5.834867 0.815461
v -0.254292 5.751422 0.882628
v -0.266799 5.754807 0.879817
v -0.263810 5.701941 0.880367
v -0.247887 5.703187 0.890023
v -0.250379 5.657440 0.921787
v -0.232593 5.661854 0.939949
v -0.343567 5.707418 0.816001
v -0.370632 5.515294 0.902245
v -0.273016 5.570469 0.939369
v -0.298821 5.445043 0.970333
v -0.269213 5.451271 0.977441
v -0.219131 5.614992 0.986001
v -0.241024 5.608821 0.966092
v -0.239271 5.589890 0.984470
v -0.216187 5.595352 1.007144
v -0.233666 5.703333 0.894974
v -0.240332 5.750099 0.879974
v -0.217625 5.664721 0.940806
v -0.198735 5.619715 0.994841
v -0.311824 5.377943 0.974492
v -0.342883 5.367336 0.958344
v -0.274984 5.335966 0.967014
v -0.269150 5.374802 0.978226
v -0.279547 5.298315 0.966539
v -0.357702 5.327169 0.934445
v -0.372643 5.292040 0.894800
v -0.295440 5.260704 0.933776
v -0.345036 5.453789 0.952143
v -0.367883 5.404897 0.938793
v -0.298821 5.445043 0.970333
v -0.276723 5.758355 0.874243
v -0.276244 5.711033 0.870960
v -0.262454 5.661536 0.897983
v -0.254992 5.550979 0.979064
v -0.222008 5.546730 1.001188
v -0.215199 5.565719 1.025903
v -0.240030 5.562034 1.006740
v -0.258150 5.582060 0.956908
v -0.255589 5.604753 0.935021
v -0.283359 5.798295 0.877950
v -0.296273 5.791017 0.874804
v -0.281920 5.778773 0.876815
v -0.270847 5.776478 0.882030
v -0.258131 5.776593 0.881709
v -0.264737 5.801130 0.872422
v -0.242943 5.775844 0.875078
v -0.246881 5.800523 0.865826
v -0.182889 5.568882 1.038442
v -0.191700 5.602605 1.014917
v -0.345036 5.453789 0.952143
v -0.264520 5.541477 0.965569
v -0.345036 5.453789 0.952143
v -0.365056 5.389410 0.948598
v -0.345036 5.453789 0.952143
v -0.270823 5.483673 0.973553
v -0.232034 5.527251 0.966285
v -0.264520 5.541477 0.965569
v -0.345036 5.453789 0.952143
v -0.298821 5.445043 0.970333
v -0.269213 5.451271 0.977441
v -0.270823 5.483673 0.973553
v -0.264520 5.541477 0.965569
v -0.232034 5.527251 0.966285
v -0.264520 5.541477 0.965569
v -0.438625 5.713306 0.820990
v -0.398257 5.724489 0.823269
v -0.452072 5.697060 0.821767
v -0.432596 5.672955 0.833200
v -0.393034 5.673263 0.830442
v -0.359098 5.681179 0.822556
v -0.343567 5.707418 0.816001
v -0.362710 5.726310 0.820683
v -0.522830 5.990340 0.263092
v -0.553226 5.834954 0.146137
v -0.608224 5.819212 0.203183
v -0.580972 5.958530 0.308041
v -0.469818 6.070482 0.441926
v -0.533442 6.030384 0.468380
v -0.406966 6.053996 0.634266
v -0.478374 6.015550 0.641231
v -0.339083 5.945768 0.784790
v -0.403110 5.919110 0.771650
v -0.548976 5.648143 0.135020
v -0.605955 5.650865 0.188211
v -0.646760 5.796204 0.278508
v -0.624507 5.909948 0.364126
v -0.585700 5.968621 0.495041
v -0.540736 5.956504 0.636174
v -0.483067 5.877612 0.743852
v -0.646494 5.657866 0.261130
v -0.666208 5.767492 0.366980
v -0.650473 5.847922 0.427521
v -0.623032 5.889411 0.520092
v -0.591238 5.880841 0.619889
v -0.557731 5.809957 0.695710
v -0.666020 5.669673 0.354692
v -0.657003 5.615295 0.472951
v -0.648794 5.662994 0.503421
v -0.634029 5.686818 0.550670
v -0.625449 5.680254 0.572966
v -0.603094 5.636919 0.621929
v -0.590526 5.590774 0.644173
v -0.655112 5.567817 0.473170
v -0.670629 5.600142 0.560876
v -0.626199 5.616027 0.619681
v -0.656533 5.649227 0.583815
v -0.678285 5.648828 0.553324
v -0.709024 5.583998 0.496894
v -0.699092 5.625595 0.519332
v -0.662117 5.551644 0.566464
v -0.610312 5.578082 0.636757
v -0.704047 5.544768 0.495660
v -0.227441 5.225826 0.904822
v -0.311687 5.239656 0.894507
v -0.329747 5.220346 0.835094
v -0.246188 5.207575 0.851922
v -0.494729 5.304982 0.711105
v -0.467528 5.324514 0.790532
v -0.595455 5.519458 0.616400
v -0.391478 5.266576 0.843996
v -0.418724 5.252141 0.763204
v -0.369596 5.193635 0.725242
v -0.289241 5.191500 0.737853
v -0.575341 5.340529 0.573136
v -0.522187 5.269577 0.604670
v -0.612728 5.465964 0.612044
v -0.615998 5.515463 0.613943
v -0.652415 5.499887 0.566175
v -0.627708 5.436581 0.560378
v -0.453832 5.221593 0.653731
v -0.593018 5.431483 0.571323
v -0.340000 5.860725 0.840249
v -0.529284 5.222190 0.564835
v -0.572143 5.301618 0.517819
v -0.680838 5.492468 0.498973
v -0.644511 5.450948 0.501606
v -0.467710 5.168468 0.613786
v -0.400036 5.129466 0.652349
v -0.600785 5.448394 0.503289
v -0.542434 5.593488 0.150873
v -0.596050 5.596909 0.209040
v -0.633450 5.602938 0.275056
v -0.651676 5.613271 0.360399
v -0.634802 5.502765 0.485544
v -0.514673 5.430333 0.213532
v -0.565689 5.433188 0.261850
v -0.595591 5.438331 0.325336
v -0.610519 5.446269 0.394718
v -0.534670 5.303812 0.320330
v -0.569230 5.304546 0.363163
v -0.581053 5.305114 0.418798
v -0.292430 5.866580 0.833219
v -0.663873 5.673348 0.543024
v -0.642745 5.671493 0.581360
v -0.612772 5.631258 0.626016
v -0.695839 5.602967 0.472039
v -0.684659 5.649317 0.500094
v -0.597063 5.586974 0.646952
v -0.692200 5.557175 0.471310
v -0.601606 5.515720 0.619199
v -0.615785 5.426433 0.557051
v -0.631865 5.444189 0.488701
v -0.669230 5.495012 0.478975
v -0.215026 5.246914 0.940946
v -0.470008 5.307012 0.285571
v -1.235349 2.711257 -0.252577
v -1.268898 2.796744 -0.222781
v -1.288600 2.808992 -0.161641
v -1.236203 2.736992 -0.204167
v -1.176843 2.663226 -0.303201
v -1.243882 2.707265 -0.244970
v -1.241941 2.729236 -0.205986
v -1.181712 2.704379 -0.258838
v -1.181712 2.704379 -0.258838
v -1.241941 2.729236 -0.205986
v -1.259256 2.739670 -0.159275
v -1.163891 2.728204 -0.223124
v -1.320704 2.814928 -0.101761
v -1.254383 2.749257 -0.140897
v -0.698861 2.543463 -0.192387
v -0.688118 2.574344 -0.179437
v -0.709078 2.584616 -0.139522
v -0.716777 2.537575 -0.158387
v -0.709078 2.584616 -0.139522
v -0.688118 2.574344 -0.179437
v -0.714230 2.606547 -0.188060
v -0.738739 2.632706 -0.152053
v -0.763688 2.595514 -0.129550
v -0.766165 2.564252 -0.143930
v -0.763688 2.595514 -0.129550
v -0.781376 2.627244 -0.139583
v -0.981952 2.571238 -0.206235
v -0.958368 2.588938 -0.230662
v -0.894078 2.550246 -0.245872
v -0.921499 2.516313 -0.261151
v -0.894078 2.550246 -0.245872
v -0.958368 2.588938 -0.230662
v -0.944186 2.625766 -0.195607
v -0.871558 2.570776 -0.212438
v -1.455028 2.758374 -0.152899
v -1.371792 2.667226 -0.118356
v -1.365519 2.666962 -0.127736
v -1.204057 2.718732 -0.166423
v -1.069437 2.681026 -0.161501
v -1.059105 2.706212 -0.198130
v -0.945579 2.610077 -0.155543
v -1.277347 2.653470 -0.088168
v -1.101412 2.623897 -0.083596
v -0.980324 2.560279 -0.073248
v -0.880891 2.522031 -0.141202
v -0.865111 2.566253 -0.168564
v -1.149847 2.565977 -0.025639
v -1.030038 2.493714 -0.007691
v -0.934182 2.441283 -0.077560
v -0.905925 2.487508 -0.095855
v -1.338946 2.572938 -0.048216
v -1.438571 2.603942 -0.156395
v -1.344248 2.531062 -0.054340
v -1.533495 2.710280 -0.233991
v -1.449259 2.600571 -0.149096
v -1.204328 2.497935 0.002540
v -1.234037 2.458293 0.001735
v -1.087919 2.410751 0.035883
v -1.116673 2.375911 0.037148
v -0.990167 2.357002 -0.001394
v -0.955545 2.424919 -0.026843
v -1.059034 2.308349 0.022457
v -1.021313 2.332523 0.030158
v -1.513952 2.699665 -0.294041
v -1.442953 2.580179 -0.186124
v -1.434469 2.585916 -0.182979
v -1.356805 2.500480 -0.081056
v -1.356805 2.500480 -0.081056
v -1.434469 2.585916 -0.182979
v -1.420579 2.578635 -0.215500
v -1.375808 2.484780 -0.117626
v -1.466366 2.704241 -0.334810
v -1.425053 2.569540 -0.228339
v -1.252020 2.423843 -0.026768
v -1.252020 2.423843 -0.026768
v -1.254108 2.409050 -0.065288
v -1.141664 2.353953 0.006567
v -1.141664 2.353953 0.006567
v -1.150205 2.348400 -0.034030
v -1.088209 2.296884 -0.007456
v -1.088209 2.296884 -0.007456
v -1.100421 2.300207 -0.046657
v -1.357118 2.739746 -0.296366
v -1.325295 2.617017 -0.241788
v -1.328433 2.620519 -0.231819
v -1.327432 2.532607 -0.187956
v -1.236840 2.428271 -0.096488
v -1.135335 2.365399 -0.067863
v -1.191996 2.485115 -0.144985
v -1.089586 2.420670 -0.132192
v -1.047883 2.344670 -0.097838
v -1.085193 2.319695 -0.077568
v -1.244292 2.608238 -0.246610
v -1.149944 2.533121 -0.202594
v -1.045048 2.473719 -0.193708
v -1.007991 2.396603 -0.172457
v -1.037875 2.372978 -0.133358
v -1.325295 2.617017 -0.241788
v -1.357118 2.739746 -0.296366
v -1.102808 2.572472 -0.261701
v -1.072039 2.582899 -0.280700
v -1.005271 2.530828 -0.221203
v -0.966793 2.460250 -0.233756
v -0.995887 2.429528 -0.209273
v -0.937846 2.486527 -0.244983
v -1.077022 2.148116 -0.255343
v -1.051839 2.151901 -0.257322
v -1.037170 2.132250 -0.271108
v -1.063284 2.117194 -0.268618
v -1.077882 2.131345 -0.236239
v -1.072019 2.104389 -0.242806
v -1.072019 2.104389 -0.242806
v -1.063284 2.117194 -0.268618
v -1.031580 2.088476 -0.257967
v -1.043287 2.086422 -0.237918
v -1.037170 2.132250 -0.271108
v -1.017936 2.107584 -0.259085
v -1.040419 2.163064 -0.293922
v -1.015882 2.166528 -0.302756
v -1.007082 2.146032 -0.320285
v -1.032718 2.131306 -0.310495
v -1.034442 2.147146 -0.274028
v -1.032118 2.119986 -0.281681
v -1.032118 2.119986 -0.281681
v -1.032718 2.131306 -0.310495
v -0.998237 2.102972 -0.307701
v -1.002249 2.101995 -0.284124
v -1.007082 2.146032 -0.320285
v -0.983966 2.121644 -0.312811
v -0.979525 2.199050 -0.411804
v -0.954312 2.206836 -0.419124
v -0.944091 2.188516 -0.437916
v -0.967953 2.168664 -0.430305
v -0.970543 2.184454 -0.391078
v -0.965038 2.157711 -0.400423
v -0.965038 2.157711 -0.400423
v -0.967953 2.168664 -0.430305
v -0.929604 2.147175 -0.426535
v -0.933335 2.145788 -0.402059
v -0.944091 2.188516 -0.437916
v -0.917594 2.168620 -0.429924
v -0.808336 2.211177 -0.408572
v -0.789932 2.229922 -0.415155
v -0.766639 2.216407 -0.425273
v -0.778999 2.188828 -0.414288
v -0.799177 2.209183 -0.383107
v -0.779276 2.188598 -0.382153
v -0.779276 2.188598 -0.382153
v -0.778999 2.188828 -0.414288
v -0.737479 2.193861 -0.398815
v -0.746288 2.196401 -0.375738
v -0.766639 2.216407 -0.425273
v -0.737151 2.217057 -0.407860
v -1.040946 2.320022 -0.085341
v -1.069734 2.300614 -0.081107
v -1.083658 2.282586 -0.053775
v -1.040643 2.203307 -0.098166
v -1.031591 2.224705 -0.119151
v -1.031326 2.213273 -0.131142
v -1.039298 2.191319 -0.110772
v -1.003312 2.234917 -0.126155
v -1.000618 2.220777 -0.137202
v -1.070807 2.278689 -0.016895
v -1.070807 2.278689 -0.016895
v -1.043295 2.287681 0.010708
v -0.984269 2.171908 -0.055581
v -1.017495 2.181728 -0.071586
v -1.015546 2.167873 -0.085946
v -0.981946 2.155811 -0.071613
v -1.015546 2.167873 -0.085946
v -1.017495 2.181728 -0.071586
v -1.011756 2.307663 0.011217
v -0.993703 2.325023 -0.011155
v -0.945743 2.201347 -0.084101
v -0.955729 2.181472 -0.062740
v -0.954123 2.164641 -0.079341
v -0.944593 2.185235 -0.099324
v -1.009258 2.340179 -0.050445
v -1.009063 2.328396 -0.052402
v -1.009258 2.340179 -0.050445
v -1.009063 2.328396 -0.052402
v -0.967507 2.223122 -0.109161
v -0.966600 2.208105 -0.122941
v -0.966600 2.208105 -0.122941
v -0.967507 2.223122 -0.109161
v -0.995924 2.379753 -0.146007
v -1.022399 2.355472 -0.137137
v -1.020989 2.339643 -0.102815
v -0.961126 2.235067 -0.150571
v -0.959843 2.251872 -0.177401
v -0.956068 2.237877 -0.185537
v -0.955423 2.220618 -0.158607
v -0.933579 2.265157 -0.189063
v -0.930539 2.250824 -0.197230
v -1.001657 2.337672 -0.058386
v -1.001657 2.337672 -0.058386
v -0.970522 2.365356 -0.032328
v -0.945308 2.396922 -0.044168
v -0.935719 2.409267 -0.082100
v -0.863596 2.259595 -0.142542
v -0.866304 2.243556 -0.115961
v -0.864246 2.226080 -0.127999
v -0.861238 2.242959 -0.153081
v -0.892076 2.228449 -0.105444
v -0.889658 2.212247 -0.116924
v -0.961673 2.412531 -0.117787
v -0.959840 2.400481 -0.117958
v -0.961673 2.412531 -0.117787
v -0.959840 2.400481 -0.117958
v -0.892313 2.266844 -0.171687
v -0.890101 2.251384 -0.181077
v -0.890101 2.251384 -0.181077
v -0.892313 2.266844 -0.171687
v -0.953074 2.439492 -0.223478
v -0.975512 2.412468 -0.214874
v -0.978491 2.397151 -0.181818
v -0.893675 2.291967 -0.240955
v -0.894238 2.310078 -0.266604
v -0.890191 2.298093 -0.275266
v -0.889657 2.280040 -0.250204
v -0.870504 2.327184 -0.277711
v -0.866609 2.314564 -0.286450
v -0.954106 2.407195 -0.125712
v -0.954106 2.407195 -0.125712
v -0.921108 2.431237 -0.109440
v -0.899353 2.458093 -0.118742
v -0.896600 2.473398 -0.152231
v -0.800340 2.326295 -0.233426
v -0.800217 2.309030 -0.207185
v -0.796108 2.294446 -0.218424
v -0.796373 2.311572 -0.244203
v -0.823491 2.291326 -0.196390
v -0.819361 2.277174 -0.207823
v -0.910082 2.481407 -0.185794
v -0.905502 2.470281 -0.185547
v -0.910082 2.481407 -0.185794
v -0.905502 2.470281 -0.185547
v -0.831303 2.332335 -0.261831
v -0.827611 2.318542 -0.271605
v -0.827611 2.318542 -0.271605
v -0.831303 2.332335 -0.261831
v -0.898047 2.503213 -0.265005
v -0.913950 2.475444 -0.250917
v -0.913167 2.463980 -0.220567
v -0.815217 2.379901 -0.262321
v -0.819349 2.391470 -0.290469
v -0.812607 2.382023 -0.295542
v -0.808449 2.370492 -0.267630
v -0.801696 2.412277 -0.305502
v -0.794495 2.402233 -0.310558
v -0.898181 2.479238 -0.191787
v -0.898181 2.479238 -0.191787
v -0.862114 2.515451 -0.167216
v -0.849745 2.541370 -0.185251
v -0.852561 2.550432 -0.220132
v -0.739337 2.440622 -0.266593
v -0.734786 2.429949 -0.237475
v -0.726818 2.417531 -0.244015
v -0.731443 2.428442 -0.272527
v -0.751044 2.409305 -0.221776
v -0.743344 2.397867 -0.228253
v -0.872921 2.532849 -0.250858
v -0.872921 2.532849 -0.250858
v -0.768028 2.431638 -0.293393
v -0.760318 2.420798 -0.298550
v -0.760318 2.420798 -0.298550
v -0.768028 2.431638 -0.293393
v -0.925904 2.210135 -0.131847
v -0.931754 2.226335 -0.122239
v -0.931754 2.226335 -0.122239
v -0.925904 2.210135 -0.131847
v -0.857767 2.272456 -0.223067
v -0.861570 2.285506 -0.212386
v -0.861570 2.285506 -0.212386
v -0.857767 2.272456 -0.223067
v -0.777808 2.378740 -0.240793
v -0.784955 2.389146 -0.234764
v -0.784955 2.389146 -0.234764
v -0.777808 2.378740 -0.240793
v -1.031209 2.203208 -0.142117
v -1.000403 2.210231 -0.148430
v -1.004878 2.178151 -0.188125
v -1.031582 2.172758 -0.175890
v -1.039708 2.181236 -0.122583
v -1.041037 2.149403 -0.159747
v -1.021115 2.119097 -0.147477
v -1.017475 2.156775 -0.100725
v -0.983278 2.142544 -0.088111
v -1.017475 2.156775 -0.100725
v -1.021115 2.119097 -0.147477
v -0.988602 2.099475 -0.142798
v -0.961515 2.105988 -0.153311
v -0.954348 2.150635 -0.095276
v -0.945051 2.171882 -0.114599
v -0.952357 2.128297 -0.170951
v -0.972224 2.157862 -0.184016
v -0.966676 2.196027 -0.136227
v -0.966676 2.196027 -0.136227
v -0.972224 2.157862 -0.184016
v -0.955887 2.227149 -0.193698
v -0.929994 2.239646 -0.205438
v -0.935851 2.184590 -0.250607
v -0.957786 2.179912 -0.230922
v -0.954831 2.209738 -0.166741
v -0.961769 2.157002 -0.211942
v -0.938190 2.130844 -0.201440
v -0.924490 2.197389 -0.141004
v -0.889566 2.199271 -0.127054
v -0.924490 2.197389 -0.141004
v -0.938190 2.130844 -0.201440
v -0.902458 2.116985 -0.199328
v -0.880619 2.124771 -0.216609
v -0.864459 2.212715 -0.138525
v -0.861852 2.229531 -0.163774
v -0.878079 2.144315 -0.239097
v -0.901831 2.167530 -0.252012
v -0.891102 2.239230 -0.190933
v -0.891102 2.239230 -0.190933
v -0.901831 2.167530 -0.252012
v -0.888893 2.286736 -0.285187
v -0.865281 2.302740 -0.296706
v -0.869268 2.243105 -0.353417
v -0.890370 2.234472 -0.334266
v -0.888303 2.268391 -0.260479
v -0.891226 2.210393 -0.316352
v -0.865043 2.185258 -0.309005
v -0.857040 2.259791 -0.234654
v -0.818672 2.263412 -0.220452
v -0.857040 2.259791 -0.234654
v -0.865043 2.185258 -0.309005
v -0.830518 2.171796 -0.312772
v -0.810357 2.181230 -0.331636
v -0.795536 2.280081 -0.231582
v -0.795694 2.297686 -0.256765
v -0.809025 2.203948 -0.350593
v -0.835036 2.228220 -0.358680
v -0.826705 2.305690 -0.283032
v -0.826705 2.305690 -0.283032
v -0.835036 2.228220 -0.358680
v -0.808488 2.372760 -0.300937
v -0.790391 2.392682 -0.316088
v -0.762426 2.319283 -0.359118
v -0.780036 2.303421 -0.341634
v -0.804215 2.361085 -0.273167
v -0.774565 2.288782 -0.316168
v -0.741287 2.286556 -0.296231
v -0.773575 2.368359 -0.247014
v -0.738572 2.386430 -0.235074
v -0.773575 2.368359 -0.247014
v -0.741287 2.286556 -0.296231
v -0.704805 2.294662 -0.290635
v -0.686236 2.312965 -0.306338
v -0.721759 2.406000 -0.250783
v -0.726454 2.417263 -0.278995
v -0.691389 2.326195 -0.332707
v -0.724317 2.326395 -0.353935
v -0.755668 2.410450 -0.304498
v -0.755668 2.410450 -0.304498
v -0.724317 2.326395 -0.353935
v -1.033921 2.167671 -0.183984
v -1.007377 2.172340 -0.197084
v -1.034257 2.165873 -0.235408
v -1.059268 2.161267 -0.221103
v -1.043651 2.143694 -0.169039
v -1.068889 2.136625 -0.207501
v -1.024093 2.111947 -0.158901
v -1.050528 2.101503 -0.202947
v -0.992165 2.090895 -0.156490
v -1.024093 2.111947 -0.158901
v -1.050528 2.101503 -0.202947
v -1.021665 2.077924 -0.206823
v -0.965953 2.096641 -0.168738
v -0.996225 2.082558 -0.220617
v -0.956759 2.119652 -0.185388
v -0.986544 2.106268 -0.235215
v -0.975823 2.150620 -0.195851
v -1.004734 2.140374 -0.240733
v -0.975823 2.150620 -0.195851
v -1.004734 2.140374 -0.240733
v -0.962531 2.178911 -0.234482
v -0.940517 2.182389 -0.255008
v -0.988513 2.180449 -0.285665
v -1.008625 2.177779 -0.263812
v -0.966939 2.156786 -0.215218
v -1.013579 2.153832 -0.246820
v -0.944318 2.126948 -0.208229
v -0.995672 2.119415 -0.246522
v -0.909694 2.109603 -0.209495
v -0.944318 2.126948 -0.208229
v -0.995672 2.119415 -0.246522
v -0.967888 2.094029 -0.258126
v -0.887320 2.116821 -0.226850
v -0.947574 2.097795 -0.279001
v -0.884748 2.137153 -0.248628
v -0.942354 2.120541 -0.296770
v -0.908650 2.163161 -0.259395
v -0.961291 2.154196 -0.298289
v -0.908650 2.163161 -0.259395
v -0.961291 2.154196 -0.298289
v -0.895455 2.231448 -0.339570
v -0.875005 2.240151 -0.358919
v -0.927860 2.227105 -0.397727
v -0.946412 2.219570 -0.376796
v -0.896897 2.208337 -0.321106
v -0.947692 2.194610 -0.360537
v -0.870808 2.180501 -0.316392
v -0.924384 2.163156 -0.360900
v -0.838164 2.165102 -0.322922
v -0.870808 2.180501 -0.316392
v -0.924384 2.163156 -0.360900
v -0.894037 2.142812 -0.373183
v -0.816954 2.174540 -0.341199
v -0.874011 2.149940 -0.393762
v -0.815760 2.197420 -0.360004
v -0.872200 2.173896 -0.410702
v -0.842007 2.223535 -0.366424
v -0.896166 2.204839 -0.411151
v -0.842007 2.223535 -0.366424
v -0.896166 2.204839 -0.411151
v -0.779710 2.298019 -0.345101
v -0.762024 2.312378 -0.363529
v -0.783424 2.265798 -0.398907
v -0.802129 2.254667 -0.378869
v -0.774203 2.282644 -0.320177
v -0.795867 2.237465 -0.355495
v -0.740120 2.277645 -0.301995
v -0.761680 2.224595 -0.342823
v -0.703333 2.283210 -0.298046
v -0.740120 2.277645 -0.301995
v -0.761680 2.224595 -0.342823
v -0.722310 2.221776 -0.344034
v -0.684091 2.300050 -0.314559
v -0.704700 2.233156 -0.364096
v -0.689376 2.314288 -0.340209
v -0.708828 2.250263 -0.387162
v -0.723322 2.317185 -0.359778
v -0.744236 2.262168 -0.400696
v -0.723322 2.317185 -0.359778
v -0.744236 2.262168 -0.400696
v -1.112895 2.655277 -0.336998
v -1.038952 2.582897 -0.291842
v -1.041299 2.711974 -0.216954
v -1.108112 2.724031 -0.278406
v -0.957405 2.683930 -0.231607
v -0.958472 2.655042 -0.292335
v -1.121695 2.694162 -0.305645
v -1.121695 2.694162 -0.305645
v -0.953698 2.617185 -0.315846
v -0.944712 2.579031 -0.325619
v -0.953698 2.617185 -0.315846
v -0.970417 2.581964 -0.218333
v -0.971445 2.609541 -0.211269
v -0.971445 2.609541 -0.211269
v -0.973324 2.648920 -0.194310
v -0.934245 2.659347 -0.182637
v -0.923852 2.549839 -0.286214
v -0.854445 2.529655 -0.268248
v -0.840817 2.546096 -0.305934
v -0.826478 2.541321 -0.302392
v -0.845485 2.527102 -0.265430
v -0.859823 2.630823 -0.280897
v -0.887129 2.667863 -0.227033
v -0.877923 2.665692 -0.226685
v -0.847076 2.627656 -0.279378
v -0.847079 2.586992 -0.299799
v -0.832156 2.582210 -0.297374
v -0.847079 2.586992 -0.299799
v -0.832156 2.582210 -0.297374
v -0.913663 2.569965 -0.226686
v -0.868730 2.562281 -0.208820
v -0.921512 2.614347 -0.196996
v -0.921512 2.614347 -0.196996
v -0.886761 2.650527 -0.179668
v -0.798281 2.535795 -0.286131
v -0.730959 2.530199 -0.234551
v -0.766249 2.520109 -0.207416
v -0.823515 2.523629 -0.252593
v -0.856261 2.661026 -0.219935
v -0.800236 2.652651 -0.197136
v -0.753172 2.614400 -0.228367
v -0.821618 2.622324 -0.269790
v -0.804091 2.576366 -0.283580
v -0.735899 2.570261 -0.235346
v -0.804091 2.576366 -0.283580
v -0.735899 2.570261 -0.235346
v -0.806443 2.558370 -0.169351
v -0.850096 2.560046 -0.199670
v -0.861697 2.604692 -0.181564
v -0.821795 2.602363 -0.160404
v -0.867037 2.646289 -0.175452
v -0.861697 2.604692 -0.181564
v -0.821795 2.602363 -0.160404
v -0.827463 2.642159 -0.162137
v -0.879634 2.607658 -0.187338
v -0.879634 2.607658 -0.187338
v -1.436474 3.039597 -0.192498
v -1.570765 2.969437 -0.231813
v -1.453590 2.759227 -0.155864
v -1.321638 2.811354 -0.108232
v -1.679967 2.981764 -0.352690
v -1.527192 2.712031 -0.235923
v -1.642555 2.926791 -0.446757
v -1.794317 3.185717 -0.437689
v -1.758050 3.170925 -0.598676
v -1.541853 2.941386 -0.498981
v -1.614839 3.180837 -0.688824
v -1.395548 2.987659 -0.449581
v -1.445553 3.225631 -0.619968
v -1.337774 3.030535 -0.367475
v -1.395548 2.987659 -0.449581
v -1.445553 3.225631 -0.619968
v -1.378459 3.262227 -0.501377
v -1.358289 3.039447 -0.261233
v -1.392781 3.285665 -0.358572
v -1.518753 3.271711 -0.256301
v -1.702101 3.222270 -0.300434
v -1.873765 3.477006 -0.511320
v -1.832153 3.475076 -0.679043
v -1.693271 3.457090 -0.775567
v -1.528077 3.444846 -0.713126
v -1.528077 3.444846 -0.713126
v -1.461207 3.469838 -0.595050
v -1.494785 3.469159 -0.436512
v -1.610738 3.486198 -0.326635
v -1.788676 3.469187 -0.368585
v -1.801976 3.646375 -0.682022
v -1.850523 3.637405 -0.522433
v -1.766906 3.777229 -0.513866
v -1.721749 3.786589 -0.660961
v -1.676960 3.603961 -0.778570
v -1.606427 3.735162 -0.747912
v -1.529091 3.543586 -0.741703
v -1.475484 3.645029 -0.711377
v -1.483719 3.524512 -0.624408
v -1.529091 3.543586 -0.741703
v -1.475484 3.645029 -0.711377
v -1.445317 3.597465 -0.607116
v -1.544794 3.537254 -0.478855
v -1.493155 3.592881 -0.463465
v -1.642454 3.550563 -0.358354
v -1.587243 3.622336 -0.359443
v -1.791035 3.593535 -0.392429
v -1.714864 3.713169 -0.393004
v -1.656025 3.923332 -0.648293
v -1.691973 3.904017 -0.504444
v -1.614930 4.035918 -0.481727
v -1.571499 4.056685 -0.617193
v -1.543149 3.861595 -0.723627
v -1.469765 3.994742 -0.699737
v -1.400923 3.756500 -0.671932
v -1.315923 3.870231 -0.637227
v -1.356560 3.710052 -0.547884
v -1.400923 3.756500 -0.671932
v -1.315923 3.870231 -0.637227
v -1.255029 3.788169 -0.513692
v -1.407997 3.665682 -0.426300
v -1.287537 3.761540 -0.369764
v -1.490499 3.712104 -0.328494
v -1.389772 3.814689 -0.285974
v -1.624209 3.825577 -0.375809
v -1.535354 3.941489 -0.343456
v -1.500694 4.227804 -0.429717
v -1.468521 4.258904 -0.587717
v -1.348879 4.188447 -0.685462
v -1.188053 4.047997 -0.620150
v -1.188053 4.047997 -0.620150
v -1.111372 3.937339 -0.461788
v -1.128925 3.909652 -0.302531
v -1.228835 3.961982 -0.196598
v -1.409908 4.111682 -0.272451
v -1.348301 4.440253 -0.321039
v -1.331638 4.463759 -0.499943
v -1.222198 4.381477 -0.621324
v -1.051845 4.239882 -0.586514
v -1.051845 4.239882 -0.586514
v -1.004162 4.140413 -0.404970
v -0.991851 4.138304 -0.190036
v -1.091476 4.196812 -0.079371
v -1.252408 4.340664 -0.127971
v -1.126556 4.728297 -0.109003
v -1.118455 4.794298 -0.278564
v -1.089130 4.631423 -0.486456
v -0.871449 4.453260 -0.529969
v -0.871449 4.453260 -0.529969
v -0.878175 4.313052 -0.375388
v -0.898302 4.287451 -0.155602
v -0.959898 4.401269 -0.022824
v -1.090419 4.558584 -0.020014
v -1.436538 1.065549 -0.708995
v -1.420419 1.423509 -0.516120
v -1.305737 1.409971 -0.504972
v -1.340685 1.063323 -0.699676
v -1.251014 0.993891 -0.587988
v -1.186070 1.306037 -0.385378
v -1.278468 0.900298 -0.419950
v -1.211538 1.155246 -0.209379
v -1.390219 0.832298 -0.286940
v -1.278468 0.900298 -0.419950
v -1.211538 1.155246 -0.209379
v -1.352886 1.040877 -0.076516
v -1.476402 0.810255 -0.249587
v -1.459964 1.017165 -0.033150
v -1.564622 1.026717 -0.044518
v -1.563204 0.813039 -0.255933
v -1.631223 0.839258 -0.299470
v -1.647122 1.064997 -0.096178
v -1.691551 1.129998 -0.174007
v -1.665152 0.879690 -0.371204
v -1.638106 0.970618 -0.534118
v -1.666761 1.281107 -0.342531
v -1.522412 1.044733 -0.670446
v -1.638106 0.970618 -0.534118
v -1.666761 1.281107 -0.342531
v -1.524941 1.397219 -0.478610
v -1.398377 1.730902 -0.357888
v -1.265783 1.712913 -0.345022
v -1.123540 1.590522 -0.196146
v -1.157609 1.410195 0.029382
v -1.157609 1.410195 0.029382
v -1.333430 1.275209 0.205359
v -1.462397 1.240518 0.251031
v -1.583094 1.255635 0.237495
v -1.679859 1.305014 0.182053
v -1.732584 1.384962 0.087266
v -1.700574 1.562769 -0.131328
v -1.700574 1.562769 -0.131328
v -1.525444 1.697168 -0.309782
v -1.409666 2.015786 -0.113881
v -1.265953 1.995715 -0.096840
v -1.103475 1.864079 0.064035
v -1.135143 1.674064 0.315839
v -1.135143 1.674064 0.315839
v -1.327968 1.537180 0.514310
v -1.471477 1.506222 0.568027
v -1.606708 1.525772 0.551909
v -1.716036 1.579655 0.488560
v -1.777083 1.666906 0.383044
v -1.745027 1.847410 0.135447
v -1.745027 1.847410 0.135447
v -1.550147 1.983442 -0.062452
v -1.452954 2.103795 0.074100
v -1.484019 2.077068 0.134260
v -1.364961 2.046844 0.150846
v -1.331440 2.081778 0.088355
v -1.169676 1.993685 0.235173
v -1.195213 1.991776 0.310629
v -1.181940 1.875173 0.476916
v -1.184233 1.955049 0.562740
v -1.347485 1.812916 0.663636
v -1.181940 1.875173 0.476916
v -1.184233 1.955049 0.562740
v -1.329809 1.970236 0.758851
v -1.467001 1.808174 0.705230
v -1.441304 2.000236 0.804814
v -1.552407 2.041298 0.788248
v -1.580980 1.841319 0.692668
v -1.677691 1.892989 0.640045
v -1.649287 2.088993 0.728746
v -1.716017 2.122520 0.626273
v -1.739229 1.946884 0.543054
v -1.732881 2.049151 0.305229
v -1.729652 2.152061 0.376714
v -1.570072 2.102693 0.118456
v -1.732881 2.049151 0.305229
v -1.729652 2.152061 0.376714
v -1.592156 2.109879 0.179951
v -1.464027 2.051270 0.093169
v -1.389279 2.126022 -0.012742
v -1.277743 2.060378 0.011590
v -1.348769 1.990773 0.115303
v -1.163283 1.974221 0.295810
v -1.090172 2.050988 0.190675
v -1.110463 2.073957 0.560501
v -1.025512 2.190113 0.456257
v -1.219735 2.234685 0.761788
v -1.110463 2.073957 0.560501
v -1.025512 2.190113 0.456257
v -1.118060 2.400811 0.656284
v -1.320145 2.313229 0.803342
v -1.211862 2.500932 0.697488
v -1.318886 2.565499 0.673472
v -1.431372 2.372732 0.782179
v -1.535174 2.410696 0.711390
v -1.424250 2.594495 0.605125
v -1.508239 2.579251 0.494691
v -1.612705 2.413855 0.602142
v -1.663389 2.315624 0.335956
v -1.573050 2.438766 0.230072
v -1.559633 2.136287 0.134161
v -1.663389 2.315624 0.335956
v -1.573050 2.438766 0.230072
v -1.480570 2.225908 0.028873
v -1.266647 2.300799 -0.168106
v -1.139870 2.227272 -0.140481
v -0.927792 2.204873 0.051596
v -0.826666 2.359565 0.326076
v -0.826666 2.359565 0.326076
v -0.964017 2.575201 0.541942
v -1.044613 2.709279 0.565933
v -1.169454 2.781181 0.533409
v -1.287638 2.817125 0.457321
v -1.384843 2.802273 0.340432
v -1.465298 2.648381 0.066598
v -1.465298 2.648381 0.066598
v -1.367795 2.411712 -0.131133
v -1.061048 2.515749 -0.385199
v -0.911470 2.429907 -0.348315
v -0.614767 2.398309 -0.130904
v -0.493428 2.571480 0.143575
v -0.493428 2.571480 0.143575
v -0.675449 2.803874 0.356287
v -0.799614 2.923948 0.379812
v -0.949427 2.997365 0.338137
v -1.082816 3.034272 0.256144
v -1.193992 3.009001 0.153253
v -1.280901 2.852927 -0.121262
v -1.280901 2.852927 -0.121262
v -1.178505 2.612083 -0.328753
v -0.855432 2.713519 -0.591729
v -0.763428 2.889598 -0.735913
v -0.608021 2.740331 -0.723189
v -0.709013 2.589363 -0.535819
v -0.471179 2.429952 -0.331314
v -0.252189 2.550237 -0.549687
v -0.365172 2.649266 0.082544
v -0.139057 2.785290 -0.031287
v -0.443916 2.889166 0.313226
v -0.365172 2.649266 0.082544
v -0.139057 2.785290 -0.031287
v -0.241557 3.052563 0.242968
v -0.678841 3.013571 0.321413
v -0.516083 3.154904 0.198285
v -0.666331 3.222916 0.111209
v -0.797388 3.120076 0.245362
v -0.890935 3.196150 0.106642
v -0.796151 3.272569 -0.007152
v -0.886968 3.290694 -0.161738
v -0.999363 3.205416 -0.013029
v -0.968185 2.839523 -0.550402
v -1.061946 3.088153 -0.327246
v -0.958256 3.225899 -0.435817
v -0.854017 3.011303 -0.677523
v -1.420710 2.049401 -0.019244
v -1.303297 2.031728 -0.006373
v -1.155643 1.926139 0.135514
v -1.183323 1.769234 0.374245
v -1.358489 1.665273 0.562490
v -1.183323 1.769234 0.374245
v -1.477565 1.634546 0.595997
v -1.590781 1.670022 0.596051
v -1.683822 1.717065 0.544914
v -1.738687 1.782244 0.451759
v -1.714946 1.923908 0.213701
v -1.539783 2.029225 0.026572
v -1.714946 1.923908 0.213701
v -0.589425 3.359385 -0.899647
v -0.569136 3.558412 -0.862136
v -0.419797 3.572534 -0.929353
v -0.453203 3.295755 -0.953311
v -0.090929 3.308466 -0.929608
v -0.074765 3.736362 -0.910977
v -0.726004 3.196873 -0.023798
v -0.764876 3.168255 0.119728
v -0.835788 3.279507 -0.047605
v -0.801968 3.279462 -0.185945
v -0.831356 3.370477 -0.517232
v -0.840267 3.453827 -0.420751
v -0.706744 3.361385 -0.794436
v -0.831356 3.370477 -0.517232
v -0.840267 3.453827 -0.420751
v -0.692885 3.545616 -0.735751
v -0.569166 3.822226 -0.758211
v -0.412077 3.867350 -0.837646
v -0.080540 3.917127 -0.831717
v -0.788193 3.253436 0.230190
v -0.859388 3.373530 0.072484
v -0.868975 3.587651 -0.278032
v -0.868975 3.587651 -0.278032
v -0.703912 3.770334 -0.613047
v -0.587224 3.997486 -0.694035
v -0.409703 4.075959 -0.740771
v -0.099111 4.134038 -0.728506
v -0.799502 3.417068 0.275127
v -0.869139 3.507340 0.104285
v -0.887827 3.753770 -0.226483
v -0.887827 3.753770 -0.226483
v -0.717801 3.904708 -0.574548
v -0.599018 4.199395 -0.601658
v -0.448300 4.270483 -0.652901
v -0.125939 4.304668 -0.634487
v -0.801483 3.638199 0.265647
v -0.874279 3.737639 0.115338
v -0.882566 4.006421 -0.166299
v -0.882566 4.006421 -0.166299
v -0.730655 4.125724 -0.486609
v -0.617987 4.368215 -0.513217
v -0.477944 4.399322 -0.587674
v -0.149192 4.435154 -0.540318
v -0.147581 4.424788 -0.547405
v -0.871042 3.830539 0.327245
v -0.916744 3.952855 0.149320
v -0.791424 4.154359 -0.161816
v -0.791424 4.154359 -0.161816
v -0.695543 4.301241 -0.413920
v -0.644116 4.570858 -0.437970
v -0.523060 4.610363 -0.488912
v -0.167011 4.603826 -0.453455
v -0.901022 4.087309 0.415110
v -0.879437 4.179548 0.143646
v -0.770239 4.278145 -0.170709
v -0.770239 4.278145 -0.170709
v -0.712456 4.487236 -0.390916
v -0.664304 4.663738 -0.394249
v -0.521241 4.722643 -0.388555
v -0.187394 4.720817 -0.353759
v -0.885295 4.265490 0.459433
v -0.900416 4.299078 0.230057
v -0.758865 4.284760 -0.168088
v -0.867541 4.179178 0.143139
v -0.890270 4.299194 0.224482
v -0.699273 4.447972 -0.274790
v -0.694024 4.460634 -0.387109
v -0.758865 4.284760 -0.168088
v -0.699273 4.447972 -0.274790
v -0.721624 4.574598 -0.391810
v -0.654202 4.844534 -0.313194
v -0.697454 5.004319 -0.137706
v -0.536714 5.002321 -0.171908
v -0.523543 4.841594 -0.291743
v -0.206620 4.839139 -0.258011
v -0.235277 4.954775 -0.123110
v -0.867324 4.420102 0.483440
v -0.851812 4.685028 0.437735
v -0.923699 4.757092 0.282790
v -0.916016 4.475938 0.312818
v -0.645842 5.043213 0.088632
v -0.522785 5.042267 0.030532
v -0.271979 5.016583 0.038573
v -0.756821 4.815437 0.484909
v -0.823394 4.877890 0.409611
v -0.960221 4.851542 0.031130
v -0.843193 4.976066 0.229961
v -0.861786 4.962361 -0.110306
v -0.960221 4.851542 0.031130
v -0.843193 4.976066 0.229961
v -0.756478 5.028001 0.144190
v -0.503814 5.114328 0.204899
v -0.440422 5.105042 0.171881
v -0.306906 5.075238 0.163293
v -0.541868 4.994318 0.588834
v -0.578590 5.033388 0.532112
v -0.609436 5.085054 0.396584
v -0.609436 5.085054 0.396584
v -0.555288 5.110720 0.259593
v -0.668150 3.022590 -0.850825
v -0.589425 3.359385 -0.899647
v -0.453203 3.295755 -0.953311
v -0.491871 2.936986 -0.869739
v -0.096922 2.850913 -0.798773
v -0.090929 3.308466 -0.929608
v -0.443780 3.144155 0.121507
v -0.484268 2.997654 0.180060
v -0.618730 3.103149 0.092290
v -0.604496 3.217005 0.017277
v -0.726141 3.279260 -0.088984
v -0.726004 3.196873 -0.023798
v -0.801968 3.279462 -0.185945
v -0.836937 3.313503 -0.227009
v -0.767996 3.107807 -0.744192
v -0.886910 3.271640 -0.517139
v -0.831356 3.370477 -0.517232
v -0.706744 3.361385 -0.794436
v -0.875671 4.265981 0.454785
v -0.656424 4.660577 -0.386111
v -0.517905 4.715650 -0.379983
v -0.189441 4.713111 -0.346171
v -0.981606 4.889072 -0.185517
v -1.054945 4.767162 -0.042075
v -1.054945 4.767162 -0.042075
v -0.979988 4.677179 0.052963
v -0.855668 4.473882 0.083327
v -0.744164 4.439196 -0.108853
v -0.736012 4.459553 -0.344489
v -0.736012 4.459553 -0.344489
v -0.778443 4.582380 -0.453559
v -0.872106 4.756714 -0.372282
v -0.778260 4.796736 -0.327889
v -0.886910 3.271640 -0.517139
v -0.831356 3.370477 -0.517232
v -1.061946 3.088153 -0.327246
v -0.958256 3.225899 -0.435817
v -1.371329 0.922167 -0.746508
v -1.390680 0.642958 -0.869816
v -1.481805 0.639415 -0.874740
v -1.463816 0.925090 -0.755858
v -1.267762 0.879155 -0.643012
v -1.270928 0.679103 -0.750412
v -1.390680 0.642958 -0.869816
v -1.371329 0.922167 -0.746508
v -1.270888 0.791242 -0.489445
v -1.229834 0.578910 -0.563382
v -1.548590 0.903681 -0.724738
v -1.561919 0.634061 -0.838955
v -1.690835 0.568921 -0.719699
v -1.654625 0.849037 -0.599962
v -1.489291 0.384770 0.039328
v -1.456850 0.342539 0.084102
v -1.371405 0.363832 -0.165594
v -1.402284 0.423951 -0.166643
v -1.627426 0.428159 0.120093
v -1.704147 0.428600 0.115417
v -1.731825 0.343280 0.194878
v -1.643800 0.348154 0.189366
v -1.794739 0.425436 0.027162
v -1.830725 0.392920 -0.075833
v -1.873561 0.343135 -0.059426
v -1.828206 0.342198 0.063290
v -1.376764 0.399407 -0.936974
v -1.472712 0.394513 -0.940489
v -1.244064 0.380847 -0.828795
v -1.376764 0.399407 -0.936974
v -1.200179 0.329045 -0.605667
v -1.449879 0.186485 0.105972
v -1.349642 0.208262 -0.173414
v -1.743508 0.183637 0.222467
v -1.645807 0.184639 0.218745
v -1.893322 0.185922 -0.044185
v -1.849203 0.183864 0.070676
v -1.555478 0.380185 -0.903307
v -1.694125 0.334976 -0.759948
v -1.548590 0.903681 -0.724738
v -1.654625 0.849037 -0.599962
v -1.654625 0.849037 -0.599962
v -1.678461 0.767839 -0.449047
v -1.630740 0.754122 -0.373058
v -1.558071 0.742014 -0.326075
v -1.472286 0.741338 -0.313897
v -1.375669 0.753017 -0.349107
v -1.270888 0.791242 -0.489445
v -1.270888 0.791242 -0.489445
v -1.267762 0.879155 -0.643012
v -1.371329 0.922167 -0.746508
v -1.463816 0.925090 -0.755858
v -1.375669 0.753017 -0.349107
v -1.403861 0.587712 -0.290173
v -1.345452 0.577726 -0.386390
v -1.307194 0.457060 -0.406730
v -1.472286 0.741338 -0.313897
v -1.558071 0.742014 -0.326075
v -1.574882 0.579012 -0.271357
v -1.505778 0.581421 -0.259796
v -1.630740 0.754122 -0.373058
v -1.678461 0.767839 -0.449047
v -1.701481 0.576410 -0.373997
v -1.636572 0.578797 -0.296774
v -1.726136 0.588599 -0.509260
v -1.744716 0.464037 -0.546961
v -1.277507 0.277981 -0.442436
v -1.738862 0.290777 -0.616652
v -1.482102 0.465615 -0.090642
v -1.636022 0.465090 -0.083977
v -1.574496 0.468151 -0.072362
v -1.758353 0.458473 -0.156152
v -1.692715 0.467422 -0.107925
v -1.791807 0.425824 -0.272140
v -1.831053 0.358598 -0.306756
v -1.846284 0.210227 -0.319005
v -1.570939 0.425995 0.094031
v -1.769127 0.426943 0.069448
v -1.349642 0.208262 -0.173414
v -1.449879 0.186485 0.105972
v -1.670611 0.186823 -0.001677
v -1.598505 0.208676 -0.252658
v -1.277507 0.277981 -0.442436
v -1.514395 0.273887 -0.509226
v -1.200179 0.329045 -0.605667
v -1.459319 0.325816 -0.676725
v -1.244064 0.380847 -0.828795
v -1.414934 0.367655 -0.824584
v -1.376764 0.399407 -0.936974
v -1.645807 0.184639 0.218745
v -1.743508 0.183637 0.222467
v -1.695163 0.184568 0.079991
v -1.561517 0.185298 0.176014
v -1.472712 0.394513 -0.940489
v -1.555478 0.380185 -0.903307
v -1.694125 0.334976 -0.759948
v -1.738862 0.290777 -0.616652
v -1.846284 0.210227 -0.319005
v -1.893322 0.185922 -0.044185
v -1.810634 0.183304 0.156756
v -1.849203 0.183864 0.070676
v -1.797024 0.337987 0.133179
v -1.810634 0.183304 0.156756
v -1.569337 0.342000 0.152975
v -1.561517 0.185298 0.176014
v -0.484268 2.997654 0.180060
v -0.533269 2.969939 0.346070
v -0.661540 3.059943 0.242707
v -0.618730 3.103149 0.092290
v -0.539342 3.109165 0.420875
v -0.677099 3.163032 0.338382
v -0.561567 3.348480 0.514178
v -0.694207 3.370241 0.411159
v -0.576558 3.621014 0.523504
v -0.700198 3.598729 0.395226
v -0.603159 3.765609 0.570229
v -0.741475 3.763505 0.450417
v -0.649164 4.013045 0.649079
v -0.804799 4.046845 0.547528
v -0.645764 4.153993 0.658471
v -0.799871 4.202432 0.580499
v -0.631024 4.292126 0.670495
v -0.589649 4.535770 0.605715
v -0.727291 4.599689 0.540404
v -0.772777 4.337215 0.608388
v -0.544096 4.707036 0.586481
v -0.657441 4.761413 0.535473
v -0.447788 4.915056 0.649765
v -0.504645 4.925403 0.611105
v -0.641227 4.153704 0.648296
v -0.792284 4.202947 0.572468
v -0.096922 2.850913 -0.798773
v -0.082349 3.159769 0.214984
v -0.191900 3.130307 0.136221
v -0.322678 5.127187 0.658323
v -0.414430 5.046226 0.637606
v -0.345428 5.055894 0.645823
v -0.443897 5.218566 0.273976
v -0.506622 5.218717 0.297982
v -0.547459 5.216291 0.335875
v -0.573397 5.209293 0.417323
v -0.553624 5.192090 0.519900
v -0.515244 5.146101 0.568764
v -0.470715 5.090126 0.608887
v -0.444261 4.915301 0.642589
v -0.384270 4.885716 0.649438
v -0.501958 4.922849 0.603100
v -0.538647 4.990761 0.582155
v -0.574758 5.027201 0.527292
v -0.605475 5.076955 0.393696
v -0.551618 5.103100 0.260666
v -0.501689 5.106651 0.208934
v -0.439799 5.097943 0.176518
v -0.981606 4.889072 -0.185517
v -0.872106 4.756714 -0.372282
v -0.778443 4.582380 -0.453559
v -0.778443 4.582380 -0.453559
v -0.736012 4.459553 -0.344489
v -0.744164 4.439196 -0.108853
v -0.855668 4.473882 0.083327
v -0.979988 4.677179 0.052963
v -1.054945 4.767162 -0.042075
v -1.301649 1.949519 -0.061819
v -1.406710 1.963920 -0.072222
v -1.166675 1.843281 0.071648
v -1.195931 1.681977 0.297329
v -1.368737 1.565999 0.476962
v -1.195931 1.681977 0.297329
v -1.583589 1.560674 0.507182
v -1.481033 1.542556 0.517016
v -1.717956 1.669334 0.375926
v -1.668721 1.603745 0.460418
v -1.691649 1.824388 0.151861
v -1.517549 1.940909 -0.030097
v -1.691649 1.824388 0.151861
v -0.867541 4.179178 0.143139
v -0.758865 4.284760 -0.168088
v -0.758865 4.284760 -0.168088
v -0.694024 4.460634 -0.387109
v -0.656424 4.660577 -0.386111
v -0.517905 4.715650 -0.379983
v -0.890270 4.299194 0.224482
v -0.875671 4.265981 0.454785
v -0.641227 4.153704 0.648296
v -0.792284 4.202947 0.572468
v -0.453349 4.142090 0.689297
v -0.455895 4.143045 0.699963
v -0.721624 4.574598 -0.391810
v -0.730934 4.582724 -0.399808
v -1.406710 1.963920 -0.072222
v -1.301649 1.949519 -0.061819
v -1.166675 1.843281 0.071648
v -1.195931 1.681977 0.297329
v -1.195931 1.681977 0.297329
v -1.368737 1.565999 0.476962
v -1.481033 1.542556 0.517016
v -1.583589 1.560674 0.507182
v -1.668721 1.603745 0.460418
v -1.717956 1.669334 0.375926
v -1.691649 1.824388 0.151861
v -1.691649 1.824388 0.151861
v -1.517549 1.940909 -0.030097
v -1.241941 2.729236 -0.205986
v -1.243882 2.707265 -0.244970
v -1.238932 2.709579 -0.249547
v -1.365519 2.666962 -0.127736
v -1.259256 2.739670 -0.159275
v -1.256310 2.745460 -0.148571
v -1.434469 2.585916 -0.182979
v -1.438571 2.603942 -0.156395
v -1.444828 2.601947 -0.152022
v -1.328433 2.620519 -0.231819
v -1.420579 2.578635 -0.215500
v -1.423235 2.573095 -0.222674
v -0.501689 5.106651 0.208934
v -0.439799 5.097943 0.176518
v -0.538647 4.990761 0.582155
v -0.574758 5.027201 0.527292
v -0.605475 5.076955 0.393696
v -0.605475 5.076955 0.393696
v -0.551618 5.103100 0.260666
v -0.444261 4.915301 0.642589
v -0.501958 4.922849 0.603100
v -0.384270 4.885716 0.649438
v -0.386327 4.884795 0.657255
v -1.290732 2.806804 -0.164928
v -1.274360 2.793995 -0.219648
v -1.513995 2.702877 -0.292489
v -1.465650 2.706911 -0.328575
v -1.362032 2.739562 -0.293863
v -1.328433 2.620519 -0.231819
v -1.362032 2.739562 -0.293863
v -0.194884 5.487252 0.989616
v -0.190974 5.461610 0.998650
v -0.202134 5.524463 0.971504
v -0.198902 5.484178 0.976456
v -0.270823 5.483673 0.973553
v -0.232034 5.527251 0.966285
v -0.198902 5.484178 0.976456
v -0.194973 5.458167 0.985501
v -0.269213 5.451271 0.977441
v -0.270823 5.483673 0.973553
v -0.198902 5.484178 0.976456
v -0.269213 5.451271 0.977441
v -0.194973 5.458167 0.985501
v -0.202134 5.524463 0.971504
v -0.202134 5.524463 0.971504
v -0.232034 5.527251 0.966285
v -0.270823 5.483673 0.973553
v -0.198902 5.484178 0.976456
v -0.203606 5.419693 0.961858
v -0.194973 5.458167 0.985501
v -0.269213 5.451271 0.977441
v -0.200804 5.398861 0.974416
v -0.203039 5.331846 0.974759
v -0.197472 5.377931 0.988522
v -0.194973 5.458167 0.985501
v -0.198902 5.484178 0.976456
v -0.270823 5.483673 0.973553
v -0.269213 5.451271 0.977441
v -0.192050 5.541721 1.005788
v -0.205546 5.286984 0.969374
v -0.202134 5.524463 0.971504
v -0.232034 5.527251 0.966285
v -0.454682 6.002840 0.232857
v -0.486113 5.842170 0.111920
v -0.399865 6.085715 0.417779
v -0.336353 6.068593 0.617130
v -0.281188 5.955993 0.777405
v -0.482405 5.648684 0.097892
v -0.475522 5.593403 0.109669
v -0.440112 5.431269 0.181531
v -0.261251 5.870466 0.829425
v -0.399243 5.309238 0.265590
v -0.127214 2.792496 -0.061564
v -0.127214 2.792496 -0.061564
v -0.417900 4.689782 0.621902
v -0.432568 4.514548 0.646701
v -0.454122 4.277169 0.706512
v -0.453349 4.142090 0.689297
v -0.457563 4.004253 0.697967
v -0.444172 3.817709 0.648644
v -0.423693 3.662395 0.595649
v -0.389450 3.354855 0.566546
v -0.372502 3.099661 0.461065
v -0.361877 2.964697 0.389041
v -0.304848 2.962936 0.232192
v -0.304848 2.962936 0.232192
v -0.361928 5.209471 0.272263
v -0.307908 5.068094 0.168131
v -0.189441 4.713111 -0.346171
v -0.307908 5.068094 0.168131
v -0.170640 5.532376 0.960813
v -0.129822 5.478517 0.945690
v -0.083718 5.466249 0.883814
v -0.144775 5.548952 0.941093
v -0.128685 5.460957 0.946919
v -0.108639 5.455624 0.923473
v -0.095534 5.463169 0.874674
v -0.141796 5.489027 0.932905
v -0.180915 5.529372 0.950181
v -0.155870 5.545985 0.931341
v -0.095534 5.463169 0.874674
v -0.121384 5.452187 0.915051
v -0.140090 5.457150 0.937009
v -0.141796 5.489027 0.932905
v -0.180915 5.529372 0.950181
v -0.202134 5.524463 0.971504
v -0.095534 5.463169 0.874674
v -0.155870 5.545985 0.931341
v -0.155870 5.545985 0.931341
v -0.180915 5.529372 0.950181
v -0.121384 5.452187 0.915051
v -0.095534 5.463169 0.874674
v -0.140090 5.457150 0.937009
v -0.121384 5.452187 0.915051
v -0.145821 5.424299 0.924623
v -0.145994 5.401705 0.930709
v -0.102068 5.402893 0.894970
v -0.101299 5.419715 0.882535
v -0.141893 5.735127 0.742506
v -0.172537 5.734201 0.760773
v -0.175698 5.712114 0.754403
v -0.143070 5.711792 0.737664
v -0.174149 5.685861 0.769968
v -0.176048 5.677283 0.803680
v -0.130846 5.664989 0.770368
v -0.135096 5.676768 0.759327
v -0.101225 5.744203 0.721992
v -0.107355 5.735209 0.715253
v -0.089894 5.713307 0.705889
v -0.086937 5.709916 0.692155
v -0.176858 5.753273 0.789322
v -0.177580 5.743872 0.771636
v -0.141648 5.744727 0.745403
v -0.132647 5.756413 0.768057
v -0.193989 5.715308 0.800159
v -0.193817 5.713566 0.775697
v -0.081140 5.445779 0.716404
v -0.082563 5.436574 0.785787
v -0.081809 5.378733 0.808763
v -0.088117 5.359133 0.751781
v -0.084883 5.484367 0.477417
v -0.055952 5.555115 0.627576
v -0.075255 5.426294 0.635343
v -0.090817 5.394978 0.545410
v -0.089017 5.671932 0.728603
v -0.097650 5.682090 0.731739
v -0.109390 5.726969 0.717271
v -0.107741 5.711268 0.721525
v -0.096740 5.711806 0.709827
v -0.171013 5.688983 0.763303
v -0.138191 5.683838 0.750159
v -0.104285 5.686579 0.729772
v -0.207612 5.661207 0.848673
v -0.121313 5.654386 0.788260
v -0.073097 5.663362 0.716344
v -0.066644 5.708001 0.665856
v -0.079100 5.767398 0.696101
v -0.131082 5.802940 0.773097
v -0.191805 5.775218 0.827713
v -0.208223 5.716248 0.832100
v -0.194305 5.602546 0.863680
v -0.117836 5.595609 0.780529
v -0.051582 5.694359 0.618902
v -0.068230 5.795502 0.632118
v -0.133316 5.846947 0.723754
v -0.217304 5.703870 0.865716
v -0.219164 5.756784 0.864811
v -0.227513 5.752533 0.874192
v -0.224876 5.704143 0.882774
v -0.205677 5.662971 0.931469
v -0.201214 5.659480 0.906298
v -0.189425 5.713815 0.767441
v -0.166110 5.574905 0.905691
v -0.103485 5.526381 0.818085
v -0.121384 5.452187 0.915051
v -0.140090 5.457150 0.937009
v -0.169320 5.592793 0.962434
v -0.179833 5.611360 0.946815
v -0.186782 5.616334 0.975811
v -0.175606 5.597036 0.994360
v -0.148532 5.340909 0.929466
v -0.097852 5.376828 0.885182
v -0.112737 5.385825 0.914445
v -0.144956 5.379858 0.940683
v -0.114035 5.301773 0.821859
v -0.101403 5.337028 0.859810
v -0.146247 5.303478 0.927588
v -0.153546 5.266264 0.893388
v -0.087836 5.415763 0.854200
v -0.095534 5.463169 0.874674
v -0.121384 5.452187 0.915051
v -0.213220 5.713648 0.851106
v -0.214518 5.760936 0.854646
v -0.205284 5.663908 0.879973
v -0.163443 5.567866 1.009599
v -0.170596 5.548864 0.984992
v -0.156643 5.555061 0.948081
v -0.153855 5.565610 0.979592
v -0.169086 5.585756 0.928850
v -0.185415 5.607665 0.912914
v -0.210341 5.781743 0.854266
v -0.200695 5.794983 0.844694
v -0.209988 5.801340 0.854836
v -0.216226 5.778744 0.864823
v -0.226802 5.777893 0.871839
v -0.228571 5.802630 0.861029
v -0.155870 5.545985 0.931341
v -0.095534 5.463169 0.874674
v -0.095534 5.463169 0.874674
v -0.084994 5.400334 0.864483
v -0.180915 5.529372 0.950181
v -0.141796 5.489027 0.932905
v -0.095534 5.463169 0.874674
v -0.155870 5.545985 0.931341
v -0.140090 5.457150 0.937009
v -0.121384 5.452187 0.915051
v -0.095534 5.463169 0.874674
v -0.141796 5.489027 0.932905
v -0.180915 5.529372 0.950181
v -0.155870 5.545985 0.931341
v -0.155870 5.545985 0.931341
v -0.109390 5.726969 0.717271
v -0.141893 5.735127 0.742506
v -0.096740 5.711806 0.709827
v -0.104285 5.686579 0.729772
v -0.138191 5.683838 0.750159
v -0.171013 5.688983 0.763303
v -0.189425 5.713815 0.767441
v -0.172537 5.734201 0.760773
v -0.332440 5.830657 0.116302
v -0.411184 5.840849 0.101389
v -0.380787 5.996234 0.218344
v -0.305188 5.969975 0.221161
v -0.327775 6.076377 0.397178
v -0.257658 6.041829 0.381499
v -0.267783 6.059772 0.590420
v -0.202589 6.026994 0.554350
v -0.228916 5.950341 0.750084
v -0.182142 5.928279 0.702039
v -0.330171 5.662310 0.101330
v -0.406745 5.654204 0.090668
v -0.256131 5.812413 0.155448
v -0.233879 5.926157 0.241066
v -0.195072 5.984831 0.371981
v -0.150108 5.972714 0.513115
v -0.129630 5.892279 0.632509
v -0.255865 5.674076 0.138070
v -0.187455 5.787359 0.216158
v -0.171720 5.867789 0.276700
v -0.144279 5.909278 0.369270
v -0.112485 5.900708 0.469067
v -0.091111 5.829320 0.548711
v -0.187267 5.689540 0.203870
v -0.122868 5.637422 0.305184
v -0.115715 5.685116 0.335485
v -0.102528 5.708875 0.383231
v -0.096281 5.702214 0.406262
v -0.083286 5.658523 0.458170
v -0.078860 5.611598 0.485668
v -0.121371 5.590014 0.310572
v -0.062350 5.673884 0.396629
v -0.064789 5.639138 0.444362
v -0.060698 5.624889 0.371826
v -0.062031 5.674369 0.359372
v -0.064630 5.610545 0.299534
v -0.062882 5.651765 0.321085
v -0.066231 5.600455 0.468566
v -0.062223 5.576112 0.385030
v -0.066537 5.571130 0.303975
v -0.188269 5.225294 0.797864
v -0.164882 5.244926 0.853745
v -0.097326 5.338287 0.690308
v -0.119723 5.319089 0.616551
v -0.088861 5.539722 0.466893
v -0.157926 5.261096 0.698510
v -0.130116 5.276106 0.773338
v -0.227504 5.198176 0.694198
v -0.150392 5.283615 0.524210
v -0.120711 5.358685 0.461991
v -0.067576 5.523718 0.394899
v -0.072653 5.537301 0.453307
v -0.074314 5.487648 0.457855
v -0.087465 5.458620 0.409513
v -0.190760 5.230300 0.600742
v -0.111667 5.450907 0.439906
v -0.190018 5.866950 0.793000
v -0.160278 5.238049 0.497994
v -0.146223 5.319212 0.424722
v -0.079787 5.517365 0.323844
v -0.105406 5.473232 0.350728
v -0.206197 5.168506 0.578144
v -0.264938 5.121165 0.635509
v -0.141992 5.467286 0.379187
v -0.396950 5.599786 0.106805
v -0.320515 5.608693 0.125196
v -0.253320 5.618856 0.158281
v -0.191151 5.632499 0.218231
v -0.126729 5.523714 0.340496
v -0.359902 5.436978 0.172714
v -0.292227 5.444962 0.189633
v -0.235600 5.453753 0.229567
v -0.189009 5.464192 0.281092
v -0.257474 5.316243 0.267778
v -0.211136 5.320520 0.292646
v -0.179641 5.322762 0.336691
v -0.233328 5.869032 0.814600
v -0.081519 5.697515 0.359564
v -0.076692 5.694982 0.403037
v -0.072664 5.653748 0.455865
v -0.090840 5.627963 0.284937
v -0.087301 5.674106 0.311908
v -0.071696 5.608428 0.484203
v -0.090868 5.582100 0.289929
v -0.081918 5.536559 0.465816
v -0.098762 5.447436 0.414577
v -0.122339 5.465307 0.348219
v -0.100580 5.518647 0.314197
v -0.327587 5.311720 0.255634
v 1.179616 2.710744 -0.081060
v 1.193506 2.720349 -0.141660
v 1.179625 2.656119 -0.190556
v 1.176939 2.678928 -0.139391
v 1.184551 2.672680 -0.136430
v 1.188389 2.653588 -0.176581
v 1.113865 2.630292 -0.175550
v 1.120140 2.665804 -0.135585
v 1.201299 2.679711 -0.088130
v 1.184551 2.672680 -0.136430
v 1.120140 2.665804 -0.135585
v 1.109706 2.682819 -0.079739
v 1.176204 2.700888 -0.015051
v 1.190383 2.684435 -0.076679
v 0.672992 2.416739 -0.008555
v 0.664956 2.424455 -0.053367
v 0.678570 2.399317 -0.073811
v 0.685195 2.379261 -0.041292
v 0.693031 2.453418 -0.041161
v 0.664956 2.424455 -0.053367
v 0.672992 2.416739 -0.008555
v 0.705993 2.461255 0.007325
v 0.722443 2.415686 0.019495
v 0.728666 2.391769 -0.004623
v 0.722443 2.415686 0.019495
v 0.743274 2.445702 0.028076
v 0.874072 2.471830 -0.012283
v 0.943745 2.500818 -0.012866
v 0.966544 2.461904 -0.045416
v 0.887515 2.446347 -0.047179
v 0.941979 2.537177 0.024069
v 0.943745 2.500818 -0.012866
v 0.874072 2.471830 -0.012283
v 0.875551 2.482664 0.031252
v 1.324359 2.701570 0.020319
v 1.315692 2.605797 -0.015290
v 1.315445 2.605463 -0.026979
v 1.164348 2.666626 -0.042980
v 1.059994 2.601409 0.019417
v 1.026739 2.622608 -0.002515
v 0.966432 2.521358 0.055151
v 1.270736 2.580958 0.016066
v 1.124090 2.536149 0.065766
v 1.027524 2.457963 0.101365
v 0.925618 2.428027 0.075322
v 0.897172 2.470057 0.067932
v 1.190413 2.468726 0.092059
v 1.091920 2.385597 0.128419
v 0.989429 2.351306 0.099633
v 0.955824 2.391441 0.103011
v 1.358909 2.494618 0.023117
v 1.420899 2.561607 -0.039825
v 1.367856 2.455734 0.001881
v 1.441235 2.711059 0.000119
v 1.432316 2.563950 -0.027216
v 1.254207 2.398230 0.082442
v 1.282553 2.361611 0.060439
v 1.163473 2.303876 0.126283
v 1.191381 2.271314 0.104681
v 1.056684 2.268548 0.117575
v 1.016888 2.315600 0.123740
v 1.101599 2.235743 0.130073
v 1.129457 2.210007 0.099391
v 1.460913 2.724335 -0.061321
v 1.438662 2.551874 -0.075547
v 1.428229 2.554950 -0.077139
v 1.373874 2.432329 -0.034945
v 1.421377 2.561857 -0.116521
v 1.428229 2.554950 -0.077139
v 1.373874 2.432329 -0.034945
v 1.384361 2.426988 -0.077623
v 1.441745 2.739584 -0.123064
v 1.431858 2.561693 -0.127695
v 1.289469 2.335083 0.018319
v 1.289469 2.335083 0.018319
v 1.278155 2.329063 -0.022167
v 1.199585 2.252841 0.062122
v 1.199585 2.252841 0.062122
v 1.190096 2.253066 0.020212
v 1.140256 2.202028 0.056972
v 1.140256 2.202028 0.056972
v 1.133730 2.210737 0.014826
v 1.320843 2.728158 -0.157055
v 1.308258 2.581431 -0.168385
v 1.308156 2.582082 -0.157160
v 1.319136 2.485409 -0.122041
v 1.251423 2.353555 -0.040185
v 1.163882 2.276546 0.000201
v 1.192108 2.416437 -0.058303
v 1.098513 2.342735 -0.022848
v 1.078506 2.258719 0.000031
v 1.108372 2.235298 -0.001888
v 1.207487 2.566187 -0.158896
v 1.131856 2.475438 -0.085500
v 1.035393 2.405312 -0.051944
v 1.009882 2.323349 -0.025763
v 1.052811 2.294182 -0.021114
v 1.320843 2.728158 -0.157055
v 1.308258 2.581431 -0.168385
v 1.069307 2.519541 -0.112933
v 1.037088 2.525316 -0.125717
v 0.984202 2.454148 -0.065073
v 0.941221 2.389183 -0.045926
v 0.980527 2.358757 -0.044842
v 0.910952 2.416323 -0.054350
v 1.020841 2.148053 -0.182257
v 1.034565 2.158966 -0.161191
v 1.060322 2.158099 -0.162174
v 1.048875 2.137784 -0.188741
v 1.064725 2.134468 -0.154478
v 1.061337 2.114991 -0.173608
v 1.021379 2.104515 -0.193529
v 1.048875 2.137784 -0.188741
v 1.061337 2.114991 -0.173608
v 1.035540 2.094373 -0.177883
v 1.005449 2.119022 -0.184006
v 1.020841 2.148053 -0.182257
v 0.965623 2.114457 -0.244411
v 0.979257 2.131217 -0.226076
v 1.005221 2.127960 -0.226749
v 0.992777 2.099868 -0.247196
v 1.006569 2.107744 -0.210314
v 1.002285 2.082817 -0.223235
v 0.962587 2.069283 -0.240779
v 0.992777 2.099868 -0.247196
v 1.002285 2.082817 -0.223235
v 0.973864 2.063307 -0.220480
v 0.945118 2.085722 -0.235735
v 0.965623 2.114457 -0.244411
v 0.860528 2.158585 -0.261350
v 0.875035 2.175137 -0.243490
v 0.901801 2.170781 -0.246720
v 0.887763 2.142546 -0.266583
v 0.901804 2.150813 -0.228168
v 0.896456 2.125836 -0.240689
v 0.855229 2.113805 -0.255073
v 0.887763 2.142546 -0.266583
v 0.896456 2.125836 -0.240689
v 0.867170 2.108551 -0.234130
v 0.840438 2.132884 -0.249496
v 0.860528 2.158585 -0.261350
v 0.747559 2.181263 -0.202822
v 0.768275 2.199709 -0.195829
v 0.792186 2.188861 -0.202565
v 0.770679 2.159264 -0.207409
v 0.795282 2.177078 -0.178434
v 0.783931 2.150853 -0.179452
v 0.738590 2.143063 -0.179051
v 0.770679 2.159264 -0.207409
v 0.783931 2.150853 -0.179452
v 0.755042 2.142853 -0.160655
v 0.727914 2.165479 -0.177897
v 0.747559 2.181263 -0.202822
v 1.065488 2.238866 0.008037
v 1.089886 2.217244 -0.003560
v 1.112858 2.194727 0.011230
v 1.032965 2.152572 -0.036695
v 1.035937 2.158249 -0.022265
v 1.046965 2.129155 -0.011816
v 1.043799 2.124154 -0.026600
v 1.006095 2.163522 -0.032697
v 1.009080 2.170279 -0.017078
v 1.118490 2.186237 0.050941
v 1.118490 2.186237 0.050941
v 1.108332 2.192852 0.091623
v 1.023112 2.089827 0.002631
v 1.029818 2.098229 0.018529
v 1.011071 2.091472 0.046551
v 1.001887 2.079498 0.025280
v 1.023112 2.089827 0.002631
v 1.029818 2.098229 0.018529
v 1.083692 2.214761 0.110204
v 1.060063 2.237154 0.100898
v 0.975362 2.090242 0.026498
v 0.984362 2.103370 0.051210
v 0.967996 2.126693 0.038925
v 0.960963 2.114689 0.014205
v 1.057451 2.256304 0.057928
v 1.054593 2.244768 0.054892
v 1.054593 2.244768 0.054892
v 1.057451 2.256304 0.057928
v 0.975419 2.143759 -0.010843
v 0.979108 2.152221 0.010021
v 0.975419 2.143759 -0.010843
v 0.979108 2.152221 0.010021
v 1.009520 2.298654 -0.019790
v 1.036678 2.275434 -0.026198
v 1.053327 2.255175 -0.000044
v 0.962432 2.171496 -0.078280
v 0.965625 2.181481 -0.066964
v 0.978003 2.159726 -0.048671
v 0.973406 2.149013 -0.060320
v 0.933876 2.183346 -0.077642
v 0.936842 2.194087 -0.065807
v 1.045789 2.252163 0.052485
v 1.045789 2.252163 0.052485
v 1.025069 2.263641 0.091592
v 0.998239 2.287494 0.099134
v 0.979436 2.306608 0.074504
v 0.893529 2.130618 -0.003290
v 0.898532 2.143808 0.011330
v 0.886849 2.166231 -0.006881
v 0.882219 2.152996 -0.020887
v 0.921973 2.118077 -0.004963
v 0.927180 2.130449 0.009035
v 0.988192 2.321065 0.026845
v 0.986194 2.309180 0.024272
v 0.986194 2.309180 0.024272
v 0.988192 2.321065 0.026845
v 0.901474 2.173663 -0.052580
v 0.905412 2.186089 -0.039529
v 0.901474 2.173663 -0.052580
v 0.905412 2.186089 -0.039529
v 0.933353 2.364239 -0.031071
v 0.960363 2.340637 -0.043355
v 0.978290 2.321358 -0.017719
v 0.868187 2.231469 -0.079889
v 0.875568 2.243374 -0.071344
v 0.886364 2.221095 -0.051828
v 0.879119 2.209639 -0.060948
v 0.840773 2.245391 -0.077827
v 0.847210 2.257315 -0.068765
v 0.978063 2.317038 0.021063
v 0.978063 2.317038 0.021063
v 0.956418 2.333199 0.071852
v 0.935587 2.366041 0.085158
v 0.919921 2.393787 0.067383
v 0.804319 2.201300 0.003605
v 0.810960 2.214060 0.015382
v 0.799350 2.235707 -0.004030
v 0.792979 2.222920 -0.015082
v 0.831516 2.187301 0.001729
v 0.838414 2.199319 0.012841
v 0.918957 2.399123 0.025975
v 0.915292 2.386846 0.025371
v 0.915292 2.386846 0.025371
v 0.918957 2.399123 0.025975
v 0.810409 2.240019 -0.049324
v 0.816535 2.252458 -0.039043
v 0.810409 2.240019 -0.049324
v 0.816535 2.252458 -0.039043
v 0.865682 2.431282 -0.036350
v 0.888012 2.404543 -0.041421
v 0.906319 2.386209 -0.022866
v 0.803173 2.312756 -0.050391
v 0.809907 2.322973 -0.045342
v 0.821375 2.303882 -0.023876
v 0.815223 2.294075 -0.029587
v 0.775985 2.327863 -0.048831
v 0.782597 2.338508 -0.043591
v 0.906988 2.395801 0.024814
v 0.906988 2.395801 0.024814
v 0.897505 2.419134 0.059964
v 0.873627 2.445043 0.061087
v 0.854133 2.460374 0.034886
v 0.745860 2.299589 0.036381
v 0.753099 2.312265 0.043884
v 0.741157 2.331153 0.022141
v 0.734145 2.318202 0.014788
v 0.771956 2.284437 0.036462
v 0.779102 2.296342 0.043938
v 0.852635 2.452603 -0.004170
v 0.852635 2.452603 -0.004170
v 0.748482 2.328764 -0.020068
v 0.755386 2.340432 -0.014331
v 0.748482 2.328764 -0.020068
v 0.755386 2.340432 -0.014331
v 0.954083 2.127715 -0.029630
v 0.959096 2.139210 -0.016657
v 0.954083 2.127715 -0.029630
v 0.959096 2.139210 -0.016657
v 0.861447 2.192511 -0.026384
v 0.868306 2.204069 -0.015873
v 0.861447 2.192511 -0.026384
v 0.868306 2.204069 -0.015873
v 0.800048 2.283670 0.006858
v 0.806820 2.294423 0.013383
v 0.800048 2.283670 0.006858
v 0.806820 2.294423 0.013383
v 0.992083 2.139032 -0.092022
v 1.000942 2.156145 -0.045742
v 1.031308 2.148573 -0.050823
v 1.020955 2.131743 -0.088635
v 1.041491 2.119649 -0.040912
v 1.033714 2.105249 -0.083022
v 1.020833 2.084772 -0.015658
v 1.019010 2.072481 -0.083724
v 1.019010 2.072481 -0.083724
v 1.020833 2.084772 -0.015658
v 0.997436 2.071447 0.001412
v 0.989088 2.050365 -0.082676
v 0.970213 2.081496 0.003258
v 0.960364 2.059001 -0.077856
v 0.955626 2.106203 -0.005450
v 0.947429 2.084961 -0.085832
v 0.970662 2.136198 -0.027660
v 0.961513 2.116805 -0.087384
v 0.961513 2.116805 -0.087384
v 0.970662 2.136198 -0.027660
v 0.919370 2.123566 -0.159065
v 0.931946 2.175179 -0.088856
v 0.960655 2.163682 -0.089263
v 0.947209 2.113176 -0.156951
v 0.971577 2.141073 -0.071642
v 0.957920 2.089689 -0.141876
v 0.952141 2.119134 -0.042054
v 0.938626 2.065113 -0.118189
v 0.938626 2.065113 -0.118189
v 0.952141 2.119134 -0.042054
v 0.919891 2.108679 -0.018635
v 0.906728 2.051435 -0.101386
v 0.891390 2.120639 -0.017756
v 0.878624 2.061973 -0.102758
v 0.880073 2.143297 -0.034646
v 0.867643 2.085255 -0.117757
v 0.899478 2.164842 -0.064882
v 0.888417 2.110764 -0.142262
v 0.888417 2.110764 -0.142262
v 0.899478 2.164842 -0.064882
v 0.815539 2.182249 -0.150550
v 0.836456 2.235240 -0.089256
v 0.863616 2.221419 -0.090861
v 0.842634 2.173550 -0.143130
v 0.874772 2.199627 -0.072409
v 0.852935 2.148222 -0.131368
v 0.857368 2.182045 -0.039255
v 0.833079 2.118046 -0.119246
v 0.833079 2.118046 -0.119246
v 0.857368 2.182045 -0.039255
v 0.827007 2.176268 -0.011517
v 0.802050 2.103219 -0.107920
v 0.799775 2.190113 -0.009726
v 0.774704 2.114052 -0.110727
v 0.788580 2.211745 -0.028421
v 0.763945 2.137894 -0.124599
v 0.805979 2.229347 -0.061551
v 0.783064 2.163780 -0.143841
v 0.783064 2.163780 -0.143841
v 0.805979 2.229347 -0.061551
v 0.742709 2.253449 -0.105751
v 0.771734 2.318933 -0.055434
v 0.798972 2.304083 -0.056790
v 0.769457 2.241336 -0.103198
v 0.811105 2.285319 -0.036338
v 0.779802 2.219940 -0.085262
v 0.795447 2.274136 -0.000454
v 0.761139 2.200339 -0.058577
v 0.761139 2.200339 -0.058577
v 0.795447 2.274136 -0.000454
v 0.767069 2.273989 0.028199
v 0.730066 2.192151 -0.038289
v 0.740804 2.289091 0.028411
v 0.703194 2.204521 -0.040297
v 0.729178 2.307797 0.006974
v 0.692499 2.224179 -0.060488
v 0.743712 2.318946 -0.027252
v 0.711237 2.243585 -0.087554
v 0.711237 2.243585 -0.087554
v 0.743712 2.318946 -0.027252
v 1.017038 2.156361 -0.135694
v 0.992447 2.137536 -0.101486
v 1.022090 2.131796 -0.093288
v 1.044394 2.149064 -0.125941
v 1.035372 2.105302 -0.091972
v 1.058083 2.123219 -0.126410
v 1.020572 2.071896 -0.096697
v 1.044802 2.090299 -0.139774
v 1.044802 2.090299 -0.139774
v 1.020572 2.071896 -0.096697
v 0.991596 2.049796 -0.101683
v 1.017631 2.068398 -0.155093
v 0.961588 2.056825 -0.098846
v 0.990244 2.075910 -0.163174
v 0.950130 2.084093 -0.106786
v 0.976693 2.101882 -0.162718
v 0.963320 2.115932 -0.102051
v 0.988526 2.133173 -0.151068
v 0.988526 2.133173 -0.151068
v 0.963320 2.115932 -0.102051
v 0.958239 2.137820 -0.198553
v 0.919166 2.119969 -0.164897
v 0.946117 2.108079 -0.164185
v 0.983986 2.131465 -0.186132
v 0.957053 2.085271 -0.148368
v 0.996597 2.107398 -0.176649
v 0.938248 2.060111 -0.126722
v 0.978635 2.070344 -0.179533
v 0.978635 2.070344 -0.179533
v 0.938248 2.060111 -0.126722
v 0.906417 2.045416 -0.111952
v 0.949826 2.046341 -0.187600
v 0.878486 2.055457 -0.114449
v 0.923323 2.052463 -0.199144
v 0.866933 2.078907 -0.127983
v 0.906992 2.074849 -0.205304
v 0.889573 2.106622 -0.151502
v 0.929407 2.113284 -0.207589
v 0.929407 2.113284 -0.207589
v 0.889573 2.106622 -0.151502
v 0.855068 2.185373 -0.211094
v 0.818077 2.180486 -0.157795
v 0.845451 2.172799 -0.148990
v 0.881226 2.178465 -0.199538
v 0.855791 2.147346 -0.137674
v 0.891932 2.152811 -0.190291
v 0.835652 2.115475 -0.128446
v 0.873532 2.118056 -0.190283
v 0.873532 2.118056 -0.190283
v 0.835652 2.115475 -0.128446
v 0.804187 2.098364 -0.120817
v 0.842102 2.094336 -0.195563
v 0.776492 2.108329 -0.124603
v 0.816535 2.101910 -0.206845
v 0.766809 2.132454 -0.139661
v 0.807028 2.128183 -0.216962
v 0.785971 2.160912 -0.153877
v 0.825224 2.162303 -0.217860
v 0.825224 2.162303 -0.217860
v 0.785971 2.160912 -0.153877
v 0.758383 2.223735 -0.166191
v 0.741952 2.247964 -0.111905
v 0.768772 2.236850 -0.108003
v 0.785617 2.215792 -0.158651
v 0.778828 2.215028 -0.090430
v 0.794618 2.192492 -0.142797
v 0.759672 2.193597 -0.065946
v 0.773179 2.164574 -0.125762
v 0.773179 2.164574 -0.125762
v 0.759672 2.193597 -0.065946
v 0.727987 2.183445 -0.047836
v 0.739677 2.147797 -0.115410
v 0.700823 2.194958 -0.050658
v 0.712621 2.156249 -0.122403
v 0.690667 2.215358 -0.070308
v 0.703098 2.178844 -0.138648
v 0.710139 2.236622 -0.095472
v 0.724901 2.206184 -0.157074
v 0.724901 2.206184 -0.157074
v 0.710139 2.236622 -0.095472
v 1.005436 2.516166 -0.135573
v 1.049382 2.617013 -0.162526
v 1.044770 2.666559 -0.085780
v 0.993910 2.620709 -0.017250
v 0.911394 2.557281 -0.041146
v 0.910082 2.550418 -0.107108
v 1.054957 2.652588 -0.131139
v 1.054957 2.652588 -0.131139
v 0.911896 2.522109 -0.141660
v 1.054957 2.652588 -0.131139
v 0.911044 2.488246 -0.161838
v 0.911896 2.522109 -0.141660
v 0.955213 2.467125 -0.063059
v 0.953777 2.493469 -0.014576
v 0.953777 2.493469 -0.014576
v 0.947995 2.538140 0.006920
v 0.906590 2.515283 -0.000184
v 0.906222 2.444198 -0.131743
v 0.815627 2.415848 -0.139498
v 0.825952 2.423348 -0.141684
v 0.846756 2.399657 -0.112207
v 0.838608 2.394649 -0.109889
v 0.844081 2.518114 -0.031752
v 0.852073 2.522804 -0.032865
v 0.828288 2.497216 -0.091689
v 0.818313 2.490793 -0.089828
v 0.814300 2.452750 -0.120729
v 0.824178 2.459924 -0.122690
v 0.824178 2.459924 -0.122690
v 0.814300 2.452750 -0.120729
v 0.902408 2.440555 -0.067058
v 0.858209 2.410735 -0.043861
v 0.903857 2.474902 -0.026374
v 0.903857 2.474902 -0.026374
v 0.864528 2.492560 0.007009
v 0.747438 2.373849 -0.077345
v 0.721727 2.397592 -0.106882
v 0.793680 2.408237 -0.129950
v 0.816466 2.384937 -0.099724
v 0.741890 2.468738 -0.062132
v 0.778367 2.485735 -0.006296
v 0.826607 2.505373 -0.023356
v 0.803163 2.479438 -0.080684
v 0.797031 2.443868 -0.111761
v 0.727247 2.433586 -0.090492
v 0.727247 2.433586 -0.090492
v 0.797031 2.443868 -0.111761
v 0.776278 2.389955 -0.017606
v 0.834339 2.401123 -0.034141
v 0.848087 2.440699 -0.004254
v 0.789674 2.425120 0.011427
v 0.789674 2.425120 0.011427
v 0.848087 2.440699 -0.004254
v 0.846859 2.480601 0.013128
v 0.796521 2.461100 0.027135
v 0.866271 2.452276 -0.011993
v 0.866271 2.452276 -0.011993
v 1.324095 2.703142 0.017388
v 1.336912 2.942578 0.081511
v 1.189668 2.957713 0.040643
v 1.180748 2.700135 -0.019522
v 1.436613 2.711723 -0.005038
v 1.469861 3.026636 0.062581
v 1.499913 3.255239 0.110852
v 1.517794 3.013138 -0.041355
v 1.567065 3.305619 -0.033174
v 1.465800 3.028282 -0.140299
v 1.505445 3.329358 -0.186702
v 1.315392 3.015981 -0.186407
v 1.328933 3.305763 -0.232376
v 1.328933 3.305763 -0.232376
v 1.315392 3.015981 -0.186407
v 1.212520 3.003930 -0.153417
v 1.202039 3.271068 -0.180045
v 1.169078 2.969800 -0.059819
v 1.125728 3.233035 -0.060950
v 1.167581 3.205014 0.091252
v 1.342720 3.215638 0.162690
v 1.478283 3.546964 0.165097
v 1.543130 3.606286 0.014646
v 1.489934 3.611696 -0.146886
v 1.328765 3.548089 -0.206109
v 1.328765 3.548089 -0.206109
v 1.202130 3.509001 -0.155623
v 1.141566 3.453043 -0.017075
v 1.157351 3.451186 0.141351
v 1.327932 3.480141 0.217683
v 1.333117 3.825291 0.162100
v 1.421271 3.695412 0.176694
v 1.475327 3.749749 0.027760
v 1.383478 3.872129 0.023920
v 1.434394 3.735251 -0.131451
v 1.346678 3.848798 -0.123966
v 1.298215 3.655074 -0.208322
v 1.224154 3.757166 -0.195777
v 1.224154 3.757166 -0.195777
v 1.298215 3.655074 -0.208322
v 1.192013 3.595436 -0.151931
v 1.139328 3.684323 -0.144863
v 1.152447 3.567648 -0.001132
v 1.092404 3.647269 -0.005469
v 1.160080 3.550732 0.153585
v 1.106293 3.650576 0.138191
v 1.298597 3.614145 0.229241
v 1.223305 3.738903 0.209376
v 1.176897 4.080014 0.151472
v 1.260423 3.950561 0.151680
v 1.316925 4.003493 0.023757
v 1.222832 4.132793 0.025878
v 1.275904 3.968752 -0.115825
v 1.195780 4.098428 -0.112414
v 1.137052 3.865045 -0.185398
v 1.043316 3.975737 -0.184672
v 1.043316 3.975737 -0.184672
v 1.137052 3.865045 -0.185398
v 1.029935 3.795575 -0.127050
v 0.925609 3.873695 -0.144587
v 1.001162 3.722391 -0.011960
v 0.866972 3.814704 -0.020109
v 1.006697 3.741748 0.123437
v 0.894701 3.840786 0.117627
v 1.134249 3.851846 0.192409
v 1.036671 3.964834 0.188981
v 1.041450 4.262105 0.165206
v 1.109692 4.330235 0.031183
v 1.078554 4.293158 -0.131818
v 0.920462 4.155256 -0.209728
v 0.920462 4.155256 -0.209728
v 0.770615 4.019130 -0.159246
v 0.688886 3.954993 -0.033561
v 0.699537 3.972617 0.119131
v 0.880745 4.120343 0.204984
v 0.839239 4.452976 0.201695
v 0.933136 4.519569 0.059760
v 0.925082 4.476485 -0.118003
v 0.778378 4.345520 -0.225343
v 0.778378 4.345520 -0.225343
v 0.637738 4.213774 -0.137514
v 0.498342 4.166433 0.016611
v 0.505235 4.188524 0.171644
v 0.651115 4.319543 0.265552
v 0.516043 4.700579 0.284863
v 0.602270 4.802956 0.168445
v 0.716224 4.698135 -0.042563
v 0.582364 4.552842 -0.244180
v 0.582364 4.552842 -0.244180
v 0.507503 4.385359 -0.153121
v 0.394012 4.313083 0.017249
v 0.357091 4.390254 0.174987
v 0.446481 4.524438 0.289020
v 1.685827 1.275827 -0.364887
v 1.789632 1.327015 -0.370039
v 1.962438 0.968065 -0.426904
v 1.871783 0.934224 -0.426234
v 1.788197 0.873492 -0.305046
v 1.585182 1.174076 -0.227608
v 1.810587 0.848198 -0.109715
v 1.622867 1.100505 -0.007786
v 1.622867 1.100505 -0.007786
v 1.810587 0.848198 -0.109715
v 1.911309 0.859535 0.053701
v 1.765113 1.088396 0.168895
v 1.959058 1.161497 0.221734
v 1.863174 1.118094 0.226821
v 1.988996 0.883600 0.109813
v 2.073248 0.906846 0.108821
v 2.068244 1.263864 0.074727
v 2.033023 1.211339 0.166978
v 2.136189 0.944236 0.064113
v 2.168141 0.975732 -0.016662
v 2.145075 1.005075 -0.208635
v 2.029182 1.341246 -0.137633
v 2.029182 1.341246 -0.137633
v 2.145075 1.005075 -0.208635
v 2.041247 0.991304 -0.375191
v 1.887373 1.353025 -0.317020
v 1.517380 1.572793 -0.321803
v 1.636610 1.634244 -0.328667
v 1.396024 1.453758 -0.153082
v 1.441483 1.370693 0.122511
v 1.441483 1.370693 0.122511
v 1.613061 1.365643 0.348106
v 1.843712 1.448558 0.405474
v 1.734374 1.394852 0.413281
v 1.969627 1.576295 0.233563
v 1.928108 1.512242 0.344855
v 1.925406 1.660941 -0.033952
v 1.925406 1.660941 -0.033952
v 1.755249 1.664986 -0.261600
v 1.371734 1.893013 -0.192884
v 1.501851 1.959073 -0.202796
v 1.234334 1.760059 -0.009226
v 1.278308 1.672257 0.296301
v 1.278308 1.672257 0.296301
v 1.464470 1.675693 0.547121
v 1.720962 1.773667 0.609163
v 1.598447 1.711751 0.618893
v 1.864830 1.913843 0.415199
v 1.816675 1.844308 0.540706
v 1.820773 1.999040 0.117505
v 1.820773 1.999040 0.117505
v 1.632745 1.995975 -0.131447
v 1.335619 2.080880 -0.041486
v 1.438260 2.149426 -0.056468
v 1.448403 2.117605 -0.094685
v 1.340423 2.057102 -0.083942
v 1.206680 1.947891 0.086287
v 1.194821 1.989898 0.139360
v 1.227428 1.902168 0.372008
v 1.188263 1.998925 0.431048
v 1.188263 1.998925 0.431048
v 1.227428 1.902168 0.372008
v 1.382543 1.949520 0.602850
v 1.317452 2.099172 0.664499
v 1.511233 2.243046 0.706263
v 1.415294 2.171189 0.721597
v 1.491235 1.999388 0.660482
v 1.592606 2.060984 0.648269
v 1.652019 2.337918 0.523109
v 1.596444 2.300846 0.639166
v 1.677397 2.120761 0.586229
v 1.727576 2.171677 0.475453
v 1.710415 2.213499 0.194367
v 1.657070 2.332045 0.233011
v 1.657070 2.332045 0.233011
v 1.710415 2.213499 0.194367
v 1.553355 2.168811 -0.037705
v 1.530934 2.225218 -0.000666
v 1.172500 2.184495 -0.130897
v 1.264890 2.275917 -0.156560
v 1.373961 2.186632 -0.080441
v 1.278826 2.095310 -0.057368
v 1.120643 2.029257 0.138319
v 1.013075 2.120040 0.063415
v 1.071027 2.116460 0.431662
v 0.954176 2.223974 0.355916
v 0.954176 2.223974 0.355916
v 1.071027 2.116460 0.431662
v 1.157693 2.303610 0.653555
v 1.024804 2.435598 0.573700
v 1.188591 2.639898 0.592402
v 1.099663 2.552164 0.618041
v 1.235930 2.414037 0.698076
v 1.329848 2.498724 0.676002
v 1.350579 2.706048 0.397722
v 1.278157 2.695235 0.518007
v 1.419559 2.556354 0.599659
v 1.487041 2.574800 0.480442
v 1.532855 2.492088 0.186687
v 1.410022 2.602454 0.107736
v 1.410022 2.602454 0.107736
v 1.532855 2.492088 0.186687
v 1.451710 2.294774 -0.034312
v 1.338843 2.389913 -0.111131
v 0.985722 2.346819 -0.234078
v 1.091733 2.447102 -0.264877
v 0.795213 2.260322 -0.023347
v 0.702495 2.366623 0.276864
v 0.702495 2.366623 0.276864
v 0.826257 2.577937 0.504693
v 0.996044 2.821526 0.502069
v 0.892772 2.722234 0.538100
v 1.177141 2.906221 0.291822
v 1.094468 2.888482 0.419169
v 1.249831 2.801478 -0.007020
v 1.249831 2.801478 -0.007020
v 1.174022 2.571921 -0.224036
v 0.713064 2.524326 -0.380500
v 0.830602 2.634073 -0.416987
v 0.458457 2.431241 -0.154444
v 0.342806 2.558900 0.145210
v 0.342806 2.558900 0.145210
v 0.452009 2.773471 0.372082
v 0.710285 3.009988 0.369230
v 0.586335 2.911070 0.403096
v 0.928951 3.085136 0.161890
v 0.829120 3.078960 0.280825
v 1.009431 2.979842 -0.140502
v 1.009431 2.979842 -0.140502
v 0.933670 2.748082 -0.363761
v 0.372320 2.796227 -0.682550
v 0.475153 2.956378 -0.669672
v 0.596171 2.801927 -0.564426
v 0.499953 2.660422 -0.520746
v 0.315073 2.452878 -0.326862
v 0.100591 2.559946 -0.534466
v 0.189428 2.635048 0.091506
v -0.112823 2.785011 -0.030026
v -0.112823 2.785011 -0.030026
v 0.189428 2.635048 0.091506
v 0.308869 2.868232 0.342623
v 0.100945 3.047339 0.263351
v 0.326521 3.242475 0.226769
v 0.229032 3.171071 0.294591
v 0.456589 3.003820 0.376230
v 0.532689 3.134290 0.318860
v 0.501070 3.319407 -0.034757
v 0.425463 3.295293 0.120193
v 0.580916 3.228242 0.195553
v 0.672448 3.255228 0.064850
v 0.583755 3.286199 -0.324441
v 0.728148 3.177526 -0.271350
v 0.675758 2.940724 -0.515596
v 0.533356 3.087074 -0.596438
v 1.475092 2.020464 -0.139137
v 1.369037 1.965613 -0.131550
v 1.246405 1.852354 0.033953
v 1.281297 1.784965 0.316394
v 1.281297 1.784965 0.316394
v 1.448019 1.804462 0.550701
v 1.558925 1.843017 0.611458
v 1.659289 1.897345 0.602281
v 1.740807 1.955823 0.544061
v 1.785760 2.009279 0.435510
v 1.753016 2.072550 0.155495
v 1.753016 2.072550 0.155495
v 1.584518 2.057466 -0.078071
v 0.210194 3.604327 -0.796009
v 0.310894 3.574856 -0.681373
v 0.317643 3.383991 -0.747764
v 0.220375 3.320517 -0.845191
v 0.257249 3.240300 0.182198
v 0.126882 3.124500 0.313147
v 0.165563 3.157447 0.162078
v 0.287131 3.254687 0.024589
v 0.415359 3.362787 -0.297242
v 0.396147 3.426557 -0.169223
v 0.396147 3.426557 -0.169223
v 0.415359 3.362787 -0.297242
v 0.386586 3.384829 -0.611203
v 0.375487 3.547807 -0.514902
v 0.220527 3.860357 -0.701056
v 0.330161 3.825199 -0.554348
v 0.242316 3.341882 0.297829
v 0.108427 3.226617 0.412712
v 0.400534 3.557374 -0.013444
v 0.400534 3.557374 -0.013444
v 0.392440 3.757896 -0.370384
v 0.183067 4.088456 -0.593204
v 0.321595 4.015904 -0.469266
v 0.241024 3.490975 0.344055
v 0.106623 3.399950 0.467684
v 0.383419 3.779107 0.084448
v 0.383419 3.779107 0.084448
v 0.386803 3.926449 -0.304304
v 0.168786 4.274980 -0.499781
v 0.280140 4.209938 -0.382659
v 0.202610 3.757070 0.383018
v 0.071219 3.653466 0.482509
v 0.343107 4.021101 0.146149
v 0.343107 4.021101 0.146149
v 0.344416 4.141367 -0.218539
v 0.159923 4.391844 -0.431391
v 0.247118 4.369977 -0.307579
v 0.219633 3.953711 0.424975
v 0.089986 3.831903 0.563487
v 0.259913 4.210171 -0.009853
v 0.259913 4.210171 -0.009853
v 0.286188 4.327564 -0.206215
v 0.160886 4.596236 -0.324757
v 0.247800 4.581387 -0.231428
v 0.209798 4.182795 0.345477
v 0.083520 4.070105 0.643586
v 0.252765 4.370692 -0.088171
v 0.252765 4.370692 -0.088171
v 0.318711 4.546337 -0.191225
v 0.091997 4.725780 -0.240077
v 0.250278 4.678010 -0.181166
v 0.197473 4.290691 0.444594
v 0.057839 4.243488 0.677339
v 0.190648 4.291624 0.433575
v 0.199581 4.182845 0.340516
v 0.242380 4.380546 -0.092969
v 0.274338 4.549056 -0.173074
v 0.274338 4.549056 -0.173074
v 0.242380 4.380546 -0.092969
v 0.292384 4.507391 -0.189403
v 0.325861 4.625637 -0.174010
v 0.043774 4.986537 -0.031313
v 0.160581 4.987903 0.067165
v 0.202593 4.845692 -0.104156
v 0.058719 4.827611 -0.152631
v 0.209804 4.731670 0.498977
v 0.073300 4.662135 0.636178
v 0.043825 4.396061 0.688518
v 0.181200 4.457013 0.534055
v -0.043514 5.027566 0.144965
v 0.034875 5.023015 0.246816
v 0.070709 4.853549 0.596907
v -0.038319 4.794669 0.647651
v 0.316213 4.823581 0.291770
v 0.157739 4.946500 0.430110
v 0.157739 4.946500 0.430110
v 0.316213 4.823581 0.291770
v 0.289081 4.942650 0.157620
v 0.108423 5.002142 0.330667
v -0.193272 5.103226 0.217112
v -0.150740 5.112658 0.264132
v -0.150391 5.037717 0.560774
v -0.197834 4.994723 0.616485
v -0.106536 5.090348 0.438219
v -0.106536 5.090348 0.438219
v -0.124623 5.110034 0.322004
v 0.220375 3.320517 -0.845191
v 0.317643 3.383991 -0.747764
v 0.384965 3.071361 -0.757646
v 0.254867 2.972631 -0.806423
v -0.096922 2.850913 -0.798773
v -0.090929 3.308466 -0.929608
v 0.025667 3.065418 0.237127
v -0.136856 2.968344 0.268349
v 0.007226 3.146274 0.214308
v 0.160396 3.217231 0.153791
v 0.287131 3.254687 0.024589
v 0.165563 3.157447 0.162078
v 0.282825 3.272269 0.066315
v 0.406115 3.320659 -0.065536
v 0.415359 3.362787 -0.297242
v 0.497672 3.309654 -0.370004
v 0.442848 3.163981 -0.634795
v 0.386586 3.384829 -0.611203
v 0.051065 4.244234 0.668929
v 0.239340 4.673913 -0.177517
v 0.085412 4.718574 -0.233962
v 0.420050 4.743518 0.289375
v 0.427010 4.880229 0.161734
v 0.326817 4.657974 0.300488
v 0.420050 4.743518 0.289375
v 0.229356 4.467393 0.220021
v 0.229560 4.473870 -0.007520
v 0.359716 4.535431 -0.182407
v 0.440159 4.667413 -0.210848
v 0.359716 4.535431 -0.182407
v 0.326709 4.815495 -0.063928
v 0.446055 4.797852 -0.057039
v 0.497672 3.309654 -0.370004
v 0.415359 3.362787 -0.297242
v 0.728148 3.177526 -0.271350
v 0.583755 3.286199 -0.324441
v 2.153224 0.592219 -0.463520
v 2.064848 0.571081 -0.470723
v 1.955029 0.816506 -0.420311
v 2.042192 0.848454 -0.420339
v 2.064848 0.571081 -0.470723
v 1.923350 0.587168 -0.372941
v 1.850247 0.771387 -0.317619
v 1.955029 0.816506 -0.420311
v 1.876261 0.518788 -0.176569
v 1.849693 0.735431 -0.141517
v 2.341389 0.611413 -0.270847
v 2.224720 0.615078 -0.416800
v 2.121549 0.866691 -0.374579
v 2.212499 0.886229 -0.224683
v 1.987162 0.412174 0.267091
v 2.036619 0.413319 0.538822
v 2.065377 0.463676 0.496971
v 2.004373 0.477769 0.265347
v 2.289324 0.460576 0.689864
v 2.255570 0.544145 0.607360
v 2.180561 0.528489 0.601098
v 2.203722 0.448185 0.672166
v 2.459831 0.502523 0.453505
v 2.410136 0.543835 0.428856
v 2.355222 0.564281 0.529885
v 2.400002 0.486724 0.571397
v 2.117821 0.336230 -0.500588
v 2.210954 0.356265 -0.490775
v 1.977445 0.299198 -0.408704
v 2.117821 0.336230 -0.500588
v 1.909454 0.271649 -0.188576
v 2.000158 0.255653 0.268077
v 2.058523 0.257136 0.558879
v 2.328771 0.304830 0.715856
v 2.234287 0.286596 0.698264
v 2.509034 0.351185 0.473021
v 2.451237 0.335077 0.580586
v 2.286723 0.369692 -0.441356
v 2.404044 0.384561 -0.275804
v 2.121549 0.866691 -0.374579
v 2.212499 0.886229 -0.224683
v 2.212499 0.886229 -0.224683
v 2.231983 0.853831 -0.045250
v 2.178107 0.841338 0.029926
v 2.105409 0.816422 0.071868
v 2.020480 0.798814 0.075003
v 1.933862 0.766672 0.020400
v 1.849693 0.735431 -0.141517
v 1.849693 0.735431 -0.141517
v 1.850247 0.771387 -0.317619
v 1.955029 0.816506 -0.420311
v 2.042192 0.848454 -0.420339
v 1.992469 0.622350 0.119203
v 1.933862 0.766672 0.020400
v 1.955160 0.581957 0.014746
v 1.949315 0.452509 0.004494
v 2.153573 0.662324 0.167113
v 2.105409 0.816422 0.071868
v 2.020480 0.798814 0.075003
v 2.085146 0.648002 0.167584
v 2.290621 0.678756 0.078932
v 2.231983 0.853831 -0.045250
v 2.178107 0.841338 0.029926
v 2.216024 0.674650 0.149946
v 2.333915 0.676279 -0.058864
v 2.386248 0.554512 -0.076305
v 1.964881 0.269590 -0.012635
v 2.431075 0.376230 -0.123428
v 2.059971 0.541945 0.354216
v 2.207587 0.575092 0.386764
v 2.145893 0.565142 0.388864
v 2.337375 0.593517 0.329749
v 2.265243 0.589186 0.370162
v 2.393810 0.562944 0.215476
v 2.451444 0.503503 0.191286
v 2.499778 0.361335 0.193094
v 2.129316 0.517203 0.565965
v 2.324719 0.558292 0.569589
v 2.287049 0.306173 0.483582
v 2.058523 0.257136 0.558879
v 2.000158 0.255653 0.268077
v 2.251069 0.309516 0.224072
v 1.964881 0.269590 -0.012635
v 2.201074 0.322277 -0.046849
v 1.909454 0.271649 -0.188576
v 2.167079 0.330515 -0.225141
v 1.977445 0.299198 -0.408704
v 2.141667 0.333916 -0.381366
v 2.117821 0.336230 -0.500588
v 2.300315 0.305299 0.568013
v 2.328771 0.304830 0.715856
v 2.234287 0.286596 0.698264
v 2.157919 0.273529 0.644018
v 2.210954 0.356265 -0.490775
v 2.286723 0.369692 -0.441356
v 2.404044 0.384561 -0.275804
v 2.431075 0.376230 -0.123428
v 2.499778 0.361335 0.193094
v 2.509034 0.351185 0.473021
v 2.402562 0.321967 0.660353
v 2.451237 0.335077 0.580586
v 2.361585 0.472191 0.637190
v 2.402562 0.321967 0.660353
v 2.137330 0.430035 0.625024
v 2.157919 0.273529 0.644018
v -0.020738 3.008071 0.386677
v -0.187323 2.959591 0.416493
v -0.136856 2.968344 0.268349
v 0.025667 3.065418 0.237127
v -0.041091 3.144008 0.467853
v -0.202971 3.099103 0.489349
v -0.046223 3.357561 0.548562
v -0.210771 3.342613 0.589267
v -0.078424 3.608902 0.549619
v -0.251489 3.625562 0.604510
v -0.080874 3.766014 0.613530
v -0.262186 3.765432 0.654295
v -0.077091 4.032282 0.723352
v -0.264945 4.005412 0.742408
v -0.093710 4.184229 0.750750
v -0.267891 4.144518 0.749520
v -0.109983 4.580997 0.684393
v -0.272961 4.526051 0.681319
v -0.279508 4.281675 0.754529
v -0.122618 4.317260 0.763603
v -0.162035 4.744269 0.650770
v -0.290338 4.700219 0.646027
v -0.253528 4.925088 0.640756
v -0.317345 4.912228 0.664347
v -0.267319 4.144353 0.738405
v -0.096805 4.185106 0.740202
v -0.096922 2.850913 -0.798773
v -0.082349 3.159769 0.214984
v -0.191900 3.130307 0.136221
v -0.287677 5.042734 0.634679
v -0.286998 5.222091 0.274827
v -0.230387 5.225819 0.294581
v -0.193406 5.226565 0.323445
v -0.162603 5.222235 0.386296
v -0.156608 5.204941 0.473957
v -0.181161 5.150070 0.539114
v -0.227247 5.090280 0.598177
v -0.316412 4.912595 0.656344
v -0.253359 4.924255 0.632767
v -0.198390 4.991496 0.608918
v -0.152491 5.031216 0.555506
v -0.109210 5.082405 0.436053
v -0.127740 5.101997 0.322950
v -0.153948 5.105182 0.267020
v -0.195265 5.095929 0.221437
v 0.427010 4.880229 0.161734
v 0.446055 4.797852 -0.057039
v 0.440159 4.667413 -0.210848
v 0.440159 4.667413 -0.210848
v 0.359716 4.535431 -0.182407
v 0.229560 4.473870 -0.007520
v 0.229356 4.467393 0.220021
v 0.326817 4.657974 0.300488
v 0.420050 4.743518 0.289375
v 1.506588 1.922689 -0.150632
v 1.412399 1.874071 -0.144083
v 1.298342 1.766031 0.008948
v 1.336095 1.694383 0.278805
v 1.336095 1.694383 0.278805
v 1.501429 1.702761 0.503732
v 1.605643 1.734723 0.560489
v 1.697682 1.782158 0.552293
v 1.772005 1.837076 0.500030
v 1.811738 1.889066 0.400136
v 1.775811 1.961057 0.132753
v 1.775811 1.961057 0.132753
v 1.609190 1.954085 -0.093245
v 0.242380 4.380546 -0.092969
v 0.199581 4.182845 0.340516
v 0.292384 4.507391 -0.189403
v 0.242380 4.380546 -0.092969
v 0.085412 4.718574 -0.233962
v 0.239340 4.673913 -0.177517
v 0.190648 4.291624 0.433575
v 0.051065 4.244234 0.668929
v -0.096805 4.185106 0.740202
v -0.267319 4.144353 0.738405
v 0.325861 4.625637 -0.174010
v 0.338749 4.635231 -0.176538
v 1.412399 1.874071 -0.144083
v 1.506588 1.922689 -0.150632
v 1.298342 1.766031 0.008948
v 1.336095 1.694383 0.278805
v 1.501429 1.702761 0.503732
v 1.336095 1.694383 0.278805
v 1.697682 1.782158 0.552293
v 1.605643 1.734723 0.560489
v 1.811738 1.889066 0.400136
v 1.772005 1.837076 0.500030
v 1.775811 1.961057 0.132753
v 1.609190 1.954085 -0.093245
v 1.775811 1.961057 0.132753
v 1.184551 2.672680 -0.136430
v 1.183342 2.655231 -0.184934
v 1.188389 2.653588 -0.176581
v 1.315445 2.605463 -0.026979
v 1.194894 2.682421 -0.081279
v 1.201299 2.679711 -0.088130
v 1.428229 2.554950 -0.077139
v 1.427649 2.563158 -0.032363
v 1.420899 2.561607 -0.039825
v 1.308156 2.582082 -0.157160
v 1.427521 2.561635 -0.123089
v 1.421377 2.561857 -0.116521
v -0.195265 5.095929 0.221437
v -0.153948 5.105182 0.267020
v -0.152491 5.031216 0.555506
v -0.198390 4.991496 0.608918
v -0.109210 5.082405 0.436053
v -0.127740 5.101997 0.322950
v -0.109210 5.082405 0.436053
v -0.253359 4.924255 0.632767
v -0.316412 4.912595 0.656344
v 1.183851 2.710767 -0.082562
v 1.197713 2.718093 -0.136076
v 1.458387 2.726243 -0.058984
v 1.436850 2.739217 -0.118038
v 1.323834 2.728131 -0.151885
v 1.308156 2.582082 -0.157160
v 1.323834 2.728131 -0.151885
v -0.198902 5.484178 0.976456
v -0.198902 5.484178 0.976456
v -0.202134 5.524463 0.971504
v -0.180915 5.529372 0.950181
v -0.141796 5.489027 0.932905
v -0.194973 5.458167 0.985501
v -0.194973 5.458167 0.985501
v -0.198902 5.484178 0.976456
v -0.141796 5.489027 0.932905
v -0.140090 5.457150 0.937009
v -0.194973 5.458167 0.985501
v -0.140090 5.457150 0.937009
v -0.202134 5.524463 0.971504
v -0.198902 5.484178 0.976456
v -0.141796 5.489027 0.932905
v -0.180915 5.529372 0.950181
v -0.202134 5.524463 0.971504
v -0.194973 5.458167 0.985501
v -0.140090 5.457150 0.937009
v -0.198902 5.484178 0.976456
v -0.198902 5.484178 0.976456
v -0.194973 5.458167 0.985501
v -0.194973 5.458167 0.985501
v -0.140090 5.457150 0.937009
v -0.141796 5.489027 0.932905
v -0.202134 5.524463 0.971504
v -0.180915 5.529372 0.950181
v -0.486113 5.842170 0.111920
v -0.454682 6.002840 0.232857
v -0.399865 6.085715 0.417779
v -0.482405 5.648684 0.097892
v -0.475522 5.593403 0.109669
v -0.440112 5.431269 0.181531
v -0.399243 5.309238 0.265590
v -0.127214 2.792496 -0.061564
v -0.127214 2.792496 -0.061564
v -0.304848 2.962936 0.232192
v -0.361928 5.209471 0.272263
v -0.307908 5.068094 0.168131
v -0.076341 4.235265 0.793976
v -0.072958 4.074736 0.751910
v 0.009715 4.103290 0.719710
v 0.012149 4.262051 0.758991
v -0.078086 4.480442 0.763128
v 0.015329 4.500492 0.733437
v -0.050843 4.616195 0.715489
v 0.036014 4.639101 0.677976
v -0.040375 4.928161 0.617120
v -0.040094 4.798807 0.669194
v 0.054144 4.791847 0.671114
v 0.054083 4.916772 0.613566
v -0.011873 5.073735 0.432651
v 0.087931 5.039740 0.430475
v -0.015585 5.066436 0.220949
v 0.073697 5.058068 0.236717
v 0.028312 5.011467 0.005118
v 0.110652 5.011276 0.026055
v 0.028507 4.930960 -0.125133
v 0.109670 4.939398 -0.102746
v 0.073127 4.730127 -0.284730
v 0.129562 4.731330 -0.263279
v 0.091197 4.601409 -0.374794
v 0.161537 4.595518 -0.350887
v 0.084462 4.588450 -0.357107
v 0.150016 4.582902 -0.334274
v 0.066364 4.716976 -0.267070
v 0.150016 4.582902 -0.334274
v 0.121659 4.719280 -0.246114
v 0.025990 4.903352 -0.119840
v 0.106812 4.914690 -0.097199
v 0.029079 4.988517 -0.006212
v 0.111744 4.990750 0.015595
v -0.013683 5.044964 0.209389
v 0.075403 5.036937 0.224742
v -0.016413 5.054863 0.422504
v 0.086006 5.020113 0.415143
v -0.048058 4.911810 0.604753
v 0.055272 4.898602 0.595748
v -0.053888 4.787352 0.645747
v 0.052973 4.779917 0.640463
v -0.087250 4.482759 0.742427
v -0.062232 4.612517 0.696645
v 0.027138 4.633028 0.659418
v 0.010525 4.502297 0.711276
v -0.085393 4.237432 0.772684
v 0.000721 4.264357 0.739043
v -0.082239 4.076519 0.730635
v 0.001429 4.105188 0.698157
v 0.001429 4.105188 0.698157
v 0.000721 4.264357 0.739043
v 0.010525 4.502297 0.711276
v 0.027138 4.633028 0.659418
v 0.052973 4.779917 0.640463
v 0.055272 4.898602 0.595748
v 0.086006 5.020113 0.415143
v 0.075403 5.036937 0.224742
v 0.111744 4.990750 0.015595
v 0.106812 4.914690 -0.097199
v 0.121659 4.719280 -0.246114
v -0.873829 4.122592 0.510486
v -0.820723 4.090955 0.571635
v -0.832389 4.258472 0.613527
v -0.887239 4.287235 0.547764
v -0.802012 4.500985 0.591077
v -0.860604 4.523592 0.532489
v -0.786456 4.637092 0.547827
v -0.840332 4.661924 0.485349
v -0.841558 4.815638 0.479481
v -0.762498 4.819694 0.506926
v -0.737067 4.948827 0.457727
v -0.814976 4.941573 0.426726
v -0.678853 5.091184 0.294141
v -0.769574 5.066535 0.244918
v -0.581819 5.083427 0.086604
v -0.680084 5.079581 0.063103
v -0.534623 5.027577 -0.130603
v -0.629395 5.028179 -0.152040
v -0.484245 4.945021 -0.249904
v -0.571228 4.950758 -0.270501
v -0.449994 4.746182 -0.409617
v -0.518922 4.741650 -0.420079
v -0.432677 4.616125 -0.500325
v -0.509947 4.613138 -0.512026
v -0.435349 4.603030 -0.481686
v -0.508842 4.599536 -0.492415
v -0.508842 4.599536 -0.492415
v -0.452705 4.732907 -0.390989
v -0.510870 4.727355 -0.399256
v -0.486648 4.918483 -0.243664
v -0.571719 4.925841 -0.263781
v -0.532187 5.004534 -0.141526
v -0.626625 5.006270 -0.163074
v -0.580079 5.061992 0.074964
v -0.677987 5.058415 0.051035
v -0.671761 5.071835 0.283139
v -0.763653 5.046390 0.232664
v -0.727399 4.931874 0.447555
v -0.808607 4.923312 0.412012
v -0.742896 4.807485 0.489063
v -0.826068 4.803177 0.454552
v -0.824597 4.655454 0.472275
v -0.769840 4.632814 0.534241
v -0.785762 4.502683 0.575682
v -0.844093 4.525160 0.517265
v -0.814655 4.259813 0.598585
v -0.869487 4.288600 0.532506
v -0.803075 4.092203 0.556653
v -0.855849 4.123514 0.495382
v -0.855849 4.123514 0.495382
v -0.869487 4.288600 0.532506
v -0.844093 4.525160 0.517265
v -0.824597 4.655454 0.472275
v -0.826068 4.803177 0.454552
v -0.808607 4.923312 0.412012
v -0.763653 5.046390 0.232664
v -0.677987 5.058415 0.051035
v -0.626625 5.006270 -0.163074
v -0.571719 4.925841 -0.263781
v -0.510870 4.727355 -0.399256
vn 0.8931 0.1614 0.4199
vn 0.7297 -0.2384 0.6409
vn 0.6735 -0.3440 0.6543
vn 0.9516 -0.1482 0.2691
vn 0.7282 0.1111 0.6763
vn 0.6834 -0.3337 0.6494
vn 0.4262 -0.0784 0.9012
vn 0.5045 -0.5279 0.6832
vn 0.5592 -0.0437 -0.8279
vn 0.4481 0.8013 -0.3964
vn -0.3735 -0.8692 0.3239
vn -0.3733 -0.8837 0.2822
vn -0.1654 -0.9775 -0.1309
vn 0.4479 0.8014 -0.3964
vn 0.1665 0.9798 0.1112
vn -0.4688 0.6105 0.6383
vn -0.3598 -0.9299 -0.0760
vn 0.1664 0.9798 0.1114
vn -0.4689 0.6104 0.6384
vn -0.1496 -0.3781 0.9136
vn -0.2112 -0.2774 0.9373
vn -0.5011 0.1035 0.8592
vn -0.6119 -0.2130 0.7617
vn -0.2160 0.0720 0.9737
vn -0.1612 -0.3688 0.9154
vn 0.0190 -0.5479 0.8363
vn 0.1737 -0.0889 0.9808
vn -0.6531 0.7556 -0.0496
vn -0.9271 -0.1053 -0.3596
vn -0.9271 -0.1054 -0.3596
vn 0.5559 -0.8307 0.0310
vn 0.5329 -0.8462 -0.0032
vn 0.1338 -0.9651 -0.2252
vn -0.1461 0.9668 0.2096
vn -0.6530 0.7558 -0.0494
vn 0.3204 -0.9018 -0.2902
vn 0.7022 0.6589 0.2695
vn 0.7022 0.6590 0.2696
vn -0.1460 0.9668 0.2098
vn 0.3215 0.8154 -0.4815
vn 0.5937 -0.6921 -0.4105
vn 0.2697 -0.7672 -0.5820
vn 0.0877 0.7864 -0.6114
vn -0.1443 -0.8122 -0.5652
vn -0.2218 0.7660 -0.6033
vn -0.2219 0.7660 -0.6033
vn -0.1444 -0.8122 -0.5652
vn -0.4954 -0.7990 -0.3409
vn -0.4808 0.7628 -0.4324
vn -0.6676 -0.7444 -0.0132
vn -0.5995 0.7772 -0.1912
vn -0.6554 -0.6846 0.3190
vn -0.5888 0.8071 0.0432
vn -0.4779 -0.6390 0.6027
vn -0.4665 0.8511 0.2409
vn -0.1502 -0.6071 0.7803
vn -0.2343 0.8998 0.3680
vn 0.2658 -0.5842 0.7669
vn 0.0743 0.9306 0.3584
vn 0.6150 -0.5754 0.5392
vn 0.3342 0.9234 0.1890
vn 0.7833 -0.5867 0.2053
vn 0.4546 0.8893 -0.0493
vn 0.7694 -0.6255 -0.1299
vn 0.4447 0.8500 -0.2824
vn 0.6485 0.3263 -0.6877
vn -0.0002 0.9738 -0.2274
vn -0.0598 0.9690 -0.2399
vn 0.2418 0.2828 -0.9282
vn -0.1123 0.9669 -0.2292
vn -0.3002 0.2525 -0.9198
vn -0.3004 0.2524 -0.9198
vn -0.1616 0.9647 -0.2078
vn -0.7499 0.2416 -0.6158
vn -0.2034 0.9654 -0.1633
vn -0.9478 0.2599 -0.1848
vn -0.2093 0.9725 -0.1020
vn -0.9221 0.3107 0.2308
vn -0.1701 0.9839 -0.0552
vn -0.7110 0.3916 0.5841
vn -0.1109 0.9929 -0.0433
vn -0.3087 0.4868 0.8171
vn -0.0584 0.9968 -0.0542
vn 0.2307 0.5475 0.8044
vn -0.0091 0.9971 -0.0754
vn 0.6830 0.5280 0.5047
vn 0.0332 0.9923 -0.1193
vn 0.8854 0.4578 0.0812
vn 0.0393 0.9828 -0.1803
vn 0.8616 0.3847 -0.3311
vn 0.5611 0.5174 -0.6461
vn 0.1941 0.4873 -0.8514
vn -0.2833 0.4655 -0.8385
vn -0.2836 0.4655 -0.8384
vn -0.6825 0.4509 -0.5752
vn -0.8669 0.4582 -0.1962
vn -0.8482 0.4996 0.1757
vn -0.6561 0.5753 0.4883
vn -0.2945 0.6665 0.6849
vn 0.1801 0.7231 0.6669
vn 0.5822 0.7029 0.4087
vn 0.7719 0.6346 0.0385
vn 0.7556 0.5662 -0.3295
vn 0.4290 0.7080 -0.5610
vn 0.1304 0.6857 -0.7161
vn -0.2483 0.6695 -0.7001
vn -0.2484 0.6695 -0.7001
vn -0.5680 0.6567 -0.4961
vn -0.7247 0.6601 -0.1975
vn -0.7144 0.6923 0.1015
vn -0.5562 0.7538 0.3499
vn -0.2619 0.8268 0.4978
vn 0.1144 0.8710 0.4778
vn 0.4365 0.8557 0.2778
vn 0.5976 0.8017 -0.0135
vn 0.5893 0.7464 -0.3092
vn 0.2551 0.8665 -0.4290
vn 0.0546 0.8486 -0.5262
vn -0.1960 0.8362 -0.5121
vn -0.4097 0.8293 -0.3799
vn -0.5190 0.8345 -0.1852
vn -0.5150 0.8571 0.0119
vn -0.4083 0.8960 0.1746
vn -0.2102 0.9402 0.2680
vn 0.0392 0.9670 0.2519
vn 0.2541 0.9595 0.1217
vn 0.3657 0.9281 -0.0694
vn 0.3627 0.8935 -0.2646
vn -0.0858 0.9861 -0.1423
vn 0.2210 -0.9751 0.0168
vn 0.1387 -0.9901 -0.0192
vn 0.0379 -0.9992 -0.0114
vn -0.0496 -0.9980 0.0401
vn -0.0974 -0.9883 0.1171
vn -0.0973 -0.9756 0.1969
vn -0.0524 -0.9634 0.2630
vn 0.0304 -0.9535 0.2998
vn 0.1314 -0.9472 0.2924
vn 0.2187 -0.9457 0.2405
vn 0.2660 -0.9501 0.1627
vn 0.2657 -0.9605 0.0826
vn -0.7625 0.3259 0.5589
vn -0.1757 0.1735 0.9690
vn -0.0933 0.2962 0.9506
vn -0.3990 0.4448 0.8019
vn -0.2894 -0.4185 0.8609
vn -0.0834 -0.2566 0.9629
vn 0.2223 -0.1576 -0.9622
vn 0.2232 -0.1601 -0.9615
vn 0.2220 -0.1561 -0.9625
vn 0.2229 -0.1599 -0.9617
vn 0.3087 -0.1454 -0.9400
vn 0.3096 -0.1355 -0.9412
vn 0.3087 -0.1460 -0.9399
vn 0.3069 -0.1470 -0.9403
vn 0.1047 0.9772 -0.1849
vn 0.2747 0.3046 0.9120
vn 0.1046 0.9772 -0.1850
vn 0.9825 -0.1834 -0.0314
vn 0.9749 -0.2224 0.0105
vn 0.5885 -0.2139 -0.7797
vn -0.6790 0.6712 -0.2974
vn -0.6785 0.6716 -0.2977
vn 0.3943 0.9165 -0.0674
vn 0.3943 0.9165 -0.0676
vn -0.2269 -0.9675 0.1119
vn -0.2331 -0.9649 0.1207
vn 0.1483 -0.9602 0.2367
vn 0.1502 -0.9605 0.2343
vn -0.1243 0.3337 0.9345
vn -0.0759 0.3995 0.9136
vn -0.0804 0.3542 0.9317
vn -0.1455 0.3067 0.9406
vn 0.0653 0.0909 0.9937
vn 0.0961 -0.2752 0.9566
vn 0.0967 -0.1669 0.9812
vn 0.1003 0.1628 0.9816
vn -0.1548 0.7314 0.6641
vn -0.3082 0.5744 0.7583
vn -0.4035 0.6660 0.6275
vn -0.1107 0.7327 0.6714
vn -0.2948 0.1344 0.9460
vn 0.0404 -0.5625 0.8258
vn -0.2593 -0.2784 0.9248
vn -0.3318 0.0701 0.9407
vn 0.0752 -0.7606 0.6448
vn -0.2404 -0.7318 0.6378
vn -0.2309 -0.4350 0.8703
vn -0.1585 -0.3993 0.9030
vn -0.5198 -0.0147 0.8541
vn -0.6926 0.0381 0.7204
vn -0.7684 -0.1723 0.6164
vn -0.7702 0.1410 0.6220
vn -0.7099 0.0058 0.7043
vn -0.7833 -0.2466 0.5707
vn -0.8054 -0.1479 0.5740
vn -0.7889 -0.0710 0.6104
vn -0.9003 -0.1433 0.4109
vn -0.8741 -0.2830 0.3949
vn -0.1798 0.4736 0.8622
vn -0.2428 0.5672 0.7870
vn 0.0434 -0.0064 0.9990
vn -0.2065 0.2555 0.9445
vn 0.0395 0.2241 0.9738
vn 0.0995 0.3895 0.9156
vn 0.0780 0.4008 0.9129
vn 0.0811 0.3718 0.9247
vn -0.3091 0.0509 0.9497
vn -0.4268 0.1668 0.8889
vn -0.5246 -0.0862 0.8469
vn -0.6369 -0.0042 0.7710
vn -0.5269 0.1929 0.8278
vn -0.3182 0.2189 0.9224
vn -0.2502 0.0585 0.9664
vn -0.4804 -0.0352 0.8764
vn -0.4312 0.3636 0.8258
vn -0.5007 0.0787 0.8620
vn -0.8592 -0.0084 0.5116
vn -0.7800 0.2349 0.5800
vn -0.4933 0.4483 0.7455
vn -0.1475 0.1032 0.9837
vn -0.4328 -0.0340 0.9009
vn -0.6198 0.2265 0.7513
vn -0.4161 0.4056 0.8139
vn -0.7699 0.3286 0.5470
vn -0.5149 0.5465 0.6605
vn -0.1561 0.0191 0.9876
vn -0.6270 0.3465 0.6977
vn -0.5357 0.4850 0.6912
vn -0.1177 -0.3244 0.9386
vn -0.1168 -0.3264 0.9380
vn -0.1145 -0.3218 0.9399
vn -0.1142 -0.3192 0.9408
vn -0.5276 0.5514 0.6462
vn -0.7685 0.3768 0.5172
vn -0.7632 0.3988 0.5085
vn -0.5192 0.5054 0.6892
vn 0.2068 0.6391 0.7408
vn 0.2853 0.2151 0.9340
vn 0.1622 0.7706 0.6164
vn 0.1609 0.7738 0.6126
vn -0.2426 -0.2965 0.9237
vn -0.4574 -0.2131 0.8634
vn -0.2030 -0.2114 0.9561
vn -0.1530 -0.2999 0.9416
vn -0.2841 -0.3929 0.8746
vn -0.5706 -0.3629 0.7367
vn -0.6354 -0.4978 0.5903
vn -0.3648 -0.6482 0.6684
vn -0.4087 -0.0057 0.9126
vn -0.7093 0.1560 0.6874
vn -0.4381 0.0623 0.8967
vn -0.4119 -0.0105 0.9112
vn -0.4451 -0.1560 0.8818
vn -0.6453 -0.0346 0.7632
vn -0.8529 0.1510 0.4997
vn -0.7705 -0.1984 0.6058
vn -0.2860 -0.7670 0.5743
vn -0.4745 -0.1167 0.8725
vn -0.7452 -0.0156 0.6666
vn -0.8396 0.3589 0.4077
vn -0.8722 0.2774 0.4029
vn -0.1357 0.3868 0.9121
vn -0.2975 0.2513 0.9211
vn -0.3272 -0.1660 0.9303
vn -0.1200 0.0814 0.9894
vn 0.2081 0.2393 0.9484
vn 0.1332 0.5137 0.8476
vn 0.2779 0.2797 0.9190
vn 0.2418 0.4974 0.8332
vn 0.3023 -0.0673 0.9508
vn 0.1982 0.6681 0.7172
vn -0.5397 0.4137 0.7332
vn -0.5376 0.4128 0.7353
vn -0.7206 0.2034 0.6628
vn -0.6771 -0.0572 0.7337
vn -0.2214 0.1562 0.9626
vn -0.2230 0.1602 0.9616
vn -0.2224 0.1576 0.9621
vn -0.2228 0.1599 0.9617
vn -0.3089 0.1459 0.9398
vn -0.3096 0.1355 0.9411
vn -0.3084 0.1454 0.9401
vn -0.3080 0.1471 0.9399
vn -0.4543 0.0811 0.8871
vn -0.4027 -0.7043 0.5846
vn -0.4027 -0.7045 0.5844
vn -0.8356 0.2369 0.4957
vn -0.0111 -0.0855 0.9963
vn -0.0071 -0.2771 0.9608
vn 0.1534 0.3643 0.9186
vn 0.0946 0.7028 0.7050
vn -0.0004 0.7734 0.6339
vn -0.1554 0.6739 0.7223
vn -0.3391 -0.0831 0.9371
vn -0.0768 -0.4282 0.9004
vn -0.5065 0.7378 -0.4462
vn -0.5886 0.3261 -0.7397
vn -0.7985 0.2724 -0.5368
vn -0.7321 0.6182 -0.2861
vn -0.3820 0.9233 -0.0399
vn -0.6223 0.7805 0.0593
vn -0.2642 0.8743 0.4073
vn -0.5106 0.7210 0.4684
vn -0.1660 0.6984 0.6962
vn -0.4071 0.5780 0.7072
vn -0.5937 -0.0525 -0.8030
vn -0.7931 -0.0617 -0.6060
vn -0.9292 0.2036 -0.3084
vn -0.8752 0.4675 -0.1246
vn -0.7913 0.5947 0.1419
vn -0.6866 0.5387 0.4883
vn -0.5922 0.4640 0.6588
vn -0.9332 -0.0663 -0.3531
vn -0.9939 0.1078 -0.0235
vn -0.9686 0.2277 0.1000
vn -0.9272 0.2887 0.2387
vn -0.8575 0.2581 0.4450
vn -0.8380 0.1747 0.5169
vn -0.9925 -0.0709 -0.0996
vn -0.9971 0.0725 -0.0245
vn -0.9780 0.1462 0.1491
vn -0.9511 0.1373 0.2767
vn -0.9042 0.1045 0.4142
vn -0.8885 0.0713 0.4533
vn -0.9177 0.0511 0.3940
vn -0.9035 -0.2148 -0.3708
vn -0.8187 -0.0740 0.5695
vn -0.7431 0.0354 0.6682
vn -0.7577 0.1604 0.6326
vn -0.8618 0.2154 0.4591
vn -0.9746 -0.0169 0.2234
vn -0.9462 0.1840 0.2662
vn -0.8159 -0.1490 0.5586
vn -0.7002 -0.1141 0.7047
vn -0.9446 -0.2328 0.2313
vn 0.1335 -0.9212 0.3653
vn -0.3848 -0.8011 0.4585
vn -0.3366 -0.8849 0.3219
vn 0.0857 -0.9724 0.2169
vn -0.7668 -0.5020 0.4001
vn -0.7788 -0.4119 0.4731
vn -0.9107 -0.0710 0.4070
vn -0.6323 -0.6387 0.4385
vn -0.6198 -0.6873 0.3787
vn -0.4279 -0.7504 0.5038
vn 0.1080 -0.9421 0.3176
vn -0.9192 -0.3145 0.2370
vn -0.7919 -0.4607 0.4009
vn -0.7054 -0.3416 0.6211
vn -0.7297 -0.1851 0.6583
vn -0.8304 -0.2928 0.4740
vn -0.7649 -0.5348 0.3591
vn -0.6688 -0.5620 0.4867
vn -0.9362 -0.2979 0.1867
vn -0.2836 0.4511 0.8462
vn -0.8072 -0.2509 0.5343
vn -0.9700 -0.1866 0.1557
vn -0.8903 -0.4199 0.1762
vn -0.7953 -0.6022 0.0697
vn -0.6594 -0.2784 0.6983
vn -0.4412 -0.4286 0.7884
vn -0.9532 -0.3024 -0.0066
vn -0.5680 -0.3649 -0.7378
vn -0.7782 -0.3288 -0.5350
vn -0.9132 -0.2906 -0.2856
vn -0.9486 -0.2835 -0.1408
vn -0.9024 -0.3318 -0.2751
vn -0.4864 -0.4563 -0.7452
vn -0.7350 -0.3745 -0.5653
vn -0.9037 -0.2947 -0.3105
vn -0.9625 -0.2622 -0.0699
vn -0.6609 -0.2962 -0.6895
vn -0.9058 -0.2386 -0.3502
vn -0.9819 -0.1877 -0.0246
vn -0.0206 0.5389 0.8421
vn -0.5825 0.8127 -0.0115
vn -0.4582 0.6488 0.6076
vn -0.3630 0.4506 0.8156
vn -0.5090 0.2761 -0.8153
vn -0.5688 0.6610 -0.4894
vn -0.1633 -0.0491 0.9854
vn -0.3300 -0.1423 -0.9332
vn -0.2214 -0.1946 0.9556
vn -0.0525 -0.9982 -0.0283
vn 0.0626 -0.5693 -0.8197
vn -0.2054 -0.2803 -0.9377
vn 0.2085 -0.7557 0.6208
vn -0.0735 0.4141 0.9073
vn -0.0995 0.4512 0.8869
vn -0.3580 -0.3455 -0.8674
vn -0.0258 0.1299 -0.9912
vn 0.8992 0.0727 -0.4314
vn 0.8464 0.3621 0.3904
vn 0.6946 0.6713 -0.2585
vn -0.5395 -0.2430 -0.8062
vn -0.2993 0.3844 -0.8733
vn 0.0447 0.9180 -0.3939
vn -0.1857 0.8260 -0.5322
vn -0.3389 0.7476 -0.5711
vn 0.1836 0.9258 -0.3305
vn 0.4981 -0.0304 0.8666
vn -0.0296 0.9886 0.1477
vn 0.0637 -0.5272 0.8474
vn 0.4796 0.3866 0.7877
vn 0.7948 -0.5752 -0.1934
vn 0.9772 0.1769 -0.1173
vn 0.6132 0.0939 0.7843
vn 0.2221 -0.7942 0.5656
vn 0.6130 0.0938 0.7845
vn 0.9772 0.1773 -0.1171
vn 0.6903 0.6598 -0.2969
vn 0.4666 0.8492 0.2472
vn -0.0925 -0.0503 0.9944
vn -0.2327 -0.5940 0.7701
vn -0.0927 -0.0534 0.9943
vn -0.1055 0.5951 0.7967
vn -0.0369 -0.3069 -0.9510
vn -0.3975 0.0716 -0.9148
vn 0.0491 0.5379 -0.8416
vn -0.1371 0.2227 -0.9652
vn 0.2188 0.5344 -0.8164
vn -0.0695 0.7916 -0.6070
vn 0.4588 0.8782 -0.1349
vn 0.4934 0.7599 -0.4233
vn -0.4046 -0.1824 0.8961
vn -0.2965 0.2079 0.9321
vn -0.3652 0.5582 0.7450
vn 0.1327 0.7683 0.6262
vn 0.2579 0.7645 0.5908
vn 0.2546 0.8846 0.3907
vn 0.4814 0.6915 0.5386
vn -0.0409 0.6444 0.7636
vn 0.2056 0.6921 0.6919
vn 0.4216 0.5553 0.7169
vn 0.7249 0.1871 0.6630
vn 0.6377 0.5951 0.4891
vn 0.0775 0.5149 0.8537
vn 0.3001 0.4103 0.8612
vn 0.7984 0.0511 0.5999
vn 0.6985 0.0958 0.7092
vn -0.3659 0.3872 0.8462
vn -0.7727 -0.1715 0.6112
vn -0.6185 0.0141 0.7857
vn -0.7398 -0.4762 0.4753
vn -0.7308 0.0391 0.6814
vn -0.0857 0.3592 0.9293
vn -0.4159 -0.1106 0.9027
vn 0.1275 0.2156 0.9681
vn -0.2747 -0.2319 0.9331
vn 0.6825 -0.0230 0.7305
vn 0.6842 0.2385 0.6892
vn -0.2610 -0.4900 0.8317
vn 0.3829 -0.0558 0.9221
vn -0.5949 -0.7165 -0.3643
vn -0.8678 -0.4897 -0.0842
vn -0.8035 -0.5529 0.2204
vn -0.7615 -0.3950 0.5140
vn -0.7204 -0.4415 0.5349
vn -0.8186 -0.5538 0.1524
vn -0.0455 -0.8000 -0.5983
vn -0.6008 -0.6965 -0.3923
vn 0.2166 -0.6572 -0.7219
vn -0.2781 -0.5146 -0.8111
vn -0.5825 -0.5296 0.6166
vn -0.6046 -0.5256 0.5985
vn -0.4847 -0.8539 -0.1897
vn -0.5806 -0.6132 0.5355
vn -0.5737 -0.6460 0.5036
vn -0.6159 -0.7827 -0.0898
vn -0.5927 -0.6590 0.4631
vn -0.5817 -0.6932 0.4255
vn -0.7106 -0.6912 -0.1314
vn 0.4318 -0.3882 -0.8142
vn 0.2019 -0.2932 -0.9345
vn -0.1730 -0.3785 -0.9093
vn -0.3241 -0.5641 -0.7594
vn -0.1988 -0.6974 -0.6885
vn -0.3803 -0.5559 -0.7391
vn -0.1475 -0.6541 -0.7419
vn -0.3784 -0.5587 -0.7380
vn -0.3481 -0.5140 -0.7840
vn -0.4645 -0.3428 -0.8165
vn -0.2637 -0.3791 -0.8870
vn -0.1630 -0.6484 -0.7436
vn -0.3937 -0.4219 -0.8167
vn -0.3985 -0.6546 -0.6424
vn -0.4913 -0.5502 -0.6753
vn 0.2350 -0.0791 -0.9688
vn 0.5143 -0.2016 -0.8336
vn -0.1287 -0.6311 -0.7650
vn 0.0857 -0.5800 -0.8101
vn -0.1674 -0.1845 -0.9685
vn -0.3180 -0.2073 -0.9251
vn -0.4989 -0.4146 -0.7610
vn -0.3374 -0.2017 -0.9195
vn -0.7512 0.5029 -0.4275
vn 0.0064 0.7411 -0.6714
vn 0.2886 0.2721 -0.9180
vn -0.4665 -0.2739 -0.8411
vn -0.9872 -0.0391 0.1548
vn -0.7968 -0.6038 -0.0216
vn -0.7914 -0.6098 -0.0418
vn -0.4652 -0.2764 -0.8410
vn 0.0559 -0.7433 -0.6666
vn -0.4092 -0.9088 -0.0816
vn 0.2827 0.2582 -0.9238
vn 0.5135 -0.1706 -0.8409
vn -0.8309 0.5293 -0.1715
vn -0.1493 0.7519 -0.6421
vn 0.0343 0.2541 -0.9666
vn -0.7025 -0.2903 -0.6498
vn -0.8711 0.0038 0.4910
vn -0.7599 -0.5884 0.2763
vn -0.7582 -0.5975 0.2610
vn -0.6997 -0.2975 -0.6495
vn -0.1328 -0.7779 -0.6142
vn -0.3981 -0.9104 0.1124
vn 0.0280 0.2318 -0.9724
vn 0.2719 -0.2043 -0.9404
vn -0.8917 0.4277 -0.1481
vn -0.2355 0.7655 -0.5987
vn 0.0273 0.3062 -0.9516
vn -0.6430 -0.3753 -0.6676
vn -0.8487 -0.1151 0.5161
vn -0.6502 -0.7072 0.2776
vn -0.6480 -0.7109 0.2734
vn -0.6431 -0.3753 -0.6675
vn 0.0214 -0.7803 -0.6251
vn -0.2377 -0.9644 0.1155
vn 0.0334 0.2928 -0.9556
vn 0.3414 -0.1090 -0.9336
vn -0.9017 -0.1944 -0.3862
vn -0.3996 0.3438 -0.8497
vn 0.1414 0.0494 -0.9887
vn -0.1634 -0.8074 -0.5670
vn -0.7754 -0.4685 0.4234
vn -0.2772 -0.8594 0.4297
vn -0.2710 -0.8630 0.4264
vn -0.1616 -0.8072 -0.5677
vn 0.5821 -0.7512 -0.3113
vn 0.2532 -0.8746 0.4134
vn 0.1476 0.0441 -0.9881
vn 0.5992 -0.1031 -0.7939
vn 0.2822 0.3273 -0.9018
vn -0.5515 -0.0957 -0.8287
vn -0.8452 -0.5191 -0.1274
vn -0.9395 -0.3419 0.0190
vn -0.6970 0.2606 -0.6680
vn -0.7192 0.4928 -0.4897
vn -0.9677 -0.2073 0.1439
vn 0.1884 0.5564 -0.8093
vn 0.1858 0.6832 -0.7062
vn -0.6380 -0.6372 0.4323
vn -0.6178 -0.6365 0.4617
vn -0.1378 -0.5149 0.8461
vn -0.0610 -0.6200 0.7822
vn -0.6523 -0.5911 0.4745
vn -0.6554 -0.5722 0.4930
vn -0.0864 -0.7452 0.6613
vn -0.6620 -0.5715 0.4849
vn -0.6646 -0.5864 0.4630
vn 0.5145 -0.1375 0.8464
vn 0.9214 0.3469 0.1754
vn 0.9743 0.2245 0.0171
vn 0.6610 -0.3434 0.6672
vn 0.7253 -0.4889 0.4847
vn 0.9823 0.1482 -0.1147
vn 0.6168 -0.7513 -0.2347
vn 0.7530 0.4530 -0.4773
vn 0.6595 -0.7109 -0.2442
vn 0.7403 0.4515 -0.4980
vn 0.6776 0.5281 -0.5118
vn 0.6798 0.5268 -0.5102
vn 0.6972 0.5177 -0.4959
vn 0.6945 0.5271 -0.4897
vn 0.1735 0.0345 -0.9842
vn -0.6397 -0.3159 -0.7007
vn -0.7728 -0.6344 0.0171
vn -0.8228 -0.5265 0.2139
vn -0.7966 -0.0507 -0.6024
vn -0.8699 0.1583 -0.4671
vn -0.8485 -0.4112 0.3331
vn 0.0262 0.4252 -0.9047
vn -0.0375 0.5367 -0.8429
vn -0.4521 -0.7800 0.4327
vn -0.2147 -0.7587 0.6150
vn 0.3517 -0.5162 0.7809
vn 0.7473 0.1493 0.6475
vn 0.8466 0.5110 -0.1488
vn 0.8906 0.3981 -0.2199
vn 0.8163 -0.0721 0.5731
vn 0.8582 -0.2626 0.4410
vn 0.9168 0.2661 -0.2977
vn 0.0881 -0.4837 0.8708
vn 0.0996 -0.5904 0.8009
vn 0.6730 -0.7122 -0.1994
vn 0.5342 0.4638 -0.7068
vn 0.6924 -0.7005 -0.1729
vn 0.6342 0.4436 -0.6333
vn 0.5083 0.5126 -0.6921
vn 0.5182 0.4998 -0.6940
vn 0.5262 0.5009 -0.6872
vn 0.5107 0.5145 -0.6889
vn 0.0288 0.3280 -0.9443
vn -0.6156 -0.3226 -0.7190
vn -0.6483 -0.7554 0.0948
vn -0.7610 -0.6050 0.2344
vn -0.7996 -0.0888 -0.5939
vn -0.8911 0.1415 -0.4311
vn -0.8304 -0.4569 0.3189
vn -0.0501 0.4773 -0.8773
vn -0.1223 0.5942 -0.7950
vn -0.4026 -0.7054 0.5834
vn -0.1702 -0.6862 0.7073
vn 0.2452 -0.4366 0.8656
vn 0.7986 0.0503 0.5998
vn 0.9243 0.3752 -0.0698
vn 0.8290 0.5124 -0.2239
vn 0.8462 0.0327 0.5318
vn 0.8998 -0.1795 0.3976
vn 0.8687 0.3882 -0.3078
vn 0.1531 -0.5111 0.8458
vn 0.1896 -0.6259 0.7566
vn 0.8801 -0.4631 -0.1049
vn 0.6320 0.6260 -0.4570
vn 0.6833 -0.7299 0.0159
vn 0.4685 0.5812 -0.6654
vn 0.4322 0.5979 -0.6751
vn 0.4442 0.6007 -0.6647
vn 0.4495 0.6013 -0.6606
vn 0.4333 0.5992 -0.6732
vn -0.1589 0.1787 -0.9710
vn -0.4886 -0.5062 -0.7107
vn -0.5480 -0.8250 0.1382
vn -0.5764 -0.7316 0.3639
vn -0.7303 -0.3842 -0.5649
vn -0.8560 -0.2389 -0.4584
vn -0.6644 -0.6245 0.4107
vn -0.2238 0.2390 -0.9449
vn -0.2656 0.3350 -0.9040
vn -0.2026 -0.6689 0.7152
vn -0.1520 -0.7255 0.6712
vn 0.2680 -0.2632 0.9268
vn 0.7080 0.5138 0.4845
vn 0.5839 0.7563 -0.2952
vn 0.6462 0.6856 -0.3351
vn 0.7907 0.4195 0.4459
vn 0.8768 0.2495 0.4110
vn 0.7103 0.5918 -0.3811
vn 0.3029 -0.2324 0.9243
vn 0.3407 -0.3262 0.8818
vn 0.2342 0.5730 -0.7854
vn 0.2260 0.5632 -0.7948
vn 0.2254 0.5565 -0.7997
vn 0.2578 0.5619 -0.7860
vn 0.2656 0.5631 -0.7826
vn 0.2258 0.5594 -0.7975
vn -0.4806 -0.5572 0.6771
vn -0.4863 -0.6019 0.6335
vn -0.4645 -0.5931 0.6576
vn -0.4705 -0.5644 0.6783
vn -0.3990 -0.6428 0.6539
vn -0.3984 -0.6788 0.6168
vn -0.3889 -0.6584 0.6444
vn -0.3953 -0.6419 0.6571
vn -0.2123 -0.5829 0.7843
vn -0.2049 -0.6023 0.7716
vn -0.1990 -0.6078 0.7688
vn -0.2084 -0.5801 0.7874
vn -0.7217 0.5250 -0.4512
vn 0.1925 0.7331 -0.6523
vn 0.1738 0.7841 -0.5958
vn -0.7322 0.5913 -0.3381
vn -0.9732 -0.1581 0.1672
vn -0.9598 -0.1174 0.2548
vn -0.6744 -0.5405 0.5030
vn -0.6741 -0.5490 0.4941
vn -0.1124 -0.7705 0.6274
vn -0.6616 -0.5563 0.5028
vn -0.6613 -0.5527 0.5072
vn -0.0936 -0.8111 0.5774
vn 0.7186 -0.6334 0.2871
vn 0.7240 -0.5546 0.4102
vn 0.9817 0.1015 -0.1614
vn 0.9700 0.0360 -0.2405
vn 0.6875 0.5171 -0.5098
vn 0.6923 0.5259 -0.4941
vn 0.6745 0.5390 -0.5045
vn 0.6757 0.5271 -0.5154
vn -0.8889 0.2950 -0.3504
vn -0.0377 0.6116 -0.7903
vn 0.0466 0.7658 -0.6414
vn -0.7409 0.6709 -0.0302
vn -0.8639 -0.3026 0.4027
vn -0.7245 -0.0658 0.6862
vn -0.5163 -0.4930 0.7003
vn -0.4822 -0.5456 0.6854
vn 0.1531 -0.6440 0.7495
vn -0.4573 -0.5542 0.6955
vn -0.4870 -0.5198 0.7019
vn 0.1241 -0.7641 0.6331
vn 0.8306 -0.5367 0.1483
vn 0.8627 -0.3664 0.3486
vn 0.9276 0.1710 -0.3323
vn 0.8782 0.0499 -0.4757
vn 0.5042 0.4797 -0.7181
vn 0.5330 0.4991 -0.6832
vn 0.5143 0.5095 -0.6899
vn 0.4776 0.5079 -0.7169
vn -0.9082 0.2659 -0.3232
vn -0.1236 0.6616 -0.7396
vn -0.0603 0.8082 -0.5858
vn -0.8441 0.5350 -0.0345
vn -0.8392 -0.3836 0.3854
vn -0.7566 -0.1984 0.6230
vn -0.4453 -0.5838 0.6789
vn -0.4075 -0.6307 0.6604
vn 0.2421 -0.6814 0.6908
vn -0.3893 -0.6336 0.6686
vn -0.4182 -0.6026 0.6796
vn 0.2053 -0.8030 0.5596
vn 0.8612 -0.5048 0.0597
vn 0.9088 -0.3060 0.2836
vn 0.8970 0.2804 -0.3417
vn 0.8496 0.1481 -0.5063
vn 0.4201 0.5859 -0.6930
vn 0.4586 0.5962 -0.6590
vn 0.4425 0.6053 -0.6617
vn 0.3988 0.6007 -0.6930
vn -0.9062 -0.1510 -0.3951
vn -0.2934 0.3873 -0.8740
vn -0.3288 0.4449 -0.8330
vn -0.9516 -0.0309 -0.3057
vn -0.6983 -0.5602 0.4456
vn -0.7263 -0.4710 0.5005
vn -0.2454 -0.5601 0.7912
vn -0.2219 -0.5667 0.7935
vn 0.3749 -0.3659 0.8518
vn -0.2134 -0.5651 0.7970
vn -0.2337 -0.5597 0.7951
vn 0.3638 -0.4309 0.8258
vn 0.9428 0.0592 0.3281
vn 0.9149 0.1542 0.3730
vn 0.7471 0.5371 -0.3916
vn 0.7555 0.4746 -0.4517
vn 0.2473 0.5455 -0.8008
vn 0.2702 0.5654 -0.7793
vn 0.2599 0.5627 -0.7847
vn 0.2438 0.5473 -0.8007
vn -0.5895 0.8054 0.0611
vn 0.2512 0.8637 -0.4370
vn 0.1800 0.9006 -0.3956
vn -0.5746 0.8103 0.1151
vn -0.8796 -0.0154 0.4754
vn -0.8832 0.0259 0.4682
vn -0.6566 -0.5474 0.5188
vn -0.6925 -0.5620 0.4522
vn -0.1198 -0.9125 0.3912
vn -0.6516 -0.5588 0.5131
vn -0.6935 -0.5692 0.4416
vn -0.2496 -0.9405 0.2307
vn 0.6249 -0.7807 -0.0066
vn 0.4752 -0.8434 -0.2506
vn 0.9022 -0.0867 -0.4224
vn 0.7857 -0.1112 -0.6085
vn 0.6835 0.4986 -0.5332
vn 0.6126 0.4835 -0.6253
vn 0.6731 0.5063 -0.5391
vn 0.6155 0.4934 -0.6146
vn -0.2868 0.8743 0.3916
vn 0.1635 0.8837 -0.4386
vn 0.1104 0.8982 -0.4254
vn -0.4268 0.8517 0.3041
vn -0.5041 0.1654 0.8476
vn -0.6552 0.0914 0.7499
vn -0.4822 -0.4870 0.7283
vn -0.5179 -0.5183 0.6806
vn 0.0190 -0.9194 0.3928
vn -0.4505 -0.5559 0.6986
vn -0.5173 -0.5366 0.6666
vn -0.1752 -0.9262 0.3339
vn 0.6107 -0.7756 -0.1595
vn 0.3617 -0.8643 -0.3494
vn 0.7366 -0.1590 -0.6573
vn 0.5583 -0.1541 -0.8152
vn 0.5104 0.4319 -0.7436
vn 0.4077 0.4479 -0.7957
vn 0.4633 0.4867 -0.7406
vn 0.4133 0.4763 -0.7761
vn -0.5260 0.7730 0.3547
vn 0.0142 0.9181 -0.3962
vn -0.0584 0.9154 -0.3983
vn -0.5862 0.7459 0.3162
vn -0.5958 0.0088 0.8031
vn -0.6750 -0.0399 0.7367
vn -0.4021 -0.5866 0.7030
vn -0.4344 -0.6099 0.6628
vn 0.1030 -0.9262 0.3626
vn -0.3774 -0.6235 0.6847
vn -0.4343 -0.6199 0.6535
vn -0.0437 -0.9501 0.3089
vn 0.6634 -0.7134 -0.2256
vn 0.4856 -0.7913 -0.3714
vn 0.7285 -0.0243 -0.6846
vn 0.5830 -0.0307 -0.8119
vn 0.4331 0.5394 -0.7221
vn 0.3444 0.5399 -0.7680
vn 0.3983 0.5698 -0.7188
vn 0.3511 0.5529 -0.7556
vn -0.9452 0.3218 -0.0554
vn -0.3195 0.5981 -0.7350
vn -0.3698 0.6040 -0.7060
vn -0.9397 0.3379 -0.0526
vn -0.7203 -0.2607 0.6428
vn -0.7516 -0.2502 0.6104
vn -0.2301 -0.5456 0.8058
vn -0.2482 -0.5830 0.7736
vn 0.4271 -0.5833 0.6909
vn -0.2050 -0.5554 0.8059
vn -0.2427 -0.5882 0.7715
vn 0.3509 -0.7075 0.6135
vn 0.9656 -0.2191 0.1404
vn 0.8968 -0.4424 -0.0115
vn 0.8041 0.2602 -0.5345
vn 0.7350 0.1187 -0.6676
vn 0.2754 0.5190 -0.8092
vn 0.2294 0.4523 -0.8618
vn 0.2624 0.5183 -0.8139
vn 0.2293 0.4636 -0.8558
vn -0.3390 -0.1596 -0.9271
vn -0.2151 -0.8254 -0.5220
vn 0.3086 0.9485 0.0722
vn 0.0415 0.8780 -0.4768
vn 0.2914 0.9452 -0.1474
vn 0.2609 0.7664 -0.5870
vn -0.1178 0.5333 -0.8377
vn -0.0989 0.7675 -0.6334
vn 0.2364 0.4778 -0.8461
vn -0.1195 -0.4838 -0.8670
vn 0.2033 0.4606 -0.8640
vn -0.7296 -0.6246 -0.2784
vn -0.3823 -0.7827 0.4911
vn -0.2315 0.8612 -0.4525
vn -0.6064 -0.7404 0.2901
vn 0.0508 0.6051 0.7945
vn -0.2621 -0.9594 -0.1043
vn -0.2704 -0.9606 -0.0635
vn 0.0527 -0.4484 -0.8923
vn 0.2752 -0.4718 -0.8377
vn -0.2163 -0.9758 0.0326
vn 0.2557 0.6789 -0.6883
vn 0.2381 0.9512 -0.1962
vn 0.2552 0.9474 -0.1933
vn 0.3375 0.7037 -0.6252
vn 0.2449 0.3368 -0.9092
vn 0.3941 0.3148 -0.8635
vn 0.2474 0.3403 -0.9072
vn 0.3934 0.3150 -0.8637
vn -0.2492 -0.8373 0.4867
vn -0.3535 -0.7492 0.5601
vn -0.1803 -0.3414 0.9225
vn -0.1745 -0.5053 0.8451
vn -0.0028 0.5481 0.8364
vn 0.4145 -0.5401 -0.7325
vn 0.5697 -0.6315 -0.5260
vn -0.0917 -0.9694 0.2278
vn -0.1779 -0.9778 0.1106
vn 0.2512 0.9566 -0.1480
vn 0.2791 0.9453 -0.1688
vn 0.5255 0.6578 -0.5396
vn 0.4114 0.6922 -0.5929
vn 0.5182 0.2814 -0.8077
vn 0.6518 0.2256 -0.7241
vn 0.5212 0.2875 -0.8036
vn 0.6537 0.2308 -0.7207
vn -0.3970 -0.6778 0.6188
vn -0.3946 -0.7135 0.5790
vn -0.4134 -0.2657 0.8709
vn -0.4691 -0.2020 0.8597
vn -0.1120 0.6542 0.7480
vn -0.4051 -0.3208 0.8562
vn -0.4550 -0.2246 0.8617
vn -0.1807 0.6979 0.6930
vn -0.2996 -0.3786 0.8757
vn -0.2975 -0.4153 0.8596
vn 0.0383 0.2891 0.9565
vn -0.5466 -0.0015 0.8374
vn -0.5284 0.0532 0.8474
vn 0.0741 0.4152 0.9067
vn -0.8728 -0.3631 0.3262
vn -0.8433 -0.2722 0.4634
vn -0.6404 -0.6259 -0.4452
vn -0.9269 -0.3039 0.2201
vn -0.7120 -0.4687 -0.5228
vn 0.1113 -0.5799 -0.8070
vn 0.0122 -0.4422 -0.8968
vn 0.6284 -0.3449 -0.6973
vn 0.6217 -0.2408 -0.7453
vn 0.9667 0.0200 -0.2550
vn 0.6256 -0.3462 -0.6991
vn 0.6336 -0.2159 -0.7429
vn 0.9623 0.1695 -0.2126
vn 0.8154 0.3706 0.4448
vn 0.8075 0.4197 0.4145
vn 0.1094 0.3305 0.9374
vn -0.5586 0.0047 0.8294
vn -0.9918 -0.0611 0.1122
vn -0.8132 -0.1337 -0.5665
vn -0.1525 -0.2107 -0.9656
vn 0.5823 -0.1317 -0.8022
vn 0.6351 -0.1325 -0.7609
vn 0.9358 0.3180 -0.1520
vn 0.7278 0.5710 0.3799
vn 0.1615 0.4277 0.8893
vn -0.5985 0.0814 0.7970
vn -0.7686 0.3111 -0.5589
vn -0.9350 0.3371 0.1097
vn -0.8475 0.4956 0.1900
vn -0.6917 0.4635 -0.5538
vn -0.1608 0.1143 -0.9804
vn -0.0309 0.2328 -0.9720
vn 0.5676 -0.1671 -0.8062
vn 0.5950 -0.1165 -0.7953
vn 0.9942 -0.0491 -0.0953
vn 0.6419 -0.1383 -0.7542
vn 0.6332 -0.1481 -0.7597
vn 0.8370 -0.5378 -0.1014
vn 0.8634 0.0151 0.5043
vn 0.6114 -0.6890 0.3891
vn 0.1297 0.2105 0.9690
vn 0.1167 -0.2619 0.9580
vn -0.5842 0.2426 0.7745
vn -0.5057 0.2673 0.8203
vn -0.6809 0.4785 -0.5544
vn -0.8451 0.4760 0.2432
vn -0.8508 0.4317 0.2997
vn -0.6983 0.4811 -0.5300
vn 0.0075 0.1929 -0.9812
vn -0.0081 0.1299 -0.9915
vn 0.5606 -0.1782 -0.8087
vn 0.5017 -0.2519 -0.8276
vn 0.7334 -0.6405 -0.2279
vn 0.5707 -0.1948 -0.7977
vn 0.5048 -0.2564 -0.8243
vn 0.7092 -0.6211 -0.3338
vn 0.5344 -0.7662 0.3568
vn 0.5203 -0.7738 0.3613
vn -0.0337 -0.3388 0.9403
vn -0.1406 -0.3432 0.9287
vn -0.5352 0.1971 0.8214
vn -0.5829 0.1235 0.8031
vn -0.8572 0.4068 0.3159
vn -0.6807 0.5523 -0.4813
vn -0.0106 0.1940 -0.9809
vn 0.5323 -0.2171 -0.8183
vn 0.5346 -0.2159 -0.8170
vn 0.7999 -0.5117 -0.3134
vn 0.6714 -0.6645 0.3280
vn -0.1149 -0.4059 0.9067
vn -0.6362 0.0511 0.7699
vn -0.8621 0.3735 0.3424
vn -0.6861 0.6268 -0.3693
vn -0.0445 0.3776 -0.9249
vn 0.5238 -0.1104 -0.8446
vn 0.5282 -0.0994 -0.8433
vn 0.8316 -0.4869 -0.2669
vn 0.7155 -0.5979 0.3614
vn -0.0906 -0.3702 0.9245
vn -0.6300 0.0080 0.7765
vn -0.8339 0.4204 0.3577
vn -0.6625 0.7068 -0.2481
vn -0.1286 0.5579 -0.8199
vn 0.5021 -0.0143 -0.8647
vn 0.4683 0.0492 -0.8822
vn 0.7673 -0.5841 -0.2645
vn 0.6717 -0.6974 0.2498
vn -0.0712 -0.5538 0.8296
vn -0.6333 0.0194 0.7736
vn -0.1591 0.4439 -0.8819
vn -0.1506 0.4679 -0.8709
vn 0.5874 0.3276 -0.7400
vn 0.5747 0.3152 -0.7552
vn 0.9549 -0.0024 -0.2968
vn 0.9569 -0.0145 -0.2899
vn 0.9257 -0.3190 0.2034
vn 0.9144 -0.3642 0.1767
vn 0.6691 -0.5392 0.5115
vn 0.9222 -0.3150 0.2243
vn 0.9101 -0.3725 0.1818
vn 0.6718 -0.5891 0.4490
vn 0.1673 -0.6977 0.6966
vn 0.1638 -0.7556 0.6342
vn -0.3804 -0.7037 0.6000
vn -0.3541 -0.6611 0.6615
vn -0.7714 -0.4462 0.4536
vn -0.7966 -0.4777 0.3704
vn -0.9937 -0.1074 -0.0322
vn -0.9971 -0.0754 0.0087
vn -0.9156 0.1817 -0.3586
vn -0.9166 0.1590 -0.3667
vn -0.6748 0.3484 -0.6506
vn -0.9144 0.1872 -0.3588
vn -0.9150 0.1607 -0.3701
vn -0.6779 0.3535 -0.6445
vn -0.1252 0.5666 -0.8144
vn 0.6059 0.4324 -0.6678
vn 0.9652 0.0717 -0.2514
vn 0.9208 -0.3331 0.2028
vn 0.9186 -0.3386 0.2037
vn 0.6647 -0.5856 0.4639
vn 0.1396 -0.7669 0.6264
vn -0.3919 -0.7202 0.5724
vn -0.7874 -0.5065 0.3514
vn -0.9918 -0.1235 -0.0326
vn -0.9203 0.1752 -0.3497
vn -0.9185 0.1761 -0.3542
vn -0.6686 0.4154 -0.6167
vn -0.1397 0.6405 -0.7551
vn 0.6128 0.5170 -0.5976
vn 0.9775 0.1045 -0.1830
vn 0.9149 -0.3250 0.2394
vn 0.9115 -0.3335 0.2405
vn 0.9089 -0.3393 0.2423
vn 0.6372 -0.5944 0.4905
vn 0.1035 -0.7616 0.6397
vn -0.4015 -0.7111 0.5772
vn -0.7783 -0.5104 0.3658
vn -0.9888 -0.1483 -0.0137
vn -0.9327 0.1557 -0.3254
vn -0.9287 0.1707 -0.3292
vn -0.9286 0.1815 -0.3237
vn -0.6872 0.4440 -0.5750
vn 0.0445 0.9916 -0.1216
vn -0.3510 -0.0855 0.9325
vn -0.1590 0.3148 0.9358
vn 0.4428 0.8957 0.0412
vn 0.7960 0.6005 0.0758
vn 0.5014 -0.5310 0.6831
vn 0.9721 -0.1358 0.1911
vn 0.8491 -0.4704 0.2403
vn 0.6080 -0.4747 0.6364
vn 0.9147 -0.2761 0.2951
vn 0.8746 -0.3933 0.2835
vn 0.5728 -0.3488 0.7418
vn 0.0441 -0.5052 0.8619
vn 0.0405 -0.2396 0.9700
vn -0.3660 -0.0946 0.9258
vn -0.4073 -0.3902 0.8257
vn -0.7551 -0.2396 0.6102
vn -0.6881 0.0590 0.7232
vn -0.9336 0.2300 0.2749
vn -0.9906 -0.0043 0.1368
vn -0.9497 0.1523 -0.2735
vn -0.9426 0.2206 -0.2508
vn -0.5089 0.7718 -0.3813
vn -0.8992 0.2246 -0.3754
vn -0.9021 0.2761 -0.3317
vn -0.4380 0.7662 -0.4702
vn -0.5890 -0.7418 -0.3206
vn -0.4296 -0.4856 -0.7613
vn 0.1718 -0.8101 -0.5606
vn -0.1295 -0.9903 -0.0500
vn 0.3074 -0.9516 0.0029
vn 0.6012 -0.7841 -0.1541
vn 0.8369 -0.4335 0.3341
vn 0.8107 -0.4607 0.3613
vn 0.6515 -0.1436 0.7449
vn 0.8549 -0.3926 0.3390
vn 0.7980 -0.4516 0.3990
vn 0.6954 -0.0951 0.7123
vn 0.2011 0.1522 0.9677
vn 0.2994 0.3159 0.9003
vn -0.1181 0.5566 0.8223
vn -0.2242 0.3496 0.9097
vn -0.5736 0.4670 0.6730
vn -0.4871 0.6464 0.5873
vn -0.8186 0.5611 0.1228
vn -0.8575 0.4729 0.2024
vn -0.8980 0.3394 -0.2800
vn -0.9050 0.3132 -0.2878
vn -0.8047 -0.1747 -0.5674
vn -0.8919 0.3151 -0.3244
vn -0.9036 0.3030 -0.3027
vn -0.7977 -0.0412 -0.6016
vn -0.4051 -0.4301 -0.8068
vn 0.1710 -0.7723 -0.6118
vn 0.5467 -0.8249 -0.1441
vn 0.6895 -0.5766 0.4383
vn 0.6879 -0.5303 0.4955
vn 0.6328 -0.1074 0.7668
vn 0.3051 0.3695 0.8777
vn -0.0593 0.6418 0.7646
vn -0.4153 0.7378 0.5322
vn -0.7725 0.6307 0.0737
vn -0.8723 0.3672 -0.3229
vn -0.8764 0.3571 -0.3231
vn -0.7736 0.0103 -0.6336
vn -0.4048 -0.4316 -0.8062
vn 0.0388 -0.8029 -0.5948
vn 0.4923 -0.8663 -0.0846
vn 0.5910 -0.6649 0.4567
vn 0.5881 -0.5205 0.6191
vn 0.4932 -0.1378 0.8589
vn 0.2165 0.4323 0.8754
vn -0.0765 0.7095 0.7006
vn -0.3523 0.8019 0.4825
vn -0.7122 0.7017 0.0219
vn -0.8294 0.4170 -0.3719
vn -0.8308 0.4102 -0.3763
vn -0.7461 0.0537 -0.6637
vn -0.4215 -0.4277 -0.7996
vn -0.5036 -0.3274 -0.7995
vn -0.1164 -0.6681 -0.7349
vn -0.1098 -0.7718 -0.6263
vn 0.5306 -0.8333 -0.1549
vn 0.6002 -0.7477 -0.2839
vn 0.5731 -0.7181 0.3948
vn 0.6223 -0.7258 0.2931
vn 0.4766 -0.2601 0.8397
vn 0.5275 -0.6182 0.5827
vn 0.7800 -0.4049 0.4771
vn 0.3893 -0.0813 0.9175
vn 0.1315 0.4805 0.8671
vn 0.1867 0.8174 0.5449
vn 0.0633 0.9076 0.4150
vn -0.0864 0.7264 0.6818
vn -0.2542 0.8524 0.4569
vn -0.0403 0.9451 0.3244
vn -0.4900 0.8714 0.0209
vn -0.6193 0.7840 0.0422
vn -0.7570 0.0420 -0.6521
vn -0.8382 0.4110 -0.3585
vn -0.8388 0.4404 -0.3200
vn -0.7784 0.0979 -0.6202
vn -0.0903 0.7052 -0.7033
vn 0.6054 0.6244 -0.4935
vn 0.9534 0.2440 -0.1774
vn 0.9320 -0.2649 0.2475
vn 0.6441 -0.5056 0.5740
vn 0.9144 -0.3049 0.2665
vn 0.1041 -0.5920 0.7992
vn -0.3934 -0.5090 0.7656
vn -0.7760 -0.3624 0.5162
vn -0.9937 -0.1076 0.0302
vn -0.9349 0.0860 -0.3443
vn -0.6490 0.4301 -0.6276
vn -0.9145 0.1136 -0.3884
vn -0.5191 0.1857 -0.8343
vn -0.5765 0.2495 -0.7781
vn -0.1173 0.1964 -0.9735
vn -0.0577 0.1075 -0.9925
vn 0.1776 0.1081 -0.9781
vn 0.2035 0.2567 -0.9448
vn -0.5050 -0.8350 -0.2185
vn -0.7514 -0.6590 -0.0345
vn -0.8738 -0.4709 -0.1216
vn -0.6575 -0.7403 -0.1399
vn -0.9747 0.0049 -0.2234
vn -0.9845 0.0308 -0.1727
vn -0.8011 0.2342 -0.5508
vn -0.9433 0.2332 -0.2362
vn -0.9721 0.0450 -0.2301
vn -0.8379 0.2368 -0.4918
vn -0.6116 0.2673 -0.7447
vn -0.1950 0.3797 -0.9043
vn 0.2034 0.4236 -0.8827
vn -0.8659 -0.3572 0.3501
vn -0.9815 -0.1805 0.0638
vn -0.9756 -0.0087 -0.2195
vn -0.9729 -0.0242 -0.2301
vn -0.8695 0.1257 -0.4777
vn -0.5860 0.2739 -0.7626
vn -0.1668 0.4044 -0.8992
vn 0.2111 0.4549 -0.8651
vn -0.8644 -0.0812 0.4962
vn -0.9873 -0.0614 0.1467
vn -0.9785 0.0187 -0.2055
vn -0.9816 0.0294 -0.1886
vn -0.8630 0.1173 -0.4914
vn -0.6067 0.3106 -0.7317
vn -0.1585 0.4387 -0.8845
vn 0.2072 0.5020 -0.8397
vn -0.8877 -0.1380 0.4393
vn -0.9916 -0.0804 0.1010
vn -0.9206 0.2969 -0.2538
vn -0.9646 0.2321 -0.1252
vn -0.8742 0.2603 -0.4098
vn -0.6621 0.2135 -0.7184
vn -0.1415 0.4410 -0.8863
vn 0.2148 0.4774 -0.8520
vn 0.2075 0.5266 -0.8244
vn -0.9140 -0.2635 0.3084
vn -0.9992 0.0123 0.0392
vn -0.8979 0.2175 -0.3828
vn -0.9200 0.3873 -0.0602
vn -0.9028 0.1495 -0.4032
vn -0.5203 0.2528 -0.8157
vn -0.1075 0.5128 -0.8518
vn 0.2054 0.5339 -0.8202
vn -0.9613 -0.1290 0.2433
vn -0.9925 0.0579 -0.1077
vn -0.8389 0.2186 -0.4986
vn -0.9747 0.1958 -0.1073
vn -0.9878 -0.0918 -0.1255
vn -0.7721 0.0441 -0.6340
vn -0.2619 0.3529 -0.8983
vn 0.0082 0.6324 -0.7746
vn 0.1813 0.6587 -0.7302
vn -0.9733 -0.0627 0.2209
vn -0.9998 -0.0140 -0.0173
vn -0.9233 0.0572 -0.3799
vn -0.9387 0.1113 -0.3264
vn -0.9796 -0.0611 -0.1915
vn -0.2218 -0.8592 -0.4611
vn -0.9897 -0.1283 -0.0638
vn -0.8013 0.4374 0.4082
vn -0.9312 0.3548 0.0833
vn 0.5566 -0.0502 -0.8293
vn -0.1338 0.5949 -0.7926
vn -0.2126 0.8609 -0.4622
vn 0.0885 0.8497 -0.5198
vn 0.1081 0.6119 -0.7835
vn 0.2007 0.6314 -0.7491
vn 0.1516 0.8298 -0.5370
vn -0.8504 0.0745 0.5208
vn -0.7783 0.1518 0.6092
vn -0.9015 0.2123 0.3772
vn -0.9930 -0.1160 0.0226
vn -0.1342 0.9743 -0.1807
vn 0.0618 0.9591 -0.2763
vn 0.0987 0.9415 -0.3222
vn -0.5926 0.1785 0.7855
vn -0.7533 0.4624 0.4676
vn -0.8162 0.5766 0.0370
vn -0.7112 0.6766 0.1907
vn -0.4341 0.8569 -0.2780
vn -0.7885 0.4783 0.3866
vn -0.7365 0.5912 0.3288
vn -0.3776 0.9257 -0.0214
vn -0.1756 0.9368 -0.3026
vn 0.0415 0.9113 -0.4096
vn 0.0950 0.8825 -0.4606
vn -0.5123 0.1432 0.8468
vn -0.6284 0.5291 0.5702
vn -0.5729 0.7889 0.2225
vn -0.5897 0.7287 0.3482
vn -0.4106 0.8735 0.2614
vn -0.3026 0.9489 -0.0890
vn -0.4841 -0.1683 -0.8587
vn -0.5353 -0.0237 -0.8443
vn -0.1126 -0.2311 -0.9664
vn -0.0452 -0.4425 -0.8956
vn 0.2090 -0.5162 -0.8305
vn -0.0703 -0.1852 -0.9802
vn 0.2701 -0.2044 -0.9409
vn 0.3162 -0.3125 -0.8957
vn 0.2841 0.5752 -0.7671
vn 0.1253 -0.5197 -0.8451
vn 0.2768 -0.5086 -0.8153
vn 0.6475 0.4337 -0.6266
vn 0.7339 0.5579 -0.3874
vn 0.3814 -0.5762 -0.7229
vn 0.7450 0.1709 -0.6448
vn 0.1325 0.9656 -0.2237
vn -0.7813 0.1077 -0.6148
vn -0.8212 0.4414 -0.3616
vn -0.9017 0.3140 -0.2972
vn -0.7966 0.1468 -0.5864
vn -0.9301 -0.0814 0.3582
vn -0.0823 0.3443 -0.9353
vn 0.0980 0.5138 -0.8523
vn 0.2004 0.5853 -0.7857
vn -0.4749 0.8190 -0.3222
vn -0.8418 0.3727 0.3904
vn -0.9034 0.4208 0.0822
vn -0.8684 -0.3858 0.3116
vn -0.8434 -0.3728 -0.3868
vn -0.9912 -0.0277 -0.1291
vn 0.0808 -0.9743 -0.2104
vn 0.5492 -0.7936 -0.2618
vn 0.6349 0.3632 -0.6819
vn 0.1891 0.6776 -0.7107
vn 0.0370 0.6513 -0.7580
vn -0.8054 0.5789 -0.1272
vn -0.8859 0.4619 -0.0418
vn -0.8175 0.4806 -0.3174
vn -0.7504 0.6318 -0.1941
vn 0.5166 0.2105 -0.8299
vn 0.4627 0.3072 -0.8316
vn -0.1962 0.3213 -0.9264
vn -0.1480 0.2927 -0.9447
vn 0.9352 0.1136 -0.3355
vn 0.8773 0.2328 -0.4196
vn 0.4447 0.3099 -0.8404
vn 0.5206 0.2252 -0.8236
vn 0.9609 0.0548 0.2714
vn 0.9862 0.1004 0.1316
vn -0.6558 0.2866 -0.6984
vn -0.6542 0.2668 -0.7077
vn -0.8674 0.1975 -0.4567
vn -0.8942 0.2339 -0.3818
vn 0.6684 0.6069 0.4300
vn 0.8251 0.2469 0.5081
vn 0.9214 0.1911 0.3384
vn 0.8063 0.4032 0.4328
vn 0.0961 0.8843 0.4569
vn -0.1692 0.8907 0.4220
vn -0.3238 0.3682 0.8715
vn 0.2139 0.3486 0.9126
vn -0.5699 0.8047 0.1664
vn -0.7802 0.6255 0.0032
vn -0.9686 0.2484 0.0117
vn -0.8944 0.2721 0.3551
vn 0.4559 -0.0041 -0.8900
vn -0.1645 -0.1946 -0.9670
vn 0.8240 -0.2788 -0.4933
vn 0.4521 -0.0013 -0.8920
vn 0.8697 -0.4902 -0.0574
vn 0.5534 -0.7712 0.3146
vn 0.5924 -0.8041 0.0504
vn -0.2987 -0.5082 0.8078
vn 0.2027 -0.5691 0.7969
vn -0.6264 -0.7789 -0.0315
vn -0.7179 -0.6380 0.2785
vn -0.4798 -0.4546 -0.7505
vn -0.6255 -0.5506 -0.5528
vn -0.6460 0.4760 -0.5968
vn -0.8839 0.3576 -0.3014
vn -0.8885 0.3396 -0.3086
vn -0.9754 0.1703 0.1401
vn -0.7608 -0.0978 0.6416
vn -0.3678 -0.2460 0.8968
vn 0.1821 -0.2937 0.9384
vn 0.7335 -0.2399 0.6360
vn 0.9570 -0.0970 0.2735
vn 0.9584 -0.0875 0.2718
vn 0.9426 0.1557 -0.2955
vn 0.5114 0.4133 -0.7534
vn -0.1680 0.5214 -0.8366
vn 0.7004 0.0418 0.7126
vn 0.6317 0.3646 0.6841
vn 0.8208 0.1129 0.5599
vn 0.9005 0.1120 0.4202
vn 0.1451 0.0855 0.9857
vn -0.3492 0.0972 0.9320
vn -0.2275 0.6630 0.7132
vn 0.0557 0.6548 0.7537
vn -0.7368 0.1291 0.6636
vn -0.9724 0.1869 0.1397
vn -0.8155 0.5066 0.2797
vn -0.4766 0.6641 0.5761
vn -0.9617 0.2589 -0.0898
vn -0.9586 0.1618 -0.2343
vn 0.6457 -0.7633 0.0208
vn -0.5239 -0.7560 -0.3923
vn 0.4524 0.7465 0.4879
vn -0.1042 0.9423 0.3182
vn 0.0187 0.9299 0.3673
vn -0.5604 0.8141 0.1522
vn -0.2432 0.9273 0.2846
vn -0.8578 0.5139 -0.0114
vn -0.9565 0.2018 -0.2107
vn -0.5343 -0.7968 -0.2820
vn 0.3655 0.8163 0.4473
vn -0.3636 0.8772 0.3135
vn 0.6045 -0.7948 0.0539
vn 0.5591 -0.7671 0.3146
vn 0.0180 -0.9985 -0.0514
vn 0.0436 -0.9866 -0.1569
vn 0.6466 -0.7624 0.0251
vn 0.0687 -0.9659 -0.2495
vn 0.8772 -0.4754 -0.0667
vn 0.0690 -0.9622 -0.2634
vn 0.8377 -0.2249 -0.4976
vn 0.0617 -0.9656 -0.2526
vn 0.4536 0.0648 -0.8888
vn 0.2050 -0.5543 0.8067
vn -0.3013 -0.4932 0.8161
vn 0.0117 -0.9998 -0.0150
vn 0.3862 -0.6469 0.6575
vn -0.1688 -0.1332 -0.9766
vn -0.5006 -0.4083 -0.7634
vn -0.6446 -0.5164 -0.5637
vn -0.5521 -0.7343 -0.3950
vn -0.5537 -0.7829 -0.2838
vn -0.6263 -0.7788 -0.0352
vn -0.6734 -0.5570 0.4861
vn -0.7246 -0.6295 0.2806
vn -0.7559 0.3193 0.5715
vn -0.6671 -0.5688 0.4811
vn 0.4889 0.2915 0.8222
vn 0.3808 -0.6563 0.6514
vn -0.1727 -0.9408 -0.2916
vn -0.3889 -0.8592 0.3323
vn -0.6745 -0.7371 0.0427
vn -0.3777 -0.8658 -0.3282
vn -0.4080 -0.3952 0.8231
vn -0.7213 -0.3955 0.5686
vn -0.4572 -0.2017 0.8662
vn -0.7046 -0.1308 0.6975
vn -0.5086 -0.1730 0.8435
vn -0.7373 -0.1351 0.6619
vn -0.4725 -0.3571 0.8057
vn -0.6823 -0.3721 0.6293
vn -0.4400 -0.2442 0.8641
vn -0.6986 -0.2508 0.6701
vn -0.3888 -0.0737 0.9184
vn -0.7061 -0.0918 0.7021
vn -0.2843 0.1164 0.9516
vn -0.2658 0.2430 0.9329
vn -0.4733 0.2380 0.8482
vn -0.5239 0.1292 0.8419
vn -0.3302 0.0842 0.9401
vn -0.4460 0.1053 0.8888
vn -0.3004 -0.0888 0.9497
vn -0.4529 0.0104 0.8915
vn -0.3296 -0.1359 0.9343
vn -0.6481 -0.0935 0.7558
vn -0.0000 -0.0000 -1.0000
vn -0.4173 -0.5502 -0.7233
vn -0.1164 -0.5327 0.8383
vn -0.1857 0.9284 -0.3219
vn 0.1050 -0.6682 0.7366
vn -0.2900 0.0928 0.9525
vn 0.0610 0.0977 0.9933
vn -0.1830 0.3532 -0.9175
vn -0.5208 0.3289 -0.7878
vn -0.8830 0.1707 -0.4372
vn -0.9959 0.0890 -0.0154
vn -0.9283 0.0810 0.3628
vn -0.6767 0.1010 0.7293
vn -0.4704 0.0791 0.8789
vn -0.3116 0.0890 0.9460
vn -0.1020 0.0926 0.9905
vn -0.4862 0.1031 0.8677
vn -0.5784 0.1120 0.8080
vn -0.8914 0.1645 0.4224
vn -0.9732 0.2295 -0.0167
vn -0.7921 0.3738 -0.4826
vn -0.3956 0.5616 -0.7267
vn -0.0101 0.6163 -0.7874
vn -0.3630 0.8746 -0.3214
vn -0.0171 0.6065 -0.7949
vn 0.4315 0.1046 -0.8960
vn 0.3817 0.1671 -0.9090
vn 0.6609 -0.6742 -0.3296
vn 0.3926 -0.9072 0.1514
vn -0.2981 -0.5040 0.8106
vn -0.6312 -0.0491 0.7741
vn -0.6103 0.5746 0.5454
vn 0.6246 0.4515 -0.6372
vn -0.1085 0.5116 -0.8523
vn 0.9639 0.0874 -0.2514
vn 0.9133 -0.3260 0.2442
vn 0.6607 -0.5348 0.5268
vn 0.9045 -0.3562 0.2346
vn -0.3918 -0.5984 0.6988
vn 0.1270 -0.6530 0.7466
vn -0.9859 -0.1656 -0.0235
vn -0.7741 -0.4419 0.4533
vn -0.9225 0.0266 -0.3850
vn -0.6500 0.3079 -0.6947
vn -0.9121 0.0530 -0.4065
vn -0.2899 0.9349 0.2048
vn -0.2800 0.9467 0.1596
vn -0.2794 0.9565 0.0840
vn -0.1731 0.9529 0.2490
vn -0.1777 0.9471 0.2671
vn -0.1816 0.9364 0.3004
vn 0.2639 0.7252 0.6360
vn 0.5047 0.6857 0.5245
vn 0.4307 0.6602 0.6153
vn 0.2819 0.7692 0.5735
vn -0.3854 0.5763 0.7207
vn -0.1373 0.7394 0.6591
vn -0.1713 0.7300 0.6616
vn -0.4367 0.4728 0.7653
vn -0.2086 0.5403 -0.8152
vn -0.2139 0.5203 -0.8268
vn -0.2171 0.5280 -0.8210
vn -0.2109 0.5495 -0.8085
vn 0.1261 0.9662 0.2247
vn 0.0046 0.9870 0.1604
vn 0.0049 0.9886 0.1505
vn 0.1387 0.9599 0.2437
vn 0.2243 0.9606 0.1641
vn 0.2269 0.9607 0.1602
vn 0.2270 0.9606 0.1605
vn 0.2246 0.9605 0.1643
vn 0.0356 0.9984 -0.0437
vn 0.0677 0.9970 -0.0370
vn 0.0677 0.9970 -0.0369
vn 0.0355 0.9984 -0.0437
vn 0.2167 0.9178 0.3328
vn 0.2169 0.9183 0.3311
vn -0.5485 0.3730 0.7483
vn -0.5446 0.3781 0.7486
vn -0.3841 0.0530 0.9217
vn 0.0013 0.0847 0.9964
vn -0.1626 0.0397 0.9859
vn -0.3361 0.0245 0.9415
vn 0.0781 0.6300 0.7727
vn -0.1051 0.6622 0.7419
vn -0.1079 0.6650 0.7390
vn 0.0690 0.6329 0.7711
vn -0.1608 0.7541 0.6367
vn -0.1601 0.7534 0.6378
vn -0.1019 0.7585 0.6436
vn -0.0536 0.8371 0.5444
vn -0.0525 0.8378 0.5435
vn -0.1128 0.8296 0.5468
vn -0.0703 0.8133 0.5777
vn 0.0207 0.8188 0.5736
vn 0.0235 0.8166 0.5767
vn -0.0739 0.8149 0.5748
vn 0.0322 0.8179 0.5744
vn 0.0463 0.7751 0.6302
vn 0.0456 0.7869 0.6154
vn 0.0372 0.8180 0.5739
vn 0.0114 0.7614 0.6482
vn 0.0577 0.7902 0.6102
vn 0.0544 0.7901 0.6106
vn 0.0115 0.7677 0.6407
vn 0.1152 0.8143 0.5689
vn 0.1435 0.7672 0.6252
vn 0.1431 0.7683 0.6239
vn 0.0789 0.7702 0.6329
vn 0.1518 0.7776 0.6102
vn 0.1891 0.6937 0.6950
vn 0.1771 0.6957 0.6962
vn 0.1437 0.7818 0.6068
vn 0.6053 -0.6656 0.4364
vn 0.6651 -0.6625 0.3446
vn 0.6569 -0.6683 0.3492
vn 0.6208 -0.6445 0.4463
vn 0.6082 -0.6467 0.4604
vn 0.5520 -0.8059 0.2142
vn 0.5318 -0.7249 0.4378
vn 0.5496 -0.7124 0.4364
vn 0.5044 -0.8307 0.2357
vn 0.5060 -0.8334 0.2225
vn 0.4794 -0.7537 0.4495
vn 0.4103 -0.8024 0.4333
vn 0.4183 -0.7866 0.4543
vn 0.5028 -0.7446 0.4392
vn 0.4949 -0.7448 0.4476
vn 0.4005 -0.8383 0.3700
vn 0.5241 -0.7670 0.3702
vn 0.5248 -0.7685 0.3660
vn 0.4508 -0.7938 0.4082
vn 0.4061 -0.8310 0.3802
vn 0.5535 0.4763 0.6832
vn 0.2691 0.5454 0.7938
vn 0.2804 0.5436 0.7911
vn 0.5477 0.4784 0.6864
vn 0.8109 0.5813 0.0675
vn 0.8422 0.5381 -0.0339
vn 0.8401 0.5416 -0.0298
vn 0.8037 0.5917 0.0631
vn 0.8452 0.5306 -0.0632
vn 0.8787 0.4517 0.1542
vn 0.8764 0.4538 0.1614
vn 0.8610 0.4779 0.1743
vn 0.8921 0.3947 0.2201
vn 0.7637 0.4082 0.5001
vn 0.7637 0.4146 0.4948
vn 0.8928 0.3897 0.2258
vn 0.2889 0.9458 0.1485
vn 0.2491 0.9533 -0.1707
vn 0.2426 0.9573 -0.1571
vn 0.2700 0.9511 0.1502
vn -0.0107 0.9953 0.0961
vn 0.0605 0.9920 0.1105
vn 0.8633 0.4973 0.0867
vn 0.8674 0.4910 0.0807
vn 0.7883 0.4945 0.3662
vn -0.4953 0.8022 -0.3334
vn -0.4255 0.8721 -0.2415
vn 0.9359 0.1138 -0.3334
vn -0.3258 0.8953 -0.3039
vn -0.3353 0.9180 -0.2117
vn -0.4579 0.8654 -0.2036
vn -0.6902 -0.6774 -0.2543
vn -0.5888 0.6466 -0.4850
vn 0.0884 -0.5796 -0.8101
vn -0.2634 0.8785 -0.3986
vn 0.5767 -0.3661 -0.7303
vn -0.2971 0.9258 -0.2339
vn 0.6391 -0.6601 0.3948
vn 0.6427 -0.6645 0.3814
vn 0.5394 -0.3344 -0.7728
vn -0.3220 0.9031 -0.2839
vn 0.2858 0.2105 0.9349
vn 0.3035 -0.2268 0.9254
vn 0.5921 -0.1626 -0.7893
vn 0.0744 -0.1746 -0.9818
vn 0.0745 -0.1747 -0.9818
vn 0.6302 -0.2408 0.7382
vn 0.5645 -0.1816 0.8052
vn 0.9384 -0.2056 -0.2777
vn 0.0843 -0.2080 -0.9745
vn 0.0836 -0.2083 -0.9745
vn 0.0829 -0.2097 -0.9742
vn 0.0808 -0.2106 -0.9742
vn 0.0840 -0.2092 -0.9743
vn 0.0617 -0.9672 0.2464
vn 0.0726 -0.9753 0.2085
vn 0.0416 -0.1316 -0.9904
vn 0.0829 -0.0906 -0.9924
vn -0.5759 0.0308 -0.8169
vn -0.0000 -0.0000 1.0000
vn -0.3343 -0.0072 0.9424
vn -0.4432 -0.0095 0.8964
vn -0.0744 0.1746 0.9818
vn -0.0745 0.1747 0.9818
vn -0.5888 -0.1001 -0.8021
vn 0.0608 -0.1302 -0.9896
vn -0.0081 -0.4572 0.8893
vn -0.0084 -0.4558 0.8900
vn -0.0135 -0.4619 0.8868
vn -0.0134 -0.4654 0.8850
vn 0.2479 0.4357 0.8653
vn 0.2745 0.3708 0.8872
vn 0.2915 -0.1846 0.9386
vn 0.3053 -0.2960 0.9051
vn 0.0435 -0.1275 -0.9909
vn -0.0830 0.2076 0.9747
vn -0.0835 0.2080 0.9746
vn -0.0823 0.2100 0.9742
vn -0.0796 0.2116 0.9741
vn -0.9874 -0.0928 -0.1284
vn -0.9929 0.0718 -0.0950
vn -0.5849 0.0346 0.8103
vn 0.1959 -0.8367 0.5115
vn 0.2692 -0.4187 0.8673
vn -0.1923 -0.8425 0.5032
vn -0.6484 -0.2132 0.7308
vn 0.2293 0.4817 0.8458
vn -0.2132 0.7917 -0.5725
vn -0.2936 0.3567 -0.8869
vn -0.0861 0.9859 -0.1433
vn 0.0587 0.9485 0.3112
vn 0.1639 0.7663 0.6212
vn -0.2925 -0.0328 -0.9557
vn -0.2490 -0.3715 -0.8944
vn -0.1875 -0.4860 -0.8536
vn 0.2324 0.5401 0.8089
vn -0.1082 -0.2937 -0.9498
vn -0.7470 -0.5693 0.3433
vn -0.2821 -0.8088 0.5159
vn -0.2136 0.0554 0.9753
vn -0.1060 -0.1651 0.9806
vn -0.2184 0.2313 0.9480
vn -0.2274 0.1174 0.9667
vn -0.2347 -0.1311 0.9632
vn -0.2345 -0.1991 0.9515
vn -0.2348 -0.0349 0.9714
vn -0.2291 -0.3230 0.9182
vn -0.2389 -0.1969 0.9509
vn -0.2103 -0.2235 0.9518
vn -0.1942 -0.4146 0.8890
vn -0.1215 -0.8753 0.4680
vn 0.0062 -0.9756 -0.2197
vn 0.1408 -0.7586 -0.6361
vn 0.0235 0.4265 -0.9042
vn 0.1168 0.6067 -0.7863
vn -0.1712 0.7195 0.6730
vn -0.1736 0.7188 0.6732
vn -0.1537 0.5636 0.8116
vn -0.1571 0.5628 0.8116
vn -0.2155 0.0861 -0.9727
vn 0.5992 0.3230 0.7326
vn 0.6952 0.2157 0.6856
vn 0.9279 0.3729 0.0030
vn 0.7573 0.4860 0.4362
vn 0.6644 -0.2194 0.7144
vn 0.7691 -0.3965 0.5013
vn -0.7332 -0.2076 -0.6475
vn -0.7435 -0.2428 -0.6230
vn -0.7272 -0.1928 -0.6588
vn -0.7251 -0.1920 -0.6614
vn -0.7967 -0.1539 -0.5845
vn -0.8025 -0.1123 -0.5859
vn -0.7956 -0.1615 -0.5840
vn -0.7942 -0.1672 -0.5841
vn -0.2648 0.9619 -0.0684
vn -0.2646 0.9619 -0.0686
vn 0.3354 0.6876 -0.6440
vn 0.3496 0.6925 -0.6310
vn -0.4298 0.8823 0.1919
vn -0.4297 0.8823 0.1921
vn 0.3101 -0.9486 -0.0636
vn 0.2938 -0.9534 -0.0686
vn 0.0656 -0.9582 0.2785
vn 0.0778 -0.9565 0.2811
vn 0.5778 0.3517 0.7365
vn 0.5640 0.3940 0.7257
vn 0.6188 0.3337 0.7111
vn 0.6369 0.3137 0.7043
vn 0.4951 -0.1504 0.8557
vn 0.4897 -0.2589 0.8326
vn 0.5085 0.1093 0.8541
vn 0.4676 0.1780 0.8659
vn 0.6384 0.7092 0.2992
vn 0.6424 0.6139 0.4588
vn 0.4513 0.7566 0.4732
vn 0.4194 0.7547 0.5044
vn 0.7620 -0.2361 0.6031
vn 0.4820 -0.5442 0.6867
vn 0.7720 0.1787 0.6100
vn 0.8040 0.1173 0.5829
vn 0.7194 -0.3956 0.5709
vn 0.6164 -0.6962 0.3679
vn 0.3649 -0.7486 0.5536
vn 0.6763 -0.3647 0.6400
vn 0.9144 0.0448 0.4024
vn 0.9749 0.1073 0.1950
vn 0.9863 -0.0029 0.1652
vn 0.9917 0.1216 0.0428
vn 0.9801 -0.1953 0.0371
vn 0.9634 -0.2680 -0.0039
vn 0.9764 -0.1306 -0.1721
vn 0.9985 -0.0438 0.0340
vn 0.9881 -0.1526 0.0211
vn 0.9500 -0.2781 -0.1419
vn 0.6059 0.6024 0.5196
vn 0.6046 0.5061 0.6151
vn 0.5367 0.0141 0.8436
vn 0.5081 0.2435 0.8262
vn 0.6899 0.2927 0.6622
vn 0.4285 0.4153 0.8024
vn 0.4134 0.4025 0.8168
vn 0.4350 0.3865 0.8133
vn 0.8446 0.2195 0.4884
vn 0.7931 0.0952 0.6016
vn 0.9210 -0.0308 0.3884
vn 0.9616 0.0621 0.2673
vn 0.8894 0.2517 0.3815
vn 0.7712 0.2641 0.5792
vn 0.7531 0.1001 0.6503
vn 0.8964 0.0220 0.4426
vn 0.7972 0.4146 0.4388
vn 0.9041 0.1182 0.4107
vn 0.9949 0.0569 -0.0832
vn 0.9515 0.3057 0.0339
vn 0.7956 0.5018 0.3395
vn 0.9190 0.2904 0.2665
vn 0.8715 0.0202 0.4900
vn 0.6756 0.1373 0.7243
vn 0.7750 0.4550 0.4386
vn 0.7572 0.5993 0.2597
vn 0.9170 0.3986 0.0156
vn 0.6912 0.0542 0.7207
vn 0.8003 0.5348 0.2712
vn 0.9143 0.3648 0.1758
vn 0.6451 -0.3297 0.6894
vn 0.6445 -0.3303 0.6896
vn 0.6439 -0.3309 0.6899
vn 0.6499 -0.3313 0.6841
vn 0.6507 -0.3304 0.6837
vn 0.6509 -0.3302 0.6836
vn 0.8841 0.4672 -0.0105
vn 0.8951 0.4458 -0.0069
vn 0.7591 0.6048 0.2409
vn 0.7803 0.5593 0.2798
vn 0.7122 -0.2162 0.6678
vn 0.8762 -0.2228 0.4273
vn 0.7354 -0.3117 0.6017
vn 0.6672 -0.3051 0.6796
vn 0.8623 -0.4986 0.0891
vn 0.8930 -0.3683 0.2587
vn 0.7332 -0.3933 0.5548
vn 0.6980 -0.6419 0.3174
vn 0.8760 0.0471 0.4799
vn 0.9813 0.1219 0.1491
vn 0.8679 -0.0242 0.4962
vn 0.8697 -0.0258 0.4929
vn 0.8695 -0.0269 0.4931
vn 0.8768 0.0614 0.4770
vn 0.9663 0.0323 0.2555
vn 0.8799 -0.1011 0.4644
vn 0.9711 0.2267 -0.0749
vn 0.8956 -0.0599 0.4409
vn 0.6200 -0.7294 0.2889
vn 0.9908 -0.1253 0.0510
vn 0.9912 0.0564 0.1196
vn 0.8919 0.4308 -0.1378
vn 0.9219 0.3519 -0.1622
vn 0.8121 -0.1188 0.5714
vn 0.7511 0.2948 0.5908
vn 0.6037 0.4174 0.6792
vn 0.6580 0.1137 0.7444
vn 0.3547 0.2453 0.9022
vn 0.3375 0.5222 0.7832
vn 0.8449 0.4550 0.2813
vn 0.8395 0.4430 0.3148
vn 0.9822 0.1674 0.0853
vn 0.9760 -0.0753 0.2044
vn 0.7270 0.1923 0.6592
vn 0.7432 0.2430 0.6233
vn 0.7330 0.2082 0.6476
vn 0.7270 0.1906 0.6597
vn 0.7954 0.1615 0.5842
vn 0.8027 0.1123 0.5857
vn 0.7969 0.1538 0.5843
vn 0.7946 0.1673 0.5836
vn 0.8827 0.0579 0.4664
vn 0.7164 -0.6580 0.2319
vn 0.9481 0.3109 -0.0662
vn 0.5857 -0.0607 0.8083
vn 0.5765 -0.2529 0.7769
vn 0.3730 0.3734 0.8494
vn 0.2732 0.7102 0.6488
vn 0.3048 0.7860 0.5378
vn 0.4894 0.7007 0.5191
vn 0.8195 -0.0351 0.5721
vn 0.6103 -0.3996 0.6840
vn 0.3244 0.3188 -0.8906
vn 0.0324 0.3512 -0.9357
vn 0.1027 0.7630 -0.6381
vn 0.3875 0.6646 -0.6388
vn 0.2194 0.9483 -0.2294
vn 0.4831 0.8265 -0.2889
vn 0.3829 0.9011 0.2034
vn 0.6306 0.7684 0.1089
vn 0.4813 0.7253 0.4922
vn 0.6936 0.6236 0.3605
vn 0.3060 -0.0268 -0.9517
vn 0.0287 -0.0327 -0.9991
vn 0.5669 0.2657 -0.7797
vn 0.6081 0.5291 -0.5918
vn 0.6825 0.6559 -0.3224
vn 0.7995 0.6003 0.0201
vn 0.8256 0.5228 0.2122
vn 0.5654 -0.0154 -0.8247
vn 0.7910 0.1799 -0.5848
vn 0.8311 0.3022 -0.4669
vn 0.8720 0.3633 -0.3281
vn 0.9355 0.3325 -0.1198
vn 0.9670 0.2495 -0.0518
vn 0.7664 -0.0089 -0.6423
vn 0.7949 0.0562 -0.6041
vn 0.8735 0.2162 -0.4362
vn 0.9246 0.2151 -0.3143
vn 0.9675 0.1821 -0.1753
vn 0.9808 0.1501 -0.1248
vn 0.9802 0.0906 -0.1763
vn 0.5541 -0.2648 -0.7892
vn 0.9697 0.2272 0.0899
vn 0.9874 0.0926 0.1280
vn 0.9999 -0.0152 0.0032
vn 0.9507 0.2862 -0.1198
vn 0.9290 0.0169 -0.3696
vn 0.9160 0.2375 -0.3233
vn 0.9837 -0.0501 0.1728
vn 0.9950 -0.0996 0.0058
vn 0.9198 -0.2050 -0.3347
vn 0.4729 -0.8802 0.0396
vn 0.5973 -0.7926 0.1221
vn 0.9074 -0.4150 -0.0659
vn 0.8553 -0.5096 -0.0931
vn 0.9826 0.0128 -0.1854
vn 0.7278 -0.6830 -0.0628
vn 0.7743 -0.6319 -0.0333
vn 0.5869 -0.7891 0.1814
vn 0.8979 -0.4394 -0.0267
vn 0.9171 -0.2972 -0.2656
vn 0.9695 -0.2376 -0.0605
vn 0.9797 -0.1322 0.1508
vn 0.9534 -0.2665 0.1411
vn 0.8633 -0.4862 -0.1356
vn 0.8133 -0.5738 0.0962
vn 0.8772 -0.2655 -0.4000
vn 0.6818 0.4912 0.5421
vn 0.9628 -0.2031 0.1781
vn 0.9417 -0.1503 -0.3010
vn 0.8540 -0.3973 -0.3360
vn 0.7272 -0.5642 -0.3909
vn 0.8420 -0.3124 0.4398
vn 0.6067 -0.4454 0.6585
vn 0.8301 -0.2647 -0.4908
vn 0.0830 -0.3463 -0.9344
vn 0.3672 -0.2959 -0.8818
vn 0.6105 -0.2464 -0.7527
vn 0.7220 -0.2430 -0.6478
vn 0.6106 -0.3616 -0.7046
vn 0.0920 -0.4414 -0.8926
vn 0.3773 -0.3473 -0.8585
vn 0.6441 -0.2418 -0.7257
vn 0.8054 -0.2072 -0.5554
vn 0.3824 -0.3077 -0.8712
vn 0.6955 -0.1911 -0.6927
vn 0.8942 -0.1206 -0.4311
vn 0.4582 0.5587 0.6913
vn 0.4104 0.8515 -0.3263
vn 0.6730 0.6957 0.2511
vn 0.7346 0.4985 0.4603
vn -0.0415 0.2253 -0.9734
vn 0.1373 0.6642 -0.7348
vn 0.7130 0.0290 0.7005
vn -0.2311 -0.2369 -0.9437
vn 0.7345 -0.1019 0.6709
vn 0.1030 -0.9929 -0.0596
vn -0.4553 -0.6171 -0.6418
vn -0.3490 -0.3654 -0.8629
vn 0.5631 0.4402 0.6994
vn 0.5526 0.4118 0.7246
vn 0.0386 -0.4272 -0.9033
vn -0.9892 0.1465 -0.0094
vn -0.4500 0.3713 -0.8122
vn 0.2601 0.3592 -0.8963
vn -0.7432 0.5717 -0.3476
vn -0.1807 0.9252 -0.3337
vn 0.0797 0.1044 -0.9913
vn -0.0731 -0.0925 -0.9930
vn -0.1435 0.8902 -0.4324
vn 0.1750 0.9086 0.3792
vn -0.0994 0.9271 -0.3614
vn -0.1431 0.8844 -0.4442
vn -0.0756 0.9454 0.3170
vn -0.0020 -0.9717 0.2364
vn -0.1377 -0.9344 0.3284
vn -0.8206 -0.1180 0.5592
vn -0.8908 0.3339 -0.3081
vn -0.7080 -0.3496 -0.6136
vn -0.4010 -0.9068 0.1301
vn -0.5447 0.8148 -0.1985
vn -0.8878 0.3426 -0.3072
vn -0.8213 -0.1132 0.5592
vn -0.4976 0.7611 0.4160
vn -0.2226 -0.4221 0.8788
vn -0.0322 -0.8590 0.5110
vn -0.2226 -0.4258 0.8770
vn -0.1345 0.2450 0.9602
vn -0.5125 0.7329 -0.4474
vn -0.0247 0.8871 -0.4609
vn -0.5103 0.1247 -0.8509
vn -0.4433 0.4869 -0.7526
vn -0.5871 0.7558 0.2898
vn 0.2959 0.5022 -0.8126
vn -0.5951 0.6494 -0.4734
vn -0.6419 0.7608 0.0957
vn -0.1404 -0.4427 0.8856
vn -0.1938 -0.2600 0.9460
vn 0.3385 0.6118 0.7149
vn 0.0843 0.7244 0.6842
vn -0.0498 0.6310 0.7742
vn -0.2715 0.7568 0.5946
vn -0.2288 0.5179 0.8243
vn 0.2217 0.5199 0.8250
vn 0.0252 0.5268 0.8496
vn -0.1128 0.3739 0.9206
vn -0.3528 0.1526 0.9232
vn -0.2954 0.4042 0.8656
vn 0.2162 0.3072 0.9268
vn 0.0428 0.1826 0.9823
vn -0.3488 -0.0530 0.9357
vn -0.3258 0.0266 0.9451
vn 0.4532 0.2210 0.8636
vn 0.7360 0.0207 0.6767
vn 0.7586 -0.1660 0.6300
vn 0.4880 -0.2773 0.8276
vn 0.6018 -0.0929 0.7933
vn 0.3872 0.1348 0.9121
vn 0.6857 -0.3165 0.6554
vn 0.2581 -0.0443 0.9651
vn 0.5934 -0.4576 0.6621
vn -0.2404 -0.2684 0.9328
vn -0.3702 -0.0679 0.9265
vn 0.0113 -0.2738 0.9617
vn 0.5178 -0.6791 0.5203
vn 0.9937 -0.1041 -0.0426
vn 0.9958 -0.0912 -0.0106
vn 0.9361 -0.3209 0.1444
vn 0.8493 -0.4797 0.2206
vn 0.4328 -0.4395 -0.7871
vn 0.9196 -0.3746 0.1181
vn 0.8355 -0.4895 0.2497
vn 0.4623 -0.5630 -0.6851
vn 0.5024 -0.0701 -0.8618
vn 0.6073 0.0417 -0.7934
vn 0.7465 -0.6189 0.2444
vn 0.7541 -0.6086 0.2468
vn 0.4012 -0.7294 -0.5541
vn 0.6915 -0.7059 0.1532
vn 0.6762 -0.7221 0.1461
vn 0.5260 -0.6992 -0.4842
vn 0.6562 -0.7526 0.0544
vn 0.6202 -0.7833 0.0431
vn 0.5477 -0.6401 -0.5387
vn 0.0998 0.0391 -0.9942
vn 0.5984 -0.0137 -0.8010
vn 0.1662 0.1164 -0.9792
vn 0.1928 0.1116 -0.9749
vn 0.1483 -0.2836 -0.9474
vn 0.1006 -0.4392 -0.8928
vn -0.0136 -0.4803 -0.8770
vn 0.0729 -0.3040 -0.9499
vn -0.0961 -0.4499 -0.8879
vn 0.0512 -0.3271 -0.9436
vn 0.0482 -0.2288 -0.9723
vn 0.0963 -0.1080 -0.9895
vn -0.0271 -0.3960 -0.9178
vn -0.0867 -0.4948 -0.8647
vn 0.0299 -0.3516 -0.9357
vn 0.0022 -0.3210 -0.9471
vn 0.2188 -0.1757 -0.9598
vn -0.3181 0.2383 -0.9176
vn 0.0918 0.1120 -0.9895
vn 0.0664 0.1113 -0.9916
vn 0.4832 0.4003 -0.7787
vn -0.0303 -0.5138 -0.8574
vn 0.0637 -0.5661 -0.8219
vn -0.2199 -0.1634 -0.9617
vn -0.1352 -0.3074 -0.9419
vn 0.0292 -0.2594 -0.9653
vn -0.2160 -0.2694 -0.9385
vn -0.3980 0.6718 -0.6248
vn -0.1411 0.9748 -0.1729
vn 0.6528 0.7480 -0.1197
vn 0.4107 0.2732 -0.8699
vn 0.9962 0.0242 0.0838
vn 0.8530 -0.3848 -0.3527
vn -0.0514 -0.2987 -0.9530
vn 0.4069 0.2560 -0.8769
vn 0.8386 -0.3941 -0.3760
vn 0.4804 -0.6780 -0.5564
vn -0.5740 0.2053 -0.7927
vn -0.3943 0.6430 -0.6566
vn -0.3525 0.4587 -0.8156
vn -0.0762 0.8943 -0.4410
vn 0.7165 0.6332 -0.2928
vn 0.4520 -0.0723 -0.8891
vn 0.9864 -0.0348 0.1606
vn 0.8172 -0.5613 -0.1308
vn -0.0500 -0.6011 -0.7976
vn 0.4506 -0.0746 -0.8896
vn 0.8118 -0.5664 -0.1419
vn 0.4269 -0.8720 -0.2395
vn -0.5653 -0.0182 -0.8247
vn -0.3460 0.4484 -0.8242
vn -0.4004 0.4563 -0.7946
vn -0.0809 0.8871 -0.4545
vn 0.7319 0.5944 -0.3331
vn 0.4007 -0.1369 -0.9059
vn 0.9848 -0.0840 0.1520
vn 0.7829 -0.6121 -0.1111
vn -0.1676 -0.6531 -0.7385
vn 0.3965 -0.1375 -0.9077
vn 0.7751 -0.6199 -0.1225
vn 0.3557 -0.9158 -0.1863
vn -0.6461 -0.0136 -0.7631
vn -0.4010 0.4447 -0.8009
vn -0.5434 0.2346 -0.8060
vn -0.0889 0.6832 -0.7248
vn 0.6836 0.2938 -0.6681
vn 0.1279 -0.5068 -0.8525
vn 0.9809 -0.1932 -0.0241
vn 0.6462 -0.7627 -0.0272
vn -0.4299 -0.8148 -0.3889
vn 0.1282 -0.5073 -0.8522
vn 0.6380 -0.7692 -0.0348
vn 0.1888 -0.9767 0.1016
vn -0.8209 -0.1352 -0.5549
vn -0.5433 0.2251 -0.8088
vn -0.4443 0.6735 -0.5907
vn 0.1378 0.0520 -0.9891
vn 0.6366 -0.5125 -0.5763
vn 0.6688 0.6525 -0.3563
vn 0.4861 0.3712 -0.7911
vn 0.8514 -0.4057 -0.3326
vn 0.9720 -0.2084 -0.1085
vn -0.2547 0.8904 -0.3773
vn -0.4502 0.7683 -0.4550
vn 0.6784 -0.7345 0.0187
vn 0.6843 -0.7283 0.0371
vn 0.4329 -0.6771 0.5951
vn 0.7221 -0.6872 0.0794
vn 0.7169 -0.6961 0.0374
vn 0.2357 -0.7837 0.5747
vn 0.1654 -0.9266 0.3377
vn 0.7198 -0.6894 0.0814
vn 0.7224 -0.6896 0.0512
vn -0.1382 -0.3188 0.9377
vn -0.7536 0.2033 0.6251
vn -0.6209 -0.6349 0.4598
vn -0.4241 -0.4770 0.7698
vn -0.8800 0.1869 0.4367
vn -0.9724 0.1238 0.1976
vn -0.6437 -0.7646 0.0339
vn -0.8155 0.5784 -0.0220
vn -0.7687 0.6331 -0.0913
vn -0.6894 -0.7222 -0.0563
vn -0.7828 0.6159 -0.0882
vn -0.7795 0.6218 -0.0757
vn -0.7901 0.6092 -0.0671
vn -0.7825 0.6188 -0.0697
vn -0.4622 0.4611 -0.7575
vn 0.3830 -0.0252 -0.9234
vn 0.7297 -0.6278 -0.2708
vn 0.6664 0.4940 -0.5584
vn 0.5551 0.2806 -0.7831
vn 0.8882 -0.4277 -0.1681
vn 0.9611 -0.2721 -0.0473
vn -0.2356 0.7716 -0.5909
vn -0.3446 0.6627 -0.6648
vn 0.5819 -0.7659 0.2735
vn 0.5735 -0.7657 0.2912
vn 0.1664 -0.6216 0.7654
vn -0.4631 -0.1186 0.8783
vn -0.7976 0.5069 0.3270
vn -0.6635 -0.4931 0.5626
vn -0.5778 -0.3206 0.7506
vn -0.9233 0.3332 0.1908
vn -0.9756 0.2109 0.0618
vn 0.1907 -0.7977 0.5721
vn 0.2280 -0.7009 0.6758
vn -0.7351 -0.6777 0.0190
vn -0.7738 0.5740 -0.2680
vn -0.7934 0.5501 -0.2606
vn -0.6810 -0.7134 -0.1651
vn -0.7328 0.5946 -0.3309
vn -0.7225 0.6082 -0.3288
vn -0.7359 0.5942 -0.3247
vn -0.7206 0.6125 -0.3248
vn -0.4952 0.5091 -0.7040
vn 0.1852 -0.0949 -0.9781
vn 0.6373 -0.6943 -0.3345
vn 0.6165 0.3155 -0.7214
vn 0.4622 0.0834 -0.8828
vn 0.8155 -0.5342 -0.2228
vn 0.9174 -0.3772 -0.1268
vn -0.2667 0.7192 -0.6415
vn -0.3588 0.6129 -0.7040
vn 0.6381 -0.7508 0.1704
vn 0.6037 -0.7253 0.3309
vn 0.3717 -0.5125 0.7740
vn -0.3012 -0.0716 0.9509
vn -0.7283 0.4231 0.5391
vn -0.6432 -0.3863 0.6611
vn -0.5554 -0.1925 0.8090
vn -0.8810 0.4144 0.2284
vn -0.9479 0.2892 0.1336
vn 0.1861 -0.7559 0.6277
vn 0.2428 -0.6513 0.7190
vn -0.8208 -0.5284 0.2170
vn -0.7493 0.6371 -0.1807
vn -0.7709 0.6033 -0.2043
vn -0.5733 -0.7971 0.1896
vn -0.7220 0.6214 -0.3041
vn -0.7105 0.6323 -0.3089
vn -0.7242 0.6208 -0.3003
vn -0.7048 0.6389 -0.3084
vn -0.4901 0.3758 -0.7865
vn -0.0286 -0.2939 -0.9554
vn 0.5990 -0.7604 -0.2509
vn 0.5559 0.1792 -0.8117
vn 0.3599 -0.0596 -0.9311
vn 0.7811 -0.5997 -0.1738
vn 0.9026 -0.4097 -0.1323
vn -0.2788 0.6030 -0.7474
vn -0.3525 0.4835 -0.8012
vn 0.5728 -0.7390 0.3547
vn 0.5612 -0.7323 0.3858
vn 0.2989 -0.3871 0.8722
vn -0.2557 0.2985 0.9195
vn -0.6605 0.6806 0.3171
vn -0.6102 -0.1936 0.7683
vn -0.5135 0.0502 0.8566
vn -0.8237 0.5049 0.2581
vn -0.9176 0.3645 0.1583
vn 0.1963 -0.6309 0.7506
vn 0.2344 -0.4869 0.8414
vn -0.6822 0.6462 -0.3421
vn -0.6795 0.6394 -0.3597
vn -0.7101 0.6036 -0.3625
vn -0.6866 0.6139 -0.3894
vn -0.7183 0.5995 -0.3531
vn -0.6850 0.6223 -0.3789
vn 0.7010 -0.6413 0.3121
vn 0.7001 -0.6590 0.2751
vn 0.6962 -0.6445 0.3162
vn 0.6927 -0.6610 0.2885
vn 0.6791 -0.6685 0.3032
vn 0.6754 -0.6869 0.2683
vn 0.6793 -0.6669 0.3063
vn 0.6701 -0.6910 0.2712
vn 0.6810 -0.6334 0.3674
vn 0.6717 -0.6580 0.3404
vn 0.6747 -0.6361 0.3744
vn 0.6619 -0.6589 0.3575
vn -0.3115 0.9267 -0.2100
vn -0.3243 0.8975 -0.2988
vn 0.6498 0.6707 -0.3576
vn 0.6322 0.7584 -0.1590
vn 0.9718 -0.2015 -0.1226
vn 0.9894 -0.1395 0.0416
vn 0.7397 -0.6680 0.0810
vn 0.7818 -0.6142 0.1071
vn 0.7502 -0.6514 0.1135
vn 0.7296 -0.6768 0.0981
vn 0.1752 -0.9517 0.2523
vn 0.2073 -0.9674 0.1453
vn -0.6342 -0.6956 0.3376
vn -0.6317 -0.7567 0.1686
vn -0.9830 0.0684 0.1703
vn -0.9995 0.0220 -0.0215
vn -0.7851 0.6142 -0.0804
vn -0.8010 0.5907 -0.0972
vn -0.7722 0.6253 -0.1126
vn -0.7732 0.6292 -0.0794
vn -0.2029 0.8238 -0.5293
vn -0.2311 0.8068 -0.5437
vn 0.6807 0.5302 -0.5055
vn 0.6893 0.5283 -0.4958
vn 0.9732 -0.2298 -0.0081
vn 0.9788 -0.2042 -0.0163
vn 0.7000 -0.6349 0.3269
vn 0.7196 -0.6178 0.3171
vn 0.7128 -0.6229 0.3224
vn 0.6958 -0.6382 0.3295
vn 0.1603 -0.8242 0.5431
vn 0.1749 -0.8441 0.5069
vn -0.6788 -0.5518 0.4845
vn -0.6899 -0.5871 0.4235
vn -0.9864 0.1597 0.0394
vn -0.9854 0.1693 -0.0149
vn -0.7332 0.6033 -0.3137
vn -0.7119 0.6070 -0.3531
vn -0.7113 0.6099 -0.3495
vn -0.7320 0.6031 -0.3169
vn -0.2328 0.8674 -0.4397
vn -0.2320 0.7722 -0.5915
vn 0.6630 0.4075 -0.6280
vn 0.7035 0.6601 -0.2635
vn 0.9437 -0.3182 -0.0904
vn 0.9621 -0.2078 0.1768
vn 0.6868 -0.6570 0.3110
vn 0.7195 -0.6113 0.3295
vn 0.7009 -0.6328 0.3292
vn 0.6800 -0.6597 0.3201
vn 0.1342 -0.7948 0.5918
vn 0.1166 -0.8708 0.4776
vn -0.6777 -0.4626 0.5716
vn -0.7116 -0.5924 0.3777
vn -0.9699 0.2184 0.1076
vn -0.9909 0.1259 -0.0485
vn -0.7263 0.6224 -0.2918
vn -0.7087 0.6094 -0.3555
vn -0.6924 0.6302 -0.3513
vn -0.7208 0.6273 -0.2948
vn -0.2075 0.7031 -0.6801
vn -0.2496 0.6553 -0.7130
vn 0.6079 0.2703 -0.7466
vn 0.6688 0.3671 -0.6465
vn 0.9263 -0.3619 -0.1051
vn 0.9538 -0.2980 -0.0381
vn 0.6853 -0.6216 0.3795
vn 0.7066 -0.5983 0.3777
vn 0.6932 -0.6069 0.3888
vn 0.6794 -0.6238 0.3864
vn 0.1678 -0.6601 0.7322
vn 0.1486 -0.7053 0.6931
vn -0.6355 -0.2704 0.7232
vn -0.6866 -0.3540 0.6351
vn -0.9375 0.3140 0.1501
vn -0.9658 0.2532 0.0566
vn -0.7217 0.5986 -0.3476
vn -0.7059 0.5893 -0.3930
vn -0.6973 0.5933 -0.4021
vn -0.7120 0.6023 -0.3609
vn -0.3229 0.9358 0.1415
vn -0.4020 0.9142 0.0517
vn 0.4675 0.7414 0.4814
vn 0.4649 0.7124 0.5257
vn 0.9182 -0.1347 0.3726
vn 0.9054 -0.0795 0.4170
vn 0.7623 -0.6324 0.1377
vn 0.7859 -0.6132 0.0795
vn 0.7783 -0.6249 0.0605
vn 0.7423 -0.6602 0.1142
vn 0.2166 -0.9642 -0.1527
vn 0.3446 -0.8904 -0.2972
vn -0.5956 -0.7584 -0.2649
vn -0.4261 -0.6651 -0.6133
vn -0.9462 0.0002 -0.3236
vn -0.8348 0.0930 -0.5426
vn -0.7931 0.5866 -0.1641
vn -0.7210 0.6387 -0.2686
vn -0.7132 0.6601 -0.2356
vn -0.7639 0.6247 -0.1616
vn -0.2753 0.9613 0.0099
vn -0.3026 0.9261 -0.2252
vn 0.4692 0.8052 0.3625
vn 0.3459 0.7951 0.4982
vn 0.7546 0.2484 0.6074
vn 0.7728 0.0664 0.6312
vn 0.7187 -0.6004 0.3507
vn 0.7106 -0.6179 0.3365
vn 0.7095 -0.6265 0.3227
vn 0.6681 -0.6775 0.3078
vn 0.0776 -0.9719 0.2223
vn 0.2921 -0.9560 0.0263
vn -0.6540 -0.7561 0.0253
vn -0.4082 -0.8275 -0.3855
vn -0.9702 -0.0538 -0.2364
vn -0.8161 -0.0914 -0.5706
vn -0.7306 0.5555 -0.3971
vn -0.6443 0.5848 -0.4928
vn -0.6535 0.6088 -0.4498
vn -0.6955 0.5912 -0.4083
vn -0.2021 0.9643 -0.1710
vn -0.2649 0.9480 -0.1762
vn 0.4997 0.7928 0.3490
vn 0.5427 0.7919 0.2800
vn 0.8565 -0.0400 0.5146
vn 0.8859 -0.0133 0.4636
vn 0.6918 -0.6156 0.3775
vn 0.7052 -0.6275 0.3300
vn 0.7023 -0.6356 0.3206
vn 0.6579 -0.6636 0.3561
vn 0.0933 -0.9761 0.1965
vn 0.2424 -0.9684 0.0589
vn -0.6547 -0.7543 -0.0489
vn -0.5178 -0.7781 -0.3556
vn -0.9380 -0.0470 -0.3433
vn -0.8277 0.0126 -0.5611
vn -0.7347 0.5497 -0.3975
vn -0.6546 0.5914 -0.4710
vn -0.6501 0.6089 -0.4546
vn -0.6927 0.6002 -0.4000
vn -0.1319 0.8573 -0.4977
vn -0.1951 0.8340 -0.5161
vn 0.7095 0.6567 -0.2557
vn 0.7042 0.6859 -0.1833
vn 0.9694 -0.1312 0.2074
vn 0.9715 -0.0716 0.2259
vn 0.6948 -0.5845 0.4191
vn 0.6903 -0.6134 0.3836
vn 0.6874 -0.6211 0.3765
vn 0.6748 -0.6053 0.4221
vn 0.0711 -0.8410 0.5363
vn 0.1350 -0.9188 0.3710
vn -0.7210 -0.5891 0.3649
vn -0.6775 -0.7286 0.1003
vn -0.9927 0.0622 -0.1031
vn -0.9484 -0.0074 -0.3171
vn -0.7252 0.5503 -0.4138
vn -0.6794 0.5238 -0.5140
vn -0.6784 0.5319 -0.5068
vn -0.7121 0.5565 -0.4281
vn 0.3252 -0.5627 -0.7600
vn -0.1757 0.2009 -0.9637
vn -0.4267 0.9011 -0.0770
vn -0.5770 0.7853 0.2244
vn -0.5785 0.7984 0.1670
vn -0.5702 0.7787 -0.2616
vn -0.3707 0.7620 -0.5310
vn -0.2686 0.8037 -0.5309
vn -0.5121 0.5905 -0.6238
vn -0.5559 0.6952 -0.4557
vn 0.0525 -0.1832 -0.9817
vn -0.5122 0.5923 -0.6220
vn 0.4183 -0.9068 -0.0527
vn 0.4154 0.9041 -0.0998
vn 0.4020 -0.4077 0.8198
vn -0.7766 0.5156 0.3620
vn -0.2709 0.2942 0.9166
vn 0.4708 -0.7619 -0.4448
vn -0.2522 -0.2579 -0.9327
vn -0.1066 -0.1635 -0.9808
vn 0.4462 -0.8078 -0.3852
vn 0.3421 -0.8975 -0.2785
vn -0.5136 0.8449 0.1498
vn -0.4878 0.8613 0.1420
vn -0.5546 0.7323 -0.3952
vn -0.6399 0.7012 -0.3143
vn -0.5755 0.4759 -0.6651
vn -0.5080 0.5104 -0.6939
vn -0.5059 0.5006 -0.7024
vn -0.5812 0.4768 -0.6595
vn 0.5550 -0.8194 0.1432
vn 0.5397 -0.7922 0.2849
vn 0.3634 -0.6416 0.6755
vn 0.3462 -0.6485 0.6779
vn 0.0622 0.2934 0.9540
vn -0.0068 -0.9901 -0.1403
vn -0.4019 -0.3114 -0.8611
vn -0.2663 -0.2676 -0.9260
vn 0.2116 -0.9612 -0.1767
vn -0.3465 0.8629 -0.3679
vn -0.2909 0.9245 0.2462
vn -0.3880 0.8994 0.2013
vn -0.4894 0.7821 -0.3857
vn -0.4586 0.5434 -0.7031
vn -0.3908 0.5657 -0.7261
vn -0.3915 0.5634 -0.7276
vn -0.4453 0.5323 -0.7200
vn 0.1985 -0.8945 0.4007
vn 0.3760 -0.8420 0.3870
vn 0.4870 -0.5097 0.7092
vn 0.2779 -0.5689 0.7740
vn 0.2779 -0.5623 0.7788
vn 0.4542 -0.4695 0.7571
vn 0.1407 0.3798 0.9143
vn 0.1018 0.2958 0.9498
vn 0.5503 -0.5257 0.6487
vn 0.5634 -0.5120 0.6484
vn -0.0171 -0.1892 0.9818
vn -0.0247 -0.2489 0.9682
vn 0.6855 -0.1583 0.7107
vn 0.9990 -0.0430 -0.0154
vn 0.6402 -0.0092 -0.7681
vn 0.0185 -0.0277 -0.9994
vn 0.0170 -0.0156 -0.9997
vn -0.6570 -0.0101 -0.7538
vn -0.9865 -0.0466 -0.1573
vn -0.7125 -0.1793 0.6783
vn -0.0217 -0.2332 0.9722
vn 0.6937 0.0390 0.7192
vn 0.9740 0.2169 0.0650
vn 0.6967 0.2149 -0.6844
vn 0.0119 0.0825 -0.9965
vn -0.0056 0.0641 -0.9979
vn -0.7055 0.0212 -0.7084
vn -0.9913 0.0367 -0.1262
vn -0.7569 -0.1131 0.6436
vn -0.0110 -0.1507 0.9885
vn 0.5002 0.3963 0.7699
vn 0.5837 0.3180 0.7471
vn 0.8541 0.5086 0.1089
vn 0.8308 0.5497 0.0869
vn 0.6342 0.4152 -0.6522
vn 0.5726 0.4406 -0.6914
vn 0.0332 0.0719 -0.9969
vn 0.0105 0.0991 -0.9950
vn -0.0120 0.0873 -0.9961
vn -0.0037 0.0708 -0.9975
vn -0.6964 -0.1964 -0.6902
vn -0.5876 -0.4020 -0.7022
vn -0.9558 -0.2568 -0.1434
vn -0.7460 -0.6393 -0.1863
vn -0.7422 -0.1789 0.6458
vn -0.6498 -0.4168 0.6356
vn -0.0570 0.0041 0.9984
vn -0.1193 0.0386 0.9921
vn 0.4651 0.2890 0.8367
vn 0.4921 0.3447 0.7994
vn 0.8446 0.5284 0.0860
vn 0.8419 0.5265 0.1185
vn 0.5734 0.3946 -0.7180
vn 0.5973 0.3373 -0.7276
vn 0.0513 0.0460 -0.9976
vn 0.1174 -0.0266 -0.9927
vn 0.1147 -0.0306 -0.9929
vn 0.0427 0.0358 -0.9984
vn -0.4210 -0.5001 -0.7568
vn -0.3225 -0.4736 -0.8196
vn -0.6157 -0.7626 -0.1984
vn -0.5806 -0.7891 -0.2004
vn -0.5228 -0.5192 0.6761
vn -0.4212 -0.5443 0.7255
vn -0.0854 -0.0256 0.9960
vn -0.0303 -0.0975 0.9948
vn 0.4536 0.2615 0.8520
vn 0.7899 0.5900 0.1673
vn 0.5897 0.4005 -0.7013
vn 0.0892 0.0059 -0.9960
vn 0.0889 0.0071 -0.9960
vn -0.4036 -0.3667 -0.8383
vn -0.6795 -0.6655 -0.3088
vn -0.4360 -0.6031 0.6680
vn 0.0265 -0.1661 0.9858
vn 0.4326 0.2197 0.8744
vn 0.7146 0.6423 0.2771
vn 0.5684 0.5682 -0.5950
vn 0.1034 0.1145 -0.9880
vn 0.1004 0.1282 -0.9867
vn -0.4594 -0.3493 -0.8167
vn -0.7471 -0.5945 -0.2975
vn -0.4875 -0.5539 0.6749
vn 0.0020 -0.2103 0.9776
vn 0.3906 0.2538 0.8849
vn 0.6057 0.7056 0.3678
vn 0.5417 0.7211 -0.4320
vn 0.1104 0.2231 -0.9685
vn 0.1461 0.2812 -0.9485
vn -0.4084 -0.4518 -0.7932
vn -0.6446 -0.6711 -0.3663
vn -0.4771 -0.6840 0.5518
vn -0.0194 -0.1923 0.9811
vn -0.4989 -0.1452 -0.8544
vn 0.1628 0.2211 -0.9616
vn 0.1889 0.2046 -0.9604
vn -0.4770 -0.1587 -0.8645
vn -0.8157 -0.4524 -0.3606
vn -0.8171 -0.4596 -0.3481
vn -0.7883 -0.5769 0.2139
vn -0.7563 -0.6196 0.2100
vn -0.7580 -0.6181 0.2083
vn -0.8050 -0.5573 0.2033
vn -0.5829 -0.5703 0.5788
vn -0.5280 -0.6401 0.5581
vn 0.4532 -0.2861 0.8442
vn -0.0467 -0.5337 0.8444
vn -0.1199 -0.4611 0.8792
vn 0.3926 -0.2164 0.8939
vn 0.9577 0.2741 0.0875
vn 0.8143 0.0037 0.5805
vn 0.7638 0.0597 0.6427
vn 0.9408 0.3187 0.1158
vn 0.8630 0.3958 -0.3139
vn 0.8677 0.3811 -0.3190
vn 0.8673 0.3828 -0.3183
vn 0.8615 0.4088 -0.3011
vn 0.6476 0.3800 -0.6605
vn 0.6411 0.3842 -0.6643
vn -0.5600 -0.0462 -0.8272
vn 0.1007 0.3070 -0.9464
vn -0.8603 -0.3776 -0.3425
vn -0.7802 -0.5839 0.2245
vn -0.7793 -0.5854 0.2237
vn -0.5187 -0.6358 0.5715
vn 0.4820 -0.3288 0.8121
vn -0.0088 -0.5534 0.8329
vn 0.9634 0.2513 0.0934
vn 0.8230 -0.0526 0.5656
vn 0.8629 0.3986 -0.3107
vn 0.8627 0.3980 -0.3121
vn 0.6093 0.4371 -0.6616
vn -0.6068 0.0398 -0.7939
vn 0.0811 0.3883 -0.9180
vn -0.8963 -0.3344 -0.2913
vn -0.7838 -0.5643 0.2594
vn -0.7799 -0.5699 0.2586
vn -0.4999 -0.6263 0.5982
vn 0.4884 -0.3250 0.8099
vn 0.0148 -0.5403 0.8413
vn 0.9653 0.2360 0.1120
vn 0.8182 -0.0625 0.5715
vn 0.8722 0.3980 -0.2845
vn 0.8684 0.4048 -0.2863
vn 0.6084 0.4761 -0.6349
vn -0.5463 -0.0375 -0.8368
vn -0.0230 0.3957 -0.9181
vn -0.1262 0.5635 -0.8164
vn -0.7139 0.3374 -0.6136
vn -0.9615 -0.0568 -0.2689
vn -0.8003 -0.5547 -0.2275
vn -0.8478 -0.4783 0.2290
vn -0.7012 -0.6458 0.3021
vn -0.7496 -0.5892 0.3017
vn -0.8221 -0.4958 0.2797
vn -0.5427 -0.5083 0.6687
vn -0.5147 -0.4543 0.7271
vn 0.3331 0.1183 0.9354
vn -0.0591 -0.1581 0.9857
vn -0.0247 -0.3355 0.9417
vn 0.4171 -0.0897 0.9044
vn 0.8535 0.4876 0.1837
vn 0.6489 0.3363 0.6826
vn 0.7470 0.1352 0.6509
vn 0.9338 0.3292 0.1404
vn 0.8605 0.4093 -0.3032
vn 0.8223 0.4774 -0.3098
vn 0.8042 0.5043 -0.3147
vn 0.8444 0.4182 -0.3348
vn 0.5207 0.5401 -0.6612
vn 0.5562 0.5096 -0.6565
vn -0.1591 -0.6995 -0.6967
vn 0.3685 -0.2433 -0.8972
vn 0.3430 -0.1962 -0.9186
vn -0.1354 -0.7516 -0.6455
vn -0.5488 -0.8202 -0.1614
vn -0.5042 -0.8394 -0.2032
vn -0.6993 -0.6039 0.3825
vn -0.6486 -0.6505 0.3951
vn -0.6409 -0.6487 0.4104
vn -0.7222 -0.5929 0.3563
vn -0.5903 -0.3146 0.7433
vn -0.5767 -0.3155 0.7536
vn 0.0727 0.5150 0.8541
vn -0.2760 0.1734 0.9454
vn -0.2334 0.1001 0.9672
vn 0.1492 0.4209 0.8947
vn 0.7090 0.6993 0.0912
vn 0.4011 0.7003 0.5905
vn 0.4801 0.6191 0.6214
vn 0.7397 0.6617 0.1224
vn 0.7651 0.5466 -0.3404
vn 0.7854 0.5160 -0.3419
vn 0.7836 0.5171 -0.3443
vn 0.7599 0.5538 -0.3405
vn 0.6505 0.2977 -0.6987
vn 0.6964 0.2138 -0.6850
vn -0.1250 -0.6979 -0.7052
vn 0.3542 -0.2303 -0.9064
vn -0.4369 -0.8789 -0.1913
vn -0.5453 -0.7174 0.4335
vn -0.5492 -0.6866 0.4764
vn -0.5028 -0.3175 0.8040
vn 0.0413 0.5512 0.8333
vn -0.2481 0.2047 0.9469
vn 0.6457 0.7602 0.0713
vn 0.3375 0.7448 0.5757
vn 0.7372 0.5699 -0.3630
vn 0.7417 0.5646 -0.3621
vn 0.6646 0.2448 -0.7060
vn 0.0121 -0.7234 -0.6903
vn 0.3673 -0.2455 -0.8971
vn -0.3783 -0.9104 -0.1674
vn -0.4873 -0.7651 0.4210
vn -0.4826 -0.7061 0.5182
vn -0.4754 -0.2908 0.8303
vn 0.0601 0.5762 0.8151
vn -0.2032 0.2321 0.9512
vn 0.5651 0.8246 0.0272
vn 0.2934 0.7867 0.5431
vn 0.6662 0.6259 -0.4055
vn 0.6693 0.6234 -0.4043
vn 0.6271 0.2830 -0.7257
vn 0.2422 -0.5637 -0.7897
vn 0.5868 -0.0915 -0.8045
vn 0.4512 -0.2149 -0.8662
vn 0.2008 -0.6722 -0.7126
vn -0.4322 -0.8844 -0.1763
vn -0.4571 -0.8252 -0.3319
vn -0.4842 -0.8014 0.3511
vn -0.5386 -0.7967 0.2742
vn -0.7780 -0.2323 0.5838
vn -0.4835 -0.6732 0.5594
vn -0.5258 -0.2527 0.8122
vn -0.4652 -0.1435 0.8735
vn -0.0365 0.8306 0.5557
vn -0.2540 0.4797 0.8399
vn -0.1514 0.2057 0.9668
vn 0.1022 0.6171 0.7802
vn 0.2190 0.9754 -0.0249
vn -0.0111 0.9437 0.3305
vn 0.2293 0.8416 0.4891
vn 0.4562 0.8896 0.0237
vn 0.5865 0.7530 -0.2984
vn 0.6451 0.6655 -0.3753
vn 0.6548 0.3122 -0.6884
vn 0.7099 0.3824 -0.5915
vn -0.0161 0.4111 -0.9115
vn -0.6749 0.1730 -0.7174
vn -0.8974 -0.3032 -0.3205
vn -0.8093 -0.5263 0.2610
vn -0.8026 -0.5332 0.2673
vn -0.5545 -0.5365 0.6362
vn -0.0514 -0.3814 0.9230
vn 0.4239 -0.1524 0.8928
vn 0.7737 0.0590 0.6308
vn 0.9635 0.2453 0.1070
vn 0.8880 0.3588 -0.2877
vn 0.8773 0.3704 -0.3051
vn 0.5864 0.4289 -0.6871
vn 0.5059 0.1971 -0.8398
vn 0.8607 0.1831 -0.4750
vn 0.7887 0.1941 -0.5834
vn 0.3620 0.1738 -0.9158
vn 0.8716 -0.4470 0.2012
vn 0.7066 -0.6218 0.3377
vn 0.6126 -0.7890 0.0460
vn 0.7706 -0.6290 0.1023
vn 0.9918 -0.0793 0.1003
vn 0.9847 -0.0954 0.1460
vn 0.9905 -0.1149 0.0759
vn 0.9693 0.2284 0.0911
vn 0.9396 0.2283 -0.2550
vn 0.9834 0.1035 -0.1493
vn 0.5724 0.3363 -0.7479
vn 0.8814 0.2030 -0.4266
vn 0.8769 -0.2169 0.4290
vn 0.6307 -0.3570 0.6890
vn 0.9848 -0.0886 0.1494
vn 0.9800 -0.1076 0.1674
vn 0.9950 0.0447 -0.0896
vn 0.5504 0.4198 -0.7217
vn 0.8643 0.3011 -0.4028
vn 0.8341 -0.0628 0.5480
vn 0.5807 -0.1010 0.8079
vn 0.9612 0.0536 0.2706
vn 0.9613 0.0450 0.2718
vn 0.9881 0.1462 -0.0487
vn 0.5376 0.4676 -0.7017
vn 0.8597 0.3401 -0.3811
vn 0.8190 -0.0440 0.5721
vn 0.5748 -0.1187 0.8096
vn 0.8962 0.3658 0.2511
vn 0.9191 0.2529 0.3022
vn 0.9576 0.2851 0.0421
vn 0.5248 0.4471 -0.7244
vn 0.8589 0.2274 -0.4589
vn 0.8239 0.0715 0.5622
vn 0.6537 -0.2449 0.7160
vn 0.9939 0.0947 0.0570
vn 0.8168 0.4654 0.3410
vn 0.9927 0.1205 0.0106
vn 0.4745 0.4650 -0.7474
vn 0.5963 0.3270 -0.7331
vn 0.9481 0.0243 0.3169
vn 0.7386 -0.1514 0.6570
vn 0.9823 0.1577 -0.1010
vn 0.9063 0.0562 0.4190
vn 0.7329 0.1238 -0.6690
vn 0.2981 0.6130 -0.7317
vn 0.4090 0.4039 -0.8183
vn 0.9060 -0.1075 0.4094
vn 0.7584 -0.1048 0.6433
vn 0.9630 -0.1086 0.2466
vn 0.9927 0.0740 0.0949
vn 0.9821 -0.1885 0.0028
vn 0.2116 -0.6620 -0.7190
vn 0.5127 0.0589 0.8566
vn 0.4677 0.2007 0.8608
vn 0.7216 0.0010 0.6923
vn -0.2383 0.2420 -0.9405
vn 0.1696 0.8531 -0.4934
vn 0.4012 0.8685 -0.2912
vn 0.4133 0.6578 -0.6297
vn 0.2669 0.6337 -0.7261
vn 0.7346 0.1818 0.6537
vn 0.5218 0.1164 0.8451
vn 0.5432 0.0393 0.8387
vn 0.8971 -0.1311 0.4219
vn 0.1270 0.9567 -0.2617
vn 0.2680 0.9570 -0.1109
vn 0.5505 0.4445 0.7067
vn 0.2165 0.2096 0.9535
vn 0.7412 0.5859 0.3277
vn 0.6400 0.6661 0.3829
vn 0.5658 0.5444 0.6192
vn 0.4797 0.4086 0.7765
vn 0.4978 0.8672 0.0097
vn 0.4116 0.8991 0.1487
vn 0.1898 0.8752 -0.4449
vn 0.3613 0.8739 -0.3253
vn 0.4104 0.6441 0.6455
vn 0.2557 0.3405 0.9048
vn 0.4687 0.8341 0.2910
vn 0.3781 0.8335 0.4028
vn 0.3860 0.9214 -0.0451
vn 0.3367 -0.0819 -0.9381
vn 0.7920 0.1638 -0.5881
vn 0.6387 0.0475 -0.7680
vn 0.1995 -0.3202 -0.9261
vn 0.2928 0.1111 -0.9497
vn 0.0646 -0.2119 -0.9752
vn -0.1061 -0.2743 -0.9558
vn 0.2171 -0.5927 -0.7756
vn 0.0420 0.4262 -0.9037
vn -0.6113 0.7294 -0.3071
vn -0.6012 0.7055 -0.3752
vn -0.0327 -0.6252 -0.7798
vn -0.5079 0.8585 -0.0709
vn -0.3302 0.9315 -0.1526
vn 0.7431 0.6546 -0.1388
vn 0.4286 0.8590 -0.2800
vn 0.7968 0.3574 -0.4871
vn 0.9212 0.2995 -0.2485
vn 0.6537 -0.1237 0.7466
vn 0.2950 0.4848 -0.8234
vn 0.2349 0.5507 -0.8010
vn 0.4367 0.2805 0.8548
vn 0.5265 0.8354 0.1581
vn 0.6957 -0.5272 0.4878
vn 0.8299 0.3579 0.4280
vn 0.9363 -0.3505 -0.0228
vn 0.1413 0.8297 0.5401
vn -0.2103 -0.7284 -0.6521
vn -0.3158 0.5725 -0.7566
vn -0.3240 -0.4978 -0.8045
vn 0.1463 0.7393 -0.6573
vn 0.0719 0.8302 -0.5528
vn 0.3617 0.9241 -0.1234
vn 0.7487 0.6189 0.2374
vn 0.6030 0.7147 -0.3544
vn 0.4775 0.8564 -0.1965
vn 0.2700 0.2293 -0.9352
vn -0.3710 0.0413 -0.9277
vn -0.3989 -0.1234 -0.9087
vn 0.2295 0.1458 -0.9623
vn -0.3812 0.0531 -0.9230
vn -0.8269 -0.1103 -0.5514
vn -0.8754 -0.2422 -0.4184
vn -0.4282 -0.1176 -0.8960
vn -0.9887 -0.1497 -0.0034
vn -0.9699 -0.1818 0.1618
vn 0.8599 0.3593 -0.3627
vn 0.6772 0.3438 -0.6505
vn 0.6697 0.3438 -0.6582
vn 0.8596 0.3975 -0.3209
vn -0.9856 0.0034 0.1691
vn -0.9222 0.0565 0.3826
vn -0.8324 0.4637 0.3034
vn -0.9380 0.2398 0.2502
vn 0.1245 0.3832 0.9152
vn -0.0720 0.8883 0.4535
vn -0.3312 0.8304 0.4480
vn -0.4004 0.2564 0.8798
vn 0.8866 0.4423 0.1354
vn 0.6119 0.7863 0.0851
vn 0.3572 0.9019 0.2428
vn 0.7643 0.4331 0.4778
vn -0.2905 -0.2245 -0.9302
vn 0.3660 -0.2553 -0.8949
vn -0.6501 -0.5314 -0.5432
vn -0.2901 -0.2202 -0.9313
vn -0.7132 -0.6962 -0.0810
vn -0.4028 -0.9142 0.0453
vn -0.4144 -0.8802 0.2315
vn 0.2860 -0.4756 0.8319
vn -0.1919 -0.6349 0.7484
vn 0.7650 -0.6405 0.0679
vn 0.7912 -0.4919 0.3635
vn 0.7003 -0.3978 -0.5928
vn 0.8265 -0.4378 -0.3540
vn 0.5816 0.5051 -0.6377
vn 0.7779 0.5533 -0.2978
vn 0.7830 0.5359 -0.3159
vn 0.8206 0.5372 0.1952
vn 0.5854 0.4172 0.6952
vn 0.2123 0.2308 0.9496
vn -0.3138 -0.0449 0.9484
vn -0.7481 -0.2796 0.6019
vn -0.9198 -0.3528 0.1720
vn -0.9102 -0.3610 0.2030
vn -0.8516 -0.3106 -0.4224
vn -0.4317 -0.0365 -0.9013
vn 0.1854 0.3063 -0.9337
vn -0.8182 0.2678 0.5088
vn -0.8073 -0.0393 0.5889
vn -0.9174 -0.0432 0.3957
vn -0.9626 -0.0677 0.2622
vn -0.0512 0.7760 0.6286
vn 0.1742 0.3396 0.9243
vn -0.3445 0.1698 0.9233
vn -0.3543 0.6917 0.6293
vn 0.6417 0.7126 0.2836
vn 0.8735 0.4514 0.1822
vn 0.5921 0.4240 0.6853
vn 0.2232 0.8264 0.5170
vn 0.8776 0.4779 -0.0370
vn 0.9213 0.3672 -0.1283
vn -0.4514 -0.8893 0.0738
vn 0.7425 -0.6460 -0.1768
vn -0.6854 0.6359 0.3546
vn -0.1461 0.9487 0.2803
vn -0.2736 0.9119 0.3060
vn 0.3690 0.9123 0.1778
vn -0.0019 0.9649 0.2625
vn 0.7237 0.6883 0.0503
vn 0.9115 0.4015 -0.0894
vn 0.7271 -0.6759 -0.1205
vn -0.5751 0.7208 0.3868
vn 0.1295 0.9210 0.3673
vn 0.1978 -0.9794 -0.0398
vn -0.4166 -0.8786 0.2334
vn -0.3955 -0.9175 0.0432
vn 0.1987 -0.9782 -0.0608
vn -0.4278 -0.9014 0.0668
vn 0.2030 -0.9756 -0.0839
vn -0.7008 -0.7078 -0.0890
vn 0.2093 -0.9752 -0.0719
vn -0.6529 -0.5247 -0.5463
vn 0.2146 -0.9749 -0.0597
vn -0.2936 -0.2031 -0.9341
vn 0.1967 -0.9796 -0.0410
vn 0.2860 -0.4754 0.8320
vn -0.1921 -0.6348 0.7485
vn -0.3311 -0.7478 0.5755
vn 0.3622 -0.2382 -0.9012
vn 0.7066 -0.3793 -0.5974
vn 0.8328 -0.4210 -0.3595
vn 0.7537 -0.6334 -0.1755
vn 0.7314 -0.6712 -0.1202
vn 0.7646 -0.6409 0.0682
vn 0.7021 -0.4442 0.5566
vn 0.7912 -0.4917 0.3637
vn 0.5935 0.4383 0.6751
vn -0.6464 0.1544 0.7472
vn -0.3310 -0.7478 0.5755
vn 0.5144 -0.7554 0.4059
vn 0.1063 -0.8573 0.5038
vn 0.1498 -0.9794 -0.1357
vn 0.4519 -0.8770 -0.1633
vn 0.3927 -0.3807 0.8371
vn 0.0313 -0.4097 0.9117
vn 0.3644 -0.1457 0.9198
vn 0.0646 -0.2071 0.9762
vn 0.3508 -0.1138 0.9295
vn 0.0511 -0.1524 0.9870
vn 0.3126 -0.3552 0.8810
vn 0.0388 -0.3478 0.9368
vn 0.3017 -0.2559 0.9184
vn -0.0157 -0.2426 0.9700
vn 0.2917 -0.1104 0.9501
vn -0.0791 -0.0757 0.9940
vn 0.0810 0.2329 0.9691
vn -0.1634 0.2424 0.9563
vn -0.1673 0.1164 0.9790
vn 0.0874 0.1216 0.9887
vn 0.0171 0.1240 0.9921
vn -0.1160 0.0958 0.9886
vn 0.1028 0.0896 0.9907
vn 0.0735 -0.0888 0.9933
vn -0.1387 -0.1372 0.9808
vn 0.2193 -0.1144 0.9689
vn 0.0973 -0.7087 -0.6988
vn -0.6668 0.6247 -0.4064
vn 0.4331 -0.6635 -0.6101
vn 0.3392 0.0923 0.9362
vn 0.0982 0.1518 -0.9835
vn 0.4783 0.2066 -0.8535
vn 0.8145 0.2159 -0.5384
vn 0.9640 0.1792 -0.1965
vn 0.9754 0.1806 0.1266
vn 0.7943 0.2031 0.5725
vn 0.5795 0.1310 0.8044
vn 0.0721 0.0580 0.9957
vn 0.3380 0.1108 0.9346
vn 0.3884 0.2138 0.8963
vn 0.7831 0.2672 0.5615
vn 0.9402 0.2942 0.1716
vn 0.8879 0.3958 -0.2346
vn 0.6560 0.5067 -0.5594
vn 0.2928 0.5561 -0.7778
vn 0.3419 0.9369 0.0727
vn 0.3881 0.7742 -0.5000
vn 0.1926 0.3718 -0.9081
vn 0.2179 0.4062 -0.8874
vn -0.2876 -0.5294 -0.7981
vn -0.3973 -0.8641 -0.3088
vn -0.3217 -0.5797 0.7486
vn 0.0111 -0.1914 0.9815
vn 0.0548 0.4993 0.8647
vn 0.1917 0.1778 -0.9652
vn 0.1578 0.1654 -0.9735
vn -0.5436 -0.1397 -0.8276
vn -0.5208 -0.1230 -0.8448
vn -0.8503 -0.4119 -0.3276
vn -0.7790 -0.5685 0.2644
vn -0.7690 -0.5849 0.2581
vn -0.5462 -0.5798 0.6046
vn -0.0488 -0.4478 0.8928
vn 0.4421 -0.2317 0.8665
vn 0.7959 -0.0176 0.6052
vn 0.9794 0.1835 0.0841
vn 0.9139 0.2503 -0.3195
vn 0.9055 0.2460 -0.3459
vn 0.8988 0.2630 -0.3507
vn 0.9092 0.2597 -0.3254
vn 0.6692 0.2718 -0.6916
vn 0.6845 0.2767 -0.6744
vn 0.3707 0.8961 0.2443
vn 0.3105 0.8862 0.3439
vn 0.2928 0.8628 0.4121
vn 0.0328 0.8912 0.4525
vn 0.0415 0.9042 0.4251
vn 0.0445 0.9115 0.4089
vn -0.5676 0.6639 0.4868
vn -0.6529 0.7117 0.2592
vn -0.6131 0.6410 0.4618
vn -0.5351 0.7468 0.3949
vn -0.1748 0.7250 0.6661
vn -0.2063 0.7348 0.6462
vn -0.0312 0.5784 0.8152
vn 0.0374 0.4113 0.9107
vn 0.5212 0.5875 -0.6190
vn 0.5219 0.5820 -0.6236
vn 0.5207 0.5907 -0.6165
vn 0.5966 0.5661 -0.5689
vn 0.5965 0.5668 -0.5683
vn 0.5966 0.5663 -0.5686
vn -0.0480 0.9825 0.1802
vn -0.0533 0.9802 0.1906
vn -0.1838 0.9700 0.1589
vn -0.1942 0.9670 0.1649
vn -0.2281 0.9718 0.0596
vn -0.2277 0.9719 0.0596
vn -0.2275 0.9720 0.0597
vn -0.2267 0.9723 0.0574
vn -0.2272 0.9722 0.0574
vn -0.2274 0.9721 0.0574
vn 0.0031 0.9987 -0.0503
vn 0.0032 0.9987 -0.0502
vn -0.2601 0.9378 0.2299
vn -0.2719 0.9393 0.2090
vn -0.2711 0.9397 0.2087
vn -0.1750 0.9759 0.1307
vn 0.0802 0.2390 0.9677
vn 0.1709 0.2677 0.9482
vn 0.1399 0.3044 0.9422
vn 0.1285 0.3791 0.9164
vn -0.4512 -0.0266 0.8920
vn -0.4369 0.0263 0.8991
vn -0.4215 0.0712 0.9040
vn 0.6228 -0.1798 0.7614
vn 0.6178 -0.2609 0.7418
vn 0.5938 -0.3271 0.7351
vn -0.2436 0.8272 0.5063
vn -0.2457 0.8259 0.5075
vn -0.4231 0.7278 0.5398
vn -0.4187 0.7307 0.5392
vn -0.2005 0.9065 0.3715
vn -0.2020 0.9068 0.3700
vn -0.2793 0.9282 0.2459
vn -0.2830 0.9270 0.2461
vn -0.3525 0.9040 0.2421
vn -0.3555 0.9023 0.2440
vn -0.2750 0.9256 0.2602
vn -0.2735 0.9266 0.2580
vn -0.4169 0.8605 0.2926
vn -0.4160 0.8606 0.2939
vn -0.4050 0.8703 0.2801
vn -0.4038 0.8711 0.2796
vn -0.4827 0.8235 0.2982
vn -0.4869 0.8223 0.2945
vn -0.4278 0.8519 0.3022
vn -0.4265 0.8530 0.3008
vn -0.5310 0.7736 0.3457
vn -0.5356 0.7704 0.3458
vn -0.5345 0.7242 0.4358
vn -0.5394 0.7206 0.4356
vn -0.5381 0.7716 0.3391
vn -0.5348 0.7751 0.3366
vn -0.5964 -0.7634 0.2481
vn -0.6116 -0.7487 0.2556
vn -0.5395 -0.7932 0.2824
vn -0.7939 0.0332 0.6071
vn -0.5627 -0.7768 0.2826
vn -0.4679 -0.8782 0.0992
vn -0.4493 -0.8884 0.0944
vn -0.3936 -0.9191 -0.0180
vn -0.3711 -0.9133 0.1679
vn -0.3549 -0.9347 -0.0211
vn -0.2712 -0.9625 0.0108
vn -0.3113 -0.9494 0.0406
vn -0.1676 -0.9441 0.2840
vn 0.6339 -0.5139 -0.5780
vn -0.0765 -0.9532 0.2924
vn -0.2552 -0.9667 -0.0190
vn -0.2575 -0.9662 -0.0071
vn -0.1133 -0.9854 -0.1272
vn 0.7024 0.1228 0.7011
vn -0.1124 -0.9858 -0.1250
vn -0.5494 0.5334 0.6431
vn -0.5440 0.5347 0.6467
vn -0.7565 0.4656 0.4592
vn -0.7547 0.4660 0.4618
vn -0.8727 0.4445 -0.2021
vn -0.8750 0.4398 -0.2023
vn -0.7909 0.5793 -0.1973
vn -0.7917 0.5807 -0.1899
vn -0.9314 0.3636 0.0200
vn -0.9314 0.3638 0.0127
vn -0.8918 0.3631 0.2700
vn -0.8973 0.3576 0.2588
vn -0.9293 0.3692 0.0101
vn -0.9295 0.3684 0.0179
vn -0.2110 0.9756 -0.0600
vn -0.2154 0.9746 -0.0606
vn -0.2759 0.9612 -0.0005
vn -0.3042 0.9526 -0.0012
vn -0.7933 0.5921 -0.1415
vn -0.7914 0.5977 -0.1281
vn -0.7881 0.6020 -0.1285
vn -0.7912 0.5854 -0.1772
vn 0.0111 0.9738 0.2273
vn 0.1536 0.9738 0.1679
vn 0.0673 0.9943 0.0823
vn -0.0353 0.9751 0.2190
vn 0.0326 0.9579 0.2852
vn 0.3074 0.9351 0.1760
vn 0.0474 0.9974 0.0550
vn -0.0657 0.9795 0.1903
vn -0.4431 -0.8965 0.0009
vn -0.4459 -0.8949 0.0203
vn -0.0522 0.9818 0.1824
vn -0.3050 -0.0580 -0.9506
vn -0.4509 -0.0857 -0.8884
vn -0.6095 -0.2030 -0.7664
vn -0.6095 -0.2029 -0.7664
vn -0.3042 -0.1107 -0.9462
vn -0.4305 -0.1567 -0.8889
vn 0.4295 0.3399 -0.8367
vn -0.6103 -0.2368 -0.7560
vn -0.6103 -0.2368 -0.7559
vn -0.6159 -0.2282 -0.7540
vn -0.6156 -0.2280 -0.7543
vn -0.6152 -0.2278 -0.7548
vn 0.1498 -0.9708 0.1873
vn 0.1654 -0.9629 0.2134
vn 0.5016 0.1360 0.8543
vn 0.6095 0.2030 0.7664
vn 0.6095 0.2031 0.7663
vn 0.5474 -0.4599 0.6992
vn 0.5454 -0.4624 0.6991
vn 0.5434 -0.4675 0.6972
vn 0.5422 -0.4664 0.6989
vn 0.3339 0.1215 0.9348
vn 0.3738 0.1360 0.9175
vn 0.6145 0.2363 0.7527
vn 0.4965 0.1619 0.8528
vn 0.6140 0.2365 0.7530
vn 0.6132 0.2284 0.7562
vn 0.6124 0.2287 0.7568
vn 0.6120 0.2291 0.7570
vn 0.5086 -0.8134 0.2824
vn 0.5085 -0.8134 0.2825
vn -0.2940 0.3560 -0.8870
vn -0.0860 0.9859 -0.1433
vn -0.2960 -0.0349 -0.9546
vn -0.2469 -0.3796 -0.8916
vn -0.2080 -0.4931 -0.8447
vn -0.1392 -0.4713 -0.8709
vn -0.3601 -0.9327 -0.0194
vn 0.8077 -0.4881 0.3307
vn 0.6618 -0.3151 -0.6802
vn 0.2129 -0.8123 0.5429
vn 0.0006 -0.7388 -0.6739
vn 0.0439 0.2329 -0.9715
vn 0.1771 0.6191 -0.7651
vn 0.0952 -0.0509 0.9942
vn 0.1468 -0.3915 0.9084
vn 0.6040 -0.3406 0.7205
vn 0.5707 0.0122 0.8211
vn 0.0705 0.1861 0.9800
vn 0.4902 0.1444 0.8596
vn -0.0221 0.2571 0.9661
vn 0.4733 0.1202 0.8727
vn -0.0853 0.7013 0.7078
vn -0.1073 0.2763 0.9551
vn 0.3081 0.1696 0.9361
vn 0.2861 0.6285 0.7233
vn -0.0343 0.9524 0.3030
vn 0.3540 0.8747 0.3309
vn -0.0868 0.9874 -0.1325
vn 0.2959 0.9508 -0.0916
vn -0.0850 0.9233 -0.3747
vn 0.3153 0.8870 -0.3373
vn -0.0514 0.6922 -0.7199
vn 0.3172 0.6451 -0.6952
vn 0.0133 0.6110 -0.7915
vn 0.4993 0.5291 -0.6861
vn 0.0572 0.4498 -0.8913
vn 0.6025 0.3954 -0.6932
vn -0.5226 -0.6313 0.5730
vn -0.1716 -0.6166 0.7684
vn -0.4981 -0.5774 0.6470
vn -0.0277 -0.6724 0.7396
vn 0.0203 -0.5917 0.8059
vn -0.4695 -0.6254 0.6232
vn 0.1604 -0.6995 0.6963
vn -0.3011 -0.8850 0.3551
vn 0.1478 -0.9273 0.3440
vn -0.3518 -0.9322 0.0847
vn 0.0632 -0.9912 0.1162
vn -0.4848 -0.8279 -0.2821
vn 0.0837 -0.9362 -0.3414
vn -0.5324 -0.5671 -0.6285
vn 0.1250 -0.6663 -0.7351
vn -0.5259 -0.1729 -0.8328
vn 0.1282 -0.2559 -0.9582
vn -0.5868 -0.0994 -0.8036
vn -0.5670 -0.1478 -0.8104
vn 0.0661 -0.2806 -0.9575
vn -0.0159 -0.2366 -0.9715
vn -0.6328 0.0275 -0.7739
vn -0.0592 0.0016 -0.9982
vn -0.6169 0.0183 -0.7868
vn -0.1838 0.1211 -0.9755
vn -0.1647 0.1091 -0.9803
vn -0.1198 0.0077 -0.9928
vn 0.0873 -0.2481 -0.9648
vn 0.0953 -0.2886 -0.9527
vn 0.3870 -0.2908 -0.8750
vn 0.4022 -0.6356 -0.6590
vn 0.2870 -0.9017 -0.3234
vn 0.1642 -0.9807 0.1058
vn 0.1445 -0.9280 0.3433
vn 0.1397 -0.6958 0.7045
vn -0.0533 -0.5891 0.8063
vn -0.9104 -0.2548 0.3259
vn -0.5498 -0.3722 0.7478
vn -0.5489 -0.0521 0.8342
vn -0.8626 0.0287 0.5050
vn -0.4688 0.1878 0.8631
vn -0.8438 0.2101 0.4938
vn -0.3369 0.2672 0.9029
vn -0.7930 0.2021 0.5747
vn -0.6513 0.2872 0.7024
vn -0.2037 0.2800 0.9381
vn -0.1171 0.6860 0.7182
vn -0.5335 0.6269 0.5677
vn -0.0077 0.9438 0.3306
vn -0.3963 0.8997 0.1830
vn 0.1969 0.9760 -0.0927
vn -0.1928 0.9617 -0.1948
vn 0.2806 0.9056 -0.3180
vn -0.1353 0.9102 -0.3915
vn 0.3807 0.6919 -0.6135
vn 0.0103 0.7164 -0.6976
vn 0.3630 0.5887 -0.7223
vn -0.2915 0.5299 -0.7964
vn 0.4219 0.4810 -0.7686
vn -0.2144 0.4479 -0.8680
vn 0.1712 -0.6546 0.7363
vn -0.2382 -0.6356 0.7343
vn -0.3244 -0.6676 0.6701
vn 0.1648 -0.5974 0.7848
vn -0.3417 -0.5998 0.7235
vn 0.1046 -0.6641 0.7403
vn -0.4518 -0.6914 0.5637
vn 0.0832 -0.8941 0.4401
vn -0.2980 -0.9184 0.2604
vn 0.2325 -0.9455 0.2281
vn -0.1640 -0.9836 0.0751
vn 0.4701 -0.8789 -0.0806
vn -0.0172 -0.9378 -0.3466
vn 0.6489 -0.6398 -0.4118
vn 0.1017 -0.6628 -0.7418
vn 0.7620 -0.2608 -0.5927
vn 0.2095 -0.2510 -0.9450
vn 0.3364 -0.2591 -0.9054
vn 0.8263 -0.2340 -0.5124
vn 0.8529 -0.1788 -0.4905
vn 0.4448 -0.2249 -0.8669
vn 0.9215 -0.0152 -0.3880
vn 0.5273 -0.0036 -0.8497
vn 0.9118 -0.0150 -0.4103
vn 0.6228 0.1024 -0.7756
vn 0.5990 0.0838 -0.7963
vn 0.4814 -0.0036 -0.8765
vn 0.4500 -0.2255 -0.8641
vn 0.3252 -0.2610 -0.9089
vn 0.0648 -0.2578 -0.9640
vn -0.0756 -0.6377 -0.7666
vn -0.1913 -0.8925 -0.4085
vn -0.2369 -0.9707 0.0408
vn -0.3306 -0.9117 0.2440
vn -0.4385 -0.6850 0.5818
vn -0.0345 -0.5961 0.8021
vt 0.103610 0.001680
vt 0.102840 0.006210
vt 0.098040 0.004210
vt 0.096310 0.000960
vt 0.111410 0.009490
vt 0.106750 0.011360
vt 0.112960 0.019220
vt 0.108500 0.016760
vt 0.096440 0.000000
vt 0.103720 0.000720
vt 0.097480 0.004950
vt 0.095480 0.001530
vt 0.102230 0.006990
vt 0.105980 0.011950
vt 0.104330 0.001030
vt 0.112090 0.008790
vt 0.112320 0.019960
vt 0.107760 0.017370
vt 0.112390 0.009410
vt 0.113890 0.018990
vt 0.129060 0.002560
vt 0.131070 0.007370
vt 0.126530 0.008130
vt 0.125820 0.000830
vt 0.134350 0.015940
vt 0.136210 0.011270
vt 0.141610 0.013020
vt 0.144080 0.017480
vt 0.125570 0.008240
vt 0.124850 0.000960
vt 0.126380 0.000000
vt 0.129810 0.002000
vt 0.131840 0.006760
vt 0.136800 0.010500
vt 0.133650 0.016620
vt 0.125880 0.008850
vt 0.142230 0.012280
vt 0.144810 0.016840
vt 0.143850 0.018410
vt 0.134260 0.016910
vt 0.349350 0.060320
vt 0.337060 0.070460
vt 0.319280 0.041850
vt 0.332340 0.033140
vt 0.300210 0.014830
vt 0.316700 0.004240
vt 0.582450 0.017320
vt 0.597830 0.029480
vt 0.576200 0.054500
vt 0.564050 0.044540
vt 0.555690 0.081220
vt 0.544460 0.069930
vt 0.531350 0.107850
vt 0.521730 0.094110
vt 0.501370 0.127910
vt 0.495540 0.113030
vt 0.471450 0.138710
vt 0.469180 0.123450
vt 0.443260 0.139190
vt 0.443940 0.125280
vt 0.415240 0.135950
vt 0.419000 0.120980
vt 0.386530 0.122260
vt 0.393790 0.108020
vt 0.358670 0.099350
vt 0.369590 0.086620
vt 0.387190 0.037760
vt 0.373240 0.045970
vt 0.362340 0.023910
vt 0.378830 0.019000
vt 0.356140 0.002140
vt 0.375100 0.000000
vt 0.524750 0.007370
vt 0.543420 0.011360
vt 0.535110 0.032420
vt 0.519180 0.025910
vt 0.522090 0.053300
vt 0.509020 0.043760
vt 0.505960 0.072540
vt 0.495630 0.059910
vt 0.486380 0.086350
vt 0.479860 0.072260
vt 0.465810 0.094300
vt 0.463000 0.079580
vt 0.445420 0.095340
vt 0.446110 0.081240
vt 0.425220 0.092310
vt 0.429460 0.077930
vt 0.405530 0.082370
vt 0.413410 0.068990
vt 0.387410 0.066700
vt 0.398930 0.055150
vt 0.401290 0.031140
vt 0.395320 0.015940
vt 0.393930 0.000390
vt 0.505980 0.005900
vt 0.503060 0.021250
vt 0.495640 0.035790
vt 0.485250 0.048810
vt 0.473180 0.059150
vt 0.460120 0.065540
vt 0.446800 0.067290
vt 0.433710 0.064240
vt 0.421340 0.056600
vt 0.410350 0.045120
vt 0.415430 0.026410
vt 0.411740 0.015280
vt 0.412180 0.004170
vt 0.487440 0.007880
vt 0.486790 0.018970
vt 0.482030 0.029690
vt 0.474820 0.039330
vt 0.466390 0.047120
vt 0.457120 0.052160
vt 0.447470 0.053630
vt 0.438010 0.051220
vt 0.429280 0.045300
vt 0.421650 0.036710
vt 0.430130 0.023820
vt 0.428520 0.017520
vt 0.429610 0.011740
vt 0.469360 0.013700
vt 0.469870 0.019550
vt 0.467650 0.025660
vt 0.463860 0.031340
vt 0.459170 0.035970
vt 0.453850 0.039090
vt 0.448140 0.039950
vt 0.442550 0.038530
vt 0.437560 0.034900
vt 0.433350 0.029840
vt 0.448900 0.024630
vt 0.319430 0.091710
vt 0.300360 0.066880
vt 0.282760 0.049040
vt 0.611840 0.065240
vt 0.592560 0.081270
vt 0.571150 0.104100
vt 0.544050 0.127000
vt 0.513790 0.149590
vt 0.478110 0.163940
vt 0.441780 0.169140
vt 0.406150 0.160390
vt 0.372040 0.142620
vt 0.344150 0.117160
vt 0.001810 0.034390
vt 0.007580 0.026440
vt 0.016120 0.025730
vt 0.015410 0.030180
vt 0.003340 0.028520
vt 0.005710 0.025340
vt 0.258190 0.016210
vt 0.257050 0.009130
vt 0.260730 0.000000
vt 0.262050 0.014260
vt 0.808030 0.000000
vt 0.808810 0.003630
vt 0.807810 0.009690
vt 0.804200 0.000530
vt 0.017800 0.026380
vt 0.018010 0.021600
vt 0.019250 0.022940
vt 0.253740 0.181820
vt 0.287320 0.179180
vt 0.287300 0.187700
vt 0.015860 0.031970
vt 0.002320 0.036170
vt 0.017930 0.026460
vt 0.017080 0.030090
vt 0.000000 0.034040
vt 0.001540 0.028080
vt 0.001940 0.027340
vt 0.004130 0.024340
vt 0.736880 0.117930
vt 0.732320 0.115620
vt 0.730960 0.113330
vt 0.737260 0.117290
vt 0.246150 0.003980
vt 0.246170 0.006780
vt 0.241770 0.006700
vt 0.241710 0.003780
vt 0.745250 0.090280
vt 0.740760 0.088030
vt 0.742440 0.086930
vt 0.745220 0.088840
vt 0.749090 0.085910
vt 0.747370 0.083700
vt 0.747360 0.082440
vt 0.750350 0.086280
vt 0.744320 0.082520
vt 0.741260 0.082280
vt 0.739720 0.080840
vt 0.743040 0.080460
vt 0.739350 0.084200
vt 0.741150 0.084510
vt 0.744920 0.122010
vt 0.747840 0.117650
vt 0.754110 0.117940
vt 0.749660 0.125710
vt 0.762770 0.122200
vt 0.760750 0.106140
vt 0.777040 0.111880
vt 0.772790 0.126360
vt 0.748160 0.088910
vt 0.749090 0.090130
vt 0.236820 0.005400
vt 0.235020 0.003580
vt 0.236970 0.003410
vt 0.242050 0.000000
vt 0.246330 0.000910
vt 0.237220 0.000220
vt 0.745270 0.092510
vt 0.737130 0.088990
vt 0.750990 0.091500
vt 0.753370 0.086720
vt 0.749570 0.080190
vt 0.742040 0.076140
vt 0.736140 0.077730
vt 0.736250 0.083740
vt 0.738340 0.095390
vt 0.747390 0.099690
vt 0.758080 0.089640
vt 0.755020 0.078020
vt 0.744530 0.069460
vt 0.731650 0.080740
vt 0.732710 0.079900
vt 0.733460 0.085460
vt 0.731830 0.086150
vt 0.733350 0.090920
vt 0.731530 0.091850
vt 0.248450 0.004200
vt 0.745240 0.107460
vt 0.735650 0.099460
vt 0.733810 0.113820
vt 0.732650 0.113400
vt 0.731410 0.096820
vt 0.733020 0.096510
vt 0.732350 0.098970
vt 0.731010 0.098930
vt 0.730520 0.086990
vt 0.730500 0.081520
vt 0.730410 0.092530
vt 0.730140 0.097650
vt 0.735660 0.118480
vt 0.738480 0.119860
vt 0.734870 0.121620
vt 0.733230 0.117920
vt 0.735440 0.125260
vt 0.740380 0.124140
vt 0.742850 0.129220
vt 0.736980 0.130190
vt 0.738510 0.115860
vt 0.742010 0.117540
vt 0.736960 0.115800
vt 0.733620 0.079260
vt 0.734550 0.084300
vt 0.734890 0.089720
vt 0.730530 0.103980
vt 0.730200 0.103660
vt 0.730770 0.101760
vt 0.731060 0.101800
vt 0.733720 0.099090
vt 0.734880 0.096060
vt 0.733770 0.074680
vt 0.735080 0.075070
vt 0.733930 0.076760
vt 0.732920 0.077350
vt 0.731830 0.077850
vt 0.732070 0.074820
vt 0.730450 0.078520
vt 0.730390 0.075540
vt 0.729920 0.102210
vt 0.730020 0.099480
vt 0.739520 0.105590
vt 0.736210 0.101760
vt 0.742690 0.113880
vt 0.740680 0.118720
vt 0.150560 0.000000
vt 0.159940 0.002970
vt 0.164690 0.008350
vt 0.160720 0.010090
vt 0.697710 0.001340
vt 0.703710 0.000000
vt 0.707380 0.000580
vt 0.707060 0.004420
vt 0.730420 0.104680
vt 0.730330 0.104940
vt 0.732080 0.102310
vt 0.747290 0.084440
vt 0.744750 0.083330
vt 0.748490 0.085940
vt 0.747640 0.088200
vt 0.745190 0.087910
vt 0.742950 0.086800
vt 0.741740 0.084560
vt 0.742560 0.083200
vt 0.791270 0.028760
vt 0.811890 0.039440
vt 0.807350 0.051120
vt 0.789070 0.041760
vt 0.767640 0.027520
vt 0.770020 0.041430
vt 0.741050 0.030540
vt 0.750780 0.043460
vt 0.735150 0.051840
vt 0.742190 0.056190
vt 0.827100 0.059520
vt 0.820130 0.068020
vt 0.800480 0.061210
vt 0.786860 0.053770
vt 0.772420 0.053250
vt 0.758860 0.054650
vt 0.750920 0.063400
vt 0.811140 0.074750
vt 0.793920 0.070130
vt 0.784600 0.064570
vt 0.774800 0.063130
vt 0.766160 0.064930
vt 0.760910 0.072030
vt 0.800810 0.079950
vt 0.791030 0.089620
vt 0.785540 0.085620
vt 0.779600 0.084450
vt 0.777260 0.085420
vt 0.773840 0.091080
vt 0.772950 0.096840
vt 0.793280 0.095360
vt 0.781880 0.094490
vt 0.776050 0.094380
vt 0.779010 0.090240
vt 0.782190 0.090130
vt 0.787470 0.095470
vt 0.785520 0.092050
vt 0.781950 0.099730
vt 0.775150 0.098750
vt 0.788360 0.098820
vt 0.732180 0.133470
vt 0.738550 0.134900
vt 0.740620 0.141770
vt 0.732500 0.139300
vt 0.763430 0.136420
vt 0.755380 0.130510
vt 0.775440 0.104600
vt 0.745980 0.134640
vt 0.751600 0.142080
vt 0.745230 0.154140
vt 0.733070 0.152400
vt 0.783120 0.130480
vt 0.775640 0.144060
vt 0.778690 0.109950
vt 0.777600 0.104740
vt 0.782630 0.105270
vt 0.784000 0.111580
vt 0.761780 0.151890
vt 0.782930 0.116590
vt 0.736990 0.065620
vt 0.780360 0.152130
vt 0.789850 0.138100
vt 0.788440 0.103530
vt 0.788610 0.108570
vt 0.766100 0.159710
vt 0.749950 0.164760
vt 0.790900 0.114710
vt 0.829510 0.068870
vt 0.821000 0.076630
vt 0.813390 0.082780
vt 0.803890 0.087400
vt 0.793710 0.104960
vt 0.833570 0.094380
vt 0.823960 0.100960
vt 0.814510 0.106620
vt 0.804870 0.110600
vt 0.821860 0.123190
vt 0.812890 0.127190
vt 0.803870 0.130240
vt 0.732820 0.065440
vt 0.781740 0.087360
vt 0.778090 0.087590
vt 0.774610 0.092470
vt 0.789380 0.093040
vt 0.786250 0.089250
vt 0.773670 0.097520
vt 0.790140 0.096950
vt 0.776190 0.104980
vt 0.784420 0.113390
vt 0.790000 0.109940
vt 0.790700 0.103460
vt 0.731930 0.129400
vt 0.833130 0.116940
vt 0.015580 0.291890
vt 0.029800 0.288510
vt 0.029800 0.296490
vt 0.015580 0.297920
vt 0.572170 0.921960
vt 0.583860 0.922660
vt 0.584100 0.928450
vt 0.574320 0.928540
vt 0.957220 0.393500
vt 0.965880 0.398740
vt 0.963660 0.404600
vt 0.951700 0.398190
vt 0.029800 0.304530
vt 0.015580 0.304200
vt 0.520790 0.942990
vt 0.517310 0.945700
vt 0.512620 0.939810
vt 0.518330 0.939520
vt 0.912770 0.346000
vt 0.918750 0.343520
vt 0.919090 0.348630
vt 0.914690 0.352540
vt 0.513260 0.931180
vt 0.517160 0.932750
vt 0.908770 0.353230
vt 0.912120 0.356950
vt 0.541240 0.909610
vt 0.535800 0.912080
vt 0.531270 0.911400
vt 0.532280 0.905370
vt 0.911800 0.388590
vt 0.917700 0.387450
vt 0.920210 0.394000
vt 0.910970 0.393980
vt 0.029800 0.323020
vt 0.015580 0.322710
vt 0.961470 0.422950
vt 0.952510 0.405180
vt 0.934530 0.402990
vt 0.935200 0.397670
vt 0.918800 0.400780
vt 0.951090 0.421750
vt 0.932280 0.414850
vt 0.916330 0.413760
vt 0.905490 0.404920
vt 0.909120 0.398970
vt 0.932180 0.426480
vt 0.916140 0.426530
vt 0.903750 0.420560
vt 0.905890 0.412920
vt 0.951160 0.437160
vt 0.962070 0.439350
vt 0.950120 0.442660
vt 0.029800 0.338180
vt 0.015580 0.338850
vt 0.933670 0.437940
vt 0.934740 0.444130
vt 0.918630 0.439390
vt 0.920190 0.445190
vt 0.905850 0.436000
vt 0.905990 0.428040
vt 0.911830 0.446830
vt 0.909460 0.441710
vt 0.029800 0.346280
vt 0.015580 0.344440
vt 0.963230 0.444460
vt 0.951060 0.448120
vt 0.592940 0.879910
vt 0.601860 0.889280
vt 0.598280 0.893060
vt 0.591150 0.884820
vt 0.029800 0.354140
vt 0.015580 0.349850
vt 0.935560 0.450190
vt 0.579910 0.872570
vt 0.577000 0.876900
vt 0.921180 0.451010
vt 0.569600 0.864590
vt 0.565750 0.868580
vt 0.913820 0.451870
vt 0.564800 0.860140
vt 0.560190 0.862510
vt 0.023620 0.368140
vt 0.008540 0.364470
vt 0.589620 0.906200
vt 0.585380 0.895200
vt 0.574120 0.881100
vt 0.562140 0.872170
vt 0.568100 0.890310
vt 0.554100 0.881990
vt 0.549680 0.867820
vt 0.555870 0.864620
vt 0.577480 0.910590
vt 0.562620 0.900130
vt 0.547690 0.893050
vt 0.539710 0.880070
vt 0.545280 0.874330
vt 0.015580 0.273200
vt 0.029800 0.272560
vt 0.558190 0.910100
vt 0.555880 0.914700
vt 0.543280 0.904390
vt 0.533080 0.894460
vt 0.537060 0.887780
vt 0.532840 0.900940
vt 0.556780 0.821650
vt 0.554100 0.821610
vt 0.552650 0.818810
vt 0.557390 0.817720
vt 0.559350 0.822370
vt 0.561590 0.820120
vt 0.886410 0.484900
vt 0.881990 0.484420
vt 0.883960 0.480270
vt 0.886590 0.481040
vt 0.878840 0.481240
vt 0.881730 0.478660
vt 0.511790 0.834000
vt 0.509940 0.836060
vt 0.506860 0.835120
vt 0.509370 0.830790
vt 0.514260 0.832770
vt 0.514200 0.829560
vt 0.850920 0.450090
vt 0.847950 0.446690
vt 0.852380 0.445060
vt 0.853890 0.447390
vt 0.848020 0.442160
vt 0.852040 0.442300
vt 0.484120 0.866020
vt 0.483740 0.868850
vt 0.480520 0.869580
vt 0.480310 0.864470
vt 0.485830 0.863730
vt 0.484030 0.860950
vt 0.841870 0.404970
vt 0.840930 0.400430
vt 0.845710 0.401380
vt 0.845980 0.404210
vt 0.843540 0.396590
vt 0.847040 0.398880
vt 0.481340 0.913870
vt 0.482850 0.916300
vt 0.480770 0.918900
vt 0.477380 0.915070
vt 0.481260 0.911000
vt 0.478090 0.910000
vt 0.866120 0.358060
vt 0.868410 0.353970
vt 0.871380 0.357860
vt 0.869740 0.360200
vt 0.872940 0.352820
vt 0.874060 0.356870
vt 0.551410 0.862750
vt 0.555190 0.861280
vt 0.559210 0.859910
vt 0.557900 0.845100
vt 0.554170 0.845280
vt 0.554220 0.842820
vt 0.558010 0.842800
vt 0.550390 0.845330
vt 0.550440 0.842770
vt 0.564000 0.858750
vt 0.912410 0.452830
vt 0.909380 0.448400
vt 0.898860 0.460230
vt 0.902840 0.463200
vt 0.901610 0.465000
vt 0.897520 0.462190
vt 0.563070 0.842890
vt 0.562790 0.844870
vt 0.906730 0.444380
vt 0.904030 0.441240
vt 0.892890 0.455880
vt 0.895830 0.457940
vt 0.894510 0.460050
vt 0.891450 0.458080
vt 0.900790 0.439170
vt 0.899230 0.439740
vt 0.547510 0.863180
vt 0.546780 0.862040
vt 0.545310 0.845100
vt 0.545320 0.842490
vt 0.887070 0.455520
vt 0.888610 0.453100
vt 0.539610 0.874750
vt 0.542550 0.871530
vt 0.545320 0.868060
vt 0.532070 0.854130
vt 0.529330 0.856460
vt 0.527830 0.854660
vt 0.530770 0.852320
vt 0.526600 0.858830
vt 0.525020 0.857150
vt 0.547400 0.863040
vt 0.900390 0.439310
vt 0.901970 0.433810
vt 0.901930 0.429080
vt 0.900440 0.424820
vt 0.879780 0.431620
vt 0.881060 0.435010
vt 0.878930 0.435710
vt 0.877610 0.432330
vt 0.881880 0.438620
vt 0.879770 0.439250
vt 0.897720 0.420940
vt 0.896530 0.421020
vt 0.535820 0.877250
vt 0.534990 0.876660
vt 0.522880 0.861930
vt 0.521300 0.860640
vt 0.875460 0.427700
vt 0.877770 0.426840
vt 0.531430 0.890200
vt 0.533440 0.886250
vt 0.535120 0.882140
vt 0.515270 0.875020
vt 0.513870 0.878210
vt 0.511810 0.877360
vt 0.513410 0.874000
vt 0.512590 0.881450
vt 0.510560 0.880870
vt 0.535210 0.876860
vt 0.896730 0.420960
vt 0.900360 0.416620
vt 0.901730 0.412220
vt 0.901580 0.407440
vt 0.879600 0.404400
vt 0.879220 0.407960
vt 0.877160 0.407560
vt 0.877540 0.404020
vt 0.878290 0.411380
vt 0.876220 0.410970
vt 0.900090 0.402140
vt 0.899620 0.402010
vt 0.527900 0.894140
vt 0.527590 0.894040
vt 0.510970 0.885900
vt 0.509100 0.885640
vt 0.877810 0.398970
vt 0.880000 0.399320
vt 0.529090 0.905990
vt 0.529050 0.901780
vt 0.529000 0.898060
vt 0.509910 0.901940
vt 0.510640 0.905600
vt 0.508860 0.906030
vt 0.508110 0.902300
vt 0.511400 0.909270
vt 0.509750 0.909770
vt 0.526880 0.893950
vt 0.898680 0.401720
vt 0.903440 0.399810
vt 0.906000 0.396480
vt 0.908100 0.392510
vt 0.894180 0.380020
vt 0.891550 0.382790
vt 0.890410 0.381480
vt 0.892970 0.378830
vt 0.888890 0.385210
vt 0.887700 0.383840
vt 0.910330 0.387810
vt 0.529410 0.911130
vt 0.512510 0.914090
vt 0.511140 0.914630
vt 0.896370 0.375140
vt 0.897600 0.376320
vt 0.534940 0.849290
vt 0.535820 0.850950
vt 0.882920 0.443800
vt 0.880720 0.444320
vt 0.515740 0.869610
vt 0.517240 0.870750
vt 0.876760 0.416170
vt 0.874580 0.415740
vt 0.507130 0.897260
vt 0.508780 0.897050
vt 0.884990 0.388510
vt 0.883640 0.386940
vt 0.554370 0.840760
vt 0.550610 0.840600
vt 0.551270 0.833250
vt 0.555030 0.833740
vt 0.558120 0.840820
vt 0.558860 0.833970
vt 0.563830 0.834280
vt 0.563060 0.841070
vt 0.896510 0.464100
vt 0.900680 0.466800
vt 0.896990 0.473300
vt 0.892830 0.470680
vt 0.889610 0.468760
vt 0.893340 0.461990
vt 0.890120 0.460020
vt 0.886310 0.467120
vt 0.881800 0.465150
vt 0.885740 0.457700
vt 0.545550 0.840200
vt 0.546380 0.832430
vt 0.526660 0.853220
vt 0.523890 0.855710
vt 0.516870 0.846910
vt 0.519830 0.844560
vt 0.529640 0.850960
vt 0.522820 0.842260
vt 0.526810 0.839410
vt 0.533890 0.848080
vt 0.878040 0.439950
vt 0.878940 0.445030
vt 0.867660 0.448650
vt 0.866720 0.443830
vt 0.865690 0.440230
vt 0.877130 0.436300
vt 0.875760 0.432800
vt 0.864260 0.436780
vt 0.861970 0.432460
vt 0.873460 0.428210
vt 0.520230 0.859280
vt 0.513130 0.850090
vt 0.509890 0.876570
vt 0.508690 0.880080
vt 0.496700 0.875200
vt 0.498020 0.871680
vt 0.511530 0.873230
vt 0.499550 0.868250
vt 0.501790 0.863880
vt 0.514080 0.868840
vt 0.874130 0.410750
vt 0.872340 0.415540
vt 0.858790 0.412720
vt 0.860470 0.408120
vt 0.861420 0.404500
vt 0.875110 0.407160
vt 0.875530 0.403450
vt 0.861910 0.400790
vt 0.862090 0.395880
vt 0.875660 0.398340
vt 0.507400 0.885000
vt 0.495240 0.879880
vt 0.507320 0.906420
vt 0.508290 0.910090
vt 0.496850 0.913180
vt 0.495810 0.909560
vt 0.506580 0.902740
vt 0.494840 0.905910
vt 0.493690 0.901150
vt 0.505690 0.897710
vt 0.886520 0.382700
vt 0.882340 0.385610
vt 0.874020 0.375230
vt 0.878130 0.372640
vt 0.881110 0.370410
vt 0.889370 0.380300
vt 0.892030 0.377600
vt 0.883900 0.367910
vt 0.887340 0.364440
vt 0.895420 0.373910
vt 0.509830 0.914860
vt 0.498360 0.917820
vt 0.555240 0.832100
vt 0.551370 0.831520
vt 0.552820 0.825300
vt 0.556130 0.825920
vt 0.559190 0.832350
vt 0.559490 0.826190
vt 0.564140 0.832660
vt 0.564160 0.826040
vt 0.891920 0.472150
vt 0.895940 0.474960
vt 0.891890 0.481160
vt 0.888960 0.477670
vt 0.888840 0.470300
vt 0.886140 0.475720
vt 0.885590 0.468780
vt 0.882920 0.474630
vt 0.880980 0.467150
vt 0.878390 0.474480
vt 0.546530 0.830610
vt 0.548390 0.823870
vt 0.519080 0.843590
vt 0.516030 0.845940
vt 0.511920 0.839830
vt 0.514680 0.837820
vt 0.522110 0.841210
vt 0.517340 0.835690
vt 0.526080 0.838370
vt 0.520780 0.832500
vt 0.865460 0.444220
vt 0.866250 0.449050
vt 0.858050 0.451140
vt 0.858370 0.446520
vt 0.864480 0.440660
vt 0.857690 0.443110
vt 0.863020 0.437280
vt 0.856050 0.440070
vt 0.860580 0.433050
vt 0.852840 0.436740
vt 0.512280 0.849080
vt 0.507940 0.842300
vt 0.496830 0.871190
vt 0.495440 0.874770
vt 0.487840 0.871280
vt 0.489150 0.868060
vt 0.498350 0.867670
vt 0.490460 0.864850
vt 0.500570 0.863320
vt 0.492020 0.860390
vt 0.859120 0.407810
vt 0.857300 0.412360
vt 0.848170 0.409810
vt 0.850780 0.405930
vt 0.860090 0.404240
vt 0.851950 0.402620
vt 0.860540 0.400560
vt 0.852130 0.399120
vt 0.860590 0.395660
vt 0.851200 0.394540
vt 0.493970 0.879430
vt 0.485840 0.875560
vt 0.494580 0.909910
vt 0.495640 0.913620
vt 0.487620 0.915600
vt 0.486660 0.912260
vt 0.493550 0.906200
vt 0.485650 0.908930
vt 0.492400 0.901440
vt 0.484020 0.904490
vt 0.877330 0.371530
vt 0.873120 0.373960
vt 0.867800 0.366010
vt 0.872280 0.364730
vt 0.880310 0.369390
vt 0.875300 0.362960
vt 0.883030 0.366920
vt 0.877750 0.360450
vt 0.886370 0.363350
vt 0.880130 0.356430
vt 0.497180 0.918250
vt 0.488690 0.920210
vt 0.564990 0.923610
vt 0.553190 0.918190
vt 0.934320 0.393340
vt 0.946480 0.393230
vt 0.928680 0.380420
vt 0.935870 0.376210
vt 0.950870 0.389320
vt 0.568080 0.927960
vt 0.551090 0.931220
vt 0.547660 0.927670
vt 0.939990 0.372330
vt 0.541890 0.914060
vt 0.537510 0.912100
vt 0.917330 0.384590
vt 0.922400 0.389260
vt 0.921250 0.379380
vt 0.542030 0.925400
vt 0.535170 0.930390
vt 0.538100 0.934650
vt 0.536960 0.935590
vt 0.534360 0.931060
vt 0.931140 0.365240
vt 0.925030 0.371700
vt 0.924650 0.370570
vt 0.930630 0.363810
vt 0.542020 0.937520
vt 0.540720 0.938620
vt 0.935440 0.360920
vt 0.934890 0.359360
vt 0.536340 0.920370
vt 0.530390 0.923500
vt 0.533610 0.915230
vt 0.915050 0.378200
vt 0.918730 0.372840
vt 0.534560 0.937300
vt 0.526740 0.941420
vt 0.525560 0.936140
vt 0.532070 0.932340
vt 0.923150 0.368040
vt 0.919120 0.360610
vt 0.923810 0.353550
vt 0.928970 0.361210
vt 0.933100 0.356630
vt 0.927130 0.348670
vt 0.538010 0.941000
vt 0.528610 0.946120
vt 0.522050 0.928880
vt 0.527930 0.924960
vt 0.525660 0.919280
vt 0.519440 0.923730
vt 0.917430 0.370110
vt 0.911910 0.370160
vt 0.909340 0.363060
vt 0.914440 0.363380
vt 0.528180 0.917810
vt 0.913060 0.372750
vt 0.062370 0.304830
vt 0.062370 0.323990
vt 0.030380 0.322970
vt 0.030380 0.304510
vt 0.066250 0.340870
vt 0.030380 0.338070
vt 0.066250 0.354380
vt 0.095750 0.343630
vt 0.095750 0.362550
vt 0.066250 0.368120
vt 0.095750 0.381740
vt 0.054570 0.384800
vt 0.088760 0.401510
vt 0.062370 0.278060
vt 0.062370 0.264920
vt 0.095750 0.251190
vt 0.095750 0.267900
vt 0.062370 0.291740
vt 0.095750 0.285000
vt 0.095750 0.303540
vt 0.095750 0.324820
vt 0.124890 0.344930
vt 0.124890 0.365180
vt 0.124890 0.385710
vt 0.124890 0.407820
vt 0.124890 0.249110
vt 0.124890 0.266080
vt 0.124890 0.284750
vt 0.124890 0.303110
vt 0.124890 0.325040
vt 0.142140 0.365850
vt 0.142140 0.345110
vt 0.157950 0.346380
vt 0.157950 0.366760
vt 0.142140 0.386720
vt 0.157950 0.386850
vt 0.142140 0.408990
vt 0.157950 0.408280
vt 0.142140 0.265930
vt 0.142140 0.249380
vt 0.157950 0.250590
vt 0.157950 0.266400
vt 0.142140 0.285190
vt 0.157950 0.285630
vt 0.142140 0.304210
vt 0.157950 0.304790
vt 0.142140 0.325740
vt 0.157950 0.326840
vt 0.175120 0.368060
vt 0.175120 0.349120
vt 0.192190 0.351740
vt 0.192190 0.370000
vt 0.175120 0.386560
vt 0.192190 0.388060
vt 0.175120 0.409560
vt 0.192190 0.413310
vt 0.175120 0.267660
vt 0.175120 0.250410
vt 0.192190 0.246740
vt 0.192190 0.265930
vt 0.175120 0.285510
vt 0.192190 0.284450
vt 0.175120 0.303510
vt 0.192190 0.302420
vt 0.175120 0.327610
vt 0.192190 0.328080
vt 0.219760 0.354150
vt 0.219760 0.373870
vt 0.219760 0.393400
vt 0.219760 0.419460
vt 0.219760 0.236420
vt 0.219760 0.261120
vt 0.219760 0.279710
vt 0.219760 0.297770
vt 0.219760 0.327810
vt 0.252590 0.353540
vt 0.252590 0.375600
vt 0.252590 0.396980
vt 0.252590 0.424200
vt 0.245780 0.228580
vt 0.245780 0.254390
vt 0.252590 0.278260
vt 0.252590 0.296800
vt 0.252590 0.324170
vt 0.299670 0.343380
vt 0.299670 0.367470
vt 0.280230 0.393920
vt 0.280230 0.429870
vt 0.278090 0.219640
vt 0.278090 0.246230
vt 0.278090 0.273400
vt 0.299670 0.292730
vt 0.299670 0.319600
vt 0.844600 0.327020
vt 0.845330 0.279230
vt 0.859780 0.280050
vt 0.856280 0.326500
vt 0.876040 0.328710
vt 0.884260 0.284280
vt 0.900570 0.333340
vt 0.911940 0.293070
vt 0.891070 0.674580
vt 0.914300 0.668760
vt 0.926220 0.706690
vt 0.898190 0.711010
vt 0.879040 0.676040
vt 0.883660 0.713700
vt 0.870300 0.714440
vt 0.868390 0.676540
vt 0.857750 0.676520
vt 0.856940 0.714300
vt 0.842770 0.713980
vt 0.846270 0.675420
vt 0.822620 0.671140
vt 0.814280 0.712780
vt 0.832820 0.327430
vt 0.808840 0.328320
vt 0.803580 0.283990
vt 0.831200 0.279760
vt 0.847680 0.238230
vt 0.863260 0.239410
vt 0.891230 0.243140
vt 0.926170 0.249940
vt 0.938130 0.747530
vt 0.904410 0.754970
vt 0.887460 0.757500
vt 0.872670 0.758700
vt 0.857860 0.759040
vt 0.841420 0.758330
vt 0.807010 0.754680
vt 0.796690 0.239090
vt 0.831240 0.238160
vt 0.849600 0.193160
vt 0.866830 0.194560
vt 0.898350 0.198510
vt 0.936570 0.202150
vt 0.945670 0.794110
vt 0.908540 0.801880
vt 0.890640 0.804810
vt 0.875020 0.806460
vt 0.859300 0.806580
vt 0.841930 0.805470
vt 0.804200 0.801640
vt 0.793190 0.190800
vt 0.831240 0.192470
vt 0.182480 0.492040
vt 0.197690 0.493390
vt 0.196450 0.508140
vt 0.181150 0.506470
vt 0.177560 0.534910
vt 0.193080 0.537670
vt 0.171010 0.570690
vt 0.186650 0.575130
vt 0.542920 0.380760
vt 0.579180 0.374820
vt 0.579800 0.390140
vt 0.542380 0.396160
vt 0.525470 0.383110
vt 0.525480 0.398630
vt 0.511090 0.400020
vt 0.510160 0.384420
vt 0.494760 0.385390
vt 0.496490 0.400630
vt 0.480050 0.400780
vt 0.477880 0.385620
vt 0.441300 0.383870
vt 0.442190 0.399280
vt 0.183430 0.476090
vt 0.184860 0.439970
vt 0.200220 0.438980
vt 0.198810 0.476780
vt 0.221850 0.494480
vt 0.242530 0.496120
vt 0.241780 0.512220
vt 0.220900 0.511200
vt 0.217200 0.542820
vt 0.239440 0.543950
vt 0.210950 0.580710
vt 0.233580 0.581990
vt 0.544720 0.419360
vt 0.582130 0.414030
vt 0.585230 0.435550
vt 0.547250 0.441960
vt 0.527860 0.421440
vt 0.529170 0.444240
vt 0.513390 0.445610
vt 0.512720 0.422770
vt 0.497250 0.423600
vt 0.497430 0.446070
vt 0.479960 0.446140
vt 0.480700 0.423950
vt 0.442690 0.423350
vt 0.441450 0.444920
vt 0.222380 0.476880
vt 0.223210 0.438270
vt 0.243270 0.440160
vt 0.242990 0.478530
vt 0.275150 0.496220
vt 0.275730 0.514510
vt 0.273660 0.549490
vt 0.267010 0.588420
vt 0.590320 0.468300
vt 0.550850 0.471460
vt 0.532760 0.477840
vt 0.515130 0.479010
vt 0.497790 0.479850
vt 0.479520 0.480010
vt 0.440160 0.478590
vt 0.273630 0.437210
vt 0.274720 0.477320
vt 0.316880 0.497460
vt 0.318380 0.516750
vt 0.318210 0.554710
vt 0.307710 0.595440
vt 0.598940 0.508140
vt 0.559680 0.517210
vt 0.538030 0.521360
vt 0.519230 0.522720
vt 0.500300 0.522880
vt 0.481050 0.519830
vt 0.439960 0.517270
vt 0.307590 0.437470
vt 0.312010 0.477720
vt 0.352680 0.493290
vt 0.374570 0.485190
vt 0.375000 0.509520
vt 0.351250 0.514310
vt 0.344010 0.548780
vt 0.376420 0.546830
vt 0.320920 0.599230
vt 0.346610 0.608220
vt 0.560890 0.535450
vt 0.601940 0.521740
vt 0.609310 0.546920
vt 0.562480 0.567390
vt 0.539400 0.540580
vt 0.537730 0.578620
vt 0.520280 0.584590
vt 0.521150 0.550260
vt 0.503190 0.560490
vt 0.501620 0.587000
vt 0.479630 0.589260
vt 0.484000 0.560170
vt 0.351020 0.471840
vt 0.344990 0.426460
vt 0.367550 0.415080
vt 0.374620 0.462690
vt 0.164850 0.490620
vt 0.163510 0.504850
vt 0.159980 0.532800
vt 0.153160 0.567830
vt 0.539750 0.364360
vt 0.575000 0.358160
vt 0.523480 0.366590
vt 0.509640 0.368010
vt 0.495620 0.368850
vt 0.479870 0.368900
vt 0.444200 0.366640
vt 0.165820 0.474630
vt 0.167220 0.438860
vt 0.570970 0.800280
vt 0.570810 0.783030
vt 0.593270 0.785470
vt 0.592450 0.805940
vt 0.634620 0.809800
vt 0.635250 0.786620
vt 0.071820 0.593650
vt 0.080810 0.612180
vt 0.056360 0.619970
vt 0.046410 0.601750
vt 0.000000 0.613520
vt 0.007920 0.630970
vt 0.547220 0.800910
vt 0.500520 0.802820
vt 0.495740 0.784390
vt 0.545500 0.781280
vt 0.571810 0.762010
vt 0.594600 0.765300
vt 0.635850 0.764660
vt 0.083640 0.633410
vt 0.060080 0.641980
vt 0.012060 0.654570
vt 0.496100 0.761100
vt 0.546380 0.759390
vt 0.573410 0.740440
vt 0.597790 0.738010
vt 0.636600 0.737120
vt 0.082990 0.655620
vt 0.059590 0.660840
vt 0.013760 0.680950
vt 0.498630 0.735580
vt 0.549070 0.741430
vt 0.576180 0.713050
vt 0.597680 0.710750
vt 0.637290 0.711640
vt 0.078500 0.686200
vt 0.054790 0.692500
vt 0.011780 0.712090
vt 0.506250 0.705530
vt 0.552720 0.712100
vt 0.573120 0.689360
vt 0.596370 0.691860
vt 0.637870 0.690270
vt 0.637830 0.691900
vt 0.075870 0.709550
vt 0.050280 0.717570
vt 0.011290 0.728160
vt 0.508180 0.689760
vt 0.548220 0.688950
vt 0.571360 0.662900
vt 0.593840 0.662360
vt 0.638530 0.666100
vt 0.076630 0.739780
vt 0.044830 0.744220
vt 0.010940 0.743080
vt 0.508710 0.674900
vt 0.544870 0.667790
vt 0.571330 0.650260
vt 0.594290 0.644060
vt 0.639060 0.646680
vt 0.078560 0.761260
vt 0.053180 0.761010
vt 0.587090 0.821460
vt 0.619960 0.818620
vt 0.627810 0.835410
vt 0.577900 0.834050
vt 0.310540 0.823120
vt 0.290010 0.855350
vt 0.287980 0.839890
vt 0.302990 0.813500
vt 0.329180 0.777230
vt 0.331100 0.747080
vt 0.347270 0.753300
vt 0.344840 0.776940
vt 0.385840 0.777610
vt 0.384700 0.755570
vt 0.656990 0.848250
vt 0.658070 0.881220
vt 0.639780 0.895880
vt 0.638070 0.858260
vt 0.339130 0.719830
vt 0.352710 0.728800
vt 0.383570 0.733880
vt 0.670000 0.896370
vt 0.659510 0.905080
vt 0.616410 0.927670
vt 0.643840 0.926100
vt 0.314500 0.741520
vt 0.300260 0.718990
vt 0.316900 0.697990
vt 0.327940 0.710840
vt 0.359700 0.706660
vt 0.366760 0.711310
vt 0.382630 0.715840
vt 0.689900 0.912140
vt 0.682940 0.919840
vt 0.672970 0.935890
vt 0.344310 0.686130
vt 0.353510 0.700640
vt 0.390840 0.484350
vt 0.418590 0.474790
vt 0.412610 0.492160
vt 0.395060 0.507320
vt 0.415000 0.546850
vt 0.426510 0.524470
vt 0.539280 0.612290
vt 0.539640 0.643730
vt 0.519100 0.642620
vt 0.518660 0.612650
vt 0.499630 0.611010
vt 0.498930 0.640540
vt 0.475430 0.636810
vt 0.476520 0.607660
vt 0.389220 0.460560
vt 0.383160 0.415300
vt 0.408100 0.407590
vt 0.416220 0.452990
vt 0.652190 0.829740
vt 0.321680 0.801760
vt 0.343020 0.795710
vt 0.386830 0.796510
vt 0.301580 0.749370
vt 0.289480 0.728670
vt 0.601770 0.930220
vt 0.611930 0.909500
vt 0.616660 0.872860
vt 0.599890 0.853110
vt 0.572860 0.847160
vt 0.275410 0.833620
vt 0.288870 0.813120
vt 0.301540 0.783730
vt 0.313420 0.780290
vt 0.432880 0.601960
vt 0.429640 0.627900
vt 0.439930 0.560770
vt 0.439250 0.586890
vt 0.101690 0.936260
vt 0.074140 0.921100
vt 0.079040 0.911020
vt 0.106730 0.926040
vt 0.199800 0.917220
vt 0.222040 0.904940
vt 0.238830 0.918040
vt 0.211090 0.932560
vt 0.188200 0.897560
vt 0.211400 0.880510
vt 0.111900 0.915850
vt 0.085040 0.902010
vt 0.094330 0.881430
vt 0.124090 0.897890
vt 0.174280 0.803200
vt 0.178960 0.795880
vt 0.192390 0.825500
vt 0.184680 0.829630
vt 0.158930 0.793500
vt 0.151080 0.791810
vt 0.150450 0.778390
vt 0.159940 0.781110
vt 0.139130 0.797840
vt 0.129480 0.805430
vt 0.124210 0.798680
vt 0.134060 0.787220
vt 0.047740 0.908690
vt 0.052960 0.898130
vt 0.252860 0.885680
vt 0.264080 0.903580
vt 0.236890 0.862410
vt 0.191850 0.781540
vt 0.209440 0.815120
vt 0.149430 0.761020
vt 0.164300 0.762790
vt 0.110680 0.784510
vt 0.123260 0.771930
vt 0.058260 0.888290
vt 0.070500 0.866940
vt 0.830580 0.343890
vt 0.808800 0.344030
vt 0.825540 0.656060
vt 0.847120 0.658510
vt 0.857480 0.662010
vt 0.867630 0.663160
vt 0.877740 0.663250
vt 0.889930 0.660990
vt 0.911270 0.653150
vt 0.897130 0.349090
vt 0.874780 0.343420
vt 0.854730 0.343040
vt 0.842420 0.342990
vt 0.172440 0.881310
vt 0.177130 0.855120
vt 0.189750 0.863800
vt 0.204400 0.855720
vt 0.163150 0.873790
vt 0.154090 0.871500
vt 0.153510 0.848060
vt 0.163390 0.849040
vt 0.144930 0.874120
vt 0.135960 0.879440
vt 0.130960 0.853300
vt 0.144140 0.848500
vt 0.116890 0.865220
vt 0.101820 0.858100
vt 0.224660 0.844390
vt 0.079460 0.851140
vt 0.171150 0.823000
vt 0.152390 0.818350
vt 0.160070 0.818970
vt 0.134940 0.820910
vt 0.144870 0.819010
vt 0.121620 0.829260
vt 0.111070 0.826260
vt 0.094870 0.816520
vt 0.164200 0.797530
vt 0.143190 0.794510
vt 0.920410 0.516600
vt 0.922420 0.480530
vt 0.952020 0.485240
vt 0.952340 0.517040
vt 0.921300 0.551020
vt 0.951470 0.550460
vt 0.918040 0.573320
vt 0.951000 0.572510
vt 0.931300 0.598380
vt 0.951140 0.591740
vt 0.950780 0.606480
vt 0.941290 0.460360
vt 0.952560 0.456440
vt 0.951980 0.474800
vt 0.932970 0.468360
vt 0.962100 0.603370
vt 0.970390 0.595910
vt 0.981370 0.573770
vt 0.981490 0.555080
vt 0.983660 0.515990
vt 0.979540 0.482260
vt 0.962740 0.461720
vt 0.970300 0.470400
vt 0.140800 0.781480
vt 0.135450 0.764340
vt 0.168280 0.785400
vt 0.177150 0.769080
vt 0.118820 0.580900
vt 0.122130 0.604670
vt 0.101580 0.606430
vt 0.094790 0.586630
vt 0.123370 0.623320
vt 0.103770 0.626700
vt 0.122980 0.655310
vt 0.103490 0.654360
vt 0.122210 0.690700
vt 0.099960 0.685560
vt 0.121690 0.707470
vt 0.098890 0.705120
vt 0.119900 0.736190
vt 0.097050 0.738140
vt 0.119640 0.752620
vt 0.097440 0.756280
vt 0.692010 0.831330
vt 0.693540 0.862460
vt 0.675560 0.869730
vt 0.673500 0.836580
vt 0.697090 0.883500
vt 0.682280 0.889820
vt 0.704740 0.902160
vt 0.696480 0.904580
vt 0.690190 0.815090
vt 0.669030 0.820650
vt 0.414810 0.547180
vt 0.564250 0.595280
vt 0.564030 0.601920
vt 0.733600 0.166930
vt 0.746850 0.173210
vt 0.733850 0.174450
vt 0.837260 0.130820
vt 0.827360 0.136260
vt 0.818810 0.138730
vt 0.805360 0.144970
vt 0.788050 0.155100
vt 0.775640 0.163320
vt 0.761420 0.169260
vt 0.745100 0.187870
vt 0.734360 0.189780
vt 0.755340 0.186340
vt 0.767240 0.182030
vt 0.781330 0.177790
vt 0.805900 0.168960
vt 0.825210 0.161630
vt 0.834060 0.158410
vt 0.842000 0.155300
vt 0.317710 0.361340
vt 0.317710 0.397490
vt 0.302470 0.428090
vt 0.299710 0.210150
vt 0.299710 0.234370
vt 0.317710 0.256760
vt 0.317710 0.280510
vt 0.317710 0.314160
vt 0.317710 0.336040
vt 0.149900 0.503950
vt 0.150960 0.489710
vt 0.146430 0.531490
vt 0.139540 0.565230
vt 0.537240 0.350960
vt 0.571210 0.345060
vt 0.509430 0.354300
vt 0.522160 0.352990
vt 0.481600 0.355320
vt 0.496390 0.355160
vt 0.447100 0.353200
vt 0.152200 0.473540
vt 0.153450 0.438390
vt 0.044130 0.745430
vt 0.011240 0.744370
vt 0.508690 0.673580
vt 0.543970 0.663740
vt 0.571240 0.648840
vt 0.594510 0.642740
vt 0.052400 0.761880
vt 0.078690 0.762560
vt 0.119870 0.753960
vt 0.097800 0.757560
vt 0.144080 0.753610
vt 0.144080 0.752260
vt 0.550040 0.658530
vt 0.551090 0.659360
vt 0.850490 0.186240
vt 0.867900 0.187620
vt 0.898760 0.191170
vt 0.934620 0.194460
vt 0.945060 0.802100
vt 0.910010 0.808990
vt 0.891640 0.812650
vt 0.875400 0.813980
vt 0.859050 0.813980
vt 0.841040 0.812580
vt 0.805650 0.809160
vt 0.796030 0.183510
vt 0.831760 0.185570
vt 0.013880 0.298230
vt 0.013880 0.291450
vt 0.012170 0.291720
vt 0.013880 0.322870
vt 0.013880 0.305080
vt 0.013780 0.304550
vt 0.013880 0.344190
vt 0.013880 0.338580
vt 0.017740 0.338750
vt 0.007340 0.363600
vt 0.013880 0.349510
vt 0.015810 0.349710
vt 0.360370 0.705820
vt 0.367290 0.710360
vt 0.690610 0.912930
vt 0.683760 0.920570
vt 0.674040 0.936230
vt 0.345340 0.685720
vt 0.354290 0.699870
vt 0.704950 0.903170
vt 0.696980 0.905530
vt 0.713090 0.900620
vt 0.713100 0.899530
vt 0.030380 0.296120
vt 0.030380 0.288450
vt 0.030380 0.346060
vt 0.030380 0.354460
vt 0.024280 0.367830
vt 0.013880 0.273390
vt 0.030380 0.272310
vt 0.013760 0.018910
vt 0.010920 0.017120
vt 0.253660 0.195740
vt 0.669640 0.000610
vt 0.669770 0.005580
vt 0.660990 0.005170
vt 0.665970 0.000000
vt 0.251390 0.167720
vt 0.288530 0.171300
vt 0.688350 0.001530
vt 0.688290 0.004930
vt 0.679350 0.003840
vt 0.679700 0.000000
vt 0.004280 0.024160
vt 0.009240 0.016790
vt 0.272570 0.094380
vt 0.303900 0.107280
vt 0.300440 0.123050
vt 0.632980 0.004970
vt 0.629310 0.005630
vt 0.624270 0.000520
vt 0.633040 0.000000
vt 0.268350 0.106970
vt 0.291560 0.201990
vt 0.730240 0.112160
vt 0.730110 0.111070
vt 0.730470 0.111970
vt 0.730620 0.114810
vt 0.731320 0.121520
vt 0.730900 0.117140
vt 0.258860 0.213550
vt 0.614750 0.000000
vt 0.615060 0.003380
vt 0.606540 0.005550
vt 0.605910 0.001740
vt 0.267440 0.120680
vt 0.298810 0.130540
vt 0.297430 0.138810
vt 0.729760 0.104590
vt 0.731660 0.125220
vt 0.729990 0.105870
vt 0.729990 0.106120
vt 0.264470 0.133440
vt 0.794970 0.015860
vt 0.819310 0.031020
vt 0.765410 0.010300
vt 0.728520 0.014750
vt 0.729750 0.053370
vt 0.835590 0.053140
vt 0.838780 0.060940
vt 0.844850 0.086780
vt 0.730160 0.066840
vt 0.845650 0.108650
vt 0.351010 0.607440
vt 0.612690 0.549580
vt 0.713270 0.881720
vt 0.713480 0.860700
vt 0.713760 0.830550
vt 0.713920 0.814350
vt 0.144000 0.735720
vt 0.143890 0.713670
vt 0.143810 0.695810
vt 0.143620 0.657300
vt 0.143460 0.622690
vt 0.143370 0.603910
vt 0.143250 0.577210
vt 0.560800 0.642250
vt 0.848700 0.123740
vt 0.856710 0.147980
vt 0.639100 0.645340
vt 0.382580 0.714790
vt 0.020930 0.018120
vt 0.017910 0.010100
vt 0.022620 0.001480
vt 0.024650 0.015580
vt 0.016120 0.008890
vt 0.017970 0.005380
vt 0.202650 0.000000
vt 0.201480 0.009770
vt 0.197070 0.015440
vt 0.194620 0.011860
vt 0.465160 0.000750
vt 0.459660 0.003490
vt 0.455960 0.003810
vt 0.455350 0.000000
vt 0.022240 0.019370
vt 0.019750 0.022140
vt 0.024440 0.001180
vt 0.026460 0.015220
vt 0.025280 0.017130
vt 0.022370 0.019450
vt 0.016800 0.003940
vt 0.021530 0.000000
vt 0.014530 0.007890
vt 0.016300 0.004630
vt 0.729310 0.112770
vt 0.729000 0.115150
vt 0.727330 0.115570
vt 0.728040 0.113660
vt 0.219670 0.006700
vt 0.215280 0.006800
vt 0.215280 0.003990
vt 0.219730 0.003770
vt 0.719030 0.087610
vt 0.720740 0.088630
vt 0.716640 0.091090
vt 0.716540 0.089660
vt 0.714100 0.083420
vt 0.714180 0.084690
vt 0.712630 0.086960
vt 0.711410 0.087410
vt 0.721510 0.081350
vt 0.720120 0.082870
vt 0.717090 0.083300
vt 0.718220 0.081160
vt 0.721970 0.084740
vt 0.720240 0.085140
vt 0.710410 0.118750
vt 0.717090 0.117510
vt 0.720080 0.121280
vt 0.715360 0.125870
vt 0.686710 0.114610
vt 0.702610 0.107760
vt 0.701830 0.123780
vt 0.691990 0.128700
vt 0.712900 0.091180
vt 0.713700 0.089920
vt 0.224620 0.005390
vt 0.224460 0.003400
vt 0.226410 0.003560
vt 0.215090 0.000920
vt 0.219370 0.000000
vt 0.224200 0.000200
vt 0.724150 0.089510
vt 0.716810 0.093300
vt 0.711140 0.092660
vt 0.708460 0.088030
vt 0.711770 0.081310
vt 0.718920 0.076810
vt 0.724810 0.078060
vt 0.724930 0.084130
vt 0.723240 0.096170
vt 0.715440 0.100530
vt 0.704000 0.091240
vt 0.706220 0.079480
vt 0.716060 0.070320
vt 0.727640 0.085700
vt 0.728250 0.080050
vt 0.729320 0.080820
vt 0.729220 0.086270
vt 0.729290 0.092010
vt 0.727610 0.091280
vt 0.212990 0.004220
vt 0.725790 0.100840
vt 0.718760 0.107850
vt 0.729290 0.111320
vt 0.729880 0.109280
vt 0.727950 0.099570
vt 0.727570 0.097070
vt 0.728930 0.097100
vt 0.729060 0.099230
vt 0.728090 0.121140
vt 0.725720 0.118330
vt 0.727570 0.117160
vt 0.728890 0.117470
vt 0.721890 0.128880
vt 0.723990 0.123240
vt 0.728040 0.124970
vt 0.727140 0.130000
vt 0.723760 0.115660
vt 0.727420 0.112870
vt 0.729030 0.111290
vt 0.726580 0.084600
vt 0.727330 0.079460
vt 0.726240 0.090140
vt 0.729010 0.102150
vt 0.729400 0.104570
vt 0.729340 0.104670
vt 0.728790 0.102440
vt 0.727080 0.099970
vt 0.726120 0.096860
vt 0.726910 0.076980
vt 0.725700 0.075340
vt 0.726980 0.074890
vt 0.727940 0.077510
vt 0.729050 0.077940
vt 0.728670 0.074920
vt 0.726230 0.103790
vt 0.725080 0.107270
vt 0.723450 0.112260
vt 0.724460 0.116880
vt 0.172590 0.007480
vt 0.177660 0.002400
vt 0.187200 0.000000
vt 0.176440 0.009460
vt 0.436990 0.000360
vt 0.440680 0.000000
vt 0.446590 0.001700
vt 0.437080 0.004220
vt 0.729500 0.105590
vt 0.729470 0.105540
vt 0.728250 0.103380
vt 0.714350 0.085410
vt 0.716750 0.084130
vt 0.713220 0.086960
vt 0.714140 0.089200
vt 0.716460 0.088750
vt 0.718490 0.087500
vt 0.719680 0.085230
vt 0.718930 0.083820
vt 0.652340 0.056100
vt 0.647030 0.044750
vt 0.666880 0.032740
vt 0.669930 0.045570
vt 0.690360 0.029970
vt 0.688900 0.044000
vt 0.717060 0.031300
vt 0.708200 0.044790
vt 0.724270 0.052170
vt 0.717550 0.056940
vt 0.640720 0.073790
vt 0.633210 0.065780
vt 0.659860 0.065700
vt 0.672940 0.057390
vt 0.687290 0.055940
vt 0.700890 0.056460
vt 0.709340 0.064670
vt 0.650140 0.079910
vt 0.667000 0.074170
vt 0.675910 0.068020
vt 0.685570 0.065940
vt 0.694290 0.067180
vt 0.699990 0.073900
vt 0.660790 0.084410
vt 0.671200 0.093390
vt 0.676390 0.089050
vt 0.682240 0.087480
vt 0.684620 0.088290
vt 0.688430 0.093700
vt 0.689720 0.099380
vt 0.669340 0.099270
vt 0.683210 0.093210
vt 0.686450 0.097140
vt 0.680650 0.097630
vt 0.680040 0.093320
vt 0.675140 0.098980
vt 0.676850 0.095450
vt 0.687660 0.101430
vt 0.680940 0.102860
vt 0.674490 0.102380
vt 0.724730 0.141920
vt 0.726130 0.134840
vt 0.709790 0.131380
vt 0.702030 0.138020
vt 0.687800 0.107260
vt 0.714100 0.142840
vt 0.719180 0.134800
vt 0.721140 0.154710
vt 0.690260 0.146590
vt 0.681900 0.133560
vt 0.680650 0.108420
vt 0.685650 0.107550
vt 0.684920 0.112800
vt 0.679720 0.114800
vt 0.704590 0.153480
vt 0.681140 0.119710
vt 0.723280 0.066020
vt 0.686070 0.154990
vt 0.675670 0.141640
vt 0.674730 0.107080
vt 0.674920 0.112110
vt 0.700770 0.161630
vt 0.717160 0.165690
vt 0.673050 0.118380
vt 0.631430 0.075270
vt 0.640430 0.082440
vt 0.648430 0.088060
vt 0.658220 0.092040
vt 0.669570 0.108860
vt 0.629090 0.100970
vt 0.639120 0.106900
vt 0.648920 0.111910
vt 0.658810 0.115230
vt 0.642710 0.128930
vt 0.651930 0.132310
vt 0.661140 0.134740
vt 0.727410 0.065600
vt 0.680300 0.090530
vt 0.683960 0.090520
vt 0.687760 0.095140
vt 0.673070 0.096700
vt 0.675930 0.092700
vt 0.689040 0.100100
vt 0.672580 0.100640
vt 0.687070 0.107690
vt 0.679430 0.116630
vt 0.673610 0.113570
vt 0.672470 0.107160
vt 0.631050 0.123440
vt 0.299260 0.131000
vt 0.301240 0.123250
vt 0.315740 0.129180
vt 0.314770 0.135120
vt 0.008200 0.497580
vt 0.009950 0.492120
vt 0.021560 0.494080
vt 0.017550 0.499840
vt 0.857710 0.060130
vt 0.855620 0.054220
vt 0.864380 0.049170
vt 0.869800 0.053970
vt 0.298120 0.138950
vt 0.312040 0.141010
vt 0.057490 0.536520
vt 0.049990 0.537410
vt 0.049520 0.533060
vt 0.053720 0.532290
vt 0.903400 0.005100
vt 0.903830 0.000000
vt 0.909760 0.002590
vt 0.907720 0.009090
vt 0.063210 0.529780
vt 0.059340 0.528120
vt 0.913630 0.009900
vt 0.910200 0.013550
vt 0.063200 0.495490
vt 0.058710 0.495990
vt 0.053750 0.492190
vt 0.063450 0.489370
vt 0.901380 0.050450
vt 0.904020 0.043960
vt 0.909900 0.045240
vt 0.910610 0.050640
vt 0.292120 0.156660
vt 0.306860 0.158890
vt 0.859510 0.078510
vt 0.868840 0.060940
vt 0.886860 0.059140
vt 0.886310 0.053800
vt 0.902640 0.057270
vt 0.869910 0.077540
vt 0.888860 0.071040
vt 0.904830 0.070280
vt 0.915860 0.061690
vt 0.912350 0.055660
vt 0.888720 0.082670
vt 0.904750 0.083050
vt 0.917260 0.077360
vt 0.915280 0.069680
vt 0.869510 0.092940
vt 0.858560 0.094900
vt 0.870430 0.098460
vt 0.289180 0.171520
vt 0.302210 0.174450
vt 0.886980 0.094080
vt 0.885790 0.100250
vt 0.901990 0.095840
vt 0.900310 0.101610
vt 0.914850 0.092710
vt 0.914870 0.084770
vt 0.911120 0.098350
vt 0.908640 0.103410
vt 0.287670 0.179470
vt 0.302240 0.180120
vt 0.857290 0.099980
vt 0.869380 0.103900
vt 0.002750 0.461110
vt 0.000000 0.456680
vt 0.010880 0.449400
vt 0.011530 0.454570
vt 0.287970 0.187490
vt 0.302240 0.185600
vt 0.884840 0.106290
vt 0.025490 0.445550
vt 0.027280 0.450470
vt 0.899200 0.107400
vt 0.037340 0.440880
vt 0.040150 0.445690
vt 0.906540 0.108400
vt 0.042620 0.438430
vt 0.046740 0.441360
vt 0.292170 0.202400
vt 0.307630 0.201360
vt 0.008260 0.475490
vt 0.014880 0.465880
vt 0.029120 0.455190
vt 0.042920 0.449910
vt 0.032910 0.465410
vt 0.048640 0.461100
vt 0.055970 0.448320
vt 0.050570 0.444040
vt 0.019040 0.482250
vt 0.035950 0.476040
vt 0.052260 0.473450
vt 0.063170 0.462460
vt 0.058950 0.455590
vt 0.304460 0.107630
vt 0.319080 0.110800
vt 0.037680 0.486530
vt 0.038570 0.491440
vt 0.053390 0.486080
vt 0.066020 0.478410
vt 0.063910 0.470770
vt 0.064360 0.484890
vt 0.058010 0.398900
vt 0.056160 0.401480
vt 0.053490 0.401150
vt 0.053470 0.397160
vt 0.050820 0.401520
vt 0.048940 0.398960
vt 0.935740 0.137460
vt 0.937620 0.141650
vt 0.933190 0.142030
vt 0.933100 0.138160
vt 0.938010 0.135890
vt 0.940840 0.138550
vt 0.103150 0.422820
vt 0.099930 0.423100
vt 0.098520 0.420720
vt 0.101580 0.418080
vt 0.096320 0.419010
vt 0.097060 0.415870
vt 0.968090 0.102890
vt 0.972490 0.104630
vt 0.969430 0.107960
vt 0.966530 0.105180
vt 0.968500 0.100140
vt 0.972520 0.100110
vt 0.123510 0.471010
vt 0.120850 0.469010
vt 0.121650 0.466260
vt 0.125780 0.466420
vt 0.121000 0.463460
vt 0.123790 0.461660
vt 0.975720 0.059620
vt 0.980520 0.058790
vt 0.979470 0.063320
vt 0.975380 0.062440
vt 0.974450 0.057080
vt 0.978010 0.054890
vt 0.102060 0.523840
vt 0.101800 0.520500
vt 0.104410 0.519310
vt 0.107020 0.522550
vt 0.106070 0.516950
vt 0.109270 0.517900
vt 0.950880 0.015300
vt 0.953920 0.011470
vt 0.956130 0.015600
vt 0.952470 0.017680
vt 0.948220 0.014260
vt 0.949410 0.010230
vt 0.055210 0.442970
vt 0.051700 0.440900
vt 0.047920 0.439010
vt 0.053910 0.422560
vt 0.053840 0.425030
vt 0.050130 0.424560
vt 0.050100 0.422250
vt 0.057710 0.422820
vt 0.057640 0.425390
vt 0.043310 0.437470
vt 0.907940 0.109390
vt 0.911050 0.105020
vt 0.918460 0.121780
vt 0.917260 0.119960
vt 0.921310 0.117070
vt 0.922610 0.119060
vt 0.045030 0.422070
vt 0.045240 0.424090
vt 0.913800 0.101070
vt 0.916560 0.097980
vt 0.925660 0.116990
vt 0.924390 0.114860
vt 0.927380 0.112860
vt 0.928770 0.115090
vt 0.919850 0.095950
vt 0.921400 0.096550
vt 0.059950 0.443010
vt 0.058910 0.444210
vt 0.062880 0.422860
vt 0.062780 0.425490
vt 0.933210 0.112640
vt 0.931730 0.110180
vt 0.064450 0.457150
vt 0.062210 0.453380
vt 0.060170 0.449430
vt 0.079260 0.438640
vt 0.077560 0.440250
vt 0.075090 0.437400
vt 0.076620 0.435800
vt 0.081780 0.441600
vt 0.080050 0.443130
vt 0.058960 0.444170
vt 0.920240 0.096090
vt 0.918770 0.090600
vt 0.918900 0.085900
vt 0.920470 0.081700
vt 0.941780 0.092910
vt 0.939660 0.092180
vt 0.941030 0.088780
vt 0.943170 0.089540
vt 0.940860 0.096460
vt 0.938770 0.095790
vt 0.923290 0.077930
vt 0.924440 0.078040
vt 0.068640 0.459880
vt 0.067720 0.460280
vt 0.085190 0.445590
vt 0.083550 0.446900
vt 0.945420 0.084920
vt 0.943130 0.083970
vt 0.068820 0.474650
vt 0.067840 0.470100
vt 0.067200 0.465490
vt 0.091560 0.466800
vt 0.089320 0.467020
vt 0.088920 0.463470
vt 0.091070 0.463070
vt 0.091720 0.470550
vt 0.089620 0.470550
vt 0.068210 0.460070
vt 0.924240 0.077970
vt 0.920710 0.073520
vt 0.919450 0.069080
vt 0.919710 0.064310
vt 0.944130 0.065010
vt 0.942050 0.065360
vt 0.941760 0.061780
vt 0.943830 0.061460
vt 0.944980 0.068450
vt 0.942890 0.068810
vt 0.921320 0.059030
vt 0.921800 0.058930
vt 0.071650 0.479570
vt 0.071320 0.479600
vt 0.091830 0.475540
vt 0.090100 0.475310
vt 0.943690 0.056400
vt 0.941490 0.056690
vt 0.066440 0.490560
vt 0.067820 0.486560
vt 0.069100 0.482980
vt 0.084950 0.498210
vt 0.083530 0.497030
vt 0.085760 0.494030
vt 0.087260 0.495180
vt 0.082520 0.501150
vt 0.081300 0.500000
vt 0.072640 0.479630
vt 0.922740 0.058640
vt 0.918020 0.056630
vt 0.915530 0.053250
vt 0.913510 0.049240
vt 0.931410 0.038560
vt 0.930240 0.039850
vt 0.927670 0.037030
vt 0.928900 0.035860
vt 0.934080 0.040980
vt 0.932860 0.042320
vt 0.911380 0.044500
vt 0.064600 0.495290
vt 0.079100 0.504880
vt 0.078300 0.503870
vt 0.925570 0.032110
vt 0.924320 0.033260
vt 0.072860 0.432080
vt 0.071650 0.433500
vt 0.939800 0.101530
vt 0.937600 0.101000
vt 0.090270 0.458100
vt 0.088390 0.458660
vt 0.946490 0.073260
vt 0.944300 0.073640
vt 0.090380 0.491070
vt 0.088860 0.490010
vt 0.938070 0.044150
vt 0.936700 0.045690
vt 0.057540 0.413300
vt 0.057670 0.420640
vt 0.053880 0.420490
vt 0.053720 0.413420
vt 0.050100 0.420270
vt 0.049860 0.413280
vt 0.045100 0.420200
vt 0.044880 0.413120
vt 0.922880 0.130180
vt 0.919350 0.123600
vt 0.923580 0.120990
vt 0.927100 0.127660
vt 0.926800 0.118950
vt 0.930370 0.125820
vt 0.930060 0.117070
vt 0.933700 0.124250
vt 0.934490 0.114850
vt 0.938260 0.122390
vt 0.062520 0.412930
vt 0.062750 0.420580
vt 0.091160 0.432450
vt 0.083060 0.440260
vt 0.080600 0.437340
vt 0.088610 0.429640
vt 0.077940 0.434610
vt 0.086020 0.426880
vt 0.074110 0.431100
vt 0.082500 0.423430
vt 0.952740 0.106110
vt 0.941560 0.102250
vt 0.942570 0.097190
vt 0.953790 0.101320
vt 0.943560 0.093540
vt 0.954900 0.097730
vt 0.945010 0.090060
vt 0.956420 0.094320
vt 0.947420 0.085510
vt 0.958820 0.090060
vt 0.094400 0.436150
vt 0.086340 0.444280
vt 0.106540 0.469800
vt 0.093720 0.470350
vt 0.093660 0.466620
vt 0.106570 0.466040
vt 0.093160 0.462930
vt 0.106370 0.462270
vt 0.092170 0.457930
vt 0.105820 0.457380
vt 0.962360 0.070630
vt 0.948740 0.073110
vt 0.947070 0.068280
vt 0.960790 0.065980
vt 0.946180 0.064660
vt 0.959940 0.062340
vt 0.945850 0.060950
vt 0.959540 0.058620
vt 0.945860 0.055830
vt 0.959480 0.053710
vt 0.106260 0.474700
vt 0.093510 0.475430
vt 0.091840 0.510320
vt 0.083620 0.502090
vt 0.086150 0.499260
vt 0.094600 0.507750
vt 0.088460 0.496300
vt 0.097320 0.505100
vt 0.091570 0.492240
vt 0.100770 0.501580
vt 0.947920 0.032620
vt 0.939400 0.042840
vt 0.935280 0.039850
vt 0.943850 0.029950
vt 0.932480 0.037390
vt 0.940920 0.027670
vt 0.929870 0.034650
vt 0.938170 0.025110
vt 0.926540 0.030890
vt 0.934800 0.021580
vt 0.088150 0.513510
vt 0.080040 0.505600
vt 0.056910 0.405280
vt 0.057610 0.411580
vt 0.053670 0.411760
vt 0.053530 0.405490
vt 0.049700 0.411600
vt 0.050150 0.405340
vt 0.044730 0.411400
vt 0.045520 0.404600
vt 0.927790 0.138150
vt 0.923890 0.131860
vt 0.927970 0.129150
vt 0.930810 0.134730
vt 0.931100 0.127380
vt 0.933670 0.132850
vt 0.934380 0.125920
vt 0.936910 0.131840
vt 0.939030 0.124400
vt 0.941450 0.131790
vt 0.061500 0.404410
vt 0.062560 0.411170
vt 0.097240 0.426390
vt 0.092140 0.431630
vt 0.089510 0.428800
vt 0.094900 0.423890
vt 0.086900 0.425940
vt 0.092670 0.421290
vt 0.083430 0.422480
vt 0.089880 0.417490
vt 0.962280 0.108830
vt 0.954140 0.106550
vt 0.955040 0.101730
vt 0.962070 0.104200
vt 0.956100 0.098200
vt 0.962830 0.100820
vt 0.957640 0.094860
vt 0.964550 0.097820
vt 0.960190 0.090680
vt 0.967840 0.094570
vt 0.100710 0.429570
vt 0.095360 0.435330
vt 0.116150 0.469580
vt 0.107860 0.469860
vt 0.107870 0.466020
vt 0.116200 0.466100
vt 0.107730 0.462180
vt 0.116240 0.462610
vt 0.107240 0.457300
vt 0.116550 0.457870
vt 0.973050 0.067990
vt 0.963860 0.070310
vt 0.962150 0.065710
vt 0.970540 0.064040
vt 0.961270 0.062110
vt 0.969450 0.060710
vt 0.960910 0.058430
vt 0.969360 0.057200
vt 0.960990 0.053520
vt 0.970400 0.052640
vt 0.116310 0.474320
vt 0.107530 0.474750
vt 0.098230 0.517290
vt 0.092630 0.511320
vt 0.095470 0.508700
vt 0.100870 0.515000
vt 0.098280 0.506050
vt 0.103530 0.512740
vt 0.101760 0.502570
vt 0.107340 0.509900
vt 0.954310 0.023520
vt 0.948840 0.031360
vt 0.944670 0.028860
vt 0.949860 0.022150
vt 0.941730 0.026660
vt 0.946870 0.020330
vt 0.939060 0.024140
vt 0.944470 0.017770
vt 0.935790 0.020510
vt 0.942160 0.013710
vt 0.094800 0.520580
vt 0.088870 0.514460
vt 0.039670 0.495560
vt 0.028560 0.497130
vt 0.875120 0.049120
vt 0.887280 0.049490
vt 0.893180 0.036700
vt 0.886090 0.032340
vt 0.870820 0.045120
vt 0.022990 0.500460
vt 0.033970 0.507100
vt 0.024210 0.499750
vt 0.039070 0.505620
vt 0.882040 0.028380
vt 0.051570 0.496350
vt 0.057300 0.496410
vt 0.904450 0.041100
vt 0.899280 0.045670
vt 0.900630 0.035810
vt 0.045270 0.506420
vt 0.043240 0.517090
vt 0.043040 0.515700
vt 0.047900 0.514210
vt 0.048080 0.515240
vt 0.897410 0.026920
vt 0.897020 0.028050
vt 0.891030 0.021460
vt 0.891570 0.020050
vt 0.038430 0.517160
vt 0.038170 0.515790
vt 0.886810 0.017070
vt 0.887400 0.015520
vt 0.052930 0.505210
vt 0.055800 0.511720
vt 0.058310 0.502410
vt 0.906860 0.034750
vt 0.903280 0.029320
vt 0.051040 0.524840
vt 0.046460 0.527870
vt 0.043820 0.519820
vt 0.048950 0.517670
vt 0.898580 0.009920
vt 0.903140 0.017070
vt 0.898960 0.024430
vt 0.893280 0.017480
vt 0.889240 0.012820
vt 0.895360 0.004980
vt 0.041800 0.529900
vt 0.038770 0.520300
vt 0.058520 0.521730
vt 0.056750 0.514570
vt 0.062160 0.511630
vt 0.063930 0.519680
vt 0.912870 0.019720
vt 0.910160 0.026770
vt 0.904640 0.026600
vt 0.907760 0.019930
vt 0.061130 0.508560
vt 0.908960 0.029330
vt 0.291730 0.156540
vt 0.262450 0.152510
vt 0.225050 0.165960
vt 0.220890 0.184420
vt 0.218600 0.203490
vt 0.222370 0.224180
vt 0.240810 0.074970
vt 0.237940 0.091420
vt 0.236040 0.108430
vt 0.233360 0.126760
vt 0.229060 0.147580
vt 0.193790 0.161880
vt 0.190000 0.181750
vt 0.187700 0.202170
vt 0.188990 0.224810
vt 0.209460 0.067450
vt 0.206560 0.084150
vt 0.207290 0.103200
vt 0.201450 0.120810
vt 0.197760 0.142400
vt 0.162160 0.157880
vt 0.178420 0.159410
vt 0.174910 0.179830
vt 0.159100 0.178020
vt 0.173160 0.200680
vt 0.157340 0.198080
vt 0.171660 0.223000
vt 0.155930 0.219560
vt 0.177100 0.063360
vt 0.192570 0.064800
vt 0.190810 0.081270
vt 0.175140 0.079040
vt 0.187880 0.100300
vt 0.171460 0.097900
vt 0.185970 0.119250
vt 0.168420 0.116800
vt 0.182160 0.140420
vt 0.165260 0.138610
vt 0.125600 0.157000
vt 0.144710 0.157650
vt 0.141690 0.176320
vt 0.122690 0.175010
vt 0.141170 0.195000
vt 0.123100 0.193390
vt 0.140370 0.218170
vt 0.123860 0.219120
vt 0.147710 0.054380
vt 0.162290 0.060620
vt 0.155740 0.076970
vt 0.140550 0.072590
vt 0.155750 0.095070
vt 0.135800 0.090540
vt 0.151040 0.112500
vt 0.132080 0.108120
vt 0.147420 0.136310
vt 0.128550 0.133530
vt 0.097740 0.154630
vt 0.095490 0.174240
vt 0.096320 0.194180
vt 0.097760 0.220840
vt 0.125410 0.040050
vt 0.116880 0.063620
vt 0.109420 0.081180
vt 0.103650 0.098500
vt 0.100630 0.128430
vt 0.064340 0.148240
vt 0.065290 0.170760
vt 0.068360 0.192980
vt 0.067970 0.220500
vt 0.099480 0.027630
vt 0.090540 0.052250
vt 0.075000 0.073760
vt 0.068160 0.091380
vt 0.063500 0.118320
vt 0.019150 0.130130
vt 0.016580 0.154110
vt 0.032440 0.183660
vt 0.031780 0.220000
vt 0.068310 0.013180
vt 0.066560 0.039830
vt 0.053620 0.065140
vt 0.038720 0.082160
vt 0.030720 0.108020
vt 0.386770 0.916840
vt 0.401220 0.917690
vt 0.396430 0.965240
vt 0.384880 0.963380
vt 0.365000 0.963290
vt 0.361970 0.918210
vt 0.340100 0.965060
vt 0.333450 0.923750
vt 0.859170 0.875630
vt 0.868980 0.837080
vt 0.892480 0.841610
vt 0.887390 0.878400
vt 0.915430 0.880270
vt 0.902040 0.880260
vt 0.904550 0.843500
vt 0.915240 0.842350
vt 0.942890 0.878280
vt 0.928760 0.879380
vt 0.925850 0.841720
vt 0.937250 0.839970
vt 0.960620 0.834380
vt 0.971270 0.875490
vt 0.442140 0.927240
vt 0.431800 0.970660
vt 0.408080 0.967010
vt 0.415190 0.919850
vt 0.388000 0.876060
vt 0.403620 0.876680
vt 0.359780 0.876540
vt 0.324300 0.879270
vt 0.849540 0.917070
vt 0.883620 0.922640
vt 0.915520 0.924590
vt 0.900680 0.924210
vt 0.946700 0.922490
vt 0.930330 0.924110
vt 0.980850 0.916930
vt 0.454170 0.883430
vt 0.419950 0.878510
vt 0.389630 0.831100
vt 0.406900 0.831690
vt 0.357860 0.831380
vt 0.319480 0.830590
vt 0.844600 0.964000
vt 0.882100 0.969700
vt 0.915820 0.972420
vt 0.900140 0.971630
vt 0.948810 0.969580
vt 0.931530 0.971660
vt 0.986260 0.963660
vt 0.463210 0.835860
vt 0.425220 0.833130
vt 0.555230 0.261820
vt 0.554640 0.247030
vt 0.569900 0.246480
vt 0.570580 0.260940
vt 0.572870 0.289490
vt 0.557270 0.291420
vt 0.577570 0.325510
vt 0.561850 0.329120
vt 0.631000 0.243300
vt 0.631920 0.228000
vt 0.668060 0.234670
vt 0.668290 0.250080
vt 0.699500 0.254570
vt 0.685140 0.252890
vt 0.685460 0.237370
vt 0.700740 0.238990
vt 0.730510 0.255960
vt 0.714080 0.255470
vt 0.716120 0.240270
vt 0.733000 0.240840
vt 0.769600 0.239840
vt 0.768400 0.255220
vt 0.554790 0.192610
vt 0.570170 0.194410
vt 0.569710 0.230520
vt 0.554290 0.230400
vt 0.509790 0.263730
vt 0.509660 0.247620
vt 0.530430 0.246910
vt 0.530680 0.263640
vt 0.533050 0.295360
vt 0.510910 0.295490
vt 0.537560 0.333480
vt 0.515200 0.333660
vt 0.624650 0.288590
vt 0.628190 0.267150
vt 0.665480 0.273230
vt 0.662500 0.295780
vt 0.696280 0.300110
vt 0.680520 0.298420
vt 0.682300 0.275640
vt 0.697400 0.277280
vt 0.729690 0.301310
vt 0.712220 0.300890
vt 0.712860 0.278430
vt 0.729400 0.279110
vt 0.767410 0.279280
vt 0.768220 0.300870
vt 0.511280 0.191670
vt 0.531660 0.190760
vt 0.530660 0.229310
vt 0.509910 0.230030
vt 0.475800 0.264660
vt 0.476990 0.246400
vt 0.476750 0.299680
vt 0.482080 0.338780
vt 0.618900 0.321240
vt 0.658300 0.325200
vt 0.693860 0.333460
vt 0.676260 0.331940
vt 0.729450 0.335180
vt 0.711180 0.334660
vt 0.768830 0.334560
vt 0.480620 0.187540
vt 0.478070 0.227520
vt 0.433130 0.265580
vt 0.435110 0.246330
vt 0.432480 0.303610
vt 0.441840 0.344590
vt 0.609480 0.360890
vt 0.648540 0.370750
vt 0.688880 0.377080
vt 0.670110 0.375340
vt 0.727110 0.374970
vt 0.707800 0.377620
vt 0.768250 0.373230
vt 0.446110 0.186570
vt 0.440530 0.226740
vt 0.376350 0.257020
vt 0.377150 0.232830
vt 0.399180 0.241350
vt 0.400240 0.262390
vt 0.407090 0.297140
vt 0.375150 0.294860
vt 0.428760 0.348020
vt 0.403160 0.356390
vt 0.598330 0.399450
vt 0.606210 0.374430
vt 0.646980 0.388960
vt 0.644730 0.420870
vt 0.686580 0.438920
vt 0.669250 0.432600
vt 0.668350 0.394540
vt 0.686400 0.404580
vt 0.727120 0.444410
vt 0.705190 0.441700
vt 0.704150 0.415170
vt 0.723340 0.415230
vt 0.386040 0.162960
vt 0.408440 0.174800
vt 0.401370 0.219970
vt 0.377790 0.210370
vt 0.587580 0.246000
vt 0.588270 0.260250
vt 0.590500 0.288330
vt 0.595450 0.323660
vt 0.636440 0.211420
vt 0.671560 0.218340
vt 0.687780 0.220900
vt 0.701590 0.222600
vt 0.715600 0.223720
vt 0.731340 0.224090
vt 0.767050 0.222560
vt 0.587910 0.194280
vt 0.587370 0.230010
vt 0.677230 0.787760
vt 0.699790 0.786540
vt 0.698690 0.803760
vt 0.676940 0.808240
vt 0.230530 0.619140
vt 0.206010 0.611590
vt 0.214820 0.592970
vt 0.240300 0.600830
vt 0.286830 0.612160
vt 0.279070 0.629680
vt 0.774670 0.791980
vt 0.768900 0.810130
vt 0.722370 0.805680
vt 0.725160 0.786170
vt 0.677000 0.767540
vt 0.699930 0.765500
vt 0.227020 0.641190
vt 0.203380 0.632840
vt 0.275160 0.653320
vt 0.775580 0.768710
vt 0.725470 0.764260
vt 0.675300 0.740120
vt 0.699510 0.743870
vt 0.227690 0.660040
vt 0.204240 0.655040
vt 0.273700 0.679720
vt 0.774440 0.743080
vt 0.723760 0.746190
vt 0.676900 0.712910
vt 0.698230 0.716370
vt 0.232790 0.691650
vt 0.209020 0.685580
vt 0.275980 0.710840
vt 0.768470 0.712670
vt 0.721710 0.716700
vt 0.679230 0.694110
vt 0.702580 0.692880
vt 0.237540 0.716680
vt 0.211870 0.708910
vt 0.276620 0.726900
vt 0.767400 0.696820
vt 0.727460 0.693830
vt 0.683350 0.664800
vt 0.705780 0.666560
vt 0.243240 0.743280
vt 0.211390 0.739140
vt 0.277110 0.741820
vt 0.767680 0.681950
vt 0.731960 0.672890
vt 0.683900 0.646500
vt 0.706490 0.653940
vt 0.235040 0.760150
vt 0.209670 0.760640
vt 0.799610 0.837060
vt 0.807790 0.820430
vt 0.840590 0.823900
vt 0.849540 0.836670
vt 0.489640 0.829410
vt 0.489220 0.845000
vt 0.465460 0.815070
vt 0.471970 0.804720
vt 0.421690 0.749430
vt 0.437130 0.741570
vt 0.442160 0.771360
vt 0.426560 0.772690
vt 0.786480 0.897290
vt 0.768480 0.882280
vt 0.770190 0.849340
vt 0.788910 0.859710
vt 0.413740 0.725630
vt 0.426320 0.715300
vt 0.766580 0.906110
vt 0.756260 0.897200
vt 0.809230 0.929530
vt 0.781840 0.927420
vt 0.446160 0.691270
vt 0.464900 0.710440
vt 0.453060 0.734320
vt 0.436520 0.705200
vt 0.397950 0.709690
vt 0.404490 0.704340
vt 0.742870 0.920420
vt 0.736050 0.912580
vt 0.752520 0.936660
vt 0.417680 0.682320
vt 0.410030 0.697700
vt 0.336880 0.238910
vt 0.332990 0.221050
vt 0.360540 0.231730
vt 0.356040 0.254470
vt 0.337440 0.295300
vt 0.326820 0.272850
vt 0.686580 0.496960
vt 0.666030 0.497660
vt 0.667020 0.466230
vt 0.687640 0.467000
vt 0.730360 0.492030
vt 0.706790 0.495290
vt 0.706690 0.465750
vt 0.729860 0.462870
vt 0.345700 0.154460
vt 0.370420 0.162830
vt 0.363160 0.207920
vt 0.336370 0.199500
vt 0.775350 0.830930
vt 0.452170 0.794980
vt 0.430320 0.791180
vt 0.476620 0.718950
vt 0.466730 0.740790
vt 0.814060 0.911440
vt 0.823820 0.932350
vt 0.810040 0.874720
vt 0.827180 0.855300
vt 0.854330 0.849870
vt 0.485970 0.802870
vt 0.501480 0.821870
vt 0.458160 0.772770
vt 0.470330 0.774960
vt 0.773610 0.458050
vt 0.776320 0.484060
vt 0.767400 0.416730
vt 0.767550 0.442860
vt 0.890590 0.627750
vt 0.896350 0.637370
vt 0.870220 0.654880
vt 0.864310 0.645130
vt 0.731390 0.648280
vt 0.747070 0.633860
vt 0.770220 0.644320
vt 0.760200 0.660520
vt 0.755720 0.608650
vt 0.780190 0.623790
vt 0.872770 0.599610
vt 0.883820 0.619300
vt 0.858270 0.635430
vt 0.844560 0.618590
vt 0.770200 0.552300
vt 0.781070 0.521670
vt 0.786360 0.528560
vt 0.778230 0.555770
vt 0.807980 0.501800
vt 0.808500 0.515230
vt 0.800820 0.517580
vt 0.798750 0.505330
vt 0.835840 0.519780
vt 0.831170 0.526950
vt 0.820910 0.520220
vt 0.825050 0.509210
vt 0.921570 0.622700
vt 0.915450 0.612630
vt 0.714810 0.617150
vt 0.705060 0.635890
vt 0.728850 0.592680
vt 0.752340 0.543370
vt 0.767010 0.508460
vt 0.807510 0.484410
vt 0.792840 0.487440
vt 0.848110 0.504500
vt 0.834510 0.493040
vt 0.909310 0.603300
vt 0.895250 0.583100
vt 0.408410 0.983620
vt 0.430020 0.986270
vt 0.956860 0.819490
vt 0.935440 0.823140
vt 0.925290 0.827220
vt 0.915200 0.828940
vt 0.905130 0.830660
vt 0.892930 0.827990
vt 0.871170 0.821320
vt 0.341700 0.981100
vt 0.364560 0.978050
vt 0.384520 0.979980
vt 0.396760 0.981350
vt 0.787880 0.580570
vt 0.794570 0.606340
vt 0.775980 0.590240
vt 0.760710 0.583390
vt 0.810860 0.571520
vt 0.812440 0.594890
vt 0.803790 0.598790
vt 0.801070 0.573370
vt 0.833820 0.574760
vt 0.831140 0.601240
vt 0.821760 0.596710
vt 0.820250 0.571140
vt 0.848880 0.585420
vt 0.863280 0.577020
vt 0.739600 0.573750
vt 0.884940 0.568140
vt 0.791150 0.548030
vt 0.809440 0.541800
vt 0.801850 0.543080
vt 0.827050 0.542850
vt 0.816990 0.541810
vt 0.841040 0.550020
vt 0.851300 0.546110
vt 0.866600 0.535010
vt 0.795910 0.522060
vt 0.816580 0.517250
vt 0.969910 0.233520
vt 0.999700 0.230220
vt 1.000000 0.266340
vt 0.968090 0.265280
vt 0.997480 0.300690
vt 0.967370 0.298700
vt 0.999680 0.323120
vt 0.966800 0.320740
vt 0.985250 0.347510
vt 0.965750 0.339950
vt 0.965410 0.354690
vt 0.970440 0.223100
vt 0.970730 0.204720
vt 0.981810 0.209180
vt 0.989740 0.217560
vt 0.954250 0.351040
vt 0.946320 0.343190
vt 0.936400 0.320560
vt 0.937160 0.301880
vt 0.936860 0.262740
vt 0.942570 0.229250
vt 0.960320 0.209520
vt 0.952350 0.217840
vt 0.817850 0.504070
vt 0.821720 0.486530
vt 0.790820 0.510310
vt 0.780580 0.494810
vt 0.185180 0.606040
vt 0.164620 0.604470
vt 0.167700 0.580670
vt 0.191790 0.586170
vt 0.183190 0.626320
vt 0.163560 0.623130
vt 0.183730 0.653980
vt 0.164250 0.655110
vt 0.187560 0.685150
vt 0.165350 0.690490
vt 0.188810 0.704700
vt 0.166040 0.707260
vt 0.190960 0.737690
vt 0.168100 0.735960
vt 0.190750 0.755840
vt 0.168510 0.752390
vt 0.751210 0.870460
vt 0.733380 0.862840
vt 0.735500 0.831750
vt 0.753910 0.837350
vt 0.744100 0.890420
vt 0.729420 0.883810
vt 0.729620 0.904900
vt 0.721410 0.902320
vt 0.737630 0.815540
vt 0.758680 0.821510
vt 0.337580 0.295640
vt 0.642400 0.448710
vt 0.642490 0.455360
vt 0.720810 0.173970
vt 0.627850 0.137560
vt 0.638090 0.142320
vt 0.646790 0.144220
vt 0.660630 0.149540
vt 0.678580 0.158480
vt 0.691490 0.165870
vt 0.706050 0.170910
vt 0.723510 0.188530
vt 0.713210 0.187620
vt 0.701080 0.184050
vt 0.686760 0.180720
vt 0.661680 0.173520
vt 0.641920 0.167500
vt 0.632880 0.164870
vt 0.624740 0.162290
vt 0.000000 0.145030
vt 0.001470 0.181940
vt 0.007460 0.213990
vt 0.047750 0.000000
vt 0.042640 0.023680
vt 0.025120 0.043350
vt 0.015320 0.065730
vt 0.011830 0.099240
vt 0.010390 0.121170
vt 0.601490 0.245830
vt 0.601900 0.260060
vt 0.604090 0.287760
vt 0.609160 0.321850
vt 0.640500 0.198410
vt 0.674350 0.204990
vt 0.689380 0.207330
vt 0.702080 0.208890
vt 0.715100 0.210020
vt 0.729890 0.210470
vt 0.764420 0.209060
vt 0.601690 0.194620
vt 0.601030 0.229680
vt 0.276820 0.743110
vt 0.243950 0.744480
vt 0.733080 0.668890
vt 0.767780 0.680630
vt 0.683760 0.645170
vt 0.706660 0.652520
vt 0.235840 0.761010
vt 0.209550 0.761940
vt 0.190390 0.757120
vt 0.168290 0.753730
vt 0.727310 0.663350
vt 0.726200 0.664130
vt 0.389360 0.824080
vt 0.406820 0.824720
vt 0.358300 0.824050
vt 0.322300 0.823180
vt 0.881020 0.976880
vt 0.845650 0.971940
vt 0.915870 0.979930
vt 0.899570 0.979510
vt 0.950090 0.976640
vt 0.932190 0.979030
vt 0.985240 0.971250
vt 0.425500 0.826220
vt 0.461230 0.828290
vt 0.316020 0.135660
vt 0.316440 0.129130
vt 0.317510 0.129040
vt 0.308250 0.159290
vt 0.312670 0.141480
vt 0.313620 0.142190
vt 0.303690 0.180120
vt 0.302960 0.174480
vt 0.304080 0.174490
vt 0.308960 0.200700
vt 0.302980 0.185590
vt 0.304100 0.185590
vt 0.397330 0.708800
vt 0.403740 0.703560
vt 0.742040 0.921130
vt 0.735330 0.913360
vt 0.751450 0.936970
vt 0.409170 0.697020
vt 0.416600 0.682020
vt 0.729110 0.905840
vt 0.721180 0.903320
vt 0.320500 0.111250
vt 0.572150 0.006730
vt 0.569190 0.002740
vt 0.571700 0.000000
vt 0.578810 0.001000
vt 0.596200 0.000000
vt 0.596800 0.003340
vt 0.588510 0.006250
vt 0.587550 0.002510
vt 0.009900 0.015740
vt 0.014440 0.008100
vt 0.642720 0.004970
vt 0.642630 0.000000
vt 0.651400 0.000480
vt 0.646380 0.005610
vt 0.729980 0.110140
vt 0.729880 0.109290
vt 0.716380 0.003380
vt 0.716080 0.000000
vt 0.716070 0.000000
vt 0.725080 0.000120
vt 0.725150 0.003970
vt 0.729800 0.106480
vt 0.729600 0.105990
vt 0.639070 0.036830
vt 0.662340 0.020120
vt 0.691450 0.012650
vt 0.624310 0.059970
vt 0.621650 0.067970
vt 0.617330 0.094130
vt 0.618000 0.116000
vt 0.398820 0.355520
vt 0.594890 0.402040
vt 0.644900 0.495750
vt 0.615960 0.131260
vt 0.609580 0.155970
vt 0.256070 0.950410
vt 0.274800 0.949220
vt 0.273320 0.959080
vt 0.253830 0.960740
vt 0.226410 0.951850
vt 0.223980 0.961550
vt 0.209300 0.952960
vt 0.205740 0.962490
vt 0.169750 0.954620
vt 0.186310 0.954150
vt 0.186920 0.963600
vt 0.170280 0.963970
vt 0.141550 0.955930
vt 0.142300 0.966500
vt 0.116040 0.956210
vt 0.117260 0.966680
vt 0.088110 0.957000
vt 0.088860 0.967660
vt 0.070040 0.957670
vt 0.070930 0.968210
vt 0.038850 0.958360
vt 0.039340 0.969140
vt 0.020260 0.958580
vt 0.019750 0.968270
vt 0.018800 0.956380
vt 0.018360 0.970200
vt 0.038830 0.955550
vt 0.018630 0.945630
vt 0.038880 0.944940
vt 0.068240 0.954930
vt 0.068900 0.944450
vt 0.085670 0.954930
vt 0.085850 0.944150
vt 0.114130 0.953960
vt 0.114770 0.943500
vt 0.140660 0.953380
vt 0.140640 0.942680
vt 0.170140 0.951980
vt 0.169500 0.942430
vt 0.186620 0.950650
vt 0.185910 0.940830
vt 0.225540 0.949270
vt 0.209000 0.950200
vt 0.204760 0.941160
vt 0.222010 0.939880
vt 0.255740 0.947600
vt 0.252350 0.937630
vt 0.276160 0.947210
vt 0.272980 0.936820
vt 0.275130 0.961100
vt 0.253830 0.963580
vt 0.223380 0.964240
vt 0.206320 0.965110
vt 0.187730 0.967050
vt 0.170710 0.966700
vt 0.141640 0.969070
vt 0.115490 0.969130
vt 0.086560 0.969810
vt 0.069190 0.971050
vt 0.039370 0.972010
vt 0.809480 0.953330
vt 0.810980 0.963180
vt 0.792240 0.962030
vt 0.789980 0.951700
vt 0.762580 0.960640
vt 0.760130 0.950950
vt 0.745470 0.959560
vt 0.741890 0.950040
vt 0.723070 0.948970
vt 0.722470 0.958410
vt 0.705920 0.957980
vt 0.706430 0.948630
vt 0.677710 0.956710
vt 0.678440 0.946150
vt 0.652200 0.956480
vt 0.653400 0.946010
vt 0.624270 0.955740
vt 0.625000 0.945090
vt 0.606200 0.955110
vt 0.607070 0.944570
vt 0.575010 0.954480
vt 0.575480 0.943690
vt 0.556410 0.954280
vt 0.555890 0.944590
vt 0.554960 0.956490
vt 0.554500 0.942670
vt 0.554810 0.967240
vt 0.574990 0.957280
vt 0.575060 0.967900
vt 0.604410 0.957850
vt 0.605080 0.968330
vt 0.621830 0.957820
vt 0.622040 0.968600
vt 0.650300 0.958740
vt 0.650960 0.969190
vt 0.676820 0.959270
vt 0.676820 0.969970
vt 0.706310 0.960620
vt 0.705690 0.970170
vt 0.722790 0.961920
vt 0.722100 0.971730
vt 0.740950 0.971370
vt 0.745180 0.962320
vt 0.761710 0.963220
vt 0.758200 0.972620
vt 0.791920 0.964840
vt 0.788540 0.974820
vt 0.812330 0.965190
vt 0.809180 0.975590
vt 0.811290 0.951310
vt 0.789970 0.948860
vt 0.759520 0.948260
vt 0.742460 0.947420
vt 0.723870 0.945520
vt 0.706850 0.945890
vt 0.677780 0.943570
vt 0.651630 0.943560
vt 0.622700 0.942940
vt 0.605320 0.941730
vt 0.575500 0.940820
s 1
f 1/1/1 2/2/2 3/3/3
f 3/3/3 4/4/4 1/1/1
f 2/2/2 1/1/1 5/5/5
f 5/5/5 6/6/6 2/2/2
f 7/7/7 8/8/8 6/6/6
f 6/6/6 5/5/5 7/7/7
f 9/9/9 10/10/10 1/1/1
f 1/1/1 4/4/4 9/9/9
f 11/11/11 12/12/9 4/4/4
f 4/4/4 3/3/3 11/11/11
f 13/13/12 11/11/11 3/3/3
f 3/3/3 2/2/2 13/13/12
f 14/14/13 13/13/12 2/2/2
f 2/2/2 6/6/6 14/14/13
f 15/15/14 16/16/15 5/5/5
f 5/5/5 1/1/1 15/15/14
f 17/17/16 18/18/17 8/8/8
f 8/8/8 7/7/7 17/17/16
f 19/19/18 20/20/19 7/7/7
f 7/7/7 5/5/5 19/19/18
f 18/18/17 14/14/13 6/6/6
f 6/6/6 8/8/8 18/18/17
f 21/21/20 22/22/21 23/23/22
f 23/23/22 24/24/23 21/21/20
f 25/25/24 23/23/22 22/22/21
f 22/22/21 26/26/25 25/25/24
f 26/26/25 27/27/26 28/28/27
f 28/28/27 25/25/24 26/26/25
f 23/23/22 29/29/28 30/30/29
f 30/30/29 24/24/23 23/23/22
f 24/24/23 31/31/30 32/32/31
f 32/32/31 21/21/20 24/24/23
f 21/21/20 32/32/31 33/33/32
f 33/33/32 22/22/21 21/21/20
f 22/22/21 33/33/32 34/34/33
f 34/34/33 26/26/25 22/22/21
f 25/25/24 35/35/34 36/36/35
f 36/36/35 23/23/22 25/25/24
f 27/27/26 37/37/36 38/38/37
f 38/38/37 28/28/27 27/27/26
f 28/28/27 39/39/38 40/40/39
f 40/40/39 25/25/24 28/28/27
f 26/26/25 34/34/33 37/37/36
f 37/37/36 27/27/26 26/26/25
f 41/41/40 42/42/41 43/43/42
f 43/43/42 44/44/43 41/41/40
f 44/44/43 43/43/42 45/45/44
f 45/45/44 46/46/45 44/44/43
f 47/47/46 48/48/47 49/49/48
f 49/49/48 50/50/49 47/47/46
f 50/50/49 49/49/48 51/51/50
f 51/51/50 52/52/51 50/50/49
f 52/52/51 51/51/50 53/53/52
f 53/53/52 54/54/53 52/52/51
f 54/54/53 53/53/52 55/55/54
f 55/55/54 56/56/55 54/54/53
f 56/56/55 55/55/54 57/57/56
f 57/57/56 58/58/57 56/56/55
f 58/58/57 57/57/56 59/59/58
f 59/59/58 60/60/59 58/58/57
f 60/60/59 59/59/58 61/61/60
f 61/61/60 62/62/61 60/60/59
f 62/62/61 61/61/60 63/63/62
f 63/63/62 64/64/63 62/62/61
f 64/64/63 63/63/62 65/65/64
f 65/65/64 66/66/65 64/64/63
f 66/66/65 65/65/64 42/42/41
f 42/42/41 41/41/40 66/66/65
f 67/67/66 68/68/67 69/69/68
f 69/69/68 70/70/69 67/67/66
f 70/70/69 69/69/68 71/71/70
f 71/71/70 72/72/71 70/70/69
f 73/73/72 74/74/70 75/75/73
f 75/75/73 76/76/74 73/73/72
f 76/76/74 75/75/73 77/77/75
f 77/77/75 78/78/76 76/76/74
f 78/78/76 77/77/75 79/79/77
f 79/79/77 80/80/78 78/78/76
f 80/80/78 79/79/77 81/81/79
f 81/81/79 82/82/80 80/80/78
f 82/82/80 81/81/79 83/83/81
f 83/83/81 84/84/82 82/82/80
f 84/84/82 83/83/81 85/85/83
f 85/85/83 86/86/84 84/84/82
f 86/86/84 85/85/83 87/87/85
f 87/87/85 88/88/86 86/86/84
f 88/88/86 87/87/85 89/89/87
f 89/89/87 90/90/88 88/88/86
f 90/90/88 89/89/87 91/91/89
f 91/91/89 92/92/90 90/90/88
f 92/92/90 91/91/89 68/68/67
f 68/68/67 67/67/66 92/92/90
f 93/93/91 67/67/66 70/70/69
f 70/70/69 94/94/92 93/93/91
f 94/94/92 70/70/69 72/72/71
f 72/72/71 95/95/93 94/94/92
f 96/96/94 73/73/72 76/76/74
f 76/76/74 97/97/95 96/96/94
f 97/97/95 76/76/74 78/78/76
f 78/78/76 98/98/96 97/97/95
f 98/98/96 78/78/76 80/80/78
f 80/80/78 99/99/97 98/98/96
f 99/99/97 80/80/78 82/82/80
f 82/82/80 100/100/98 99/99/97
f 100/100/98 82/82/80 84/84/82
f 84/84/82 101/101/99 100/100/98
f 101/101/99 84/84/82 86/86/84
f 86/86/84 102/102/100 101/101/99
f 102/102/100 86/86/84 88/88/86
f 88/88/86 103/103/101 102/102/100
f 103/103/101 88/88/86 90/90/88
f 90/90/88 104/104/102 103/103/101
f 104/104/102 90/90/88 92/92/90
f 92/92/90 105/105/103 104/104/102
f 105/105/103 92/92/90 67/67/66
f 67/67/66 93/93/91 105/105/103
f 106/106/104 93/93/91 94/94/92
f 94/94/92 107/107/105 106/106/104
f 107/107/105 94/94/92 95/95/93
f 95/95/93 108/108/106 107/107/105
f 109/109/107 96/96/94 97/97/95
f 97/97/95 110/110/108 109/109/107
f 110/110/108 97/97/95 98/98/96
f 98/98/96 111/111/109 110/110/108
f 111/111/109 98/98/96 99/99/97
f 99/99/97 112/112/110 111/111/109
f 112/112/110 99/99/97 100/100/98
f 100/100/98 113/113/111 112/112/110
f 113/113/111 100/100/98 101/101/99
f 101/101/99 114/114/112 113/113/111
f 114/114/112 101/101/99 102/102/100
f 102/102/100 115/115/113 114/114/112
f 115/115/113 102/102/100 103/103/101
f 103/103/101 116/116/114 115/115/113
f 116/116/114 103/103/101 104/104/102
f 104/104/102 117/117/115 116/116/114
f 117/117/115 104/104/102 105/105/103
f 105/105/103 118/118/116 117/117/115
f 118/118/116 105/105/103 93/93/91
f 93/93/91 106/106/104 118/118/116
f 119/119/117 106/106/104 107/107/105
f 107/107/105 120/120/118 119/119/117
f 120/120/118 107/107/105 108/108/106
f 108/108/106 121/121/119 120/120/118
f 122/122/119 109/109/107 110/110/108
f 110/110/108 123/123/120 122/122/119
f 123/123/120 110/110/108 111/111/109
f 111/111/109 124/124/121 123/123/120
f 124/124/121 111/111/109 112/112/110
f 112/112/110 125/125/122 124/124/121
f 125/125/122 112/112/110 113/113/111
f 113/113/111 126/126/123 125/125/122
f 126/126/123 113/113/111 114/114/112
f 114/114/112 127/127/124 126/126/123
f 127/127/124 114/114/112 115/115/113
f 115/115/113 128/128/125 127/127/124
f 128/128/125 115/115/113 116/116/114
f 116/116/114 129/129/126 128/128/125
f 129/129/126 116/116/114 117/117/115
f 117/117/115 130/130/127 129/129/126
f 130/130/127 117/117/115 118/118/116
f 118/118/116 131/131/128 130/130/127
f 131/131/128 118/118/116 106/106/104
f 106/106/104 119/119/117 131/131/128
f 119/119/117 120/120/118 132/132/129
f 120/120/118 121/121/119 132/132/129
f 122/122/119 123/123/120 132/132/129
f 123/123/120 124/124/121 132/132/129
f 124/124/121 125/125/122 132/132/129
f 125/125/122 126/126/123 132/132/129
f 126/126/123 127/127/124 132/132/129
f 127/127/124 128/128/125 132/132/129
f 128/128/125 129/129/126 132/132/129
f 129/129/126 130/130/127 132/132/129
f 130/130/127 131/131/128 132/132/129
f 131/131/128 119/119/117 132/132/129
f 42/42/41 133/133/130 134/134/131
f 134/134/131 43/43/42 42/42/41
f 44/44/43 69/69/68 68/68/67
f 68/68/67 41/41/40 44/44/43
f 43/43/42 134/134/131 135/135/132
f 135/135/132 45/45/44 43/43/42
f 46/46/45 71/71/70 69/69/68
f 69/69/68 44/44/43 46/46/45
f 48/48/47 136/136/132 137/137/133
f 137/137/133 49/49/48 48/48/47
f 50/50/49 75/75/73 74/74/70
f 74/74/70 47/47/46 50/50/49
f 49/49/48 137/137/133 138/138/134
f 138/138/134 51/51/50 49/49/48
f 52/52/51 77/77/75 75/75/73
f 75/75/73 50/50/49 52/52/51
f 51/51/50 138/138/134 139/139/135
f 139/139/135 53/53/52 51/51/50
f 54/54/53 79/79/77 77/77/75
f 77/77/75 52/52/51 54/54/53
f 53/53/52 139/139/135 140/140/136
f 140/140/136 55/55/54 53/53/52
f 56/56/55 81/81/79 79/79/77
f 79/79/77 54/54/53 56/56/55
f 55/55/54 140/140/136 141/141/137
f 141/141/137 57/57/56 55/55/54
f 58/58/57 83/83/81 81/81/79
f 81/81/79 56/56/55 58/58/57
f 57/57/56 141/141/137 142/142/138
f 142/142/138 59/59/58 57/57/56
f 60/60/59 85/85/83 83/83/81
f 83/83/81 58/58/57 60/60/59
f 59/59/58 142/142/138 143/143/139
f 143/143/139 61/61/60 59/59/58
f 62/62/61 87/87/85 85/85/83
f 85/85/83 60/60/59 62/62/61
f 61/61/60 143/143/139 144/144/140
f 144/144/140 63/63/62 61/61/60
f 64/64/63 89/89/87 87/87/85
f 87/87/85 62/62/61 64/64/63
f 63/63/62 144/144/140 145/145/141
f 145/145/141 65/65/64 63/63/62
f 66/66/65 91/91/89 89/89/87
f 89/89/87 64/64/63 66/66/65
f 65/65/64 145/145/141 133/133/130
f 133/133/130 42/42/41 65/65/64
f 41/41/40 68/68/67 91/91/89
f 91/91/89 66/66/65 41/41/40
f 146/146/142 147/147/143 148/148/144
f 148/148/144 149/149/145 146/146/142
f 146/146/142 150/150/146 151/151/147
f 151/151/147 147/147/143 146/146/142
f 152/152/148 153/153/149 154/154/150
f 154/154/150 155/155/151 152/152/148
f 156/156/152 157/157/153 158/158/154
f 158/158/154 159/159/155 156/156/152
f 160/160/156 148/148/144 161/161/157
f 160/160/156 161/161/157 162/162/158
f 2301/163/159 2896/164/160 2897/165/161
f 163/166/162 164/167/163 146/146/142
f 146/146/142 149/149/145 163/166/162
f 165/168/164 166/169/165 149/149/145
f 149/149/145 148/148/144 165/168/164
f 167/170/166 168/171/167 150/150/146
f 150/150/146 146/146/142 167/170/166
f 169/172/168 170/173/169 151/151/147
f 151/151/147 150/150/146 169/172/168
f 171/174/170 172/175/171 173/176/172
f 173/176/172 174/177/173 171/174/170
f 175/178/174 176/179/175 177/180/176
f 177/180/176 178/181/177 175/178/174
f 179/182/178 180/183/179 181/184/180
f 181/184/180 182/185/181 179/182/178
f 183/186/182 184/187/183 185/188/184
f 185/188/184 186/189/185 183/186/182
f 187/190/186 188/191/187 189/192/188
f 189/192/188 190/193/189 187/190/186
f 191/194/190 189/192/188 188/191/187
f 188/191/187 192/195/191 191/194/190
f 193/196/192 194/197/193 195/198/194
f 195/198/194 196/199/195 193/196/192
f 197/200/196 198/201/197 199/202/198
f 199/202/198 200/203/199 197/200/196
f 182/185/181 201/204/200 202/205/201
f 202/205/201 179/182/178 182/185/181
f 203/206/202 204/207/203 205/208/204
f 190/193/189 185/188/184 184/187/183
f 184/187/183 187/190/186 190/193/189
f 192/195/191 181/184/180 180/183/179
f 180/183/179 191/194/190 192/195/191
f 206/209/205 207/210/206 175/178/174
f 175/178/174 178/181/177 206/209/205
f 204/207/203 208/211/207 205/208/204
f 186/189/185 202/205/201 201/204/200
f 201/204/200 183/186/182 186/189/185
f 209/212/208 210/213/209 180/183/179
f 180/183/179 179/182/178 209/212/208
f 179/182/178 202/205/201 211/214/210
f 211/214/210 209/212/208 179/182/178
f 212/215/211 211/214/210 202/205/201
f 202/205/201 186/189/185 212/215/211
f 186/189/185 185/188/184 213/216/212
f 213/216/212 212/215/211 186/189/185
f 214/217/213 213/216/212 185/188/184
f 185/188/184 190/193/189 214/217/213
f 190/193/189 189/192/188 215/218/214
f 215/218/214 214/217/213 190/193/189
f 216/219/215 215/218/214 189/192/188
f 189/192/188 191/194/190 216/219/215
f 191/194/190 180/183/179 210/213/209
f 210/213/209 216/219/215 191/194/190
f 217/220/216 210/213/209 209/212/208
f 209/212/208 218/221/217 217/220/216
f 209/212/208 211/214/210 198/201/197
f 198/201/197 218/221/217 209/212/208
f 219/222/218 198/201/197 211/214/210
f 211/214/210 212/215/211 219/222/218
f 212/215/211 213/216/212 220/223/219
f 220/223/219 219/222/218 212/215/211
f 221/224/220 220/223/219 213/216/212
f 213/216/212 214/217/213 221/224/220
f 222/225/221 223/226/222 224/227/223
f 224/227/223 225/228/224 222/225/221
f 224/227/223 226/229/225 227/230/226
f 227/230/226 225/228/224 224/227/223
f 178/181/177 177/180/176 203/206/202
f 203/206/202 205/208/204 178/181/177
f 205/208/204 208/211/207 206/209/205
f 206/209/205 178/181/177 205/208/204
f 228/231/227 176/179/175 175/178/174
f 207/210/206 228/231/227 175/178/174
f 229/232/228 230/233/229 217/220/216
f 217/220/216 218/221/217 229/232/228
f 231/234/230 174/177/231 173/176/232
f 173/176/232 232/235/233 231/234/230
f 233/236/234 234/237/235 235/238/236
f 235/238/236 236/239/237 233/236/234
f 226/229/225 234/237/235 233/236/234
f 233/236/234 227/230/226 226/229/225
f 222/225/221 225/228/224 237/240/238
f 237/240/238 238/241/239 222/225/221
f 225/228/224 227/230/226 239/242/240
f 239/242/240 237/240/238 225/228/224
f 227/230/226 233/236/234 240/243/241
f 240/243/241 239/242/240 227/230/226
f 241/244/242 242/245/243 243/246/244
f 243/246/244 244/247/245 241/244/242
f 245/248/246 246/249/247 247/250/248
f 247/250/248 248/251/249 245/248/246
f 249/252/250 250/253/251 174/177/252
f 174/177/252 251/254/253 249/252/250
f 252/255/254 253/256/255 224/227/223
f 224/227/223 223/226/222 252/255/254
f 253/256/255 254/257/256 226/229/225
f 226/229/225 224/227/223 253/256/255
f 255/258/257 256/259/258 257/260/259
f 257/260/259 258/261/260 255/258/257
f 259/262/261 235/238/236 234/237/235
f 234/237/235 260/263/262 259/262/261
f 254/257/256 260/263/262 234/237/235
f 234/237/235 226/229/225 254/257/256
f 261/264/263 262/265/264 263/266/265
f 263/266/265 264/267/266 261/264/263
f 261/264/263 264/267/266 265/268/267
f 265/268/267 266/269/268 261/264/263
f 266/269/268 265/268/267 267/270/269
f 267/270/269 268/271/270 266/269/268
f 236/239/237 257/260/259 269/272/271
f 269/272/271 270/273/272 236/239/237
f 236/239/237 235/238/236 258/261/260
f 258/261/260 257/260/259 236/239/237
f 259/262/261 255/258/257 258/261/260
f 258/261/260 235/238/236 259/262/261
f 271/274/273 272/275/274 230/233/229
f 230/233/229 229/232/228 271/274/273
f 229/232/228 194/197/193 250/253/251
f 250/253/251 273/276/275 229/232/228
f 274/277/276 250/253/251 194/197/193
f 194/197/193 193/196/192 274/277/276
f 243/246/244 242/245/243 246/249/247
f 246/249/247 245/248/246 243/246/244
f 275/278/277 276/279/278 277/280/279
f 277/280/279 278/281/280 275/278/277
f 279/282/281 280/283/282 281/284/283
f 281/284/283 282/285/284 279/282/281
f 174/177/252 250/253/251 274/277/276
f 274/277/276 171/174/285 174/177/252
f 283/286/286 284/287/287 256/259/258
f 256/259/258 255/258/257 283/286/286
f 230/233/229 285/288/288 255/258/257
f 255/258/257 259/262/261 230/233/229
f 259/262/261 260/263/262 217/220/216
f 217/220/216 230/233/229 259/262/261
f 210/213/209 217/220/216 260/263/262
f 260/263/262 254/257/256 210/213/209
f 216/219/215 210/213/209 254/257/256
f 254/257/256 253/256/255 216/219/215
f 215/218/214 216/219/215 253/256/255
f 253/256/255 252/255/254 215/218/214
f 187/190/186 184/187/183 286/289/289
f 286/289/289 287/290/290 187/190/186
f 183/186/182 288/291/291 286/289/289
f 286/289/289 184/187/183 183/186/182
f 183/186/182 201/204/200 289/292/292
f 289/292/292 288/291/291 183/186/182
f 182/185/181 290/293/293 289/292/292
f 289/292/292 201/204/200 182/185/181
f 182/185/181 181/184/180 291/294/294
f 291/294/294 290/293/293 182/185/181
f 192/195/191 292/295/295 291/294/294
f 291/294/294 181/184/180 192/195/191
f 192/195/191 188/191/187 293/296/296
f 293/296/296 292/295/295 192/195/191
f 187/190/186 287/290/290 293/296/296
f 293/296/296 188/191/187 187/190/186
f 294/297/297 295/298/298 296/299/299
f 296/299/299 297/300/300 294/297/297
f 298/301/301 294/297/297 297/300/300
f 297/300/300 299/302/302 298/301/301
f 300/303/303 298/301/301 299/302/302
f 299/302/302 301/304/304 300/303/303
f 302/305/305 300/303/303 301/304/304
f 301/304/304 303/306/306 302/305/305
f 295/298/298 304/307/307 305/308/308
f 305/308/308 296/299/299 295/298/298
f 297/300/300 296/299/299 306/309/309
f 306/309/309 307/310/310 297/300/300
f 299/302/302 297/300/300 307/310/310
f 307/310/310 308/311/311 299/302/302
f 301/304/304 299/302/302 308/311/311
f 308/311/311 309/312/312 301/304/304
f 303/306/306 301/304/304 309/312/312
f 309/312/312 310/313/313 303/306/306
f 296/299/299 305/308/308 311/314/314
f 311/314/314 306/309/309 296/299/299
f 307/310/310 306/309/309 312/315/315
f 312/315/315 313/316/316 307/310/310
f 308/311/311 307/310/310 313/316/316
f 313/316/316 314/317/317 308/311/311
f 309/312/312 308/311/311 314/317/317
f 314/317/317 315/318/318 309/312/312
f 310/313/313 309/312/312 315/318/318
f 315/318/318 316/319/319 310/313/313
f 306/309/309 311/314/314 317/320/320
f 317/320/320 312/315/315 306/309/309
f 313/316/316 312/315/315 318/321/321
f 318/321/321 319/322/322 313/316/316
f 314/317/317 313/316/316 319/322/322
f 319/322/322 320/323/323 314/317/317
f 315/318/318 314/317/317 320/323/323
f 320/323/323 321/324/324 315/318/318
f 316/319/319 315/318/318 321/324/324
f 321/324/324 322/325/325 316/319/319
f 322/325/325 323/326/326 220/223/219
f 220/223/219 316/319/319 322/325/325
f 312/315/315 317/320/320 324/327/327
f 324/327/327 318/321/321 312/315/315
f 325/328/328 326/329/329 327/330/330
f 327/330/330 328/331/331 325/328/328
f 329/332/332 325/328/328 328/331/331
f 328/331/331 330/333/333 329/332/332
f 325/328/328 331/334/334 332/335/335
f 332/335/335 326/329/329 325/328/328
f 333/336/336 331/334/334 325/328/328
f 325/328/328 329/332/332 333/336/336
f 334/337/337 335/338/338 336/339/339
f 336/339/339 337/340/340 334/337/337
f 338/341/341 339/342/342 197/200/196
f 197/200/196 200/203/199 338/341/341
f 198/201/197 219/222/218 340/343/343
f 340/343/343 199/202/198 198/201/197
f 219/222/218 220/223/219 323/326/326
f 323/326/326 340/343/343 219/222/218
f 335/338/338 341/344/344 342/345/345
f 342/345/345 336/339/339 335/338/338
f 337/340/340 336/339/339 343/346/346
f 343/346/346 344/347/347 337/340/340
f 200/203/199 345/348/348 346/349/349
f 346/349/349 338/341/341 200/203/199
f 347/350/350 348/351/351 349/352/352
f 349/352/352 350/353/353 347/350/350
f 348/351/351 332/335/335 331/334/334
f 331/334/334 349/352/352 348/351/351
f 336/339/339 342/345/345 351/354/354
f 351/354/354 343/346/346 336/339/339
f 200/203/199 199/202/198 352/355/355
f 352/355/355 345/348/348 200/203/199
f 316/319/319 220/223/219 221/224/220
f 221/224/220 310/313/313 316/319/319
f 310/313/313 221/224/220 353/356/356
f 353/356/356 303/306/306 310/313/313
f 354/357/357 346/349/349 345/348/348
f 345/348/348 355/358/358 354/357/357
f 350/353/353 349/352/352 356/359/359
f 356/359/359 357/360/360 350/353/353
f 349/352/352 331/334/334 333/336/336
f 333/336/336 356/359/359 349/352/352
f 343/346/346 351/354/354 358/361/361
f 358/361/361 359/362/362 343/346/346
f 345/348/348 352/355/355 360/363/363
f 360/363/363 355/358/358 345/348/348
f 305/308/308 304/307/307 361/364/364
f 361/364/364 362/365/365 305/308/308
f 311/314/314 305/308/308 362/365/365
f 362/365/365 363/366/366 311/314/314
f 317/320/320 311/314/314 363/366/366
f 363/366/366 364/367/367 317/320/320
f 324/327/327 317/320/320 364/367/367
f 364/367/367 365/368/368 324/327/327
f 362/365/365 361/364/364 366/369/369
f 366/369/369 367/370/370 362/365/365
f 363/366/366 362/365/365 367/370/370
f 367/370/370 368/371/371 363/366/366
f 364/367/367 363/366/366 368/371/371
f 368/371/371 369/372/372 364/367/367
f 365/368/368 364/367/367 369/372/372
f 369/372/372 360/363/363 365/368/368
f 368/371/371 367/370/370 370/373/373
f 370/373/373 371/374/374 368/371/371
f 369/372/372 368/371/371 371/374/374
f 371/374/374 372/375/375 369/372/372
f 360/363/363 369/372/372 372/375/375
f 372/375/375 355/358/358 360/363/363
f 303/306/306 353/356/356 373/376/376
f 373/376/376 302/305/305 303/306/306
f 321/324/324 320/323/323 374/377/377
f 374/377/377 375/378/378 321/324/324
f 322/325/325 321/324/324 375/378/378
f 375/378/378 376/379/379 322/325/325
f 319/322/322 318/321/321 377/380/380
f 377/380/380 378/381/381 319/322/322
f 320/323/323 319/322/322 378/381/381
f 378/381/381 374/377/377 320/323/323
f 323/326/326 322/325/325 376/379/379
f 376/379/379 379/382/382 323/326/326
f 318/321/321 324/327/327 380/383/383
f 380/383/383 377/380/380 318/321/321
f 340/343/343 381/384/384 199/202/198
f 199/202/198 382/385/385 352/355/355
f 340/343/343 323/326/326 379/382/382
f 379/382/382 381/384/384 340/343/343
f 360/363/363 352/355/355 382/385/385
f 382/385/385 383/386/386 360/363/363
f 365/368/368 360/363/363 383/386/386
f 383/386/386 384/387/387 365/368/368
f 324/327/327 365/368/368 384/387/387
f 384/387/387 380/383/383 324/327/327
f 375/378/378 374/377/377 328/331/331
f 328/331/331 327/330/330 375/378/378
f 376/379/379 375/378/378 327/330/330
f 327/330/330 326/329/329 376/379/379
f 378/381/381 377/380/380 329/332/332
f 329/332/332 330/333/333 378/381/381
f 374/377/377 378/381/381 330/333/333
f 330/333/333 328/331/331 374/377/377
f 379/382/382 376/379/379 326/329/329
f 326/329/329 332/335/335 379/382/382
f 377/380/380 380/383/383 333/336/336
f 333/336/336 329/332/332 377/380/380
f 199/202/198 381/384/384 348/351/351
f 348/351/351 347/350/350 199/202/198
f 382/385/385 199/202/198 347/350/350
f 347/350/350 350/353/353 382/385/385
f 381/384/384 379/382/382 332/335/335
f 332/335/335 348/351/351 381/384/384
f 383/386/386 382/385/385 350/353/353
f 350/353/353 357/360/360 383/386/386
f 384/387/387 383/386/386 357/360/360
f 357/360/360 356/359/359 384/387/387
f 380/383/383 384/387/387 356/359/359
f 356/359/359 333/336/336 380/383/383
f 218/221/217 198/201/197 197/200/196
f 197/200/196 195/198/194 218/221/217
f 195/198/194 197/200/196 339/342/342
f 339/342/342 196/199/195 195/198/194
f 248/251/249 247/250/248 341/344/344
f 341/344/344 335/338/338 248/251/249
f 385/388/388 248/251/249 335/338/338
f 335/338/338 334/337/337 385/388/388
f 218/221/217 195/198/194 194/197/193
f 194/197/193 229/232/228 218/221/217
f 241/244/389 244/247/390 172/175/171
f 172/175/171 171/174/170 241/244/389
f 171/174/285 274/277/276 242/245/243
f 242/245/243 241/244/242 171/174/285
f 274/277/276 193/196/192 246/249/247
f 246/249/247 242/245/243 274/277/276
f 193/196/192 196/199/195 247/250/248
f 247/250/248 246/249/247 193/196/192
f 196/199/195 339/342/342 341/344/344
f 341/344/344 247/250/248 196/199/195
f 338/341/341 342/345/345 341/344/344
f 341/344/344 339/342/342 338/341/341
f 338/341/341 346/349/349 351/354/354
f 351/354/354 342/345/345 338/341/341
f 354/357/357 358/361/361 351/354/354
f 351/354/354 346/349/349 354/357/357
f 366/369/369 386/389/391 370/373/373
f 370/373/373 367/370/370 366/369/369
f 387/390/392 388/391/393 389/392/394
f 389/392/394 390/393/395 387/390/392
f 391/394/396 392/395/397 393/396/398
f 393/396/398 394/397/399 391/394/396
f 395/398/400 396/399/401 397/400/402
f 397/400/402 398/401/403 395/398/400
f 390/393/395 389/392/394 399/402/404
f 399/402/404 400/403/405 390/393/395
f 401/404/406 402/405/407 403/406/408
f 403/406/408 404/407/409 401/404/406
f 405/408/410 406/409/411 407/410/412
f 407/410/412 408/411/413 405/408/410
f 404/407/409 403/406/408 409/412/414
f 409/412/414 410/413/415 404/407/409
f 411/414/416 405/408/410 408/411/413
f 408/411/413 412/415/417 411/414/416
f 413/416/418 414/417/419 415/418/420
f 415/418/420 416/419/421 413/416/418
f 417/420/422 418/421/423 419/422/424
f 419/422/424 420/423/425 417/420/422
f 400/403/405 399/402/404 421/424/426
f 421/424/426 422/425/427 400/403/405
f 398/401/403 397/400/402 423/426/428
f 423/426/428 424/427/429 398/401/403
f 398/401/403 424/427/429 425/428/430
f 425/428/430 426/429/431 398/401/403
f 426/429/431 425/428/430 427/430/432
f 427/430/432 419/422/424 426/429/431
f 427/430/432 420/423/425 419/422/424
f 424/427/429 423/426/428 428/431/433
f 429/432/434 425/428/430 424/427/429
f 424/427/429 428/431/433 429/432/434
f 430/433/435 427/430/432 425/428/430
f 425/428/430 429/432/434 430/433/435
f 431/434/436 432/435/437 427/430/432
f 429/432/434 428/431/433 433/436/438
f 434/437/439 430/433/435 429/432/434
f 429/432/434 433/436/438 434/437/439
f 435/438/440 436/439/441 430/433/435
f 428/431/433 423/426/428 437/440/442
f 437/440/442 423/426/428 438/441/443
f 438/441/443 439/442/444 437/440/442
f 422/425/427 421/424/426 440/443/445
f 440/443/445 441/444/446 422/425/427
f 442/445/447 433/436/438 428/431/433
f 428/431/433 437/440/442 442/445/447
f 442/445/447 437/440/442 439/442/444
f 439/442/444 443/446/448 442/445/447
f 444/447/449 434/437/439 433/436/438
f 433/436/438 442/445/447 444/447/449
f 444/447/449 442/445/447 443/446/448
f 443/446/448 445/448/450 444/447/449
f 446/449/451 447/450/452 434/437/439
f 444/447/449 448/451/453 449/452/454
f 441/444/446 440/443/445 450/453/455
f 450/453/455 451/454/456 441/444/446
f 439/442/444 438/441/443 452/455/457
f 452/455/457 453/456/458 439/442/444
f 454/457/459 455/458/460 456/459/461
f 456/459/461 457/460/462 454/457/459
f 451/454/456 450/453/455 458/461/463
f 458/461/463 459/462/464 451/454/456
f 439/442/444 453/456/458 460/463/465
f 460/463/465 443/446/448 439/442/444
f 461/464/466 454/457/459 457/460/462
f 457/460/462 462/465/467 461/464/466
f 443/446/448 460/463/465 463/466/468
f 463/466/468 445/448/450 443/446/448
f 464/467/469 461/464/466 462/465/467
f 462/465/467 465/468/470 464/467/469
f 445/448/450 463/466/468 466/469/471
f 466/469/471 448/451/453 445/448/450
f 467/470/472 464/467/469 465/468/470
f 465/468/470 468/471/473 467/470/472
f 459/462/464 458/461/463 469/472/474
f 469/472/474 470/473/475 459/462/464
f 457/460/462 456/459/461 471/474/476
f 471/474/476 472/475/477 457/460/462
f 457/460/462 472/475/477 473/476/478
f 473/476/478 462/465/467 457/460/462
f 462/465/467 473/476/478 474/477/479
f 474/477/479 465/468/470 462/465/467
f 474/477/479 468/471/473 465/468/470
f 473/476/478 472/475/477 475/478/480
f 476/479/481 474/477/479 473/476/478
f 473/476/478 475/478/480 476/479/481
f 477/480/482 478/481/483 474/477/479
f 472/475/477 471/474/476 479/482/484
f 480/483/485 475/478/480 472/475/477
f 472/475/477 479/482/484 480/483/485
f 481/484/486 476/479/481 475/478/480
f 475/478/480 480/483/485 481/484/486
f 482/485/487 483/486/488 476/479/481
f 479/482/484 471/474/476 392/395/397
f 392/395/397 391/394/396 479/482/484
f 484/487/489 485/488/490 388/391/393
f 388/391/393 387/390/392 484/487/489
f 480/483/485 479/482/484 486/489/491
f 486/489/491 479/482/484 391/394/396
f 391/394/396 487/490/492 486/489/491
f 488/491/493 481/484/486 480/483/485
f 480/483/485 486/489/491 488/491/493
f 488/491/493 486/489/491 487/490/492
f 487/490/492 413/416/418 488/491/493
f 489/492/494 490/493/495 481/484/486
f 488/491/493 416/419/421 491/494/496
f 492/495/497 493/496/498 494/497/499
f 494/497/499 495/498/500 492/495/497
f 496/499/501 492/495/497 495/498/500
f 495/498/500 497/500/502 496/499/501
f 498/501/503 499/502/504 500/503/505
f 500/503/505 501/504/506 498/501/503
f 499/502/504 502/505/507 503/506/508
f 503/506/508 500/503/505 499/502/504
f 504/507/509 505/508/510 506/509/511
f 506/509/511 507/510/512 504/507/509
f 508/511/513 504/507/509 507/510/512
f 507/510/512 509/512/514 508/511/513
f 510/513/515 511/514/516 512/515/517
f 512/515/517 513/516/518 510/513/515
f 511/514/516 514/517/519 515/518/520
f 515/518/520 512/515/517 511/514/516
f 516/519/521 517/520/522 518/521/523
f 518/521/523 519/522/524 516/519/521
f 520/523/525 516/519/521 519/522/524
f 519/522/524 521/524/526 520/523/525
f 522/525/527 523/526/528 524/527/529
f 524/527/529 525/528/530 522/525/527
f 523/526/528 526/529/531 527/530/532
f 527/530/532 524/527/529 523/526/528
f 528/531/533 529/532/534 530/533/535
f 530/533/535 531/534/536 528/531/533
f 532/535/537 528/531/533 531/534/536
f 531/534/536 533/536/538 532/535/537
f 534/537/539 535/538/540 536/539/541
f 536/539/541 537/540/542 534/537/539
f 535/538/540 538/541/543 539/542/544
f 539/542/544 536/539/541 535/538/540
f 478/481/483 477/480/482 540/543/545
f 540/543/545 541/544/546 478/481/483
f 468/471/473 478/481/483 541/544/546
f 541/544/546 542/545/547 468/471/473
f 543/546/548 544/547/549 545/548/550
f 545/548/550 546/549/551 543/546/548
f 544/547/549 547/550/552 548/551/553
f 548/551/553 545/548/550 544/547/549
f 467/470/472 468/471/473 542/545/547
f 542/545/547 549/552/554 467/470/472
f 448/451/453 466/469/471 550/553/555
f 550/553/555 551/554/556 448/451/453
f 552/555/557 553/556/558 554/557/559
f 554/557/559 555/558/560 552/555/557
f 543/546/548 546/549/551 556/559/561
f 556/559/561 557/560/562 543/546/548
f 449/452/454 448/451/453 551/554/556
f 551/554/556 558/561/563 449/452/454
f 446/449/451 449/452/454 558/561/563
f 558/561/563 559/562/564 446/449/451
f 560/563/565 561/564/566 562/565/567
f 562/565/567 563/566/568 560/563/565
f 552/555/557 555/558/560 562/565/567
f 562/565/567 561/564/566 552/555/557
f 564/567/569 446/449/451 559/562/564
f 559/562/564 565/568/570 564/567/569
f 477/480/482 566/569/571 567/570/572
f 567/570/572 540/543/545 477/480/482
f 547/550/552 568/571/573 569/572/574
f 569/572/574 548/551/553 547/550/552
f 560/563/565 563/566/568 570/573/575
f 570/573/575 571/574/576 560/563/565
f 483/486/488 482/485/487 572/575/577
f 572/575/577 573/576/578 483/486/488
f 477/480/482 483/486/488 573/576/578
f 573/576/578 574/577/579 477/480/482
f 575/578/580 576/579/581 577/580/582
f 577/580/582 578/581/583 575/578/580
f 576/579/581 579/582/584 580/583/585
f 580/583/585 577/580/582 576/579/581
f 566/569/571 477/480/482 574/577/579
f 574/577/579 581/584/586 566/569/571
f 446/449/451 564/567/569 582/585/587
f 582/585/587 583/586/588 446/449/451
f 447/450/452 446/449/451 583/586/588
f 583/586/588 584/587/589 447/450/452
f 435/438/440 447/450/452 584/587/589
f 584/587/589 585/588/590 435/438/440
f 586/589/591 587/590/592 588/591/593
f 588/591/593 589/592/594 586/589/591
f 590/593/595 591/594/596 588/591/593
f 588/591/593 587/590/592 590/593/595
f 592/595/597 435/438/440 585/588/590
f 585/588/590 593/596/598 592/595/597
f 482/485/487 594/597/599 595/598/600
f 595/598/600 572/575/577 482/485/487
f 579/582/584 596/599/601 597/600/602
f 597/600/602 580/583/585 579/582/584
f 586/589/591 589/592/594 598/601/603
f 598/601/603 599/602/604 586/589/591
f 490/493/495 489/492/494 600/603/605
f 600/603/605 601/604/606 490/493/495
f 482/485/487 490/493/495 601/604/606
f 601/604/606 602/605/607 482/485/487
f 603/606/608 604/607/609 605/608/610
f 605/608/610 606/609/611 603/606/608
f 604/607/609 607/610/612 608/611/613
f 608/611/613 605/608/610 604/607/609
f 594/597/599 482/485/487 602/605/607
f 602/605/607 609/612/614 594/597/599
f 435/438/440 592/595/597 610/613/615
f 610/613/615 611/614/616 435/438/440
f 436/439/441 435/438/440 611/614/616
f 611/614/616 612/615/617 436/439/441
f 431/434/436 436/439/441 612/615/617
f 612/615/617 613/616/618 431/434/436
f 614/617/619 615/618/620 616/619/621
f 616/619/621 617/620/622 614/617/619
f 618/621/623 619/622/624 616/619/621
f 616/619/621 615/618/620 618/621/623
f 620/623/625 431/434/436 613/616/618
f 613/616/618 621/624/626 620/623/625
f 489/492/494 622/625/627 623/626/628
f 623/626/628 600/603/605 489/492/494
f 607/610/612 624/627/629 625/628/630
f 625/628/630 608/611/613 607/610/612
f 614/617/619 617/620/622 626/629/631
f 626/629/631 627/630/632 614/617/619
f 491/494/496 416/419/421 628/631/633
f 628/631/633 629/632/634 491/494/496
f 489/492/494 491/494/496 629/632/634
f 629/632/634 630/633/635 489/492/494
f 631/634/636 632/635/637 633/636/638
f 633/636/638 634/637/639 631/634/636
f 632/635/637 635/638/640 636/639/641
f 636/639/641 633/636/638 632/635/637
f 622/625/627 489/492/494 630/633/635
f 630/633/635 637/640/642 622/625/627
f 431/434/436 620/623/625 638/641/643
f 638/641/643 639/642/644 431/434/436
f 432/435/437 431/434/436 639/642/644
f 639/642/644 640/643/645 432/435/437
f 420/423/425 432/435/437 640/643/645
f 640/643/645 641/644/646 420/423/425
f 642/645/647 643/646/648 644/647/649
f 644/647/649 645/648/650 642/645/647
f 646/649/651 647/650/652 644/647/649
f 644/647/649 643/646/648 646/649/651
f 417/420/422 420/423/425 641/644/646
f 641/644/646 648/651/653 417/420/422
f 416/419/421 415/418/420 649/652/654
f 649/652/654 628/631/633 416/419/421
f 635/638/640 650/653/655 651/654/656
f 651/654/656 636/639/641 635/638/640
f 642/645/647 645/648/650 652/655/657
f 652/655/657 653/656/658 642/645/647
f 575/578/580 578/581/583 654/657/659
f 654/657/659 655/658/660 575/578/580
f 590/593/595 656/659/661 657/660/662
f 657/660/662 591/594/596 590/593/595
f 603/606/608 606/609/611 658/661/663
f 658/661/663 659/662/664 603/606/608
f 618/621/623 660/663/665 661/664/666
f 661/664/666 619/622/624 618/621/623
f 631/634/636 634/637/639 662/665/667
f 662/665/667 663/666/668 631/634/636
f 646/649/651 664/667/669 665/668/670
f 665/668/670 647/650/652 646/649/651
f 666/669/671 667/670/672 668/671/673
f 668/671/673 669/672/674 666/669/671
f 670/673/675 666/669/671 669/672/674
f 669/672/674 671/674/676 670/673/675
f 671/674/676 672/675/677 673/676/678
f 673/676/678 670/673/675 671/674/676
f 674/677/679 675/678/680 676/679/681
f 676/679/681 677/680/682 674/677/679
f 677/680/682 678/681/683 679/682/684
f 679/682/684 674/677/679 677/680/682
f 680/683/685 679/682/684 678/681/683
f 678/681/683 681/684/686 680/683/685
f 681/684/686 682/685/687 683/686/688
f 683/686/688 680/683/685 681/684/686
f 667/670/672 684/687/689 685/688/690
f 685/688/690 668/671/673 667/670/672
f 686/689/691 687/690/692 688/691/693
f 688/691/693 689/692/694 686/689/691
f 690/693/695 686/689/691 689/692/694
f 689/692/694 691/694/696 690/693/695
f 691/694/696 692/695/697 693/696/698
f 693/696/698 690/693/695 691/694/696
f 694/697/699 695/698/700 696/699/701
f 696/699/701 697/700/702 694/697/699
f 697/700/702 698/701/703 699/702/704
f 699/702/704 694/697/699 697/700/702
f 700/703/705 699/702/704 698/701/703
f 698/701/703 701/704/706 700/703/705
f 701/704/706 702/705/707 703/706/708
f 703/706/708 700/703/705 701/704/706
f 687/690/692 704/707/709 705/708/710
f 705/708/710 688/691/693 687/690/692
f 706/709/711 707/710/712 708/711/713
f 708/711/713 709/712/714 706/709/711
f 710/713/715 706/709/711 709/712/714
f 709/712/714 711/714/716 710/713/715
f 711/714/716 712/715/717 713/716/718
f 713/716/718 710/713/715 711/714/716
f 714/717/719 715/718/720 716/719/721
f 716/719/721 717/720/722 714/717/719
f 717/720/722 718/721/723 719/722/724
f 719/722/724 714/717/719 717/720/722
f 720/723/725 719/722/724 718/721/723
f 718/721/723 721/724/726 720/723/725
f 721/724/726 722/725/727 723/726/728
f 723/726/728 720/723/725 721/724/726
f 707/710/712 724/727/729 725/728/730
f 725/728/730 708/711/713 707/710/712
f 726/729/731 727/730/732 728/731/733
f 728/731/733 729/732/734 726/729/731
f 730/733/735 726/729/731 729/732/734
f 729/732/734 731/734/736 730/733/735
f 731/734/736 732/735/737 733/736/738
f 733/736/738 730/733/735 731/734/736
f 734/737/739 735/738/740 736/739/741
f 736/739/741 737/740/742 734/737/739
f 737/740/742 738/741/743 739/742/744
f 739/742/744 734/737/739 737/740/742
f 740/743/745 739/742/744 738/741/743
f 738/741/743 741/744/746 740/743/745
f 741/744/746 742/745/747 743/746/748
f 743/746/748 740/743/745 741/744/746
f 727/730/732 744/747/749 745/748/750
f 745/748/750 728/731/733 727/730/732
f 746/749/751 747/750/752 748/751/753
f 748/751/753 749/752/754 746/749/751
f 750/753/755 746/749/751 749/752/754
f 749/752/754 751/754/756 750/753/755
f 751/754/756 749/752/754 492/495/497
f 492/495/497 496/499/501 751/754/756
f 749/752/754 748/751/753 493/496/498
f 493/496/498 492/495/497 749/752/754
f 752/755/757 750/753/755 751/754/756
f 751/754/756 753/756/758 752/755/757
f 754/757/759 755/758/760 756/759/761
f 756/759/761 757/760/762 754/757/759
f 757/760/762 756/759/761 498/501/503
f 498/501/503 501/504/506 757/760/762
f 753/756/758 751/754/756 496/499/501
f 496/499/501 497/500/502 753/756/758
f 758/761/763 754/757/759 757/760/762
f 757/760/762 759/762/764 758/761/763
f 760/763/765 758/761/763 759/762/764
f 759/762/764 761/764/766 760/763/765
f 761/764/766 759/762/764 500/503/505
f 500/503/505 503/506/508 761/764/766
f 759/762/764 757/760/762 501/504/506
f 501/504/506 500/503/505 759/762/764
f 762/765/767 760/763/765 761/764/766
f 761/764/766 763/766/768 762/765/767
f 747/750/752 764/767/769 765/768/770
f 765/768/770 748/751/753 747/750/752
f 748/751/753 765/768/770 494/497/499
f 494/497/499 493/496/498 748/751/753
f 763/766/768 761/764/766 503/506/508
f 503/506/508 502/505/507 763/766/768
f 766/769/771 767/770/772 768/771/773
f 768/771/773 769/772/774 766/769/771
f 770/773/775 766/769/771 769/772/774
f 769/772/774 771/774/776 770/773/775
f 771/774/776 769/772/774 504/507/509
f 504/507/509 508/511/513 771/774/776
f 769/772/774 768/771/773 505/508/510
f 505/508/510 504/507/509 769/772/774
f 772/775/777 770/773/775 771/774/776
f 771/774/776 773/776/778 772/775/777
f 774/777/779 775/778/780 776/779/781
f 776/779/781 777/780/782 774/777/779
f 777/780/782 776/779/781 510/513/515
f 510/513/515 513/516/518 777/780/782
f 773/776/778 771/774/776 508/511/513
f 508/511/513 509/512/514 773/776/778
f 778/781/783 774/777/779 777/780/782
f 777/780/782 779/782/784 778/781/783
f 780/783/785 778/781/783 779/782/784
f 779/782/784 781/784/786 780/783/785
f 781/784/786 779/782/784 512/515/517
f 512/515/517 515/518/520 781/784/786
f 779/782/784 777/780/782 513/516/518
f 513/516/518 512/515/517 779/782/784
f 782/785/787 780/783/785 781/784/786
f 781/784/786 783/786/788 782/785/787
f 767/770/772 784/787/789 785/788/790
f 785/788/790 768/771/773 767/770/772
f 768/771/773 785/788/790 506/509/511
f 506/509/511 505/508/510 768/771/773
f 783/786/788 781/784/786 515/518/520
f 515/518/520 514/517/519 783/786/788
f 786/789/791 787/790/792 788/791/793
f 788/791/793 789/792/794 786/789/791
f 790/793/795 786/789/791 789/792/794
f 789/792/794 791/794/796 790/793/795
f 791/794/796 789/792/794 516/519/521
f 516/519/521 520/523/525 791/794/796
f 789/792/794 788/791/793 517/520/522
f 517/520/522 516/519/521 789/792/794
f 792/795/797 790/793/795 791/794/796
f 791/794/796 793/796/798 792/795/797
f 794/797/799 795/798/800 796/799/801
f 796/799/801 797/800/802 794/797/799
f 797/800/802 796/799/801 522/525/527
f 522/525/527 525/528/530 797/800/802
f 793/796/798 791/794/796 520/523/525
f 520/523/525 521/524/526 793/796/798
f 798/801/803 794/797/799 797/800/802
f 797/800/802 799/802/804 798/801/803
f 800/803/805 798/801/803 799/802/804
f 799/802/804 801/804/806 800/803/805
f 801/804/806 799/802/804 524/527/529
f 524/527/529 527/530/532 801/804/806
f 799/802/804 797/800/802 525/528/530
f 525/528/530 524/527/529 799/802/804
f 802/805/807 800/803/805 801/804/806
f 801/804/806 803/806/808 802/805/807
f 787/790/792 804/807/809 805/808/810
f 805/808/810 788/791/793 787/790/792
f 788/791/793 805/808/810 518/521/523
f 518/521/523 517/520/522 788/791/793
f 803/806/808 801/804/806 527/530/532
f 527/530/532 526/529/531 803/806/808
f 806/809/811 807/810/812 808/811/813
f 808/811/813 809/812/814 806/809/811
f 810/813/815 806/809/811 809/812/814
f 809/812/814 811/814/816 810/813/815
f 811/814/816 809/812/814 528/531/533
f 528/531/533 532/535/537 811/814/816
f 809/812/814 808/811/813 529/532/534
f 529/532/534 528/531/533 809/812/814
f 812/815/817 810/813/815 811/814/816
f 811/814/816 813/816/818 812/815/817
f 814/817/819 815/818/820 816/819/821
f 816/819/821 817/820/822 814/817/819
f 817/820/822 816/819/821 534/537/539
f 534/537/539 537/540/542 817/820/822
f 813/816/818 811/814/816 532/535/537
f 532/535/537 533/536/538 813/816/818
f 818/821/823 814/817/819 817/820/822
f 817/820/822 819/822/824 818/821/823
f 820/823/825 818/821/823 819/822/824
f 819/822/824 821/824/826 820/823/825
f 821/824/826 819/822/824 536/539/541
f 536/539/541 539/542/544 821/824/826
f 819/822/824 817/820/822 537/540/542
f 537/540/542 536/539/541 819/822/824
f 822/825/827 820/823/825 821/824/826
f 821/824/826 823/826/828 822/825/827
f 807/810/812 824/827/829 825/828/830
f 825/828/830 808/811/813 807/810/812
f 808/811/813 825/828/830 530/533/535
f 530/533/535 529/532/534 808/811/813
f 823/826/828 821/824/826 539/542/544
f 539/542/544 538/541/543 823/826/828
f 391/394/396 826/829/831 827/830/832
f 827/830/832 487/490/492 391/394/396
f 426/429/431 828/831/833 829/832/834
f 829/832/834 398/401/403 426/429/431
f 829/832/834 828/831/833 830/833/835
f 830/833/835 831/834/836 829/832/834
f 395/398/400 398/401/403 829/832/834
f 829/832/834 832/835/837 395/398/400
f 391/394/396 394/397/399 833/836/838
f 833/836/838 826/829/831 391/394/396
f 826/829/831 833/836/838 834/837/839
f 834/837/839 835/838/840 826/829/831
f 832/835/837 829/832/834 831/834/836
f 831/834/836 836/839/841 832/835/837
f 487/490/492 827/830/832 837/840/842
f 837/840/842 413/416/418 487/490/492
f 414/417/419 413/416/418 837/840/842
f 837/840/842 838/841/843 414/417/419
f 419/422/424 418/421/423 839/842/844
f 839/842/844 840/843/845 419/422/424
f 419/422/424 840/843/845 828/831/833
f 828/831/833 426/429/431 419/422/424
f 828/831/833 840/843/845 841/844/846
f 841/844/846 830/833/835 828/831/833
f 842/845/847 827/830/832 826/829/831
f 826/829/831 835/838/840 842/845/847
f 843/846/848 844/847/849 845/848/850
f 845/848/850 846/849/851 843/846/848
f 847/850/852 848/851/853 849/852/854
f 849/852/854 850/853/855 847/850/852
f 844/847/849 851/854/856 852/855/857
f 852/855/857 845/848/850 844/847/849
f 853/856/858 847/850/852 850/853/855
f 850/853/855 854/857/859 853/856/858
f 855/858/860 837/840/842 827/830/832
f 827/830/832 842/845/847 855/858/860
f 843/846/848 846/849/851 856/859/861
f 857/860/862 838/841/843 837/840/842
f 837/840/842 855/858/860 857/860/862
f 841/844/846 840/843/845 839/842/844
f 839/842/844 858/861/863 841/844/846
f 859/862/864 849/852/854 848/851/853
f 860/863/865 861/864/866 862/865/867
f 862/865/867 863/866/868 860/863/865
f 862/865/867 861/864/866 401/404/406
f 401/404/406 404/407/409 862/865/867
f 864/867/869 865/868/870 866/869/871
f 866/869/871 867/870/872 864/867/869
f 866/869/871 865/868/870 408/411/413
f 408/411/413 407/410/412 866/869/871
f 868/871/873 867/870/872 866/869/871
f 866/869/871 869/872/874 868/871/873
f 860/863/865 870/873/875 871/874/876
f 871/874/876 861/864/866 860/863/865
f 861/864/866 871/874/876 402/405/407
f 402/405/407 401/404/406 861/864/866
f 869/872/874 866/869/871 407/410/412
f 407/410/412 406/409/411 869/872/874
f 863/866/868 862/865/867 872/875/877
f 872/875/877 873/876/878 863/866/868
f 872/875/877 862/865/867 404/407/409
f 404/407/409 410/413/415 872/875/877
f 874/877/879 873/876/878 872/875/877
f 872/875/877 875/878/880 874/877/879
f 876/879/881 877/880/882 878/881/883
f 878/881/883 879/882/884 876/879/881
f 879/882/884 878/881/883 411/414/416
f 411/414/416 412/415/417 879/882/884
f 875/878/880 872/875/877 410/413/415
f 410/413/415 409/412/414 875/878/880
f 876/879/881 879/882/884 865/868/870
f 865/868/870 864/867/869 876/879/881
f 865/868/870 879/882/884 412/415/417
f 412/415/417 408/411/413 865/868/870
f 631/634/636 663/666/668 637/640/642
f 637/640/642 630/633/635 631/634/636
f 639/642/644 638/641/643 664/667/669
f 664/667/669 646/649/651 639/642/644
f 646/649/651 643/646/648 640/643/645
f 640/643/645 639/642/644 646/649/651
f 641/644/646 640/643/645 643/646/648
f 643/646/648 642/645/647 641/644/646
f 642/645/647 653/656/658 648/651/653
f 648/651/653 641/644/646 642/645/647
f 628/631/633 649/652/654 650/653/655
f 650/653/655 635/638/640 628/631/633
f 629/632/634 628/631/633 635/638/640
f 635/638/640 632/635/637 629/632/634
f 630/633/635 629/632/634 632/635/637
f 632/635/637 631/634/636 630/633/635
f 730/733/735 733/736/738 662/665/667
f 662/665/667 634/637/639 730/733/735
f 647/650/652 665/668/670 735/738/740
f 735/738/740 734/737/739 647/650/652
f 734/737/739 739/742/744 644/647/649
f 644/647/649 647/650/652 734/737/739
f 645/648/650 644/647/649 739/742/744
f 739/742/744 740/743/745 645/648/650
f 740/743/745 743/746/748 652/655/657
f 652/655/657 645/648/650 740/743/745
f 636/639/641 651/654/656 744/747/749
f 744/747/749 727/730/732 636/639/641
f 633/636/638 636/639/641 727/730/732
f 727/730/732 726/729/731 633/636/638
f 634/637/639 633/636/638 726/729/731
f 726/729/731 730/733/735 634/637/639
f 603/606/608 659/662/664 609/612/614
f 609/612/614 602/605/607 603/606/608
f 611/614/616 610/613/615 660/663/665
f 660/663/665 618/621/623 611/614/616
f 618/621/623 615/618/620 612/615/617
f 612/615/617 611/614/616 618/621/623
f 613/616/618 612/615/617 615/618/620
f 615/618/620 614/617/619 613/616/618
f 614/617/619 627/630/632 621/624/626
f 621/624/626 613/616/618 614/617/619
f 600/603/605 623/626/628 624/627/629
f 624/627/629 607/610/612 600/603/605
f 601/604/606 600/603/605 607/610/612
f 607/610/612 604/607/609 601/604/606
f 602/605/607 601/604/606 604/607/609
f 604/607/609 603/606/608 602/605/607
f 710/713/715 713/716/718 658/661/663
f 658/661/663 606/609/611 710/713/715
f 619/622/624 661/664/666 715/718/720
f 715/718/720 714/717/719 619/622/624
f 714/717/719 719/722/724 616/619/621
f 616/619/621 619/622/624 714/717/719
f 617/620/622 616/619/621 719/722/724
f 719/722/724 720/723/725 617/620/622
f 720/723/725 723/726/728 626/629/631
f 626/629/631 617/620/622 720/723/725
f 608/611/613 625/628/630 724/727/729
f 724/727/729 707/710/712 608/611/613
f 605/608/610 608/611/613 707/710/712
f 707/710/712 706/709/711 605/608/610
f 606/609/611 605/608/610 706/709/711
f 706/709/711 710/713/715 606/609/611
f 575/578/580 655/658/660 581/584/586
f 581/584/586 574/577/579 575/578/580
f 583/586/588 582/585/587 656/659/661
f 656/659/661 590/593/595 583/586/588
f 590/593/595 587/590/592 584/587/589
f 584/587/589 583/586/588 590/593/595
f 585/588/590 584/587/589 587/590/592
f 587/590/592 586/589/591 585/588/590
f 586/589/591 599/602/604 593/596/598
f 593/596/598 585/588/590 586/589/591
f 572/575/577 595/598/600 596/599/601
f 596/599/601 579/582/584 572/575/577
f 573/576/578 572/575/577 579/582/584
f 579/582/584 576/579/581 573/576/578
f 574/577/579 573/576/578 576/579/581
f 576/579/581 575/578/580 574/577/579
f 690/693/695 693/696/698 654/657/659
f 654/657/659 578/581/583 690/693/695
f 591/594/596 657/660/662 695/698/700
f 695/698/700 694/697/699 591/594/596
f 694/697/699 699/702/704 588/591/593
f 588/591/593 591/594/596 694/697/699
f 589/592/594 588/591/593 699/702/704
f 699/702/704 700/703/705 589/592/594
f 700/703/705 703/706/708 598/601/603
f 598/601/603 589/592/594 700/703/705
f 580/583/585 597/600/602 704/707/709
f 704/707/709 687/690/692 580/583/585
f 577/580/582 580/583/585 687/690/692
f 687/690/692 686/689/691 577/580/582
f 578/581/583 577/580/582 686/689/691
f 686/689/691 690/693/695 578/581/583
f 543/546/548 557/560/562 549/552/554
f 549/552/554 542/545/547 543/546/548
f 551/554/556 550/553/555 553/556/558
f 553/556/558 552/555/557 551/554/556
f 552/555/557 561/564/566 558/561/563
f 558/561/563 551/554/556 552/555/557
f 559/562/564 558/561/563 561/564/566
f 561/564/566 560/563/565 559/562/564
f 560/563/565 571/574/576 565/568/570
f 565/568/570 559/562/564 560/563/565
f 540/543/545 567/570/572 568/571/573
f 568/571/573 547/550/552 540/543/545
f 541/544/546 540/543/545 547/550/552
f 547/550/552 544/547/549 541/544/546
f 542/545/547 541/544/546 544/547/549
f 544/547/549 543/546/548 542/545/547
f 670/673/675 673/676/678 556/559/561
f 556/559/561 546/549/551 670/673/675
f 555/558/560 554/557/559 675/678/680
f 675/678/680 674/677/679 555/558/560
f 674/677/679 679/682/684 562/565/567
f 562/565/567 555/558/560 674/677/679
f 563/566/568 562/565/567 679/682/684
f 679/682/684 680/683/685 563/566/568
f 680/683/685 683/686/688 570/573/575
f 570/573/575 563/566/568 680/683/685
f 548/551/553 569/572/574 684/687/689
f 684/687/689 667/670/672 548/551/553
f 545/548/550 548/551/553 667/670/672
f 667/670/672 666/669/671 545/548/550
f 546/549/551 545/548/550 666/669/671
f 666/669/671 670/673/675 546/549/551
f 729/732/734 728/731/733 807/810/812
f 807/810/812 806/809/811 729/732/734
f 728/731/733 745/748/750 824/827/829
f 824/827/829 807/810/812 728/731/733
f 741/744/746 820/823/825 822/825/827
f 822/825/827 742/745/747 741/744/746
f 741/744/746 738/741/743 818/821/823
f 818/821/823 820/823/825 741/744/746
f 737/740/742 814/817/819 818/821/823
f 818/821/823 738/741/743 737/740/742
f 737/740/742 736/739/741 815/818/820
f 815/818/820 814/817/819 737/740/742
f 731/734/736 810/813/815 812/815/817
f 812/815/817 732/735/737 731/734/736
f 731/734/736 729/732/734 806/809/811
f 806/809/811 810/813/815 731/734/736
f 709/712/714 708/711/713 787/790/792
f 787/790/792 786/789/791 709/712/714
f 708/711/713 725/728/730 804/807/809
f 804/807/809 787/790/792 708/711/713
f 721/724/726 800/803/805 802/805/807
f 802/805/807 722/725/727 721/724/726
f 721/724/726 718/721/723 798/801/803
f 798/801/803 800/803/805 721/724/726
f 717/720/722 794/797/799 798/801/803
f 798/801/803 718/721/723 717/720/722
f 717/720/722 716/719/721 795/798/800
f 795/798/800 794/797/799 717/720/722
f 711/714/716 790/793/795 792/795/797
f 792/795/797 712/715/717 711/714/716
f 711/714/716 709/712/714 786/789/791
f 786/789/791 790/793/795 711/714/716
f 689/692/694 688/691/693 767/770/772
f 767/770/772 766/769/771 689/692/694
f 688/691/693 705/708/710 784/787/789
f 784/787/789 767/770/772 688/691/693
f 701/704/706 780/783/785 782/785/787
f 782/785/787 702/705/707 701/704/706
f 701/704/706 698/701/703 778/781/783
f 778/781/783 780/783/785 701/704/706
f 697/700/702 774/777/779 778/781/783
f 778/781/783 698/701/703 697/700/702
f 697/700/702 696/699/701 775/778/780
f 775/778/780 774/777/779 697/700/702
f 691/694/696 770/773/775 772/775/777
f 772/775/777 692/695/697 691/694/696
f 691/694/696 689/692/694 766/769/771
f 766/769/771 770/773/775 691/694/696
f 669/672/674 668/671/673 747/750/752
f 747/750/752 746/749/751 669/672/674
f 668/671/673 685/688/690 764/767/769
f 764/767/769 747/750/752 668/671/673
f 681/684/686 760/763/765 762/765/767
f 762/765/767 682/685/687 681/684/686
f 681/684/686 678/681/683 758/761/763
f 758/761/763 760/763/765 681/684/686
f 677/680/682 754/757/759 758/761/763
f 758/761/763 678/681/683 677/680/682
f 677/680/682 676/679/681 755/758/760
f 755/758/760 754/757/759 677/680/682
f 671/674/676 750/753/755 752/755/757
f 752/755/757 672/675/677 671/674/676
f 671/674/676 669/672/674 746/749/751
f 746/749/751 750/753/755 671/674/676
f 842/845/847 835/838/840 844/847/849
f 844/847/849 843/846/848 842/845/847
f 855/858/860 842/845/847 843/846/848
f 843/846/848 856/859/861 855/858/860
f 857/860/862 855/858/860 856/859/861
f 856/859/861 880/883/885 857/860/862
f 841/844/846 858/861/863 881/884/886
f 881/884/886 859/862/864 841/844/846
f 830/833/835 841/844/846 859/862/864
f 859/862/864 848/851/853 830/833/835
f 831/834/836 830/833/835 848/851/853
f 848/851/853 847/850/852 831/834/836
f 836/839/841 831/834/836 847/850/852
f 847/850/852 853/856/858 836/839/841
f 835/838/840 834/837/839 851/854/856
f 851/854/856 844/847/849 835/838/840
f 860/863/865 863/866/868 846/849/851
f 846/849/851 845/848/850 860/863/865
f 863/866/868 873/876/878 856/859/861
f 856/859/861 846/849/851 863/866/868
f 880/883/885 856/859/861 873/876/878
f 873/876/878 874/877/879 880/883/885
f 859/862/864 881/884/886 877/880/882
f 877/880/882 876/879/881 859/862/864
f 876/879/881 864/867/869 849/852/854
f 849/852/854 859/862/864 876/879/881
f 864/867/869 867/870/872 850/853/855
f 850/853/855 849/852/854 864/867/869
f 854/857/859 850/853/855 867/870/872
f 867/870/872 868/871/873 854/857/859
f 845/848/850 852/855/857 870/873/875
f 870/873/875 860/863/865 845/848/850
f 431/434/436 430/433/435 436/439/441
f 431/434/436 427/430/432 430/433/435
f 435/438/440 430/433/435 434/437/439
f 435/438/440 434/437/439 447/450/452
f 427/430/432 432/435/437 420/423/425
f 446/449/451 434/437/439 444/447/449
f 446/449/451 444/447/449 449/452/454
f 444/447/449 445/448/450 448/451/453
f 474/477/479 478/481/483 468/471/473
f 477/480/482 474/477/479 476/479/481
f 477/480/482 476/479/481 483/486/488
f 482/485/487 476/479/481 481/484/486
f 482/485/487 481/484/486 490/493/495
f 489/492/494 481/484/486 488/491/493
f 489/492/494 488/491/493 491/494/496
f 488/491/493 413/416/418 416/419/421
f 882/885/887 883/886/888 884/887/889
f 884/887/889 885/888/890 882/885/887
f 883/886/888 886/889/891 887/890/892
f 887/890/892 884/887/889 883/886/888
f 888/891/893 886/889/891 889/892/894
f 889/892/894 890/893/895 888/891/893
f 891/894/896 888/891/893 890/893/895
f 890/893/895 892/895/897 891/894/896
f 893/896/898 891/894/896 892/895/897
f 892/895/897 894/897/899 893/896/898
f 895/898/900 896/899/901 897/900/902
f 897/900/902 898/901/903 895/898/900
f 899/902/904 895/898/900 898/901/903
f 898/901/903 900/903/905 899/902/904
f 882/885/887 899/902/904 900/903/905
f 900/903/905 901/904/906 882/885/887
f 883/886/888 882/885/887 901/904/906
f 901/904/906 902/905/907 883/886/888
f 886/889/891 883/886/888 902/905/907
f 902/905/907 889/892/894 886/889/891
f 890/893/895 889/892/894 903/906/908
f 903/906/908 904/907/909 890/893/895
f 892/895/897 890/893/895 904/907/909
f 904/907/909 905/908/910 892/895/897
f 894/897/899 892/895/897 905/908/910
f 905/908/910 906/909/911 894/897/899
f 898/901/903 897/900/902 907/910/912
f 907/910/912 908/911/913 898/901/903
f 900/903/905 898/901/903 908/911/913
f 908/911/913 909/912/914 900/903/905
f 901/904/906 900/903/905 909/912/914
f 909/912/914 910/913/915 901/904/906
f 902/905/907 901/904/906 910/913/915
f 910/913/915 911/914/916 902/905/907
f 889/892/894 902/905/907 911/914/916
f 911/914/916 903/906/908 889/892/894
f 912/915/917 913/916/918 914/917/919
f 914/917/919 915/918/920 912/915/917
f 916/919/921 912/915/917 915/918/920
f 915/918/920 917/920/922 916/919/921
f 918/921/923 916/919/921 917/920/922
f 917/920/922 919/922/924 918/921/923
f 920/923/925 921/924/926 922/925/927
f 922/925/927 923/926/928 920/923/925
f 924/927/929 920/923/925 923/926/928
f 923/926/928 925/928/930 924/927/929
f 926/929/931 924/927/929 925/928/930
f 925/928/930 927/930/932 926/929/931
f 928/931/933 926/929/931 927/930/932
f 927/930/932 929/932/934 928/931/933
f 913/916/918 928/931/933 929/932/934
f 929/932/934 914/917/919 913/916/918
f 930/933/935 931/934/936 932/935/937
f 932/935/937 933/936/938 930/933/935
f 934/937/939 930/933/935 933/936/938
f 933/936/938 935/938/940 934/937/939
f 936/939/941 934/937/939 935/938/940
f 935/938/940 937/940/942 936/939/941
f 938/941/943 939/942/944 940/943/945
f 940/943/945 941/944/946 938/941/943
f 942/945/947 938/941/943 941/944/946
f 941/944/946 943/946/948 942/945/947
f 944/947/949 942/945/947 943/946/948
f 943/946/948 945/948/950 944/947/949
f 946/949/951 944/947/949 945/948/950
f 945/948/950 947/950/952 946/949/951
f 931/934/936 946/949/951 947/950/952
f 947/950/952 932/935/937 931/934/936
f 933/936/938 932/935/937 948/951/953
f 948/951/953 949/952/954 933/936/938
f 935/938/940 933/936/938 949/952/954
f 949/952/954 950/953/955 935/938/940
f 937/940/942 935/938/940 950/953/955
f 950/953/955 951/954/956 937/940/942
f 941/944/946 940/943/945 952/955/957
f 952/955/957 953/956/958 941/944/946
f 943/946/948 941/944/946 953/956/958
f 953/956/958 954/957/959 943/946/948
f 945/948/950 943/946/948 954/957/959
f 954/957/959 955/958/960 945/948/950
f 947/950/952 945/948/950 955/958/960
f 955/958/960 956/959/961 947/950/952
f 932/935/937 947/950/952 956/959/961
f 956/959/961 948/951/953 932/935/937
f 949/952/954 948/951/953 957/960/962
f 957/960/962 958/961/963 949/952/954
f 950/953/955 949/952/954 958/961/963
f 958/961/963 959/962/964 950/953/955
f 951/954/956 950/953/955 959/962/964
f 959/962/964 960/963/965 951/954/956
f 953/956/958 952/955/957 961/964/966
f 961/964/966 962/965/967 953/956/958
f 954/957/959 953/956/958 962/965/967
f 962/965/967 963/966/968 954/957/959
f 955/958/960 954/957/959 963/966/968
f 963/966/968 964/967/969 955/958/960
f 956/959/961 955/958/960 964/967/969
f 964/967/969 965/968/970 956/959/961
f 948/951/953 956/959/961 965/968/970
f 965/968/970 957/960/962 948/951/953
f 958/961/963 957/960/962 966/969/971
f 966/969/971 967/970/972 958/961/963
f 959/962/964 958/961/963 967/970/972
f 967/970/972 968/971/973 959/962/964
f 960/963/965 959/962/964 968/971/973
f 968/971/973 969/972/974 960/963/965
f 962/965/967 961/964/966 970/973/975
f 970/973/975 971/974/976 962/965/967
f 963/966/968 962/965/967 971/974/976
f 971/974/976 972/975/977 963/966/968
f 964/967/969 963/966/968 972/975/977
f 972/975/977 973/976/978 964/967/969
f 965/968/970 964/967/969 973/976/978
f 973/976/978 974/977/979 965/968/970
f 957/960/962 965/968/970 974/977/979
f 974/977/979 966/969/971 957/960/962
f 975/978/980 976/979/981 977/980/982
f 977/980/982 978/981/983 975/978/980
f 979/982/984 978/981/983 977/980/982
f 977/980/982 980/983/985 979/982/984
f 981/984/986 979/982/984 980/983/985
f 980/983/985 982/985/987 981/984/986
f 983/986/988 984/987/989 985/988/990
f 985/988/990 986/989/991 983/986/988
f 987/990/992 988/991/993 989/992/994
f 989/992/994 990/993/995 987/990/992
f 991/994/996 992/995/997 993/996/998
f 993/996/998 994/997/999 991/994/996
f 995/998/1000 994/997/999 993/996/998
f 993/996/998 996/999/1001 995/998/1000
f 997/1000/1002 998/1001/1003 999/1002/1004
f 999/1002/1004 1000/1003/1005 997/1000/1002
f 976/979/981 1001/1004/1006 1002/1005/1007
f 1002/1005/1007 977/980/982 976/979/981
f 980/983/985 977/980/982 1002/1005/1007
f 1002/1005/1007 1003/1006/1008 980/983/985
f 982/985/987 980/983/985 1003/1006/1008
f 1003/1006/1008 1004/1007/1009 982/985/987
f 986/989/991 985/988/990 1005/1008/1010
f 1005/1008/1010 1006/1009/1011 986/989/991
f 988/991/993 1007/1010/1012 1008/1011/1013
f 1008/1011/1013 989/992/994 988/991/993
f 992/995/997 1009/1012/1014 1010/1013/1015
f 1010/1013/1015 993/996/998 992/995/997
f 996/999/1001 993/996/998 1010/1013/1015
f 1010/1013/1015 1011/1014/1016 996/999/1001
f 1000/1003/1005 999/1002/1004 1012/1015/1017
f 1012/1015/1017 1013/1016/1018 1000/1003/1005
f 1001/1004/1006 1014/1017/1019 1015/1018/1020
f 1015/1018/1020 1002/1005/1007 1001/1004/1006
f 1003/1006/1008 1002/1005/1007 1015/1018/1020
f 1015/1018/1020 1016/1019/1021 1003/1006/1008
f 1004/1007/1009 1003/1006/1008 1016/1019/1021
f 1016/1019/1021 1017/1020/1022 1004/1007/1009
f 1006/1009/1011 1005/1008/1010 1018/1021/1023
f 1018/1021/1024 1019/1022/1025 1006/1009/1011
f 1007/1010/1012 1020/1023/1026 1021/1024/1027
f 1021/1024/1027 1008/1011/1013 1007/1010/1012
f 1009/1012/1014 1022/1025/1028 1023/1026/1029
f 1023/1026/1029 1010/1013/1015 1009/1012/1014
f 1011/1014/1016 1010/1013/1015 1023/1026/1029
f 1023/1026/1029 1024/1027/1030 1011/1014/1016
f 1013/1016/1018 1012/1015/1017 1025/1028/1031
f 1025/1028/1032 1026/1029/1033 1013/1016/1018
f 1027/1030/1034 1028/1031/1035 1029/1032/1036
f 1029/1032/1036 1030/1033/1037 1027/1030/1034
f 1031/1034/1038 1030/1033/1037 1029/1032/1036
f 1029/1032/1036 1032/1035/1039 1031/1034/1038
f 1033/1036/1040 1031/1034/1038 1032/1035/1039
f 1032/1035/1039 1034/1037/1041 1033/1036/1040
f 1035/1038/1042 1036/1039/1043 1037/1040/1044
f 1037/1040/1044 1038/1041/1045 1035/1038/1042
f 1039/1042/1046 1040/1043/1047 1041/1044/1048
f 1041/1044/1048 1042/1045/1049 1039/1042/1046
f 1043/1046/1050 1044/1047/1051 1045/1048/1052
f 1045/1048/1052 1046/1049/1053 1043/1046/1050
f 1047/1050/1054 1046/1049/1053 1045/1048/1052
f 1045/1048/1052 1048/1051/1055 1047/1050/1054
f 1049/1052/1056 1050/1053/1057 1051/1054/1058
f 1051/1054/1058 1052/1055/1059 1049/1052/1056
f 1053/1056/1060 1054/1057/1061 1055/1058/1062
f 1055/1058/1062 1056/1059/1063 1053/1056/1060
f 1057/1060/1064 1056/1059/1063 1055/1058/1062
f 1055/1058/1062 1058/1061/1065 1057/1060/1064
f 1059/1062/1066 1057/1060/1064 1058/1061/1065
f 1058/1061/1065 1060/1063/1067 1059/1062/1066
f 1061/1064/1068 1062/1065/1069 1063/1066/1070
f 1063/1066/1070 1064/1067/1071 1061/1064/1068
f 1065/1068/1072 1066/1069/1073 1067/1070/1074
f 1067/1070/1074 1068/1071/1075 1065/1068/1072
f 1069/1072/1076 1070/1073/1077 1071/1074/1078
f 1071/1074/1078 1072/1075/1079 1069/1072/1076
f 1073/1076/1080 1072/1075/1079 1071/1074/1078
f 1071/1074/1078 1074/1077/1081 1073/1076/1080
f 1075/1078/1082 1076/1079/1083 1077/1080/1084
f 1077/1080/1084 1078/1081/1085 1075/1078/1082
f 1054/1057/1061 1079/1082/1086 1080/1083/1087
f 1080/1083/1087 1055/1058/1062 1054/1057/1061
f 1058/1061/1065 1055/1058/1062 1080/1083/1087
f 1080/1083/1087 1081/1084/1088 1058/1061/1065
f 1060/1063/1067 1058/1061/1065 1081/1084/1088
f 1081/1084/1088 1082/1085/1089 1060/1063/1067
f 1064/1067/1071 1063/1066/1070 1083/1086/1090
f 1083/1086/1090 1084/1087/1091 1064/1067/1071
f 1066/1069/1073 1085/1088/1092 1086/1089/1093
f 1086/1089/1093 1067/1070/1074 1066/1069/1073
f 1070/1073/1077 1087/1090/1094 1088/1091/1095
f 1088/1091/1095 1071/1074/1078 1070/1073/1077
f 1074/1077/1081 1071/1074/1078 1088/1091/1095
f 1088/1091/1095 1089/1092/1096 1074/1077/1081
f 1078/1081/1085 1077/1080/1084 1090/1093/1097
f 1090/1093/1097 1091/1094/1098 1078/1081/1085
f 1079/1082/1086 1092/1095/1099 1093/1096/1100
f 1093/1096/1100 1080/1083/1087 1079/1082/1086
f 1081/1084/1088 1080/1083/1087 1093/1096/1100
f 1093/1096/1100 1094/1097/1101 1081/1084/1088
f 1082/1085/1089 1081/1084/1088 1094/1097/1101
f 1094/1097/1101 1095/1098/1102 1082/1085/1089
f 1084/1087/1091 1083/1086/1090 1096/1099/1103
f 1096/1099/1103 1097/1100/1104 1084/1087/1091
f 1085/1088/1092 1098/1101/1105 1099/1102/1106
f 1099/1102/1106 1086/1089/1093 1085/1088/1092
f 1087/1090/1094 1100/1103/1107 1101/1104/1108
f 1101/1104/1108 1088/1091/1095 1087/1090/1094
f 1089/1092/1096 1088/1091/1095 1101/1104/1108
f 1101/1104/1108 1102/1105/1109 1089/1092/1096
f 1091/1094/1098 1090/1093/1097 1103/1106/1110
f 1103/1106/1110 1104/1107/1111 1091/1094/1098
f 1105/1108/1112 1106/1109/1113 1107/1110/1114
f 1107/1110/1114 1108/1111/1115 1105/1108/1112
f 1109/1112/1116 1108/1111/1115 1107/1110/1114
f 1107/1110/1114 1110/1113/1117 1109/1112/1116
f 1111/1114/1118 1109/1112/1116 1110/1113/1117
f 1110/1113/1117 1112/1115/1119 1111/1114/1118
f 1113/1116/1120 1114/1117/1121 1115/1118/1122
f 1115/1118/1122 1116/1119/1123 1113/1116/1120
f 1117/1120/1124 1118/1121/1125 1119/1122/1126
f 1119/1122/1126 1120/1123/1127 1117/1120/1124
f 1121/1124/1128 1122/1125/1129 1123/1126/1130
f 1123/1126/1130 1124/1127/1131 1121/1124/1128
f 1125/1128/1132 1126/1129/1133 1127/1130/1134
f 1127/1130/1134 1128/1131/1135 1125/1128/1132
f 1028/1031/1035 1053/1056/1060 1056/1059/1063
f 1056/1059/1063 1029/1032/1036 1028/1031/1035
f 1032/1035/1039 1029/1032/1036 1056/1059/1063
f 1056/1059/1063 1057/1060/1064 1032/1035/1039
f 1034/1037/1041 1032/1035/1039 1057/1060/1064
f 1057/1060/1064 1059/1062/1066 1034/1037/1041
f 1038/1041/1045 1037/1040/1044 1062/1065/1069
f 1062/1065/1069 1061/1064/1068 1038/1041/1045
f 1040/1043/1047 1065/1068/1072 1068/1071/1075
f 1068/1071/1075 1041/1044/1048 1040/1043/1047
f 1044/1047/1051 1069/1072/1076 1072/1075/1079
f 1072/1075/1079 1045/1048/1052 1044/1047/1051
f 1048/1051/1055 1045/1048/1052 1072/1075/1079
f 1072/1075/1079 1073/1076/1080 1048/1051/1055
f 1052/1055/1059 1051/1054/1058 1076/1079/1083
f 1076/1079/1083 1075/1078/1082 1052/1055/1059
f 1129/1132/1136 1027/1030/1034 1030/1033/1037
f 1030/1033/1037 1130/1133/1137 1129/1132/1136
f 1131/1134/1138 1130/1133/1137 1030/1033/1037
f 1030/1033/1037 1031/1034/1038 1131/1134/1138
f 1132/1135/1139 1131/1134/1138 1031/1034/1038
f 1031/1034/1038 1033/1036/1040 1132/1135/1139
f 1133/1136/1140 1134/1137/1141 1036/1039/1043
f 1036/1039/1043 1035/1038/1042 1133/1136/1140
f 1135/1138/1142 1039/1042/1046 1042/1045/1049
f 1042/1045/1049 1136/1139/1143 1135/1138/1142
f 1137/1140/1144 1043/1046/1050 1046/1049/1053
f 1046/1049/1053 1138/1141/1145 1137/1140/1144
f 1139/1142/1146 1138/1141/1145 1046/1049/1053
f 1046/1049/1053 1047/1050/1054 1139/1142/1146
f 1140/1143/1147 1141/1144/1148 1050/1053/1057
f 1050/1053/1057 1049/1052/1056 1140/1143/1147
f 1092/1095/1099 1105/1108/1112 1108/1111/1115
f 1108/1111/1115 1093/1096/1100 1092/1095/1099
f 1094/1097/1101 1093/1096/1100 1108/1111/1115
f 1108/1111/1115 1109/1112/1116 1094/1097/1101
f 1095/1098/1102 1094/1097/1101 1109/1112/1116
f 1109/1112/1116 1111/1114/1118 1095/1098/1102
f 1097/1100/1104 1096/1099/1103 1114/1117/1121
f 1114/1117/1121 1113/1116/1120 1097/1100/1104
f 1098/1101/1105 1117/1120/1124 1120/1123/1127
f 1120/1123/1127 1099/1102/1106 1098/1101/1105
f 1100/1103/1107 1121/1124/1128 1124/1127/1131
f 1124/1127/1131 1101/1104/1108 1100/1103/1107
f 1104/1107/1111 1103/1106/1110 1126/1129/1133
f 1126/1129/1133 1125/1128/1132 1104/1107/1111
f 1142/1145/1149 1143/1146/1150 1144/1147/1151
f 1144/1147/1151 1145/1148/1152 1142/1145/1149
f 1146/1149/1153 1145/1148/1152 1144/1147/1151
f 1144/1147/1151 1147/1150/1154 1146/1149/1153
f 1148/1151/1155 1149/1152/1156 1150/1153/1157
f 1150/1153/1157 1151/1154/1158 1148/1151/1155
f 1152/1155/1159 1151/1154/1158 1150/1153/1157
f 1150/1153/1157 1153/1156/1160 1152/1155/1159
f 1154/1157/1161 1155/1158/1162 1156/1159/1163
f 1156/1159/1163 1157/1160/1164 1154/1157/1161
f 1143/1146/1150 1158/1161/1165 1159/1162/1166
f 1159/1162/1166 1144/1147/1151 1143/1146/1150
f 1147/1150/1154 1144/1147/1151 1159/1162/1166
f 1159/1162/1166 1160/1163/1167 1147/1150/1154
f 1149/1152/1156 1161/1164/1168 1162/1165/1169
f 1162/1165/1169 1150/1153/1157 1149/1152/1156
f 1153/1156/1160 1150/1153/1157 1162/1165/1169
f 1162/1165/1169 1163/1166/1170 1153/1156/1160
f 1157/1160/1164 1156/1159/1163 1164/1167/1171
f 1164/1167/1171 1165/1168/1172 1157/1160/1164
f 1158/1161/1165 1166/1169/1173 1167/1170/1174
f 1167/1170/1174 1159/1162/1166 1158/1161/1165
f 1160/1163/1167 1159/1162/1166 1167/1170/1174
f 1167/1170/1174 1168/1171/1175 1160/1163/1167
f 1161/1164/1168 1169/1172/1176 1170/1173/1177
f 1170/1173/1177 1162/1165/1169 1161/1164/1168
f 1163/1166/1170 1162/1165/1169 1170/1173/1177
f 1170/1173/1177 1171/1174/1178 1163/1166/1170
f 1165/1168/1172 1164/1167/1171 1172/1175/1179
f 1172/1175/1179 1173/1176/1180 1165/1168/1172
f 1166/1169/1173 1174/1177/1181 1175/1178/1182
f 1175/1178/1182 1167/1170/1174 1166/1169/1173
f 1168/1171/1175 1167/1170/1174 1175/1178/1182
f 1175/1178/1182 1176/1179/1183 1168/1171/1175
f 1169/1172/1176 1177/1180/1184 1178/1181/1185
f 1178/1181/1185 1170/1173/1177 1169/1172/1176
f 1171/1174/1178 1170/1173/1177 1178/1181/1185
f 1178/1181/1185 1179/1182/1186 1171/1174/1178
f 1173/1176/1180 1172/1175/1179 1180/1183/1187
f 1180/1183/1187 1181/1184/1188 1173/1176/1180
f 1174/1177/1181 1182/1185/1189 1183/1186/1190
f 1183/1186/1190 1175/1178/1182 1174/1177/1181
f 1176/1179/1183 1175/1178/1182 1183/1186/1190
f 1183/1186/1190 1184/1187/1191 1185/1188/1192
f 1183/1186/1190 1185/1188/1192 1176/1179/1183
f 1177/1180/1184 1186/1189/1193 1187/1190/1194
f 1187/1190/1194 1178/1181/1185 1177/1180/1184
f 1179/1182/1186 1178/1181/1185 1187/1190/1194
f 1187/1190/1194 1188/1191/1195 1179/1182/1186
f 1181/1184/1188 1180/1183/1187 1189/1192/1196
f 1189/1192/1196 1190/1193/1197 1181/1184/1188
f 1182/1185/1189 1191/1194/1198 1192/1195/1199
f 1192/1195/1199 1183/1186/1190 1182/1185/1189
f 1184/1187/1191 1183/1186/1190 1192/1195/1199
f 1192/1195/1199 1193/1196/1200 1184/1187/1191
f 1186/1189/1193 1194/1197/1201 1195/1198/1202
f 1195/1198/1202 1187/1190/1194 1186/1189/1193
f 1188/1191/1195 1187/1190/1194 1195/1198/1202
f 1195/1198/1202 1196/1199/1203 1188/1191/1195
f 1190/1193/1197 1189/1192/1196 1197/1200/1204
f 1197/1200/1205 1198/1201/1206 1190/1193/1197
f 1191/1194/1198 1199/1202/1207 1200/1203/1208
f 1200/1203/1208 1192/1195/1199 1191/1194/1198
f 1193/1196/1200 1192/1195/1199 1200/1203/1208
f 1200/1203/1208 1201/1204/1209 1193/1196/1200
f 1194/1197/1201 1202/1205/1210 1203/1206/1211
f 1203/1206/1211 1195/1198/1202 1194/1197/1201
f 1204/1207/1212 1205/1208/1213 1206/1209/1214
f 1206/1209/1214 1207/1210/1215 1204/1207/1212
f 1208/1211/1216 1209/1212/1217 1210/1213/1218
f 1210/1213/1218 1211/1214/1219 1208/1211/1216
f 1212/1215/1220 1213/1216/1221 1214/1217/1222
f 1214/1217/1222 1215/1218/1223 1212/1215/1220
f 1216/1219/1224 1215/1218/1223 1214/1217/1222
f 1214/1217/1222 1217/1220/1225 1216/1219/1224
f 1218/1221/1226 1219/1222/1227 1220/1223/1228
f 1220/1223/1228 1221/1224/1229 1218/1221/1226
f 1213/1216/1221 1222/1225/1230 1223/1226/1231
f 1223/1226/1231 1214/1217/1222 1213/1216/1221
f 1217/1220/1225 1214/1217/1222 1223/1226/1231
f 1223/1226/1231 1224/1227/1232 1217/1220/1225
f 1219/1222/1227 1225/1228/1233 1226/1229/1234
f 1226/1229/1234 1220/1223/1228 1219/1222/1227
f 1227/1230/1235 1220/1223/1228 1226/1229/1234
f 1226/1229/1234 1228/1231/1236 1227/1230/1235
f 1229/1232/1237 1230/1233/1238 1231/1234/1239
f 1231/1234/1239 1232/1235/1240 1229/1232/1237
f 1222/1225/1230 1233/1236/1241 1234/1237/1242
f 1234/1237/1242 1223/1226/1231 1222/1225/1230
f 1224/1227/1232 1223/1226/1231 1234/1237/1242
f 1234/1237/1242 1235/1238/1243 1224/1227/1232
f 1225/1228/1233 1236/1239/1244 1237/1240/1245
f 1237/1240/1245 1226/1229/1234 1225/1228/1233
f 1228/1231/1236 1226/1229/1234 1237/1240/1245
f 1237/1240/1245 1238/1241/1246 1228/1231/1236
f 1232/1235/1240 1231/1234/1239 1239/1242/1247
f 1239/1242/1248 1240/1243/1249 1232/1235/1240
f 1241/1244/1250 1242/1245/1251 1243/1246/1252
f 1243/1246/1252 1244/1247/1253 1241/1244/1250
f 1245/1248/1254 1244/1247/1253 1243/1246/1252
f 1243/1246/1255 1246/1249/1256 1245/1248/1257
f 1247/1250/1258 1248/1251/1259 1249/1252/1260
f 1249/1252/1260 1250/1253/1261 1247/1250/1258
f 1251/1254/1262 1252/1255/1263 1253/1256/1264
f 1253/1256/1264 1254/1257/1265 1251/1254/1262
f 1255/1258/1266 1256/1259/1267 1257/1260/1268
f 1257/1260/1268 1258/1261/1269 1255/1258/1266
f 1259/1262/1270 1218/1221/1226 1221/1224/1229
f 1221/1224/1229 1206/1209/1214 1259/1262/1270
f 1260/1263/1271 1212/1215/1220 1215/1218/1223
f 1215/1218/1223 1261/1264/1272 1260/1263/1271
f 1262/1265/1273 1261/1264/1272 1215/1218/1223
f 1215/1218/1223 1216/1219/1224 1262/1265/1273
f 1263/1266/1274 1264/1267/1275 1230/1233/1238
f 1230/1233/1238 1229/1232/1237 1263/1266/1274
f 1265/1268/1276 1266/1269/1277 1220/1223/1228
f 1220/1223/1228 1227/1230/1235 1265/1268/1276
f 1266/1269/1277 1267/1270/1278 1221/1224/1229
f 1221/1224/1229 1220/1223/1228 1266/1269/1277
f 1267/1270/1278 1268/1271/1279 1206/1209/1214
f 1206/1209/1214 1221/1224/1229 1267/1270/1278
f 1268/1271/1279 1269/1272/1280 1207/1210/1215
f 1207/1210/1215 1206/1209/1214 1268/1271/1279
f 1270/1273/1281 1271/1274/1282 1211/1214/1219
f 1211/1214/1219 1210/1213/1218 1270/1273/1281
f 1271/1274/1282 1272/1275/1283 1273/1276/1284
f 1273/1276/1284 1211/1214/1219 1271/1274/1282
f 1272/1275/1283 1263/1266/1274 1229/1232/1237
f 1229/1232/1237 1273/1276/1284 1272/1275/1283
f 915/918/920 914/917/919 931/934/936
f 931/934/936 930/933/935 915/918/920
f 917/920/922 915/918/920 930/933/935
f 930/933/935 934/937/939 917/920/922
f 919/922/924 917/920/922 934/937/939
f 934/937/939 936/939/941 919/922/924
f 923/926/928 922/925/927 939/942/944
f 939/942/944 938/941/943 923/926/928
f 925/928/930 923/926/928 938/941/943
f 938/941/943 942/945/947 925/928/930
f 927/930/932 925/928/930 942/945/947
f 942/945/947 944/947/949 927/930/932
f 929/932/934 927/930/932 944/947/949
f 944/947/949 946/949/951 929/932/934
f 914/917/919 929/932/934 946/949/951
f 946/949/951 931/934/936 914/917/919
f 904/907/909 903/906/908 913/916/918
f 913/916/918 912/915/917 904/907/909
f 905/908/910 904/907/909 912/915/917
f 912/915/917 916/919/921 905/908/910
f 906/909/911 905/908/910 916/919/921
f 916/919/921 918/921/923 906/909/911
f 908/911/913 907/910/912 921/924/926
f 921/924/926 920/923/925 908/911/913
f 909/912/914 908/911/913 920/923/925
f 920/923/925 924/927/929 909/912/914
f 910/913/915 909/912/914 924/927/929
f 924/927/929 926/929/931 910/913/915
f 911/914/916 910/913/915 926/929/931
f 926/929/931 928/931/933 911/914/916
f 903/906/908 911/914/916 928/931/933
f 928/931/933 913/916/918 903/906/908
f 1274/1277/1285 1254/1257/1265 1253/1256/1264
f 1253/1256/1264 1275/1278/1286 1274/1277/1285
f 1276/1279/1287 1124/1127/1131 1123/1126/1130
f 1123/1126/1130 1277/1280/1288 1276/1279/1287
f 1276/1279/1287 1102/1105/1109 1101/1104/1108
f 1101/1104/1108 1124/1127/1131 1276/1279/1287
f 1278/1281/1289 1279/1282/1290 1280/1283/1291
f 1280/1283/1291 1281/1284/1292 1278/1281/1289
f 1282/1285/1293 1283/1286/1294 1284/1287/1295
f 1284/1287/1295 1285/1288/1296 1282/1285/1293
f 1282/1285/1293 1286/1289/1297 1287/1290/1298
f 1287/1290/1298 1283/1286/1294 1282/1285/1293
f 1288/1291/1299 1289/1292/1300 1290/1293/1301
f 1290/1293/1301 1291/1294/1302 1288/1291/1299
f 1292/1295/1303 1293/1296/1304 1294/1297/1305
f 1294/1297/1305 1295/1298/1306 1292/1295/1303
f 1296/1299/1307 1297/1300/1308 1298/1301/1309
f 1298/1301/1309 1299/1302/1310 1296/1299/1307
f 1300/1303/1311 1301/1304/1312 1302/1305/1313
f 1302/1305/1313 1303/1306/1314 1300/1303/1311
f 1280/1283/1291 1279/1282/1290 1304/1307/1315
f 1304/1307/1315 1305/1308/1316 1280/1283/1291
f 1284/1287/1295 1283/1286/1294 1306/1309/1317
f 1306/1309/1317 1307/1310/1318 1284/1287/1295
f 1283/1286/1294 1287/1290/1298 1308/1311/1319
f 1308/1311/1319 1306/1309/1317 1283/1286/1294
f 1309/1312/1320 1310/1313/1321 1294/1297/1305
f 1294/1297/1305 1293/1296/1304 1309/1312/1320
f 1299/1302/1310 1298/1301/1309 1311/1314/1322
f 1311/1314/1322 1312/1315/1323 1299/1302/1310
f 1303/1306/1314 1302/1305/1313 1313/1316/1324
f 1313/1316/1324 1314/1317/1325 1303/1306/1314
f 1290/1293/1301 1289/1292/1300 1315/1318/1326
f 1315/1318/1326 1316/1319/1327 1290/1293/1301
f 998/1001/1003 997/1000/1002 1317/1320/1328
f 1317/1320/1328 1318/1321/1329 998/1001/1003
f 994/997/999 995/998/1000 1319/1322/1330
f 1319/1322/1330 1320/1323/1331 994/997/999
f 991/994/996 994/997/999 1320/1323/1331
f 1320/1323/1331 1321/1324/1332 991/994/996
f 987/990/992 990/993/995 1322/1325/1333
f 1322/1325/1333 1323/1326/1334 987/990/992
f 984/987/989 983/986/988 1324/1327/1335
f 1324/1327/1335 1325/1328/1336 984/987/989
f 979/982/984 981/984/986 1326/1329/1337
f 1326/1329/1337 1327/1330/1338 979/982/984
f 978/981/983 979/982/984 1327/1330/1338
f 1327/1330/1338 1328/1331/1339 978/981/983
f 975/978/980 978/981/983 1328/1331/1339
f 1328/1331/1339 1329/1332/1340 975/978/980
f 1286/1289/1297 1330/1333/1341 1331/1334/1342
f 1331/1334/1342 1332/1335/1343 1286/1289/1297
f 1286/1289/1297 1332/1335/1343 1333/1336/1344
f 1333/1336/1344 1287/1290/1298 1286/1289/1297
f 1334/1337/1345 1335/1338/1346 1336/1339/1347
f 1336/1339/1347 1337/1340/1348 1334/1337/1345
f 1338/1341/1349 1339/1342/1350 1340/1343/1351
f 1340/1343/1351 1341/1344/1352 1338/1341/1349
f 1339/1342/1350 1291/1294/1302 1342/1345/1353
f 1342/1345/1353 1340/1343/1351 1339/1342/1350
f 1343/1346/1354 1342/1345/1353 1291/1294/1302
f 1291/1294/1302 1290/1293/1301 1343/1346/1354
f 1308/1311/1319 1287/1290/1298 1333/1336/1344
f 1333/1336/1344 1344/1347/1355 1308/1311/1319
f 1290/1293/1301 1316/1319/1327 1345/1348/1356
f 1345/1348/1356 1343/1346/1354 1290/1293/1301
f 1332/1335/1343 1331/1334/1342 1346/1349/1357
f 1346/1349/1357 1295/1298/1306 1332/1335/1343
f 1337/1340/1348 1336/1339/1347 1347/1350/1358
f 1347/1350/1358 1348/1351/1359 1337/1340/1348
f 1341/1344/1352 1340/1343/1351 1349/1352/1360
f 1349/1352/1360 1350/1353/1361 1341/1344/1352
f 1340/1343/1351 1342/1345/1353 1351/1354/1362
f 1351/1354/1362 1349/1352/1360 1340/1343/1351
f 1333/1336/1344 1332/1335/1343 1295/1298/1306
f 1295/1298/1306 1294/1297/1305 1333/1336/1344
f 1342/1345/1353 1343/1346/1354 1352/1355/1363
f 1352/1355/1363 1351/1354/1362 1342/1345/1353
f 1344/1347/1355 1333/1336/1344 1294/1297/1305
f 1294/1297/1305 1310/1313/1321 1344/1347/1355
f 1343/1346/1354 1345/1348/1356 1353/1356/1364
f 1353/1356/1364 1352/1355/1363 1343/1346/1354
f 1354/1357/1365 1292/1295/1303 1295/1298/1306
f 1295/1298/1306 1346/1349/1357 1354/1357/1365
f 1350/1353/1361 1349/1352/1360 1300/1303/1311
f 1300/1303/1311 1355/1358/1366 1350/1353/1361
f 1351/1354/1362 1301/1304/1312 1300/1303/1311
f 1300/1303/1311 1349/1352/1360 1351/1354/1362
f 1351/1354/1362 1352/1355/1363 1302/1305/1313
f 1302/1305/1313 1301/1304/1312 1351/1354/1362
f 1353/1356/1364 1313/1316/1324 1302/1305/1313
f 1302/1305/1313 1352/1355/1363 1353/1356/1364
f 1356/1359/1367 1357/1360/1368 1358/1361/1369
f 1358/1361/1369 1359/1362/1370 1356/1359/1367
f 1360/1363/1371 1356/1359/1367 1359/1362/1370
f 1359/1362/1370 1361/1364/1372 1360/1363/1371
f 1362/1365/1373 1360/1363/1371 1361/1364/1372
f 1361/1364/1372 1363/1366/1374 1362/1365/1373
f 1364/1367/1375 1362/1365/1373 1363/1366/1374
f 1363/1366/1374 1365/1368/1376 1364/1367/1375
f 1366/1369/1377 1364/1367/1375 1365/1368/1376
f 1367/1370/1378 1368/1371/1379 1369/1372/1380
f 1369/1372/1380 1370/1373/1381 1367/1370/1378
f 1371/1374/1382 1366/1369/1377 1365/1368/1376
f 1365/1368/1376 1372/1375/1383 1371/1374/1382
f 1365/1368/1376 1363/1366/1374 1373/1376/1384
f 1373/1376/1384 1372/1375/1383 1365/1368/1376
f 1363/1366/1374 1361/1364/1372 1374/1377/1385
f 1374/1377/1385 1373/1376/1384 1363/1366/1374
f 1361/1364/1372 1359/1362/1370 1375/1378/1386
f 1375/1378/1386 1374/1377/1385 1361/1364/1372
f 1359/1362/1370 1358/1361/1369 1376/1379/1387
f 1376/1379/1387 1375/1378/1386 1359/1362/1370
f 1369/1372/1380 1368/1371/1379 1377/1380/1388
f 1377/1380/1388 1378/1381/1389 1369/1372/1380
f 1348/1351/1359 1347/1350/1358 1297/1300/1308
f 1297/1300/1308 1296/1299/1307 1348/1351/1359
f 1300/1303/1311 1303/1306/1314 1379/1382/1390
f 1379/1382/1390 1355/1358/1366 1300/1303/1311
f 1303/1306/1314 1314/1317/1325 1380/1383/1391
f 1380/1383/1391 1379/1382/1390 1303/1306/1314
f 1354/1357/1365 1381/1384/1392 1293/1296/1304
f 1293/1296/1304 1292/1295/1303 1354/1357/1365
f 1381/1384/1392 1382/1385/1393 1309/1312/1320
f 1309/1312/1320 1293/1296/1304 1381/1384/1392
f 1370/1373/1381 1369/1372/1380 1358/1361/1369
f 1358/1361/1369 1357/1360/1368 1370/1373/1381
f 1369/1372/1380 1378/1381/1389 1376/1379/1387
f 1376/1379/1387 1358/1361/1369 1369/1372/1380
f 1383/1386/1394 1384/1387/1395 1385/1388/1396
f 1385/1388/1396 1386/1389/1397 1383/1386/1394
f 1384/1387/1395 1387/1390/1398 1388/1391/1399
f 1388/1391/1399 1385/1388/1396 1384/1387/1395
f 1387/1390/1398 1389/1392/1400 1390/1393/1401
f 1390/1393/1401 1388/1391/1399 1387/1390/1398
f 1389/1392/1400 1391/1394/1402 1392/1395/1403
f 1392/1395/1403 1390/1393/1401 1389/1392/1400
f 1391/1394/1402 1393/1396/1404 1394/1397/1405
f 1394/1397/1405 1392/1395/1403 1391/1394/1402
f 1393/1396/1404 1395/1398/1406 1396/1399/1407
f 1396/1399/1407 1394/1397/1405 1393/1396/1404
f 1395/1398/1406 1397/1400/1408 1398/1401/1409
f 1398/1401/1409 1396/1399/1407 1395/1398/1406
f 1399/1402/1410 1400/1403/1411 1401/1404/1412
f 1401/1404/1412 1402/1405/1413 1399/1402/1410
f 1400/1403/1411 1403/1406/1414 1404/1407/1415
f 1404/1407/1415 1401/1404/1412 1400/1403/1411
f 1403/1406/1414 1405/1408/1416 1406/1409/1417
f 1406/1409/1417 1404/1407/1415 1403/1406/1414
f 1407/1410/1418 1399/1402/1410 1402/1405/1413
f 1402/1405/1413 1408/1411/1419 1407/1410/1418
f 1118/1121/1125 1247/1250/1258 1250/1253/1261
f 1250/1253/1261 1119/1122/1126 1118/1121/1125
f 1122/1125/1129 1251/1254/1262 1254/1257/1265
f 1254/1257/1265 1123/1126/1130 1122/1125/1129
f 1277/1280/1288 1123/1126/1130 1254/1257/1265
f 1254/1257/1265 1274/1277/1285 1277/1280/1288
f 1128/1131/1135 1127/1130/1134 1256/1259/1267
f 1256/1259/1267 1255/1258/1266 1128/1131/1135
f 1106/1109/1113 1241/1244/1250 1244/1247/1253
f 1244/1247/1253 1107/1110/1114 1106/1109/1113
f 1110/1113/1117 1107/1110/1114 1244/1247/1253
f 1110/1113/1117 1244/1247/1253 1245/1248/1254
f 1245/1248/1420 1409/1412/1421 1110/1113/1117
f 1118/1121/1125 1116/1119/1123 1410/1413/1422
f 1118/1121/1125 1410/1413/1422 1411/1414/1423
f 1411/1414/1423 1247/1250/1258 1118/1121/1125
f 1117/1120/1124 1113/1116/1120 1116/1119/1123
f 1116/1119/1123 1118/1121/1125 1117/1120/1124
f 1098/1101/1105 1097/1100/1104 1113/1116/1120
f 1113/1116/1120 1117/1120/1124 1098/1101/1105
f 1085/1088/1092 1084/1087/1091 1097/1100/1104
f 1097/1100/1104 1098/1101/1105 1085/1088/1092
f 1066/1069/1073 1064/1067/1071 1084/1087/1091
f 1084/1087/1091 1085/1088/1092 1066/1069/1073
f 1065/1068/1072 1061/1064/1068 1064/1067/1071
f 1064/1067/1071 1066/1069/1073 1065/1068/1072
f 1040/1043/1047 1038/1041/1045 1061/1064/1068
f 1061/1064/1068 1065/1068/1072 1040/1043/1047
f 1039/1042/1046 1035/1038/1042 1038/1041/1045
f 1038/1041/1045 1040/1043/1047 1039/1042/1046
f 1135/1138/1142 1133/1136/1140 1035/1038/1042
f 1035/1038/1042 1039/1042/1046 1135/1138/1142
f 1007/1010/1012 1006/1009/1011 1019/1022/1025
f 1019/1022/1025 1020/1023/1026 1007/1010/1012
f 988/991/993 986/989/991 1006/1009/1011
f 1006/1009/1011 1007/1010/1012 988/991/993
f 987/990/992 983/986/988 986/989/991
f 986/989/991 988/991/993 987/990/992
f 987/990/992 1323/1326/1334 1324/1327/1335
f 1324/1327/1335 983/986/988 987/990/992
f 1334/1337/1345 1337/1340/1348 1331/1334/1342
f 1331/1334/1342 1330/1333/1341 1334/1337/1345
f 1337/1340/1348 1348/1351/1359 1346/1349/1357
f 1346/1349/1357 1331/1334/1342 1337/1340/1348
f 1348/1351/1359 1296/1299/1307 1354/1357/1365
f 1354/1357/1365 1346/1349/1357 1348/1351/1359
f 1296/1299/1307 1299/1302/1310 1381/1384/1392
f 1381/1384/1392 1354/1357/1365 1296/1299/1307
f 1299/1302/1310 1312/1315/1323 1382/1385/1393
f 1382/1385/1393 1381/1384/1392 1299/1302/1310
f 1225/1228/1233 1404/1407/1415 1406/1409/1417
f 1406/1409/1417 1236/1239/1244 1225/1228/1233
f 1219/1222/1227 1401/1404/1412 1404/1407/1415
f 1404/1407/1415 1225/1228/1233 1219/1222/1227
f 1218/1221/1226 1402/1405/1413 1401/1404/1412
f 1401/1404/1412 1219/1222/1227 1218/1221/1226
f 1259/1262/1270 1408/1411/1419 1402/1405/1413
f 1402/1405/1413 1218/1221/1226 1259/1262/1270
f 1194/1197/1201 1396/1399/1407 1398/1401/1409
f 1398/1401/1409 1202/1205/1210 1194/1197/1201
f 1186/1189/1193 1394/1397/1405 1396/1399/1407
f 1396/1399/1407 1194/1197/1201 1186/1189/1193
f 1177/1180/1184 1392/1395/1403 1394/1397/1405
f 1394/1397/1405 1186/1189/1193 1177/1180/1184
f 1169/1172/1176 1390/1393/1401 1392/1395/1403
f 1392/1395/1403 1177/1180/1184 1169/1172/1176
f 1161/1164/1168 1388/1391/1399 1390/1393/1401
f 1390/1393/1401 1169/1172/1176 1161/1164/1168
f 1149/1152/1156 1385/1388/1396 1388/1391/1399
f 1388/1391/1399 1161/1164/1168 1149/1152/1156
f 1148/1151/1155 1386/1389/1397 1385/1388/1396
f 1385/1388/1396 1149/1152/1156 1148/1151/1155
f 1251/1254/1262 1250/1253/1261 1249/1252/1260
f 1249/1252/1260 1252/1255/1263 1251/1254/1262
f 1122/1125/1129 1119/1122/1126 1250/1253/1261
f 1250/1253/1261 1251/1254/1262 1122/1125/1129
f 1121/1124/1128 1120/1123/1127 1119/1122/1126
f 1119/1122/1126 1122/1125/1129 1121/1124/1128
f 1100/1103/1107 1099/1102/1106 1120/1123/1127
f 1120/1123/1127 1121/1124/1128 1100/1103/1107
f 1087/1090/1094 1086/1089/1093 1099/1102/1106
f 1099/1102/1106 1100/1103/1107 1087/1090/1094
f 1070/1073/1077 1067/1070/1074 1086/1089/1093
f 1086/1089/1093 1087/1090/1094 1070/1073/1077
f 1069/1072/1076 1068/1071/1075 1067/1070/1074
f 1067/1070/1074 1070/1073/1077 1069/1072/1076
f 1044/1047/1051 1041/1044/1048 1068/1071/1075
f 1068/1071/1075 1069/1072/1076 1044/1047/1051
f 1043/1046/1050 1042/1045/1049 1041/1044/1048
f 1041/1044/1048 1044/1047/1051 1043/1046/1050
f 1137/1140/1144 1136/1139/1143 1042/1045/1049
f 1042/1045/1049 1043/1046/1050 1137/1140/1144
f 1009/1012/1014 1008/1011/1013 1021/1024/1027
f 1021/1024/1027 1022/1025/1028 1009/1012/1014
f 992/995/997 989/992/994 1008/1011/1013
f 1008/1011/1013 1009/1012/1014 992/995/997
f 991/994/996 990/993/995 989/992/994
f 989/992/994 992/995/997 991/994/996
f 991/994/996 1321/1324/1332 1322/1325/1333
f 1322/1325/1333 990/993/995 991/994/996
f 1338/1341/1349 1341/1344/1352 1336/1339/1347
f 1336/1339/1347 1335/1338/1346 1338/1341/1349
f 1341/1344/1352 1350/1353/1361 1347/1350/1358
f 1347/1350/1358 1336/1339/1347 1341/1344/1352
f 1350/1353/1361 1355/1358/1366 1297/1300/1308
f 1297/1300/1308 1347/1350/1358 1350/1353/1361
f 1355/1358/1366 1379/1382/1390 1298/1301/1309
f 1298/1301/1309 1297/1300/1308 1355/1358/1366
f 1379/1382/1390 1380/1383/1391 1311/1314/1322
f 1311/1314/1322 1298/1301/1309 1379/1382/1390
f 1222/1225/1230 1232/1235/1240 1240/1243/1249
f 1240/1243/1249 1233/1236/1241 1222/1225/1230
f 1213/1216/1221 1229/1232/1237 1232/1235/1240
f 1232/1235/1240 1222/1225/1230 1213/1216/1221
f 1212/1215/1220 1273/1276/1284 1229/1232/1237
f 1229/1232/1237 1213/1216/1221 1212/1215/1220
f 1260/1263/1271 1211/1214/1219 1273/1276/1284
f 1273/1276/1284 1212/1215/1220 1260/1263/1271
f 1182/1185/1189 1190/1193/1197 1198/1201/1206
f 1198/1201/1206 1191/1194/1198 1182/1185/1189
f 1174/1177/1181 1181/1184/1188 1190/1193/1197
f 1190/1193/1197 1182/1185/1189 1174/1177/1181
f 1166/1169/1173 1173/1176/1180 1181/1184/1188
f 1181/1184/1188 1174/1177/1181 1166/1169/1173
f 1158/1161/1165 1165/1168/1172 1173/1176/1180
f 1173/1176/1180 1166/1169/1173 1158/1161/1165
f 1143/1146/1150 1157/1160/1164 1165/1168/1172
f 1165/1168/1172 1158/1161/1165 1143/1146/1150
f 1142/1145/1149 1154/1157/1161 1157/1160/1164
f 1157/1160/1164 1143/1146/1150 1142/1145/1149
f 1241/1244/1250 1255/1258/1266 1258/1261/1269
f 1258/1261/1269 1242/1245/1251 1241/1244/1250
f 1106/1109/1113 1128/1131/1135 1255/1258/1266
f 1255/1258/1266 1241/1244/1250 1106/1109/1113
f 1105/1108/1112 1125/1128/1132 1128/1131/1135
f 1128/1131/1135 1106/1109/1113 1105/1108/1112
f 1092/1095/1099 1104/1107/1111 1125/1128/1132
f 1125/1128/1132 1105/1108/1112 1092/1095/1099
f 1079/1082/1086 1091/1094/1098 1104/1107/1111
f 1104/1107/1111 1092/1095/1099 1079/1082/1086
f 1054/1057/1061 1078/1081/1085 1091/1094/1098
f 1091/1094/1098 1079/1082/1086 1054/1057/1061
f 1053/1056/1060 1075/1078/1082 1078/1081/1085
f 1078/1081/1085 1054/1057/1061 1053/1056/1060
f 1028/1031/1035 1052/1055/1059 1075/1078/1082
f 1075/1078/1082 1053/1056/1060 1028/1031/1035
f 1027/1030/1034 1049/1052/1056 1052/1055/1059
f 1052/1055/1059 1028/1031/1035 1027/1030/1034
f 1129/1132/1136 1140/1143/1147 1049/1052/1056
f 1049/1052/1056 1027/1030/1034 1129/1132/1136
f 1001/1004/1006 1013/1016/1018 1026/1029/1033
f 1026/1029/1033 1014/1017/1019 1001/1004/1006
f 976/979/981 1000/1003/1005 1013/1016/1018
f 1013/1016/1018 1001/1004/1006 976/979/981
f 975/978/980 997/1000/1002 1000/1003/1005
f 1000/1003/1005 976/979/981 975/978/980
f 975/978/980 1329/1332/1340 1317/1320/1328
f 1317/1320/1328 997/1000/1002 975/978/980
f 1281/1284/1292 1280/1283/1291 1289/1292/1300
f 1289/1292/1300 1288/1291/1299 1281/1284/1292
f 1280/1283/1291 1305/1308/1316 1315/1318/1326
f 1315/1318/1326 1289/1292/1300 1280/1283/1291
f 1412/1415/1424 359/362/362 1413/1416/1425
f 1413/1416/1425 1414/1417/1426 1412/1415/1424
f 370/373/373 386/389/391 1415/1418/1427
f 1415/1418/1427 1416/1419/1428 370/373/373
f 371/374/374 370/373/373 1416/1419/1428
f 1416/1419/1428 1417/1420/1429 371/374/374
f 372/375/375 371/374/374 1417/1420/1429
f 1417/1420/1429 1418/1421/1430 372/375/375
f 355/358/358 372/375/375 1418/1421/1430
f 1418/1421/1430 1419/1422/1431 355/358/358
f 354/357/357 355/358/358 1419/1422/1431
f 1419/1422/1431 1420/1423/1432 354/357/357
f 358/361/361 354/357/357 1420/1423/1432
f 1420/1423/1432 1421/1424/1433 358/361/361
f 359/362/362 358/361/361 1421/1424/1433
f 1421/1424/1433 1413/1416/1425 359/362/362
f 1414/1417/1426 1413/1416/1425 1422/1425/1434
f 1422/1425/1434 1423/1426/1435 1414/1417/1426
f 1413/1416/1425 1421/1424/1433 1424/1427/1436
f 1424/1427/1436 1422/1425/1434 1413/1416/1425
f 1421/1424/1433 1420/1423/1432 1425/1428/1437
f 1425/1428/1437 1424/1427/1436 1421/1424/1433
f 1420/1423/1432 1419/1422/1431 1426/1429/1438
f 1426/1429/1438 1425/1428/1437 1420/1423/1432
f 1419/1422/1431 1418/1421/1430 1427/1430/1439
f 1427/1430/1439 1426/1429/1438 1419/1422/1431
f 1418/1421/1430 1417/1420/1429 1428/1431/1440
f 1428/1431/1440 1427/1430/1439 1418/1421/1430
f 1417/1420/1429 1416/1419/1428 1429/1432/1441
f 1429/1432/1441 1428/1431/1440 1417/1420/1429
f 1416/1419/1428 1415/1418/1427 1430/1433/1442
f 1430/1433/1442 1429/1432/1441 1416/1419/1428
f 252/255/254 263/266/265 262/265/264
f 262/265/264 215/218/214 252/255/254
f 252/255/254 223/226/222 264/267/266
f 264/267/266 263/266/265 252/255/254
f 265/268/267 264/267/266 223/226/222
f 223/226/222 222/225/221 265/268/267
f 262/265/264 221/224/220 214/217/213
f 214/217/213 215/218/214 262/265/264
f 261/264/263 353/356/356 221/224/220
f 221/224/220 262/265/264 261/264/263
f 261/264/263 266/269/268 373/376/376
f 373/376/376 353/356/356 261/264/263
f 968/971/973 967/970/972 1431/1434/1443
f 1431/1434/1443 1432/1435/1444 968/971/973
f 969/972/974 968/971/973 1432/1435/1444
f 1432/1435/1444 1433/1436/1445 969/972/974
f 971/974/976 970/973/975 1434/1437/1446
f 1434/1437/1446 1435/1438/1447 971/974/976
f 972/975/977 971/974/976 1435/1438/1447
f 1435/1438/1447 1436/1439/1448 972/975/977
f 973/976/978 972/975/977 1436/1439/1448
f 1436/1439/1448 1437/1440/1449 973/976/978
f 974/977/979 973/976/978 1437/1440/1449
f 1437/1440/1449 1438/1441/1450 974/977/979
f 966/969/971 974/977/979 1438/1441/1450
f 1438/1441/1450 1439/1442/1451 966/969/971
f 967/970/972 966/969/971 1439/1442/1451
f 1439/1442/1451 1431/1434/1443 967/970/972
f 1440/1443/1452 1441/1444/1453 1129/1132/1136
f 1129/1132/1136 1130/1133/1137 1440/1443/1452
f 1442/1445/1454 1440/1443/1452 1130/1133/1137
f 1130/1133/1137 1131/1134/1138 1442/1445/1454
f 1443/1446/1455 1442/1445/1454 1131/1134/1138
f 1131/1134/1138 1132/1135/1139 1443/1446/1455
f 1444/1447/1456 1445/1448/1457 1134/1137/1141
f 1134/1137/1141 1133/1136/1140 1444/1447/1456
f 1446/1449/1458 1447/1450/1459 1135/1138/1142
f 1135/1138/1142 1136/1139/1143 1446/1449/1458
f 1448/1451/1460 1449/1452/1461 1137/1140/1144
f 1137/1140/1144 1138/1141/1145 1448/1451/1460
f 1450/1453/1462 1448/1451/1460 1138/1141/1145
f 1138/1141/1145 1139/1142/1146 1450/1453/1462
f 1451/1454/1463 1452/1455/1464 1141/1144/1148
f 1141/1144/1148 1140/1143/1147 1451/1454/1463
f 1453/1456/1465 1454/1457/1466 1196/1199/1467
f 1196/1199/1468 1195/1198/1469 1453/1456/1470
f 1455/1458/1471 1456/1459/1472 1198/1201/1473
f 1198/1201/1473 1197/1200/1474 1455/1458/1471
f 1457/1460/1475 1458/1461/1476 1200/1203/1477
f 1200/1203/1477 1199/1202/1478 1457/1460/1475
f 1459/1462/1479 1453/1456/1480 1195/1198/1481
f 1195/1198/1481 1203/1206/1482 1459/1462/1479
f 1460/1463/1483 1459/1462/1484 1203/1206/1485
f 1203/1206/1485 1202/1205/1486 1460/1463/1483
f 1461/1464/1487 1462/1465/1488 1398/1401/1489
f 1398/1401/1489 1397/1400/1490 1461/1464/1487
f 1463/1466/1491 1461/1464/1492 1397/1400/1493
f 1397/1400/1493 1464/1467/1494 1463/1466/1491
f 1447/1450/1459 1444/1447/1456 1133/1136/1140
f 1133/1136/1140 1135/1138/1142 1447/1450/1459
f 1462/1465/1495 1460/1463/1483 1202/1205/1486
f 1202/1205/1486 1398/1401/1496 1462/1465/1495
f 1449/1452/1461 1446/1449/1458 1136/1139/1143
f 1136/1139/1143 1137/1140/1144 1449/1452/1461
f 1465/1468/1497 1457/1460/1475 1199/1202/1478
f 1199/1202/1478 1466/1469/1498 1465/1468/1497
f 1456/1459/1499 1465/1468/1500 1466/1469/1501
f 1466/1469/1501 1198/1201/1502 1456/1459/1499
f 1441/1444/1453 1451/1454/1463 1140/1143/1147
f 1140/1143/1147 1129/1132/1136 1441/1444/1453
f 1467/1470/1503 1468/1471/1504 1015/1018/1505
f 1015/1018/1505 1014/1017/1506 1467/1470/1503
f 1468/1471/1504 1469/1472/1507 1016/1019/1508
f 1016/1019/1508 1015/1018/1505 1468/1471/1504
f 1469/1472/1509 1470/1473/1510 1017/1020/1511
f 1017/1020/1512 1016/1019/1508 1469/1472/1507
f 1471/1474/1513 1472/1475/1514 1019/1022/1515
f 1019/1022/1515 1018/1021/1516 1471/1474/1513
f 1473/1476/1517 1474/1477/1518 1021/1024/1519
f 1021/1024/1519 1020/1023/1520 1473/1476/1517
f 1475/1478/1521 1476/1479/1522 1023/1026/1523
f 1023/1026/1523 1022/1025/1524 1475/1478/1521
f 1476/1479/1525 1477/1480/1526 1024/1027/1527
f 1024/1027/1528 1023/1026/1523 1476/1479/1522
f 1478/1481/1529 1479/1482/1530 1026/1029/1531
f 1026/1029/1531 1025/1028/1532 1478/1481/1529
f 1472/1475/1514 1473/1476/1517 1020/1023/1520
f 1020/1023/1520 1019/1022/1515 1472/1475/1514
f 1474/1477/1518 1475/1478/1521 1022/1025/1524
f 1022/1025/1524 1021/1024/1519 1474/1477/1518
f 1479/1482/1530 1467/1470/1503 1014/1017/1506
f 1014/1017/1506 1026/1029/1531 1479/1482/1530
f 387/390/1533 390/393/1534 1480/1483/1535
f 1480/1483/1535 1481/1484/1536 1482/1485/1537
f 1480/1483/1535 1482/1485/1537 387/390/1533
f 400/403/1538 422/425/1539 1483/1486/1540
f 1483/1486/1540 1484/1487/1541 1485/1488/1542
f 1483/1486/1540 1485/1488/1542 400/403/1538
f 441/444/1543 451/454/1544 1486/1489/1545
f 1486/1489/1545 1487/1490/1546 1488/1491/1547
f 1486/1489/1545 1488/1491/1547 441/444/1543
f 459/462/1548 470/473/1549 1489/1492/1550
f 1489/1492/1550 1490/1493/1551 1491/1494/1552
f 1489/1492/1550 1491/1494/1552 459/462/1548
f 1492/1495/1553 1493/1496/1554 1234/1237/1555
f 1234/1237/1555 1233/1236/1556 1492/1495/1553
f 1494/1497/1557 1495/1498/1558 1237/1240/1559
f 1237/1240/1559 1236/1239/1560 1494/1497/1557
f 1495/1498/1561 1496/1499/1562 1238/1241/1563
f 1238/1241/1564 1237/1240/1559 1495/1498/1558
f 1497/1500/1565 1498/1501/1566 1240/1243/1567
f 1240/1243/1567 1239/1242/1568 1497/1500/1565
f 1499/1502/1569 1500/1503/1570 1406/1409/1571
f 1406/1409/1571 1405/1408/1572 1499/1502/1569
f 1501/1504/1573 1499/1502/1569 1405/1408/1572
f 1405/1408/1572 1502/1505/1574 1501/1504/1573
f 1500/1503/1575 1494/1497/1557 1236/1239/1560
f 1236/1239/1560 1406/1409/1576 1500/1503/1575
f 1498/1501/1566 1492/1495/1553 1233/1236/1556
f 1233/1236/1556 1240/1243/1567 1498/1501/1566
f 1503/1506/1577 389/392/1578 388/391/1579
f 388/391/1579 1504/1507/1580 1503/1506/1577
f 1480/1483/1535 390/393/1534 400/403/1538
f 1480/1483/1535 400/403/1538 1485/1488/1542
f 1485/1488/1542 1484/1487/1541 1480/1483/1535
f 1503/1506/1577 885/888/890 399/402/1581
f 399/402/1581 389/392/1578 1503/1506/1577
f 884/887/889 421/424/1582 399/402/1581
f 399/402/1581 885/888/890 884/887/889
f 1483/1486/1540 422/425/1539 441/444/1543
f 1483/1486/1540 441/444/1543 1488/1491/1547
f 1488/1491/1547 1487/1490/1546 1483/1486/1540
f 884/887/889 887/890/892 440/443/1583
f 440/443/1583 421/424/1582 884/887/889
f 1505/1508/1584 450/453/1585 440/443/1583
f 440/443/1583 887/890/892 1505/1508/1584
f 1486/1489/1545 451/454/1544 459/462/1548
f 1486/1489/1545 459/462/1548 1491/1494/1552
f 1491/1494/1552 1490/1493/1551 1486/1489/1545
f 1505/1508/1584 1506/1509/1586 458/461/1587
f 458/461/1587 450/453/1585 1505/1508/1584
f 1507/1510/1588 469/472/1589 458/461/1587
f 458/461/1587 1506/1509/1586 1507/1510/1588
f 1508/1511/1590 484/487/1591 387/390/1533
f 1508/1511/1590 387/390/1533 1482/1485/1537
f 1482/1485/1537 1481/1484/1536 1508/1511/1590
f 1509/1512/1592 1504/1507/1580 388/391/1579
f 388/391/1579 485/488/1593 1509/1512/1592
f 1510/1513/1594 161/161/157 148/148/144
f 148/148/144 147/147/143 1510/1513/1594
f 1511/1514/1595 1510/1513/1594 147/147/143
f 147/147/143 151/151/147 1511/1514/1595
f 2897/165/161 2303/1515/1596 2301/163/159
f 1512/1516/1597 1513/1517/1597 1514/1518/1597
f 1512/1516/1597 1514/1518/1597 1515/1519/1598
f 2299/1520/1599 2298/1521/1600 2896/164/160
f 2896/164/160 2301/163/159 2299/1520/1599
f 1516/1522/1601 1517/1523/1602 1518/1524/1603
f 1518/1524/1604 1519/1525/1605 1520/1522/1606
f 1518/1524/1603 1520/1522/1420 1516/1522/1601
f 1511/1514/1595 151/151/147 1521/1526/1607
f 1511/1514/1595 1521/1526/1607 1522/1527/1608
f 2308/1528/1609 2900/1529/1610 2895/1530/1611
f 270/273/272 240/243/241 233/236/234
f 233/236/234 236/239/237 270/273/272
f 1523/1531/1612 1524/1531/1613 1525/1532/1614
f 1523/1531/1615 1525/1532/1616 1526/1533/1615
f 1523/1531/1615 1526/1533/1615 1527/1534/1615
f 2895/1530/1611 2309/1535/1617 2308/1528/1609
f 2303/1515/1596 2897/165/161 2898/1536/1618
f 1528/1537/1619 1529/1538/1620 1530/1539/1621
f 1530/1539/1621 173/176/1622 1528/1537/1619
f 1531/1540/1623 1528/1537/1624 173/176/172
f 173/176/172 172/175/171 1531/1540/1623
f 1532/1541/1625 1533/1542/1626 244/247/245
f 244/247/245 243/246/244 1532/1541/1625
f 2898/1536/1618 2305/1543/1627 2303/1515/1596
f 1534/1544/1628 1535/1545/1629 1536/1546/1630
f 1534/1544/1628 1536/1546/1630 1537/1547/1631
f 2311/1548/1632 2894/1549/1633 2297/1550/1634
f 1538/1551/1635 269/272/271 257/260/259
f 257/260/259 256/259/258 1538/1551/1635
f 1539/1552/1636 1532/1541/1625 243/246/244
f 243/246/244 245/248/246 1539/1552/1636
f 1540/1553/1637 1538/1551/1635 256/259/258
f 1540/1553/1637 256/259/258 1541/1554/1637
f 2297/1550/1634 2296/1555/1638 2311/1548/1632
f 1533/1542/1639 1531/1540/1623 172/175/171
f 172/175/171 244/247/390 1533/1542/1639
f 385/388/388 1539/1552/1636 245/248/246
f 245/248/246 248/251/249 385/388/388
f 1542/1556/1640 1543/1557/1641 295/298/298
f 295/298/298 294/297/297 1542/1556/1640
f 1544/1558/1642 1542/1556/1640 294/297/297
f 294/297/297 298/301/301 1544/1558/1642
f 1545/1559/1643 1544/1558/1642 298/301/301
f 298/301/301 300/303/303 1545/1559/1643
f 1546/1560/1644 1545/1559/1643 300/303/303
f 300/303/303 302/305/305 1546/1560/1644
f 1543/1557/1641 1547/1561/1645 304/307/307
f 304/307/307 295/298/298 1543/1557/1641
f 1547/1561/1645 1548/1562/1646 361/364/364
f 361/364/364 304/307/307 1547/1561/1645
f 1548/1562/1646 1549/1563/1647 366/369/369
f 366/369/369 361/364/364 1548/1562/1646
f 1550/1564/1648 1546/1560/1644 302/305/305
f 302/305/305 373/376/376 1550/1564/1648
f 1549/1563/1647 1551/1565/1649 386/389/391
f 386/389/391 366/369/369 1549/1563/1647
f 1409/1412/1421 1552/1566/1650 1112/1115/1119
f 1112/1115/1119 1110/1113/1117 1409/1412/1421
f 1553/1567/1651 1410/1413/1422 1116/1119/1123
f 1116/1119/1123 1115/1118/1122 1553/1567/1651
f 1554/1568/1652 1502/1505/1653 1405/1408/1416
f 1405/1408/1416 1403/1406/1414 1554/1568/1652
f 1555/1569/1654 1554/1568/1652 1403/1406/1414
f 1403/1406/1414 1400/1403/1411 1555/1569/1654
f 1556/1570/1655 1555/1569/1654 1400/1403/1411
f 1400/1403/1411 1399/1402/1410 1556/1570/1655
f 1557/1571/1656 1556/1570/1655 1399/1402/1410
f 1399/1402/1410 1407/1410/1418 1557/1571/1656
f 1558/1572/1657 1464/1467/1658 1397/1400/1408
f 1397/1400/1408 1395/1398/1406 1558/1572/1657
f 1559/1573/1659 1558/1572/1657 1395/1398/1406
f 1395/1398/1406 1393/1396/1404 1559/1573/1659
f 1560/1574/1660 1559/1573/1659 1393/1396/1404
f 1393/1396/1404 1391/1394/1402 1560/1574/1660
f 1561/1575/1661 1560/1574/1660 1391/1394/1402
f 1391/1394/1402 1389/1392/1400 1561/1575/1661
f 1562/1576/1662 1561/1575/1661 1389/1392/1400
f 1389/1392/1400 1387/1390/1398 1562/1576/1662
f 1563/1577/1663 1562/1576/1662 1387/1390/1398
f 1387/1390/1398 1384/1387/1395 1563/1577/1663
f 1564/1578/1664 1563/1577/1663 1384/1387/1395
f 1384/1387/1395 1383/1386/1394 1564/1578/1664
f 1411/1414/1423 1565/1579/1665 1248/1251/1259
f 1248/1251/1259 1247/1250/1258 1411/1414/1423
f 1551/1565/1649 1566/1580/1666 1415/1418/1427
f 1415/1418/1427 386/389/391 1551/1565/1649
f 1566/1580/1666 1567/1581/1667 1430/1433/1442
f 1430/1433/1442 1415/1418/1427 1566/1580/1666
f 238/241/239 267/270/269 265/268/267
f 265/268/267 222/225/221 238/241/239
f 268/271/270 1550/1564/1648 373/376/376
f 373/376/376 266/269/268 268/271/270
f 1412/1415/1424 344/347/347 343/346/346
f 343/346/346 359/362/362 1412/1415/1424
f 1568/1582/1668 1201/1204/1669 1200/1203/1477
f 1200/1203/1477 1458/1461/1476 1568/1582/1668
f 1569/1583/1670 1235/1238/1671 1234/1237/1555
f 1234/1237/1555 1493/1496/1554 1569/1583/1670
f 1199/1202/1207 1191/1194/1198 1198/1201/1206
f 1198/1201/1206 1466/1469/1672 1199/1202/1207
f 895/898/900 899/902/904 1503/1506/1577
f 1503/1506/1577 1504/1507/1580 895/898/900
f 899/902/904 882/885/887 885/888/890
f 885/888/890 1503/1506/1577 899/902/904
f 891/894/896 893/896/898 1507/1510/1588
f 1507/1510/1588 1506/1509/1586 891/894/896
f 896/899/901 895/898/900 1504/1507/1580
f 1504/1507/1580 1509/1512/1592 896/899/901
f 886/889/891 888/891/893 1505/1508/1584
f 1505/1508/1584 887/890/892 886/889/891
f 888/891/893 891/894/896 1506/1509/1586
f 1506/1509/1586 1505/1508/1584 888/891/893
f 1570/1584/1673 1571/1585/1674 1572/1586/1675
f 1572/1586/1675 1573/1587/1676 1570/1584/1673
f 1574/1588/1677 1575/1589/1678 1572/1586/1675
f 1572/1586/1675 1571/1585/1674 1574/1588/1677
f 1576/1590/1679 1577/1591/1680 1578/1592/1681
f 1578/1592/1681 1579/1593/1682 1576/1590/1679
f 1580/1594/1683 1581/1595/1684 1582/1596/1685
f 1582/1596/1685 1583/1597/1686 1580/1594/1683
f 1570/1584/1673 1584/1598/1687 1585/1599/1688
f 2309/1535/1617 2895/1530/1611 2894/1549/1633
f 1585/1599/1688 161/161/157 1570/1584/1673
f 1572/1586/1675 1586/1600/1689 1587/1601/1690
f 1587/1601/1690 1573/1587/1676 1572/1586/1675
f 1573/1587/1676 1588/1602/1691 1589/1603/1692
f 1589/1603/1692 1570/1584/1673 1573/1587/1676
f 1575/1589/1678 1590/1604/1693 1591/1605/1694
f 1591/1605/1694 1572/1586/1675 1575/1589/1678
f 1574/1588/1677 1592/1606/1695 1593/1607/1696
f 1593/1607/1696 1575/1589/1678 1574/1588/1677
f 1594/1608/1697 1595/1609/1698 1596/1610/1699
f 1596/1610/1699 1597/1611/1700 1594/1608/1697
f 1598/1612/1701 1599/1613/1702 1600/1614/1703
f 1600/1614/1703 1601/1615/1704 1598/1612/1701
f 1602/1616/1705 1603/1617/1706 1604/1618/1707
f 1604/1618/1707 1605/1619/1708 1602/1616/1705
f 1606/1620/1709 1607/1621/1710 1608/1622/1711
f 1608/1622/1711 1609/1623/1712 1606/1620/1709
f 1610/1624/1713 1611/1625/1714 1612/1626/1715
f 1612/1626/1715 1613/1627/1716 1610/1624/1713
f 1611/1625/1714 1610/1624/1713 1614/1628/1717
f 1614/1628/1717 1615/1629/1718 1611/1625/1714
f 1616/1630/1719 1617/1631/1720 1618/1632/1721
f 1618/1632/1721 1619/1633/1722 1616/1630/1719
f 1620/1634/1723 1621/1635/1724 1622/1636/1725
f 1622/1636/1725 1623/1637/1726 1620/1634/1723
f 1624/1638/1727 1625/1639/1728 1605/1619/1708
f 1605/1619/1708 1604/1618/1707 1624/1638/1727
f 1626/1640/1729 1627/1641/1730 1628/1642/1731
f 1607/1621/1710 1606/1620/1709 1613/1627/1716
f 1613/1627/1716 1612/1626/1715 1607/1621/1710
f 1603/1617/1706 1602/1616/1705 1615/1629/1718
f 1615/1629/1718 1614/1628/1717 1603/1617/1706
f 1600/1614/1703 1629/1643/1732 1630/1644/1733
f 1630/1644/1733 1601/1615/1704 1600/1614/1703
f 1628/1642/1731 1627/1641/1730 1631/1645/1734
f 1625/1639/1728 1624/1638/1727 1609/1623/1712
f 1609/1623/1712 1608/1622/1711 1625/1639/1728
f 1603/1617/1706 1632/1646/1735 1633/1647/1736
f 1633/1647/1736 1604/1618/1707 1603/1617/1706
f 1634/1648/1737 1624/1638/1727 1604/1618/1707
f 1604/1618/1707 1633/1647/1736 1634/1648/1737
f 1624/1638/1727 1634/1648/1737 1635/1649/1738
f 1635/1649/1738 1609/1623/1712 1624/1638/1727
f 1636/1650/1739 1606/1620/1709 1609/1623/1712
f 1609/1623/1712 1635/1649/1738 1636/1650/1739
f 1606/1620/1709 1636/1650/1739 1637/1651/1740
f 1637/1651/1740 1613/1627/1716 1606/1620/1709
f 1638/1652/1741 1610/1624/1713 1613/1627/1716
f 1613/1627/1716 1637/1651/1740 1638/1652/1741
f 1610/1624/1713 1638/1652/1741 1639/1653/1742
f 1639/1653/1742 1614/1628/1717 1610/1624/1713
f 1632/1646/1735 1603/1617/1706 1614/1628/1717
f 1614/1628/1717 1639/1653/1742 1632/1646/1735
f 1633/1647/1736 1632/1646/1735 1640/1654/1743
f 1640/1654/1743 1641/1655/1744 1633/1647/1736
f 1621/1635/1724 1634/1648/1737 1633/1647/1736
f 1633/1647/1736 1641/1655/1744 1621/1635/1724
f 1634/1648/1737 1621/1635/1724 1642/1656/1745
f 1642/1656/1745 1635/1649/1738 1634/1648/1737
f 1643/1657/1746 1636/1650/1739 1635/1649/1738
f 1635/1649/1738 1642/1656/1745 1643/1657/1746
f 1636/1650/1739 1643/1657/1746 1644/1658/1747
f 1644/1658/1747 1637/1651/1740 1636/1650/1739
f 1645/1659/1748 1646/1660/1749 1647/1661/1750
f 1647/1661/1750 1648/1662/1751 1645/1659/1748
f 1649/1663/1752 1650/1664/1753 1645/1659/1748
f 1645/1659/1748 1648/1662/1751 1649/1663/1752
f 1626/1640/1729 1598/1612/1701 1601/1615/1704
f 1601/1615/1704 1627/1641/1730 1626/1640/1729
f 1630/1644/1733 1631/1645/1734 1627/1641/1730
f 1627/1641/1730 1601/1615/1704 1630/1644/1733
f 1651/1665/1754 1600/1614/1703 1599/1613/1702
f 1629/1643/1732 1600/1614/1703 1651/1665/1754
f 1640/1654/1743 1652/1666/1755 1653/1667/1756
f 1653/1667/1756 1641/1655/1744 1640/1654/1743
f 1594/1608/1757 1597/1611/1758 1654/1668/1759
f 1654/1668/1760 1655/1669/1761 1594/1608/1762
f 1656/1670/1763 1657/1671/1764 1658/1672/1765
f 1658/1672/1765 1659/1673/1766 1656/1670/1763
f 1658/1672/1765 1657/1671/1764 1650/1664/1753
f 1650/1664/1753 1649/1663/1752 1658/1672/1765
f 237/240/238 1648/1662/1751 1647/1661/1750
f 1647/1661/1750 238/241/239 237/240/238
f 239/242/240 1649/1663/1752 1648/1662/1751
f 1648/1662/1751 237/240/238 239/242/240
f 240/243/241 1658/1672/1765 1649/1663/1752
f 1649/1663/1752 239/242/240 240/243/241
f 1660/1674/1767 1661/1675/1768 1662/1676/1769
f 1662/1676/1769 1663/1677/1770 1660/1674/1767
f 1664/1678/1771 1665/1679/1772 1666/1680/1773
f 1666/1680/1773 1667/1681/1774 1664/1678/1771
f 1597/1611/1775 1668/1682/1776 1669/1683/1777
f 1669/1683/1778 1670/1684/1779 1597/1611/1780
f 1645/1659/1748 1671/1685/1781 1672/1686/1782
f 1672/1686/1782 1646/1660/1749 1645/1659/1748
f 1650/1664/1753 1673/1687/1783 1671/1685/1781
f 1671/1685/1781 1645/1659/1748 1650/1664/1753
f 1674/1688/1784 1675/1689/1785 1676/1690/1786
f 1676/1690/1786 1677/1691/1787 1674/1688/1784
f 1657/1671/1764 1656/1670/1763 1678/1692/1788
f 1678/1692/1788 1679/1693/1789 1657/1671/1764
f 1657/1671/1764 1679/1693/1789 1673/1687/1783
f 1673/1687/1783 1650/1664/1753 1657/1671/1764
f 1680/1694/1790 1681/1695/1791 1682/1696/1792
f 1682/1696/1792 1683/1697/1793 1680/1694/1790
f 1684/1698/1794 1683/1697/1793 1682/1696/1792
f 1682/1696/1792 1685/1699/1795 1684/1698/1794
f 267/270/269 1684/1698/1794 1685/1699/1795
f 1685/1699/1795 268/271/270 267/270/269
f 269/272/271 1674/1688/1784 1659/1673/1766
f 1659/1673/1766 270/273/272 269/272/271
f 1677/1691/1787 1656/1670/1763 1659/1673/1766
f 1659/1673/1766 1674/1688/1784 1677/1691/1787
f 1677/1691/1787 1676/1690/1786 1678/1692/1788
f 1678/1692/1788 1656/1670/1763 1677/1691/1787
f 1652/1666/1755 1686/1700/1796 1687/1701/1797
f 1687/1701/1797 1653/1667/1756 1652/1666/1755
f 1668/1682/1776 1617/1631/1720 1653/1667/1756
f 1653/1667/1756 1688/1702/1798 1668/1682/1776
f 1617/1631/1720 1668/1682/1776 1689/1703/1799
f 1689/1703/1799 1618/1632/1721 1617/1631/1720
f 1665/1679/1772 1661/1675/1768 1660/1674/1767
f 1660/1674/1767 1666/1680/1773 1665/1679/1772
f 1690/1704/1800 1691/1705/1801 1692/1706/1802
f 1692/1706/1802 1693/1707/1803 1690/1704/1800
f 1694/1708/1804 1695/1709/1805 1696/1710/1806
f 1696/1710/1806 1697/1711/1807 1694/1708/1804
f 1689/1703/1799 1668/1682/1776 1597/1611/1775
f 1597/1611/1775 1596/1610/1808 1689/1703/1799
f 1675/1689/1785 1698/1712/1809 1699/1713/1809
f 1699/1713/1809 1676/1690/1786 1675/1689/1785
f 1676/1690/1786 1700/1714/1810 1652/1666/1755
f 1652/1666/1755 1678/1692/1788 1676/1690/1786
f 1640/1654/1743 1679/1693/1789 1678/1692/1788
f 1678/1692/1788 1652/1666/1755 1640/1654/1743
f 1679/1693/1789 1640/1654/1743 1632/1646/1735
f 1632/1646/1735 1673/1687/1783 1679/1693/1789
f 1673/1687/1783 1632/1646/1735 1639/1653/1742
f 1639/1653/1742 1671/1685/1781 1673/1687/1783
f 1671/1685/1781 1639/1653/1742 1638/1652/1741
f 1638/1652/1741 1672/1686/1782 1671/1685/1781
f 1701/1715/1811 1607/1621/1710 1612/1626/1715
f 1612/1626/1715 1702/1716/1812 1701/1715/1811
f 1701/1715/1811 1703/1717/1813 1608/1622/1711
f 1608/1622/1711 1607/1621/1710 1701/1715/1811
f 1704/1718/1814 1625/1639/1728 1608/1622/1711
f 1608/1622/1711 1703/1717/1813 1704/1718/1814
f 1704/1718/1814 1705/1719/1815 1605/1619/1708
f 1605/1619/1708 1625/1639/1728 1704/1718/1814
f 1706/1720/1816 1602/1616/1705 1605/1619/1708
f 1605/1619/1708 1705/1719/1815 1706/1720/1816
f 1706/1720/1816 1707/1721/1817 1615/1629/1718
f 1615/1629/1718 1602/1616/1705 1706/1720/1816
f 1708/1722/1818 1611/1625/1714 1615/1629/1718
f 1615/1629/1718 1707/1721/1817 1708/1722/1818
f 1708/1722/1818 1702/1716/1812 1612/1626/1715
f 1612/1626/1715 1611/1625/1714 1708/1722/1818
f 1709/1723/1819 1710/1724/1820 1711/1725/1821
f 1711/1725/1821 1712/1726/1822 1709/1723/1819
f 1712/1726/1822 1711/1725/1821 1713/1727/1823
f 1713/1727/1823 1714/1728/1824 1712/1726/1822
f 1714/1728/1824 1713/1727/1823 1715/1729/1825
f 1715/1729/1825 1716/1730/1826 1714/1728/1824
f 1716/1730/1826 1715/1729/1825 1717/1731/1827
f 1717/1731/1827 1718/1732/1828 1716/1730/1826
f 1719/1733/1829 1720/1734/1830 1710/1724/1820
f 1710/1724/1820 1709/1723/1819 1719/1733/1829
f 1721/1735/1831 1709/1723/1819 1712/1726/1822
f 1712/1726/1822 1722/1736/1832 1721/1735/1831
f 1722/1736/1832 1712/1726/1822 1714/1728/1824
f 1714/1728/1824 1723/1737/1833 1722/1736/1832
f 1723/1737/1833 1714/1728/1824 1716/1730/1826
f 1716/1730/1826 1724/1738/1834 1723/1737/1833
f 1724/1738/1834 1716/1730/1826 1718/1732/1828
f 1718/1732/1828 1725/1739/1835 1724/1738/1834
f 1726/1740/1836 1719/1733/1829 1709/1723/1819
f 1709/1723/1819 1721/1735/1831 1726/1740/1836
f 1727/1741/1837 1721/1735/1831 1722/1736/1832
f 1722/1736/1832 1728/1742/1838 1727/1741/1837
f 1728/1742/1838 1722/1736/1832 1723/1737/1833
f 1723/1737/1833 1729/1743/1839 1728/1742/1838
f 1729/1743/1839 1723/1737/1833 1724/1738/1834
f 1724/1738/1834 1730/1744/1840 1729/1743/1839
f 1730/1744/1840 1724/1738/1834 1725/1739/1835
f 1725/1739/1835 1731/1745/1841 1730/1744/1840
f 1732/1746/1842 1726/1740/1836 1721/1735/1831
f 1721/1735/1831 1727/1741/1837 1732/1746/1842
f 1733/1747/1843 1727/1741/1837 1728/1742/1838
f 1728/1742/1838 1734/1748/1844 1733/1747/1843
f 1734/1748/1844 1728/1742/1838 1729/1743/1839
f 1729/1743/1839 1735/1749/1845 1734/1748/1844
f 1735/1749/1845 1729/1743/1839 1730/1744/1840
f 1730/1744/1840 1736/1750/1846 1735/1749/1845
f 1736/1750/1846 1730/1744/1840 1731/1745/1841
f 1731/1745/1841 1737/1751/1847 1736/1750/1846
f 1643/1657/1746 1738/1752/1848 1737/1751/1847
f 1737/1751/1847 1731/1745/1841 1643/1657/1746
f 1739/1753/1849 1732/1746/1842 1727/1741/1837
f 1727/1741/1837 1733/1747/1843 1739/1753/1849
f 1740/1754/1850 1741/1755/1851 1742/1756/1852
f 1742/1756/1852 1743/1757/1853 1740/1754/1850
f 1743/1757/1853 1742/1756/1852 1744/1758/1854
f 1744/1758/1854 1745/1759/1855 1743/1757/1853
f 1746/1760/1856 1747/1761/1857 1742/1756/1852
f 1742/1756/1852 1741/1755/1851 1746/1760/1856
f 1742/1756/1852 1747/1761/1857 1748/1762/1858
f 1748/1762/1858 1744/1758/1854 1742/1756/1852
f 1749/1763/1859 1750/1764/1860 334/337/337
f 334/337/337 337/340/340 1749/1763/1859
f 1622/1636/1725 1751/1765/1861 1752/1766/1862
f 1752/1766/1862 1623/1637/1726 1622/1636/1725
f 1753/1767/1863 1642/1656/1745 1621/1635/1724
f 1621/1635/1724 1620/1634/1723 1753/1767/1863
f 1738/1752/1848 1643/1657/1746 1642/1656/1745
f 1642/1656/1745 1753/1767/1863 1738/1752/1848
f 1754/1768/1864 1755/1769/1865 1750/1764/1860
f 1750/1764/1860 1749/1763/1859 1754/1768/1864
f 1756/1770/1866 1749/1763/1859 337/340/340
f 337/340/340 344/347/347 1756/1770/1866
f 1757/1771/1867 1758/1772/1868 1623/1637/1726
f 1623/1637/1726 1752/1766/1862 1757/1771/1867
f 1759/1773/1869 1760/1774/1870 1761/1775/1871
f 1761/1775/1871 1762/1776/1872 1759/1773/1869
f 1747/1761/1857 1746/1760/1856 1760/1774/1870
f 1760/1774/1870 1759/1773/1869 1747/1761/1857
f 1763/1777/1873 1754/1768/1864 1749/1763/1859
f 1749/1763/1859 1756/1770/1866 1763/1777/1873
f 1764/1778/1874 1620/1634/1723 1623/1637/1726
f 1623/1637/1726 1758/1772/1868 1764/1778/1874
f 1644/1658/1747 1643/1657/1746 1731/1745/1841
f 1731/1745/1841 1725/1739/1835 1644/1658/1747
f 1765/1779/1875 1644/1658/1747 1725/1739/1835
f 1725/1739/1835 1718/1732/1828 1765/1779/1875
f 1758/1772/1868 1757/1771/1867 1766/1780/1876
f 1766/1780/1876 1767/1781/1877 1758/1772/1868
f 1768/1782/1878 1759/1773/1869 1762/1776/1872
f 1762/1776/1872 1769/1783/1879 1768/1782/1878
f 1748/1762/1858 1747/1761/1857 1759/1773/1869
f 1759/1773/1869 1768/1782/1878 1748/1762/1858
f 1770/1784/1880 1763/1777/1873 1756/1770/1866
f 1756/1770/1866 1771/1785/1881 1770/1784/1880
f 1772/1786/1882 1764/1778/1874 1758/1772/1868
f 1758/1772/1868 1767/1781/1877 1772/1786/1882
f 1773/1787/1883 1720/1734/1830 1719/1733/1829
f 1719/1733/1829 1774/1788/1884 1773/1787/1883
f 1774/1788/1884 1719/1733/1829 1726/1740/1836
f 1726/1740/1836 1775/1789/1885 1774/1788/1884
f 1775/1789/1885 1726/1740/1836 1732/1746/1842
f 1732/1746/1842 1776/1790/1886 1775/1789/1885
f 1776/1790/1886 1732/1746/1842 1739/1753/1849
f 1739/1753/1849 1777/1791/1887 1776/1790/1886
f 1778/1792/1888 1773/1787/1883 1774/1788/1884
f 1774/1788/1884 1779/1793/1889 1778/1792/1888
f 1779/1793/1889 1774/1788/1884 1775/1789/1885
f 1775/1789/1885 1780/1794/1890 1779/1793/1889
f 1780/1794/1890 1775/1789/1885 1776/1790/1886
f 1776/1790/1886 1781/1795/1891 1780/1794/1890
f 1781/1795/1891 1776/1790/1886 1777/1791/1887
f 1777/1791/1887 1772/1786/1882 1781/1795/1891
f 1782/1796/1892 1779/1793/1889 1780/1794/1890
f 1780/1794/1890 1783/1797/1893 1782/1796/1892
f 1783/1797/1893 1780/1794/1890 1781/1795/1891
f 1781/1795/1891 1784/1798/1894 1783/1797/1893
f 1784/1798/1894 1781/1795/1891 1772/1786/1882
f 1772/1786/1882 1767/1781/1877 1784/1798/1894
f 1785/1799/1895 1765/1779/1875 1718/1732/1828
f 1718/1732/1828 1717/1731/1827 1785/1799/1895
f 1786/1800/1896 1735/1749/1845 1736/1750/1846
f 1736/1750/1846 1787/1801/1897 1786/1800/1896
f 1787/1801/1897 1736/1750/1846 1737/1751/1847
f 1737/1751/1847 1788/1802/1898 1787/1801/1897
f 1789/1803/1899 1733/1747/1843 1734/1748/1844
f 1734/1748/1844 1790/1804/1900 1789/1803/1899
f 1790/1804/1900 1734/1748/1844 1735/1749/1845
f 1735/1749/1845 1786/1800/1896 1790/1804/1900
f 1788/1802/1898 1737/1751/1847 1738/1752/1848
f 1738/1752/1848 1791/1805/1901 1788/1802/1898
f 1792/1806/1902 1739/1753/1849 1733/1747/1843
f 1733/1747/1843 1789/1803/1899 1792/1806/1902
f 1753/1767/1863 1620/1634/1723 1793/1807/1903
f 1620/1634/1723 1764/1778/1874 1794/1808/1904
f 1791/1805/1901 1738/1752/1848 1753/1767/1863
f 1753/1767/1863 1793/1807/1903 1791/1805/1901
f 1794/1808/1904 1764/1778/1874 1772/1786/1882
f 1772/1786/1882 1795/1809/1905 1794/1808/1904
f 1795/1809/1905 1772/1786/1882 1777/1791/1887
f 1777/1791/1887 1796/1810/1906 1795/1809/1905
f 1796/1810/1906 1777/1791/1887 1739/1753/1849
f 1739/1753/1849 1792/1806/1902 1796/1810/1906
f 1743/1757/1853 1786/1800/1896 1787/1801/1897
f 1787/1801/1897 1740/1754/1850 1743/1757/1853
f 1740/1754/1850 1787/1801/1897 1788/1802/1898
f 1788/1802/1898 1741/1755/1851 1740/1754/1850
f 1744/1758/1854 1789/1803/1899 1790/1804/1900
f 1790/1804/1900 1745/1759/1855 1744/1758/1854
f 1745/1759/1855 1790/1804/1900 1786/1800/1896
f 1786/1800/1896 1743/1757/1853 1745/1759/1855
f 1741/1755/1851 1788/1802/1898 1791/1805/1901
f 1791/1805/1901 1746/1760/1856 1741/1755/1851
f 1748/1762/1858 1792/1806/1902 1789/1803/1899
f 1789/1803/1899 1744/1758/1854 1748/1762/1858
f 1760/1774/1870 1793/1807/1903 1620/1634/1723
f 1620/1634/1723 1761/1775/1871 1760/1774/1870
f 1761/1775/1871 1620/1634/1723 1794/1808/1904
f 1794/1808/1904 1762/1776/1872 1761/1775/1871
f 1746/1760/1856 1791/1805/1901 1793/1807/1903
f 1793/1807/1903 1760/1774/1870 1746/1760/1856
f 1762/1776/1872 1794/1808/1904 1795/1809/1905
f 1795/1809/1905 1769/1783/1879 1762/1776/1872
f 1769/1783/1879 1795/1809/1905 1796/1810/1906
f 1796/1810/1906 1768/1782/1878 1769/1783/1879
f 1768/1782/1878 1796/1810/1906 1792/1806/1902
f 1792/1806/1902 1748/1762/1858 1768/1782/1878
f 1622/1636/1725 1621/1635/1724 1641/1655/1744
f 1641/1655/1744 1616/1630/1719 1622/1636/1725
f 1751/1765/1861 1622/1636/1725 1616/1630/1719
f 1616/1630/1719 1619/1633/1722 1751/1765/1861
f 1755/1769/1865 1664/1678/1771 1667/1681/1774
f 1667/1681/1774 1750/1764/1860 1755/1769/1865
f 1750/1764/1860 1667/1681/1774 385/388/388
f 385/388/388 334/337/337 1750/1764/1860
f 1617/1631/1720 1616/1630/1719 1641/1655/1744
f 1641/1655/1744 1653/1667/1756 1617/1631/1720
f 1595/1609/1698 1663/1677/1907 1662/1676/1908
f 1662/1676/1908 1596/1610/1699 1595/1609/1698
f 1661/1675/1768 1689/1703/1799 1596/1610/1808
f 1596/1610/1808 1662/1676/1769 1661/1675/1768
f 1665/1679/1772 1618/1632/1721 1689/1703/1799
f 1689/1703/1799 1661/1675/1768 1665/1679/1772
f 1664/1678/1771 1619/1633/1722 1618/1632/1721
f 1618/1632/1721 1665/1679/1772 1664/1678/1771
f 1755/1769/1865 1751/1765/1861 1619/1633/1722
f 1619/1633/1722 1664/1678/1771 1755/1769/1865
f 1755/1769/1865 1754/1768/1864 1752/1766/1862
f 1752/1766/1862 1751/1765/1861 1755/1769/1865
f 1763/1777/1873 1757/1771/1867 1752/1766/1862
f 1752/1766/1862 1754/1768/1864 1763/1777/1873
f 1763/1777/1873 1770/1784/1880 1766/1780/1876
f 1766/1780/1876 1757/1771/1867 1763/1777/1873
f 1782/1796/1892 1797/1811/1909 1778/1792/1888
f 1778/1792/1888 1779/1793/1889 1782/1796/1892
f 1798/1812/1910 1799/1813/1911 1800/1814/1912
f 1800/1814/1912 1801/1815/1913 1798/1812/1910
f 1802/1816/1914 1803/1817/1915 1804/1818/1916
f 1804/1818/1916 1805/1819/1917 1802/1816/1914
f 1806/1820/1918 1807/1821/1919 1808/1822/1920
f 1808/1822/1920 1809/1823/1921 1806/1820/1918
f 1810/1824/1922 1798/1812/1910 1801/1815/1913
f 1801/1815/1913 1811/1825/1923 1810/1824/1922
f 1812/1826/1924 1813/1827/1925 1814/1828/1926
f 1814/1828/1926 1815/1829/1927 1812/1826/1924
f 1816/1830/1928 1817/1831/1929 1818/1832/1930
f 1818/1832/1930 1819/1833/1931 1816/1830/1928
f 1820/1834/1932 1812/1826/1924 1815/1829/1927
f 1815/1829/1927 1821/1835/1933 1820/1834/1932
f 1819/1833/1931 1818/1832/1930 1822/1836/1934
f 1822/1836/1934 1823/1837/1935 1819/1833/1931
f 1824/1838/1936 1825/1839/1937 1826/1840/1938
f 1826/1840/1938 1827/1841/1939 1824/1838/1936
f 1828/1842/1940 1829/1843/1941 1830/1844/1942
f 1830/1844/1942 1831/1845/1943 1828/1842/1940
f 1832/1846/1944 1810/1824/1922 1811/1825/1923
f 1811/1825/1923 1833/1847/1945 1832/1846/1944
f 1834/1848/1946 1806/1820/1918 1809/1823/1921
f 1809/1823/1921 1835/1849/1947 1834/1848/1946
f 1836/1850/1948 1835/1849/1947 1809/1823/1921
f 1809/1823/1921 1837/1851/1949 1836/1850/1948
f 1838/1852/1950 1836/1850/1948 1837/1851/1949
f 1837/1851/1949 1828/1842/1940 1838/1852/1950
f 1838/1852/1950 1828/1842/1940 1831/1845/1943
f 1835/1849/1947 1839/1853/1951 1834/1848/1946
f 1835/1849/1947 1836/1850/1948 1840/1854/1952
f 1840/1854/1952 1839/1853/1951 1835/1849/1947
f 1836/1850/1948 1838/1852/1950 1841/1855/1953
f 1841/1855/1953 1840/1854/1952 1836/1850/1948
f 1842/1856/1954 1838/1852/1950 1843/1857/1955
f 1840/1854/1952 1844/1858/1956 1839/1853/1951
f 1840/1854/1952 1841/1855/1953 1845/1859/1957
f 1845/1859/1957 1844/1858/1956 1840/1854/1952
f 1846/1860/1958 1841/1855/1953 1847/1861/1959
f 1839/1853/1951 1848/1862/1960 1834/1848/1946
f 1849/1863/1961 1834/1848/1946 1848/1862/1960
f 1848/1862/1960 1850/1864/1962 1849/1863/1961
f 1851/1865/1963 1832/1846/1944 1833/1847/1945
f 1833/1847/1945 1852/1866/1964 1851/1865/1963
f 1839/1853/1951 1844/1858/1956 1853/1867/1965
f 1853/1867/1965 1848/1862/1960 1839/1853/1951
f 1850/1864/1962 1848/1862/1960 1853/1867/1965
f 1853/1867/1965 1854/1868/1966 1850/1864/1962
f 1844/1858/1956 1845/1859/1957 1855/1869/1967
f 1855/1869/1967 1853/1867/1965 1844/1858/1956
f 1854/1868/1966 1853/1867/1965 1855/1869/1967
f 1855/1869/1967 1856/1870/1968 1854/1868/1966
f 1857/1871/1969 1845/1859/1957 1858/1872/1970
f 1855/1869/1967 1859/1873/1971 1860/1874/1972
f 1861/1875/1973 1851/1865/1963 1852/1866/1964
f 1852/1866/1964 1862/1876/1974 1861/1875/1973
f 1863/1877/1975 1849/1863/1961 1850/1864/1962
f 1850/1864/1962 1864/1878/1976 1863/1877/1975
f 1865/1879/1977 1866/1880/1978 1867/1881/1979
f 1867/1881/1979 1868/1882/1980 1865/1879/1977
f 1869/1883/1981 1861/1875/1973 1862/1876/1974
f 1862/1876/1974 1870/1884/1982 1869/1883/1981
f 1871/1885/1983 1864/1878/1976 1850/1864/1962
f 1850/1864/1962 1854/1868/1966 1871/1885/1983
f 1868/1882/1980 1867/1881/1979 1872/1886/1984
f 1872/1886/1984 1873/1887/1985 1868/1882/1980
f 1874/1888/1986 1871/1885/1983 1854/1868/1966
f 1854/1868/1966 1856/1870/1968 1874/1888/1986
f 1873/1887/1985 1872/1886/1984 1875/1889/1987
f 1875/1889/1987 1876/1890/1988 1873/1887/1985
f 1877/1891/1989 1874/1888/1986 1856/1870/1968
f 1856/1870/1968 1860/1874/1972 1877/1891/1989
f 1876/1890/1988 1875/1889/1987 1878/1892/1990
f 1878/1892/1990 1879/1893/1991 1876/1890/1988
f 1880/1894/1992 1869/1883/1981 1870/1884/1982
f 1870/1884/1993 1881/1895/1994 1880/1894/1995
f 1882/1896/1996 1865/1879/1977 1868/1882/1980
f 1868/1882/1980 1883/1897/1997 1882/1896/1996
f 1884/1898/1998 1883/1897/1997 1868/1882/1980
f 1868/1882/1980 1873/1887/1985 1884/1898/1998
f 1885/1899/1999 1884/1898/1998 1873/1887/1985
f 1873/1887/1985 1876/1890/1988 1885/1899/1999
f 1885/1899/1999 1876/1890/1988 1879/1893/1991
f 1884/1898/1998 1886/1900/2000 1883/1897/1997
f 1884/1898/1998 1885/1899/1999 1887/1901/2001
f 1887/1901/2001 1886/1900/2000 1884/1898/1998
f 1888/1902/2002 1885/1899/1999 1889/1903/2003
f 1883/1897/1997 1890/1904/2004 1882/1896/1996
f 1883/1897/1997 1886/1900/2000 1891/1905/2005
f 1891/1905/2005 1890/1904/2004 1883/1897/1997
f 1886/1900/2000 1887/1901/2001 1892/1906/2006
f 1892/1906/2006 1891/1905/2005 1886/1900/2000
f 1893/1907/2007 1887/1901/2001 1894/1908/2008
f 1803/1817/1915 1882/1896/1996 1890/1904/2004
f 1890/1904/2004 1804/1818/1916 1803/1817/1915
f 1799/1813/2009 1895/1909/2010 1896/1910/2011
f 1896/1910/2012 1800/1814/1912 1799/1813/1911
f 1891/1905/2005 1897/1911/2013 1890/1904/2004
f 1804/1818/1916 1890/1904/2004 1897/1911/2013
f 1897/1911/2013 1898/1912/2014 1804/1818/1916
f 1891/1905/2005 1892/1906/2006 1899/1913/2015
f 1899/1913/2015 1897/1911/2013 1891/1905/2005
f 1898/1912/2014 1897/1911/2013 1899/1913/2015
f 1899/1913/2015 1826/1840/1938 1898/1912/2014
f 1900/1914/2016 1892/1906/2006 1901/1915/2017
f 1899/1913/2015 1902/1916/2018 1827/1841/1939
f 1903/1917/2019 1904/1918/2020 1905/1919/2021
f 1905/1919/2021 1906/1920/2022 1903/1917/2019
f 1906/1920/2022 1905/1919/2021 1907/1921/2023
f 1907/1921/2023 1908/1922/2024 1906/1920/2022
f 1909/1923/2025 1910/1924/2026 1911/1925/2027
f 1911/1925/2027 1912/1926/2028 1909/1923/2025
f 1913/1927/2029 1914/1928/2030 1910/1924/2026
f 1910/1924/2026 1909/1923/2025 1913/1927/2029
f 1915/1929/2031 1916/1930/2032 1917/1931/2033
f 1917/1931/2033 1918/1932/2034 1915/1929/2031
f 1918/1932/2034 1917/1931/2033 1919/1933/2035
f 1919/1933/2035 1920/1934/2036 1918/1932/2034
f 1921/1935/2037 1922/1936/2038 1923/1937/2039
f 1923/1937/2039 1924/1938/2040 1921/1935/2037
f 1925/1939/2041 1926/1940/2042 1922/1936/2038
f 1922/1936/2038 1921/1935/2037 1925/1939/2041
f 1927/1941/2043 1928/1942/2044 1929/1943/2045
f 1929/1943/2045 1930/1944/2046 1927/1941/2043
f 1930/1944/2046 1929/1943/2045 1931/1945/2047
f 1931/1945/2047 1932/1946/2048 1930/1944/2046
f 1933/1947/2049 1934/1948/2050 1935/1949/2051
f 1935/1949/2051 1936/1950/2052 1933/1947/2049
f 1937/1951/2053 1938/1952/2054 1934/1948/2050
f 1934/1948/2050 1933/1947/2049 1937/1951/2053
f 1939/1953/2055 1940/1954/2056 1941/1955/2057
f 1941/1955/2057 1942/1956/2058 1939/1953/2055
f 1942/1956/2058 1941/1955/2057 1943/1957/2059
f 1943/1957/2059 1944/1958/2060 1942/1956/2058
f 1945/1959/2061 1946/1960/2062 1947/1961/2063
f 1947/1961/2063 1948/1962/2064 1945/1959/2061
f 1949/1963/2065 1950/1964/2066 1946/1960/2062
f 1946/1960/2062 1945/1959/2061 1949/1963/2065
f 1951/1965/2067 1888/1902/2002 1889/1903/2003
f 1889/1903/2003 1952/1966/2068 1951/1965/2067
f 1952/1966/2068 1889/1903/2003 1879/1893/1991
f 1879/1893/1991 1953/1967/2069 1952/1966/2068
f 1954/1968/2070 1955/1969/2071 1956/1970/2072
f 1956/1970/2072 1957/1971/2073 1954/1968/2070
f 1958/1972/2074 1959/1973/2075 1955/1969/2071
f 1955/1969/2071 1954/1968/2070 1958/1972/2074
f 1953/1967/2069 1879/1893/1991 1878/1892/1990
f 1878/1892/1990 1960/1974/2076 1953/1967/2069
f 1961/1975/2077 1877/1891/1989 1860/1874/1972
f 1860/1874/1972 1962/1976/2078 1961/1975/2077
f 1963/1977/2079 1964/1978/2080 1965/1979/2081
f 1965/1979/2081 1966/1980/2082 1963/1977/2079
f 1967/1981/2083 1957/1971/2073 1956/1970/2072
f 1956/1970/2072 1968/1982/2084 1967/1981/2083
f 1962/1976/2078 1860/1874/1972 1859/1873/1971
f 1859/1873/1971 1969/1983/2085 1962/1976/2078
f 1969/1983/2085 1859/1873/1971 1857/1871/1969
f 1857/1871/1969 1970/1984/2086 1969/1983/2085
f 1971/1985/2087 1972/1986/2088 1973/1987/2089
f 1973/1987/2089 1974/1988/2090 1971/1985/2087
f 1971/1985/2087 1966/1980/2082 1965/1979/2081
f 1965/1979/2081 1972/1986/2088 1971/1985/2087
f 1970/1984/2086 1857/1871/1969 1975/1989/2091
f 1975/1989/2091 1976/1990/2092 1970/1984/2086
f 1977/1991/2093 1978/1992/2094 1888/1902/2002
f 1888/1902/2002 1951/1965/2067 1977/1991/2093
f 1979/1993/2095 1980/1994/2096 1959/1973/2075
f 1959/1973/2075 1958/1972/2074 1979/1993/2095
f 1981/1995/2097 1974/1988/2090 1973/1987/2089
f 1973/1987/2089 1982/1996/2098 1981/1995/2097
f 1983/1997/2099 1893/1907/2007 1894/1908/2008
f 1894/1908/2008 1984/1998/2100 1983/1997/2099
f 1984/1998/2100 1894/1908/2008 1888/1902/2002
f 1888/1902/2002 1985/1999/2101 1984/1998/2100
f 1986/2000/2102 1987/2001/2103 1988/2002/2104
f 1988/2002/2104 1989/2003/2105 1986/2000/2102
f 1990/2004/2106 1991/2005/2107 1987/2001/2103
f 1987/2001/2103 1986/2000/2102 1990/2004/2106
f 1985/1999/2101 1888/1902/2002 1978/1992/2094
f 1978/1992/2094 1992/2006/2108 1985/1999/2101
f 1993/2007/2109 1975/1989/2091 1857/1871/1969
f 1857/1871/1969 1994/2008/2110 1993/2007/2109
f 1994/2008/2110 1857/1871/1969 1858/1872/1970
f 1858/1872/1970 1995/2009/2111 1994/2008/2110
f 1995/2009/2111 1858/1872/1970 1846/1860/1958
f 1846/1860/1958 1996/2010/2112 1995/2009/2111
f 1997/2011/2113 1998/2012/2114 1999/2013/2115
f 1999/2013/2115 2000/2014/2116 1997/2011/2113
f 1997/2011/2113 2001/2015/2117 2002/2016/2118
f 2002/2016/2118 1998/2012/2114 1997/2011/2113
f 1996/2010/2112 1846/1860/1958 2003/2017/2119
f 2003/2017/2119 2004/2018/2120 1996/2010/2112
f 2005/2019/2121 2006/2020/2122 1893/1907/2007
f 1893/1907/2007 1983/1997/2099 2005/2019/2121
f 2007/2021/2123 2008/2022/2124 1991/2005/2107
f 1991/2005/2107 1990/2004/2106 2007/2021/2123
f 2009/2023/2125 2000/2014/2116 1999/2013/2115
f 1999/2013/2115 2010/2024/2126 2009/2023/2125
f 2011/2025/2127 1900/1914/2016 1901/1915/2017
f 1901/1915/2017 2012/2026/2128 2011/2025/2127
f 2012/2026/2128 1901/1915/2017 1893/1907/2007
f 1893/1907/2007 2013/2027/2129 2012/2026/2128
f 2014/2028/2130 2015/2029/2131 2016/2030/2132
f 2016/2030/2132 2017/2031/2133 2014/2028/2130
f 2018/2032/2134 2019/2033/2135 2015/2029/2131
f 2015/2029/2131 2014/2028/2130 2018/2032/2134
f 2013/2027/2129 1893/1907/2007 2006/2020/2122
f 2006/2020/2122 2020/2034/2136 2013/2027/2129
f 2021/2035/2137 2003/2017/2119 1846/1860/1958
f 1846/1860/1958 2022/2036/2138 2021/2035/2137
f 2022/2036/2138 1846/1860/1958 1847/1861/1959
f 1847/1861/1959 2023/2037/2139 2022/2036/2138
f 2023/2037/2139 1847/1861/1959 1842/1856/1954
f 1842/1856/1954 2024/2038/2140 2023/2037/2139
f 2025/2039/2141 2026/2040/2142 2027/2041/2143
f 2027/2041/2143 2028/2042/2144 2025/2039/2141
f 2025/2039/2141 2029/2043/2145 2030/2044/2146
f 2030/2044/2146 2026/2040/2142 2025/2039/2141
f 2024/2038/2140 1842/1856/1954 2031/2045/2147
f 2031/2045/2147 2032/2046/2148 2024/2038/2140
f 2033/2047/2149 2034/2048/2150 1900/1914/2016
f 1900/1914/2016 2011/2025/2127 2033/2047/2149
f 2035/2049/2151 2036/2050/2152 2019/2033/2135
f 2019/2033/2135 2018/2032/2134 2035/2049/2151
f 2037/2051/2153 2028/2042/2144 2027/2041/2143
f 2027/2041/2143 2038/2052/2154 2037/2051/2153
f 2039/2053/2155 1827/1841/1939 1902/1916/2018
f 1902/1916/2018 2040/2054/2156 2039/2053/2155
f 2040/2054/2156 1902/1916/2018 1900/1914/2016
f 1900/1914/2016 2041/2055/2157 2040/2054/2156
f 2042/2056/2158 2043/2057/2159 2044/2058/2160
f 2044/2058/2160 2045/2059/2161 2042/2056/2158
f 2046/2060/2162 2047/2061/2163 2043/2057/2159
f 2043/2057/2159 2042/2056/2158 2046/2060/2162
f 2041/2055/2157 1900/1914/2016 2034/2048/2150
f 2034/2048/2150 2048/2062/2164 2041/2055/2157
f 2049/2063/2165 2031/2045/2147 1842/1856/1954
f 1842/1856/1954 2050/2064/2166 2049/2063/2165
f 2050/2064/2166 1842/1856/1954 1843/1857/1955
f 1843/1857/1955 2051/2065/2167 2050/2064/2166
f 2051/2065/2167 1843/1857/1955 1831/1845/1943
f 1831/1845/1943 2052/2066/2168 2051/2065/2167
f 2053/2067/2169 2054/2068/2170 2055/2069/2171
f 2055/2069/2171 2056/2070/2172 2053/2067/2169
f 2053/2067/2169 2057/2071/2173 2058/2072/2174
f 2058/2072/2174 2054/2068/2170 2053/2067/2169
f 2052/2066/2168 1831/1845/1943 1830/1844/1942
f 1830/1844/1942 2059/2073/2175 2052/2066/2168
f 2060/2074/2176 1824/1838/1936 1827/1841/1939
f 1827/1841/1939 2039/2053/2155 2060/2074/2176
f 2061/2075/2177 2062/2076/2178 2047/2061/2163
f 2047/2061/2163 2046/2060/2162 2061/2075/2177
f 2063/2077/2179 2056/2070/2172 2055/2069/2171
f 2055/2069/2171 2064/2078/2180 2063/2077/2179
f 2065/2079/2181 1989/2003/2105 1988/2002/2104
f 1988/2002/2104 2066/2080/2182 2065/2079/2181
f 2067/2081/2183 2068/2082/2184 2002/2016/2118
f 2002/2016/2118 2001/2015/2117 2067/2081/2183
f 2069/2083/2185 2017/2031/2133 2016/2030/2132
f 2016/2030/2132 2070/2084/2186 2069/2083/2185
f 2071/2085/2187 2072/2086/2188 2030/2044/2146
f 2030/2044/2146 2029/2043/2145 2071/2085/2187
f 2073/2087/2189 2045/2059/2161 2044/2058/2160
f 2044/2058/2160 2074/2088/2190 2073/2087/2189
f 2075/2089/2191 2076/2090/2192 2058/2072/2174
f 2058/2072/2174 2057/2071/2173 2075/2089/2191
f 2077/2091/2193 2078/2092/2194 2079/2093/2195
f 2079/2093/2195 2080/2094/2196 2077/2091/2193
f 2080/2094/2196 2079/2093/2195 2081/2095/2197
f 2081/2095/2197 2082/2096/2198 2080/2094/2196
f 2083/2097/2199 2084/2098/2200 2082/2096/2198
f 2082/2096/2198 2081/2095/2197 2083/2097/2199
f 2085/2099/2201 2086/2100/2202 2087/2101/2203
f 2087/2101/2203 2088/2102/2204 2085/2099/2201
f 2089/2103/2205 2090/2104/2206 2088/2102/2204
f 2088/2102/2204 2087/2101/2203 2089/2103/2205
f 2090/2104/2206 2089/2103/2205 2091/2105/2207
f 2091/2105/2207 2092/2106/2208 2090/2104/2206
f 2093/2107/2209 2094/2108/2210 2092/2106/2208
f 2092/2106/2208 2091/2105/2207 2093/2107/2209
f 2095/2109/2211 2096/2110/2212 2078/2092/2194
f 2078/2092/2194 2077/2091/2193 2095/2109/2211
f 2097/2111/2213 2098/2112/2214 2099/2113/2215
f 2099/2113/2215 2100/2114/2216 2097/2111/2213
f 2100/2114/2216 2099/2113/2215 2101/2115/2217
f 2101/2115/2217 2102/2116/2218 2100/2114/2216
f 2103/2117/2219 2104/2118/2220 2102/2116/2218
f 2102/2116/2218 2101/2115/2217 2103/2117/2219
f 2105/2119/2221 2106/2120/2222 2107/2121/2223
f 2107/2121/2223 2108/2122/2224 2105/2119/2221
f 2109/2123/2225 2110/2124/2226 2108/2122/2224
f 2108/2122/2224 2107/2121/2223 2109/2123/2225
f 2110/2124/2226 2109/2123/2225 2111/2125/2227
f 2111/2125/2227 2112/2126/2228 2110/2124/2226
f 2113/2127/2229 2114/2128/2230 2112/2126/2228
f 2112/2126/2228 2111/2125/2227 2113/2127/2229
f 2115/2129/2231 2116/2130/2232 2098/2112/2214
f 2098/2112/2214 2097/2111/2213 2115/2129/2231
f 2117/2131/2233 2118/2132/2234 2119/2133/2235
f 2119/2133/2235 2120/2134/2236 2117/2131/2233
f 2120/2134/2236 2119/2133/2235 2121/2135/2237
f 2121/2135/2237 2122/2136/2238 2120/2134/2236
f 2123/2137/2239 2124/2138/2240 2122/2136/2238
f 2122/2136/2238 2121/2135/2237 2123/2137/2239
f 2125/2139/2241 2126/2140/2242 2127/2141/2243
f 2127/2141/2243 2128/2142/2244 2125/2139/2241
f 2129/2143/2245 2130/2144/2246 2128/2142/2244
f 2128/2142/2244 2127/2141/2243 2129/2143/2245
f 2130/2144/2246 2129/2143/2245 2131/2145/2247
f 2131/2145/2247 2132/2146/2248 2130/2144/2246
f 2133/2147/2249 2134/2148/2250 2132/2146/2248
f 2132/2146/2248 2131/2145/2247 2133/2147/2249
f 2135/2149/2251 2136/2150/2252 2118/2132/2234
f 2118/2132/2234 2117/2131/2233 2135/2149/2251
f 2137/2151/2253 2138/2152/2254 2139/2153/2255
f 2139/2153/2255 2140/2154/2256 2137/2151/2253
f 2140/2154/2256 2139/2153/2255 2141/2155/2257
f 2141/2155/2257 2142/2156/2258 2140/2154/2256
f 2143/2157/2259 2144/2158/2260 2142/2156/2258
f 2142/2156/2258 2141/2155/2257 2143/2157/2259
f 2145/2159/2261 2146/2160/2262 2147/2161/2263
f 2147/2161/2263 2148/2162/2264 2145/2159/2261
f 2149/2163/2265 2150/2164/2266 2148/2162/2264
f 2148/2162/2264 2147/2161/2263 2149/2163/2265
f 2150/2164/2266 2149/2163/2265 2151/2165/2267
f 2151/2165/2267 2152/2166/2268 2150/2164/2266
f 2153/2167/2269 2154/2168/2270 2152/2166/2268
f 2152/2166/2268 2151/2165/2267 2153/2167/2269
f 2155/2169/2271 2156/2170/2272 2138/2152/2254
f 2138/2152/2254 2137/2151/2253 2155/2169/2271
f 2157/2171/2273 2158/2172/2274 2159/2173/2275
f 2159/2173/2275 2160/2174/2276 2157/2171/2273
f 2160/2174/2276 2159/2173/2275 2161/2175/2277
f 2161/2175/2277 2162/2176/2278 2160/2174/2276
f 1905/1919/2021 2160/2174/2276 2162/2176/2278
f 2162/2176/2278 1907/1921/2023 1905/1919/2021
f 1904/1918/2020 2157/2171/2273 2160/2174/2276
f 2160/2174/2276 1905/1919/2021 1904/1918/2020
f 2162/2176/2278 2161/2175/2277 2163/2177/2279
f 2163/2177/2279 2164/2178/2280 2162/2176/2278
f 2165/2179/2281 2166/2180/2282 2167/2181/2283
f 2167/2181/2283 2168/2182/2284 2165/2179/2281
f 1911/1925/2027 2165/2179/2281 2168/2182/2284
f 2168/2182/2284 1912/1926/2028 1911/1925/2027
f 1907/1921/2023 2162/2176/2278 2164/2178/2280
f 2164/2178/2280 1908/1922/2024 1907/1921/2023
f 2168/2182/2284 2167/2181/2283 2169/2183/2285
f 2169/2183/2285 2170/2184/2286 2168/2182/2284
f 2170/2184/2286 2169/2183/2285 2171/2185/2287
f 2171/2185/2287 2172/2186/2288 2170/2184/2286
f 1909/1923/2025 2170/2184/2286 2172/2186/2288
f 2172/2186/2288 1913/1927/2029 1909/1923/2025
f 1912/1926/2028 2168/2182/2284 2170/2184/2286
f 2170/2184/2286 1909/1923/2025 1912/1926/2028
f 2172/2186/2288 2171/2185/2287 2173/2187/2289
f 2173/2187/2289 2174/2188/2290 2172/2186/2288
f 2175/2189/2291 2176/2190/2292 2158/2172/2274
f 2158/2172/2274 2157/2171/2273 2175/2189/2291
f 1903/1917/2019 2175/2189/2291 2157/2171/2273
f 2157/2171/2273 1904/1918/2020 1903/1917/2019
f 1913/1927/2029 2172/2186/2288 2174/2188/2290
f 2174/2188/2290 1914/1928/2030 1913/1927/2029
f 2177/2191/2293 2178/2192/2294 2179/2193/2295
f 2179/2193/2295 2180/2194/2296 2177/2191/2293
f 2180/2194/2296 2179/2193/2295 2181/2195/2297
f 2181/2195/2297 2182/2196/2298 2180/2194/2296
f 1917/1931/2033 2180/2194/2296 2182/2196/2298
f 2182/2196/2298 1919/1933/2035 1917/1931/2033
f 1916/1930/2032 2177/2191/2293 2180/2194/2296
f 2180/2194/2296 1917/1931/2033 1916/1930/2032
f 2182/2196/2298 2181/2195/2297 2183/2197/2299
f 2183/2197/2299 2184/2198/2300 2182/2196/2298
f 2185/2199/2301 2186/2200/2302 2187/2201/2303
f 2187/2201/2303 2188/2202/2304 2185/2199/2301
f 1923/1937/2039 2185/2199/2301 2188/2202/2304
f 2188/2202/2304 1924/1938/2040 1923/1937/2039
f 1919/1933/2035 2182/2196/2298 2184/2198/2300
f 2184/2198/2300 1920/1934/2036 1919/1933/2035
f 2188/2202/2304 2187/2201/2303 2189/2203/2305
f 2189/2203/2305 2190/2204/2306 2188/2202/2304
f 2190/2204/2306 2189/2203/2305 2191/2205/2307
f 2191/2205/2307 2192/2206/2308 2190/2204/2306
f 1921/1935/2037 2190/2204/2306 2192/2206/2308
f 2192/2206/2308 1925/1939/2041 1921/1935/2037
f 1924/1938/2040 2188/2202/2304 2190/2204/2306
f 2190/2204/2306 1921/1935/2037 1924/1938/2040
f 2192/2206/2308 2191/2205/2307 2193/2207/2309
f 2193/2207/2309 2194/2208/2310 2192/2206/2308
f 2195/2209/2311 2196/2210/2312 2178/2192/2294
f 2178/2192/2294 2177/2191/2293 2195/2209/2311
f 1915/1929/2031 2195/2209/2311 2177/2191/2293
f 2177/2191/2293 1916/1930/2032 1915/1929/2031
f 1925/1939/2041 2192/2206/2308 2194/2208/2310
f 2194/2208/2310 1926/1940/2042 1925/1939/2041
f 2197/2211/2313 2198/2212/2314 2199/2213/2315
f 2199/2213/2315 2200/2214/2316 2197/2211/2313
f 2200/2214/2316 2199/2213/2315 2201/2215/2317
f 2201/2215/2317 2202/2216/2318 2200/2214/2316
f 1929/1943/2045 2200/2214/2316 2202/2216/2318
f 2202/2216/2318 1931/1945/2047 1929/1943/2045
f 1928/1942/2044 2197/2211/2313 2200/2214/2316
f 2200/2214/2316 1929/1943/2045 1928/1942/2044
f 2202/2216/2318 2201/2215/2317 2203/2217/2319
f 2203/2217/2319 2204/2218/2320 2202/2216/2318
f 2205/2219/2321 2206/2220/2322 2207/2221/2323
f 2207/2221/2323 2208/2222/2324 2205/2219/2321
f 1935/1949/2051 2205/2219/2321 2208/2222/2324
f 2208/2222/2324 1936/1950/2052 1935/1949/2051
f 1931/1945/2047 2202/2216/2318 2204/2218/2320
f 2204/2218/2320 1932/1946/2048 1931/1945/2047
f 2208/2222/2324 2207/2221/2323 2209/2223/2325
f 2209/2223/2325 2210/2224/2326 2208/2222/2324
f 2210/2224/2326 2209/2223/2325 2211/2225/2327
f 2211/2225/2327 2212/2226/2328 2210/2224/2326
f 1933/1947/2049 2210/2224/2326 2212/2226/2328
f 2212/2226/2328 1937/1951/2053 1933/1947/2049
f 1936/1950/2052 2208/2222/2324 2210/2224/2326
f 2210/2224/2326 1933/1947/2049 1936/1950/2052
f 2212/2226/2328 2211/2225/2327 2213/2227/2329
f 2213/2227/2329 2214/2228/2330 2212/2226/2328
f 2215/2229/2331 2216/2230/2332 2198/2212/2314
f 2198/2212/2314 2197/2211/2313 2215/2229/2331
f 1927/1941/2043 2215/2229/2331 2197/2211/2313
f 2197/2211/2313 1928/1942/2044 1927/1941/2043
f 1937/1951/2053 2212/2226/2328 2214/2228/2330
f 2214/2228/2330 1938/1952/2054 1937/1951/2053
f 2217/2231/2333 2218/2232/2334 2219/2233/2335
f 2219/2233/2335 2220/2234/2336 2217/2231/2333
f 2220/2234/2336 2219/2233/2335 2221/2235/2337
f 2221/2235/2337 2222/2236/2338 2220/2234/2336
f 1941/1955/2057 2220/2234/2336 2222/2236/2338
f 2222/2236/2338 1943/1957/2059 1941/1955/2057
f 1940/1954/2056 2217/2231/2333 2220/2234/2336
f 2220/2234/2336 1941/1955/2057 1940/1954/2056
f 2222/2236/2338 2221/2235/2337 2223/2237/2339
f 2223/2237/2339 2224/2238/2340 2222/2236/2338
f 2225/2239/2341 2226/2240/2342 2227/2241/2343
f 2227/2241/2343 2228/2242/2344 2225/2239/2341
f 1947/1961/2063 2225/2239/2341 2228/2242/2344
f 2228/2242/2344 1948/1962/2064 1947/1961/2063
f 1943/1957/2059 2222/2236/2338 2224/2238/2340
f 2224/2238/2340 1944/1958/2060 1943/1957/2059
f 2228/2242/2344 2227/2241/2343 2229/2243/2345
f 2229/2243/2345 2230/2244/2346 2228/2242/2344
f 2230/2244/2346 2229/2243/2345 2231/2245/2347
f 2231/2245/2347 2232/2246/2348 2230/2244/2346
f 1945/1959/2061 2230/2244/2346 2232/2246/2348
f 2232/2246/2348 1949/1963/2065 1945/1959/2061
f 1948/1962/2064 2228/2242/2344 2230/2244/2346
f 2230/2244/2346 1945/1959/2061 1948/1962/2064
f 2232/2246/2348 2231/2245/2347 2233/2247/2349
f 2233/2247/2349 2234/2248/2350 2232/2246/2348
f 2235/2249/2351 2236/2250/2352 2218/2232/2334
f 2218/2232/2334 2217/2231/2333 2235/2249/2351
f 1939/1953/2055 2235/2249/2351 2217/2231/2333
f 2217/2231/2333 1940/1954/2056 1939/1953/2055
f 1949/1963/2065 2232/2246/2348 2234/2248/2350
f 2234/2248/2350 1950/1964/2066 1949/1963/2065
f 2237/2251/2353 2238/2252/2354 1804/1818/1916
f 1804/1818/1916 1898/1912/2014 2237/2251/2353
f 2239/2253/2355 2240/2254/2356 1837/1851/1949
f 1837/1851/1949 1809/1823/1921 2239/2253/2355
f 2241/2255/2357 2240/2254/2356 2239/2253/2355
f 2239/2253/2355 2242/2256/2358 2241/2255/2357
f 2239/2253/2355 1809/1823/1921 1808/1822/1920
f 1808/1822/1920 2243/2257/2359 2239/2253/2355
f 2244/2258/2360 1805/1819/1917 1804/1818/1916
f 1804/1818/1916 2238/2252/2354 2244/2258/2360
f 2245/2259/2361 2246/2260/2362 2238/2252/2354
f 2238/2252/2354 2247/2261/2363 2245/2259/2361
f 2242/2256/2358 2239/2253/2355 2243/2257/2359
f 2243/2257/2359 2248/2262/2364 2242/2256/2358
f 2249/2263/2365 2237/2251/2353 1898/1912/2014
f 1898/1912/2014 1826/1840/1938 2249/2263/2365
f 2249/2263/2365 1826/1840/1938 1825/1839/1937
f 1825/1839/1937 2250/2264/2366 2249/2263/2365
f 2251/2265/2367 1829/1843/1941 1828/1842/1940
f 1828/1842/1940 2252/2266/2368 2251/2265/2367
f 2240/2254/2356 2252/2266/2368 1828/1842/1940
f 1828/1842/1940 1837/1851/1949 2240/2254/2356
f 2253/2267/2369 2252/2266/2368 2240/2254/2356
f 2240/2254/2356 2241/2255/2357 2253/2267/2369
f 2238/2252/2354 2237/2251/2353 2254/2268/2370
f 2254/2268/2370 2247/2261/2363 2238/2252/2354
f 2255/2269/2371 2256/2270/2372 2257/2271/2373
f 2257/2271/2373 2258/2272/2374 2255/2269/2371
f 2259/2273/2375 2260/2274/2376 2261/2275/2377
f 2261/2275/2377 2262/2276/2378 2259/2273/2375
f 2263/2277/2379 2264/2278/2380 2256/2270/2372
f 2256/2270/2372 2255/2269/2371 2263/2277/2379
f 2262/2276/2378 2261/2275/2377 2265/2279/2381
f 2265/2279/2381 2266/2280/2382 2262/2276/2378
f 2237/2251/2353 2249/2263/2365 2267/2281/2383
f 2267/2281/2383 2254/2268/2370 2237/2251/2353
f 2257/2271/2373 2268/2282/2384 2258/2272/2374
f 2249/2263/2365 2250/2264/2366 2269/2283/2385
f 2269/2283/2385 2267/2281/2383 2249/2263/2365
f 2251/2265/2367 2252/2266/2368 2253/2267/2369
f 2253/2267/2369 2270/2284/2386 2251/2265/2367
f 2271/2285/2387 2260/2274/2376 2259/2273/2375
f 2272/2286/2388 2273/2287/2389 2274/2288/2390
f 2274/2288/2390 2275/2289/2391 2272/2286/2388
f 1814/1828/1926 2273/2287/2389 2272/2286/2388
f 2272/2286/2388 1815/1829/1927 1814/1828/1926
f 2276/2290/2392 2277/2291/2393 2278/2292/2394
f 2278/2292/2394 2279/2293/2395 2276/2290/2392
f 1819/1833/1931 2277/2291/2393 2276/2290/2392
f 2276/2290/2392 1816/1830/1928 1819/1833/1931
f 2276/2290/2392 2279/2293/2395 2280/2294/2396
f 2280/2294/2396 2281/2295/2397 2276/2290/2392
f 2282/2296/2398 2283/2297/2399 2274/2288/2390
f 2274/2288/2390 2273/2287/2389 2282/2296/2398
f 1813/1827/1925 2282/2296/2398 2273/2287/2389
f 2273/2287/2389 1814/1828/1926 1813/1827/1925
f 1816/1830/1928 2276/2290/2392 2281/2295/2397
f 2281/2295/2397 1817/1831/1929 1816/1830/1928
f 2284/2298/2400 2272/2286/2388 2275/2289/2391
f 2275/2289/2391 2285/2299/2401 2284/2298/2400
f 1815/1829/1927 2272/2286/2388 2284/2298/2400
f 2284/2298/2400 1821/1835/1933 1815/1829/1927
f 2284/2298/2400 2285/2299/2401 2286/2300/2402
f 2286/2300/2402 2287/2301/2403 2284/2298/2400
f 2288/2302/2404 2289/2303/2405 2290/2304/2406
f 2290/2304/2406 2291/2305/2407 2288/2302/2404
f 1822/1836/1934 2288/2302/2404 2291/2305/2407
f 2291/2305/2407 1823/1837/1935 1822/1836/1934
f 1821/1835/1933 2284/2298/2400 2287/2301/2403
f 2287/2301/2403 1820/1834/1932 1821/1835/1933
f 2277/2291/2393 2291/2305/2407 2290/2304/2406
f 2290/2304/2406 2278/2292/2394 2277/2291/2393
f 1823/1837/1935 2291/2305/2407 2277/2291/2393
f 2277/2291/2393 1819/1833/1931 1823/1837/1935
f 2048/2062/2164 2074/2088/2190 2044/2058/2160
f 2044/2058/2160 2041/2055/2157 2048/2062/2164
f 2076/2090/2192 2049/2063/2165 2050/2064/2166
f 2050/2064/2166 2058/2072/2174 2076/2090/2192
f 2051/2065/2167 2054/2068/2170 2058/2072/2174
f 2058/2072/2174 2050/2064/2166 2051/2065/2167
f 2054/2068/2170 2051/2065/2167 2052/2066/2168
f 2052/2066/2168 2055/2069/2171 2054/2068/2170
f 2059/2073/2175 2064/2078/2180 2055/2069/2171
f 2055/2069/2171 2052/2066/2168 2059/2073/2175
f 2062/2076/2178 2060/2074/2176 2039/2053/2155
f 2039/2053/2155 2047/2061/2163 2062/2076/2178
f 2047/2061/2163 2039/2053/2155 2040/2054/2156
f 2040/2054/2156 2043/2057/2159 2047/2061/2163
f 2043/2057/2159 2040/2054/2156 2041/2055/2157
f 2041/2055/2157 2044/2058/2160 2043/2057/2159
f 2073/2087/2189 2143/2157/2259 2141/2155/2257
f 2141/2155/2257 2045/2059/2161 2073/2087/2189
f 2146/2160/2262 2075/2089/2191 2057/2071/2173
f 2057/2071/2173 2147/2161/2263 2146/2160/2262
f 2053/2067/2169 2149/2163/2265 2147/2161/2263
f 2147/2161/2263 2057/2071/2173 2053/2067/2169
f 2149/2163/2265 2053/2067/2169 2056/2070/2172
f 2056/2070/2172 2151/2165/2267 2149/2163/2265
f 2063/2077/2179 2153/2167/2269 2151/2165/2267
f 2151/2165/2267 2056/2070/2172 2063/2077/2179
f 2156/2170/2272 2061/2075/2177 2046/2060/2162
f 2046/2060/2162 2138/2152/2254 2156/2170/2272
f 2138/2152/2254 2046/2060/2162 2042/2056/2158
f 2042/2056/2158 2139/2153/2255 2138/2152/2254
f 2139/2153/2255 2042/2056/2158 2045/2059/2161
f 2045/2059/2161 2141/2155/2257 2139/2153/2255
f 2020/2034/2136 2070/2084/2186 2016/2030/2132
f 2016/2030/2132 2013/2027/2129 2020/2034/2136
f 2072/2086/2188 2021/2035/2137 2022/2036/2138
f 2022/2036/2138 2030/2044/2146 2072/2086/2188
f 2023/2037/2139 2026/2040/2142 2030/2044/2146
f 2030/2044/2146 2022/2036/2138 2023/2037/2139
f 2026/2040/2142 2023/2037/2139 2024/2038/2140
f 2024/2038/2140 2027/2041/2143 2026/2040/2142
f 2032/2046/2148 2038/2052/2154 2027/2041/2143
f 2027/2041/2143 2024/2038/2140 2032/2046/2148
f 2036/2050/2152 2033/2047/2149 2011/2025/2127
f 2011/2025/2127 2019/2033/2135 2036/2050/2152
f 2019/2033/2135 2011/2025/2127 2012/2026/2128
f 2012/2026/2128 2015/2029/2131 2019/2033/2135
f 2015/2029/2131 2012/2026/2128 2013/2027/2129
f 2013/2027/2129 2016/2030/2132 2015/2029/2131
f 2069/2083/2185 2123/2137/2239 2121/2135/2237
f 2121/2135/2237 2017/2031/2133 2069/2083/2185
f 2126/2140/2242 2071/2085/2187 2029/2043/2145
f 2029/2043/2145 2127/2141/2243 2126/2140/2242
f 2025/2039/2141 2129/2143/2245 2127/2141/2243
f 2127/2141/2243 2029/2043/2145 2025/2039/2141
f 2129/2143/2245 2025/2039/2141 2028/2042/2144
f 2028/2042/2144 2131/2145/2247 2129/2143/2245
f 2037/2051/2153 2133/2147/2249 2131/2145/2247
f 2131/2145/2247 2028/2042/2144 2037/2051/2153
f 2136/2150/2252 2035/2049/2151 2018/2032/2134
f 2018/2032/2134 2118/2132/2234 2136/2150/2252
f 2118/2132/2234 2018/2032/2134 2014/2028/2130
f 2014/2028/2130 2119/2133/2235 2118/2132/2234
f 2119/2133/2235 2014/2028/2130 2017/2031/2133
f 2017/2031/2133 2121/2135/2237 2119/2133/2235
f 1992/2006/2108 2066/2080/2182 1988/2002/2104
f 1988/2002/2104 1985/1999/2101 1992/2006/2108
f 2068/2082/2184 1993/2007/2109 1994/2008/2110
f 1994/2008/2110 2002/2016/2118 2068/2082/2184
f 1995/2009/2111 1998/2012/2114 2002/2016/2118
f 2002/2016/2118 1994/2008/2110 1995/2009/2111
f 1998/2012/2114 1995/2009/2111 1996/2010/2112
f 1996/2010/2112 1999/2013/2115 1998/2012/2114
f 2004/2018/2120 2010/2024/2126 1999/2013/2115
f 1999/2013/2115 1996/2010/2112 2004/2018/2120
f 2008/2022/2124 2005/2019/2121 1983/1997/2099
f 1983/1997/2099 1991/2005/2107 2008/2022/2124
f 1991/2005/2107 1983/1997/2099 1984/1998/2100
f 1984/1998/2100 1987/2001/2103 1991/2005/2107
f 1987/2001/2103 1984/1998/2100 1985/1999/2101
f 1985/1999/2101 1988/2002/2104 1987/2001/2103
f 2065/2079/2181 2103/2117/2219 2101/2115/2217
f 2101/2115/2217 1989/2003/2105 2065/2079/2181
f 2106/2120/2222 2067/2081/2183 2001/2015/2117
f 2001/2015/2117 2107/2121/2223 2106/2120/2222
f 1997/2011/2113 2109/2123/2225 2107/2121/2223
f 2107/2121/2223 2001/2015/2117 1997/2011/2113
f 2109/2123/2225 1997/2011/2113 2000/2014/2116
f 2000/2014/2116 2111/2125/2227 2109/2123/2225
f 2009/2023/2125 2113/2127/2229 2111/2125/2227
f 2111/2125/2227 2000/2014/2116 2009/2023/2125
f 2116/2130/2232 2007/2021/2123 1990/2004/2106
f 1990/2004/2106 2098/2112/2214 2116/2130/2232
f 2098/2112/2214 1990/2004/2106 1986/2000/2102
f 1986/2000/2102 2099/2113/2215 2098/2112/2214
f 2099/2113/2215 1986/2000/2102 1989/2003/2105
f 1989/2003/2105 2101/2115/2217 2099/2113/2215
f 1960/1974/2076 1968/1982/2084 1956/1970/2072
f 1956/1970/2072 1953/1967/2069 1960/1974/2076
f 1964/1978/2080 1961/1975/2077 1962/1976/2078
f 1962/1976/2078 1965/1979/2081 1964/1978/2080
f 1969/1983/2085 1972/1986/2088 1965/1979/2081
f 1965/1979/2081 1962/1976/2078 1969/1983/2085
f 1972/1986/2088 1969/1983/2085 1970/1984/2086
f 1970/1984/2086 1973/1987/2089 1972/1986/2088
f 1976/1990/2092 1982/1996/2098 1973/1987/2089
f 1973/1987/2089 1970/1984/2086 1976/1990/2092
f 1980/1994/2096 1977/1991/2093 1951/1965/2067
f 1951/1965/2067 1959/1973/2075 1980/1994/2096
f 1959/1973/2075 1951/1965/2067 1952/1966/2068
f 1952/1966/2068 1955/1969/2071 1959/1973/2075
f 1955/1969/2071 1952/1966/2068 1953/1967/2069
f 1953/1967/2069 1956/1970/2072 1955/1969/2071
f 1967/1981/2083 2083/2097/2199 2081/2095/2197
f 2081/2095/2197 1957/1971/2073 1967/1981/2083
f 2086/2100/2202 1963/1977/2079 1966/1980/2082
f 1966/1980/2082 2087/2101/2203 2086/2100/2202
f 1971/1985/2087 2089/2103/2205 2087/2101/2203
f 2087/2101/2203 1966/1980/2082 1971/1985/2087
f 2089/2103/2205 1971/1985/2087 1974/1988/2090
f 1974/1988/2090 2091/2105/2207 2089/2103/2205
f 1981/1995/2097 2093/2107/2209 2091/2105/2207
f 2091/2105/2207 1974/1988/2090 1981/1995/2097
f 2096/2110/2212 1979/1993/2095 1958/1972/2074
f 1958/1972/2074 2078/2092/2194 2096/2110/2212
f 2078/2092/2194 1958/1972/2074 1954/1968/2070
f 1954/1968/2070 2079/2093/2195 2078/2092/2194
f 2079/2093/2195 1954/1968/2070 1957/1971/2073
f 1957/1971/2073 2081/2095/2197 2079/2093/2195
f 2218/2232/2334 2137/2151/2253 2140/2154/2256
f 2140/2154/2256 2219/2233/2335 2218/2232/2334
f 2236/2250/2352 2155/2169/2271 2137/2151/2253
f 2137/2151/2253 2218/2232/2334 2236/2250/2352
f 2233/2247/2349 2231/2245/2347 2152/2166/2268
f 2152/2166/2268 2154/2168/2270 2233/2247/2349
f 2229/2243/2345 2150/2164/2266 2152/2166/2268
f 2152/2166/2268 2231/2245/2347 2229/2243/2345
f 2229/2243/2345 2227/2241/2343 2148/2162/2264
f 2148/2162/2264 2150/2164/2266 2229/2243/2345
f 2226/2240/2342 2145/2159/2261 2148/2162/2264
f 2148/2162/2264 2227/2241/2343 2226/2240/2342
f 2223/2237/2339 2221/2235/2337 2142/2156/2258
f 2142/2156/2258 2144/2158/2260 2223/2237/2339
f 2219/2233/2335 2140/2154/2256 2142/2156/2258
f 2142/2156/2258 2221/2235/2337 2219/2233/2335
f 2198/2212/2314 2117/2131/2233 2120/2134/2236
f 2120/2134/2236 2199/2213/2315 2198/2212/2314
f 2216/2230/2332 2135/2149/2251 2117/2131/2233
f 2117/2131/2233 2198/2212/2314 2216/2230/2332
f 2213/2227/2329 2211/2225/2327 2132/2146/2248
f 2132/2146/2248 2134/2148/2250 2213/2227/2329
f 2209/2223/2325 2130/2144/2246 2132/2146/2248
f 2132/2146/2248 2211/2225/2327 2209/2223/2325
f 2209/2223/2325 2207/2221/2323 2128/2142/2244
f 2128/2142/2244 2130/2144/2246 2209/2223/2325
f 2206/2220/2322 2125/2139/2241 2128/2142/2244
f 2128/2142/2244 2207/2221/2323 2206/2220/2322
f 2203/2217/2319 2201/2215/2317 2122/2136/2238
f 2122/2136/2238 2124/2138/2240 2203/2217/2319
f 2199/2213/2315 2120/2134/2236 2122/2136/2238
f 2122/2136/2238 2201/2215/2317 2199/2213/2315
f 2178/2192/2294 2097/2111/2213 2100/2114/2216
f 2100/2114/2216 2179/2193/2295 2178/2192/2294
f 2196/2210/2312 2115/2129/2231 2097/2111/2213
f 2097/2111/2213 2178/2192/2294 2196/2210/2312
f 2193/2207/2309 2191/2205/2307 2112/2126/2228
f 2112/2126/2228 2114/2128/2230 2193/2207/2309
f 2189/2203/2305 2110/2124/2226 2112/2126/2228
f 2112/2126/2228 2191/2205/2307 2189/2203/2305
f 2189/2203/2305 2187/2201/2303 2108/2122/2224
f 2108/2122/2224 2110/2124/2226 2189/2203/2305
f 2186/2200/2302 2105/2119/2221 2108/2122/2224
f 2108/2122/2224 2187/2201/2303 2186/2200/2302
f 2183/2197/2299 2181/2195/2297 2102/2116/2218
f 2102/2116/2218 2104/2118/2220 2183/2197/2299
f 2179/2193/2295 2100/2114/2216 2102/2116/2218
f 2102/2116/2218 2181/2195/2297 2179/2193/2295
f 2158/2172/2274 2077/2091/2193 2080/2094/2196
f 2080/2094/2196 2159/2173/2275 2158/2172/2274
f 2176/2190/2292 2095/2109/2211 2077/2091/2193
f 2077/2091/2193 2158/2172/2274 2176/2190/2292
f 2173/2187/2289 2171/2185/2287 2092/2106/2208
f 2092/2106/2208 2094/2108/2210 2173/2187/2289
f 2169/2183/2285 2090/2104/2206 2092/2106/2208
f 2092/2106/2208 2171/2185/2287 2169/2183/2285
f 2169/2183/2285 2167/2181/2283 2088/2102/2204
f 2088/2102/2204 2090/2104/2206 2169/2183/2285
f 2166/2180/2282 2085/2099/2201 2088/2102/2204
f 2088/2102/2204 2167/2181/2283 2166/2180/2282
f 2163/2177/2279 2161/2175/2277 2082/2096/2198
f 2082/2096/2198 2084/2098/2200 2163/2177/2279
f 2159/2173/2275 2080/2094/2196 2082/2096/2198
f 2082/2096/2198 2161/2175/2277 2159/2173/2275
f 2256/2270/2372 2247/2261/2363 2254/2268/2370
f 2254/2268/2370 2257/2271/2373 2256/2270/2372
f 2257/2271/2373 2254/2268/2370 2267/2281/2383
f 2267/2281/2383 2268/2282/2384 2257/2271/2373
f 2268/2282/2384 2267/2281/2383 2269/2283/2385
f 2269/2283/2385 2292/2306/2408 2268/2282/2384
f 2293/2307/2409 2270/2284/2386 2253/2267/2369
f 2253/2267/2369 2271/2285/2387 2293/2307/2409
f 2271/2285/2387 2253/2267/2369 2241/2255/2357
f 2241/2255/2357 2260/2274/2376 2271/2285/2387
f 2260/2274/2376 2241/2255/2357 2242/2256/2358
f 2242/2256/2358 2261/2275/2377 2260/2274/2376
f 2261/2275/2377 2242/2256/2358 2248/2262/2364
f 2248/2262/2364 2265/2279/2381 2261/2275/2377
f 2264/2278/2380 2245/2259/2361 2247/2261/2363
f 2247/2261/2363 2256/2270/2372 2264/2278/2380
f 2258/2272/2374 2275/2289/2391 2274/2288/2390
f 2274/2288/2390 2255/2269/2371 2258/2272/2374
f 2268/2282/2384 2285/2299/2401 2275/2289/2391
f 2275/2289/2391 2258/2272/2374 2268/2282/2384
f 2285/2299/2401 2268/2282/2384 2292/2306/2408
f 2292/2306/2408 2286/2300/2402 2285/2299/2401
f 2289/2303/2405 2293/2307/2409 2271/2285/2387
f 2271/2285/2387 2290/2304/2406 2289/2303/2405
f 2259/2273/2375 2278/2292/2394 2290/2304/2406
f 2290/2304/2406 2271/2285/2387 2259/2273/2375
f 2262/2276/2378 2279/2293/2395 2278/2292/2394
f 2278/2292/2394 2259/2273/2375 2262/2276/2378
f 2279/2293/2395 2262/2276/2378 2266/2280/2382
f 2266/2280/2382 2280/2294/2396 2279/2293/2395
f 2283/2297/2399 2263/2277/2379 2255/2269/2371
f 2255/2269/2371 2274/2288/2390 2283/2297/2399
f 1842/1856/1954 1847/1861/1959 1841/1855/1953
f 1842/1856/1954 1841/1855/1953 1838/1852/1950
f 1846/1860/1958 1845/1859/1957 1841/1855/1953
f 1846/1860/1958 1858/1872/1970 1845/1859/1957
f 1838/1852/1950 1831/1845/1943 1843/1857/1955
f 1857/1871/1969 1855/1869/1967 1845/1859/1957
f 1857/1871/1969 1859/1873/1971 1855/1869/1967
f 1855/1869/1967 1860/1874/1972 1856/1870/1968
f 1885/1899/1999 1879/1893/1991 1889/1903/2003
f 1888/1902/2002 1887/1901/2001 1885/1899/1999
f 1888/1902/2002 1894/1908/2008 1887/1901/2001
f 1893/1907/2007 1892/1906/2006 1887/1901/2001
f 1893/1907/2007 1901/1915/2017 1892/1906/2006
f 1900/1914/2016 1899/1913/2015 1892/1906/2006
f 1900/1914/2016 1902/1916/2018 1899/1913/2015
f 1899/1913/2015 1827/1841/1939 1826/1840/1938
f 2294/2308/2410 2295/2309/2411 2296/1555/1638
f 2296/1555/1638 2297/1550/1634 2294/2308/2410
f 2298/1521/1600 2299/1520/1599 2295/2309/2411
f 2295/2309/2411 2294/2308/2410 2298/1521/1600
f 2300/2310/2412 2299/1520/1599 2301/163/159
f 2301/163/159 2302/2311/2413 2300/2310/2412
f 2302/2311/2413 2301/163/159 2303/1515/1596
f 2303/1515/1596 2304/2312/2414 2302/2311/2413
f 2304/2312/2414 2303/1515/1596 2305/1543/1627
f 2305/1543/1627 2306/2313/2415 2304/2312/2414
f 2307/2314/2416 2308/1528/1609 2309/1535/1617
f 2309/1535/1617 2310/2315/2417 2307/2314/2416
f 2310/2315/2417 2309/1535/1617 2311/1548/1632
f 2311/1548/1632 2312/2316/2418 2310/2315/2417
f 2312/2316/2418 2311/1548/1632 2296/1555/1638
f 2296/1555/1638 2313/2317/2419 2312/2316/2418
f 2313/2317/2419 2296/1555/1638 2295/2309/2411
f 2295/2309/2411 2314/2318/2420 2313/2317/2419
f 2314/2318/2420 2295/2309/2411 2299/1520/1599
f 2299/1520/1599 2300/2310/2412 2314/2318/2420
f 2315/2319/2421 2300/2310/2412 2302/2311/2413
f 2302/2311/2413 2316/2320/2422 2315/2319/2421
f 2316/2320/2422 2302/2311/2413 2304/2312/2414
f 2304/2312/2414 2317/2321/2423 2316/2320/2422
f 2317/2321/2423 2304/2312/2414 2306/2313/2415
f 2306/2313/2415 2318/2322/2424 2317/2321/2423
f 2319/2323/2425 2307/2314/2416 2310/2315/2417
f 2310/2315/2417 2320/2324/2426 2319/2323/2425
f 2320/2324/2426 2310/2315/2417 2312/2316/2418
f 2312/2316/2418 2321/2325/2427 2320/2324/2426
f 2321/2325/2427 2312/2316/2418 2313/2317/2419
f 2313/2317/2419 2322/2326/2428 2321/2325/2427
f 2322/2326/2428 2313/2317/2419 2314/2318/2420
f 2314/2318/2420 2323/2327/2429 2322/2326/2428
f 2323/2327/2429 2314/2318/2420 2300/2310/2412
f 2300/2310/2412 2315/2319/2421 2323/2327/2429
f 2324/2328/2430 2325/2329/2431 2326/2330/2432
f 2326/2330/2432 2327/2331/2433 2324/2328/2430
f 2327/2331/2433 2326/2330/2432 2328/2332/2434
f 2328/2332/2434 2329/2333/2435 2327/2331/2433
f 2329/2333/2435 2328/2332/2434 2330/2334/2436
f 2330/2334/2436 2331/2335/2437 2329/2333/2435
f 2332/2336/2438 2333/2337/2439 2334/2338/2440
f 2334/2338/2440 2335/2339/2441 2332/2336/2438
f 2335/2339/2441 2334/2338/2440 2336/2340/2442
f 2336/2340/2442 2337/2341/2443 2335/2339/2441
f 2337/2341/2443 2336/2340/2442 2338/2342/2444
f 2338/2342/2444 2339/2343/2445 2337/2341/2443
f 2339/2343/2445 2338/2342/2444 2340/2344/2446
f 2340/2344/2446 2341/2345/2447 2339/2343/2445
f 2341/2345/2447 2340/2344/2446 2325/2329/2431
f 2325/2329/2431 2324/2328/2430 2341/2345/2447
f 2342/2346/2448 2343/2347/2449 2344/2348/2450
f 2344/2348/2450 2345/2349/2451 2342/2346/2448
f 2345/2349/2451 2344/2348/2450 2346/2350/2452
f 2346/2350/2452 2347/2351/2453 2345/2349/2451
f 2347/2351/2453 2346/2350/2452 2348/2352/2454
f 2348/2352/2454 2349/2353/2455 2347/2351/2453
f 2350/2354/2456 2351/2355/2457 2352/2356/2458
f 2352/2356/2458 2353/2357/2459 2350/2354/2456
f 2353/2357/2459 2352/2356/2458 2354/2358/2460
f 2354/2358/2460 2355/2359/2461 2353/2357/2459
f 2355/2359/2461 2354/2358/2460 2356/2360/2462
f 2356/2360/2462 2357/2361/2463 2355/2359/2461
f 2357/2361/2463 2356/2360/2462 2358/2362/2464
f 2358/2362/2464 2359/2363/2465 2357/2361/2463
f 2359/2363/2465 2358/2362/2464 2343/2347/2449
f 2343/2347/2449 2342/2346/2448 2359/2363/2465
f 2360/2364/2466 2342/2346/2448 2345/2349/2451
f 2345/2349/2451 2361/2365/2467 2360/2364/2466
f 2361/2365/2467 2345/2349/2451 2347/2351/2453
f 2347/2351/2453 2362/2366/2468 2361/2365/2467
f 2362/2366/2468 2347/2351/2453 2349/2353/2455
f 2349/2353/2455 2363/2367/2469 2362/2366/2468
f 2364/2368/2470 2350/2354/2456 2353/2357/2459
f 2353/2357/2459 2365/2369/2471 2364/2368/2470
f 2365/2369/2471 2353/2357/2459 2355/2359/2461
f 2355/2359/2461 2366/2370/2472 2365/2369/2471
f 2366/2370/2472 2355/2359/2461 2357/2361/2463
f 2357/2361/2463 2367/2371/2473 2366/2370/2472
f 2367/2371/2473 2357/2361/2463 2359/2363/2465
f 2359/2363/2465 2368/2372/2474 2367/2371/2473
f 2368/2372/2474 2359/2363/2465 2342/2346/2448
f 2342/2346/2448 2360/2364/2466 2368/2372/2474
f 2369/2373/2475 2360/2364/2466 2361/2365/2467
f 2361/2365/2467 2370/2374/2476 2369/2373/2475
f 2370/2374/2476 2361/2365/2467 2362/2366/2468
f 2362/2366/2468 2371/2375/2477 2370/2374/2476
f 2371/2375/2477 2362/2366/2468 2363/2367/2469
f 2363/2367/2469 2372/2376/2478 2371/2375/2477
f 2373/2377/2479 2364/2368/2470 2365/2369/2471
f 2365/2369/2471 2374/2378/2480 2373/2377/2479
f 2374/2378/2480 2365/2369/2471 2366/2370/2472
f 2366/2370/2472 2375/2379/2481 2374/2378/2480
f 2375/2379/2481 2366/2370/2472 2367/2371/2473
f 2367/2371/2473 2376/2380/2482 2375/2379/2481
f 2376/2380/2482 2367/2371/2473 2368/2372/2474
f 2368/2372/2474 2377/2381/2483 2376/2380/2482
f 2377/2381/2483 2368/2372/2474 2360/2364/2466
f 2360/2364/2466 2369/2373/2475 2377/2381/2483
f 2378/2382/2484 2369/2373/2475 2370/2374/2476
f 2370/2374/2476 2379/2383/2485 2378/2382/2484
f 2379/2383/2485 2370/2374/2476 2371/2375/2477
f 2371/2375/2477 2380/2384/2486 2379/2383/2485
f 2380/2384/2486 2371/2375/2477 2372/2376/2478
f 2372/2376/2478 2381/2385/2487 2380/2384/2486
f 2382/2386/2488 2373/2377/2479 2374/2378/2480
f 2374/2378/2480 2383/2387/2489 2382/2386/2488
f 2383/2387/2489 2374/2378/2480 2375/2379/2481
f 2375/2379/2481 2384/2388/2490 2383/2387/2489
f 2384/2388/2490 2375/2379/2481 2376/2380/2482
f 2376/2380/2482 2385/2389/2491 2384/2388/2490
f 2385/2389/2491 2376/2380/2482 2377/2381/2483
f 2377/2381/2483 2386/2390/2492 2385/2389/2491
f 2386/2390/2492 2377/2381/2483 2369/2373/2475
f 2369/2373/2475 2378/2382/2484 2386/2390/2492
f 2387/2391/2493 2388/2392/2494 2389/2393/2495
f 2389/2393/2495 2390/2394/2496 2387/2391/2493
f 2387/2391/2493 2390/2394/2496 2391/2395/2497
f 2391/2395/2497 2392/2396/2498 2387/2391/2493
f 2392/2396/2498 2391/2395/2497 2393/2397/2499
f 2393/2397/2499 2394/2398/2500 2392/2396/2498
f 2395/2399/2501 2396/2400/2502 2397/2401/2503
f 2397/2401/2503 2398/2402/2504 2395/2399/2501
f 2399/2403/2505 2400/2404/2506 2401/2405/2507
f 2401/2405/2507 2402/2406/2508 2399/2403/2505
f 2403/2407/2509 2404/2408/2510 2405/2409/2511
f 2405/2409/2511 2406/2410/2512 2403/2407/2509
f 2403/2407/2509 2406/2410/2512 2407/2411/2513
f 2407/2411/2513 2408/2412/2514 2403/2407/2509
f 2409/2413/2515 2410/2414/2516 2411/2415/2517
f 2411/2415/2517 2412/2416/2518 2409/2413/2515
f 2413/2417/2519 2414/2418/2520 2388/2392/2494
f 2388/2392/2494 2387/2391/2493 2413/2417/2519
f 2413/2417/2519 2387/2391/2493 2392/2396/2498
f 2392/2396/2498 2415/2419/2521 2413/2417/2519
f 2415/2419/2521 2392/2396/2498 2394/2398/2500
f 2394/2398/2500 2416/2420/2522 2415/2419/2521
f 2417/2421/2523 2395/2399/2501 2398/2402/2504
f 2398/2402/2504 2418/2422/2524 2417/2421/2523
f 2419/2423/2525 2420/2424/2526 2400/2404/2506
f 2400/2404/2506 2399/2403/2505 2419/2423/2525
f 2421/2425/2527 2422/2426/2528 2404/2408/2510
f 2404/2408/2510 2403/2407/2509 2421/2425/2527
f 2421/2425/2527 2403/2407/2509 2408/2412/2514
f 2408/2412/2514 2423/2427/2529 2421/2425/2527
f 2424/2428/2530 2409/2413/2515 2412/2416/2518
f 2412/2416/2518 2425/2429/2531 2424/2428/2530
f 2426/2430/2532 2427/2431/2533 2414/2418/2520
f 2414/2418/2520 2413/2417/2519 2426/2430/2532
f 2426/2430/2532 2413/2417/2519 2415/2419/2521
f 2415/2419/2521 2428/2432/2534 2426/2430/2532
f 2428/2432/2534 2415/2419/2521 2416/2420/2522
f 2416/2420/2522 2429/2433/2535 2428/2432/2534
f 2430/2434/2536 2417/2421/2523 2418/2422/2524
f 2418/2422/2524 2431/2435/2537 2430/2434/2536
f 2432/2436/2538 2433/2437/2539 2420/2424/2526
f 2420/2424/2526 2419/2423/2525 2432/2436/2538
f 2434/2438/2540 2435/2439/2541 2422/2426/2528
f 2422/2426/2528 2421/2425/2527 2434/2438/2540
f 2434/2438/2540 2421/2425/2527 2423/2427/2529
f 2423/2427/2529 2436/2440/2542 2434/2438/2540
f 2437/2441/2543 2424/2428/2530 2425/2429/2531
f 2425/2429/2531 2438/2442/2544 2437/2441/2543
f 2439/2443/2545 2440/2444/2546 2441/2445/2547
f 2441/2445/2547 2442/2446/2548 2439/2443/2545
f 2439/2443/2545 2442/2446/2548 2443/2447/2549
f 2443/2447/2549 2444/2448/2550 2439/2443/2545
f 2444/2448/2550 2443/2447/2549 2445/2449/2551
f 2445/2449/2551 2446/2450/2552 2444/2448/2550
f 2447/2451/2553 2448/2452/2554 2449/2453/2555
f 2449/2453/2555 2450/2454/2556 2447/2451/2553
f 2451/2455/2557 2452/2456/2558 2453/2457/2559
f 2453/2457/2559 2454/2458/2560 2451/2455/2557
f 2455/2459/2561 2456/2460/2562 2457/2461/2563
f 2457/2461/2563 2458/2462/2564 2455/2459/2561
f 2455/2459/2561 2458/2462/2564 2459/2463/2565
f 2459/2463/2565 2460/2464/2566 2455/2459/2561
f 2461/2465/2567 2462/2466/2568 2463/2467/2569
f 2463/2467/2569 2464/2468/2570 2461/2465/2567
f 2465/2469/2571 2466/2470/2572 2467/2471/2573
f 2467/2471/2573 2468/2472/2574 2465/2469/2571
f 2465/2469/2571 2468/2472/2574 2469/2473/2575
f 2469/2473/2575 2470/2474/2576 2465/2469/2571
f 2470/2474/2576 2469/2473/2575 2471/2475/2577
f 2471/2475/2577 2472/2476/2578 2470/2474/2576
f 2473/2477/2579 2474/2478/2580 2475/2479/2581
f 2475/2479/2581 2476/2480/2582 2473/2477/2579
f 2477/2481/2583 2478/2482/2584 2479/2483/2585
f 2479/2483/2585 2480/2484/2586 2477/2481/2583
f 2481/2485/2587 2482/2486/2588 2483/2487/2589
f 2483/2487/2589 2484/2488/2590 2481/2485/2587
f 2481/2485/2587 2484/2488/2590 2485/2489/2591
f 2485/2489/2591 2486/2490/2592 2481/2485/2587
f 2487/2491/2593 2488/2492/2594 2489/2493/2595
f 2489/2493/2595 2490/2494/2596 2487/2491/2593
f 2491/2495/2597 2492/2496/2598 2466/2470/2572
f 2466/2470/2572 2465/2469/2571 2491/2495/2597
f 2491/2495/2597 2465/2469/2571 2470/2474/2576
f 2470/2474/2576 2493/2497/2599 2491/2495/2597
f 2493/2497/2599 2470/2474/2576 2472/2476/2578
f 2472/2476/2578 2494/2498/2600 2493/2497/2599
f 2495/2499/2601 2473/2477/2579 2476/2480/2582
f 2476/2480/2582 2496/2500/2602 2495/2499/2601
f 2497/2501/2603 2498/2502/2604 2478/2482/2584
f 2478/2482/2584 2477/2481/2583 2497/2501/2603
f 2499/2503/2605 2500/2504/2606 2482/2486/2588
f 2482/2486/2588 2481/2485/2587 2499/2503/2605
f 2499/2503/2605 2481/2485/2587 2486/2490/2592
f 2486/2490/2592 2501/2505/2607 2499/2503/2605
f 2502/2506/2608 2487/2491/2593 2490/2494/2596
f 2490/2494/2596 2503/2507/2609 2502/2506/2608
f 2504/2508/2610 2505/2509/2611 2492/2496/2598
f 2492/2496/2598 2491/2495/2597 2504/2508/2610
f 2504/2508/2610 2491/2495/2597 2493/2497/2599
f 2493/2497/2599 2506/2510/2612 2504/2508/2610
f 2506/2510/2612 2493/2497/2599 2494/2498/2600
f 2494/2498/2600 2507/2511/2613 2506/2510/2612
f 2508/2512/2614 2495/2499/2601 2496/2500/2602
f 2496/2500/2602 2509/2513/2615 2508/2512/2614
f 2510/2514/2616 2511/2515/2617 2498/2502/2604
f 2498/2502/2604 2497/2501/2603 2510/2514/2616
f 2512/2516/2618 2513/2517/2619 2500/2504/2606
f 2500/2504/2606 2499/2503/2605 2512/2516/2618
f 2512/2516/2618 2499/2503/2605 2501/2505/2607
f 2501/2505/2607 2514/2518/2620 2512/2516/2618
f 2515/2519/2621 2502/2506/2608 2503/2507/2609
f 2503/2507/2609 2516/2520/2622 2515/2519/2621
f 2517/2521/2623 2518/2522/2624 2519/2523/2625
f 2519/2523/2625 2520/2524/2626 2517/2521/2623
f 2517/2521/2623 2520/2524/2626 2521/2525/2627
f 2521/2525/2627 2522/2526/2628 2517/2521/2623
f 2522/2526/2628 2521/2525/2627 2523/2527/2629
f 2523/2527/2629 2524/2528/2630 2522/2526/2628
f 2525/2529/2631 2526/2530/2632 2527/2531/2633
f 2527/2531/2633 2528/2532/2634 2525/2529/2631
f 2529/2533/2635 2530/2534/2636 2531/2535/2637
f 2531/2535/2637 2532/2536/2638 2529/2533/2635
f 2533/2537/2639 2534/2538/2640 2535/2539/2641
f 2535/2539/2641 2536/2540/2642 2533/2537/2639
f 2537/2541/2643 2538/2542/2644 2539/2543/2645
f 2539/2543/2645 2540/2544/2646 2537/2541/2643
f 2468/2472/2574 2467/2471/2573 2440/2444/2546
f 2440/2444/2546 2439/2443/2545 2468/2472/2574
f 2468/2472/2574 2439/2443/2545 2444/2448/2550
f 2444/2448/2550 2469/2473/2575 2468/2472/2574
f 2469/2473/2575 2444/2448/2550 2446/2450/2552
f 2446/2450/2552 2471/2475/2577 2469/2473/2575
f 2474/2478/2580 2447/2451/2553 2450/2454/2556
f 2450/2454/2556 2475/2479/2581 2474/2478/2580
f 2480/2484/2586 2479/2483/2585 2452/2456/2558
f 2452/2456/2558 2451/2455/2557 2480/2484/2586
f 2484/2488/2590 2483/2487/2589 2456/2460/2562
f 2456/2460/2562 2455/2459/2561 2484/2488/2590
f 2484/2488/2590 2455/2459/2561 2460/2464/2566
f 2460/2464/2566 2485/2489/2591 2484/2488/2590
f 2488/2492/2594 2461/2465/2567 2464/2468/2570
f 2464/2468/2570 2489/2493/2595 2488/2492/2594
f 2442/2446/2548 2441/2445/2547 2541/2545/2647
f 2541/2545/2647 2542/2546/2648 2442/2446/2548
f 2442/2446/2548 2542/2546/2648 2543/2547/2649
f 2543/2547/2649 2443/2447/2549 2442/2446/2548
f 2443/2447/2549 2543/2547/2649 2544/2548/2650
f 2544/2548/2650 2445/2449/2551 2443/2447/2549
f 2448/2452/2554 2545/2549/2651 2546/2550/2652
f 2546/2550/2652 2449/2453/2555 2448/2452/2554
f 2454/2458/2560 2453/2457/2559 2547/2551/2653
f 2547/2551/2653 2548/2552/2654 2454/2458/2560
f 2458/2462/2564 2457/2461/2563 2549/2553/2655
f 2549/2553/2655 2550/2554/2656 2458/2462/2564
f 2458/2462/2564 2550/2554/2656 2551/2555/2657
f 2551/2555/2657 2459/2463/2565 2458/2462/2564
f 2462/2466/2568 2552/2556/2658 2553/2557/2659
f 2553/2557/2659 2463/2467/2569 2462/2466/2568
f 2520/2524/2626 2519/2523/2625 2505/2509/2611
f 2505/2509/2611 2504/2508/2610 2520/2524/2626
f 2520/2524/2626 2504/2508/2610 2506/2510/2612
f 2506/2510/2612 2521/2525/2627 2520/2524/2626
f 2521/2525/2627 2506/2510/2612 2507/2511/2613
f 2507/2511/2613 2523/2527/2629 2521/2525/2627
f 2526/2530/2632 2508/2512/2614 2509/2513/2615
f 2509/2513/2615 2527/2531/2633 2526/2530/2632
f 2532/2536/2638 2531/2535/2637 2511/2515/2617
f 2511/2515/2617 2510/2514/2616 2532/2536/2638
f 2536/2540/2642 2535/2539/2641 2513/2517/2619
f 2513/2517/2619 2512/2516/2618 2536/2540/2642
f 2538/2542/2644 2515/2519/2621 2516/2520/2622
f 2516/2520/2622 2539/2543/2645 2538/2542/2644
f 2554/2558/2660 2555/2559/2661 2556/2560/2662
f 2556/2560/2662 2557/2561/2663 2554/2558/2660
f 2554/2558/2660 2557/2561/2663 1146/1149/1153
f 1146/1149/1153 1147/1150/1154 2554/2558/2660
f 2558/2562/2664 2559/2563/2665 2560/2564/2666
f 2560/2564/2666 2561/2565/2667 2558/2562/2664
f 2558/2562/2664 2561/2565/2667 2562/2566/2668
f 2562/2566/2668 2563/2567/2669 2558/2562/2664
f 2564/2568/2670 2565/2569/2671 2566/2570/2672
f 2566/2570/2672 2567/2571/2673 2564/2568/2670
f 2568/2572/2674 2569/2573/2675 2555/2559/2661
f 2555/2559/2661 2554/2558/2660 2568/2572/2674
f 2568/2572/2674 2554/2558/2660 1147/1150/1154
f 1147/1150/1154 1160/1163/1167 2568/2572/2674
f 2570/2574/2676 2571/2575/2677 2559/2563/2665
f 2559/2563/2665 2558/2562/2664 2570/2574/2676
f 2570/2574/2676 2558/2562/2664 2563/2567/2669
f 2563/2567/2669 2572/2576/2678 2570/2574/2676
f 2573/2577/2679 2564/2568/2670 2567/2571/2673
f 2567/2571/2673 2574/2578/2680 2573/2577/2679
f 2575/2579/2681 2576/2580/2682 2569/2573/2675
f 2569/2573/2675 2568/2572/2674 2575/2579/2681
f 2575/2579/2681 2568/2572/2674 1160/1163/1167
f 1160/1163/1167 1168/1171/1175 2575/2579/2681
f 2577/2581/2683 2578/2582/2684 2571/2575/2677
f 2571/2575/2677 2570/2574/2676 2577/2581/2683
f 2577/2581/2683 2570/2574/2676 2572/2576/2678
f 2572/2576/2678 2579/2583/2685 2577/2581/2683
f 2580/2584/2686 2573/2577/2679 2574/2578/2680
f 2574/2578/2680 2581/2585/2687 2580/2584/2686
f 2582/2586/2688 2583/2587/2689 2576/2580/2682
f 2576/2580/2682 2575/2579/2681 2582/2586/2688
f 2582/2586/2688 2575/2579/2681 1168/1171/1175
f 1168/1171/1175 1176/1179/1183 2582/2586/2688
f 2584/2588/2690 2585/2589/2691 2578/2582/2684
f 2578/2582/2684 2577/2581/2683 2584/2588/2690
f 2584/2588/2690 2577/2581/2683 2579/2583/2685
f 2579/2583/2685 2586/2590/2692 2584/2588/2690
f 2587/2591/2693 2580/2584/2686 2581/2585/2687
f 2581/2585/2687 2588/2592/2694 2587/2591/2693
f 2589/2593/2695 2590/2594/2696 2583/2587/2689
f 2583/2587/2689 2582/2586/2688 2589/2593/2695
f 2589/2593/2695 2582/2586/2688 1176/1179/1183
f 2589/2593/2695 1176/1179/1183 1185/1188/1192
f 1185/1188/1192 1184/1187/1191 2589/2593/2695
f 2591/2595/2697 2592/2596/2698 2585/2589/2691
f 2585/2589/2691 2584/2588/2690 2591/2595/2697
f 2591/2595/2697 2584/2588/2690 2586/2590/2692
f 2586/2590/2692 2593/2597/2699 2591/2595/2697
f 2594/2598/2700 2587/2591/2693 2588/2592/2694
f 2588/2592/2694 2595/2599/2701 2594/2598/2700
f 2596/2600/2702 2597/2601/2703 2590/2594/2696
f 2590/2594/2696 2589/2593/2695 2596/2600/2702
f 2596/2600/2702 2589/2593/2695 1184/1187/1191
f 1184/1187/1191 1193/1196/1200 2596/2600/2702
f 2598/2602/2704 2599/2603/2705 2592/2596/2698
f 2592/2596/2698 2591/2595/2697 2598/2602/2704
f 2598/2602/2704 2591/2595/2697 2593/2597/2699
f 2593/2597/2699 2600/2604/2706 2598/2602/2704
f 2601/2605/2707 2594/2598/2700 2595/2599/2701
f 2595/2599/2701 2602/2606/2708 2601/2605/2707
f 2603/2607/2709 2604/2608/2710 2597/2601/2703
f 2597/2601/2703 2596/2600/2702 2603/2607/2709
f 2603/2607/2709 2596/2600/2702 1193/1196/1200
f 1193/1196/1200 1201/1204/1209 2603/2607/2709
f 2605/2609/2711 2606/2610/2712 2599/2603/2705
f 2599/2603/2705 2598/2602/2704 2605/2609/2711
f 2607/2611/2713 2608/2612/2714 2609/2613/2715
f 2609/2613/2715 2610/2614/2716 2607/2611/2713
f 2611/2615/2717 2612/2616/2718 2613/2617/2719
f 2613/2617/2719 2614/2618/2720 2611/2615/2717
f 2615/2619/2721 2616/2620/2722 2617/2621/2723
f 2617/2621/2723 2618/2622/2724 2615/2619/2721
f 2615/2619/2721 2618/2622/2724 1216/1219/1224
f 1216/1219/1224 1217/1220/1225 2615/2619/2721
f 2619/2623/2725 2620/2624/2726 2621/2625/2727
f 2621/2625/2727 2622/2626/2728 2619/2623/2725
f 2623/2627/2729 2624/2628/2730 2616/2620/2722
f 2616/2620/2722 2615/2619/2721 2623/2627/2729
f 2623/2627/2729 2615/2619/2721 1217/1220/1225
f 1217/1220/1225 1224/1227/1232 2623/2627/2729
f 2625/2629/2731 2626/2630/2732 2620/2624/2726
f 2620/2624/2726 2619/2623/2725 2625/2629/2731
f 2625/2629/2731 2619/2623/2725 2627/2631/2733
f 2627/2631/2733 2628/2632/2734 2625/2629/2731
f 2629/2633/2735 2630/2634/2736 2631/2635/2737
f 2631/2635/2737 2632/2636/2738 2629/2633/2735
f 2633/2637/2739 2634/2638/2740 2624/2628/2730
f 2624/2628/2730 2623/2627/2729 2633/2637/2739
f 2633/2637/2739 2623/2627/2729 1224/1227/1232
f 1224/1227/1232 1235/1238/1243 2633/2637/2739
f 2635/2639/2741 2636/2640/2742 2626/2630/2732
f 2626/2630/2732 2625/2629/2731 2635/2639/2741
f 2635/2639/2741 2625/2629/2731 2628/2632/2734
f 2628/2632/2734 2637/2641/2743 2635/2639/2741
f 2638/2642/2744 2629/2633/2735 2632/2636/2738
f 2632/2636/2738 2639/2643/2745 2638/2642/2744
f 2640/2644/2746 2641/2645/2747 2642/2646/2748
f 2642/2646/2748 2643/2647/2749 2640/2644/2746
f 2640/2644/2746 2643/2647/2749 2644/2648/2750
f 2644/2648/2750 2645/2649/2751 2640/2644/2746
f 2646/2650/2752 2647/2651/2753 2648/2652/2754
f 2648/2652/2754 2649/2653/2755 2646/2650/2752
f 2650/2654/2756 2651/2655/2757 2652/2656/2758
f 2652/2656/2758 2653/2657/2759 2650/2654/2756
f 2654/2658/2760 2655/2659/2761 2656/2660/2762
f 2656/2660/2762 2657/2661/2763 2654/2658/2760
f 2622/2626/2728 2621/2625/2727 2658/2662/2764
f 2658/2662/2764 2607/2611/2713 2622/2626/2728
f 2618/2622/2724 2617/2621/2723 2659/2663/2765
f 2659/2663/2765 2660/2664/2766 2618/2622/2724
f 2618/2622/2724 2660/2664/2766 1262/1265/1273
f 1262/1265/1273 1216/1219/1224 2618/2622/2724
f 2630/2634/2736 2661/2665/2767 2662/2666/2768
f 2662/2666/2768 2631/2635/2737 2630/2634/2736
f 2619/2623/2725 2663/2667/2769 2664/2668/2770
f 2664/2668/2770 2627/2631/2733 2619/2623/2725
f 2622/2626/2728 2665/2669/2771 2663/2667/2769
f 2663/2667/2769 2619/2623/2725 2622/2626/2728
f 2607/2611/2713 2666/2670/2772 2665/2669/2771
f 2665/2669/2771 2622/2626/2728 2607/2611/2713
f 2610/2614/2716 2667/2671/2773 2666/2670/2772
f 2666/2670/2772 2607/2611/2713 2610/2614/2716
f 2614/2618/2720 2668/2672/2774 2669/2673/2775
f 2669/2673/2775 2611/2615/2717 2614/2618/2720
f 2670/2674/2776 2671/2675/2777 2668/2672/2774
f 2668/2672/2774 2614/2618/2720 2670/2674/2776
f 2631/2635/2737 2662/2666/2768 2671/2675/2777
f 2671/2675/2777 2670/2674/2776 2631/2635/2737
f 2343/2347/2449 2324/2328/2430 2327/2331/2433
f 2327/2331/2433 2344/2348/2450 2343/2347/2449
f 2344/2348/2450 2327/2331/2433 2329/2333/2435
f 2329/2333/2435 2346/2350/2452 2344/2348/2450
f 2346/2350/2452 2329/2333/2435 2331/2335/2437
f 2331/2335/2437 2348/2352/2454 2346/2350/2452
f 2351/2355/2457 2332/2336/2438 2335/2339/2441
f 2335/2339/2441 2352/2356/2458 2351/2355/2457
f 2352/2356/2458 2335/2339/2441 2337/2341/2443
f 2337/2341/2443 2354/2358/2460 2352/2356/2458
f 2354/2358/2460 2337/2341/2443 2339/2343/2445
f 2339/2343/2445 2356/2360/2462 2354/2358/2460
f 2356/2360/2462 2339/2343/2445 2341/2345/2447
f 2341/2345/2447 2358/2362/2464 2356/2360/2462
f 2358/2362/2464 2341/2345/2447 2324/2328/2430
f 2324/2328/2430 2343/2347/2449 2358/2362/2464
f 2325/2329/2431 2315/2319/2421 2316/2320/2422
f 2316/2320/2422 2326/2330/2432 2325/2329/2431
f 2326/2330/2432 2316/2320/2422 2317/2321/2423
f 2317/2321/2423 2328/2332/2434 2326/2330/2432
f 2328/2332/2434 2317/2321/2423 2318/2322/2424
f 2318/2322/2424 2330/2334/2436 2328/2332/2434
f 2333/2337/2439 2319/2323/2425 2320/2324/2426
f 2320/2324/2426 2334/2338/2440 2333/2337/2439
f 2334/2338/2440 2320/2324/2426 2321/2325/2427
f 2321/2325/2427 2336/2340/2442 2334/2338/2440
f 2336/2340/2442 2321/2325/2427 2322/2326/2428
f 2322/2326/2428 2338/2342/2444 2336/2340/2442
f 2338/2342/2444 2322/2326/2428 2323/2327/2429
f 2323/2327/2429 2340/2344/2446 2338/2342/2444
f 2340/2344/2446 2323/2327/2429 2315/2319/2421
f 2315/2319/2421 2325/2329/2431 2340/2344/2446
f 2650/2654/2756 2653/2657/2759 2672/2676/2778
f 2672/2676/2778 2673/2677/2779 2650/2654/2756
f 2533/2537/2639 2536/2540/2642 2674/2678/2780
f 2674/2678/2780 2675/2679/2781 2533/2537/2639
f 2512/2516/2618 2514/2518/2620 2674/2678/2780
f 2674/2678/2780 2536/2540/2642 2512/2516/2618
f 2676/2680/2782 2677/2681/2783 2678/2682/2784
f 2678/2682/2784 2679/2683/2785 2676/2680/2782
f 2680/2684/2786 2681/2685/2787 2682/2686/2788
f 2682/2686/2788 2683/2687/2789 2680/2684/2786
f 2684/2688/2790 2685/2689/2791 2682/2686/2788
f 2682/2686/2788 2681/2685/2787 2684/2688/2790
f 2686/2690/2792 2687/2691/2793 2688/2692/2794
f 2688/2692/2794 2689/2693/2795 2686/2690/2792
f 2690/2694/2796 2691/2695/2797 2692/2696/2798
f 2692/2696/2798 2693/2697/2799 2690/2694/2796
f 2694/2698/2800 2695/2699/2801 2696/2700/2802
f 2696/2700/2802 2697/2701/2803 2694/2698/2800
f 2698/2702/2804 2699/2703/2805 2700/2704/2806
f 2700/2704/2806 2701/2705/2807 2698/2702/2804
f 2702/2706/2808 2677/2681/2783 2676/2680/2782
f 2676/2680/2782 2703/2707/2809 2702/2706/2808
f 2704/2708/2810 2681/2685/2787 2680/2684/2786
f 2680/2684/2786 2705/2709/2811 2704/2708/2810
f 2706/2710/2812 2684/2688/2790 2681/2685/2787
f 2681/2685/2787 2704/2708/2810 2706/2710/2812
f 2690/2694/2796 2707/2711/2813 2708/2712/2814
f 2708/2712/2814 2691/2695/2797 2690/2694/2796
f 2709/2713/2815 2694/2698/2800 2697/2701/2803
f 2697/2701/2803 2710/2714/2816 2709/2713/2815
f 2711/2715/2817 2698/2702/2804 2701/2705/2807
f 2701/2705/2807 2712/2716/2818 2711/2715/2817
f 2713/2717/2819 2687/2691/2793 2686/2690/2792
f 2686/2690/2792 2714/2718/2820 2713/2717/2819
f 2715/2719/2821 2411/2415/2517 2410/2414/2516
f 2410/2414/2516 2716/2720/2822 2715/2719/2821
f 2717/2721/2823 2407/2411/2513 2406/2410/2512
f 2406/2410/2512 2718/2722/2824 2717/2721/2823
f 2718/2722/2824 2406/2410/2512 2405/2409/2511
f 2405/2409/2511 2719/2723/2825 2718/2722/2824
f 2720/2724/2826 2402/2406/2508 2401/2405/2507
f 2401/2405/2507 2721/2725/2827 2720/2724/2826
f 2722/2726/2828 2397/2401/2503 2396/2400/2502
f 2396/2400/2502 2723/2727/2829 2722/2726/2828
f 2724/2728/2830 2393/2397/2499 2391/2395/2497
f 2391/2395/2497 2725/2729/2831 2724/2728/2830
f 2725/2729/2831 2391/2395/2497 2390/2394/2496
f 2390/2394/2496 2726/2730/2832 2725/2729/2831
f 2726/2730/2832 2390/2394/2496 2389/2393/2495
f 2389/2393/2495 2727/2731/2833 2726/2730/2832
f 2728/2732/2834 2729/2733/2835 2685/2689/2791
f 2685/2689/2791 2730/2734/2836 2728/2732/2834
f 2731/2735/2837 2730/2734/2836 2685/2689/2791
f 2685/2689/2791 2684/2688/2790 2731/2735/2837
f 2732/2736/2838 2733/2737/2839 2734/2738/2840
f 2734/2738/2840 2735/2739/2841 2732/2736/2838
f 2736/2740/2842 2737/2741/2843 2738/2742/2844
f 2738/2742/2844 2739/2743/2845 2736/2740/2842
f 2740/2744/2846 2689/2693/2795 2737/2741/2843
f 2737/2741/2843 2736/2740/2842 2740/2744/2846
f 2689/2693/2795 2740/2744/2846 2741/2745/2847
f 2741/2745/2847 2686/2690/2792 2689/2693/2795
f 2731/2735/2837 2684/2688/2790 2706/2710/2812
f 2706/2710/2812 2742/2746/2848 2731/2735/2837
f 2743/2747/2849 2714/2718/2820 2686/2690/2792
f 2686/2690/2792 2741/2745/2847 2743/2747/2849
f 2744/2748/2850 2728/2732/2834 2730/2734/2836
f 2730/2734/2836 2693/2697/2799 2744/2748/2850
f 2745/2749/2851 2732/2736/2838 2735/2739/2841
f 2735/2739/2841 2746/2750/2852 2745/2749/2851
f 2747/2751/2853 2736/2740/2842 2739/2743/2845
f 2739/2743/2845 2748/2752/2854 2747/2751/2853
f 2749/2753/2855 2740/2744/2846 2736/2740/2842
f 2736/2740/2842 2747/2751/2853 2749/2753/2855
f 2693/2697/2799 2730/2734/2836 2731/2735/2837
f 2731/2735/2837 2690/2694/2796 2693/2697/2799
f 2750/2754/2856 2741/2745/2847 2740/2744/2846
f 2740/2744/2846 2749/2753/2855 2750/2754/2856
f 2690/2694/2796 2731/2735/2837 2742/2746/2848
f 2742/2746/2848 2707/2711/2813 2690/2694/2796
f 2751/2755/2857 2743/2747/2849 2741/2745/2847
f 2741/2745/2847 2750/2754/2856 2751/2755/2857
f 2693/2697/2799 2692/2696/2798 2752/2756/2858
f 2752/2756/2858 2744/2748/2850 2693/2697/2799
f 2700/2704/2806 2747/2751/2853 2748/2752/2854
f 2748/2752/2854 2753/2757/2859 2700/2704/2806
f 2700/2704/2806 2699/2703/2805 2749/2753/2855
f 2749/2753/2855 2747/2751/2853 2700/2704/2806
f 2698/2702/2804 2750/2754/2856 2749/2753/2855
f 2749/2753/2855 2699/2703/2805 2698/2702/2804
f 2698/2702/2804 2711/2715/2817 2751/2755/2857
f 2751/2755/2857 2750/2754/2856 2698/2702/2804
f 2754/2758/2860 2755/2759/2861 2756/2760/2862
f 2756/2760/2862 2757/2761/2863 2754/2758/2860
f 2757/2761/2863 2756/2760/2862 2758/2762/2864
f 2758/2762/2864 2759/2763/2865 2757/2761/2863
f 2759/2763/2865 2758/2762/2864 2760/2764/2866
f 2760/2764/2866 2761/2765/2867 2759/2763/2865
f 2761/2765/2867 2760/2764/2866 2762/2766/2868
f 2762/2766/2868 2763/2767/2869 2761/2765/2867
f 2764/2768/2870 2763/2767/2869 2762/2766/2868
f 2765/2769/2871 2766/2770/2872 2767/2771/2873
f 2767/2771/2873 2768/2772/2874 2765/2769/2871
f 2763/2767/2869 2764/2768/2870 2769/2773/2875
f 2769/2773/2875 2770/2774/2876 2763/2767/2869
f 2771/2775/2877 2761/2765/2867 2763/2767/2869
f 2763/2767/2869 2770/2774/2876 2771/2775/2877
f 2772/2776/2878 2759/2763/2865 2761/2765/2867
f 2761/2765/2867 2771/2775/2877 2772/2776/2878
f 2773/2777/2879 2757/2761/2863 2759/2763/2865
f 2759/2763/2865 2772/2776/2878 2773/2777/2879
f 2774/2778/2880 2754/2758/2860 2757/2761/2863
f 2757/2761/2863 2773/2777/2879 2774/2778/2880
f 2775/2779/2881 2766/2770/2872 2765/2769/2871
f 2765/2769/2871 2776/2780/2882 2775/2779/2881
f 2695/2699/2801 2745/2749/2851 2746/2750/2852
f 2746/2750/2852 2696/2700/2802 2695/2699/2801
f 2777/2781/2883 2701/2705/2807 2700/2704/2806
f 2700/2704/2806 2753/2757/2859 2777/2781/2883
f 2778/2782/2881 2712/2716/2818 2701/2705/2807
f 2701/2705/2807 2777/2781/2883 2778/2782/2881
f 2691/2695/2797 2779/2783/2884 2752/2756/2858
f 2752/2756/2858 2692/2696/2798 2691/2695/2797
f 2708/2712/2814 2780/2784/2885 2779/2783/2884
f 2779/2783/2884 2691/2695/2797 2708/2712/2814
f 2754/2758/2860 2765/2769/2871 2768/2772/2874
f 2768/2772/2874 2755/2759/2861 2754/2758/2860
f 2774/2778/2880 2776/2780/2882 2765/2769/2871
f 2765/2769/2871 2754/2758/2860 2774/2778/2880
f 2781/2785/2886 2782/2786/2887 2783/2787/2888
f 2783/2787/2888 2784/2788/2889 2781/2785/2886
f 2785/2789/2890 2786/2790/2891 2782/2786/2887
f 2782/2786/2887 2781/2785/2886 2785/2789/2890
f 2787/2791/2892 2788/2792/2893 2786/2790/2891
f 2786/2790/2891 2785/2789/2890 2787/2791/2892
f 2789/2793/2894 2790/2794/2895 2788/2792/2893
f 2788/2792/2893 2787/2791/2892 2789/2793/2894
f 2791/2795/2896 2792/2796/2897 2790/2794/2895
f 2790/2794/2895 2789/2793/2894 2791/2795/2896
f 2793/2797/2898 2794/2798/2899 2792/2796/2897
f 2792/2796/2897 2791/2795/2896 2793/2797/2898
f 2795/2799/2900 2796/2800/2901 2794/2798/2899
f 2794/2798/2899 2793/2797/2898 2795/2799/2900
f 2797/2801/2902 2798/2802/2903 2799/2803/2904
f 2799/2803/2904 2800/2804/2905 2797/2801/2902
f 2801/2805/2906 2802/2806/2907 2798/2802/2903
f 2798/2802/2903 2797/2801/2902 2801/2805/2906
f 2803/2807/2908 2804/2808/2909 2802/2806/2907
f 2802/2806/2907 2801/2805/2906 2803/2807/2908
f 2800/2804/2905 2799/2803/2904 2805/2809/2910
f 2805/2809/2910 2806/2810/2911 2800/2804/2905
f 2649/2653/2755 2648/2652/2754 2530/2534/2636
f 2530/2534/2636 2529/2533/2635 2649/2653/2755
f 2653/2657/2759 2652/2656/2758 2534/2538/2640
f 2534/2538/2640 2533/2537/2639 2653/2657/2759
f 2653/2657/2759 2533/2537/2639 2675/2679/2781
f 2675/2679/2781 2672/2676/2778 2653/2657/2759
f 2655/2659/2761 2537/2541/2643 2540/2544/2646
f 2540/2544/2646 2656/2660/2762 2655/2659/2761
f 2643/2647/2749 2642/2646/2748 2518/2522/2624
f 2518/2522/2624 2517/2521/2623 2643/2647/2749
f 2643/2647/2749 2517/2521/2623 2522/2526/2628
f 2643/2647/2749 2522/2526/2628 2807/2811/2912
f 2807/2811/1420 2644/2648/2750 2643/2647/2749
f 2808/2812/2913 2528/2532/2634 2530/2534/2636
f 2808/2812/2913 2530/2534/2636 2648/2652/2754
f 2648/2652/2754 2809/2813/2914 2808/2812/2913
f 2528/2532/2634 2527/2531/2633 2531/2535/2637
f 2531/2535/2637 2530/2534/2636 2528/2532/2634
f 2527/2531/2633 2509/2513/2615 2511/2515/2617
f 2511/2515/2617 2531/2535/2637 2527/2531/2633
f 2509/2513/2615 2496/2500/2602 2498/2502/2604
f 2498/2502/2604 2511/2515/2617 2509/2513/2615
f 2496/2500/2602 2476/2480/2582 2478/2482/2584
f 2478/2482/2584 2498/2502/2604 2496/2500/2602
f 2476/2480/2582 2475/2479/2581 2479/2483/2585
f 2479/2483/2585 2478/2482/2584 2476/2480/2582
f 2475/2479/2581 2450/2454/2556 2452/2456/2558
f 2452/2456/2558 2479/2483/2585 2475/2479/2581
f 2450/2454/2556 2449/2453/2555 2453/2457/2559
f 2453/2457/2559 2452/2456/2558 2450/2454/2556
f 2449/2453/2555 2546/2550/2652 2547/2551/2653
f 2547/2551/2653 2453/2457/2559 2449/2453/2555
f 2431/2435/2537 2418/2422/2524 2420/2424/2526
f 2420/2424/2526 2433/2437/2539 2431/2435/2537
f 2418/2422/2524 2398/2402/2504 2400/2404/2506
f 2400/2404/2506 2420/2424/2526 2418/2422/2524
f 2398/2402/2504 2397/2401/2503 2401/2405/2507
f 2401/2405/2507 2400/2404/2506 2398/2402/2504
f 2722/2726/2828 2721/2725/2827 2401/2405/2507
f 2401/2405/2507 2397/2401/2503 2722/2726/2828
f 2728/2732/2834 2735/2739/2841 2734/2738/2840
f 2734/2738/2840 2729/2733/2835 2728/2732/2834
f 2744/2748/2850 2746/2750/2852 2735/2739/2841
f 2735/2739/2841 2728/2732/2834 2744/2748/2850
f 2752/2756/2858 2696/2700/2802 2746/2750/2852
f 2746/2750/2852 2744/2748/2850 2752/2756/2858
f 2779/2783/2884 2697/2701/2803 2696/2700/2802
f 2696/2700/2802 2752/2756/2858 2779/2783/2884
f 2780/2784/2885 2710/2714/2816 2697/2701/2803
f 2697/2701/2803 2779/2783/2884 2780/2784/2885
f 2803/2807/2908 2801/2805/2906 2626/2630/2732
f 2626/2630/2732 2636/2640/2742 2803/2807/2908
f 2801/2805/2906 2797/2801/2902 2620/2624/2726
f 2620/2624/2726 2626/2630/2732 2801/2805/2906
f 2797/2801/2902 2800/2804/2905 2621/2625/2727
f 2621/2625/2727 2620/2624/2726 2797/2801/2902
f 2800/2804/2905 2806/2810/2911 2658/2662/2764
f 2658/2662/2764 2621/2625/2727 2800/2804/2905
f 2795/2799/2900 2793/2797/2898 2599/2603/2705
f 2599/2603/2705 2606/2610/2712 2795/2799/2900
f 2793/2797/2898 2791/2795/2896 2592/2596/2698
f 2592/2596/2698 2599/2603/2705 2793/2797/2898
f 2791/2795/2896 2789/2793/2894 2585/2589/2691
f 2585/2589/2691 2592/2596/2698 2791/2795/2896
f 2789/2793/2894 2787/2791/2892 2578/2582/2684
f 2578/2582/2684 2585/2589/2691 2789/2793/2894
f 2787/2791/2892 2785/2789/2890 2571/2575/2677
f 2571/2575/2677 2578/2582/2684 2787/2791/2892
f 2785/2789/2890 2781/2785/2886 2559/2563/2665
f 2559/2563/2665 2571/2575/2677 2785/2789/2890
f 2781/2785/2886 2784/2788/2889 2560/2564/2666
f 2560/2564/2666 2559/2563/2665 2781/2785/2886
f 2646/2650/2752 2649/2653/2755 2652/2656/2758
f 2652/2656/2758 2651/2655/2757 2646/2650/2752
f 2649/2653/2755 2529/2533/2635 2534/2538/2640
f 2534/2538/2640 2652/2656/2758 2649/2653/2755
f 2529/2533/2635 2532/2536/2638 2535/2539/2641
f 2535/2539/2641 2534/2538/2640 2529/2533/2635
f 2532/2536/2638 2510/2514/2616 2513/2517/2619
f 2513/2517/2619 2535/2539/2641 2532/2536/2638
f 2510/2514/2616 2497/2501/2603 2500/2504/2606
f 2500/2504/2606 2513/2517/2619 2510/2514/2616
f 2497/2501/2603 2477/2481/2583 2482/2486/2588
f 2482/2486/2588 2500/2504/2606 2497/2501/2603
f 2477/2481/2583 2480/2484/2586 2483/2487/2589
f 2483/2487/2589 2482/2486/2588 2477/2481/2583
f 2480/2484/2586 2451/2455/2557 2456/2460/2562
f 2456/2460/2562 2483/2487/2589 2480/2484/2586
f 2451/2455/2557 2454/2458/2560 2457/2461/2563
f 2457/2461/2563 2456/2460/2562 2451/2455/2557
f 2454/2458/2560 2548/2552/2654 2549/2553/2655
f 2549/2553/2655 2457/2461/2563 2454/2458/2560
f 2432/2436/2538 2419/2423/2525 2422/2426/2528
f 2422/2426/2528 2435/2439/2541 2432/2436/2538
f 2419/2423/2525 2399/2403/2505 2404/2408/2510
f 2404/2408/2510 2422/2426/2528 2419/2423/2525
f 2399/2403/2505 2402/2406/2508 2405/2409/2511
f 2405/2409/2511 2404/2408/2510 2399/2403/2505
f 2720/2724/2826 2719/2723/2825 2405/2409/2511
f 2405/2409/2511 2402/2406/2508 2720/2724/2826
f 2732/2736/2838 2739/2743/2845 2738/2742/2844
f 2738/2742/2844 2733/2737/2839 2732/2736/2838
f 2745/2749/2851 2748/2752/2854 2739/2743/2845
f 2739/2743/2845 2732/2736/2838 2745/2749/2851
f 2695/2699/2801 2753/2757/2859 2748/2752/2854
f 2748/2752/2854 2745/2749/2851 2695/2699/2801
f 2694/2698/2800 2777/2781/2883 2753/2757/2859
f 2753/2757/2859 2695/2699/2801 2694/2698/2800
f 2709/2713/2815 2778/2782/2881 2777/2781/2883
f 2777/2781/2883 2694/2698/2800 2709/2713/2815
f 2639/2643/2745 2632/2636/2738 2624/2628/2730
f 2624/2628/2730 2634/2638/2740 2639/2643/2745
f 2632/2636/2738 2631/2635/2737 2616/2620/2722
f 2616/2620/2722 2624/2628/2730 2632/2636/2738
f 2631/2635/2737 2670/2674/2776 2617/2621/2723
f 2617/2621/2723 2616/2620/2722 2631/2635/2737
f 2670/2674/2776 2614/2618/2720 2659/2663/2765
f 2659/2663/2765 2617/2621/2723 2670/2674/2776
f 2602/2606/2708 2595/2599/2701 2590/2594/2696
f 2590/2594/2696 2597/2601/2703 2602/2606/2708
f 2595/2599/2701 2588/2592/2694 2583/2587/2689
f 2583/2587/2689 2590/2594/2696 2595/2599/2701
f 2588/2592/2694 2581/2585/2687 2576/2580/2682
f 2576/2580/2682 2583/2587/2689 2588/2592/2694
f 2581/2585/2687 2574/2578/2680 2569/2573/2675
f 2569/2573/2675 2576/2580/2682 2581/2585/2687
f 2574/2578/2680 2567/2571/2673 2555/2559/2661
f 2555/2559/2661 2569/2573/2675 2574/2578/2680
f 2567/2571/2673 2566/2570/2672 2556/2560/2662
f 2556/2560/2662 2555/2559/2661 2567/2571/2673
f 2657/2661/2763 2656/2660/2762 2642/2646/2748
f 2642/2646/2748 2641/2645/2747 2657/2661/2763
f 2656/2660/2762 2540/2544/2646 2518/2522/2624
f 2518/2522/2624 2642/2646/2748 2656/2660/2762
f 2540/2544/2646 2539/2543/2645 2519/2523/2625
f 2519/2523/2625 2518/2522/2624 2540/2544/2646
f 2539/2543/2645 2516/2520/2622 2505/2509/2611
f 2505/2509/2611 2519/2523/2625 2539/2543/2645
f 2516/2520/2622 2503/2507/2609 2492/2496/2598
f 2492/2496/2598 2505/2509/2611 2516/2520/2622
f 2503/2507/2609 2490/2494/2596 2466/2470/2572
f 2466/2470/2572 2492/2496/2598 2503/2507/2609
f 2490/2494/2596 2489/2493/2595 2467/2471/2573
f 2467/2471/2573 2466/2470/2572 2490/2494/2596
f 2489/2493/2595 2464/2468/2570 2440/2444/2546
f 2440/2444/2546 2467/2471/2573 2489/2493/2595
f 2464/2468/2570 2463/2467/2569 2441/2445/2547
f 2441/2445/2547 2440/2444/2546 2464/2468/2570
f 2463/2467/2569 2553/2557/2659 2541/2545/2647
f 2541/2545/2647 2441/2445/2547 2463/2467/2569
f 2438/2442/2544 2425/2429/2531 2414/2418/2520
f 2414/2418/2520 2427/2431/2533 2438/2442/2544
f 2425/2429/2531 2412/2416/2518 2388/2392/2494
f 2388/2392/2494 2414/2418/2520 2425/2429/2531
f 2412/2416/2518 2411/2415/2517 2389/2393/2495
f 2389/2393/2495 2388/2392/2494 2412/2416/2518
f 2715/2719/2821 2727/2731/2833 2389/2393/2495
f 2389/2393/2495 2411/2415/2517 2715/2719/2821
f 2687/2691/2793 2676/2680/2782 2679/2683/2785
f 2679/2683/2785 2688/2692/2794 2687/2691/2793
f 2713/2717/2819 2703/2707/2809 2676/2680/2782
f 2676/2680/2782 2687/2691/2793 2713/2717/2819
f 2810/2814/2915 1771/1785/1881 1412/1415/1424
f 1412/1415/1424 1414/1417/1426 2810/2814/2915
f 2811/2815/2916 1797/1811/1909 1782/1796/1892
f 1782/1796/1892 2812/2816/2917 2811/2815/2916
f 2812/2816/2917 1782/1796/1892 1783/1797/1893
f 1783/1797/1893 2813/2817/2918 2812/2816/2917
f 2813/2817/2918 1783/1797/1893 1784/1798/1894
f 1784/1798/1894 2814/2818/2919 2813/2817/2918
f 2814/2818/2919 1784/1798/1894 1767/1781/1877
f 1767/1781/1877 2815/2819/2920 2814/2818/2919
f 2815/2819/2920 1767/1781/1877 1766/1780/1876
f 1766/1780/1876 2816/2820/2921 2815/2819/2920
f 2816/2820/2921 1766/1780/1876 1770/1784/1880
f 1770/1784/1880 2817/2821/2922 2816/2820/2921
f 2817/2821/2922 1770/1784/1880 1771/1785/1881
f 1771/1785/1881 2810/2814/2915 2817/2821/2922
f 2818/2822/2923 2810/2814/2915 1414/1417/1426
f 1414/1417/1426 1423/1426/1435 2818/2822/2923
f 2819/2823/2924 2817/2821/2922 2810/2814/2915
f 2810/2814/2915 2818/2822/2923 2819/2823/2924
f 2820/2824/2925 2816/2820/2921 2817/2821/2922
f 2817/2821/2922 2819/2823/2924 2820/2824/2925
f 2821/2825/2926 2815/2819/2920 2816/2820/2921
f 2816/2820/2921 2820/2824/2925 2821/2825/2926
f 2822/2826/2927 2814/2818/2919 2815/2819/2920
f 2815/2819/2920 2821/2825/2926 2822/2826/2927
f 2823/2827/2928 2813/2817/2918 2814/2818/2919
f 2814/2818/2919 2822/2826/2927 2823/2827/2928
f 2824/2828/2929 2812/2816/2917 2813/2817/2918
f 2813/2817/2918 2823/2827/2928 2824/2828/2929
f 2825/2829/2930 2811/2815/2916 2812/2816/2917
f 2812/2816/2917 2824/2828/2929 2825/2829/2930
f 1681/1695/1791 1680/1694/1790 1672/1686/1782
f 1672/1686/1782 1638/1652/1741 1681/1695/1791
f 1683/1697/1793 1646/1660/1749 1672/1686/1782
f 1672/1686/1782 1680/1694/1790 1683/1697/1793
f 1646/1660/1749 1683/1697/1793 1684/1698/1794
f 1684/1698/1794 1647/1661/1750 1646/1660/1749
f 1637/1651/1740 1644/1658/1747 1681/1695/1791
f 1681/1695/1791 1638/1652/1741 1637/1651/1740
f 1644/1658/1747 1765/1779/1875 1682/1696/1792
f 1682/1696/1792 1681/1695/1791 1644/1658/1747
f 1785/1799/1895 1685/1699/1795 1682/1696/1792
f 1682/1696/1792 1765/1779/1875 1785/1799/1895
f 2826/2830/2931 2379/2383/2485 2380/2384/2486
f 2380/2384/2486 2827/2831/2932 2826/2830/2931
f 2827/2831/2932 2380/2384/2486 2381/2385/2487
f 2381/2385/2487 2828/2832/2933 2827/2831/2932
f 2829/2833/2934 2382/2386/2488 2383/2387/2489
f 2383/2387/2489 2830/2834/2935 2829/2833/2934
f 2830/2834/2935 2383/2387/2489 2384/2388/2490
f 2384/2388/2490 2831/2835/2936 2830/2834/2935
f 2831/2835/2936 2384/2388/2490 2385/2389/2491
f 2385/2389/2491 2832/2836/2937 2831/2835/2936
f 2832/2836/2937 2385/2389/2491 2386/2390/2492
f 2386/2390/2492 2833/2837/2938 2832/2836/2937
f 2833/2837/2938 2386/2390/2492 2378/2382/2484
f 2378/2382/2484 2834/2838/2939 2833/2837/2938
f 2834/2838/2939 2378/2382/2484 2379/2383/2485
f 2379/2383/2485 2826/2830/2931 2834/2838/2939
f 2541/2545/2940 2835/2839/2941 2836/2840/2942
f 2836/2840/2942 2542/2546/2943 2541/2545/2940
f 2542/2546/2943 2836/2840/2942 2837/2841/2944
f 2837/2841/2944 2543/2547/2649 2542/2546/2943
f 2543/2547/2649 2837/2841/2944 2838/2842/2945
f 2838/2842/2945 2544/2548/2650 2543/2547/2649
f 2545/2549/2651 2839/2843/2946 2840/2844/2947
f 2840/2844/2947 2546/2550/2652 2545/2549/2651
f 2547/2551/2653 2841/2845/2948 2842/2846/2949
f 2842/2846/2949 2548/2552/2654 2547/2551/2653
f 2549/2553/2655 2843/2847/2950 2844/2848/2951
f 2844/2848/2951 2550/2554/2656 2549/2553/2655
f 2550/2554/2656 2844/2848/2951 2845/2849/2952
f 2845/2849/2952 2551/2555/2953 2550/2554/2656
f 2552/2556/2954 2846/2850/2955 2847/2851/2956
f 2847/2851/2956 2553/2557/2957 2552/2556/2954
f 2600/2604/2958 2848/2852/2959 2849/2853/2960
f 2849/2853/2961 2598/2602/2962 2600/2604/2963
f 2602/2606/2964 2850/2854/2965 2851/2855/2966
f 2851/2855/2966 2601/2605/2967 2602/2606/2964
f 2603/2607/2968 2852/2856/2969 2853/2857/2970
f 2853/2857/2970 2604/2608/2971 2603/2607/2968
f 2598/2602/2972 2849/2853/2973 2854/2858/2974
f 2854/2858/2975 2605/2609/2976 2598/2602/2977
f 2605/2609/2978 2854/2858/2979 2855/2859/2980
f 2855/2859/2980 2606/2610/2981 2605/2609/2978
f 2795/2799/2982 2856/2860/2983 2857/2861/2984
f 2857/2861/2985 2796/2800/2986 2795/2799/2987
f 2796/2800/2988 2857/2861/2989 1463/1466/1491
f 1463/1466/1491 1464/1467/1494 2796/2800/2988
f 2546/2550/2652 2840/2844/2947 2841/2845/2948
f 2841/2845/2948 2547/2551/2653 2546/2550/2652
f 2606/2610/2981 2855/2859/2980 2856/2860/2990
f 2856/2860/2991 2795/2799/2992 2606/2610/2993
f 2548/2552/2654 2842/2846/2949 2843/2847/2950
f 2843/2847/2950 2549/2553/2655 2548/2552/2654
f 2604/2608/2971 2853/2857/2970 2858/2862/2994
f 2858/2862/2995 2859/2863/2996 2604/2608/2997
f 2859/2863/2998 2858/2862/2999 2850/2854/3000
f 2850/2854/3001 2602/2606/3002 2859/2863/3003
f 2553/2557/2957 2847/2851/2956 2835/2839/2941
f 2835/2839/2941 2541/2545/2940 2553/2557/2957
f 2426/2430/3004 2860/2864/3005 2861/2865/3006
f 2861/2865/3006 2427/2431/3007 2426/2430/3004
f 2428/2432/3008 2862/2866/3009 2860/2864/3005
f 2860/2864/3005 2426/2430/3004 2428/2432/3008
f 2429/2433/3010 2863/2867/3011 2862/2866/3009
f 2862/2866/3009 2428/2432/3008 2429/2433/3010
f 2431/2435/3012 2864/2868/3013 2865/2869/3014
f 2865/2869/3014 2430/2434/3015 2431/2435/3012
f 2432/2436/3016 2866/2870/3017 2867/2871/3018
f 2867/2871/3018 2433/2437/3019 2432/2436/3016
f 2434/2438/3020 2868/2872/3021 2869/2873/3022
f 2869/2873/3022 2435/2439/3023 2434/2438/3020
f 2436/2440/3024 2870/2874/3025 2868/2872/3021
f 2868/2872/3021 2434/2438/3020 2436/2440/3024
f 2438/2442/3026 2871/2875/3027 2872/2876/3028
f 2872/2876/3028 2437/2441/3029 2438/2442/3026
f 2433/2437/3019 2867/2871/3018 2864/2868/3013
f 2864/2868/3013 2431/2435/3012 2433/2437/3019
f 2435/2439/3023 2869/2873/3022 2866/2870/3017
f 2866/2870/3017 2432/2436/3016 2435/2439/3023
f 2427/2431/3007 2861/2865/3006 2871/2875/3027
f 2871/2875/3027 2438/2442/3026 2427/2431/3007
f 2873/2877/3030 1801/1815/3031 1800/1814/3032
f 2873/2877/3030 1800/1814/3032 2874/2878/3033
f 2874/2878/3033 2875/2879/3034 2873/2877/3030
f 2876/2880/3035 1833/1847/3036 1811/1825/3037
f 2876/2880/3035 1811/1825/3037 2877/2881/3038
f 2877/2881/3038 2878/2882/3039 2876/2880/3035
f 2879/2883/3040 1862/1876/3041 1852/1866/3042
f 2879/2883/3040 1852/1866/3042 2880/2884/3043
f 2880/2884/3043 2881/2885/3044 2879/2883/3040
f 2882/2886/3045 1881/1895/3046 1870/1884/3047
f 2882/2886/3045 1870/1884/3047 2883/2887/3048
f 2883/2887/3048 2884/2888/3049 2882/2886/3045
f 2633/2637/3050 2885/2889/3051 2886/2890/3052
f 2886/2890/3052 2634/2638/3053 2633/2637/3050
f 2635/2639/3054 2887/2891/3055 2888/2892/3056
f 2888/2892/3056 2636/2640/3057 2635/2639/3054
f 2637/2641/3058 2889/2893/3059 2887/2891/3055
f 2887/2891/3055 2635/2639/3054 2637/2641/3058
f 2639/2643/3060 2890/2894/3061 2891/2895/3062
f 2891/2895/3062 2638/2642/3063 2639/2643/3060
f 2803/2807/3064 2892/2896/3065 2893/2897/3066
f 2893/2897/3066 2804/2808/3067 2803/2807/3064
f 2804/2808/3067 2893/2897/3066 1501/1504/1573
f 1501/1504/1573 1502/1505/1574 2804/2808/3067
f 2636/2640/3057 2888/2892/3056 2892/2896/3068
f 2892/2896/3069 2803/2807/3070 2636/2640/3071
f 2634/2638/3053 2886/2890/3052 2890/2894/3061
f 2890/2894/3061 2639/2643/3060 2634/2638/3053
f 1799/1813/3072 1798/1812/3073 2894/1549/1633
f 2894/1549/1633 2895/1530/1611 1799/1813/3072
f 1811/1825/3037 1801/1815/3031 2873/2877/3030
f 1811/1825/3037 2873/2877/3030 2878/2882/3039
f 2878/2882/3039 2877/2881/3038 1811/1825/3037
f 1810/1824/3074 2297/1550/1634 2894/1549/1633
f 2894/1549/1633 1798/1812/3073 1810/1824/3074
f 1810/1824/3074 1832/1846/3075 2294/2308/2410
f 2294/2308/2410 2297/1550/1634 1810/1824/3074
f 1852/1866/3042 1833/1847/3036 2876/2880/3035
f 1852/1866/3042 2876/2880/3035 2881/2885/3044
f 2881/2885/3044 2880/2884/3043 1852/1866/3042
f 1851/1865/3076 2298/1521/1600 2294/2308/2410
f 2294/2308/2410 1832/1846/3075 1851/1865/3076
f 1851/1865/3076 1861/1875/3077 2896/164/160
f 2896/164/160 2298/1521/1600 1851/1865/3076
f 1870/1884/3047 1862/1876/3041 2879/2883/3040
f 1870/1884/3047 2879/2883/3040 2884/2888/3049
f 2884/2888/3049 2883/2887/3048 1870/1884/3047
f 1869/1883/3078 2897/165/161 2896/164/160
f 2896/164/160 1861/1875/3077 1869/1883/3078
f 1869/1883/3078 1880/1894/3079 2898/1536/1618
f 2898/1536/1618 2897/165/161 1869/1883/3078
f 1800/1814/3032 1896/1910/3080 2899/2898/3081
f 1800/1814/3032 2899/2898/3081 2875/2879/3034
f 2875/2879/3034 2874/2878/3033 1800/1814/3032
f 1799/1813/3072 2895/1530/1611 2900/1529/1610
f 2900/1529/1610 1895/1909/3082 1799/1813/3072
f 1570/1584/1673 161/161/157 1510/1513/1594
f 1510/1513/1594 1571/1585/1674 1570/1584/1673
f 1571/1585/1674 1510/1513/1594 1511/1514/1595
f 1511/1514/1595 1574/1588/1677 1571/1585/1674
f 2901/2899/1420 2902/2899/3083 2903/2900/3084
f 2904/2901/3085 2905/2902/3085 2901/2899/3085
f 2904/2901/3085 2901/2899/3086 2903/2900/3085
f 2894/1549/1633 2311/1548/1632 2309/1535/1617
f 2906/2903/1420 2907/2903/3087 2908/2904/3088
f 2604/2608/2710 2859/2863/3089 2602/2606/2708
f 2906/2903/3090 2908/2904/3090 2909/2905/3091
f 2909/2905/3092 2910/2906/3093 2906/2903/3094
f 1574/1588/1677 1511/1514/1595 2911/2907/3095
f 2911/2907/3095 2912/2908/3096 1574/1588/1677
f 2602/2606/2708 2597/2601/2703 2604/2608/2710
f 1658/1672/1765 240/243/241 270/273/272
f 270/273/272 1659/1673/1766 1658/1672/1765
f 1569/1583/1670 2885/2889/3051 2633/2637/3050
f 2913/2909/3097 2914/2910/3098 2915/2911/3098
f 2913/2909/3097 2915/2911/3098 2916/2912/3099
f 2913/2909/3097 2916/2912/3099 2917/2909/1612
f 2633/2637/3050 1235/1238/1671 1569/1583/1670
f 2918/2913/3100 1528/1537/3101 1594/1608/3102
f 1594/1608/3102 2919/2914/3103 2918/2913/3100
f 1594/1608/1697 1528/1537/1624 1531/1540/1623
f 1531/1540/1623 1595/1609/1698 1594/1608/1697
f 1663/1677/1770 1533/1542/1626 1532/1541/1625
f 1532/1541/1625 1660/1674/1767 1663/1677/1770
f 2920/2915/1612 2921/2915/3104 2922/2916/3105
f 2920/2915/3106 2922/2916/1612 2923/2917/3107
f 2920/2915/3106 2923/2917/3107 2924/2918/3108
f 2924/2918/3109 2925/2919/3110 2920/2915/3111
f 1674/1688/1784 269/272/271 1538/1551/1635
f 1538/1551/1635 1675/1689/1785 1674/1688/1784
f 1660/1674/1767 1532/1541/1625 1539/1552/1636
f 1539/1552/1636 1666/1680/1773 1660/1674/1767
f 1675/1689/1785 1538/1551/1635 2926/2920/3112
f 1568/1582/1668 2852/2856/2969 2603/2607/2968
f 2926/2920/3112 2927/2921/3113 1675/1689/1785
f 1595/1609/1698 1531/1540/1623 1533/1542/1639
f 1533/1542/1639 1663/1677/1907 1595/1609/1698
f 1666/1680/1773 1539/1552/1636 385/388/388
f 385/388/388 1667/1681/1774 1666/1680/1773
f 1710/1724/1820 2928/2922/3114 2929/2923/1640
f 2929/2923/1640 1711/1725/1821 1710/1724/1820
f 1711/1725/1821 2929/2923/1640 2930/2924/3115
f 2930/2924/3115 1713/1727/1823 1711/1725/1821
f 1713/1727/1823 2930/2924/3115 1545/1559/1643
f 1545/1559/1643 1715/1729/1825 1713/1727/1823
f 1715/1729/1825 1545/1559/1643 1546/1560/1644
f 1546/1560/1644 1717/1731/1827 1715/1729/1825
f 1720/1734/1830 2931/2925/3116 2928/2922/3114
f 2928/2922/3114 1710/1724/1820 1720/1734/1830
f 1773/1787/1883 2932/2926/3117 2931/2925/3116
f 2931/2925/3116 1720/1734/1830 1773/1787/1883
f 1778/1792/1888 2933/2927/3118 2932/2926/3117
f 2932/2926/3117 1773/1787/1883 1778/1792/1888
f 1717/1731/1827 1546/1560/1644 1550/1564/1648
f 1550/1564/1648 1785/1799/1895 1717/1731/1827
f 1797/1811/1909 2934/2928/3119 2933/2927/3118
f 2933/2927/3118 1778/1792/1888 1797/1811/1909
f 2524/2528/3120 2935/2929/3121 2807/2811/3122
f 2807/2811/2912 2522/2526/2628 2524/2528/2630
f 2528/2532/2634 2808/2812/2913 2936/2930/3123
f 2936/2930/3123 2525/2529/2631 2528/2532/2634
f 2804/2808/2909 1502/1505/1653 1554/1568/1652
f 1554/1568/1652 2802/2806/2907 2804/2808/2909
f 2802/2806/2907 1554/1568/1652 1555/1569/1654
f 1555/1569/1654 2798/2802/2903 2802/2806/2907
f 2798/2802/2903 1555/1569/1654 1556/1570/1655
f 1556/1570/1655 2799/2803/2904 2798/2802/2903
f 2799/2803/2904 1556/1570/1655 1557/1571/1656
f 1557/1571/1656 2805/2809/2910 2799/2803/2904
f 2796/2800/2901 1464/1467/1658 1558/1572/1657
f 1558/1572/1657 2794/2798/2899 2796/2800/2901
f 2794/2798/2899 1558/1572/1657 1559/1573/1659
f 1559/1573/1659 2792/2796/2897 2794/2798/2899
f 2792/2796/2897 1559/1573/1659 1560/1574/1660
f 1560/1574/1660 2790/2794/2895 2792/2796/2897
f 2790/2794/2895 1560/1574/1660 1561/1575/1661
f 1561/1575/1661 2788/2792/2893 2790/2794/2895
f 2788/2792/2893 1561/1575/1661 1562/1576/1662
f 1562/1576/1662 2786/2790/2891 2788/2792/2893
f 2786/2790/2891 1562/1576/1662 1563/1577/1663
f 1563/1577/1663 2782/2786/2887 2786/2790/2891
f 2782/2786/2887 1563/1577/1663 1564/1578/1664
f 1564/1578/1664 2783/2787/2888 2782/2786/2887
f 2647/2651/2753 2937/2931/3124 2809/2813/2914
f 2809/2813/2914 2648/2652/2754 2647/2651/2753
f 2811/2815/2916 2938/2932/3125 2934/2928/3119
f 2934/2928/3119 1797/1811/1909 2811/2815/2916
f 2825/2829/2930 2939/2933/3126 2938/2932/3125
f 2938/2932/3125 2811/2815/2916 2825/2829/2930
f 1684/1698/1794 267/270/269 238/241/239
f 238/241/239 1647/1661/1750 1684/1698/1794
f 1785/1799/1895 1550/1564/1648 268/271/270
f 268/271/270 1685/1699/1795 1785/1799/1895
f 1756/1770/1866 344/347/347 1412/1415/1424
f 1412/1415/1424 1771/1785/1881 1756/1770/1866
f 2603/2607/2968 1201/1204/1669 1568/1582/1668
f 2940/2934/3127 2941/2935/3128 2942/2936/3129
f 2942/2936/3129 2943/2937/3130 2940/2934/3127
f 2944/2938/3131 2940/2934/3127 2943/2937/3130
f 2943/2937/3130 2945/2939/3132 2944/2938/3131
f 2946/2940/3133 2944/2938/3131 2945/2939/3132
f 2945/2939/3132 2947/2941/3134 2946/2940/3133
f 2948/2942/3135 2949/2943/3136 2950/2944/3137
f 2950/2944/3137 2951/2945/3138 2948/2942/3135
f 2952/2946/3139 2948/2942/3135 2951/2945/3138
f 2951/2945/3138 2953/2947/3140 2952/2946/3139
f 2954/2948/3141 2952/2946/3139 2953/2947/3140
f 2953/2947/3140 2955/2949/3142 2954/2948/3141
f 2956/2950/3143 2954/2948/3141 2955/2949/3142
f 2955/2949/3142 2957/2951/3144 2956/2950/3143
f 2958/2952/3145 2956/2950/3143 2957/2951/3144
f 2957/2951/3144 2959/2953/3146 2958/2952/3145
f 2960/2954/3147 2958/2952/3145 2959/2953/3146
f 2959/2953/3146 2961/2955/3148 2960/2954/3147
f 2962/2956/3149 2960/2954/3147 2961/2955/3148
f 2961/2955/3148 2963/2957/3150 2962/2956/3149
f 2964/2958/3151 2962/2956/3149 2963/2957/3150
f 2963/2957/3150 2965/2959/3152 2964/2958/3151
f 2966/2960/3153 2964/2958/3151 2967/2961/3154
f 2967/2961/3154 2968/2962/3155 2966/2960/3153
f 2969/2963/3156 2966/2960/3153 2968/2962/3155
f 2968/2962/3155 2970/2964/3157 2969/2963/3156
f 2971/2965/3158 2969/2963/3156 2970/2964/3157
f 2970/2964/3157 2972/2966/3159 2971/2965/3158
f 2973/2967/3160 2971/2965/3158 2972/2966/3159
f 2972/2966/3159 2974/2968/3161 2973/2967/3160
f 2975/2969/3162 2973/2967/3160 2974/2968/3161
f 2974/2968/3161 2976/2970/3163 2975/2969/3162
f 2977/2971/3164 2975/2969/3162 2976/2970/3163
f 2976/2970/3163 2978/2972/3165 2977/2971/3164
f 2979/2973/3166 2977/2971/3164 2978/2972/3165
f 2978/2972/3165 2980/2974/3167 2979/2973/3166
f 2981/2975/3168 2982/2976/3169 2983/2977/3170
f 2983/2977/3170 2984/2978/3171 2981/2975/3168
f 2985/2979/3172 2981/2975/3168 2984/2978/3171
f 2984/2978/3171 2986/2980/3173 2985/2979/3172
f 2987/2981/3174 2985/2979/3172 2986/2980/3173
f 2986/2980/3173 2988/2982/3175 2987/2981/3174
f 2941/2935/3128 2987/2981/3174 2989/2983/3176
f 2989/2983/3176 2942/2936/3129 2941/2935/3128
f 2943/2937/3130 2942/2936/3129 2989/2983/3176
f 2989/2983/3176 2990/2984/3177 2943/2937/3130
f 2945/2939/3132 2943/2937/3130 2990/2984/3177
f 2990/2984/3177 2991/2985/3178 2945/2939/3132
f 2947/2941/3134 2945/2939/3132 2991/2985/3178
f 2991/2985/3178 2992/2986/3179 2947/2941/3134
f 2951/2945/3138 2950/2944/3137 2993/2987/3180
f 2993/2987/3180 2994/2988/3181 2951/2945/3138
f 2953/2947/3140 2951/2945/3138 2994/2988/3181
f 2994/2988/3181 2995/2989/3182 2953/2947/3140
f 2955/2949/3142 2953/2947/3140 2995/2989/3182
f 2995/2989/3182 2996/2990/3183 2955/2949/3142
f 2957/2951/3144 2955/2949/3142 2996/2990/3183
f 2996/2990/3183 2997/2991/3184 2957/2951/3144
f 2959/2953/3146 2957/2951/3144 2997/2991/3184
f 2997/2991/3184 2998/2992/3185 2959/2953/3146
f 2961/2955/3148 2959/2953/3146 2998/2992/3185
f 2998/2992/3185 2999/2993/3186 2961/2955/3148
f 2963/2957/3150 2961/2955/3148 2999/2993/3186
f 2999/2993/3186 2965/2959/3152 2963/2957/3150
f 2985/2979/3172 2987/2981/3174 2941/2935/3128
f 2941/2935/3128 2940/2934/3127 2985/2979/3172
f 2981/2975/3168 2985/2979/3172 2940/2934/3127
f 2940/2934/3127 2944/2938/3131 2981/2975/3168
f 2982/2976/3169 2981/2975/3168 2944/2938/3131
f 2944/2938/3131 2946/2940/3133 2982/2976/3169
f 2977/2971/3164 2979/2973/3166 2949/2943/3136
f 2949/2943/3136 2948/2942/3135 2977/2971/3164
f 2975/2969/3162 2977/2971/3164 2948/2942/3135
f 2948/2942/3135 2952/2946/3139 2975/2969/3162
f 2973/2967/3160 2975/2969/3162 2952/2946/3139
f 2952/2946/3139 2954/2948/3141 2973/2967/3160
f 2971/2965/3158 2973/2967/3160 2954/2948/3141
f 2954/2948/3141 2956/2950/3143 2971/2965/3158
f 2969/2963/3156 2971/2965/3158 2956/2950/3143
f 2956/2950/3143 2958/2952/3145 2969/2963/3156
f 2966/2960/3153 2969/2963/3156 2958/2952/3145
f 2958/2952/3145 2960/2954/3147 2966/2960/3153
f 2964/2958/3151 2966/2960/3153 2960/2954/3147
f 2960/2954/3147 2962/2956/3149 2964/2958/3151
f 2949/2943/3136 2946/2940/3133 2947/2941/3134
f 2947/2941/3134 2950/2944/3137 2949/2943/3136
f 2950/2944/3137 2947/2941/3134 2992/2986/3179
f 2992/2986/3179 2993/2987/3180 2950/2944/3137
f 2982/2976/3169 2979/2973/3166 2980/2974/3167
f 2980/2974/3167 2983/2977/3170 2982/2976/3169
f 2979/2973/3166 2982/2976/3169 2946/2940/3133
f 2946/2940/3133 2949/2943/3136 2979/2973/3166
f 3000/2994/3187 3001/2995/3188 3002/2996/3189
f 3002/2996/3189 3003/2997/3190 3000/2994/3187
f 3003/2997/3190 3002/2996/3189 3004/2998/3191
f 3004/2998/3191 3005/2999/3192 3003/2997/3190
f 3005/2999/3192 3004/2998/3191 3006/3000/3193
f 3006/3000/3193 3007/3001/3194 3005/2999/3192
f 3008/3002/3195 3009/3003/3196 3010/3004/3197
f 3010/3004/3197 3011/3005/3198 3008/3002/3195
f 3011/3005/3198 3010/3004/3197 3012/3006/3199
f 3012/3006/3199 3013/3007/3200 3011/3005/3198
f 3013/3007/3200 3012/3006/3199 3014/3008/3201
f 3014/3008/3201 3015/3009/3202 3013/3007/3200
f 3015/3009/3202 3014/3008/3201 3016/3010/3203
f 3016/3010/3203 3017/3011/3204 3015/3009/3202
f 3017/3011/3204 3016/3010/3203 3018/3012/3205
f 3018/3012/3205 3019/3013/3206 3017/3011/3204
f 3019/3013/3206 3018/3012/3205 3020/3014/3207
f 3020/3014/3207 3021/3015/3208 3019/3013/3206
f 3021/3015/3208 3020/3014/3207 3022/3016/3209
f 3022/3016/3209 3023/3017/3210 3021/3015/3208
f 3023/3017/3210 3022/3016/3209 3024/3018/3211
f 3024/3018/3211 3025/3019/3212 3023/3017/3210
f 3026/3020/3213 3024/3018/3211 3027/3021/3214
f 3027/3021/3214 3028/3022/3215 3026/3020/3213
f 3028/3022/3215 3027/3021/3214 3029/3023/3216
f 3029/3023/3216 3030/3024/3217 3028/3022/3215
f 3030/3024/3217 3029/3023/3216 3031/3025/3218
f 3031/3025/3218 3032/3026/3219 3030/3024/3217
f 3032/3026/3219 3031/3025/3218 3033/3027/3220
f 3033/3027/3220 3034/3028/3221 3032/3026/3219
f 3034/3028/3221 3033/3027/3220 3035/3029/3222
f 3035/3029/3222 3036/3030/3223 3034/3028/3221
f 3036/3030/3223 3035/3029/3222 3037/3031/3224
f 3037/3031/3224 3038/3032/3225 3036/3030/3223
f 3038/3032/3225 3037/3031/3224 3039/3033/3226
f 3039/3033/3226 3040/3034/3227 3038/3032/3225
f 3041/3035/3228 3042/3036/3229 3043/3037/3230
f 3043/3037/3230 3044/3038/3231 3041/3035/3228
f 3044/3038/3231 3043/3037/3230 3045/3039/3232
f 3045/3039/3232 3046/3040/3233 3044/3038/3231
f 3046/3040/3233 3045/3039/3232 3047/3041/3234
f 3047/3041/3234 3048/3042/3235 3046/3040/3233
f 3049/3043/3236 3047/3041/3234 3001/2995/3188
f 3001/2995/3188 3000/2994/3187 3049/3043/3236
f 3049/3043/3236 3000/2994/3187 3003/2997/3190
f 3003/2997/3190 3050/3044/3237 3049/3043/3236
f 3050/3044/3237 3003/2997/3190 3005/2999/3192
f 3005/2999/3192 3051/3045/3238 3050/3044/3237
f 3051/3045/3238 3005/2999/3192 3007/3001/3194
f 3007/3001/3194 3052/3046/3239 3051/3045/3238
f 3053/3047/3240 3008/3002/3195 3011/3005/3198
f 3011/3005/3198 3054/3048/3241 3053/3047/3240
f 3054/3048/3241 3011/3005/3198 3013/3007/3200
f 3013/3007/3200 3055/3049/3242 3054/3048/3241
f 3055/3049/3242 3013/3007/3200 3015/3009/3202
f 3015/3009/3202 3056/3050/3243 3055/3049/3242
f 3056/3050/3243 3015/3009/3202 3017/3011/3204
f 3017/3011/3204 3057/3051/3244 3056/3050/3243
f 3057/3051/3244 3017/3011/3204 3019/3013/3206
f 3019/3013/3206 3058/3052/3245 3057/3051/3244
f 3058/3052/3245 3019/3013/3206 3021/3015/3208
f 3021/3015/3208 3059/3053/3246 3058/3052/3245
f 3059/3053/3246 3021/3015/3208 3023/3017/3210
f 3023/3017/3210 3025/3019/3212 3059/3053/3246
f 3001/2995/3188 3047/3041/3234 3045/3039/3232
f 3045/3039/3232 3002/2996/3189 3001/2995/3188
f 3002/2996/3189 3045/3039/3232 3043/3037/3230
f 3043/3037/3230 3004/2998/3191 3002/2996/3189
f 3004/2998/3191 3043/3037/3230 3042/3036/3229
f 3042/3036/3229 3006/3000/3193 3004/2998/3191
f 3009/3003/3196 3039/3033/3226 3037/3031/3224
f 3037/3031/3224 3010/3004/3197 3009/3003/3196
f 3010/3004/3197 3037/3031/3224 3035/3029/3222
f 3035/3029/3222 3012/3006/3199 3010/3004/3197
f 3012/3006/3199 3035/3029/3222 3033/3027/3220
f 3033/3027/3220 3014/3008/3201 3012/3006/3199
f 3014/3008/3201 3033/3027/3220 3031/3025/3218
f 3031/3025/3218 3016/3010/3203 3014/3008/3201
f 3016/3010/3203 3031/3025/3218 3029/3023/3216
f 3029/3023/3216 3018/3012/3205 3016/3010/3203
f 3018/3012/3205 3029/3023/3216 3027/3021/3214
f 3027/3021/3214 3020/3014/3207 3018/3012/3205
f 3020/3014/3207 3027/3021/3214 3024/3018/3211
f 3024/3018/3211 3022/3016/3209 3020/3014/3207
f 3007/3001/3194 3006/3000/3193 3009/3003/3196
f 3009/3003/3196 3008/3002/3195 3007/3001/3194
f 3052/3046/3239 3007/3001/3194 3008/3002/3195
f 3008/3002/3195 3053/3047/3240 3052/3046/3239
f 3040/3034/3227 3039/3033/3226 3042/3036/3229
f 3042/3036/3229 3041/3035/3228 3040/3034/3227
f 3006/3000/3193 3042/3036/3229 3039/3033/3226
f 3039/3033/3226 3009/3003/3196 3006/3000/3193
