# Blender 5.2.0 LTS
# www.blender.org
mtllib farmer0250.mtl
o obj4
v -0.149916 5.455365 0.806820
v -0.172598 5.433228 0.787176
v -0.145965 5.404255 0.803182
v -0.122718 5.404246 0.822680
v -0.218854 5.481347 0.754203
v -0.214021 5.440481 0.755729
v -0.267232 5.451366 0.697640
v -0.233140 5.433559 0.713754
v -0.118147 5.404982 0.816251
v -0.145350 5.455906 0.800363
v -0.141395 5.404993 0.796753
v -0.118147 5.404982 0.816251
v -0.168032 5.433768 0.780718
v -0.208822 5.441834 0.749821
v -0.145350 5.455906 0.800363
v -0.213655 5.482700 0.748294
v -0.261672 5.453655 0.692619
v -0.227580 5.435847 0.708734
v -0.213655 5.482700 0.748294
v -0.261672 5.453655 0.692619
v -0.261150 5.359633 0.419113
v -0.276570 5.392950 0.440494
v -0.269663 5.408977 0.407541
v -0.252291 5.354051 0.390636
v -0.300401 5.449757 0.482296
v -0.294605 5.409264 0.487034
v -0.287353 5.412558 0.532989
v -0.308252 5.435476 0.560865
v -0.262365 5.410576 0.410192
v -0.245018 5.355833 0.393219
v -0.245018 5.355833 0.393219
v -0.253877 5.361418 0.421697
v -0.269273 5.394548 0.443145
v -0.287127 5.411499 0.488723
v -0.292923 5.451992 0.483986
v -0.262365 5.410576 0.410192
v -0.280115 5.415495 0.533564
v -0.301014 5.438414 0.561440
v -0.301014 5.438414 0.561440
v -0.292923 5.451992 0.483986
v 0.548321 5.613882 0.839331
v 0.540464 5.488371 0.866685
v 0.709881 5.425189 0.612068
v 0.714206 5.552017 0.590022
v 0.714503 5.379831 0.327517
v 0.718733 5.507605 0.311403
v 0.718733 5.507605 0.311403
v 0.714503 5.379831 0.327517
v 0.553092 5.364450 0.089278
v 0.560687 5.492545 0.078131
v 0.268898 5.383171 -0.038815
v 0.282419 5.510873 -0.047290
v -0.061931 5.430973 -0.022437
v -0.041513 5.557680 -0.031254
v -0.350747 5.495049 0.134023
v -0.324309 5.620419 0.121944
v -0.520165 5.558228 0.388641
v -0.490193 5.682283 0.371253
v -0.524786 5.603587 0.673193
v -0.494720 5.726695 0.649871
v -0.363376 5.618967 0.911432
v -0.336673 5.741755 0.883144
v -0.079181 5.600249 1.039523
v -0.058404 5.723427 1.008565
v 0.251647 5.552450 1.023144
v 0.265526 5.676623 0.992529
v 0.358576 5.691797 0.662741
v 0.369833 5.574701 0.703507
v 0.469962 5.537360 0.553024
v 0.448348 5.658318 0.527822
v 0.472693 5.510552 0.384850
v 0.450797 5.634283 0.377042
v 0.450797 5.634283 0.377042
v 0.472693 5.510552 0.384850
v 0.377297 5.501462 0.244047
v 0.365267 5.626132 0.250800
v 0.209333 5.512525 0.168343
v 0.214676 5.636051 0.182926
v 0.013810 5.540777 0.178022
v 0.039373 5.661381 0.191604
v -0.156886 5.578647 0.270492
v -0.113668 5.695334 0.274511
v -0.257014 5.615989 0.420975
v -0.203441 5.728814 0.409430
v -0.259746 5.642796 0.589150
v -0.205890 5.752849 0.560212
v -0.164350 5.651886 0.729953
v -0.120360 5.760999 0.686452
v 0.003614 5.640822 0.805657
v 0.030232 5.751080 0.754327
v 0.199139 5.612572 0.795977
v 0.205535 5.725751 0.745648
v 0.328969 5.792499 0.611344
v 0.402268 5.765163 0.501182
v 0.404268 5.745538 0.378070
v 0.404268 5.745538 0.378070
v 0.334433 5.738884 0.274994
v 0.211475 5.746983 0.219576
v 0.068341 5.767664 0.226661
v -0.056617 5.795387 0.294354
v -0.129916 5.822723 0.404515
v -0.131916 5.842347 0.527628
v -0.062081 5.849002 0.630703
v 0.060878 5.840903 0.686123
v 0.204012 5.820222 0.679036
v 0.283030 5.869945 0.552815
v 0.334861 5.850615 0.474918
v 0.336275 5.836739 0.387866
v 0.336275 5.836739 0.387866
v 0.286895 5.832034 0.314981
v 0.199950 5.837760 0.275794
v 0.098740 5.852385 0.280804
v 0.010381 5.871987 0.328670
v -0.041449 5.891316 0.406566
v -0.042863 5.905193 0.493619
v 0.006518 5.909898 0.566503
v 0.093462 5.904172 0.605692
v 0.194673 5.889548 0.600680
v 0.223892 5.918857 0.491144
v 0.250722 5.908851 0.450822
v 0.251453 5.901668 0.405761
v 0.251453 5.901668 0.405761
v 0.225892 5.899233 0.368033
v 0.180887 5.902197 0.347747
v 0.128496 5.909767 0.350341
v 0.082758 5.919914 0.375119
v 0.055929 5.929920 0.415441
v 0.055197 5.937103 0.460503
v 0.080758 5.939539 0.498230
v 0.125764 5.936574 0.518515
v 0.178155 5.929005 0.515922
v 0.155584 5.935899 0.430536
v 0.361974 5.449190 0.730862
v 0.465634 5.410532 0.575070
v 0.468463 5.382778 0.400964
v 0.468463 5.382778 0.400964
v 0.369701 5.373368 0.255193
v 0.195813 5.384820 0.176818
v -0.006609 5.414069 0.186839
v -0.183325 5.453275 0.282571
v -0.286986 5.491934 0.438363
v -0.289814 5.519686 0.612470
v -0.191052 5.529097 0.758240
v -0.017164 5.517644 0.836615
v 0.185259 5.488397 0.826594
v -0.398491 5.117763 0.556329
v -0.425263 5.139138 0.627222
v -0.416716 5.198923 0.661109
v -0.415382 5.210607 0.626549
v -0.417068 5.112079 0.601488
v -0.425734 5.121074 0.630514
v -0.402065 5.196799 0.664019
v -0.408318 5.150492 0.628340
v -0.383757 5.115481 0.562070
v -0.401003 5.208682 0.630615
v -0.410453 5.118105 0.635323
v -0.402282 5.109814 0.608111
v -0.383757 5.115481 0.562070
v -0.408318 5.150492 0.628340
v -0.402065 5.196799 0.664019
v -0.421207 5.198900 0.697688
v -0.407704 5.196090 0.693965
v -0.401003 5.208682 0.630615
v -0.383757 5.115481 0.562070
v -0.402065 5.196799 0.664019
v -0.401003 5.208682 0.630615
v -0.383757 5.115481 0.562070
v -0.402282 5.109814 0.608111
v -0.402282 5.109814 0.608111
v -0.410453 5.118105 0.635323
v -0.391528 5.056143 0.591179
v -0.396801 5.062768 0.646705
v -0.393883 5.085254 0.639001
v -0.383126 5.072478 0.580261
v -0.248738 5.365880 0.523832
v -0.256499 5.387630 0.521560
v -0.258534 5.383252 0.486200
v -0.253105 5.360078 0.487885
v -0.285512 5.313914 0.502989
v -0.288231 5.334226 0.556693
v -0.261645 5.340571 0.535092
v -0.274373 5.325540 0.498580
v -0.256568 5.352390 0.426497
v -0.255273 5.377001 0.442773
v -0.264576 5.385411 0.440201
v -0.246734 5.347863 0.416922
v -0.261382 5.392870 0.486207
v -0.262993 5.398496 0.530317
v -0.278353 5.408671 0.538206
v -0.285561 5.404424 0.489763
v -0.276517 5.374129 0.563814
v -0.256292 5.371027 0.550294
v -0.328684 5.024364 0.532940
v -0.313433 5.081240 0.509912
v -0.256721 5.086340 0.470013
v -0.276136 5.002469 0.511639
v -0.191534 5.061810 0.426194
v -0.203922 5.186679 0.380721
v -0.059321 5.112931 0.336109
v -0.107747 5.028628 0.397165
v -0.272631 5.324044 0.451822
v -0.274531 5.312622 0.444509
v -0.255538 5.369250 0.446770
v -0.255953 5.352080 0.434507
v -0.259475 5.353734 0.450096
v -0.265276 5.332454 0.494962
v -0.257979 5.342853 0.528356
v -0.267437 5.329298 0.455489
v -0.305320 5.303093 0.506727
v -0.307330 5.325235 0.609922
v -0.272998 5.301248 0.425923
v -0.236233 5.341678 0.385961
v -0.256252 5.403819 0.404287
v -0.292123 5.450484 0.484471
v -0.302511 5.434584 0.568601
v -0.295047 5.378816 0.593112
v -0.325298 5.266214 0.616016
v -0.298950 5.244069 0.508196
v -0.205316 5.323484 0.349482
v -0.210241 5.426537 0.355619
v -0.251428 5.491566 0.452339
v -0.320309 5.419719 0.627015
v -0.317345 5.422235 0.614340
v -0.317415 5.369712 0.621086
v -0.327321 5.371985 0.636740
v -0.358589 5.325830 0.637067
v -0.377058 5.331301 0.654232
v -0.251917 5.370202 0.542067
v -0.335838 5.175705 0.527555
v -0.374968 5.237281 0.620446
v -0.402282 5.109814 0.608111
v -0.410453 5.118105 0.635323
v -0.422841 5.285014 0.670346
v -0.402546 5.277519 0.649235
v -0.420759 5.258560 0.652073
v -0.443830 5.265403 0.674382
v -0.332486 5.373088 0.650843
v -0.317852 5.419423 0.641071
v -0.378169 5.335217 0.668943
v -0.432032 5.291080 0.690225
v -0.400309 5.041429 0.613716
v -0.383505 5.028838 0.587290
v -0.388943 5.001844 0.658847
v -0.403574 5.041158 0.655323
v -0.385664 4.963743 0.662420
v -0.357153 4.987844 0.583865
v -0.315692 4.952105 0.580018
v -0.350049 4.925256 0.656138
v -0.383757 5.115481 0.562070
v -0.366383 5.064973 0.554933
v -0.402282 5.109814 0.608111
v -0.311657 5.425127 0.604268
v -0.307914 5.377998 0.608170
v -0.334648 5.329316 0.625070
v -0.414733 5.218690 0.639247
v -0.437306 5.216559 0.672132
v -0.462307 5.235713 0.677215
v -0.442738 5.230479 0.652986
v -0.392841 5.249709 0.634195
v -0.371220 5.272765 0.635442
v -0.315660 5.464451 0.594747
v -0.312248 5.456306 0.582432
v -0.314354 5.445093 0.597592
v -0.319711 5.443537 0.608725
v -0.319582 5.444561 0.621404
v -0.310441 5.468665 0.613196
v -0.313173 5.444967 0.636699
v -0.304108 5.469404 0.631142
v -0.475360 5.241031 0.709035
v -0.452041 5.274296 0.698176
v -0.383757 5.115481 0.562070
v -0.401003 5.208682 0.630615
v -0.383757 5.115481 0.562070
v -0.375252 5.049548 0.561345
v -0.383757 5.115481 0.562070
v -0.408318 5.150492 0.628340
v -0.402065 5.196799 0.664019
v -0.401003 5.208682 0.630615
v -0.383757 5.115481 0.562070
v -0.402282 5.109814 0.608111
v -0.410453 5.118105 0.635323
v -0.408318 5.150492 0.628340
v -0.401003 5.208682 0.630615
v -0.402065 5.196799 0.664019
v -0.401003 5.208682 0.630615
v -0.255538 5.369250 0.446770
v -0.258534 5.383252 0.486200
v -0.255953 5.352080 0.434507
v -0.267437 5.329298 0.455489
v -0.265276 5.332454 0.494962
v -0.257979 5.342853 0.528356
v -0.251917 5.370202 0.542067
v -0.256499 5.387630 0.521560
v 0.300788 5.645677 0.350970
v 0.419719 5.489812 0.333410
v 0.363663 5.469570 0.278868
v 0.257033 5.609318 0.294611
v 0.120393 5.727428 0.395573
v 0.095295 5.682614 0.334602
v -0.072695 5.713353 0.456693
v -0.078207 5.669846 0.388120
v -0.223140 5.608593 0.529975
v -0.208778 5.577590 0.468207
v 0.432621 5.303911 0.351139
v 0.380267 5.301985 0.293359
v 0.289156 5.443051 0.241003
v 0.202091 5.557147 0.253859
v 0.070034 5.616997 0.286510
v -0.071631 5.606568 0.330208
v -0.179375 5.530809 0.391820
v 0.307898 5.305282 0.251389
v 0.201274 5.412060 0.222395
v 0.139710 5.492739 0.231485
v 0.046332 5.535060 0.254573
v -0.053840 5.527685 0.285472
v -0.129450 5.458539 0.322868
v 0.214527 5.314643 0.229738
v 0.096691 5.259754 0.240926
v 0.065630 5.307581 0.245275
v 0.017931 5.331876 0.257627
v -0.004425 5.325696 0.266336
v -0.053323 5.283536 0.291233
v -0.075876 5.238263 0.310105
v 0.092492 5.213124 0.253857
v 0.009135 5.242707 0.227165
v -0.050939 5.261142 0.271347
v -0.014498 5.292418 0.237393
v 0.016317 5.290805 0.216162
v 0.071653 5.224861 0.194422
v 0.050745 5.266535 0.197752
v 0.000230 5.195390 0.247270
v -0.068636 5.224362 0.293121
v 0.069631 5.186568 0.207145
v -0.313673 4.894683 0.727598
v -0.309044 4.903432 0.647010
v -0.246674 4.883322 0.639603
v -0.256220 4.875299 0.716914
v -0.144726 4.960159 0.474321
v -0.218740 4.979923 0.490491
v -0.050725 5.167594 0.322294
v -0.264241 4.925985 0.571751
v -0.184876 4.910868 0.557990
v -0.133954 4.854986 0.622118
v -0.130145 4.856291 0.693485
v -0.023372 4.993351 0.384454
v -0.053071 4.925940 0.457261
v -0.049771 5.113622 0.316475
v -0.048630 5.162253 0.301818
v -0.003157 5.145007 0.268232
v -0.002389 5.084395 0.306396
v -0.085437 4.880496 0.539657
v -0.012897 5.081596 0.345491
v -0.277734 5.523098 0.534339
v -0.027571 4.880119 0.465182
v 0.019303 4.956926 0.394384
v 0.061784 5.136632 0.240199
v 0.055280 5.098273 0.285183
v -0.053879 4.827815 0.547139
v -0.054684 4.789233 0.627925
v 0.052635 5.098909 0.334173
v 0.414592 5.250001 0.361650
v 0.356941 5.249000 0.308213
v 0.291183 5.251667 0.270656
v 0.207444 5.259571 0.250162
v 0.074925 5.150284 0.287252
v 0.337281 5.090389 0.396477
v 0.285542 5.089638 0.352472
v 0.222249 5.092043 0.329292
v 0.156110 5.097831 0.318827
v 0.194943 4.966048 0.393172
v 0.151371 4.964137 0.372720
v 0.103530 4.962472 0.372042
v -0.271476 5.532402 0.581465
v 0.026157 5.316401 0.228933
v -0.012472 5.315634 0.249591
v -0.057271 5.277165 0.282212
v 0.097362 5.244828 0.204610
v 0.069630 5.291421 0.210528
v -0.078643 5.233994 0.304213
v 0.094403 5.199956 0.217258
v -0.053697 5.163435 0.316696
v 0.000355 5.075231 0.320470
v 0.066934 5.092716 0.299519
v 0.081071 5.140277 0.252136
v -0.352946 4.916492 0.734000
v 0.237393 4.972681 0.440179
v -0.973111 2.672555 -0.197538
v -1.013004 2.764432 -0.167637
v -1.030958 2.775945 -0.105828
v -0.970685 2.696597 -0.148628
v -0.917096 2.609904 -0.245059
v -0.981619 2.668359 -0.189668
v -0.976989 2.688923 -0.150338
v -0.916641 2.651920 -0.201013
v -0.916641 2.651920 -0.201013
v -0.976989 2.688923 -0.150338
v -0.993279 2.699663 -0.103249
v -0.895927 2.671373 -0.164362
v -1.061917 2.781532 -0.045106
v -0.987822 2.709022 -0.084911
v -0.468408 2.415805 -0.115317
v -0.453490 2.444707 -0.101946
v -0.474340 2.458550 -0.063065
v -0.488558 2.413153 -0.082173
v -0.474340 2.458550 -0.063065
v -0.453490 2.444707 -0.101946
v -0.473729 2.480567 -0.111834
v -0.495374 2.510620 -0.077053
v -0.526914 2.478074 -0.055656
v -0.533677 2.447469 -0.070073
v -0.526914 2.478074 -0.055656
v -0.538854 2.512116 -0.066563
v -0.742334 2.486881 -0.141147
v -0.715677 2.499977 -0.165534
v -0.657062 2.451998 -0.178823
v -0.688744 2.422446 -0.194798
v -0.657062 2.451998 -0.178823
v -0.715677 2.499977 -0.165534
v -0.696996 2.534424 -0.130193
v -0.632757 2.469132 -0.144828
v -1.199966 2.729264 -0.094243
v -1.115005 2.634485 -0.061746
v -1.108834 2.634273 -0.071248
v -0.937921 2.667629 -0.108477
v -0.812279 2.608469 -0.099500
v -0.798046 2.631681 -0.135693
v -0.701680 2.519236 -0.090241
v -1.021569 2.611054 -0.030795
v -0.853628 2.556852 -0.022360
v -0.745457 2.475625 -0.008802
v -0.651312 2.422639 -0.073868
v -0.628358 2.463960 -0.100803
v -0.911676 2.506833 0.034582
v -0.806100 2.417523 0.055516
v -0.718050 2.350813 -0.011860
v -0.682619 2.392194 -0.029355
v -1.096399 2.540108 0.008057
v -1.189644 2.577986 -0.099833
v -1.108065 2.500102 0.001637
v -1.282028 2.684702 -0.174229
v -1.200469 2.574745 -0.092309
v -0.977054 2.448014 0.061511
v -1.012638 2.413444 0.059989
v -0.876667 2.344196 0.097697
v -0.910391 2.314112 0.098363
v -0.787805 2.275744 0.062025
v -0.742734 2.337883 0.038116
v -0.863751 2.238290 0.084406
v -0.822928 2.256240 0.092847
v -1.264350 2.675015 -0.234971
v -1.197319 2.556261 -0.130058
v -1.188226 2.561580 -0.127006
v -1.124615 2.472016 -0.025470
v -1.124615 2.472016 -0.025470
v -1.188226 2.561580 -0.127006
v -1.175456 2.554443 -0.159926
v -1.145050 2.459369 -0.062522
v -1.217651 2.679342 -0.276821
v -1.181048 2.545937 -0.172826
v -1.035041 2.382149 0.031049
v -1.035041 2.382149 0.031049
v -1.038443 2.367834 -0.007540
v -0.937997 2.296451 0.067286
v -0.937997 2.296451 0.067286
v -0.946396 2.292356 0.026594
v -0.893766 2.231715 0.054012
v -0.893766 2.231715 0.054012
v -0.904563 2.237156 0.014741
v -1.105435 2.711384 -0.240240
v -1.074887 2.586308 -0.186731
v -1.077449 2.589624 -0.176617
v -1.087539 2.500427 -0.132244
v -1.017451 2.384136 -0.038350
v -0.928367 2.306868 -0.006910
v -0.962794 2.433561 -0.085917
v -0.873153 2.354293 -0.070324
v -0.844807 2.273090 -0.035180
v -0.885931 2.254195 -0.015753
v -0.992905 2.566022 -0.190188
v -0.912506 2.474821 -0.142713
v -0.819652 2.399515 -0.130764
v -0.795540 2.317684 -0.108498
v -0.829625 2.299253 -0.070215
v -1.074887 2.586308 -0.186731
v -1.105435 2.711384 -0.240240
v -0.859758 2.505810 -0.200236
v -0.827160 2.511536 -0.218340
v -0.770978 2.449942 -0.157134
v -0.743378 2.373795 -0.168774
v -0.777508 2.348082 -0.145001
v -0.709795 2.395533 -0.179038
v -0.905075 2.090364 -0.193898
v -0.879617 2.089672 -0.195944
v -0.868686 2.068218 -0.210468
v -0.897071 2.057980 -0.208281
v -0.908866 2.073363 -0.175358
v -0.907881 2.046031 -0.182842
v -0.907881 2.046031 -0.182842
v -0.897071 2.057980 -0.208281
v -0.870901 2.023714 -0.198785
v -0.882738 2.023066 -0.178727
v -0.868686 2.068218 -0.210468
v -0.854088 2.040124 -0.199383
v -0.864112 2.096596 -0.230326
v -0.839269 2.095813 -0.238964
v -0.834050 2.074334 -0.256737
v -0.861961 2.064211 -0.247317
v -0.861180 2.079604 -0.210635
v -0.863591 2.052569 -0.218670
v -0.863591 2.052569 -0.218670
v -0.861961 2.064211 -0.247317
v -0.832987 2.030227 -0.244727
v -0.837295 2.029644 -0.221189
v -0.834050 2.074334 -0.256737
v -0.815614 2.046167 -0.249476
v -0.795882 2.121540 -0.345136
v -0.769623 2.124834 -0.352217
v -0.762631 2.105159 -0.371105
v -0.789663 2.089738 -0.363832
v -0.789764 2.105438 -0.324483
v -0.788954 2.078215 -0.334029
v -0.788954 2.078215 -0.334029
v -0.789663 2.089738 -0.363832
v -0.755702 2.061832 -0.360000
v -0.759818 2.060934 -0.335563
v -0.762631 2.105159 -0.371105
v -0.740092 2.080866 -0.363115
v -0.623054 2.105497 -0.338533
v -0.601630 2.120836 -0.344804
v -0.580851 2.103562 -0.354655
v -0.597885 2.078483 -0.343931
v -0.614711 2.101941 -0.312954
v -0.598634 2.078268 -0.311802
v -0.598634 2.078268 -0.311802
v -0.597885 2.078483 -0.343931
v -0.556325 2.076349 -0.327881
v -0.564879 2.080330 -0.304912
v -0.580851 2.103562 -0.354655
v -0.551921 2.099159 -0.336842
v -0.842025 2.247647 -0.022725
v -0.873559 2.233002 -0.019084
v -0.890633 2.217211 0.007824
v -0.860491 2.133391 -0.036502
v -0.847810 2.153362 -0.057003
v -0.849404 2.142341 -0.069225
v -0.861082 2.121625 -0.049341
v -0.818193 2.158868 -0.063667
v -0.817761 2.144671 -0.074945
v -0.879236 2.211078 0.044771
v -0.879236 2.211078 0.044771
v -0.851199 2.215441 0.072778
v -0.810617 2.092381 0.005714
v -0.841506 2.107805 -0.010220
v -0.841792 2.094089 -0.024875
v -0.810877 2.076369 -0.010686
v -0.841792 2.094089 -0.024875
v -0.841506 2.107805 -0.010220
v -0.816960 2.230204 0.073914
v -0.795993 2.244623 0.052005
v -0.767516 2.115495 -0.022073
v -0.780863 2.097207 -0.001138
v -0.781942 2.080581 -0.018137
v -0.768932 2.099653 -0.037652
v -0.808205 2.262272 0.012719
v -0.809842 2.250641 0.010673
v -0.808205 2.262272 0.012719
v -0.809842 2.250641 0.010673
v -0.785057 2.141004 -0.046755
v -0.786551 2.126285 -0.060855
v -0.786551 2.126285 -0.060855
v -0.785057 2.141004 -0.046755
v -0.786807 2.299416 -0.081884
v -0.816968 2.279586 -0.073667
v -0.818933 2.263949 -0.039693
v -0.775689 2.151710 -0.086208
v -0.771246 2.168242 -0.112875
v -0.769727 2.153883 -0.121075
v -0.772321 2.136558 -0.094283
v -0.742959 2.177068 -0.124045
v -0.742231 2.162498 -0.132296
v -0.800980 2.258692 0.004940
v -0.800980 2.258692 0.004940
v -0.766485 2.281159 0.031976
v -0.736451 2.308470 0.020942
v -0.724295 2.319273 -0.016499
v -0.675627 2.159843 -0.076548
v -0.681371 2.144329 -0.050146
v -0.682057 2.126772 -0.062349
v -0.675893 2.143086 -0.087214
v -0.709435 2.133579 -0.040150
v -0.709571 2.117241 -0.051766
v -0.748460 2.326381 -0.052889
v -0.748543 2.314201 -0.053058
v -0.748460 2.326381 -0.052889
v -0.748543 2.314201 -0.053058
v -0.702236 2.171845 -0.106035
v -0.702491 2.156291 -0.115540
v -0.702491 2.156291 -0.115540
v -0.702236 2.171845 -0.106035
v -0.733289 2.351219 -0.158071
v -0.759858 2.328052 -0.150002
v -0.766002 2.313578 -0.116995
v -0.697824 2.196765 -0.173734
v -0.694965 2.214730 -0.199337
v -0.692832 2.202271 -0.207973
v -0.695703 2.184364 -0.182962
v -0.668557 2.227712 -0.209979
v -0.666672 2.214645 -0.218698
v -0.741664 2.319931 -0.060670
v -0.741664 2.319931 -0.060670
v -0.705912 2.338771 -0.043238
v -0.680033 2.361878 -0.052024
v -0.674093 2.376379 -0.085457
v -0.600342 2.215382 -0.164469
v -0.603526 2.198351 -0.138266
v -0.601670 2.183266 -0.149501
v -0.598668 2.200184 -0.175249
v -0.629558 2.184685 -0.127937
v -0.627618 2.170023 -0.139369
v -0.684972 2.386498 -0.119163
v -0.682164 2.374805 -0.118777
v -0.684972 2.386498 -0.119163
v -0.682164 2.374805 -0.118777
v -0.629351 2.226385 -0.193398
v -0.627833 2.212170 -0.203174
v -0.627833 2.212170 -0.203174
v -0.629351 2.226385 -0.193398
v -0.667323 2.406067 -0.197887
v -0.687546 2.381081 -0.184188
v -0.689315 2.369796 -0.153813
v -0.604401 2.272146 -0.192642
v -0.606031 2.284125 -0.220876
v -0.600786 2.273746 -0.225795
v -0.599122 2.261797 -0.197800
v -0.585008 2.301867 -0.235493
v -0.579380 2.290818 -0.240383
v -0.673303 2.382595 -0.124780
v -0.673303 2.382595 -0.124780
v -0.632813 2.413330 -0.099207
v -0.616254 2.437007 -0.116938
v -0.616691 2.446188 -0.151890
v -0.519982 2.320295 -0.195142
v -0.517843 2.309157 -0.165924
v -0.511764 2.295577 -0.172310
v -0.513963 2.306975 -0.200919
v -0.537460 2.291346 -0.150613
v -0.531500 2.278801 -0.156927
v -0.638516 2.431675 -0.183119
v -0.638516 2.431675 -0.183119
v -0.549046 2.315785 -0.222601
v -0.543021 2.303859 -0.227584
v -0.543021 2.303859 -0.227584
v -0.549046 2.315785 -0.222601
v -0.745388 2.121183 -0.067221
v -0.748635 2.138102 -0.057544
v -0.748635 2.138102 -0.057544
v -0.745388 2.121183 -0.067221
v -0.665972 2.171648 -0.155294
v -0.667730 2.185149 -0.144610
v -0.667730 2.185149 -0.144610
v -0.665972 2.171648 -0.155294
v -0.568204 2.265240 -0.170266
v -0.573740 2.276659 -0.164389
v -0.573740 2.276659 -0.164389
v -0.568204 2.265240 -0.170266
v -0.850872 2.132626 -0.080381
v -0.819207 2.134465 -0.086360
v -0.828731 2.104598 -0.126607
v -0.855969 2.103547 -0.114450
v -0.863085 2.112003 -0.061354
v -0.869380 2.081763 -0.098942
v -0.855078 2.048246 -0.087521
v -0.845476 2.083759 -0.039955
v -0.814297 2.063783 -0.027540
v -0.845476 2.083759 -0.039955
v -0.855078 2.048246 -0.087521
v -0.826484 2.023321 -0.083349
v -0.798660 2.025398 -0.093690
v -0.784374 2.067059 -0.034418
v -0.771491 2.086820 -0.053245
v -0.785741 2.046212 -0.110786
v -0.800120 2.078993 -0.123048
v -0.788528 2.114627 -0.074397
v -0.788528 2.114627 -0.074397
v -0.800120 2.078993 -0.123048
v -0.771214 2.143336 -0.129327
v -0.743427 2.151441 -0.140594
v -0.757683 2.098628 -0.186191
v -0.780276 2.097572 -0.166739
v -0.773419 2.125788 -0.102500
v -0.788361 2.075481 -0.148101
v -0.769800 2.045631 -0.137707
v -0.745963 2.108417 -0.076479
v -0.711479 2.104481 -0.062017
v -0.745963 2.108417 -0.076479
v -0.769800 2.045631 -0.137707
v -0.737007 2.025959 -0.135356
v -0.714004 2.030100 -0.152344
v -0.684325 2.113672 -0.073010
v -0.678574 2.129984 -0.098059
v -0.707902 2.049114 -0.174594
v -0.727116 2.076082 -0.187471
v -0.705374 2.144526 -0.125542
v -0.705374 2.144526 -0.125542
v -0.727116 2.076082 -0.187471
v -0.693262 2.190865 -0.217912
v -0.667143 2.202768 -0.228978
v -0.679982 2.144970 -0.285701
v -0.702437 2.139979 -0.266813
v -0.696119 2.172659 -0.193256
v -0.707633 2.116303 -0.249101
v -0.686317 2.087066 -0.241674
v -0.667160 2.159033 -0.166930
v -0.628997 2.156317 -0.152060
v -0.667160 2.159033 -0.166930
v -0.686317 2.087066 -0.241674
v -0.654643 2.067972 -0.245169
v -0.632998 2.073925 -0.263773
v -0.603252 2.168971 -0.162734
v -0.600077 2.186355 -0.187873
v -0.627548 2.096160 -0.282550
v -0.648829 2.124508 -0.290728
v -0.628872 2.199340 -0.214644
v -0.628872 2.199340 -0.214644
v -0.648829 2.124508 -0.290728
v -0.598074 2.263946 -0.231099
v -0.576727 2.280733 -0.245824
v -0.559952 2.203862 -0.288237
v -0.580189 2.191087 -0.271108
v -0.596316 2.251834 -0.203245
v -0.577665 2.175785 -0.245575
v -0.545628 2.168252 -0.225005
v -0.565539 2.254297 -0.176406
v -0.528436 2.266707 -0.163663
v -0.565539 2.254297 -0.176406
v -0.545628 2.168252 -0.225005
v -0.508512 2.170374 -0.218707
v -0.486919 2.185493 -0.233961
v -0.508425 2.283348 -0.178981
v -0.510647 2.295114 -0.207288
v -0.489338 2.199307 -0.260421
v -0.521341 2.204720 -0.282319
v -0.539930 2.292887 -0.233433
v -0.539930 2.292887 -0.233433
v -0.521341 2.204720 -0.282319
v -0.859098 2.099248 -0.122555
v -0.832143 2.099614 -0.135620
v -0.859775 2.099483 -0.173744
v -0.885179 2.098876 -0.159432
v -0.872894 2.076906 -0.108300
v -0.898981 2.075856 -0.146577
v -0.859202 2.042048 -0.099101
v -0.887074 2.037889 -0.143244
v -0.831439 2.015835 -0.097293
v -0.859202 2.042048 -0.099101
v -0.887074 2.037889 -0.143244
v -0.862848 2.009798 -0.148010
v -0.804630 2.017333 -0.109446
v -0.837002 2.010343 -0.161791
v -0.791550 2.038826 -0.125503
v -0.823305 2.032423 -0.175709
v -0.804884 2.072823 -0.135056
v -0.835214 2.069345 -0.180072
v -0.804884 2.072823 -0.135056
v -0.835214 2.069345 -0.180072
v -0.785081 2.097511 -0.170301
v -0.762602 2.097364 -0.190615
v -0.809996 2.104447 -0.221515
v -0.830457 2.105057 -0.199826
v -0.793455 2.076277 -0.151367
v -0.839664 2.082116 -0.183215
v -0.776439 2.042956 -0.144578
v -0.828057 2.045102 -0.183299
v -0.745313 2.020025 -0.145705
v -0.776439 2.042956 -0.144578
v -0.828057 2.045102 -0.183299
v -0.805025 2.015417 -0.195072
v -0.721869 2.023513 -0.162762
v -0.784184 2.015857 -0.215752
v -0.715608 2.043300 -0.184286
v -0.774910 2.037560 -0.233163
v -0.734525 2.073055 -0.194964
v -0.787664 2.074001 -0.234337
v -0.734525 2.073055 -0.194964
v -0.787664 2.074001 -0.234337
v -0.707912 2.137960 -0.272143
v -0.686095 2.143134 -0.291240
v -0.740188 2.139976 -0.330465
v -0.759929 2.135635 -0.309729
v -0.713533 2.115353 -0.253869
v -0.765678 2.111151 -0.293701
v -0.692740 2.083439 -0.249132
v -0.748216 2.076110 -0.294170
v -0.663245 2.062745 -0.255466
v -0.692740 2.083439 -0.249132
v -0.748216 2.076110 -0.294170
v -0.721786 2.050879 -0.306399
v -0.640553 2.068518 -0.273458
v -0.700641 2.054556 -0.326761
v -0.635216 2.090938 -0.292083
v -0.694527 2.077944 -0.343484
v -0.656443 2.121162 -0.298568
v -0.712726 2.112590 -0.343854
v -0.656443 2.121162 -0.298568
v -0.712726 2.112590 -0.343854
v -0.580711 2.185806 -0.274519
v -0.560634 2.197042 -0.292623
v -0.589284 2.155040 -0.328348
v -0.609897 2.147237 -0.308605
v -0.578266 2.169748 -0.249545
v -0.606960 2.129189 -0.285205
v -0.545843 2.159269 -0.230765
v -0.575635 2.110688 -0.272101
v -0.508809 2.158764 -0.226156
v -0.545843 2.159269 -0.230765
v -0.575635 2.110688 -0.272101
v -0.537275 2.101246 -0.272750
v -0.486766 2.172289 -0.242231
v -0.517734 2.109488 -0.292537
v -0.489164 2.187150 -0.267954
v -0.518522 2.127076 -0.315582
v -0.521778 2.195469 -0.288164
v -0.551235 2.144803 -0.329600
v -0.521778 2.195469 -0.288164
v -0.551235 2.144803 -0.329600
v -0.855032 2.588867 -0.275811
v -0.794049 2.506601 -0.228445
v -0.779276 2.634801 -0.153920
v -0.841559 2.656576 -0.217277
v -0.700030 2.594646 -0.165609
v -0.703381 2.565848 -0.226298
v -0.858290 2.629699 -0.245163
v -0.858290 2.629699 -0.245163
v -0.703560 2.527508 -0.249526
v -0.700138 2.488331 -0.258884
v -0.703560 2.527508 -0.249526
v -0.728899 2.495916 -0.152659
v -0.726123 2.522966 -0.146059
v -0.726123 2.522966 -0.146059
v -0.722486 2.562242 -0.129392
v -0.682665 2.567101 -0.115743
v -0.685428 2.456553 -0.218692
v -0.620669 2.426079 -0.198105
v -0.603248 2.439930 -0.235236
v -0.589935 2.433009 -0.231118
v -0.612331 2.422196 -0.194936
v -0.609910 2.526772 -0.211083
v -0.633205 2.567965 -0.158346
v -0.624449 2.564409 -0.157655
v -0.597849 2.521684 -0.209072
v -0.603357 2.481352 -0.229411
v -0.589388 2.474324 -0.226397
v -0.603357 2.481352 -0.229411
v -0.589388 2.474324 -0.226397
v -0.674447 2.475325 -0.158900
v -0.631998 2.461009 -0.139402
v -0.676468 2.520589 -0.129577
v -0.676468 2.520589 -0.129577
v -0.637244 2.551133 -0.111013
v -0.563541 2.423232 -0.213639
v -0.500259 2.407418 -0.158905
v -0.537895 2.403311 -0.133411
v -0.591726 2.415457 -0.181211
v -0.603997 2.556517 -0.150098
v -0.550807 2.539674 -0.125003
v -0.509060 2.494138 -0.153931
v -0.573787 2.512526 -0.198488
v -0.563000 2.464230 -0.211413
v -0.498724 2.447748 -0.160010
v -0.563000 2.464230 -0.211413
v -0.498724 2.447748 -0.160010
v -0.573151 2.447819 -0.097331
v -0.614391 2.456023 -0.129545
v -0.619543 2.502045 -0.111979
v -0.581700 2.493770 -0.089187
v -0.618581 2.543964 -0.106081
v -0.619543 2.502045 -0.111979
v -0.581700 2.493770 -0.089187
v -0.580880 2.533943 -0.091258
v -0.636532 2.507663 -0.118405
v -0.636532 2.507663 -0.118405
v -1.179720 3.009943 -0.131236
v -1.317119 2.944818 -0.169062
v -1.198611 2.730139 -0.097240
v -1.063115 2.778077 -0.051589
v -1.429896 2.964444 -0.287979
v -1.275753 2.686355 -0.176307
v -1.395006 2.909784 -0.383101
v -1.544210 3.179690 -0.369262
v -1.510539 3.168578 -0.530357
v -1.295123 2.921439 -0.437197
v -1.370319 3.171506 -0.623761
v -1.145799 2.961285 -0.389750
v -1.198975 3.204574 -0.557826
v -1.084867 3.001210 -0.308192
v -1.145799 2.961285 -0.389750
v -1.198975 3.204574 -0.557826
v -1.128064 3.236056 -0.440022
v -1.102645 3.008973 -0.201425
v -1.139054 3.257204 -0.297004
v -1.263987 3.244941 -0.192851
v -1.449916 3.204872 -0.234232
v -1.611619 3.483912 -0.432011
v -1.568490 3.491874 -0.597788
v -1.439674 3.464519 -0.702009
v -1.285959 3.430411 -0.650468
v -1.285959 3.430411 -0.650468
v -1.220135 3.443835 -0.535720
v -1.249910 3.439680 -0.376308
v -1.364483 3.455308 -0.264263
v -1.535594 3.454490 -0.297922
v -1.513761 3.663464 -0.584047
v -1.568029 3.640203 -0.428422
v -1.453438 3.755691 -0.397054
v -1.401646 3.780508 -0.539860
v -1.403517 3.611641 -0.691251
v -1.302454 3.717667 -0.638089
v -1.282763 3.519855 -0.674052
v -1.205581 3.591141 -0.625006
v -1.250132 3.481185 -0.566672
v -1.282763 3.519855 -0.674052
v -1.205581 3.591141 -0.625006
v -1.195891 3.521218 -0.535083
v -1.309326 3.488204 -0.420249
v -1.248727 3.503758 -0.394773
v -1.401544 3.501358 -0.295625
v -1.332523 3.533345 -0.283004
v -1.528514 3.568741 -0.313010
v -1.426851 3.657995 -0.293457
v -1.299936 3.890181 -0.500103
v -1.345763 3.853158 -0.362718
v -1.235638 3.950581 -0.314465
v -1.182510 3.985306 -0.443458
v -1.206242 3.815454 -0.588825
v -1.099005 3.915167 -0.538923
v -1.102525 3.666564 -0.563335
v -0.989492 3.742215 -0.506640
v -1.078686 3.586185 -0.452877
v -1.102525 3.666564 -0.563335
v -0.989492 3.742215 -0.506640
v -0.959574 3.623252 -0.404128
v -1.145524 3.535222 -0.342308
v -1.004020 3.578311 -0.268137
v -1.214458 3.581236 -0.234547
v -1.090249 3.639793 -0.173031
v -1.308280 3.734453 -0.254448
v -1.191632 3.811427 -0.200212
v -1.075651 4.085281 -0.224533
v -1.029007 4.138470 -0.373818
v -0.929378 4.059251 -0.486638
v -0.817217 3.868605 -0.454652
v -0.817217 3.868605 -0.454652
v -0.781170 3.710356 -0.323670
v -0.811912 3.655286 -0.172141
v -0.897600 3.709188 -0.054668
v -1.027599 3.916918 -0.095194
v -0.881436 4.210600 -0.072061
v -0.848922 4.268876 -0.245209
v -0.758575 4.187997 -0.384269
v -0.634171 4.000020 -0.382439
v -0.634171 4.000020 -0.382439
v -0.622159 3.853872 -0.224582
v -0.616479 3.798672 -0.010836
v -0.701692 3.854408 0.114267
v -0.822459 4.044152 0.098997
v -0.627073 4.362632 0.196154
v -0.602264 4.467960 0.035826
v -0.577796 4.352893 -0.201227
v -0.402382 4.135040 -0.284542
v -0.402382 4.135040 -0.284542
v -0.450744 3.971053 -0.159960
v -0.478514 3.898901 0.056621
v -0.508653 3.986293 0.217626
v -0.614572 4.168549 0.254205
v -1.289954 1.005379 -0.589969
v -1.248159 1.357762 -0.384921
v -1.136561 1.332244 -0.366406
v -1.195546 0.993195 -0.575080
v -1.121050 0.913504 -0.461953
v -1.036947 1.214235 -0.242443
v -1.166710 0.823895 -0.301727
v -1.089524 1.064119 -0.074557
v -1.288003 0.772139 -0.177324
v -1.166710 0.823895 -0.301727
v -1.089524 1.064119 -0.074557
v -1.249350 0.963843 0.044230
v -1.376037 0.761108 -0.142997
v -1.360763 0.950682 0.080269
v -1.463144 0.970859 0.062973
v -1.461886 0.772694 -0.151341
v -1.526506 0.803629 -0.196545
v -1.538119 1.017783 0.007639
v -1.570793 1.087777 -0.070707
v -1.554430 0.845010 -0.269015
v -1.510685 0.930919 -0.429009
v -1.519371 1.238226 -0.232599
v -1.379843 0.993201 -0.557073
v -1.510685 0.930919 -0.429009
v -1.519371 1.238226 -0.232599
v -1.357192 1.341670 -0.355358
v -1.206239 1.658027 -0.217023
v -1.077423 1.626187 -0.195576
v -0.959334 1.486849 -0.040809
v -1.027344 1.306720 0.176323
v -1.027344 1.306720 0.176323
v -1.227653 1.187490 0.335739
v -1.362329 1.165438 0.371664
v -1.479675 1.193111 0.350516
v -1.566869 1.253176 0.290121
v -1.604481 1.339848 0.194302
v -1.539248 1.517556 -0.016503
v -1.539248 1.517556 -0.016503
v -1.339166 1.636655 -0.178710
v -1.206814 1.938010 0.034127
v -1.067582 1.902734 0.060430
v -0.930928 1.751722 0.228208
v -0.999047 1.561181 0.471731
v -0.999047 1.561181 0.471731
v -1.217647 1.441407 0.652507
v -1.366610 1.424664 0.695457
v -1.497507 1.458586 0.670680
v -1.596051 1.524836 0.601539
v -1.640429 1.620174 0.494732
v -1.573545 1.800954 0.255157
v -1.573545 1.800954 0.255157
v -1.352965 1.919551 0.074927
v -1.261262 2.027065 0.225563
v -1.307500 2.000350 0.285552
v -1.194728 1.955235 0.308053
v -1.144376 1.991163 0.246815
v -1.000922 1.883051 0.399933
v -1.038540 1.878082 0.473551
v -1.037970 1.762526 0.635233
v -1.038758 1.837633 0.720700
v -1.216638 1.716232 0.807300
v -1.037970 1.762526 0.635233
v -1.038758 1.837633 0.720700
v -1.184581 1.868638 0.904499
v -1.336885 1.724203 0.840399
v -1.291182 1.911801 0.943387
v -1.394239 1.966754 0.921248
v -1.444582 1.770509 0.821392
v -1.531277 1.834148 0.764529
v -1.481265 2.027252 0.858098
v -1.539832 2.070014 0.754336
v -1.581488 1.896304 0.666114
v -1.553290 2.000990 0.434275
v -1.543534 2.104022 0.509966
v -1.378785 2.038608 0.261798
v -1.553290 2.000990 0.434275
v -1.543534 2.104022 0.509966
v -1.410299 2.046289 0.324656
v -1.296106 1.963408 0.241671
v -1.207885 2.021765 0.135119
v -1.109140 1.939450 0.163019
v -1.192719 1.886211 0.267911
v -1.015859 1.843679 0.453364
v -0.929136 1.902899 0.346452
v -0.952348 1.936278 0.716113
v -0.847405 2.033694 0.610788
v -1.037866 2.113090 0.910181
v -0.952348 1.936278 0.716113
v -0.847405 2.033694 0.610788
v -0.907970 2.259339 0.805044
v -1.124979 2.205997 0.947076
v -0.984846 2.373735 0.842412
v -1.079339 2.454273 0.814964
v -1.224646 2.281386 0.921794
v -1.319462 2.334306 0.848033
v -1.177181 2.498845 0.743889
v -1.260425 2.495708 0.631992
v -1.393285 2.348681 0.737496
v -1.454215 2.257473 0.473405
v -1.342454 2.363581 0.368556
v -1.377287 2.062523 0.278468
v -1.454215 2.257473 0.473405
v -1.342454 2.363581 0.368556
v -1.282336 2.135660 0.173071
v -1.054792 2.170899 -0.020755
v -0.942347 2.078120 0.010650
v -0.740406 2.024699 0.207489
v -0.617700 2.169369 0.482580
v -0.617700 2.169369 0.482580
v -0.724496 2.404469 0.691393
v -0.782258 2.550364 0.711634
v -0.893014 2.641104 0.675395
v -1.002252 2.694559 0.596284
v -1.098386 2.693770 0.477594
v -1.197893 2.550372 0.204443
v -1.197893 2.550372 0.204443
v -1.136998 2.297492 0.012391
v -0.815445 2.341092 -0.233044
v -0.677626 2.235627 -0.190056
v -0.377292 2.176801 0.036256
v -0.231637 2.347386 0.306286
v -0.231637 2.347386 0.306286
v -0.392336 2.591795 0.508138
v -0.496564 2.727835 0.529056
v -0.634137 2.817014 0.485676
v -0.759475 2.871075 0.401181
v -0.871946 2.862177 0.295807
v -0.979275 2.716945 0.020795
v -0.979275 2.716945 0.020795
v -0.915451 2.457444 -0.180689
v -0.580279 2.490883 -0.432121
v -0.469810 2.636615 -0.577450
v -0.330835 2.465732 -0.559357
v -0.446760 2.350765 -0.369594
v -0.221452 2.178469 -0.156997
v 0.033263 2.250991 -0.368251
v -0.081450 2.415662 0.245837
v 0.187052 2.536962 0.126452
v -0.132912 2.672710 0.465433
v -0.081450 2.415662 0.245837
v 0.187052 2.536962 0.126452
v 0.103912 2.832462 0.379640
v -0.356396 2.803763 0.474598
v -0.155343 2.931418 0.360868
v -0.292081 3.006003 0.282546
v -0.455404 2.918907 0.400899
v -0.533771 2.999996 0.265490
v -0.414747 3.062816 0.166921
v -0.505017 3.085755 0.010599
v -0.640736 3.020427 0.142904
v -0.672538 2.635303 -0.394778
v -0.721864 2.904941 -0.174255
v -0.594551 3.018440 -0.271975
v -0.536458 2.775713 -0.518513
v -1.222914 1.971317 0.130176
v -1.109290 1.940961 0.150385
v -0.982754 1.817519 0.298403
v -1.041804 1.659985 0.529866
v -1.237550 1.571861 0.702322
v -1.041804 1.659985 0.529866
v -1.361110 1.552732 0.726462
v -1.468701 1.600970 0.720099
v -1.552488 1.658941 0.664378
v -1.594249 1.731494 0.569974
v -1.541623 1.873757 0.338579
v -1.345757 1.963142 0.167182
v -1.541623 1.873757 0.338579
v -0.261292 3.038587 -0.773616
v -0.223933 3.233108 -0.764104
v -0.090392 3.212784 -0.853924
v -0.145011 2.948251 -0.837769
v 0.218729 2.899913 -0.848537
v 0.251236 3.316450 -0.906756
v -0.293207 3.026427 0.183497
v -0.305128 3.041351 0.321213
v -0.390815 3.126547 0.144248
v -0.381458 3.090822 0.013040
v -0.443646 3.135890 -0.343433
v -0.433415 3.231764 -0.258715
v -0.358513 3.073528 -0.650268
v -0.443646 3.135890 -0.343433
v -0.433415 3.231764 -0.258715
v -0.325821 3.255941 -0.616524
v -0.202014 3.528278 -0.696936
v -0.059317 3.539169 -0.805075
v 0.271037 3.561935 -0.853485
v -0.303940 3.152961 0.401573
v -0.390512 3.243778 0.231341
v -0.440448 3.386767 -0.152391
v -0.440448 3.386767 -0.152391
v -0.316081 3.507594 -0.529590
v -0.189332 3.808903 -0.589350
v -0.013400 3.879447 -0.657094
v 0.299639 3.911033 -0.695677
v -0.296115 3.291989 0.396383
v -0.385061 3.356399 0.224617
v -0.432459 3.559284 -0.099809
v -0.432459 3.559284 -0.099809
v -0.309212 3.717936 -0.458537
v -0.160445 3.991183 -0.476187
v -0.013088 4.052622 -0.547649
v 0.311012 4.074107 -0.579329
v -0.263776 3.361159 0.356633
v -0.351392 3.481439 0.232534
v -0.374176 3.763787 -0.017368
v -0.374176 3.763787 -0.017368
v -0.277038 3.917509 -0.346173
v -0.160332 4.114746 -0.380525
v -0.027188 4.156214 -0.474916
v 0.308737 4.194756 -0.470405
v 0.309329 4.185118 -0.478575
v -0.291445 3.523500 0.440157
v -0.337642 3.651328 0.284198
v -0.225717 3.827812 -0.005451
v -0.225717 3.827812 -0.005451
v -0.211740 4.016038 -0.262682
v -0.188443 4.278846 -0.272052
v -0.071556 4.340340 -0.358526
v 0.297417 4.354377 -0.367376
v -0.255922 3.730645 0.546112
v -0.230697 3.814328 0.306174
v -0.205120 3.910939 0.018889
v -0.205120 3.910939 0.018889
v -0.217339 4.151426 -0.183456
v -0.206379 4.353603 -0.207098
v -0.076645 4.441523 -0.250485
v 0.282058 4.461520 -0.256460
v -0.217606 3.888145 0.603584
v -0.235222 3.905840 0.412039
v -0.193696 3.916810 0.020311
v -0.219637 3.815913 0.302642
v -0.226688 3.907902 0.404291
v -0.179253 4.052978 -0.048521
v -0.201161 4.137218 -0.195954
v -0.193696 3.916810 0.020311
v -0.179253 4.052978 -0.048521
v -0.228341 4.233428 -0.168898
v -0.207287 4.528170 -0.116159
v -0.227984 4.666763 0.077951
v -0.072420 4.697041 -0.004041
v -0.072322 4.550795 -0.142725
v 0.267222 4.570455 -0.149454
v 0.248305 4.673045 -0.002796
v -0.204643 4.034083 0.640706
v -0.213874 4.288252 0.630766
v -0.329799 4.330035 0.527704
v -0.259989 4.059195 0.517104
v -0.139651 4.705144 0.273988
v -0.022393 4.725697 0.191973
v 0.228622 4.719488 0.166805
v -0.155341 4.439595 0.659816
v -0.230104 4.485219 0.615680
v -0.448761 4.437402 0.319520
v -0.302003 4.583216 0.463337
v -0.376947 4.590255 0.158902
v -0.448761 4.437402 0.319520
v -0.302003 4.583216 0.463337
v -0.238030 4.660728 0.360456
v 0.052838 4.790769 0.347103
v 0.104513 4.787098 0.320338
v 0.223146 4.765389 0.307891
v -0.052492 4.645910 0.628555
v -0.063228 4.687375 0.565154
v -0.042422 4.745533 0.462262
v -0.042422 4.745533 0.462262
v 0.011997 4.781068 0.385784
v -0.366824 2.737760 -0.698045
v -0.261292 3.038587 -0.773616
v -0.145011 2.948251 -0.837769
v -0.203733 2.619713 -0.719331
v 0.208925 2.481486 -0.646862
v 0.218729 2.899913 -0.848537
v -0.049735 2.930819 0.303123
v -0.042717 2.843364 0.387023
v -0.180047 2.942729 0.301965
v -0.203725 3.004245 0.208499
v -0.324542 3.068117 0.101691
v -0.293207 3.026427 0.183497
v -0.381458 3.090822 0.013040
v -0.440646 3.104280 -0.042076
v -0.441908 2.849043 -0.586179
v -0.516702 3.047088 -0.347280
v -0.443646 3.135890 -0.343433
v -0.358513 3.073528 -0.650268
v -0.209663 3.890250 0.597151
v -0.196639 4.350870 -0.201711
v -0.071397 4.434311 -0.243084
v 0.281547 4.453132 -0.249355
v -0.488309 4.519098 0.119873
v -0.554016 4.366678 0.266374
v -0.554016 4.366678 0.266374
v -0.469756 4.237369 0.345233
v -0.315418 4.002474 0.341069
v -0.236824 3.995760 0.130404
v -0.256091 4.064482 -0.102139
v -0.256091 4.064482 -0.102139
v -0.278203 4.223101 -0.191466
v -0.374955 4.408261 -0.090533
v -0.306130 4.453638 -0.081216
v -0.516702 3.047088 -0.347280
v -0.443646 3.135890 -0.343433
v -0.721864 2.904941 -0.174255
v -0.594551 3.018440 -0.271975
v -1.242440 0.852028 -0.630310
v -1.306423 0.553560 -0.749645
v -1.397437 0.559241 -0.751365
v -1.333872 0.864297 -0.643149
v -1.148658 0.799701 -0.525135
v -1.178008 0.589729 -0.637084
v -1.306423 0.553560 -0.749645
v -1.242440 0.852028 -0.630310
v -1.165330 0.717459 -0.376672
v -1.141954 0.503308 -0.447232
v -1.421870 0.852236 -0.615323
v -1.476094 0.566087 -0.713130
v -1.607288 0.526593 -0.582867
v -1.537593 0.812348 -0.493586
v -1.384828 0.398374 0.206626
v -1.352791 0.353700 0.251460
v -1.279218 0.357795 -0.014779
v -1.305655 0.419747 -0.018327
v -1.516439 0.447853 0.298688
v -1.593179 0.452500 0.298514
v -1.621226 0.366551 0.379986
v -1.533554 0.366577 0.369475
v -1.687989 0.456412 0.213496
v -1.730767 0.426676 0.109661
v -1.775883 0.379103 0.130799
v -1.724371 0.373928 0.252817
v -1.324905 0.299151 -0.791581
v -1.420928 0.303757 -0.790008
v -1.188774 0.279487 -0.688988
v -1.324905 0.299151 -0.791581
v -1.137516 0.250107 -0.464916
v -1.353502 0.196502 0.273466
v -1.269278 0.201465 -0.013865
v -1.639856 0.207135 0.407038
v -1.542595 0.202697 0.397556
v -1.804181 0.222495 0.149377
v -1.753790 0.216564 0.261621
v -1.502642 0.302090 -0.747637
v -1.636746 0.289065 -0.593428
v -1.421870 0.852236 -0.615323
v -1.537593 0.812348 -0.493586
v -1.537593 0.812348 -0.493586
v -1.571621 0.742969 -0.337925
v -1.525252 0.729576 -0.260778
v -1.453456 0.713689 -0.213647
v -1.368882 0.703052 -0.203673
v -1.273620 0.699281 -0.239905
v -1.165330 0.717459 -0.376672
v -1.165330 0.717459 -0.376672
v -1.148658 0.799701 -0.525135
v -1.242440 0.852028 -0.630310
v -1.333872 0.864297 -0.643149
v -1.273620 0.699281 -0.239905
v -1.302799 0.563069 -0.164150
v -1.250093 0.534539 -0.265431
v -1.221797 0.411875 -0.275008
v -1.368882 0.703052 -0.203673
v -1.453456 0.713689 -0.213647
v -1.472426 0.577048 -0.130066
v -1.402973 0.572715 -0.124022
v -1.525252 0.729576 -0.260778
v -1.571621 0.742969 -0.337925
v -1.603185 0.575312 -0.229852
v -1.534953 0.580262 -0.152559
v -1.632400 0.573198 -0.371119
v -1.663426 0.448609 -0.392753
v -1.209105 0.229790 -0.293375
v -1.676891 0.268659 -0.443237
v -1.378314 0.474461 0.064928
v -1.531872 0.486097 0.084315
v -1.469628 0.485186 0.091694
v -1.657804 0.485187 0.017045
v -1.589436 0.491525 0.062957
v -1.699206 0.447237 -0.100840
v -1.745146 0.380814 -0.129275
v -1.772080 0.233526 -0.130815
v -1.461399 0.443432 0.268382
v -1.660310 0.455627 0.255319
v -1.269278 0.201465 -0.013865
v -1.353502 0.196502 0.273466
v -1.579683 0.210411 0.178825
v -1.521518 0.217869 -0.078760
v -1.209105 0.229790 -0.293375
v -1.448647 0.245643 -0.346295
v -1.137516 0.250107 -0.464916
v -1.399572 0.267838 -0.521423
v -1.188774 0.279487 -0.688988
v -1.360144 0.284575 -0.674924
v -1.324905 0.299151 -0.791581
v -1.542595 0.202697 0.397556
v -1.639856 0.207135 0.407038
v -1.599637 0.208860 0.261941
v -1.460919 0.199874 0.349946
v -1.420928 0.303757 -0.790008
v -1.502642 0.302090 -0.747637
v -1.636746 0.289065 -0.593428
v -1.676891 0.268659 -0.443237
v -1.772080 0.233526 -0.130815
v -1.804181 0.222495 0.149377
v -1.710504 0.212146 0.345360
v -1.753790 0.216564 0.261621
v -1.689818 0.366393 0.321588
v -1.710504 0.212146 0.345360
v -1.461581 0.357389 0.328394
v -1.460919 0.199874 0.349946
v -0.042717 2.843364 0.387023
v -0.055921 2.872802 0.538626
v -0.193038 2.949649 0.445266
v -0.180047 2.942729 0.301965
v -0.039279 3.024078 0.581699
v -0.184043 3.074768 0.509882
v -0.028823 3.225862 0.600025
v -0.174178 3.255899 0.520485
v 0.002868 3.295614 0.566173
v -0.145261 3.298886 0.461022
v 0.007741 3.427294 0.629095
v -0.151718 3.444612 0.534668
v -0.007244 3.652982 0.733679
v -0.173206 3.687518 0.657341
v -0.004485 3.789054 0.753978
v -0.168734 3.831028 0.700234
v 0.005284 3.923787 0.774988
v 0.021019 4.173939 0.726289
v -0.105377 4.228589 0.686335
v -0.146028 3.961830 0.734802
v 0.044891 4.350039 0.713079
v -0.065792 4.397850 0.682849
v 0.027708 4.564843 0.722351
v -0.012519 4.575334 0.678113
v -0.001358 3.789875 0.743321
v -0.162357 3.832776 0.691406
v 0.208925 2.481486 -0.646862
v 0.281530 2.949670 0.320221
v 0.178796 2.902406 0.274648
v -0.031694 4.789155 0.684914
v -0.013405 4.702829 0.663932
v 0.020528 4.714327 0.702806
v 0.184207 4.890442 0.430124
v 0.135882 4.887600 0.413560
v 0.098497 4.882076 0.409914
v 0.049059 4.870631 0.421342
v -0.010306 4.850577 0.462885
v -0.037505 4.804739 0.519941
v -0.039103 4.747334 0.600026
v 0.029360 4.565924 0.714635
v 0.095650 4.537554 0.739165
v -0.008181 4.573412 0.671953
v -0.048812 4.643028 0.622454
v -0.059381 4.681729 0.561418
v -0.040502 4.737685 0.462958
v 0.012943 4.773486 0.387754
v 0.054893 4.782979 0.350035
v 0.104290 4.779713 0.324128
v -0.488309 4.519098 0.119873
v -0.374955 4.408261 -0.090533
v -0.278203 4.223101 -0.191466
v -0.278203 4.223101 -0.191466
v -0.256091 4.064482 -0.102139
v -0.236824 3.995760 0.130404
v -0.315418 4.002474 0.341069
v -0.469756 4.237369 0.345233
v -0.554016 4.366678 0.266374
v -1.110380 1.859995 0.091929
v -1.212409 1.885566 0.074855
v -0.996431 1.737585 0.231120
v -1.057343 1.575954 0.449653
v -1.252445 1.475320 0.613564
v -1.057343 1.575954 0.449653
v -1.467803 1.492050 0.628816
v -1.368820 1.462930 0.645069
v -1.580907 1.617021 0.492063
v -1.544508 1.544885 0.577685
v -1.524146 1.772618 0.274952
v -1.327464 1.873510 0.108633
v -1.524146 1.772618 0.274952
v -0.219637 3.815913 0.302642
v -0.193696 3.916810 0.020311
v -0.193696 3.916810 0.020311
v -0.201161 4.137218 -0.195954
v -0.196639 4.350870 -0.201711
v -0.071397 4.434311 -0.243084
v -0.226688 3.907902 0.404291
v -0.209663 3.890250 0.597151
v -0.001358 3.789875 0.743321
v -0.162357 3.832776 0.691406
v 0.190148 3.786996 0.758486
v 0.189029 3.786946 0.769437
v -0.228341 4.233428 -0.168898
v -0.238256 4.240211 -0.172068
v -1.212409 1.885566 0.074855
v -1.110380 1.859995 0.091929
v -0.996431 1.737585 0.231120
v -1.057343 1.575954 0.449653
v -1.057343 1.575954 0.449653
v -1.252445 1.475320 0.613564
v -1.368820 1.462930 0.645069
v -1.467803 1.492050 0.628816
v -1.544508 1.544885 0.577685
v -1.580907 1.617021 0.492063
v -1.524146 1.772618 0.274952
v -1.524146 1.772618 0.274952
v -1.327464 1.873510 0.108633
v -0.976989 2.688923 -0.150338
v -0.981619 2.668359 -0.189668
v -0.976679 2.670793 -0.194398
v -1.108834 2.634273 -0.071248
v -0.993279 2.699663 -0.103249
v -0.989962 2.705303 -0.092566
v -1.188226 2.561580 -0.127006
v -1.189644 2.577986 -0.099833
v -1.195987 2.576069 -0.095329
v -1.077449 2.589624 -0.176617
v -1.175456 2.554443 -0.159926
v -1.178803 2.549278 -0.167144
v 0.054893 4.782979 0.350035
v 0.104290 4.779713 0.324128
v -0.048812 4.643028 0.622454
v -0.059381 4.681729 0.561418
v -0.040502 4.737685 0.462958
v -0.040502 4.737685 0.462958
v 0.012943 4.773486 0.387754
v 0.029360 4.565924 0.714635
v -0.008181 4.573412 0.671953
v 0.095650 4.537554 0.739165
v 0.095035 4.535872 0.746923
v -1.033322 2.773849 -0.109078
v -1.018491 2.761719 -0.164385
v -1.264293 2.678138 -0.233375
v -1.216704 2.681880 -0.270577
v -1.110320 2.711252 -0.237621
v -1.077449 2.589624 -0.176617
v -1.110320 2.711252 -0.237621
v -0.425553 5.159294 0.703593
v -0.434390 5.133898 0.709194
v -0.407704 5.196090 0.693965
v -0.412305 5.156086 0.699993
v -0.408318 5.150492 0.628340
v -0.402065 5.196799 0.664019
v -0.412305 5.156086 0.699993
v -0.421150 5.130322 0.705638
v -0.410453 5.118105 0.635323
v -0.408318 5.150492 0.628340
v -0.412305 5.156086 0.699993
v -0.410453 5.118105 0.635323
v -0.421150 5.130322 0.705638
v -0.407704 5.196090 0.693965
v -0.407704 5.196090 0.693965
v -0.402065 5.196799 0.664019
v -0.408318 5.150492 0.628340
v -0.412305 5.156086 0.699993
v -0.393017 5.091187 0.706589
v -0.421150 5.130322 0.705638
v -0.410453 5.118105 0.635323
v -0.402515 5.070174 0.715317
v -0.394796 5.002415 0.729280
v -0.413617 5.049090 0.724406
v -0.421150 5.130322 0.705638
v -0.412305 5.156086 0.699993
v -0.408318 5.150492 0.628340
v -0.410453 5.118105 0.635323
v -0.442305 5.213646 0.702302
v -0.385074 4.957151 0.735723
v -0.407704 5.196090 0.693965
v -0.402065 5.196799 0.664019
v 0.329871 5.663329 0.418476
v 0.452853 5.502163 0.400318
v 0.143337 5.747868 0.464598
v -0.056765 5.733129 0.526322
v -0.216726 5.622994 0.587091
v 0.468590 5.309614 0.417982
v 0.455934 5.254987 0.427864
v 0.376277 5.095962 0.464134
v -0.268189 5.538541 0.612337
v 0.280606 4.977509 0.493085
v 0.201067 2.539470 0.095568
v 0.201067 2.539470 0.095568
v 0.172073 4.339211 0.732367
v 0.183171 4.162250 0.745654
v 0.185798 3.920075 0.787431
v 0.190148 3.786996 0.758486
v 0.188981 3.648798 0.755037
v 0.185133 3.467759 0.686172
v 0.171346 3.318861 0.614133
v 0.149493 3.215972 0.622353
v 0.130649 3.004900 0.598953
v 0.119257 2.857841 0.557003
v 0.128131 2.803788 0.409225
v 0.128131 2.803788 0.409225
v 0.239136 4.883904 0.464482
v 0.222338 4.757856 0.311921
v 0.281547 4.453132 -0.249355
v 0.222338 4.757856 0.311921
v -0.397566 5.206343 0.724963
v -0.382524 5.155695 0.769732
v -0.315489 5.146802 0.823304
v -0.378401 5.224933 0.749857
v -0.383596 5.138247 0.772102
v -0.357911 5.134348 0.795687
v -0.305682 5.142940 0.812459
v -0.369665 5.165466 0.757222
v -0.386751 5.202731 0.715082
v -0.368454 5.221290 0.739143
v -0.305682 5.142940 0.812459
v -0.347849 5.129955 0.785088
v -0.372395 5.133634 0.762547
v -0.369665 5.165466 0.757222
v -0.386751 5.202731 0.715082
v -0.407704 5.196090 0.693965
v -0.305682 5.142940 0.812459
v -0.368454 5.221290 0.739143
v -0.368454 5.221290 0.739143
v -0.386751 5.202731 0.715082
v -0.347849 5.129955 0.785088
v -0.305682 5.142940 0.812459
v -0.372395 5.133634 0.762547
v -0.347849 5.129955 0.785088
v -0.354203 5.100028 0.766208
v -0.357382 5.077129 0.770923
v -0.317970 5.081347 0.817630
v -0.307439 5.098501 0.815458
v -0.181734 5.413004 0.742277
v -0.199529 5.409698 0.711519
v -0.192894 5.387514 0.710034
v -0.176644 5.389699 0.742837
v -0.208220 5.361268 0.713230
v -0.241813 5.352208 0.711468
v -0.209062 5.343530 0.757902
v -0.198076 5.355097 0.752980
v -0.161923 5.425178 0.782481
v -0.155004 5.415844 0.777105
v -0.145686 5.395345 0.796216
v -0.131965 5.392323 0.799604
v -0.228197 5.428102 0.705442
v -0.210411 5.418866 0.705645
v -0.184730 5.422565 0.741794
v -0.207630 5.434614 0.749615
v -0.238400 5.388896 0.690911
v -0.213927 5.387438 0.691556
v -0.132149 5.126636 0.839036
v -0.205662 5.117084 0.836385
v -0.219998 5.058307 0.847271
v -0.154082 5.037949 0.846528
v 0.114022 5.166516 0.828381
v -0.057819 5.239887 0.847517
v -0.040049 5.107237 0.848939
v 0.063285 5.074340 0.834164
v -0.168000 5.353890 0.799720
v -0.171107 5.363374 0.790341
v -0.156910 5.407459 0.775635
v -0.161032 5.391869 0.778339
v -0.149506 5.393316 0.789439
v -0.201634 5.364680 0.716231
v -0.188933 5.362029 0.749520
v -0.169085 5.367400 0.783431
v -0.286165 5.333434 0.680494
v -0.226989 5.333439 0.767911
v -0.155896 5.346611 0.816384
v -0.105956 5.392147 0.820354
v -0.136597 5.450171 0.803261
v -0.213154 5.481076 0.747783
v -0.266576 5.448504 0.688421
v -0.270131 5.388469 0.676192
v -0.300789 5.275709 0.697738
v -0.218729 5.275145 0.775684
v -0.059100 5.380127 0.837019
v -0.073067 5.479677 0.813009
v -0.164221 5.525350 0.743118
v -0.303484 5.375109 0.667539
v -0.303075 5.427763 0.661921
v -0.312287 5.422827 0.653764
v -0.320427 5.374655 0.659726
v -0.368995 5.334424 0.681117
v -0.343860 5.331535 0.686177
v -0.205741 5.388090 0.696036
v -0.342942 5.249688 0.727231
v -0.255808 5.206707 0.794402
v -0.347849 5.129955 0.785088
v -0.372395 5.133634 0.762547
v -0.399804 5.266677 0.721945
v -0.384215 5.284619 0.710357
v -0.413150 5.288768 0.702658
v -0.431673 5.270113 0.714918
v -0.347143 5.015438 0.782657
v -0.302994 5.055212 0.828093
v -0.336102 5.063250 0.809791
v -0.363920 5.054964 0.777410
v -0.223846 4.978247 0.828626
v -0.270020 5.014750 0.833160
v -0.340551 4.977816 0.792101
v -0.300608 4.939978 0.792487
v -0.275917 5.095454 0.831626
v -0.305682 5.142940 0.812459
v -0.347849 5.129955 0.785088
v -0.289033 5.385313 0.671124
v -0.293022 5.432347 0.666404
v -0.317522 5.335950 0.682176
v -0.446803 5.241719 0.728913
v -0.421905 5.222526 0.723486
v -0.385270 5.230104 0.737485
v -0.416923 5.240479 0.739064
v -0.366160 5.260045 0.723159
v -0.350198 5.280909 0.705537
v -0.292911 5.453400 0.669090
v -0.283616 5.467398 0.677902
v -0.293680 5.472966 0.668036
v -0.303348 5.449875 0.663284
v -0.310196 5.448196 0.652697
v -0.299606 5.472862 0.649321
v -0.368454 5.221290 0.739143
v -0.305682 5.142940 0.812459
v -0.305682 5.142940 0.812459
v -0.284160 5.079945 0.837162
v -0.386751 5.202731 0.715082
v -0.369665 5.165466 0.757222
v -0.305682 5.142940 0.812459
v -0.368454 5.221290 0.739143
v -0.372395 5.133634 0.762547
v -0.347849 5.129955 0.785088
v -0.305682 5.142940 0.812459
v -0.369665 5.165466 0.757222
v -0.386751 5.202731 0.715082
v -0.368454 5.221290 0.739143
v -0.368454 5.221290 0.739143
v -0.156910 5.407459 0.775635
v -0.181734 5.413004 0.742277
v -0.149506 5.393316 0.789439
v -0.169085 5.367400 0.783431
v -0.188933 5.362029 0.749520
v -0.201634 5.364680 0.716231
v -0.205741 5.388090 0.696036
v -0.199529 5.409698 0.711519
v 0.446280 5.501575 0.554343
v 0.462271 5.506296 0.475293
v 0.343340 5.662161 0.492853
v 0.339650 5.641324 0.570086
v 0.162945 5.743912 0.537457
v 0.177912 5.714619 0.610076
v -0.031000 5.729506 0.595720
v 0.004410 5.701851 0.663594
v -0.190138 5.621377 0.640018
v -0.142583 5.603232 0.688927
v 0.462884 5.333991 0.568833
v 0.474789 5.320567 0.493091
v 0.406177 5.488384 0.631193
v 0.319112 5.602479 0.644049
v 0.187055 5.662330 0.676700
v 0.045390 5.651901 0.720398
v -0.073495 5.571826 0.744859
v 0.424919 5.350615 0.641578
v 0.344695 5.467621 0.700610
v 0.283130 5.548299 0.709701
v 0.189752 5.590621 0.732788
v 0.089580 5.583245 0.763688
v 0.010335 5.512691 0.788964
v 0.357947 5.370203 0.707954
v 0.256910 5.321615 0.774554
v 0.225324 5.369445 0.777755
v 0.177153 5.393557 0.788531
v 0.154098 5.387106 0.794909
v 0.102436 5.343887 0.810248
v 0.080794 5.296480 0.819971
v 0.259596 5.273487 0.779800
v 0.163501 5.361372 0.830909
v 0.119078 5.325687 0.831321
v 0.194128 5.312273 0.837417
v 0.201050 5.362252 0.831793
v 0.269809 5.298094 0.834635
v 0.242684 5.339702 0.833435
v 0.098579 5.286361 0.833518
v 0.188918 5.262500 0.840131
v 0.270887 5.257992 0.834864
v -0.191475 4.896292 0.772352
v -0.255200 4.917730 0.787549
v -0.081575 5.015936 0.841627
v 0.003607 4.994704 0.820100
v 0.114325 5.222688 0.819199
v -0.077631 4.933420 0.798115
v -0.166289 4.951069 0.819305
v -0.068245 4.865488 0.747167
v 0.112452 4.956193 0.781731
v 0.157642 5.035640 0.798084
v 0.188560 5.208710 0.838713
v 0.127970 5.221533 0.834685
v 0.132424 5.170851 0.837174
v 0.185124 5.140998 0.823007
v 0.041120 4.899028 0.765182
v 0.158519 5.130891 0.802540
v -0.232804 5.540504 0.684152
v 0.153793 4.908507 0.763343
v 0.203523 4.993833 0.764803
v 0.259235 5.202317 0.824270
v 0.240625 5.155305 0.801286
v 0.106506 4.834286 0.753144
v 0.046201 4.783408 0.737313
v 0.216248 5.146080 0.768010
v 0.459104 5.266791 0.505106
v 0.441301 5.280704 0.580428
v 0.408238 5.295135 0.646745
v 0.347692 5.312466 0.707736
v 0.244825 5.204957 0.778766
v 0.394153 5.106213 0.539789
v 0.385599 5.117694 0.606013
v 0.352999 5.129117 0.664383
v 0.306749 5.141616 0.714335
v 0.324525 4.988744 0.620216
v 0.314942 4.994198 0.670244
v 0.282262 4.996902 0.711457
v -0.253771 5.539261 0.640501
v 0.200613 5.383983 0.810633
v 0.157101 5.381324 0.815008
v 0.104628 5.339906 0.821215
v 0.281130 5.314170 0.807510
v 0.248581 5.360745 0.807216
v 0.082285 5.293830 0.827302
v 0.283217 5.267587 0.810109
v 0.115673 5.219996 0.826128
v 0.182363 5.128751 0.812824
v 0.244664 5.146078 0.784608
v 0.268889 5.202254 0.803382
v 0.313496 4.982254 0.554104
v 1.519326 2.594794 -0.124304
v 1.496635 2.592436 -0.182859
v 1.464104 2.506943 -0.244651
v 1.471538 2.537547 -0.204839
v 1.478023 2.530857 -0.203736
v 1.474303 2.505274 -0.235796
v 1.397313 2.471751 -0.252327
v 1.404811 2.515090 -0.219756
v 1.501981 2.546028 -0.162748
v 1.478023 2.530857 -0.203736
v 1.404811 2.515090 -0.219756
v 1.393755 2.541132 -0.172647
v 1.552099 2.595526 -0.066821
v 1.496923 2.554916 -0.147793
v 0.963435 2.274037 -0.055656
v 0.955497 2.272197 -0.101109
v 0.970502 2.244160 -0.116075
v 0.977744 2.231388 -0.080183
v 0.982032 2.304358 -0.094970
v 0.955497 2.272197 -0.101109
v 0.963435 2.274037 -0.055656
v 0.994110 2.322393 -0.049041
v 1.012587 2.281049 -0.027948
v 1.020188 2.253109 -0.046763
v 1.012587 2.281049 -0.027948
v 1.031868 2.313159 -0.025575
v 1.160105 2.342158 -0.068572
v 1.229728 2.369952 -0.075510
v 1.254651 2.324839 -0.099806
v 1.174336 2.310401 -0.097369
v 1.226453 2.414174 -0.046407
v 1.229728 2.369952 -0.075510
v 1.160105 2.342158 -0.068572
v 1.161024 2.361704 -0.028232
v 1.691115 2.569874 -0.118994
v 1.626972 2.477694 -0.107679
v 1.623527 2.475374 -0.117907
v 1.451510 2.534653 -0.131974
v 1.343333 2.479125 -0.062793
v 1.309321 2.493953 -0.089232
v 1.250958 2.406124 -0.012456
v 1.560660 2.461777 -0.063849
v 1.408665 2.426182 -0.004110
v 1.312782 2.354965 0.046144
v 1.211828 2.318362 0.026291
v 1.182650 2.357377 0.010287
v 1.475685 2.366520 0.035008
v 1.377987 2.290749 0.087843
v 1.276671 2.249539 0.066100
v 1.242281 2.288844 0.061034
v 1.645444 2.377827 -0.044770
v 1.710139 2.418951 -0.150132
v 1.652675 2.335285 -0.058130
v 1.774547 2.550488 -0.203551
v 1.724640 2.419701 -0.149106
v 1.540380 2.296606 0.039907
v 1.569345 2.256799 0.025916
v 1.450951 2.211680 0.103019
v 1.479735 2.176072 0.088657
v 1.344794 2.172661 0.100312
v 1.304039 2.219190 0.096791
v 1.390063 2.143905 0.119435
v 1.419030 2.113371 0.094766
v 1.756482 2.550336 -0.267059
v 1.715608 2.399705 -0.189195
v 1.706427 2.404100 -0.186878
v 1.657115 2.305017 -0.089061
v 1.687787 2.402696 -0.226695
v 1.706427 2.404100 -0.186878
v 1.657115 2.305017 -0.089061
v 1.665021 2.290593 -0.131057
v 1.706402 2.559898 -0.310873
v 1.691723 2.398168 -0.242780
v 1.576766 2.222337 -0.009910
v 1.576766 2.222337 -0.009910
v 1.565336 2.207851 -0.048527
v 1.489015 2.149788 0.050961
v 1.489015 2.149788 0.050961
v 1.480139 2.141478 0.009817
v 1.430886 2.097660 0.054899
v 1.430886 2.097660 0.054899
v 1.425094 2.097963 0.011763
v 1.589722 2.570345 -0.267430
v 1.575078 2.427003 -0.239038
v 1.579352 2.429617 -0.229064
v 1.594893 2.338730 -0.183395
v 1.537793 2.227572 -0.071352
v 1.453714 2.159861 -0.014734
v 1.477080 2.284538 -0.101489
v 1.387124 2.218383 -0.051276
v 1.369086 2.140727 -0.012405
v 1.399599 2.118241 -0.009771
v 1.486782 2.414951 -0.220981
v 1.416872 2.336255 -0.138976
v 1.322949 2.272212 -0.093019
v 1.298981 2.197034 -0.050887
v 1.342989 2.170666 -0.040389
v 1.589722 2.570345 -0.267430
v 1.575078 2.427003 -0.239038
v 1.355909 2.371793 -0.176321
v 1.323967 2.373623 -0.190440
v 1.271770 2.315497 -0.116607
v 1.229145 2.255925 -0.084280
v 1.268929 2.227099 -0.076801
v 1.198466 2.280046 -0.098181
v 1.323446 2.002265 -0.171263
v 1.335585 2.016736 -0.151456
v 1.361382 2.016678 -0.150896
v 1.352116 1.992179 -0.174559
v 1.365980 1.994685 -0.139413
v 1.364279 1.972426 -0.155437
v 1.325854 1.957587 -0.175588
v 1.352116 1.992179 -0.174559
v 1.364279 1.972426 -0.155437
v 1.339341 1.950470 -0.157834
v 1.308982 1.972777 -0.169299
v 1.323446 2.002265 -0.171263
v 1.270239 1.954275 -0.226711
v 1.282322 1.974478 -0.210941
v 1.308402 1.972370 -0.210013
v 1.298048 1.940708 -0.225900
v 1.309755 1.955267 -0.190357
v 1.307067 1.928359 -0.199038
v 1.268800 1.910251 -0.215615
v 1.298048 1.940708 -0.225900
v 1.307067 1.928359 -0.199038
v 1.279304 1.908272 -0.194144
v 1.250420 1.926445 -0.214077
v 1.270239 1.954275 -0.226711
v 1.160666 1.990128 -0.249955
v 1.173961 2.010136 -0.234934
v 1.200964 2.006300 -0.236514
v 1.188577 1.974461 -0.251381
v 1.200905 1.989977 -0.214672
v 1.196828 1.962988 -0.222645
v 1.156564 1.947031 -0.235868
v 1.188577 1.974461 -0.251381
v 1.196828 1.962988 -0.222645
v 1.167878 1.946058 -0.213963
v 1.140972 1.966220 -0.234270
v 1.160666 1.990128 -0.249955
v 1.047526 2.019488 -0.199752
v 1.067276 2.039747 -0.195677
v 1.091794 2.028903 -0.199680
v 1.071606 1.998044 -0.199644
v 1.094495 2.021806 -0.173738
v 1.084184 1.995383 -0.170275
v 1.039167 1.985871 -0.169658
v 1.071606 1.998044 -0.199644
v 1.084184 1.995383 -0.170275
v 1.054963 1.989679 -0.151093
v 1.027616 2.007640 -0.172879
v 1.047526 2.019488 -0.199752
v 1.356468 2.122622 -0.001523
v 1.381537 2.099773 -0.008288
v 1.404644 2.081066 0.010910
v 1.327914 2.029958 -0.029417
v 1.330076 2.038035 -0.016069
v 1.341301 2.011497 -0.000262
v 1.338951 2.004022 -0.014089
v 1.300723 2.040670 -0.028390
v 1.302847 2.050053 -0.014031
v 1.409573 2.080469 0.051600
v 1.409573 2.080469 0.051600
v 1.398404 2.094512 0.090059
v 1.317899 1.974701 0.020102
v 1.323750 1.985901 0.034513
v 1.304477 1.983994 0.062642
v 1.296345 1.968136 0.043417
v 1.317899 1.974701 0.020102
v 1.323750 1.985901 0.034513
v 1.372939 2.118987 0.103642
v 1.349073 2.138619 0.089824
v 1.269599 1.978129 0.041673
v 1.277424 1.995778 0.064129
v 1.260927 2.016004 0.047354
v 1.255073 1.999544 0.024738
v 1.346979 2.149077 0.043934
v 1.344428 2.137112 0.043118
v 1.344428 2.137112 0.043118
v 1.346979 2.149077 0.043934
v 1.269716 2.024126 -0.004501
v 1.272351 2.036209 0.014827
v 1.269716 2.024126 -0.004501
v 1.272351 2.036209 0.014827
v 1.299647 2.174163 -0.040696
v 1.327469 2.150888 -0.042030
v 1.344016 2.136556 -0.012126
v 1.258057 2.037987 -0.074427
v 1.260464 2.049903 -0.064986
v 1.272933 2.032321 -0.042726
v 1.269115 2.019548 -0.052377
v 1.229141 2.048707 -0.076737
v 1.231290 2.061469 -0.066923
v 1.335491 2.143630 0.039484
v 1.335491 2.143630 0.039484
v 1.313751 2.161901 0.075587
v 1.286252 2.186055 0.077910
v 1.267471 2.199455 0.049734
v 1.188024 2.008955 0.004856
v 1.192137 2.024793 0.016990
v 1.180368 2.043093 -0.005306
v 1.176613 2.027345 -0.016813
v 1.216874 1.997329 0.006245
v 1.221222 2.012237 0.017917
v 1.276814 2.204577 0.000336
v 1.275153 2.192371 0.000090
v 1.275153 2.192371 0.000090
v 1.276814 2.204577 0.000336
v 1.196248 2.042569 -0.051225
v 1.199333 2.057295 -0.040514
v 1.196248 2.042569 -0.051225
v 1.199333 2.057295 -0.040514
v 1.221595 2.234373 -0.064679
v 1.249048 2.209318 -0.071708
v 1.267037 2.196027 -0.042539
v 1.160515 2.094271 -0.086318
v 1.167413 2.107803 -0.080094
v 1.178269 2.089993 -0.056441
v 1.171521 2.076800 -0.063318
v 1.132727 2.107551 -0.087460
v 1.138650 2.121166 -0.080736
v 1.266906 2.199233 -0.004714
v 1.266906 2.199233 -0.004714
v 1.243993 2.224900 0.042033
v 1.222565 2.259908 0.048704
v 1.206797 2.283122 0.025530
v 1.095495 2.078909 0.000263
v 1.101562 2.093903 0.009502
v 1.089875 2.111076 -0.013922
v 1.084068 2.096213 -0.022434
v 1.123059 2.065588 0.001615
v 1.129407 2.079715 0.010334
v 1.206030 2.279842 -0.015905
v 1.202588 2.267641 -0.014010
v 1.202588 2.267641 -0.014010
v 1.206030 2.279842 -0.015905
v 1.101858 2.106897 -0.059009
v 1.107433 2.121258 -0.051181
v 1.101858 2.106897 -0.059009
v 1.107433 2.121258 -0.051181
v 1.152664 2.297483 -0.083642
v 1.175594 2.270797 -0.083010
v 1.194130 2.256984 -0.061106
v 1.093951 2.177934 -0.074120
v 1.100278 2.189138 -0.071045
v 1.111805 2.174928 -0.046093
v 1.106087 2.164019 -0.049913
v 1.066305 2.192176 -0.075922
v 1.072498 2.203838 -0.072744
v 1.194130 2.276104 -0.016391
v 1.194130 2.276104 -0.016391
v 1.183946 2.305888 0.013049
v 1.159478 2.330924 0.008770
v 1.139885 2.340145 -0.020069
v 1.035257 2.179933 0.012600
v 1.041994 2.194091 0.017635
v 1.029979 2.208039 -0.007520
v 1.023474 2.193642 -0.012361
v 1.061762 2.165934 0.016027
v 1.068420 2.179317 0.021182
v 1.138880 2.324569 -0.056638
v 1.138880 2.324569 -0.056638
v 1.038210 2.197735 -0.048335
v 1.044666 2.210523 -0.044857
v 1.038210 2.197735 -0.048335
v 1.044666 2.210523 -0.044857
v 1.249454 2.003487 -0.018863
v 1.253646 2.017314 -0.008040
v 1.249454 2.003487 -0.018863
v 1.253646 2.017314 -0.008040
v 1.153479 2.066148 -0.026411
v 1.159801 2.079703 -0.018181
v 1.153479 2.066148 -0.026411
v 1.159801 2.079703 -0.018181
v 1.090468 2.160368 -0.012408
v 1.096785 2.172402 -0.007969
v 1.090468 2.160368 -0.012408
v 1.096785 2.172402 -0.007969
v 1.289692 2.005957 -0.082877
v 1.296226 2.030955 -0.040116
v 1.326980 2.023576 -0.042736
v 1.318482 2.000211 -0.077075
v 1.337369 1.997078 -0.027514
v 1.331635 1.975473 -0.066544
v 1.316511 1.966502 0.002813
v 1.317970 1.942696 -0.062574
v 1.317970 1.942696 -0.062574
v 1.316511 1.966502 0.002813
v 1.292995 1.955835 0.021004
v 1.288749 1.920255 -0.059161
v 1.265530 1.965231 0.020012
v 1.259630 1.928717 -0.056866
v 1.250692 1.987567 0.006612
v 1.246447 1.952526 -0.069720
v 1.265792 2.013590 -0.019958
v 1.259641 1.984003 -0.075829
v 1.259641 1.984003 -0.075829
v 1.265792 2.013590 -0.019958
v 1.219369 1.974744 -0.146364
v 1.227866 2.038590 -0.086340
v 1.256924 2.028271 -0.083866
v 1.247422 1.965946 -0.141604
v 1.267942 2.009641 -0.062129
v 1.258347 1.945973 -0.122239
v 1.248218 1.992731 -0.029592
v 1.239043 1.925385 -0.095039
v 1.239043 1.925385 -0.095039
v 1.248218 1.992731 -0.029592
v 1.215553 1.985518 -0.005577
v 1.207059 1.913791 -0.076970
v 1.186684 1.996407 -0.007655
v 1.178698 1.922858 -0.081016
v 1.175235 2.015213 -0.028666
v 1.167501 1.942629 -0.100277
v 1.194956 2.031596 -0.061787
v 1.188319 1.964075 -0.128417
v 1.188319 1.964075 -0.128417
v 1.194956 2.031596 -0.061787
v 1.110723 2.031233 -0.146760
v 1.128926 2.095274 -0.096804
v 1.156440 2.082174 -0.095228
v 1.137764 2.024955 -0.137138
v 1.167689 2.064656 -0.072722
v 1.148445 2.002598 -0.120663
v 1.149965 2.053284 -0.037127
v 1.129187 1.974573 -0.103717
v 1.129187 1.974573 -0.103717
v 1.149965 2.053284 -0.037127
v 1.119126 2.052085 -0.009351
v 1.098386 1.961216 -0.090586
v 1.091533 2.065239 -0.010752
v 1.070885 1.970497 -0.095994
v 1.080249 2.082551 -0.033465
v 1.059844 1.990948 -0.114316
v 1.097972 2.093951 -0.069037
v 1.078693 2.013299 -0.137604
v 1.078693 2.013299 -0.137604
v 1.097972 2.093951 -0.069037
v 1.036511 2.107371 -0.117780
v 1.062455 2.182008 -0.080741
v 1.090142 2.168062 -0.078786
v 1.063511 2.096890 -0.112447
v 1.102376 2.153998 -0.054916
v 1.074074 2.079633 -0.090618
v 1.086299 2.149452 -0.017814
v 1.055429 2.064777 -0.061139
v 1.055429 2.064777 -0.061139
v 1.086299 2.149452 -0.017814
v 1.057343 2.153911 0.009852
v 1.024197 2.059498 -0.040321
v 1.030664 2.167920 0.006728
v 0.997042 2.070338 -0.045153
v 1.018965 2.181752 -0.018098
v 0.986240 2.085384 -0.068939
v 1.033869 2.186552 -0.053562
v 1.004983 2.099974 -0.098766
v 1.004983 2.099974 -0.098766
v 1.033869 2.186552 -0.053562
v 1.316601 2.017341 -0.126902
v 1.290534 2.002980 -0.091793
v 1.319828 1.999631 -0.081343
v 1.343547 2.012634 -0.114691
v 1.333741 1.974190 -0.075148
v 1.357956 1.987556 -0.110393
v 1.320206 1.940106 -0.075120
v 1.346402 1.952554 -0.119137
v 1.346402 1.952554 -0.119137
v 1.320206 1.940106 -0.075120
v 1.292230 1.916667 -0.077780
v 1.320791 1.927633 -0.132228
v 1.261942 1.923135 -0.077271
v 1.293720 1.932838 -0.142775
v 1.250221 1.948309 -0.090255
v 1.279450 1.958047 -0.147102
v 1.262196 1.980820 -0.090046
v 1.289646 1.991054 -0.139897
v 1.289646 1.991054 -0.139897
v 1.262196 1.980820 -0.090046
v 1.259704 1.984529 -0.185779
v 1.219483 1.970211 -0.151385
v 1.246744 1.959610 -0.147807
v 1.285061 1.981531 -0.171452
v 1.257843 1.940463 -0.127800
v 1.298182 1.960049 -0.157539
v 1.239138 1.918948 -0.102520
v 1.281775 1.922212 -0.154782
v 1.281775 1.922212 -0.154782
v 1.239138 1.918948 -0.102520
v 1.207338 1.905975 -0.086301
v 1.254328 1.895924 -0.159761
v 1.179215 1.914352 -0.091381
v 1.228172 1.898811 -0.173189
v 1.167368 1.934527 -0.109221
v 1.211170 1.919030 -0.183583
v 1.189978 1.958450 -0.136710
v 1.232296 1.957531 -0.191639
v 1.232296 1.957531 -0.191639
v 1.189978 1.958450 -0.136710
v 1.152458 2.025201 -0.205527
v 1.113557 2.028325 -0.153427
v 1.140814 2.023331 -0.142607
v 1.178379 2.021463 -0.192131
v 1.151551 2.000766 -0.126549
v 1.189558 1.998312 -0.178092
v 1.132138 1.970489 -0.112180
v 1.172270 1.963455 -0.172354
v 1.172270 1.963455 -0.172354
v 1.132138 1.970489 -0.112180
v 1.101067 1.954130 -0.102323
v 1.141802 1.938028 -0.174161
v 1.073263 1.962347 -0.108552
v 1.116456 1.942507 -0.187394
v 1.063349 1.982894 -0.128095
v 1.106510 1.966153 -0.202395
v 1.082018 2.008771 -0.146841
v 1.123635 2.000199 -0.208911
v 1.123635 2.000199 -0.208911
v 1.082018 2.008771 -0.146841
v 1.055407 2.068215 -0.171158
v 1.036128 2.100879 -0.122765
v 1.063131 2.091668 -0.116260
v 1.082636 2.062922 -0.161578
v 1.073423 2.073899 -0.094720
v 1.091942 2.043274 -0.141506
v 1.054394 2.056756 -0.067117
v 1.070983 2.018039 -0.120216
v 1.070983 2.018039 -0.120216
v 1.054394 2.056756 -0.067117
v 1.022659 2.049055 -0.048128
v 1.037805 2.002070 -0.107820
v 0.995257 2.058865 -0.053622
v 1.010727 2.007991 -0.116941
v 0.984970 2.074787 -0.076997
v 1.000919 2.026827 -0.137286
v 1.004350 2.091642 -0.105251
v 1.022313 2.051224 -0.159865
v 1.022313 2.051224 -0.159865
v 1.004350 2.091642 -0.105251
v 1.292919 2.361375 -0.198666
v 1.334058 2.456322 -0.244853
v 1.326920 2.520167 -0.179691
v 1.276420 2.487623 -0.103731
v 1.195867 2.416313 -0.115271
v 1.195859 2.396373 -0.178520
v 1.338172 2.497677 -0.221235
v 1.338172 2.497677 -0.221235
v 1.199319 2.361806 -0.206669
v 1.338172 2.497677 -0.221235
v 1.200120 2.324543 -0.219631
v 1.199319 2.361806 -0.206669
v 1.243598 2.325481 -0.118373
v 1.240380 2.360893 -0.076157
v 1.240380 2.360893 -0.076157
v 1.232546 2.410028 -0.063818
v 1.192171 2.383098 -0.066706
v 1.196668 2.287201 -0.181345
v 1.107408 2.253892 -0.183727
v 1.117467 2.261275 -0.187333
v 1.138875 2.244900 -0.153605
v 1.130923 2.240095 -0.150365
v 1.130095 2.376824 -0.098524
v 1.137898 2.381548 -0.100514
v 1.116010 2.343703 -0.153153
v 1.106271 2.337341 -0.150093
v 1.104260 2.293727 -0.172756
v 1.113886 2.300808 -0.176069
v 1.113886 2.300808 -0.176069
v 1.104260 2.293727 -0.172756
v 1.192067 2.296404 -0.117286
v 1.148957 2.269955 -0.088843
v 1.191490 2.338210 -0.084291
v 1.191490 2.338210 -0.084291
v 1.151023 2.360438 -0.055321
v 1.040529 2.221890 -0.114394
v 1.014024 2.237940 -0.148114
v 1.085644 2.247270 -0.172855
v 1.109123 2.231602 -0.138521
v 1.030320 2.317536 -0.118590
v 1.065370 2.347160 -0.067302
v 1.113044 2.365258 -0.087839
v 1.091395 2.327349 -0.138924
v 1.087168 2.285979 -0.162216
v 1.017655 2.276726 -0.139300
v 1.017655 2.276726 -0.139300
v 1.087168 2.285979 -0.162216
v 1.067940 2.251044 -0.059100
v 1.125499 2.261420 -0.077475
v 1.136976 2.306723 -0.056073
v 1.079340 2.291930 -0.037724
v 1.079340 2.291930 -0.037724
v 1.136976 2.306723 -0.056073
v 1.133793 2.349180 -0.047025
v 1.084298 2.330624 -0.029571
v 1.154720 2.317294 -0.065873
v 1.154720 2.317294 -0.065873
v 1.689502 2.570986 -0.121707
v 1.765445 2.806298 -0.144354
v 1.624882 2.847460 -0.096180
v 1.553279 2.593142 -0.072811
v 1.767985 2.551446 -0.205163
v 1.869042 2.857147 -0.256442
v 1.947173 3.083380 -0.293399
v 1.842941 2.819464 -0.362023
v 1.918693 3.100951 -0.457286
v 1.743583 2.831450 -0.413941
v 1.780432 3.113815 -0.549184
v 1.594287 2.845029 -0.360943
v 1.610699 3.118008 -0.478841
v 1.610699 3.118008 -0.478841
v 1.594287 2.845029 -0.360943
v 1.530827 2.860407 -0.273182
v 1.536977 3.117426 -0.356180
v 1.549083 2.849912 -0.166320
v 1.543613 3.113258 -0.209278
v 1.665709 3.097964 -0.106547
v 1.849405 3.081656 -0.153113
v 1.987469 3.388983 -0.307204
v 1.950769 3.422129 -0.474938
v 1.816880 3.411277 -0.576349
v 1.656848 3.358058 -0.521809
v 1.656848 3.358058 -0.521809
v 1.585476 3.345287 -0.401934
v 1.612907 3.322742 -0.243157
v 1.720280 3.337936 -0.126766
v 1.899787 3.349051 -0.167968
v 1.854268 3.679815 -0.263853
v 1.948499 3.549002 -0.291182
v 1.900575 3.582748 -0.448334
v 1.808728 3.709119 -0.408346
v 1.778574 3.547532 -0.551832
v 1.697013 3.662866 -0.503743
v 1.635533 3.458938 -0.527458
v 1.569946 3.555807 -0.482404
v 1.569946 3.555807 -0.482404
v 1.635533 3.458938 -0.527458
v 1.589727 3.414062 -0.414666
v 1.541950 3.489202 -0.386524
v 1.646252 3.413824 -0.266568
v 1.590286 3.473822 -0.244489
v 1.741890 3.417559 -0.143782
v 1.682262 3.495344 -0.136163
v 1.889137 3.480423 -0.169298
v 1.804913 3.596084 -0.154337
v 1.687115 3.921796 -0.200537
v 1.772130 3.798923 -0.239163
v 1.736661 3.836154 -0.379544
v 1.644567 3.958536 -0.332856
v 1.627830 3.779119 -0.464803
v 1.547638 3.902906 -0.425307
v 1.490251 3.658336 -0.430824
v 1.399812 3.761995 -0.383714
v 1.399812 3.761995 -0.383714
v 1.490251 3.658336 -0.430824
v 1.447534 3.592341 -0.315590
v 1.342075 3.660075 -0.274016
v 1.501013 3.536011 -0.200500
v 1.374634 3.616447 -0.134650
v 1.580274 3.574206 -0.095966
v 1.472734 3.663654 -0.042246
v 1.707396 3.699796 -0.124159
v 1.611346 3.804933 -0.078446
v 1.561426 4.095366 -0.124471
v 1.529902 4.147393 -0.278004
v 1.415772 4.085262 -0.387676
v 1.262027 3.928133 -0.345951
v 1.262027 3.928133 -0.345951
v 1.188800 3.791903 -0.206054
v 1.204087 3.741803 -0.051647
v 1.298328 3.781940 0.063430
v 1.473956 3.951307 0.013728
v 1.398924 4.278739 0.014230
v 1.383626 4.329608 -0.163173
v 1.279471 4.260464 -0.298994
v 1.116970 4.106627 -0.287590
v 1.116970 4.106627 -0.287590
v 1.071375 3.980429 -0.121078
v 1.052768 3.946964 0.094322
v 1.143851 3.991350 0.216510
v 1.300593 4.144214 0.192740
v 1.160218 4.518207 0.269611
v 1.165475 4.613797 0.102171
v 1.139712 4.483053 -0.132015
v 0.930384 4.300409 -0.205312
v 0.930384 4.300409 -0.205312
v 0.937986 4.141031 -0.069037
v 0.948209 4.085148 0.150198
v 0.991224 4.179165 0.304519
v 1.117369 4.336043 0.334717
v 1.799890 1.241012 -0.258928
v 1.905426 1.283363 -0.280522
v 2.023753 0.917174 -0.426162
v 1.931527 0.892627 -0.409900
v 1.868378 0.824449 -0.284704
v 1.719667 1.128789 -0.118111
v 1.926121 0.776038 -0.108967
v 1.794119 1.021417 0.073318
v 1.794119 1.021417 0.073318
v 1.926121 0.776038 -0.108967
v 2.055059 0.765748 0.026073
v 1.967254 0.974014 0.207375
v 2.174885 1.021045 0.225812
v 2.077740 0.986588 0.245635
v 2.143390 0.777392 0.067902
v 2.227635 0.792153 0.053846
v 2.262503 1.131548 0.075161
v 2.241303 1.070454 0.164077
v 2.285865 0.824262 0.003571
v 2.306238 0.857702 -0.076074
v 2.250017 0.908704 -0.251053
v 2.188823 1.241884 -0.109124
v 2.188823 1.241884 -0.109124
v 2.250017 0.908704 -0.251053
v 2.113755 0.925754 -0.390597
v 2.014534 1.292614 -0.248114
v 1.679809 1.541593 -0.139042
v 1.801180 1.593018 -0.164624
v 1.583997 1.409199 0.035591
v 1.676730 1.282425 0.279504
v 1.676730 1.282425 0.279504
v 1.890003 1.229798 0.456830
v 2.135547 1.282638 0.471256
v 2.024798 1.238301 0.496200
v 2.236431 1.422889 0.294303
v 2.212133 1.346860 0.402362
v 2.146832 1.550114 0.057688
v 2.146832 1.550114 0.057688
v 1.934020 1.603036 -0.122828
v 1.605386 1.848875 0.064825
v 1.737146 1.904376 0.034164
v 1.494672 1.702907 0.255725
v 1.589977 1.569260 0.528995
v 1.589977 1.569260 0.528995
v 1.821711 1.521806 0.728053
v 2.094644 1.586860 0.741423
v 1.970652 1.535027 0.770723
v 2.210850 1.740030 0.540141
v 2.181747 1.657792 0.662842
v 2.116971 1.870484 0.275101
v 2.116971 1.870484 0.275101
v 1.883178 1.919277 0.078093
v 1.679273 1.958045 0.289386
v 1.783198 2.017812 0.257354
v 1.749146 2.030552 0.197652
v 1.639437 1.979222 0.225351
v 1.524585 1.868157 0.402670
v 1.549754 1.880006 0.476642
v 1.583147 1.798481 0.659488
v 1.565356 1.893031 0.737004
v 1.565356 1.893031 0.737004
v 1.583147 1.798481 0.659488
v 1.771005 1.815832 0.841776
v 1.715210 1.985452 0.920313
v 1.914589 2.117212 0.921025
v 1.819233 2.050662 0.952661
v 1.889715 1.851261 0.874456
v 1.991674 1.905509 0.845835
v 2.043067 2.200480 0.731282
v 1.995793 2.168297 0.845174
v 2.070581 1.962399 0.774706
v 2.107766 2.017610 0.665838
v 2.054516 2.081736 0.414259
v 2.026338 2.190933 0.473076
v 2.026338 2.190933 0.473076
v 2.054516 2.081736 0.414259
v 1.863140 2.068964 0.230002
v 1.880775 2.088969 0.288735
v 1.559789 1.959941 0.162486
v 1.651055 2.045810 0.119523
v 1.757749 1.983055 0.217925
v 1.663725 1.896975 0.258614
v 1.504723 1.869121 0.463665
v 1.398970 1.933668 0.364967
v 1.454874 2.003208 0.729060
v 1.335469 2.091972 0.628969
v 1.335469 2.091972 0.628969
v 1.454874 2.003208 0.729060
v 1.541045 2.220668 0.902630
v 1.400543 2.342380 0.797882
v 1.560301 2.549186 0.775025
v 1.472477 2.466993 0.817352
v 1.616420 2.338764 0.922518
v 1.710099 2.416951 0.883545
v 1.723460 2.578100 0.572973
v 1.649824 2.590102 0.691848
v 1.799227 2.460641 0.798166
v 1.865928 2.459825 0.679885
v 1.911792 2.330654 0.413915
v 1.787724 2.420484 0.311743
v 1.787724 2.420484 0.311743
v 1.911792 2.330654 0.413915
v 1.833731 2.098275 0.240971
v 1.722621 2.167690 0.141157
v 1.372173 2.092286 0.023984
v 1.476958 2.186100 -0.025631
v 1.178046 2.047084 0.244864
v 1.077317 2.210128 0.515227
v 1.077317 2.210128 0.515227
v 1.197403 2.465912 0.697401
v 1.363883 2.707757 0.646530
v 1.261731 2.616051 0.701082
v 1.546538 2.751089 0.425360
v 1.462315 2.758209 0.552692
v 1.625284 2.588763 0.155293
v 1.625284 2.588763 0.155293
v 1.556547 2.318161 -0.010521
v 1.090914 2.229087 -0.161732
v 1.210067 2.331285 -0.217701
v 0.825912 2.180794 0.071714
v 0.703310 2.362526 0.340158
v 0.703310 2.362526 0.340158
v 0.813309 2.617762 0.523778
v 1.073307 2.857250 0.474415
v 0.948830 2.763296 0.527241
v 1.295034 2.894190 0.257466
v 1.193690 2.910952 0.374356
v 1.381470 2.730162 -0.016176
v 1.381470 2.730162 -0.016176
v 1.312063 2.455989 -0.187692
v 0.728484 2.423778 -0.521503
v 0.837525 2.581596 -0.541953
v 0.966147 2.457894 -0.402156
v 0.867378 2.328148 -0.331651
v 0.675893 2.167041 -0.105179
v 0.438482 2.234225 -0.336043
v 0.540393 2.422228 0.271120
v 0.215501 2.536758 0.127461
v 0.215501 2.536758 0.127461
v 0.540393 2.422228 0.271120
v 0.666787 2.699133 0.477473
v 0.456331 2.847989 0.373841
v 0.687449 3.043660 0.288263
v 0.587712 2.982467 0.375260
v 0.816355 2.843659 0.482622
v 0.892415 2.962397 0.399216
v 0.866241 3.069191 0.005341
v 0.788561 3.077380 0.167021
v 0.941688 3.031548 0.257401
v 1.035204 3.033932 0.122537
v 0.949636 2.974841 -0.274767
v 1.095163 2.887819 -0.192061
v 1.047097 2.605308 -0.382147
v 0.898411 2.724314 -0.498585
v 1.736806 1.954942 0.117956
v 1.628953 1.908958 0.142046
v 1.529812 1.785869 0.315012
v 1.610185 1.680793 0.569102
v 1.610185 1.680793 0.569102
v 1.817476 1.657910 0.756582
v 1.940816 1.678393 0.793076
v 2.042307 1.724744 0.767869
v 2.116796 1.782952 0.700908
v 2.145975 1.845330 0.593915
v 2.068550 1.944902 0.341785
v 2.068550 1.944902 0.341785
v 1.858595 1.974339 0.155378
v 0.556978 3.178070 -0.809611
v 0.673026 3.165221 -0.705352
v 0.671057 2.967708 -0.724126
v 0.562581 2.893532 -0.795151
v 0.708224 3.018238 0.211222
v 0.591676 2.945261 0.380310
v 0.587808 2.945906 0.226494
v 0.697993 3.002881 0.059076
v 0.802252 3.033453 -0.289297
v 0.808963 3.115729 -0.185949
v 0.808963 3.115729 -0.185949
v 0.802252 3.033453 -0.289297
v 0.750978 2.992339 -0.597228
v 0.755657 3.164991 -0.545277
v 0.583840 3.476823 -0.766878
v 0.712566 3.455897 -0.635447
v 0.727500 3.138431 0.299630
v 0.605724 3.066756 0.456732
v 0.848672 3.262780 -0.076438
v 0.848672 3.262780 -0.076438
v 0.798459 3.404794 -0.456936
v 0.593400 3.826352 -0.620110
v 0.741229 3.722760 -0.534228
v 0.744090 3.245016 0.290249
v 0.624913 3.204287 0.451541
v 0.868459 3.422898 -0.027070
v 0.868459 3.422898 -0.027070
v 0.821115 3.604034 -0.396009
v 0.618866 4.019694 -0.499504
v 0.740494 3.930515 -0.412895
v 0.749510 3.387786 0.300229
v 0.628515 3.285524 0.411779
v 0.874549 3.674452 0.072803
v 0.874549 3.674452 0.072803
v 0.824580 3.836254 -0.271913
v 0.636426 4.149373 -0.412353
v 0.755291 4.120286 -0.297875
v 0.807093 3.613614 0.379244
v 0.689166 3.472361 0.514490
v 0.805577 3.941440 0.063409
v 0.805577 3.941440 0.063409
v 0.816937 4.077079 -0.175518
v 0.653031 4.361468 -0.282176
v 0.768350 4.344669 -0.187419
v 0.809001 3.900483 0.398610
v 0.716313 3.749331 0.644283
v 0.761687 4.110129 0.060260
v 0.761687 4.110129 0.060260
v 0.807860 4.300066 -0.109322
v 0.614583 4.485772 -0.176119
v 0.770105 4.443323 -0.125881
v 0.799981 4.008361 0.510394
v 0.686279 3.930144 0.702129
v 0.792223 4.009323 0.500843
v 0.798260 3.899805 0.393931
v 0.748789 4.119007 0.060319
v 0.726682 4.288834 0.001537
v 0.726682 4.288834 0.001537
v 0.748789 4.119007 0.060319
v 0.797668 4.260271 -0.118249
v 0.811697 4.383251 -0.095644
v 0.547214 4.723083 0.057312
v 0.697205 4.739724 0.151285
v 0.726933 4.608787 -0.038122
v 0.575845 4.576938 -0.076634
v 0.788682 4.459502 0.612206
v 0.652352 4.353912 0.712918
v 0.658280 4.081104 0.732126
v 0.778271 4.171601 0.615298
v 0.467610 4.740591 0.244749
v 0.563107 4.738391 0.342232
v 0.630769 4.548062 0.691945
v 0.538439 4.472153 0.730127
v 0.929654 4.604207 0.391673
v 0.717153 4.672414 0.539830
v 0.717153 4.672414 0.539830
v 0.929654 4.604207 0.391673
v 0.862055 4.717358 0.232586
v 0.655814 4.726702 0.433177
v 0.340400 4.794343 0.371700
v 0.383066 4.801399 0.430323
v 0.285250 4.703635 0.739818
v 0.237952 4.655954 0.762154
v 0.374775 4.764780 0.653385
v 0.374775 4.764780 0.653385
v 0.403228 4.794416 0.504979
v 0.562581 2.893532 -0.795151
v 0.671057 2.967708 -0.724126
v 0.740551 2.670754 -0.656822
v 0.598481 2.567863 -0.681441
v 0.208925 2.481486 -0.646862
v 0.218729 2.899913 -0.848537
v 0.454757 2.883753 0.335296
v 0.297816 2.809397 0.408625
v 0.385763 2.945521 0.316181
v 0.538084 3.006222 0.222225
v 0.697993 3.002881 0.059076
v 0.587808 2.945906 0.226494
v 0.659523 3.042201 0.114030
v 0.779926 3.057925 -0.031662
v 0.802252 3.033453 -0.289297
v 0.866011 2.981177 -0.331964
v 0.804516 2.786046 -0.557543
v 0.750978 2.992339 -0.597228
v 0.678702 3.930971 0.694264
v 0.760153 4.437964 -0.121271
v 0.609112 4.477477 -0.169941
v 1.067231 4.550220 0.336407
v 1.013597 4.678329 0.188387
v 0.971902 4.447317 0.419950
v 1.067231 4.550220 0.336407
v 0.841257 4.230293 0.419387
v 0.763806 4.224170 0.200726
v 0.788154 4.278191 -0.028458
v 0.844490 4.418686 -0.125121
v 0.788154 4.278191 -0.028458
v 0.849886 4.589350 -0.007077
v 0.939926 4.576718 -0.023825
v 0.866011 2.981177 -0.331964
v 0.802252 3.033453 -0.289297
v 1.095163 2.887819 -0.192061
v 0.949636 2.974841 -0.274767
v 2.172442 0.484545 -0.516331
v 2.081800 0.477928 -0.513627
v 2.004998 0.758857 -0.440754
v 2.093902 0.780592 -0.454086
v 2.081800 0.477928 -0.513627
v 1.958112 0.520612 -0.404466
v 1.916606 0.716635 -0.327187
v 2.004998 0.758857 -0.440754
v 1.927338 0.465183 -0.204359
v 1.943131 0.669762 -0.163932
v 2.383797 0.478550 -0.344144
v 2.251865 0.496897 -0.478645
v 2.182080 0.785437 -0.422985
v 2.300296 0.782833 -0.292971
v 2.060073 0.382103 0.244301
v 2.134135 0.392140 0.517553
v 2.167464 0.434528 0.469572
v 2.088721 0.442476 0.235617
v 2.405104 0.393706 0.643606
v 2.379490 0.480401 0.560080
v 2.302603 0.479226 0.561315
v 2.317375 0.397449 0.634370
v 2.556045 0.396399 0.389710
v 2.512634 0.445397 0.366511
v 2.472841 0.479237 0.472243
v 2.506406 0.395532 0.514011
v 2.094819 0.227900 -0.527339
v 2.190323 0.232108 -0.527083
v 1.961624 0.221294 -0.421788
v 2.094819 0.227900 -0.527339
v 1.914572 0.220334 -0.195996
v 2.044515 0.228041 0.257161
v 2.128544 0.235177 0.543905
v 2.417010 0.233624 0.673037
v 2.319523 0.233413 0.665019
v 2.578040 0.239094 0.413080
v 2.529087 0.236996 0.525999
v 2.272163 0.235088 -0.485429
v 2.407359 0.240310 -0.331469
v 2.182080 0.785437 -0.422985
v 2.300296 0.782833 -0.292971
v 2.300296 0.782833 -0.292971
v 2.345354 0.740172 -0.124212
v 2.302605 0.734195 -0.044084
v 2.234550 0.719080 0.005762
v 2.151319 0.708820 0.019840
v 2.054909 0.686965 -0.021384
v 1.943131 0.669762 -0.163932
v 1.943131 0.669762 -0.163932
v 1.916606 0.716635 -0.327187
v 2.004998 0.758857 -0.440754
v 2.093902 0.780592 -0.454086
v 2.091635 0.566107 0.073637
v 2.054909 0.686965 -0.021384
v 2.037169 0.524730 -0.025718
v 2.006177 0.402561 -0.024273
v 2.259280 0.586297 0.108141
v 2.234550 0.719080 0.005762
v 2.151319 0.708820 0.019840
v 2.190433 0.582692 0.114632
v 2.385791 0.574007 0.006697
v 2.345354 0.740172 -0.124212
v 2.302605 0.734195 -0.044084
v 2.320109 0.587467 0.085301
v 2.412267 0.555046 -0.136854
v 2.440337 0.425692 -0.146838
v 1.986211 0.222959 -0.024151
v 2.448288 0.238934 -0.180392
v 2.162878 0.503143 0.318055
v 2.316223 0.511492 0.338131
v 2.254346 0.513007 0.345638
v 2.440768 0.502461 0.268092
v 2.373505 0.513777 0.315564
v 2.478990 0.454793 0.149083
v 2.522183 0.384630 0.124504
v 2.544053 0.236903 0.133175
v 2.246825 0.477102 0.531097
v 2.445916 0.480208 0.515194
v 2.353693 0.237581 0.445942
v 2.128544 0.235177 0.543905
v 2.044515 0.228041 0.257161
v 2.294752 0.233795 0.188591
v 1.986211 0.222959 -0.024151
v 2.221961 0.233449 -0.080461
v 1.914572 0.220334 -0.195996
v 2.171901 0.232757 -0.256570
v 1.961624 0.221294 -0.421788
v 2.130993 0.228450 -0.410293
v 2.094819 0.227900 -0.527339
v 2.374774 0.236547 0.528674
v 2.417010 0.233624 0.673037
v 2.319523 0.233413 0.665019
v 2.237111 0.234270 0.618683
v 2.190323 0.232108 -0.527083
v 2.272163 0.235088 -0.485429
v 2.407359 0.240310 -0.331469
v 2.448288 0.238934 -0.180392
v 2.544053 0.236903 0.133175
v 2.578040 0.239094 0.413080
v 2.486889 0.235196 0.610336
v 2.529087 0.236996 0.525999
v 2.472679 0.390149 0.583913
v 2.486889 0.235196 0.610336
v 2.244398 0.391297 0.594182
v 2.237111 0.234270 0.618683
v 0.455605 2.862552 0.496943
v 0.295056 2.839542 0.559908
v 0.297816 2.809397 0.408625
v 0.454757 2.883753 0.335296
v 0.461218 3.013619 0.549008
v 0.301985 2.991738 0.602392
v 0.484353 3.191333 0.559091
v 0.327897 3.193893 0.622184
v 0.490336 3.246225 0.500778
v 0.335959 3.270833 0.588529
v 0.524180 3.406477 0.584932
v 0.356871 3.411207 0.656684
v 0.569453 3.693561 0.732246
v 0.386453 3.655046 0.772923
v 0.554699 3.853024 0.778933
v 0.382255 3.796730 0.794411
v 0.495781 4.250965 0.751578
v 0.344730 4.183767 0.761167
v 0.364648 3.934856 0.813790
v 0.518550 3.982006 0.806408
v 0.430826 4.411474 0.736732
v 0.303715 4.357047 0.743673
v 0.209944 4.582747 0.759482
v 0.148503 4.565735 0.766131
v 0.381345 3.797466 0.783340
v 0.550213 3.854437 0.768959
v 0.208925 2.481486 -0.646862
v 0.281530 2.949670 0.320221
v 0.178796 2.902406 0.274648
v 0.088320 4.702055 0.737610
v 0.299181 4.897605 0.509825
v 0.330916 4.901047 0.562531
v 0.336913 4.900784 0.614118
v 0.303050 4.894361 0.687564
v 0.219504 4.874557 0.745781
v 0.178687 4.816485 0.749881
v 0.136755 4.752907 0.748668
v 0.147242 4.566833 0.758283
v 0.208419 4.582549 0.752105
v 0.237323 4.653268 0.755312
v 0.284765 4.697499 0.733691
v 0.372034 4.756995 0.649735
v 0.399708 4.786281 0.504181
v 0.379596 4.793602 0.432148
v 0.338251 4.786670 0.374944
v 1.013597 4.678329 0.188387
v 0.939926 4.576718 -0.023825
v 0.844490 4.418686 -0.125121
v 0.844490 4.418686 -0.125121
v 0.788154 4.278191 -0.028458
v 0.763806 4.224170 0.200726
v 0.841257 4.230293 0.419387
v 0.971902 4.447317 0.419950
v 1.067231 4.550220 0.336407
v 1.749185 1.860529 0.080786
v 1.653494 1.819680 0.102089
v 1.561769 1.701108 0.261557
v 1.644937 1.590056 0.504194
v 1.644937 1.590056 0.504194
v 1.851170 1.553287 0.682942
v 1.967436 1.567498 0.717279
v 2.060627 1.607130 0.694255
v 2.128325 1.662508 0.634354
v 2.152826 1.723953 0.535879
v 2.072239 1.835563 0.296889
v 2.072239 1.835563 0.296889
v 1.863983 1.874621 0.116615
v 0.748789 4.119007 0.060319
v 0.798260 3.899805 0.393931
v 0.797668 4.260271 -0.118249
v 0.748789 4.119007 0.060319
v 0.609112 4.477477 -0.169941
v 0.760153 4.437964 -0.121271
v 0.792223 4.009323 0.500843
v 0.678702 3.930971 0.694264
v 0.550213 3.854437 0.768959
v 0.381345 3.797466 0.783340
v 0.811697 4.383251 -0.095644
v 0.820719 4.394147 -0.099224
v 1.653494 1.819680 0.102089
v 1.749185 1.860529 0.080786
v 1.561769 1.701108 0.261557
v 1.644937 1.590056 0.504194
v 1.851170 1.553287 0.682942
v 1.644937 1.590056 0.504194
v 2.060627 1.607130 0.694255
v 1.967436 1.567498 0.717279
v 2.152826 1.723953 0.535879
v 2.128325 1.662508 0.634354
v 2.072239 1.835563 0.296889
v 1.863983 1.874621 0.116615
v 2.072239 1.835563 0.296889
v 1.478023 2.530857 -0.203736
v 1.468432 2.506290 -0.241383
v 1.474303 2.505274 -0.235796
v 1.623527 2.475374 -0.117907
v 1.499033 2.551238 -0.153762
v 1.501981 2.546028 -0.162748
v 1.706427 2.404100 -0.186878
v 1.718665 2.419530 -0.149629
v 1.710139 2.418951 -0.150132
v 1.579352 2.429617 -0.229064
v 1.690146 2.399921 -0.236104
v 1.687787 2.402696 -0.226695
v 0.338251 4.786670 0.374944
v 0.379596 4.793602 0.432148
v 0.284765 4.697499 0.733691
v 0.237323 4.653268 0.755312
v 0.372034 4.756995 0.649735
v 0.399708 4.786281 0.504181
v 0.372034 4.756995 0.649735
v 0.208419 4.582549 0.752105
v 0.147242 4.566833 0.758283
v 1.521829 2.593692 -0.127817
v 1.502772 2.590127 -0.180163
v 1.755975 2.552970 -0.264512
v 1.705289 2.561248 -0.304246
v 1.595022 2.570391 -0.264988
v 1.579352 2.429617 -0.229064
v 1.595022 2.570391 -0.264988
v -0.412305 5.156086 0.699993
v -0.412305 5.156086 0.699993
v -0.407704 5.196090 0.693965
v -0.386751 5.202731 0.715082
v -0.369665 5.165466 0.757222
v -0.421150 5.130322 0.705638
v -0.421150 5.130322 0.705638
v -0.412305 5.156086 0.699993
v -0.369665 5.165466 0.757222
v -0.372395 5.133634 0.762547
v -0.421150 5.130322 0.705638
v -0.372395 5.133634 0.762547
v -0.407704 5.196090 0.693965
v -0.412305 5.156086 0.699993
v -0.369665 5.165466 0.757222
v -0.386751 5.202731 0.715082
v -0.407704 5.196090 0.693965
v -0.421150 5.130322 0.705638
v -0.372395 5.133634 0.762547
v -0.412305 5.156086 0.699993
v -0.412305 5.156086 0.699993
v -0.421150 5.130322 0.705638
v -0.421150 5.130322 0.705638
v -0.372395 5.133634 0.762547
v -0.369665 5.165466 0.757222
v -0.407704 5.196090 0.693965
v -0.386751 5.202731 0.715082
v 0.452853 5.502163 0.400318
v 0.329871 5.663329 0.418476
v 0.143337 5.747868 0.464598
v 0.468590 5.309614 0.417982
v 0.455934 5.254987 0.427864
v 0.376277 5.095962 0.464134
v 0.280606 4.977509 0.493085
v 0.201067 2.539470 0.095568
v 0.201067 2.539470 0.095568
v 0.128131 2.803788 0.409225
v 0.239136 4.883904 0.464482
v 0.222338 4.757856 0.311921
v 0.573905 3.901905 0.823849
v 0.577538 3.737702 0.765385
v 0.652884 3.775383 0.728567
v 0.651151 3.938833 0.785182
v 0.544768 4.147878 0.817767
v 0.625872 4.178488 0.785751
v 0.547344 4.288645 0.783509
v 0.622656 4.323100 0.748601
v 0.526970 4.607220 0.710246
v 0.536082 4.474444 0.753265
v 0.623102 4.477505 0.756971
v 0.614052 4.606878 0.708568
v 0.525000 4.766178 0.550101
v 0.632559 4.749254 0.531507
v 0.502268 4.776086 0.321187
v 0.602728 4.780498 0.334100
v 0.530817 4.743049 0.097220
v 0.629670 4.754787 0.112608
v 0.524675 4.672321 -0.039635
v 0.619808 4.690385 -0.024182
v 0.548040 4.486298 -0.219554
v 0.623714 4.492618 -0.205003
v 0.563314 4.364552 -0.322382
v 0.643753 4.362298 -0.308369
v 0.559773 4.349612 -0.305235
v 0.638369 4.347705 -0.291708
v 0.544545 4.471367 -0.202366
v 0.638369 4.347705 -0.291708
v 0.619893 4.478833 -0.187863
v 0.523597 4.643971 -0.036358
v 0.619231 4.665014 -0.020015
v 0.532565 4.721184 0.083983
v 0.633315 4.735895 0.100653
v 0.504436 4.755752 0.307392
v 0.606580 4.761362 0.321058
v 0.522634 4.748209 0.531560
v 0.631752 4.731939 0.517265
v 0.521038 4.590962 0.695527
v 0.614503 4.590930 0.691599
v 0.524105 4.463611 0.728450
v 0.619147 4.468389 0.727964
v 0.533923 4.150961 0.797939
v 0.536019 4.285411 0.764587
v 0.613036 4.317636 0.729889
v 0.617541 4.181602 0.765061
v 0.562075 3.904929 0.804075
v 0.637938 3.941574 0.766107
v 0.565084 3.739540 0.745081
v 0.641422 3.777645 0.708220
v 0.641422 3.777645 0.708220
v 0.637938 3.941574 0.766107
v 0.617541 4.181602 0.765061
v 0.613036 4.317636 0.729889
v 0.619147 4.468389 0.727964
v 0.614503 4.590930 0.691599
v 0.631752 4.731939 0.517265
v 0.606580 4.761362 0.321058
v 0.633315 4.735895 0.100653
v 0.619231 4.665014 -0.020015
v 0.619893 4.478833 -0.187863
v -0.230938 3.756992 0.636439
v -0.184919 3.725673 0.686373
v -0.198875 3.878441 0.740607
v -0.230272 3.903445 0.688778
v -0.142054 4.117084 0.740583
v -0.200212 4.133751 0.698235
v -0.142903 4.254310 0.710626
v -0.196482 4.269863 0.667508
v -0.224104 4.420172 0.678513
v -0.154407 4.440579 0.683864
v -0.160831 4.576876 0.640612
v -0.233647 4.554646 0.630610
v -0.133436 4.746887 0.445623
v -0.238578 4.699431 0.453305
v -0.079308 4.756390 0.260027
v -0.181781 4.734963 0.263971
v -0.064675 4.719540 0.037701
v -0.166571 4.705559 0.043299
v -0.028451 4.653740 -0.098172
v -0.125479 4.648113 -0.095892
v 0.013319 4.470064 -0.277168
v -0.070700 4.462413 -0.280478
v 0.027676 4.350675 -0.379309
v -0.056079 4.344346 -0.382503
v 0.028266 4.336427 -0.361523
v -0.054030 4.330672 -0.364788
v -0.054030 4.330672 -0.364788
v 0.013965 4.455259 -0.259533
v -0.067818 4.448246 -0.262623
v -0.024758 4.626825 -0.094398
v -0.122739 4.622211 -0.090396
v -0.061969 4.697852 0.024365
v -0.163629 4.684628 0.030606
v -0.077300 4.735913 0.246695
v -0.179767 4.714124 0.251100
v -0.127602 4.727821 0.435942
v -0.232361 4.677961 0.441805
v -0.152889 4.563214 0.626260
v -0.226310 4.536236 0.615333
v -0.141143 4.433419 0.660397
v -0.209570 4.409093 0.652073
v -0.183497 4.266998 0.650555
v -0.130927 4.253641 0.693383
v -0.128528 4.121809 0.722773
v -0.187121 4.138568 0.680326
v -0.183358 3.882299 0.723758
v -0.209049 3.906585 0.671525
v -0.171304 3.729542 0.669468
v -0.214256 3.761008 0.619205
v -0.214256 3.761008 0.619205
v -0.209049 3.906585 0.671525
v -0.187121 4.138568 0.680326
v -0.183497 4.266998 0.650555
v -0.209570 4.409093 0.652073
v -0.226310 4.536236 0.615333
v -0.232361 4.677961 0.441805
v -0.179767 4.714124 0.251100
v -0.163629 4.684628 0.030606
v -0.122739 4.622211 -0.090396
v -0.067818 4.448246 -0.262623
vn -0.4348 0.2200 0.8732
vn -0.6493 -0.1928 0.7357
vn -0.6608 -0.3023 0.6869
vn -0.2819 -0.0830 0.9558
vn -0.6882 0.1553 0.7087
vn -0.6562 -0.2914 0.6961
vn -0.9067 -0.0579 0.4177
vn -0.6855 -0.4981 0.5311
vn 0.8198 0.0053 0.5726
vn 0.3817 0.8355 0.3953
vn -0.3096 -0.8971 -0.3151
vn -0.2680 -0.9111 -0.3131
vn 0.1431 -0.9853 -0.0934
vn 0.3816 0.8356 0.3952
vn -0.1234 0.9879 0.0945
vn -0.6373 0.5686 -0.5202
vn 0.0906 -0.9523 -0.2914
vn -0.1236 0.9878 0.0946
vn -0.6373 0.5684 -0.5203
vn -0.9075 -0.3977 -0.1353
vn -0.9312 -0.3020 -0.2042
vn -0.8525 0.0582 -0.5195
vn -0.7503 -0.2644 -0.6059
vn -0.9711 0.0458 -0.2344
vn -0.9092 -0.3893 -0.1475
vn -0.8310 -0.5543 0.0461
vn -0.9823 -0.0871 0.1656
vn 0.0518 0.7077 -0.7046
vn 0.3745 -0.1672 -0.9120
vn 0.3745 -0.1673 -0.9120
vn -0.0311 -0.7893 0.6133
vn 0.0037 -0.8060 0.5919
vn 0.2327 -0.9506 0.2056
vn -0.2169 0.9516 -0.2177
vn 0.0519 0.7078 -0.7045
vn 0.2943 -0.8734 0.3880
vn -0.2866 0.7043 0.6495
vn -0.2865 0.7044 0.6494
vn -0.2171 0.9516 -0.2176
vn 0.4685 0.8414 0.2694
vn 0.4084 -0.6435 0.6473
vn 0.5855 -0.7396 0.3320
vn 0.6022 0.7973 0.0400
vn 0.5754 -0.8142 -0.0779
vn 0.5990 0.7548 -0.2673
vn 0.5990 0.7548 -0.2674
vn 0.5754 -0.8142 -0.0780
vn 0.3561 -0.8284 -0.4322
vn 0.4320 0.7313 -0.5278
vn 0.0306 -0.7899 -0.6125
vn 0.1925 0.7346 -0.6507
vn -0.3023 -0.7330 -0.6094
vn -0.0423 0.7626 -0.6455
vn -0.5891 -0.6780 -0.4396
vn -0.2423 0.8130 -0.5294
vn -0.7719 -0.6248 -0.1176
vn -0.3734 0.8767 -0.3032
vn -0.7649 -0.5721 0.2959
vn -0.3687 0.9296 0.0026
vn -0.5427 -0.5360 0.6467
vn -0.2031 0.9427 0.2647
vn -0.2112 -0.5316 0.8202
vn 0.0336 0.9199 0.3907
vn 0.1245 -0.5676 0.8138
vn 0.2673 0.8826 0.3869
vn 0.6746 0.3792 0.6333
vn 0.2177 0.9738 -0.0664
vn 0.2312 0.9648 -0.1253
vn 0.9216 0.3094 0.2342
vn 0.2213 0.9589 -0.1777
vn 0.9217 0.2405 -0.3043
vn 0.9217 0.2405 -0.3045
vn 0.2213 0.9589 -0.1778
vn 0.2006 0.9530 -0.2270
vn 0.6246 0.1943 -0.7564
vn 0.1568 0.9502 -0.2694
vn 0.1964 0.1938 -0.9612
vn 0.0955 0.9562 -0.2767
vn -0.2200 0.2417 -0.9451
vn 0.0480 0.9698 -0.2391
vn -0.5772 0.3336 -0.7454
vn 0.0351 0.9829 -0.1808
vn -0.8172 0.4546 -0.3543
vn 0.0452 0.9907 -0.1286
vn -0.8131 0.5537 0.1795
vn 0.0656 0.9947 -0.0791
vn -0.5201 0.5697 0.6364
vn 0.1089 0.9934 -0.0360
vn -0.0990 0.5187 0.8492
vn 0.1699 0.9850 -0.0284
vn 0.3144 0.4487 0.8366
vn 0.6324 0.5631 0.5319
vn 0.8435 0.5091 0.1710
vn 0.8380 0.4533 -0.3038
vn 0.8379 0.4533 -0.3041
vn 0.5809 0.4074 -0.7047
vn 0.2047 0.3974 -0.8945
vn -0.1679 0.4360 -0.8842
vn -0.4841 0.5218 -0.7024
vn -0.6869 0.6363 -0.3510
vn -0.6766 0.7267 0.1185
vn -0.4243 0.7380 0.5246
vn -0.0563 0.6875 0.7240
vn 0.3126 0.6221 0.7178
vn 0.5474 0.7428 0.3854
vn 0.7073 0.7010 0.0913
vn 0.6971 0.6577 -0.2854
vn 0.6971 0.6577 -0.2855
vn 0.4981 0.6200 -0.6063
vn 0.2018 0.6090 -0.7671
vn -0.0976 0.6385 -0.7634
vn -0.3490 0.7084 -0.6135
vn -0.5020 0.8005 -0.3273
vn -0.4880 0.8717 0.0451
vn -0.2927 0.8816 0.3703
vn -0.0034 0.8423 0.5390
vn 0.2929 0.7898 0.5389
vn 0.4165 0.8872 0.1987
vn 0.5169 0.8560 0.0014
vn 0.5067 0.8257 -0.2479
vn 0.3778 0.8022 -0.4624
vn 0.1846 0.7974 -0.5746
vn -0.0127 0.8181 -0.5750
vn -0.1773 0.8627 -0.4737
vn -0.2741 0.9199 -0.2805
vn -0.2620 0.9645 -0.0335
vn -0.1350 0.9738 0.1832
vn 0.0547 0.9525 0.2995
vn 0.2503 0.9199 0.3018
vn 0.1338 0.9790 -0.1539
vn -0.0104 -0.9570 0.2898
vn 0.0270 -0.9775 0.2093
vn 0.0207 -0.9938 0.1093
vn 0.0207 -0.9938 0.1092
vn -0.0294 -0.9993 0.0212
vn -0.1058 -0.9940 -0.0283
vn -0.1858 -0.9821 -0.0302
vn -0.2527 -0.9675 0.0127
vn -0.2908 -0.9522 0.0940
vn -0.2849 -0.9386 0.1945
vn -0.2344 -0.9303 0.2821
vn -0.1573 -0.9305 0.3307
vn -0.0770 -0.9400 0.3323
vn -0.5102 0.2601 -0.8198
vn -0.9663 0.1317 -0.2214
vn -0.9525 0.2756 -0.1293
vn -0.8028 0.3960 -0.4457
vn -0.8238 -0.4842 -0.2948
vn -0.9484 -0.2946 -0.1173
vn 0.9565 -0.1217 0.2651
vn 0.9320 -0.1806 0.3141
vn 0.9489 -0.1409 0.2825
vn 0.9599 -0.1141 0.2561
vn 0.9385 -0.0355 0.3436
vn 0.9398 -0.0051 0.3417
vn 0.9390 -0.0280 0.3428
vn 0.9379 -0.0378 0.3447
vn 0.1736 0.9841 0.0373
vn -0.9190 0.3134 0.2392
vn 0.1737 0.9841 0.0373
vn 0.7382 -0.4075 -0.5376
vn 0.7726 -0.4456 -0.4523
vn -0.0200 -0.4362 -0.8996
vn 0.3072 0.6072 -0.7327
vn 0.3582 0.5968 -0.7180
vn 0.0524 0.9429 0.3289
vn 0.0527 0.9429 0.3288
vn -0.0830 -0.9844 -0.1553
vn -0.0896 -0.9829 -0.1609
vn -0.2483 -0.9445 0.2150
vn -0.2431 -0.9448 0.2197
vn -0.9627 0.2204 -0.1567
vn -0.9496 0.2908 -0.1170
vn -0.9627 0.2454 -0.1136
vn -0.9657 0.1966 -0.1695
vn -0.9954 0.0845 0.0445
vn -0.9551 -0.2781 0.1018
vn -0.9809 -0.1703 0.0944
vn -0.9845 0.1587 0.0744
vn -0.6689 0.7112 -0.2160
vn -0.7592 0.5427 -0.3592
vn -0.6279 0.6286 -0.4589
vn -0.6769 0.7156 -0.1723
vn -0.9428 0.1027 -0.3172
vn -0.8207 -0.5672 0.0687
vn -0.9180 -0.3063 -0.2519
vn -0.9363 0.0360 -0.3494
vn -0.6383 -0.7604 0.1201
vn -0.6268 -0.7540 -0.1966
vn -0.8624 -0.4599 -0.2117
vn -0.8965 -0.4195 -0.1425
vn -0.8461 -0.0611 -0.5296
vn -0.7102 -0.0192 -0.7037
vn -0.5465 -0.3738 -0.7494
vn -0.5736 -0.0723 -0.8159
vn -0.6650 -0.1825 -0.7242
vn -0.4992 -0.4356 -0.7491
vn -0.5443 -0.3349 -0.7692
vn -0.5754 -0.2163 -0.7887
vn -0.4035 -0.3122 -0.8601
vn -0.3832 -0.4613 -0.8002
vn -0.8640 0.4501 -0.2254
vn -0.7889 0.5398 -0.2938
vn -0.9995 -0.0142 0.0295
vn -0.9438 0.2298 -0.2376
vn -0.9764 0.2156 0.0096
vn -0.9208 0.3855 0.0584
vn -0.9178 0.3953 0.0361
vn -0.9295 0.3665 0.0412
vn -0.9442 0.0143 -0.3291
vn -0.8840 0.1262 -0.4502
vn -0.8334 -0.1469 -0.5328
vn -0.7612 -0.0580 -0.6459
vn -0.8216 0.1458 -0.5511
vn -0.9197 0.1855 -0.3461
vn -0.9631 0.0299 -0.2675
vn -0.8687 -0.0789 -0.4891
vn -0.8228 0.3230 -0.4677
vn -0.8428 0.0006 -0.5382
vn -0.4868 -0.0981 -0.8680
vn -0.5698 0.1708 -0.8038
vn -0.7424 0.4038 -0.5346
vn -0.9823 0.0816 -0.1685
vn -0.8939 -0.0746 -0.4420
vn -0.7442 0.1736 -0.6451
vn -0.8115 0.3660 -0.4556
vn -0.5387 0.2669 -0.7991
vn -0.6581 0.5011 -0.5620
vn -0.9852 -0.0029 -0.1711
vn -0.6502 0.2151 -0.7287
vn -0.6899 0.4303 -0.5821
vn -0.8990 -0.4273 -0.0956
vn -0.8997 -0.4268 -0.0917
vn -0.9016 -0.4225 -0.0925
vn -0.9007 -0.4233 -0.0974
vn -0.6437 0.5053 -0.5747
vn -0.5093 0.3154 -0.8007
vn -0.5009 0.3378 -0.7968
vn -0.6863 0.4596 -0.5638
vn -0.7501 0.6441 0.1501
vn -0.9402 0.2246 0.2559
vn -0.6264 0.7733 0.0980
vn -0.6226 0.7766 0.0965
vn -0.8819 -0.4182 -0.2177
vn -0.8193 -0.3637 -0.4432
vn -0.9308 -0.3219 -0.1731
vn -0.9101 -0.3980 -0.1155
vn -0.8397 -0.4907 -0.2326
vn -0.6790 -0.5078 -0.5302
vn -0.5183 -0.6270 -0.5815
vn -0.6173 -0.7275 -0.2995
vn -0.8824 -0.1945 -0.4283
vn -0.6578 -0.0897 -0.7478
vn -0.8785 -0.1232 -0.4615
vn -0.8824 -0.1943 -0.4286
vn -0.8734 -0.1970 -0.4454
vn -0.7530 -0.0888 -0.6520
vn -0.4884 0.0844 -0.8686
vn -0.5922 -0.2594 -0.7629
vn -0.5623 -0.7917 -0.2387
vn -0.8641 -0.1598 -0.4773
vn -0.6551 -0.0759 -0.7517
vn -0.3986 0.2937 -0.8688
vn -0.3925 0.2102 -0.8954
vn -0.9138 0.3661 -0.1759
vn -0.9190 0.2193 -0.3277
vn -0.9236 -0.1991 -0.3277
vn -0.9883 0.0618 -0.1396
vn -0.9537 0.2431 0.1770
vn -0.8545 0.5126 0.0841
vn -0.9258 0.2887 0.2441
vn -0.8416 0.5042 0.1938
vn -0.9545 -0.0560 0.2928
vn -0.7267 0.6726 0.1398
vn -0.7497 0.3293 -0.5741
vn -0.7174 0.3422 -0.6068
vn -0.5782 -0.0405 -0.8149
vn -0.6935 -0.2613 -0.6714
vn -0.9487 0.1416 -0.2827
vn -0.9321 0.1807 -0.3139
vn -0.9569 0.1208 -0.2641
vn -0.9595 0.1123 -0.2584
vn -0.9389 0.0279 -0.3432
vn -0.9398 0.0051 -0.3418
vn -0.9384 0.0355 -0.3437
vn -0.9379 0.0378 -0.3447
vn -0.8745 -0.1081 -0.4728
vn -0.5715 -0.7376 -0.3598
vn -0.5713 -0.7377 -0.3597
vn -0.4854 0.1713 -0.8573
vn -0.9951 -0.0970 -0.0192
vn -0.9578 -0.2874 -0.0010
vn -0.9243 0.3643 0.1139
vn -0.7133 0.7000 0.0342
vn -0.6415 0.7644 -0.0646
vn -0.7265 0.6532 -0.2134
vn -0.9310 -0.1174 -0.3456
vn -0.8949 -0.4424 -0.0589
vn 0.4464 0.7047 -0.5515
vn 0.7452 0.2914 -0.5998
vn 0.5460 0.2207 -0.8082
vn 0.2909 0.5676 -0.7702
vn 0.0365 0.8941 -0.4463
vn -0.0577 0.7335 -0.6772
vn -0.4119 0.8487 -0.3317
vn -0.4678 0.6777 -0.5673
vn -0.7005 0.6772 -0.2253
vn -0.7068 0.5397 -0.4574
vn 0.8120 -0.1053 -0.5741
vn 0.6162 -0.1320 -0.7765
vn 0.3203 0.1403 -0.9369
vn 0.1330 0.4053 -0.9044
vn -0.1359 0.5353 -0.8337
vn -0.4832 0.4830 -0.7302
vn -0.6545 0.4134 -0.6331
vn 0.3645 -0.1540 -0.9184
vn 0.0361 0.0332 -0.9988
vn -0.0877 0.1570 -0.9837
vn -0.2276 0.2193 -0.9487
vn -0.4346 0.1915 -0.8800
vn -0.5060 0.1086 -0.8557
vn 0.0928 -0.1587 -0.9829
vn 0.1392 -0.1214 -0.9828
vn -0.1354 0.0715 -0.9882
vn -0.2637 0.0662 -0.9623
vn -0.4023 0.0351 -0.9148
vn -0.4561 -0.0048 -0.8899
vn -0.4365 -0.0796 -0.8962
vn 0.3710 -0.3955 -0.8402
vn -0.5542 -0.1815 -0.8123
vn -0.6640 -0.0613 -0.7452
vn -0.6266 0.0940 -0.7736
vn -0.4451 0.1444 -0.8837
vn -0.1924 -0.1897 -0.9628
vn -0.2407 0.0779 -0.9675
vn -0.5510 -0.2922 -0.7817
vn -0.6894 -0.2187 -0.6906
vn -0.2239 -0.4246 -0.8772
vn -0.3502 -0.9086 0.2278
vn -0.4003 -0.8618 -0.3116
vn -0.2604 -0.9316 -0.2535
vn -0.2071 -0.9598 0.1896
vn -0.3567 -0.6523 -0.6688
vn -0.4054 -0.5710 -0.7138
vn -0.4158 -0.1254 -0.9008
vn -0.3594 -0.7430 -0.5646
vn -0.3089 -0.7844 -0.5379
vn -0.4159 -0.8672 -0.2738
vn -0.2928 -0.9311 0.2174
vn -0.2550 -0.4874 -0.8352
vn -0.4416 -0.6053 -0.6622
vn -0.6332 -0.4293 -0.6441
vn -0.6629 -0.2918 -0.6895
vn -0.4781 -0.4172 -0.7729
vn -0.3552 -0.6327 -0.6881
vn -0.4874 -0.7055 -0.5145
vn -0.1739 -0.4229 -0.8893
vn -0.8463 0.4205 -0.3271
vn -0.6354 -0.4280 -0.6428
vn -0.2473 -0.3917 -0.8862
vn -0.1794 -0.5657 -0.8049
vn -0.0742 -0.7171 -0.6930
vn -0.7684 -0.5180 -0.3758
vn -0.7527 -0.6569 0.0429
vn -0.0675 -0.4292 -0.9007
vn 0.7302 -0.4390 -0.5235
vn 0.5246 -0.4273 -0.7363
vn 0.2830 -0.4091 -0.8675
vn 0.1381 -0.4048 -0.9039
vn 0.2331 -0.4990 -0.8347
vn 0.6618 -0.5605 -0.4978
vn 0.4774 -0.5045 -0.7194
vn 0.2329 -0.4312 -0.8717
vn 0.0203 -0.4098 -0.9120
vn 0.4647 -0.5473 -0.6961
vn 0.1564 -0.4707 -0.8683
vn -0.1360 -0.3954 -0.9084
vn -0.8470 0.5268 -0.0710
vn 0.0124 0.7689 -0.6392
vn -0.6075 0.6074 -0.5119
vn -0.8163 0.4014 -0.4153
vn 0.8259 0.1745 -0.5361
vn 0.5023 0.6092 -0.6137
vn -0.9805 -0.0482 -0.1904
vn 0.9264 -0.2661 -0.2664
vn -0.9633 -0.1957 -0.1838
vn 0.0342 -0.9993 0.0171
vn 0.8027 -0.5862 0.1097
vn 0.9170 -0.3799 -0.1214
vn -0.5975 -0.7472 0.2910
vn -0.9430 0.3156 -0.1056
vn -0.9330 0.3355 -0.1304
vn 0.6598 -0.5701 -0.4895
vn 0.0318 0.1620 -0.9863
vn 0.8561 0.1149 -0.5039
vn 0.8383 0.4147 0.3539
vn 0.6805 0.6818 -0.2684
vn -0.5375 -0.1530 -0.8293
vn -0.1655 0.4085 -0.8976
vn 0.2546 0.8905 -0.3771
vn -0.0011 0.8390 -0.5442
vn -0.1583 0.8064 -0.5698
vn 0.4059 0.8765 -0.2588
vn 0.4756 0.0249 0.8793
vn 0.1448 0.9762 0.1615
vn 0.0454 -0.4912 0.8698
vn 0.4682 0.4486 0.7613
vn 0.7011 -0.6959 -0.1552
vn 0.9972 0.0184 -0.0722
vn 0.5841 0.0027 0.8117
vn 0.0669 -0.8141 0.5769
vn 0.5839 0.0026 0.8118
vn 0.9972 0.0188 -0.0720
vn 0.7993 0.5390 -0.2659
vn 0.5840 0.7666 0.2669
vn -0.1445 -0.0256 0.9892
vn -0.3591 -0.5424 0.7595
vn -0.1452 -0.0287 0.9890
vn -0.0458 0.6116 0.7898
vn -0.0563 -0.2965 -0.9534
vn -0.3724 0.1111 -0.9214
vn 0.1516 0.5200 -0.8406
vn -0.0745 0.2329 -0.9696
vn 0.3186 0.4914 -0.8106
vn 0.0664 0.7900 -0.6095
vn 0.5865 0.8000 -0.1264
vn 0.6116 0.6770 -0.4095
vn -0.3924 -0.1891 0.9001
vn -0.2506 0.2177 0.9433
vn -0.2974 0.6049 0.7387
vn 0.2217 0.7461 0.6279
vn 0.3636 0.7152 0.5970
vn 0.3827 0.8330 0.3997
vn 0.5667 0.6134 0.5500
vn 0.0319 0.6473 0.7616
vn 0.2925 0.6541 0.6976
vn 0.4839 0.4870 0.7271
vn 0.7240 0.0794 0.6852
vn 0.7030 0.4981 0.5076
vn 0.1340 0.5011 0.8549
vn 0.3392 0.3610 0.8687
vn 0.7817 -0.0682 0.6199
vn 0.6849 -0.0101 0.7285
vn -0.3188 0.4421 0.8384
vn -0.7997 -0.0952 0.5928
vn -0.6214 0.1057 0.7763
vn -0.7391 -0.4704 0.4821
vn -0.6841 0.0811 0.7249
vn -0.0521 0.3733 0.9263
vn -0.4498 -0.0399 0.8922
vn 0.1390 0.1952 0.9709
vn -0.3257 -0.1844 0.9273
vn 0.6552 -0.1313 0.7439
vn 0.6943 0.1308 0.7077
vn -0.3493 -0.4453 0.8244
vn 0.3524 -0.1169 0.9285
vn -0.6131 -0.7020 -0.3623
vn -0.8897 -0.4531 -0.0561
vn -0.8635 -0.4586 0.2099
vn -0.8186 -0.2796 0.5016
vn -0.7858 -0.3348 0.5200
vn -0.8705 -0.4739 0.1325
vn -0.0913 -0.7851 -0.6126
vn -0.6852 -0.6033 -0.4081
vn 0.1901 -0.6619 -0.7250
vn -0.3031 -0.5118 -0.8039
vn -0.6719 -0.4314 0.6021
vn -0.6931 -0.4258 0.5816
vn -0.6023 -0.7719 -0.2034
vn -0.6804 -0.5139 0.5225
vn -0.6788 -0.5485 0.4882
vn -0.7275 -0.6781 -0.1044
vn -0.6969 -0.5596 0.4485
vn -0.6913 -0.5956 0.4091
vn -0.8062 -0.5724 -0.1495
vn 0.3942 -0.4018 -0.8266
vn 0.1694 -0.2946 -0.9405
vn -0.2016 -0.3538 -0.9133
vn -0.3722 -0.5205 -0.7685
vn -0.2834 -0.6618 -0.6941
vn -0.4446 -0.4929 -0.7479
vn -0.2274 -0.6260 -0.7460
vn -0.4430 -0.4961 -0.7468
vn -0.4080 -0.4514 -0.7936
vn -0.4957 -0.2656 -0.8269
vn -0.2986 -0.3430 -0.8906
vn -0.2436 -0.6164 -0.7488
vn -0.4344 -0.3589 -0.8262
vn -0.4800 -0.5869 -0.6520
vn -0.5544 -0.4686 -0.6878
vn 0.1999 -0.0711 -0.9772
vn 0.4866 -0.2076 -0.8486
vn -0.2065 -0.6040 -0.7698
vn 0.0235 -0.5818 -0.8130
vn -0.1662 -0.1575 -0.9734
vn -0.3172 -0.1580 -0.9351
vn -0.5370 -0.3370 -0.7733
vn -0.3335 -0.1527 -0.9303
vn -0.6505 0.6432 -0.4038
vn 0.1371 0.7510 -0.6459
vn 0.3312 0.2474 -0.9106
vn -0.5089 -0.1584 -0.8461
vn -0.9778 0.1326 0.1624
vn -0.8911 -0.4524 -0.0350
vn -0.8865 -0.4592 -0.0565
vn -0.5079 -0.1615 -0.8462
vn -0.0776 -0.7186 -0.6911
vn -0.5636 -0.8189 -0.1082
vn 0.3227 0.2340 -0.9171
vn 0.4739 -0.2310 -0.8498
vn -0.7236 0.6695 -0.1681
vn -0.0093 0.7753 -0.6316
vn 0.0866 0.2571 -0.9625
vn -0.7370 -0.1538 -0.6582
vn -0.8607 0.1504 0.4865
vn -0.8535 -0.4497 0.2633
vn -0.8532 -0.4591 0.2476
vn -0.7354 -0.1617 -0.6580
vn -0.2617 -0.7344 -0.6263
vn -0.5522 -0.8281 0.0968
vn 0.0764 0.2358 -0.9688
vn 0.2399 -0.2365 -0.9416
vn -0.8016 0.5788 -0.1498
vn -0.0926 0.7998 -0.5931
vn 0.0883 0.3040 -0.9486
vn -0.6934 -0.2516 -0.6752
vn -0.8596 0.0322 0.5100
vn -0.7662 -0.5845 0.2670
vn -0.7645 -0.5886 0.2628
vn -0.6934 -0.2517 -0.6751
vn -0.1105 -0.7671 -0.6319
vn -0.4039 -0.9087 0.1055
vn 0.0920 0.2895 -0.9527
vn 0.3247 -0.1601 -0.9322
vn -0.9164 -0.0371 -0.3986
vn -0.3234 0.4082 -0.8537
vn 0.1615 0.0256 -0.9865
vn -0.2909 -0.7671 -0.5718
vn -0.8497 -0.3293 0.4117
vn -0.4255 -0.7999 0.4231
vn -0.4197 -0.8047 0.4199
vn -0.2888 -0.7673 -0.5726
vn 0.4497 -0.8391 -0.3060
vn 0.0947 -0.9055 0.4137
vn 0.1668 0.0191 -0.9858
vn 0.5836 -0.2030 -0.7862
vn 0.3456 0.2835 -0.8945
vn -0.5454 -0.0029 -0.8382
vn -0.9141 -0.3784 -0.1457
vn -0.9828 -0.1843 0.0060
vn -0.6371 0.3813 -0.6699
vn -0.6219 0.6169 -0.4823
vn -0.9898 -0.0449 0.1355
vn 0.2859 0.5286 -0.7993
vn 0.3035 0.6555 -0.6915
vn -0.7383 -0.5315 0.4153
vn -0.7177 -0.5343 0.4465
vn -0.2296 -0.4924 0.8395
vn -0.1680 -0.6127 0.7722
vn -0.7452 -0.4832 0.4596
vn -0.7454 -0.4643 0.4784
vn -0.2140 -0.7331 0.6455
vn -0.7522 -0.4619 0.4698
vn -0.7573 -0.4760 0.4472
vn 0.4724 -0.2215 0.8531
vn 0.9608 0.1972 0.1948
vn 0.9977 0.0607 0.0303
vn 0.5890 -0.4567 0.6667
vn 0.6298 -0.6120 0.4784
vn 0.9942 -0.0160 -0.1061
vn 0.4981 -0.8361 -0.2298
vn 0.8238 0.3304 -0.4605
vn 0.5428 -0.8051 -0.2393
vn 0.8108 0.3313 -0.4826
vn 0.7602 0.4177 -0.4976
vn 0.7621 0.4159 -0.4962
vn 0.7784 0.4031 -0.4813
vn 0.7774 0.4134 -0.4740
vn 0.1991 0.0043 -0.9800
vn -0.6655 -0.2109 -0.7160
vn -0.8626 -0.5059 -0.0026
vn -0.9005 -0.3874 0.1974
vn -0.7835 0.0813 -0.6161
vn -0.8248 0.3036 -0.4771
vn -0.9096 -0.2673 0.3181
vn 0.1116 0.4188 -0.9012
vn 0.0646 0.5412 -0.8384
vn -0.5780 -0.7008 0.4180
vn -0.3454 -0.7159 0.6068
vn 0.2494 -0.5662 0.7856
vn 0.7461 0.0320 0.6650
vn 0.9193 0.3728 -0.1265
vn 0.9474 0.2486 -0.2015
vn 0.7836 -0.2062 0.5861
vn 0.7960 -0.4041 0.4507
vn 0.9528 0.1120 -0.2821
vn -0.0059 -0.4944 0.8692
vn -0.0115 -0.6040 0.7969
vn 0.5607 -0.8079 -0.1815
vn 0.6182 0.3748 -0.6909
vn 0.5785 -0.8004 -0.1570
vn 0.7094 0.3382 -0.6184
vn 0.5966 0.4258 -0.6803
vn 0.6043 0.4111 -0.6825
vn 0.6125 0.4108 -0.6753
vn 0.5995 0.4273 -0.6768
vn 0.1030 0.3142 -0.9438
vn -0.6401 -0.2270 -0.7340
vn -0.7600 -0.6451 0.0794
vn -0.8527 -0.4740 0.2197
vn -0.7916 0.0403 -0.6098
vn -0.8483 0.2878 -0.4446
vn -0.8998 -0.3132 0.3038
vn 0.0463 0.4775 -0.8774
vn -0.0095 0.6072 -0.7945
vn -0.5187 -0.6329 0.5748
vn -0.2938 -0.6471 0.7035
vn 0.1529 -0.4658 0.8716
vn 0.7815 -0.0707 0.6198
vn 0.9727 0.2285 -0.0417
vn 0.9056 0.3710 -0.2057
vn 0.8297 -0.1031 0.5486
vn 0.8511 -0.3253 0.4121
vn 0.9259 0.2398 -0.2919
vn 0.0528 -0.5269 0.8483
vn 0.0712 -0.6491 0.7574
vn 0.8046 -0.5886 -0.0788
vn 0.7384 0.5170 -0.4329
vn 0.5610 -0.8271 0.0346
vn 0.5693 0.4972 -0.6548
vn 0.5361 0.5187 -0.6659
vn 0.5483 0.5197 -0.6552
vn 0.5539 0.5193 -0.6508
vn 0.5378 0.5198 -0.6638
vn -0.1027 0.1943 -0.9756
vn -0.5364 -0.4336 -0.7241
vn -0.6666 -0.7356 0.1209
vn -0.6906 -0.6326 0.3504
vn -0.7669 -0.2691 -0.5826
vn -0.8731 -0.1011 -0.4770
vn -0.7638 -0.5100 0.3956
vn -0.1604 0.2670 -0.9503
vn -0.1894 0.3704 -0.9093
vn -0.3225 -0.6300 0.7064
vn -0.2753 -0.6920 0.6674
vn 0.1993 -0.2944 0.9347
vn 0.7615 0.4071 0.5043
vn 0.6978 0.6600 -0.2785
vn 0.7525 0.5766 -0.3182
vn 0.8346 0.2949 0.4652
vn 0.8958 0.1098 0.4307
vn 0.8031 0.4714 -0.3645
vn 0.2416 -0.2714 0.9317
vn 0.2659 -0.3728 0.8890
vn 0.3389 0.5275 -0.7790
vn 0.3290 0.5186 -0.7892
vn 0.3277 0.5118 -0.7942
vn 0.3604 0.5119 -0.7798
vn 0.3687 0.5119 -0.7759
vn 0.3287 0.5148 -0.7917
vn -0.5766 -0.4741 0.6654
vn -0.5891 -0.5165 0.6215
vn -0.5664 -0.5119 0.6458
vn -0.5674 -0.4829 0.6669
vn -0.5106 -0.5686 0.6450
vn -0.5153 -0.6041 0.6079
vn -0.5032 -0.5858 0.6353
vn -0.5066 -0.5683 0.6484
vn -0.3190 -0.5398 0.7790
vn -0.3143 -0.5607 0.7661
vn -0.3088 -0.5668 0.7638
vn -0.3144 -0.5376 0.7824
vn -0.6196 0.6471 -0.4441
vn 0.3188 0.7030 -0.6358
vn 0.3084 0.7574 -0.5756
vn -0.6195 0.7148 -0.3245
vn -0.9872 0.0041 0.1592
vn -0.9669 0.0418 0.2518
vn -0.7598 -0.4287 0.4888
vn -0.7608 -0.4376 0.4793
vn -0.2440 -0.7537 0.6102
vn -0.7490 -0.4476 0.4885
vn -0.7481 -0.4441 0.4930
vn -0.2320 -0.7976 0.5568
vn 0.5988 -0.7535 0.2714
vn 0.6176 -0.6765 0.4010
vn 0.9860 -0.0623 -0.1549
vn 0.9630 -0.1256 -0.2386
vn 0.7686 0.4039 -0.4962
vn 0.7749 0.4116 -0.4797
vn 0.7587 0.4287 -0.4904
vn 0.7579 0.4168 -0.5019
vn -0.8228 0.4405 -0.3591
vn 0.0762 0.6147 -0.7851
vn 0.1861 0.7528 -0.6314
vn -0.6132 0.7895 -0.0267
vn -0.9078 -0.1578 0.3886
vn -0.7291 0.0521 0.6824
vn -0.6016 -0.4037 0.6893
vn -0.5766 -0.4623 0.6737
vn 0.0336 -0.6659 0.7453
vn -0.5528 -0.4754 0.6844
vn -0.5765 -0.4364 0.6909
vn -0.0138 -0.7803 0.6252
vn 0.7260 -0.6709 0.1508
vn 0.7844 -0.5075 0.3566
vn 0.9479 0.0156 -0.3181
vn 0.8798 -0.0966 -0.4654
vn 0.5874 0.3928 -0.7075
vn 0.6190 0.4075 -0.6715
vn 0.6017 0.4214 -0.6785
vn 0.5653 0.4262 -0.7063
vn -0.8464 0.4124 -0.3368
vn -0.0003 0.6737 -0.7390
vn 0.0874 0.8091 -0.5811
vn -0.7402 0.6712 -0.0402
vn -0.8974 -0.2399 0.3703
vn -0.7849 -0.0697 0.6156
vn -0.5473 -0.5015 0.6700
vn -0.5174 -0.5552 0.6512
vn 0.1153 -0.7132 0.6914
vn -0.4995 -0.5612 0.6599
vn -0.5229 -0.5257 0.6710
vn 0.0604 -0.8287 0.5564
vn 0.7623 -0.6438 0.0666
vn 0.8409 -0.4528 0.2966
vn 0.9367 0.1274 -0.3262
vn 0.8691 0.0024 -0.4946
vn 0.5228 0.5083 -0.6844
vn 0.5621 0.5123 -0.6494
vn 0.5472 0.5244 -0.6523
vn 0.5034 0.5272 -0.6846
vn -0.9099 -0.0062 -0.4147
vn -0.2094 0.4267 -0.8798
vn -0.2358 0.4917 -0.8382
vn -0.9382 0.1245 -0.3228
vn -0.7878 -0.4411 0.4298
vn -0.8022 -0.3455 0.4869
vn -0.3486 -0.5117 0.7853
vn -0.3263 -0.5222 0.7879
vn 0.2944 -0.4182 0.8593
vn -0.3172 -0.5219 0.7918
vn -0.3363 -0.5132 0.7896
vn 0.2738 -0.4828 0.8319
vn 0.9332 -0.0930 0.3471
vn 0.9195 0.0087 0.3931
vn 0.8313 0.4109 -0.3743
vn 0.8313 0.3452 -0.4356
vn 0.3481 0.4967 -0.7950
vn 0.3736 0.5134 -0.7726
vn 0.3625 0.5122 -0.7786
vn 0.3444 0.4993 -0.7951
vn -0.4377 0.8945 0.0914
vn 0.4001 0.8188 -0.4117
vn 0.3370 0.8678 -0.3651
vn -0.4203 0.8950 0.1492
vn -0.8682 0.1241 0.4805
vn -0.8631 0.1659 0.4770
vn -0.7430 -0.4391 0.5052
vn -0.7804 -0.4455 0.4388
vn -0.2759 -0.8895 0.3643
vn -0.7395 -0.4521 0.4987
vn -0.7826 -0.4527 0.4273
vn -0.4109 -0.8891 0.2018
vn 0.4798 -0.8768 -0.0310
vn 0.3192 -0.9054 -0.2799
vn 0.8738 -0.2315 -0.4276
vn 0.7532 -0.2290 -0.6166
vn 0.7610 0.3868 -0.5209
vn 0.6879 0.3874 -0.6138
vn 0.7514 0.3972 -0.5269
vn 0.6925 0.3971 -0.6023
vn -0.1275 0.9050 0.4059
vn 0.3201 0.8477 -0.4230
vn 0.2707 0.8707 -0.4106
vn -0.2717 0.9092 0.3154
vn -0.4693 0.2424 0.8491
vn -0.6343 0.1950 0.7481
vn -0.5666 -0.4033 0.7186
vn -0.6063 -0.4284 0.6700
vn -0.1433 -0.9140 0.3796
vn -0.5465 -0.4789 0.6870
vn -0.6088 -0.4469 0.6555
vn -0.3368 -0.8858 0.3193
vn 0.4696 -0.8674 -0.1645
vn 0.2086 -0.9097 -0.3591
vn 0.7046 -0.2777 -0.6530
vn 0.5299 -0.2393 -0.8136
vn 0.5853 0.3443 -0.7341
vn 0.4867 0.3797 -0.7867
vn 0.5473 0.4085 -0.7305
vn 0.4971 0.4071 -0.7663
vn -0.3832 0.8506 0.3600
vn 0.1781 0.9050 -0.3863
vn 0.1065 0.9148 -0.3896
vn -0.4480 0.8347 0.3203
vn -0.5890 0.1094 0.8007
vn -0.6767 0.0735 0.7325
vn -0.5048 -0.5115 0.6954
vn -0.5397 -0.5293 0.6546
vn -0.0619 -0.9328 0.3551
vn -0.4860 -0.5536 0.6762
vn -0.5413 -0.5394 0.6450
vn -0.2114 -0.9302 0.3001
vn 0.5323 -0.8160 -0.2255
vn 0.3433 -0.8613 -0.3746
vn 0.7201 -0.1469 -0.6782
vn 0.5756 -0.1267 -0.8079
vn 0.5275 0.4598 -0.7144
vn 0.4400 0.4768 -0.7610
vn 0.4976 0.4971 -0.7109
vn 0.4489 0.4887 -0.7481
vn -0.8753 0.4790 -0.0659
vn -0.2030 0.6441 -0.7375
vn -0.2514 0.6602 -0.7078
vn -0.8666 0.4951 -0.0624
vn -0.7631 -0.1338 0.6322
vn -0.7911 -0.1180 0.6002
vn -0.3316 -0.4992 0.8005
vn -0.3546 -0.5328 0.7684
vn 0.3140 -0.6466 0.6952
vn -0.3072 -0.5139 0.8010
vn -0.3497 -0.5391 0.7662
vn 0.2175 -0.7573 0.6158
vn 0.9135 -0.3758 0.1559
vn 0.8088 -0.5881 -0.0001
vn 0.8456 0.1220 -0.5197
vn 0.7544 -0.0078 -0.6564
vn 0.3718 0.4653 -0.8032
vn 0.3152 0.4072 -0.8572
vn 0.3579 0.4671 -0.8085
vn 0.3168 0.4189 -0.8510
vn -0.3409 -0.1314 -0.9309
vn -0.3182 -0.7851 -0.5314
vn 0.4430 0.8924 0.0857
vn 0.2067 0.8561 -0.4736
vn 0.4350 0.8898 -0.1376
vn 0.3951 0.7139 -0.5782
vn 0.0134 0.5474 -0.8367
vn 0.0608 0.7601 -0.6469
vn 0.3329 0.4289 -0.8398
vn -0.1591 -0.4655 -0.8706
vn 0.3023 0.4175 -0.8569
vn -0.8518 -0.4427 -0.2800
vn -0.5288 -0.7062 0.4708
vn -0.1060 0.8775 -0.4678
vn -0.7282 -0.6292 0.2716
vn 0.1099 0.5966 0.7950
vn -0.4013 -0.9090 -0.1128
vn -0.4128 -0.9079 -0.0722
vn 0.0165 -0.4577 -0.8890
vn 0.2313 -0.5149 -0.8255
vn -0.3664 -0.9301 0.0256
vn 0.3824 0.6264 -0.6793
vn 0.3884 0.9020 -0.1885
vn 0.4044 0.8957 -0.1852
vn 0.4647 0.6388 -0.6131
vn 0.3272 0.2884 -0.8999
vn 0.4708 0.2435 -0.8480
vn 0.3303 0.2914 -0.8978
vn 0.4699 0.2435 -0.8485
vn -0.3918 -0.7856 0.4789
vn -0.4858 -0.6814 0.5475
vn -0.2651 -0.3023 0.9156
vn -0.2808 -0.4670 0.8385
vn 0.0508 0.5474 0.8353
vn 0.3556 -0.6041 -0.7132
vn 0.4851 -0.7188 -0.4980
vn -0.2551 -0.9404 0.2251
vn -0.3335 -0.9370 0.1041
vn 0.4021 0.9048 -0.1400
vn 0.4318 0.8875 -0.1607
vn 0.6467 0.5613 -0.5165
vn 0.5378 0.6155 -0.5762
vn 0.5893 0.1900 -0.7853
vn 0.7113 0.1124 -0.6938
vn 0.5931 0.1959 -0.7809
vn 0.7140 0.1176 -0.6902
vn -0.5273 -0.6006 0.6010
vn -0.5255 -0.6383 0.5626
vn -0.4845 -0.1907 0.8537
vn -0.5330 -0.1169 0.8380
vn -0.0376 0.6698 0.7416
vn -0.4843 -0.2487 0.8388
vn -0.5221 -0.1424 0.8409
vn -0.0974 0.7252 0.6816
vn -0.3858 -0.3213 0.8648
vn -0.3889 -0.3596 0.8482
vn 0.0604 0.2844 0.9568
vn -0.5284 -0.0036 0.8490
vn -0.4924 0.0530 0.8687
vn 0.1438 0.4102 0.9006
vn -0.8735 -0.3533 0.3350
vn -0.8277 -0.2564 0.4992
vn -0.6647 -0.6033 -0.4406
vn -0.9343 -0.2821 0.2178
vn -0.7441 -0.4177 -0.5214
vn 0.0721 -0.5691 -0.8191
vn -0.0397 -0.4167 -0.9082
vn 0.5980 -0.3449 -0.7235
vn 0.5875 -0.2460 -0.7709
vn 0.9590 0.0184 -0.2828
vn 0.5998 -0.3448 -0.7220
vn 0.6125 -0.2109 -0.7618
vn 0.9559 0.1793 -0.2325
vn 0.8265 0.3644 0.4291
vn 0.8108 0.4304 0.3967
vn 0.1300 0.3394 0.9316
vn -0.5427 0.0057 0.8399
vn -0.9956 0.0170 0.0918
vn -0.8315 -0.0109 -0.5554
vn -0.2218 -0.1345 -0.9658
vn 0.5204 -0.1419 -0.8421
vn 0.6274 -0.1355 -0.7668
vn 0.8784 0.4556 -0.1445
vn 0.6717 0.6627 0.3312
vn 0.1783 0.5099 0.8416
vn -0.5845 0.0865 0.8068
vn -0.6982 0.5190 -0.4930
vn -0.8617 0.4862 0.1451
vn -0.7032 0.6515 0.2845
vn -0.5376 0.7170 -0.4437
vn -0.1657 0.2815 -0.9452
vn 0.0520 0.4213 -0.9054
vn 0.4847 -0.1996 -0.8516
vn 0.5677 -0.1114 -0.8157
vn 0.9962 0.0376 -0.0781
vn 0.6311 -0.1667 -0.7575
vn 0.6033 -0.1982 -0.7725
vn 0.5987 -0.7686 -0.2253
vn 0.8736 -0.1602 0.4596
vn 0.2738 -0.9484 0.1599
vn 0.0600 0.1663 0.9842
vn -0.0254 -0.5447 0.8382
vn -0.5563 0.2478 0.7932
vn -0.4495 0.2310 0.8629
vn -0.4985 0.7517 -0.4319
vn -0.6895 0.6345 0.3494
vn -0.7074 0.5852 0.3964
vn -0.5112 0.7577 -0.4057
vn 0.0996 0.3791 -0.9200
vn 0.0706 0.3276 -0.9422
vn 0.5205 -0.1598 -0.8388
vn 0.4453 -0.2088 -0.8707
vn 0.5200 -0.7703 -0.3691
vn 0.5261 -0.1905 -0.8288
vn 0.4475 -0.2162 -0.8678
vn 0.5162 -0.7167 -0.4689
vn 0.2641 -0.9507 0.1625
vn 0.2585 -0.9499 0.1757
vn -0.1708 -0.5093 0.8435
vn -0.2780 -0.4768 0.8339
vn -0.4934 0.1681 0.8534
vn -0.5621 0.1158 0.8189
vn -0.7223 0.5595 0.4065
vn -0.4724 0.8132 -0.3400
vn 0.0906 0.3914 -0.9157
vn 0.4870 -0.1852 -0.8536
vn 0.4885 -0.1858 -0.8526
vn 0.6302 -0.6436 -0.4343
vn 0.4294 -0.8905 0.1503
vn -0.2817 -0.5499 0.7863
vn -0.6394 0.0626 0.7663
vn -0.7525 0.5033 0.4248
vn -0.4741 0.8536 -0.2159
vn 0.1115 0.5639 -0.8183
vn 0.5094 -0.0689 -0.8577
vn 0.5140 -0.0644 -0.8553
vn 0.6613 -0.6378 -0.3948
vn 0.4811 -0.8586 0.1771
vn -0.2490 -0.5393 0.8045
vn -0.6487 0.0022 0.7610
vn -0.7335 0.4848 0.4763
vn -0.5635 0.8231 -0.0706
vn 0.0530 0.7143 -0.6978
vn 0.4896 0.0299 -0.8714
vn 0.4772 0.0977 -0.8733
vn 0.5637 -0.7055 -0.4296
vn 0.4082 -0.9124 0.0306
vn -0.2182 -0.6757 0.7041
vn -0.5983 -0.0294 0.8007
vn -0.0587 0.4757 -0.8777
vn -0.0398 0.4992 -0.8656
vn 0.6677 0.2803 -0.6897
vn 0.6479 0.2709 -0.7119
vn 0.9656 -0.0956 -0.2420
vn 0.9683 -0.1077 -0.2252
vn 0.8728 -0.4228 0.2441
vn 0.8573 -0.4626 0.2260
vn 0.5757 -0.6234 0.5290
vn 0.8743 -0.4050 0.2674
vn 0.8516 -0.4705 0.2311
vn 0.5738 -0.6693 0.4721
vn 0.0667 -0.7435 0.6654
vn 0.0438 -0.7912 0.6099
vn -0.4795 -0.6878 0.5451
vn -0.4263 -0.6714 0.6062
vn -0.8114 -0.4159 0.4106
vn -0.8597 -0.4138 0.2996
vn -0.9949 -0.0118 -0.0997
vn -0.9993 0.0072 -0.0377
vn -0.8721 0.2755 -0.4045
vn -0.8683 0.2604 -0.4223
vn -0.5907 0.4302 -0.6827
vn -0.8680 0.2893 -0.4036
vn -0.8657 0.2638 -0.4254
vn -0.5908 0.4370 -0.6782
vn -0.0083 0.5933 -0.8049
vn 0.6928 0.3821 -0.6115
vn 0.9831 -0.0221 -0.1817
vn 0.8657 -0.4302 0.2560
vn 0.8624 -0.4364 0.2567
vn 0.5667 -0.6620 0.4905
vn 0.0165 -0.7920 0.6102
vn -0.5004 -0.6900 0.5230
vn -0.8568 -0.4313 0.2828
vn -0.9945 -0.0206 -0.1027
vn -0.8709 0.2763 -0.4064
vn -0.8682 0.2772 -0.4115
vn -0.5772 0.4948 -0.6496
vn -0.0199 0.6672 -0.7446
vn 0.7027 0.4650 -0.5386
vn 0.9937 0.0089 -0.1118
vn 0.8586 -0.4211 0.2922
vn 0.8534 -0.4306 0.2939
vn 0.8505 -0.4361 0.2941
vn 0.5366 -0.6676 0.5160
vn -0.0212 -0.7814 0.6237
vn -0.5119 -0.6768 0.5291
vn -0.8501 -0.4335 0.2988
vn -0.9954 -0.0450 -0.0840
vn -0.8877 0.2559 -0.3828
vn -0.8808 0.2723 -0.3875
vn -0.8804 0.2820 -0.3813
vn -0.5965 0.5235 -0.6084
vn 0.1625 0.9847 -0.0632
vn -0.2568 -0.0622 0.9644
vn -0.1749 0.3375 0.9249
vn 0.5142 0.8488 0.1232
vn 0.8192 0.5441 0.1812
vn -0.1167 0.2095 0.9708
vn 0.9514 -0.1981 0.2358
vn 0.7732 -0.5760 0.2651
vn 0.5107 -0.5478 0.6626
vn 0.8609 -0.3709 0.3482
vn 0.8052 -0.5008 0.3175
vn 0.4857 -0.4178 0.7678
vn -0.0710 -0.5124 0.8558
vn -0.0427 -0.2390 0.9701
vn -0.4195 -0.0441 0.9067
vn -0.4990 -0.3421 0.7962
vn -0.8073 -0.1527 0.5700
vn -0.7000 0.1463 0.6990
vn -0.9041 0.3461 0.2507
vn -0.9899 0.1084 0.0916
vn -0.9169 0.2494 -0.3117
vn -0.9045 0.3279 -0.2726
vn -0.3975 0.8331 -0.3845
vn -0.8462 0.3222 -0.4244
vn -0.8484 0.3817 -0.3667
vn -0.2118 0.9014 -0.3778
vn -0.7125 -0.6535 -0.2554
vn -0.4907 -0.4264 -0.7599
vn 0.0436 -0.8423 -0.5373
vn -0.2966 -0.9550 -0.0031
vn 0.0490 -0.9947 0.0900
vn 0.4586 -0.8798 -0.1251
vn 0.7494 -0.5591 0.3546
vn 0.7156 -0.5816 0.3868
vn 0.5978 -0.2331 0.7670
vn 0.7737 -0.5169 0.3664
vn 0.7042 -0.5690 0.4246
vn 0.6540 -0.1945 0.7310
vn 0.1887 0.1291 0.9735
vn 0.3246 0.2767 0.9045
vn -0.0477 0.5788 0.8141
vn -0.2002 0.3840 0.9014
vn -0.5151 0.5476 0.6594
vn -0.3901 0.7222 0.5712
vn -0.7189 0.6878 0.1003
vn -0.7815 0.5956 0.1860
vn -0.8310 0.4694 -0.2985
vn -0.8353 0.4529 -0.3118
vn -0.8278 -0.1143 -0.5492
vn -0.8273 0.4405 -0.3485
vn -0.8356 0.4410 -0.3274
vn -0.7820 0.0774 -0.6185
vn -0.4533 -0.3723 -0.8099
vn 0.0538 -0.7996 -0.5982
vn 0.4115 -0.9032 -0.1223
vn 0.5793 -0.6659 0.4701
vn 0.5881 -0.6232 0.5154
vn 0.5891 -0.1968 0.7837
vn 0.3395 0.3254 0.8825
vn 0.0271 0.6524 0.7574
vn -0.3019 0.8032 0.5136
vn -0.6591 0.7505 0.0471
vn -0.7917 0.5018 -0.3485
vn -0.7976 0.4922 -0.3487
vn -0.7478 0.1274 -0.6515
vn -0.4488 -0.3822 -0.8078
vn -0.0623 -0.8182 -0.5715
vn 0.3701 -0.9285 -0.0286
vn 0.4850 -0.7153 0.5031
vn 0.4978 -0.5862 0.6392
vn 0.4598 -0.1953 0.8663
vn 0.2470 0.3908 0.8867
vn 0.0037 0.7143 0.6998
vn -0.2395 0.8526 0.4644
vn -0.5858 0.8104 -0.0069
vn -0.7356 0.5463 -0.4005
vn -0.7382 0.5408 -0.4033
vn -0.7124 0.1704 -0.6807
vn -0.4750 -0.3889 -0.7894
vn -0.5842 -0.2736 -0.7641
vn -0.2202 -0.7101 -0.6688
vn -0.2068 -0.7910 -0.5758
vn 0.4132 -0.9044 -0.1065
vn 0.5115 -0.8373 -0.1931
vn 0.4717 -0.7530 0.4588
vn 0.5293 -0.7648 0.3673
vn 0.4471 -0.2687 0.8532
vn 0.4410 -0.6603 0.6079
vn 0.7176 -0.4561 0.5263
vn 0.4354 -0.0511 0.8988
vn 0.1589 0.4408 0.8834
vn 0.2042 0.7294 0.6529
vn 0.0655 0.8753 0.4792
vn -0.0365 0.7223 0.6906
vn -0.1690 0.8819 0.4401
vn -0.0105 0.9413 0.3373
vn -0.3726 0.9279 -0.0078
vn -0.4946 0.8690 0.0134
vn -0.7291 0.1643 -0.6644
vn -0.7389 0.5550 -0.3820
vn -0.7276 0.5993 -0.3336
vn -0.7616 0.2317 -0.6052
vn 0.0357 0.7338 -0.6784
vn 0.6980 0.5825 -0.4165
vn 0.9814 0.1678 -0.0928
vn 0.8855 -0.3529 0.3021
vn 0.5477 -0.5807 0.6024
vn 0.8586 -0.3997 0.3209
vn -0.0163 -0.6115 0.7911
vn -0.4973 -0.4702 0.7291
vn -0.8413 -0.2803 0.4623
vn -0.9996 0.0020 -0.0295
vn -0.8993 0.1869 -0.3954
vn -0.5562 0.5072 -0.6584
vn -0.8695 0.2149 -0.4448
vn -0.6292 0.1330 -0.7657
vn -0.6767 0.1832 -0.7131
vn -0.2430 0.0653 -0.9678
vn -0.1692 -0.0156 -0.9855
vn 0.0627 -0.0704 -0.9955
vn 0.0702 0.0687 -0.9952
vn -0.6773 -0.7299 0.0921
vn -0.8142 -0.5202 0.2578
vn -0.9354 -0.3380 0.1039
vn -0.8525 -0.5129 0.1013
vn -0.9918 0.0829 -0.0973
vn -0.9953 0.0798 -0.0544
vn -0.8546 0.2377 -0.4617
vn -0.9526 0.2737 -0.1329
vn -0.9933 0.0515 -0.1039
vn -0.8929 0.2126 -0.3969
vn -0.6959 0.2590 -0.6698
vn -0.2982 0.3115 -0.9022
vn 0.0847 0.3140 -0.9456
vn -0.8174 -0.1338 0.5604
vn -0.9694 -0.0376 0.2425
vn -0.9962 0.0421 -0.0764
vn -0.9966 0.0318 -0.0754
vn -0.9175 0.1643 -0.3621
vn -0.6643 0.3892 -0.6381
vn -0.2713 0.4838 -0.8321
vn 0.0939 0.4833 -0.8704
vn -0.6516 0.3338 0.6812
vn -0.9437 0.1268 0.3056
vn -0.9842 0.1769 -0.0007
vn -0.9851 0.1718 0.0110
vn -0.9122 0.2529 -0.3225
vn -0.7006 0.4597 -0.5457
vn -0.2577 0.5553 -0.7907
vn 0.0900 0.5778 -0.8112
vn -0.6403 0.2340 0.7316
vn -0.9347 0.1231 0.3336
vn -0.7633 0.6395 0.0913
vn -0.8220 0.5168 0.2392
vn -0.8751 0.4711 -0.1109
vn -0.8226 0.2742 -0.4982
vn -0.2517 0.5249 -0.8131
vn 0.0809 0.5560 -0.8272
vn 0.0824 0.6035 -0.7931
vn -0.8948 -0.1488 0.4209
vn -0.9180 0.2728 0.2877
vn -0.8058 0.5919 -0.0175
vn -0.7376 0.5616 0.3748
vn -0.9614 0.2703 -0.0516
vn -0.8187 0.2058 -0.5361
vn -0.2780 0.5599 -0.7805
vn 0.0597 0.6069 -0.7925
vn -0.9609 0.0107 0.2766
vn -0.9361 0.3397 0.0919
vn -0.9048 0.3689 -0.2126
vn -0.9392 0.2001 0.2790
vn -0.9782 -0.1198 0.1696
vn -0.9795 -0.0124 -0.2009
vn -0.7541 0.3463 -0.5580
vn -0.2312 0.6858 -0.6901
vn 0.0312 0.7236 -0.6896
vn -0.9757 0.0510 0.2131
vn -0.9917 0.1284 0.0120
vn -0.9883 0.0003 -0.1525
vn -0.9921 0.0934 -0.0840
vn -0.9064 -0.4144 0.0821
vn -0.1640 -0.7641 -0.6238
vn -0.9713 -0.2375 0.0153
vn -0.6986 0.2959 0.6514
vn -0.9478 0.2086 0.2412
vn 0.0423 -0.0428 -0.9982
vn -0.5345 0.5475 -0.6438
vn -0.4748 0.8200 -0.3197
vn -0.1310 0.8829 -0.4510
vn -0.1599 0.6818 -0.7138
vn 0.0461 0.7029 -0.7098
vn 0.0131 0.8756 -0.4828
vn -0.8369 -0.0274 0.5466
vn -0.5954 -0.0064 0.8034
vn -0.7328 0.0268 0.6799
vn -0.8907 -0.3215 0.3214
vn -0.3080 0.9503 -0.0451
vn -0.0835 0.9764 -0.1990
vn 0.0022 0.9707 -0.2401
vn -0.4193 0.1588 0.8938
vn -0.6139 0.3628 0.7010
vn -0.8003 0.4851 0.3525
vn -0.6992 0.6211 0.3540
vn -0.6106 0.7836 -0.1148
vn -0.6857 0.4191 0.5951
vn -0.6386 0.4932 0.5908
vn -0.4926 0.8549 0.1628
vn -0.2471 0.9062 -0.3432
vn -0.0428 0.9294 -0.3665
vn 0.0419 0.9294 -0.3668
vn -0.6612 0.3909 0.6403
vn -0.5361 0.6952 0.4789
vn -0.4961 0.8550 0.1510
vn -0.4248 0.6755 0.6028
vn -0.4106 0.8446 0.3436
vn -0.3670 0.9298 -0.0295
vn -0.5792 -0.1432 -0.8025
vn -0.6589 0.0146 -0.7521
vn -0.2296 -0.2907 -0.9289
vn -0.1509 -0.5215 -0.8398
vn 0.0959 -0.6389 -0.7633
vn -0.2163 -0.3267 -0.9200
vn 0.1202 -0.3818 -0.9164
vn 0.1639 -0.4778 -0.8630
vn 0.0932 0.5649 -0.8199
vn -0.1365 -0.7730 -0.6195
vn -0.0685 -0.8080 -0.5851
vn 0.7183 0.2544 -0.6476
vn 0.8208 0.4489 -0.3534
vn -0.2607 -0.8988 -0.3525
vn -0.0075 0.9967 0.0805
vn -0.0000 0.9836 -0.1805
vn -0.7972 0.2230 -0.5610
vn -0.7150 0.6011 -0.3570
vn -0.8444 0.4723 -0.2528
vn -0.8435 0.2406 -0.4802
vn -0.9413 -0.1437 0.3056
vn -0.5857 0.2569 -0.7687
vn -0.1770 0.5819 -0.7938
vn 0.0477 0.6587 -0.7509
vn -0.5922 0.7964 -0.1225
vn -0.7279 0.3543 0.5871
vn -0.7809 0.4712 0.4101
vn -0.6659 -0.2764 0.6930
vn -0.6944 -0.7115 0.1076
vn 0.1928 -0.9792 -0.0636
vn 0.2151 -0.8618 -0.4594
vn 0.3047 -0.8372 -0.4542
vn 0.3290 0.2567 -0.9088
vn -0.1551 0.6522 -0.7420
vn -0.4292 0.5771 -0.6948
vn -0.6698 0.7224 -0.1715
vn -0.8009 0.5976 -0.0376
vn -0.7055 0.6158 -0.3509
vn -0.6242 0.7452 -0.2346
vn 0.5438 0.0898 -0.8344
vn 0.4632 0.1906 -0.8655
vn -0.1950 0.2697 -0.9430
vn -0.0778 0.2429 -0.9669
vn 0.9420 -0.0062 -0.3356
vn 0.8709 0.1364 -0.4721
vn 0.4356 0.1996 -0.8777
vn 0.5548 0.1082 -0.8249
vn 0.9595 -0.0021 0.2818
vn 0.9959 0.0183 0.0886
vn -0.5948 0.3056 -0.7435
vn -0.6457 0.2836 -0.7089
vn -0.8603 0.2440 -0.4476
vn -0.8553 0.2900 -0.4293
vn 0.7276 0.5814 0.3642
vn 0.8675 0.1965 0.4570
vn 0.9540 0.1456 0.2619
vn 0.8635 0.3765 0.3357
vn 0.1697 0.8768 0.4499
vn -0.0941 0.8965 0.4329
vn -0.2537 0.3753 0.8915
vn 0.2848 0.3259 0.9015
vn -0.5029 0.8431 0.1906
vn -0.7261 0.6873 0.0191
vn -0.9493 0.3098 0.0536
vn -0.8559 0.3226 0.4041
vn 0.4019 -0.1509 -0.9032
vn -0.2401 -0.2760 -0.9307
vn 0.7610 -0.4178 -0.4963
vn 0.3926 -0.1482 -0.9077
vn 0.8135 -0.5806 -0.0329
vn 0.5168 -0.8062 0.2879
vn 0.5292 -0.8443 0.0841
vn -0.2816 -0.4993 0.8194
vn 0.2186 -0.5881 0.7787
vn -0.6681 -0.7438 0.0173
vn -0.7386 -0.5972 0.3126
vn -0.5644 -0.4782 -0.6728
vn -0.7101 -0.5432 -0.4481
vn -0.5571 0.5519 -0.6205
vn -0.8274 0.4481 -0.3387
vn -0.8379 0.4167 -0.3526
vn -0.9666 0.2398 0.0909
vn -0.7697 -0.0967 0.6310
vn -0.3848 -0.2838 0.8783
vn 0.1724 -0.3631 0.9157
vn 0.7004 -0.3141 0.6409
vn 0.9307 -0.2038 0.3038
vn 0.9287 -0.1983 0.3134
vn 0.9615 0.0655 -0.2670
vn 0.5751 0.3764 -0.7263
vn -0.0809 0.5547 -0.8281
vn 0.6822 0.1514 0.7154
vn 0.7023 0.4098 0.5821
vn 0.8501 0.0890 0.5190
vn 0.9301 0.0726 0.3601
vn 0.1958 0.2609 0.9453
vn -0.2980 0.3164 0.9006
vn -0.1006 0.7825 0.6145
vn 0.1911 0.7534 0.6292
vn -0.7049 0.3189 0.6336
vn -0.9496 0.2979 0.0973
vn -0.7563 0.6094 0.2380
vn -0.3731 0.7863 0.4925
vn -0.9374 0.3320 -0.1050
vn -0.9510 0.2264 -0.2105
vn 0.5742 -0.8134 0.0929
vn -0.6148 -0.7423 -0.2665
vn 0.5468 0.7371 0.3972
vn -0.0142 0.9635 0.2672
vn 0.1125 0.9463 0.3030
vn -0.5014 0.8556 0.1284
vn -0.1558 0.9582 0.2399
vn -0.8154 0.5787 -0.0156
vn -0.9491 0.2648 -0.1706
vn -0.6064 -0.7731 -0.1862
vn 0.4319 0.8014 0.4139
vn -0.2911 0.8976 0.3310
vn 0.5271 -0.8458 0.0822
vn 0.5198 -0.8037 0.2895
vn -0.0493 -0.9982 -0.0340
vn -0.0453 -0.9959 -0.0783
vn 0.5604 -0.8236 0.0872
vn -0.0407 -0.9912 -0.1261
vn 0.8149 -0.5778 -0.0458
vn -0.0426 -0.9905 -0.1306
vn 0.7786 -0.3731 -0.5045
vn -0.0459 -0.9907 -0.1281
vn 0.4039 -0.0839 -0.9110
vn 0.2194 -0.5846 0.7811
vn -0.2818 -0.4957 0.8215
vn -0.0482 -0.9984 -0.0282
vn 0.3867 -0.6803 0.6226
vn -0.2362 -0.2257 -0.9451
vn -0.5809 -0.4400 -0.6848
vn -0.7223 -0.5169 -0.4594
vn -0.6339 -0.7262 -0.2660
vn -0.6166 -0.7649 -0.1865
vn -0.6689 -0.7432 0.0175
vn -0.6745 -0.5311 0.5129
vn -0.7401 -0.5952 0.3131
vn -0.7043 0.3565 0.6138
vn -0.6732 -0.5340 0.5115
vn 0.5526 0.2578 0.7926
vn 0.3852 -0.6825 0.6212
vn -0.3171 -0.9460 0.0669
vn -0.3903 -0.6891 0.6105
vn -0.7186 -0.5921 0.3648
vn -0.5697 -0.8217 0.0138
vn -0.2925 -0.1426 0.9456
vn -0.6339 -0.1496 0.7588
vn -0.3023 0.2446 0.9213
vn -0.4504 0.4577 0.7666
vn -0.3518 0.0985 0.9309
vn -0.5357 0.3545 0.7664
vn -0.3467 -0.4125 0.8424
vn -0.5914 -0.3892 0.7062
vn -0.3064 -0.3221 0.8958
vn -0.6354 -0.2882 0.7164
vn -0.2542 -0.1615 0.9536
vn -0.6865 -0.1129 0.7184
vn -0.1656 0.0260 0.9858
vn -0.1677 0.1553 0.9735
vn -0.3846 0.1194 0.9153
vn -0.5209 0.0549 0.8518
vn -0.2036 0.0678 0.9767
vn -0.2757 0.0947 0.9566
vn -0.5266 -0.1209 0.8415
vn -0.4420 0.1508 0.8842
vn -0.1956 -0.2271 0.9540
vn -0.6449 -0.1546 0.7485
vn -0.0000 -0.0000 -1.0000
vn -0.6551 -0.4251 -0.6246
vn 0.0702 -0.5353 0.8418
vn -0.3376 0.7370 -0.5856
vn -0.5181 -0.7163 0.4674
vn -0.8889 -0.0616 0.4540
vn -0.6531 0.0341 0.7565
vn 0.5454 0.0344 -0.8375
vn 0.2126 0.0568 -0.9755
vn -0.1186 0.0878 -0.9891
vn -0.4384 0.0251 -0.8984
vn -0.6393 -0.0727 -0.7655
vn -0.9372 -0.0277 -0.3477
vn -0.9934 -0.0579 0.0988
vn -0.5025 0.0266 0.8642
vn -0.3534 0.0902 0.9311
vn -0.7654 0.0420 0.6422
vn -0.7157 0.2403 0.6557
vn -0.9485 0.2886 0.1308
vn -0.9270 0.3052 -0.2182
vn -0.7288 0.4944 -0.4737
vn -0.4101 0.6495 -0.6403
vn -0.0039 0.6984 -0.7157
vn -0.2933 0.9495 -0.1115
vn 0.1163 0.7085 -0.6960
vn 0.4800 0.1397 -0.8661
vn 0.3741 0.2314 -0.8981
vn 0.4289 -0.7549 -0.4961
vn 0.0683 -0.9914 -0.1118
vn -0.3718 -0.7099 0.5982
vn -0.5629 -0.1776 0.8072
vn -0.5618 0.4543 0.6914
vn 0.7133 0.4095 -0.5687
vn 0.0087 0.5439 -0.8391
vn 0.9843 0.0049 -0.1767
vn 0.8583 -0.4181 0.2973
vn 0.5638 -0.6105 0.5563
vn 0.8455 -0.4503 0.2870
vn -0.5012 -0.5619 0.6581
vn 0.0053 -0.6757 0.7372
vn -0.9947 -0.0563 -0.0862
vn -0.8451 -0.3603 0.3950
vn -0.8887 0.1291 -0.4399
vn -0.5636 0.3888 -0.7288
vn -0.8716 0.1558 -0.4647
vn -0.2205 0.9280 0.3004
vn -0.2209 0.9384 0.2655
vn -0.2309 0.9503 0.2089
vn -0.2576 0.9197 0.2963
vn -0.2573 0.9120 0.3196
vn -0.2498 0.8983 0.3616
vn 0.3912 0.6507 0.6509
vn 0.6047 0.6078 0.5146
vn 0.5926 0.5793 0.5597
vn 0.4090 0.6594 0.6308
vn -0.2179 0.5060 0.8345
vn -0.0694 0.6876 0.7228
vn -0.0832 0.6828 0.7258
vn -0.2102 0.4691 0.8577
vn -0.4246 0.6685 -0.6106
vn -0.4896 0.6265 -0.6064
vn -0.4906 0.6348 -0.5970
vn -0.4235 0.6752 -0.6039
vn -0.0047 0.9770 0.2131
vn -0.1969 0.9708 0.1371
vn -0.2016 0.9722 0.1194
vn 0.0907 0.9450 0.3143
vn 0.1807 0.9599 0.2144
vn 0.1806 0.9597 0.2153
vn 0.1806 0.9597 0.2152
vn 0.1808 0.9599 0.2143
vn -0.0237 0.9990 0.0384
vn 0.0096 0.9990 0.0427
vn -0.0238 0.9990 0.0384
vn 0.2469 0.8755 0.4155
vn 0.2432 0.8797 0.4085
vn -0.2240 0.3723 0.9007
vn -0.2249 0.3502 0.9093
vn 0.4018 -0.0271 0.9153
vn 0.2599 -0.1250 0.9575
vn 0.1565 -0.1483 0.9765
vn 0.4471 -0.0400 0.8936
vn 0.0881 0.6078 0.7892
vn -0.0853 0.6571 0.7490
vn -0.0876 0.6608 0.7454
vn 0.0791 0.6121 0.7868
vn -0.1238 0.7541 0.6449
vn -0.1230 0.7534 0.6459
vn -0.0631 0.7516 0.6566
vn -0.0003 0.8266 0.5628
vn 0.0009 0.8271 0.5620
vn -0.0620 0.8253 0.5612
vn -0.0230 0.8021 0.5967
vn 0.0675 0.7976 0.5994
vn 0.0702 0.7948 0.6027
vn -0.0263 0.8043 0.5937
vn 0.0753 0.7965 0.6000
vn 0.0788 0.7494 0.6574
vn 0.0805 0.7624 0.6421
vn 0.0807 0.7961 0.5998
vn 0.0365 0.7387 0.6731
vn 0.0858 0.7673 0.6355
vn 0.0826 0.7678 0.6353
vn 0.0381 0.7458 0.6651
vn 0.1481 0.7892 0.5960
vn 0.1677 0.7386 0.6529
vn 0.1675 0.7398 0.6516
vn 0.1034 0.7476 0.6561
vn 0.1811 0.7510 0.6349
vn 0.2076 0.6612 0.7209
vn 0.1952 0.6646 0.7212
vn 0.1735 0.7562 0.6309
vn 0.5868 -0.7290 0.3525
vn 0.6452 -0.6951 0.3170
vn 0.6412 -0.7009 0.3123
vn 0.5923 -0.7280 0.3451
vn 0.5852 -0.7273 0.3585
vn 0.4983 -0.8391 0.2184
vn 0.4805 -0.7858 0.3894
vn 0.4986 -0.7741 0.3901
vn 0.4608 -0.8563 0.2333
vn 0.4614 -0.8586 0.2233
vn 0.4441 -0.8108 0.3813
vn 0.3860 -0.8367 0.3884
vn 0.3957 -0.8247 0.4041
vn 0.4622 -0.8069 0.3678
vn 0.4572 -0.8061 0.3758
vn 0.3434 -0.8725 0.3476
vn 0.4617 -0.8254 0.3248
vn 0.4621 -0.8262 0.3224
vn 0.3920 -0.8381 0.3794
vn 0.3525 -0.8658 0.3551
vn 0.5185 0.3880 0.7620
vn 0.2736 0.4307 0.8600
vn 0.2632 0.4330 0.8621
vn 0.5152 0.3877 0.7643
vn 0.8014 0.5597 0.2110
vn 0.8706 0.3921 0.2971
vn 0.8691 0.3976 0.2942
vn 0.7958 0.5670 0.2124
vn 0.8919 0.3432 0.2946
vn 0.8323 0.2546 0.4925
vn 0.8309 0.2446 0.4998
vn 0.8068 0.2785 0.5211
vn 0.8035 0.3567 0.4766
vn 0.7240 0.2512 0.6425
vn 0.6999 0.2609 0.6648
vn 0.7925 0.3658 0.4881
vn 0.1970 0.9673 0.1597
vn 0.2641 0.9628 -0.0573
vn 0.2560 0.9656 -0.0449
vn 0.2528 0.9506 0.1798
vn -0.0437 0.9803 0.1928
vn -0.1778 0.9685 0.1745
vn 0.7416 0.6148 0.2684
vn 0.7421 0.6138 0.2695
vn 0.8152 0.4719 0.3359
vn -0.4789 0.8224 -0.3071
vn -0.4109 0.8871 -0.2104
vn 0.9298 0.1070 -0.3521
vn -0.3090 0.9078 -0.2835
vn -0.3176 0.9306 -0.1817
vn -0.4439 0.8795 -0.1716
vn -0.7071 -0.6617 -0.2493
vn -0.5865 0.6687 -0.4571
vn 0.0520 -0.5726 -0.8182
vn -0.2511 0.8917 -0.3766
vn 0.5543 -0.3519 -0.7543
vn -0.2793 0.9383 -0.2037
vn 0.5748 -0.7411 0.3469
vn 0.5769 -0.7439 0.3373
vn 0.5208 -0.3396 -0.7832
vn -0.3055 0.9179 -0.2533
vn -0.9411 0.2201 0.2567
vn -0.9277 -0.2141 0.3058
vn -0.0219 -0.4032 -0.9149
vn 0.9823 -0.1581 0.1007
vn 0.9823 -0.1582 0.1007
vn 0.9204 -0.2742 0.2788
vn 0.9003 -0.1944 0.3895
vn 0.5484 -0.3090 -0.7770
vn 0.9730 -0.1844 0.1386
vn 0.9731 -0.1853 0.1369
vn 0.9837 -0.1410 0.1119
vn 0.9836 -0.1407 0.1124
vn 0.9837 -0.1418 0.1105
vn -0.2440 -0.9615 0.1261
vn -0.1991 -0.9696 0.1426
vn -0.5722 -0.2757 -0.7724
vn -0.5276 -0.2475 -0.8126
vn -0.9456 0.0504 -0.3214
vn -0.0000 -0.0000 1.0000
vn 0.4361 0.1065 0.8936
vn 0.0598 0.0146 0.9981
vn -0.9823 0.1581 -0.1007
vn -0.9823 0.1582 -0.1007
vn -0.9588 -0.0687 -0.2755
vn -0.5467 -0.2798 -0.7892
vn -0.8541 -0.5201 0.0091
vn -0.8525 -0.5228 0.0044
vn -0.8437 -0.5367 0.0103
vn -0.8461 -0.5328 0.0153
vn -0.8932 0.3833 0.2351
vn -0.9251 0.3087 0.2212
vn -0.9229 -0.2075 0.3244
vn -0.9000 -0.3206 0.2953
vn -0.5724 -0.2719 -0.7736
vn -0.9781 0.1724 -0.1165
vn -0.9752 0.1908 -0.1120
vn -0.9808 0.1501 -0.1242
vn -0.9819 0.1356 -0.1322
vn -0.8688 0.1259 0.4789
vn -0.8593 0.2701 0.4342
vn -0.0212 0.2814 0.9594
vn -0.5061 -0.8261 0.2478
vn -0.8394 -0.4255 0.3383
vn -0.4919 -0.8595 -0.1388
vn -0.0936 0.0549 0.9941
vn -0.8666 0.4365 0.2419
vn 0.5677 0.7807 -0.2610
vn 0.8877 0.3445 -0.3054
vn 0.1348 0.9788 -0.1542
vn -0.3215 0.9468 -0.0136
vn -0.6312 0.7692 0.0999
vn 0.9590 -0.0568 -0.2777
vn 0.8774 -0.4194 -0.2330
vn 0.7886 -0.5575 -0.2596
vn -0.8176 0.5463 0.1817
vn 0.6745 -0.5520 -0.4902
vn -0.7986 -0.4582 0.3901
vn -0.3941 -0.7091 0.5847
vn -0.1425 0.0113 0.9897
vn -0.3469 -0.2082 0.9145
vn -0.1126 0.1428 0.9833
vn -0.1081 0.0261 0.9938
vn -0.0974 -0.2213 0.9703
vn -0.0947 -0.2888 0.9527
vn -0.1010 -0.1267 0.9868
vn -0.0871 -0.4097 0.9081
vn -0.0691 -0.1650 0.9839
vn -0.0678 0.0548 0.9962
vn -0.0758 -0.1686 0.9828
vn -0.1093 -0.7041 0.7016
vn -0.0995 -0.9901 0.0990
vn -0.0445 -0.9218 -0.3852
vn 0.4899 0.2676 -0.8297
vn 0.1017 0.7556 -0.6471
vn -0.1230 0.6516 0.7485
vn -0.1260 0.6509 0.7487
vn -0.1763 0.4731 0.8632
vn -0.1834 0.4726 0.8620
vn -0.8901 0.0242 -0.4551
vn -0.7445 0.3572 0.5640
vn -0.7039 0.2538 0.6634
vn -0.0426 0.4428 0.8956
vn -0.4586 0.5351 0.7095
vn -0.7553 -0.1872 0.6281
vn -0.5613 -0.3159 0.7649
vn 0.6674 -0.2412 -0.7045
vn 0.6602 -0.2618 -0.7040
vn 0.6698 -0.2381 -0.7033
vn 0.6748 -0.2318 -0.7006
vn 0.6030 -0.2306 -0.7637
vn 0.6035 -0.2099 -0.7693
vn 0.6038 -0.2255 -0.7646
vn 0.6063 -0.2293 -0.7615
vn 0.0629 0.9412 -0.3319
vn 0.0630 0.9413 -0.3316
vn 0.5950 0.7502 0.2886
vn 0.5994 0.7480 0.2849
vn -0.1942 0.8473 -0.4943
vn -0.1944 0.8473 -0.4943
vn 0.0179 -0.9122 0.4094
vn 0.0357 -0.9303 0.3651
vn -0.2691 -0.9541 0.1313
vn -0.2727 -0.9515 0.1423
vn -0.7372 0.3756 0.5616
vn -0.7209 0.4171 0.5535
vn -0.7067 0.3611 0.6084
vn -0.6962 0.3389 0.6328
vn -0.8615 -0.1241 0.4923
vn -0.8372 -0.2325 0.4950
vn -0.8627 0.1359 0.4872
vn -0.8745 0.2013 0.4413
vn -0.3158 0.7495 0.5818
vn -0.4745 0.6530 0.5903
vn -0.4873 0.7816 0.3894
vn -0.5181 0.7771 0.3573
vn -0.6121 -0.1878 0.7682
vn -0.6884 -0.5160 0.5098
vn -0.6233 0.2266 0.7485
vn -0.5960 0.1679 0.7852
vn -0.5777 -0.3496 0.7376
vn -0.3701 -0.6545 0.6592
vn -0.5515 -0.7267 0.4095
vn -0.6464 -0.3226 0.6914
vn -0.4165 0.1054 0.9030
vn -0.2107 0.1743 0.9619
vn -0.1771 0.1581 0.9714
vn -0.0838 0.2832 0.9554
vn -0.0718 -0.0272 0.9971
vn -0.0207 -0.1013 0.9946
vn 0.1839 -0.0083 0.9829
vn -0.0736 0.0780 0.9942
vn -0.0035 0.0001 1.0000
vn 0.1973 -0.1397 0.9703
vn -0.5346 0.6383 0.5539
vn -0.6291 0.5411 0.5580
vn -0.8517 0.0430 0.5223
vn -0.8361 0.2700 0.4776
vn -0.6753 0.3338 0.6577
vn -0.8128 0.4360 0.3863
vn -0.8268 0.4220 0.3719
vn -0.8235 0.4076 0.3946
vn -0.5031 0.2737 0.8197
vn -0.6149 0.1457 0.7751
vn -0.4055 0.0324 0.9135
vn -0.2823 0.1275 0.9508
vn -0.3973 0.3102 0.8637
vn -0.5933 0.3120 0.7421
vn -0.6625 0.1464 0.7347
vn -0.4562 0.0809 0.8862
vn -0.4548 0.4655 0.7593
vn -0.4338 0.1956 0.8795
vn 0.0516 0.1412 0.9886
vn -0.0523 0.3737 0.9261
vn -0.3563 0.5534 0.7529
vn -0.2831 0.3522 0.8921
vn -0.5032 0.0768 0.8608
vn -0.7357 0.1772 0.6537
vn -0.4547 0.5042 0.7342
vn -0.2770 0.6488 0.7088
vn -0.0333 0.4627 0.8859
vn -0.7314 0.0954 0.6752
vn -0.2885 0.5919 0.7526
vn -0.2399 0.4706 0.8491
vn -0.6864 -0.2812 0.6707
vn -0.6862 -0.2806 0.6711
vn -0.7036 -0.2602 0.6613
vn -0.7044 -0.2630 0.6592
vn -0.7052 -0.2663 0.6571
vn -0.0074 0.5290 0.8486
vn -0.0109 0.5085 0.8610
vn -0.2583 0.6546 0.7105
vn -0.2970 0.6104 0.7343
vn -0.6542 -0.1547 0.7403
vn -0.4381 -0.1164 0.8914
vn -0.6104 -0.2159 0.7621
vn -0.6689 -0.2445 0.7020
vn -0.1170 -0.3636 0.9242
vn -0.2683 -0.2390 0.9332
vn -0.5363 -0.3164 0.7825
vn -0.3242 -0.5465 0.7722
vn -0.4786 0.1286 0.8685
vn -0.1611 0.2831 0.9454
vn -0.5125 0.0792 0.8550
vn -0.5163 0.0753 0.8531
vn -0.5170 0.0701 0.8531
vn -0.5118 0.1662 0.8429
vn -0.2702 0.0982 0.9578
vn -0.4765 -0.0432 0.8781
vn 0.0580 0.2960 0.9534
vn -0.4537 -0.0008 0.8912
vn -0.2909 -0.6866 0.6663
vn -0.0646 -0.0550 0.9964
vn -0.1350 0.1255 0.9829
vn 0.1201 0.4947 0.8607
vn 0.1449 0.4184 0.8966
vn -0.5823 -0.0669 0.8102
vn -0.6048 0.3410 0.7196
vn -0.6923 0.4519 0.5626
vn -0.7552 0.1521 0.6376
vn -0.9098 0.2601 0.3234
vn -0.7933 0.5363 0.2882
vn -0.3193 0.5220 0.7910
vn -0.3226 0.5199 0.7910
vn -0.1398 0.3398 0.9300
vn -0.2241 0.0580 0.9728
vn -0.6703 0.2375 0.7031
vn -0.6604 0.2619 0.7038
vn -0.6683 0.2416 0.7035
vn -0.6752 0.2321 0.7002
vn -0.6043 0.2254 0.7642
vn -0.6034 0.2099 0.7693
vn -0.6031 0.2306 0.7636
vn -0.6051 0.2295 0.7623
vn -0.4683 0.1728 0.8665
vn -0.2361 -0.6078 0.7581
vn -0.2361 -0.6078 0.7582
vn 0.0489 0.3783 0.9244
vn -0.8163 -0.0277 0.5769
vn -0.7829 -0.2197 0.5820
vn -0.8585 0.3898 0.3332
vn -0.6598 0.7207 0.2126
vn -0.5501 0.7998 0.2402
vn -0.5333 0.7280 0.4307
vn -0.5839 0.0171 0.8116
vn -0.6891 -0.3626 0.6274
vn 0.8824 0.3508 0.3135
vn 0.9316 0.3629 0.0206
vn 0.6289 0.7754 0.0570
vn 0.6263 0.6975 0.3481
vn 0.2167 0.9640 0.1544
vn 0.2735 0.8619 0.4270
vn -0.2181 0.9238 0.3147
vn -0.1260 0.8101 0.5726
vn -0.5065 0.7523 0.4213
vn -0.3770 0.6675 0.6421
vn 0.9481 0.0111 0.3177
vn 0.9988 -0.0200 0.0452
vn 0.7685 0.3139 0.5576
vn 0.5774 0.5775 0.5772
vn 0.3056 0.7063 0.6385
vn -0.0380 0.6555 0.7542
vn -0.2297 0.5779 0.7831
vn 0.8174 0.0461 0.5742
vn 0.5720 0.2445 0.7829
vn 0.4514 0.3659 0.8139
vn 0.3114 0.4281 0.8484
vn 0.1024 0.3995 0.9110
vn 0.0348 0.3183 0.9473
vn 0.6425 0.0663 0.7634
vn 0.5740 0.2424 0.7822
vn 0.4167 0.2915 0.8610
vn 0.2983 0.2838 0.9113
vn 0.1590 0.2525 0.9544
vn 0.1228 0.2125 0.9694
vn 0.1774 0.2223 0.9587
vn 0.8336 -0.0534 0.5498
vn -0.1041 0.3032 0.9472
vn -0.1389 0.1699 0.9756
vn -0.0057 0.0704 0.9975
vn 0.0947 0.3609 0.9278
vn 0.3672 0.1366 0.9201
vn 0.2974 0.3225 0.8987
vn -0.1840 0.0076 0.9829
vn 0.0103 -0.0153 0.9998
vn 0.3582 -0.0742 0.9307
vn -0.0541 -0.8005 0.5969
vn -0.1488 -0.7012 0.6973
vn 0.0701 -0.2696 0.9604
vn 0.1431 -0.3533 0.9245
vn 0.1865 0.0637 0.9804
vn 0.0613 -0.5553 0.8294
vn 0.0087 -0.5033 0.8641
vn -0.1312 -0.6207 0.7730
vn 0.2194 -0.3417 0.9138
vn 0.3764 -0.1894 0.9069
vn 0.0995 -0.1631 0.9816
vn -0.1133 -0.0568 0.9919
vn -0.0804 -0.2194 0.9723
vn 0.1619 -0.4010 0.9017
vn 0.0618 -0.4489 0.8914
vn 0.4100 -0.1537 0.8990
vn -0.5571 0.5325 0.6372
vn 0.1698 -0.2021 0.9645
vn 0.4991 -0.0979 0.8610
vn 0.3915 -0.2602 0.8826
vn 0.4263 -0.4700 0.7729
vn 0.0107 -0.2359 0.9717
vn -0.1835 -0.3417 0.9217
vn 0.5874 -0.1573 0.7939
vn 0.9353 -0.3369 0.1084
vn 0.8885 -0.2568 0.3803
vn 0.7607 -0.1781 0.6243
vn 0.6638 -0.1500 0.7327
vn 0.7585 -0.1791 0.6265
vn 0.8990 -0.4377 0.0182
vn 0.8952 -0.3217 0.3085
vn 0.7872 -0.2087 0.5803
vn 0.6282 -0.1537 0.7627
vn 0.9579 -0.2641 0.1125
vn 0.8431 -0.1948 0.5012
vn 0.6391 -0.1221 0.7594
vn -0.7036 0.5824 0.4072
vn 0.3085 0.8844 0.3503
vn -0.2682 0.7391 0.6179
vn -0.5017 0.5301 0.6836
vn 0.9406 0.3276 -0.0890
vn 0.6947 0.7130 0.0952
vn -0.7244 -0.0007 0.6894
vn 0.9642 -0.0951 -0.2475
vn -0.6482 -0.1703 0.7422
vn 0.1135 -0.9788 0.1702
vn 0.6810 -0.5843 -0.4414
vn 0.9144 -0.2472 -0.3206
vn -0.6995 0.4633 0.5442
vn -0.7213 0.4249 0.5470
vn 0.9003 -0.3681 -0.2323
vn -0.8590 0.0332 0.5108
vn -0.9815 0.0073 -0.1915
vn 0.2957 0.3166 -0.9013
vn 0.0341 0.7869 -0.6162
vn -0.1079 0.8498 -0.5160
vn 0.1172 0.1596 -0.9802
vn 0.0522 -0.2587 -0.9645
vn -0.0837 0.7812 -0.6187
vn 0.0036 0.7563 0.6543
vn -0.1114 0.8546 -0.5072
vn -0.1166 0.7655 -0.6328
vn -0.1468 0.9820 0.1191
vn 0.0267 -0.9173 0.3974
vn -0.5922 0.5103 0.6236
vn -0.8197 -0.0431 0.5711
vn -0.9026 0.2214 -0.3692
vn -0.6842 -0.4999 -0.5310
vn -0.3586 -0.8806 0.3096
vn -0.5810 0.7307 -0.3584
vn -0.9000 0.2302 -0.3701
vn -0.8206 -0.0386 0.5702
vn -0.5376 0.8039 0.2544
vn -0.2111 -0.2474 0.9456
vn 0.0036 -0.7394 0.6733
vn -0.2109 -0.2513 0.9447
vn -0.1559 0.4260 0.8912
vn -0.5194 0.6168 -0.5915
vn -0.0158 0.7600 -0.6498
vn -0.5119 -0.0317 -0.8585
vn -0.4445 0.3157 -0.8383
vn -0.6041 0.7882 0.1170
vn 0.3038 0.3096 -0.9010
vn -0.6007 0.5239 -0.6039
vn -0.6551 0.7526 -0.0667
vn 0.3545 -0.3359 0.8726
vn 0.1855 0.1217 0.9751
vn 0.4373 0.6722 0.5975
vn 0.0811 0.8237 0.5612
vn -0.0880 0.7701 0.6318
vn -0.3147 0.8518 0.4189
vn -0.2494 0.6734 0.6960
vn 0.2308 0.6655 0.7098
vn 0.0128 0.6827 0.7306
vn -0.1286 0.5521 0.8238
vn -0.3626 0.3336 0.8702
vn -0.3083 0.5690 0.7624
vn 0.2078 0.4934 0.8446
vn 0.0309 0.3790 0.9249
vn -0.3542 0.1316 0.9259
vn -0.3344 0.2134 0.9180
vn 0.5565 0.3965 0.7301
vn 0.8875 -0.0374 0.4593
vn 0.8208 -0.0115 0.5711
vn 0.8344 -0.3644 0.4135
vn 0.7913 0.0463 0.6097
vn 0.3991 0.3310 0.8551
vn 0.7003 -0.1477 0.6984
vn 0.2495 0.1585 0.9553
vn 0.5949 -0.2986 0.7463
vn -0.2468 -0.0867 0.9652
vn -0.3803 0.1069 0.9187
vn -0.0005 -0.0820 0.9966
vn 0.5208 -0.5529 0.6504
vn 0.7086 -0.4792 -0.5180
vn 0.9194 -0.3022 -0.2520
vn 0.9012 -0.4322 0.0326
vn 0.8745 -0.4077 0.2629
vn 0.0547 -0.7216 -0.6901
vn 0.8732 -0.4865 -0.0294
vn 0.8572 -0.4314 0.2812
vn 0.4315 -0.7331 -0.5257
vn -0.1298 -0.4681 -0.8741
vn 0.2944 -0.2720 -0.9162
vn 0.7625 -0.5397 0.3569
vn 0.7745 -0.5265 0.3506
vn 0.4083 -0.8297 -0.3807
vn 0.7038 -0.6448 0.2983
vn 0.6903 -0.6620 0.2920
vn 0.5467 -0.7716 -0.3253
vn 0.6702 -0.7119 0.2099
vn 0.6346 -0.7455 0.2036
vn 0.5715 -0.7187 -0.3961
vn -0.5093 -0.2751 -0.8155
vn 0.2318 -0.2599 -0.9374
vn -0.2297 -0.1083 -0.9672
vn -0.2034 -0.1144 -0.9724
vn -0.0080 -0.4182 -0.9083
vn 0.0853 -0.5667 -0.8195
vn -0.0242 -0.6642 -0.7472
vn 0.0854 -0.4931 -0.8658
vn -0.1063 -0.6290 -0.7701
vn 0.0635 -0.5139 -0.8555
vn 0.0680 -0.4058 -0.9114
vn 0.1174 -0.2887 -0.9502
vn -0.0295 -0.4594 -0.8877
vn -0.0741 -0.6454 -0.7602
vn 0.0472 -0.5369 -0.8423
vn 0.0165 -0.5037 -0.8637
vn 0.2388 -0.3530 -0.9046
vn -0.7880 0.1198 -0.6039
vn -0.5052 -0.0826 -0.8590
vn -0.5272 -0.0748 -0.8464
vn 0.4132 0.3502 -0.8406
vn 0.0171 -0.6618 -0.7495
vn 0.1090 -0.6952 -0.7105
vn -0.2076 -0.3708 -0.9052
vn -0.1225 -0.4994 -0.8576
vn 0.0410 -0.4505 -0.8918
vn -0.2078 -0.4639 -0.8612
vn -0.3791 0.5537 -0.7414
vn -0.1578 0.9315 -0.3277
vn 0.6376 0.7447 -0.1972
vn 0.4537 0.1522 -0.8781
vn 0.9882 0.0738 0.1344
vn 0.8827 -0.4029 -0.2418
vn 0.0124 -0.4431 -0.8964
vn 0.4502 0.1329 -0.8830
vn 0.8693 -0.4171 -0.2651
vn 0.5302 -0.7378 -0.4178
vn -0.5320 0.0595 -0.8446
vn -0.3729 0.5191 -0.7691
vn -0.3314 0.2991 -0.8948
vn -0.0905 0.8042 -0.5875
vn 0.7041 0.6086 -0.3658
vn 0.4961 -0.1988 -0.8452
vn 0.9781 0.0388 0.2043
vn 0.8437 -0.5369 -0.0009
vn 0.0110 -0.7275 -0.6860
vn 0.4945 -0.2015 -0.8455
vn 0.8389 -0.5442 -0.0113
vn 0.4711 -0.8792 -0.0708
vn -0.5252 -0.1827 -0.8311
vn -0.3242 0.2867 -0.9015
vn -0.3853 0.2914 -0.8756
vn -0.0926 0.7882 -0.6085
vn 0.7244 0.5529 -0.4118
vn 0.4381 -0.2815 -0.8537
vn 0.9806 -0.0179 0.1952
vn 0.8056 -0.5919 0.0251
vn -0.1196 -0.7806 -0.6135
vn 0.4337 -0.2828 -0.8555
vn 0.7982 -0.6023 0.0149
vn 0.3911 -0.9203 -0.0071
vn -0.6170 -0.1748 -0.7673
vn -0.3854 0.2782 -0.8798
vn -0.5239 0.0616 -0.8496
vn -0.0891 0.5375 -0.8385
vn 0.6950 0.1983 -0.6911
vn 0.1760 -0.6464 -0.7424
vn 0.9879 -0.1505 0.0385
vn 0.6747 -0.7267 0.1296
vn -0.3857 -0.8893 -0.2458
vn 0.1758 -0.6471 -0.7419
vn 0.6665 -0.7353 0.1229
vn 0.2213 -0.9334 0.2825
vn -0.7958 -0.2687 -0.5427
vn -0.5237 0.0511 -0.8504
vn -0.4427 0.5415 -0.7147
vn 0.1591 -0.1349 -0.9780
vn 0.6593 -0.5973 -0.4566
vn 0.6691 0.6030 -0.4344
vn 0.5048 0.2331 -0.8312
vn 0.8702 -0.4379 -0.2256
vn 0.9807 -0.1931 -0.0322
vn -0.2572 0.8044 -0.5355
vn -0.4545 0.6601 -0.5981
vn 0.6924 -0.7011 0.1707
vn 0.6980 -0.6908 0.1885
vn 0.4316 -0.5408 0.7220
vn 0.7326 -0.6427 0.2243
vn 0.7297 -0.6587 0.1836
vn 0.2305 -0.6586 0.7163
vn 0.1707 -0.8484 0.5010
vn 0.7320 -0.6429 0.2254
vn 0.7359 -0.6483 0.1952
vn -0.1534 -0.1388 0.9784
vn -0.7718 0.2985 0.5614
vn -0.6239 -0.5623 0.5427
vn -0.4399 -0.3403 0.8311
vn -0.8975 0.2371 0.3720
vn -0.9820 0.1263 0.1402
vn -0.6299 -0.7574 0.1722
vn -0.8268 0.5432 -0.1463
vn -0.7790 0.5852 -0.2254
vn -0.6554 -0.7512 0.0784
vn -0.7929 0.5677 -0.2215
vn -0.7902 0.5759 -0.2096
vn -0.8017 0.5638 -0.1986
vn -0.7939 0.5735 -0.2021
vn -0.4604 0.2904 -0.8389
vn 0.4046 -0.1916 -0.8942
vn 0.7507 -0.6480 -0.1291
vn 0.6696 0.4126 -0.6175
vn 0.5698 0.1509 -0.8078
vn 0.9045 -0.4217 -0.0630
vn 0.9705 -0.2390 0.0305
vn -0.2383 0.6442 -0.7268
vn -0.3456 0.5166 -0.7834
vn 0.5990 -0.6778 0.4264
vn 0.5901 -0.6790 0.4368
vn 0.1678 -0.4555 0.8743
vn -0.4777 0.0437 0.8774
vn -0.8135 0.5423 0.2101
vn -0.6664 -0.4072 0.6246
vn -0.5901 -0.1950 0.7835
vn -0.9375 0.3317 0.1053
vn -0.9832 0.1824 -0.0041
vn 0.1957 -0.6737 0.7126
vn 0.2268 -0.5547 0.8005
vn -0.7233 -0.6749 0.1461
vn -0.7818 0.4897 -0.3859
vn -0.8028 0.4656 -0.3725
vn -0.6634 -0.7475 -0.0327
vn -0.7392 0.4975 -0.4539
vn -0.7293 0.5120 -0.4538
vn -0.7429 0.4980 -0.4474
vn -0.7279 0.5174 -0.4500
vn -0.4974 0.3462 -0.7954
vn 0.1965 -0.2886 -0.9371
vn 0.6545 -0.7327 -0.1866
vn 0.6253 0.1881 -0.7574
vn 0.4758 -0.0819 -0.8757
vn 0.8299 -0.5485 -0.1018
vn 0.9290 -0.3684 -0.0349
vn -0.2692 0.5751 -0.7725
vn -0.3603 0.4540 -0.8149
vn 0.6545 -0.6880 0.3134
vn 0.6136 -0.6292 0.4771
vn 0.3772 -0.3358 0.8631
vn -0.3067 0.1147 0.9449
vn -0.7419 0.5089 0.4367
vn -0.6488 -0.2704 0.7113
vn -0.5664 -0.0438 0.8230
vn -0.8936 0.4292 0.1315
vn -0.9575 0.2825 0.0583
vn 0.1897 -0.6158 0.7647
vn 0.2425 -0.4902 0.8372
vn -0.8127 -0.4873 0.3195
vn -0.7588 0.5729 -0.3098
vn -0.7798 0.5343 -0.3263
vn -0.5586 -0.7539 0.3458
vn -0.7297 0.5308 -0.4310
vn -0.7181 0.5416 -0.4371
vn -0.7320 0.5308 -0.4271
vn -0.7123 0.5487 -0.4377
vn -0.4909 0.1965 -0.8488
vn -0.0155 -0.4838 -0.8751
vn 0.6173 -0.7818 -0.0883
vn 0.5678 0.0373 -0.8223
vn 0.3763 -0.2334 -0.8966
vn 0.7990 -0.6000 -0.0411
vn 0.9171 -0.3970 -0.0365
vn -0.2800 0.4382 -0.8542
vn -0.3520 0.3057 -0.8847
vn 0.5849 -0.6382 0.5006
vn 0.5724 -0.6247 0.5311
vn 0.2993 -0.1928 0.9345
vn -0.2688 0.4748 0.8380
vn -0.6769 0.7162 0.1697
vn -0.6207 -0.0611 0.7817
vn -0.5299 0.2030 0.8234
vn -0.8405 0.5221 0.1450
vn -0.9308 0.3585 0.0708
vn 0.1979 -0.4676 0.8615
vn 0.2311 -0.3032 0.9245
vn -0.6922 0.5477 -0.4700
vn -0.6891 0.5370 -0.4867
vn -0.7190 0.4993 -0.4835
vn -0.6952 0.5050 -0.5116
vn -0.7276 0.4967 -0.4731
vn -0.6940 0.5159 -0.5022
vn 0.7098 -0.5478 0.4427
vn 0.7109 -0.5720 0.4093
vn 0.7047 -0.5506 0.4476
vn 0.7027 -0.5724 0.4226
vn 0.6879 -0.5784 0.4384
vn 0.6854 -0.6037 0.4070
vn 0.6879 -0.5763 0.4412
vn 0.6796 -0.6077 0.4109
vn 0.6911 -0.5282 0.4933
vn 0.6830 -0.5584 0.4709
vn 0.6844 -0.5298 0.5010
vn 0.6724 -0.5560 0.4886
vn -0.3241 0.8679 -0.3764
vn -0.3334 0.8221 -0.4615
vn 0.6488 0.6179 -0.4441
vn 0.6193 0.7430 -0.2540
vn 0.9804 -0.1906 -0.0504
vn 0.9893 -0.0997 0.1069
vn 0.7515 -0.6213 0.2218
vn 0.7924 -0.5604 0.2410
vn 0.7595 -0.5995 0.2525
vn 0.7392 -0.6289 0.2408
vn 0.1846 -0.8888 0.4195
vn 0.2228 -0.9231 0.3135
vn -0.6309 -0.6459 0.4298
vn -0.6199 -0.7374 0.2681
vn -0.9905 0.0653 0.1211
vn -0.9977 -0.0155 -0.0661
vn -0.7963 0.5660 -0.2134
vn -0.8113 0.5389 -0.2268
vn -0.7810 0.5732 -0.2480
vn -0.7838 0.5825 -0.2151
vn -0.2100 0.7069 -0.6754
vn -0.2374 0.6867 -0.6871
vn 0.6807 0.4559 -0.5734
vn 0.6890 0.4556 -0.5636
vn 0.9798 -0.1905 0.0613
vn 0.9848 -0.1671 0.0483
vn 0.7081 -0.5390 0.4562
vn 0.7275 -0.5231 0.4440
vn 0.7204 -0.5276 0.4502
vn 0.7037 -0.5421 0.4594
vn 0.1672 -0.7062 0.6880
vn 0.1832 -0.7327 0.6555
vn -0.6771 -0.4801 0.5576
vn -0.6851 -0.5280 0.5019
vn -0.9917 0.1272 -0.0175
vn -0.9893 0.1259 -0.0735
vn -0.7407 0.5091 -0.4384
vn -0.7180 0.5060 -0.4779
vn -0.7174 0.5098 -0.4748
vn -0.7392 0.5084 -0.4416
vn -0.2456 0.7620 -0.5992
vn -0.2368 0.6372 -0.7334
vn 0.6672 0.2961 -0.6835
vn 0.6921 0.6233 -0.3640
vn 0.9528 -0.3033 -0.0113
vn 0.9609 -0.1410 0.2383
vn 0.6954 -0.5654 0.4436
vn 0.7271 -0.5145 0.4545
vn 0.7078 -0.5377 0.4581
vn 0.6882 -0.5665 0.4534
vn 0.1392 -0.6629 0.7357
vn 0.1249 -0.7620 0.6354
vn -0.6795 -0.3642 0.6369
vn -0.7058 -0.5330 0.4667
vn -0.9774 0.2065 0.0457
vn -0.9924 0.0818 -0.0923
vn -0.7345 0.5337 -0.4192
vn -0.7153 0.5080 -0.4798
vn -0.6987 0.5310 -0.4794
vn -0.7289 0.5383 -0.4231
vn -0.2126 0.5538 -0.8051
vn -0.2529 0.4972 -0.8300
vn 0.6156 0.1409 -0.7754
vn 0.6730 0.2611 -0.6920
vn 0.9384 -0.3449 -0.0191
vn 0.9632 -0.2661 0.0373
vn 0.6947 -0.5143 0.5029
vn 0.7159 -0.4903 0.4971
vn 0.7016 -0.4975 0.5102
vn 0.6885 -0.5153 0.5104
vn 0.1703 -0.5010 0.8485
vn 0.1517 -0.5554 0.8176
vn -0.6431 -0.1467 0.7516
vn -0.6912 -0.2507 0.6777
vn -0.9493 0.3061 0.0722
vn -0.9745 0.2242 -0.0102
vn -0.7313 0.4966 -0.4676
vn -0.7142 0.4786 -0.5108
vn -0.7048 0.4814 -0.5211
vn -0.7210 0.4981 -0.4818
vn -0.3574 0.9337 -0.0206
vn -0.4298 0.8956 -0.1151
vn 0.4147 0.8224 0.3895
vn 0.4106 0.8003 0.4369
vn 0.8980 -0.0418 0.4381
vn 0.8798 0.0188 0.4751
vn 0.7709 -0.5745 0.2750
vn 0.7964 -0.5647 0.2163
vn 0.7899 -0.5803 0.1982
vn 0.7517 -0.6086 0.2541
vn 0.2463 -0.9691 0.0124
vn 0.3838 -0.9133 -0.1359
vn -0.5621 -0.8105 -0.1646
vn -0.3728 -0.7673 -0.5217
vn -0.9274 -0.0863 -0.3639
vn -0.8048 -0.0234 -0.5932
vn -0.7991 0.5243 -0.2942
vn -0.7218 0.5627 -0.4029
vn -0.7162 0.5904 -0.3723
vn -0.7697 0.5653 -0.2966
vn -0.3156 0.9359 -0.1567
vn -0.3267 0.8604 -0.3911
vn 0.4184 0.8754 0.2423
vn 0.2846 0.8819 0.3757
vn 0.6947 0.4209 0.5832
vn 0.7347 0.2087 0.6455
vn 0.7252 -0.4992 0.4743
vn 0.7172 -0.5193 0.4647
vn 0.7168 -0.5307 0.4523
vn 0.6766 -0.5902 0.4403
vn 0.1003 -0.9154 0.3898
vn 0.3263 -0.9239 0.2000
vn -0.6277 -0.7664 0.1361
vn -0.3578 -0.8987 -0.2538
vn -0.9575 -0.1359 -0.2545
vn -0.7855 -0.2254 -0.5764
vn -0.7336 0.4448 -0.5138
vn -0.6430 0.4628 -0.6102
vn -0.6551 0.4952 -0.5707
vn -0.6974 0.4822 -0.5301
vn -0.2267 0.9103 -0.3463
vn -0.2878 0.8911 -0.3508
vn 0.4576 0.8614 0.2205
vn 0.5050 0.8497 0.1515
vn 0.8358 0.0887 0.5418
vn 0.8674 0.1044 0.4866
vn 0.6976 -0.5101 0.5031
vn 0.7122 -0.5310 0.4592
vn 0.7096 -0.5413 0.4511
vn 0.6643 -0.5652 0.4891
vn 0.1136 -0.9207 0.3734
vn 0.2697 -0.9325 0.2402
vn -0.6306 -0.7727 0.0735
vn -0.4804 -0.8480 -0.2238
vn -0.9244 -0.1440 -0.3532
vn -0.8068 -0.1200 -0.5785
vn -0.7383 0.4395 -0.5116
vn -0.6555 0.4719 -0.5896
vn -0.6519 0.4930 -0.5762
vn -0.6959 0.4927 -0.5224
vn -0.1465 0.7482 -0.6471
vn -0.2083 0.7171 -0.6651
vn 0.6931 0.6290 -0.3521
vn 0.6833 0.6731 -0.2829
vn 0.9662 -0.0498 0.2528
vn 0.9648 0.0136 0.2627
vn 0.7025 -0.4683 0.5359
vn 0.6992 -0.5037 0.5074
vn 0.6964 -0.5132 0.5016
vn 0.6820 -0.4902 0.5427
vn 0.0821 -0.7243 0.6846
vn 0.1552 -0.8300 0.5358
vn -0.7111 -0.5386 0.4520
vn -0.6536 -0.7258 0.2144
vn -0.9909 0.0019 -0.1346
vn -0.9364 -0.1055 -0.3346
vn -0.7317 0.4346 -0.5250
vn -0.6808 0.3922 -0.6187
vn -0.6799 0.4023 -0.6131
vn -0.7173 0.4393 -0.5409
vn 0.3688 -0.6837 -0.6297
vn -0.1003 -0.0348 -0.9943
vn -0.4539 0.8484 -0.2723
vn -0.6104 0.7909 0.0437
vn -0.6123 0.7906 -0.0015
vn -0.5953 0.6869 -0.4169
vn -0.3720 0.6325 -0.6794
vn -0.2318 0.6770 -0.6985
vn -0.5235 0.4320 -0.7344
vn -0.5730 0.5702 -0.5887
vn 0.0732 -0.3727 -0.9251
vn -0.5252 0.4338 -0.7321
vn 0.4652 -0.8743 0.1385
vn 0.4349 0.8770 -0.2043
vn 0.4022 -0.2717 0.8743
vn -0.8069 0.5426 0.2335
vn -0.3005 0.4548 0.8384
vn 0.5084 -0.8142 -0.2804
vn -0.2289 -0.4498 -0.8633
vn -0.0860 -0.3608 -0.9287
vn 0.4855 -0.8478 -0.2136
vn 0.3848 -0.9184 -0.0918
vn -0.5507 0.8343 -0.0249
vn -0.5257 0.8499 -0.0357
vn -0.5791 0.6135 -0.5369
vn -0.6636 0.5960 -0.4520
vn -0.5858 0.3071 -0.7500
vn -0.5187 0.3384 -0.7851
vn -0.5162 0.3275 -0.7914
vn -0.5915 0.3088 -0.7448
vn 0.5872 -0.7489 0.3073
vn 0.5703 -0.6939 0.4397
vn 0.3803 -0.4771 0.7923
vn 0.3635 -0.4841 0.7959
vn 0.0369 0.4805 0.8762
vn 0.0419 -0.9972 0.0615
vn -0.3778 -0.4972 -0.7810
vn -0.2435 -0.4599 -0.8539
vn 0.2576 -0.9661 0.0198
vn -0.3835 0.7536 -0.5339
vn -0.3360 0.9403 0.0541
vn -0.4299 0.9028 0.0153
vn -0.5188 0.6662 -0.5358
vn -0.4744 0.3691 -0.7992
vn -0.4103 0.3885 -0.8251
vn -0.4108 0.3859 -0.8261
vn -0.4610 0.3557 -0.8130
vn 0.2365 -0.7852 0.5723
vn 0.4098 -0.7289 0.5484
vn 0.4998 -0.3337 0.7993
vn 0.2958 -0.3876 0.8731
vn 0.2954 -0.3804 0.8764
vn 0.4655 -0.2879 0.8369
vn 0.1116 0.5612 0.8201
vn 0.0766 0.4857 0.8708
vn 0.5634 -0.3599 0.7437
vn 0.5758 -0.3468 0.7403
vn 0.5199 -0.0262 0.8538
vn 0.5417 -0.0911 0.8356
vn 0.9579 -0.2057 0.2003
vn 0.7825 -0.2514 -0.5696
vn 0.0559 -0.2502 -0.9666
vn -0.5822 -0.1700 -0.7951
vn -0.5896 -0.1519 -0.7933
vn -0.9743 0.0564 -0.2181
vn -0.8767 0.1867 0.4434
vn -0.1719 0.1026 0.9797
vn 0.5475 -0.0848 0.8325
vn 0.9892 0.0270 0.1438
vn 0.8323 0.0794 -0.5485
vn 0.1893 0.0082 -0.9819
vn -0.5630 -0.0629 -0.8241
vn -0.6026 -0.0816 -0.7939
vn -0.9816 0.1095 -0.1563
vn -0.8427 0.3097 0.4403
vn -0.2294 0.1929 0.9540
vn 0.5789 -0.0051 0.8154
vn 0.8080 0.5185 0.2799
vn 0.8996 0.3905 0.1957
vn 0.7358 0.4805 -0.4772
vn 0.6600 0.5873 -0.4684
vn 0.1339 0.3001 -0.9445
vn 0.0151 0.3659 -0.9305
vn -0.5453 -0.0873 -0.8337
vn -0.5771 -0.0444 -0.8155
vn -0.6042 -0.0724 -0.7936
vn -0.6037 -0.0851 -0.7926
vn -0.9655 -0.2209 -0.1379
vn -0.8107 -0.5585 -0.1759
vn -0.8612 -0.1766 0.4765
vn -0.5948 -0.7388 0.3169
vn -0.1835 0.0251 0.9827
vn -0.1080 -0.3779 0.9195
vn 0.5526 0.1540 0.8191
vn 0.4769 0.1780 0.8607
vn 0.8186 0.4351 0.3750
vn 0.8117 0.4859 0.3241
vn 0.6591 0.5861 -0.4712
vn 0.6759 0.5887 -0.4435
vn -0.0050 0.3218 -0.9468
vn 0.0162 0.2646 -0.9642
vn -0.5396 -0.0954 -0.8365
vn -0.4743 -0.1627 -0.8652
vn -0.4766 -0.1682 -0.8629
vn -0.5483 -0.1120 -0.8287
vn -0.6995 -0.6404 -0.3173
vn -0.6666 -0.6090 -0.4298
vn -0.4902 -0.8352 0.2492
vn -0.4731 -0.8471 0.2420
vn 0.0417 -0.4580 0.8880
vn 0.1531 -0.4611 0.8741
vn 0.5095 0.1127 0.8530
vn 0.5626 0.0456 0.8255
vn 0.8292 0.4010 0.3892
vn 0.6553 0.6508 -0.3834
vn 0.0128 0.3307 -0.9436
vn -0.5098 -0.1280 -0.8507
vn -0.5103 -0.1239 -0.8510
vn -0.7650 -0.5017 -0.4039
vn -0.6385 -0.7428 0.2014
vn 0.1215 -0.5391 0.8334
vn 0.6229 -0.0321 0.7817
vn 0.8389 0.3516 0.4156
vn 0.6645 0.7018 -0.2569
vn 0.0352 0.5095 -0.8598
vn -0.5117 -0.0115 -0.8591
vn -0.5165 0.0001 -0.8563
vn -0.8061 -0.4757 -0.3522
vn -0.6922 -0.6819 0.2363
vn 0.0915 -0.5053 0.8581
vn 0.6195 -0.0852 0.7804
vn 0.7824 0.3822 0.4917
vn 0.6489 0.7559 -0.0872
vn 0.1333 0.6669 -0.7332
vn -0.4789 0.0967 -0.8725
vn -0.4531 0.1505 -0.8786
vn -0.7348 -0.5681 -0.3706
vn -0.6267 -0.7727 0.1005
vn 0.0693 -0.6637 0.7448
vn 0.5709 -0.0667 0.8183
vn -0.6814 0.0334 -0.7311
vn -0.0208 0.3544 -0.9349
vn 0.0132 0.3334 -0.9427
vn -0.6584 0.0235 -0.7523
vn -0.9200 -0.3220 -0.2236
vn -0.9198 -0.3319 -0.2094
vn -0.7792 -0.5453 0.3089
vn -0.7559 -0.5863 0.2912
vn -0.7503 -0.5910 0.2962
vn -0.7932 -0.5176 0.3208
vn -0.4942 -0.6193 0.6101
vn -0.4553 -0.6910 0.5614
vn 0.5730 -0.4765 0.6668
vn 0.0715 -0.6743 0.7350
vn 0.0064 -0.6126 0.7904
vn 0.5121 -0.4319 0.7425
vn 0.9805 0.1731 -0.0934
vn 0.9100 -0.1688 0.3786
vn 0.8663 -0.1380 0.4802
vn 0.9752 0.2148 -0.0530
vn 0.8172 0.3592 -0.4506
vn 0.8173 0.3557 -0.4534
vn 0.8166 0.3573 -0.4534
vn 0.8219 0.3716 -0.4317
vn 0.5348 0.4138 -0.7367
vn 0.5242 0.4299 -0.7352
vn -0.7259 0.1349 -0.6744
vn -0.0697 0.4444 -0.8931
vn -0.9525 -0.2435 -0.1831
vn -0.7761 -0.5454 0.3165
vn -0.7722 -0.5508 0.3169
vn -0.4519 -0.6764 0.5816
vn 0.5974 -0.4938 0.6319
vn 0.1033 -0.6772 0.7286
vn 0.9839 0.1523 -0.0935
vn 0.9107 -0.2102 0.3557
vn 0.8177 0.3692 -0.4417
vn 0.8164 0.3685 -0.4445
vn 0.4999 0.4840 -0.7182
vn -0.7555 0.2224 -0.6162
vn -0.0739 0.5252 -0.8478
vn -0.9716 -0.2055 -0.1172
vn -0.7720 -0.5286 0.3531
vn -0.7649 -0.5387 0.3531
vn -0.4271 -0.6683 0.6091
vn 0.6042 -0.4840 0.6330
vn 0.1304 -0.6607 0.7392
vn 0.9883 0.1330 -0.0743
vn 0.9046 -0.2185 0.3661
vn 0.8341 0.3606 -0.4175
vn 0.8277 0.3722 -0.4199
vn 0.5099 0.5205 -0.6849
vn 0.2145 0.3319 0.9186
vn 0.5961 0.1810 0.7822
vn -0.3367 0.9097 -0.2430
vn -0.6910 0.7224 -0.0268
vn -0.9304 0.3576 0.0800
vn -0.6652 -0.6700 0.3297
vn -0.8710 -0.3863 0.3037
vn -0.6658 -0.6252 0.4071
vn -0.7212 -0.5504 0.4206
vn -0.7847 -0.4679 0.4067
vn -0.4245 -0.5092 0.7487
vn -0.4100 -0.3832 0.8277
vn 0.4373 0.1425 0.8880
vn 0.0790 -0.0974 0.9921
vn 0.1341 -0.3663 0.9208
vn 0.5441 -0.1475 0.8260
vn 0.8838 0.4536 0.1146
vn 0.7106 0.3223 0.6254
vn 0.8301 0.0505 0.5553
vn 0.9675 0.2516 0.0240
vn 0.8430 0.3664 -0.3939
vn 0.8212 0.4114 -0.3955
vn 0.7717 0.4514 -0.4480
vn 0.7856 0.3991 -0.4729
vn 0.2447 0.8193 -0.5185
vn 0.2265 0.8007 -0.5546
vn -0.1174 -0.8443 -0.5229
vn 0.4027 -0.4307 -0.8077
vn 0.6741 -0.6006 -0.4298
vn 0.2959 -0.9532 -0.0618
vn -0.2970 -0.9526 0.0655
vn -0.4689 -0.8829 -0.0265
vn -0.6851 -0.5383 0.4907
vn -0.6443 -0.5692 0.5108
vn -0.6328 -0.5598 0.5350
vn -0.7067 -0.5219 0.4777
vn -0.5338 -0.1947 0.8229
vn -0.5703 -0.1665 0.8044
vn 0.0715 0.6651 0.7433
vn -0.2732 0.3486 0.8966
vn -0.1671 0.2374 0.9569
vn 0.2052 0.5251 0.8259
vn 0.7003 0.7129 -0.0357
vn 0.3944 0.8000 0.4522
vn 0.5105 0.6780 0.5289
vn 0.7501 0.6606 0.0299
vn 0.7604 0.4827 -0.4345
vn 0.7824 0.4500 -0.4306
vn 0.7818 0.4456 -0.4362
vn 0.7585 0.4641 -0.4574
vn 0.7515 -0.0272 -0.6591
vn 0.7123 0.0692 -0.6985
vn -0.0950 -0.8334 -0.5445
vn 0.3752 -0.4072 -0.8327
vn -0.4086 -0.9127 -0.0103
vn -0.5327 -0.6298 0.5653
vn -0.5367 -0.5868 0.6063
vn -0.5049 -0.1545 0.8492
vn 0.0203 0.7116 0.7023
vn -0.2623 0.3913 0.8821
vn 0.6305 0.7721 -0.0795
vn 0.3159 0.8536 0.4143
vn 0.7316 0.4979 -0.4657
vn 0.7366 0.4927 -0.4633
vn 0.6718 0.1060 -0.7331
vn 0.0405 -0.8508 -0.5239
vn 0.3836 -0.4195 -0.8227
vn -0.3513 -0.9362 0.0132
vn -0.4618 -0.6846 0.5640
vn -0.4566 -0.6061 0.6513
vn -0.4689 -0.1324 0.8733
vn 0.0334 0.7320 0.6805
vn -0.2168 0.4181 0.8821
vn 0.5466 0.8253 -0.1418
vn 0.2662 0.8894 0.3716
vn 0.6578 0.5432 -0.5218
vn 0.6608 0.5411 -0.5201
vn 0.6306 0.1388 -0.7636
vn 0.2363 -0.7217 -0.6506
vn 0.5735 -0.2745 -0.7719
vn 0.4549 -0.3936 -0.7988
vn 0.2180 -0.8053 -0.5514
vn -0.4204 -0.9073 0.0014
vn -0.4507 -0.8759 -0.1722
vn -0.4443 -0.7428 0.5008
vn -0.4929 -0.7622 0.4196
vn -0.7629 -0.0855 0.6408
vn -0.4438 -0.5744 0.6879
vn -0.5066 -0.1053 0.8557
vn -0.4321 0.0117 0.9017
vn -0.0554 0.9249 0.3761
vn -0.2425 0.6407 0.7285
vn -0.1542 0.3959 0.9053
vn 0.0785 0.7653 0.6388
vn 0.1852 0.9538 -0.2364
vn -0.0376 0.9927 0.1144
vn 0.2002 0.9310 0.3052
vn 0.4347 0.8866 -0.1578
vn 0.5822 0.6739 -0.4549
vn 0.6366 0.5833 -0.5045
vn 0.6565 0.1686 -0.7353
vn 0.7094 0.2436 -0.6614
vn -0.2505 0.7159 -0.6518
vn -0.7693 0.5471 -0.3300
vn -0.9886 -0.0882 -0.1221
vn -0.8022 -0.4789 0.3566
vn -0.7783 -0.5030 0.3759
vn -0.4559 -0.5654 0.6873
vn 0.1043 -0.4744 0.8741
vn 0.5687 -0.2746 0.7754
vn 0.8747 -0.0702 0.4795
vn 0.9856 0.1596 -0.0559
vn 0.8565 0.3232 -0.4025
vn 0.8255 0.3481 -0.4442
vn 0.4077 0.5742 -0.7100
vn 0.3837 0.0060 -0.9234
vn 0.7927 0.0406 -0.6083
vn 0.7262 0.0273 -0.6869
vn 0.2747 -0.0358 -0.9609
vn 0.8156 -0.5630 0.1334
vn 0.6885 -0.6552 0.3110
vn 0.4702 -0.8816 0.0401
vn 0.5131 -0.8554 0.0703
vn 0.9735 -0.2276 -0.0226
vn 0.9809 -0.1930 0.0258
vn 0.9692 -0.2462 0.0009
vn 0.9999 0.0126 -0.0046
vn 0.9261 0.0867 -0.3672
vn 0.9621 0.0004 -0.2726
vn 0.4564 0.1934 -0.8685
vn 0.8073 0.0965 -0.5822
vn 0.9125 -0.2183 0.3460
vn 0.7063 -0.2606 0.6582
vn 0.9801 -0.1971 0.0219
vn 0.9775 -0.2067 0.0415
vn 0.9679 -0.0437 -0.2475
vn 0.4485 0.3962 -0.8012
vn 0.7967 0.2321 -0.5579
vn 0.9123 -0.0941 0.3986
vn 0.6401 0.1448 0.7545
vn 0.9919 -0.0924 0.0870
vn 0.9918 -0.0851 0.0956
vn 0.9723 0.0412 -0.2299
vn 0.4522 0.4784 -0.7527
vn 0.8073 0.2733 -0.5230
vn 0.9124 -0.1615 0.3761
vn 0.6252 0.0052 0.7805
vn 0.9958 0.0856 0.0328
vn 0.9919 0.0509 0.1167
vn 0.9782 0.1309 -0.1611
vn 0.4104 0.4739 -0.7791
vn 0.8115 0.2431 -0.5314
vn 0.9302 -0.1458 0.3369
vn 0.7345 -0.3832 0.5600
vn 0.9775 0.1658 -0.1301
vn 0.9467 0.2037 0.2494
vn 0.9880 0.1163 -0.1020
vn 0.3433 0.5126 -0.7870
vn 0.7472 0.2931 -0.5965
vn 0.9772 -0.0576 0.2043
vn 0.8010 -0.2384 0.5492
vn 0.9108 0.3618 -0.1987
vn 0.9174 0.1486 0.3691
vn 0.9658 0.0750 -0.2484
vn 0.2046 0.6520 -0.7301
vn 0.5821 0.4064 -0.7043
vn 0.9216 -0.1070 0.3730
vn 0.8073 -0.1373 0.5739
vn 0.9803 -0.1329 0.1464
vn 0.9788 0.1953 -0.0619
vn 0.9869 0.0633 -0.1485
vn 0.1416 -0.7839 -0.6045
vn 0.8584 0.1148 0.5000
vn 0.5592 0.2855 0.7783
vn 0.8636 -0.0391 0.5027
vn -0.1273 -0.2889 -0.9489
vn 0.0100 0.8949 -0.4461
vn 0.2039 0.9371 -0.2832
vn 0.2853 0.7107 -0.6431
vn 0.1216 0.7070 -0.6967
vn 0.6031 0.2106 0.7694
vn 0.4389 0.0899 0.8940
vn 0.5504 -0.0011 0.8349
vn 0.8659 -0.1386 0.4807
vn -0.0221 0.9830 -0.1820
vn 0.0898 0.9949 -0.0455
vn 0.4640 0.4175 0.7813
vn 0.2270 0.1154 0.9670
vn 0.6195 0.6498 0.4405
vn 0.4788 0.6829 0.5518
vn 0.4753 0.6368 0.6071
vn 0.4949 0.5426 0.6787
vn 0.3107 0.9504 -0.0142
vn 0.2342 0.9542 0.1864
vn 0.0812 0.9518 -0.2957
vn 0.2443 0.9644 -0.1010
vn 0.2972 0.3818 0.8751
vn 0.1067 0.0081 0.9943
vn 0.4340 0.6520 0.6218
vn 0.2844 0.8096 0.5135
vn 0.2732 0.9544 0.1206
vn 0.2366 -0.2950 -0.9257
vn 0.7312 -0.0102 -0.6821
vn 0.6090 -0.1534 -0.7782
vn 0.1591 -0.5242 -0.8366
vn 0.1732 0.5071 -0.8443
vn -0.0674 -0.3694 -0.9268
vn -0.2562 -0.4969 -0.8291
vn 0.0997 -0.7545 -0.6486
vn -0.1168 0.3336 -0.9355
vn -0.6835 0.5394 -0.4919
vn -0.7344 0.1921 -0.6510
vn -0.3778 -0.5745 -0.7261
vn -0.6537 0.6474 -0.3919
vn -0.4483 0.8074 -0.3836
vn 0.7272 0.6070 -0.3205
vn 0.4439 0.7745 -0.4507
vn 0.7996 0.2119 -0.5619
vn 0.9026 0.2073 -0.3773
vn 0.6996 -0.1499 0.6987
vn 0.3981 0.4113 -0.8200
vn 0.1267 0.6454 -0.7533
vn 0.5935 0.4525 0.6655
vn 0.3597 0.9317 -0.0508
vn 0.6696 -0.2092 0.7126
vn 0.6610 0.5789 0.4775
vn 0.8851 -0.4588 -0.0783
vn 0.8004 -0.5867 -0.1228
vn -0.3919 -0.8076 -0.4407
vn -0.6550 0.4955 -0.5705
vn -0.4068 -0.8283 -0.3853
vn 0.0525 0.7328 -0.6784
vn -0.1212 0.7890 -0.6023
vn 0.3636 0.8745 -0.3211
vn 0.7171 0.6966 0.0228
vn 0.5950 0.6347 -0.4930
vn 0.4536 0.8059 -0.3805
vn 0.1963 0.1589 -0.9676
vn -0.4651 0.0765 -0.8820
vn -0.5363 -0.0645 -0.8416
vn 0.0911 0.1162 -0.9890
vn -0.4658 0.0879 -0.8805
vn -0.8829 0.0284 -0.4687
vn -0.9506 -0.1099 -0.2902
vn -0.5729 -0.0452 -0.8184
vn -0.9940 0.0237 0.1066
vn -0.9502 -0.0025 0.3117
vn 0.8583 0.1974 -0.4737
vn 0.6420 0.2173 -0.7353
vn 0.5921 0.2346 -0.7710
vn 0.8417 0.2480 -0.4795
vn -0.9504 0.2034 0.2354
vn -0.8571 0.2437 0.4538
vn -0.6985 0.6368 0.3265
vn -0.8554 0.4342 0.2825
vn 0.2838 0.3779 0.8813
vn 0.1391 0.9008 0.4113
vn -0.1230 0.8947 0.4295
vn -0.2565 0.3534 0.8996
vn 0.9618 0.2720 0.0304
vn 0.7448 0.6669 -0.0235
vn 0.5349 0.8298 0.1593
vn 0.8747 0.2958 0.3840
vn -0.4122 -0.2423 -0.8783
vn 0.2299 -0.3795 -0.8962
vn -0.7794 -0.4532 -0.4326
vn -0.4122 -0.2385 -0.8793
vn -0.8300 -0.5554 0.0509
vn -0.5554 -0.8168 0.1562
vn -0.5412 -0.7802 0.3136
vn 0.2728 -0.4978 0.8232
vn -0.2346 -0.5654 0.7908
vn 0.6345 -0.7721 0.0361
vn 0.7187 -0.6220 0.3108
vn 0.5577 -0.5568 -0.6156
vn 0.6997 -0.6036 -0.3822
vn 0.4927 0.5287 -0.6912
vn 0.7628 0.5090 -0.3988
vn 0.7641 0.4836 -0.4269
vn 0.9059 0.4207 0.0487
vn 0.7622 0.2228 0.6078
vn 0.4036 0.0159 0.9148
vn -0.1606 -0.2163 0.9630
vn -0.6518 -0.3119 0.6913
vn -0.8907 -0.3128 0.3300
vn -0.8802 -0.3149 0.3552
vn -0.9433 -0.1619 -0.2899
vn -0.5843 0.1579 -0.7960
vn 0.0448 0.4293 -0.9021
vn -0.7090 0.4763 0.5201
vn -0.7070 0.2057 0.6767
vn -0.8569 0.1417 0.4957
vn -0.9289 0.1338 0.3452
vn 0.1090 0.8380 0.5346
vn 0.3064 0.4205 0.8540
vn -0.2125 0.3431 0.9149
vn -0.2012 0.8102 0.5506
vn 0.7764 0.6109 0.1548
vn 0.9494 0.3137 0.0149
vn 0.7248 0.3903 0.5677
vn 0.3910 0.8272 0.4035
vn 0.9308 0.3085 -0.1959
vn 0.9521 0.1855 -0.2431
vn -0.5992 -0.7752 0.2003
vn 0.5968 -0.7827 -0.1767
vn -0.5360 0.7740 0.3370
vn 0.0462 0.9763 0.2113
vn -0.0837 0.9664 0.2429
vn 0.5415 0.8376 0.0725
vn 0.1912 0.9647 0.1810
vn 0.8353 0.5455 -0.0689
vn 0.9557 0.2208 -0.1948
vn 0.5782 -0.8064 -0.1240
vn -0.3878 0.8359 0.3885
vn 0.3305 0.8930 0.3055
vn 0.0108 -0.9999 0.0008
vn -0.5423 -0.7778 0.3178
vn -0.5363 -0.8306 0.1501
vn 0.0205 -0.9998 0.0045
vn -0.5576 -0.8092 0.1848
vn 0.0313 -0.9995 -0.0070
vn -0.8100 -0.5852 0.0370
vn 0.0382 -0.9993 0.0016
vn -0.7837 -0.4402 -0.4383
vn 0.0417 -0.9991 0.0038
vn -0.4148 -0.2025 -0.8871
vn 0.0046 -0.9998 -0.0173
vn 0.2717 -0.5046 0.8195
vn -0.2338 -0.5710 0.7869
vn -0.4074 -0.6574 0.6339
vn 0.2273 -0.3486 -0.9093
vn 0.5718 -0.5296 -0.6265
vn 0.7111 -0.5840 -0.3915
vn 0.6143 -0.7691 -0.1764
vn 0.5834 -0.8027 -0.1240
vn 0.6337 -0.7726 0.0389
vn 0.6565 -0.5593 0.5062
vn 0.7152 -0.6266 0.3094
vn 0.7286 0.3371 0.5962
vn 0.6594 -0.5534 0.5088
vn -0.5299 0.2981 0.7940
vn -0.4097 -0.6539 0.6360
vn 0.5242 -0.7215 0.4524
vn 0.1358 -0.7315 0.6682
vn 0.0723 -0.9956 0.0596
vn 0.3329 -0.9379 -0.0976
vn 0.4931 -0.2176 0.8423
vn 0.1460 -0.1843 0.9720
vn 0.4499 0.2907 0.8444
vn 0.2172 0.1410 0.9659
vn 0.5029 0.1505 0.8512
vn 0.2765 -0.0244 0.9607
vn 0.4332 -0.4748 0.7661
vn 0.1797 -0.4557 0.8718
vn 0.4255 -0.3509 0.8342
vn 0.1269 -0.3414 0.9313
vn 0.4160 -0.1892 0.8895
vn 0.0610 -0.1682 0.9839
vn 0.1290 0.1479 0.9805
vn -0.0620 0.1548 0.9860
vn -0.0470 0.0253 0.9986
vn 0.1915 0.0418 0.9806
vn 0.0935 0.0509 0.9943
vn -0.0141 0.0333 0.9993
vn 0.0402 -0.0490 0.9980
vn -0.1461 -0.1166 0.9824
vn -0.0023 -0.2243 0.9745
vn 0.3318 -0.1753 0.9269
vn 0.0311 -0.8592 -0.5107
vn -0.8154 0.3688 -0.4463
vn 0.3613 -0.7947 -0.4878
vn -0.3816 -0.0136 0.9242
vn 0.6635 0.4743 -0.5786
vn 0.8366 0.4788 -0.2663
vn 0.9357 0.2313 0.2663
vn 0.7287 0.1068 0.6765
vn 0.4419 0.0659 0.8946
vn 0.0449 0.0284 0.9986
vn -0.1585 0.0015 0.9874
vn -0.1732 0.0866 0.9811
vn -0.0288 0.0741 0.9968
vn 0.0709 0.0542 0.9960
vn 0.5059 0.1628 0.8471
vn 0.7999 0.2901 0.5254
vn 0.8555 0.5177 0.0091
vn 0.5596 0.7333 -0.3863
vn 0.2466 0.7666 -0.5929
vn 0.3164 0.9394 -0.1319
vn 0.0493 0.7161 -0.6962
vn -0.3806 0.2147 -0.8995
vn -0.3332 0.2475 -0.9098
vn -0.6031 -0.6507 -0.4614
vn -0.3076 -0.9504 -0.0470
vn 0.2565 -0.6326 0.7307
vn 0.5277 -0.1341 0.8388
vn 0.4935 0.5375 0.6838
vn -0.0150 0.3677 -0.9298
vn -0.0630 0.3572 -0.9319
vn -0.7391 0.1060 -0.6652
vn -0.7236 0.1200 -0.6797
vn -0.9552 -0.2388 -0.1748
vn -0.7704 -0.5291 0.3557
vn -0.7551 -0.5551 0.3488
vn -0.4623 -0.6141 0.6397
vn 0.0946 -0.5520 0.8284
vn 0.5803 -0.3685 0.7262
vn 0.8915 -0.1516 0.4269
vn 0.9901 0.1018 -0.0966
vn 0.8549 0.2223 -0.4688
vn 0.8421 0.2165 -0.4940
vn 0.8269 0.2478 -0.5048
vn 0.8423 0.2376 -0.4837
vn 0.5196 0.3480 -0.7803
vn 0.5521 0.3488 -0.7573
vn 0.3075 0.8885 0.3406
vn 0.2784 0.8571 0.4334
vn 0.2775 0.8264 0.4899
vn -0.0668 0.7990 0.5977
vn -0.0610 0.8257 0.5608
vn -0.0616 0.8397 0.5395
vn -0.8844 0.4566 0.0968
vn -0.8849 0.4630 -0.0506
vn -0.4071 0.7325 0.5456
vn -0.3798 0.7329 0.5645
vn -0.1676 0.6578 0.7343
vn -0.1890 0.6618 0.7254
vn -0.0374 0.5788 0.8146
vn -0.0266 0.5329 0.8457
vn 0.4409 0.6499 -0.6190
vn 0.4408 0.6505 -0.6185
vn 0.4409 0.6498 -0.6191
vn 0.4831 0.6383 -0.5993
vn 0.4829 0.6391 -0.5986
vn 0.4831 0.6381 -0.5995
vn -0.1566 0.9417 0.2979
vn -0.1580 0.9393 0.3046
vn -0.2702 0.9221 0.2772
vn -0.2757 0.9195 0.2801
vn -0.2976 0.9387 0.1738
vn -0.2969 0.9390 0.1737
vn -0.2965 0.9391 0.1737
vn -0.2953 0.9400 0.1707
vn -0.2963 0.9397 0.1708
vn -0.2969 0.9395 0.1707
vn -0.0573 0.9977 0.0353
vn -0.0572 0.9977 0.0353
vn -0.3250 0.8832 0.3380
vn -0.3313 0.8845 0.3286
vn -0.3312 0.8845 0.3286
vn -0.2474 0.9370 0.2467
vn -0.0138 0.4302 0.9026
vn 0.0023 0.4811 0.8767
vn 0.0076 0.4758 0.8795
vn 0.0464 0.5182 0.8540
vn -0.2270 -0.1847 0.9562
vn -0.2214 -0.1316 0.9663
vn -0.2143 -0.0878 0.9728
vn -0.5168 0.1176 0.8480
vn -0.5035 0.0059 0.8640
vn -0.5210 -0.0855 0.8493
vn -0.0468 0.7686 0.6380
vn -0.0486 0.7675 0.6392
vn -0.2162 0.6862 0.6945
vn -0.2109 0.6893 0.6931
vn -0.0313 0.8567 0.5149
vn -0.0345 0.8583 0.5119
vn -0.1467 0.8966 0.4178
vn -0.1532 0.8952 0.4185
vn -0.2023 0.8684 0.4528
vn -0.2044 0.8663 0.4557
vn -0.1303 0.8844 0.4482
vn -0.1290 0.8858 0.4458
vn -0.2203 0.8313 0.5102
vn -0.2183 0.8316 0.5106
vn -0.2267 0.8330 0.5047
vn -0.2263 0.8329 0.5050
vn -0.2754 0.8209 0.5003
vn -0.2828 0.8210 0.4960
vn -0.2151 0.8299 0.5148
vn -0.2137 0.8316 0.5127
vn -0.3302 0.7708 0.5449
vn -0.3372 0.7674 0.5453
vn -0.3381 0.7073 0.6208
vn -0.3453 0.7035 0.6211
vn -0.3477 0.7729 0.5308
vn -0.3432 0.7773 0.5273
vn -0.5890 -0.6188 0.5197
vn -0.6038 -0.6067 0.5171
vn -0.4946 -0.6502 0.5767
vn -0.4729 0.4213 0.7739
vn -0.5230 -0.6421 0.5605
vn -0.4722 -0.7814 0.4080
vn -0.4599 -0.7930 0.3995
vn -0.4752 -0.8284 0.2967
vn -0.3954 -0.7596 0.5164
vn -0.3870 -0.8678 0.3117
vn -0.3177 -0.8847 0.3412
vn -0.3567 -0.8690 0.3429
vn -0.0311 -0.8488 0.5278
vn 0.1810 -0.8353 -0.5192
vn 0.0485 -0.7581 0.6503
vn -0.3172 -0.9025 0.2912
vn -0.3147 -0.8995 0.3030
vn -0.2350 -0.9540 0.1863
vn 0.9041 0.4132 0.1091
vn -0.2491 -0.9508 0.1840
vn -0.6155 0.4502 0.6469
vn -0.6037 0.4506 0.6576
vn -0.8222 0.4199 0.3842
vn -0.8198 0.4228 0.3863
vn -0.7610 0.4863 -0.4294
vn -0.7554 0.4845 -0.4411
vn -0.8602 0.4922 -0.1333
vn -0.8321 0.5369 -0.1391
vn -0.8452 0.4605 -0.2715
vn -0.8408 0.4658 -0.2759
vn -0.9241 0.3783 0.0536
vn -0.9277 0.3706 0.0456
vn -0.8396 0.4736 -0.2659
vn -0.8413 0.4753 -0.2575
vn -0.2428 0.9671 0.0766
vn -0.2332 0.9700 0.0685
vn -0.4205 0.8903 0.1750
vn -0.3821 0.9079 0.1723
vn -0.9270 0.3748 -0.0156
vn -0.9266 0.3518 0.1329
vn -0.9283 0.3474 0.1328
vn -0.9276 0.3640 0.0836
vn 0.2491 0.9670 -0.0534
vn 0.3205 0.9298 -0.1808
vn 0.1976 0.9587 -0.2047
vn 0.1865 0.9815 -0.0442
vn 0.2909 0.9566 -0.0187
vn 0.4536 0.8521 -0.2609
vn 0.1616 0.9629 -0.2162
vn 0.1525 0.9873 -0.0448
vn -0.5029 -0.7805 0.3714
vn -0.5006 -0.7757 0.3843
vn 0.1594 0.9854 -0.0594
vn -0.3011 0.0020 -0.9536
vn -0.4766 0.0032 -0.8791
vn 0.7774 -0.2375 -0.5824
vn 0.7774 -0.2374 -0.5825
vn -0.3659 0.0484 -0.9294
vn -0.3723 0.0492 -0.9268
vn 0.7493 0.2062 -0.6294
vn 0.7674 -0.2713 -0.5810
vn 0.7673 -0.2713 -0.5811
vn 0.7690 -0.2625 -0.5829
vn 0.7673 -0.2637 -0.5845
vn 0.7661 -0.2646 -0.5857
vn -0.1812 -0.9593 0.2167
vn -0.2195 -0.9469 0.2351
vn -0.3318 0.1505 0.9313
vn -0.7774 0.2375 0.5825
vn -0.7773 0.2376 0.5825
vn -0.7078 -0.4080 0.5767
vn -0.7109 -0.4092 0.5719
vn -0.7049 -0.4228 0.5695
vn -0.6975 -0.4231 0.5783
vn 0.3674 -0.0486 0.9288
vn 0.3694 -0.0489 0.9280
vn -0.7639 0.2712 0.5855
vn -0.2483 0.1746 0.9528
vn -0.7647 0.2714 0.5844
vn -0.7707 0.2621 0.5809
vn -0.7696 0.2616 0.5824
vn -0.7687 0.2612 0.5838
vn -0.2820 -0.7782 0.5612
vn 0.8877 0.3437 -0.3063
vn 0.5677 0.7807 -0.2609
vn 0.1348 0.9788 -0.1541
vn 0.9568 -0.0525 -0.2859
vn 0.8840 -0.4010 -0.2403
vn 0.8005 -0.5187 -0.3002
vn 0.7603 -0.2408 -0.6033
vn -0.3878 -0.9117 0.1355
vn 0.7990 -0.4547 0.3936
vn 0.6305 -0.4386 -0.6404
vn 0.1733 -0.7197 0.6723
vn -0.1239 -0.9157 -0.3823
vn 0.3695 0.6233 -0.6891
vn 0.1346 0.7474 -0.6506
vn 0.2262 -0.1388 0.9641
vn 0.2618 -0.4328 0.8627
vn 0.7340 -0.3071 0.6058
vn 0.6493 -0.0217 0.7602
vn 0.1338 0.0930 0.9866
vn 0.5710 0.1276 0.8109
vn -0.0180 0.1643 0.9862
vn 0.5021 0.1023 0.8588
vn -0.1652 0.6066 0.7776
vn -0.1594 0.1890 0.9690
vn 0.3194 0.1518 0.9354
vn 0.2550 0.5777 0.7754
vn -0.1530 0.8983 0.4119
vn 0.2763 0.8556 0.4378
vn -0.2027 0.9784 -0.0414
vn 0.1496 0.9881 -0.0362
vn -0.2248 0.9330 -0.2809
vn 0.1403 0.9510 -0.2756
vn -0.1732 0.7453 -0.6438
vn 0.1752 0.6992 -0.6931
vn -0.1594 0.6556 -0.7381
vn 0.3315 0.5941 -0.7329
vn -0.1033 0.5166 -0.8500
vn 0.4357 0.4920 -0.7537
vn -0.3782 -0.7200 0.5819
vn 0.0770 -0.7012 0.7088
vn -0.3530 -0.6466 0.6762
vn 0.1454 -0.7217 0.6768
vn 0.2053 -0.6384 0.7419
vn -0.3407 -0.7008 0.6268
vn 0.3143 -0.7336 0.6025
vn -0.1496 -0.9386 0.3109
vn 0.3031 -0.9209 0.2452
vn -0.2414 -0.9700 0.0297
vn 0.2233 -0.9744 0.0263
vn -0.3524 -0.8738 -0.3351
vn 0.2229 -0.8863 -0.4060
vn -0.4374 -0.5628 -0.7014
vn 0.2349 -0.5949 -0.7687
vn -0.4814 -0.1723 -0.8594
vn 0.1872 -0.1656 -0.9683
vn -0.6303 -0.0947 -0.7706
vn -0.5754 -0.1489 -0.8042
vn 0.0464 -0.1603 -0.9860
vn -0.0816 -0.1265 -0.9886
vn -0.7261 0.0553 -0.6853
vn -0.1734 0.0892 -0.9808
vn -0.7071 0.0326 -0.7063
vn -0.2971 0.1954 -0.9346
vn -0.2666 0.1768 -0.9474
vn -0.2222 0.0887 -0.9709
vn -0.0347 -0.1260 -0.9914
vn 0.0496 -0.1616 -0.9856
vn 0.3195 -0.1709 -0.9320
vn 0.3802 -0.5655 -0.7319
vn 0.3382 -0.8496 -0.4048
vn 0.3126 -0.9497 0.0158
vn 0.3539 -0.9037 0.2408
vn 0.2741 -0.7343 0.6210
vn 0.1307 -0.6445 0.7533
vn -0.9073 -0.2720 0.3208
vn -0.4618 -0.4513 0.7636
vn -0.5790 -0.1168 0.8069
vn -0.8949 0.0491 0.4435
vn -0.3128 0.0477 0.9486
vn -0.7688 0.1087 0.6301
vn -0.1533 0.1356 0.9788
vn -0.6987 0.0353 0.7145
vn -0.5410 0.1551 0.8266
vn 0.0395 0.1936 0.9803
vn -0.0697 0.6045 0.7936
vn -0.5067 0.5101 0.6950
vn -0.0308 0.9376 0.3463
vn -0.4360 0.8221 0.3662
vn 0.0403 0.9982 -0.0451
vn -0.3606 0.9299 -0.0730
vn 0.0923 0.9542 -0.2844
vn -0.3374 0.9032 -0.2654
vn 0.1126 0.7845 -0.6099
vn -0.2189 0.7700 -0.5993
vn 0.2355 0.6836 -0.6909
vn -0.2758 0.6434 -0.7141
vn 0.2410 0.5277 -0.8145
vn -0.3028 0.4881 -0.8186
vn 0.2877 -0.6936 0.6604
vn -0.1664 -0.7173 0.6766
vn -0.2239 -0.7464 0.6268
vn 0.2728 -0.6209 0.7349
vn -0.2342 -0.6857 0.6891
vn 0.3618 -0.6631 0.6553
vn -0.1844 -0.8020 0.5682
vn 0.2678 -0.8893 0.3707
vn -0.0683 -0.9728 0.2216
vn 0.3958 -0.9066 0.1462
vn 0.0454 -0.9985 0.0290
vn 0.4883 -0.8652 -0.1135
vn -0.0013 -0.8867 -0.4623
vn 0.6045 -0.5407 -0.5849
vn 0.0425 -0.5775 -0.8153
vn 0.5948 -0.1137 -0.7958
vn 0.0090 -0.1624 -0.9867
vn 0.2439 -0.1124 -0.9633
vn 0.7325 -0.0770 -0.6764
vn 0.7633 -0.1276 -0.6333
vn 0.3628 -0.1284 -0.9230
vn 0.9392 -0.0017 -0.3434
vn 0.6938 0.0753 -0.7162
vn 0.8981 0.0050 -0.4397
vn 0.6237 0.1167 -0.7729
vn 0.5966 0.1048 -0.7956
vn 0.4629 0.0757 -0.8832
vn 0.2630 -0.1042 -0.9592
vn 0.1221 -0.1322 -0.9837
vn -0.0354 -0.1633 -0.9859
vn -0.0694 -0.5988 -0.7979
vn -0.1262 -0.8851 -0.4480
vn -0.1301 -0.9914 -0.0135
vn -0.1549 -0.9668 0.2034
vn -0.2717 -0.7997 0.5354
vn -0.1701 -0.7003 0.6933
vt 0.103610 0.001680
vt 0.102840 0.006210
vt 0.098040 0.004210
vt 0.096310 0.000960
vt 0.111410 0.009490
vt 0.106750 0.011360
vt 0.112960 0.019220
vt 0.108500 0.016760
vt 0.096440 0.000000
vt 0.103720 0.000720
vt 0.097480 0.004950
vt 0.095480 0.001530
vt 0.102230 0.006990
vt 0.105980 0.011950
vt 0.104330 0.001030
vt 0.112090 0.008790
vt 0.112320 0.019960
vt 0.107760 0.017370
vt 0.112390 0.009410
vt 0.113890 0.018990
vt 0.129060 0.002560
vt 0.131070 0.007370
vt 0.126530 0.008130
vt 0.125820 0.000830
vt 0.134350 0.015940
vt 0.136210 0.011270
vt 0.141610 0.013020
vt 0.144080 0.017480
vt 0.125570 0.008240
vt 0.124850 0.000960
vt 0.126380 0.000000
vt 0.129810 0.002000
vt 0.131840 0.006760
vt 0.136800 0.010500
vt 0.133650 0.016620
vt 0.125880 0.008850
vt 0.142230 0.012280
vt 0.144810 0.016840
vt 0.143850 0.018410
vt 0.134260 0.016910
vt 0.349350 0.060320
vt 0.337060 0.070460
vt 0.319280 0.041850
vt 0.332340 0.033140
vt 0.300210 0.014830
vt 0.316700 0.004240
vt 0.582450 0.017320
vt 0.597830 0.029480
vt 0.576200 0.054500
vt 0.564050 0.044540
vt 0.555690 0.081220
vt 0.544460 0.069930
vt 0.531350 0.107850
vt 0.521730 0.094110
vt 0.501370 0.127910
vt 0.495540 0.113030
vt 0.471450 0.138710
vt 0.469180 0.123450
vt 0.443260 0.139190
vt 0.443940 0.125280
vt 0.415240 0.135950
vt 0.419000 0.120980
vt 0.386530 0.122260
vt 0.393790 0.108020
vt 0.358670 0.099350
vt 0.369590 0.086620
vt 0.387190 0.037760
vt 0.373240 0.045970
vt 0.362340 0.023910
vt 0.378830 0.019000
vt 0.356140 0.002140
vt 0.375100 0.000000
vt 0.524750 0.007370
vt 0.543420 0.011360
vt 0.535110 0.032420
vt 0.519180 0.025910
vt 0.522090 0.053300
vt 0.509020 0.043760
vt 0.505960 0.072540
vt 0.495630 0.059910
vt 0.486380 0.086350
vt 0.479860 0.072260
vt 0.465810 0.094300
vt 0.463000 0.079580
vt 0.445420 0.095340
vt 0.446110 0.081240
vt 0.425220 0.092310
vt 0.429460 0.077930
vt 0.405530 0.082370
vt 0.413410 0.068990
vt 0.387410 0.066700
vt 0.398930 0.055150
vt 0.401290 0.031140
vt 0.395320 0.015940
vt 0.393930 0.000390
vt 0.505980 0.005900
vt 0.503060 0.021250
vt 0.495640 0.035790
vt 0.485250 0.048810
vt 0.473180 0.059150
vt 0.460120 0.065540
vt 0.446800 0.067290
vt 0.433710 0.064240
vt 0.421340 0.056600
vt 0.410350 0.045120
vt 0.415430 0.026410
vt 0.411740 0.015280
vt 0.412180 0.004170
vt 0.487440 0.007880
vt 0.486790 0.018970
vt 0.482030 0.029690
vt 0.474820 0.039330
vt 0.466390 0.047120
vt 0.457120 0.052160
vt 0.447470 0.053630
vt 0.438010 0.051220
vt 0.429280 0.045300
vt 0.421650 0.036710
vt 0.430130 0.023820
vt 0.428520 0.017520
vt 0.429610 0.011740
vt 0.469360 0.013700
vt 0.469870 0.019550
vt 0.467650 0.025660
vt 0.463860 0.031340
vt 0.459170 0.035970
vt 0.453850 0.039090
vt 0.448140 0.039950
vt 0.442550 0.038530
vt 0.437560 0.034900
vt 0.433350 0.029840
vt 0.448900 0.024630
vt 0.319430 0.091710
vt 0.300360 0.066880
vt 0.282760 0.049040
vt 0.611840 0.065240
vt 0.592560 0.081270
vt 0.571150 0.104100
vt 0.544050 0.127000
vt 0.513790 0.149590
vt 0.478110 0.163940
vt 0.441780 0.169140
vt 0.406150 0.160390
vt 0.372040 0.142620
vt 0.344150 0.117160
vt 0.001810 0.034390
vt 0.007580 0.026440
vt 0.016120 0.025730
vt 0.015410 0.030180
vt 0.003340 0.028520
vt 0.005710 0.025340
vt 0.258190 0.016210
vt 0.257050 0.009130
vt 0.260730 0.000000
vt 0.262050 0.014260
vt 0.808030 0.000000
vt 0.808810 0.003630
vt 0.807810 0.009690
vt 0.804200 0.000530
vt 0.017800 0.026380
vt 0.018010 0.021600
vt 0.019250 0.022940
vt 0.253740 0.181820
vt 0.287320 0.179180
vt 0.287300 0.187700
vt 0.015860 0.031970
vt 0.002320 0.036170
vt 0.017930 0.026460
vt 0.017080 0.030090
vt 0.000000 0.034040
vt 0.001540 0.028080
vt 0.001940 0.027340
vt 0.004130 0.024340
vt 0.736880 0.117930
vt 0.732320 0.115620
vt 0.730960 0.113330
vt 0.737260 0.117290
vt 0.246150 0.003980
vt 0.246170 0.006780
vt 0.241770 0.006700
vt 0.241710 0.003780
vt 0.745250 0.090280
vt 0.740760 0.088030
vt 0.742440 0.086930
vt 0.745220 0.088840
vt 0.749090 0.085910
vt 0.747370 0.083700
vt 0.747360 0.082440
vt 0.750350 0.086280
vt 0.744320 0.082520
vt 0.741260 0.082280
vt 0.739720 0.080840
vt 0.743040 0.080460
vt 0.739350 0.084200
vt 0.741150 0.084510
vt 0.744920 0.122010
vt 0.747840 0.117650
vt 0.754110 0.117940
vt 0.749660 0.125710
vt 0.762770 0.122200
vt 0.760750 0.106140
vt 0.777040 0.111880
vt 0.772790 0.126360
vt 0.748160 0.088910
vt 0.749090 0.090130
vt 0.236820 0.005400
vt 0.235020 0.003580
vt 0.236970 0.003410
vt 0.242050 0.000000
vt 0.246330 0.000910
vt 0.237220 0.000220
vt 0.745270 0.092510
vt 0.737130 0.088990
vt 0.750990 0.091500
vt 0.753370 0.086720
vt 0.749570 0.080190
vt 0.742040 0.076140
vt 0.736140 0.077730
vt 0.736250 0.083740
vt 0.738340 0.095390
vt 0.747390 0.099690
vt 0.758080 0.089640
vt 0.755020 0.078020
vt 0.744530 0.069460
vt 0.731650 0.080740
vt 0.732710 0.079900
vt 0.733460 0.085460
vt 0.731830 0.086150
vt 0.733350 0.090920
vt 0.731530 0.091850
vt 0.248450 0.004200
vt 0.745240 0.107460
vt 0.735650 0.099460
vt 0.733810 0.113820
vt 0.732650 0.113400
vt 0.731410 0.096820
vt 0.733020 0.096510
vt 0.732350 0.098970
vt 0.731010 0.098930
vt 0.730520 0.086990
vt 0.730500 0.081520
vt 0.730410 0.092530
vt 0.730140 0.097650
vt 0.735660 0.118480
vt 0.738480 0.119860
vt 0.734870 0.121620
vt 0.733230 0.117920
vt 0.735440 0.125260
vt 0.740380 0.124140
vt 0.742850 0.129220
vt 0.736980 0.130190
vt 0.738510 0.115860
vt 0.742010 0.117540
vt 0.736960 0.115800
vt 0.733620 0.079260
vt 0.734550 0.084300
vt 0.734890 0.089720
vt 0.730530 0.103980
vt 0.730200 0.103660
vt 0.730770 0.101760
vt 0.731060 0.101800
vt 0.733720 0.099090
vt 0.734880 0.096060
vt 0.733770 0.074680
vt 0.735080 0.075070
vt 0.733930 0.076760
vt 0.732920 0.077350
vt 0.731830 0.077850
vt 0.732070 0.074820
vt 0.730450 0.078520
vt 0.730390 0.075540
vt 0.729920 0.102210
vt 0.730020 0.099480
vt 0.739520 0.105590
vt 0.736210 0.101760
vt 0.742690 0.113880
vt 0.740680 0.118720
vt 0.150560 0.000000
vt 0.159940 0.002970
vt 0.164690 0.008350
vt 0.160720 0.010090
vt 0.697710 0.001340
vt 0.703710 0.000000
vt 0.707380 0.000580
vt 0.707060 0.004420
vt 0.730420 0.104680
vt 0.730330 0.104940
vt 0.732080 0.102310
vt 0.747290 0.084440
vt 0.744750 0.083330
vt 0.748490 0.085940
vt 0.747640 0.088200
vt 0.745190 0.087910
vt 0.742950 0.086800
vt 0.741740 0.084560
vt 0.742560 0.083200
vt 0.791270 0.028760
vt 0.811890 0.039440
vt 0.807350 0.051120
vt 0.789070 0.041760
vt 0.767640 0.027520
vt 0.770020 0.041430
vt 0.741050 0.030540
vt 0.750780 0.043460
vt 0.735150 0.051840
vt 0.742190 0.056190
vt 0.827100 0.059520
vt 0.820130 0.068020
vt 0.800480 0.061210
vt 0.786860 0.053770
vt 0.772420 0.053250
vt 0.758860 0.054650
vt 0.750920 0.063400
vt 0.811140 0.074750
vt 0.793920 0.070130
vt 0.784600 0.064570
vt 0.774800 0.063130
vt 0.766160 0.064930
vt 0.760910 0.072030
vt 0.800810 0.079950
vt 0.791030 0.089620
vt 0.785540 0.085620
vt 0.779600 0.084450
vt 0.777260 0.085420
vt 0.773840 0.091080
vt 0.772950 0.096840
vt 0.793280 0.095360
vt 0.781880 0.094490
vt 0.776050 0.094380
vt 0.779010 0.090240
vt 0.782190 0.090130
vt 0.787470 0.095470
vt 0.785520 0.092050
vt 0.781950 0.099730
vt 0.775150 0.098750
vt 0.788360 0.098820
vt 0.732180 0.133470
vt 0.738550 0.134900
vt 0.740620 0.141770
vt 0.732500 0.139300
vt 0.763430 0.136420
vt 0.755380 0.130510
vt 0.775440 0.104600
vt 0.745980 0.134640
vt 0.751600 0.142080
vt 0.745230 0.154140
vt 0.733070 0.152400
vt 0.783120 0.130480
vt 0.775640 0.144060
vt 0.778690 0.109950
vt 0.777600 0.104740
vt 0.782630 0.105270
vt 0.784000 0.111580
vt 0.761780 0.151890
vt 0.782930 0.116590
vt 0.736990 0.065620
vt 0.780360 0.152130
vt 0.789850 0.138100
vt 0.788440 0.103530
vt 0.788610 0.108570
vt 0.766100 0.159710
vt 0.749950 0.164760
vt 0.790900 0.114710
vt 0.829510 0.068870
vt 0.821000 0.076630
vt 0.813390 0.082780
vt 0.803890 0.087400
vt 0.793710 0.104960
vt 0.833570 0.094380
vt 0.823960 0.100960
vt 0.814510 0.106620
vt 0.804870 0.110600
vt 0.821860 0.123190
vt 0.812890 0.127190
vt 0.803870 0.130240
vt 0.732820 0.065440
vt 0.781740 0.087360
vt 0.778090 0.087590
vt 0.774610 0.092470
vt 0.789380 0.093040
vt 0.786250 0.089250
vt 0.773670 0.097520
vt 0.790140 0.096950
vt 0.776190 0.104980
vt 0.784420 0.113390
vt 0.790000 0.109940
vt 0.790700 0.103460
vt 0.731930 0.129400
vt 0.833130 0.116940
vt 0.015580 0.291890
vt 0.029800 0.288510
vt 0.029800 0.296490
vt 0.015580 0.297920
vt 0.572170 0.921960
vt 0.583860 0.922660
vt 0.584100 0.928450
vt 0.574320 0.928540
vt 0.957220 0.393500
vt 0.965880 0.398740
vt 0.963660 0.404600
vt 0.951700 0.398190
vt 0.029800 0.304530
vt 0.015580 0.304200
vt 0.520790 0.942990
vt 0.517310 0.945700
vt 0.512620 0.939810
vt 0.518330 0.939520
vt 0.912770 0.346000
vt 0.918750 0.343520
vt 0.919090 0.348630
vt 0.914690 0.352540
vt 0.513260 0.931180
vt 0.517160 0.932750
vt 0.908770 0.353230
vt 0.912120 0.356950
vt 0.541240 0.909610
vt 0.535800 0.912080
vt 0.531270 0.911400
vt 0.532280 0.905370
vt 0.911800 0.388590
vt 0.917700 0.387450
vt 0.920210 0.394000
vt 0.910970 0.393980
vt 0.029800 0.323020
vt 0.015580 0.322710
vt 0.961470 0.422950
vt 0.952510 0.405180
vt 0.934530 0.402990
vt 0.935200 0.397670
vt 0.918800 0.400780
vt 0.951090 0.421750
vt 0.932280 0.414850
vt 0.916330 0.413760
vt 0.905490 0.404920
vt 0.909120 0.398970
vt 0.932180 0.426480
vt 0.916140 0.426530
vt 0.903750 0.420560
vt 0.905890 0.412920
vt 0.951160 0.437160
vt 0.962070 0.439350
vt 0.950120 0.442660
vt 0.029800 0.338180
vt 0.015580 0.338850
vt 0.933670 0.437940
vt 0.934740 0.444130
vt 0.918630 0.439390
vt 0.920190 0.445190
vt 0.905850 0.436000
vt 0.905990 0.428040
vt 0.911830 0.446830
vt 0.909460 0.441710
vt 0.029800 0.346280
vt 0.015580 0.344440
vt 0.963230 0.444460
vt 0.951060 0.448120
vt 0.592940 0.879910
vt 0.601860 0.889280
vt 0.598280 0.893060
vt 0.591150 0.884820
vt 0.029800 0.354140
vt 0.015580 0.349850
vt 0.935560 0.450190
vt 0.579910 0.872570
vt 0.577000 0.876900
vt 0.921180 0.451010
vt 0.569600 0.864590
vt 0.565750 0.868580
vt 0.913820 0.451870
vt 0.564800 0.860140
vt 0.560190 0.862510
vt 0.023620 0.368140
vt 0.008540 0.364470
vt 0.589620 0.906200
vt 0.585380 0.895200
vt 0.574120 0.881100
vt 0.562140 0.872170
vt 0.568100 0.890310
vt 0.554100 0.881990
vt 0.549680 0.867820
vt 0.555870 0.864620
vt 0.577480 0.910590
vt 0.562620 0.900130
vt 0.547690 0.893050
vt 0.539710 0.880070
vt 0.545280 0.874330
vt 0.015580 0.273200
vt 0.029800 0.272560
vt 0.558190 0.910100
vt 0.555880 0.914700
vt 0.543280 0.904390
vt 0.533080 0.894460
vt 0.537060 0.887780
vt 0.532840 0.900940
vt 0.556780 0.821650
vt 0.554100 0.821610
vt 0.552650 0.818810
vt 0.557390 0.817720
vt 0.559350 0.822370
vt 0.561590 0.820120
vt 0.886410 0.484900
vt 0.881990 0.484420
vt 0.883960 0.480270
vt 0.886590 0.481040
vt 0.878840 0.481240
vt 0.881730 0.478660
vt 0.511790 0.834000
vt 0.509940 0.836060
vt 0.506860 0.835120
vt 0.509370 0.830790
vt 0.514260 0.832770
vt 0.514200 0.829560
vt 0.850920 0.450090
vt 0.847950 0.446690
vt 0.852380 0.445060
vt 0.853890 0.447390
vt 0.848020 0.442160
vt 0.852040 0.442300
vt 0.484120 0.866020
vt 0.483740 0.868850
vt 0.480520 0.869580
vt 0.480310 0.864470
vt 0.485830 0.863730
vt 0.484030 0.860950
vt 0.841870 0.404970
vt 0.840930 0.400430
vt 0.845710 0.401380
vt 0.845980 0.404210
vt 0.843540 0.396590
vt 0.847040 0.398880
vt 0.481340 0.913870
vt 0.482850 0.916300
vt 0.480770 0.918900
vt 0.477380 0.915070
vt 0.481260 0.911000
vt 0.478090 0.910000
vt 0.866120 0.358060
vt 0.868410 0.353970
vt 0.871380 0.357860
vt 0.869740 0.360200
vt 0.872940 0.352820
vt 0.874060 0.356870
vt 0.551410 0.862750
vt 0.555190 0.861280
vt 0.559210 0.859910
vt 0.557900 0.845100
vt 0.554170 0.845280
vt 0.554220 0.842820
vt 0.558010 0.842800
vt 0.550390 0.845330
vt 0.550440 0.842770
vt 0.564000 0.858750
vt 0.912410 0.452830
vt 0.909380 0.448400
vt 0.898860 0.460230
vt 0.902840 0.463200
vt 0.901610 0.465000
vt 0.897520 0.462190
vt 0.563070 0.842890
vt 0.562790 0.844870
vt 0.906730 0.444380
vt 0.904030 0.441240
vt 0.892890 0.455880
vt 0.895830 0.457940
vt 0.894510 0.460050
vt 0.891450 0.458080
vt 0.900790 0.439170
vt 0.899230 0.439740
vt 0.547510 0.863180
vt 0.546780 0.862040
vt 0.545310 0.845100
vt 0.545320 0.842490
vt 0.887070 0.455520
vt 0.888610 0.453100
vt 0.539610 0.874750
vt 0.542550 0.871530
vt 0.545320 0.868060
vt 0.532070 0.854130
vt 0.529330 0.856460
vt 0.527830 0.854660
vt 0.530770 0.852320
vt 0.526600 0.858830
vt 0.525020 0.857150
vt 0.547400 0.863040
vt 0.900390 0.439310
vt 0.901970 0.433810
vt 0.901930 0.429080
vt 0.900440 0.424820
vt 0.879780 0.431620
vt 0.881060 0.435010
vt 0.878930 0.435710
vt 0.877610 0.432330
vt 0.881880 0.438620
vt 0.879770 0.439250
vt 0.897720 0.420940
vt 0.896530 0.421020
vt 0.535820 0.877250
vt 0.534990 0.876660
vt 0.522880 0.861930
vt 0.521300 0.860640
vt 0.875460 0.427700
vt 0.877770 0.426840
vt 0.531430 0.890200
vt 0.533440 0.886250
vt 0.535120 0.882140
vt 0.515270 0.875020
vt 0.513870 0.878210
vt 0.511810 0.877360
vt 0.513410 0.874000
vt 0.512590 0.881450
vt 0.510560 0.880870
vt 0.535210 0.876860
vt 0.896730 0.420960
vt 0.900360 0.416620
vt 0.901730 0.412220
vt 0.901580 0.407440
vt 0.879600 0.404400
vt 0.879220 0.407960
vt 0.877160 0.407560
vt 0.877540 0.404020
vt 0.878290 0.411380
vt 0.876220 0.410970
vt 0.900090 0.402140
vt 0.899620 0.402010
vt 0.527900 0.894140
vt 0.527590 0.894040
vt 0.510970 0.885900
vt 0.509100 0.885640
vt 0.877810 0.398970
vt 0.880000 0.399320
vt 0.529090 0.905990
vt 0.529050 0.901780
vt 0.529000 0.898060
vt 0.509910 0.901940
vt 0.510640 0.905600
vt 0.508860 0.906030
vt 0.508110 0.902300
vt 0.511400 0.909270
vt 0.509750 0.909770
vt 0.526880 0.893950
vt 0.898680 0.401720
vt 0.903440 0.399810
vt 0.906000 0.396480
vt 0.908100 0.392510
vt 0.894180 0.380020
vt 0.891550 0.382790
vt 0.890410 0.381480
vt 0.892970 0.378830
vt 0.888890 0.385210
vt 0.887700 0.383840
vt 0.910330 0.387810
vt 0.529410 0.911130
vt 0.512510 0.914090
vt 0.511140 0.914630
vt 0.896370 0.375140
vt 0.897600 0.376320
vt 0.534940 0.849290
vt 0.535820 0.850950
vt 0.882920 0.443800
vt 0.880720 0.444320
vt 0.515740 0.869610
vt 0.517240 0.870750
vt 0.876760 0.416170
vt 0.874580 0.415740
vt 0.507130 0.897260
vt 0.508780 0.897050
vt 0.884990 0.388510
vt 0.883640 0.386940
vt 0.554370 0.840760
vt 0.550610 0.840600
vt 0.551270 0.833250
vt 0.555030 0.833740
vt 0.558120 0.840820
vt 0.558860 0.833970
vt 0.563830 0.834280
vt 0.563060 0.841070
vt 0.896510 0.464100
vt 0.900680 0.466800
vt 0.896990 0.473300
vt 0.892830 0.470680
vt 0.889610 0.468760
vt 0.893340 0.461990
vt 0.890120 0.460020
vt 0.886310 0.467120
vt 0.881800 0.465150
vt 0.885740 0.457700
vt 0.545550 0.840200
vt 0.546380 0.832430
vt 0.526660 0.853220
vt 0.523890 0.855710
vt 0.516870 0.846910
vt 0.519830 0.844560
vt 0.529640 0.850960
vt 0.522820 0.842260
vt 0.526810 0.839410
vt 0.533890 0.848080
vt 0.878040 0.439950
vt 0.878940 0.445030
vt 0.867660 0.448650
vt 0.866720 0.443830
vt 0.865690 0.440230
vt 0.877130 0.436300
vt 0.875760 0.432800
vt 0.864260 0.436780
vt 0.861970 0.432460
vt 0.873460 0.428210
vt 0.520230 0.859280
vt 0.513130 0.850090
vt 0.509890 0.876570
vt 0.508690 0.880080
vt 0.496700 0.875200
vt 0.498020 0.871680
vt 0.511530 0.873230
vt 0.499550 0.868250
vt 0.501790 0.863880
vt 0.514080 0.868840
vt 0.874130 0.410750
vt 0.872340 0.415540
vt 0.858790 0.412720
vt 0.860470 0.408120
vt 0.861420 0.404500
vt 0.875110 0.407160
vt 0.875530 0.403450
vt 0.861910 0.400790
vt 0.862090 0.395880
vt 0.875660 0.398340
vt 0.507400 0.885000
vt 0.495240 0.879880
vt 0.507320 0.906420
vt 0.508290 0.910090
vt 0.496850 0.913180
vt 0.495810 0.909560
vt 0.506580 0.902740
vt 0.494840 0.905910
vt 0.493690 0.901150
vt 0.505690 0.897710
vt 0.886520 0.382700
vt 0.882340 0.385610
vt 0.874020 0.375230
vt 0.878130 0.372640
vt 0.881110 0.370410
vt 0.889370 0.380300
vt 0.892030 0.377600
vt 0.883900 0.367910
vt 0.887340 0.364440
vt 0.895420 0.373910
vt 0.509830 0.914860
vt 0.498360 0.917820
vt 0.555240 0.832100
vt 0.551370 0.831520
vt 0.552820 0.825300
vt 0.556130 0.825920
vt 0.559190 0.832350
vt 0.559490 0.826190
vt 0.564140 0.832660
vt 0.564160 0.826040
vt 0.891920 0.472150
vt 0.895940 0.474960
vt 0.891890 0.481160
vt 0.888960 0.477670
vt 0.888840 0.470300
vt 0.886140 0.475720
vt 0.885590 0.468780
vt 0.882920 0.474630
vt 0.880980 0.467150
vt 0.878390 0.474480
vt 0.546530 0.830610
vt 0.548390 0.823870
vt 0.519080 0.843590
vt 0.516030 0.845940
vt 0.511920 0.839830
vt 0.514680 0.837820
vt 0.522110 0.841210
vt 0.517340 0.835690
vt 0.526080 0.838370
vt 0.520780 0.832500
vt 0.865460 0.444220
vt 0.866250 0.449050
vt 0.858050 0.451140
vt 0.858370 0.446520
vt 0.864480 0.440660
vt 0.857690 0.443110
vt 0.863020 0.437280
vt 0.856050 0.440070
vt 0.860580 0.433050
vt 0.852840 0.436740
vt 0.512280 0.849080
vt 0.507940 0.842300
vt 0.496830 0.871190
vt 0.495440 0.874770
vt 0.487840 0.871280
vt 0.489150 0.868060
vt 0.498350 0.867670
vt 0.490460 0.864850
vt 0.500570 0.863320
vt 0.492020 0.860390
vt 0.859120 0.407810
vt 0.857300 0.412360
vt 0.848170 0.409810
vt 0.850780 0.405930
vt 0.860090 0.404240
vt 0.851950 0.402620
vt 0.860540 0.400560
vt 0.852130 0.399120
vt 0.860590 0.395660
vt 0.851200 0.394540
vt 0.493970 0.879430
vt 0.485840 0.875560
vt 0.494580 0.909910
vt 0.495640 0.913620
vt 0.487620 0.915600
vt 0.486660 0.912260
vt 0.493550 0.906200
vt 0.485650 0.908930
vt 0.492400 0.901440
vt 0.484020 0.904490
vt 0.877330 0.371530
vt 0.873120 0.373960
vt 0.867800 0.366010
vt 0.872280 0.364730
vt 0.880310 0.369390
vt 0.875300 0.362960
vt 0.883030 0.366920
vt 0.877750 0.360450
vt 0.886370 0.363350
vt 0.880130 0.356430
vt 0.497180 0.918250
vt 0.488690 0.920210
vt 0.564990 0.923610
vt 0.553190 0.918190
vt 0.934320 0.393340
vt 0.946480 0.393230
vt 0.928680 0.380420
vt 0.935870 0.376210
vt 0.950870 0.389320
vt 0.568080 0.927960
vt 0.551090 0.931220
vt 0.547660 0.927670
vt 0.939990 0.372330
vt 0.541890 0.914060
vt 0.537510 0.912100
vt 0.917330 0.384590
vt 0.922400 0.389260
vt 0.921250 0.379380
vt 0.542030 0.925400
vt 0.535170 0.930390
vt 0.538100 0.934650
vt 0.536960 0.935590
vt 0.534360 0.931060
vt 0.931140 0.365240
vt 0.925030 0.371700
vt 0.924650 0.370570
vt 0.930630 0.363810
vt 0.542020 0.937520
vt 0.540720 0.938620
vt 0.935440 0.360920
vt 0.934890 0.359360
vt 0.536340 0.920370
vt 0.530390 0.923500
vt 0.533610 0.915230
vt 0.915050 0.378200
vt 0.918730 0.372840
vt 0.534560 0.937300
vt 0.526740 0.941420
vt 0.525560 0.936140
vt 0.532070 0.932340
vt 0.923150 0.368040
vt 0.919120 0.360610
vt 0.923810 0.353550
vt 0.928970 0.361210
vt 0.933100 0.356630
vt 0.927130 0.348670
vt 0.538010 0.941000
vt 0.528610 0.946120
vt 0.522050 0.928880
vt 0.527930 0.924960
vt 0.525660 0.919280
vt 0.519440 0.923730
vt 0.917430 0.370110
vt 0.911910 0.370160
vt 0.909340 0.363060
vt 0.914440 0.363380
vt 0.528180 0.917810
vt 0.913060 0.372750
vt 0.062370 0.304830
vt 0.062370 0.323990
vt 0.030380 0.322970
vt 0.030380 0.304510
vt 0.066250 0.340870
vt 0.030380 0.338070
vt 0.066250 0.354380
vt 0.095750 0.343630
vt 0.095750 0.362550
vt 0.066250 0.368120
vt 0.095750 0.381740
vt 0.054570 0.384800
vt 0.088760 0.401510
vt 0.062370 0.278060
vt 0.062370 0.264920
vt 0.095750 0.251190
vt 0.095750 0.267900
vt 0.062370 0.291740
vt 0.095750 0.285000
vt 0.095750 0.303540
vt 0.095750 0.324820
vt 0.124890 0.344930
vt 0.124890 0.365180
vt 0.124890 0.385710
vt 0.124890 0.407820
vt 0.124890 0.249110
vt 0.124890 0.266080
vt 0.124890 0.284750
vt 0.124890 0.303110
vt 0.124890 0.325040
vt 0.142140 0.365850
vt 0.142140 0.345110
vt 0.157950 0.346380
vt 0.157950 0.366760
vt 0.142140 0.386720
vt 0.157950 0.386850
vt 0.142140 0.408990
vt 0.157950 0.408280
vt 0.142140 0.265930
vt 0.142140 0.249380
vt 0.157950 0.250590
vt 0.157950 0.266400
vt 0.142140 0.285190
vt 0.157950 0.285630
vt 0.142140 0.304210
vt 0.157950 0.304790
vt 0.142140 0.325740
vt 0.157950 0.326840
vt 0.175120 0.368060
vt 0.175120 0.349120
vt 0.192190 0.351740
vt 0.192190 0.370000
vt 0.175120 0.386560
vt 0.192190 0.388060
vt 0.175120 0.409560
vt 0.192190 0.413310
vt 0.175120 0.267660
vt 0.175120 0.250410
vt 0.192190 0.246740
vt 0.192190 0.265930
vt 0.175120 0.285510
vt 0.192190 0.284450
vt 0.175120 0.303510
vt 0.192190 0.302420
vt 0.175120 0.327610
vt 0.192190 0.328080
vt 0.219760 0.354150
vt 0.219760 0.373870
vt 0.219760 0.393400
vt 0.219760 0.419460
vt 0.219760 0.236420
vt 0.219760 0.261120
vt 0.219760 0.279710
vt 0.219760 0.297770
vt 0.219760 0.327810
vt 0.252590 0.353540
vt 0.252590 0.375600
vt 0.252590 0.396980
vt 0.252590 0.424200
vt 0.245780 0.228580
vt 0.245780 0.254390
vt 0.252590 0.278260
vt 0.252590 0.296800
vt 0.252590 0.324170
vt 0.299670 0.343380
vt 0.299670 0.367470
vt 0.280230 0.393920
vt 0.280230 0.429870
vt 0.278090 0.219640
vt 0.278090 0.246230
vt 0.278090 0.273400
vt 0.299670 0.292730
vt 0.299670 0.319600
vt 0.844600 0.327020
vt 0.845330 0.279230
vt 0.859780 0.280050
vt 0.856280 0.326500
vt 0.876040 0.328710
vt 0.884260 0.284280
vt 0.900570 0.333340
vt 0.911940 0.293070
vt 0.891070 0.674580
vt 0.914300 0.668760
vt 0.926220 0.706690
vt 0.898190 0.711010
vt 0.879040 0.676040
vt 0.883660 0.713700
vt 0.870300 0.714440
vt 0.868390 0.676540
vt 0.857750 0.676520
vt 0.856940 0.714300
vt 0.842770 0.713980
vt 0.846270 0.675420
vt 0.822620 0.671140
vt 0.814280 0.712780
vt 0.832820 0.327430
vt 0.808840 0.328320
vt 0.803580 0.283990
vt 0.831200 0.279760
vt 0.847680 0.238230
vt 0.863260 0.239410
vt 0.891230 0.243140
vt 0.926170 0.249940
vt 0.938130 0.747530
vt 0.904410 0.754970
vt 0.887460 0.757500
vt 0.872670 0.758700
vt 0.857860 0.759040
vt 0.841420 0.758330
vt 0.807010 0.754680
vt 0.796690 0.239090
vt 0.831240 0.238160
vt 0.849600 0.193160
vt 0.866830 0.194560
vt 0.898350 0.198510
vt 0.936570 0.202150
vt 0.945670 0.794110
vt 0.908540 0.801880
vt 0.890640 0.804810
vt 0.875020 0.806460
vt 0.859300 0.806580
vt 0.841930 0.805470
vt 0.804200 0.801640
vt 0.793190 0.190800
vt 0.831240 0.192470
vt 0.182480 0.492040
vt 0.197690 0.493390
vt 0.196450 0.508140
vt 0.181150 0.506470
vt 0.177560 0.534910
vt 0.193080 0.537670
vt 0.171010 0.570690
vt 0.186650 0.575130
vt 0.542920 0.380760
vt 0.579180 0.374820
vt 0.579800 0.390140
vt 0.542380 0.396160
vt 0.525470 0.383110
vt 0.525480 0.398630
vt 0.511090 0.400020
vt 0.510160 0.384420
vt 0.494760 0.385390
vt 0.496490 0.400630
vt 0.480050 0.400780
vt 0.477880 0.385620
vt 0.441300 0.383870
vt 0.442190 0.399280
vt 0.183430 0.476090
vt 0.184860 0.439970
vt 0.200220 0.438980
vt 0.198810 0.476780
vt 0.221850 0.494480
vt 0.242530 0.496120
vt 0.241780 0.512220
vt 0.220900 0.511200
vt 0.217200 0.542820
vt 0.239440 0.543950
vt 0.210950 0.580710
vt 0.233580 0.581990
vt 0.544720 0.419360
vt 0.582130 0.414030
vt 0.585230 0.435550
vt 0.547250 0.441960
vt 0.527860 0.421440
vt 0.529170 0.444240
vt 0.513390 0.445610
vt 0.512720 0.422770
vt 0.497250 0.423600
vt 0.497430 0.446070
vt 0.479960 0.446140
vt 0.480700 0.423950
vt 0.442690 0.423350
vt 0.441450 0.444920
vt 0.222380 0.476880
vt 0.223210 0.438270
vt 0.243270 0.440160
vt 0.242990 0.478530
vt 0.275150 0.496220
vt 0.275730 0.514510
vt 0.273660 0.549490
vt 0.267010 0.588420
vt 0.590320 0.468300
vt 0.550850 0.471460
vt 0.532760 0.477840
vt 0.515130 0.479010
vt 0.497790 0.479850
vt 0.479520 0.480010
vt 0.440160 0.478590
vt 0.273630 0.437210
vt 0.274720 0.477320
vt 0.316880 0.497460
vt 0.318380 0.516750
vt 0.318210 0.554710
vt 0.307710 0.595440
vt 0.598940 0.508140
vt 0.559680 0.517210
vt 0.538030 0.521360
vt 0.519230 0.522720
vt 0.500300 0.522880
vt 0.481050 0.519830
vt 0.439960 0.517270
vt 0.307590 0.437470
vt 0.312010 0.477720
vt 0.352680 0.493290
vt 0.374570 0.485190
vt 0.375000 0.509520
vt 0.351250 0.514310
vt 0.344010 0.548780
vt 0.376420 0.546830
vt 0.320920 0.599230
vt 0.346610 0.608220
vt 0.560890 0.535450
vt 0.601940 0.521740
vt 0.609310 0.546920
vt 0.562480 0.567390
vt 0.539400 0.540580
vt 0.537730 0.578620
vt 0.520280 0.584590
vt 0.521150 0.550260
vt 0.503190 0.560490
vt 0.501620 0.587000
vt 0.479630 0.589260
vt 0.484000 0.560170
vt 0.351020 0.471840
vt 0.344990 0.426460
vt 0.367550 0.415080
vt 0.374620 0.462690
vt 0.164850 0.490620
vt 0.163510 0.504850
vt 0.159980 0.532800
vt 0.153160 0.567830
vt 0.539750 0.364360
vt 0.575000 0.358160
vt 0.523480 0.366590
vt 0.509640 0.368010
vt 0.495620 0.368850
vt 0.479870 0.368900
vt 0.444200 0.366640
vt 0.165820 0.474630
vt 0.167220 0.438860
vt 0.570970 0.800280
vt 0.570810 0.783030
vt 0.593270 0.785470
vt 0.592450 0.805940
vt 0.634620 0.809800
vt 0.635250 0.786620
vt 0.071820 0.593650
vt 0.080810 0.612180
vt 0.056360 0.619970
vt 0.046410 0.601750
vt 0.000000 0.613520
vt 0.007920 0.630970
vt 0.547220 0.800910
vt 0.500520 0.802820
vt 0.495740 0.784390
vt 0.545500 0.781280
vt 0.571810 0.762010
vt 0.594600 0.765300
vt 0.635850 0.764660
vt 0.083640 0.633410
vt 0.060080 0.641980
vt 0.012060 0.654570
vt 0.496100 0.761100
vt 0.546380 0.759390
vt 0.573410 0.740440
vt 0.597790 0.738010
vt 0.636600 0.737120
vt 0.082990 0.655620
vt 0.059590 0.660840
vt 0.013760 0.680950
vt 0.498630 0.735580
vt 0.549070 0.741430
vt 0.576180 0.713050
vt 0.597680 0.710750
vt 0.637290 0.711640
vt 0.078500 0.686200
vt 0.054790 0.692500
vt 0.011780 0.712090
vt 0.506250 0.705530
vt 0.552720 0.712100
vt 0.573120 0.689360
vt 0.596370 0.691860
vt 0.637870 0.690270
vt 0.637830 0.691900
vt 0.075870 0.709550
vt 0.050280 0.717570
vt 0.011290 0.728160
vt 0.508180 0.689760
vt 0.548220 0.688950
vt 0.571360 0.662900
vt 0.593840 0.662360
vt 0.638530 0.666100
vt 0.076630 0.739780
vt 0.044830 0.744220
vt 0.010940 0.743080
vt 0.508710 0.674900
vt 0.544870 0.667790
vt 0.571330 0.650260
vt 0.594290 0.644060
vt 0.639060 0.646680
vt 0.078560 0.761260
vt 0.053180 0.761010
vt 0.587090 0.821460
vt 0.619960 0.818620
vt 0.627810 0.835410
vt 0.577900 0.834050
vt 0.310540 0.823120
vt 0.290010 0.855350
vt 0.287980 0.839890
vt 0.302990 0.813500
vt 0.329180 0.777230
vt 0.331100 0.747080
vt 0.347270 0.753300
vt 0.344840 0.776940
vt 0.385840 0.777610
vt 0.384700 0.755570
vt 0.656990 0.848250
vt 0.658070 0.881220
vt 0.639780 0.895880
vt 0.638070 0.858260
vt 0.339130 0.719830
vt 0.352710 0.728800
vt 0.383570 0.733880
vt 0.670000 0.896370
vt 0.659510 0.905080
vt 0.616410 0.927670
vt 0.643840 0.926100
vt 0.314500 0.741520
vt 0.300260 0.718990
vt 0.316900 0.697990
vt 0.327940 0.710840
vt 0.359700 0.706660
vt 0.366760 0.711310
vt 0.382630 0.715840
vt 0.689900 0.912140
vt 0.682940 0.919840
vt 0.672970 0.935890
vt 0.344310 0.686130
vt 0.353510 0.700640
vt 0.390840 0.484350
vt 0.418590 0.474790
vt 0.412610 0.492160
vt 0.395060 0.507320
vt 0.415000 0.546850
vt 0.426510 0.524470
vt 0.539280 0.612290
vt 0.539640 0.643730
vt 0.519100 0.642620
vt 0.518660 0.612650
vt 0.499630 0.611010
vt 0.498930 0.640540
vt 0.475430 0.636810
vt 0.476520 0.607660
vt 0.389220 0.460560
vt 0.383160 0.415300
vt 0.408100 0.407590
vt 0.416220 0.452990
vt 0.652190 0.829740
vt 0.321680 0.801760
vt 0.343020 0.795710
vt 0.386830 0.796510
vt 0.301580 0.749370
vt 0.289480 0.728670
vt 0.601770 0.930220
vt 0.611930 0.909500
vt 0.616660 0.872860
vt 0.599890 0.853110
vt 0.572860 0.847160
vt 0.275410 0.833620
vt 0.288870 0.813120
vt 0.301540 0.783730
vt 0.313420 0.780290
vt 0.432880 0.601960
vt 0.429640 0.627900
vt 0.439930 0.560770
vt 0.439250 0.586890
vt 0.101690 0.936260
vt 0.074140 0.921100
vt 0.079040 0.911020
vt 0.106730 0.926040
vt 0.199800 0.917220
vt 0.222040 0.904940
vt 0.238830 0.918040
vt 0.211090 0.932560
vt 0.188200 0.897560
vt 0.211400 0.880510
vt 0.111900 0.915850
vt 0.085040 0.902010
vt 0.094330 0.881430
vt 0.124090 0.897890
vt 0.174280 0.803200
vt 0.178960 0.795880
vt 0.192390 0.825500
vt 0.184680 0.829630
vt 0.158930 0.793500
vt 0.151080 0.791810
vt 0.150450 0.778390
vt 0.159940 0.781110
vt 0.139130 0.797840
vt 0.129480 0.805430
vt 0.124210 0.798680
vt 0.134060 0.787220
vt 0.047740 0.908690
vt 0.052960 0.898130
vt 0.252860 0.885680
vt 0.264080 0.903580
vt 0.236890 0.862410
vt 0.191850 0.781540
vt 0.209440 0.815120
vt 0.149430 0.761020
vt 0.164300 0.762790
vt 0.110680 0.784510
vt 0.123260 0.771930
vt 0.058260 0.888290
vt 0.070500 0.866940
vt 0.830580 0.343890
vt 0.808800 0.344030
vt 0.825540 0.656060
vt 0.847120 0.658510
vt 0.857480 0.662010
vt 0.867630 0.663160
vt 0.877740 0.663250
vt 0.889930 0.660990
vt 0.911270 0.653150
vt 0.897130 0.349090
vt 0.874780 0.343420
vt 0.854730 0.343040
vt 0.842420 0.342990
vt 0.172440 0.881310
vt 0.177130 0.855120
vt 0.189750 0.863800
vt 0.204400 0.855720
vt 0.163150 0.873790
vt 0.154090 0.871500
vt 0.153510 0.848060
vt 0.163390 0.849040
vt 0.144930 0.874120
vt 0.135960 0.879440
vt 0.130960 0.853300
vt 0.144140 0.848500
vt 0.116890 0.865220
vt 0.101820 0.858100
vt 0.224660 0.844390
vt 0.079460 0.851140
vt 0.171150 0.823000
vt 0.152390 0.818350
vt 0.160070 0.818970
vt 0.134940 0.820910
vt 0.144870 0.819010
vt 0.121620 0.829260
vt 0.111070 0.826260
vt 0.094870 0.816520
vt 0.164200 0.797530
vt 0.143190 0.794510
vt 0.920410 0.516600
vt 0.922420 0.480530
vt 0.952020 0.485240
vt 0.952340 0.517040
vt 0.921300 0.551020
vt 0.951470 0.550460
vt 0.918040 0.573320
vt 0.951000 0.572510
vt 0.931300 0.598380
vt 0.951140 0.591740
vt 0.950780 0.606480
vt 0.941290 0.460360
vt 0.952560 0.456440
vt 0.951980 0.474800
vt 0.932970 0.468360
vt 0.962100 0.603370
vt 0.970390 0.595910
vt 0.981370 0.573770
vt 0.981490 0.555080
vt 0.983660 0.515990
vt 0.979540 0.482260
vt 0.962740 0.461720
vt 0.970300 0.470400
vt 0.140800 0.781480
vt 0.135450 0.764340
vt 0.168280 0.785400
vt 0.177150 0.769080
vt 0.118820 0.580900
vt 0.122130 0.604670
vt 0.101580 0.606430
vt 0.094790 0.586630
vt 0.123370 0.623320
vt 0.103770 0.626700
vt 0.122980 0.655310
vt 0.103490 0.654360
vt 0.122210 0.690700
vt 0.099960 0.685560
vt 0.121690 0.707470
vt 0.098890 0.705120
vt 0.119900 0.736190
vt 0.097050 0.738140
vt 0.119640 0.752620
vt 0.097440 0.756280
vt 0.692010 0.831330
vt 0.693540 0.862460
vt 0.675560 0.869730
vt 0.673500 0.836580
vt 0.697090 0.883500
vt 0.682280 0.889820
vt 0.704740 0.902160
vt 0.696480 0.904580
vt 0.690190 0.815090
vt 0.669030 0.820650
vt 0.414810 0.547180
vt 0.564250 0.595280
vt 0.564030 0.601920
vt 0.733600 0.166930
vt 0.746850 0.173210
vt 0.733850 0.174450
vt 0.837260 0.130820
vt 0.827360 0.136260
vt 0.818810 0.138730
vt 0.805360 0.144970
vt 0.788050 0.155100
vt 0.775640 0.163320
vt 0.761420 0.169260
vt 0.745100 0.187870
vt 0.734360 0.189780
vt 0.755340 0.186340
vt 0.767240 0.182030
vt 0.781330 0.177790
vt 0.805900 0.168960
vt 0.825210 0.161630
vt 0.834060 0.158410
vt 0.842000 0.155300
vt 0.317710 0.361340
vt 0.317710 0.397490
vt 0.302470 0.428090
vt 0.299710 0.210150
vt 0.299710 0.234370
vt 0.317710 0.256760
vt 0.317710 0.280510
vt 0.317710 0.314160
vt 0.317710 0.336040
vt 0.149900 0.503950
vt 0.150960 0.489710
vt 0.146430 0.531490
vt 0.139540 0.565230
vt 0.537240 0.350960
vt 0.571210 0.345060
vt 0.509430 0.354300
vt 0.522160 0.352990
vt 0.481600 0.355320
vt 0.496390 0.355160
vt 0.447100 0.353200
vt 0.152200 0.473540
vt 0.153450 0.438390
vt 0.044130 0.745430
vt 0.011240 0.744370
vt 0.508690 0.673580
vt 0.543970 0.663740
vt 0.571240 0.648840
vt 0.594510 0.642740
vt 0.052400 0.761880
vt 0.078690 0.762560
vt 0.119870 0.753960
vt 0.097800 0.757560
vt 0.144080 0.753610
vt 0.144080 0.752260
vt 0.550040 0.658530
vt 0.551090 0.659360
vt 0.850490 0.186240
vt 0.867900 0.187620
vt 0.898760 0.191170
vt 0.934620 0.194460
vt 0.945060 0.802100
vt 0.910010 0.808990
vt 0.891640 0.812650
vt 0.875400 0.813980
vt 0.859050 0.813980
vt 0.841040 0.812580
vt 0.805650 0.809160
vt 0.796030 0.183510
vt 0.831760 0.185570
vt 0.013880 0.298230
vt 0.013880 0.291450
vt 0.012170 0.291720
vt 0.013880 0.322870
vt 0.013880 0.305080
vt 0.013780 0.304550
vt 0.013880 0.344190
vt 0.013880 0.338580
vt 0.017740 0.338750
vt 0.007340 0.363600
vt 0.013880 0.349510
vt 0.015810 0.349710
vt 0.360370 0.705820
vt 0.367290 0.710360
vt 0.690610 0.912930
vt 0.683760 0.920570
vt 0.674040 0.936230
vt 0.345340 0.685720
vt 0.354290 0.699870
vt 0.704950 0.903170
vt 0.696980 0.905530
vt 0.713090 0.900620
vt 0.713100 0.899530
vt 0.030380 0.296120
vt 0.030380 0.288450
vt 0.030380 0.346060
vt 0.030380 0.354460
vt 0.024280 0.367830
vt 0.013880 0.273390
vt 0.030380 0.272310
vt 0.013760 0.018910
vt 0.010920 0.017120
vt 0.253660 0.195740
vt 0.669640 0.000610
vt 0.669770 0.005580
vt 0.660990 0.005170
vt 0.665970 0.000000
vt 0.251390 0.167720
vt 0.288530 0.171300
vt 0.688350 0.001530
vt 0.688290 0.004930
vt 0.679350 0.003840
vt 0.679700 0.000000
vt 0.004280 0.024160
vt 0.009240 0.016790
vt 0.272570 0.094380
vt 0.303900 0.107280
vt 0.300440 0.123050
vt 0.632980 0.004970
vt 0.629310 0.005630
vt 0.624270 0.000520
vt 0.633040 0.000000
vt 0.268350 0.106970
vt 0.291560 0.201990
vt 0.730240 0.112160
vt 0.730110 0.111070
vt 0.730470 0.111970
vt 0.730620 0.114810
vt 0.731320 0.121520
vt 0.730900 0.117140
vt 0.258860 0.213550
vt 0.614750 0.000000
vt 0.615060 0.003380
vt 0.606540 0.005550
vt 0.605910 0.001740
vt 0.267440 0.120680
vt 0.298810 0.130540
vt 0.297430 0.138810
vt 0.729760 0.104590
vt 0.731660 0.125220
vt 0.729990 0.105870
vt 0.729990 0.106120
vt 0.264470 0.133440
vt 0.794970 0.015860
vt 0.819310 0.031020
vt 0.765410 0.010300
vt 0.728520 0.014750
vt 0.729750 0.053370
vt 0.835590 0.053140
vt 0.838780 0.060940
vt 0.844850 0.086780
vt 0.730160 0.066840
vt 0.845650 0.108650
vt 0.351010 0.607440
vt 0.612690 0.549580
vt 0.713270 0.881720
vt 0.713480 0.860700
vt 0.713760 0.830550
vt 0.713920 0.814350
vt 0.144000 0.735720
vt 0.143890 0.713670
vt 0.143810 0.695810
vt 0.143620 0.657300
vt 0.143460 0.622690
vt 0.143370 0.603910
vt 0.143250 0.577210
vt 0.560800 0.642250
vt 0.848700 0.123740
vt 0.856710 0.147980
vt 0.639100 0.645340
vt 0.382580 0.714790
vt 0.020930 0.018120
vt 0.017910 0.010100
vt 0.022620 0.001480
vt 0.024650 0.015580
vt 0.016120 0.008890
vt 0.017970 0.005380
vt 0.202650 0.000000
vt 0.201480 0.009770
vt 0.197070 0.015440
vt 0.194620 0.011860
vt 0.465160 0.000750
vt 0.459660 0.003490
vt 0.455960 0.003810
vt 0.455350 0.000000
vt 0.022240 0.019370
vt 0.019750 0.022140
vt 0.024440 0.001180
vt 0.026460 0.015220
vt 0.025280 0.017130
vt 0.022370 0.019450
vt 0.016800 0.003940
vt 0.021530 0.000000
vt 0.014530 0.007890
vt 0.016300 0.004630
vt 0.729310 0.112770
vt 0.729000 0.115150
vt 0.727330 0.115570
vt 0.728040 0.113660
vt 0.219670 0.006700
vt 0.215280 0.006800
vt 0.215280 0.003990
vt 0.219730 0.003770
vt 0.719030 0.087610
vt 0.720740 0.088630
vt 0.716640 0.091090
vt 0.716540 0.089660
vt 0.714100 0.083420
vt 0.714180 0.084690
vt 0.712630 0.086960
vt 0.711410 0.087410
vt 0.721510 0.081350
vt 0.720120 0.082870
vt 0.717090 0.083300
vt 0.718220 0.081160
vt 0.721970 0.084740
vt 0.720240 0.085140
vt 0.710410 0.118750
vt 0.717090 0.117510
vt 0.720080 0.121280
vt 0.715360 0.125870
vt 0.686710 0.114610
vt 0.702610 0.107760
vt 0.701830 0.123780
vt 0.691990 0.128700
vt 0.712900 0.091180
vt 0.713700 0.089920
vt 0.224620 0.005390
vt 0.224460 0.003400
vt 0.226410 0.003560
vt 0.215090 0.000920
vt 0.219370 0.000000
vt 0.224200 0.000200
vt 0.724150 0.089510
vt 0.716810 0.093300
vt 0.711140 0.092660
vt 0.708460 0.088030
vt 0.711770 0.081310
vt 0.718920 0.076810
vt 0.724810 0.078060
vt 0.724930 0.084130
vt 0.723240 0.096170
vt 0.715440 0.100530
vt 0.704000 0.091240
vt 0.706220 0.079480
vt 0.716060 0.070320
vt 0.727640 0.085700
vt 0.728250 0.080050
vt 0.729320 0.080820
vt 0.729220 0.086270
vt 0.729290 0.092010
vt 0.727610 0.091280
vt 0.212990 0.004220
vt 0.725790 0.100840
vt 0.718760 0.107850
vt 0.729290 0.111320
vt 0.729880 0.109280
vt 0.727950 0.099570
vt 0.727570 0.097070
vt 0.728930 0.097100
vt 0.729060 0.099230
vt 0.728090 0.121140
vt 0.725720 0.118330
vt 0.727570 0.117160
vt 0.728890 0.117470
vt 0.721890 0.128880
vt 0.723990 0.123240
vt 0.728040 0.124970
vt 0.727140 0.130000
vt 0.723760 0.115660
vt 0.727420 0.112870
vt 0.729030 0.111290
vt 0.726580 0.084600
vt 0.727330 0.079460
vt 0.726240 0.090140
vt 0.729010 0.102150
vt 0.729400 0.104570
vt 0.729340 0.104670
vt 0.728790 0.102440
vt 0.727080 0.099970
vt 0.726120 0.096860
vt 0.726910 0.076980
vt 0.725700 0.075340
vt 0.726980 0.074890
vt 0.727940 0.077510
vt 0.729050 0.077940
vt 0.728670 0.074920
vt 0.726230 0.103790
vt 0.725080 0.107270
vt 0.723450 0.112260
vt 0.724460 0.116880
vt 0.172590 0.007480
vt 0.177660 0.002400
vt 0.187200 0.000000
vt 0.176440 0.009460
vt 0.436990 0.000360
vt 0.440680 0.000000
vt 0.446590 0.001700
vt 0.437080 0.004220
vt 0.729500 0.105590
vt 0.729470 0.105540
vt 0.728250 0.103380
vt 0.714350 0.085410
vt 0.716750 0.084130
vt 0.713220 0.086960
vt 0.714140 0.089200
vt 0.716460 0.088750
vt 0.718490 0.087500
vt 0.719680 0.085230
vt 0.718930 0.083820
vt 0.652340 0.056100
vt 0.647030 0.044750
vt 0.666880 0.032740
vt 0.669930 0.045570
vt 0.690360 0.029970
vt 0.688900 0.044000
vt 0.717060 0.031300
vt 0.708200 0.044790
vt 0.724270 0.052170
vt 0.717550 0.056940
vt 0.640720 0.073790
vt 0.633210 0.065780
vt 0.659860 0.065700
vt 0.672940 0.057390
vt 0.687290 0.055940
vt 0.700890 0.056460
vt 0.709340 0.064670
vt 0.650140 0.079910
vt 0.667000 0.074170
vt 0.675910 0.068020
vt 0.685570 0.065940
vt 0.694290 0.067180
vt 0.699990 0.073900
vt 0.660790 0.084410
vt 0.671200 0.093390
vt 0.676390 0.089050
vt 0.682240 0.087480
vt 0.684620 0.088290
vt 0.688430 0.093700
vt 0.689720 0.099380
vt 0.669340 0.099270
vt 0.683210 0.093210
vt 0.686450 0.097140
vt 0.680650 0.097630
vt 0.680040 0.093320
vt 0.675140 0.098980
vt 0.676850 0.095450
vt 0.687660 0.101430
vt 0.680940 0.102860
vt 0.674490 0.102380
vt 0.724730 0.141920
vt 0.726130 0.134840
vt 0.709790 0.131380
vt 0.702030 0.138020
vt 0.687800 0.107260
vt 0.714100 0.142840
vt 0.719180 0.134800
vt 0.721140 0.154710
vt 0.690260 0.146590
vt 0.681900 0.133560
vt 0.680650 0.108420
vt 0.685650 0.107550
vt 0.684920 0.112800
vt 0.679720 0.114800
vt 0.704590 0.153480
vt 0.681140 0.119710
vt 0.723280 0.066020
vt 0.686070 0.154990
vt 0.675670 0.141640
vt 0.674730 0.107080
vt 0.674920 0.112110
vt 0.700770 0.161630
vt 0.717160 0.165690
vt 0.673050 0.118380
vt 0.631430 0.075270
vt 0.640430 0.082440
vt 0.648430 0.088060
vt 0.658220 0.092040
vt 0.669570 0.108860
vt 0.629090 0.100970
vt 0.639120 0.106900
vt 0.648920 0.111910
vt 0.658810 0.115230
vt 0.642710 0.128930
vt 0.651930 0.132310
vt 0.661140 0.134740
vt 0.727410 0.065600
vt 0.680300 0.090530
vt 0.683960 0.090520
vt 0.687760 0.095140
vt 0.673070 0.096700
vt 0.675930 0.092700
vt 0.689040 0.100100
vt 0.672580 0.100640
vt 0.687070 0.107690
vt 0.679430 0.116630
vt 0.673610 0.113570
vt 0.672470 0.107160
vt 0.631050 0.123440
vt 0.299260 0.131000
vt 0.301240 0.123250
vt 0.315740 0.129180
vt 0.314770 0.135120
vt 0.008200 0.497580
vt 0.009950 0.492120
vt 0.021560 0.494080
vt 0.017550 0.499840
vt 0.857710 0.060130
vt 0.855620 0.054220
vt 0.864380 0.049170
vt 0.869800 0.053970
vt 0.298120 0.138950
vt 0.312040 0.141010
vt 0.057490 0.536520
vt 0.049990 0.537410
vt 0.049520 0.533060
vt 0.053720 0.532290
vt 0.903400 0.005100
vt 0.903830 0.000000
vt 0.909760 0.002590
vt 0.907720 0.009090
vt 0.063210 0.529780
vt 0.059340 0.528120
vt 0.913630 0.009900
vt 0.910200 0.013550
vt 0.063200 0.495490
vt 0.058710 0.495990
vt 0.053750 0.492190
vt 0.063450 0.489370
vt 0.901380 0.050450
vt 0.904020 0.043960
vt 0.909900 0.045240
vt 0.910610 0.050640
vt 0.292120 0.156660
vt 0.306860 0.158890
vt 0.859510 0.078510
vt 0.868840 0.060940
vt 0.886860 0.059140
vt 0.886310 0.053800
vt 0.902640 0.057270
vt 0.869910 0.077540
vt 0.888860 0.071040
vt 0.904830 0.070280
vt 0.915860 0.061690
vt 0.912350 0.055660
vt 0.888720 0.082670
vt 0.904750 0.083050
vt 0.917260 0.077360
vt 0.915280 0.069680
vt 0.869510 0.092940
vt 0.858560 0.094900
vt 0.870430 0.098460
vt 0.289180 0.171520
vt 0.302210 0.174450
vt 0.886980 0.094080
vt 0.885790 0.100250
vt 0.901990 0.095840
vt 0.900310 0.101610
vt 0.914850 0.092710
vt 0.914870 0.084770
vt 0.911120 0.098350
vt 0.908640 0.103410
vt 0.287670 0.179470
vt 0.302240 0.180120
vt 0.857290 0.099980
vt 0.869380 0.103900
vt 0.002750 0.461110
vt 0.000000 0.456680
vt 0.010880 0.449400
vt 0.011530 0.454570
vt 0.287970 0.187490
vt 0.302240 0.185600
vt 0.884840 0.106290
vt 0.025490 0.445550
vt 0.027280 0.450470
vt 0.899200 0.107400
vt 0.037340 0.440880
vt 0.040150 0.445690
vt 0.906540 0.108400
vt 0.042620 0.438430
vt 0.046740 0.441360
vt 0.292170 0.202400
vt 0.307630 0.201360
vt 0.008260 0.475490
vt 0.014880 0.465880
vt 0.029120 0.455190
vt 0.042920 0.449910
vt 0.032910 0.465410
vt 0.048640 0.461100
vt 0.055970 0.448320
vt 0.050570 0.444040
vt 0.019040 0.482250
vt 0.035950 0.476040
vt 0.052260 0.473450
vt 0.063170 0.462460
vt 0.058950 0.455590
vt 0.304460 0.107630
vt 0.319080 0.110800
vt 0.037680 0.486530
vt 0.038570 0.491440
vt 0.053390 0.486080
vt 0.066020 0.478410
vt 0.063910 0.470770
vt 0.064360 0.484890
vt 0.058010 0.398900
vt 0.056160 0.401480
vt 0.053490 0.401150
vt 0.053470 0.397160
vt 0.050820 0.401520
vt 0.048940 0.398960
vt 0.935740 0.137460
vt 0.937620 0.141650
vt 0.933190 0.142030
vt 0.933100 0.138160
vt 0.938010 0.135890
vt 0.940840 0.138550
vt 0.103150 0.422820
vt 0.099930 0.423100
vt 0.098520 0.420720
vt 0.101580 0.418080
vt 0.096320 0.419010
vt 0.097060 0.415870
vt 0.968090 0.102890
vt 0.972490 0.104630
vt 0.969430 0.107960
vt 0.966530 0.105180
vt 0.968500 0.100140
vt 0.972520 0.100110
vt 0.123510 0.471010
vt 0.120850 0.469010
vt 0.121650 0.466260
vt 0.125780 0.466420
vt 0.121000 0.463460
vt 0.123790 0.461660
vt 0.975720 0.059620
vt 0.980520 0.058790
vt 0.979470 0.063320
vt 0.975380 0.062440
vt 0.974450 0.057080
vt 0.978010 0.054890
vt 0.102060 0.523840
vt 0.101800 0.520500
vt 0.104410 0.519310
vt 0.107020 0.522550
vt 0.106070 0.516950
vt 0.109270 0.517900
vt 0.950880 0.015300
vt 0.953920 0.011470
vt 0.956130 0.015600
vt 0.952470 0.017680
vt 0.948220 0.014260
vt 0.949410 0.010230
vt 0.055210 0.442970
vt 0.051700 0.440900
vt 0.047920 0.439010
vt 0.053910 0.422560
vt 0.053840 0.425030
vt 0.050130 0.424560
vt 0.050100 0.422250
vt 0.057710 0.422820
vt 0.057640 0.425390
vt 0.043310 0.437470
vt 0.907940 0.109390
vt 0.911050 0.105020
vt 0.918460 0.121780
vt 0.917260 0.119960
vt 0.921310 0.117070
vt 0.922610 0.119060
vt 0.045030 0.422070
vt 0.045240 0.424090
vt 0.913800 0.101070
vt 0.916560 0.097980
vt 0.925660 0.116990
vt 0.924390 0.114860
vt 0.927380 0.112860
vt 0.928770 0.115090
vt 0.919850 0.095950
vt 0.921400 0.096550
vt 0.059950 0.443010
vt 0.058910 0.444210
vt 0.062880 0.422860
vt 0.062780 0.425490
vt 0.933210 0.112640
vt 0.931730 0.110180
vt 0.064450 0.457150
vt 0.062210 0.453380
vt 0.060170 0.449430
vt 0.079260 0.438640
vt 0.077560 0.440250
vt 0.075090 0.437400
vt 0.076620 0.435800
vt 0.081780 0.441600
vt 0.080050 0.443130
vt 0.058960 0.444170
vt 0.920240 0.096090
vt 0.918770 0.090600
vt 0.918900 0.085900
vt 0.920470 0.081700
vt 0.941780 0.092910
vt 0.939660 0.092180
vt 0.941030 0.088780
vt 0.943170 0.089540
vt 0.940860 0.096460
vt 0.938770 0.095790
vt 0.923290 0.077930
vt 0.924440 0.078040
vt 0.068640 0.459880
vt 0.067720 0.460280
vt 0.085190 0.445590
vt 0.083550 0.446900
vt 0.945420 0.084920
vt 0.943130 0.083970
vt 0.068820 0.474650
vt 0.067840 0.470100
vt 0.067200 0.465490
vt 0.091560 0.466800
vt 0.089320 0.467020
vt 0.088920 0.463470
vt 0.091070 0.463070
vt 0.091720 0.470550
vt 0.089620 0.470550
vt 0.068210 0.460070
vt 0.924240 0.077970
vt 0.920710 0.073520
vt 0.919450 0.069080
vt 0.919710 0.064310
vt 0.944130 0.065010
vt 0.942050 0.065360
vt 0.941760 0.061780
vt 0.943830 0.061460
vt 0.944980 0.068450
vt 0.942890 0.068810
vt 0.921320 0.059030
vt 0.921800 0.058930
vt 0.071650 0.479570
vt 0.071320 0.479600
vt 0.091830 0.475540
vt 0.090100 0.475310
vt 0.943690 0.056400
vt 0.941490 0.056690
vt 0.066440 0.490560
vt 0.067820 0.486560
vt 0.069100 0.482980
vt 0.084950 0.498210
vt 0.083530 0.497030
vt 0.085760 0.494030
vt 0.087260 0.495180
vt 0.082520 0.501150
vt 0.081300 0.500000
vt 0.072640 0.479630
vt 0.922740 0.058640
vt 0.918020 0.056630
vt 0.915530 0.053250
vt 0.913510 0.049240
vt 0.931410 0.038560
vt 0.930240 0.039850
vt 0.927670 0.037030
vt 0.928900 0.035860
vt 0.934080 0.040980
vt 0.932860 0.042320
vt 0.911380 0.044500
vt 0.064600 0.495290
vt 0.079100 0.504880
vt 0.078300 0.503870
vt 0.925570 0.032110
vt 0.924320 0.033260
vt 0.072860 0.432080
vt 0.071650 0.433500
vt 0.939800 0.101530
vt 0.937600 0.101000
vt 0.090270 0.458100
vt 0.088390 0.458660
vt 0.946490 0.073260
vt 0.944300 0.073640
vt 0.090380 0.491070
vt 0.088860 0.490010
vt 0.938070 0.044150
vt 0.936700 0.045690
vt 0.057540 0.413300
vt 0.057670 0.420640
vt 0.053880 0.420490
vt 0.053720 0.413420
vt 0.050100 0.420270
vt 0.049860 0.413280
vt 0.045100 0.420200
vt 0.044880 0.413120
vt 0.922880 0.130180
vt 0.919350 0.123600
vt 0.923580 0.120990
vt 0.927100 0.127660
vt 0.926800 0.118950
vt 0.930370 0.125820
vt 0.930060 0.117070
vt 0.933700 0.124250
vt 0.934490 0.114850
vt 0.938260 0.122390
vt 0.062520 0.412930
vt 0.062750 0.420580
vt 0.091160 0.432450
vt 0.083060 0.440260
vt 0.080600 0.437340
vt 0.088610 0.429640
vt 0.077940 0.434610
vt 0.086020 0.426880
vt 0.074110 0.431100
vt 0.082500 0.423430
vt 0.952740 0.106110
vt 0.941560 0.102250
vt 0.942570 0.097190
vt 0.953790 0.101320
vt 0.943560 0.093540
vt 0.954900 0.097730
vt 0.945010 0.090060
vt 0.956420 0.094320
vt 0.947420 0.085510
vt 0.958820 0.090060
vt 0.094400 0.436150
vt 0.086340 0.444280
vt 0.106540 0.469800
vt 0.093720 0.470350
vt 0.093660 0.466620
vt 0.106570 0.466040
vt 0.093160 0.462930
vt 0.106370 0.462270
vt 0.092170 0.457930
vt 0.105820 0.457380
vt 0.962360 0.070630
vt 0.948740 0.073110
vt 0.947070 0.068280
vt 0.960790 0.065980
vt 0.946180 0.064660
vt 0.959940 0.062340
vt 0.945850 0.060950
vt 0.959540 0.058620
vt 0.945860 0.055830
vt 0.959480 0.053710
vt 0.106260 0.474700
vt 0.093510 0.475430
vt 0.091840 0.510320
vt 0.083620 0.502090
vt 0.086150 0.499260
vt 0.094600 0.507750
vt 0.088460 0.496300
vt 0.097320 0.505100
vt 0.091570 0.492240
vt 0.100770 0.501580
vt 0.947920 0.032620
vt 0.939400 0.042840
vt 0.935280 0.039850
vt 0.943850 0.029950
vt 0.932480 0.037390
vt 0.940920 0.027670
vt 0.929870 0.034650
vt 0.938170 0.025110
vt 0.926540 0.030890
vt 0.934800 0.021580
vt 0.088150 0.513510
vt 0.080040 0.505600
vt 0.056910 0.405280
vt 0.057610 0.411580
vt 0.053670 0.411760
vt 0.053530 0.405490
vt 0.049700 0.411600
vt 0.050150 0.405340
vt 0.044730 0.411400
vt 0.045520 0.404600
vt 0.927790 0.138150
vt 0.923890 0.131860
vt 0.927970 0.129150
vt 0.930810 0.134730
vt 0.931100 0.127380
vt 0.933670 0.132850
vt 0.934380 0.125920
vt 0.936910 0.131840
vt 0.939030 0.124400
vt 0.941450 0.131790
vt 0.061500 0.404410
vt 0.062560 0.411170
vt 0.097240 0.426390
vt 0.092140 0.431630
vt 0.089510 0.428800
vt 0.094900 0.423890
vt 0.086900 0.425940
vt 0.092670 0.421290
vt 0.083430 0.422480
vt 0.089880 0.417490
vt 0.962280 0.108830
vt 0.954140 0.106550
vt 0.955040 0.101730
vt 0.962070 0.104200
vt 0.956100 0.098200
vt 0.962830 0.100820
vt 0.957640 0.094860
vt 0.964550 0.097820
vt 0.960190 0.090680
vt 0.967840 0.094570
vt 0.100710 0.429570
vt 0.095360 0.435330
vt 0.116150 0.469580
vt 0.107860 0.469860
vt 0.107870 0.466020
vt 0.116200 0.466100
vt 0.107730 0.462180
vt 0.116240 0.462610
vt 0.107240 0.457300
vt 0.116550 0.457870
vt 0.973050 0.067990
vt 0.963860 0.070310
vt 0.962150 0.065710
vt 0.970540 0.064040
vt 0.961270 0.062110
vt 0.969450 0.060710
vt 0.960910 0.058430
vt 0.969360 0.057200
vt 0.960990 0.053520
vt 0.970400 0.052640
vt 0.116310 0.474320
vt 0.107530 0.474750
vt 0.098230 0.517290
vt 0.092630 0.511320
vt 0.095470 0.508700
vt 0.100870 0.515000
vt 0.098280 0.506050
vt 0.103530 0.512740
vt 0.101760 0.502570
vt 0.107340 0.509900
vt 0.954310 0.023520
vt 0.948840 0.031360
vt 0.944670 0.028860
vt 0.949860 0.022150
vt 0.941730 0.026660
vt 0.946870 0.020330
vt 0.939060 0.024140
vt 0.944470 0.017770
vt 0.935790 0.020510
vt 0.942160 0.013710
vt 0.094800 0.520580
vt 0.088870 0.514460
vt 0.039670 0.495560
vt 0.028560 0.497130
vt 0.875120 0.049120
vt 0.887280 0.049490
vt 0.893180 0.036700
vt 0.886090 0.032340
vt 0.870820 0.045120
vt 0.022990 0.500460
vt 0.033970 0.507100
vt 0.024210 0.499750
vt 0.039070 0.505620
vt 0.882040 0.028380
vt 0.051570 0.496350
vt 0.057300 0.496410
vt 0.904450 0.041100
vt 0.899280 0.045670
vt 0.900630 0.035810
vt 0.045270 0.506420
vt 0.043240 0.517090
vt 0.043040 0.515700
vt 0.047900 0.514210
vt 0.048080 0.515240
vt 0.897410 0.026920
vt 0.897020 0.028050
vt 0.891030 0.021460
vt 0.891570 0.020050
vt 0.038430 0.517160
vt 0.038170 0.515790
vt 0.886810 0.017070
vt 0.887400 0.015520
vt 0.052930 0.505210
vt 0.055800 0.511720
vt 0.058310 0.502410
vt 0.906860 0.034750
vt 0.903280 0.029320
vt 0.051040 0.524840
vt 0.046460 0.527870
vt 0.043820 0.519820
vt 0.048950 0.517670
vt 0.898580 0.009920
vt 0.903140 0.017070
vt 0.898960 0.024430
vt 0.893280 0.017480
vt 0.889240 0.012820
vt 0.895360 0.004980
vt 0.041800 0.529900
vt 0.038770 0.520300
vt 0.058520 0.521730
vt 0.056750 0.514570
vt 0.062160 0.511630
vt 0.063930 0.519680
vt 0.912870 0.019720
vt 0.910160 0.026770
vt 0.904640 0.026600
vt 0.907760 0.019930
vt 0.061130 0.508560
vt 0.908960 0.029330
vt 0.291730 0.156540
vt 0.262450 0.152510
vt 0.225050 0.165960
vt 0.220890 0.184420
vt 0.218600 0.203490
vt 0.222370 0.224180
vt 0.240810 0.074970
vt 0.237940 0.091420
vt 0.236040 0.108430
vt 0.233360 0.126760
vt 0.229060 0.147580
vt 0.193790 0.161880
vt 0.190000 0.181750
vt 0.187700 0.202170
vt 0.188990 0.224810
vt 0.209460 0.067450
vt 0.206560 0.084150
vt 0.207290 0.103200
vt 0.201450 0.120810
vt 0.197760 0.142400
vt 0.162160 0.157880
vt 0.178420 0.159410
vt 0.174910 0.179830
vt 0.159100 0.178020
vt 0.173160 0.200680
vt 0.157340 0.198080
vt 0.171660 0.223000
vt 0.155930 0.219560
vt 0.177100 0.063360
vt 0.192570 0.064800
vt 0.190810 0.081270
vt 0.175140 0.079040
vt 0.187880 0.100300
vt 0.171460 0.097900
vt 0.185970 0.119250
vt 0.168420 0.116800
vt 0.182160 0.140420
vt 0.165260 0.138610
vt 0.125600 0.157000
vt 0.144710 0.157650
vt 0.141690 0.176320
vt 0.122690 0.175010
vt 0.141170 0.195000
vt 0.123100 0.193390
vt 0.140370 0.218170
vt 0.123860 0.219120
vt 0.147710 0.054380
vt 0.162290 0.060620
vt 0.155740 0.076970
vt 0.140550 0.072590
vt 0.155750 0.095070
vt 0.135800 0.090540
vt 0.151040 0.112500
vt 0.132080 0.108120
vt 0.147420 0.136310
vt 0.128550 0.133530
vt 0.097740 0.154630
vt 0.095490 0.174240
vt 0.096320 0.194180
vt 0.097760 0.220840
vt 0.125410 0.040050
vt 0.116880 0.063620
vt 0.109420 0.081180
vt 0.103650 0.098500
vt 0.100630 0.128430
vt 0.064340 0.148240
vt 0.065290 0.170760
vt 0.068360 0.192980
vt 0.067970 0.220500
vt 0.099480 0.027630
vt 0.090540 0.052250
vt 0.075000 0.073760
vt 0.068160 0.091380
vt 0.063500 0.118320
vt 0.019150 0.130130
vt 0.016580 0.154110
vt 0.032440 0.183660
vt 0.031780 0.220000
vt 0.068310 0.013180
vt 0.066560 0.039830
vt 0.053620 0.065140
vt 0.038720 0.082160
vt 0.030720 0.108020
vt 0.386770 0.916840
vt 0.401220 0.917690
vt 0.396430 0.965240
vt 0.384880 0.963380
vt 0.365000 0.963290
vt 0.361970 0.918210
vt 0.340100 0.965060
vt 0.333450 0.923750
vt 0.859170 0.875630
vt 0.868980 0.837080
vt 0.892480 0.841610
vt 0.887390 0.878400
vt 0.915430 0.880270
vt 0.902040 0.880260
vt 0.904550 0.843500
vt 0.915240 0.842350
vt 0.942890 0.878280
vt 0.928760 0.879380
vt 0.925850 0.841720
vt 0.937250 0.839970
vt 0.960620 0.834380
vt 0.971270 0.875490
vt 0.442140 0.927240
vt 0.431800 0.970660
vt 0.408080 0.967010
vt 0.415190 0.919850
vt 0.388000 0.876060
vt 0.403620 0.876680
vt 0.359780 0.876540
vt 0.324300 0.879270
vt 0.849540 0.917070
vt 0.883620 0.922640
vt 0.915520 0.924590
vt 0.900680 0.924210
vt 0.946700 0.922490
vt 0.930330 0.924110
vt 0.980850 0.916930
vt 0.454170 0.883430
vt 0.419950 0.878510
vt 0.389630 0.831100
vt 0.406900 0.831690
vt 0.357860 0.831380
vt 0.319480 0.830590
vt 0.844600 0.964000
vt 0.882100 0.969700
vt 0.915820 0.972420
vt 0.900140 0.971630
vt 0.948810 0.969580
vt 0.931530 0.971660
vt 0.986260 0.963660
vt 0.463210 0.835860
vt 0.425220 0.833130
vt 0.555230 0.261820
vt 0.554640 0.247030
vt 0.569900 0.246480
vt 0.570580 0.260940
vt 0.572870 0.289490
vt 0.557270 0.291420
vt 0.577570 0.325510
vt 0.561850 0.329120
vt 0.631000 0.243300
vt 0.631920 0.228000
vt 0.668060 0.234670
vt 0.668290 0.250080
vt 0.699500 0.254570
vt 0.685140 0.252890
vt 0.685460 0.237370
vt 0.700740 0.238990
vt 0.730510 0.255960
vt 0.714080 0.255470
vt 0.716120 0.240270
vt 0.733000 0.240840
vt 0.769600 0.239840
vt 0.768400 0.255220
vt 0.554790 0.192610
vt 0.570170 0.194410
vt 0.569710 0.230520
vt 0.554290 0.230400
vt 0.509790 0.263730
vt 0.509660 0.247620
vt 0.530430 0.246910
vt 0.530680 0.263640
vt 0.533050 0.295360
vt 0.510910 0.295490
vt 0.537560 0.333480
vt 0.515200 0.333660
vt 0.624650 0.288590
vt 0.628190 0.267150
vt 0.665480 0.273230
vt 0.662500 0.295780
vt 0.696280 0.300110
vt 0.680520 0.298420
vt 0.682300 0.275640
vt 0.697400 0.277280
vt 0.729690 0.301310
vt 0.712220 0.300890
vt 0.712860 0.278430
vt 0.729400 0.279110
vt 0.767410 0.279280
vt 0.768220 0.300870
vt 0.511280 0.191670
vt 0.531660 0.190760
vt 0.530660 0.229310
vt 0.509910 0.230030
vt 0.475800 0.264660
vt 0.476990 0.246400
vt 0.476750 0.299680
vt 0.482080 0.338780
vt 0.618900 0.321240
vt 0.658300 0.325200
vt 0.693860 0.333460
vt 0.676260 0.331940
vt 0.729450 0.335180
vt 0.711180 0.334660
vt 0.768830 0.334560
vt 0.480620 0.187540
vt 0.478070 0.227520
vt 0.433130 0.265580
vt 0.435110 0.246330
vt 0.432480 0.303610
vt 0.441840 0.344590
vt 0.609480 0.360890
vt 0.648540 0.370750
vt 0.688880 0.377080
vt 0.670110 0.375340
vt 0.727110 0.374970
vt 0.707800 0.377620
vt 0.768250 0.373230
vt 0.446110 0.186570
vt 0.440530 0.226740
vt 0.376350 0.257020
vt 0.377150 0.232830
vt 0.399180 0.241350
vt 0.400240 0.262390
vt 0.407090 0.297140
vt 0.375150 0.294860
vt 0.428760 0.348020
vt 0.403160 0.356390
vt 0.598330 0.399450
vt 0.606210 0.374430
vt 0.646980 0.388960
vt 0.644730 0.420870
vt 0.686580 0.438920
vt 0.669250 0.432600
vt 0.668350 0.394540
vt 0.686400 0.404580
vt 0.727120 0.444410
vt 0.705190 0.441700
vt 0.704150 0.415170
vt 0.723340 0.415230
vt 0.386040 0.162960
vt 0.408440 0.174800
vt 0.401370 0.219970
vt 0.377790 0.210370
vt 0.587580 0.246000
vt 0.588270 0.260250
vt 0.590500 0.288330
vt 0.595450 0.323660
vt 0.636440 0.211420
vt 0.671560 0.218340
vt 0.687780 0.220900
vt 0.701590 0.222600
vt 0.715600 0.223720
vt 0.731340 0.224090
vt 0.767050 0.222560
vt 0.587910 0.194280
vt 0.587370 0.230010
vt 0.677230 0.787760
vt 0.699790 0.786540
vt 0.698690 0.803760
vt 0.676940 0.808240
vt 0.230530 0.619140
vt 0.206010 0.611590
vt 0.214820 0.592970
vt 0.240300 0.600830
vt 0.286830 0.612160
vt 0.279070 0.629680
vt 0.774670 0.791980
vt 0.768900 0.810130
vt 0.722370 0.805680
vt 0.725160 0.786170
vt 0.677000 0.767540
vt 0.699930 0.765500
vt 0.227020 0.641190
vt 0.203380 0.632840
vt 0.275160 0.653320
vt 0.775580 0.768710
vt 0.725470 0.764260
vt 0.675300 0.740120
vt 0.699510 0.743870
vt 0.227690 0.660040
vt 0.204240 0.655040
vt 0.273700 0.679720
vt 0.774440 0.743080
vt 0.723760 0.746190
vt 0.676900 0.712910
vt 0.698230 0.716370
vt 0.232790 0.691650
vt 0.209020 0.685580
vt 0.275980 0.710840
vt 0.768470 0.712670
vt 0.721710 0.716700
vt 0.679230 0.694110
vt 0.702580 0.692880
vt 0.237540 0.716680
vt 0.211870 0.708910
vt 0.276620 0.726900
vt 0.767400 0.696820
vt 0.727460 0.693830
vt 0.683350 0.664800
vt 0.705780 0.666560
vt 0.243240 0.743280
vt 0.211390 0.739140
vt 0.277110 0.741820
vt 0.767680 0.681950
vt 0.731960 0.672890
vt 0.683900 0.646500
vt 0.706490 0.653940
vt 0.235040 0.760150
vt 0.209670 0.760640
vt 0.799610 0.837060
vt 0.807790 0.820430
vt 0.840590 0.823900
vt 0.849540 0.836670
vt 0.489640 0.829410
vt 0.489220 0.845000
vt 0.465460 0.815070
vt 0.471970 0.804720
vt 0.421690 0.749430
vt 0.437130 0.741570
vt 0.442160 0.771360
vt 0.426560 0.772690
vt 0.786480 0.897290
vt 0.768480 0.882280
vt 0.770190 0.849340
vt 0.788910 0.859710
vt 0.413740 0.725630
vt 0.426320 0.715300
vt 0.766580 0.906110
vt 0.756260 0.897200
vt 0.809230 0.929530
vt 0.781840 0.927420
vt 0.446160 0.691270
vt 0.464900 0.710440
vt 0.453060 0.734320
vt 0.436520 0.705200
vt 0.397950 0.709690
vt 0.404490 0.704340
vt 0.742870 0.920420
vt 0.736050 0.912580
vt 0.752520 0.936660
vt 0.417680 0.682320
vt 0.410030 0.697700
vt 0.336880 0.238910
vt 0.332990 0.221050
vt 0.360540 0.231730
vt 0.356040 0.254470
vt 0.337440 0.295300
vt 0.326820 0.272850
vt 0.686580 0.496960
vt 0.666030 0.497660
vt 0.667020 0.466230
vt 0.687640 0.467000
vt 0.730360 0.492030
vt 0.706790 0.495290
vt 0.706690 0.465750
vt 0.729860 0.462870
vt 0.345700 0.154460
vt 0.370420 0.162830
vt 0.363160 0.207920
vt 0.336370 0.199500
vt 0.775350 0.830930
vt 0.452170 0.794980
vt 0.430320 0.791180
vt 0.476620 0.718950
vt 0.466730 0.740790
vt 0.814060 0.911440
vt 0.823820 0.932350
vt 0.810040 0.874720
vt 0.827180 0.855300
vt 0.854330 0.849870
vt 0.485970 0.802870
vt 0.501480 0.821870
vt 0.458160 0.772770
vt 0.470330 0.774960
vt 0.773610 0.458050
vt 0.776320 0.484060
vt 0.767400 0.416730
vt 0.767550 0.442860
vt 0.890590 0.627750
vt 0.896350 0.637370
vt 0.870220 0.654880
vt 0.864310 0.645130
vt 0.731390 0.648280
vt 0.747070 0.633860
vt 0.770220 0.644320
vt 0.760200 0.660520
vt 0.755720 0.608650
vt 0.780190 0.623790
vt 0.872770 0.599610
vt 0.883820 0.619300
vt 0.858270 0.635430
vt 0.844560 0.618590
vt 0.770200 0.552300
vt 0.781070 0.521670
vt 0.786360 0.528560
vt 0.778230 0.555770
vt 0.807980 0.501800
vt 0.808500 0.515230
vt 0.800820 0.517580
vt 0.798750 0.505330
vt 0.835840 0.519780
vt 0.831170 0.526950
vt 0.820910 0.520220
vt 0.825050 0.509210
vt 0.921570 0.622700
vt 0.915450 0.612630
vt 0.714810 0.617150
vt 0.705060 0.635890
vt 0.728850 0.592680
vt 0.752340 0.543370
vt 0.767010 0.508460
vt 0.807510 0.484410
vt 0.792840 0.487440
vt 0.848110 0.504500
vt 0.834510 0.493040
vt 0.909310 0.603300
vt 0.895250 0.583100
vt 0.408410 0.983620
vt 0.430020 0.986270
vt 0.956860 0.819490
vt 0.935440 0.823140
vt 0.925290 0.827220
vt 0.915200 0.828940
vt 0.905130 0.830660
vt 0.892930 0.827990
vt 0.871170 0.821320
vt 0.341700 0.981100
vt 0.364560 0.978050
vt 0.384520 0.979980
vt 0.396760 0.981350
vt 0.787880 0.580570
vt 0.794570 0.606340
vt 0.775980 0.590240
vt 0.760710 0.583390
vt 0.810860 0.571520
vt 0.812440 0.594890
vt 0.803790 0.598790
vt 0.801070 0.573370
vt 0.833820 0.574760
vt 0.831140 0.601240
vt 0.821760 0.596710
vt 0.820250 0.571140
vt 0.848880 0.585420
vt 0.863280 0.577020
vt 0.739600 0.573750
vt 0.884940 0.568140
vt 0.791150 0.548030
vt 0.809440 0.541800
vt 0.801850 0.543080
vt 0.827050 0.542850
vt 0.816990 0.541810
vt 0.841040 0.550020
vt 0.851300 0.546110
vt 0.866600 0.535010
vt 0.795910 0.522060
vt 0.816580 0.517250
vt 0.969910 0.233520
vt 0.999700 0.230220
vt 1.000000 0.266340
vt 0.968090 0.265280
vt 0.997480 0.300690
vt 0.967370 0.298700
vt 0.999680 0.323120
vt 0.966800 0.320740
vt 0.985250 0.347510
vt 0.965750 0.339950
vt 0.965410 0.354690
vt 0.970440 0.223100
vt 0.970730 0.204720
vt 0.981810 0.209180
vt 0.989740 0.217560
vt 0.954250 0.351040
vt 0.946320 0.343190
vt 0.936400 0.320560
vt 0.937160 0.301880
vt 0.936860 0.262740
vt 0.942570 0.229250
vt 0.960320 0.209520
vt 0.952350 0.217840
vt 0.817850 0.504070
vt 0.821720 0.486530
vt 0.790820 0.510310
vt 0.780580 0.494810
vt 0.185180 0.606040
vt 0.164620 0.604470
vt 0.167700 0.580670
vt 0.191790 0.586170
vt 0.183190 0.626320
vt 0.163560 0.623130
vt 0.183730 0.653980
vt 0.164250 0.655110
vt 0.187560 0.685150
vt 0.165350 0.690490
vt 0.188810 0.704700
vt 0.166040 0.707260
vt 0.190960 0.737690
vt 0.168100 0.735960
vt 0.190750 0.755840
vt 0.168510 0.752390
vt 0.751210 0.870460
vt 0.733380 0.862840
vt 0.735500 0.831750
vt 0.753910 0.837350
vt 0.744100 0.890420
vt 0.729420 0.883810
vt 0.729620 0.904900
vt 0.721410 0.902320
vt 0.737630 0.815540
vt 0.758680 0.821510
vt 0.337580 0.295640
vt 0.642400 0.448710
vt 0.642490 0.455360
vt 0.720810 0.173970
vt 0.627850 0.137560
vt 0.638090 0.142320
vt 0.646790 0.144220
vt 0.660630 0.149540
vt 0.678580 0.158480
vt 0.691490 0.165870
vt 0.706050 0.170910
vt 0.723510 0.188530
vt 0.713210 0.187620
vt 0.701080 0.184050
vt 0.686760 0.180720
vt 0.661680 0.173520
vt 0.641920 0.167500
vt 0.632880 0.164870
vt 0.624740 0.162290
vt 0.000000 0.145030
vt 0.001470 0.181940
vt 0.007460 0.213990
vt 0.047750 0.000000
vt 0.042640 0.023680
vt 0.025120 0.043350
vt 0.015320 0.065730
vt 0.011830 0.099240
vt 0.010390 0.121170
vt 0.601490 0.245830
vt 0.601900 0.260060
vt 0.604090 0.287760
vt 0.609160 0.321850
vt 0.640500 0.198410
vt 0.674350 0.204990
vt 0.689380 0.207330
vt 0.702080 0.208890
vt 0.715100 0.210020
vt 0.729890 0.210470
vt 0.764420 0.209060
vt 0.601690 0.194620
vt 0.601030 0.229680
vt 0.276820 0.743110
vt 0.243950 0.744480
vt 0.733080 0.668890
vt 0.767780 0.680630
vt 0.683760 0.645170
vt 0.706660 0.652520
vt 0.235840 0.761010
vt 0.209550 0.761940
vt 0.190390 0.757120
vt 0.168290 0.753730
vt 0.727310 0.663350
vt 0.726200 0.664130
vt 0.389360 0.824080
vt 0.406820 0.824720
vt 0.358300 0.824050
vt 0.322300 0.823180
vt 0.881020 0.976880
vt 0.845650 0.971940
vt 0.915870 0.979930
vt 0.899570 0.979510
vt 0.950090 0.976640
vt 0.932190 0.979030
vt 0.985240 0.971250
vt 0.425500 0.826220
vt 0.461230 0.828290
vt 0.316020 0.135660
vt 0.316440 0.129130
vt 0.317510 0.129040
vt 0.308250 0.159290
vt 0.312670 0.141480
vt 0.313620 0.142190
vt 0.303690 0.180120
vt 0.302960 0.174480
vt 0.304080 0.174490
vt 0.308960 0.200700
vt 0.302980 0.185590
vt 0.304100 0.185590
vt 0.397330 0.708800
vt 0.403740 0.703560
vt 0.742040 0.921130
vt 0.735330 0.913360
vt 0.751450 0.936970
vt 0.409170 0.697020
vt 0.416600 0.682020
vt 0.729110 0.905840
vt 0.721180 0.903320
vt 0.320500 0.111250
vt 0.572150 0.006730
vt 0.569190 0.002740
vt 0.571700 0.000000
vt 0.578810 0.001000
vt 0.596200 0.000000
vt 0.596800 0.003340
vt 0.588510 0.006250
vt 0.587550 0.002510
vt 0.009900 0.015740
vt 0.014440 0.008100
vt 0.642720 0.004970
vt 0.642630 0.000000
vt 0.651400 0.000480
vt 0.646380 0.005610
vt 0.729980 0.110140
vt 0.729880 0.109290
vt 0.716380 0.003380
vt 0.716080 0.000000
vt 0.716070 0.000000
vt 0.725080 0.000120
vt 0.725150 0.003970
vt 0.729800 0.106480
vt 0.729600 0.105990
vt 0.639070 0.036830
vt 0.662340 0.020120
vt 0.691450 0.012650
vt 0.624310 0.059970
vt 0.621650 0.067970
vt 0.617330 0.094130
vt 0.618000 0.116000
vt 0.398820 0.355520
vt 0.594890 0.402040
vt 0.644900 0.495750
vt 0.615960 0.131260
vt 0.609580 0.155970
vt 0.256070 0.950410
vt 0.274800 0.949220
vt 0.273320 0.959080
vt 0.253830 0.960740
vt 0.226410 0.951850
vt 0.223980 0.961550
vt 0.209300 0.952960
vt 0.205740 0.962490
vt 0.169750 0.954620
vt 0.186310 0.954150
vt 0.186920 0.963600
vt 0.170280 0.963970
vt 0.141550 0.955930
vt 0.142300 0.966500
vt 0.116040 0.956210
vt 0.117260 0.966680
vt 0.088110 0.957000
vt 0.088860 0.967660
vt 0.070040 0.957670
vt 0.070930 0.968210
vt 0.038850 0.958360
vt 0.039340 0.969140
vt 0.020260 0.958580
vt 0.019750 0.968270
vt 0.018800 0.956380
vt 0.018360 0.970200
vt 0.038830 0.955550
vt 0.018630 0.945630
vt 0.038880 0.944940
vt 0.068240 0.954930
vt 0.068900 0.944450
vt 0.085670 0.954930
vt 0.085850 0.944150
vt 0.114130 0.953960
vt 0.114770 0.943500
vt 0.140660 0.953380
vt 0.140640 0.942680
vt 0.170140 0.951980
vt 0.169500 0.942430
vt 0.186620 0.950650
vt 0.185910 0.940830
vt 0.225540 0.949270
vt 0.209000 0.950200
vt 0.204760 0.941160
vt 0.222010 0.939880
vt 0.255740 0.947600
vt 0.252350 0.937630
vt 0.276160 0.947210
vt 0.272980 0.936820
vt 0.275130 0.961100
vt 0.253830 0.963580
vt 0.223380 0.964240
vt 0.206320 0.965110
vt 0.187730 0.967050
vt 0.170710 0.966700
vt 0.141640 0.969070
vt 0.115490 0.969130
vt 0.086560 0.969810
vt 0.069190 0.971050
vt 0.039370 0.972010
vt 0.809480 0.953330
vt 0.810980 0.963180
vt 0.792240 0.962030
vt 0.789980 0.951700
vt 0.762580 0.960640
vt 0.760130 0.950950
vt 0.745470 0.959560
vt 0.741890 0.950040
vt 0.723070 0.948970
vt 0.722470 0.958410
vt 0.705920 0.957980
vt 0.706430 0.948630
vt 0.677710 0.956710
vt 0.678440 0.946150
vt 0.652200 0.956480
vt 0.653400 0.946010
vt 0.624270 0.955740
vt 0.625000 0.945090
vt 0.606200 0.955110
vt 0.607070 0.944570
vt 0.575010 0.954480
vt 0.575480 0.943690
vt 0.556410 0.954280
vt 0.555890 0.944590
vt 0.554960 0.956490
vt 0.554500 0.942670
vt 0.554810 0.967240
vt 0.574990 0.957280
vt 0.575060 0.967900
vt 0.604410 0.957850
vt 0.605080 0.968330
vt 0.621830 0.957820
vt 0.622040 0.968600
vt 0.650300 0.958740
vt 0.650960 0.969190
vt 0.676820 0.959270
vt 0.676820 0.969970
vt 0.706310 0.960620
vt 0.705690 0.970170
vt 0.722790 0.961920
vt 0.722100 0.971730
vt 0.740950 0.971370
vt 0.745180 0.962320
vt 0.761710 0.963220
vt 0.758200 0.972620
vt 0.791920 0.964840
vt 0.788540 0.974820
vt 0.812330 0.965190
vt 0.809180 0.975590
vt 0.811290 0.951310
vt 0.789970 0.948860
vt 0.759520 0.948260
vt 0.742460 0.947420
vt 0.723870 0.945520
vt 0.706850 0.945890
vt 0.677780 0.943570
vt 0.651630 0.943560
vt 0.622700 0.942940
vt 0.605320 0.941730
vt 0.575500 0.940820
s 1
f 1/1/1 2/2/2 3/3/3
f 3/3/3 4/4/4 1/1/1
f 2/2/2 1/1/1 5/5/5
f 5/5/5 6/6/6 2/2/2
f 7/7/7 8/8/8 6/6/6
f 6/6/6 5/5/5 7/7/7
f 9/9/9 10/10/10 1/1/1
f 1/1/1 4/4/4 9/9/9
f 11/11/11 12/12/9 4/4/4
f 4/4/4 3/3/3 11/11/11
f 13/13/12 11/11/11 3/3/3
f 3/3/3 2/2/2 13/13/12
f 14/14/13 13/13/12 2/2/2
f 2/2/2 6/6/6 14/14/13
f 15/15/14 16/16/15 5/5/5
f 5/5/5 1/1/1 15/15/14
f 17/17/16 18/18/17 8/8/8
f 8/8/8 7/7/7 17/17/16
f 19/19/18 20/20/19 7/7/7
f 7/7/7 5/5/5 19/19/18
f 18/18/17 14/14/13 6/6/6
f 6/6/6 8/8/8 18/18/17
f 21/21/20 22/22/21 23/23/22
f 23/23/22 24/24/23 21/21/20
f 25/25/24 23/23/22 22/22/21
f 22/22/21 26/26/25 25/25/24
f 26/26/25 27/27/26 28/28/27
f 28/28/27 25/25/24 26/26/25
f 23/23/22 29/29/28 30/30/29
f 30/30/29 24/24/23 23/23/22
f 24/24/23 31/31/30 32/32/31
f 32/32/31 21/21/20 24/24/23
f 21/21/20 32/32/31 33/33/32
f 33/33/32 22/22/21 21/21/20
f 22/22/21 33/33/32 34/34/33
f 34/34/33 26/26/25 22/22/21
f 25/25/24 35/35/34 36/36/35
f 36/36/35 23/23/22 25/25/24
f 27/27/26 37/37/36 38/38/37
f 38/38/37 28/28/27 27/27/26
f 28/28/27 39/39/38 40/40/39
f 40/40/39 25/25/24 28/28/27
f 26/26/25 34/34/33 37/37/36
f 37/37/36 27/27/26 26/26/25
f 41/41/40 42/42/41 43/43/42
f 43/43/42 44/44/43 41/41/40
f 44/44/43 43/43/42 45/45/44
f 45/45/44 46/46/45 44/44/43
f 47/47/46 48/48/47 49/49/48
f 49/49/48 50/50/49 47/47/46
f 50/50/49 49/49/48 51/51/50
f 51/51/50 52/52/51 50/50/49
f 52/52/51 51/51/50 53/53/52
f 53/53/52 54/54/53 52/52/51
f 54/54/53 53/53/52 55/55/54
f 55/55/54 56/56/55 54/54/53
f 56/56/55 55/55/54 57/57/56
f 57/57/56 58/58/57 56/56/55
f 58/58/57 57/57/56 59/59/58
f 59/59/58 60/60/59 58/58/57
f 60/60/59 59/59/58 61/61/60
f 61/61/60 62/62/61 60/60/59
f 62/62/61 61/61/60 63/63/62
f 63/63/62 64/64/63 62/62/61
f 64/64/63 63/63/62 65/65/64
f 65/65/64 66/66/65 64/64/63
f 66/66/65 65/65/64 42/42/41
f 42/42/41 41/41/40 66/66/65
f 67/67/66 68/68/67 69/69/68
f 69/69/68 70/70/69 67/67/66
f 70/70/69 69/69/68 71/71/70
f 71/71/70 72/72/71 70/70/69
f 73/73/72 74/74/73 75/75/74
f 75/75/74 76/76/75 73/73/72
f 76/76/75 75/75/74 77/77/76
f 77/77/76 78/78/77 76/76/75
f 78/78/77 77/77/76 79/79/78
f 79/79/78 80/80/79 78/78/77
f 80/80/79 79/79/78 81/81/80
f 81/81/80 82/82/81 80/80/79
f 82/82/81 81/81/80 83/83/82
f 83/83/82 84/84/83 82/82/81
f 84/84/83 83/83/82 85/85/84
f 85/85/84 86/86/85 84/84/83
f 86/86/85 85/85/84 87/87/86
f 87/87/86 88/88/87 86/86/85
f 88/88/87 87/87/86 89/89/88
f 89/89/88 90/90/89 88/88/87
f 90/90/89 89/89/88 91/91/90
f 91/91/90 92/92/91 90/90/89
f 92/92/91 91/91/90 68/68/67
f 68/68/67 67/67/66 92/92/91
f 93/93/92 67/67/66 70/70/69
f 70/70/69 94/94/93 93/93/92
f 94/94/93 70/70/69 72/72/71
f 72/72/71 95/95/94 94/94/93
f 96/96/95 73/73/72 76/76/75
f 76/76/75 97/97/96 96/96/95
f 97/97/96 76/76/75 78/78/77
f 78/78/77 98/98/97 97/97/96
f 98/98/97 78/78/77 80/80/79
f 80/80/79 99/99/98 98/98/97
f 99/99/98 80/80/79 82/82/81
f 82/82/81 100/100/99 99/99/98
f 100/100/99 82/82/81 84/84/83
f 84/84/83 101/101/100 100/100/99
f 101/101/100 84/84/83 86/86/85
f 86/86/85 102/102/101 101/101/100
f 102/102/101 86/86/85 88/88/87
f 88/88/87 103/103/102 102/102/101
f 103/103/102 88/88/87 90/90/89
f 90/90/89 104/104/103 103/103/102
f 104/104/103 90/90/89 92/92/91
f 92/92/91 105/105/104 104/104/103
f 105/105/104 92/92/91 67/67/66
f 67/67/66 93/93/92 105/105/104
f 106/106/105 93/93/92 94/94/93
f 94/94/93 107/107/106 106/106/105
f 107/107/106 94/94/93 95/95/94
f 95/95/94 108/108/107 107/107/106
f 109/109/108 96/96/95 97/97/96
f 97/97/96 110/110/109 109/109/108
f 110/110/109 97/97/96 98/98/97
f 98/98/97 111/111/110 110/110/109
f 111/111/110 98/98/97 99/99/98
f 99/99/98 112/112/111 111/111/110
f 112/112/111 99/99/98 100/100/99
f 100/100/99 113/113/112 112/112/111
f 113/113/112 100/100/99 101/101/100
f 101/101/100 114/114/113 113/113/112
f 114/114/113 101/101/100 102/102/101
f 102/102/101 115/115/114 114/114/113
f 115/115/114 102/102/101 103/103/102
f 103/103/102 116/116/115 115/115/114
f 116/116/115 103/103/102 104/104/103
f 104/104/103 117/117/116 116/116/115
f 117/117/116 104/104/103 105/105/104
f 105/105/104 118/118/117 117/117/116
f 118/118/117 105/105/104 93/93/92
f 93/93/92 106/106/105 118/118/117
f 119/119/118 106/106/105 107/107/106
f 107/107/106 120/120/119 119/119/118
f 120/120/119 107/107/106 108/108/107
f 108/108/107 121/121/120 120/120/119
f 122/122/120 109/109/108 110/110/109
f 110/110/109 123/123/121 122/122/120
f 123/123/121 110/110/109 111/111/110
f 111/111/110 124/124/122 123/123/121
f 124/124/122 111/111/110 112/112/111
f 112/112/111 125/125/123 124/124/122
f 125/125/123 112/112/111 113/113/112
f 113/113/112 126/126/124 125/125/123
f 126/126/124 113/113/112 114/114/113
f 114/114/113 127/127/125 126/126/124
f 127/127/125 114/114/113 115/115/114
f 115/115/114 128/128/126 127/127/125
f 128/128/126 115/115/114 116/116/115
f 116/116/115 129/129/127 128/128/126
f 129/129/127 116/116/115 117/117/116
f 117/117/116 130/130/128 129/129/127
f 130/130/128 117/117/116 118/118/117
f 118/118/117 131/131/129 130/130/128
f 131/131/129 118/118/117 106/106/105
f 106/106/105 119/119/118 131/131/129
f 119/119/118 120/120/119 132/132/130
f 120/120/119 121/121/120 132/132/130
f 122/122/120 123/123/121 132/132/130
f 123/123/121 124/124/122 132/132/130
f 124/124/122 125/125/123 132/132/130
f 125/125/123 126/126/124 132/132/130
f 126/126/124 127/127/125 132/132/130
f 127/127/125 128/128/126 132/132/130
f 128/128/126 129/129/127 132/132/130
f 129/129/127 130/130/128 132/132/130
f 130/130/128 131/131/129 132/132/130
f 131/131/129 119/119/118 132/132/130
f 42/42/41 133/133/131 134/134/132
f 134/134/132 43/43/42 42/42/41
f 44/44/43 69/69/68 68/68/67
f 68/68/67 41/41/40 44/44/43
f 43/43/42 134/134/132 135/135/133
f 135/135/133 45/45/44 43/43/42
f 46/46/45 71/71/70 69/69/68
f 69/69/68 44/44/43 46/46/45
f 48/48/47 136/136/134 137/137/135
f 137/137/135 49/49/48 48/48/47
f 50/50/49 75/75/74 74/74/73
f 74/74/73 47/47/46 50/50/49
f 49/49/48 137/137/135 138/138/136
f 138/138/136 51/51/50 49/49/48
f 52/52/51 77/77/76 75/75/74
f 75/75/74 50/50/49 52/52/51
f 51/51/50 138/138/136 139/139/137
f 139/139/137 53/53/52 51/51/50
f 54/54/53 79/79/78 77/77/76
f 77/77/76 52/52/51 54/54/53
f 53/53/52 139/139/137 140/140/138
f 140/140/138 55/55/54 53/53/52
f 56/56/55 81/81/80 79/79/78
f 79/79/78 54/54/53 56/56/55
f 55/55/54 140/140/138 141/141/139
f 141/141/139 57/57/56 55/55/54
f 58/58/57 83/83/82 81/81/80
f 81/81/80 56/56/55 58/58/57
f 57/57/56 141/141/139 142/142/140
f 142/142/140 59/59/58 57/57/56
f 60/60/59 85/85/84 83/83/82
f 83/83/82 58/58/57 60/60/59
f 59/59/58 142/142/140 143/143/141
f 143/143/141 61/61/60 59/59/58
f 62/62/61 87/87/86 85/85/84
f 85/85/84 60/60/59 62/62/61
f 61/61/60 143/143/141 144/144/142
f 144/144/142 63/63/62 61/61/60
f 64/64/63 89/89/88 87/87/86
f 87/87/86 62/62/61 64/64/63
f 63/63/62 144/144/142 145/145/143
f 145/145/143 65/65/64 63/63/62
f 66/66/65 91/91/90 89/89/88
f 89/89/88 64/64/63 66/66/65
f 65/65/64 145/145/143 133/133/131
f 133/133/131 42/42/41 65/65/64
f 41/41/40 68/68/67 91/91/90
f 91/91/90 66/66/65 41/41/40
f 146/146/144 147/147/145 148/148/146
f 148/148/146 149/149/147 146/146/144
f 146/146/144 150/150/148 151/151/149
f 151/151/149 147/147/145 146/146/144
f 152/152/150 153/153/151 154/154/152
f 154/154/152 155/155/153 152/152/150
f 156/156/154 157/157/155 158/158/156
f 158/158/156 159/159/157 156/156/154
f 160/160/158 148/148/146 161/161/159
f 160/160/158 161/161/159 162/162/160
f 2301/163/161 2896/164/162 2897/165/163
f 163/166/164 164/167/165 146/146/144
f 146/146/144 149/149/147 163/166/164
f 165/168/166 166/169/167 149/149/147
f 149/149/147 148/148/146 165/168/166
f 167/170/168 168/171/169 150/150/148
f 150/150/148 146/146/144 167/170/168
f 169/172/170 170/173/171 151/151/149
f 151/151/149 150/150/148 169/172/170
f 171/174/172 172/175/173 173/176/174
f 173/176/174 174/177/175 171/174/172
f 175/178/176 176/179/177 177/180/178
f 177/180/178 178/181/179 175/178/176
f 179/182/180 180/183/181 181/184/182
f 181/184/182 182/185/183 179/182/180
f 183/186/184 184/187/185 185/188/186
f 185/188/186 186/189/187 183/186/184
f 187/190/188 188/191/189 189/192/190
f 189/192/190 190/193/191 187/190/188
f 191/194/192 189/192/190 188/191/189
f 188/191/189 192/195/193 191/194/192
f 193/196/194 194/197/195 195/198/196
f 195/198/196 196/199/197 193/196/194
f 197/200/198 198/201/199 199/202/200
f 199/202/200 200/203/201 197/200/198
f 182/185/183 201/204/202 202/205/203
f 202/205/203 179/182/180 182/185/183
f 203/206/204 204/207/205 205/208/206
f 190/193/191 185/188/186 184/187/185
f 184/187/185 187/190/188 190/193/191
f 192/195/193 181/184/182 180/183/181
f 180/183/181 191/194/192 192/195/193
f 206/209/207 207/210/208 175/178/176
f 175/178/176 178/181/179 206/209/207
f 204/207/205 208/211/209 205/208/206
f 186/189/187 202/205/203 201/204/202
f 201/204/202 183/186/184 186/189/187
f 209/212/210 210/213/211 180/183/181
f 180/183/181 179/182/180 209/212/210
f 179/182/180 202/205/203 211/214/212
f 211/214/212 209/212/210 179/182/180
f 212/215/213 211/214/212 202/205/203
f 202/205/203 186/189/187 212/215/213
f 186/189/187 185/188/186 213/216/214
f 213/216/214 212/215/213 186/189/187
f 214/217/215 213/216/214 185/188/186
f 185/188/186 190/193/191 214/217/215
f 190/193/191 189/192/190 215/218/216
f 215/218/216 214/217/215 190/193/191
f 216/219/217 215/218/216 189/192/190
f 189/192/190 191/194/192 216/219/217
f 191/194/192 180/183/181 210/213/211
f 210/213/211 216/219/217 191/194/192
f 217/220/218 210/213/211 209/212/210
f 209/212/210 218/221/219 217/220/218
f 209/212/210 211/214/212 198/201/199
f 198/201/199 218/221/219 209/212/210
f 219/222/220 198/201/199 211/214/212
f 211/214/212 212/215/213 219/222/220
f 212/215/213 213/216/214 220/223/221
f 220/223/221 219/222/220 212/215/213
f 221/224/222 220/223/221 213/216/214
f 213/216/214 214/217/215 221/224/222
f 222/225/223 223/226/224 224/227/225
f 224/227/225 225/228/226 222/225/223
f 224/227/225 226/229/227 227/230/228
f 227/230/228 225/228/226 224/227/225
f 178/181/179 177/180/178 203/206/204
f 203/206/204 205/208/206 178/181/179
f 205/208/206 208/211/209 206/209/207
f 206/209/207 178/181/179 205/208/206
f 228/231/229 176/179/177 175/178/176
f 207/210/208 228/231/229 175/178/176
f 229/232/230 230/233/231 217/220/218
f 217/220/218 218/221/219 229/232/230
f 231/234/232 174/177/233 173/176/234
f 173/176/234 232/235/235 231/234/232
f 233/236/236 234/237/237 235/238/238
f 235/238/238 236/239/239 233/236/236
f 226/229/227 234/237/237 233/236/236
f 233/236/236 227/230/228 226/229/227
f 222/225/223 225/228/226 237/240/240
f 237/240/240 238/241/241 222/225/223
f 225/228/226 227/230/228 239/242/242
f 239/242/242 237/240/240 225/228/226
f 227/230/228 233/236/236 240/243/243
f 240/243/243 239/242/242 227/230/228
f 241/244/244 242/245/245 243/246/246
f 243/246/246 244/247/247 241/244/244
f 245/248/248 246/249/249 247/250/250
f 247/250/250 248/251/251 245/248/248
f 249/252/252 250/253/253 174/177/254
f 174/177/254 251/254/255 249/252/252
f 252/255/256 253/256/257 224/227/225
f 224/227/225 223/226/224 252/255/256
f 253/256/257 254/257/258 226/229/227
f 226/229/227 224/227/225 253/256/257
f 255/258/259 256/259/260 257/260/261
f 257/260/261 258/261/262 255/258/259
f 259/262/263 235/238/238 234/237/237
f 234/237/237 260/263/264 259/262/263
f 254/257/258 260/263/264 234/237/237
f 234/237/237 226/229/227 254/257/258
f 261/264/265 262/265/266 263/266/267
f 263/266/267 264/267/268 261/264/265
f 261/264/265 264/267/268 265/268/269
f 265/268/269 266/269/270 261/264/265
f 266/269/270 265/268/269 267/270/271
f 267/270/271 268/271/272 266/269/270
f 236/239/239 257/260/261 269/272/273
f 269/272/273 270/273/274 236/239/239
f 236/239/239 235/238/238 258/261/262
f 258/261/262 257/260/261 236/239/239
f 259/262/263 255/258/259 258/261/262
f 258/261/262 235/238/238 259/262/263
f 271/274/275 272/275/276 230/233/231
f 230/233/231 229/232/230 271/274/275
f 229/232/230 194/197/195 250/253/253
f 250/253/253 273/276/277 229/232/230
f 274/277/278 250/253/253 194/197/195
f 194/197/195 193/196/194 274/277/278
f 243/246/246 242/245/245 246/249/249
f 246/249/249 245/248/248 243/246/246
f 275/278/279 276/279/280 277/280/281
f 277/280/281 278/281/282 275/278/279
f 279/282/283 280/283/284 281/284/285
f 281/284/285 282/285/286 279/282/283
f 174/177/254 250/253/253 274/277/278
f 274/277/278 171/174/287 174/177/254
f 283/286/288 284/287/289 256/259/260
f 256/259/260 255/258/259 283/286/288
f 230/233/231 285/288/290 255/258/259
f 255/258/259 259/262/263 230/233/231
f 259/262/263 260/263/264 217/220/218
f 217/220/218 230/233/231 259/262/263
f 210/213/211 217/220/218 260/263/264
f 260/263/264 254/257/258 210/213/211
f 216/219/217 210/213/211 254/257/258
f 254/257/258 253/256/257 216/219/217
f 215/218/216 216/219/217 253/256/257
f 253/256/257 252/255/256 215/218/216
f 187/190/188 184/187/185 286/289/291
f 286/289/291 287/290/292 187/190/188
f 183/186/184 288/291/293 286/289/291
f 286/289/291 184/187/185 183/186/184
f 183/186/184 201/204/202 289/292/294
f 289/292/294 288/291/293 183/186/184
f 182/185/183 290/293/295 289/292/294
f 289/292/294 201/204/202 182/185/183
f 182/185/183 181/184/182 291/294/296
f 291/294/296 290/293/295 182/185/183
f 192/195/193 292/295/297 291/294/296
f 291/294/296 181/184/182 192/195/193
f 192/195/193 188/191/189 293/296/298
f 293/296/298 292/295/297 192/195/193
f 187/190/188 287/290/292 293/296/298
f 293/296/298 188/191/189 187/190/188
f 294/297/299 295/298/300 296/299/301
f 296/299/301 297/300/302 294/297/299
f 298/301/303 294/297/299 297/300/302
f 297/300/302 299/302/304 298/301/303
f 300/303/305 298/301/303 299/302/304
f 299/302/304 301/304/306 300/303/305
f 302/305/307 300/303/305 301/304/306
f 301/304/306 303/306/308 302/305/307
f 295/298/300 304/307/309 305/308/310
f 305/308/310 296/299/301 295/298/300
f 297/300/302 296/299/301 306/309/311
f 306/309/311 307/310/312 297/300/302
f 299/302/304 297/300/302 307/310/312
f 307/310/312 308/311/313 299/302/304
f 301/304/306 299/302/304 308/311/313
f 308/311/313 309/312/314 301/304/306
f 303/306/308 301/304/306 309/312/314
f 309/312/314 310/313/315 303/306/308
f 296/299/301 305/308/310 311/314/316
f 311/314/316 306/309/311 296/299/301
f 307/310/312 306/309/311 312/315/317
f 312/315/317 313/316/318 307/310/312
f 308/311/313 307/310/312 313/316/318
f 313/316/318 314/317/319 308/311/313
f 309/312/314 308/311/313 314/317/319
f 314/317/319 315/318/320 309/312/314
f 310/313/315 309/312/314 315/318/320
f 315/318/320 316/319/321 310/313/315
f 306/309/311 311/314/316 317/320/322
f 317/320/322 312/315/317 306/309/311
f 313/316/318 312/315/317 318/321/323
f 318/321/323 319/322/324 313/316/318
f 314/317/319 313/316/318 319/322/324
f 319/322/324 320/323/325 314/317/319
f 315/318/320 314/317/319 320/323/325
f 320/323/325 321/324/326 315/318/320
f 316/319/321 315/318/320 321/324/326
f 321/324/326 322/325/327 316/319/321
f 322/325/327 323/326/328 220/223/221
f 220/223/221 316/319/321 322/325/327
f 312/315/317 317/320/322 324/327/329
f 324/327/329 318/321/323 312/315/317
f 325/328/330 326/329/331 327/330/332
f 327/330/332 328/331/333 325/328/330
f 329/332/334 325/328/330 328/331/333
f 328/331/333 330/333/335 329/332/334
f 325/328/330 331/334/336 332/335/337
f 332/335/337 326/329/331 325/328/330
f 333/336/338 331/334/336 325/328/330
f 325/328/330 329/332/334 333/336/338
f 334/337/339 335/338/340 336/339/341
f 336/339/341 337/340/342 334/337/339
f 338/341/343 339/342/344 197/200/198
f 197/200/198 200/203/201 338/341/343
f 198/201/199 219/222/220 340/343/345
f 340/343/345 199/202/200 198/201/199
f 219/222/220 220/223/221 323/326/328
f 323/326/328 340/343/345 219/222/220
f 335/338/340 341/344/346 342/345/347
f 342/345/347 336/339/341 335/338/340
f 337/340/342 336/339/341 343/346/348
f 343/346/348 344/347/349 337/340/342
f 200/203/201 345/348/350 346/349/351
f 346/349/351 338/341/343 200/203/201
f 347/350/352 348/351/353 349/352/354
f 349/352/354 350/353/355 347/350/352
f 348/351/353 332/335/337 331/334/336
f 331/334/336 349/352/354 348/351/353
f 336/339/341 342/345/347 351/354/356
f 351/354/356 343/346/348 336/339/341
f 200/203/201 199/202/200 352/355/357
f 352/355/357 345/348/350 200/203/201
f 316/319/321 220/223/221 221/224/222
f 221/224/222 310/313/315 316/319/321
f 310/313/315 221/224/222 353/356/358
f 353/356/358 303/306/308 310/313/315
f 354/357/359 346/349/351 345/348/350
f 345/348/350 355/358/360 354/357/359
f 350/353/355 349/352/354 356/359/361
f 356/359/361 357/360/362 350/353/355
f 349/352/354 331/334/336 333/336/338
f 333/336/338 356/359/361 349/352/354
f 343/346/348 351/354/356 358/361/363
f 358/361/363 359/362/364 343/346/348
f 345/348/350 352/355/357 360/363/365
f 360/363/365 355/358/360 345/348/350
f 305/308/310 304/307/309 361/364/366
f 361/364/366 362/365/367 305/308/310
f 311/314/316 305/308/310 362/365/367
f 362/365/367 363/366/368 311/314/316
f 317/320/322 311/314/316 363/366/368
f 363/366/368 364/367/369 317/320/322
f 324/327/329 317/320/322 364/367/369
f 364/367/369 365/368/370 324/327/329
f 362/365/367 361/364/366 366/369/371
f 366/369/371 367/370/372 362/365/367
f 363/366/368 362/365/367 367/370/372
f 367/370/372 368/371/373 363/366/368
f 364/367/369 363/366/368 368/371/373
f 368/371/373 369/372/374 364/367/369
f 365/368/370 364/367/369 369/372/374
f 369/372/374 360/363/365 365/368/370
f 368/371/373 367/370/372 370/373/375
f 370/373/375 371/374/376 368/371/373
f 369/372/374 368/371/373 371/374/376
f 371/374/376 372/375/377 369/372/374
f 360/363/365 369/372/374 372/375/377
f 372/375/377 355/358/360 360/363/365
f 303/306/308 353/356/358 373/376/378
f 373/376/378 302/305/307 303/306/308
f 321/324/326 320/323/325 374/377/379
f 374/377/379 375/378/380 321/324/326
f 322/325/327 321/324/326 375/378/380
f 375/378/380 376/379/381 322/325/327
f 319/322/324 318/321/323 377/380/382
f 377/380/382 378/381/383 319/322/324
f 320/323/325 319/322/324 378/381/383
f 378/381/383 374/377/379 320/323/325
f 323/326/328 322/325/327 376/379/381
f 376/379/381 379/382/384 323/326/328
f 318/321/323 324/327/329 380/383/385
f 380/383/385 377/380/382 318/321/323
f 340/343/345 381/384/386 199/202/200
f 199/202/200 382/385/387 352/355/357
f 340/343/345 323/326/328 379/382/384
f 379/382/384 381/384/386 340/343/345
f 360/363/365 352/355/357 382/385/387
f 382/385/387 383/386/388 360/363/365
f 365/368/370 360/363/365 383/386/388
f 383/386/388 384/387/389 365/368/370
f 324/327/329 365/368/370 384/387/389
f 384/387/389 380/383/385 324/327/329
f 375/378/380 374/377/379 328/331/333
f 328/331/333 327/330/332 375/378/380
f 376/379/381 375/378/380 327/330/332
f 327/330/332 326/329/331 376/379/381
f 378/381/383 377/380/382 329/332/334
f 329/332/334 330/333/335 378/381/383
f 374/377/379 378/381/383 330/333/335
f 330/333/335 328/331/333 374/377/379
f 379/382/384 376/379/381 326/329/331
f 326/329/331 332/335/337 379/382/384
f 377/380/382 380/383/385 333/336/338
f 333/336/338 329/332/334 377/380/382
f 199/202/200 381/384/386 348/351/353
f 348/351/353 347/350/352 199/202/200
f 382/385/387 199/202/200 347/350/352
f 347/350/352 350/353/355 382/385/387
f 381/384/386 379/382/384 332/335/337
f 332/335/337 348/351/353 381/384/386
f 383/386/388 382/385/387 350/353/355
f 350/353/355 357/360/362 383/386/388
f 384/387/389 383/386/388 357/360/362
f 357/360/362 356/359/361 384/387/389
f 380/383/385 384/387/389 356/359/361
f 356/359/361 333/336/338 380/383/385
f 218/221/219 198/201/199 197/200/198
f 197/200/198 195/198/196 218/221/219
f 195/198/196 197/200/198 339/342/344
f 339/342/344 196/199/197 195/198/196
f 248/251/251 247/250/250 341/344/346
f 341/344/346 335/338/340 248/251/251
f 385/388/390 248/251/251 335/338/340
f 335/338/340 334/337/339 385/388/390
f 218/221/219 195/198/196 194/197/195
f 194/197/195 229/232/230 218/221/219
f 241/244/391 244/247/392 172/175/173
f 172/175/173 171/174/172 241/244/391
f 171/174/287 274/277/278 242/245/245
f 242/245/245 241/244/244 171/174/287
f 274/277/278 193/196/194 246/249/249
f 246/249/249 242/245/245 274/277/278
f 193/196/194 196/199/197 247/250/250
f 247/250/250 246/249/249 193/196/194
f 196/199/197 339/342/344 341/344/346
f 341/344/346 247/250/250 196/199/197
f 338/341/343 342/345/347 341/344/346
f 341/344/346 339/342/344 338/341/343
f 338/341/343 346/349/351 351/354/356
f 351/354/356 342/345/347 338/341/343
f 354/357/359 358/361/363 351/354/356
f 351/354/356 346/349/351 354/357/359
f 366/369/371 386/389/393 370/373/375
f 370/373/375 367/370/372 366/369/371
f 387/390/394 388/391/395 389/392/396
f 389/392/396 390/393/397 387/390/394
f 391/394/398 392/395/399 393/396/400
f 393/396/400 394/397/401 391/394/398
f 395/398/402 396/399/403 397/400/404
f 397/400/404 398/401/405 395/398/402
f 390/393/397 389/392/396 399/402/406
f 399/402/406 400/403/407 390/393/397
f 401/404/408 402/405/409 403/406/410
f 403/406/410 404/407/411 401/404/408
f 405/408/412 406/409/413 407/410/414
f 407/410/414 408/411/415 405/408/412
f 404/407/411 403/406/410 409/412/416
f 409/412/416 410/413/417 404/407/411
f 411/414/418 405/408/412 408/411/415
f 408/411/415 412/415/419 411/414/418
f 413/416/420 414/417/421 415/418/422
f 415/418/422 416/419/423 413/416/420
f 417/420/424 418/421/425 419/422/426
f 419/422/426 420/423/427 417/420/424
f 400/403/407 399/402/406 421/424/428
f 421/424/428 422/425/429 400/403/407
f 398/401/405 397/400/404 423/426/430
f 423/426/430 424/427/431 398/401/405
f 398/401/405 424/427/431 425/428/432
f 425/428/432 426/429/433 398/401/405
f 426/429/433 425/428/432 427/430/434
f 427/430/434 419/422/426 426/429/433
f 427/430/434 420/423/427 419/422/426
f 424/427/431 423/426/430 428/431/435
f 429/432/436 425/428/432 424/427/431
f 424/427/431 428/431/435 429/432/436
f 430/433/437 427/430/434 425/428/432
f 425/428/432 429/432/436 430/433/437
f 431/434/438 432/435/439 427/430/434
f 429/432/436 428/431/435 433/436/440
f 434/437/441 430/433/437 429/432/436
f 429/432/436 433/436/440 434/437/441
f 435/438/442 436/439/443 430/433/437
f 428/431/435 423/426/430 437/440/444
f 437/440/444 423/426/430 438/441/445
f 438/441/445 439/442/446 437/440/444
f 422/425/429 421/424/428 440/443/447
f 440/443/447 441/444/448 422/425/429
f 442/445/449 433/436/440 428/431/435
f 428/431/435 437/440/444 442/445/449
f 442/445/449 437/440/444 439/442/446
f 439/442/446 443/446/450 442/445/449
f 444/447/451 434/437/441 433/436/440
f 433/436/440 442/445/449 444/447/451
f 444/447/451 442/445/449 443/446/450
f 443/446/450 445/448/452 444/447/451
f 446/449/453 447/450/454 434/437/441
f 444/447/451 448/451/455 449/452/456
f 441/444/448 440/443/447 450/453/457
f 450/453/457 451/454/458 441/444/448
f 439/442/446 438/441/445 452/455/459
f 452/455/459 453/456/460 439/442/446
f 454/457/461 455/458/462 456/459/463
f 456/459/463 457/460/464 454/457/461
f 451/454/458 450/453/457 458/461/465
f 458/461/465 459/462/466 451/454/458
f 439/442/446 453/456/460 460/463/467
f 460/463/467 443/446/450 439/442/446
f 461/464/468 454/457/461 457/460/464
f 457/460/464 462/465/469 461/464/468
f 443/446/450 460/463/467 463/466/470
f 463/466/470 445/448/452 443/446/450
f 464/467/471 461/464/468 462/465/469
f 462/465/469 465/468/472 464/467/471
f 445/448/452 463/466/470 466/469/473
f 466/469/473 448/451/455 445/448/452
f 467/470/474 464/467/471 465/468/472
f 465/468/472 468/471/475 467/470/474
f 459/462/466 458/461/465 469/472/476
f 469/472/476 470/473/477 459/462/466
f 457/460/464 456/459/463 471/474/478
f 471/474/478 472/475/479 457/460/464
f 457/460/464 472/475/479 473/476/480
f 473/476/480 462/465/469 457/460/464
f 462/465/469 473/476/480 474/477/481
f 474/477/481 465/468/472 462/465/469
f 474/477/481 468/471/475 465/468/472
f 473/476/480 472/475/479 475/478/482
f 476/479/483 474/477/481 473/476/480
f 473/476/480 475/478/482 476/479/483
f 477/480/484 478/481/485 474/477/481
f 472/475/479 471/474/478 479/482/486
f 480/483/487 475/478/482 472/475/479
f 472/475/479 479/482/486 480/483/487
f 481/484/488 476/479/483 475/478/482
f 475/478/482 480/483/487 481/484/488
f 482/485/489 483/486/490 476/479/483
f 479/482/486 471/474/478 392/395/399
f 392/395/399 391/394/398 479/482/486
f 484/487/491 485/488/492 388/391/395
f 388/391/395 387/390/394 484/487/491
f 480/483/487 479/482/486 486/489/493
f 486/489/493 479/482/486 391/394/398
f 391/394/398 487/490/494 486/489/493
f 488/491/495 481/484/488 480/483/487
f 480/483/487 486/489/493 488/491/495
f 488/491/495 486/489/493 487/490/494
f 487/490/494 413/416/420 488/491/495
f 489/492/496 490/493/497 481/484/488
f 488/491/495 416/419/423 491/494/498
f 492/495/499 493/496/500 494/497/501
f 494/497/501 495/498/502 492/495/499
f 496/499/503 492/495/499 495/498/502
f 495/498/502 497/500/504 496/499/503
f 498/501/505 499/502/506 500/503/507
f 500/503/507 501/504/508 498/501/505
f 499/502/506 502/505/509 503/506/510
f 503/506/510 500/503/507 499/502/506
f 504/507/511 505/508/512 506/509/513
f 506/509/513 507/510/514 504/507/511
f 508/511/515 504/507/511 507/510/514
f 507/510/514 509/512/516 508/511/515
f 510/513/517 511/514/518 512/515/519
f 512/515/519 513/516/520 510/513/517
f 511/514/518 514/517/521 515/518/522
f 515/518/522 512/515/519 511/514/518
f 516/519/523 517/520/524 518/521/525
f 518/521/525 519/522/526 516/519/523
f 520/523/527 516/519/523 519/522/526
f 519/522/526 521/524/528 520/523/527
f 522/525/529 523/526/530 524/527/531
f 524/527/531 525/528/532 522/525/529
f 523/526/530 526/529/533 527/530/534
f 527/530/534 524/527/531 523/526/530
f 528/531/535 529/532/536 530/533/537
f 530/533/537 531/534/538 528/531/535
f 532/535/539 528/531/535 531/534/538
f 531/534/538 533/536/540 532/535/539
f 534/537/541 535/538/542 536/539/543
f 536/539/543 537/540/544 534/537/541
f 535/538/542 538/541/545 539/542/546
f 539/542/546 536/539/543 535/538/542
f 478/481/485 477/480/484 540/543/547
f 540/543/547 541/544/548 478/481/485
f 468/471/475 478/481/485 541/544/548
f 541/544/548 542/545/549 468/471/475
f 543/546/550 544/547/551 545/548/552
f 545/548/552 546/549/553 543/546/550
f 544/547/551 547/550/554 548/551/555
f 548/551/555 545/548/552 544/547/551
f 467/470/474 468/471/475 542/545/549
f 542/545/549 549/552/556 467/470/474
f 448/451/455 466/469/473 550/553/557
f 550/553/557 551/554/558 448/451/455
f 552/555/559 553/556/560 554/557/561
f 554/557/561 555/558/562 552/555/559
f 543/546/550 546/549/553 556/559/563
f 556/559/563 557/560/564 543/546/550
f 449/452/456 448/451/455 551/554/558
f 551/554/558 558/561/565 449/452/456
f 446/449/453 449/452/456 558/561/565
f 558/561/565 559/562/566 446/449/453
f 560/563/567 561/564/568 562/565/569
f 562/565/569 563/566/570 560/563/567
f 552/555/559 555/558/562 562/565/569
f 562/565/569 561/564/568 552/555/559
f 564/567/571 446/449/453 559/562/566
f 559/562/566 565/568/572 564/567/571
f 477/480/484 566/569/573 567/570/574
f 567/570/574 540/543/547 477/480/484
f 547/550/554 568/571/575 569/572/576
f 569/572/576 548/551/555 547/550/554
f 560/563/567 563/566/570 570/573/577
f 570/573/577 571/574/578 560/563/567
f 483/486/490 482/485/489 572/575/579
f 572/575/579 573/576/580 483/486/490
f 477/480/484 483/486/490 573/576/580
f 573/576/580 574/577/581 477/480/484
f 575/578/582 576/579/583 577/580/584
f 577/580/584 578/581/585 575/578/582
f 576/579/583 579/582/586 580/583/587
f 580/583/587 577/580/584 576/579/583
f 566/569/573 477/480/484 574/577/581
f 574/577/581 581/584/588 566/569/573
f 446/449/453 564/567/571 582/585/589
f 582/585/589 583/586/590 446/449/453
f 447/450/454 446/449/453 583/586/590
f 583/586/590 584/587/591 447/450/454
f 435/438/442 447/450/454 584/587/591
f 584/587/591 585/588/592 435/438/442
f 586/589/593 587/590/594 588/591/595
f 588/591/595 589/592/596 586/589/593
f 590/593/597 591/594/598 588/591/595
f 588/591/595 587/590/594 590/593/597
f 592/595/599 435/438/442 585/588/592
f 585/588/592 593/596/600 592/595/599
f 482/485/489 594/597/601 595/598/602
f 595/598/602 572/575/579 482/485/489
f 579/582/586 596/599/603 597/600/604
f 597/600/604 580/583/587 579/582/586
f 586/589/593 589/592/596 598/601/605
f 598/601/605 599/602/606 586/589/593
f 490/493/497 489/492/496 600/603/607
f 600/603/607 601/604/608 490/493/497
f 482/485/489 490/493/497 601/604/608
f 601/604/608 602/605/609 482/485/489
f 603/606/610 604/607/611 605/608/612
f 605/608/612 606/609/613 603/606/610
f 604/607/611 607/610/614 608/611/615
f 608/611/615 605/608/612 604/607/611
f 594/597/601 482/485/489 602/605/609
f 602/605/609 609/612/616 594/597/601
f 435/438/442 592/595/599 610/613/617
f 610/613/617 611/614/618 435/438/442
f 436/439/443 435/438/442 611/614/618
f 611/614/618 612/615/619 436/439/443
f 431/434/438 436/439/443 612/615/619
f 612/615/619 613/616/620 431/434/438
f 614/617/621 615/618/622 616/619/623
f 616/619/623 617/620/624 614/617/621
f 618/621/625 619/622/626 616/619/623
f 616/619/623 615/618/622 618/621/625
f 620/623/627 431/434/438 613/616/620
f 613/616/620 621/624/628 620/623/627
f 489/492/496 622/625/629 623/626/630
f 623/626/630 600/603/607 489/492/496
f 607/610/614 624/627/631 625/628/632
f 625/628/632 608/611/615 607/610/614
f 614/617/621 617/620/624 626/629/633
f 626/629/633 627/630/634 614/617/621
f 491/494/498 416/419/423 628/631/635
f 628/631/635 629/632/636 491/494/498
f 489/492/496 491/494/498 629/632/636
f 629/632/636 630/633/637 489/492/496
f 631/634/638 632/635/639 633/636/640
f 633/636/640 634/637/641 631/634/638
f 632/635/639 635/638/642 636/639/643
f 636/639/643 633/636/640 632/635/639
f 622/625/629 489/492/496 630/633/637
f 630/633/637 637/640/644 622/625/629
f 431/434/438 620/623/627 638/641/645
f 638/641/645 639/642/646 431/434/438
f 432/435/439 431/434/438 639/642/646
f 639/642/646 640/643/647 432/435/439
f 420/423/427 432/435/439 640/643/647
f 640/643/647 641/644/648 420/423/427
f 642/645/649 643/646/650 644/647/651
f 644/647/651 645/648/652 642/645/649
f 646/649/653 647/650/654 644/647/651
f 644/647/651 643/646/650 646/649/653
f 417/420/424 420/423/427 641/644/648
f 641/644/648 648/651/655 417/420/424
f 416/419/423 415/418/422 649/652/656
f 649/652/656 628/631/635 416/419/423
f 635/638/642 650/653/657 651/654/658
f 651/654/658 636/639/643 635/638/642
f 642/645/649 645/648/652 652/655/659
f 652/655/659 653/656/660 642/645/649
f 575/578/582 578/581/585 654/657/661
f 654/657/661 655/658/662 575/578/582
f 590/593/597 656/659/663 657/660/664
f 657/660/664 591/594/598 590/593/597
f 603/606/610 606/609/613 658/661/665
f 658/661/665 659/662/666 603/606/610
f 618/621/625 660/663/667 661/664/668
f 661/664/668 619/622/626 618/621/625
f 631/634/638 634/637/641 662/665/669
f 662/665/669 663/666/670 631/634/638
f 646/649/653 664/667/671 665/668/672
f 665/668/672 647/650/654 646/649/653
f 666/669/673 667/670/674 668/671/675
f 668/671/675 669/672/676 666/669/673
f 670/673/677 666/669/673 669/672/676
f 669/672/676 671/674/678 670/673/677
f 671/674/678 672/675/679 673/676/680
f 673/676/680 670/673/677 671/674/678
f 674/677/681 675/678/682 676/679/683
f 676/679/683 677/680/684 674/677/681
f 677/680/684 678/681/685 679/682/686
f 679/682/686 674/677/681 677/680/684
f 680/683/687 679/682/686 678/681/685
f 678/681/685 681/684/688 680/683/687
f 681/684/688 682/685/689 683/686/690
f 683/686/690 680/683/687 681/684/688
f 667/670/674 684/687/691 685/688/692
f 685/688/692 668/671/675 667/670/674
f 686/689/693 687/690/694 688/691/695
f 688/691/695 689/692/696 686/689/693
f 690/693/697 686/689/693 689/692/696
f 689/692/696 691/694/698 690/693/697
f 691/694/698 692/695/699 693/696/700
f 693/696/700 690/693/697 691/694/698
f 694/697/701 695/698/702 696/699/703
f 696/699/703 697/700/704 694/697/701
f 697/700/704 698/701/705 699/702/706
f 699/702/706 694/697/701 697/700/704
f 700/703/707 699/702/706 698/701/705
f 698/701/705 701/704/708 700/703/707
f 701/704/708 702/705/709 703/706/710
f 703/706/710 700/703/707 701/704/708
f 687/690/694 704/707/711 705/708/712
f 705/708/712 688/691/695 687/690/694
f 706/709/713 707/710/714 708/711/715
f 708/711/715 709/712/716 706/709/713
f 710/713/717 706/709/713 709/712/716
f 709/712/716 711/714/718 710/713/717
f 711/714/718 712/715/719 713/716/720
f 713/716/720 710/713/717 711/714/718
f 714/717/721 715/718/722 716/719/723
f 716/719/723 717/720/724 714/717/721
f 717/720/724 718/721/725 719/722/726
f 719/722/726 714/717/721 717/720/724
f 720/723/727 719/722/726 718/721/725
f 718/721/725 721/724/728 720/723/727
f 721/724/728 722/725/729 723/726/730
f 723/726/730 720/723/727 721/724/728
f 707/710/714 724/727/731 725/728/732
f 725/728/732 708/711/715 707/710/714
f 726/729/733 727/730/734 728/731/735
f 728/731/735 729/732/736 726/729/733
f 730/733/737 726/729/733 729/732/736
f 729/732/736 731/734/738 730/733/737
f 731/734/738 732/735/739 733/736/740
f 733/736/740 730/733/737 731/734/738
f 734/737/741 735/738/742 736/739/743
f 736/739/743 737/740/744 734/737/741
f 737/740/744 738/741/745 739/742/746
f 739/742/746 734/737/741 737/740/744
f 740/743/747 739/742/746 738/741/745
f 738/741/745 741/744/748 740/743/747
f 741/744/748 742/745/749 743/746/750
f 743/746/750 740/743/747 741/744/748
f 727/730/734 744/747/751 745/748/752
f 745/748/752 728/731/735 727/730/734
f 746/749/753 747/750/754 748/751/755
f 748/751/755 749/752/756 746/749/753
f 750/753/757 746/749/753 749/752/756
f 749/752/756 751/754/758 750/753/757
f 751/754/758 749/752/756 492/495/499
f 492/495/499 496/499/503 751/754/758
f 749/752/756 748/751/755 493/496/500
f 493/496/500 492/495/499 749/752/756
f 752/755/759 750/753/757 751/754/758
f 751/754/758 753/756/760 752/755/759
f 754/757/761 755/758/762 756/759/763
f 756/759/763 757/760/764 754/757/761
f 757/760/764 756/759/763 498/501/505
f 498/501/505 501/504/508 757/760/764
f 753/756/760 751/754/758 496/499/503
f 496/499/503 497/500/504 753/756/760
f 758/761/765 754/757/761 757/760/764
f 757/760/764 759/762/766 758/761/765
f 760/763/767 758/761/765 759/762/766
f 759/762/766 761/764/768 760/763/767
f 761/764/768 759/762/766 500/503/507
f 500/503/507 503/506/510 761/764/768
f 759/762/766 757/760/764 501/504/508
f 501/504/508 500/503/507 759/762/766
f 762/765/769 760/763/767 761/764/768
f 761/764/768 763/766/770 762/765/769
f 747/750/754 764/767/771 765/768/772
f 765/768/772 748/751/755 747/750/754
f 748/751/755 765/768/772 494/497/501
f 494/497/501 493/496/500 748/751/755
f 763/766/770 761/764/768 503/506/510
f 503/506/510 502/505/509 763/766/770
f 766/769/773 767/770/774 768/771/775
f 768/771/775 769/772/776 766/769/773
f 770/773/777 766/769/773 769/772/776
f 769/772/776 771/774/778 770/773/777
f 771/774/778 769/772/776 504/507/511
f 504/507/511 508/511/515 771/774/778
f 769/772/776 768/771/775 505/508/512
f 505/508/512 504/507/511 769/772/776
f 772/775/779 770/773/777 771/774/778
f 771/774/778 773/776/780 772/775/779
f 774/777/781 775/778/782 776/779/783
f 776/779/783 777/780/784 774/777/781
f 777/780/784 776/779/783 510/513/517
f 510/513/517 513/516/520 777/780/784
f 773/776/780 771/774/778 508/511/515
f 508/511/515 509/512/516 773/776/780
f 778/781/785 774/777/781 777/780/784
f 777/780/784 779/782/786 778/781/785
f 780/783/787 778/781/785 779/782/786
f 779/782/786 781/784/788 780/783/787
f 781/784/788 779/782/786 512/515/519
f 512/515/519 515/518/522 781/784/788
f 779/782/786 777/780/784 513/516/520
f 513/516/520 512/515/519 779/782/786
f 782/785/789 780/783/787 781/784/788
f 781/784/788 783/786/790 782/785/789
f 767/770/774 784/787/791 785/788/792
f 785/788/792 768/771/775 767/770/774
f 768/771/775 785/788/792 506/509/513
f 506/509/513 505/508/512 768/771/775
f 783/786/790 781/784/788 515/518/522
f 515/518/522 514/517/521 783/786/790
f 786/789/793 787/790/794 788/791/795
f 788/791/795 789/792/796 786/789/793
f 790/793/797 786/789/793 789/792/796
f 789/792/796 791/794/798 790/793/797
f 791/794/798 789/792/796 516/519/523
f 516/519/523 520/523/527 791/794/798
f 789/792/796 788/791/795 517/520/524
f 517/520/524 516/519/523 789/792/796
f 792/795/799 790/793/797 791/794/798
f 791/794/798 793/796/800 792/795/799
f 794/797/801 795/798/802 796/799/803
f 796/799/803 797/800/804 794/797/801
f 797/800/804 796/799/803 522/525/529
f 522/525/529 525/528/532 797/800/804
f 793/796/800 791/794/798 520/523/527
f 520/523/527 521/524/528 793/796/800
f 798/801/805 794/797/801 797/800/804
f 797/800/804 799/802/806 798/801/805
f 800/803/807 798/801/805 799/802/806
f 799/802/806 801/804/808 800/803/807
f 801/804/808 799/802/806 524/527/531
f 524/527/531 527/530/534 801/804/808
f 799/802/806 797/800/804 525/528/532
f 525/528/532 524/527/531 799/802/806
f 802/805/809 800/803/807 801/804/808
f 801/804/808 803/806/810 802/805/809
f 787/790/794 804/807/811 805/808/812
f 805/808/812 788/791/795 787/790/794
f 788/791/795 805/808/812 518/521/525
f 518/521/525 517/520/524 788/791/795
f 803/806/810 801/804/808 527/530/534
f 527/530/534 526/529/533 803/806/810
f 806/809/813 807/810/814 808/811/815
f 808/811/815 809/812/816 806/809/813
f 810/813/817 806/809/813 809/812/816
f 809/812/816 811/814/818 810/813/817
f 811/814/818 809/812/816 528/531/535
f 528/531/535 532/535/539 811/814/818
f 809/812/816 808/811/815 529/532/536
f 529/532/536 528/531/535 809/812/816
f 812/815/819 810/813/817 811/814/818
f 811/814/818 813/816/820 812/815/819
f 814/817/821 815/818/822 816/819/823
f 816/819/823 817/820/824 814/817/821
f 817/820/824 816/819/823 534/537/541
f 534/537/541 537/540/544 817/820/824
f 813/816/820 811/814/818 532/535/539
f 532/535/539 533/536/540 813/816/820
f 818/821/825 814/817/821 817/820/824
f 817/820/824 819/822/826 818/821/825
f 820/823/827 818/821/825 819/822/826
f 819/822/826 821/824/828 820/823/827
f 821/824/828 819/822/826 536/539/543
f 536/539/543 539/542/546 821/824/828
f 819/822/826 817/820/824 537/540/544
f 537/540/544 536/539/543 819/822/826
f 822/825/829 820/823/827 821/824/828
f 821/824/828 823/826/830 822/825/829
f 807/810/814 824/827/831 825/828/832
f 825/828/832 808/811/815 807/810/814
f 808/811/815 825/828/832 530/533/537
f 530/533/537 529/532/536 808/811/815
f 823/826/830 821/824/828 539/542/546
f 539/542/546 538/541/545 823/826/830
f 391/394/398 826/829/833 827/830/834
f 827/830/834 487/490/494 391/394/398
f 426/429/433 828/831/835 829/832/836
f 829/832/836 398/401/405 426/429/433
f 829/832/836 828/831/835 830/833/837
f 830/833/837 831/834/838 829/832/836
f 395/398/402 398/401/405 829/832/836
f 829/832/836 832/835/839 395/398/402
f 391/394/398 394/397/401 833/836/840
f 833/836/840 826/829/833 391/394/398
f 826/829/833 833/836/840 834/837/841
f 834/837/841 835/838/842 826/829/833
f 832/835/839 829/832/836 831/834/838
f 831/834/838 836/839/843 832/835/839
f 487/490/494 827/830/834 837/840/844
f 837/840/844 413/416/420 487/490/494
f 414/417/421 413/416/420 837/840/844
f 837/840/844 838/841/845 414/417/421
f 419/422/426 418/421/425 839/842/846
f 839/842/846 840/843/847 419/422/426
f 419/422/426 840/843/847 828/831/835
f 828/831/835 426/429/433 419/422/426
f 828/831/835 840/843/847 841/844/848
f 841/844/848 830/833/837 828/831/835
f 842/845/849 827/830/834 826/829/833
f 826/829/833 835/838/842 842/845/849
f 843/846/850 844/847/851 845/848/852
f 845/848/852 846/849/853 843/846/850
f 847/850/854 848/851/855 849/852/856
f 849/852/856 850/853/857 847/850/854
f 844/847/851 851/854/858 852/855/859
f 852/855/859 845/848/852 844/847/851
f 853/856/860 847/850/854 850/853/857
f 850/853/857 854/857/861 853/856/860
f 855/858/862 837/840/844 827/830/834
f 827/830/834 842/845/849 855/858/862
f 843/846/850 846/849/853 856/859/863
f 857/860/864 838/841/845 837/840/844
f 837/840/844 855/858/862 857/860/864
f 841/844/848 840/843/847 839/842/846
f 839/842/846 858/861/865 841/844/848
f 859/862/866 849/852/856 848/851/855
f 860/863/867 861/864/868 862/865/869
f 862/865/869 863/866/870 860/863/867
f 862/865/869 861/864/868 401/404/408
f 401/404/408 404/407/411 862/865/869
f 864/867/871 865/868/872 866/869/873
f 866/869/873 867/870/874 864/867/871
f 866/869/873 865/868/872 408/411/415
f 408/411/415 407/410/414 866/869/873
f 868/871/875 867/870/874 866/869/873
f 866/869/873 869/872/876 868/871/875
f 860/863/867 870/873/877 871/874/878
f 871/874/878 861/864/868 860/863/867
f 861/864/868 871/874/878 402/405/409
f 402/405/409 401/404/408 861/864/868
f 869/872/876 866/869/873 407/410/414
f 407/410/414 406/409/413 869/872/876
f 863/866/870 862/865/869 872/875/879
f 872/875/879 873/876/880 863/866/870
f 872/875/879 862/865/869 404/407/411
f 404/407/411 410/413/417 872/875/879
f 874/877/881 873/876/880 872/875/879
f 872/875/879 875/878/882 874/877/881
f 876/879/883 877/880/884 878/881/885
f 878/881/885 879/882/886 876/879/883
f 879/882/886 878/881/885 411/414/418
f 411/414/418 412/415/419 879/882/886
f 875/878/882 872/875/879 410/413/417
f 410/413/417 409/412/416 875/878/882
f 876/879/883 879/882/886 865/868/872
f 865/868/872 864/867/871 876/879/883
f 865/868/872 879/882/886 412/415/419
f 412/415/419 408/411/415 865/868/872
f 631/634/638 663/666/670 637/640/644
f 637/640/644 630/633/637 631/634/638
f 639/642/646 638/641/645 664/667/671
f 664/667/671 646/649/653 639/642/646
f 646/649/653 643/646/650 640/643/647
f 640/643/647 639/642/646 646/649/653
f 641/644/648 640/643/647 643/646/650
f 643/646/650 642/645/649 641/644/648
f 642/645/649 653/656/660 648/651/655
f 648/651/655 641/644/648 642/645/649
f 628/631/635 649/652/656 650/653/657
f 650/653/657 635/638/642 628/631/635
f 629/632/636 628/631/635 635/638/642
f 635/638/642 632/635/639 629/632/636
f 630/633/637 629/632/636 632/635/639
f 632/635/639 631/634/638 630/633/637
f 730/733/737 733/736/740 662/665/669
f 662/665/669 634/637/641 730/733/737
f 647/650/654 665/668/672 735/738/742
f 735/738/742 734/737/741 647/650/654
f 734/737/741 739/742/746 644/647/651
f 644/647/651 647/650/654 734/737/741
f 645/648/652 644/647/651 739/742/746
f 739/742/746 740/743/747 645/648/652
f 740/743/747 743/746/750 652/655/659
f 652/655/659 645/648/652 740/743/747
f 636/639/643 651/654/658 744/747/751
f 744/747/751 727/730/734 636/639/643
f 633/636/640 636/639/643 727/730/734
f 727/730/734 726/729/733 633/636/640
f 634/637/641 633/636/640 726/729/733
f 726/729/733 730/733/737 634/637/641
f 603/606/610 659/662/666 609/612/616
f 609/612/616 602/605/609 603/606/610
f 611/614/618 610/613/617 660/663/667
f 660/663/667 618/621/625 611/614/618
f 618/621/625 615/618/622 612/615/619
f 612/615/619 611/614/618 618/621/625
f 613/616/620 612/615/619 615/618/622
f 615/618/622 614/617/621 613/616/620
f 614/617/621 627/630/634 621/624/628
f 621/624/628 613/616/620 614/617/621
f 600/603/607 623/626/630 624/627/631
f 624/627/631 607/610/614 600/603/607
f 601/604/608 600/603/607 607/610/614
f 607/610/614 604/607/611 601/604/608
f 602/605/609 601/604/608 604/607/611
f 604/607/611 603/606/610 602/605/609
f 710/713/717 713/716/720 658/661/665
f 658/661/665 606/609/613 710/713/717
f 619/622/626 661/664/668 715/718/722
f 715/718/722 714/717/721 619/622/626
f 714/717/721 719/722/726 616/619/623
f 616/619/623 619/622/626 714/717/721
f 617/620/624 616/619/623 719/722/726
f 719/722/726 720/723/727 617/620/624
f 720/723/727 723/726/730 626/629/633
f 626/629/633 617/620/624 720/723/727
f 608/611/615 625/628/632 724/727/731
f 724/727/731 707/710/714 608/611/615
f 605/608/612 608/611/615 707/710/714
f 707/710/714 706/709/713 605/608/612
f 606/609/613 605/608/612 706/709/713
f 706/709/713 710/713/717 606/609/613
f 575/578/582 655/658/662 581/584/588
f 581/584/588 574/577/581 575/578/582
f 583/586/590 582/585/589 656/659/663
f 656/659/663 590/593/597 583/586/590
f 590/593/597 587/590/594 584/587/591
f 584/587/591 583/586/590 590/593/597
f 585/588/592 584/587/591 587/590/594
f 587/590/594 586/589/593 585/588/592
f 586/589/593 599/602/606 593/596/600
f 593/596/600 585/588/592 586/589/593
f 572/575/579 595/598/602 596/599/603
f 596/599/603 579/582/586 572/575/579
f 573/576/580 572/575/579 579/582/586
f 579/582/586 576/579/583 573/576/580
f 574/577/581 573/576/580 576/579/583
f 576/579/583 575/578/582 574/577/581
f 690/693/697 693/696/700 654/657/661
f 654/657/661 578/581/585 690/693/697
f 591/594/598 657/660/664 695/698/702
f 695/698/702 694/697/701 591/594/598
f 694/697/701 699/702/706 588/591/595
f 588/591/595 591/594/598 694/697/701
f 589/592/596 588/591/595 699/702/706
f 699/702/706 700/703/707 589/592/596
f 700/703/707 703/706/710 598/601/605
f 598/601/605 589/592/596 700/703/707
f 580/583/587 597/600/604 704/707/711
f 704/707/711 687/690/694 580/583/587
f 577/580/584 580/583/587 687/690/694
f 687/690/694 686/689/693 577/580/584
f 578/581/585 577/580/584 686/689/693
f 686/689/693 690/693/697 578/581/585
f 543/546/550 557/560/564 549/552/556
f 549/552/556 542/545/549 543/546/550
f 551/554/558 550/553/557 553/556/560
f 553/556/560 552/555/559 551/554/558
f 552/555/559 561/564/568 558/561/565
f 558/561/565 551/554/558 552/555/559
f 559/562/566 558/561/565 561/564/568
f 561/564/568 560/563/567 559/562/566
f 560/563/567 571/574/578 565/568/572
f 565/568/572 559/562/566 560/563/567
f 540/543/547 567/570/574 568/571/575
f 568/571/575 547/550/554 540/543/547
f 541/544/548 540/543/547 547/550/554
f 547/550/554 544/547/551 541/544/548
f 542/545/549 541/544/548 544/547/551
f 544/547/551 543/546/550 542/545/549
f 670/673/677 673/676/680 556/559/563
f 556/559/563 546/549/553 670/673/677
f 555/558/562 554/557/561 675/678/682
f 675/678/682 674/677/681 555/558/562
f 674/677/681 679/682/686 562/565/569
f 562/565/569 555/558/562 674/677/681
f 563/566/570 562/565/569 679/682/686
f 679/682/686 680/683/687 563/566/570
f 680/683/687 683/686/690 570/573/577
f 570/573/577 563/566/570 680/683/687
f 548/551/555 569/572/576 684/687/691
f 684/687/691 667/670/674 548/551/555
f 545/548/552 548/551/555 667/670/674
f 667/670/674 666/669/673 545/548/552
f 546/549/553 545/548/552 666/669/673
f 666/669/673 670/673/677 546/549/553
f 729/732/736 728/731/735 807/810/814
f 807/810/814 806/809/813 729/732/736
f 728/731/735 745/748/752 824/827/831
f 824/827/831 807/810/814 728/731/735
f 741/744/748 820/823/827 822/825/829
f 822/825/829 742/745/749 741/744/748
f 741/744/748 738/741/745 818/821/825
f 818/821/825 820/823/827 741/744/748
f 737/740/744 814/817/821 818/821/825
f 818/821/825 738/741/745 737/740/744
f 737/740/744 736/739/743 815/818/822
f 815/818/822 814/817/821 737/740/744
f 731/734/738 810/813/817 812/815/819
f 812/815/819 732/735/739 731/734/738
f 731/734/738 729/732/736 806/809/813
f 806/809/813 810/813/817 731/734/738
f 709/712/716 708/711/715 787/790/794
f 787/790/794 786/789/793 709/712/716
f 708/711/715 725/728/732 804/807/811
f 804/807/811 787/790/794 708/711/715
f 721/724/728 800/803/807 802/805/809
f 802/805/809 722/725/729 721/724/728
f 721/724/728 718/721/725 798/801/805
f 798/801/805 800/803/807 721/724/728
f 717/720/724 794/797/801 798/801/805
f 798/801/805 718/721/725 717/720/724
f 717/720/724 716/719/723 795/798/802
f 795/798/802 794/797/801 717/720/724
f 711/714/718 790/793/797 792/795/799
f 792/795/799 712/715/719 711/714/718
f 711/714/718 709/712/716 786/789/793
f 786/789/793 790/793/797 711/714/718
f 689/692/696 688/691/695 767/770/774
f 767/770/774 766/769/773 689/692/696
f 688/691/695 705/708/712 784/787/791
f 784/787/791 767/770/774 688/691/695
f 701/704/708 780/783/787 782/785/789
f 782/785/789 702/705/709 701/704/708
f 701/704/708 698/701/705 778/781/785
f 778/781/785 780/783/787 701/704/708
f 697/700/704 774/777/781 778/781/785
f 778/781/785 698/701/705 697/700/704
f 697/700/704 696/699/703 775/778/782
f 775/778/782 774/777/781 697/700/704
f 691/694/698 770/773/777 772/775/779
f 772/775/779 692/695/699 691/694/698
f 691/694/698 689/692/696 766/769/773
f 766/769/773 770/773/777 691/694/698
f 669/672/676 668/671/675 747/750/754
f 747/750/754 746/749/753 669/672/676
f 668/671/675 685/688/692 764/767/771
f 764/767/771 747/750/754 668/671/675
f 681/684/688 760/763/767 762/765/769
f 762/765/769 682/685/689 681/684/688
f 681/684/688 678/681/685 758/761/765
f 758/761/765 760/763/767 681/684/688
f 677/680/684 754/757/761 758/761/765
f 758/761/765 678/681/685 677/680/684
f 677/680/684 676/679/683 755/758/762
f 755/758/762 754/757/761 677/680/684
f 671/674/678 750/753/757 752/755/759
f 752/755/759 672/675/679 671/674/678
f 671/674/678 669/672/676 746/749/753
f 746/749/753 750/753/757 671/674/678
f 842/845/849 835/838/842 844/847/851
f 844/847/851 843/846/850 842/845/849
f 855/858/862 842/845/849 843/846/850
f 843/846/850 856/859/863 855/858/862
f 857/860/864 855/858/862 856/859/863
f 856/859/863 880/883/887 857/860/864
f 841/844/848 858/861/865 881/884/888
f 881/884/888 859/862/866 841/844/848
f 830/833/837 841/844/848 859/862/866
f 859/862/866 848/851/855 830/833/837
f 831/834/838 830/833/837 848/851/855
f 848/851/855 847/850/854 831/834/838
f 836/839/843 831/834/838 847/850/854
f 847/850/854 853/856/860 836/839/843
f 835/838/842 834/837/841 851/854/858
f 851/854/858 844/847/851 835/838/842
f 860/863/867 863/866/870 846/849/853
f 846/849/853 845/848/852 860/863/867
f 863/866/870 873/876/880 856/859/863
f 856/859/863 846/849/853 863/866/870
f 880/883/887 856/859/863 873/876/880
f 873/876/880 874/877/881 880/883/887
f 859/862/866 881/884/888 877/880/884
f 877/880/884 876/879/883 859/862/866
f 876/879/883 864/867/871 849/852/856
f 849/852/856 859/862/866 876/879/883
f 864/867/871 867/870/874 850/853/857
f 850/853/857 849/852/856 864/867/871
f 854/857/861 850/853/857 867/870/874
f 867/870/874 868/871/875 854/857/861
f 845/848/852 852/855/859 870/873/877
f 870/873/877 860/863/867 845/848/852
f 431/434/438 430/433/437 436/439/443
f 431/434/438 427/430/434 430/433/437
f 435/438/442 430/433/437 434/437/441
f 435/438/442 434/437/441 447/450/454
f 427/430/434 432/435/439 420/423/427
f 446/449/453 434/437/441 444/447/451
f 446/449/453 444/447/451 449/452/456
f 444/447/451 445/448/452 448/451/455
f 474/477/481 478/481/485 468/471/475
f 477/480/484 474/477/481 476/479/483
f 477/480/484 476/479/483 483/486/490
f 482/485/489 476/479/483 481/484/488
f 482/485/489 481/484/488 490/493/497
f 489/492/496 481/484/488 488/491/495
f 489/492/496 488/491/495 491/494/498
f 488/491/495 413/416/420 416/419/423
f 882/885/889 883/886/890 884/887/891
f 884/887/891 885/888/892 882/885/889
f 883/886/890 886/889/893 887/890/894
f 887/890/894 884/887/891 883/886/890
f 888/891/895 886/889/893 889/892/896
f 889/892/896 890/893/897 888/891/895
f 891/894/898 888/891/895 890/893/897
f 890/893/897 892/895/899 891/894/898
f 893/896/900 891/894/898 892/895/899
f 892/895/899 894/897/901 893/896/900
f 895/898/902 896/899/903 897/900/904
f 897/900/904 898/901/905 895/898/902
f 899/902/906 895/898/902 898/901/905
f 898/901/905 900/903/907 899/902/906
f 882/885/889 899/902/906 900/903/907
f 900/903/907 901/904/908 882/885/889
f 883/886/890 882/885/889 901/904/908
f 901/904/908 902/905/909 883/886/890
f 886/889/893 883/886/890 902/905/909
f 902/905/909 889/892/896 886/889/893
f 890/893/897 889/892/896 903/906/910
f 903/906/910 904/907/911 890/893/897
f 892/895/899 890/893/897 904/907/911
f 904/907/911 905/908/912 892/895/899
f 894/897/901 892/895/899 905/908/912
f 905/908/912 906/909/913 894/897/901
f 898/901/905 897/900/904 907/910/914
f 907/910/914 908/911/915 898/901/905
f 900/903/907 898/901/905 908/911/915
f 908/911/915 909/912/916 900/903/907
f 901/904/908 900/903/907 909/912/916
f 909/912/916 910/913/917 901/904/908
f 902/905/909 901/904/908 910/913/917
f 910/913/917 911/914/918 902/905/909
f 889/892/896 902/905/909 911/914/918
f 911/914/918 903/906/910 889/892/896
f 912/915/919 913/916/920 914/917/921
f 914/917/921 915/918/922 912/915/919
f 916/919/923 912/915/919 915/918/922
f 915/918/922 917/920/924 916/919/923
f 918/921/925 916/919/923 917/920/924
f 917/920/924 919/922/926 918/921/925
f 920/923/927 921/924/928 922/925/929
f 922/925/929 923/926/930 920/923/927
f 924/927/931 920/923/927 923/926/930
f 923/926/930 925/928/932 924/927/931
f 926/929/933 924/927/931 925/928/932
f 925/928/932 927/930/934 926/929/933
f 928/931/935 926/929/933 927/930/934
f 927/930/934 929/932/936 928/931/935
f 913/916/920 928/931/935 929/932/936
f 929/932/936 914/917/921 913/916/920
f 930/933/937 931/934/938 932/935/939
f 932/935/939 933/936/940 930/933/937
f 934/937/941 930/933/937 933/936/940
f 933/936/940 935/938/942 934/937/941
f 936/939/943 934/937/941 935/938/942
f 935/938/942 937/940/944 936/939/943
f 938/941/945 939/942/946 940/943/947
f 940/943/947 941/944/948 938/941/945
f 942/945/949 938/941/945 941/944/948
f 941/944/948 943/946/950 942/945/949
f 944/947/951 942/945/949 943/946/950
f 943/946/950 945/948/952 944/947/951
f 946/949/953 944/947/951 945/948/952
f 945/948/952 947/950/954 946/949/953
f 931/934/938 946/949/953 947/950/954
f 947/950/954 932/935/939 931/934/938
f 933/936/940 932/935/939 948/951/955
f 948/951/955 949/952/956 933/936/940
f 935/938/942 933/936/940 949/952/956
f 949/952/956 950/953/957 935/938/942
f 937/940/944 935/938/942 950/953/957
f 950/953/957 951/954/958 937/940/944
f 941/944/948 940/943/947 952/955/959
f 952/955/959 953/956/960 941/944/948
f 943/946/950 941/944/948 953/956/960
f 953/956/960 954/957/961 943/946/950
f 945/948/952 943/946/950 954/957/961
f 954/957/961 955/958/962 945/948/952
f 947/950/954 945/948/952 955/958/962
f 955/958/962 956/959/963 947/950/954
f 932/935/939 947/950/954 956/959/963
f 956/959/963 948/951/955 932/935/939
f 949/952/956 948/951/955 957/960/964
f 957/960/964 958/961/965 949/952/956
f 950/953/957 949/952/956 958/961/965
f 958/961/965 959/962/966 950/953/957
f 951/954/958 950/953/957 959/962/966
f 959/962/966 960/963/967 951/954/958
f 953/956/960 952/955/959 961/964/968
f 961/964/968 962/965/969 953/956/960
f 954/957/961 953/956/960 962/965/969
f 962/965/969 963/966/970 954/957/961
f 955/958/962 954/957/961 963/966/970
f 963/966/970 964/967/971 955/958/962
f 956/959/963 955/958/962 964/967/971
f 964/967/971 965/968/972 956/959/963
f 948/951/955 956/959/963 965/968/972
f 965/968/972 957/960/964 948/951/955
f 958/961/965 957/960/964 966/969/973
f 966/969/973 967/970/974 958/961/965
f 959/962/966 958/961/965 967/970/974
f 967/970/974 968/971/975 959/962/966
f 960/963/967 959/962/966 968/971/975
f 968/971/975 969/972/976 960/963/967
f 962/965/969 961/964/968 970/973/977
f 970/973/977 971/974/978 962/965/969
f 963/966/970 962/965/969 971/974/978
f 971/974/978 972/975/979 963/966/970
f 964/967/971 963/966/970 972/975/979
f 972/975/979 973/976/980 964/967/971
f 965/968/972 964/967/971 973/976/980
f 973/976/980 974/977/981 965/968/972
f 957/960/964 965/968/972 974/977/981
f 974/977/981 966/969/973 957/960/964
f 975/978/982 976/979/983 977/980/984
f 977/980/984 978/981/985 975/978/982
f 979/982/986 978/981/985 977/980/984
f 977/980/984 980/983/987 979/982/986
f 981/984/988 979/982/986 980/983/987
f 980/983/987 982/985/989 981/984/988
f 983/986/990 984/987/991 985/988/992
f 985/988/992 986/989/993 983/986/990
f 987/990/994 988/991/995 989/992/996
f 989/992/996 990/993/997 987/990/994
f 991/994/998 992/995/999 993/996/1000
f 993/996/1000 994/997/1001 991/994/998
f 995/998/1002 994/997/1001 993/996/1000
f 993/996/1000 996/999/1003 995/998/1002
f 997/1000/1004 998/1001/1005 999/1002/1006
f 999/1002/1006 1000/1003/1007 997/1000/1004
f 976/979/983 1001/1004/1008 1002/1005/1009
f 1002/1005/1009 977/980/984 976/979/983
f 980/983/987 977/980/984 1002/1005/1009
f 1002/1005/1009 1003/1006/1010 980/983/987
f 982/985/989 980/983/987 1003/1006/1010
f 1003/1006/1010 1004/1007/1011 982/985/989
f 986/989/993 985/988/992 1005/1008/1012
f 1005/1008/1012 1006/1009/1013 986/989/993
f 988/991/995 1007/1010/1014 1008/1011/1015
f 1008/1011/1015 989/992/996 988/991/995
f 992/995/999 1009/1012/1016 1010/1013/1017
f 1010/1013/1017 993/996/1000 992/995/999
f 996/999/1003 993/996/1000 1010/1013/1017
f 1010/1013/1017 1011/1014/1018 996/999/1003
f 1000/1003/1007 999/1002/1006 1012/1015/1019
f 1012/1015/1019 1013/1016/1020 1000/1003/1007
f 1001/1004/1008 1014/1017/1021 1015/1018/1022
f 1015/1018/1022 1002/1005/1009 1001/1004/1008
f 1003/1006/1010 1002/1005/1009 1015/1018/1022
f 1015/1018/1022 1016/1019/1023 1003/1006/1010
f 1004/1007/1011 1003/1006/1010 1016/1019/1023
f 1016/1019/1023 1017/1020/1024 1004/1007/1011
f 1006/1009/1013 1005/1008/1012 1018/1021/1025
f 1018/1021/1026 1019/1022/1027 1006/1009/1013
f 1007/1010/1014 1020/1023/1028 1021/1024/1029
f 1021/1024/1029 1008/1011/1015 1007/1010/1014
f 1009/1012/1016 1022/1025/1030 1023/1026/1031
f 1023/1026/1031 1010/1013/1017 1009/1012/1016
f 1011/1014/1018 1010/1013/1017 1023/1026/1031
f 1023/1026/1031 1024/1027/1032 1011/1014/1018
f 1013/1016/1020 1012/1015/1019 1025/1028/1033
f 1025/1028/1034 1026/1029/1035 1013/1016/1020
f 1027/1030/1036 1028/1031/1037 1029/1032/1038
f 1029/1032/1038 1030/1033/1039 1027/1030/1036
f 1031/1034/1040 1030/1033/1039 1029/1032/1038
f 1029/1032/1038 1032/1035/1041 1031/1034/1040
f 1033/1036/1042 1031/1034/1040 1032/1035/1041
f 1032/1035/1041 1034/1037/1043 1033/1036/1042
f 1035/1038/1044 1036/1039/1045 1037/1040/1046
f 1037/1040/1046 1038/1041/1047 1035/1038/1044
f 1039/1042/1048 1040/1043/1049 1041/1044/1050
f 1041/1044/1050 1042/1045/1051 1039/1042/1048
f 1043/1046/1052 1044/1047/1053 1045/1048/1054
f 1045/1048/1054 1046/1049/1055 1043/1046/1052
f 1047/1050/1056 1046/1049/1055 1045/1048/1054
f 1045/1048/1054 1048/1051/1057 1047/1050/1056
f 1049/1052/1058 1050/1053/1059 1051/1054/1060
f 1051/1054/1060 1052/1055/1061 1049/1052/1058
f 1053/1056/1062 1054/1057/1063 1055/1058/1064
f 1055/1058/1064 1056/1059/1065 1053/1056/1062
f 1057/1060/1066 1056/1059/1065 1055/1058/1064
f 1055/1058/1064 1058/1061/1067 1057/1060/1066
f 1059/1062/1068 1057/1060/1066 1058/1061/1067
f 1058/1061/1067 1060/1063/1069 1059/1062/1068
f 1061/1064/1070 1062/1065/1071 1063/1066/1072
f 1063/1066/1072 1064/1067/1073 1061/1064/1070
f 1065/1068/1074 1066/1069/1075 1067/1070/1076
f 1067/1070/1076 1068/1071/1077 1065/1068/1074
f 1069/1072/1078 1070/1073/1079 1071/1074/1080
f 1071/1074/1080 1072/1075/1081 1069/1072/1078
f 1073/1076/1082 1072/1075/1081 1071/1074/1080
f 1071/1074/1080 1074/1077/1083 1073/1076/1082
f 1075/1078/1084 1076/1079/1085 1077/1080/1086
f 1077/1080/1086 1078/1081/1087 1075/1078/1084
f 1054/1057/1063 1079/1082/1088 1080/1083/1089
f 1080/1083/1089 1055/1058/1064 1054/1057/1063
f 1058/1061/1067 1055/1058/1064 1080/1083/1089
f 1080/1083/1089 1081/1084/1090 1058/1061/1067
f 1060/1063/1069 1058/1061/1067 1081/1084/1090
f 1081/1084/1090 1082/1085/1091 1060/1063/1069
f 1064/1067/1073 1063/1066/1072 1083/1086/1092
f 1083/1086/1092 1084/1087/1093 1064/1067/1073
f 1066/1069/1075 1085/1088/1094 1086/1089/1095
f 1086/1089/1095 1067/1070/1076 1066/1069/1075
f 1070/1073/1079 1087/1090/1096 1088/1091/1097
f 1088/1091/1097 1071/1074/1080 1070/1073/1079
f 1074/1077/1083 1071/1074/1080 1088/1091/1097
f 1088/1091/1097 1089/1092/1098 1074/1077/1083
f 1078/1081/1087 1077/1080/1086 1090/1093/1099
f 1090/1093/1099 1091/1094/1100 1078/1081/1087
f 1079/1082/1088 1092/1095/1101 1093/1096/1102
f 1093/1096/1102 1080/1083/1089 1079/1082/1088
f 1081/1084/1090 1080/1083/1089 1093/1096/1102
f 1093/1096/1102 1094/1097/1103 1081/1084/1090
f 1082/1085/1091 1081/1084/1090 1094/1097/1103
f 1094/1097/1103 1095/1098/1104 1082/1085/1091
f 1084/1087/1093 1083/1086/1092 1096/1099/1105
f 1096/1099/1105 1097/1100/1106 1084/1087/1093
f 1085/1088/1094 1098/1101/1107 1099/1102/1108
f 1099/1102/1108 1086/1089/1095 1085/1088/1094
f 1087/1090/1096 1100/1103/1109 1101/1104/1110
f 1101/1104/1110 1088/1091/1097 1087/1090/1096
f 1089/1092/1098 1088/1091/1097 1101/1104/1110
f 1101/1104/1110 1102/1105/1111 1089/1092/1098
f 1091/1094/1100 1090/1093/1099 1103/1106/1112
f 1103/1106/1112 1104/1107/1113 1091/1094/1100
f 1105/1108/1114 1106/1109/1115 1107/1110/1116
f 1107/1110/1116 1108/1111/1117 1105/1108/1114
f 1109/1112/1118 1108/1111/1117 1107/1110/1116
f 1107/1110/1116 1110/1113/1119 1109/1112/1118
f 1111/1114/1120 1109/1112/1118 1110/1113/1119
f 1110/1113/1119 1112/1115/1121 1111/1114/1120
f 1113/1116/1122 1114/1117/1123 1115/1118/1124
f 1115/1118/1124 1116/1119/1125 1113/1116/1122
f 1117/1120/1126 1118/1121/1127 1119/1122/1128
f 1119/1122/1128 1120/1123/1129 1117/1120/1126
f 1121/1124/1130 1122/1125/1131 1123/1126/1132
f 1123/1126/1132 1124/1127/1133 1121/1124/1130
f 1125/1128/1134 1126/1129/1135 1127/1130/1136
f 1127/1130/1136 1128/1131/1137 1125/1128/1134
f 1028/1031/1037 1053/1056/1062 1056/1059/1065
f 1056/1059/1065 1029/1032/1038 1028/1031/1037
f 1032/1035/1041 1029/1032/1038 1056/1059/1065
f 1056/1059/1065 1057/1060/1066 1032/1035/1041
f 1034/1037/1043 1032/1035/1041 1057/1060/1066
f 1057/1060/1066 1059/1062/1068 1034/1037/1043
f 1038/1041/1047 1037/1040/1046 1062/1065/1071
f 1062/1065/1071 1061/1064/1070 1038/1041/1047
f 1040/1043/1049 1065/1068/1074 1068/1071/1077
f 1068/1071/1077 1041/1044/1050 1040/1043/1049
f 1044/1047/1053 1069/1072/1078 1072/1075/1081
f 1072/1075/1081 1045/1048/1054 1044/1047/1053
f 1048/1051/1057 1045/1048/1054 1072/1075/1081
f 1072/1075/1081 1073/1076/1082 1048/1051/1057
f 1052/1055/1061 1051/1054/1060 1076/1079/1085
f 1076/1079/1085 1075/1078/1084 1052/1055/1061
f 1129/1132/1138 1027/1030/1036 1030/1033/1039
f 1030/1033/1039 1130/1133/1139 1129/1132/1138
f 1131/1134/1140 1130/1133/1139 1030/1033/1039
f 1030/1033/1039 1031/1034/1040 1131/1134/1140
f 1132/1135/1141 1131/1134/1140 1031/1034/1040
f 1031/1034/1040 1033/1036/1042 1132/1135/1141
f 1133/1136/1142 1134/1137/1143 1036/1039/1045
f 1036/1039/1045 1035/1038/1044 1133/1136/1142
f 1135/1138/1144 1039/1042/1048 1042/1045/1051
f 1042/1045/1051 1136/1139/1145 1135/1138/1144
f 1137/1140/1146 1043/1046/1052 1046/1049/1055
f 1046/1049/1055 1138/1141/1147 1137/1140/1146
f 1139/1142/1148 1138/1141/1147 1046/1049/1055
f 1046/1049/1055 1047/1050/1056 1139/1142/1148
f 1140/1143/1149 1141/1144/1150 1050/1053/1059
f 1050/1053/1059 1049/1052/1058 1140/1143/1149
f 1092/1095/1101 1105/1108/1114 1108/1111/1117
f 1108/1111/1117 1093/1096/1102 1092/1095/1101
f 1094/1097/1103 1093/1096/1102 1108/1111/1117
f 1108/1111/1117 1109/1112/1118 1094/1097/1103
f 1095/1098/1104 1094/1097/1103 1109/1112/1118
f 1109/1112/1118 1111/1114/1120 1095/1098/1104
f 1097/1100/1106 1096/1099/1105 1114/1117/1123
f 1114/1117/1123 1113/1116/1122 1097/1100/1106
f 1098/1101/1107 1117/1120/1126 1120/1123/1129
f 1120/1123/1129 1099/1102/1108 1098/1101/1107
f 1100/1103/1109 1121/1124/1130 1124/1127/1133
f 1124/1127/1133 1101/1104/1110 1100/1103/1109
f 1104/1107/1113 1103/1106/1112 1126/1129/1135
f 1126/1129/1135 1125/1128/1134 1104/1107/1113
f 1142/1145/1151 1143/1146/1152 1144/1147/1153
f 1144/1147/1153 1145/1148/1154 1142/1145/1151
f 1146/1149/1155 1145/1148/1154 1144/1147/1153
f 1144/1147/1153 1147/1150/1156 1146/1149/1155
f 1148/1151/1157 1149/1152/1158 1150/1153/1159
f 1150/1153/1159 1151/1154/1160 1148/1151/1157
f 1152/1155/1161 1151/1154/1160 1150/1153/1159
f 1150/1153/1159 1153/1156/1162 1152/1155/1161
f 1154/1157/1163 1155/1158/1164 1156/1159/1165
f 1156/1159/1165 1157/1160/1166 1154/1157/1163
f 1143/1146/1152 1158/1161/1167 1159/1162/1168
f 1159/1162/1168 1144/1147/1153 1143/1146/1152
f 1147/1150/1156 1144/1147/1153 1159/1162/1168
f 1159/1162/1168 1160/1163/1169 1147/1150/1156
f 1149/1152/1158 1161/1164/1170 1162/1165/1171
f 1162/1165/1171 1150/1153/1159 1149/1152/1158
f 1153/1156/1162 1150/1153/1159 1162/1165/1171
f 1162/1165/1171 1163/1166/1172 1153/1156/1162
f 1157/1160/1166 1156/1159/1165 1164/1167/1173
f 1164/1167/1173 1165/1168/1174 1157/1160/1166
f 1158/1161/1167 1166/1169/1175 1167/1170/1176
f 1167/1170/1176 1159/1162/1168 1158/1161/1167
f 1160/1163/1169 1159/1162/1168 1167/1170/1176
f 1167/1170/1176 1168/1171/1177 1160/1163/1169
f 1161/1164/1170 1169/1172/1178 1170/1173/1179
f 1170/1173/1179 1162/1165/1171 1161/1164/1170
f 1163/1166/1172 1162/1165/1171 1170/1173/1179
f 1170/1173/1179 1171/1174/1180 1163/1166/1172
f 1165/1168/1174 1164/1167/1173 1172/1175/1181
f 1172/1175/1181 1173/1176/1182 1165/1168/1174
f 1166/1169/1175 1174/1177/1183 1175/1178/1184
f 1175/1178/1184 1167/1170/1176 1166/1169/1175
f 1168/1171/1177 1167/1170/1176 1175/1178/1184
f 1175/1178/1184 1176/1179/1185 1168/1171/1177
f 1169/1172/1178 1177/1180/1186 1178/1181/1187
f 1178/1181/1187 1170/1173/1179 1169/1172/1178
f 1171/1174/1180 1170/1173/1179 1178/1181/1187
f 1178/1181/1187 1179/1182/1188 1171/1174/1180
f 1173/1176/1182 1172/1175/1181 1180/1183/1189
f 1180/1183/1189 1181/1184/1190 1173/1176/1182
f 1174/1177/1183 1182/1185/1191 1183/1186/1192
f 1183/1186/1192 1175/1178/1184 1174/1177/1183
f 1176/1179/1185 1175/1178/1184 1183/1186/1192
f 1183/1186/1192 1184/1187/1193 1185/1188/1194
f 1183/1186/1192 1185/1188/1194 1176/1179/1185
f 1177/1180/1186 1186/1189/1195 1187/1190/1196
f 1187/1190/1196 1178/1181/1187 1177/1180/1186
f 1179/1182/1188 1178/1181/1187 1187/1190/1196
f 1187/1190/1196 1188/1191/1197 1179/1182/1188
f 1181/1184/1190 1180/1183/1189 1189/1192/1198
f 1189/1192/1198 1190/1193/1199 1181/1184/1190
f 1182/1185/1191 1191/1194/1200 1192/1195/1201
f 1192/1195/1201 1183/1186/1192 1182/1185/1191
f 1184/1187/1193 1183/1186/1192 1192/1195/1201
f 1192/1195/1201 1193/1196/1202 1184/1187/1193
f 1186/1189/1195 1194/1197/1203 1195/1198/1204
f 1195/1198/1204 1187/1190/1196 1186/1189/1195
f 1188/1191/1197 1187/1190/1196 1195/1198/1204
f 1195/1198/1204 1196/1199/1205 1188/1191/1197
f 1190/1193/1199 1189/1192/1198 1197/1200/1206
f 1197/1200/1207 1198/1201/1208 1190/1193/1199
f 1191/1194/1200 1199/1202/1209 1200/1203/1210
f 1200/1203/1210 1192/1195/1201 1191/1194/1200
f 1193/1196/1202 1192/1195/1201 1200/1203/1210
f 1200/1203/1210 1201/1204/1211 1193/1196/1202
f 1194/1197/1203 1202/1205/1212 1203/1206/1213
f 1203/1206/1213 1195/1198/1204 1194/1197/1203
f 1204/1207/1214 1205/1208/1215 1206/1209/1216
f 1206/1209/1216 1207/1210/1217 1204/1207/1214
f 1208/1211/1218 1209/1212/1219 1210/1213/1220
f 1210/1213/1220 1211/1214/1221 1208/1211/1218
f 1212/1215/1222 1213/1216/1223 1214/1217/1224
f 1214/1217/1224 1215/1218/1225 1212/1215/1222
f 1216/1219/1226 1215/1218/1225 1214/1217/1224
f 1214/1217/1224 1217/1220/1227 1216/1219/1226
f 1218/1221/1228 1219/1222/1229 1220/1223/1230
f 1220/1223/1230 1221/1224/1231 1218/1221/1228
f 1213/1216/1223 1222/1225/1232 1223/1226/1233
f 1223/1226/1233 1214/1217/1224 1213/1216/1223
f 1217/1220/1227 1214/1217/1224 1223/1226/1233
f 1223/1226/1233 1224/1227/1234 1217/1220/1227
f 1219/1222/1229 1225/1228/1235 1226/1229/1236
f 1226/1229/1236 1220/1223/1230 1219/1222/1229
f 1227/1230/1237 1220/1223/1230 1226/1229/1236
f 1226/1229/1236 1228/1231/1238 1227/1230/1237
f 1229/1232/1239 1230/1233/1240 1231/1234/1241
f 1231/1234/1241 1232/1235/1242 1229/1232/1239
f 1222/1225/1232 1233/1236/1243 1234/1237/1244
f 1234/1237/1244 1223/1226/1233 1222/1225/1232
f 1224/1227/1234 1223/1226/1233 1234/1237/1244
f 1234/1237/1244 1235/1238/1245 1224/1227/1234
f 1225/1228/1235 1236/1239/1246 1237/1240/1247
f 1237/1240/1247 1226/1229/1236 1225/1228/1235
f 1228/1231/1238 1226/1229/1236 1237/1240/1247
f 1237/1240/1247 1238/1241/1248 1228/1231/1238
f 1232/1235/1242 1231/1234/1241 1239/1242/1249
f 1239/1242/1250 1240/1243/1251 1232/1235/1242
f 1241/1244/1252 1242/1245/1253 1243/1246/1254
f 1243/1246/1254 1244/1247/1255 1241/1244/1252
f 1245/1248/1256 1244/1247/1255 1243/1246/1254
f 1243/1246/1257 1246/1249/1258 1245/1248/1259
f 1247/1250/1260 1248/1251/1261 1249/1252/1262
f 1249/1252/1262 1250/1253/1263 1247/1250/1260
f 1251/1254/1264 1252/1255/1265 1253/1256/1266
f 1253/1256/1266 1254/1257/1267 1251/1254/1264
f 1255/1258/1268 1256/1259/1269 1257/1260/1270
f 1257/1260/1270 1258/1261/1271 1255/1258/1268
f 1259/1262/1272 1218/1221/1228 1221/1224/1231
f 1221/1224/1231 1206/1209/1216 1259/1262/1272
f 1260/1263/1273 1212/1215/1222 1215/1218/1225
f 1215/1218/1225 1261/1264/1274 1260/1263/1273
f 1262/1265/1275 1261/1264/1274 1215/1218/1225
f 1215/1218/1225 1216/1219/1226 1262/1265/1275
f 1263/1266/1276 1264/1267/1277 1230/1233/1240
f 1230/1233/1240 1229/1232/1239 1263/1266/1276
f 1265/1268/1278 1266/1269/1279 1220/1223/1230
f 1220/1223/1230 1227/1230/1237 1265/1268/1278
f 1266/1269/1279 1267/1270/1280 1221/1224/1231
f 1221/1224/1231 1220/1223/1230 1266/1269/1279
f 1267/1270/1280 1268/1271/1281 1206/1209/1216
f 1206/1209/1216 1221/1224/1231 1267/1270/1280
f 1268/1271/1281 1269/1272/1282 1207/1210/1217
f 1207/1210/1217 1206/1209/1216 1268/1271/1281
f 1270/1273/1283 1271/1274/1284 1211/1214/1221
f 1211/1214/1221 1210/1213/1220 1270/1273/1283
f 1271/1274/1284 1272/1275/1285 1273/1276/1286
f 1273/1276/1286 1211/1214/1221 1271/1274/1284
f 1272/1275/1285 1263/1266/1276 1229/1232/1239
f 1229/1232/1239 1273/1276/1286 1272/1275/1285
f 915/918/922 914/917/921 931/934/938
f 931/934/938 930/933/937 915/918/922
f 917/920/924 915/918/922 930/933/937
f 930/933/937 934/937/941 917/920/924
f 919/922/926 917/920/924 934/937/941
f 934/937/941 936/939/943 919/922/926
f 923/926/930 922/925/929 939/942/946
f 939/942/946 938/941/945 923/926/930
f 925/928/932 923/926/930 938/941/945
f 938/941/945 942/945/949 925/928/932
f 927/930/934 925/928/932 942/945/949
f 942/945/949 944/947/951 927/930/934
f 929/932/936 927/930/934 944/947/951
f 944/947/951 946/949/953 929/932/936
f 914/917/921 929/932/936 946/949/953
f 946/949/953 931/934/938 914/917/921
f 904/907/911 903/906/910 913/916/920
f 913/916/920 912/915/919 904/907/911
f 905/908/912 904/907/911 912/915/919
f 912/915/919 916/919/923 905/908/912
f 906/909/913 905/908/912 916/919/923
f 916/919/923 918/921/925 906/909/913
f 908/911/915 907/910/914 921/924/928
f 921/924/928 920/923/927 908/911/915
f 909/912/916 908/911/915 920/923/927
f 920/923/927 924/927/931 909/912/916
f 910/913/917 909/912/916 924/927/931
f 924/927/931 926/929/933 910/913/917
f 911/914/918 910/913/917 926/929/933
f 926/929/933 928/931/935 911/914/918
f 903/906/910 911/914/918 928/931/935
f 928/931/935 913/916/920 903/906/910
f 1274/1277/1287 1254/1257/1267 1253/1256/1266
f 1253/1256/1266 1275/1278/1288 1274/1277/1287
f 1276/1279/1289 1124/1127/1133 1123/1126/1132
f 1123/1126/1132 1277/1280/1290 1276/1279/1289
f 1276/1279/1289 1102/1105/1111 1101/1104/1110
f 1101/1104/1110 1124/1127/1133 1276/1279/1289
f 1278/1281/1291 1279/1282/1292 1280/1283/1293
f 1280/1283/1293 1281/1284/1294 1278/1281/1291
f 1282/1285/1295 1283/1286/1296 1284/1287/1297
f 1284/1287/1297 1285/1288/1298 1282/1285/1295
f 1282/1285/1295 1286/1289/1299 1287/1290/1300
f 1287/1290/1300 1283/1286/1296 1282/1285/1295
f 1288/1291/1301 1289/1292/1302 1290/1293/1303
f 1290/1293/1303 1291/1294/1304 1288/1291/1301
f 1292/1295/1305 1293/1296/1306 1294/1297/1307
f 1294/1297/1307 1295/1298/1308 1292/1295/1305
f 1296/1299/1309 1297/1300/1310 1298/1301/1311
f 1298/1301/1311 1299/1302/1312 1296/1299/1309
f 1300/1303/1313 1301/1304/1314 1302/1305/1315
f 1302/1305/1315 1303/1306/1316 1300/1303/1313
f 1280/1283/1293 1279/1282/1292 1304/1307/1317
f 1304/1307/1317 1305/1308/1318 1280/1283/1293
f 1284/1287/1297 1283/1286/1296 1306/1309/1319
f 1306/1309/1319 1307/1310/1320 1284/1287/1297
f 1283/1286/1296 1287/1290/1300 1308/1311/1321
f 1308/1311/1321 1306/1309/1319 1283/1286/1296
f 1309/1312/1322 1310/1313/1323 1294/1297/1307
f 1294/1297/1307 1293/1296/1306 1309/1312/1322
f 1299/1302/1312 1298/1301/1311 1311/1314/1324
f 1311/1314/1324 1312/1315/1325 1299/1302/1312
f 1303/1306/1316 1302/1305/1315 1313/1316/1326
f 1313/1316/1326 1314/1317/1327 1303/1306/1316
f 1290/1293/1303 1289/1292/1302 1315/1318/1328
f 1315/1318/1328 1316/1319/1329 1290/1293/1303
f 998/1001/1005 997/1000/1004 1317/1320/1330
f 1317/1320/1330 1318/1321/1331 998/1001/1005
f 994/997/1001 995/998/1002 1319/1322/1332
f 1319/1322/1332 1320/1323/1333 994/997/1001
f 991/994/998 994/997/1001 1320/1323/1333
f 1320/1323/1333 1321/1324/1334 991/994/998
f 987/990/994 990/993/997 1322/1325/1335
f 1322/1325/1335 1323/1326/1336 987/990/994
f 984/987/991 983/986/990 1324/1327/1337
f 1324/1327/1337 1325/1328/1338 984/987/991
f 979/982/986 981/984/988 1326/1329/1339
f 1326/1329/1339 1327/1330/1340 979/982/986
f 978/981/985 979/982/986 1327/1330/1340
f 1327/1330/1340 1328/1331/1341 978/981/985
f 975/978/982 978/981/985 1328/1331/1341
f 1328/1331/1341 1329/1332/1342 975/978/982
f 1286/1289/1299 1330/1333/1343 1331/1334/1344
f 1331/1334/1344 1332/1335/1345 1286/1289/1299
f 1286/1289/1299 1332/1335/1345 1333/1336/1346
f 1333/1336/1346 1287/1290/1300 1286/1289/1299
f 1334/1337/1347 1335/1338/1348 1336/1339/1349
f 1336/1339/1349 1337/1340/1350 1334/1337/1347
f 1338/1341/1351 1339/1342/1352 1340/1343/1353
f 1340/1343/1353 1341/1344/1354 1338/1341/1351
f 1339/1342/1352 1291/1294/1304 1342/1345/1355
f 1342/1345/1355 1340/1343/1353 1339/1342/1352
f 1343/1346/1356 1342/1345/1355 1291/1294/1304
f 1291/1294/1304 1290/1293/1303 1343/1346/1356
f 1308/1311/1321 1287/1290/1300 1333/1336/1346
f 1333/1336/1346 1344/1347/1357 1308/1311/1321
f 1290/1293/1303 1316/1319/1329 1345/1348/1358
f 1345/1348/1358 1343/1346/1356 1290/1293/1303
f 1332/1335/1345 1331/1334/1344 1346/1349/1359
f 1346/1349/1359 1295/1298/1308 1332/1335/1345
f 1337/1340/1350 1336/1339/1349 1347/1350/1360
f 1347/1350/1360 1348/1351/1361 1337/1340/1350
f 1341/1344/1354 1340/1343/1353 1349/1352/1362
f 1349/1352/1362 1350/1353/1363 1341/1344/1354
f 1340/1343/1353 1342/1345/1355 1351/1354/1364
f 1351/1354/1364 1349/1352/1362 1340/1343/1353
f 1333/1336/1346 1332/1335/1345 1295/1298/1308
f 1295/1298/1308 1294/1297/1307 1333/1336/1346
f 1342/1345/1355 1343/1346/1356 1352/1355/1365
f 1352/1355/1365 1351/1354/1364 1342/1345/1355
f 1344/1347/1357 1333/1336/1346 1294/1297/1307
f 1294/1297/1307 1310/1313/1323 1344/1347/1357
f 1343/1346/1356 1345/1348/1358 1353/1356/1366
f 1353/1356/1366 1352/1355/1365 1343/1346/1356
f 1354/1357/1367 1292/1295/1305 1295/1298/1308
f 1295/1298/1308 1346/1349/1359 1354/1357/1367
f 1350/1353/1363 1349/1352/1362 1300/1303/1313
f 1300/1303/1313 1355/1358/1368 1350/1353/1363
f 1351/1354/1364 1301/1304/1314 1300/1303/1313
f 1300/1303/1313 1349/1352/1362 1351/1354/1364
f 1351/1354/1364 1352/1355/1365 1302/1305/1315
f 1302/1305/1315 1301/1304/1314 1351/1354/1364
f 1353/1356/1366 1313/1316/1326 1302/1305/1315
f 1302/1305/1315 1352/1355/1365 1353/1356/1366
f 1356/1359/1369 1357/1360/1370 1358/1361/1371
f 1358/1361/1371 1359/1362/1372 1356/1359/1369
f 1360/1363/1373 1356/1359/1369 1359/1362/1372
f 1359/1362/1372 1361/1364/1374 1360/1363/1373
f 1362/1365/1375 1360/1363/1373 1361/1364/1374
f 1361/1364/1374 1363/1366/1376 1362/1365/1375
f 1364/1367/1377 1362/1365/1375 1363/1366/1376
f 1363/1366/1376 1365/1368/1378 1364/1367/1377
f 1366/1369/1379 1364/1367/1377 1365/1368/1378
f 1367/1370/1380 1368/1371/1381 1369/1372/1382
f 1369/1372/1382 1370/1373/1383 1367/1370/1380
f 1371/1374/1384 1366/1369/1379 1365/1368/1378
f 1365/1368/1378 1372/1375/1385 1371/1374/1384
f 1365/1368/1378 1363/1366/1376 1373/1376/1386
f 1373/1376/1386 1372/1375/1385 1365/1368/1378
f 1363/1366/1376 1361/1364/1374 1374/1377/1387
f 1374/1377/1387 1373/1376/1386 1363/1366/1376
f 1361/1364/1374 1359/1362/1372 1375/1378/1388
f 1375/1378/1388 1374/1377/1387 1361/1364/1374
f 1359/1362/1372 1358/1361/1371 1376/1379/1389
f 1376/1379/1389 1375/1378/1388 1359/1362/1372
f 1369/1372/1382 1368/1371/1381 1377/1380/1390
f 1377/1380/1390 1378/1381/1391 1369/1372/1382
f 1348/1351/1361 1347/1350/1360 1297/1300/1310
f 1297/1300/1310 1296/1299/1309 1348/1351/1361
f 1300/1303/1313 1303/1306/1316 1379/1382/1392
f 1379/1382/1392 1355/1358/1368 1300/1303/1313
f 1303/1306/1316 1314/1317/1327 1380/1383/1393
f 1380/1383/1393 1379/1382/1392 1303/1306/1316
f 1354/1357/1367 1381/1384/1394 1293/1296/1306
f 1293/1296/1306 1292/1295/1305 1354/1357/1367
f 1381/1384/1394 1382/1385/1395 1309/1312/1322
f 1309/1312/1322 1293/1296/1306 1381/1384/1394
f 1370/1373/1383 1369/1372/1382 1358/1361/1371
f 1358/1361/1371 1357/1360/1370 1370/1373/1383
f 1369/1372/1382 1378/1381/1391 1376/1379/1389
f 1376/1379/1389 1358/1361/1371 1369/1372/1382
f 1383/1386/1396 1384/1387/1397 1385/1388/1398
f 1385/1388/1398 1386/1389/1399 1383/1386/1396
f 1384/1387/1397 1387/1390/1400 1388/1391/1401
f 1388/1391/1401 1385/1388/1398 1384/1387/1397
f 1387/1390/1400 1389/1392/1402 1390/1393/1403
f 1390/1393/1403 1388/1391/1401 1387/1390/1400
f 1389/1392/1402 1391/1394/1404 1392/1395/1405
f 1392/1395/1405 1390/1393/1403 1389/1392/1402
f 1391/1394/1404 1393/1396/1406 1394/1397/1407
f 1394/1397/1407 1392/1395/1405 1391/1394/1404
f 1393/1396/1406 1395/1398/1408 1396/1399/1409
f 1396/1399/1409 1394/1397/1407 1393/1396/1406
f 1395/1398/1408 1397/1400/1410 1398/1401/1411
f 1398/1401/1411 1396/1399/1409 1395/1398/1408
f 1399/1402/1412 1400/1403/1413 1401/1404/1414
f 1401/1404/1414 1402/1405/1415 1399/1402/1412
f 1400/1403/1413 1403/1406/1416 1404/1407/1417
f 1404/1407/1417 1401/1404/1414 1400/1403/1413
f 1403/1406/1416 1405/1408/1418 1406/1409/1419
f 1406/1409/1419 1404/1407/1417 1403/1406/1416
f 1407/1410/1420 1399/1402/1412 1402/1405/1415
f 1402/1405/1415 1408/1411/1421 1407/1410/1420
f 1118/1121/1127 1247/1250/1260 1250/1253/1263
f 1250/1253/1263 1119/1122/1128 1118/1121/1127
f 1122/1125/1131 1251/1254/1264 1254/1257/1267
f 1254/1257/1267 1123/1126/1132 1122/1125/1131
f 1277/1280/1290 1123/1126/1132 1254/1257/1267
f 1254/1257/1267 1274/1277/1287 1277/1280/1290
f 1128/1131/1137 1127/1130/1136 1256/1259/1269
f 1256/1259/1269 1255/1258/1268 1128/1131/1137
f 1106/1109/1115 1241/1244/1252 1244/1247/1255
f 1244/1247/1255 1107/1110/1116 1106/1109/1115
f 1110/1113/1119 1107/1110/1116 1244/1247/1255
f 1110/1113/1119 1244/1247/1255 1245/1248/1256
f 1245/1248/1422 1409/1412/1423 1110/1113/1119
f 1118/1121/1127 1116/1119/1125 1410/1413/1424
f 1118/1121/1127 1410/1413/1424 1411/1414/1425
f 1411/1414/1425 1247/1250/1260 1118/1121/1127
f 1117/1120/1126 1113/1116/1122 1116/1119/1125
f 1116/1119/1125 1118/1121/1127 1117/1120/1126
f 1098/1101/1107 1097/1100/1106 1113/1116/1122
f 1113/1116/1122 1117/1120/1126 1098/1101/1107
f 1085/1088/1094 1084/1087/1093 1097/1100/1106
f 1097/1100/1106 1098/1101/1107 1085/1088/1094
f 1066/1069/1075 1064/1067/1073 1084/1087/1093
f 1084/1087/1093 1085/1088/1094 1066/1069/1075
f 1065/1068/1074 1061/1064/1070 1064/1067/1073
f 1064/1067/1073 1066/1069/1075 1065/1068/1074
f 1040/1043/1049 1038/1041/1047 1061/1064/1070
f 1061/1064/1070 1065/1068/1074 1040/1043/1049
f 1039/1042/1048 1035/1038/1044 1038/1041/1047
f 1038/1041/1047 1040/1043/1049 1039/1042/1048
f 1135/1138/1144 1133/1136/1142 1035/1038/1044
f 1035/1038/1044 1039/1042/1048 1135/1138/1144
f 1007/1010/1014 1006/1009/1013 1019/1022/1027
f 1019/1022/1027 1020/1023/1028 1007/1010/1014
f 988/991/995 986/989/993 1006/1009/1013
f 1006/1009/1013 1007/1010/1014 988/991/995
f 987/990/994 983/986/990 986/989/993
f 986/989/993 988/991/995 987/990/994
f 987/990/994 1323/1326/1336 1324/1327/1337
f 1324/1327/1337 983/986/990 987/990/994
f 1334/1337/1347 1337/1340/1350 1331/1334/1344
f 1331/1334/1344 1330/1333/1343 1334/1337/1347
f 1337/1340/1350 1348/1351/1361 1346/1349/1359
f 1346/1349/1359 1331/1334/1344 1337/1340/1350
f 1348/1351/1361 1296/1299/1309 1354/1357/1367
f 1354/1357/1367 1346/1349/1359 1348/1351/1361
f 1296/1299/1309 1299/1302/1312 1381/1384/1394
f 1381/1384/1394 1354/1357/1367 1296/1299/1309
f 1299/1302/1312 1312/1315/1325 1382/1385/1395
f 1382/1385/1395 1381/1384/1394 1299/1302/1312
f 1225/1228/1235 1404/1407/1417 1406/1409/1419
f 1406/1409/1419 1236/1239/1246 1225/1228/1235
f 1219/1222/1229 1401/1404/1414 1404/1407/1417
f 1404/1407/1417 1225/1228/1235 1219/1222/1229
f 1218/1221/1228 1402/1405/1415 1401/1404/1414
f 1401/1404/1414 1219/1222/1229 1218/1221/1228
f 1259/1262/1272 1408/1411/1421 1402/1405/1415
f 1402/1405/1415 1218/1221/1228 1259/1262/1272
f 1194/1197/1203 1396/1399/1409 1398/1401/1411
f 1398/1401/1411 1202/1205/1212 1194/1197/1203
f 1186/1189/1195 1394/1397/1407 1396/1399/1409
f 1396/1399/1409 1194/1197/1203 1186/1189/1195
f 1177/1180/1186 1392/1395/1405 1394/1397/1407
f 1394/1397/1407 1186/1189/1195 1177/1180/1186
f 1169/1172/1178 1390/1393/1403 1392/1395/1405
f 1392/1395/1405 1177/1180/1186 1169/1172/1178
f 1161/1164/1170 1388/1391/1401 1390/1393/1403
f 1390/1393/1403 1169/1172/1178 1161/1164/1170
f 1149/1152/1158 1385/1388/1398 1388/1391/1401
f 1388/1391/1401 1161/1164/1170 1149/1152/1158
f 1148/1151/1157 1386/1389/1399 1385/1388/1398
f 1385/1388/1398 1149/1152/1158 1148/1151/1157
f 1251/1254/1264 1250/1253/1263 1249/1252/1262
f 1249/1252/1262 1252/1255/1265 1251/1254/1264
f 1122/1125/1131 1119/1122/1128 1250/1253/1263
f 1250/1253/1263 1251/1254/1264 1122/1125/1131
f 1121/1124/1130 1120/1123/1129 1119/1122/1128
f 1119/1122/1128 1122/1125/1131 1121/1124/1130
f 1100/1103/1109 1099/1102/1108 1120/1123/1129
f 1120/1123/1129 1121/1124/1130 1100/1103/1109
f 1087/1090/1096 1086/1089/1095 1099/1102/1108
f 1099/1102/1108 1100/1103/1109 1087/1090/1096
f 1070/1073/1079 1067/1070/1076 1086/1089/1095
f 1086/1089/1095 1087/1090/1096 1070/1073/1079
f 1069/1072/1078 1068/1071/1077 1067/1070/1076
f 1067/1070/1076 1070/1073/1079 1069/1072/1078
f 1044/1047/1053 1041/1044/1050 1068/1071/1077
f 1068/1071/1077 1069/1072/1078 1044/1047/1053
f 1043/1046/1052 1042/1045/1051 1041/1044/1050
f 1041/1044/1050 1044/1047/1053 1043/1046/1052
f 1137/1140/1146 1136/1139/1145 1042/1045/1051
f 1042/1045/1051 1043/1046/1052 1137/1140/1146
f 1009/1012/1016 1008/1011/1015 1021/1024/1029
f 1021/1024/1029 1022/1025/1030 1009/1012/1016
f 992/995/999 989/992/996 1008/1011/1015
f 1008/1011/1015 1009/1012/1016 992/995/999
f 991/994/998 990/993/997 989/992/996
f 989/992/996 992/995/999 991/994/998
f 991/994/998 1321/1324/1334 1322/1325/1335
f 1322/1325/1335 990/993/997 991/994/998
f 1338/1341/1351 1341/1344/1354 1336/1339/1349
f 1336/1339/1349 1335/1338/1348 1338/1341/1351
f 1341/1344/1354 1350/1353/1363 1347/1350/1360
f 1347/1350/1360 1336/1339/1349 1341/1344/1354
f 1350/1353/1363 1355/1358/1368 1297/1300/1310
f 1297/1300/1310 1347/1350/1360 1350/1353/1363
f 1355/1358/1368 1379/1382/1392 1298/1301/1311
f 1298/1301/1311 1297/1300/1310 1355/1358/1368
f 1379/1382/1392 1380/1383/1393 1311/1314/1324
f 1311/1314/1324 1298/1301/1311 1379/1382/1392
f 1222/1225/1232 1232/1235/1242 1240/1243/1251
f 1240/1243/1251 1233/1236/1243 1222/1225/1232
f 1213/1216/1223 1229/1232/1239 1232/1235/1242
f 1232/1235/1242 1222/1225/1232 1213/1216/1223
f 1212/1215/1222 1273/1276/1286 1229/1232/1239
f 1229/1232/1239 1213/1216/1223 1212/1215/1222
f 1260/1263/1273 1211/1214/1221 1273/1276/1286
f 1273/1276/1286 1212/1215/1222 1260/1263/1273
f 1182/1185/1191 1190/1193/1199 1198/1201/1208
f 1198/1201/1208 1191/1194/1200 1182/1185/1191
f 1174/1177/1183 1181/1184/1190 1190/1193/1199
f 1190/1193/1199 1182/1185/1191 1174/1177/1183
f 1166/1169/1175 1173/1176/1182 1181/1184/1190
f 1181/1184/1190 1174/1177/1183 1166/1169/1175
f 1158/1161/1167 1165/1168/1174 1173/1176/1182
f 1173/1176/1182 1166/1169/1175 1158/1161/1167
f 1143/1146/1152 1157/1160/1166 1165/1168/1174
f 1165/1168/1174 1158/1161/1167 1143/1146/1152
f 1142/1145/1151 1154/1157/1163 1157/1160/1166
f 1157/1160/1166 1143/1146/1152 1142/1145/1151
f 1241/1244/1252 1255/1258/1268 1258/1261/1271
f 1258/1261/1271 1242/1245/1253 1241/1244/1252
f 1106/1109/1115 1128/1131/1137 1255/1258/1268
f 1255/1258/1268 1241/1244/1252 1106/1109/1115
f 1105/1108/1114 1125/1128/1134 1128/1131/1137
f 1128/1131/1137 1106/1109/1115 1105/1108/1114
f 1092/1095/1101 1104/1107/1113 1125/1128/1134
f 1125/1128/1134 1105/1108/1114 1092/1095/1101
f 1079/1082/1088 1091/1094/1100 1104/1107/1113
f 1104/1107/1113 1092/1095/1101 1079/1082/1088
f 1054/1057/1063 1078/1081/1087 1091/1094/1100
f 1091/1094/1100 1079/1082/1088 1054/1057/1063
f 1053/1056/1062 1075/1078/1084 1078/1081/1087
f 1078/1081/1087 1054/1057/1063 1053/1056/1062
f 1028/1031/1037 1052/1055/1061 1075/1078/1084
f 1075/1078/1084 1053/1056/1062 1028/1031/1037
f 1027/1030/1036 1049/1052/1058 1052/1055/1061
f 1052/1055/1061 1028/1031/1037 1027/1030/1036
f 1129/1132/1138 1140/1143/1149 1049/1052/1058
f 1049/1052/1058 1027/1030/1036 1129/1132/1138
f 1001/1004/1008 1013/1016/1020 1026/1029/1035
f 1026/1029/1035 1014/1017/1021 1001/1004/1008
f 976/979/983 1000/1003/1007 1013/1016/1020
f 1013/1016/1020 1001/1004/1008 976/979/983
f 975/978/982 997/1000/1004 1000/1003/1007
f 1000/1003/1007 976/979/983 975/978/982
f 975/978/982 1329/1332/1342 1317/1320/1330
f 1317/1320/1330 997/1000/1004 975/978/982
f 1281/1284/1294 1280/1283/1293 1289/1292/1302
f 1289/1292/1302 1288/1291/1301 1281/1284/1294
f 1280/1283/1293 1305/1308/1318 1315/1318/1328
f 1315/1318/1328 1289/1292/1302 1280/1283/1293
f 1412/1415/1426 359/362/364 1413/1416/1427
f 1413/1416/1427 1414/1417/1428 1412/1415/1426
f 370/373/375 386/389/393 1415/1418/1429
f 1415/1418/1429 1416/1419/1430 370/373/375
f 371/374/376 370/373/375 1416/1419/1430
f 1416/1419/1430 1417/1420/1431 371/374/376
f 372/375/377 371/374/376 1417/1420/1431
f 1417/1420/1431 1418/1421/1432 372/375/377
f 355/358/360 372/375/377 1418/1421/1432
f 1418/1421/1432 1419/1422/1433 355/358/360
f 354/357/359 355/358/360 1419/1422/1433
f 1419/1422/1433 1420/1423/1434 354/357/359
f 358/361/363 354/357/359 1420/1423/1434
f 1420/1423/1434 1421/1424/1435 358/361/363
f 359/362/364 358/361/363 1421/1424/1435
f 1421/1424/1435 1413/1416/1427 359/362/364
f 1414/1417/1428 1413/1416/1427 1422/1425/1436
f 1422/1425/1436 1423/1426/1437 1414/1417/1428
f 1413/1416/1427 1421/1424/1435 1424/1427/1438
f 1424/1427/1438 1422/1425/1436 1413/1416/1427
f 1421/1424/1435 1420/1423/1434 1425/1428/1439
f 1425/1428/1439 1424/1427/1438 1421/1424/1435
f 1420/1423/1434 1419/1422/1433 1426/1429/1440
f 1426/1429/1440 1425/1428/1439 1420/1423/1434
f 1419/1422/1433 1418/1421/1432 1427/1430/1441
f 1427/1430/1441 1426/1429/1440 1419/1422/1433
f 1418/1421/1432 1417/1420/1431 1428/1431/1442
f 1428/1431/1442 1427/1430/1441 1418/1421/1432
f 1417/1420/1431 1416/1419/1430 1429/1432/1443
f 1429/1432/1443 1428/1431/1442 1417/1420/1431
f 1416/1419/1430 1415/1418/1429 1430/1433/1444
f 1430/1433/1444 1429/1432/1443 1416/1419/1430
f 252/255/256 263/266/267 262/265/266
f 262/265/266 215/218/216 252/255/256
f 252/255/256 223/226/224 264/267/268
f 264/267/268 263/266/267 252/255/256
f 265/268/269 264/267/268 223/226/224
f 223/226/224 222/225/223 265/268/269
f 262/265/266 221/224/222 214/217/215
f 214/217/215 215/218/216 262/265/266
f 261/264/265 353/356/358 221/224/222
f 221/224/222 262/265/266 261/264/265
f 261/264/265 266/269/270 373/376/378
f 373/376/378 353/356/358 261/264/265
f 968/971/975 967/970/974 1431/1434/1445
f 1431/1434/1445 1432/1435/1446 968/971/975
f 969/972/976 968/971/975 1432/1435/1446
f 1432/1435/1446 1433/1436/1447 969/972/976
f 971/974/978 970/973/977 1434/1437/1448
f 1434/1437/1448 1435/1438/1449 971/974/978
f 972/975/979 971/974/978 1435/1438/1449
f 1435/1438/1449 1436/1439/1450 972/975/979
f 973/976/980 972/975/979 1436/1439/1450
f 1436/1439/1450 1437/1440/1451 973/976/980
f 974/977/981 973/976/980 1437/1440/1451
f 1437/1440/1451 1438/1441/1452 974/977/981
f 966/969/973 974/977/981 1438/1441/1452
f 1438/1441/1452 1439/1442/1453 966/969/973
f 967/970/974 966/969/973 1439/1442/1453
f 1439/1442/1453 1431/1434/1445 967/970/974
f 1440/1443/1454 1441/1444/1455 1129/1132/1138
f 1129/1132/1138 1130/1133/1139 1440/1443/1454
f 1442/1445/1456 1440/1443/1454 1130/1133/1139
f 1130/1133/1139 1131/1134/1140 1442/1445/1456
f 1443/1446/1457 1442/1445/1456 1131/1134/1140
f 1131/1134/1140 1132/1135/1141 1443/1446/1457
f 1444/1447/1458 1445/1448/1459 1134/1137/1143
f 1134/1137/1143 1133/1136/1142 1444/1447/1458
f 1446/1449/1460 1447/1450/1461 1135/1138/1144
f 1135/1138/1144 1136/1139/1145 1446/1449/1460
f 1448/1451/1462 1449/1452/1463 1137/1140/1146
f 1137/1140/1146 1138/1141/1147 1448/1451/1462
f 1450/1453/1464 1448/1451/1462 1138/1141/1147
f 1138/1141/1147 1139/1142/1148 1450/1453/1464
f 1451/1454/1465 1452/1455/1466 1141/1144/1150
f 1141/1144/1150 1140/1143/1149 1451/1454/1465
f 1453/1456/1467 1454/1457/1468 1196/1199/1469
f 1196/1199/1470 1195/1198/1471 1453/1456/1472
f 1455/1458/1473 1456/1459/1474 1198/1201/1475
f 1198/1201/1475 1197/1200/1476 1455/1458/1473
f 1457/1460/1477 1458/1461/1478 1200/1203/1479
f 1200/1203/1479 1199/1202/1480 1457/1460/1477
f 1459/1462/1481 1453/1456/1482 1195/1198/1483
f 1195/1198/1483 1203/1206/1484 1459/1462/1481
f 1460/1463/1485 1459/1462/1486 1203/1206/1487
f 1203/1206/1487 1202/1205/1488 1460/1463/1485
f 1461/1464/1489 1462/1465/1490 1398/1401/1491
f 1398/1401/1491 1397/1400/1492 1461/1464/1489
f 1463/1466/1493 1461/1464/1494 1397/1400/1494
f 1397/1400/1494 1464/1467/1495 1463/1466/1493
f 1447/1450/1461 1444/1447/1458 1133/1136/1142
f 1133/1136/1142 1135/1138/1144 1447/1450/1461
f 1462/1465/1496 1460/1463/1485 1202/1205/1488
f 1202/1205/1488 1398/1401/1497 1462/1465/1496
f 1449/1452/1463 1446/1449/1460 1136/1139/1145
f 1136/1139/1145 1137/1140/1146 1449/1452/1463
f 1465/1468/1498 1457/1460/1477 1199/1202/1480
f 1199/1202/1480 1466/1469/1499 1465/1468/1498
f 1456/1459/1500 1465/1468/1501 1466/1469/1502
f 1466/1469/1502 1198/1201/1503 1456/1459/1500
f 1441/1444/1455 1451/1454/1465 1140/1143/1149
f 1140/1143/1149 1129/1132/1138 1441/1444/1455
f 1467/1470/1504 1468/1471/1505 1015/1018/1506
f 1015/1018/1506 1014/1017/1507 1467/1470/1504
f 1468/1471/1505 1469/1472/1508 1016/1019/1509
f 1016/1019/1509 1015/1018/1506 1468/1471/1505
f 1469/1472/1510 1470/1473/1511 1017/1020/1512
f 1017/1020/1513 1016/1019/1509 1469/1472/1508
f 1471/1474/1514 1472/1475/1515 1019/1022/1516
f 1019/1022/1516 1018/1021/1517 1471/1474/1514
f 1473/1476/1518 1474/1477/1519 1021/1024/1520
f 1021/1024/1520 1020/1023/1521 1473/1476/1518
f 1475/1478/1522 1476/1479/1523 1023/1026/1524
f 1023/1026/1524 1022/1025/1525 1475/1478/1522
f 1476/1479/1526 1477/1480/1527 1024/1027/1528
f 1024/1027/1529 1023/1026/1524 1476/1479/1523
f 1478/1481/1530 1479/1482/1531 1026/1029/1532
f 1026/1029/1532 1025/1028/1533 1478/1481/1530
f 1472/1475/1515 1473/1476/1518 1020/1023/1521
f 1020/1023/1521 1019/1022/1516 1472/1475/1515
f 1474/1477/1519 1475/1478/1522 1022/1025/1525
f 1022/1025/1525 1021/1024/1520 1474/1477/1519
f 1479/1482/1531 1467/1470/1504 1014/1017/1507
f 1014/1017/1507 1026/1029/1532 1479/1482/1531
f 387/390/1534 390/393/1535 1480/1483/1536
f 1480/1483/1536 1481/1484/1537 1482/1485/1538
f 1480/1483/1536 1482/1485/1538 387/390/1534
f 400/403/1539 422/425/1540 1483/1486/1541
f 1483/1486/1541 1484/1487/1542 1485/1488/1543
f 1483/1486/1541 1485/1488/1543 400/403/1539
f 441/444/1544 451/454/1545 1486/1489/1546
f 1486/1489/1546 1487/1490/1547 1488/1491/1548
f 1486/1489/1546 1488/1491/1548 441/444/1544
f 459/462/1549 470/473/1550 1489/1492/1551
f 1489/1492/1551 1490/1493/1552 1491/1494/1553
f 1489/1492/1551 1491/1494/1553 459/462/1549
f 1492/1495/1554 1493/1496/1555 1234/1237/1556
f 1234/1237/1556 1233/1236/1557 1492/1495/1554
f 1494/1497/1558 1495/1498/1559 1237/1240/1560
f 1237/1240/1560 1236/1239/1561 1494/1497/1558
f 1495/1498/1562 1496/1499/1563 1238/1241/1564
f 1238/1241/1565 1237/1240/1560 1495/1498/1559
f 1497/1500/1566 1498/1501/1567 1240/1243/1568
f 1240/1243/1568 1239/1242/1569 1497/1500/1566
f 1499/1502/1570 1500/1503/1571 1406/1409/1572
f 1406/1409/1572 1405/1408/1573 1499/1502/1570
f 1501/1504/1574 1499/1502/1570 1405/1408/1573
f 1405/1408/1573 1502/1505/1575 1501/1504/1574
f 1500/1503/1576 1494/1497/1558 1236/1239/1561
f 1236/1239/1561 1406/1409/1577 1500/1503/1576
f 1498/1501/1567 1492/1495/1554 1233/1236/1557
f 1233/1236/1557 1240/1243/1568 1498/1501/1567
f 1503/1506/1578 389/392/1579 388/391/1580
f 388/391/1580 1504/1507/1581 1503/1506/1578
f 1480/1483/1536 390/393/1535 400/403/1539
f 1480/1483/1536 400/403/1539 1485/1488/1543
f 1485/1488/1543 1484/1487/1542 1480/1483/1536
f 1503/1506/1578 885/888/892 399/402/1582
f 399/402/1582 389/392/1579 1503/1506/1578
f 884/887/891 421/424/1583 399/402/1582
f 399/402/1582 885/888/892 884/887/891
f 1483/1486/1541 422/425/1540 441/444/1544
f 1483/1486/1541 441/444/1544 1488/1491/1548
f 1488/1491/1548 1487/1490/1547 1483/1486/1541
f 884/887/891 887/890/894 440/443/1584
f 440/443/1584 421/424/1583 884/887/891
f 1505/1508/1585 450/453/1586 440/443/1584
f 440/443/1584 887/890/894 1505/1508/1585
f 1486/1489/1546 451/454/1545 459/462/1549
f 1486/1489/1546 459/462/1549 1491/1494/1553
f 1491/1494/1553 1490/1493/1552 1486/1489/1546
f 1505/1508/1585 1506/1509/1587 458/461/1588
f 458/461/1588 450/453/1586 1505/1508/1585
f 1507/1510/1589 469/472/1590 458/461/1588
f 458/461/1588 1506/1509/1587 1507/1510/1589
f 1508/1511/1591 484/487/1592 387/390/1534
f 1508/1511/1591 387/390/1534 1482/1485/1538
f 1482/1485/1538 1481/1484/1537 1508/1511/1591
f 1509/1512/1593 1504/1507/1581 388/391/1580
f 388/391/1580 485/488/1594 1509/1512/1593
f 1510/1513/1595 161/161/159 148/148/146
f 148/148/146 147/147/145 1510/1513/1595
f 1511/1514/1596 1510/1513/1595 147/147/145
f 147/147/145 151/151/149 1511/1514/1596
f 2897/165/163 2303/1515/1597 2301/163/161
f 1512/1516/1598 1513/1517/1598 1514/1518/1598
f 1512/1516/1598 1514/1518/1598 1515/1519/1599
f 2299/1520/1600 2298/1521/1601 2896/164/162
f 2896/164/162 2301/163/161 2299/1520/1600
f 1516/1522/1602 1517/1523/1603 1518/1524/1604
f 1518/1524/1605 1519/1525/1606 1520/1522/1607
f 1518/1524/1604 1520/1522/1422 1516/1522/1602
f 1511/1514/1596 151/151/149 1521/1526/1608
f 1511/1514/1596 1521/1526/1608 1522/1527/1609
f 2308/1528/1610 2900/1529/1611 2895/1530/1612
f 270/273/274 240/243/243 233/236/236
f 233/236/236 236/239/239 270/273/274
f 1523/1531/1613 1524/1531/1614 1525/1532/1615
f 1523/1531/1616 1525/1532/1617 1526/1533/1616
f 1523/1531/1616 1526/1533/1616 1527/1534/1616
f 2895/1530/1612 2309/1535/1618 2308/1528/1610
f 2303/1515/1597 2897/165/163 2898/1536/1619
f 1528/1537/1620 1529/1538/1621 1530/1539/1622
f 1530/1539/1622 173/176/1623 1528/1537/1620
f 1531/1540/1624 1528/1537/1625 173/176/174
f 173/176/174 172/175/173 1531/1540/1624
f 1532/1541/1626 1533/1542/1627 244/247/247
f 244/247/247 243/246/246 1532/1541/1626
f 2898/1536/1619 2305/1543/1628 2303/1515/1597
f 1534/1544/1629 1535/1545/1630 1536/1546/1631
f 1534/1544/1629 1536/1546/1631 1537/1547/1632
f 2311/1548/1633 2894/1549/1634 2297/1550/1635
f 1538/1551/1636 269/272/273 257/260/261
f 257/260/261 256/259/260 1538/1551/1636
f 1539/1552/1637 1532/1541/1626 243/246/246
f 243/246/246 245/248/248 1539/1552/1637
f 1540/1553/1638 1538/1551/1636 256/259/260
f 1540/1553/1638 256/259/260 1541/1554/1638
f 2297/1550/1635 2296/1555/1639 2311/1548/1633
f 1533/1542/1640 1531/1540/1624 172/175/173
f 172/175/173 244/247/392 1533/1542/1640
f 385/388/390 1539/1552/1637 245/248/248
f 245/248/248 248/251/251 385/388/390
f 1542/1556/1641 1543/1557/1642 295/298/300
f 295/298/300 294/297/299 1542/1556/1641
f 1544/1558/1643 1542/1556/1641 294/297/299
f 294/297/299 298/301/303 1544/1558/1643
f 1545/1559/1644 1544/1558/1643 298/301/303
f 298/301/303 300/303/305 1545/1559/1644
f 1546/1560/1645 1545/1559/1644 300/303/305
f 300/303/305 302/305/307 1546/1560/1645
f 1543/1557/1642 1547/1561/1646 304/307/309
f 304/307/309 295/298/300 1543/1557/1642
f 1547/1561/1646 1548/1562/1647 361/364/366
f 361/364/366 304/307/309 1547/1561/1646
f 1548/1562/1647 1549/1563/1648 366/369/371
f 366/369/371 361/364/366 1548/1562/1647
f 1550/1564/1649 1546/1560/1645 302/305/307
f 302/305/307 373/376/378 1550/1564/1649
f 1549/1563/1648 1551/1565/1650 386/389/393
f 386/389/393 366/369/371 1549/1563/1648
f 1409/1412/1423 1552/1566/1651 1112/1115/1121
f 1112/1115/1121 1110/1113/1119 1409/1412/1423
f 1553/1567/1652 1410/1413/1424 1116/1119/1125
f 1116/1119/1125 1115/1118/1124 1553/1567/1652
f 1554/1568/1653 1502/1505/1654 1405/1408/1418
f 1405/1408/1418 1403/1406/1416 1554/1568/1653
f 1555/1569/1655 1554/1568/1653 1403/1406/1416
f 1403/1406/1416 1400/1403/1413 1555/1569/1655
f 1556/1570/1656 1555/1569/1655 1400/1403/1413
f 1400/1403/1413 1399/1402/1412 1556/1570/1656
f 1557/1571/1657 1556/1570/1656 1399/1402/1412
f 1399/1402/1412 1407/1410/1420 1557/1571/1657
f 1558/1572/1658 1464/1467/1659 1397/1400/1410
f 1397/1400/1410 1395/1398/1408 1558/1572/1658
f 1559/1573/1660 1558/1572/1658 1395/1398/1408
f 1395/1398/1408 1393/1396/1406 1559/1573/1660
f 1560/1574/1661 1559/1573/1660 1393/1396/1406
f 1393/1396/1406 1391/1394/1404 1560/1574/1661
f 1561/1575/1662 1560/1574/1661 1391/1394/1404
f 1391/1394/1404 1389/1392/1402 1561/1575/1662
f 1562/1576/1663 1561/1575/1662 1389/1392/1402
f 1389/1392/1402 1387/1390/1400 1562/1576/1663
f 1563/1577/1664 1562/1576/1663 1387/1390/1400
f 1387/1390/1400 1384/1387/1397 1563/1577/1664
f 1564/1578/1665 1563/1577/1664 1384/1387/1397
f 1384/1387/1397 1383/1386/1396 1564/1578/1665
f 1411/1414/1425 1565/1579/1666 1248/1251/1261
f 1248/1251/1261 1247/1250/1260 1411/1414/1425
f 1551/1565/1650 1566/1580/1667 1415/1418/1429
f 1415/1418/1429 386/389/393 1551/1565/1650
f 1566/1580/1667 1567/1581/1668 1430/1433/1444
f 1430/1433/1444 1415/1418/1429 1566/1580/1667
f 238/241/241 267/270/271 265/268/269
f 265/268/269 222/225/223 238/241/241
f 268/271/272 1550/1564/1649 373/376/378
f 373/376/378 266/269/270 268/271/272
f 1412/1415/1426 344/347/349 343/346/348
f 343/346/348 359/362/364 1412/1415/1426
f 1568/1582/1669 1201/1204/1670 1200/1203/1479
f 1200/1203/1479 1458/1461/1478 1568/1582/1669
f 1569/1583/1671 1235/1238/1672 1234/1237/1556
f 1234/1237/1556 1493/1496/1555 1569/1583/1671
f 1199/1202/1209 1191/1194/1200 1198/1201/1208
f 1198/1201/1208 1466/1469/1673 1199/1202/1209
f 895/898/902 899/902/906 1503/1506/1578
f 1503/1506/1578 1504/1507/1581 895/898/902
f 899/902/906 882/885/889 885/888/892
f 885/888/892 1503/1506/1578 899/902/906
f 891/894/898 893/896/900 1507/1510/1589
f 1507/1510/1589 1506/1509/1587 891/894/898
f 896/899/903 895/898/902 1504/1507/1581
f 1504/1507/1581 1509/1512/1593 896/899/903
f 886/889/893 888/891/895 1505/1508/1585
f 1505/1508/1585 887/890/894 886/889/893
f 888/891/895 891/894/898 1506/1509/1587
f 1506/1509/1587 1505/1508/1585 888/891/895
f 1570/1584/1674 1571/1585/1675 1572/1586/1676
f 1572/1586/1676 1573/1587/1677 1570/1584/1674
f 1574/1588/1678 1575/1589/1679 1572/1586/1676
f 1572/1586/1676 1571/1585/1675 1574/1588/1678
f 1576/1590/1680 1577/1591/1681 1578/1592/1682
f 1578/1592/1682 1579/1593/1683 1576/1590/1680
f 1580/1594/1684 1581/1595/1685 1582/1596/1686
f 1582/1596/1686 1583/1597/1687 1580/1594/1684
f 1570/1584/1674 1584/1598/1688 1585/1599/1689
f 2309/1535/1618 2895/1530/1612 2894/1549/1634
f 1585/1599/1689 161/161/159 1570/1584/1674
f 1572/1586/1676 1586/1600/1690 1587/1601/1691
f 1587/1601/1691 1573/1587/1677 1572/1586/1676
f 1573/1587/1677 1588/1602/1692 1589/1603/1693
f 1589/1603/1693 1570/1584/1674 1573/1587/1677
f 1575/1589/1679 1590/1604/1694 1591/1605/1695
f 1591/1605/1695 1572/1586/1676 1575/1589/1679
f 1574/1588/1678 1592/1606/1696 1593/1607/1697
f 1593/1607/1697 1575/1589/1679 1574/1588/1678
f 1594/1608/1698 1595/1609/1699 1596/1610/1700
f 1596/1610/1700 1597/1611/1701 1594/1608/1698
f 1598/1612/1702 1599/1613/1703 1600/1614/1704
f 1600/1614/1704 1601/1615/1705 1598/1612/1702
f 1602/1616/1706 1603/1617/1707 1604/1618/1708
f 1604/1618/1708 1605/1619/1709 1602/1616/1706
f 1606/1620/1710 1607/1621/1711 1608/1622/1712
f 1608/1622/1712 1609/1623/1713 1606/1620/1710
f 1610/1624/1714 1611/1625/1715 1612/1626/1716
f 1612/1626/1716 1613/1627/1717 1610/1624/1714
f 1611/1625/1715 1610/1624/1714 1614/1628/1718
f 1614/1628/1718 1615/1629/1719 1611/1625/1715
f 1616/1630/1720 1617/1631/1721 1618/1632/1722
f 1618/1632/1722 1619/1633/1723 1616/1630/1720
f 1620/1634/1724 1621/1635/1725 1622/1636/1726
f 1622/1636/1726 1623/1637/1727 1620/1634/1724
f 1624/1638/1728 1625/1639/1729 1605/1619/1709
f 1605/1619/1709 1604/1618/1708 1624/1638/1728
f 1626/1640/1730 1627/1641/1731 1628/1642/1732
f 1607/1621/1711 1606/1620/1710 1613/1627/1717
f 1613/1627/1717 1612/1626/1716 1607/1621/1711
f 1603/1617/1707 1602/1616/1706 1615/1629/1719
f 1615/1629/1719 1614/1628/1718 1603/1617/1707
f 1600/1614/1704 1629/1643/1733 1630/1644/1734
f 1630/1644/1734 1601/1615/1705 1600/1614/1704
f 1628/1642/1732 1627/1641/1731 1631/1645/1735
f 1625/1639/1729 1624/1638/1728 1609/1623/1713
f 1609/1623/1713 1608/1622/1712 1625/1639/1729
f 1603/1617/1707 1632/1646/1736 1633/1647/1737
f 1633/1647/1737 1604/1618/1708 1603/1617/1707
f 1634/1648/1738 1624/1638/1728 1604/1618/1708
f 1604/1618/1708 1633/1647/1737 1634/1648/1738
f 1624/1638/1728 1634/1648/1738 1635/1649/1739
f 1635/1649/1739 1609/1623/1713 1624/1638/1728
f 1636/1650/1740 1606/1620/1710 1609/1623/1713
f 1609/1623/1713 1635/1649/1739 1636/1650/1740
f 1606/1620/1710 1636/1650/1740 1637/1651/1741
f 1637/1651/1741 1613/1627/1717 1606/1620/1710
f 1638/1652/1742 1610/1624/1714 1613/1627/1717
f 1613/1627/1717 1637/1651/1741 1638/1652/1742
f 1610/1624/1714 1638/1652/1742 1639/1653/1743
f 1639/1653/1743 1614/1628/1718 1610/1624/1714
f 1632/1646/1736 1603/1617/1707 1614/1628/1718
f 1614/1628/1718 1639/1653/1743 1632/1646/1736
f 1633/1647/1737 1632/1646/1736 1640/1654/1744
f 1640/1654/1744 1641/1655/1745 1633/1647/1737
f 1621/1635/1725 1634/1648/1738 1633/1647/1737
f 1633/1647/1737 1641/1655/1745 1621/1635/1725
f 1634/1648/1738 1621/1635/1725 1642/1656/1746
f 1642/1656/1746 1635/1649/1739 1634/1648/1738
f 1643/1657/1747 1636/1650/1740 1635/1649/1739
f 1635/1649/1739 1642/1656/1746 1643/1657/1747
f 1636/1650/1740 1643/1657/1747 1644/1658/1748
f 1644/1658/1748 1637/1651/1741 1636/1650/1740
f 1645/1659/1749 1646/1660/1750 1647/1661/1751
f 1647/1661/1751 1648/1662/1752 1645/1659/1749
f 1649/1663/1753 1650/1664/1754 1645/1659/1749
f 1645/1659/1749 1648/1662/1752 1649/1663/1753
f 1626/1640/1730 1598/1612/1702 1601/1615/1705
f 1601/1615/1705 1627/1641/1731 1626/1640/1730
f 1630/1644/1734 1631/1645/1735 1627/1641/1731
f 1627/1641/1731 1601/1615/1705 1630/1644/1734
f 1651/1665/1755 1600/1614/1704 1599/1613/1703
f 1629/1643/1733 1600/1614/1704 1651/1665/1755
f 1640/1654/1744 1652/1666/1756 1653/1667/1757
f 1653/1667/1757 1641/1655/1745 1640/1654/1744
f 1594/1608/1758 1597/1611/1758 1654/1668/1759
f 1654/1668/1760 1655/1669/1761 1594/1608/1762
f 1656/1670/1763 1657/1671/1764 1658/1672/1765
f 1658/1672/1765 1659/1673/1766 1656/1670/1763
f 1658/1672/1765 1657/1671/1764 1650/1664/1754
f 1650/1664/1754 1649/1663/1753 1658/1672/1765
f 237/240/240 1648/1662/1752 1647/1661/1751
f 1647/1661/1751 238/241/241 237/240/240
f 239/242/242 1649/1663/1753 1648/1662/1752
f 1648/1662/1752 237/240/240 239/242/242
f 240/243/243 1658/1672/1765 1649/1663/1753
f 1649/1663/1753 239/242/242 240/243/243
f 1660/1674/1767 1661/1675/1768 1662/1676/1769
f 1662/1676/1769 1663/1677/1770 1660/1674/1767
f 1664/1678/1771 1665/1679/1772 1666/1680/1773
f 1666/1680/1773 1667/1681/1774 1664/1678/1771
f 1597/1611/1775 1668/1682/1776 1669/1683/1777
f 1669/1683/1778 1670/1684/1779 1597/1611/1780
f 1645/1659/1749 1671/1685/1781 1672/1686/1782
f 1672/1686/1782 1646/1660/1750 1645/1659/1749
f 1650/1664/1754 1673/1687/1783 1671/1685/1781
f 1671/1685/1781 1645/1659/1749 1650/1664/1754
f 1674/1688/1784 1675/1689/1785 1676/1690/1786
f 1676/1690/1786 1677/1691/1787 1674/1688/1784
f 1657/1671/1764 1656/1670/1763 1678/1692/1788
f 1678/1692/1788 1679/1693/1789 1657/1671/1764
f 1657/1671/1764 1679/1693/1789 1673/1687/1783
f 1673/1687/1783 1650/1664/1754 1657/1671/1764
f 1680/1694/1790 1681/1695/1791 1682/1696/1792
f 1682/1696/1792 1683/1697/1793 1680/1694/1790
f 1684/1698/1794 1683/1697/1793 1682/1696/1792
f 1682/1696/1792 1685/1699/1795 1684/1698/1794
f 267/270/271 1684/1698/1794 1685/1699/1795
f 1685/1699/1795 268/271/272 267/270/271
f 269/272/273 1674/1688/1784 1659/1673/1766
f 1659/1673/1766 270/273/274 269/272/273
f 1677/1691/1787 1656/1670/1763 1659/1673/1766
f 1659/1673/1766 1674/1688/1784 1677/1691/1787
f 1677/1691/1787 1676/1690/1786 1678/1692/1788
f 1678/1692/1788 1656/1670/1763 1677/1691/1787
f 1652/1666/1756 1686/1700/1796 1687/1701/1797
f 1687/1701/1797 1653/1667/1757 1652/1666/1756
f 1668/1682/1776 1617/1631/1721 1653/1667/1757
f 1653/1667/1757 1688/1702/1798 1668/1682/1776
f 1617/1631/1721 1668/1682/1776 1689/1703/1799
f 1689/1703/1799 1618/1632/1722 1617/1631/1721
f 1665/1679/1772 1661/1675/1768 1660/1674/1767
f 1660/1674/1767 1666/1680/1773 1665/1679/1772
f 1690/1704/1800 1691/1705/1801 1692/1706/1802
f 1692/1706/1802 1693/1707/1803 1690/1704/1800
f 1694/1708/1804 1695/1709/1805 1696/1710/1806
f 1696/1710/1806 1697/1711/1807 1694/1708/1804
f 1689/1703/1799 1668/1682/1776 1597/1611/1775
f 1597/1611/1775 1596/1610/1808 1689/1703/1799
f 1675/1689/1785 1698/1712/1809 1699/1713/1810
f 1699/1713/1810 1676/1690/1786 1675/1689/1785
f 1676/1690/1786 1700/1714/1811 1652/1666/1756
f 1652/1666/1756 1678/1692/1788 1676/1690/1786
f 1640/1654/1744 1679/1693/1789 1678/1692/1788
f 1678/1692/1788 1652/1666/1756 1640/1654/1744
f 1679/1693/1789 1640/1654/1744 1632/1646/1736
f 1632/1646/1736 1673/1687/1783 1679/1693/1789
f 1673/1687/1783 1632/1646/1736 1639/1653/1743
f 1639/1653/1743 1671/1685/1781 1673/1687/1783
f 1671/1685/1781 1639/1653/1743 1638/1652/1742
f 1638/1652/1742 1672/1686/1782 1671/1685/1781
f 1701/1715/1812 1607/1621/1711 1612/1626/1716
f 1612/1626/1716 1702/1716/1813 1701/1715/1812
f 1701/1715/1812 1703/1717/1814 1608/1622/1712
f 1608/1622/1712 1607/1621/1711 1701/1715/1812
f 1704/1718/1815 1625/1639/1729 1608/1622/1712
f 1608/1622/1712 1703/1717/1814 1704/1718/1815
f 1704/1718/1815 1705/1719/1816 1605/1619/1709
f 1605/1619/1709 1625/1639/1729 1704/1718/1815
f 1706/1720/1817 1602/1616/1706 1605/1619/1709
f 1605/1619/1709 1705/1719/1816 1706/1720/1817
f 1706/1720/1817 1707/1721/1818 1615/1629/1719
f 1615/1629/1719 1602/1616/1706 1706/1720/1817
f 1708/1722/1819 1611/1625/1715 1615/1629/1719
f 1615/1629/1719 1707/1721/1818 1708/1722/1819
f 1708/1722/1819 1702/1716/1813 1612/1626/1716
f 1612/1626/1716 1611/1625/1715 1708/1722/1819
f 1709/1723/1820 1710/1724/1821 1711/1725/1822
f 1711/1725/1822 1712/1726/1823 1709/1723/1820
f 1712/1726/1823 1711/1725/1822 1713/1727/1824
f 1713/1727/1824 1714/1728/1825 1712/1726/1823
f 1714/1728/1825 1713/1727/1824 1715/1729/1826
f 1715/1729/1826 1716/1730/1827 1714/1728/1825
f 1716/1730/1827 1715/1729/1826 1717/1731/1828
f 1717/1731/1828 1718/1732/1829 1716/1730/1827
f 1719/1733/1830 1720/1734/1831 1710/1724/1821
f 1710/1724/1821 1709/1723/1820 1719/1733/1830
f 1721/1735/1832 1709/1723/1820 1712/1726/1823
f 1712/1726/1823 1722/1736/1833 1721/1735/1832
f 1722/1736/1833 1712/1726/1823 1714/1728/1825
f 1714/1728/1825 1723/1737/1834 1722/1736/1833
f 1723/1737/1834 1714/1728/1825 1716/1730/1827
f 1716/1730/1827 1724/1738/1835 1723/1737/1834
f 1724/1738/1835 1716/1730/1827 1718/1732/1829
f 1718/1732/1829 1725/1739/1836 1724/1738/1835
f 1726/1740/1837 1719/1733/1830 1709/1723/1820
f 1709/1723/1820 1721/1735/1832 1726/1740/1837
f 1727/1741/1838 1721/1735/1832 1722/1736/1833
f 1722/1736/1833 1728/1742/1839 1727/1741/1838
f 1728/1742/1839 1722/1736/1833 1723/1737/1834
f 1723/1737/1834 1729/1743/1840 1728/1742/1839
f 1729/1743/1840 1723/1737/1834 1724/1738/1835
f 1724/1738/1835 1730/1744/1841 1729/1743/1840
f 1730/1744/1841 1724/1738/1835 1725/1739/1836
f 1725/1739/1836 1731/1745/1842 1730/1744/1841
f 1732/1746/1843 1726/1740/1837 1721/1735/1832
f 1721/1735/1832 1727/1741/1838 1732/1746/1843
f 1733/1747/1844 1727/1741/1838 1728/1742/1839
f 1728/1742/1839 1734/1748/1845 1733/1747/1844
f 1734/1748/1845 1728/1742/1839 1729/1743/1840
f 1729/1743/1840 1735/1749/1846 1734/1748/1845
f 1735/1749/1846 1729/1743/1840 1730/1744/1841
f 1730/1744/1841 1736/1750/1847 1735/1749/1846
f 1736/1750/1847 1730/1744/1841 1731/1745/1842
f 1731/1745/1842 1737/1751/1848 1736/1750/1847
f 1643/1657/1747 1738/1752/1849 1737/1751/1848
f 1737/1751/1848 1731/1745/1842 1643/1657/1747
f 1739/1753/1850 1732/1746/1843 1727/1741/1838
f 1727/1741/1838 1733/1747/1844 1739/1753/1850
f 1740/1754/1851 1741/1755/1852 1742/1756/1853
f 1742/1756/1853 1743/1757/1854 1740/1754/1851
f 1743/1757/1854 1742/1756/1853 1744/1758/1855
f 1744/1758/1855 1745/1759/1856 1743/1757/1854
f 1746/1760/1857 1747/1761/1858 1742/1756/1853
f 1742/1756/1853 1741/1755/1852 1746/1760/1857
f 1742/1756/1853 1747/1761/1858 1748/1762/1859
f 1748/1762/1859 1744/1758/1855 1742/1756/1853
f 1749/1763/1860 1750/1764/1861 334/337/339
f 334/337/339 337/340/342 1749/1763/1860
f 1622/1636/1726 1751/1765/1862 1752/1766/1863
f 1752/1766/1863 1623/1637/1727 1622/1636/1726
f 1753/1767/1864 1642/1656/1746 1621/1635/1725
f 1621/1635/1725 1620/1634/1724 1753/1767/1864
f 1738/1752/1849 1643/1657/1747 1642/1656/1746
f 1642/1656/1746 1753/1767/1864 1738/1752/1849
f 1754/1768/1865 1755/1769/1866 1750/1764/1861
f 1750/1764/1861 1749/1763/1860 1754/1768/1865
f 1756/1770/1867 1749/1763/1860 337/340/342
f 337/340/342 344/347/349 1756/1770/1867
f 1757/1771/1868 1758/1772/1869 1623/1637/1727
f 1623/1637/1727 1752/1766/1863 1757/1771/1868
f 1759/1773/1870 1760/1774/1871 1761/1775/1872
f 1761/1775/1872 1762/1776/1873 1759/1773/1870
f 1747/1761/1858 1746/1760/1857 1760/1774/1871
f 1760/1774/1871 1759/1773/1870 1747/1761/1858
f 1763/1777/1874 1754/1768/1865 1749/1763/1860
f 1749/1763/1860 1756/1770/1867 1763/1777/1874
f 1764/1778/1875 1620/1634/1724 1623/1637/1727
f 1623/1637/1727 1758/1772/1869 1764/1778/1875
f 1644/1658/1748 1643/1657/1747 1731/1745/1842
f 1731/1745/1842 1725/1739/1836 1644/1658/1748
f 1765/1779/1876 1644/1658/1748 1725/1739/1836
f 1725/1739/1836 1718/1732/1829 1765/1779/1876
f 1758/1772/1869 1757/1771/1868 1766/1780/1877
f 1766/1780/1877 1767/1781/1878 1758/1772/1869
f 1768/1782/1879 1759/1773/1870 1762/1776/1873
f 1762/1776/1873 1769/1783/1880 1768/1782/1879
f 1748/1762/1859 1747/1761/1858 1759/1773/1870
f 1759/1773/1870 1768/1782/1879 1748/1762/1859
f 1770/1784/1881 1763/1777/1874 1756/1770/1867
f 1756/1770/1867 1771/1785/1882 1770/1784/1881
f 1772/1786/1883 1764/1778/1875 1758/1772/1869
f 1758/1772/1869 1767/1781/1878 1772/1786/1883
f 1773/1787/1884 1720/1734/1831 1719/1733/1830
f 1719/1733/1830 1774/1788/1885 1773/1787/1884
f 1774/1788/1885 1719/1733/1830 1726/1740/1837
f 1726/1740/1837 1775/1789/1886 1774/1788/1885
f 1775/1789/1886 1726/1740/1837 1732/1746/1843
f 1732/1746/1843 1776/1790/1887 1775/1789/1886
f 1776/1790/1887 1732/1746/1843 1739/1753/1850
f 1739/1753/1850 1777/1791/1888 1776/1790/1887
f 1778/1792/1889 1773/1787/1884 1774/1788/1885
f 1774/1788/1885 1779/1793/1890 1778/1792/1889
f 1779/1793/1890 1774/1788/1885 1775/1789/1886
f 1775/1789/1886 1780/1794/1891 1779/1793/1890
f 1780/1794/1891 1775/1789/1886 1776/1790/1887
f 1776/1790/1887 1781/1795/1892 1780/1794/1891
f 1781/1795/1892 1776/1790/1887 1777/1791/1888
f 1777/1791/1888 1772/1786/1883 1781/1795/1892
f 1782/1796/1893 1779/1793/1890 1780/1794/1891
f 1780/1794/1891 1783/1797/1894 1782/1796/1893
f 1783/1797/1894 1780/1794/1891 1781/1795/1892
f 1781/1795/1892 1784/1798/1895 1783/1797/1894
f 1784/1798/1895 1781/1795/1892 1772/1786/1883
f 1772/1786/1883 1767/1781/1878 1784/1798/1895
f 1785/1799/1896 1765/1779/1876 1718/1732/1829
f 1718/1732/1829 1717/1731/1828 1785/1799/1896
f 1786/1800/1897 1735/1749/1846 1736/1750/1847
f 1736/1750/1847 1787/1801/1898 1786/1800/1897
f 1787/1801/1898 1736/1750/1847 1737/1751/1848
f 1737/1751/1848 1788/1802/1899 1787/1801/1898
f 1789/1803/1900 1733/1747/1844 1734/1748/1845
f 1734/1748/1845 1790/1804/1901 1789/1803/1900
f 1790/1804/1901 1734/1748/1845 1735/1749/1846
f 1735/1749/1846 1786/1800/1897 1790/1804/1901
f 1788/1802/1899 1737/1751/1848 1738/1752/1849
f 1738/1752/1849 1791/1805/1902 1788/1802/1899
f 1792/1806/1903 1739/1753/1850 1733/1747/1844
f 1733/1747/1844 1789/1803/1900 1792/1806/1903
f 1753/1767/1864 1620/1634/1724 1793/1807/1904
f 1620/1634/1724 1764/1778/1875 1794/1808/1905
f 1791/1805/1902 1738/1752/1849 1753/1767/1864
f 1753/1767/1864 1793/1807/1904 1791/1805/1902
f 1794/1808/1905 1764/1778/1875 1772/1786/1883
f 1772/1786/1883 1795/1809/1906 1794/1808/1905
f 1795/1809/1906 1772/1786/1883 1777/1791/1888
f 1777/1791/1888 1796/1810/1907 1795/1809/1906
f 1796/1810/1907 1777/1791/1888 1739/1753/1850
f 1739/1753/1850 1792/1806/1903 1796/1810/1907
f 1743/1757/1854 1786/1800/1897 1787/1801/1898
f 1787/1801/1898 1740/1754/1851 1743/1757/1854
f 1740/1754/1851 1787/1801/1898 1788/1802/1899
f 1788/1802/1899 1741/1755/1852 1740/1754/1851
f 1744/1758/1855 1789/1803/1900 1790/1804/1901
f 1790/1804/1901 1745/1759/1856 1744/1758/1855
f 1745/1759/1856 1790/1804/1901 1786/1800/1897
f 1786/1800/1897 1743/1757/1854 1745/1759/1856
f 1741/1755/1852 1788/1802/1899 1791/1805/1902
f 1791/1805/1902 1746/1760/1857 1741/1755/1852
f 1748/1762/1859 1792/1806/1903 1789/1803/1900
f 1789/1803/1900 1744/1758/1855 1748/1762/1859
f 1760/1774/1871 1793/1807/1904 1620/1634/1724
f 1620/1634/1724 1761/1775/1872 1760/1774/1871
f 1761/1775/1872 1620/1634/1724 1794/1808/1905
f 1794/1808/1905 1762/1776/1873 1761/1775/1872
f 1746/1760/1857 1791/1805/1902 1793/1807/1904
f 1793/1807/1904 1760/1774/1871 1746/1760/1857
f 1762/1776/1873 1794/1808/1905 1795/1809/1906
f 1795/1809/1906 1769/1783/1880 1762/1776/1873
f 1769/1783/1880 1795/1809/1906 1796/1810/1907
f 1796/1810/1907 1768/1782/1879 1769/1783/1880
f 1768/1782/1879 1796/1810/1907 1792/1806/1903
f 1792/1806/1903 1748/1762/1859 1768/1782/1879
f 1622/1636/1726 1621/1635/1725 1641/1655/1745
f 1641/1655/1745 1616/1630/1720 1622/1636/1726
f 1751/1765/1862 1622/1636/1726 1616/1630/1720
f 1616/1630/1720 1619/1633/1723 1751/1765/1862
f 1755/1769/1866 1664/1678/1771 1667/1681/1774
f 1667/1681/1774 1750/1764/1861 1755/1769/1866
f 1750/1764/1861 1667/1681/1774 385/388/390
f 385/388/390 334/337/339 1750/1764/1861
f 1617/1631/1721 1616/1630/1720 1641/1655/1745
f 1641/1655/1745 1653/1667/1757 1617/1631/1721
f 1595/1609/1699 1663/1677/1908 1662/1676/1909
f 1662/1676/1909 1596/1610/1700 1595/1609/1699
f 1661/1675/1768 1689/1703/1799 1596/1610/1808
f 1596/1610/1808 1662/1676/1769 1661/1675/1768
f 1665/1679/1772 1618/1632/1722 1689/1703/1799
f 1689/1703/1799 1661/1675/1768 1665/1679/1772
f 1664/1678/1771 1619/1633/1723 1618/1632/1722
f 1618/1632/1722 1665/1679/1772 1664/1678/1771
f 1755/1769/1866 1751/1765/1862 1619/1633/1723
f 1619/1633/1723 1664/1678/1771 1755/1769/1866
f 1755/1769/1866 1754/1768/1865 1752/1766/1863
f 1752/1766/1863 1751/1765/1862 1755/1769/1866
f 1763/1777/1874 1757/1771/1868 1752/1766/1863
f 1752/1766/1863 1754/1768/1865 1763/1777/1874
f 1763/1777/1874 1770/1784/1881 1766/1780/1877
f 1766/1780/1877 1757/1771/1868 1763/1777/1874
f 1782/1796/1893 1797/1811/1910 1778/1792/1889
f 1778/1792/1889 1779/1793/1890 1782/1796/1893
f 1798/1812/1911 1799/1813/1912 1800/1814/1913
f 1800/1814/1913 1801/1815/1914 1798/1812/1911
f 1802/1816/1915 1803/1817/1916 1804/1818/1917
f 1804/1818/1917 1805/1819/1918 1802/1816/1915
f 1806/1820/1919 1807/1821/1920 1808/1822/1921
f 1808/1822/1921 1809/1823/1922 1806/1820/1919
f 1810/1824/1923 1798/1812/1911 1801/1815/1914
f 1801/1815/1914 1811/1825/1924 1810/1824/1923
f 1812/1826/1925 1813/1827/1926 1814/1828/1927
f 1814/1828/1927 1815/1829/1928 1812/1826/1925
f 1816/1830/1929 1817/1831/1930 1818/1832/1931
f 1818/1832/1931 1819/1833/1932 1816/1830/1929
f 1820/1834/1933 1812/1826/1925 1815/1829/1928
f 1815/1829/1928 1821/1835/1934 1820/1834/1933
f 1819/1833/1932 1818/1832/1931 1822/1836/1935
f 1822/1836/1935 1823/1837/1936 1819/1833/1932
f 1824/1838/1937 1825/1839/1938 1826/1840/1939
f 1826/1840/1939 1827/1841/1940 1824/1838/1937
f 1828/1842/1941 1829/1843/1942 1830/1844/1943
f 1830/1844/1943 1831/1845/1944 1828/1842/1941
f 1832/1846/1945 1810/1824/1923 1811/1825/1924
f 1811/1825/1924 1833/1847/1946 1832/1846/1945
f 1834/1848/1947 1806/1820/1919 1809/1823/1922
f 1809/1823/1922 1835/1849/1948 1834/1848/1947
f 1836/1850/1949 1835/1849/1948 1809/1823/1922
f 1809/1823/1922 1837/1851/1950 1836/1850/1949
f 1838/1852/1951 1836/1850/1949 1837/1851/1950
f 1837/1851/1950 1828/1842/1941 1838/1852/1951
f 1838/1852/1951 1828/1842/1941 1831/1845/1944
f 1835/1849/1948 1839/1853/1952 1834/1848/1947
f 1835/1849/1948 1836/1850/1949 1840/1854/1953
f 1840/1854/1953 1839/1853/1952 1835/1849/1948
f 1836/1850/1949 1838/1852/1951 1841/1855/1954
f 1841/1855/1954 1840/1854/1953 1836/1850/1949
f 1842/1856/1955 1838/1852/1951 1843/1857/1956
f 1840/1854/1953 1844/1858/1957 1839/1853/1952
f 1840/1854/1953 1841/1855/1954 1845/1859/1958
f 1845/1859/1958 1844/1858/1957 1840/1854/1953
f 1846/1860/1959 1841/1855/1954 1847/1861/1960
f 1839/1853/1952 1848/1862/1961 1834/1848/1947
f 1849/1863/1962 1834/1848/1947 1848/1862/1961
f 1848/1862/1961 1850/1864/1963 1849/1863/1962
f 1851/1865/1964 1832/1846/1945 1833/1847/1946
f 1833/1847/1946 1852/1866/1965 1851/1865/1964
f 1839/1853/1952 1844/1858/1957 1853/1867/1966
f 1853/1867/1966 1848/1862/1961 1839/1853/1952
f 1850/1864/1963 1848/1862/1961 1853/1867/1966
f 1853/1867/1966 1854/1868/1967 1850/1864/1963
f 1844/1858/1957 1845/1859/1958 1855/1869/1968
f 1855/1869/1968 1853/1867/1966 1844/1858/1957
f 1854/1868/1967 1853/1867/1966 1855/1869/1968
f 1855/1869/1968 1856/1870/1969 1854/1868/1967
f 1857/1871/1970 1845/1859/1958 1858/1872/1971
f 1855/1869/1968 1859/1873/1972 1860/1874/1973
f 1861/1875/1974 1851/1865/1964 1852/1866/1965
f 1852/1866/1965 1862/1876/1975 1861/1875/1974
f 1863/1877/1976 1849/1863/1962 1850/1864/1963
f 1850/1864/1963 1864/1878/1977 1863/1877/1976
f 1865/1879/1978 1866/1880/1979 1867/1881/1980
f 1867/1881/1980 1868/1882/1981 1865/1879/1978
f 1869/1883/1982 1861/1875/1974 1862/1876/1975
f 1862/1876/1975 1870/1884/1983 1869/1883/1982
f 1871/1885/1984 1864/1878/1977 1850/1864/1963
f 1850/1864/1963 1854/1868/1967 1871/1885/1984
f 1868/1882/1981 1867/1881/1980 1872/1886/1985
f 1872/1886/1985 1873/1887/1986 1868/1882/1981
f 1874/1888/1987 1871/1885/1984 1854/1868/1967
f 1854/1868/1967 1856/1870/1969 1874/1888/1987
f 1873/1887/1986 1872/1886/1985 1875/1889/1988
f 1875/1889/1988 1876/1890/1989 1873/1887/1986
f 1877/1891/1990 1874/1888/1987 1856/1870/1969
f 1856/1870/1969 1860/1874/1973 1877/1891/1990
f 1876/1890/1989 1875/1889/1988 1878/1892/1991
f 1878/1892/1991 1879/1893/1992 1876/1890/1989
f 1880/1894/1993 1869/1883/1982 1870/1884/1983
f 1870/1884/1994 1881/1895/1995 1880/1894/1996
f 1882/1896/1997 1865/1879/1978 1868/1882/1981
f 1868/1882/1981 1883/1897/1998 1882/1896/1997
f 1884/1898/1999 1883/1897/1998 1868/1882/1981
f 1868/1882/1981 1873/1887/1986 1884/1898/1999
f 1885/1899/2000 1884/1898/1999 1873/1887/1986
f 1873/1887/1986 1876/1890/1989 1885/1899/2000
f 1885/1899/2000 1876/1890/1989 1879/1893/1992
f 1884/1898/1999 1886/1900/2001 1883/1897/1998
f 1884/1898/1999 1885/1899/2000 1887/1901/2002
f 1887/1901/2002 1886/1900/2001 1884/1898/1999
f 1888/1902/2003 1885/1899/2000 1889/1903/2004
f 1883/1897/1998 1890/1904/2005 1882/1896/1997
f 1883/1897/1998 1886/1900/2001 1891/1905/2006
f 1891/1905/2006 1890/1904/2005 1883/1897/1998
f 1886/1900/2001 1887/1901/2002 1892/1906/2007
f 1892/1906/2007 1891/1905/2006 1886/1900/2001
f 1893/1907/2008 1887/1901/2002 1894/1908/2009
f 1803/1817/1916 1882/1896/1997 1890/1904/2005
f 1890/1904/2005 1804/1818/1917 1803/1817/1916
f 1799/1813/2010 1895/1909/2011 1896/1910/2012
f 1896/1910/2013 1800/1814/1913 1799/1813/1912
f 1891/1905/2006 1897/1911/2014 1890/1904/2005
f 1804/1818/1917 1890/1904/2005 1897/1911/2014
f 1897/1911/2014 1898/1912/2015 1804/1818/1917
f 1891/1905/2006 1892/1906/2007 1899/1913/2016
f 1899/1913/2016 1897/1911/2014 1891/1905/2006
f 1898/1912/2015 1897/1911/2014 1899/1913/2016
f 1899/1913/2016 1826/1840/1939 1898/1912/2015
f 1900/1914/2017 1892/1906/2007 1901/1915/2018
f 1899/1913/2016 1902/1916/2019 1827/1841/1940
f 1903/1917/2020 1904/1918/2021 1905/1919/2022
f 1905/1919/2022 1906/1920/2023 1903/1917/2020
f 1906/1920/2023 1905/1919/2022 1907/1921/2024
f 1907/1921/2024 1908/1922/2025 1906/1920/2023
f 1909/1923/2026 1910/1924/2027 1911/1925/2028
f 1911/1925/2028 1912/1926/2029 1909/1923/2026
f 1913/1927/2030 1914/1928/2031 1910/1924/2027
f 1910/1924/2027 1909/1923/2026 1913/1927/2030
f 1915/1929/2032 1916/1930/2033 1917/1931/2034
f 1917/1931/2034 1918/1932/2035 1915/1929/2032
f 1918/1932/2035 1917/1931/2034 1919/1933/2036
f 1919/1933/2036 1920/1934/2037 1918/1932/2035
f 1921/1935/2038 1922/1936/2039 1923/1937/2040
f 1923/1937/2040 1924/1938/2041 1921/1935/2038
f 1925/1939/2042 1926/1940/2043 1922/1936/2039
f 1922/1936/2039 1921/1935/2038 1925/1939/2042
f 1927/1941/2044 1928/1942/2045 1929/1943/2046
f 1929/1943/2046 1930/1944/2047 1927/1941/2044
f 1930/1944/2047 1929/1943/2046 1931/1945/2048
f 1931/1945/2048 1932/1946/2049 1930/1944/2047
f 1933/1947/2050 1934/1948/2051 1935/1949/2052
f 1935/1949/2052 1936/1950/2053 1933/1947/2050
f 1937/1951/2054 1938/1952/2055 1934/1948/2051
f 1934/1948/2051 1933/1947/2050 1937/1951/2054
f 1939/1953/2056 1940/1954/2057 1941/1955/2058
f 1941/1955/2058 1942/1956/2059 1939/1953/2056
f 1942/1956/2059 1941/1955/2058 1943/1957/2060
f 1943/1957/2060 1944/1958/2061 1942/1956/2059
f 1945/1959/2062 1946/1960/2063 1947/1961/2064
f 1947/1961/2064 1948/1962/2065 1945/1959/2062
f 1949/1963/2066 1950/1964/2067 1946/1960/2063
f 1946/1960/2063 1945/1959/2062 1949/1963/2066
f 1951/1965/2068 1888/1902/2003 1889/1903/2004
f 1889/1903/2004 1952/1966/2069 1951/1965/2068
f 1952/1966/2069 1889/1903/2004 1879/1893/1992
f 1879/1893/1992 1953/1967/2070 1952/1966/2069
f 1954/1968/2071 1955/1969/2072 1956/1970/2073
f 1956/1970/2073 1957/1971/2074 1954/1968/2071
f 1958/1972/2075 1959/1973/2076 1955/1969/2072
f 1955/1969/2072 1954/1968/2071 1958/1972/2075
f 1953/1967/2070 1879/1893/1992 1878/1892/1991
f 1878/1892/1991 1960/1974/2077 1953/1967/2070
f 1961/1975/2078 1877/1891/1990 1860/1874/1973
f 1860/1874/1973 1962/1976/2079 1961/1975/2078
f 1963/1977/2080 1964/1978/2081 1965/1979/2082
f 1965/1979/2082 1966/1980/2083 1963/1977/2080
f 1967/1981/2084 1957/1971/2074 1956/1970/2073
f 1956/1970/2073 1968/1982/2085 1967/1981/2084
f 1962/1976/2079 1860/1874/1973 1859/1873/1972
f 1859/1873/1972 1969/1983/2086 1962/1976/2079
f 1969/1983/2086 1859/1873/1972 1857/1871/1970
f 1857/1871/1970 1970/1984/2087 1969/1983/2086
f 1971/1985/2088 1972/1986/2089 1973/1987/2090
f 1973/1987/2090 1974/1988/2091 1971/1985/2088
f 1971/1985/2088 1966/1980/2083 1965/1979/2082
f 1965/1979/2082 1972/1986/2089 1971/1985/2088
f 1970/1984/2087 1857/1871/1970 1975/1989/2092
f 1975/1989/2092 1976/1990/2093 1970/1984/2087
f 1977/1991/2094 1978/1992/2095 1888/1902/2003
f 1888/1902/2003 1951/1965/2068 1977/1991/2094
f 1979/1993/2096 1980/1994/2097 1959/1973/2076
f 1959/1973/2076 1958/1972/2075 1979/1993/2096
f 1981/1995/2098 1974/1988/2091 1973/1987/2090
f 1973/1987/2090 1982/1996/2099 1981/1995/2098
f 1983/1997/2100 1893/1907/2008 1894/1908/2009
f 1894/1908/2009 1984/1998/2101 1983/1997/2100
f 1984/1998/2101 1894/1908/2009 1888/1902/2003
f 1888/1902/2003 1985/1999/2102 1984/1998/2101
f 1986/2000/2103 1987/2001/2104 1988/2002/2105
f 1988/2002/2105 1989/2003/2106 1986/2000/2103
f 1990/2004/2107 1991/2005/2108 1987/2001/2104
f 1987/2001/2104 1986/2000/2103 1990/2004/2107
f 1985/1999/2102 1888/1902/2003 1978/1992/2095
f 1978/1992/2095 1992/2006/2109 1985/1999/2102
f 1993/2007/2110 1975/1989/2092 1857/1871/1970
f 1857/1871/1970 1994/2008/2111 1993/2007/2110
f 1994/2008/2111 1857/1871/1970 1858/1872/1971
f 1858/1872/1971 1995/2009/2112 1994/2008/2111
f 1995/2009/2112 1858/1872/1971 1846/1860/1959
f 1846/1860/1959 1996/2010/2113 1995/2009/2112
f 1997/2011/2114 1998/2012/2115 1999/2013/2116
f 1999/2013/2116 2000/2014/2117 1997/2011/2114
f 1997/2011/2114 2001/2015/2118 2002/2016/2119
f 2002/2016/2119 1998/2012/2115 1997/2011/2114
f 1996/2010/2113 1846/1860/1959 2003/2017/2120
f 2003/2017/2120 2004/2018/2121 1996/2010/2113
f 2005/2019/2122 2006/2020/2123 1893/1907/2008
f 1893/1907/2008 1983/1997/2100 2005/2019/2122
f 2007/2021/2124 2008/2022/2125 1991/2005/2108
f 1991/2005/2108 1990/2004/2107 2007/2021/2124
f 2009/2023/2126 2000/2014/2117 1999/2013/2116
f 1999/2013/2116 2010/2024/2127 2009/2023/2126
f 2011/2025/2128 1900/1914/2017 1901/1915/2018
f 1901/1915/2018 2012/2026/2129 2011/2025/2128
f 2012/2026/2129 1901/1915/2018 1893/1907/2008
f 1893/1907/2008 2013/2027/2130 2012/2026/2129
f 2014/2028/2131 2015/2029/2132 2016/2030/2133
f 2016/2030/2133 2017/2031/2134 2014/2028/2131
f 2018/2032/2135 2019/2033/2136 2015/2029/2132
f 2015/2029/2132 2014/2028/2131 2018/2032/2135
f 2013/2027/2130 1893/1907/2008 2006/2020/2123
f 2006/2020/2123 2020/2034/2137 2013/2027/2130
f 2021/2035/2138 2003/2017/2120 1846/1860/1959
f 1846/1860/1959 2022/2036/2139 2021/2035/2138
f 2022/2036/2139 1846/1860/1959 1847/1861/1960
f 1847/1861/1960 2023/2037/2140 2022/2036/2139
f 2023/2037/2140 1847/1861/1960 1842/1856/1955
f 1842/1856/1955 2024/2038/2141 2023/2037/2140
f 2025/2039/2142 2026/2040/2143 2027/2041/2144
f 2027/2041/2144 2028/2042/2145 2025/2039/2142
f 2025/2039/2142 2029/2043/2146 2030/2044/2147
f 2030/2044/2147 2026/2040/2143 2025/2039/2142
f 2024/2038/2141 1842/1856/1955 2031/2045/2148
f 2031/2045/2148 2032/2046/2149 2024/2038/2141
f 2033/2047/2150 2034/2048/2151 1900/1914/2017
f 1900/1914/2017 2011/2025/2128 2033/2047/2150
f 2035/2049/2152 2036/2050/2153 2019/2033/2136
f 2019/2033/2136 2018/2032/2135 2035/2049/2152
f 2037/2051/2154 2028/2042/2145 2027/2041/2144
f 2027/2041/2144 2038/2052/2155 2037/2051/2154
f 2039/2053/2156 1827/1841/1940 1902/1916/2019
f 1902/1916/2019 2040/2054/2157 2039/2053/2156
f 2040/2054/2157 1902/1916/2019 1900/1914/2017
f 1900/1914/2017 2041/2055/2158 2040/2054/2157
f 2042/2056/2159 2043/2057/2160 2044/2058/2161
f 2044/2058/2161 2045/2059/2162 2042/2056/2159
f 2046/2060/2163 2047/2061/2164 2043/2057/2160
f 2043/2057/2160 2042/2056/2159 2046/2060/2163
f 2041/2055/2158 1900/1914/2017 2034/2048/2151
f 2034/2048/2151 2048/2062/2165 2041/2055/2158
f 2049/2063/2166 2031/2045/2148 1842/1856/1955
f 1842/1856/1955 2050/2064/2167 2049/2063/2166
f 2050/2064/2167 1842/1856/1955 1843/1857/1956
f 1843/1857/1956 2051/2065/2168 2050/2064/2167
f 2051/2065/2168 1843/1857/1956 1831/1845/1944
f 1831/1845/1944 2052/2066/2169 2051/2065/2168
f 2053/2067/2170 2054/2068/2171 2055/2069/2172
f 2055/2069/2172 2056/2070/2173 2053/2067/2170
f 2053/2067/2170 2057/2071/2174 2058/2072/2175
f 2058/2072/2175 2054/2068/2171 2053/2067/2170
f 2052/2066/2169 1831/1845/1944 1830/1844/1943
f 1830/1844/1943 2059/2073/2176 2052/2066/2169
f 2060/2074/2177 1824/1838/1937 1827/1841/1940
f 1827/1841/1940 2039/2053/2156 2060/2074/2177
f 2061/2075/2178 2062/2076/2179 2047/2061/2164
f 2047/2061/2164 2046/2060/2163 2061/2075/2178
f 2063/2077/2180 2056/2070/2173 2055/2069/2172
f 2055/2069/2172 2064/2078/2181 2063/2077/2180
f 2065/2079/2182 1989/2003/2106 1988/2002/2105
f 1988/2002/2105 2066/2080/2183 2065/2079/2182
f 2067/2081/2184 2068/2082/2185 2002/2016/2119
f 2002/2016/2119 2001/2015/2118 2067/2081/2184
f 2069/2083/2186 2017/2031/2134 2016/2030/2133
f 2016/2030/2133 2070/2084/2187 2069/2083/2186
f 2071/2085/2188 2072/2086/2189 2030/2044/2147
f 2030/2044/2147 2029/2043/2146 2071/2085/2188
f 2073/2087/2190 2045/2059/2162 2044/2058/2161
f 2044/2058/2161 2074/2088/2191 2073/2087/2190
f 2075/2089/2192 2076/2090/2193 2058/2072/2175
f 2058/2072/2175 2057/2071/2174 2075/2089/2192
f 2077/2091/2194 2078/2092/2195 2079/2093/2196
f 2079/2093/2196 2080/2094/2197 2077/2091/2194
f 2080/2094/2197 2079/2093/2196 2081/2095/2198
f 2081/2095/2198 2082/2096/2199 2080/2094/2197
f 2083/2097/2200 2084/2098/2201 2082/2096/2199
f 2082/2096/2199 2081/2095/2198 2083/2097/2200
f 2085/2099/2202 2086/2100/2203 2087/2101/2204
f 2087/2101/2204 2088/2102/2205 2085/2099/2202
f 2089/2103/2206 2090/2104/2207 2088/2102/2205
f 2088/2102/2205 2087/2101/2204 2089/2103/2206
f 2090/2104/2207 2089/2103/2206 2091/2105/2208
f 2091/2105/2208 2092/2106/2209 2090/2104/2207
f 2093/2107/2210 2094/2108/2211 2092/2106/2209
f 2092/2106/2209 2091/2105/2208 2093/2107/2210
f 2095/2109/2212 2096/2110/2213 2078/2092/2195
f 2078/2092/2195 2077/2091/2194 2095/2109/2212
f 2097/2111/2214 2098/2112/2215 2099/2113/2216
f 2099/2113/2216 2100/2114/2217 2097/2111/2214
f 2100/2114/2217 2099/2113/2216 2101/2115/2218
f 2101/2115/2218 2102/2116/2219 2100/2114/2217
f 2103/2117/2220 2104/2118/2221 2102/2116/2219
f 2102/2116/2219 2101/2115/2218 2103/2117/2220
f 2105/2119/2222 2106/2120/2223 2107/2121/2224
f 2107/2121/2224 2108/2122/2225 2105/2119/2222
f 2109/2123/2226 2110/2124/2227 2108/2122/2225
f 2108/2122/2225 2107/2121/2224 2109/2123/2226
f 2110/2124/2227 2109/2123/2226 2111/2125/2228
f 2111/2125/2228 2112/2126/2229 2110/2124/2227
f 2113/2127/2230 2114/2128/2231 2112/2126/2229
f 2112/2126/2229 2111/2125/2228 2113/2127/2230
f 2115/2129/2232 2116/2130/2233 2098/2112/2215
f 2098/2112/2215 2097/2111/2214 2115/2129/2232
f 2117/2131/2234 2118/2132/2235 2119/2133/2236
f 2119/2133/2236 2120/2134/2237 2117/2131/2234
f 2120/2134/2237 2119/2133/2236 2121/2135/2238
f 2121/2135/2238 2122/2136/2239 2120/2134/2237
f 2123/2137/2240 2124/2138/2241 2122/2136/2239
f 2122/2136/2239 2121/2135/2238 2123/2137/2240
f 2125/2139/2242 2126/2140/2243 2127/2141/2244
f 2127/2141/2244 2128/2142/2245 2125/2139/2242
f 2129/2143/2246 2130/2144/2247 2128/2142/2245
f 2128/2142/2245 2127/2141/2244 2129/2143/2246
f 2130/2144/2247 2129/2143/2246 2131/2145/2248
f 2131/2145/2248 2132/2146/2249 2130/2144/2247
f 2133/2147/2250 2134/2148/2251 2132/2146/2249
f 2132/2146/2249 2131/2145/2248 2133/2147/2250
f 2135/2149/2252 2136/2150/2253 2118/2132/2235
f 2118/2132/2235 2117/2131/2234 2135/2149/2252
f 2137/2151/2254 2138/2152/2255 2139/2153/2256
f 2139/2153/2256 2140/2154/2257 2137/2151/2254
f 2140/2154/2257 2139/2153/2256 2141/2155/2258
f 2141/2155/2258 2142/2156/2259 2140/2154/2257
f 2143/2157/2260 2144/2158/2261 2142/2156/2259
f 2142/2156/2259 2141/2155/2258 2143/2157/2260
f 2145/2159/2262 2146/2160/2263 2147/2161/2264
f 2147/2161/2264 2148/2162/2265 2145/2159/2262
f 2149/2163/2266 2150/2164/2267 2148/2162/2265
f 2148/2162/2265 2147/2161/2264 2149/2163/2266
f 2150/2164/2267 2149/2163/2266 2151/2165/2268
f 2151/2165/2268 2152/2166/2269 2150/2164/2267
f 2153/2167/2270 2154/2168/2271 2152/2166/2269
f 2152/2166/2269 2151/2165/2268 2153/2167/2270
f 2155/2169/2272 2156/2170/2273 2138/2152/2255
f 2138/2152/2255 2137/2151/2254 2155/2169/2272
f 2157/2171/2274 2158/2172/2275 2159/2173/2276
f 2159/2173/2276 2160/2174/2277 2157/2171/2274
f 2160/2174/2277 2159/2173/2276 2161/2175/2278
f 2161/2175/2278 2162/2176/2279 2160/2174/2277
f 1905/1919/2022 2160/2174/2277 2162/2176/2279
f 2162/2176/2279 1907/1921/2024 1905/1919/2022
f 1904/1918/2021 2157/2171/2274 2160/2174/2277
f 2160/2174/2277 1905/1919/2022 1904/1918/2021
f 2162/2176/2279 2161/2175/2278 2163/2177/2280
f 2163/2177/2280 2164/2178/2281 2162/2176/2279
f 2165/2179/2282 2166/2180/2283 2167/2181/2284
f 2167/2181/2284 2168/2182/2285 2165/2179/2282
f 1911/1925/2028 2165/2179/2282 2168/2182/2285
f 2168/2182/2285 1912/1926/2029 1911/1925/2028
f 1907/1921/2024 2162/2176/2279 2164/2178/2281
f 2164/2178/2281 1908/1922/2025 1907/1921/2024
f 2168/2182/2285 2167/2181/2284 2169/2183/2286
f 2169/2183/2286 2170/2184/2287 2168/2182/2285
f 2170/2184/2287 2169/2183/2286 2171/2185/2288
f 2171/2185/2288 2172/2186/2289 2170/2184/2287
f 1909/1923/2026 2170/2184/2287 2172/2186/2289
f 2172/2186/2289 1913/1927/2030 1909/1923/2026
f 1912/1926/2029 2168/2182/2285 2170/2184/2287
f 2170/2184/2287 1909/1923/2026 1912/1926/2029
f 2172/2186/2289 2171/2185/2288 2173/2187/2290
f 2173/2187/2290 2174/2188/2291 2172/2186/2289
f 2175/2189/2292 2176/2190/2293 2158/2172/2275
f 2158/2172/2275 2157/2171/2274 2175/2189/2292
f 1903/1917/2020 2175/2189/2292 2157/2171/2274
f 2157/2171/2274 1904/1918/2021 1903/1917/2020
f 1913/1927/2030 2172/2186/2289 2174/2188/2291
f 2174/2188/2291 1914/1928/2031 1913/1927/2030
f 2177/2191/2294 2178/2192/2295 2179/2193/2296
f 2179/2193/2296 2180/2194/2297 2177/2191/2294
f 2180/2194/2297 2179/2193/2296 2181/2195/2298
f 2181/2195/2298 2182/2196/2299 2180/2194/2297
f 1917/1931/2034 2180/2194/2297 2182/2196/2299
f 2182/2196/2299 1919/1933/2036 1917/1931/2034
f 1916/1930/2033 2177/2191/2294 2180/2194/2297
f 2180/2194/2297 1917/1931/2034 1916/1930/2033
f 2182/2196/2299 2181/2195/2298 2183/2197/2300
f 2183/2197/2300 2184/2198/2301 2182/2196/2299
f 2185/2199/2302 2186/2200/2303 2187/2201/2304
f 2187/2201/2304 2188/2202/2305 2185/2199/2302
f 1923/1937/2040 2185/2199/2302 2188/2202/2305
f 2188/2202/2305 1924/1938/2041 1923/1937/2040
f 1919/1933/2036 2182/2196/2299 2184/2198/2301
f 2184/2198/2301 1920/1934/2037 1919/1933/2036
f 2188/2202/2305 2187/2201/2304 2189/2203/2306
f 2189/2203/2306 2190/2204/2307 2188/2202/2305
f 2190/2204/2307 2189/2203/2306 2191/2205/2308
f 2191/2205/2308 2192/2206/2309 2190/2204/2307
f 1921/1935/2038 2190/2204/2307 2192/2206/2309
f 2192/2206/2309 1925/1939/2042 1921/1935/2038
f 1924/1938/2041 2188/2202/2305 2190/2204/2307
f 2190/2204/2307 1921/1935/2038 1924/1938/2041
f 2192/2206/2309 2191/2205/2308 2193/2207/2310
f 2193/2207/2310 2194/2208/2311 2192/2206/2309
f 2195/2209/2312 2196/2210/2313 2178/2192/2295
f 2178/2192/2295 2177/2191/2294 2195/2209/2312
f 1915/1929/2032 2195/2209/2312 2177/2191/2294
f 2177/2191/2294 1916/1930/2033 1915/1929/2032
f 1925/1939/2042 2192/2206/2309 2194/2208/2311
f 2194/2208/2311 1926/1940/2043 1925/1939/2042
f 2197/2211/2314 2198/2212/2315 2199/2213/2316
f 2199/2213/2316 2200/2214/2317 2197/2211/2314
f 2200/2214/2317 2199/2213/2316 2201/2215/2318
f 2201/2215/2318 2202/2216/2319 2200/2214/2317
f 1929/1943/2046 2200/2214/2317 2202/2216/2319
f 2202/2216/2319 1931/1945/2048 1929/1943/2046
f 1928/1942/2045 2197/2211/2314 2200/2214/2317
f 2200/2214/2317 1929/1943/2046 1928/1942/2045
f 2202/2216/2319 2201/2215/2318 2203/2217/2320
f 2203/2217/2320 2204/2218/2321 2202/2216/2319
f 2205/2219/2322 2206/2220/2323 2207/2221/2324
f 2207/2221/2324 2208/2222/2325 2205/2219/2322
f 1935/1949/2052 2205/2219/2322 2208/2222/2325
f 2208/2222/2325 1936/1950/2053 1935/1949/2052
f 1931/1945/2048 2202/2216/2319 2204/2218/2321
f 2204/2218/2321 1932/1946/2049 1931/1945/2048
f 2208/2222/2325 2207/2221/2324 2209/2223/2326
f 2209/2223/2326 2210/2224/2327 2208/2222/2325
f 2210/2224/2327 2209/2223/2326 2211/2225/2328
f 2211/2225/2328 2212/2226/2329 2210/2224/2327
f 1933/1947/2050 2210/2224/2327 2212/2226/2329
f 2212/2226/2329 1937/1951/2054 1933/1947/2050
f 1936/1950/2053 2208/2222/2325 2210/2224/2327
f 2210/2224/2327 1933/1947/2050 1936/1950/2053
f 2212/2226/2329 2211/2225/2328 2213/2227/2330
f 2213/2227/2330 2214/2228/2331 2212/2226/2329
f 2215/2229/2332 2216/2230/2333 2198/2212/2315
f 2198/2212/2315 2197/2211/2314 2215/2229/2332
f 1927/1941/2044 2215/2229/2332 2197/2211/2314
f 2197/2211/2314 1928/1942/2045 1927/1941/2044
f 1937/1951/2054 2212/2226/2329 2214/2228/2331
f 2214/2228/2331 1938/1952/2055 1937/1951/2054
f 2217/2231/2334 2218/2232/2335 2219/2233/2336
f 2219/2233/2336 2220/2234/2337 2217/2231/2334
f 2220/2234/2337 2219/2233/2336 2221/2235/2338
f 2221/2235/2338 2222/2236/2339 2220/2234/2337
f 1941/1955/2058 2220/2234/2337 2222/2236/2339
f 2222/2236/2339 1943/1957/2060 1941/1955/2058
f 1940/1954/2057 2217/2231/2334 2220/2234/2337
f 2220/2234/2337 1941/1955/2058 1940/1954/2057
f 2222/2236/2339 2221/2235/2338 2223/2237/2340
f 2223/2237/2340 2224/2238/2341 2222/2236/2339
f 2225/2239/2342 2226/2240/2343 2227/2241/2344
f 2227/2241/2344 2228/2242/2345 2225/2239/2342
f 1947/1961/2064 2225/2239/2342 2228/2242/2345
f 2228/2242/2345 1948/1962/2065 1947/1961/2064
f 1943/1957/2060 2222/2236/2339 2224/2238/2341
f 2224/2238/2341 1944/1958/2061 1943/1957/2060
f 2228/2242/2345 2227/2241/2344 2229/2243/2346
f 2229/2243/2346 2230/2244/2347 2228/2242/2345
f 2230/2244/2347 2229/2243/2346 2231/2245/2348
f 2231/2245/2348 2232/2246/2349 2230/2244/2347
f 1945/1959/2062 2230/2244/2347 2232/2246/2349
f 2232/2246/2349 1949/1963/2066 1945/1959/2062
f 1948/1962/2065 2228/2242/2345 2230/2244/2347
f 2230/2244/2347 1945/1959/2062 1948/1962/2065
f 2232/2246/2349 2231/2245/2348 2233/2247/2350
f 2233/2247/2350 2234/2248/2351 2232/2246/2349
f 2235/2249/2352 2236/2250/2353 2218/2232/2335
f 2218/2232/2335 2217/2231/2334 2235/2249/2352
f 1939/1953/2056 2235/2249/2352 2217/2231/2334
f 2217/2231/2334 1940/1954/2057 1939/1953/2056
f 1949/1963/2066 2232/2246/2349 2234/2248/2351
f 2234/2248/2351 1950/1964/2067 1949/1963/2066
f 2237/2251/2354 2238/2252/2355 1804/1818/1917
f 1804/1818/1917 1898/1912/2015 2237/2251/2354
f 2239/2253/2356 2240/2254/2357 1837/1851/1950
f 1837/1851/1950 1809/1823/1922 2239/2253/2356
f 2241/2255/2358 2240/2254/2357 2239/2253/2356
f 2239/2253/2356 2242/2256/2359 2241/2255/2358
f 2239/2253/2356 1809/1823/1922 1808/1822/1921
f 1808/1822/1921 2243/2257/2360 2239/2253/2356
f 2244/2258/2361 1805/1819/1918 1804/1818/1917
f 1804/1818/1917 2238/2252/2355 2244/2258/2361
f 2245/2259/2362 2246/2260/2363 2238/2252/2355
f 2238/2252/2355 2247/2261/2364 2245/2259/2362
f 2242/2256/2359 2239/2253/2356 2243/2257/2360
f 2243/2257/2360 2248/2262/2365 2242/2256/2359
f 2249/2263/2366 2237/2251/2354 1898/1912/2015
f 1898/1912/2015 1826/1840/1939 2249/2263/2366
f 2249/2263/2366 1826/1840/1939 1825/1839/1938
f 1825/1839/1938 2250/2264/2367 2249/2263/2366
f 2251/2265/2368 1829/1843/1942 1828/1842/1941
f 1828/1842/1941 2252/2266/2369 2251/2265/2368
f 2240/2254/2357 2252/2266/2369 1828/1842/1941
f 1828/1842/1941 1837/1851/1950 2240/2254/2357
f 2253/2267/2370 2252/2266/2369 2240/2254/2357
f 2240/2254/2357 2241/2255/2358 2253/2267/2370
f 2238/2252/2355 2237/2251/2354 2254/2268/2371
f 2254/2268/2371 2247/2261/2364 2238/2252/2355
f 2255/2269/2372 2256/2270/2373 2257/2271/2374
f 2257/2271/2374 2258/2272/2375 2255/2269/2372
f 2259/2273/2376 2260/2274/2377 2261/2275/2378
f 2261/2275/2378 2262/2276/2379 2259/2273/2376
f 2263/2277/2380 2264/2278/2381 2256/2270/2373
f 2256/2270/2373 2255/2269/2372 2263/2277/2380
f 2262/2276/2379 2261/2275/2378 2265/2279/2382
f 2265/2279/2382 2266/2280/2383 2262/2276/2379
f 2237/2251/2354 2249/2263/2366 2267/2281/2384
f 2267/2281/2384 2254/2268/2371 2237/2251/2354
f 2257/2271/2374 2268/2282/2385 2258/2272/2375
f 2249/2263/2366 2250/2264/2367 2269/2283/2386
f 2269/2283/2386 2267/2281/2384 2249/2263/2366
f 2251/2265/2368 2252/2266/2369 2253/2267/2370
f 2253/2267/2370 2270/2284/2387 2251/2265/2368
f 2271/2285/2388 2260/2274/2377 2259/2273/2376
f 2272/2286/2389 2273/2287/2390 2274/2288/2391
f 2274/2288/2391 2275/2289/2392 2272/2286/2389
f 1814/1828/1927 2273/2287/2390 2272/2286/2389
f 2272/2286/2389 1815/1829/1928 1814/1828/1927
f 2276/2290/2393 2277/2291/2394 2278/2292/2395
f 2278/2292/2395 2279/2293/2396 2276/2290/2393
f 1819/1833/1932 2277/2291/2394 2276/2290/2393
f 2276/2290/2393 1816/1830/1929 1819/1833/1932
f 2276/2290/2393 2279/2293/2396 2280/2294/2397
f 2280/2294/2397 2281/2295/2398 2276/2290/2393
f 2282/2296/2399 2283/2297/2400 2274/2288/2391
f 2274/2288/2391 2273/2287/2390 2282/2296/2399
f 1813/1827/1926 2282/2296/2399 2273/2287/2390
f 2273/2287/2390 1814/1828/1927 1813/1827/1926
f 1816/1830/1929 2276/2290/2393 2281/2295/2398
f 2281/2295/2398 1817/1831/1930 1816/1830/1929
f 2284/2298/2401 2272/2286/2389 2275/2289/2392
f 2275/2289/2392 2285/2299/2402 2284/2298/2401
f 1815/1829/1928 2272/2286/2389 2284/2298/2401
f 2284/2298/2401 1821/1835/1934 1815/1829/1928
f 2284/2298/2401 2285/2299/2402 2286/2300/2403
f 2286/2300/2403 2287/2301/2404 2284/2298/2401
f 2288/2302/2405 2289/2303/2406 2290/2304/2407
f 2290/2304/2407 2291/2305/2408 2288/2302/2405
f 1822/1836/1935 2288/2302/2405 2291/2305/2408
f 2291/2305/2408 1823/1837/1936 1822/1836/1935
f 1821/1835/1934 2284/2298/2401 2287/2301/2404
f 2287/2301/2404 1820/1834/1933 1821/1835/1934
f 2277/2291/2394 2291/2305/2408 2290/2304/2407
f 2290/2304/2407 2278/2292/2395 2277/2291/2394
f 1823/1837/1936 2291/2305/2408 2277/2291/2394
f 2277/2291/2394 1819/1833/1932 1823/1837/1936
f 2048/2062/2165 2074/2088/2191 2044/2058/2161
f 2044/2058/2161 2041/2055/2158 2048/2062/2165
f 2076/2090/2193 2049/2063/2166 2050/2064/2167
f 2050/2064/2167 2058/2072/2175 2076/2090/2193
f 2051/2065/2168 2054/2068/2171 2058/2072/2175
f 2058/2072/2175 2050/2064/2167 2051/2065/2168
f 2054/2068/2171 2051/2065/2168 2052/2066/2169
f 2052/2066/2169 2055/2069/2172 2054/2068/2171
f 2059/2073/2176 2064/2078/2181 2055/2069/2172
f 2055/2069/2172 2052/2066/2169 2059/2073/2176
f 2062/2076/2179 2060/2074/2177 2039/2053/2156
f 2039/2053/2156 2047/2061/2164 2062/2076/2179
f 2047/2061/2164 2039/2053/2156 2040/2054/2157
f 2040/2054/2157 2043/2057/2160 2047/2061/2164
f 2043/2057/2160 2040/2054/2157 2041/2055/2158
f 2041/2055/2158 2044/2058/2161 2043/2057/2160
f 2073/2087/2190 2143/2157/2260 2141/2155/2258
f 2141/2155/2258 2045/2059/2162 2073/2087/2190
f 2146/2160/2263 2075/2089/2192 2057/2071/2174
f 2057/2071/2174 2147/2161/2264 2146/2160/2263
f 2053/2067/2170 2149/2163/2266 2147/2161/2264
f 2147/2161/2264 2057/2071/2174 2053/2067/2170
f 2149/2163/2266 2053/2067/2170 2056/2070/2173
f 2056/2070/2173 2151/2165/2268 2149/2163/2266
f 2063/2077/2180 2153/2167/2270 2151/2165/2268
f 2151/2165/2268 2056/2070/2173 2063/2077/2180
f 2156/2170/2273 2061/2075/2178 2046/2060/2163
f 2046/2060/2163 2138/2152/2255 2156/2170/2273
f 2138/2152/2255 2046/2060/2163 2042/2056/2159
f 2042/2056/2159 2139/2153/2256 2138/2152/2255
f 2139/2153/2256 2042/2056/2159 2045/2059/2162
f 2045/2059/2162 2141/2155/2258 2139/2153/2256
f 2020/2034/2137 2070/2084/2187 2016/2030/2133
f 2016/2030/2133 2013/2027/2130 2020/2034/2137
f 2072/2086/2189 2021/2035/2138 2022/2036/2139
f 2022/2036/2139 2030/2044/2147 2072/2086/2189
f 2023/2037/2140 2026/2040/2143 2030/2044/2147
f 2030/2044/2147 2022/2036/2139 2023/2037/2140
f 2026/2040/2143 2023/2037/2140 2024/2038/2141
f 2024/2038/2141 2027/2041/2144 2026/2040/2143
f 2032/2046/2149 2038/2052/2155 2027/2041/2144
f 2027/2041/2144 2024/2038/2141 2032/2046/2149
f 2036/2050/2153 2033/2047/2150 2011/2025/2128
f 2011/2025/2128 2019/2033/2136 2036/2050/2153
f 2019/2033/2136 2011/2025/2128 2012/2026/2129
f 2012/2026/2129 2015/2029/2132 2019/2033/2136
f 2015/2029/2132 2012/2026/2129 2013/2027/2130
f 2013/2027/2130 2016/2030/2133 2015/2029/2132
f 2069/2083/2186 2123/2137/2240 2121/2135/2238
f 2121/2135/2238 2017/2031/2134 2069/2083/2186
f 2126/2140/2243 2071/2085/2188 2029/2043/2146
f 2029/2043/2146 2127/2141/2244 2126/2140/2243
f 2025/2039/2142 2129/2143/2246 2127/2141/2244
f 2127/2141/2244 2029/2043/2146 2025/2039/2142
f 2129/2143/2246 2025/2039/2142 2028/2042/2145
f 2028/2042/2145 2131/2145/2248 2129/2143/2246
f 2037/2051/2154 2133/2147/2250 2131/2145/2248
f 2131/2145/2248 2028/2042/2145 2037/2051/2154
f 2136/2150/2253 2035/2049/2152 2018/2032/2135
f 2018/2032/2135 2118/2132/2235 2136/2150/2253
f 2118/2132/2235 2018/2032/2135 2014/2028/2131
f 2014/2028/2131 2119/2133/2236 2118/2132/2235
f 2119/2133/2236 2014/2028/2131 2017/2031/2134
f 2017/2031/2134 2121/2135/2238 2119/2133/2236
f 1992/2006/2109 2066/2080/2183 1988/2002/2105
f 1988/2002/2105 1985/1999/2102 1992/2006/2109
f 2068/2082/2185 1993/2007/2110 1994/2008/2111
f 1994/2008/2111 2002/2016/2119 2068/2082/2185
f 1995/2009/2112 1998/2012/2115 2002/2016/2119
f 2002/2016/2119 1994/2008/2111 1995/2009/2112
f 1998/2012/2115 1995/2009/2112 1996/2010/2113
f 1996/2010/2113 1999/2013/2116 1998/2012/2115
f 2004/2018/2121 2010/2024/2127 1999/2013/2116
f 1999/2013/2116 1996/2010/2113 2004/2018/2121
f 2008/2022/2125 2005/2019/2122 1983/1997/2100
f 1983/1997/2100 1991/2005/2108 2008/2022/2125
f 1991/2005/2108 1983/1997/2100 1984/1998/2101
f 1984/1998/2101 1987/2001/2104 1991/2005/2108
f 1987/2001/2104 1984/1998/2101 1985/1999/2102
f 1985/1999/2102 1988/2002/2105 1987/2001/2104
f 2065/2079/2182 2103/2117/2220 2101/2115/2218
f 2101/2115/2218 1989/2003/2106 2065/2079/2182
f 2106/2120/2223 2067/2081/2184 2001/2015/2118
f 2001/2015/2118 2107/2121/2224 2106/2120/2223
f 1997/2011/2114 2109/2123/2226 2107/2121/2224
f 2107/2121/2224 2001/2015/2118 1997/2011/2114
f 2109/2123/2226 1997/2011/2114 2000/2014/2117
f 2000/2014/2117 2111/2125/2228 2109/2123/2226
f 2009/2023/2126 2113/2127/2230 2111/2125/2228
f 2111/2125/2228 2000/2014/2117 2009/2023/2126
f 2116/2130/2233 2007/2021/2124 1990/2004/2107
f 1990/2004/2107 2098/2112/2215 2116/2130/2233
f 2098/2112/2215 1990/2004/2107 1986/2000/2103
f 1986/2000/2103 2099/2113/2216 2098/2112/2215
f 2099/2113/2216 1986/2000/2103 1989/2003/2106
f 1989/2003/2106 2101/2115/2218 2099/2113/2216
f 1960/1974/2077 1968/1982/2085 1956/1970/2073
f 1956/1970/2073 1953/1967/2070 1960/1974/2077
f 1964/1978/2081 1961/1975/2078 1962/1976/2079
f 1962/1976/2079 1965/1979/2082 1964/1978/2081
f 1969/1983/2086 1972/1986/2089 1965/1979/2082
f 1965/1979/2082 1962/1976/2079 1969/1983/2086
f 1972/1986/2089 1969/1983/2086 1970/1984/2087
f 1970/1984/2087 1973/1987/2090 1972/1986/2089
f 1976/1990/2093 1982/1996/2099 1973/1987/2090
f 1973/1987/2090 1970/1984/2087 1976/1990/2093
f 1980/1994/2097 1977/1991/2094 1951/1965/2068
f 1951/1965/2068 1959/1973/2076 1980/1994/2097
f 1959/1973/2076 1951/1965/2068 1952/1966/2069
f 1952/1966/2069 1955/1969/2072 1959/1973/2076
f 1955/1969/2072 1952/1966/2069 1953/1967/2070
f 1953/1967/2070 1956/1970/2073 1955/1969/2072
f 1967/1981/2084 2083/2097/2200 2081/2095/2198
f 2081/2095/2198 1957/1971/2074 1967/1981/2084
f 2086/2100/2203 1963/1977/2080 1966/1980/2083
f 1966/1980/2083 2087/2101/2204 2086/2100/2203
f 1971/1985/2088 2089/2103/2206 2087/2101/2204
f 2087/2101/2204 1966/1980/2083 1971/1985/2088
f 2089/2103/2206 1971/1985/2088 1974/1988/2091
f 1974/1988/2091 2091/2105/2208 2089/2103/2206
f 1981/1995/2098 2093/2107/2210 2091/2105/2208
f 2091/2105/2208 1974/1988/2091 1981/1995/2098
f 2096/2110/2213 1979/1993/2096 1958/1972/2075
f 1958/1972/2075 2078/2092/2195 2096/2110/2213
f 2078/2092/2195 1958/1972/2075 1954/1968/2071
f 1954/1968/2071 2079/2093/2196 2078/2092/2195
f 2079/2093/2196 1954/1968/2071 1957/1971/2074
f 1957/1971/2074 2081/2095/2198 2079/2093/2196
f 2218/2232/2335 2137/2151/2254 2140/2154/2257
f 2140/2154/2257 2219/2233/2336 2218/2232/2335
f 2236/2250/2353 2155/2169/2272 2137/2151/2254
f 2137/2151/2254 2218/2232/2335 2236/2250/2353
f 2233/2247/2350 2231/2245/2348 2152/2166/2269
f 2152/2166/2269 2154/2168/2271 2233/2247/2350
f 2229/2243/2346 2150/2164/2267 2152/2166/2269
f 2152/2166/2269 2231/2245/2348 2229/2243/2346
f 2229/2243/2346 2227/2241/2344 2148/2162/2265
f 2148/2162/2265 2150/2164/2267 2229/2243/2346
f 2226/2240/2343 2145/2159/2262 2148/2162/2265
f 2148/2162/2265 2227/2241/2344 2226/2240/2343
f 2223/2237/2340 2221/2235/2338 2142/2156/2259
f 2142/2156/2259 2144/2158/2261 2223/2237/2340
f 2219/2233/2336 2140/2154/2257 2142/2156/2259
f 2142/2156/2259 2221/2235/2338 2219/2233/2336
f 2198/2212/2315 2117/2131/2234 2120/2134/2237
f 2120/2134/2237 2199/2213/2316 2198/2212/2315
f 2216/2230/2333 2135/2149/2252 2117/2131/2234
f 2117/2131/2234 2198/2212/2315 2216/2230/2333
f 2213/2227/2330 2211/2225/2328 2132/2146/2249
f 2132/2146/2249 2134/2148/2251 2213/2227/2330
f 2209/2223/2326 2130/2144/2247 2132/2146/2249
f 2132/2146/2249 2211/2225/2328 2209/2223/2326
f 2209/2223/2326 2207/2221/2324 2128/2142/2245
f 2128/2142/2245 2130/2144/2247 2209/2223/2326
f 2206/2220/2323 2125/2139/2242 2128/2142/2245
f 2128/2142/2245 2207/2221/2324 2206/2220/2323
f 2203/2217/2320 2201/2215/2318 2122/2136/2239
f 2122/2136/2239 2124/2138/2241 2203/2217/2320
f 2199/2213/2316 2120/2134/2237 2122/2136/2239
f 2122/2136/2239 2201/2215/2318 2199/2213/2316
f 2178/2192/2295 2097/2111/2214 2100/2114/2217
f 2100/2114/2217 2179/2193/2296 2178/2192/2295
f 2196/2210/2313 2115/2129/2232 2097/2111/2214
f 2097/2111/2214 2178/2192/2295 2196/2210/2313
f 2193/2207/2310 2191/2205/2308 2112/2126/2229
f 2112/2126/2229 2114/2128/2231 2193/2207/2310
f 2189/2203/2306 2110/2124/2227 2112/2126/2229
f 2112/2126/2229 2191/2205/2308 2189/2203/2306
f 2189/2203/2306 2187/2201/2304 2108/2122/2225
f 2108/2122/2225 2110/2124/2227 2189/2203/2306
f 2186/2200/2303 2105/2119/2222 2108/2122/2225
f 2108/2122/2225 2187/2201/2304 2186/2200/2303
f 2183/2197/2300 2181/2195/2298 2102/2116/2219
f 2102/2116/2219 2104/2118/2221 2183/2197/2300
f 2179/2193/2296 2100/2114/2217 2102/2116/2219
f 2102/2116/2219 2181/2195/2298 2179/2193/2296
f 2158/2172/2275 2077/2091/2194 2080/2094/2197
f 2080/2094/2197 2159/2173/2276 2158/2172/2275
f 2176/2190/2293 2095/2109/2212 2077/2091/2194
f 2077/2091/2194 2158/2172/2275 2176/2190/2293
f 2173/2187/2290 2171/2185/2288 2092/2106/2209
f 2092/2106/2209 2094/2108/2211 2173/2187/2290
f 2169/2183/2286 2090/2104/2207 2092/2106/2209
f 2092/2106/2209 2171/2185/2288 2169/2183/2286
f 2169/2183/2286 2167/2181/2284 2088/2102/2205
f 2088/2102/2205 2090/2104/2207 2169/2183/2286
f 2166/2180/2283 2085/2099/2202 2088/2102/2205
f 2088/2102/2205 2167/2181/2284 2166/2180/2283
f 2163/2177/2280 2161/2175/2278 2082/2096/2199
f 2082/2096/2199 2084/2098/2201 2163/2177/2280
f 2159/2173/2276 2080/2094/2197 2082/2096/2199
f 2082/2096/2199 2161/2175/2278 2159/2173/2276
f 2256/2270/2373 2247/2261/2364 2254/2268/2371
f 2254/2268/2371 2257/2271/2374 2256/2270/2373
f 2257/2271/2374 2254/2268/2371 2267/2281/2384
f 2267/2281/2384 2268/2282/2385 2257/2271/2374
f 2268/2282/2385 2267/2281/2384 2269/2283/2386
f 2269/2283/2386 2292/2306/2409 2268/2282/2385
f 2293/2307/2410 2270/2284/2387 2253/2267/2370
f 2253/2267/2370 2271/2285/2388 2293/2307/2410
f 2271/2285/2388 2253/2267/2370 2241/2255/2358
f 2241/2255/2358 2260/2274/2377 2271/2285/2388
f 2260/2274/2377 2241/2255/2358 2242/2256/2359
f 2242/2256/2359 2261/2275/2378 2260/2274/2377
f 2261/2275/2378 2242/2256/2359 2248/2262/2365
f 2248/2262/2365 2265/2279/2382 2261/2275/2378
f 2264/2278/2381 2245/2259/2362 2247/2261/2364
f 2247/2261/2364 2256/2270/2373 2264/2278/2381
f 2258/2272/2375 2275/2289/2392 2274/2288/2391
f 2274/2288/2391 2255/2269/2372 2258/2272/2375
f 2268/2282/2385 2285/2299/2402 2275/2289/2392
f 2275/2289/2392 2258/2272/2375 2268/2282/2385
f 2285/2299/2402 2268/2282/2385 2292/2306/2409
f 2292/2306/2409 2286/2300/2403 2285/2299/2402
f 2289/2303/2406 2293/2307/2410 2271/2285/2388
f 2271/2285/2388 2290/2304/2407 2289/2303/2406
f 2259/2273/2376 2278/2292/2395 2290/2304/2407
f 2290/2304/2407 2271/2285/2388 2259/2273/2376
f 2262/2276/2379 2279/2293/2396 2278/2292/2395
f 2278/2292/2395 2259/2273/2376 2262/2276/2379
f 2279/2293/2396 2262/2276/2379 2266/2280/2383
f 2266/2280/2383 2280/2294/2397 2279/2293/2396
f 2283/2297/2400 2263/2277/2380 2255/2269/2372
f 2255/2269/2372 2274/2288/2391 2283/2297/2400
f 1842/1856/1955 1847/1861/1960 1841/1855/1954
f 1842/1856/1955 1841/1855/1954 1838/1852/1951
f 1846/1860/1959 1845/1859/1958 1841/1855/1954
f 1846/1860/1959 1858/1872/1971 1845/1859/1958
f 1838/1852/1951 1831/1845/1944 1843/1857/1956
f 1857/1871/1970 1855/1869/1968 1845/1859/1958
f 1857/1871/1970 1859/1873/1972 1855/1869/1968
f 1855/1869/1968 1860/1874/1973 1856/1870/1969
f 1885/1899/2000 1879/1893/1992 1889/1903/2004
f 1888/1902/2003 1887/1901/2002 1885/1899/2000
f 1888/1902/2003 1894/1908/2009 1887/1901/2002
f 1893/1907/2008 1892/1906/2007 1887/1901/2002
f 1893/1907/2008 1901/1915/2018 1892/1906/2007
f 1900/1914/2017 1899/1913/2016 1892/1906/2007
f 1900/1914/2017 1902/1916/2019 1899/1913/2016
f 1899/1913/2016 1827/1841/1940 1826/1840/1939
f 2294/2308/2411 2295/2309/2412 2296/1555/1639
f 2296/1555/1639 2297/1550/1635 2294/2308/2411
f 2298/1521/1601 2299/1520/1600 2295/2309/2412
f 2295/2309/2412 2294/2308/2411 2298/1521/1601
f 2300/2310/2413 2299/1520/1600 2301/163/161
f 2301/163/161 2302/2311/2414 2300/2310/2413
f 2302/2311/2414 2301/163/161 2303/1515/1597
f 2303/1515/1597 2304/2312/2415 2302/2311/2414
f 2304/2312/2415 2303/1515/1597 2305/1543/1628
f 2305/1543/1628 2306/2313/2416 2304/2312/2415
f 2307/2314/2417 2308/1528/1610 2309/1535/1618
f 2309/1535/1618 2310/2315/2418 2307/2314/2417
f 2310/2315/2418 2309/1535/1618 2311/1548/1633
f 2311/1548/1633 2312/2316/2419 2310/2315/2418
f 2312/2316/2419 2311/1548/1633 2296/1555/1639
f 2296/1555/1639 2313/2317/2420 2312/2316/2419
f 2313/2317/2420 2296/1555/1639 2295/2309/2412
f 2295/2309/2412 2314/2318/2421 2313/2317/2420
f 2314/2318/2421 2295/2309/2412 2299/1520/1600
f 2299/1520/1600 2300/2310/2413 2314/2318/2421
f 2315/2319/2422 2300/2310/2413 2302/2311/2414
f 2302/2311/2414 2316/2320/2423 2315/2319/2422
f 2316/2320/2423 2302/2311/2414 2304/2312/2415
f 2304/2312/2415 2317/2321/2424 2316/2320/2423
f 2317/2321/2424 2304/2312/2415 2306/2313/2416
f 2306/2313/2416 2318/2322/2425 2317/2321/2424
f 2319/2323/2426 2307/2314/2417 2310/2315/2418
f 2310/2315/2418 2320/2324/2427 2319/2323/2426
f 2320/2324/2427 2310/2315/2418 2312/2316/2419
f 2312/2316/2419 2321/2325/2428 2320/2324/2427
f 2321/2325/2428 2312/2316/2419 2313/2317/2420
f 2313/2317/2420 2322/2326/2429 2321/2325/2428
f 2322/2326/2429 2313/2317/2420 2314/2318/2421
f 2314/2318/2421 2323/2327/2430 2322/2326/2429
f 2323/2327/2430 2314/2318/2421 2300/2310/2413
f 2300/2310/2413 2315/2319/2422 2323/2327/2430
f 2324/2328/2431 2325/2329/2432 2326/2330/2433
f 2326/2330/2433 2327/2331/2434 2324/2328/2431
f 2327/2331/2434 2326/2330/2433 2328/2332/2435
f 2328/2332/2435 2329/2333/2436 2327/2331/2434
f 2329/2333/2436 2328/2332/2435 2330/2334/2437
f 2330/2334/2437 2331/2335/2438 2329/2333/2436
f 2332/2336/2439 2333/2337/2440 2334/2338/2441
f 2334/2338/2441 2335/2339/2442 2332/2336/2439
f 2335/2339/2442 2334/2338/2441 2336/2340/2443
f 2336/2340/2443 2337/2341/2444 2335/2339/2442
f 2337/2341/2444 2336/2340/2443 2338/2342/2445
f 2338/2342/2445 2339/2343/2446 2337/2341/2444
f 2339/2343/2446 2338/2342/2445 2340/2344/2447
f 2340/2344/2447 2341/2345/2448 2339/2343/2446
f 2341/2345/2448 2340/2344/2447 2325/2329/2432
f 2325/2329/2432 2324/2328/2431 2341/2345/2448
f 2342/2346/2449 2343/2347/2450 2344/2348/2451
f 2344/2348/2451 2345/2349/2452 2342/2346/2449
f 2345/2349/2452 2344/2348/2451 2346/2350/2453
f 2346/2350/2453 2347/2351/2454 2345/2349/2452
f 2347/2351/2454 2346/2350/2453 2348/2352/2455
f 2348/2352/2455 2349/2353/2456 2347/2351/2454
f 2350/2354/2457 2351/2355/2458 2352/2356/2459
f 2352/2356/2459 2353/2357/2460 2350/2354/2457
f 2353/2357/2460 2352/2356/2459 2354/2358/2461
f 2354/2358/2461 2355/2359/2462 2353/2357/2460
f 2355/2359/2462 2354/2358/2461 2356/2360/2463
f 2356/2360/2463 2357/2361/2464 2355/2359/2462
f 2357/2361/2464 2356/2360/2463 2358/2362/2465
f 2358/2362/2465 2359/2363/2466 2357/2361/2464
f 2359/2363/2466 2358/2362/2465 2343/2347/2450
f 2343/2347/2450 2342/2346/2449 2359/2363/2466
f 2360/2364/2467 2342/2346/2449 2345/2349/2452
f 2345/2349/2452 2361/2365/2468 2360/2364/2467
f 2361/2365/2468 2345/2349/2452 2347/2351/2454
f 2347/2351/2454 2362/2366/2469 2361/2365/2468
f 2362/2366/2469 2347/2351/2454 2349/2353/2456
f 2349/2353/2456 2363/2367/2470 2362/2366/2469
f 2364/2368/2471 2350/2354/2457 2353/2357/2460
f 2353/2357/2460 2365/2369/2472 2364/2368/2471
f 2365/2369/2472 2353/2357/2460 2355/2359/2462
f 2355/2359/2462 2366/2370/2473 2365/2369/2472
f 2366/2370/2473 2355/2359/2462 2357/2361/2464
f 2357/2361/2464 2367/2371/2474 2366/2370/2473
f 2367/2371/2474 2357/2361/2464 2359/2363/2466
f 2359/2363/2466 2368/2372/2475 2367/2371/2474
f 2368/2372/2475 2359/2363/2466 2342/2346/2449
f 2342/2346/2449 2360/2364/2467 2368/2372/2475
f 2369/2373/2476 2360/2364/2467 2361/2365/2468
f 2361/2365/2468 2370/2374/2477 2369/2373/2476
f 2370/2374/2477 2361/2365/2468 2362/2366/2469
f 2362/2366/2469 2371/2375/2478 2370/2374/2477
f 2371/2375/2478 2362/2366/2469 2363/2367/2470
f 2363/2367/2470 2372/2376/2479 2371/2375/2478
f 2373/2377/2480 2364/2368/2471 2365/2369/2472
f 2365/2369/2472 2374/2378/2481 2373/2377/2480
f 2374/2378/2481 2365/2369/2472 2366/2370/2473
f 2366/2370/2473 2375/2379/2482 2374/2378/2481
f 2375/2379/2482 2366/2370/2473 2367/2371/2474
f 2367/2371/2474 2376/2380/2483 2375/2379/2482
f 2376/2380/2483 2367/2371/2474 2368/2372/2475
f 2368/2372/2475 2377/2381/2484 2376/2380/2483
f 2377/2381/2484 2368/2372/2475 2360/2364/2467
f 2360/2364/2467 2369/2373/2476 2377/2381/2484
f 2378/2382/2485 2369/2373/2476 2370/2374/2477
f 2370/2374/2477 2379/2383/2486 2378/2382/2485
f 2379/2383/2486 2370/2374/2477 2371/2375/2478
f 2371/2375/2478 2380/2384/2487 2379/2383/2486
f 2380/2384/2487 2371/2375/2478 2372/2376/2479
f 2372/2376/2479 2381/2385/2488 2380/2384/2487
f 2382/2386/2489 2373/2377/2480 2374/2378/2481
f 2374/2378/2481 2383/2387/2490 2382/2386/2489
f 2383/2387/2490 2374/2378/2481 2375/2379/2482
f 2375/2379/2482 2384/2388/2491 2383/2387/2490
f 2384/2388/2491 2375/2379/2482 2376/2380/2483
f 2376/2380/2483 2385/2389/2492 2384/2388/2491
f 2385/2389/2492 2376/2380/2483 2377/2381/2484
f 2377/2381/2484 2386/2390/2493 2385/2389/2492
f 2386/2390/2493 2377/2381/2484 2369/2373/2476
f 2369/2373/2476 2378/2382/2485 2386/2390/2493
f 2387/2391/2494 2388/2392/2495 2389/2393/2496
f 2389/2393/2496 2390/2394/2497 2387/2391/2494
f 2387/2391/2494 2390/2394/2497 2391/2395/2498
f 2391/2395/2498 2392/2396/2499 2387/2391/2494
f 2392/2396/2499 2391/2395/2498 2393/2397/2500
f 2393/2397/2500 2394/2398/2501 2392/2396/2499
f 2395/2399/2502 2396/2400/2503 2397/2401/2504
f 2397/2401/2504 2398/2402/2505 2395/2399/2502
f 2399/2403/2506 2400/2404/2507 2401/2405/2508
f 2401/2405/2508 2402/2406/2509 2399/2403/2506
f 2403/2407/2510 2404/2408/2511 2405/2409/2512
f 2405/2409/2512 2406/2410/2513 2403/2407/2510
f 2403/2407/2510 2406/2410/2513 2407/2411/2514
f 2407/2411/2514 2408/2412/2515 2403/2407/2510
f 2409/2413/2516 2410/2414/2517 2411/2415/2518
f 2411/2415/2518 2412/2416/2519 2409/2413/2516
f 2413/2417/2520 2414/2418/2521 2388/2392/2495
f 2388/2392/2495 2387/2391/2494 2413/2417/2520
f 2413/2417/2520 2387/2391/2494 2392/2396/2499
f 2392/2396/2499 2415/2419/2522 2413/2417/2520
f 2415/2419/2522 2392/2396/2499 2394/2398/2501
f 2394/2398/2501 2416/2420/2523 2415/2419/2522
f 2417/2421/2524 2395/2399/2502 2398/2402/2505
f 2398/2402/2505 2418/2422/2525 2417/2421/2524
f 2419/2423/2526 2420/2424/2527 2400/2404/2507
f 2400/2404/2507 2399/2403/2506 2419/2423/2526
f 2421/2425/2528 2422/2426/2529 2404/2408/2511
f 2404/2408/2511 2403/2407/2510 2421/2425/2528
f 2421/2425/2528 2403/2407/2510 2408/2412/2515
f 2408/2412/2515 2423/2427/2530 2421/2425/2528
f 2424/2428/2531 2409/2413/2516 2412/2416/2519
f 2412/2416/2519 2425/2429/2532 2424/2428/2531
f 2426/2430/2533 2427/2431/2534 2414/2418/2521
f 2414/2418/2521 2413/2417/2520 2426/2430/2533
f 2426/2430/2533 2413/2417/2520 2415/2419/2522
f 2415/2419/2522 2428/2432/2535 2426/2430/2533
f 2428/2432/2535 2415/2419/2522 2416/2420/2523
f 2416/2420/2523 2429/2433/2536 2428/2432/2535
f 2430/2434/2537 2417/2421/2524 2418/2422/2525
f 2418/2422/2525 2431/2435/2538 2430/2434/2537
f 2432/2436/2539 2433/2437/2540 2420/2424/2527
f 2420/2424/2527 2419/2423/2526 2432/2436/2539
f 2434/2438/2541 2435/2439/2542 2422/2426/2529
f 2422/2426/2529 2421/2425/2528 2434/2438/2541
f 2434/2438/2541 2421/2425/2528 2423/2427/2530
f 2423/2427/2530 2436/2440/2543 2434/2438/2541
f 2437/2441/2544 2424/2428/2531 2425/2429/2532
f 2425/2429/2532 2438/2442/2545 2437/2441/2544
f 2439/2443/2546 2440/2444/2547 2441/2445/2548
f 2441/2445/2548 2442/2446/2549 2439/2443/2546
f 2439/2443/2546 2442/2446/2549 2443/2447/2550
f 2443/2447/2550 2444/2448/2551 2439/2443/2546
f 2444/2448/2551 2443/2447/2550 2445/2449/2552
f 2445/2449/2552 2446/2450/2553 2444/2448/2551
f 2447/2451/2554 2448/2452/2555 2449/2453/2556
f 2449/2453/2556 2450/2454/2557 2447/2451/2554
f 2451/2455/2558 2452/2456/2559 2453/2457/2560
f 2453/2457/2560 2454/2458/2561 2451/2455/2558
f 2455/2459/2562 2456/2460/2563 2457/2461/2564
f 2457/2461/2564 2458/2462/2565 2455/2459/2562
f 2455/2459/2562 2458/2462/2565 2459/2463/2566
f 2459/2463/2566 2460/2464/2567 2455/2459/2562
f 2461/2465/2568 2462/2466/2569 2463/2467/2570
f 2463/2467/2570 2464/2468/2571 2461/2465/2568
f 2465/2469/2572 2466/2470/2573 2467/2471/2574
f 2467/2471/2574 2468/2472/2575 2465/2469/2572
f 2465/2469/2572 2468/2472/2575 2469/2473/2576
f 2469/2473/2576 2470/2474/2577 2465/2469/2572
f 2470/2474/2577 2469/2473/2576 2471/2475/2578
f 2471/2475/2578 2472/2476/2579 2470/2474/2577
f 2473/2477/2580 2474/2478/2581 2475/2479/2582
f 2475/2479/2582 2476/2480/2583 2473/2477/2580
f 2477/2481/2584 2478/2482/2585 2479/2483/2586
f 2479/2483/2586 2480/2484/2587 2477/2481/2584
f 2481/2485/2588 2482/2486/2589 2483/2487/2590
f 2483/2487/2590 2484/2488/2591 2481/2485/2588
f 2481/2485/2588 2484/2488/2591 2485/2489/2592
f 2485/2489/2592 2486/2490/2593 2481/2485/2588
f 2487/2491/2594 2488/2492/2595 2489/2493/2596
f 2489/2493/2596 2490/2494/2597 2487/2491/2594
f 2491/2495/2598 2492/2496/2599 2466/2470/2573
f 2466/2470/2573 2465/2469/2572 2491/2495/2598
f 2491/2495/2598 2465/2469/2572 2470/2474/2577
f 2470/2474/2577 2493/2497/2600 2491/2495/2598
f 2493/2497/2600 2470/2474/2577 2472/2476/2579
f 2472/2476/2579 2494/2498/2601 2493/2497/2600
f 2495/2499/2602 2473/2477/2580 2476/2480/2583
f 2476/2480/2583 2496/2500/2603 2495/2499/2602
f 2497/2501/2604 2498/2502/2605 2478/2482/2585
f 2478/2482/2585 2477/2481/2584 2497/2501/2604
f 2499/2503/2606 2500/2504/2607 2482/2486/2589
f 2482/2486/2589 2481/2485/2588 2499/2503/2606
f 2499/2503/2606 2481/2485/2588 2486/2490/2593
f 2486/2490/2593 2501/2505/2608 2499/2503/2606
f 2502/2506/2609 2487/2491/2594 2490/2494/2597
f 2490/2494/2597 2503/2507/2610 2502/2506/2609
f 2504/2508/2611 2505/2509/2612 2492/2496/2599
f 2492/2496/2599 2491/2495/2598 2504/2508/2611
f 2504/2508/2611 2491/2495/2598 2493/2497/2600
f 2493/2497/2600 2506/2510/2613 2504/2508/2611
f 2506/2510/2613 2493/2497/2600 2494/2498/2601
f 2494/2498/2601 2507/2511/2614 2506/2510/2613
f 2508/2512/2615 2495/2499/2602 2496/2500/2603
f 2496/2500/2603 2509/2513/2616 2508/2512/2615
f 2510/2514/2617 2511/2515/2618 2498/2502/2605
f 2498/2502/2605 2497/2501/2604 2510/2514/2617
f 2512/2516/2619 2513/2517/2620 2500/2504/2607
f 2500/2504/2607 2499/2503/2606 2512/2516/2619
f 2512/2516/2619 2499/2503/2606 2501/2505/2608
f 2501/2505/2608 2514/2518/2621 2512/2516/2619
f 2515/2519/2622 2502/2506/2609 2503/2507/2610
f 2503/2507/2610 2516/2520/2623 2515/2519/2622
f 2517/2521/2624 2518/2522/2625 2519/2523/2626
f 2519/2523/2626 2520/2524/2627 2517/2521/2624
f 2517/2521/2624 2520/2524/2627 2521/2525/2628
f 2521/2525/2628 2522/2526/2629 2517/2521/2624
f 2522/2526/2629 2521/2525/2628 2523/2527/2630
f 2523/2527/2630 2524/2528/2631 2522/2526/2629
f 2525/2529/2632 2526/2530/2633 2527/2531/2634
f 2527/2531/2634 2528/2532/2635 2525/2529/2632
f 2529/2533/2636 2530/2534/2637 2531/2535/2638
f 2531/2535/2638 2532/2536/2639 2529/2533/2636
f 2533/2537/2640 2534/2538/2641 2535/2539/2642
f 2535/2539/2642 2536/2540/2643 2533/2537/2640
f 2537/2541/2644 2538/2542/2645 2539/2543/2646
f 2539/2543/2646 2540/2544/2647 2537/2541/2644
f 2468/2472/2575 2467/2471/2574 2440/2444/2547
f 2440/2444/2547 2439/2443/2546 2468/2472/2575
f 2468/2472/2575 2439/2443/2546 2444/2448/2551
f 2444/2448/2551 2469/2473/2576 2468/2472/2575
f 2469/2473/2576 2444/2448/2551 2446/2450/2553
f 2446/2450/2553 2471/2475/2578 2469/2473/2576
f 2474/2478/2581 2447/2451/2554 2450/2454/2557
f 2450/2454/2557 2475/2479/2582 2474/2478/2581
f 2480/2484/2587 2479/2483/2586 2452/2456/2559
f 2452/2456/2559 2451/2455/2558 2480/2484/2587
f 2484/2488/2591 2483/2487/2590 2456/2460/2563
f 2456/2460/2563 2455/2459/2562 2484/2488/2591
f 2484/2488/2591 2455/2459/2562 2460/2464/2567
f 2460/2464/2567 2485/2489/2592 2484/2488/2591
f 2488/2492/2595 2461/2465/2568 2464/2468/2571
f 2464/2468/2571 2489/2493/2596 2488/2492/2595
f 2442/2446/2549 2441/2445/2548 2541/2545/2648
f 2541/2545/2648 2542/2546/2649 2442/2446/2549
f 2442/2446/2549 2542/2546/2649 2543/2547/2650
f 2543/2547/2650 2443/2447/2550 2442/2446/2549
f 2443/2447/2550 2543/2547/2650 2544/2548/2651
f 2544/2548/2651 2445/2449/2552 2443/2447/2550
f 2448/2452/2555 2545/2549/2652 2546/2550/2653
f 2546/2550/2653 2449/2453/2556 2448/2452/2555
f 2454/2458/2561 2453/2457/2560 2547/2551/2654
f 2547/2551/2654 2548/2552/2655 2454/2458/2561
f 2458/2462/2565 2457/2461/2564 2549/2553/2656
f 2549/2553/2656 2550/2554/2657 2458/2462/2565
f 2458/2462/2565 2550/2554/2657 2551/2555/2658
f 2551/2555/2658 2459/2463/2566 2458/2462/2565
f 2462/2466/2569 2552/2556/2659 2553/2557/2660
f 2553/2557/2660 2463/2467/2570 2462/2466/2569
f 2520/2524/2627 2519/2523/2626 2505/2509/2612
f 2505/2509/2612 2504/2508/2611 2520/2524/2627
f 2520/2524/2627 2504/2508/2611 2506/2510/2613
f 2506/2510/2613 2521/2525/2628 2520/2524/2627
f 2521/2525/2628 2506/2510/2613 2507/2511/2614
f 2507/2511/2614 2523/2527/2630 2521/2525/2628
f 2526/2530/2633 2508/2512/2615 2509/2513/2616
f 2509/2513/2616 2527/2531/2634 2526/2530/2633
f 2532/2536/2639 2531/2535/2638 2511/2515/2618
f 2511/2515/2618 2510/2514/2617 2532/2536/2639
f 2536/2540/2643 2535/2539/2642 2513/2517/2620
f 2513/2517/2620 2512/2516/2619 2536/2540/2643
f 2538/2542/2645 2515/2519/2622 2516/2520/2623
f 2516/2520/2623 2539/2543/2646 2538/2542/2645
f 2554/2558/2661 2555/2559/2662 2556/2560/2663
f 2556/2560/2663 2557/2561/2664 2554/2558/2661
f 2554/2558/2661 2557/2561/2664 1146/1149/1155
f 1146/1149/1155 1147/1150/1156 2554/2558/2661
f 2558/2562/2665 2559/2563/2666 2560/2564/2667
f 2560/2564/2667 2561/2565/2668 2558/2562/2665
f 2558/2562/2665 2561/2565/2668 2562/2566/2669
f 2562/2566/2669 2563/2567/2670 2558/2562/2665
f 2564/2568/2671 2565/2569/2672 2566/2570/2673
f 2566/2570/2673 2567/2571/2674 2564/2568/2671
f 2568/2572/2675 2569/2573/2676 2555/2559/2662
f 2555/2559/2662 2554/2558/2661 2568/2572/2675
f 2568/2572/2675 2554/2558/2661 1147/1150/1156
f 1147/1150/1156 1160/1163/1169 2568/2572/2675
f 2570/2574/2677 2571/2575/2678 2559/2563/2666
f 2559/2563/2666 2558/2562/2665 2570/2574/2677
f 2570/2574/2677 2558/2562/2665 2563/2567/2670
f 2563/2567/2670 2572/2576/2679 2570/2574/2677
f 2573/2577/2680 2564/2568/2671 2567/2571/2674
f 2567/2571/2674 2574/2578/2681 2573/2577/2680
f 2575/2579/2682 2576/2580/2683 2569/2573/2676
f 2569/2573/2676 2568/2572/2675 2575/2579/2682
f 2575/2579/2682 2568/2572/2675 1160/1163/1169
f 1160/1163/1169 1168/1171/1177 2575/2579/2682
f 2577/2581/2684 2578/2582/2685 2571/2575/2678
f 2571/2575/2678 2570/2574/2677 2577/2581/2684
f 2577/2581/2684 2570/2574/2677 2572/2576/2679
f 2572/2576/2679 2579/2583/2686 2577/2581/2684
f 2580/2584/2687 2573/2577/2680 2574/2578/2681
f 2574/2578/2681 2581/2585/2688 2580/2584/2687
f 2582/2586/2689 2583/2587/2690 2576/2580/2683
f 2576/2580/2683 2575/2579/2682 2582/2586/2689
f 2582/2586/2689 2575/2579/2682 1168/1171/1177
f 1168/1171/1177 1176/1179/1185 2582/2586/2689
f 2584/2588/2691 2585/2589/2692 2578/2582/2685
f 2578/2582/2685 2577/2581/2684 2584/2588/2691
f 2584/2588/2691 2577/2581/2684 2579/2583/2686
f 2579/2583/2686 2586/2590/2693 2584/2588/2691
f 2587/2591/2694 2580/2584/2687 2581/2585/2688
f 2581/2585/2688 2588/2592/2695 2587/2591/2694
f 2589/2593/2696 2590/2594/2697 2583/2587/2690
f 2583/2587/2690 2582/2586/2689 2589/2593/2696
f 2589/2593/2696 2582/2586/2689 1176/1179/1185
f 2589/2593/2696 1176/1179/1185 1185/1188/1194
f 1185/1188/1194 1184/1187/1193 2589/2593/2696
f 2591/2595/2698 2592/2596/2699 2585/2589/2692
f 2585/2589/2692 2584/2588/2691 2591/2595/2698
f 2591/2595/2698 2584/2588/2691 2586/2590/2693
f 2586/2590/2693 2593/2597/2700 2591/2595/2698
f 2594/2598/2701 2587/2591/2694 2588/2592/2695
f 2588/2592/2695 2595/2599/2702 2594/2598/2701
f 2596/2600/2703 2597/2601/2704 2590/2594/2697
f 2590/2594/2697 2589/2593/2696 2596/2600/2703
f 2596/2600/2703 2589/2593/2696 1184/1187/1193
f 1184/1187/1193 1193/1196/1202 2596/2600/2703
f 2598/2602/2705 2599/2603/2706 2592/2596/2699
f 2592/2596/2699 2591/2595/2698 2598/2602/2705
f 2598/2602/2705 2591/2595/2698 2593/2597/2700
f 2593/2597/2700 2600/2604/2707 2598/2602/2705
f 2601/2605/2708 2594/2598/2701 2595/2599/2702
f 2595/2599/2702 2602/2606/2709 2601/2605/2708
f 2603/2607/2710 2604/2608/2711 2597/2601/2704
f 2597/2601/2704 2596/2600/2703 2603/2607/2710
f 2603/2607/2710 2596/2600/2703 1193/1196/1202
f 1193/1196/1202 1201/1204/1211 2603/2607/2710
f 2605/2609/2712 2606/2610/2713 2599/2603/2706
f 2599/2603/2706 2598/2602/2705 2605/2609/2712
f 2607/2611/2714 2608/2612/2715 2609/2613/2716
f 2609/2613/2716 2610/2614/2717 2607/2611/2714
f 2611/2615/2718 2612/2616/2719 2613/2617/2720
f 2613/2617/2720 2614/2618/2721 2611/2615/2718
f 2615/2619/2722 2616/2620/2723 2617/2621/2724
f 2617/2621/2724 2618/2622/2725 2615/2619/2722
f 2615/2619/2722 2618/2622/2725 1216/1219/1226
f 1216/1219/1226 1217/1220/1227 2615/2619/2722
f 2619/2623/2726 2620/2624/2727 2621/2625/2728
f 2621/2625/2728 2622/2626/2729 2619/2623/2726
f 2623/2627/2730 2624/2628/2731 2616/2620/2723
f 2616/2620/2723 2615/2619/2722 2623/2627/2730
f 2623/2627/2730 2615/2619/2722 1217/1220/1227
f 1217/1220/1227 1224/1227/1234 2623/2627/2730
f 2625/2629/2732 2626/2630/2733 2620/2624/2727
f 2620/2624/2727 2619/2623/2726 2625/2629/2732
f 2625/2629/2732 2619/2623/2726 2627/2631/2734
f 2627/2631/2734 2628/2632/2735 2625/2629/2732
f 2629/2633/2736 2630/2634/2737 2631/2635/2738
f 2631/2635/2738 2632/2636/2739 2629/2633/2736
f 2633/2637/2740 2634/2638/2741 2624/2628/2731
f 2624/2628/2731 2623/2627/2730 2633/2637/2740
f 2633/2637/2740 2623/2627/2730 1224/1227/1234
f 1224/1227/1234 1235/1238/1245 2633/2637/2740
f 2635/2639/2742 2636/2640/2743 2626/2630/2733
f 2626/2630/2733 2625/2629/2732 2635/2639/2742
f 2635/2639/2742 2625/2629/2732 2628/2632/2735
f 2628/2632/2735 2637/2641/2744 2635/2639/2742
f 2638/2642/2745 2629/2633/2736 2632/2636/2739
f 2632/2636/2739 2639/2643/2746 2638/2642/2745
f 2640/2644/2747 2641/2645/2748 2642/2646/2749
f 2642/2646/2749 2643/2647/2750 2640/2644/2747
f 2640/2644/2747 2643/2647/2750 2644/2648/2751
f 2644/2648/2751 2645/2649/2752 2640/2644/2747
f 2646/2650/2753 2647/2651/2754 2648/2652/2755
f 2648/2652/2755 2649/2653/2756 2646/2650/2753
f 2650/2654/2757 2651/2655/2758 2652/2656/2759
f 2652/2656/2759 2653/2657/2760 2650/2654/2757
f 2654/2658/2761 2655/2659/2762 2656/2660/2763
f 2656/2660/2763 2657/2661/2764 2654/2658/2761
f 2622/2626/2729 2621/2625/2728 2658/2662/2765
f 2658/2662/2765 2607/2611/2714 2622/2626/2729
f 2618/2622/2725 2617/2621/2724 2659/2663/2766
f 2659/2663/2766 2660/2664/2767 2618/2622/2725
f 2618/2622/2725 2660/2664/2767 1262/1265/1275
f 1262/1265/1275 1216/1219/1226 2618/2622/2725
f 2630/2634/2737 2661/2665/2768 2662/2666/2769
f 2662/2666/2769 2631/2635/2738 2630/2634/2737
f 2619/2623/2726 2663/2667/2770 2664/2668/2771
f 2664/2668/2771 2627/2631/2734 2619/2623/2726
f 2622/2626/2729 2665/2669/2772 2663/2667/2770
f 2663/2667/2770 2619/2623/2726 2622/2626/2729
f 2607/2611/2714 2666/2670/2773 2665/2669/2772
f 2665/2669/2772 2622/2626/2729 2607/2611/2714
f 2610/2614/2717 2667/2671/2774 2666/2670/2773
f 2666/2670/2773 2607/2611/2714 2610/2614/2717
f 2614/2618/2721 2668/2672/2775 2669/2673/2776
f 2669/2673/2776 2611/2615/2718 2614/2618/2721
f 2670/2674/2777 2671/2675/2778 2668/2672/2775
f 2668/2672/2775 2614/2618/2721 2670/2674/2777
f 2631/2635/2738 2662/2666/2769 2671/2675/2778
f 2671/2675/2778 2670/2674/2777 2631/2635/2738
f 2343/2347/2450 2324/2328/2431 2327/2331/2434
f 2327/2331/2434 2344/2348/2451 2343/2347/2450
f 2344/2348/2451 2327/2331/2434 2329/2333/2436
f 2329/2333/2436 2346/2350/2453 2344/2348/2451
f 2346/2350/2453 2329/2333/2436 2331/2335/2438
f 2331/2335/2438 2348/2352/2455 2346/2350/2453
f 2351/2355/2458 2332/2336/2439 2335/2339/2442
f 2335/2339/2442 2352/2356/2459 2351/2355/2458
f 2352/2356/2459 2335/2339/2442 2337/2341/2444
f 2337/2341/2444 2354/2358/2461 2352/2356/2459
f 2354/2358/2461 2337/2341/2444 2339/2343/2446
f 2339/2343/2446 2356/2360/2463 2354/2358/2461
f 2356/2360/2463 2339/2343/2446 2341/2345/2448
f 2341/2345/2448 2358/2362/2465 2356/2360/2463
f 2358/2362/2465 2341/2345/2448 2324/2328/2431
f 2324/2328/2431 2343/2347/2450 2358/2362/2465
f 2325/2329/2432 2315/2319/2422 2316/2320/2423
f 2316/2320/2423 2326/2330/2433 2325/2329/2432
f 2326/2330/2433 2316/2320/2423 2317/2321/2424
f 2317/2321/2424 2328/2332/2435 2326/2330/2433
f 2328/2332/2435 2317/2321/2424 2318/2322/2425
f 2318/2322/2425 2330/2334/2437 2328/2332/2435
f 2333/2337/2440 2319/2323/2426 2320/2324/2427
f 2320/2324/2427 2334/2338/2441 2333/2337/2440
f 2334/2338/2441 2320/2324/2427 2321/2325/2428
f 2321/2325/2428 2336/2340/2443 2334/2338/2441
f 2336/2340/2443 2321/2325/2428 2322/2326/2429
f 2322/2326/2429 2338/2342/2445 2336/2340/2443
f 2338/2342/2445 2322/2326/2429 2323/2327/2430
f 2323/2327/2430 2340/2344/2447 2338/2342/2445
f 2340/2344/2447 2323/2327/2430 2315/2319/2422
f 2315/2319/2422 2325/2329/2432 2340/2344/2447
f 2650/2654/2757 2653/2657/2760 2672/2676/2779
f 2672/2676/2779 2673/2677/2780 2650/2654/2757
f 2533/2537/2640 2536/2540/2643 2674/2678/2781
f 2674/2678/2781 2675/2679/2782 2533/2537/2640
f 2512/2516/2619 2514/2518/2621 2674/2678/2781
f 2674/2678/2781 2536/2540/2643 2512/2516/2619
f 2676/2680/2783 2677/2681/2784 2678/2682/2785
f 2678/2682/2785 2679/2683/2786 2676/2680/2783
f 2680/2684/2787 2681/2685/2788 2682/2686/2789
f 2682/2686/2789 2683/2687/2790 2680/2684/2787
f 2684/2688/2791 2685/2689/2792 2682/2686/2789
f 2682/2686/2789 2681/2685/2788 2684/2688/2791
f 2686/2690/2793 2687/2691/2794 2688/2692/2795
f 2688/2692/2795 2689/2693/2796 2686/2690/2793
f 2690/2694/2797 2691/2695/2798 2692/2696/2799
f 2692/2696/2799 2693/2697/2800 2690/2694/2797
f 2694/2698/2801 2695/2699/2802 2696/2700/2803
f 2696/2700/2803 2697/2701/2804 2694/2698/2801
f 2698/2702/2805 2699/2703/2806 2700/2704/2807
f 2700/2704/2807 2701/2705/2808 2698/2702/2805
f 2702/2706/2809 2677/2681/2784 2676/2680/2783
f 2676/2680/2783 2703/2707/2810 2702/2706/2809
f 2704/2708/2811 2681/2685/2788 2680/2684/2787
f 2680/2684/2787 2705/2709/2812 2704/2708/2811
f 2706/2710/2813 2684/2688/2791 2681/2685/2788
f 2681/2685/2788 2704/2708/2811 2706/2710/2813
f 2690/2694/2797 2707/2711/2814 2708/2712/2815
f 2708/2712/2815 2691/2695/2798 2690/2694/2797
f 2709/2713/2816 2694/2698/2801 2697/2701/2804
f 2697/2701/2804 2710/2714/2817 2709/2713/2816
f 2711/2715/2818 2698/2702/2805 2701/2705/2808
f 2701/2705/2808 2712/2716/2819 2711/2715/2818
f 2713/2717/2820 2687/2691/2794 2686/2690/2793
f 2686/2690/2793 2714/2718/2821 2713/2717/2820
f 2715/2719/2822 2411/2415/2518 2410/2414/2517
f 2410/2414/2517 2716/2720/2823 2715/2719/2822
f 2717/2721/2824 2407/2411/2514 2406/2410/2513
f 2406/2410/2513 2718/2722/2825 2717/2721/2824
f 2718/2722/2825 2406/2410/2513 2405/2409/2512
f 2405/2409/2512 2719/2723/2826 2718/2722/2825
f 2720/2724/2827 2402/2406/2509 2401/2405/2508
f 2401/2405/2508 2721/2725/2828 2720/2724/2827
f 2722/2726/2829 2397/2401/2504 2396/2400/2503
f 2396/2400/2503 2723/2727/2830 2722/2726/2829
f 2724/2728/2831 2393/2397/2500 2391/2395/2498
f 2391/2395/2498 2725/2729/2832 2724/2728/2831
f 2725/2729/2832 2391/2395/2498 2390/2394/2497
f 2390/2394/2497 2726/2730/2833 2725/2729/2832
f 2726/2730/2833 2390/2394/2497 2389/2393/2496
f 2389/2393/2496 2727/2731/2834 2726/2730/2833
f 2728/2732/2835 2729/2733/2836 2685/2689/2792
f 2685/2689/2792 2730/2734/2837 2728/2732/2835
f 2731/2735/2838 2730/2734/2837 2685/2689/2792
f 2685/2689/2792 2684/2688/2791 2731/2735/2838
f 2732/2736/2839 2733/2737/2840 2734/2738/2841
f 2734/2738/2841 2735/2739/2842 2732/2736/2839
f 2736/2740/2843 2737/2741/2844 2738/2742/2845
f 2738/2742/2845 2739/2743/2846 2736/2740/2843
f 2740/2744/2847 2689/2693/2796 2737/2741/2844
f 2737/2741/2844 2736/2740/2843 2740/2744/2847
f 2689/2693/2796 2740/2744/2847 2741/2745/2848
f 2741/2745/2848 2686/2690/2793 2689/2693/2796
f 2731/2735/2838 2684/2688/2791 2706/2710/2813
f 2706/2710/2813 2742/2746/2849 2731/2735/2838
f 2743/2747/2850 2714/2718/2821 2686/2690/2793
f 2686/2690/2793 2741/2745/2848 2743/2747/2850
f 2744/2748/2851 2728/2732/2835 2730/2734/2837
f 2730/2734/2837 2693/2697/2800 2744/2748/2851
f 2745/2749/2852 2732/2736/2839 2735/2739/2842
f 2735/2739/2842 2746/2750/2853 2745/2749/2852
f 2747/2751/2854 2736/2740/2843 2739/2743/2846
f 2739/2743/2846 2748/2752/2855 2747/2751/2854
f 2749/2753/2856 2740/2744/2847 2736/2740/2843
f 2736/2740/2843 2747/2751/2854 2749/2753/2856
f 2693/2697/2800 2730/2734/2837 2731/2735/2838
f 2731/2735/2838 2690/2694/2797 2693/2697/2800
f 2750/2754/2857 2741/2745/2848 2740/2744/2847
f 2740/2744/2847 2749/2753/2856 2750/2754/2857
f 2690/2694/2797 2731/2735/2838 2742/2746/2849
f 2742/2746/2849 2707/2711/2814 2690/2694/2797
f 2751/2755/2858 2743/2747/2850 2741/2745/2848
f 2741/2745/2848 2750/2754/2857 2751/2755/2858
f 2693/2697/2800 2692/2696/2799 2752/2756/2859
f 2752/2756/2859 2744/2748/2851 2693/2697/2800
f 2700/2704/2807 2747/2751/2854 2748/2752/2855
f 2748/2752/2855 2753/2757/2860 2700/2704/2807
f 2700/2704/2807 2699/2703/2806 2749/2753/2856
f 2749/2753/2856 2747/2751/2854 2700/2704/2807
f 2698/2702/2805 2750/2754/2857 2749/2753/2856
f 2749/2753/2856 2699/2703/2806 2698/2702/2805
f 2698/2702/2805 2711/2715/2818 2751/2755/2858
f 2751/2755/2858 2750/2754/2857 2698/2702/2805
f 2754/2758/2861 2755/2759/2862 2756/2760/2863
f 2756/2760/2863 2757/2761/2864 2754/2758/2861
f 2757/2761/2864 2756/2760/2863 2758/2762/2865
f 2758/2762/2865 2759/2763/2866 2757/2761/2864
f 2759/2763/2866 2758/2762/2865 2760/2764/2867
f 2760/2764/2867 2761/2765/2868 2759/2763/2866
f 2761/2765/2868 2760/2764/2867 2762/2766/2869
f 2762/2766/2869 2763/2767/2870 2761/2765/2868
f 2764/2768/2871 2763/2767/2870 2762/2766/2869
f 2765/2769/2872 2766/2770/2873 2767/2771/2874
f 2767/2771/2874 2768/2772/2875 2765/2769/2872
f 2763/2767/2870 2764/2768/2871 2769/2773/2876
f 2769/2773/2876 2770/2774/2877 2763/2767/2870
f 2771/2775/2878 2761/2765/2868 2763/2767/2870
f 2763/2767/2870 2770/2774/2877 2771/2775/2878
f 2772/2776/2879 2759/2763/2866 2761/2765/2868
f 2761/2765/2868 2771/2775/2878 2772/2776/2879
f 2773/2777/2880 2757/2761/2864 2759/2763/2866
f 2759/2763/2866 2772/2776/2879 2773/2777/2880
f 2774/2778/2881 2754/2758/2861 2757/2761/2864
f 2757/2761/2864 2773/2777/2880 2774/2778/2881
f 2775/2779/2882 2766/2770/2873 2765/2769/2872
f 2765/2769/2872 2776/2780/2883 2775/2779/2882
f 2695/2699/2802 2745/2749/2852 2746/2750/2853
f 2746/2750/2853 2696/2700/2803 2695/2699/2802
f 2777/2781/2884 2701/2705/2808 2700/2704/2807
f 2700/2704/2807 2753/2757/2860 2777/2781/2884
f 2778/2782/2885 2712/2716/2819 2701/2705/2808
f 2701/2705/2808 2777/2781/2884 2778/2782/2885
f 2691/2695/2798 2779/2783/2886 2752/2756/2859
f 2752/2756/2859 2692/2696/2799 2691/2695/2798
f 2708/2712/2815 2780/2784/2887 2779/2783/2886
f 2779/2783/2886 2691/2695/2798 2708/2712/2815
f 2754/2758/2861 2765/2769/2872 2768/2772/2875
f 2768/2772/2875 2755/2759/2862 2754/2758/2861
f 2774/2778/2881 2776/2780/2883 2765/2769/2872
f 2765/2769/2872 2754/2758/2861 2774/2778/2881
f 2781/2785/2888 2782/2786/2889 2783/2787/2890
f 2783/2787/2890 2784/2788/2891 2781/2785/2888
f 2785/2789/2892 2786/2790/2893 2782/2786/2889
f 2782/2786/2889 2781/2785/2888 2785/2789/2892
f 2787/2791/2894 2788/2792/2895 2786/2790/2893
f 2786/2790/2893 2785/2789/2892 2787/2791/2894
f 2789/2793/2896 2790/2794/2897 2788/2792/2895
f 2788/2792/2895 2787/2791/2894 2789/2793/2896
f 2791/2795/2898 2792/2796/2899 2790/2794/2897
f 2790/2794/2897 2789/2793/2896 2791/2795/2898
f 2793/2797/2900 2794/2798/2901 2792/2796/2899
f 2792/2796/2899 2791/2795/2898 2793/2797/2900
f 2795/2799/2902 2796/2800/2903 2794/2798/2901
f 2794/2798/2901 2793/2797/2900 2795/2799/2902
f 2797/2801/2904 2798/2802/2905 2799/2803/2906
f 2799/2803/2906 2800/2804/2907 2797/2801/2904
f 2801/2805/2908 2802/2806/2909 2798/2802/2905
f 2798/2802/2905 2797/2801/2904 2801/2805/2908
f 2803/2807/2910 2804/2808/2911 2802/2806/2909
f 2802/2806/2909 2801/2805/2908 2803/2807/2910
f 2800/2804/2907 2799/2803/2906 2805/2809/2912
f 2805/2809/2912 2806/2810/2913 2800/2804/2907
f 2649/2653/2756 2648/2652/2755 2530/2534/2637
f 2530/2534/2637 2529/2533/2636 2649/2653/2756
f 2653/2657/2760 2652/2656/2759 2534/2538/2641
f 2534/2538/2641 2533/2537/2640 2653/2657/2760
f 2653/2657/2760 2533/2537/2640 2675/2679/2782
f 2675/2679/2782 2672/2676/2779 2653/2657/2760
f 2655/2659/2762 2537/2541/2644 2540/2544/2647
f 2540/2544/2647 2656/2660/2763 2655/2659/2762
f 2643/2647/2750 2642/2646/2749 2518/2522/2625
f 2518/2522/2625 2517/2521/2624 2643/2647/2750
f 2643/2647/2750 2517/2521/2624 2522/2526/2629
f 2643/2647/2750 2522/2526/2629 2807/2811/2914
f 2807/2811/1422 2644/2648/2751 2643/2647/2750
f 2808/2812/2915 2528/2532/2635 2530/2534/2637
f 2808/2812/2915 2530/2534/2637 2648/2652/2755
f 2648/2652/2755 2809/2813/2916 2808/2812/2915
f 2528/2532/2635 2527/2531/2634 2531/2535/2638
f 2531/2535/2638 2530/2534/2637 2528/2532/2635
f 2527/2531/2634 2509/2513/2616 2511/2515/2618
f 2511/2515/2618 2531/2535/2638 2527/2531/2634
f 2509/2513/2616 2496/2500/2603 2498/2502/2605
f 2498/2502/2605 2511/2515/2618 2509/2513/2616
f 2496/2500/2603 2476/2480/2583 2478/2482/2585
f 2478/2482/2585 2498/2502/2605 2496/2500/2603
f 2476/2480/2583 2475/2479/2582 2479/2483/2586
f 2479/2483/2586 2478/2482/2585 2476/2480/2583
f 2475/2479/2582 2450/2454/2557 2452/2456/2559
f 2452/2456/2559 2479/2483/2586 2475/2479/2582
f 2450/2454/2557 2449/2453/2556 2453/2457/2560
f 2453/2457/2560 2452/2456/2559 2450/2454/2557
f 2449/2453/2556 2546/2550/2653 2547/2551/2654
f 2547/2551/2654 2453/2457/2560 2449/2453/2556
f 2431/2435/2538 2418/2422/2525 2420/2424/2527
f 2420/2424/2527 2433/2437/2540 2431/2435/2538
f 2418/2422/2525 2398/2402/2505 2400/2404/2507
f 2400/2404/2507 2420/2424/2527 2418/2422/2525
f 2398/2402/2505 2397/2401/2504 2401/2405/2508
f 2401/2405/2508 2400/2404/2507 2398/2402/2505
f 2722/2726/2829 2721/2725/2828 2401/2405/2508
f 2401/2405/2508 2397/2401/2504 2722/2726/2829
f 2728/2732/2835 2735/2739/2842 2734/2738/2841
f 2734/2738/2841 2729/2733/2836 2728/2732/2835
f 2744/2748/2851 2746/2750/2853 2735/2739/2842
f 2735/2739/2842 2728/2732/2835 2744/2748/2851
f 2752/2756/2859 2696/2700/2803 2746/2750/2853
f 2746/2750/2853 2744/2748/2851 2752/2756/2859
f 2779/2783/2886 2697/2701/2804 2696/2700/2803
f 2696/2700/2803 2752/2756/2859 2779/2783/2886
f 2780/2784/2887 2710/2714/2817 2697/2701/2804
f 2697/2701/2804 2779/2783/2886 2780/2784/2887
f 2803/2807/2910 2801/2805/2908 2626/2630/2733
f 2626/2630/2733 2636/2640/2743 2803/2807/2910
f 2801/2805/2908 2797/2801/2904 2620/2624/2727
f 2620/2624/2727 2626/2630/2733 2801/2805/2908
f 2797/2801/2904 2800/2804/2907 2621/2625/2728
f 2621/2625/2728 2620/2624/2727 2797/2801/2904
f 2800/2804/2907 2806/2810/2913 2658/2662/2765
f 2658/2662/2765 2621/2625/2728 2800/2804/2907
f 2795/2799/2902 2793/2797/2900 2599/2603/2706
f 2599/2603/2706 2606/2610/2713 2795/2799/2902
f 2793/2797/2900 2791/2795/2898 2592/2596/2699
f 2592/2596/2699 2599/2603/2706 2793/2797/2900
f 2791/2795/2898 2789/2793/2896 2585/2589/2692
f 2585/2589/2692 2592/2596/2699 2791/2795/2898
f 2789/2793/2896 2787/2791/2894 2578/2582/2685
f 2578/2582/2685 2585/2589/2692 2789/2793/2896
f 2787/2791/2894 2785/2789/2892 2571/2575/2678
f 2571/2575/2678 2578/2582/2685 2787/2791/2894
f 2785/2789/2892 2781/2785/2888 2559/2563/2666
f 2559/2563/2666 2571/2575/2678 2785/2789/2892
f 2781/2785/2888 2784/2788/2891 2560/2564/2667
f 2560/2564/2667 2559/2563/2666 2781/2785/2888
f 2646/2650/2753 2649/2653/2756 2652/2656/2759
f 2652/2656/2759 2651/2655/2758 2646/2650/2753
f 2649/2653/2756 2529/2533/2636 2534/2538/2641
f 2534/2538/2641 2652/2656/2759 2649/2653/2756
f 2529/2533/2636 2532/2536/2639 2535/2539/2642
f 2535/2539/2642 2534/2538/2641 2529/2533/2636
f 2532/2536/2639 2510/2514/2617 2513/2517/2620
f 2513/2517/2620 2535/2539/2642 2532/2536/2639
f 2510/2514/2617 2497/2501/2604 2500/2504/2607
f 2500/2504/2607 2513/2517/2620 2510/2514/2617
f 2497/2501/2604 2477/2481/2584 2482/2486/2589
f 2482/2486/2589 2500/2504/2607 2497/2501/2604
f 2477/2481/2584 2480/2484/2587 2483/2487/2590
f 2483/2487/2590 2482/2486/2589 2477/2481/2584
f 2480/2484/2587 2451/2455/2558 2456/2460/2563
f 2456/2460/2563 2483/2487/2590 2480/2484/2587
f 2451/2455/2558 2454/2458/2561 2457/2461/2564
f 2457/2461/2564 2456/2460/2563 2451/2455/2558
f 2454/2458/2561 2548/2552/2655 2549/2553/2656
f 2549/2553/2656 2457/2461/2564 2454/2458/2561
f 2432/2436/2539 2419/2423/2526 2422/2426/2529
f 2422/2426/2529 2435/2439/2542 2432/2436/2539
f 2419/2423/2526 2399/2403/2506 2404/2408/2511
f 2404/2408/2511 2422/2426/2529 2419/2423/2526
f 2399/2403/2506 2402/2406/2509 2405/2409/2512
f 2405/2409/2512 2404/2408/2511 2399/2403/2506
f 2720/2724/2827 2719/2723/2826 2405/2409/2512
f 2405/2409/2512 2402/2406/2509 2720/2724/2827
f 2732/2736/2839 2739/2743/2846 2738/2742/2845
f 2738/2742/2845 2733/2737/2840 2732/2736/2839
f 2745/2749/2852 2748/2752/2855 2739/2743/2846
f 2739/2743/2846 2732/2736/2839 2745/2749/2852
f 2695/2699/2802 2753/2757/2860 2748/2752/2855
f 2748/2752/2855 2745/2749/2852 2695/2699/2802
f 2694/2698/2801 2777/2781/2884 2753/2757/2860
f 2753/2757/2860 2695/2699/2802 2694/2698/2801
f 2709/2713/2816 2778/2782/2885 2777/2781/2884
f 2777/2781/2884 2694/2698/2801 2709/2713/2816
f 2639/2643/2746 2632/2636/2739 2624/2628/2731
f 2624/2628/2731 2634/2638/2741 2639/2643/2746
f 2632/2636/2739 2631/2635/2738 2616/2620/2723
f 2616/2620/2723 2624/2628/2731 2632/2636/2739
f 2631/2635/2738 2670/2674/2777 2617/2621/2724
f 2617/2621/2724 2616/2620/2723 2631/2635/2738
f 2670/2674/2777 2614/2618/2721 2659/2663/2766
f 2659/2663/2766 2617/2621/2724 2670/2674/2777
f 2602/2606/2709 2595/2599/2702 2590/2594/2697
f 2590/2594/2697 2597/2601/2704 2602/2606/2709
f 2595/2599/2702 2588/2592/2695 2583/2587/2690
f 2583/2587/2690 2590/2594/2697 2595/2599/2702
f 2588/2592/2695 2581/2585/2688 2576/2580/2683
f 2576/2580/2683 2583/2587/2690 2588/2592/2695
f 2581/2585/2688 2574/2578/2681 2569/2573/2676
f 2569/2573/2676 2576/2580/2683 2581/2585/2688
f 2574/2578/2681 2567/2571/2674 2555/2559/2662
f 2555/2559/2662 2569/2573/2676 2574/2578/2681
f 2567/2571/2674 2566/2570/2673 2556/2560/2663
f 2556/2560/2663 2555/2559/2662 2567/2571/2674
f 2657/2661/2764 2656/2660/2763 2642/2646/2749
f 2642/2646/2749 2641/2645/2748 2657/2661/2764
f 2656/2660/2763 2540/2544/2647 2518/2522/2625
f 2518/2522/2625 2642/2646/2749 2656/2660/2763
f 2540/2544/2647 2539/2543/2646 2519/2523/2626
f 2519/2523/2626 2518/2522/2625 2540/2544/2647
f 2539/2543/2646 2516/2520/2623 2505/2509/2612
f 2505/2509/2612 2519/2523/2626 2539/2543/2646
f 2516/2520/2623 2503/2507/2610 2492/2496/2599
f 2492/2496/2599 2505/2509/2612 2516/2520/2623
f 2503/2507/2610 2490/2494/2597 2466/2470/2573
f 2466/2470/2573 2492/2496/2599 2503/2507/2610
f 2490/2494/2597 2489/2493/2596 2467/2471/2574
f 2467/2471/2574 2466/2470/2573 2490/2494/2597
f 2489/2493/2596 2464/2468/2571 2440/2444/2547
f 2440/2444/2547 2467/2471/2574 2489/2493/2596
f 2464/2468/2571 2463/2467/2570 2441/2445/2548
f 2441/2445/2548 2440/2444/2547 2464/2468/2571
f 2463/2467/2570 2553/2557/2660 2541/2545/2648
f 2541/2545/2648 2441/2445/2548 2463/2467/2570
f 2438/2442/2545 2425/2429/2532 2414/2418/2521
f 2414/2418/2521 2427/2431/2534 2438/2442/2545
f 2425/2429/2532 2412/2416/2519 2388/2392/2495
f 2388/2392/2495 2414/2418/2521 2425/2429/2532
f 2412/2416/2519 2411/2415/2518 2389/2393/2496
f 2389/2393/2496 2388/2392/2495 2412/2416/2519
f 2715/2719/2822 2727/2731/2834 2389/2393/2496
f 2389/2393/2496 2411/2415/2518 2715/2719/2822
f 2687/2691/2794 2676/2680/2783 2679/2683/2786
f 2679/2683/2786 2688/2692/2795 2687/2691/2794
f 2713/2717/2820 2703/2707/2810 2676/2680/2783
f 2676/2680/2783 2687/2691/2794 2713/2717/2820
f 2810/2814/2917 1771/1785/1882 1412/1415/1426
f 1412/1415/1426 1414/1417/1428 2810/2814/2917
f 2811/2815/2918 1797/1811/1910 1782/1796/1893
f 1782/1796/1893 2812/2816/2919 2811/2815/2918
f 2812/2816/2919 1782/1796/1893 1783/1797/1894
f 1783/1797/1894 2813/2817/2920 2812/2816/2919
f 2813/2817/2920 1783/1797/1894 1784/1798/1895
f 1784/1798/1895 2814/2818/2921 2813/2817/2920
f 2814/2818/2921 1784/1798/1895 1767/1781/1878
f 1767/1781/1878 2815/2819/2922 2814/2818/2921
f 2815/2819/2922 1767/1781/1878 1766/1780/1877
f 1766/1780/1877 2816/2820/2923 2815/2819/2922
f 2816/2820/2923 1766/1780/1877 1770/1784/1881
f 1770/1784/1881 2817/2821/2924 2816/2820/2923
f 2817/2821/2924 1770/1784/1881 1771/1785/1882
f 1771/1785/1882 2810/2814/2917 2817/2821/2924
f 2818/2822/2925 2810/2814/2917 1414/1417/1428
f 1414/1417/1428 1423/1426/1437 2818/2822/2925
f 2819/2823/2926 2817/2821/2924 2810/2814/2917
f 2810/2814/2917 2818/2822/2925 2819/2823/2926
f 2820/2824/2927 2816/2820/2923 2817/2821/2924
f 2817/2821/2924 2819/2823/2926 2820/2824/2927
f 2821/2825/2928 2815/2819/2922 2816/2820/2923
f 2816/2820/2923 2820/2824/2927 2821/2825/2928
f 2822/2826/2929 2814/2818/2921 2815/2819/2922
f 2815/2819/2922 2821/2825/2928 2822/2826/2929
f 2823/2827/2930 2813/2817/2920 2814/2818/2921
f 2814/2818/2921 2822/2826/2929 2823/2827/2930
f 2824/2828/2931 2812/2816/2919 2813/2817/2920
f 2813/2817/2920 2823/2827/2930 2824/2828/2931
f 2825/2829/2932 2811/2815/2918 2812/2816/2919
f 2812/2816/2919 2824/2828/2931 2825/2829/2932
f 1681/1695/1791 1680/1694/1790 1672/1686/1782
f 1672/1686/1782 1638/1652/1742 1681/1695/1791
f 1683/1697/1793 1646/1660/1750 1672/1686/1782
f 1672/1686/1782 1680/1694/1790 1683/1697/1793
f 1646/1660/1750 1683/1697/1793 1684/1698/1794
f 1684/1698/1794 1647/1661/1751 1646/1660/1750
f 1637/1651/1741 1644/1658/1748 1681/1695/1791
f 1681/1695/1791 1638/1652/1742 1637/1651/1741
f 1644/1658/1748 1765/1779/1876 1682/1696/1792
f 1682/1696/1792 1681/1695/1791 1644/1658/1748
f 1785/1799/1896 1685/1699/1795 1682/1696/1792
f 1682/1696/1792 1765/1779/1876 1785/1799/1896
f 2826/2830/2933 2379/2383/2486 2380/2384/2487
f 2380/2384/2487 2827/2831/2934 2826/2830/2933
f 2827/2831/2934 2380/2384/2487 2381/2385/2488
f 2381/2385/2488 2828/2832/2935 2827/2831/2934
f 2829/2833/2936 2382/2386/2489 2383/2387/2490
f 2383/2387/2490 2830/2834/2937 2829/2833/2936
f 2830/2834/2937 2383/2387/2490 2384/2388/2491
f 2384/2388/2491 2831/2835/2938 2830/2834/2937
f 2831/2835/2938 2384/2388/2491 2385/2389/2492
f 2385/2389/2492 2832/2836/2939 2831/2835/2938
f 2832/2836/2939 2385/2389/2492 2386/2390/2493
f 2386/2390/2493 2833/2837/2940 2832/2836/2939
f 2833/2837/2940 2386/2390/2493 2378/2382/2485
f 2378/2382/2485 2834/2838/2941 2833/2837/2940
f 2834/2838/2941 2378/2382/2485 2379/2383/2486
f 2379/2383/2486 2826/2830/2933 2834/2838/2941
f 2541/2545/2942 2835/2839/2943 2836/2840/2944
f 2836/2840/2944 2542/2546/2945 2541/2545/2942
f 2542/2546/2945 2836/2840/2944 2837/2841/2946
f 2837/2841/2946 2543/2547/2650 2542/2546/2945
f 2543/2547/2650 2837/2841/2946 2838/2842/2947
f 2838/2842/2947 2544/2548/2651 2543/2547/2650
f 2545/2549/2652 2839/2843/2948 2840/2844/2949
f 2840/2844/2949 2546/2550/2653 2545/2549/2652
f 2547/2551/2654 2841/2845/2950 2842/2846/2951
f 2842/2846/2951 2548/2552/2655 2547/2551/2654
f 2549/2553/2656 2843/2847/2952 2844/2848/2953
f 2844/2848/2953 2550/2554/2657 2549/2553/2656
f 2550/2554/2657 2844/2848/2953 2845/2849/2954
f 2845/2849/2954 2551/2555/2955 2550/2554/2657
f 2552/2556/2956 2846/2850/2957 2847/2851/2958
f 2847/2851/2958 2553/2557/2959 2552/2556/2956
f 2600/2604/2960 2848/2852/2961 2849/2853/2962
f 2849/2853/2963 2598/2602/2964 2600/2604/2965
f 2602/2606/2966 2850/2854/2967 2851/2855/2968
f 2851/2855/2968 2601/2605/2969 2602/2606/2966
f 2603/2607/2970 2852/2856/2971 2853/2857/2972
f 2853/2857/2972 2604/2608/2973 2603/2607/2970
f 2598/2602/2974 2849/2853/2975 2854/2858/2976
f 2854/2858/2977 2605/2609/2978 2598/2602/2979
f 2605/2609/2980 2854/2858/2981 2855/2859/2982
f 2855/2859/2982 2606/2610/2983 2605/2609/2980
f 2795/2799/2984 2856/2860/2985 2857/2861/2986
f 2857/2861/2987 2796/2800/2988 2795/2799/2989
f 2796/2800/2990 2857/2861/2991 1463/1466/1493
f 1463/1466/1493 1464/1467/1495 2796/2800/2990
f 2546/2550/2653 2840/2844/2949 2841/2845/2950
f 2841/2845/2950 2547/2551/2654 2546/2550/2653
f 2606/2610/2983 2855/2859/2982 2856/2860/2992
f 2856/2860/2993 2795/2799/2994 2606/2610/2995
f 2548/2552/2655 2842/2846/2951 2843/2847/2952
f 2843/2847/2952 2549/2553/2656 2548/2552/2655
f 2604/2608/2973 2853/2857/2972 2858/2862/2996
f 2858/2862/2997 2859/2863/2998 2604/2608/2999
f 2859/2863/3000 2858/2862/3001 2850/2854/3002
f 2850/2854/3003 2602/2606/3004 2859/2863/3005
f 2553/2557/2959 2847/2851/2958 2835/2839/2943
f 2835/2839/2943 2541/2545/2942 2553/2557/2959
f 2426/2430/3006 2860/2864/3007 2861/2865/3008
f 2861/2865/3008 2427/2431/3009 2426/2430/3006
f 2428/2432/3010 2862/2866/3011 2860/2864/3007
f 2860/2864/3007 2426/2430/3006 2428/2432/3010
f 2429/2433/3012 2863/2867/3013 2862/2866/3011
f 2862/2866/3011 2428/2432/3010 2429/2433/3012
f 2431/2435/3014 2864/2868/3015 2865/2869/3016
f 2865/2869/3016 2430/2434/3017 2431/2435/3014
f 2432/2436/3018 2866/2870/3019 2867/2871/3020
f 2867/2871/3020 2433/2437/3021 2432/2436/3018
f 2434/2438/3022 2868/2872/3023 2869/2873/3024
f 2869/2873/3024 2435/2439/3025 2434/2438/3022
f 2436/2440/3026 2870/2874/3027 2868/2872/3023
f 2868/2872/3023 2434/2438/3022 2436/2440/3026
f 2438/2442/3028 2871/2875/3029 2872/2876/3030
f 2872/2876/3030 2437/2441/3031 2438/2442/3028
f 2433/2437/3021 2867/2871/3020 2864/2868/3015
f 2864/2868/3015 2431/2435/3014 2433/2437/3021
f 2435/2439/3025 2869/2873/3024 2866/2870/3019
f 2866/2870/3019 2432/2436/3018 2435/2439/3025
f 2427/2431/3009 2861/2865/3008 2871/2875/3029
f 2871/2875/3029 2438/2442/3028 2427/2431/3009
f 2873/2877/3032 1801/1815/3033 1800/1814/3034
f 2873/2877/3032 1800/1814/3034 2874/2878/3035
f 2874/2878/3035 2875/2879/3036 2873/2877/3032
f 2876/2880/3037 1833/1847/3038 1811/1825/3039
f 2876/2880/3037 1811/1825/3039 2877/2881/3040
f 2877/2881/3040 2878/2882/3041 2876/2880/3037
f 2879/2883/3042 1862/1876/3043 1852/1866/3044
f 2879/2883/3042 1852/1866/3044 2880/2884/3045
f 2880/2884/3045 2881/2885/3046 2879/2883/3042
f 2882/2886/3047 1881/1895/3048 1870/1884/3049
f 2882/2886/3047 1870/1884/3049 2883/2887/3050
f 2883/2887/3050 2884/2888/3051 2882/2886/3047
f 2633/2637/3052 2885/2889/3053 2886/2890/3054
f 2886/2890/3054 2634/2638/3055 2633/2637/3052
f 2635/2639/3056 2887/2891/3057 2888/2892/3058
f 2888/2892/3058 2636/2640/3059 2635/2639/3056
f 2637/2641/3060 2889/2893/3061 2887/2891/3057
f 2887/2891/3057 2635/2639/3056 2637/2641/3060
f 2639/2643/3062 2890/2894/3063 2891/2895/3064
f 2891/2895/3064 2638/2642/3065 2639/2643/3062
f 2803/2807/3066 2892/2896/3067 2893/2897/3068
f 2893/2897/3068 2804/2808/3069 2803/2807/3066
f 2804/2808/3069 2893/2897/3068 1501/1504/1574
f 1501/1504/1574 1502/1505/1575 2804/2808/3069
f 2636/2640/3059 2888/2892/3058 2892/2896/3070
f 2892/2896/3071 2803/2807/3072 2636/2640/3073
f 2634/2638/3055 2886/2890/3054 2890/2894/3063
f 2890/2894/3063 2639/2643/3062 2634/2638/3055
f 1799/1813/3074 1798/1812/3075 2894/1549/1634
f 2894/1549/1634 2895/1530/1612 1799/1813/3074
f 1811/1825/3039 1801/1815/3033 2873/2877/3032
f 1811/1825/3039 2873/2877/3032 2878/2882/3041
f 2878/2882/3041 2877/2881/3040 1811/1825/3039
f 1810/1824/3076 2297/1550/1635 2894/1549/1634
f 2894/1549/1634 1798/1812/3075 1810/1824/3076
f 1810/1824/3076 1832/1846/3077 2294/2308/2411
f 2294/2308/2411 2297/1550/1635 1810/1824/3076
f 1852/1866/3044 1833/1847/3038 2876/2880/3037
f 1852/1866/3044 2876/2880/3037 2881/2885/3046
f 2881/2885/3046 2880/2884/3045 1852/1866/3044
f 1851/1865/3078 2298/1521/1601 2294/2308/2411
f 2294/2308/2411 1832/1846/3077 1851/1865/3078
f 1851/1865/3078 1861/1875/3079 2896/164/162
f 2896/164/162 2298/1521/1601 1851/1865/3078
f 1870/1884/3049 1862/1876/3043 2879/2883/3042
f 1870/1884/3049 2879/2883/3042 2884/2888/3051
f 2884/2888/3051 2883/2887/3050 1870/1884/3049
f 1869/1883/3080 2897/165/163 2896/164/162
f 2896/164/162 1861/1875/3079 1869/1883/3080
f 1869/1883/3080 1880/1894/3081 2898/1536/1619
f 2898/1536/1619 2897/165/163 1869/1883/3080
f 1800/1814/3034 1896/1910/3082 2899/2898/3083
f 1800/1814/3034 2899/2898/3083 2875/2879/3036
f 2875/2879/3036 2874/2878/3035 1800/1814/3034
f 1799/1813/3074 2895/1530/1612 2900/1529/1611
f 2900/1529/1611 1895/1909/3084 1799/1813/3074
f 1570/1584/1674 161/161/159 1510/1513/1595
f 1510/1513/1595 1571/1585/1675 1570/1584/1674
f 1571/1585/1675 1510/1513/1595 1511/1514/1596
f 1511/1514/1596 1574/1588/1678 1571/1585/1675
f 2901/2899/1422 2902/2899/3085 2903/2900/3086
f 2904/2901/3087 2905/2902/3087 2901/2899/3087
f 2904/2901/3088 2901/2899/3088 2903/2900/3088
f 2894/1549/1634 2311/1548/1633 2309/1535/1618
f 2906/2903/1422 2907/2903/3089 2908/2904/3090
f 2604/2608/2711 2859/2863/3091 2602/2606/2709
f 2906/2903/3092 2908/2904/3092 2909/2905/3093
f 2909/2905/3094 2910/2906/3095 2906/2903/3096
f 1574/1588/1678 1511/1514/1596 2911/2907/3097
f 2911/2907/3097 2912/2908/3098 1574/1588/1678
f 2602/2606/2709 2597/2601/2704 2604/2608/2711
f 1658/1672/1765 240/243/243 270/273/274
f 270/273/274 1659/1673/1766 1658/1672/1765
f 1569/1583/1671 2885/2889/3053 2633/2637/3052
f 2913/2909/3099 2914/2910/3100 2915/2911/3100
f 2913/2909/3099 2915/2911/3100 2916/2912/3101
f 2913/2909/3099 2916/2912/3101 2917/2909/1613
f 2633/2637/3052 1235/1238/1672 1569/1583/1671
f 2918/2913/3102 1528/1537/3103 1594/1608/3104
f 1594/1608/3104 2919/2914/3105 2918/2913/3102
f 1594/1608/1698 1528/1537/1625 1531/1540/1624
f 1531/1540/1624 1595/1609/1699 1594/1608/1698
f 1663/1677/1770 1533/1542/1627 1532/1541/1626
f 1532/1541/1626 1660/1674/1767 1663/1677/1770
f 2920/2915/1613 2921/2915/3106 2922/2916/3107
f 2920/2915/3108 2922/2916/1613 2923/2917/3109
f 2920/2915/3108 2923/2917/3109 2924/2918/3110
f 2924/2918/3111 2925/2919/3112 2920/2915/3113
f 1674/1688/1784 269/272/273 1538/1551/1636
f 1538/1551/1636 1675/1689/1785 1674/1688/1784
f 1660/1674/1767 1532/1541/1626 1539/1552/1637
f 1539/1552/1637 1666/1680/1773 1660/1674/1767
f 1675/1689/1785 1538/1551/1636 2926/2920/3114
f 1568/1582/1669 2852/2856/2971 2603/2607/2970
f 2926/2920/3114 2927/2921/3114 1675/1689/1785
f 1595/1609/1699 1531/1540/1624 1533/1542/1640
f 1533/1542/1640 1663/1677/1908 1595/1609/1699
f 1666/1680/1773 1539/1552/1637 385/388/390
f 385/388/390 1667/1681/1774 1666/1680/1773
f 1710/1724/1821 2928/2922/3115 2929/2923/3116
f 2929/2923/3116 1711/1725/1822 1710/1724/1821
f 1711/1725/1822 2929/2923/3116 2930/2924/3117
f 2930/2924/3117 1713/1727/1824 1711/1725/1822
f 1713/1727/1824 2930/2924/3117 1545/1559/1644
f 1545/1559/1644 1715/1729/1826 1713/1727/1824
f 1715/1729/1826 1545/1559/1644 1546/1560/1645
f 1546/1560/1645 1717/1731/1828 1715/1729/1826
f 1720/1734/1831 2931/2925/3118 2928/2922/3115
f 2928/2922/3115 1710/1724/1821 1720/1734/1831
f 1773/1787/1884 2932/2926/3119 2931/2925/3118
f 2931/2925/3118 1720/1734/1831 1773/1787/1884
f 1778/1792/1889 2933/2927/3120 2932/2926/3119
f 2932/2926/3119 1773/1787/1884 1778/1792/1889
f 1717/1731/1828 1546/1560/1645 1550/1564/1649
f 1550/1564/1649 1785/1799/1896 1717/1731/1828
f 1797/1811/1910 2934/2928/3121 2933/2927/3120
f 2933/2927/3120 1778/1792/1889 1797/1811/1910
f 2524/2528/3122 2935/2929/3123 2807/2811/3124
f 2807/2811/2914 2522/2526/2629 2524/2528/2631
f 2528/2532/2635 2808/2812/2915 2936/2930/3125
f 2936/2930/3125 2525/2529/2632 2528/2532/2635
f 2804/2808/2911 1502/1505/1654 1554/1568/1653
f 1554/1568/1653 2802/2806/2909 2804/2808/2911
f 2802/2806/2909 1554/1568/1653 1555/1569/1655
f 1555/1569/1655 2798/2802/2905 2802/2806/2909
f 2798/2802/2905 1555/1569/1655 1556/1570/1656
f 1556/1570/1656 2799/2803/2906 2798/2802/2905
f 2799/2803/2906 1556/1570/1656 1557/1571/1657
f 1557/1571/1657 2805/2809/2912 2799/2803/2906
f 2796/2800/2903 1464/1467/1659 1558/1572/1658
f 1558/1572/1658 2794/2798/2901 2796/2800/2903
f 2794/2798/2901 1558/1572/1658 1559/1573/1660
f 1559/1573/1660 2792/2796/2899 2794/2798/2901
f 2792/2796/2899 1559/1573/1660 1560/1574/1661
f 1560/1574/1661 2790/2794/2897 2792/2796/2899
f 2790/2794/2897 1560/1574/1661 1561/1575/1662
f 1561/1575/1662 2788/2792/2895 2790/2794/2897
f 2788/2792/2895 1561/1575/1662 1562/1576/1663
f 1562/1576/1663 2786/2790/2893 2788/2792/2895
f 2786/2790/2893 1562/1576/1663 1563/1577/1664
f 1563/1577/1664 2782/2786/2889 2786/2790/2893
f 2782/2786/2889 1563/1577/1664 1564/1578/1665
f 1564/1578/1665 2783/2787/2890 2782/2786/2889
f 2647/2651/2754 2937/2931/3126 2809/2813/2916
f 2809/2813/2916 2648/2652/2755 2647/2651/2754
f 2811/2815/2918 2938/2932/3127 2934/2928/3121
f 2934/2928/3121 1797/1811/1910 2811/2815/2918
f 2825/2829/2932 2939/2933/3128 2938/2932/3127
f 2938/2932/3127 2811/2815/2918 2825/2829/2932
f 1684/1698/1794 267/270/271 238/241/241
f 238/241/241 1647/1661/1751 1684/1698/1794
f 1785/1799/1896 1550/1564/1649 268/271/272
f 268/271/272 1685/1699/1795 1785/1799/1896
f 1756/1770/1867 344/347/349 1412/1415/1426
f 1412/1415/1426 1771/1785/1882 1756/1770/1867
f 2603/2607/2970 1201/1204/1670 1568/1582/1669
f 2940/2934/3129 2941/2935/3130 2942/2936/3131
f 2942/2936/3131 2943/2937/3132 2940/2934/3129
f 2944/2938/3133 2940/2934/3129 2943/2937/3132
f 2943/2937/3132 2945/2939/3134 2944/2938/3133
f 2946/2940/3135 2944/2938/3133 2945/2939/3134
f 2945/2939/3134 2947/2941/3136 2946/2940/3135
f 2948/2942/3137 2949/2943/3138 2950/2944/3139
f 2950/2944/3139 2951/2945/3140 2948/2942/3137
f 2952/2946/3141 2948/2942/3137 2951/2945/3140
f 2951/2945/3140 2953/2947/3142 2952/2946/3141
f 2954/2948/3143 2952/2946/3141 2953/2947/3142
f 2953/2947/3142 2955/2949/3144 2954/2948/3143
f 2956/2950/3145 2954/2948/3143 2955/2949/3144
f 2955/2949/3144 2957/2951/3146 2956/2950/3145
f 2958/2952/3147 2956/2950/3145 2957/2951/3146
f 2957/2951/3146 2959/2953/3148 2958/2952/3147
f 2960/2954/3149 2958/2952/3147 2959/2953/3148
f 2959/2953/3148 2961/2955/3150 2960/2954/3149
f 2962/2956/3151 2960/2954/3149 2961/2955/3150
f 2961/2955/3150 2963/2957/3152 2962/2956/3151
f 2964/2958/3153 2962/2956/3151 2963/2957/3152
f 2963/2957/3152 2965/2959/3154 2964/2958/3153
f 2966/2960/3155 2964/2958/3153 2967/2961/3156
f 2967/2961/3156 2968/2962/3157 2966/2960/3155
f 2969/2963/3158 2966/2960/3155 2968/2962/3157
f 2968/2962/3157 2970/2964/3159 2969/2963/3158
f 2971/2965/3160 2969/2963/3158 2970/2964/3159
f 2970/2964/3159 2972/2966/3161 2971/2965/3160
f 2973/2967/3162 2971/2965/3160 2972/2966/3161
f 2972/2966/3161 2974/2968/3163 2973/2967/3162
f 2975/2969/3164 2973/2967/3162 2974/2968/3163
f 2974/2968/3163 2976/2970/3165 2975/2969/3164
f 2977/2971/3166 2975/2969/3164 2976/2970/3165
f 2976/2970/3165 2978/2972/3167 2977/2971/3166
f 2979/2973/3168 2977/2971/3166 2978/2972/3167
f 2978/2972/3167 2980/2974/3169 2979/2973/3168
f 2981/2975/3170 2982/2976/3171 2983/2977/3172
f 2983/2977/3172 2984/2978/3173 2981/2975/3170
f 2985/2979/3174 2981/2975/3170 2984/2978/3173
f 2984/2978/3173 2986/2980/3175 2985/2979/3174
f 2987/2981/3176 2985/2979/3174 2986/2980/3175
f 2986/2980/3175 2988/2982/3177 2987/2981/3176
f 2941/2935/3130 2987/2981/3176 2989/2983/3178
f 2989/2983/3178 2942/2936/3131 2941/2935/3130
f 2943/2937/3132 2942/2936/3131 2989/2983/3178
f 2989/2983/3178 2990/2984/3179 2943/2937/3132
f 2945/2939/3134 2943/2937/3132 2990/2984/3179
f 2990/2984/3179 2991/2985/3180 2945/2939/3134
f 2947/2941/3136 2945/2939/3134 2991/2985/3180
f 2991/2985/3180 2992/2986/3181 2947/2941/3136
f 2951/2945/3140 2950/2944/3139 2993/2987/3182
f 2993/2987/3182 2994/2988/3183 2951/2945/3140
f 2953/2947/3142 2951/2945/3140 2994/2988/3183
f 2994/2988/3183 2995/2989/3184 2953/2947/3142
f 2955/2949/3144 2953/2947/3142 2995/2989/3184
f 2995/2989/3184 2996/2990/3185 2955/2949/3144
f 2957/2951/3146 2955/2949/3144 2996/2990/3185
f 2996/2990/3185 2997/2991/3186 2957/2951/3146
f 2959/2953/3148 2957/2951/3146 2997/2991/3186
f 2997/2991/3186 2998/2992/3187 2959/2953/3148
f 2961/2955/3150 2959/2953/3148 2998/2992/3187
f 2998/2992/3187 2999/2993/3188 2961/2955/3150
f 2963/2957/3152 2961/2955/3150 2999/2993/3188
f 2999/2993/3188 2965/2959/3154 2963/2957/3152
f 2985/2979/3174 2987/2981/3176 2941/2935/3130
f 2941/2935/3130 2940/2934/3129 2985/2979/3174
f 2981/2975/3170 2985/2979/3174 2940/2934/3129
f 2940/2934/3129 2944/2938/3133 2981/2975/3170
f 2982/2976/3171 2981/2975/3170 2944/2938/3133
f 2944/2938/3133 2946/2940/3135 2982/2976/3171
f 2977/2971/3166 2979/2973/3168 2949/2943/3138
f 2949/2943/3138 2948/2942/3137 2977/2971/3166
f 2975/2969/3164 2977/2971/3166 2948/2942/3137
f 2948/2942/3137 2952/2946/3141 2975/2969/3164
f 2973/2967/3162 2975/2969/3164 2952/2946/3141
f 2952/2946/3141 2954/2948/3143 2973/2967/3162
f 2971/2965/3160 2973/2967/3162 2954/2948/3143
f 2954/2948/3143 2956/2950/3145 2971/2965/3160
f 2969/2963/3158 2971/2965/3160 2956/2950/3145
f 2956/2950/3145 2958/2952/3147 2969/2963/3158
f 2966/2960/3155 2969/2963/3158 2958/2952/3147
f 2958/2952/3147 2960/2954/3149 2966/2960/3155
f 2964/2958/3153 2966/2960/3155 2960/2954/3149
f 2960/2954/3149 2962/2956/3151 2964/2958/3153
f 2949/2943/3138 2946/2940/3135 2947/2941/3136
f 2947/2941/3136 2950/2944/3139 2949/2943/3138
f 2950/2944/3139 2947/2941/3136 2992/2986/3181
f 2992/2986/3181 2993/2987/3182 2950/2944/3139
f 2982/2976/3171 2979/2973/3168 2980/2974/3169
f 2980/2974/3169 2983/2977/3172 2982/2976/3171
f 2979/2973/3168 2982/2976/3171 2946/2940/3135
f 2946/2940/3135 2949/2943/3138 2979/2973/3168
f 3000/2994/3189 3001/2995/3190 3002/2996/3191
f 3002/2996/3191 3003/2997/3192 3000/2994/3189
f 3003/2997/3192 3002/2996/3191 3004/2998/3193
f 3004/2998/3193 3005/2999/3194 3003/2997/3192
f 3005/2999/3194 3004/2998/3193 3006/3000/3195
f 3006/3000/3195 3007/3001/3196 3005/2999/3194
f 3008/3002/3197 3009/3003/3198 3010/3004/3199
f 3010/3004/3199 3011/3005/3200 3008/3002/3197
f 3011/3005/3200 3010/3004/3199 3012/3006/3201
f 3012/3006/3201 3013/3007/3202 3011/3005/3200
f 3013/3007/3202 3012/3006/3201 3014/3008/3203
f 3014/3008/3203 3015/3009/3204 3013/3007/3202
f 3015/3009/3204 3014/3008/3203 3016/3010/3205
f 3016/3010/3205 3017/3011/3206 3015/3009/3204
f 3017/3011/3206 3016/3010/3205 3018/3012/3207
f 3018/3012/3207 3019/3013/3208 3017/3011/3206
f 3019/3013/3208 3018/3012/3207 3020/3014/3209
f 3020/3014/3209 3021/3015/3210 3019/3013/3208
f 3021/3015/3210 3020/3014/3209 3022/3016/3211
f 3022/3016/3211 3023/3017/3212 3021/3015/3210
f 3023/3017/3212 3022/3016/3211 3024/3018/3213
f 3024/3018/3213 3025/3019/3214 3023/3017/3212
f 3026/3020/3215 3024/3018/3213 3027/3021/3216
f 3027/3021/3216 3028/3022/3217 3026/3020/3215
f 3028/3022/3217 3027/3021/3216 3029/3023/3218
f 3029/3023/3218 3030/3024/3219 3028/3022/3217
f 3030/3024/3219 3029/3023/3218 3031/3025/3220
f 3031/3025/3220 3032/3026/3221 3030/3024/3219
f 3032/3026/3221 3031/3025/3220 3033/3027/3222
f 3033/3027/3222 3034/3028/3223 3032/3026/3221
f 3034/3028/3223 3033/3027/3222 3035/3029/3224
f 3035/3029/3224 3036/3030/3225 3034/3028/3223
f 3036/3030/3225 3035/3029/3224 3037/3031/3226
f 3037/3031/3226 3038/3032/3227 3036/3030/3225
f 3038/3032/3227 3037/3031/3226 3039/3033/3228
f 3039/3033/3228 3040/3034/3229 3038/3032/3227
f 3041/3035/3230 3042/3036/3231 3043/3037/3232
f 3043/3037/3232 3044/3038/3233 3041/3035/3230
f 3044/3038/3233 3043/3037/3232 3045/3039/3234
f 3045/3039/3234 3046/3040/3235 3044/3038/3233
f 3046/3040/3235 3045/3039/3234 3047/3041/3236
f 3047/3041/3236 3048/3042/3237 3046/3040/3235
f 3049/3043/3238 3047/3041/3236 3001/2995/3190
f 3001/2995/3190 3000/2994/3189 3049/3043/3238
f 3049/3043/3238 3000/2994/3189 3003/2997/3192
f 3003/2997/3192 3050/3044/3239 3049/3043/3238
f 3050/3044/3239 3003/2997/3192 3005/2999/3194
f 3005/2999/3194 3051/3045/3240 3050/3044/3239
f 3051/3045/3240 3005/2999/3194 3007/3001/3196
f 3007/3001/3196 3052/3046/3241 3051/3045/3240
f 3053/3047/3242 3008/3002/3197 3011/3005/3200
f 3011/3005/3200 3054/3048/3243 3053/3047/3242
f 3054/3048/3243 3011/3005/3200 3013/3007/3202
f 3013/3007/3202 3055/3049/3244 3054/3048/3243
f 3055/3049/3244 3013/3007/3202 3015/3009/3204
f 3015/3009/3204 3056/3050/3245 3055/3049/3244
f 3056/3050/3245 3015/3009/3204 3017/3011/3206
f 3017/3011/3206 3057/3051/3246 3056/3050/3245
f 3057/3051/3246 3017/3011/3206 3019/3013/3208
f 3019/3013/3208 3058/3052/3247 3057/3051/3246
f 3058/3052/3247 3019/3013/3208 3021/3015/3210
f 3021/3015/3210 3059/3053/3248 3058/3052/3247
f 3059/3053/3248 3021/3015/3210 3023/3017/3212
f 3023/3017/3212 3025/3019/3214 3059/3053/3248
f 3001/2995/3190 3047/3041/3236 3045/3039/3234
f 3045/3039/3234 3002/2996/3191 3001/2995/3190
f 3002/2996/3191 3045/3039/3234 3043/3037/3232
f 3043/3037/3232 3004/2998/3193 3002/2996/3191
f 3004/2998/3193 3043/3037/3232 3042/3036/3231
f 3042/3036/3231 3006/3000/3195 3004/2998/3193
f 3009/3003/3198 3039/3033/3228 3037/3031/3226
f 3037/3031/3226 3010/3004/3199 3009/3003/3198
f 3010/3004/3199 3037/3031/3226 3035/3029/3224
f 3035/3029/3224 3012/3006/3201 3010/3004/3199
f 3012/3006/3201 3035/3029/3224 3033/3027/3222
f 3033/3027/3222 3014/3008/3203 3012/3006/3201
f 3014/3008/3203 3033/3027/3222 3031/3025/3220
f 3031/3025/3220 3016/3010/3205 3014/3008/3203
f 3016/3010/3205 3031/3025/3220 3029/3023/3218
f 3029/3023/3218 3018/3012/3207 3016/3010/3205
f 3018/3012/3207 3029/3023/3218 3027/3021/3216
f 3027/3021/3216 3020/3014/3209 3018/3012/3207
f 3020/3014/3209 3027/3021/3216 3024/3018/3213
f 3024/3018/3213 3022/3016/3211 3020/3014/3209
f 3007/3001/3196 3006/3000/3195 3009/3003/3198
f 3009/3003/3198 3008/3002/3197 3007/3001/3196
f 3052/3046/3241 3007/3001/3196 3008/3002/3197
f 3008/3002/3197 3053/3047/3242 3052/3046/3241
f 3040/3034/3229 3039/3033/3228 3042/3036/3231
f 3042/3036/3231 3041/3035/3230 3040/3034/3229
f 3006/3000/3195 3042/3036/3231 3039/3033/3228
f 3039/3033/3228 3009/3003/3198 3006/3000/3195
