# Blender 5.2.0 LTS
# www.blender.org
mtllib farmer0220.mtl
o obj4
v 0.318527 5.435544 0.621850
v 0.285907 5.418549 0.627983
v 0.310974 5.384712 0.622357
v 0.340638 5.379842 0.618242
v 0.238201 5.475321 0.634556
v 0.236555 5.434230 0.636686
v 0.160213 5.456489 0.635888
v 0.191841 5.432266 0.623565
v 0.338938 5.379942 0.610505
v 0.316774 5.435453 0.614120
v 0.309273 5.384813 0.614621
v 0.338938 5.379942 0.610505
v 0.284154 5.418459 0.620253
v 0.235741 5.434806 0.628763
v 0.316774 5.435453 0.614120
v 0.237386 5.475897 0.626632
v 0.160430 5.457889 0.628184
v 0.192059 5.433665 0.615862
v 0.237386 5.475897 0.626632
v 0.160430 5.457889 0.628184
v -0.056499 5.374251 0.456160
v -0.045794 5.409106 0.477965
v -0.063499 5.424668 0.449071
v -0.072737 5.368074 0.431285
v -0.021957 5.467916 0.516894
v -0.020530 5.426912 0.520415
v 0.018887 5.427342 0.545344
v 0.029347 5.452764 0.576702
v -0.056538 5.424827 0.445282
v -0.065815 5.368420 0.427448
v -0.065815 5.368420 0.427448
v -0.049577 5.374599 0.452324
v -0.038833 5.409264 0.474175
v -0.014075 5.427695 0.515779
v -0.015501 5.468698 0.512259
v -0.056538 5.424827 0.445282
v 0.024458 5.428894 0.540061
v 0.034919 5.454317 0.571420
v 0.034919 5.454317 0.571420
v -0.015501 5.468698 0.512259
v 0.820759 5.463266 0.111247
v 0.817784 5.340459 0.149623
v 0.729457 5.255794 -0.137700
v 0.734273 5.380365 -0.170085
v 0.514041 5.219593 -0.325671
v 0.523349 5.344918 -0.354139
v 0.523349 5.344918 -0.354139
v 0.514041 5.219593 -0.325671
v 0.229257 5.241555 -0.363925
v 0.244501 5.366423 -0.391594
v -0.048589 5.315798 -0.242212
v -0.027551 5.439117 -0.272418
v -0.245047 5.422425 0.006858
v -0.219914 5.543522 -0.028542
v -0.307476 5.532866 0.316543
v -0.281042 5.651661 0.274688
v -0.219150 5.617530 0.603868
v -0.194556 5.734559 0.556021
v -0.003732 5.653731 0.791839
v 0.016368 5.770005 0.740074
v 0.281052 5.631768 0.830094
v 0.295216 5.748501 0.777530
v 0.558897 5.557527 0.708378
v 0.567269 5.675809 0.658353
v 0.755355 5.450902 0.459308
v 0.759631 5.571406 0.414477
v 0.576949 5.580073 0.124304
v 0.597637 5.461627 0.156586
v 0.545435 5.411588 -0.013227
v 0.530145 5.535211 -0.027945
v 0.418120 5.390192 -0.124321
v 0.415998 5.516028 -0.127549
v 0.415998 5.516028 -0.127549
v 0.418120 5.390192 -0.124321
v 0.249808 5.403172 -0.146930
v 0.265093 5.527666 -0.147820
v 0.085597 5.447050 -0.074994
v 0.117866 5.567005 -0.083325
v -0.030512 5.510068 0.072209
v 0.013765 5.623506 0.048654
v -0.067409 5.575341 0.255238
v -0.019316 5.682028 0.212754
v -0.015206 5.625380 0.425051
v 0.027487 5.726891 0.365004
v 0.112108 5.646774 0.536145
v 0.141635 5.746073 0.464609
v 0.280420 5.633795 0.558754
v 0.292540 5.734437 0.484879
v 0.444631 5.589917 0.486818
v 0.439767 5.695096 0.420383
v 0.560741 5.526899 0.339614
v 0.543868 5.638596 0.288404
v 0.534008 5.686092 0.100320
v 0.495792 5.649461 -0.023992
v 0.402592 5.633799 -0.105319
v 0.402592 5.633799 -0.105319
v 0.279378 5.643301 -0.121870
v 0.159167 5.675422 -0.069209
v 0.074169 5.721554 0.038551
v 0.047159 5.769337 0.172538
v 0.085373 5.805968 0.296850
v 0.178575 5.821630 0.378177
v 0.301788 5.812129 0.394727
v 0.421999 5.780008 0.342067
v 0.506997 5.733875 0.234306
v 0.471738 5.772457 0.086264
v 0.444716 5.746555 -0.001639
v 0.378814 5.735480 -0.059144
v 0.378814 5.735480 -0.059144
v 0.291689 5.742199 -0.070848
v 0.206687 5.764912 -0.033611
v 0.146584 5.797532 0.042586
v 0.127486 5.831320 0.137330
v 0.154507 5.857222 0.225231
v 0.220410 5.868297 0.282738
v 0.307534 5.861578 0.294440
v 0.392537 5.838865 0.257204
v 0.452639 5.806245 0.181006
v 0.394387 5.833282 0.083095
v 0.380399 5.819874 0.037593
v 0.346286 5.814141 0.007826
v 0.346286 5.814141 0.007826
v 0.301187 5.817619 0.001768
v 0.257186 5.829376 0.021043
v 0.226075 5.846262 0.060486
v 0.216188 5.863752 0.109529
v 0.230176 5.877159 0.155030
v 0.264290 5.882892 0.184798
v 0.309388 5.879414 0.190856
v 0.353389 5.867658 0.171581
v 0.384501 5.850771 0.132137
v 0.307224 5.864419 0.091030
v 0.594663 5.338819 0.194962
v 0.540618 5.287016 0.019159
v 0.408813 5.264865 -0.095854
v 0.408813 5.264865 -0.095854
v 0.234563 5.278304 -0.119260
v 0.064559 5.323729 -0.044787
v -0.055646 5.388970 0.107608
v -0.093845 5.456545 0.297095
v -0.039800 5.508349 0.472898
v 0.092006 5.530499 0.587911
v 0.266255 5.517061 0.611317
v 0.436259 5.471635 0.536844
v 0.556465 5.406394 0.384447
v -0.081365 5.157147 0.676166
v -0.040517 5.180665 0.740993
v -0.001041 5.236768 0.750462
v -0.024205 5.249126 0.725097
v -0.060223 5.153491 0.720788
v -0.041943 5.162936 0.745595
v 0.010365 5.231920 0.741857
v -0.026995 5.188704 0.727962
v -0.068755 5.152071 0.669328
v -0.012087 5.244487 0.717440
v -0.029950 5.157142 0.737903
v -0.047197 5.148416 0.714550
v -0.068755 5.152071 0.669328
v -0.026995 5.188704 0.727962
v 0.010365 5.231920 0.741857
v 0.023262 5.236377 0.778164
v 0.028881 5.231279 0.766059
v -0.012087 5.244487 0.717440
v -0.068755 5.152071 0.669328
v 0.010365 5.231920 0.741857
v -0.012087 5.244487 0.717440
v -0.068755 5.152071 0.669328
v -0.047197 5.148416 0.714550
v -0.047197 5.148416 0.714550
v -0.029950 5.157142 0.737903
v -0.068010 5.094441 0.700515
v -0.027441 5.100235 0.741710
v -0.025507 5.121933 0.731878
v -0.066464 5.109259 0.685324
v 0.030458 5.374741 0.516138
v 0.026866 5.397600 0.517852
v -0.001420 5.394815 0.496270
v 0.000008 5.370997 0.496046
v -0.016567 5.331034 0.535259
v 0.024592 5.349751 0.570752
v 0.026757 5.351851 0.536044
v -0.010902 5.340576 0.522787
v -0.049067 5.366060 0.458538
v -0.032533 5.389485 0.465624
v -0.039290 5.399525 0.469798
v -0.050444 5.360132 0.445430
v -0.001875 5.404785 0.497273
v 0.030731 5.409178 0.527231
v 0.028072 5.421716 0.542639
v -0.013307 5.420422 0.516129
v 0.043319 5.386605 0.562313
v 0.045983 5.380315 0.538759
v -0.081242 5.053423 0.616238
v -0.074549 5.107286 0.584551
v -0.068286 5.103082 0.514187
v -0.070299 5.022748 0.563311
v -0.066258 5.067968 0.435817
v -0.077630 5.194986 0.406376
v -0.034311 5.096671 0.271866
v -0.041106 5.020042 0.352657
v -0.044796 5.340303 0.490495
v -0.053135 5.329659 0.488323
v -0.030856 5.381785 0.469372
v -0.042748 5.365384 0.463462
v -0.033197 5.367144 0.476262
v -0.006665 5.345832 0.512886
v 0.024461 5.353644 0.528592
v -0.037918 5.344404 0.488515
v -0.028263 5.323882 0.553575
v 0.050469 5.342664 0.621340
v -0.067625 5.318805 0.476101
v -0.067549 5.353146 0.417758
v -0.057932 5.417264 0.437616
v -0.014838 5.467054 0.512166
v 0.038718 5.450592 0.577735
v 0.053736 5.393634 0.594960
v 0.034729 5.287732 0.645381
v -0.031586 5.264666 0.556611
v -0.077200 5.330823 0.372744
v -0.060883 5.432797 0.368684
v -0.006276 5.501068 0.456076
v 0.068451 5.437329 0.631494
v 0.061312 5.439673 0.620571
v 0.058663 5.387848 0.631126
v 0.064193 5.391377 0.648599
v 0.037360 5.351694 0.677118
v 0.038898 5.359875 0.701540
v 0.042590 5.378975 0.530145
v -0.051135 5.203562 0.604499
v 0.001459 5.268188 0.688218
v -0.047197 5.148416 0.714550
v -0.029950 5.157142 0.737903
v 0.014341 5.322192 0.751290
v 0.010762 5.311817 0.723124
v -0.001747 5.296406 0.740596
v 0.000821 5.306605 0.771679
v 0.071486 5.392944 0.661681
v 0.080473 5.436136 0.639091
v 0.049695 5.363449 0.711720
v 0.024032 5.329180 0.770620
v -0.060478 5.080951 0.723864
v -0.073011 5.066304 0.694430
v -0.028981 5.038826 0.750721
v -0.031283 5.080078 0.754882
v -0.033160 5.000766 0.754659
v -0.069190 5.021319 0.676141
v -0.054832 4.978690 0.645515
v -0.024152 4.956708 0.727864
v -0.068755 5.152071 0.669328
v -0.077424 5.099611 0.656241
v -0.047197 5.148416 0.714550
v 0.057940 5.441808 0.609336
v 0.056443 5.394682 0.614569
v 0.044536 5.351154 0.651091
v -0.013155 5.256541 0.732163
v -0.003693 5.257487 0.770958
v -0.013421 5.280695 0.790568
v -0.019466 5.272777 0.760599
v 0.001851 5.283207 0.709127
v 0.020217 5.301893 0.691402
v 0.053950 5.481491 0.601439
v 0.045823 5.473264 0.591645
v 0.054110 5.462136 0.604587
v 0.058681 5.461220 0.616134
v 0.068353 5.461793 0.624376
v 0.071698 5.484086 0.609417
v 0.083976 5.460531 0.629811
v 0.089293 5.483078 0.616636
v 0.002534 5.287265 0.820791
v 0.014475 5.316068 0.792576
v -0.068755 5.152071 0.669328
v -0.012087 5.244487 0.717440
v -0.068755 5.152071 0.669328
v -0.082290 5.085883 0.668534
v -0.068755 5.152071 0.669328
v -0.026995 5.188704 0.727962
v 0.010365 5.231920 0.741857
v -0.012087 5.244487 0.717440
v -0.068755 5.152071 0.669328
v -0.047197 5.148416 0.714550
v -0.029950 5.157142 0.737903
v -0.026995 5.188704 0.727962
v -0.012087 5.244487 0.717440
v 0.010365 5.231920 0.741857
v -0.012087 5.244487 0.717440
v -0.030856 5.381785 0.469372
v -0.001420 5.394815 0.496270
v -0.042748 5.365384 0.463462
v -0.037918 5.344404 0.488515
v -0.006665 5.345832 0.512886
v 0.024461 5.353644 0.528592
v 0.042590 5.378975 0.530145
v 0.026866 5.397600 0.517852
v 0.300486 5.555358 -0.035775
v 0.342292 5.381112 -0.117244
v 0.262218 5.373182 -0.110024
v 0.224736 5.529410 -0.036982
v 0.228002 5.667071 0.117460
v 0.159749 5.629570 0.100406
v 0.145632 5.686383 0.302012
v 0.084674 5.646849 0.265315
v 0.086943 5.608419 0.473639
v 0.045817 5.577337 0.425418
v 0.336914 5.195489 -0.093671
v 0.259501 5.204993 -0.093429
v 0.181625 5.361898 -0.077377
v 0.151020 5.489451 -0.017736
v 0.097959 5.571235 0.094439
v 0.036660 5.585339 0.229089
v 0.001319 5.528488 0.358174
v 0.181573 5.222756 -0.068504
v 0.106003 5.348030 -0.021531
v 0.084362 5.438224 0.020643
v 0.046843 5.496055 0.099962
v 0.003497 5.506027 0.195174
v -0.027971 5.450614 0.283693
v 0.105966 5.249643 -0.015256
v 0.029539 5.216770 0.085251
v 0.019477 5.269282 0.105556
v 0.001115 5.301436 0.146139
v -0.007867 5.299147 0.169115
v -0.027427 5.265796 0.226488
v -0.036447 5.224698 0.259917
v 0.026150 5.170776 0.098821
v -0.040239 5.216389 0.142496
v -0.044779 5.243938 0.213515
v -0.040809 5.269211 0.161037
v -0.036768 5.262708 0.124372
v -0.028011 5.188278 0.074954
v -0.031655 5.233179 0.089432
v -0.041873 5.170375 0.164451
v -0.047255 5.210185 0.244202
v -0.027488 5.150167 0.086591
v 0.046217 4.918569 0.755940
v -0.010368 4.928077 0.693227
v 0.016774 4.897229 0.643483
v 0.068801 4.889674 0.709012
v -0.025878 4.957084 0.437632
v -0.055848 4.990306 0.505848
v -0.027131 5.149769 0.253551
v -0.035602 4.943709 0.602894
v -0.002045 4.914351 0.532985
v 0.062556 4.849065 0.547484
v 0.119245 4.849576 0.603651
v -0.000438 4.968972 0.278743
v 0.016191 4.905399 0.352879
v -0.041980 5.096140 0.251263
v -0.041444 5.144720 0.238633
v -0.039220 5.120253 0.183057
v -0.022968 5.058571 0.210162
v 0.040131 4.865365 0.441531
v -0.003752 5.056513 0.243868
v 0.042205 5.534186 0.526523
v 0.029400 4.853148 0.333139
v 0.030627 4.923522 0.250452
v -0.017771 5.100857 0.116492
v 0.003416 5.062394 0.152553
v 0.051617 4.805276 0.418518
v 0.091519 4.767683 0.493000
v 0.035292 5.061856 0.186057
v 0.325285 5.145328 -0.067796
v 0.247284 5.156472 -0.061442
v 0.176315 5.172208 -0.038832
v 0.107623 5.195976 0.008784
v 0.026658 5.110446 0.136782
v 0.282374 5.000189 0.025661
v 0.212496 5.009586 0.030125
v 0.150116 5.023947 0.058578
v 0.096213 5.042134 0.099320
v 0.172422 4.899464 0.120431
v 0.120851 4.905596 0.134230
v 0.080810 4.913172 0.169617
v 0.082719 5.540665 0.552278
v -0.017133 5.285660 0.122716
v -0.027037 5.291264 0.165025
v -0.037792 5.260535 0.224024
v 0.000088 5.203047 0.061521
v -0.006131 5.253799 0.081287
v -0.043454 5.221177 0.258369
v -0.001384 5.158596 0.074217
v -0.033941 5.146362 0.252240
v -0.012718 5.048532 0.218007
v 0.020489 5.054230 0.153470
v 0.004138 5.100511 0.109644
v 0.031272 4.946768 0.786458
v 0.243136 4.898130 0.130800
v -0.834687 2.518932 -0.406215
v -0.858407 2.611915 -0.386141
v -0.884563 2.631680 -0.329976
v -0.836141 2.547881 -0.360884
v -0.780740 2.453189 -0.451137
v -0.844105 2.516381 -0.399809
v -0.842474 2.540623 -0.362995
v -0.781526 2.498545 -0.410076
v -0.781526 2.498545 -0.410076
v -0.842474 2.540623 -0.362995
v -0.862154 2.556950 -0.319972
v -0.761754 2.520645 -0.375530
v -0.923696 2.646506 -0.276465
v -0.858500 2.567596 -0.301806
v -0.340814 2.252582 -0.301853
v -0.325106 2.281895 -0.290420
v -0.345552 2.298864 -0.252577
v -0.361013 2.252698 -0.268632
v -0.345552 2.298864 -0.252577
v -0.325106 2.281895 -0.290420
v -0.344365 2.317550 -0.302702
v -0.365166 2.350438 -0.270033
v -0.397576 2.320263 -0.246552
v -0.405178 2.288961 -0.258906
v -0.397576 2.320263 -0.246552
v -0.408595 2.353812 -0.259718
v -0.613069 2.331582 -0.335221
v -0.585001 2.343214 -0.358292
v -0.529222 2.291855 -0.365907
v -0.561844 2.262697 -0.380973
v -0.529222 2.291855 -0.365907
v -0.585001 2.343214 -0.358292
v -0.566208 2.379415 -0.324758
v -0.505148 2.310316 -0.332248
v -1.055245 2.600711 -0.342988
v -0.986751 2.503702 -0.289142
v -0.979317 2.501960 -0.297311
v -0.807414 2.523373 -0.322115
v -0.680677 2.460159 -0.304484
v -0.663028 2.479430 -0.341959
v -0.573247 2.367744 -0.283886
v -0.895450 2.477323 -0.247496
v -0.728214 2.416623 -0.225798
v -0.622455 2.332367 -0.201472
v -0.528277 2.270278 -0.258771
v -0.502404 2.308193 -0.287777
v -0.790422 2.373502 -0.168348
v -0.688502 2.282133 -0.135751
v -0.600123 2.207043 -0.193899
v -0.562287 2.245314 -0.213092
v -0.972135 2.412354 -0.207649
v -1.054935 2.447437 -0.329593
v -0.984542 2.372068 -0.210989
v -1.126784 2.554339 -0.431168
v -1.066459 2.445848 -0.323777
v -0.858589 2.319336 -0.140121
v -0.895201 2.286021 -0.140588
v -0.764225 2.215669 -0.091492
v -0.799296 2.187136 -0.090285
v -0.676547 2.142119 -0.116088
v -0.627676 2.199490 -0.143928
v -0.755056 2.109384 -0.094849
v -0.714020 2.126836 -0.085627
v -1.100454 2.536311 -0.486352
v -1.059587 2.422644 -0.357238
v -1.050977 2.427613 -0.353332
v -1.000511 2.342346 -0.236291
v -1.000511 2.342346 -0.236291
v -1.050977 2.427613 -0.353332
v -1.035440 2.416187 -0.382849
v -1.019114 2.327430 -0.273026
v -1.047596 2.532033 -0.519391
v -1.039633 2.406697 -0.395426
v -0.917475 2.253320 -0.167983
v -0.917475 2.253320 -0.167983
v -0.919763 2.236079 -0.205381
v -0.825895 2.167525 -0.121272
v -0.825895 2.167525 -0.121272
v -0.832507 2.160062 -0.162026
v -0.783671 2.100691 -0.126356
v -0.783671 2.100691 -0.126356
v -0.792182 2.102486 -0.166730
v -0.941710 2.558851 -0.467362
v -0.935895 2.439411 -0.399400
v -0.939502 2.444031 -0.390314
v -0.957385 2.360155 -0.341507
v -0.896977 2.249105 -0.236280
v -0.812319 2.170995 -0.195567
v -0.838880 2.292553 -0.284574
v -0.752464 2.211204 -0.259384
v -0.728569 2.131656 -0.216347
v -0.771312 2.115889 -0.197581
v -0.859787 2.416445 -0.396461
v -0.784920 2.327273 -0.341456
v -0.694733 2.249801 -0.320584
v -0.674683 2.169155 -0.291179
v -0.711042 2.154677 -0.253064
v -0.935895 2.439411 -0.399400
v -0.941710 2.558851 -0.467362
v -0.727928 2.351505 -0.399586
v -0.694689 2.354145 -0.416840
v -0.642901 2.295754 -0.348774
v -0.618151 2.218782 -0.353222
v -0.654137 2.196151 -0.329105
v -0.584723 2.238001 -0.364172
v -0.779283 1.923512 -0.359912
v -0.753756 1.923013 -0.359451
v -0.741428 1.899734 -0.369364
v -0.769822 1.889394 -0.368221
v -0.784753 1.909580 -0.339351
v -0.782981 1.881435 -0.342342
v -0.782981 1.881435 -0.342342
v -0.769822 1.889394 -0.368221
v -0.744634 1.857589 -0.351158
v -0.758350 1.859920 -0.332448
v -0.741428 1.899734 -0.369364
v -0.727894 1.874020 -0.352754
v -0.739552 1.930943 -0.398208
v -0.714143 1.929474 -0.404847
v -0.707554 1.906146 -0.419595
v -0.736038 1.896833 -0.411142
v -0.738051 1.916373 -0.376524
v -0.739773 1.888557 -0.381543
v -0.739773 1.888557 -0.381543
v -0.736038 1.896833 -0.411142
v -0.707273 1.863721 -0.402545
v -0.713340 1.865813 -0.379486
v -0.707554 1.906146 -0.419595
v -0.689658 1.879221 -0.407818
v -0.664985 1.945524 -0.514375
v -0.638302 1.948347 -0.519784
v -0.629832 1.926868 -0.535929
v -0.657301 1.912014 -0.529125
v -0.660406 1.931722 -0.491752
v -0.658817 1.903664 -0.498313
v -0.658817 1.903664 -0.498313
v -0.657301 1.912014 -0.529125
v -0.623663 1.885005 -0.519867
v -0.629609 1.886613 -0.495847
v -0.629832 1.926868 -0.535929
v -0.607911 1.903770 -0.523782
v -0.497152 1.927850 -0.497882
v -0.475298 1.942575 -0.504122
v -0.454018 1.924490 -0.511047
v -0.471824 1.900463 -0.499231
v -0.490489 1.926605 -0.471613
v -0.474625 1.903125 -0.467329
v -0.474625 1.903125 -0.467329
v -0.471824 1.900463 -0.499231
v -0.431394 1.899783 -0.480450
v -0.441390 1.905799 -0.458529
v -0.454018 1.924490 -0.511047
v -0.426311 1.921702 -0.491113
v -0.727381 2.107363 -0.201449
v -0.759570 2.093985 -0.198342
v -0.778607 2.081458 -0.170998
v -0.747596 1.990826 -0.204908
v -0.733150 2.007992 -0.226753
v -0.733911 1.995391 -0.237547
v -0.747373 1.977460 -0.216165
v -0.702988 2.012382 -0.231775
v -0.702024 1.996898 -0.241209
v -0.769427 2.078807 -0.132822
v -0.769427 2.078807 -0.132822
v -0.742752 2.085217 -0.103539
v -0.701388 1.954851 -0.154168
v -0.730966 1.968534 -0.174306
v -0.730352 1.953095 -0.187045
v -0.700692 1.937036 -0.168297
v -0.730352 1.953095 -0.187045
v -0.730966 1.968534 -0.174306
v -0.708091 2.099085 -0.101716
v -0.685510 2.110708 -0.123696
v -0.655941 1.974059 -0.181189
v -0.671060 1.958547 -0.159236
v -0.671159 1.940099 -0.173924
v -0.656475 1.956512 -0.194652
v -0.695069 2.124688 -0.165413
v -0.696955 2.112910 -0.166422
v -0.695069 2.124688 -0.165413
v -0.696955 2.112910 -0.166422
v -0.671361 1.996476 -0.210244
v -0.672045 1.980164 -0.222414
v -0.672045 1.980164 -0.222414
v -0.671361 1.996476 -0.210244
v -0.667853 2.152459 -0.262659
v -0.698977 2.134312 -0.254299
v -0.702844 2.121336 -0.218562
v -0.660203 2.003319 -0.253623
v -0.653869 2.017047 -0.281462
v -0.652067 2.001891 -0.288091
v -0.656628 1.987417 -0.259948
v -0.624845 2.024422 -0.291706
v -0.623812 2.009057 -0.298398
v -0.687493 2.120056 -0.172476
v -0.687493 2.120056 -0.172476
v -0.653514 2.143704 -0.146207
v -0.621944 2.168850 -0.158303
v -0.607576 2.175744 -0.196278
v -0.560688 2.011052 -0.238749
v -0.568234 1.998271 -0.211341
v -0.568456 1.979717 -0.221683
v -0.560585 1.993375 -0.247668
v -0.597043 1.988977 -0.202031
v -0.596716 1.971631 -0.211897
v -0.630047 2.180783 -0.234061
v -0.630515 2.168622 -0.233201
v -0.630047 2.180783 -0.234061
v -0.630515 2.168622 -0.233201
v -0.585400 2.020491 -0.270875
v -0.585294 2.004070 -0.278759
v -0.585294 2.004070 -0.278759
v -0.585400 2.020491 -0.270875
v -0.609403 2.196735 -0.340521
v -0.637130 2.175171 -0.331920
v -0.645174 2.163440 -0.298255
v -0.577658 2.039151 -0.342997
v -0.573000 2.054732 -0.369858
v -0.570542 2.041476 -0.377206
v -0.575173 2.025909 -0.350931
v -0.545782 2.066330 -0.380056
v -0.543589 2.052479 -0.387446
v -0.623087 2.173472 -0.240909
v -0.623087 2.173472 -0.240909
v -0.587161 2.192054 -0.223979
v -0.560082 2.213521 -0.233313
v -0.552244 2.225241 -0.267438
v -0.480355 2.056932 -0.329808
v -0.485318 2.042279 -0.302471
v -0.483129 2.026292 -0.312173
v -0.478358 2.040874 -0.339048
v -0.512187 2.030007 -0.292493
v -0.509876 2.014421 -0.302412
v -0.562065 2.232570 -0.302687
v -0.559744 2.220836 -0.301321
v -0.562065 2.232570 -0.302687
v -0.559744 2.220836 -0.301321
v -0.507552 2.065845 -0.361201
v -0.505706 2.050812 -0.369539
v -0.505706 2.050812 -0.369539
v -0.507552 2.065845 -0.361201
v -0.541335 2.244970 -0.382196
v -0.563286 2.221983 -0.367571
v -0.566697 2.213083 -0.336551
v -0.484304 2.108299 -0.364820
v -0.484245 2.118036 -0.393947
v -0.479038 2.107094 -0.397774
v -0.479046 2.097373 -0.368879
v -0.461978 2.133908 -0.408884
v -0.456461 2.122307 -0.412619
v -0.550541 2.227635 -0.307620
v -0.550541 2.227635 -0.307620
v -0.509781 2.257996 -0.282889
v -0.491403 2.279516 -0.301596
v -0.490210 2.286099 -0.337131
v -0.398066 2.153389 -0.367035
v -0.397589 2.144515 -0.336973
v -0.391700 2.130393 -0.341931
v -0.392236 2.139553 -0.371416
v -0.418519 2.128618 -0.321269
v -0.412705 2.115482 -0.326267
v -0.511739 2.270308 -0.368128
v -0.511739 2.270308 -0.368128
v -0.426116 2.147665 -0.395418
v -0.420261 2.135197 -0.399156
v -0.420261 2.135197 -0.399156
v -0.426116 2.147665 -0.395418
v -0.631563 1.974517 -0.229845
v -0.635084 1.992279 -0.222129
v -0.635084 1.992279 -0.222129
v -0.631563 1.974517 -0.229845
v -0.547298 2.015248 -0.320601
v -0.549465 2.029652 -0.311325
v -0.549465 2.029652 -0.311325
v -0.547298 2.015248 -0.320601
v -0.449274 2.102059 -0.340244
v -0.454740 2.114066 -0.335575
v -0.454740 2.114066 -0.335575
v -0.449274 2.102059 -0.340244
v -0.734704 1.984311 -0.247508
v -0.702794 1.985310 -0.251371
v -0.709576 1.950101 -0.288289
v -0.737813 1.950628 -0.278525
v -0.748599 1.966358 -0.226983
v -0.752565 1.931156 -0.261228
v -0.739343 1.899528 -0.243957
v -0.732969 1.940967 -0.200789
v -0.702998 1.922551 -0.183478
v -0.732969 1.940967 -0.200789
v -0.739343 1.899528 -0.243957
v -0.711258 1.875368 -0.233983
v -0.682618 1.876025 -0.242179
v -0.672583 1.924776 -0.188394
v -0.658062 1.941916 -0.208566
v -0.668188 1.894392 -0.260821
v -0.681412 1.925217 -0.278774
v -0.673199 1.966937 -0.234468
v -0.673199 1.966937 -0.234468
v -0.681412 1.925217 -0.278774
v -0.653196 1.990563 -0.295326
v -0.624669 1.997229 -0.305612
v -0.636874 1.939768 -0.346737
v -0.660827 1.940768 -0.328948
v -0.657391 1.975878 -0.267110
v -0.670231 1.920832 -0.308570
v -0.652429 1.892196 -0.293708
v -0.631788 1.960940 -0.237790
v -0.598198 1.957958 -0.220908
v -0.631788 1.960940 -0.237790
v -0.652429 1.892196 -0.293708
v -0.619939 1.872708 -0.287114
v -0.595728 1.874969 -0.302807
v -0.570277 1.965686 -0.231079
v -0.562789 1.979345 -0.257249
v -0.588025 1.891553 -0.326474
v -0.606313 1.917138 -0.343473
v -0.587692 1.991411 -0.287643
v -0.587692 1.991411 -0.287643
v -0.606313 1.917138 -0.343473
v -0.570595 2.029225 -0.386099
v -0.543673 2.039742 -0.396628
v -0.554182 1.976553 -0.449112
v -0.577967 1.973424 -0.431455
v -0.575201 2.013335 -0.360148
v -0.584450 1.951632 -0.411844
v -0.563674 1.923204 -0.400064
v -0.548018 2.001684 -0.331085
v -0.510766 1.999715 -0.313846
v -0.548018 2.001684 -0.331085
v -0.563674 1.923204 -0.400064
v -0.531785 1.903769 -0.399461
v -0.508787 1.907853 -0.416982
v -0.484206 2.010983 -0.324089
v -0.479286 2.026054 -0.350407
v -0.502002 1.928162 -0.437463
v -0.522707 1.955658 -0.449887
v -0.506304 2.037048 -0.379838
v -0.506304 2.037048 -0.379838
v -0.522707 1.955658 -0.449887
v -0.476362 2.096800 -0.402151
v -0.453844 2.111725 -0.417109
v -0.437105 2.030939 -0.452439
v -0.458583 2.020018 -0.435464
v -0.476277 2.086907 -0.373377
v -0.457724 2.006885 -0.408634
v -0.426885 2.000468 -0.385799
v -0.446641 2.090602 -0.345343
v -0.409723 2.102864 -0.331839
v -0.446641 2.090602 -0.345343
v -0.426885 2.000468 -0.385799
v -0.389946 2.002383 -0.377663
v -0.367257 2.015584 -0.393030
v -0.388466 2.117632 -0.347424
v -0.389020 2.127165 -0.376645
v -0.368002 2.027251 -0.420604
v -0.398771 2.031576 -0.444511
v -0.417247 2.123713 -0.403960
v -0.417247 2.123713 -0.403960
v -0.398771 2.031576 -0.444511
v -0.740300 1.944980 -0.286393
v -0.712271 1.943699 -0.296934
v -0.736195 1.936696 -0.337296
v -0.762851 1.937930 -0.325453
v -0.755318 1.924839 -0.270211
v -0.777761 1.917009 -0.310486
v -0.742513 1.891665 -0.254893
v -0.766199 1.880258 -0.300302
v -0.715041 1.865991 -0.247028
v -0.742513 1.891665 -0.254893
v -0.766199 1.880258 -0.300302
v -0.741535 1.852010 -0.298501
v -0.687217 1.865871 -0.256896
v -0.714515 1.850793 -0.309818
v -0.672722 1.885007 -0.274655
v -0.699619 1.870721 -0.325632
v -0.685159 1.917320 -0.290157
v -0.711108 1.906385 -0.336618
v -0.685159 1.917320 -0.290157
v -0.711108 1.906385 -0.336618
v -0.665372 1.940142 -0.332896
v -0.641489 1.937884 -0.351406
v -0.686341 1.940477 -0.386409
v -0.708342 1.943332 -0.366490
v -0.675075 1.921061 -0.312348
v -0.718712 1.922361 -0.348072
v -0.658570 1.888682 -0.300719
v -0.707045 1.885691 -0.343065
v -0.627492 1.865685 -0.297248
v -0.658570 1.888682 -0.300719
v -0.707045 1.885691 -0.343065
v -0.683173 1.855065 -0.349683
v -0.602860 1.867297 -0.312922
v -0.660865 1.853332 -0.368717
v -0.595044 1.884705 -0.335954
v -0.650383 1.873022 -0.387771
v -0.613155 1.913229 -0.351083
v -0.663081 1.909005 -0.394007
v -0.613155 1.913229 -0.351083
v -0.663081 1.909005 -0.394007
v -0.583053 1.970746 -0.437006
v -0.559868 1.974032 -0.454921
v -0.610657 1.965994 -0.497597
v -0.631922 1.963666 -0.478053
v -0.589976 1.950033 -0.416990
v -0.638843 1.940947 -0.460039
v -0.569561 1.918776 -0.407586
v -0.621360 1.906207 -0.455580
v -0.539612 1.897532 -0.409708
v -0.569561 1.918776 -0.407586
v -0.621360 1.906207 -0.455580
v -0.594057 1.880056 -0.463156
v -0.515651 1.901496 -0.426564
v -0.571469 1.881781 -0.482190
v -0.508980 1.921998 -0.446918
v -0.564160 1.903383 -0.500743
v -0.529715 1.951468 -0.457869
v -0.582302 1.937666 -0.506016
v -0.529715 1.951468 -0.457869
v -0.582302 1.937666 -0.506016
v -0.458969 2.014247 -0.438544
v -0.437618 2.023648 -0.456318
v -0.463926 1.978161 -0.490044
v -0.485775 1.972154 -0.471027
v -0.458164 2.000366 -0.412183
v -0.484470 1.956284 -0.445980
v -0.426933 1.991024 -0.390784
v -0.454158 1.938991 -0.429342
v -0.390041 1.990329 -0.384037
v -0.426933 1.991024 -0.390784
v -0.454158 1.938991 -0.429342
v -0.415951 1.929437 -0.426782
v -0.366913 2.001950 -0.400028
v -0.395097 1.935866 -0.445932
v -0.367655 2.014657 -0.426988
v -0.394415 1.951311 -0.470497
v -0.399029 2.021863 -0.449565
v -0.425994 1.967823 -0.487999
v -0.399029 2.021863 -0.449565
v -0.425994 1.967823 -0.487999
v -0.717021 2.428216 -0.480949
v -0.661723 2.346820 -0.425467
v -0.643166 2.479805 -0.359778
v -0.702509 2.499551 -0.426844
v -0.565802 2.434888 -0.366553
v -0.569079 2.401975 -0.425116
v -0.720248 2.471209 -0.452568
v -0.720248 2.471209 -0.452568
v -0.570494 2.362188 -0.445677
v -0.568562 2.322402 -0.452242
v -0.570494 2.362188 -0.445677
v -0.599012 2.338634 -0.347361
v -0.594890 2.366832 -0.341879
v -0.594890 2.366832 -0.341879
v -0.590126 2.407140 -0.327626
v -0.550516 2.410399 -0.314623
v -0.555881 2.293038 -0.409633
v -0.492683 2.261656 -0.385715
v -0.474218 2.272240 -0.423470
v -0.461284 2.265176 -0.418691
v -0.484525 2.257700 -0.382146
v -0.477891 2.360721 -0.405526
v -0.500344 2.406365 -0.356233
v -0.491773 2.402537 -0.355117
v -0.466108 2.355357 -0.402954
v -0.472835 2.313936 -0.420541
v -0.459315 2.306670 -0.416825
v -0.472835 2.313936 -0.420541
v -0.459315 2.306670 -0.416825
v -0.545212 2.315517 -0.351002
v -0.503525 2.300914 -0.329621
v -0.545946 2.362803 -0.324992
v -0.545946 2.362803 -0.324992
v -0.505846 2.393063 -0.307853
v -0.435551 2.255861 -0.400395
v -0.372907 2.242166 -0.344808
v -0.410637 2.240801 -0.319152
v -0.464245 2.251211 -0.367718
v -0.471836 2.394440 -0.346623
v -0.419801 2.377688 -0.319828
v -0.379325 2.329220 -0.345628
v -0.442798 2.346168 -0.391386
v -0.433740 2.296880 -0.400957
v -0.370269 2.282273 -0.348596
v -0.433740 2.296880 -0.400957
v -0.370269 2.282273 -0.348596
v -0.444704 2.288569 -0.286159
v -0.486064 2.295931 -0.319117
v -0.489935 2.343266 -0.304873
v -0.451992 2.335182 -0.281118
v -0.487558 2.385525 -0.302017
v -0.489935 2.343266 -0.304873
v -0.451992 2.335182 -0.281118
v -0.450076 2.375089 -0.285865
v -0.506685 2.349106 -0.312048
v -0.506685 2.349106 -0.312048
v -0.997765 2.872989 -0.401173
v -1.132730 2.814822 -0.455263
v -1.053328 2.601122 -0.345760
v -0.924152 2.642478 -0.282705
v -1.221306 2.828092 -0.592231
v -1.120126 2.555198 -0.432252
v -1.177752 2.760754 -0.674896
v -1.296703 3.035456 -0.709518
v -1.239701 3.002047 -0.861372
v -1.069577 2.759057 -0.711960
v -1.085065 2.987007 -0.928919
v -0.927170 2.793096 -0.644214
v -0.923212 3.018288 -0.838342
v -0.876866 2.836798 -0.557695
v -0.927170 2.793096 -0.644214
v -0.923212 3.018288 -0.838342
v -0.869753 3.057995 -0.713915
v -0.911102 2.857808 -0.456844
v -0.901423 3.096060 -0.577236
v -1.041614 3.105714 -0.494831
v -1.221504 3.073395 -0.562861
v -1.327606 3.326998 -0.815963
v -1.262341 3.305942 -0.974449
v -1.115191 3.262727 -1.047379
v -0.964845 3.235901 -0.960270
v -0.964845 3.235901 -0.960270
v -0.913496 3.263217 -0.835721
v -0.969223 3.280848 -0.684534
v -1.096923 3.320440 -0.595394
v -1.266832 3.320852 -0.662286
v -1.208889 3.472418 -0.983607
v -1.281580 3.482044 -0.833571
v -1.180445 3.609866 -0.819104
v -1.112749 3.602336 -0.957368
v -1.078826 3.406424 -1.057255
v -0.994849 3.529105 -1.022419
v -0.949361 3.329935 -0.995382
v -0.886343 3.424215 -0.961647
v -0.925663 3.314675 -0.872323
v -0.949361 3.329935 -0.995382
v -0.886343 3.424215 -0.961647
v -0.879993 3.380673 -0.852174
v -1.005121 3.346992 -0.739231
v -0.949055 3.393235 -0.718008
v -1.116383 3.382173 -0.636208
v -1.051917 3.442575 -0.631389
v -1.249691 3.440822 -0.694374
v -1.157604 3.547755 -0.688765
v -1.029598 3.729189 -0.940714
v -1.089347 3.725233 -0.803706
v -0.997475 3.846072 -0.775081
v -0.931452 3.850996 -0.902696
v -0.917382 3.646871 -0.994178
v -0.829034 3.769589 -0.965018
v -0.802324 3.526411 -0.915792
v -0.707147 3.629016 -0.873144
v -0.784815 3.482915 -0.784340
v -0.802324 3.526411 -0.915792
v -0.707147 3.629016 -0.873144
v -0.678799 3.547889 -0.737872
v -0.860142 3.454965 -0.670636
v -0.736295 3.536220 -0.599883
v -0.948309 3.519257 -0.589319
v -0.840694 3.609071 -0.535965
v -1.054489 3.647039 -0.662451
v -0.954951 3.751055 -0.621687
v -0.864370 4.023422 -0.714424
v -0.804460 4.038395 -0.866552
v -0.683633 3.944743 -0.940612
v -0.557727 3.787660 -0.844143
v -0.557727 3.787660 -0.844143
v -0.523522 3.678529 -0.670776
v -0.568852 3.664978 -0.515458
v -0.674379 3.738507 -0.429366
v -0.816981 3.906951 -0.539626
v -0.698626 4.221307 -0.592317
v -0.652161 4.229005 -0.767525
v -0.539838 4.122943 -0.866357
v -0.400369 3.961001 -0.798717
v -0.400369 3.961001 -0.798717
v -0.396322 3.868766 -0.607971
v -0.417071 3.880235 -0.394749
v -0.521945 3.960266 -0.303745
v -0.649238 4.122821 -0.382416
v -0.467747 4.490978 -0.354028
v -0.423578 4.545398 -0.523710
v -0.390894 4.363427 -0.723400
v -0.200002 4.151762 -0.725955
v -0.200002 4.151762 -0.725955
v -0.251504 4.024200 -0.568163
v -0.308540 4.016976 -0.354734
v -0.371519 4.146807 -0.238179
v -0.473697 4.322355 -0.257999
v -1.259020 0.979778 -0.789455
v -1.198935 1.334761 -0.594867
v -1.089614 1.302673 -0.573238
v -1.165933 0.962191 -0.771829
v -1.099341 0.882034 -0.653799
v -1.000368 1.182586 -0.443472
v -1.155669 0.801382 -0.490653
v -1.066337 1.041889 -0.271723
v -1.285845 0.761365 -0.367414
v -1.155669 0.801382 -0.490653
v -1.066337 1.041889 -0.271723
v -1.235557 0.956069 -0.153156
v -1.376458 0.756441 -0.335744
v -1.348396 0.951149 -0.119361
v -1.448701 0.977201 -0.139695
v -1.461173 0.772475 -0.347690
v -1.521347 0.805583 -0.396209
v -1.518980 1.027009 -0.198175
v -1.545002 1.096436 -0.279330
v -1.543198 0.846325 -0.470767
v -1.488320 0.924478 -0.631868
v -1.480323 1.238021 -0.444612
v -1.350312 0.974337 -0.758428
v -1.488320 0.924478 -0.631868
v -1.480323 1.238021 -0.444612
v -1.309336 1.326736 -0.567097
v -1.140443 1.636783 -0.435537
v -1.014415 1.597358 -0.410458
v -0.908642 1.455729 -0.249018
v -0.992514 1.287554 -0.027788
v -0.992514 1.287554 -0.027788
v -1.203394 1.186806 0.131061
v -1.339892 1.174686 0.164784
v -1.454692 1.209191 0.140305
v -1.536522 1.272787 0.076260
v -1.566461 1.358569 -0.022945
v -1.485672 1.524774 -0.237714
v -1.485672 1.524774 -0.237714
v -1.275182 1.625332 -0.399338
v -1.126758 1.923591 -0.193024
v -0.990558 1.880350 -0.162642
v -0.867351 1.726641 0.012569
v -0.952603 1.549246 0.260352
v -0.952603 1.549246 0.260352
v -1.182334 1.450030 0.439936
v -1.333066 1.444408 0.480086
v -1.461095 1.485764 0.451396
v -1.553800 1.555755 0.378108
v -1.589766 1.649973 0.267440
v -1.506271 1.817782 0.024040
v -1.506271 1.817782 0.024040
v -1.274666 1.915891 -0.154846
v -1.175068 2.017997 -0.004148
v -1.219983 1.991416 0.057114
v -1.109703 1.942616 0.085517
v -1.060723 1.976606 0.021592
v -0.928428 1.867497 0.181460
v -0.963647 1.867642 0.258003
v -0.979784 1.760021 0.418894
v -0.976379 1.841155 0.504174
v -1.167208 1.732035 0.586484
v -0.979784 1.760021 0.418894
v -0.976379 1.841155 0.504174
v -1.129473 1.889573 0.679372
v -1.288431 1.748397 0.615626
v -1.236370 1.940171 0.712128
v -1.336621 1.998920 0.684046
v -1.393299 1.800099 0.591907
v -1.474943 1.865973 0.530399
v -1.418818 2.059978 0.615584
v -1.471327 2.099510 0.508860
v -1.518535 1.926239 0.428836
v -1.476530 2.018251 0.195519
v -1.462901 2.119014 0.265264
v -1.293488 2.037817 0.027983
v -1.476530 2.018251 0.195519
v -1.462901 2.119014 0.265264
v -1.323073 2.044171 0.089775
v -1.207006 1.947104 0.015144
v -1.113865 1.995670 -0.092113
v -1.018247 1.913183 -0.054824
v -1.106627 1.868973 0.050339
v -0.938488 1.833749 0.244289
v -0.846495 1.884947 0.137586
v -0.883690 1.941905 0.501755
v -0.772313 2.031568 0.395378
v -0.972831 2.133569 0.679707
v -0.883690 1.941905 0.501755
v -0.772313 2.031568 0.395378
v -0.835146 2.271224 0.571356
v -1.059098 2.231380 0.707037
v -0.910710 2.389714 0.597871
v -1.002108 2.470444 0.561384
v -1.155743 2.308026 0.673299
v -1.246105 2.358826 0.592992
v -1.095980 2.512378 0.483694
v -1.174776 2.503565 0.369103
v -1.314953 2.367911 0.479345
v -1.367242 2.260704 0.220290
v -1.249389 2.355695 0.112234
v -1.287223 2.050729 0.042073
v -1.367242 2.260704 0.220290
v -1.249389 2.355695 0.112234
v -1.187029 2.113585 -0.064901
v -0.951762 2.130539 -0.251736
v -0.842856 2.037768 -0.209614
v -0.650129 1.993673 -0.001606
v -0.534609 2.154465 0.268138
v -0.534609 2.154465 0.268138
v -0.644251 2.405104 0.455825
v -0.699376 2.553324 0.463810
v -0.806433 2.643679 0.417084
v -0.911192 2.693905 0.330188
v -1.002584 2.687044 0.208022
v -1.094661 2.527448 -0.058668
v -1.094661 2.527448 -0.058668
v -1.032212 2.260811 -0.230571
v -0.698742 2.280242 -0.465108
v -0.564395 2.175557 -0.409038
v -0.273866 2.128455 -0.165914
v -0.135823 2.314750 0.099264
v -0.135823 2.314750 0.099264
v -0.300633 2.573284 0.275366
v -0.402283 2.712167 0.282619
v -0.535815 2.800785 0.227016
v -0.656408 2.851438 0.133626
v -0.764829 2.837620 0.024474
v -0.864572 2.676118 -0.244333
v -0.864572 2.676118 -0.244333
v -0.798447 2.402028 -0.425007
v -0.448545 2.409922 -0.663920
v -0.326718 2.541458 -0.814991
v -0.189448 2.371065 -0.776884
v -0.319284 2.273012 -0.585111
v -0.106767 2.114909 -0.350524
v 0.165965 2.171134 -0.551062
v 0.019245 2.377141 0.042966
v 0.297147 2.487997 -0.065957
v -0.037188 2.647303 0.243182
v 0.019245 2.377141 0.042966
v 0.297147 2.487997 -0.065957
v 0.204453 2.796637 0.164570
v -0.258013 2.781425 0.230584
v -0.051683 2.897482 0.120541
v -0.183403 2.968542 0.027724
v -0.351230 2.892775 0.144152
v -0.422214 2.965667 -0.000983
v -0.299589 3.019031 -0.099638
v -0.382316 3.031916 -0.262700
v -0.523554 2.979542 -0.129886
v -0.540440 2.558285 -0.641153
v -0.593894 2.843679 -0.442063
v -0.459888 2.945849 -0.544384
v -0.394313 2.685318 -0.769891
v -1.141408 1.959901 -0.097982
v -1.030246 1.923313 -0.074184
v -0.915210 1.797781 0.080280
v -0.989373 1.652943 0.315118
v -1.194769 1.583824 0.485386
v -0.989373 1.652943 0.315118
v -1.319969 1.573045 0.507143
v -1.424625 1.627974 0.496575
v -1.503525 1.688878 0.437009
v -1.538452 1.760161 0.339443
v -1.471168 1.890130 0.105451
v -1.265589 1.960738 -0.063705
v -1.471168 1.890130 0.105451
v -0.096508 2.919500 -1.034219
v -0.056346 3.113399 -1.040140
v 0.085186 3.086655 -1.115436
v 0.024342 2.824905 -1.081353
v 0.395548 2.779454 -1.056673
v 0.436639 3.188437 -1.141599
v -0.200585 2.984188 -0.084267
v -0.232717 3.011403 0.046702
v -0.301862 3.079768 -0.144194
v -0.274373 3.033660 -0.266086
v -0.308770 3.050066 -0.627974
v -0.307964 3.150366 -0.555860
v -0.202725 2.964262 -0.921380
v -0.308770 3.050066 -0.627974
v -0.307964 3.150366 -0.555860
v -0.170642 3.146801 -0.904530
v -0.031998 3.418336 -0.998179
v 0.121849 3.424327 -1.089249
v 0.456602 3.454364 -1.100031
v -0.243952 3.130229 0.115461
v -0.314075 3.203133 -0.071499
v -0.326106 3.310412 -0.472715
v -0.326106 3.310412 -0.472715
v -0.163063 3.405732 -0.844773
v -0.025332 3.729145 -0.904894
v 0.156946 3.808765 -0.943559
v 0.471199 3.848099 -0.932496
v -0.240223 3.255818 0.085575
v -0.311945 3.301969 -0.102240
v -0.329485 3.466911 -0.458536
v -0.329485 3.466911 -0.458536
v -0.159904 3.629190 -0.794577
v -0.019204 3.925773 -0.784945
v 0.136706 3.992254 -0.831800
v 0.462089 4.008017 -0.814800
v -0.238620 3.279104 0.015384
v -0.308455 3.399241 -0.120008
v -0.308593 3.698297 -0.370410
v -0.308593 3.698297 -0.370410
v -0.153509 3.847102 -0.675663
v -0.013609 4.067845 -0.681825
v 0.121070 4.105771 -0.754405
v 0.451297 4.124732 -0.705728
v 0.452187 4.115308 -0.713923
v -0.297206 3.462554 0.097143
v -0.349266 3.610120 -0.070924
v -0.222028 3.842143 -0.372269
v -0.222028 3.842143 -0.372269
v -0.088904 3.992970 -0.596631
v -0.006684 4.255527 -0.596312
v 0.092879 4.299532 -0.635892
v 0.442411 4.282119 -0.601488
v -0.336561 3.714983 0.197191
v -0.333310 3.853661 -0.080655
v -0.187905 3.970823 -0.377844
v -0.187905 3.970823 -0.377844
v -0.070334 4.174649 -0.572970
v -0.012673 4.345772 -0.552446
v 0.104444 4.397587 -0.523332
v 0.425412 4.388524 -0.490722
v -0.326170 3.893186 0.249757
v -0.353450 3.971934 0.008369
v -0.176320 3.975720 -0.373694
v -0.321619 3.851932 -0.080105
v -0.343150 3.971428 0.003754
v -0.076109 4.136188 -0.463682
v -0.059716 4.146058 -0.566297
v -0.176320 3.975720 -0.373694
v -0.076109 4.136188 -0.463682
v -0.065107 4.261864 -0.572309
v 0.003504 4.521351 -0.455548
v -0.046588 4.674868 -0.271917
v 0.094095 4.659538 -0.286272
v 0.103931 4.507876 -0.416570
v 0.408275 4.497269 -0.383868
v 0.381065 4.599738 -0.238433
v -0.303995 4.046124 0.286153
v -0.275277 4.321766 0.260072
v -0.330651 4.432417 0.097634
v -0.357997 4.144373 0.103114
v -0.023336 4.683284 -0.028461
v 0.094113 4.680260 -0.080131
v 0.343849 4.646254 -0.071821
v -0.162602 4.426631 0.336672
v -0.225549 4.510033 0.257278
v -0.319549 4.570604 -0.166028
v -0.224260 4.633357 0.082193
v -0.196665 4.661654 -0.280815
v -0.319549 4.570604 -0.166028
v -0.224260 4.633357 0.082193
v -0.130128 4.679339 0.011292
v 0.128269 4.733015 0.085501
v 0.189973 4.723780 0.060572
v 0.317389 4.690174 0.059592
v 0.014272 4.610945 0.429305
v -0.006771 4.652393 0.363902
v 0.000948 4.703277 0.233845
v 0.000948 4.703277 0.233845
v 0.074732 4.728507 0.128148
v -0.213522 2.630217 -0.938618
v -0.096508 2.919500 -1.034219
v 0.024342 2.824905 -1.081353
v -0.047966 2.509655 -0.940859
v 0.366799 2.380258 -0.830285
v 0.395548 2.779454 -1.056673
v 0.047186 2.894916 0.068883
v 0.028653 2.822506 0.154778
v -0.098822 2.911996 0.049850
v -0.099013 2.962133 -0.044002
v -0.211712 3.018661 -0.163838
v -0.200585 2.984188 -0.084267
v -0.274373 3.033660 -0.266086
v -0.318420 3.044673 -0.316752
v -0.294125 2.750560 -0.839652
v -0.378667 2.966048 -0.620788
v -0.308770 3.050066 -0.627974
v -0.202725 2.964262 -0.921380
v -0.316165 3.893284 0.245794
v -0.006535 4.341278 -0.543792
v 0.107479 4.389480 -0.515453
v 0.423030 4.380168 -0.483966
v -0.296657 4.619254 -0.395394
v -0.402861 4.520308 -0.274048
v -0.402861 4.520308 -0.274048
v -0.361116 4.420434 -0.168641
v -0.281233 4.198361 -0.129316
v -0.146315 4.143409 -0.301711
v -0.096095 4.151868 -0.528101
v -0.096095 4.151868 -0.528101
v -0.101399 4.274570 -0.645856
v -0.180117 4.466607 -0.574131
v -0.101108 4.491516 -0.502501
v -0.378667 2.966048 -0.620788
v -0.308770 3.050066 -0.627974
v -0.593894 2.843679 -0.442063
v -0.459888 2.945849 -0.544384
v -1.218564 0.823254 -0.822842
v -1.283952 0.527064 -0.933014
v -1.374354 0.536255 -0.941084
v -1.308603 0.840357 -0.839196
v -1.131648 0.769418 -0.712214
v -1.163216 0.561139 -0.813753
v -1.283952 0.527064 -0.933014
v -1.218564 0.823254 -0.822842
v -1.159467 0.694270 -0.559750
v -1.143194 0.480601 -0.617288
v -1.398113 0.834304 -0.814057
v -1.455274 0.547435 -0.908369
v -1.596143 0.517186 -0.786583
v -1.520818 0.805043 -0.695306
v -1.440647 0.400633 0.023131
v -1.413933 0.355076 0.070949
v -1.318371 0.353949 -0.189793
v -1.342332 0.416627 -0.196461
v -1.577917 0.454368 0.104245
v -1.654190 0.461411 0.097645
v -1.691673 0.376566 0.176858
v -1.603477 0.373750 0.173740
v -1.741364 0.468015 0.004599
v -1.776231 0.438922 -0.102804
v -1.824455 0.392924 -0.085024
v -1.783514 0.386833 0.041252
v -1.305550 0.273196 -0.968374
v -1.401136 0.281111 -0.974340
v -1.178555 0.252128 -0.854947
v -1.305550 0.273196 -0.968374
v -1.145644 0.228203 -0.626388
v -1.421471 0.197971 0.093449
v -1.313712 0.197469 -0.185748
v -1.717525 0.217935 0.202573
v -1.620005 0.210352 0.201262
v -1.859168 0.237382 -0.067946
v -1.818535 0.230512 0.048131
v -1.485734 0.283522 -0.938360
v -1.631391 0.279984 -0.794818
v -1.398113 0.834304 -0.814057
v -1.520818 0.805043 -0.695306
v -1.520818 0.805043 -0.695306
v -1.567173 0.741967 -0.540072
v -1.526319 0.728703 -0.460028
v -1.458550 0.710922 -0.408445
v -1.374708 0.696640 -0.393659
v -1.276515 0.686883 -0.425587
v -1.159467 0.694270 -0.559750
v -1.159467 0.694270 -0.559750
v -1.131648 0.769418 -0.712214
v -1.218564 0.823254 -0.822842
v -1.308603 0.840357 -0.839196
v -1.276515 0.686883 -0.425587
v -1.322182 0.555801 -0.345549
v -1.262937 0.522083 -0.443033
v -1.238736 0.398573 -0.447219
v -1.374708 0.696640 -0.393659
v -1.458550 0.710922 -0.408445
v -1.493752 0.576860 -0.324104
v -1.425061 0.570226 -0.312734
v -1.526319 0.728703 -0.460028
v -1.567173 0.741967 -0.540072
v -1.616293 0.576886 -0.434284
v -1.554199 0.581618 -0.351594
v -1.634778 0.571597 -0.577660
v -1.668269 0.447048 -0.599924
v -1.230758 0.216011 -0.460179
v -1.683476 0.265878 -0.647979
v -1.419783 0.475188 -0.119483
v -1.574047 0.491896 -0.112483
v -1.512670 0.489140 -0.100026
v -1.693947 0.493974 -0.190299
v -1.629440 0.498844 -0.138684
v -1.726766 0.455061 -0.311331
v -1.772403 0.389461 -0.342602
v -1.803910 0.243105 -0.344227
v -1.520687 0.448198 0.078485
v -1.717326 0.466534 0.048785
v -1.313712 0.197469 -0.185748
v -1.421471 0.197971 0.093449
v -1.638400 0.218535 -0.019793
v -1.559088 0.220821 -0.271452
v -1.230758 0.216011 -0.460179
v -1.464386 0.238860 -0.532519
v -1.145644 0.228203 -0.626388
v -1.401214 0.253500 -0.703737
v -1.178555 0.252128 -0.854947
v -1.349715 0.263638 -0.854221
v -1.305550 0.273196 -0.968374
v -1.620005 0.210352 0.201262
v -1.717525 0.217935 0.202573
v -1.665263 0.218041 0.061364
v -1.534759 0.204857 0.160659
v -1.401136 0.281111 -0.974340
v -1.485734 0.283522 -0.938360
v -1.631391 0.279984 -0.794818
v -1.683476 0.265878 -0.647979
v -1.803910 0.243105 -0.344227
v -1.859168 0.237382 -0.067946
v -1.782566 0.225036 0.135201
v -1.818535 0.230512 0.048131
v -1.755099 0.378439 0.112831
v -1.782566 0.225036 0.135201
v -1.528638 0.362222 0.138784
v -1.534759 0.204857 0.160659
v 0.028653 2.822506 0.154778
v -0.008152 2.867753 0.300638
v -0.133644 2.932911 0.188132
v -0.098822 2.911996 0.049850
v 0.002683 3.022502 0.331489
v -0.134690 3.064042 0.241563
v 0.003326 3.208007 0.318871
v -0.131754 3.232111 0.224548
v -0.010243 3.217968 0.263451
v -0.137292 3.218379 0.136577
v -0.029525 3.357738 0.327350
v -0.168745 3.375871 0.210552
v -0.068909 3.598118 0.431926
v -0.224549 3.648409 0.333465
v -0.062496 3.737661 0.455177
v -0.214755 3.798783 0.380822
v -0.045287 3.873837 0.480488
v 0.004032 4.121369 0.440786
v -0.142411 4.202157 0.374348
v -0.184856 3.929230 0.421512
v 0.051981 4.294560 0.438624
v -0.061206 4.358489 0.389656
v 0.099907 4.520988 0.511311
v 0.051593 4.534591 0.464470
v -0.057855 3.738257 0.445062
v -0.207039 3.799863 0.372974
v 0.366799 2.380258 -0.830285
v 0.379786 2.908402 0.116981
v 0.277706 2.861802 0.063496
v 0.153643 4.765739 0.534972
v 0.103494 4.670794 0.493806
v 0.163017 4.679494 0.525037
v 0.226103 4.819875 0.149294
v 0.161634 4.823486 0.148061
v 0.113316 4.824224 0.163159
v 0.061012 4.823646 0.213535
v 0.029707 4.816963 0.302311
v 0.034899 4.776062 0.370221
v 0.059376 4.718296 0.440284
v 0.103026 4.522042 0.504572
v 0.167035 4.485702 0.521197
v 0.055645 4.532013 0.457211
v 0.017995 4.607648 0.423139
v -0.002835 4.646313 0.359930
v 0.004242 4.695090 0.233160
v 0.076857 4.720904 0.130127
v 0.129554 4.725132 0.089011
v 0.189423 4.716538 0.064781
v -0.296657 4.619254 -0.395394
v -0.180117 4.466607 -0.574131
v -0.101399 4.274570 -0.645856
v -0.101399 4.274570 -0.645856
v -0.096095 4.151868 -0.528101
v -0.146315 4.143409 -0.301711
v -0.281233 4.198361 -0.129316
v -0.361116 4.420434 -0.168641
v -0.402861 4.520308 -0.274048
v -1.036518 1.841418 -0.130659
v -1.136350 1.872805 -0.150726
v -0.933581 1.716840 0.014631
v -1.009265 1.567083 0.236724
v -1.214083 1.484900 0.399251
v -1.009265 1.567083 0.236724
v -1.428476 1.515857 0.409147
v -1.331785 1.481031 0.428510
v -1.530555 1.642874 0.266081
v -1.500652 1.571652 0.354684
v -1.459154 1.786834 0.045714
v -1.252726 1.869268 -0.119149
v -1.459154 1.786834 0.045714
v -0.321619 3.851932 -0.080105
v -0.176320 3.975720 -0.373694
v -0.176320 3.975720 -0.373694
v -0.059716 4.146058 -0.566297
v -0.006535 4.341278 -0.543792
v 0.107479 4.389480 -0.515453
v -0.343150 3.971428 0.003754
v -0.316165 3.893284 0.245794
v -0.057855 3.738257 0.445062
v -0.207039 3.799863 0.372974
v 0.129402 3.716248 0.485949
v 0.126773 3.716199 0.496641
v -0.065107 4.261864 -0.572309
v -0.071108 4.271304 -0.581622
v -1.136350 1.872805 -0.150726
v -1.036518 1.841418 -0.130659
v -0.933581 1.716840 0.014631
v -1.009265 1.567083 0.236724
v -1.009265 1.567083 0.236724
v -1.214083 1.484900 0.399251
v -1.331785 1.481031 0.428510
v -1.428476 1.515857 0.409147
v -1.500652 1.571652 0.354684
v -1.530555 1.642874 0.266081
v -1.459154 1.786834 0.045714
v -1.459154 1.786834 0.045714
v -1.252726 1.869268 -0.119149
v -0.842474 2.540623 -0.362995
v -0.844105 2.516381 -0.399809
v -0.838634 2.517847 -0.403687
v -0.979317 2.501960 -0.297311
v -0.862154 2.556950 -0.319972
v -0.859872 2.563331 -0.309395
v -1.050977 2.427613 -0.353332
v -1.054935 2.447437 -0.329593
v -1.061692 2.446494 -0.326087
v -0.939502 2.444031 -0.390314
v -1.035440 2.416187 -0.382849
v -1.038018 2.410474 -0.389848
v 0.129554 4.725132 0.089011
v 0.189423 4.716538 0.064781
v 0.017995 4.607648 0.423139
v -0.002835 4.646313 0.359930
v 0.004242 4.695090 0.233160
v 0.004242 4.695090 0.233160
v 0.076857 4.720904 0.130127
v 0.103026 4.522042 0.504572
v 0.055645 4.532013 0.457211
v 0.167035 4.485702 0.521197
v 0.165038 4.484003 0.528507
v -0.886477 2.629441 -0.333376
v -0.864510 2.610066 -0.383686
v -1.100340 2.539594 -0.485127
v -1.047430 2.535161 -0.513356
v -0.946865 2.559422 -0.465641
v -0.939502 2.444031 -0.390314
v -0.946865 2.559422 -0.465641
v 0.019076 5.198052 0.789830
v 0.013801 5.174519 0.802975
v 0.028881 5.231279 0.766059
v 0.024564 5.192606 0.778040
v -0.026995 5.188704 0.727962
v 0.010365 5.231920 0.741857
v 0.024564 5.192606 0.778040
v 0.019263 5.168713 0.791263
v -0.029950 5.157142 0.737903
v -0.026995 5.188704 0.727962
v 0.024564 5.192606 0.778040
v -0.029950 5.157142 0.737903
v 0.019263 5.168713 0.791263
v 0.028881 5.231279 0.766059
v 0.028881 5.231279 0.766059
v 0.010365 5.231920 0.741857
v -0.026995 5.188704 0.727962
v 0.024564 5.192606 0.778040
v 0.028137 5.125425 0.776158
v 0.019263 5.168713 0.791263
v -0.029950 5.157142 0.737903
v 0.022196 5.106446 0.791713
v 0.019909 5.038538 0.803834
v 0.015576 5.087666 0.808670
v 0.019263 5.168713 0.791263
v 0.024564 5.192606 0.778040
v -0.026995 5.188704 0.727962
v -0.029950 5.157142 0.737903
v 0.015088 5.254557 0.795091
v 0.020579 4.992327 0.806437
v 0.028881 5.231279 0.766059
v 0.010365 5.231920 0.741857
v 0.372259 5.565229 -0.014193
v 0.415489 5.385056 -0.098437
v 0.297308 5.680750 0.144258
v 0.210722 5.700665 0.334453
v 0.135736 5.619555 0.505357
v 0.410964 5.192396 -0.076188
v 0.402599 5.140724 -0.053751
v 0.360998 4.997522 0.047722
v 0.108736 5.545099 0.569743
v 0.315890 4.896441 0.151089
v 0.312661 2.488431 -0.095961
v 0.312661 2.488431 -0.095961
v 0.175524 4.270426 0.474431
v 0.159813 4.091378 0.481253
v 0.130873 3.849786 0.516825
v 0.129402 3.716248 0.485949
v 0.122105 3.577474 0.479973
v 0.131233 3.394533 0.409605
v 0.145728 3.242693 0.336706
v 0.177497 3.202438 0.360814
v 0.170226 3.008022 0.366999
v 0.164462 2.857667 0.337401
v 0.196127 2.786162 0.199288
v 0.196127 2.786162 0.199288
v 0.301967 4.807318 0.173708
v 0.315645 4.682810 0.063742
v 0.423030 4.380168 -0.483966
v 0.315645 4.682810 0.063742
v 0.060053 5.238507 0.778093
v 0.095834 5.184546 0.802661
v 0.173558 5.162435 0.791723
v 0.093775 5.252484 0.778456
v 0.094368 5.167517 0.807025
v 0.125934 5.158480 0.804916
v 0.170880 5.157251 0.777820
v 0.096319 5.192214 0.783733
v 0.059221 5.233311 0.763952
v 0.091752 5.247444 0.764403
v 0.170880 5.157251 0.777820
v 0.122670 5.152806 0.791276
v 0.092856 5.161352 0.793169
v 0.096319 5.192214 0.783733
v 0.059221 5.233311 0.763952
v 0.028881 5.231279 0.766059
v 0.170880 5.157251 0.777820
v 0.091752 5.247444 0.764403
v 0.091752 5.247444 0.764403
v 0.059221 5.233311 0.763952
v 0.122670 5.152806 0.791276
v 0.170880 5.157251 0.777820
v 0.092856 5.161352 0.793169
v 0.122670 5.152806 0.791276
v 0.097538 5.125380 0.787232
v 0.093201 5.103531 0.795880
v 0.151907 5.099453 0.799256
v 0.161075 5.114319 0.787705
v 0.243592 5.401789 0.607082
v 0.208617 5.402774 0.600052
v 0.208615 5.379813 0.596712
v 0.243943 5.377942 0.606371
v 0.197198 5.356703 0.613129
v 0.172679 5.353966 0.637727
v 0.227331 5.337977 0.645567
v 0.232505 5.347505 0.632873
v 0.288200 5.408847 0.617912
v 0.287353 5.398590 0.610299
v 0.304677 5.376130 0.618525
v 0.315702 5.370554 0.611026
v 0.188081 5.426271 0.615007
v 0.198483 5.413953 0.603100
v 0.242668 5.411746 0.607872
v 0.235316 5.427499 0.628574
v 0.164924 5.390067 0.617311
v 0.181141 5.384163 0.599886
v 0.292937 5.110498 0.676083
v 0.243215 5.114038 0.727238
v 0.228187 5.059283 0.754277
v 0.263808 5.028262 0.711421
v 0.453292 5.106569 0.490309
v 0.372700 5.206683 0.609532
v 0.354079 5.075691 0.622964
v 0.404070 5.026735 0.548946
v 0.286727 5.339334 0.642032
v 0.279096 5.349523 0.636981
v 0.283799 5.390743 0.611680
v 0.280862 5.376084 0.618302
v 0.296848 5.375051 0.617051
v 0.204218 5.358761 0.609891
v 0.236894 5.352766 0.623040
v 0.275854 5.353336 0.630424
v 0.117991 5.344587 0.651878
v 0.221635 5.330995 0.666596
v 0.305964 5.329440 0.645064
v 0.348074 5.364978 0.605731
v 0.323803 5.428131 0.610263
v 0.237096 5.474226 0.626108
v 0.153361 5.453856 0.629585
v 0.133226 5.395897 0.630911
v 0.112920 5.289958 0.680744
v 0.224344 5.271951 0.672361
v 0.389271 5.344102 0.583715
v 0.376744 5.445255 0.566609
v 0.271937 5.508988 0.581903
v 0.103110 5.389114 0.651228
v 0.106837 5.440969 0.641161
v 0.094044 5.438057 0.643069
v 0.086185 5.392004 0.658545
v 0.064621 5.360608 0.713174
v 0.084348 5.353031 0.698369
v 0.189905 5.383169 0.596772
v 0.103631 5.271096 0.734427
v 0.204182 5.210831 0.719971
v 0.122670 5.152806 0.791276
v 0.092856 5.161352 0.793169
v 0.065106 5.298309 0.770831
v 0.069243 5.313482 0.749573
v 0.045256 5.323071 0.765272
v 0.039605 5.307710 0.789220
v 0.092372 5.041359 0.804919
v 0.162204 5.071177 0.799709
v 0.130395 5.085282 0.809447
v 0.087615 5.082998 0.808187
v 0.194037 4.982531 0.755440
v 0.177046 5.025925 0.785698
v 0.094868 5.003232 0.811599
v 0.112115 4.959208 0.788098
v 0.191303 5.105422 0.776938
v 0.170880 5.157251 0.777820
v 0.122670 5.152806 0.791276
v 0.116676 5.396397 0.641811
v 0.117390 5.443500 0.636224
v 0.099174 5.352709 0.675802
v 0.036043 5.282103 0.812939
v 0.045442 5.258886 0.793180
v 0.080838 5.259217 0.774673
v 0.062892 5.275121 0.797848
v 0.086972 5.285630 0.747625
v 0.087283 5.303802 0.721735
v 0.122519 5.464084 0.635526
v 0.137168 5.475864 0.632958
v 0.124072 5.483487 0.633153
v 0.110883 5.462706 0.639743
v 0.098294 5.462645 0.637918
v 0.106263 5.485069 0.625049
v 0.091752 5.247444 0.764403
v 0.170880 5.157251 0.777820
v 0.170880 5.157251 0.777820
v 0.186418 5.091675 0.789007
v 0.059221 5.233311 0.763952
v 0.096319 5.192214 0.783733
v 0.170880 5.157251 0.777820
v 0.091752 5.247444 0.764403
v 0.092856 5.161352 0.793169
v 0.122670 5.152806 0.791276
v 0.170880 5.157251 0.777820
v 0.096319 5.192214 0.783733
v 0.059221 5.233311 0.763952
v 0.091752 5.247444 0.764403
v 0.091752 5.247444 0.764403
v 0.283799 5.390743 0.611680
v 0.243592 5.401789 0.607082
v 0.296848 5.375051 0.617051
v 0.275854 5.353336 0.630424
v 0.236894 5.352766 0.623040
v 0.204218 5.358761 0.609891
v 0.189905 5.383169 0.596772
v 0.208617 5.402774 0.600052
v 0.525790 5.380684 0.009181
v 0.478044 5.384976 -0.055847
v 0.436238 5.559223 0.025621
v 0.488308 5.536912 0.082223
v 0.363754 5.670936 0.178857
v 0.423320 5.637072 0.219611
v 0.278652 5.690170 0.362172
v 0.348245 5.654351 0.384521
v 0.192231 5.611416 0.521257
v 0.256999 5.583348 0.520929
v 0.523072 5.212496 0.025776
v 0.472507 5.199621 -0.031814
v 0.554955 5.372526 0.091468
v 0.524350 5.500079 0.151110
v 0.471289 5.581863 0.263284
v 0.409989 5.595966 0.397934
v 0.339104 5.538104 0.510944
v 0.554903 5.233384 0.100342
v 0.563555 5.361055 0.185406
v 0.541914 5.451249 0.227579
v 0.504395 5.509080 0.306898
v 0.461049 5.519052 0.402110
v 0.417985 5.463310 0.485385
v 0.563518 5.262668 0.191681
v 0.539961 5.231237 0.316494
v 0.528949 5.283785 0.335974
v 0.509080 5.315896 0.375876
v 0.497868 5.313544 0.397843
v 0.469347 5.279968 0.451055
v 0.452915 5.237682 0.481670
v 0.536362 5.184351 0.328373
v 0.527061 5.285377 0.417867
v 0.491913 5.258747 0.456494
v 0.542794 5.232054 0.408395
v 0.552198 5.279423 0.390886
v 0.587639 5.204919 0.354752
v 0.576278 5.250064 0.365819
v 0.472982 5.224166 0.479241
v 0.531784 5.184979 0.424085
v 0.581735 5.166007 0.362014
v 0.153611 4.898185 0.702828
v 0.131313 4.929715 0.755416
v 0.300696 4.994829 0.662624
v 0.335429 4.960536 0.594486
v 0.457902 5.160838 0.472359
v 0.250507 4.915160 0.641737
v 0.216487 4.946508 0.713222
v 0.200926 4.848076 0.605282
v 0.374977 4.906295 0.504803
v 0.436127 4.974254 0.468431
v 0.520309 5.133379 0.434787
v 0.478679 5.156770 0.473160
v 0.473679 5.107118 0.482033
v 0.494263 5.069260 0.440556
v 0.295995 4.863213 0.547737
v 0.457432 5.065184 0.448745
v 0.185545 5.538267 0.591352
v 0.385042 4.854281 0.477484
v 0.439536 4.927101 0.424418
v 0.556821 5.114762 0.374657
v 0.519025 5.073666 0.382917
v 0.312351 4.788882 0.520946
v 0.233390 4.747024 0.545463
v 0.474322 5.070544 0.381241
v 0.463868 5.149478 -0.004752
v 0.509974 5.164153 0.057922
v 0.539425 5.182285 0.125141
v 0.547405 5.208347 0.208251
v 0.512314 5.121692 0.355430
v 0.430372 5.003191 0.090379
v 0.473894 5.014995 0.144662
v 0.494253 5.031112 0.209722
v 0.499106 5.050722 0.277328
v 0.437844 4.901583 0.230365
v 0.463639 4.908773 0.277290
v 0.465034 4.917092 0.331728
v 0.139203 5.542273 0.577825
v 0.539433 5.301504 0.374433
v 0.513948 5.306664 0.409696
v 0.478362 5.275301 0.457209
v 0.578017 5.219066 0.324314
v 0.564774 5.270051 0.339489
v 0.458972 5.234582 0.485831
v 0.573144 5.173752 0.334198
v 0.463606 5.157765 0.476524
v 0.482414 5.058308 0.438296
v 0.507776 5.064597 0.370826
v 0.547678 5.113622 0.353665
v 0.384098 4.896474 0.181479
v 1.690683 2.589933 -0.226537
v 1.688193 2.593094 -0.288551
v 1.645348 2.498831 -0.355946
v 1.644777 2.527998 -0.314383
v 1.651743 2.521347 -0.311694
v 1.654228 2.496676 -0.344540
v 1.579287 2.456778 -0.356416
v 1.582931 2.501254 -0.325462
v 1.669787 2.536711 -0.267618
v 1.651743 2.521347 -0.311694
v 1.582931 2.501254 -0.325462
v 1.568988 2.528288 -0.278314
v 1.704012 2.584754 -0.162220
v 1.661169 2.545449 -0.254673
v 1.137000 2.269043 -0.170593
v 1.131894 2.265234 -0.216326
v 1.147342 2.236342 -0.229044
v 1.152112 2.225128 -0.192234
v 1.158520 2.297271 -0.209955
v 1.131894 2.265234 -0.216326
v 1.137000 2.269043 -0.170593
v 1.167996 2.317223 -0.164211
v 1.184438 2.276644 -0.140169
v 1.192742 2.247773 -0.157196
v 1.184438 2.276644 -0.140169
v 1.204071 2.308558 -0.138007
v 1.338284 2.324067 -0.176660
v 1.406003 2.357777 -0.179859
v 1.431713 2.314276 -0.200158
v 1.355226 2.291695 -0.203476
v 1.400516 2.400904 -0.153394
v 1.406003 2.357777 -0.179859
v 1.338284 2.324067 -0.176660
v 1.336239 2.345194 -0.137057
v 1.853812 2.552714 -0.170832
v 1.790945 2.469254 -0.189675
v 1.789680 2.467319 -0.200519
v 1.622433 2.524765 -0.234937
v 1.515642 2.468816 -0.167050
v 1.483572 2.482410 -0.195373
v 1.423388 2.394082 -0.118170
v 1.728878 2.457491 -0.155332
v 1.578722 2.420022 -0.103055
v 1.483883 2.347302 -0.054544
v 1.385420 2.305884 -0.078141
v 1.355728 2.343115 -0.097191
v 1.645961 2.364574 -0.057912
v 1.549538 2.287729 -0.007134
v 1.450758 2.241267 -0.032171
v 1.415302 2.278961 -0.040668
v 1.818308 2.378062 -0.126069
v 1.889669 2.413304 -0.214748
v 1.828806 2.335803 -0.137346
v 1.959628 2.532285 -0.225774
v 1.903275 2.412574 -0.208323
v 1.713207 2.297529 -0.046680
v 1.744485 2.258400 -0.057441
v 1.624732 2.212407 0.014783
v 1.655305 2.177130 0.003341
v 1.520592 2.170285 0.009854
v 1.478469 2.214956 0.001771
v 1.566052 2.144302 0.032575
v 1.596764 2.113283 0.010798
v 1.962441 2.537457 -0.291324
v 1.903996 2.394865 -0.250737
v 1.893815 2.399316 -0.250860
v 1.837097 2.305139 -0.166949
v 1.883227 2.398545 -0.291990
v 1.893815 2.399316 -0.250860
v 1.837097 2.305139 -0.166949
v 1.849177 2.289934 -0.207436
v 1.928880 2.553220 -0.346834
v 1.891367 2.394339 -0.305842
v 1.755198 2.222950 -0.091352
v 1.755198 2.222950 -0.091352
v 1.746501 2.206612 -0.129945
v 1.667119 2.149250 -0.032736
v 1.667119 2.149250 -0.032736
v 1.660350 2.138549 -0.073858
v 1.610364 2.095443 -0.027657
v 1.610364 2.095443 -0.027657
v 1.605953 2.092825 -0.070884
v 1.803805 2.569671 -0.341346
v 1.767305 2.423307 -0.329697
v 1.768898 2.425292 -0.319062
v 1.780880 2.334437 -0.267588
v 1.719484 2.224393 -0.155135
v 1.634544 2.154863 -0.100437
v 1.658073 2.277918 -0.191213
v 1.568205 2.209679 -0.142618
v 1.549891 2.132449 -0.100432
v 1.580617 2.110912 -0.094488
v 1.669716 2.405583 -0.319913
v 1.597637 2.325747 -0.234196
v 1.504372 2.259722 -0.189585
v 1.480878 2.184948 -0.145442
v 1.524148 2.160065 -0.131144
v 1.803805 2.569671 -0.341346
v 1.767305 2.423307 -0.329697
v 1.537223 2.357866 -0.274443
v 1.505499 2.358931 -0.289861
v 1.451655 2.301482 -0.216765
v 1.411134 2.239799 -0.185138
v 1.451591 2.212974 -0.174395
v 1.380353 2.262276 -0.201682
v 1.502716 1.970603 -0.250071
v 1.515480 1.987679 -0.232794
v 1.541256 1.987637 -0.233086
v 1.531238 1.960068 -0.252890
v 1.546286 1.967396 -0.218859
v 1.544100 1.943112 -0.231655
v 1.505107 1.925701 -0.248382
v 1.531238 1.960068 -0.252890
v 1.544100 1.943112 -0.231655
v 1.519195 1.921071 -0.230254
v 1.488430 1.941658 -0.243677
v 1.502716 1.970603 -0.250071
v 1.452765 1.920862 -0.304276
v 1.465286 1.942473 -0.290887
v 1.491328 1.940055 -0.289900
v 1.480364 1.907018 -0.302168
v 1.492590 1.925184 -0.268506
v 1.489422 1.897534 -0.274180
v 1.450759 1.878340 -0.288442
v 1.480364 1.907018 -0.302168
v 1.489422 1.897534 -0.274180
v 1.461454 1.878563 -0.266988
v 1.432753 1.894934 -0.288658
v 1.452765 1.920862 -0.304276
v 1.350548 1.954776 -0.340133
v 1.363705 1.976066 -0.326803
v 1.390704 1.972138 -0.327786
v 1.378477 1.939085 -0.339926
v 1.390487 1.957810 -0.304612
v 1.386494 1.930200 -0.310231
v 1.346365 1.913060 -0.322385
v 1.378477 1.939085 -0.339926
v 1.386494 1.930200 -0.310231
v 1.357496 1.914040 -0.300386
v 1.330752 1.932297 -0.322619
v 1.350548 1.954776 -0.340133
v 1.232417 1.986225 -0.293770
v 1.252264 2.006678 -0.291111
v 1.276760 1.995387 -0.293813
v 1.256322 1.964717 -0.291476
v 1.279034 1.990505 -0.267322
v 1.268469 1.964496 -0.261805
v 1.223406 1.955288 -0.261129
v 1.256322 1.964717 -0.291476
v 1.268469 1.964496 -0.261805
v 1.238973 1.960583 -0.242713
v 1.212078 1.976785 -0.266362
v 1.232417 1.986225 -0.293770
v 1.537094 2.114486 -0.087729
v 1.563023 2.092015 -0.092312
v 1.586007 2.075294 -0.071185
v 1.509852 2.016823 -0.110241
v 1.512061 2.026399 -0.097837
v 1.523802 2.001797 -0.079624
v 1.521384 1.992764 -0.092554
v 1.482375 2.027074 -0.110141
v 1.484483 2.037974 -0.096908
v 1.589675 2.077473 -0.030406
v 1.589675 2.077473 -0.030406
v 1.576891 2.093603 0.006729
v 1.500839 1.966563 -0.055926
v 1.506536 1.979275 -0.042693
v 1.486532 1.978997 -0.014481
v 1.478817 1.961404 -0.031947
v 1.500839 1.966563 -0.055926
v 1.506536 1.979275 -0.042693
v 1.550299 2.118093 0.017949
v 1.526332 2.136040 0.002133
v 1.451820 1.970771 -0.034389
v 1.459123 1.990330 -0.013970
v 1.442481 2.008756 -0.032579
v 1.437071 1.990350 -0.053227
v 1.525451 2.143538 -0.044376
v 1.523258 2.131463 -0.044484
v 1.523258 2.131463 -0.044484
v 1.525451 2.143538 -0.044376
v 1.451545 2.012397 -0.084727
v 1.454016 2.026299 -0.066949
v 1.451545 2.012397 -0.084727
v 1.454016 2.026299 -0.066949
v 1.480660 2.162402 -0.133016
v 1.509042 2.139788 -0.132021
v 1.524913 2.127659 -0.100857
v 1.441072 2.021339 -0.159110
v 1.443466 2.034128 -0.150765
v 1.455604 2.018481 -0.126895
v 1.451887 2.004866 -0.135441
v 1.412151 2.031664 -0.162723
v 1.414259 2.045293 -0.154091
v 1.514351 2.137547 -0.049372
v 1.514351 2.137547 -0.049372
v 1.490879 2.157370 -0.015776
v 1.462704 2.180873 -0.015816
v 1.444704 2.192201 -0.045356
v 1.369936 1.998511 -0.078688
v 1.373779 2.015245 -0.067917
v 1.362284 2.031569 -0.091847
v 1.358781 2.014960 -0.102004
v 1.398827 1.987275 -0.075873
v 1.402943 2.003086 -0.065473
v 1.455752 2.194687 -0.094668
v 1.454374 2.182446 -0.094227
v 1.454374 2.182446 -0.094227
v 1.455752 2.194687 -0.094668
v 1.378887 2.027456 -0.137252
v 1.381803 2.043027 -0.127843
v 1.378887 2.027456 -0.137252
v 1.381803 2.043027 -0.127843
v 1.403366 2.218791 -0.165078
v 1.432214 2.194555 -0.169678
v 1.449188 2.183166 -0.139152
v 1.346519 2.073614 -0.182851
v 1.352934 2.087651 -0.177298
v 1.363444 2.071627 -0.152280
v 1.357171 2.057878 -0.158491
v 1.318529 2.086179 -0.185686
v 1.323988 2.100323 -0.179695
v 1.446147 2.188803 -0.099710
v 1.446147 2.188803 -0.099710
v 1.420779 2.215563 -0.056136
v 1.397572 2.248866 -0.052897
v 1.381831 2.270472 -0.077766
v 1.279124 2.062320 -0.097461
v 1.284581 2.077940 -0.089059
v 1.273304 2.093352 -0.113870
v 1.268072 2.077892 -0.121557
v 1.306897 2.049709 -0.094448
v 1.312680 2.064478 -0.086475
v 1.383591 2.265533 -0.119350
v 1.380524 2.253281 -0.117124
v 1.380524 2.253281 -0.117124
v 1.383591 2.265533 -0.119350
v 1.286795 2.086644 -0.158187
v 1.291851 2.101568 -0.151175
v 1.286795 2.086644 -0.158187
v 1.291851 2.101568 -0.151175
v 1.333423 2.278373 -0.190645
v 1.357167 2.252530 -0.187740
v 1.374896 2.240406 -0.164170
v 1.276125 2.155949 -0.178052
v 1.282185 2.167435 -0.175457
v 1.293066 2.154971 -0.149332
v 1.287588 2.143741 -0.152623
v 1.248381 2.169599 -0.181700
v 1.254290 2.181537 -0.179034
v 1.371897 2.261322 -0.120353
v 1.371897 2.261322 -0.120353
v 1.358931 2.291914 -0.092486
v 1.333990 2.315900 -0.099140
v 1.315733 2.323250 -0.129389
v 1.214278 2.162300 -0.093570
v 1.220587 2.176760 -0.089222
v 1.209283 2.188928 -0.115614
v 1.203198 2.174258 -0.119730
v 1.240852 2.148960 -0.088398
v 1.247106 2.162675 -0.083883
v 1.317288 2.306125 -0.165422
v 1.317288 2.306125 -0.165422
v 1.219197 2.176369 -0.155437
v 1.225324 2.189420 -0.152541
v 1.219197 2.176369 -0.155437
v 1.225324 2.189420 -0.152541
v 1.431789 1.991525 -0.100975
v 1.435810 2.006233 -0.091344
v 1.431789 1.991525 -0.100975
v 1.435810 2.006233 -0.091344
v 1.338197 2.049161 -0.121566
v 1.344003 2.063333 -0.114067
v 1.338197 2.049161 -0.121566
v 1.344003 2.063333 -0.114067
v 1.270659 2.142134 -0.115475
v 1.276654 2.154496 -0.111604
v 1.270659 2.142134 -0.115475
v 1.276654 2.154496 -0.111604
v 1.471870 1.986768 -0.161119
v 1.478116 2.016247 -0.120869
v 1.508909 2.009051 -0.122753
v 1.500903 1.982090 -0.155154
v 1.519833 1.984435 -0.105136
v 1.514422 1.958760 -0.142138
v 1.499512 1.956660 -0.072144
v 1.500863 1.926344 -0.133937
v 1.500863 1.926344 -0.133937
v 1.499512 1.956660 -0.072144
v 1.475751 1.947124 -0.052731
v 1.471650 1.903885 -0.127502
v 1.448068 1.955953 -0.054432
v 1.442455 1.912079 -0.126152
v 1.432947 1.976693 -0.069945
v 1.428851 1.934250 -0.141229
v 1.447831 2.000401 -0.098964
v 1.441897 1.965133 -0.151315
v 1.441897 1.965133 -0.151315
v 1.447831 2.000401 -0.098964
v 1.403457 1.951967 -0.225867
v 1.411016 2.020752 -0.171432
v 1.440059 2.010830 -0.167679
v 1.431492 1.943726 -0.220039
v 1.450844 1.994147 -0.144305
v 1.442212 1.925532 -0.198877
v 1.430714 1.979908 -0.110731
v 1.422598 1.907230 -0.170268
v 1.422598 1.907230 -0.170268
v 1.430714 1.979908 -0.110731
v 1.397709 1.974556 -0.086615
v 1.390364 1.897077 -0.151628
v 1.368826 1.985039 -0.090033
v 1.362037 1.905642 -0.156804
v 1.357619 2.001932 -0.112751
v 1.351053 1.923650 -0.177851
v 1.377766 2.015638 -0.146834
v 1.372124 1.942673 -0.207430
v 1.372124 1.942673 -0.207430
v 1.377766 2.015638 -0.146834
v 1.299941 2.005202 -0.241230
v 1.315262 2.073259 -0.194324
v 1.342976 2.060895 -0.191093
v 1.326943 1.999998 -0.230740
v 1.353869 2.045084 -0.167196
v 1.337461 1.979093 -0.212333
v 1.335253 2.035593 -0.131486
v 1.317972 1.952175 -0.193507
v 1.317972 1.952175 -0.193507
v 1.335253 2.035593 -0.131486
v 1.303580 2.035477 -0.104619
v 1.286823 1.939238 -0.179985
v 1.275784 2.047911 -0.107680
v 1.259269 1.947625 -0.186662
v 1.264874 2.063507 -0.131773
v 1.248458 1.966566 -0.206704
v 1.283482 2.073016 -0.167468
v 1.267732 1.987576 -0.231206
v 1.267732 1.987576 -0.231206
v 1.283482 2.073016 -0.167468
v 1.221069 2.081475 -0.219369
v 1.244842 2.159093 -0.186003
v 1.272612 2.145741 -0.182222
v 1.248055 2.071690 -0.212600
v 1.284178 2.133372 -0.157102
v 1.258088 2.056118 -0.189280
v 1.266837 2.130854 -0.120321
v 1.238584 2.043161 -0.159240
v 1.238584 2.043161 -0.159240
v 1.266837 2.130854 -0.120321
v 1.236839 2.136560 -0.093938
v 1.206666 2.038991 -0.138888
v 1.210082 2.149909 -0.098829
v 1.179523 2.049150 -0.145218
v 1.199076 2.162001 -0.124855
v 1.169322 2.062513 -0.170229
v 1.215216 2.164844 -0.160097
v 1.188923 2.075192 -0.200572
v 1.188923 2.075192 -0.200572
v 1.215216 2.164844 -0.160097
v 1.497429 1.991826 -0.207862
v 1.472642 1.982682 -0.169903
v 1.502207 1.980796 -0.159835
v 1.524737 1.988768 -0.195984
v 1.516379 1.956326 -0.150825
v 1.539339 1.964448 -0.188816
v 1.502880 1.922201 -0.146244
v 1.527603 1.928519 -0.192425
v 1.527603 1.928519 -0.192425
v 1.502880 1.922201 -0.146244
v 1.474822 1.898193 -0.145450
v 1.501659 1.901988 -0.201314
v 1.444498 1.904278 -0.145555
v 1.474257 1.905698 -0.211691
v 1.432298 1.927765 -0.160915
v 1.459785 1.930139 -0.218901
v 1.444243 1.960294 -0.165117
v 1.470230 1.964022 -0.216482
v 1.470230 1.964022 -0.216482
v 1.444243 1.960294 -0.165117
v 1.443175 1.955699 -0.266869
v 1.403644 1.946899 -0.230591
v 1.430908 1.936845 -0.225712
v 1.468606 1.953905 -0.252446
v 1.441800 1.919493 -0.204028
v 1.481435 1.933772 -0.236349
v 1.422771 1.900116 -0.177185
v 1.464601 1.896769 -0.229476
v 1.464601 1.896769 -0.229476
v 1.422771 1.900116 -0.177185
v 1.390722 1.888469 -0.160201
v 1.436741 1.870448 -0.231485
v 1.362626 1.896273 -0.166306
v 1.410542 1.872225 -0.245044
v 1.351017 1.914805 -0.186030
v 1.393982 1.891505 -0.257685
v 1.373805 1.936241 -0.215192
v 1.415349 1.928622 -0.269651
v 1.415349 1.928622 -0.269651
v 1.373805 1.936241 -0.215192
v 1.341994 1.993677 -0.299043
v 1.302885 2.001672 -0.247699
v 1.330054 1.997793 -0.236142
v 1.367796 1.991186 -0.285124
v 1.340638 1.976656 -0.218127
v 1.378851 1.969353 -0.269013
v 1.321078 1.947381 -0.201628
v 1.361575 1.935082 -0.260459
v 1.361575 1.935082 -0.260459
v 1.321078 1.947381 -0.201628
v 1.289770 1.931316 -0.191049
v 1.331197 1.909475 -0.260432
v 1.261955 1.938613 -0.198449
v 1.305938 1.912695 -0.274238
v 1.252250 1.957572 -0.219640
v 1.296082 1.934948 -0.291284
v 1.271220 1.982301 -0.240030
v 1.313224 1.968382 -0.300528
v 1.313224 1.968382 -0.300528
v 1.271220 1.982301 -0.240030
v 1.240372 2.037300 -0.269306
v 1.220797 2.074500 -0.223948
v 1.247752 2.065999 -0.216160
v 1.267435 2.032717 -0.258884
v 1.257535 2.049921 -0.193088
v 1.276327 2.014782 -0.237106
v 1.237722 2.034663 -0.164681
v 1.254894 1.991466 -0.214170
v 1.254894 1.991466 -0.214170
v 1.237722 2.034663 -0.164681
v 1.205384 2.028068 -0.145912
v 1.221412 1.976618 -0.201106
v 1.178027 2.037200 -0.152802
v 1.194479 1.981823 -0.211136
v 1.168298 2.051420 -0.177466
v 1.185122 1.998978 -0.233124
v 1.188456 2.066361 -0.206456
v 1.206998 2.021419 -0.257203
v 1.206998 2.021419 -0.257203
v 1.188456 2.066361 -0.206456
v 1.474724 2.346357 -0.298729
v 1.517003 2.439342 -0.347535
v 1.505704 2.505859 -0.285840
v 1.452164 2.475617 -0.210952
v 1.373821 2.405815 -0.222662
v 1.376883 2.382855 -0.284830
v 1.519273 2.481725 -0.325689
v 1.519273 2.481725 -0.325689
v 1.381629 2.347029 -0.311132
v 1.519273 2.481725 -0.325689
v 1.382938 2.309273 -0.322312
v 1.381629 2.347029 -0.311132
v 1.421213 2.314929 -0.219038
v 1.416005 2.352324 -0.178776
v 1.416005 2.352324 -0.178776
v 1.407700 2.399476 -0.169584
v 1.367439 2.375112 -0.172940
v 1.377269 2.273863 -0.282553
v 1.288109 2.240989 -0.288204
v 1.298349 2.248095 -0.291574
v 1.317714 2.233216 -0.255998
v 1.309545 2.228626 -0.252989
v 1.307022 2.367629 -0.207746
v 1.314954 2.372208 -0.209529
v 1.295673 2.332010 -0.261412
v 1.285768 2.325867 -0.258592
v 1.284701 2.281278 -0.279269
v 1.294485 2.288114 -0.282376
v 1.294485 2.288114 -0.282376
v 1.284701 2.281278 -0.279269
v 1.369378 2.286110 -0.219294
v 1.324383 2.261183 -0.191971
v 1.367380 2.329456 -0.188400
v 1.367380 2.329456 -0.188400
v 1.325531 2.353243 -0.162754
v 1.216767 2.213219 -0.221932
v 1.192680 2.228065 -0.257942
v 1.265801 2.235210 -0.278432
v 1.286982 2.220898 -0.242066
v 1.208393 2.308667 -0.231006
v 1.240655 2.340116 -0.178969
v 1.289354 2.356681 -0.197462
v 1.270407 2.316564 -0.247804
v 1.267178 2.274285 -0.269435
v 1.196388 2.267145 -0.250646
v 1.196388 2.267145 -0.250646
v 1.267178 2.274285 -0.269435
v 1.241172 2.244502 -0.166375
v 1.300066 2.253352 -0.181595
v 1.311051 2.299586 -0.161700
v 1.251898 2.286169 -0.146171
v 1.251898 2.286169 -0.146171
v 1.311051 2.299586 -0.161700
v 1.307785 2.342477 -0.154877
v 1.256982 2.325119 -0.139452
v 1.329458 2.309612 -0.171020
v 1.329458 2.309612 -0.171020
v 1.853163 2.554078 -0.173748
v 1.946754 2.782559 -0.148290
v 1.800444 2.831500 -0.143103
v 1.707096 2.582680 -0.167534
v 1.953923 2.533856 -0.229302
v 2.084152 2.832960 -0.217425
v 2.184263 3.057159 -0.208494
v 2.090817 2.804483 -0.328645
v 2.210390 3.089339 -0.370685
v 2.014114 2.827491 -0.407895
v 2.110315 3.117944 -0.500122
v 1.856250 2.848792 -0.403343
v 1.928049 3.128307 -0.486837
v 1.928049 3.128307 -0.486837
v 1.856250 2.848792 -0.403343
v 1.768789 2.863386 -0.338858
v 1.818591 3.124461 -0.393953
v 1.751147 2.844573 -0.232956
v 1.777306 3.109898 -0.253216
v 1.859126 3.078264 -0.119087
v 2.047068 3.051480 -0.106893
v 2.241227 3.364316 -0.181194
v 2.259062 3.416357 -0.347243
v 2.167680 3.420539 -0.487280
v 2.003258 3.368044 -0.493307
v 2.003258 3.368044 -0.493307
v 1.899049 3.348467 -0.404456
v 1.871578 3.312853 -0.247279
v 1.936758 3.311066 -0.102237
v 2.116727 3.315160 -0.082527
v 2.091947 3.651181 -0.149823
v 2.198852 3.525017 -0.161642
v 2.200610 3.579009 -0.320452
v 2.091366 3.699968 -0.296195
v 2.121614 3.557009 -0.461469
v 2.019759 3.664103 -0.427642
v 1.987514 3.464981 -0.496048
v 1.903036 3.550314 -0.462528
v 1.903036 3.550314 -0.462528
v 1.987514 3.464981 -0.496048
v 1.913360 3.408275 -0.410504
v 1.853499 3.470444 -0.390419
v 1.919670 3.392416 -0.252886
v 1.856938 3.437919 -0.243717
v 1.969951 3.380536 -0.106092
v 1.906865 3.445094 -0.109452
v 2.110483 3.442592 -0.074830
v 2.018758 3.550578 -0.073864
v 1.892054 3.874245 -0.112822
v 1.995588 3.762300 -0.137580
v 2.002557 3.818753 -0.275831
v 1.889895 3.928668 -0.245870
v 1.931412 3.770591 -0.398234
v 1.832098 3.883493 -0.370993
v 1.801768 3.640306 -0.426391
v 1.691988 3.731671 -0.397862
v 1.691988 3.731671 -0.397862
v 1.801768 3.640306 -0.426391
v 1.731652 3.556223 -0.340715
v 1.612360 3.612071 -0.326805
v 1.751619 3.486049 -0.222901
v 1.603531 3.549443 -0.191264
v 1.789995 3.510994 -0.094276
v 1.663081 3.586262 -0.066867
v 1.907368 3.644325 -0.063421
v 1.792711 3.737131 -0.037855
v 1.733925 4.028746 -0.059546
v 1.747462 4.101958 -0.206952
v 1.679351 4.052223 -0.354604
v 1.534939 3.884102 -0.385321
v 1.534939 3.884102 -0.385321
v 1.434157 3.725297 -0.295336
v 1.404824 3.653184 -0.152083
v 1.454363 3.679507 -0.008605
v 1.620860 3.861835 0.023258
v 1.521332 4.179821 0.040351
v 1.557123 4.256523 -0.123942
v 1.506793 4.204540 -0.293474
v 1.362831 4.043600 -0.355036
v 1.362831 4.043600 -0.355036
v 1.278933 3.891531 -0.230088
v 1.197424 3.824501 -0.038953
v 1.242759 3.853765 0.110229
v 1.385416 4.015260 0.158086
v 1.203828 4.365067 0.229006
v 1.247928 4.482749 0.086153
v 1.301642 4.389239 -0.155207
v 1.139818 4.211323 -0.313689
v 1.139818 4.211323 -0.313689
v 1.120304 4.034708 -0.203973
v 1.067734 3.946717 -0.002829
v 1.055555 4.018602 0.166935
v 1.156585 4.174255 0.254313
v 1.873670 1.247562 -0.357946
v 1.980264 1.287289 -0.379479
v 2.086979 0.919433 -0.529894
v 1.994266 0.897070 -0.513323
v 1.929771 0.828955 -0.388336
v 1.790825 1.135889 -0.218068
v 1.987106 0.776915 -0.213187
v 1.862909 1.024269 -0.028121
v 1.862909 1.024269 -0.028121
v 1.987106 0.776915 -0.213187
v 2.117007 0.762155 -0.079183
v 2.035208 0.970731 0.104614
v 2.244200 1.012114 0.122511
v 2.146213 0.979992 0.142442
v 2.206130 0.771475 -0.038143
v 2.290751 0.784597 -0.052983
v 2.334210 1.121893 -0.027206
v 2.311692 1.060424 0.061043
v 2.349272 0.815850 -0.103499
v 2.369782 0.849489 -0.182856
v 2.313797 0.903434 -0.356505
v 2.262975 1.236195 -0.209760
v 2.262975 1.236195 -0.209760
v 2.313797 0.903434 -0.356505
v 2.177325 0.925343 -0.494826
v 2.089691 1.293206 -0.347408
v 1.762443 1.549983 -0.234061
v 1.885088 1.598381 -0.259516
v 1.663630 1.418247 -0.060570
v 1.753628 1.286213 0.181534
v 1.753628 1.286213 0.181534
v 1.965948 1.225832 0.357381
v 2.212927 1.271805 0.371379
v 2.101080 1.230219 0.396270
v 2.317013 1.411262 0.195683
v 2.291011 1.334695 0.302931
v 2.230162 1.543539 -0.039070
v 2.230162 1.543539 -0.039070
v 2.018284 1.604292 -0.218135
v 1.697767 1.856993 -0.025532
v 1.830840 1.909282 -0.056057
v 1.583580 1.711982 0.163974
v 1.675651 1.573031 0.435182
v 1.675651 1.573031 0.435182
v 1.906038 1.517433 0.632497
v 2.180525 1.574919 0.645412
v 2.055301 1.526114 0.674598
v 2.300492 1.726983 0.445629
v 2.269370 1.644282 0.567370
v 2.209815 1.862721 0.182785
v 2.209815 1.862721 0.182785
v 1.977249 1.919828 -0.012519
v 1.789596 1.955554 0.210248
v 1.894387 2.013738 0.178747
v 1.852317 2.032608 0.114571
v 1.741520 1.983562 0.141870
v 1.622430 1.874273 0.316846
v 1.654046 1.880613 0.393518
v 1.675710 1.802392 0.570127
v 1.660481 1.895594 0.647498
v 1.660481 1.895594 0.647498
v 1.675710 1.802392 0.570127
v 1.859979 1.815227 0.749365
v 1.803502 1.987517 0.825769
v 2.001871 2.117105 0.825460
v 1.906030 2.051663 0.856858
v 1.978303 1.847903 0.781265
v 2.081140 1.900169 0.752856
v 2.136260 2.197443 0.639589
v 2.085313 2.166652 0.751029
v 2.161863 1.955589 0.682591
v 2.201567 2.010463 0.575272
v 2.153812 2.076551 0.327508
v 2.128578 2.186323 0.387947
v 2.128578 2.186323 0.387947
v 2.153812 2.076551 0.327508
v 1.965754 2.068463 0.145967
v 1.990212 2.084197 0.208665
v 1.683908 1.934734 0.071389
v 1.775438 2.020572 0.028963
v 1.878361 1.965496 0.135810
v 1.784143 1.879480 0.175993
v 1.616344 1.857333 0.374985
v 1.514350 1.913751 0.267341
v 1.552210 1.999849 0.630836
v 1.435660 2.081393 0.520866
v 1.435660 2.081393 0.520866
v 1.552210 1.999849 0.630836
v 1.626743 2.223670 0.796820
v 1.488006 2.339526 0.681134
v 1.644558 2.548403 0.656486
v 1.556433 2.466300 0.698304
v 1.698734 2.343674 0.814504
v 1.792827 2.421493 0.776134
v 1.816415 2.572275 0.461186
v 1.737077 2.587654 0.575832
v 1.884997 2.463365 0.693088
v 1.956937 2.459555 0.578507
v 2.016925 2.322280 0.322032
v 1.895770 2.405491 0.210527
v 1.895770 2.405491 0.210527
v 2.016925 2.322280 0.322032
v 1.951095 2.082726 0.157017
v 1.843573 2.144651 0.048488
v 1.500437 2.056719 -0.081700
v 1.605613 2.150544 -0.130455
v 1.296670 2.017140 0.131671
v 1.179947 2.189934 0.389515
v 1.179947 2.189934 0.389515
v 1.286863 2.455034 0.565870
v 1.450913 2.697732 0.512318
v 1.348088 2.606284 0.566030
v 1.642905 2.735521 0.298170
v 1.552654 2.746242 0.421038
v 1.737405 2.563596 0.039383
v 1.737405 2.563596 0.039383
v 1.681826 2.284787 -0.117459
v 1.225537 2.178982 -0.285470
v 1.345766 2.281021 -0.339898
v 0.948394 2.137078 -0.064119
v 0.809879 2.329333 0.188839
v 0.809879 2.329333 0.188839
v 0.907665 2.593370 0.366634
v 1.165437 2.834128 0.320816
v 1.040382 2.740459 0.371175
v 1.396594 2.866045 0.113705
v 1.289464 2.885688 0.224780
v 1.499293 2.692148 -0.148198
v 1.499293 2.692148 -0.148198
v 1.443727 2.409204 -0.310650
v 0.880086 2.345724 -0.668442
v 0.987762 2.505417 -0.688553
v 1.109505 2.392871 -0.539418
v 1.008892 2.264532 -0.469204
v 0.806538 2.111962 -0.247273
v 0.578324 2.161430 -0.493242
v 0.648222 2.384036 0.107913
v 0.325771 2.487918 -0.062960
v 0.325771 2.487918 -0.062960
v 0.648222 2.384036 0.107913
v 0.761981 2.670371 0.308935
v 0.554255 2.811261 0.186002
v 0.781632 3.007225 0.110577
v 0.680755 2.947773 0.192226
v 0.908460 2.816559 0.316573
v 0.985684 2.932767 0.233000
v 0.972905 3.023635 -0.159948
v 0.887165 3.037597 -0.004565
v 1.039686 2.996758 0.092409
v 1.139618 2.995030 -0.036899
v 1.074358 2.916555 -0.431147
v 1.218435 2.835841 -0.341261
v 1.186494 2.543219 -0.521434
v 1.042657 2.652434 -0.647422
v 1.833348 1.959154 0.029976
v 1.724389 1.915701 0.053819
v 1.622091 1.793607 0.225480
v 1.699057 1.684328 0.477344
v 1.699057 1.684328 0.477344
v 1.904559 1.654774 0.662936
v 2.028055 1.671702 0.698879
v 2.130542 1.715708 0.673810
v 2.206524 1.772628 0.607424
v 2.237578 1.835167 0.501424
v 2.163677 1.938634 0.251529
v 2.163677 1.938634 0.251529
v 1.955277 1.975065 0.066895
v 0.729653 3.067819 -1.005080
v 0.834184 3.068099 -0.888731
v 0.833245 2.871358 -0.895290
v 0.733658 2.788881 -0.971813
v 0.783208 2.997705 0.040650
v 0.651717 2.937211 0.203258
v 0.665388 2.921978 0.053986
v 0.789282 2.967787 -0.107529
v 0.923147 2.973785 -0.450328
v 0.919769 3.063853 -0.352821
v 0.919769 3.063853 -0.352821
v 0.923147 2.973785 -0.450328
v 0.900276 2.907967 -0.762190
v 0.900315 3.082177 -0.721178
v 0.757042 3.378146 -0.976085
v 0.871720 3.371665 -0.829048
v 0.792388 3.125197 0.116836
v 0.656485 3.065840 0.267213
v 0.948986 3.219327 -0.252678
v 0.948986 3.219327 -0.252678
v 0.937764 3.333315 -0.641493
v 0.752187 3.770514 -0.812181
v 0.887944 3.670824 -0.705585
v 0.803155 3.222038 0.099650
v 0.670051 3.193354 0.248195
v 0.947997 3.379035 -0.185313
v 0.947997 3.379035 -0.185313
v 0.950481 3.556075 -0.558593
v 0.754745 3.949763 -0.690143
v 0.862569 3.865517 -0.585603
v 0.772742 3.326232 0.118962
v 0.637550 3.219500 0.209086
v 0.923702 3.610764 -0.085926
v 0.923702 3.610764 -0.085926
v 0.925284 3.774051 -0.433320
v 0.765680 4.059215 -0.602936
v 0.873674 4.021802 -0.470201
v 0.801387 3.523038 0.199266
v 0.666560 3.390797 0.316450
v 0.873669 3.817989 -0.118441
v 0.873669 3.817989 -0.118441
v 0.926562 3.966846 -0.338411
v 0.786442 4.252254 -0.467608
v 0.895775 4.228940 -0.346276
v 0.799391 3.763464 0.211457
v 0.658303 3.630567 0.443030
v 0.859531 3.976263 -0.128111
v 0.859531 3.976263 -0.128111
v 0.939145 4.180950 -0.259281
v 0.755791 4.378168 -0.358432
v 0.897919 4.322949 -0.276627
v 0.777930 3.863466 0.323785
v 0.630038 3.803543 0.498774
v 0.772036 3.865312 0.312964
v 0.789519 3.764066 0.205025
v 0.847881 3.985271 -0.130644
v 0.863006 4.159032 -0.180523
v 0.863006 4.159032 -0.180523
v 0.847881 3.985271 -0.130644
v 0.921798 4.142826 -0.273704
v 0.944123 4.262633 -0.236981
v 0.674763 4.615788 -0.133544
v 0.802732 4.613031 -0.003423
v 0.853031 4.486602 -0.189979
v 0.712447 4.470492 -0.265865
v 0.788212 4.303782 0.445682
v 0.633860 4.223175 0.517994
v 0.612094 3.954555 0.528635
v 0.753355 4.022653 0.430796
v 0.570970 4.639605 0.037759
v 0.649354 4.623996 0.150854
v 0.636822 4.417968 0.501522
v 0.539128 4.357427 0.521787
v 0.965909 4.439316 0.278878
v 0.752903 4.529539 0.374232
v 0.752903 4.529539 0.374232
v 0.965909 4.439316 0.278878
v 0.938411 4.571111 0.118896
v 0.718503 4.595933 0.260189
v 0.433496 4.706949 0.126124
v 0.475807 4.709911 0.181430
v 0.412862 4.631676 0.495619
v 0.353694 4.589987 0.533261
v 0.493172 4.679217 0.385713
v 0.493172 4.679217 0.385713
v 0.498338 4.701736 0.249026
v 0.733658 2.788881 -0.971813
v 0.833245 2.871358 -0.895290
v 0.898363 2.584342 -0.810832
v 0.760751 2.474885 -0.840811
v 0.366799 2.380258 -0.830285
v 0.395548 2.779454 -1.056673
v 0.523827 2.866255 0.154568
v 0.361540 2.795689 0.217022
v 0.473278 2.912041 0.124753
v 0.628309 2.970091 0.041320
v 0.789282 2.967787 -0.107529
v 0.665388 2.921978 0.053986
v 0.755189 3.002427 -0.059083
v 0.884907 3.011829 -0.197795
v 0.923147 2.973785 -0.450328
v 0.992945 2.918797 -0.490192
v 0.952163 2.708014 -0.712232
v 0.900276 2.907967 -0.762190
v 0.623875 3.805330 0.489919
v 0.886555 4.318147 -0.274583
v 0.748525 4.370379 -0.353607
v 1.101094 4.385803 0.263963
v 1.084302 4.530143 0.121171
v 0.994747 4.273435 0.301777
v 1.101094 4.385803 0.263963
v 0.869940 4.055766 0.240192
v 0.854760 4.071311 0.008372
v 0.945611 4.155730 -0.194875
v 1.011996 4.307487 -0.250247
v 0.945611 4.155730 -0.194875
v 0.966962 4.459093 -0.124400
v 1.063454 4.450758 -0.109873
v 0.992945 2.918797 -0.490192
v 0.923147 2.973785 -0.450328
v 1.218435 2.835841 -0.341261
v 1.074358 2.916555 -0.431147
v 2.222070 0.482793 -0.624681
v 2.131347 0.477382 -0.620074
v 2.062909 0.761127 -0.545701
v 2.152233 0.781022 -0.559737
v 2.131347 0.477382 -0.620074
v 2.010381 0.521476 -0.508567
v 1.974355 0.719640 -0.431543
v 2.062909 0.761127 -0.545701
v 1.982833 0.464747 -0.307384
v 2.001289 0.670152 -0.268404
v 2.437046 0.473259 -0.457411
v 2.302468 0.493891 -0.588681
v 2.240775 0.783620 -0.529527
v 2.360142 0.777298 -0.400961
v 2.127630 0.378140 0.138698
v 2.209823 0.386982 0.409814
v 2.242138 0.429166 0.361030
v 2.156495 0.438239 0.129396
v 2.484176 0.385925 0.528302
v 2.457022 0.473017 0.445696
v 2.380192 0.472506 0.449059
v 2.396262 0.390450 0.521508
v 2.628049 0.387854 0.270343
v 2.584420 0.437256 0.248485
v 2.547894 0.471232 0.355313
v 2.581864 0.387148 0.395959
v 2.140716 0.226617 -0.634400
v 2.236296 0.229791 -0.636509
v 2.009972 0.220981 -0.525553
v 2.140716 0.226617 -0.634400
v 1.968495 0.219489 -0.298490
v 2.111185 0.224225 0.151607
v 2.203585 0.230016 0.435988
v 2.495491 0.225686 0.557079
v 2.397822 0.226338 0.551763
v 2.649302 0.230314 0.292766
v 2.603478 0.228398 0.406996
v 2.319197 0.231719 -0.596908
v 2.458311 0.234947 -0.446465
v 2.240775 0.783620 -0.529527
v 2.360142 0.777298 -0.400961
v 2.360142 0.777298 -0.400961
v 2.406231 0.732785 -0.233871
v 2.364500 0.727055 -0.153272
v 2.296854 0.712710 -0.102392
v 2.213198 0.703584 -0.086928
v 2.115468 0.683758 -0.126884
v 2.001289 0.670152 -0.268404
v 2.001289 0.670152 -0.268404
v 1.974355 0.719640 -0.431543
v 2.062909 0.761127 -0.545701
v 2.152233 0.781022 -0.559737
v 2.155105 0.562082 -0.032386
v 2.115468 0.683758 -0.126884
v 2.097579 0.521817 -0.130694
v 2.065943 0.400014 -0.128645
v 2.324442 0.580496 -0.002008
v 2.296854 0.712710 -0.102392
v 2.213198 0.703584 -0.086928
v 2.255568 0.577535 0.006232
v 2.448415 0.567322 -0.106671
v 2.406231 0.732785 -0.233871
v 2.364500 0.727055 -0.153272
v 2.384833 0.581188 -0.026425
v 2.471127 0.548476 -0.250648
v 2.497773 0.419195 -0.262109
v 2.044789 0.220615 -0.128287
v 2.503143 0.232664 -0.296586
v 2.233677 0.498059 0.209927
v 2.387769 0.505059 0.225762
v 2.326094 0.507085 0.234984
v 2.510258 0.495081 0.152332
v 2.444434 0.506890 0.201638
v 2.544720 0.447312 0.032312
v 2.586629 0.376857 0.006372
v 2.607443 0.228962 0.014039
v 2.323583 0.470933 0.420400
v 2.522176 0.472344 0.398991
v 2.425947 0.230678 0.331828
v 2.203585 0.230016 0.435988
v 2.111185 0.224225 0.151607
v 2.359646 0.227915 0.076264
v 2.044789 0.220615 -0.128287
v 2.279368 0.228994 -0.190702
v 1.968495 0.219489 -0.298490
v 2.224636 0.229448 -0.365486
v 2.009972 0.220981 -0.525553
v 2.179765 0.226217 -0.518196
v 2.140716 0.226617 -0.634400
v 2.449301 0.229279 0.413944
v 2.495491 0.225686 0.557079
v 2.397822 0.226338 0.551763
v 2.314170 0.228006 0.507729
v 2.236296 0.229791 -0.636509
v 2.319197 0.231719 -0.596908
v 2.458311 0.234947 -0.446465
v 2.503143 0.232664 -0.296586
v 2.607443 0.228962 0.014039
v 2.649302 0.230314 0.292766
v 2.563618 0.226784 0.492468
v 2.603478 0.228398 0.406996
v 2.550040 0.381908 0.466755
v 2.563618 0.226784 0.492468
v 2.322150 0.385017 0.483347
v 2.314170 0.228006 0.507729
v 0.505266 2.862989 0.311119
v 0.339266 2.842910 0.359189
v 0.361540 2.795689 0.217022
v 0.523827 2.866255 0.154568
v 0.504026 3.018369 0.349207
v 0.340486 2.998347 0.388419
v 0.519041 3.184970 0.339596
v 0.355911 3.186569 0.383329
v 0.486898 3.175691 0.274718
v 0.315978 3.195696 0.336660
v 0.493313 3.327456 0.361001
v 0.311953 3.332281 0.405858
v 0.501398 3.589774 0.509800
v 0.314267 3.567307 0.524780
v 0.487301 3.742134 0.555696
v 0.313800 3.706747 0.547518
v 0.472925 4.143458 0.530396
v 0.319169 4.094491 0.518682
v 0.304403 3.844360 0.567046
v 0.462121 3.874049 0.581433
v 0.430276 4.310858 0.511454
v 0.304247 4.273229 0.501563
v 0.299476 4.518820 0.537001
v 0.231116 4.508851 0.548306
v 0.314490 3.707689 0.536447
v 0.484386 3.744149 0.545253
v 0.366799 2.380258 -0.830285
v 0.379786 2.908402 0.116981
v 0.277706 2.861802 0.063496
v 0.232594 4.657478 0.536147
v 0.378808 4.814606 0.200860
v 0.429743 4.815447 0.241093
v 0.455991 4.815784 0.285526
v 0.457485 4.816029 0.362846
v 0.414218 4.810645 0.450823
v 0.364055 4.760078 0.493437
v 0.301571 4.702548 0.524918
v 0.231640 4.510212 0.540905
v 0.299440 4.518891 0.529650
v 0.353461 4.587368 0.526092
v 0.411196 4.625508 0.489725
v 0.489833 4.671777 0.382803
v 0.494222 4.694067 0.248925
v 0.471686 4.702586 0.183489
v 0.430576 4.699605 0.129650
v 1.084302 4.530143 0.121171
v 1.063454 4.450758 -0.109873
v 1.011996 4.307487 -0.250247
v 1.011996 4.307487 -0.250247
v 0.945611 4.155730 -0.194875
v 0.854760 4.071311 0.008372
v 0.869940 4.055766 0.240192
v 0.994747 4.273435 0.301777
v 1.101094 4.385803 0.263963
v 1.841973 1.864791 -0.009618
v 1.745298 1.826257 0.011534
v 1.650720 1.708502 0.169862
v 1.731060 1.592948 0.410746
v 1.731060 1.592948 0.410746
v 1.936069 1.548962 0.587855
v 2.052627 1.559649 0.621750
v 2.146789 1.596960 0.598796
v 2.215802 1.651205 0.539366
v 2.241893 1.712906 0.441623
v 2.164207 1.829097 0.204653
v 2.164207 1.829097 0.204653
v 1.957064 1.875466 0.025871
v 0.847881 3.985271 -0.130644
v 0.789519 3.764066 0.205025
v 0.921798 4.142826 -0.273704
v 0.847881 3.985271 -0.130644
v 0.748525 4.370379 -0.353607
v 0.886555 4.318147 -0.274583
v 0.772036 3.865312 0.312964
v 0.623875 3.805330 0.489919
v 0.484386 3.744149 0.545253
v 0.314490 3.707689 0.536447
v 0.944123 4.262633 -0.236981
v 0.955612 4.273450 -0.236988
v 1.745298 1.826257 0.011534
v 1.841973 1.864791 -0.009618
v 1.650720 1.708502 0.169862
v 1.731060 1.592948 0.410746
v 1.936069 1.548962 0.587855
v 1.731060 1.592948 0.410746
v 2.146789 1.596960 0.598796
v 2.052627 1.559649 0.621750
v 2.241893 1.712906 0.441623
v 2.215802 1.651205 0.539366
v 2.164207 1.829097 0.204653
v 1.957064 1.875466 0.025871
v 2.164207 1.829097 0.204653
v 1.651743 2.521347 -0.311694
v 1.649135 2.497930 -0.351540
v 1.654228 2.496676 -0.344540
v 1.789680 2.467319 -0.200519
v 1.664724 2.541854 -0.259834
v 1.669787 2.536711 -0.267618
v 1.893815 2.399316 -0.250860
v 1.897711 2.413008 -0.211022
v 1.889669 2.413304 -0.214748
v 1.768898 2.425292 -0.319062
v 1.888035 2.395953 -0.300084
v 1.883227 2.398545 -0.291990
v 0.430576 4.699605 0.129650
v 0.471686 4.702586 0.183489
v 0.411196 4.625508 0.489725
v 0.353461 4.587368 0.526092
v 0.489833 4.671777 0.382803
v 0.494222 4.694067 0.248925
v 0.489833 4.671777 0.382803
v 0.299440 4.518891 0.529650
v 0.231640 4.510212 0.540905
v 1.694258 2.588896 -0.229110
v 1.693222 2.590197 -0.284219
v 1.961259 2.539906 -0.288764
v 1.925787 2.554201 -0.340721
v 1.808132 2.569165 -0.337366
v 1.768898 2.425292 -0.319062
v 1.808132 2.569165 -0.337366
v 0.024564 5.192606 0.778040
v 0.024564 5.192606 0.778040
v 0.028881 5.231279 0.766059
v 0.059221 5.233311 0.763952
v 0.096319 5.192214 0.783733
v 0.019263 5.168713 0.791263
v 0.019263 5.168713 0.791263
v 0.024564 5.192606 0.778040
v 0.096319 5.192214 0.783733
v 0.092856 5.161352 0.793169
v 0.019263 5.168713 0.791263
v 0.092856 5.161352 0.793169
v 0.028881 5.231279 0.766059
v 0.024564 5.192606 0.778040
v 0.096319 5.192214 0.783733
v 0.059221 5.233311 0.763952
v 0.028881 5.231279 0.766059
v 0.019263 5.168713 0.791263
v 0.092856 5.161352 0.793169
v 0.024564 5.192606 0.778040
v 0.024564 5.192606 0.778040
v 0.019263 5.168713 0.791263
v 0.019263 5.168713 0.791263
v 0.092856 5.161352 0.793169
v 0.096319 5.192214 0.783733
v 0.028881 5.231279 0.766059
v 0.059221 5.233311 0.763952
v 0.415489 5.385056 -0.098437
v 0.372259 5.565229 -0.014193
v 0.297308 5.680750 0.144258
v 0.410964 5.192396 -0.076188
v 0.402599 5.140724 -0.053751
v 0.360998 4.997522 0.047722
v 0.315890 4.896441 0.151089
v 0.312661 2.488431 -0.095961
v 0.312661 2.488431 -0.095961
v 0.196127 2.786162 0.199288
v 0.301967 4.807318 0.173708
v 0.315645 4.682810 0.063742
v 0.505476 3.788060 0.604010
v 0.505496 3.630092 0.543884
v 0.585428 3.659391 0.517961
v 0.587187 3.815461 0.576607
v 0.500745 4.034733 0.599948
v 0.584158 4.054942 0.580406
v 0.519255 4.173376 0.570067
v 0.598234 4.197271 0.547647
v 0.547116 4.493366 0.504423
v 0.532676 4.359283 0.544435
v 0.613032 4.349466 0.561805
v 0.627443 4.479853 0.516911
v 0.595479 4.655698 0.341242
v 0.687574 4.621578 0.350713
v 0.599110 4.670078 0.119877
v 0.691862 4.660494 0.152597
v 0.654807 4.636778 -0.096874
v 0.748419 4.636840 -0.059071
v 0.662825 4.569576 -0.236061
v 0.754945 4.577290 -0.199376
v 0.685065 4.382945 -0.418115
v 0.763024 4.382196 -0.390301
v 0.699938 4.263420 -0.520989
v 0.779009 4.253526 -0.495861
v 0.692511 4.248976 -0.504833
v 0.770714 4.239909 -0.480221
v 0.677665 4.368315 -0.401935
v 0.770714 4.239909 -0.480221
v 0.755596 4.368782 -0.374043
v 0.658105 4.541428 -0.234318
v 0.750821 4.551979 -0.196232
v 0.656219 4.615082 -0.110308
v 0.751406 4.617897 -0.069889
v 0.600865 4.649806 0.105848
v 0.694780 4.640931 0.140342
v 0.591326 4.638158 0.325041
v 0.685714 4.603878 0.336718
v 0.542692 4.478679 0.488386
v 0.627469 4.463445 0.499853
v 0.524647 4.350748 0.517715
v 0.611215 4.340535 0.532228
v 0.493668 4.039408 0.578955
v 0.511303 4.171978 0.549630
v 0.591082 4.193305 0.527441
v 0.578565 4.059060 0.558761
v 0.496854 3.792611 0.582927
v 0.577715 3.820081 0.556018
v 0.497228 3.634048 0.522408
v 0.577517 3.663515 0.496368
v 0.577517 3.663515 0.496368
v 0.577715 3.820081 0.556018
v 0.578565 4.059060 0.558761
v 0.591082 4.193305 0.527441
v 0.611215 4.340535 0.532228
v 0.627469 4.463445 0.499853
v 0.685714 4.603878 0.336718
v 0.694780 4.640931 0.140342
v 0.751406 4.617897 -0.069889
v 0.750821 4.551979 -0.196232
v 0.755596 4.368782 -0.374043
v -0.300290 3.734167 0.299188
v -0.239859 3.690397 0.361204
v -0.246817 3.852229 0.418077
v -0.317422 3.899057 0.345400
v -0.232899 4.108551 0.406979
v -0.292566 4.144008 0.344858
v -0.210479 4.249004 0.376332
v -0.265315 4.289164 0.308986
v -0.252297 4.441448 0.319864
v -0.170111 4.430380 0.357423
v -0.132444 4.558156 0.326509
v -0.211355 4.565370 0.286052
v -0.061616 4.711045 0.168933
v -0.150381 4.702102 0.122034
v 0.037948 4.717633 -0.021220
v -0.050391 4.727008 -0.055389
v 0.094027 4.680995 -0.242532
v 0.014118 4.691051 -0.273275
v 0.141913 4.606738 -0.365251
v 0.070106 4.617740 -0.391050
v 0.164506 4.427344 -0.546788
v 0.102614 4.422102 -0.554710
v 0.178514 4.307080 -0.649420
v 0.103714 4.305867 -0.660201
v 0.175028 4.292403 -0.632134
v 0.104818 4.289694 -0.641064
v 0.104818 4.289694 -0.641064
v 0.161136 4.412371 -0.529612
v 0.114428 4.403014 -0.533134
v 0.136358 4.580524 -0.362232
v 0.069521 4.592210 -0.387333
v 0.095764 4.658873 -0.255485
v 0.017051 4.669902 -0.286489
v 0.039240 4.697587 -0.035151
v -0.047993 4.707428 -0.070085
v -0.055154 4.692693 0.157643
v -0.144134 4.685090 0.106002
v -0.122812 4.540666 0.316011
v -0.206095 4.549957 0.268475
v -0.149074 4.417165 0.340914
v -0.237983 4.432349 0.293149
v -0.249419 4.282419 0.296612
v -0.192724 4.244196 0.363976
v -0.216446 4.110814 0.392493
v -0.275551 4.145836 0.330811
v -0.228837 3.854506 0.403549
v -0.302733 3.902774 0.329115
v -0.221123 3.692225 0.346939
v -0.282997 3.736281 0.284335
v -0.282997 3.736281 0.284335
v -0.302733 3.902774 0.329115
v -0.275551 4.145836 0.330811
v -0.249419 4.282419 0.296612
v -0.237983 4.432349 0.293149
v -0.206095 4.549957 0.268475
v -0.144134 4.685090 0.106002
v -0.047993 4.707428 -0.070085
v 0.017051 4.669902 -0.286489
v 0.069521 4.592210 -0.387333
v 0.114428 4.403014 -0.533134
vn 0.3986 0.2670 0.8774
vn 0.0965 -0.0952 0.9908
vn 0.0369 -0.1991 0.9793
vn 0.5159 -0.0613 0.8545
vn 0.1017 0.2548 0.9616
vn 0.0483 -0.1895 0.9807
vn -0.2884 0.0946 0.9528
vn -0.1236 -0.3820 0.9159
vn 0.9613 -0.1625 -0.2224
vn 0.6643 0.7389 -0.1129
vn -0.5666 -0.8152 0.1205
vn -0.5400 -0.8366 0.0925
vn -0.1193 -0.9913 -0.0549
vn 0.6641 0.7390 -0.1129
vn 0.1334 0.9902 0.0410
vn -0.7201 0.6915 0.0573
vn -0.2961 -0.9430 -0.1521
vn 0.1332 0.9902 0.0412
vn -0.7202 0.6914 0.0571
vn -0.7498 -0.2214 0.6235
vn -0.8027 -0.1208 0.5841
vn -0.9338 0.2291 0.2747
vn -0.9784 -0.1038 0.1787
vn -0.8007 0.2292 0.5535
vn -0.7588 -0.2125 0.6156
vn -0.5876 -0.3951 0.7061
vn -0.5295 0.0877 0.8438
vn -0.3881 0.7089 -0.5889
vn -0.4592 -0.2029 -0.8649
vn -0.4592 -0.2028 -0.8649
vn 0.3217 -0.7899 0.5222
vn 0.3261 -0.8119 0.4841
vn 0.1668 -0.9832 0.0742
vn -0.1654 0.9817 -0.0942
vn -0.3880 0.7090 -0.5889
vn 0.3539 -0.9244 0.1419
vn 0.3990 0.7232 0.5637
vn 0.3989 0.7234 0.5635
vn -0.1654 0.9817 -0.0939
vn 0.6280 0.7330 -0.2615
vn 0.6547 -0.7277 0.2045
vn 0.5213 -0.8441 -0.1252
vn 0.5380 0.6727 -0.5079
vn 0.1987 -0.9023 -0.3826
vn 0.3009 0.6415 -0.7056
vn 0.3008 0.6415 -0.7056
vn -0.2100 -0.8650 -0.4558
vn -0.0053 0.6572 -0.7537
vn -0.5507 -0.7620 -0.3407
vn -0.2524 0.7080 -0.6596
vn -0.7571 -0.6456 -0.0999
vn -0.3974 0.7781 -0.4864
vn -0.8096 -0.5449 0.2181
vn -0.4340 0.8603 -0.2675
vn -0.6813 -0.4698 0.5614
vn -0.3418 0.9394 -0.0274
vn -0.3613 -0.4327 0.8260
vn -0.1034 0.9805 0.1669
vn 0.0500 -0.4490 0.8921
vn 0.2015 0.9548 0.2183
vn 0.3958 -0.5106 0.7633
vn 0.4463 0.8853 0.1306
vn 0.6046 -0.6069 0.5159
vn 0.5903 0.8062 -0.0397
vn 0.9662 0.2294 -0.1178
vn 0.2338 0.9195 -0.3159
vn 0.1974 0.9102 -0.3641
vn 0.8199 0.1289 -0.5579
vn 0.1510 0.9079 -0.3911
vn 0.4090 0.0786 -0.9092
vn 0.4088 0.0785 -0.9092
vn 0.1001 0.9074 -0.4081
vn -0.1279 0.1019 -0.9865
vn 0.0395 0.9140 -0.4037
vn -0.5595 0.1859 -0.8078
vn -0.0050 0.9313 -0.3642
vn -0.8119 0.3082 -0.4959
vn -0.0060 0.9521 -0.3057
vn -0.8826 0.4570 -0.1102
vn 0.0309 0.9654 -0.2588
vn -0.7303 0.6069 0.3135
vn 0.0775 0.9696 -0.2323
vn -0.3159 0.6863 0.6552
vn 0.1282 0.9682 -0.2148
vn 0.2175 0.6339 0.7422
vn 0.1883 0.9576 -0.2178
vn 0.6430 0.5003 0.5799
vn 0.2326 0.9381 -0.2567
vn 0.8928 0.3567 0.2751
vn 0.8899 0.4212 -0.1754
vn 0.7509 0.3414 -0.5653
vn 0.3857 0.3029 -0.8715
vn 0.3854 0.3029 -0.8716
vn -0.0869 0.3175 -0.9443
vn -0.4749 0.3823 -0.7926
vn -0.7044 0.4877 -0.5158
vn -0.7627 0.6236 -0.1716
vn -0.6166 0.7617 0.1990
vn -0.2472 0.8335 0.4942
vn 0.2212 0.7855 0.5780
vn 0.6021 0.6625 0.4457
vn 0.8284 0.5313 0.1774
vn 0.7515 0.6180 -0.2310
vn 0.6306 0.5574 -0.5400
vn 0.3372 0.5288 -0.7788
vn 0.3372 0.5288 -0.7789
vn -0.0368 0.5383 -0.8419
vn -0.3512 0.5866 -0.7297
vn -0.5393 0.6700 -0.5102
vn -0.5813 0.7796 -0.2331
vn -0.4546 0.8887 0.0598
vn -0.1579 0.9440 0.2898
vn 0.2129 0.9076 0.3618
vn 0.5213 0.8110 0.2656
vn 0.7067 0.7055 0.0534
vn 0.5481 0.7897 -0.2757
vn 0.4622 0.7472 -0.4776
vn 0.2655 0.7274 -0.6328
vn 0.2655 0.7273 -0.6328
vn 0.0184 0.7346 -0.6782
vn -0.1917 0.7687 -0.6103
vn -0.3176 0.8249 -0.4676
vn -0.3430 0.8954 -0.2839
vn -0.2540 0.9630 -0.0904
vn -0.0557 0.9966 0.0603
vn 0.1898 0.9756 0.1103
vn 0.3969 0.9165 0.0506
vn 0.5213 0.8488 -0.0882
vn 0.1148 0.9428 -0.3131
vn 0.0700 -0.9480 0.3103
vn 0.0315 -0.9723 0.2314
vn -0.0494 -0.9840 0.1712
vn -0.1485 -0.9775 0.1500
vn -0.2343 -0.9567 0.1727
vn -0.2861 -0.9305 0.2289
vn -0.2956 -0.9053 0.3051
vn -0.2577 -0.8859 0.3857
vn -0.1771 -0.8769 0.4468
vn -0.0777 -0.8808 0.4671
vn 0.0087 -0.8966 0.4427
vn 0.0608 -0.9206 0.3858
vn -0.9041 0.3871 -0.1811
vn -0.7632 0.3271 0.5573
vn -0.6754 0.4503 0.5840
vn -0.7927 0.5574 0.2468
vn -0.8275 -0.2844 0.4841
vn -0.7377 -0.0863 0.6696
vn 0.7917 -0.3096 -0.5266
vn 0.7977 -0.3299 -0.5049
vn 0.7938 -0.3138 -0.5209
vn 0.7911 -0.3128 -0.5256
vn 0.8457 -0.2739 -0.4581
vn 0.8492 -0.2548 -0.4625
vn 0.8462 -0.2702 -0.4592
vn 0.8453 -0.2750 -0.4580
vn 0.2837 0.9344 -0.2155
vn -0.3753 0.4674 0.8004
vn 0.2838 0.9343 -0.2155
vn 0.8467 -0.4310 -0.3119
vn 0.8551 -0.4646 -0.2303
vn 0.2227 -0.3648 -0.9040
vn -0.2546 0.5709 -0.7806
vn -0.2250 0.5568 -0.7996
vn 0.4159 0.9065 0.0729
vn 0.4160 0.9065 0.0727
vn -0.3268 -0.9417 0.0802
vn -0.3379 -0.9376 0.0817
vn -0.1430 -0.8870 0.4391
vn -0.1365 -0.8883 0.4384
vn -0.6869 0.4627 0.5604
vn -0.6342 0.5287 0.5641
vn -0.6498 0.4893 0.5816
vn -0.7066 0.4382 0.5556
vn -0.6033 0.2626 0.7530
vn -0.5870 -0.1029 0.8030
vn -0.5936 0.0080 0.8047
vn -0.5631 0.3327 0.7564
vn -0.4935 0.8277 0.2672
vn -0.6834 0.6831 0.2575
vn -0.6596 0.7469 0.0845
vn -0.4655 0.8320 0.3017
vn -0.8356 0.2827 0.4710
vn -0.5660 -0.4104 0.7150
vn -0.8302 -0.1259 0.5430
vn -0.8650 0.2170 0.4524
vn -0.4369 -0.6351 0.6370
vn -0.6643 -0.6206 0.4167
vn -0.7863 -0.2882 0.5464
vn -0.7512 -0.2446 0.6131
vn -0.9545 0.1111 0.2769
vn -0.9895 0.1331 0.0559
vn -0.9889 -0.1444 -0.0350
vn -0.9826 0.1637 -0.0876
vn -0.9974 0.0546 0.0460
vn -0.9732 -0.2211 -0.0628
vn -0.9906 -0.1119 -0.0792
vn -0.9972 -0.0166 -0.0733
vn -0.9561 -0.1242 -0.2652
vn -0.9364 -0.2708 -0.2231
vn -0.6656 0.6068 0.4345
vn -0.6545 0.6835 0.3232
vn -0.6314 0.1669 0.7573
vn -0.7586 0.4052 0.5103
vn -0.5979 0.3892 0.7007
vn -0.5007 0.5445 0.6729
vn -0.5139 0.5543 0.6548
vn -0.5219 0.5280 0.6700
vn -0.8557 0.2003 0.4771
vn -0.8929 0.2994 0.3363
vn -0.9599 0.0398 0.2776
vn -0.9853 0.1024 0.1365
vn -0.9245 0.3106 0.2209
vn -0.8300 0.3608 0.4252
vn -0.8224 0.2132 0.5274
vn -0.9416 0.0963 0.3225
vn -0.8375 0.4822 0.2570
vn -0.9404 0.1949 0.2786
vn -0.9785 0.0376 -0.2030
vn -0.9447 0.2987 -0.1353
vn -0.8232 0.5492 0.1440
vn -0.7538 0.2644 0.6016
vn -0.9224 0.1036 0.3720
vn -0.9400 0.3268 0.0980
vn -0.8149 0.5220 0.2519
vn -0.9072 0.3862 -0.1667
vn -0.7745 0.6304 0.0526
vn -0.7699 0.1819 0.6117
vn -0.9127 0.4084 0.0147
vn -0.8173 0.5718 0.0707
vn -0.7330 -0.1688 0.6590
vn -0.7305 -0.1680 0.6620
vn -0.7315 -0.1651 0.6615
vn -0.7343 -0.1663 0.6582
vn -0.7740 0.6323 0.0330
vn -0.8822 0.4285 -0.1950
vn -0.8706 0.4489 -0.2011
vn -0.8002 0.5947 0.0769
vn -0.2835 0.7646 0.5788
vn -0.3896 0.3835 0.8373
vn -0.2230 0.8708 0.4382
vn -0.2212 0.8733 0.4340
vn -0.8098 -0.1650 0.5630
vn -0.9259 -0.1082 0.3619
vn -0.7917 -0.0722 0.6066
vn -0.7522 -0.1544 0.6406
vn -0.8096 -0.2681 0.5221
vn -0.9332 -0.2842 0.2199
vn -0.8920 -0.4433 0.0881
vn -0.7530 -0.5547 0.3539
vn -0.9134 0.0984 0.3950
vn -0.9836 0.1801 0.0128
vn -0.9194 0.1619 0.3584
vn -0.9148 0.0955 0.3924
vn -0.9293 -0.0203 0.3687
vn -0.9890 0.0708 0.1299
vn -0.9526 0.1999 -0.2292
vn -0.9915 -0.1225 -0.0430
vn -0.6591 -0.6681 0.3454
vn -0.9416 0.0156 0.3362
vn -0.9976 0.0689 -0.0101
vn -0.8639 0.3893 -0.3194
vn -0.8919 0.3070 -0.3321
vn -0.6733 0.5317 0.5137
vn -0.8110 0.3933 0.4331
vn -0.8747 -0.0171 0.4843
vn -0.7390 0.2450 0.6276
vn -0.4545 0.4066 0.7925
vn -0.4198 0.6565 0.6267
vn -0.3797 0.4443 0.8115
vn -0.3309 0.6423 0.6913
vn -0.4122 0.1091 0.9045
vn -0.2718 0.7887 0.5514
vn -0.8580 0.5001 0.1167
vn -0.8586 0.5024 0.1024
vn -0.9740 0.2182 -0.0602
vn -0.9949 -0.0053 0.1010
vn -0.7936 0.3142 0.5211
vn -0.7974 0.3301 0.5051
vn -0.7917 0.3096 0.5266
vn -0.7920 0.3119 0.5248
vn -0.8464 0.2702 0.4589
vn -0.8493 0.2547 0.4624
vn -0.8456 0.2739 0.4582
vn -0.8456 0.2750 0.4575
vn -0.9234 0.1738 0.3421
vn -0.7473 -0.6093 0.2653
vn -0.7471 -0.6095 0.2652
vn -0.9297 0.2845 -0.2338
vn -0.6768 0.0863 0.7310
vn -0.6666 -0.1082 0.7375
vn -0.4647 0.5224 0.7150
vn -0.3378 0.8166 0.4680
vn -0.3552 0.8701 0.3418
vn -0.5375 0.7810 0.3180
vn -0.8811 0.0652 0.4685
vn -0.6912 -0.2701 0.6703
vn -0.0174 0.6292 -0.7771
vn 0.0814 0.1703 -0.9820
vn -0.2139 0.1437 -0.9662
vn -0.3014 0.5298 -0.7927
vn -0.1787 0.8866 -0.4267
vn -0.4353 0.7533 -0.4929
vn -0.3922 0.9198 -0.0149
vn -0.6289 0.7695 -0.1113
vn -0.5260 0.8002 0.2881
vn -0.7227 0.6738 0.1537
vn 0.0872 -0.2280 -0.9697
vn -0.1934 -0.2091 -0.9586
vn -0.4684 0.1100 -0.8766
vn -0.5278 0.4034 -0.7474
vn -0.6315 0.5778 -0.5171
vn -0.7884 0.5863 -0.1863
vn -0.8378 0.5458 0.0125
vn -0.4657 -0.1753 -0.8674
vn -0.7143 0.0607 -0.6972
vn -0.7667 0.2021 -0.6093
vn -0.8228 0.2876 -0.4902
vn -0.9106 0.2958 -0.2887
vn -0.9510 0.2267 -0.2105
vn -0.6831 -0.1332 -0.7180
vn -0.7097 -0.0365 -0.7036
vn -0.8133 0.1277 -0.5677
vn -0.8787 0.1442 -0.4551
vn -0.9379 0.1374 -0.3184
vn -0.9559 0.1159 -0.2697
vn -0.9464 0.0812 -0.3127
vn -0.4400 -0.3826 -0.8124
vn -0.9929 -0.0118 -0.1186
vn -0.9932 0.1162 -0.0124
vn -0.9695 0.2351 -0.0698
vn -0.9267 0.2558 -0.2752
vn -0.8720 -0.0531 -0.4866
vn -0.8589 0.1840 -0.4780
vn -0.9906 -0.0877 -0.1054
vn -0.9979 -0.0123 0.0635
vn -0.8736 -0.2691 -0.4055
vn -0.2156 -0.8308 0.5131
vn -0.6418 -0.7383 0.2074
vn -0.5202 -0.8401 0.1535
vn -0.1591 -0.9089 0.3856
vn -0.8664 -0.4855 -0.1170
vn -0.9163 -0.3881 -0.0992
vn -0.9540 0.0160 -0.2994
vn -0.7988 -0.6016 -0.0005
vn -0.7530 -0.6577 -0.0205
vn -0.6678 -0.7069 0.2333
vn -0.2053 -0.8583 0.4702
vn -0.8785 -0.3213 -0.3535
vn -0.9003 -0.4243 -0.0972
vn -0.9669 -0.2493 0.0550
vn -0.9958 -0.0855 0.0321
vn -0.9594 -0.2405 -0.1470
vn -0.8525 -0.4998 -0.1531
vn -0.8530 -0.5183 0.0603
vn -0.8516 -0.2931 -0.4346
vn -0.7340 0.5778 0.3570
vn -0.9857 -0.1669 0.0225
vn -0.8783 -0.1914 -0.4380
vn -0.8117 -0.4436 -0.3799
vn -0.6824 -0.6345 -0.3629
vn -0.9361 -0.2294 0.2666
vn -0.7464 -0.4043 0.5285
vn -0.7490 -0.3501 -0.5626
vn 0.0298 -0.5333 -0.8454
vn -0.2581 -0.4704 -0.8439
vn -0.5169 -0.3935 -0.7602
vn -0.6391 -0.3602 -0.6795
vn -0.5252 -0.4511 -0.7216
vn 0.0437 -0.6268 -0.7780
vn -0.2434 -0.5197 -0.8190
vn -0.5211 -0.3929 -0.7576
vn -0.7104 -0.3187 -0.6275
vn -0.1593 -0.4892 -0.8575
vn -0.5349 -0.3363 -0.7751
vn -0.7883 -0.2114 -0.5779
vn -0.5284 0.6741 0.5161
vn -0.3561 0.7744 -0.5230
vn -0.6885 0.7243 0.0360
vn -0.7724 0.5713 0.2776
vn 0.1801 0.0659 -0.9814
vn -0.0384 0.5348 -0.8441
vn -0.7800 0.1473 0.6082
vn 0.3642 -0.3846 -0.8482
vn -0.8133 0.0065 0.5818
vn -0.1138 -0.9888 0.0966
vn 0.5331 -0.7184 -0.4469
vn 0.4522 -0.5026 -0.7368
vn -0.3086 -0.6215 0.7201
vn -0.6228 0.5424 0.5639
vn -0.6287 0.5705 0.5284
vn 0.1601 -0.5583 -0.8141
vn 0.0938 0.0529 -0.9942
vn 0.9574 -0.1064 -0.2684
vn 0.8257 0.2712 0.4946
vn 0.7933 0.5623 -0.2335
vn -0.5287 -0.1930 -0.8266
vn -0.1264 0.3673 -0.9215
vn 0.2550 0.8583 -0.4453
vn 0.0233 0.7952 -0.6059
vn -0.1334 0.7512 -0.6464
vn 0.4260 0.8434 -0.3275
vn 0.4071 -0.0417 0.9124
vn 0.1650 0.9828 0.0830
vn -0.1165 -0.4618 0.8793
vn 0.4204 0.4326 0.7976
vn 0.6819 -0.7235 -0.1076
vn 0.9973 -0.0137 -0.0721
vn 0.5843 0.0409 0.8105
vn 0.0451 -0.7753 0.6300
vn 0.5841 0.0409 0.8106
vn 0.9973 -0.0132 -0.0719
vn 0.8135 0.4981 -0.3003
vn 0.6048 0.7666 0.2158
vn -0.1444 0.0442 0.9885
vn -0.3730 -0.4804 0.7938
vn -0.1452 0.0413 0.9885
vn -0.0284 0.6641 0.7471
vn -0.0366 -0.3771 -0.9254
vn -0.2994 0.0853 -0.9503
vn 0.2075 0.4482 -0.8695
vn -0.0306 0.1683 -0.9853
vn 0.3708 0.4142 -0.8312
vn 0.1265 0.7379 -0.6629
vn 0.6327 0.7587 -0.1551
vn 0.6605 0.6122 -0.4347
vn -0.5416 -0.0668 0.8380
vn -0.3797 0.3346 0.8625
vn -0.3423 0.6565 0.6722
vn 0.2204 0.7797 0.5861
vn 0.3656 0.7467 0.5557
vn 0.4050 0.8486 0.3403
vn 0.5723 0.6288 0.5263
vn 0.0144 0.7019 0.7121
vn 0.2866 0.6949 0.6595
vn 0.4739 0.5226 0.7087
vn 0.7070 0.0982 0.7004
vn 0.7133 0.4967 0.4945
vn 0.1151 0.5615 0.8194
vn 0.3152 0.4182 0.8519
vn 0.7521 -0.0512 0.6570
vn 0.6580 0.0217 0.7527
vn -0.3600 0.5202 0.7745
vn -0.8518 -0.0083 0.5238
vn -0.6655 0.2011 0.7188
vn -0.8412 -0.3687 0.3956
vn -0.7876 0.2070 0.5803
vn -0.0805 0.4473 0.8908
vn -0.4915 0.0478 0.8696
vn 0.0983 0.2704 0.9577
vn -0.3796 -0.0950 0.9203
vn 0.6133 -0.0826 0.7855
vn 0.6721 0.1645 0.7220
vn -0.4096 -0.3566 0.8397
vn 0.2976 -0.0429 0.9537
vn -0.6089 -0.6943 -0.3836
vn -0.9138 -0.3805 -0.1421
vn -0.8991 -0.4055 0.1648
vn -0.8639 -0.1953 0.4643
vn -0.8318 -0.2518 0.4947
vn -0.9063 -0.4134 0.0876
vn -0.0781 -0.8372 -0.5413
vn -0.6950 -0.5985 -0.3985
vn 0.2394 -0.7561 -0.6091
vn -0.2596 -0.5561 -0.7895
vn -0.7159 -0.3566 0.6003
vn -0.7361 -0.3495 0.5797
vn -0.6278 -0.7596 -0.1696
vn -0.7233 -0.4454 0.5277
vn -0.7208 -0.4810 0.4990
vn -0.7485 -0.6575 -0.0859
vn -0.7393 -0.4936 0.4580
vn -0.7320 -0.5320 0.4257
vn -0.8196 -0.5557 -0.1395
vn 0.4876 -0.5240 -0.6983
vn 0.2733 -0.4094 -0.8704
vn -0.1528 -0.4073 -0.9004
vn -0.3638 -0.5517 -0.7505
vn -0.2814 -0.7013 -0.6550
vn -0.4292 -0.5339 -0.7285
vn -0.2203 -0.6714 -0.7076
vn -0.4297 -0.5356 -0.7269
vn -0.3842 -0.5087 -0.7705
vn -0.4630 -0.3214 -0.8260
vn -0.2730 -0.3829 -0.8825
vn -0.2406 -0.6602 -0.7115
vn -0.4149 -0.4056 -0.8145
vn -0.4733 -0.6199 -0.6258
vn -0.5425 -0.5036 -0.6724
vn 0.3433 -0.1951 -0.9187
vn 0.5975 -0.3466 -0.7231
vn -0.2093 -0.6514 -0.7293
vn 0.0163 -0.6445 -0.7645
vn -0.1413 -0.2321 -0.9624
vn -0.2964 -0.2225 -0.9288
vn -0.5191 -0.3748 -0.7681
vn -0.3176 -0.2088 -0.9250
vn -0.6119 0.5577 -0.5608
vn 0.1943 0.6417 -0.7419
vn 0.4143 0.1082 -0.9037
vn -0.4262 -0.2978 -0.8542
vn -0.9898 0.1354 0.0453
vn -0.8826 -0.4678 -0.0471
vn -0.8769 -0.4762 -0.0649
vn -0.4257 -0.3000 -0.8537
vn -0.0100 -0.8189 -0.5738
vn -0.5488 -0.8354 -0.0303
vn 0.4069 0.0958 -0.9084
vn 0.5528 -0.3511 -0.7557
vn -0.7114 0.6365 -0.2979
vn 0.0346 0.6968 -0.7165
vn 0.1568 0.1457 -0.9768
vn -0.6855 -0.2371 -0.6884
vn -0.8956 0.1943 0.4001
vn -0.8695 -0.4262 0.2495
vn -0.8683 -0.4366 0.2356
vn -0.6842 -0.2441 -0.6872
vn -0.2126 -0.8042 -0.5550
vn -0.5559 -0.8175 0.1505
vn 0.1474 0.1248 -0.9812
vn 0.3097 -0.3397 -0.8881
vn -0.7896 0.5511 -0.2698
vn -0.0499 0.7321 -0.6794
vn 0.1589 0.2044 -0.9659
vn -0.6399 -0.3275 -0.6951
vn -0.8963 0.0748 0.4371
vn -0.7831 -0.5610 0.2684
vn -0.7811 -0.5654 0.2648
vn -0.6400 -0.3276 -0.6951
vn -0.0608 -0.8298 -0.5547
vn -0.4087 -0.8969 0.1690
vn 0.1627 0.1901 -0.9682
vn 0.3943 -0.2527 -0.8836
vn -0.8891 -0.0736 -0.4518
vn -0.2663 0.3293 -0.9059
vn 0.2237 -0.0627 -0.9726
vn -0.2579 -0.8153 -0.5185
vn -0.8757 -0.2927 0.3840
vn -0.4558 -0.7592 0.4646
vn -0.4504 -0.7638 0.4623
vn -0.2562 -0.8154 -0.5191
vn 0.4640 -0.8629 -0.2004
vn 0.0635 -0.8648 0.4982
vn 0.2286 -0.0686 -0.9711
vn 0.6315 -0.2720 -0.7261
vn 0.4045 0.1852 -0.8956
vn -0.4971 -0.0708 -0.8648
vn -0.9163 -0.3665 -0.1613
vn -0.9848 -0.1682 -0.0433
vn -0.5825 0.3080 -0.7522
vn -0.5768 0.5510 -0.6031
vn -0.9977 -0.0229 0.0638
vn 0.3509 0.4301 -0.8318
vn 0.3628 0.5620 -0.7433
vn -0.7765 -0.4668 0.4232
vn -0.7597 -0.4670 0.4525
vn -0.2967 -0.3991 0.8676
vn -0.2380 -0.5164 0.8226
vn -0.7854 -0.4161 0.4583
vn -0.7865 -0.3952 0.4747
vn -0.2744 -0.6435 0.7146
vn -0.7916 -0.3947 0.4665
vn -0.7949 -0.4110 0.4463
vn 0.4151 -0.1493 0.8974
vn 0.9555 0.1871 0.2280
vn 0.9945 0.0521 0.0903
vn 0.5309 -0.3831 0.7559
vn 0.5827 -0.5509 0.5975
vn 0.9990 -0.0348 -0.0297
vn 0.4758 -0.8713 -0.1205
vn 0.8573 0.2628 -0.4427
vn 0.5302 -0.8381 -0.1282
vn 0.8468 0.2616 -0.4631
vn 0.8018 0.3459 -0.4874
vn 0.8036 0.3447 -0.4852
vn 0.8170 0.3350 -0.4693
vn 0.8155 0.3444 -0.4651
vn 0.2437 -0.0797 -0.9666
vn -0.6387 -0.2538 -0.7264
vn -0.8787 -0.4774 -0.0008
vn -0.9194 -0.3501 0.1790
vn -0.7461 0.0367 -0.6648
vn -0.7889 0.2615 -0.5561
vn -0.9318 -0.2246 0.2853
vn 0.1691 0.3294 -0.9289
vn 0.1240 0.4531 -0.8828
vn -0.6204 -0.6416 0.4510
vn -0.3954 -0.6497 0.6493
vn 0.1928 -0.5003 0.8441
vn 0.7170 0.0638 0.6942
vn 0.9365 0.3309 -0.1161
vn 0.9620 0.2128 -0.1709
vn 0.7449 -0.1625 0.6471
vn 0.7610 -0.3645 0.5367
vn 0.9695 0.0745 -0.2335
vn -0.0673 -0.4105 0.9094
vn -0.0698 -0.5206 0.8510
vn 0.5346 -0.8398 -0.0947
vn 0.6581 0.2941 -0.6932
vn 0.5558 -0.8287 -0.0659
vn 0.7484 0.2639 -0.6085
vn 0.6433 0.3492 -0.6813
vn 0.6510 0.3352 -0.6811
vn 0.6581 0.3356 -0.6740
vn 0.6455 0.3509 -0.6783
vn 0.1531 0.2379 -0.9591
vn -0.6173 -0.2604 -0.7424
vn -0.7858 -0.6113 0.0941
vn -0.8752 -0.4358 0.2098
vn -0.7578 0.0052 -0.6525
vn -0.8157 0.2556 -0.5189
vn -0.9210 -0.2745 0.2765
vn 0.1009 0.4008 -0.9106
vn 0.0476 0.5327 -0.8450
vn -0.5698 -0.5663 0.5956
vn -0.3446 -0.5823 0.7364
vn 0.0988 -0.4007 0.9109
vn 0.7519 -0.0502 0.6574
vn 0.9819 0.1878 -0.0256
vn 0.9233 0.3344 -0.1891
vn 0.7974 -0.0742 0.5989
vn 0.8199 -0.2989 0.4882
vn 0.9452 0.2008 -0.2574
vn -0.0062 -0.4559 0.8900
vn 0.0153 -0.5794 0.8149
vn 0.7753 -0.6316 -0.0051
vn 0.7639 0.4578 -0.4548
vn 0.5294 -0.8401 0.1182
vn 0.6142 0.4275 -0.6633
vn 0.5829 0.4503 -0.6763
vn 0.5944 0.4519 -0.6652
vn 0.5991 0.4519 -0.6609
vn 0.5838 0.4517 -0.6746
vn -0.0600 0.1274 -0.9900
vn -0.5355 -0.4566 -0.7105
vn -0.7088 -0.6887 0.1526
vn -0.7294 -0.5786 0.3649
vn -0.7513 -0.2870 -0.5943
vn -0.8519 -0.1177 -0.5104
vn -0.7963 -0.4568 0.3966
vn -0.1114 0.1973 -0.9740
vn -0.1351 0.3003 -0.9442
vn -0.3727 -0.5552 0.7435
vn -0.3349 -0.6248 0.7053
vn 0.1533 -0.2344 0.9600
vn 0.7651 0.4038 0.5016
vn 0.7394 0.6026 -0.3004
vn 0.7864 0.5227 -0.3292
vn 0.8253 0.2998 0.4785
vn 0.8779 0.1185 0.4640
vn 0.8334 0.4180 -0.3616
vn 0.1898 -0.2086 0.9594
vn 0.2113 -0.3079 0.9277
vn 0.3914 0.4516 -0.8018
vn 0.3825 0.4431 -0.8108
vn 0.3808 0.4366 -0.8151
vn 0.4125 0.4373 -0.7991
vn 0.4196 0.4373 -0.7954
vn 0.3813 0.4394 -0.8134
vn -0.6230 -0.3995 0.6725
vn -0.6331 -0.4468 0.6321
vn -0.6122 -0.4392 0.6575
vn -0.6148 -0.4080 0.6750
vn -0.5568 -0.5021 0.6618
vn -0.5601 -0.5407 0.6277
vn -0.5491 -0.5197 0.6545
vn -0.5535 -0.5014 0.6649
vn -0.3714 -0.4663 0.8028
vn -0.3671 -0.4873 0.7923
vn -0.3627 -0.4941 0.7901
vn -0.3677 -0.4642 0.8058
vn -0.5762 0.5883 -0.5673
vn 0.3732 0.6150 -0.6947
vn 0.3596 0.6716 -0.6477
vn -0.5840 0.6637 -0.4674
vn -0.9962 0.0286 0.0826
vn -0.9839 0.0735 0.1629
vn -0.7994 -0.3613 0.4801
vn -0.8000 -0.3699 0.4725
vn -0.3013 -0.6669 0.6815
vn -0.7904 -0.3776 0.4823
vn -0.7898 -0.3738 0.4863
vn -0.2861 -0.7130 0.6401
vn 0.5679 -0.7076 0.4206
vn 0.5762 -0.6214 0.5309
vn 0.9940 -0.0839 -0.0706
vn 0.9783 -0.1519 -0.1408
vn 0.8088 0.3351 -0.4832
vn 0.8136 0.3443 -0.4685
vn 0.8002 0.3581 -0.4811
vn 0.8003 0.3453 -0.4903
vn -0.7915 0.4100 -0.4533
vn 0.1332 0.5315 -0.8365
vn 0.2289 0.6806 -0.6959
vn -0.6087 0.7773 -0.1587
vn -0.9325 -0.1092 0.3443
vn -0.7806 0.1234 0.6127
vn -0.6480 -0.3295 0.6867
vn -0.6230 -0.3871 0.6797
vn -0.0235 -0.5866 0.8096
vn -0.6016 -0.3985 0.6924
vn -0.6249 -0.3592 0.6932
vn -0.0643 -0.7085 0.7028
vn 0.7082 -0.6525 0.2697
vn 0.7537 -0.4747 0.4545
vn 0.9657 -0.0227 -0.2587
vn 0.9078 -0.1443 -0.3938
vn 0.6354 0.3169 -0.7042
vn 0.6641 0.3335 -0.6691
vn 0.6487 0.3457 -0.6780
vn 0.6149 0.3479 -0.7077
vn -0.8179 0.3909 -0.4223
vn 0.0544 0.6040 -0.7951
vn 0.1280 0.7488 -0.6503
vn -0.7309 0.6645 -0.1558
vn -0.9213 -0.1949 0.3364
vn -0.8285 -0.0086 0.5599
vn -0.5930 -0.4352 0.6775
vn -0.5631 -0.4882 0.6668
vn 0.0611 -0.6481 0.7591
vn -0.5471 -0.4932 0.6763
vn -0.5708 -0.4572 0.6820
vn 0.0133 -0.7704 0.6374
vn 0.7505 -0.6361 0.1793
vn 0.8143 -0.4331 0.3865
vn 0.9559 0.0887 -0.2800
vn 0.8992 -0.0446 -0.4353
vn 0.5700 0.4399 -0.6940
vn 0.6068 0.4460 -0.6579
vn 0.5935 0.4569 -0.6625
vn 0.5525 0.4572 -0.6969
vn -0.8888 -0.0170 -0.4580
vn -0.1544 0.3588 -0.9206
vn -0.1813 0.4226 -0.8880
vn -0.9164 0.1112 -0.3844
vn -0.8199 -0.3847 0.4239
vn -0.8349 -0.2909 0.4673
vn -0.3998 -0.4379 0.8053
vn -0.3783 -0.4480 0.8100
vn 0.2391 -0.3548 0.9038
vn -0.3704 -0.4477 0.8138
vn -0.3892 -0.4391 0.8098
vn 0.2177 -0.4166 0.8826
vn 0.9119 -0.0823 0.4020
vn 0.8997 0.0159 0.4363
vn 0.8596 0.3575 -0.3652
vn 0.8598 0.2923 -0.4186
vn 0.3999 0.4226 -0.8134
vn 0.4242 0.4392 -0.7919
vn 0.4146 0.4379 -0.7977
vn 0.3971 0.4248 -0.8136
vn -0.4466 0.8902 -0.0900
vn 0.4334 0.7540 -0.4936
vn 0.3660 0.8043 -0.4681
vn -0.4376 0.8983 -0.0396
vn -0.9093 0.1832 0.3737
vn -0.9062 0.2228 0.3595
vn -0.7850 -0.3692 0.4976
vn -0.8171 -0.3854 0.4287
vn -0.3121 -0.8274 0.4668
vn -0.7819 -0.3806 0.4937
vn -0.8185 -0.3928 0.4193
vn -0.4276 -0.8531 0.2991
vn 0.4779 -0.8672 0.1399
vn 0.3447 -0.9326 -0.1073
vn 0.9080 -0.2798 -0.3119
vn 0.8079 -0.3073 -0.5029
vn 0.8041 0.3153 -0.5040
vn 0.7411 0.3006 -0.6004
vn 0.7965 0.3228 -0.5113
vn 0.7446 0.3102 -0.5911
vn -0.1695 0.9447 0.2809
vn 0.3473 0.7956 -0.4965
vn 0.2960 0.8203 -0.4894
vn -0.3004 0.9358 0.1845
vn -0.5420 0.3271 0.7741
vn -0.6907 0.2717 0.6702
vn -0.6163 -0.3273 0.7163
vn -0.6534 -0.3558 0.6681
vn -0.1735 -0.8654 0.4700
vn -0.5955 -0.4003 0.6966
vn -0.6550 -0.3748 0.6562
vn -0.3586 -0.8466 0.3934
vn 0.4775 -0.8780 -0.0340
vn 0.2354 -0.9425 -0.2372
vn 0.7488 -0.3416 -0.5679
vn 0.5888 -0.3240 -0.7405
vn 0.6355 0.2670 -0.7244
vn 0.5425 0.2932 -0.7872
vn 0.5995 0.3268 -0.7306
vn 0.5512 0.3214 -0.7700
vn -0.4151 0.8788 0.2353
vn 0.2046 0.8601 -0.4674
vn 0.1329 0.8694 -0.4758
vn -0.4747 0.8585 0.1941
vn -0.6528 0.1810 0.7356
vn -0.7317 0.1421 0.6667
vn -0.5537 -0.4432 0.7050
vn -0.5867 -0.4639 0.6638
vn -0.0903 -0.8912 0.4445
vn -0.5350 -0.4838 0.6926
vn -0.5876 -0.4743 0.6555
vn -0.2324 -0.8958 0.3789
vn 0.5453 -0.8319 -0.1028
vn 0.3710 -0.8923 -0.2572
vn 0.7666 -0.2087 -0.6072
vn 0.6344 -0.2034 -0.7457
vn 0.5773 0.3900 -0.7174
vn 0.4948 0.4000 -0.7715
vn 0.5491 0.4244 -0.7199
vn 0.5026 0.4125 -0.7598
vn -0.8673 0.4693 -0.1661
vn -0.1517 0.5766 -0.8028
vn -0.2028 0.5914 -0.7805
vn -0.8600 0.4831 -0.1647
vn -0.8022 -0.0790 0.5918
vn -0.8291 -0.0664 0.5552
vn -0.3829 -0.4258 0.8198
vn -0.4055 -0.4624 0.7885
vn 0.2615 -0.5854 0.7674
vn -0.3615 -0.4388 0.8227
vn -0.4011 -0.4683 0.7873
vn 0.1722 -0.6997 0.6934
vn 0.8971 -0.3706 0.2406
vn 0.8031 -0.5870 0.1022
vn 0.8747 0.0703 -0.4796
vn 0.7930 -0.0661 -0.6056
vn 0.4230 0.3916 -0.8171
vn 0.3709 0.3295 -0.8682
vn 0.4114 0.3925 -0.8226
vn 0.3724 0.3407 -0.8633
vn -0.3202 -0.1693 -0.9321
vn -0.3466 -0.8077 -0.4769
vn 0.4880 0.8724 0.0259
vn 0.2507 0.8077 -0.5336
vn 0.4791 0.8568 -0.1905
vn 0.4382 0.6534 -0.6173
vn 0.0439 0.4752 -0.8788
vn 0.0933 0.7149 -0.6929
vn 0.3743 0.3562 -0.8562
vn -0.1656 -0.5203 -0.8378
vn 0.3363 0.3444 -0.8765
vn -0.7012 -0.6570 -0.2768
vn -0.5370 -0.6609 0.5242
vn -0.0065 0.8555 -0.5177
vn -0.7464 -0.5965 0.2953
vn 0.1285 0.6448 0.7535
vn -0.4371 -0.8977 -0.0565
vn -0.4458 -0.8950 -0.0164
vn 0.0122 -0.5195 -0.8544
vn 0.2223 -0.5794 -0.7841
vn -0.3995 -0.9128 0.0844
vn 0.4175 0.5623 -0.7138
vn 0.4269 0.8709 -0.2435
vn 0.4430 0.8641 -0.2390
vn 0.4990 0.5763 -0.6472
vn 0.3529 0.2121 -0.9113
vn 0.4911 0.1667 -0.8550
vn 0.3559 0.2153 -0.9094
vn 0.4907 0.1673 -0.8551
vn -0.4320 -0.7343 0.5236
vn -0.5191 -0.6235 0.5846
vn -0.2906 -0.2281 0.9293
vn -0.3133 -0.3943 0.8639
vn 0.0582 0.6040 0.7949
vn 0.3392 -0.6633 -0.6671
vn 0.4654 -0.7634 -0.4479
vn -0.2802 -0.9159 0.2873
vn -0.3642 -0.9165 0.1658
vn 0.4362 0.8785 -0.1951
vn 0.4590 0.8626 -0.2125
vn 0.6630 0.5070 -0.5508
vn 0.5643 0.5545 -0.6116
vn 0.6002 0.1170 -0.7913
vn 0.7142 0.0466 -0.6984
vn 0.6040 0.1225 -0.7875
vn 0.7167 0.0513 -0.6955
vn -0.5435 -0.5441 0.6392
vn -0.5494 -0.5808 0.6007
vn -0.4991 -0.1157 0.8588
vn -0.5373 -0.0461 0.8421
vn -0.0238 0.7199 0.6936
vn -0.5005 -0.1700 0.8489
vn -0.5283 -0.0697 0.8462
vn -0.0797 0.7695 0.6337
vn -0.4135 -0.2456 0.8768
vn -0.4174 -0.2816 0.8640
vn -0.0647 0.3733 0.9255
vn -0.6571 0.1369 0.7413
vn -0.6296 0.1895 0.7534
vn -0.0013 0.4878 0.8730
vn -0.9482 -0.2340 0.2149
vn -0.9253 -0.1310 0.3558
vn -0.6413 -0.5918 -0.4884
vn -0.9794 -0.1779 0.0958
vn -0.6825 -0.4314 -0.5900
vn 0.1532 -0.6629 -0.7329
vn 0.0839 -0.5214 -0.8492
vn 0.6741 -0.4769 -0.5641
vn 0.6865 -0.3768 -0.6218
vn 0.9884 -0.1092 -0.1059
vn 0.6712 -0.4779 -0.5666
vn 0.7022 -0.3521 -0.6188
vn 0.9961 0.0456 -0.0757
vn 0.7820 0.3216 0.5340
vn 0.7839 0.3699 0.4987
vn 0.0132 0.4060 0.9138
vn -0.6671 0.1438 0.7310
vn -0.9969 0.0657 -0.0423
vn -0.7332 -0.0841 -0.6747
vn -0.0418 -0.2748 -0.9606
vn 0.6668 -0.2704 -0.6944
vn 0.7175 -0.2724 -0.6411
vn 0.9765 0.2136 -0.0304
vn 0.7245 0.5345 0.4353
vn 0.0848 0.4985 0.8627
vn -0.6926 0.2212 0.6866
vn -0.6270 0.3638 -0.6888
vn -0.8843 0.4630 -0.0607
vn -0.7835 0.6208 0.0274
vn -0.5245 0.5144 -0.6784
vn -0.0011 0.0580 -0.9983
vn 0.1491 0.1661 -0.9748
vn 0.6472 -0.3066 -0.6980
vn 0.6831 -0.2546 -0.6845
vn 0.9841 -0.1672 0.0606
vn 0.7223 -0.2806 -0.6320
vn 0.7117 -0.2922 -0.6388
vn 0.7463 -0.6630 0.0593
vn 0.7758 -0.0507 0.6289
vn 0.4254 -0.7500 0.5065
vn 0.0049 0.2795 0.9601
vn -0.0703 -0.2167 0.9737
vn -0.6541 0.3772 0.6557
vn -0.5779 0.3932 0.7151
vn -0.5091 0.5310 -0.6774
vn -0.7902 0.6072 0.0829
vn -0.8109 0.5682 0.1399
vn -0.5293 0.5377 -0.6563
vn 0.1844 0.1216 -0.9753
vn 0.1613 0.0607 -0.9850
vn 0.6424 -0.3119 -0.7000
vn 0.5766 -0.3775 -0.7246
vn 0.6520 -0.7542 -0.0782
vn 0.6484 -0.3299 -0.6861
vn 0.5786 -0.3824 -0.7204
vn 0.6487 -0.7377 -0.1871
vn 0.3499 -0.8103 0.4701
vn 0.3366 -0.8130 0.4751
vn -0.2266 -0.2662 0.9369
vn -0.3286 -0.2539 0.9097
vn -0.6170 0.3277 0.7155
vn -0.6715 0.2607 0.6936
vn -0.8239 0.5449 0.1558
vn -0.5094 0.6077 -0.6094
vn 0.1665 0.1239 -0.9782
vn 0.6100 -0.3469 -0.7124
vn 0.6124 -0.3464 -0.7106
vn 0.7517 -0.6406 -0.1570
vn 0.5071 -0.7267 0.4634
vn -0.3079 -0.3187 0.8964
vn -0.7290 0.1946 0.6562
vn -0.8369 0.5161 0.1820
vn -0.5179 0.6917 -0.5033
vn 0.1507 0.3145 -0.9372
vn 0.6201 -0.2421 -0.7463
vn 0.6264 -0.2340 -0.7436
vn 0.7799 -0.6167 -0.1070
vn 0.5576 -0.6627 0.4999
vn -0.2783 -0.2870 0.9166
vn -0.7300 0.1499 0.6668
vn -0.8038 0.5591 0.2033
vn -0.4560 0.7999 -0.3903
vn 0.0777 0.5251 -0.8475
vn 0.6094 -0.1288 -0.7823
vn 0.5920 -0.0861 -0.8013
vn 0.7029 -0.7028 -0.1091
vn 0.5209 -0.7606 0.3875
vn -0.2757 -0.4927 0.8253
vn -0.7352 0.1488 0.6613
vn -0.0083 0.4492 -0.8934
vn 0.0091 0.4726 -0.8812
vn 0.6978 0.2138 -0.6837
vn 0.6804 0.2050 -0.7036
vn 0.9629 -0.1673 -0.2116
vn 0.9631 -0.1793 -0.2007
vn 0.8356 -0.4709 0.2830
vn 0.8193 -0.5119 0.2584
vn 0.5161 -0.6455 0.5629
vn 0.8322 -0.4602 0.3092
vn 0.8116 -0.5214 0.2635
vn 0.5182 -0.6924 0.5021
vn -0.0007 -0.7222 0.6917
vn -0.0195 -0.7716 0.6359
vn -0.5358 -0.6331 0.5586
vn -0.4892 -0.6112 0.6222
vn -0.8556 -0.3292 0.3995
vn -0.8922 -0.3404 0.2966
vn -0.9911 0.0562 -0.1208
vn -0.9937 0.0863 -0.0714
vn -0.8380 0.3240 -0.4390
vn -0.8404 0.3042 -0.4485
vn -0.5467 0.4439 -0.7100
vn -0.8361 0.3316 -0.4370
vn -0.8379 0.3061 -0.4519
vn -0.5480 0.4521 -0.7038
vn 0.0455 0.5669 -0.8225
vn 0.7276 0.3162 -0.6088
vn 0.9826 -0.0929 -0.1610
vn 0.8300 -0.4784 0.2866
vn 0.8262 -0.4846 0.2874
vn 0.5124 -0.6818 0.5220
vn -0.0467 -0.7709 0.6352
vn -0.5545 -0.6379 0.5345
vn -0.8886 -0.3643 0.2787
vn -0.9915 0.0418 -0.1229
vn -0.8428 0.3196 -0.4330
vn -0.8402 0.3201 -0.4376
vn -0.5312 0.5107 -0.6761
vn 0.0386 0.6437 -0.7643
vn 0.7421 0.4003 -0.5376
vn 0.9939 -0.0610 -0.0915
vn 0.8227 -0.4678 0.3229
vn 0.8172 -0.4764 0.3244
vn 0.8135 -0.4817 0.3260
vn 0.4812 -0.6840 0.5482
vn -0.0839 -0.7571 0.6479
vn -0.5644 -0.6246 0.5398
vn -0.8819 -0.3679 0.2947
vn -0.9945 0.0172 -0.1038
vn -0.8608 0.3019 -0.4098
vn -0.8536 0.3167 -0.4137
vn -0.8518 0.3283 -0.4083
vn -0.5482 0.5431 -0.6360
vn 0.2229 0.9724 -0.0685
vn -0.2653 0.0047 0.9642
vn -0.1781 0.3828 0.9065
vn 0.5627 0.8190 0.1122
vn 0.8574 0.4870 0.1664
vn 0.0441 -0.0625 0.9971
vn 0.9215 -0.2771 0.2720
vn 0.7228 -0.6063 0.3316
vn 0.4542 -0.5490 0.7017
vn 0.8225 -0.4206 0.3829
vn 0.7631 -0.5269 0.3743
vn 0.4328 -0.4005 0.8076
vn -0.1221 -0.4701 0.8741
vn -0.0862 -0.1878 0.9784
vn -0.4461 0.0186 0.8948
vn -0.5352 -0.2813 0.7965
vn -0.8288 -0.0856 0.5529
vn -0.7138 0.2128 0.6673
vn -0.8938 0.4018 0.1993
vn -0.9843 0.1673 0.0561
vn -0.8866 0.2992 -0.3527
vn -0.8710 0.3620 -0.3322
vn -0.3044 0.8767 -0.3724
vn -0.8074 0.3674 -0.4617
vn -0.8068 0.4123 -0.4232
vn -0.1659 0.9035 -0.3953
vn -0.7235 -0.6530 -0.2238
vn -0.4735 -0.4682 -0.7460
vn 0.0419 -0.8771 -0.4785
vn -0.3259 -0.9443 0.0453
vn 0.0446 -0.9901 0.1334
vn 0.4459 -0.8937 -0.0500
vn 0.7168 -0.5532 0.4244
vn 0.6874 -0.5679 0.4528
vn 0.5553 -0.2019 0.8068
vn 0.7422 -0.5126 0.4317
vn 0.6752 -0.5520 0.4892
vn 0.6194 -0.1585 0.7689
vn 0.1521 0.1823 0.9714
vn 0.2946 0.3286 0.8974
vn -0.0639 0.6318 0.7725
vn -0.2201 0.4431 0.8690
vn -0.5214 0.6042 0.6026
vn -0.3934 0.7678 0.5057
vn -0.7049 0.7089 0.0247
vn -0.7675 0.6307 0.1145
vn -0.8009 0.4735 -0.3666
vn -0.8122 0.4474 -0.3743
vn -0.8202 -0.1657 -0.5476
vn -0.7968 0.4384 -0.4159
vn -0.8122 0.4340 -0.3897
vn -0.7573 0.0493 -0.6512
vn -0.4300 -0.4174 -0.8006
vn 0.0578 -0.8388 -0.5414
vn 0.3962 -0.9171 -0.0456
vn 0.5438 -0.6445 0.5375
vn 0.5522 -0.5987 0.5803
vn 0.5519 -0.1547 0.8194
vn 0.3108 0.3775 0.8723
vn 0.0127 0.7014 0.7126
vn -0.3027 0.8426 0.4453
vn -0.6424 0.7657 -0.0306
vn -0.7654 0.4930 -0.4136
vn -0.7716 0.4837 -0.4131
vn -0.7188 0.0979 -0.6883
vn -0.4219 -0.4293 -0.7986
vn -0.0552 -0.8548 -0.5160
vn 0.3514 -0.9348 0.0512
vn 0.4444 -0.6891 0.5724
vn 0.4534 -0.5515 0.7002
vn 0.4121 -0.1488 0.8989
vn 0.2135 0.4454 0.8695
vn -0.0101 0.7605 0.6493
vn -0.2380 0.8880 0.3935
vn -0.5644 0.8208 -0.0873
vn -0.7047 0.5335 -0.4677
vn -0.7071 0.5276 -0.4707
vn -0.6786 0.1381 -0.7214
vn -0.4428 -0.4408 -0.7808
vn -0.5459 -0.3262 -0.7717
vn -0.1938 -0.7578 -0.6230
vn -0.1934 -0.8290 -0.5248
vn 0.4029 -0.9149 -0.0251
vn 0.5068 -0.8563 -0.0999
vn 0.4303 -0.7292 0.5321
vn 0.4951 -0.7445 0.4479
vn 0.3898 -0.2265 0.8926
vn 0.3919 -0.6307 0.6698
vn 0.6808 -0.4337 0.5902
vn 0.3706 -0.0170 0.9286
vn 0.1192 0.5013 0.8570
vn 0.1708 0.7759 0.6073
vn 0.0596 0.9075 0.4158
vn -0.0522 0.7699 0.6360
vn -0.1686 0.9147 0.3672
vn -0.0062 0.9648 0.2627
vn -0.3515 0.9319 -0.0900
vn -0.4729 0.8784 -0.0689
vn -0.6948 0.1286 -0.7076
vn -0.7084 0.5409 -0.4534
vn -0.7013 0.5831 -0.4101
vn -0.7271 0.1962 -0.6579
vn 0.0971 0.7165 -0.6908
vn 0.7411 0.5241 -0.4195
vn 0.9921 0.0935 -0.0842
vn 0.8503 -0.4084 0.3319
vn 0.4944 -0.5923 0.6362
vn 0.8218 -0.4482 0.3519
vn -0.0711 -0.5799 0.8116
vn -0.5403 -0.4121 0.7337
vn -0.8667 -0.2127 0.4512
vn -0.9966 0.0614 -0.0557
vn -0.8744 0.2331 -0.4256
vn -0.5028 0.5356 -0.6784
vn -0.8428 0.2588 -0.4719
vn -0.5652 0.0677 -0.8222
vn -0.6060 0.1245 -0.7857
vn -0.1506 -0.0120 -0.9885
vn -0.0894 -0.0970 -0.9913
vn 0.1556 -0.1454 -0.9771
vn 0.1726 -0.0041 -0.9850
vn -0.6514 -0.7554 0.0703
vn -0.8235 -0.5276 0.2087
vn -0.9272 -0.3727 0.0368
vn -0.8094 -0.5837 0.0642
vn -0.9797 0.0384 -0.1968
vn -0.9864 0.0485 -0.1573
vn -0.8205 0.1882 -0.5398
vn -0.9551 0.2087 -0.2105
vn -0.9829 0.0122 -0.1836
vn -0.8548 0.1750 -0.4885
vn -0.6120 0.2107 -0.7622
vn -0.1954 0.2487 -0.9487
vn 0.1951 0.2676 -0.9436
vn -0.8671 -0.0843 0.4910
vn -0.9870 -0.0279 0.1585
vn -0.9827 -0.0048 -0.1852
vn -0.9835 -0.0140 -0.1806
vn -0.8711 0.1306 -0.4734
vn -0.5618 0.3499 -0.7496
vn -0.1509 0.4577 -0.8762
vn 0.2239 0.4768 -0.8500
vn -0.4873 0.6950 0.5287
vn -0.9824 0.0654 0.1752
vn -0.9839 0.0717 -0.1639
vn -0.9849 0.0902 -0.1477
vn -0.8554 0.2179 -0.4700
vn -0.6039 0.4577 -0.6526
vn -0.1471 0.5608 -0.8148
vn 0.2202 0.5908 -0.7762
vn -0.2476 0.5740 0.7805
vn -0.9949 -0.0546 0.0846
vn -0.9165 0.3319 -0.2232
vn -0.9567 0.2734 -0.0995
vn -0.8497 0.3952 -0.3489
vn -0.6775 0.3612 -0.6407
vn -0.1375 0.5556 -0.8200
vn 0.2266 0.5609 -0.7963
vn 0.2215 0.6110 -0.7600
vn -0.9074 -0.2887 0.3056
vn -0.9992 -0.0253 0.0297
vn -0.8724 0.2195 -0.4367
vn -0.8885 0.4535 -0.0698
vn -0.8612 0.3317 -0.3851
vn -0.5053 0.3717 -0.7788
vn -0.1219 0.6176 -0.7769
vn 0.2163 0.6096 -0.7626
vn -0.9484 -0.1735 0.2654
vn -0.9913 0.0028 -0.1316
vn -0.7750 0.3011 -0.5557
vn -0.9371 0.2746 -0.2155
vn -0.9676 0.0998 -0.2318
vn -0.7385 0.2196 -0.6375
vn -0.0646 0.4273 -0.9018
vn 0.0534 0.7138 -0.6983
vn 0.1876 0.7251 -0.6627
vn -0.9670 -0.0966 0.2357
vn -0.9984 -0.0518 0.0246
vn -0.8612 0.2389 -0.4485
vn -0.8948 0.1916 -0.4034
vn -0.9713 0.0115 -0.2378
vn -0.3974 -0.7768 -0.4884
vn -0.9856 0.0650 -0.1562
vn -0.7673 0.5427 0.3417
vn -0.8601 0.5096 0.0230
vn 0.7845 -0.0898 -0.6136
vn 0.1153 0.6608 -0.7416
vn -0.0253 0.9219 -0.3866
vn 0.1832 0.8856 -0.4269
vn 0.2165 0.6575 -0.7217
vn 0.2152 0.6977 -0.6833
vn 0.1854 0.8744 -0.4484
vn -0.8388 0.0555 0.5417
vn -0.8119 0.1499 0.5643
vn -0.9008 0.3019 0.3120
vn -1.0000 -0.0055 -0.0034
vn -0.0257 0.9945 -0.1016
vn 0.1141 0.9792 -0.1677
vn 0.1351 0.9668 -0.2171
vn -0.6207 0.1387 0.7717
vn -0.7394 0.4728 0.4794
vn -0.7221 0.6914 0.0245
vn -0.6774 0.7097 0.1935
vn -0.2325 0.9436 -0.2359
vn -0.7651 0.5815 0.2765
vn -0.6774 0.6643 0.3160
vn -0.2618 0.9643 0.0394
vn -0.0864 0.9627 -0.2565
vn 0.1085 0.9384 -0.3281
vn 0.1548 0.9253 -0.3461
vn -0.6290 0.2373 0.7404
vn -0.6271 0.6145 0.4787
vn -0.3923 0.9120 0.1198
vn -0.5057 0.7699 0.3892
vn -0.3114 0.9066 0.2848
vn -0.1867 0.9811 -0.0509
vn -0.5312 -0.2077 -0.8214
vn -0.5979 -0.0513 -0.7999
vn -0.1602 -0.3711 -0.9147
vn -0.1024 -0.5882 -0.8022
vn 0.1497 -0.6936 -0.7046
vn -0.1337 -0.3927 -0.9099
vn 0.2023 -0.4438 -0.8730
vn 0.2412 -0.5351 -0.8096
vn 0.2069 0.5096 -0.8351
vn -0.0867 -0.8322 -0.5477
vn -0.0284 -0.8562 -0.5159
vn 0.7610 0.1765 -0.6242
vn 0.8642 0.3219 -0.3866
vn -0.0937 -0.9200 -0.3806
vn 0.2678 0.9470 -0.1775
vn 0.0656 0.9620 -0.2651
vn -0.7645 0.1815 -0.6186
vn -0.7035 0.5668 -0.4287
vn -0.8325 0.4467 -0.3277
vn -0.8046 0.2018 -0.5584
vn -0.9125 -0.0914 0.3987
vn 0.1463 0.4026 -0.9036
vn 0.1538 0.5834 -0.7975
vn 0.2072 0.6545 -0.7271
vn -0.1735 0.9171 -0.3590
vn -0.8196 0.5167 0.2473
vn -0.8320 0.5547 0.0100
vn -0.9473 -0.2889 0.1387
vn -0.8231 -0.2864 -0.4903
vn -0.9557 -0.1074 -0.2741
vn -0.1266 -0.9714 -0.2006
vn 0.5115 -0.8389 -0.1862
vn 0.8465 0.2793 -0.4533
vn 0.5026 0.6393 -0.5819
vn 0.3243 0.6741 -0.6636
vn -0.6694 0.6979 -0.2545
vn -0.7929 0.5921 -0.1436
vn -0.6765 0.6028 -0.4231
vn -0.5970 0.7367 -0.3176
vn 0.5852 0.0461 -0.8095
vn 0.5270 0.1455 -0.8373
vn -0.1219 0.2441 -0.9621
vn -0.0349 0.2210 -0.9746
vn 0.9567 -0.0568 -0.2853
vn 0.9069 0.0800 -0.4138
vn 0.5030 0.1526 -0.8507
vn 0.5958 0.0658 -0.8004
vn 0.9418 -0.0375 0.3341
vn 0.9875 -0.0162 0.1570
vn -0.5516 0.3104 -0.7742
vn -0.5864 0.2826 -0.7591
vn -0.8175 0.2610 -0.5134
vn -0.8198 0.3151 -0.4782
vn 0.7130 0.5628 0.4183
vn 0.8328 0.1718 0.5263
vn 0.9347 0.1205 0.3345
vn 0.8465 0.3567 0.3952
vn 0.1591 0.8737 0.4598
vn -0.1015 0.9014 0.4210
vn -0.3153 0.3872 0.8664
vn 0.2188 0.3209 0.9215
vn -0.4887 0.8605 0.1438
vn -0.7000 0.7125 -0.0481
vn -0.9399 0.3402 -0.0287
vn -0.8759 0.3519 0.3300
vn 0.4638 -0.1886 -0.8656
vn -0.1772 -0.2975 -0.9381
vn 0.7842 -0.4536 -0.4234
vn 0.4579 -0.1855 -0.8695
vn 0.7947 -0.6052 0.0465
vn 0.4649 -0.8205 0.3328
vn 0.4912 -0.8597 0.1403
vn -0.3651 -0.4863 0.7939
vn 0.1342 -0.5912 0.7953
vn -0.6899 -0.7231 -0.0324
vn -0.7810 -0.5719 0.2511
vn -0.5290 -0.4811 -0.6991
vn -0.6913 -0.5346 -0.4860
vn -0.5037 0.5634 -0.6549
vn -0.7841 0.4911 -0.3794
vn -0.7918 0.4673 -0.3933
vn -0.9426 0.3313 0.0422
vn -0.8089 0.0116 0.5879
vn -0.4485 -0.2060 0.8697
vn 0.1010 -0.3405 0.9348
vn 0.6490 -0.3453 0.6779
vn 0.9011 -0.2569 0.3494
vn 0.9030 -0.2449 0.3530
vn 0.9722 -0.0050 -0.2342
vn 0.6199 0.3159 -0.7183
vn -0.0206 0.5287 -0.8485
vn 0.6616 0.1202 0.7402
vn 0.6773 0.3912 0.6230
vn 0.8174 0.0713 0.5716
vn 0.9027 0.0525 0.4271
vn 0.1568 0.2745 0.9487
vn -0.3293 0.3527 0.8759
vn -0.1170 0.8002 0.5882
vn 0.1714 0.7613 0.6254
vn -0.7277 0.3664 0.5798
vn -0.9381 0.3447 0.0334
vn -0.7487 0.6430 0.1610
vn -0.3851 0.8099 0.4425
vn -0.9113 0.3654 -0.1898
vn -0.9235 0.2526 -0.2887
vn 0.5356 -0.8292 0.1599
vn -0.6176 -0.7302 -0.2922
vn 0.5382 0.7249 0.4300
vn -0.0048 0.9671 0.2545
vn 0.1185 0.9464 0.3004
vn -0.4846 0.8715 0.0753
vn -0.1437 0.9660 0.2149
vn -0.7919 0.6037 -0.0921
vn -0.9231 0.2916 -0.2507
vn -0.6152 -0.7572 -0.2195
vn 0.4203 0.7911 0.4443
vn -0.2885 0.9086 0.3019
vn 0.4871 -0.8624 0.1380
vn 0.4667 -0.8187 0.3345
vn -0.0786 -0.9964 -0.0321
vn -0.0724 -0.9953 -0.0639
vn 0.5199 -0.8405 0.1525
vn -0.0662 -0.9926 -0.1015
vn 0.7931 -0.6081 0.0342
vn -0.0687 -0.9923 -0.1030
vn 0.8001 -0.4171 -0.4310
vn -0.0722 -0.9923 -0.1008
vn 0.4689 -0.1280 -0.8739
vn 0.1345 -0.5895 0.7965
vn -0.3653 -0.4846 0.7948
vn -0.0777 -0.9965 -0.0309
vn 0.3116 -0.6903 0.6530
vn -0.1719 -0.2487 -0.9532
vn -0.5426 -0.4425 -0.7140
vn -0.7027 -0.5083 -0.4979
vn -0.6350 -0.7145 -0.2938
vn -0.6224 -0.7509 -0.2208
vn -0.6902 -0.7229 -0.0320
vn -0.7313 -0.5084 0.4547
vn -0.7817 -0.5708 0.2513
vn -0.7415 0.3818 0.5518
vn -0.7307 -0.5098 0.4541
vn 0.4928 0.2446 0.8350
vn 0.3110 -0.6913 0.6522
vn -0.3133 -0.9428 0.1137
vn -0.4487 -0.6377 0.6261
vn -0.7452 -0.5792 0.3303
vn -0.5530 -0.8331 0.0123
vn -0.3779 -0.0367 0.9251
vn -0.7019 -0.0759 0.7082
vn -0.2869 0.6298 0.7219
vn -0.3194 0.8075 0.4960
vn -0.4736 0.4837 0.7360
vn -0.4173 0.7456 0.5195
vn -0.4806 -0.4260 0.7665
vn -0.6911 -0.4104 0.5949
vn -0.4522 -0.3178 0.8334
vn -0.6955 -0.3015 0.6522
vn -0.4007 -0.1552 0.9030
vn -0.6911 -0.1505 0.7069
vn -0.2944 0.0304 0.9552
vn -0.2750 0.1569 0.9486
vn -0.4876 0.1769 0.8549
vn -0.5063 0.0544 0.8606
vn -0.3506 -0.0042 0.9365
vn -0.4736 0.0388 0.8799
vn -0.4734 -0.1723 0.8638
vn -0.5495 -0.0154 0.8353
vn -0.3431 -0.2169 0.9139
vn -0.6321 -0.1614 0.7579
vn -0.0000 -0.0000 -1.0000
vn -0.6596 -0.3865 -0.6446
vn -0.0282 -0.4810 0.8763
vn -0.1904 0.7855 -0.5889
vn -0.3061 -0.5850 0.7510
vn -0.6378 0.0925 0.7646
vn -0.3238 0.1006 0.9408
vn 0.2241 0.1652 -0.9605
vn -0.1606 0.1631 -0.9734
vn -0.5771 0.1818 -0.7962
vn -0.8549 0.1529 -0.4957
vn -0.9742 0.1587 -0.1606
vn -0.9312 0.2118 0.2967
vn -0.8009 0.1414 0.5818
vn -0.4673 0.0041 0.8841
vn -0.2709 0.0230 0.9623
vn -0.6814 0.0707 0.7285
vn -0.7145 0.1537 0.6826
vn -0.9506 0.2379 0.1996
vn -0.9345 0.2731 -0.2285
vn -0.6960 0.3812 -0.6084
vn -0.3220 0.5377 -0.7793
vn 0.0966 0.6113 -0.7854
vn -0.1920 0.9108 -0.3655
vn 0.1655 0.5900 -0.7903
vn 0.5076 0.0263 -0.8612
vn 0.5258 0.0439 -0.8495
vn 0.5888 -0.7795 -0.2139
vn 0.2483 -0.9413 0.2287
vn -0.4841 -0.4326 0.7606
vn -0.7501 0.0649 0.6582
vn -0.6037 0.6731 0.4271
vn 0.7469 0.3452 -0.5684
vn 0.0599 0.5201 -0.8520
vn 0.9846 -0.0690 -0.1604
vn 0.8211 -0.4670 0.3281
vn 0.5103 -0.6259 0.5898
vn 0.8070 -0.4973 0.3186
vn -0.5486 -0.5064 0.6653
vn -0.0527 -0.6487 0.7592
vn -0.9940 0.0021 -0.1089
vn -0.8738 -0.2941 0.3874
vn -0.8678 0.1725 -0.4660
vn -0.5209 0.4073 -0.7502
vn -0.8496 0.1978 -0.4890
vn -0.2049 0.9373 0.2820
vn -0.1904 0.9519 0.2399
vn -0.1825 0.9688 0.1676
vn -0.0943 0.9377 0.3344
vn -0.1004 0.9314 0.3499
vn -0.1078 0.9193 0.3784
vn 0.2665 0.6611 0.7014
vn 0.5389 0.5763 0.6143
vn 0.4339 0.5648 0.7020
vn 0.3077 0.7097 0.6338
vn -0.5172 0.4593 0.7222
vn -0.1822 0.6483 0.7393
vn -0.2368 0.6318 0.7381
vn -0.5712 0.3661 0.7347
vn -0.0978 0.5791 -0.8094
vn -0.0741 0.5694 -0.8187
vn -0.0771 0.5738 -0.8153
vn -0.1007 0.5873 -0.8031
vn 0.1927 0.9156 0.3528
vn 0.1125 0.9466 0.3022
vn 0.1141 0.9475 0.2985
vn 0.1934 0.9165 0.3502
vn 0.2515 0.9317 0.2623
vn 0.2537 0.9319 0.2592
vn 0.2539 0.9318 0.2595
vn 0.2517 0.9315 0.2625
vn 0.0675 0.9960 0.0582
vn 0.1003 0.9928 0.0655
vn 0.1004 0.9928 0.0656
vn 0.2413 0.8718 0.4263
vn 0.2418 0.8714 0.4268
vn -0.7354 0.3294 0.5922
vn -0.7377 0.3344 0.5864
vn -0.6138 0.1147 0.7811
vn -0.1738 0.0882 0.9808
vn -0.3548 0.0740 0.9320
vn -0.5837 0.0746 0.8085
vn 0.1113 0.6264 0.7716
vn -0.0574 0.6858 0.7256
vn -0.0593 0.6892 0.7222
vn 0.1031 0.6308 0.7691
vn -0.0863 0.7819 0.6174
vn -0.0858 0.7809 0.6187
vn -0.0241 0.7755 0.6309
vn 0.0453 0.8429 0.5362
vn 0.0465 0.8433 0.5354
vn -0.0185 0.8458 0.5332
vn 0.0193 0.8203 0.5717
vn 0.1081 0.8101 0.5763
vn 0.1107 0.8071 0.5799
vn 0.0163 0.8225 0.5686
vn 0.1143 0.8094 0.5760
vn 0.1138 0.7645 0.6345
vn 0.1166 0.7766 0.6191
vn 0.1199 0.8085 0.5762
vn 0.0715 0.7575 0.6489
vn 0.1245 0.7812 0.6118
vn 0.1211 0.7817 0.6117
vn 0.0735 0.7640 0.6410
vn 0.1901 0.7966 0.5738
vn 0.2051 0.7467 0.6327
vn 0.2051 0.7478 0.6314
vn 0.1401 0.7603 0.6343
vn 0.2184 0.7567 0.6162
vn 0.2357 0.6691 0.7048
vn 0.2240 0.6731 0.7048
vn 0.2113 0.7622 0.6119
vn 0.4692 -0.7050 0.5319
vn 0.5436 -0.7028 0.4588
vn 0.5373 -0.7077 0.4588
vn 0.4866 -0.6860 0.5409
vn 0.4721 -0.6842 0.5558
vn 0.4181 -0.8394 0.3473
vn 0.3695 -0.7395 0.5627
vn 0.3905 -0.7280 0.5635
vn 0.3692 -0.8569 0.3598
vn 0.3731 -0.8594 0.3496
vn 0.3225 -0.7685 0.5526
vn 0.2542 -0.8091 0.5298
vn 0.2606 -0.7919 0.5522
vn 0.3485 -0.7658 0.5405
vn 0.3396 -0.7635 0.5493
vn 0.2437 -0.8461 0.4741
vn 0.3712 -0.7936 0.4820
vn 0.3721 -0.7956 0.4781
vn 0.2952 -0.8070 0.5115
vn 0.2511 -0.8390 0.4827
vn 0.4848 0.3930 0.7814
vn 0.2214 0.4777 0.8502
vn 0.2216 0.4763 0.8509
vn 0.4793 0.3959 0.7833
vn 0.8120 0.5547 0.1814
vn 0.8762 0.4536 0.1630
vn 0.8733 0.4598 0.1610
vn 0.8104 0.5553 0.1868
vn 0.8857 0.4384 0.1526
vn 0.8552 0.3639 0.3690
vn 0.8527 0.3626 0.3760
vn 0.8415 0.3803 0.3836
vn 0.8284 0.3640 0.4257
vn 0.6889 0.3369 0.6418
vn 0.6748 0.3454 0.6522
vn 0.8245 0.3642 0.4330
vn 0.2576 0.9363 0.2387
vn 0.3128 0.9439 -0.1063
vn 0.3030 0.9486 -0.0909
vn 0.2776 0.9248 0.2602
vn 0.0258 0.9760 0.2162
vn 0.0145 0.9780 0.2082
vn 0.8278 0.5130 0.2271
vn 0.8315 0.5077 0.2255
vn 0.7843 0.4373 0.4400
vn -0.3422 0.8177 -0.4629
vn -0.2806 0.8878 -0.3647
vn 0.9800 -0.0200 -0.1981
vn -0.1675 0.8937 -0.4161
vn -0.1877 0.9264 -0.3264
vn -0.3154 0.8883 -0.3340
vn -0.7228 -0.6233 -0.2985
vn -0.4376 0.6518 -0.6194
vn 0.1265 -0.6604 -0.7402
vn -0.0958 0.8617 -0.4984
vn 0.6273 -0.4897 -0.6055
vn -0.1469 0.9277 -0.3431
vn 0.4974 -0.7007 0.5115
vn 0.5015 -0.7062 0.4997
vn 0.6012 -0.4665 -0.6488
vn -0.1667 0.9040 -0.3937
vn -0.3902 0.3792 0.8390
vn -0.4071 -0.0511 0.9120
vn 0.2506 -0.3389 -0.9068
vn 0.6921 -0.3373 -0.6381
vn 0.6921 -0.3374 -0.6380
vn 0.7659 -0.3680 0.5273
vn 0.7173 -0.2906 0.6333
vn 0.3042 -0.4379 -0.8460
vn 0.6959 -0.3673 -0.6171
vn 0.6951 -0.3686 -0.6172
vn 0.6936 -0.3630 -0.6222
vn 0.6929 -0.3635 -0.6228
vn 0.6935 -0.3631 -0.6223
vn -0.2098 -0.9003 0.3814
vn -0.1605 -0.9213 0.3541
vn -0.3094 -0.1736 -0.9349
vn -0.2601 -0.1615 -0.9520
vn -0.7829 0.1244 -0.6096
vn -0.0000 -0.0000 1.0000
vn -0.4043 -0.0323 0.9140
vn -0.2122 -0.0170 0.9771
vn -0.6921 0.3373 0.6381
vn -0.6921 0.3374 0.6380
vn -0.8218 0.0391 -0.5684
vn -0.2896 -0.1814 -0.9398
vn -0.6339 -0.2960 0.7145
vn -0.6360 -0.2990 0.7114
vn -0.6325 -0.3047 0.7121
vn -0.6301 -0.3020 0.7154
vn -0.3482 0.5771 0.7388
vn -0.3665 0.5192 0.7721
vn -0.4090 -0.0045 0.9125
vn -0.4089 -0.1144 0.9054
vn -0.3070 -0.1695 -0.9365
vn -0.6925 0.3645 0.6225
vn -0.6912 0.3686 0.6216
vn -0.6933 0.3645 0.6217
vn -0.6947 0.3631 0.6209
vn -0.9650 0.1771 0.1935
vn -0.9358 0.3076 0.1725
vn -0.3857 0.2307 0.8933
vn -0.2653 -0.7279 0.6323
vn -0.3893 -0.2505 0.8864
vn -0.5487 -0.7507 0.3679
vn -0.3997 0.0001 0.9167
vn -0.3336 0.6180 0.7119
vn 0.2890 0.6725 -0.6814
vn 0.4012 0.1870 -0.8967
vn 0.1151 0.9424 -0.3140
vn -0.0822 0.9894 0.1194
vn -0.2253 0.8675 0.4435
vn 0.4131 -0.2201 -0.8837
vn 0.3573 -0.5535 -0.7523
vn 0.3172 -0.6632 -0.6779
vn -0.3182 0.6798 0.6608
vn 0.2803 -0.5709 -0.7717
vn -0.8162 -0.4377 0.3772
vn -0.4329 -0.6700 0.6030
vn -0.2492 -0.0454 0.9674
vn -0.2867 -0.2527 0.9241
vn -0.2268 0.1395 0.9639
vn -0.2380 0.0258 0.9709
vn -0.2511 -0.2220 0.9422
vn -0.2476 -0.2940 0.9232
vn -0.2462 -0.1310 0.9603
vn -0.2386 -0.4182 0.8764
vn -0.2791 -0.0781 0.9571
vn -0.0907 0.3577 0.9294
vn -0.1732 -0.0559 0.9833
vn -0.1728 -0.6310 0.7563
vn -0.1025 -0.9744 0.2000
vn -0.0303 -0.9653 -0.2595
vn 0.2881 0.2208 -0.9318
vn 0.1980 0.6530 -0.7310
vn -0.1593 0.6535 0.7399
vn -0.1649 0.6534 0.7388
vn -0.1844 0.5104 0.8399
vn -0.1895 0.5094 0.8394
vn 0.1815 0.1068 -0.9776
vn -0.0145 0.4692 0.8830
vn 0.0675 0.3566 0.9318
vn 0.7100 0.4114 0.5715
vn 0.3120 0.5900 0.7447
vn -0.0275 -0.0587 0.9979
vn 0.1742 -0.2443 0.9539
vn -0.1147 -0.3388 -0.9338
vn -0.1306 -0.3593 -0.9240
vn -0.1094 -0.3359 -0.9355
vn -0.1109 -0.3420 -0.9331
vn -0.1992 -0.3110 -0.9293
vn -0.1989 -0.2879 -0.9368
vn -0.1992 -0.3111 -0.9293
vn -0.1971 -0.3135 -0.9289
vn -0.0694 0.9244 -0.3752
vn -0.0692 0.9244 -0.3751
vn 0.7289 0.5903 -0.3468
vn 0.7305 0.5957 -0.3339
vn -0.3716 0.8841 -0.2835
vn -0.3717 0.8841 -0.2833
vn 0.1853 -0.9187 0.3489
vn 0.1649 -0.9343 0.3159
vn -0.2317 -0.8829 0.4083
vn -0.2220 -0.8790 0.4220
vn -0.0254 0.5123 0.8584
vn -0.0190 0.5489 0.8357
vn 0.0195 0.4860 0.8737
vn 0.0390 0.4628 0.8856
vn -0.2129 0.0188 0.9769
vn -0.2108 -0.0922 0.9732
vn -0.1798 0.2747 0.9446
vn -0.2121 0.3426 0.9152
vn 0.3361 0.7752 0.5348
vn 0.2251 0.7090 0.6684
vn 0.0857 0.8441 0.5292
vn 0.0412 0.8464 0.5309
vn 0.1458 -0.0981 0.9844
vn -0.1440 -0.3984 0.9058
vn 0.1840 0.3118 0.9322
vn 0.2206 0.2480 0.9433
vn 0.1219 -0.2624 0.9572
vn 0.1546 -0.5973 0.7870
vn -0.1600 -0.6272 0.7623
vn 0.0467 -0.2219 0.9740
vn 0.4162 0.1501 0.8968
vn 0.6041 0.1784 0.7767
vn 0.6143 0.1288 0.7785
vn 0.6981 0.2348 0.6764
vn 0.6814 -0.0761 0.7279
vn 0.6951 -0.1563 0.7017
vn 0.8433 -0.0664 0.5334
vn 0.7083 0.0522 0.7040
vn 0.7183 -0.0412 0.6945
vn 0.8031 -0.2029 0.5602
vn 0.1567 0.7066 0.6900
vn 0.0841 0.6281 0.7735
vn -0.1599 0.1803 0.9705
vn -0.1501 0.4019 0.9033
vn 0.0980 0.4296 0.8977
vn -0.1788 0.5638 0.8063
vn -0.2006 0.5530 0.8086
vn -0.1837 0.5376 0.8230
vn 0.3221 0.3340 0.8858
vn 0.1957 0.2311 0.9530
vn 0.4217 0.0837 0.9029
vn 0.5424 0.1459 0.8274
vn 0.4291 0.3491 0.8331
vn 0.2111 0.3905 0.8961
vn 0.1365 0.2405 0.9610
vn 0.3742 0.1338 0.9176
vn 0.3365 0.5156 0.7880
vn 0.3968 0.2380 0.8865
vn 0.7935 0.0949 0.6011
vn 0.7099 0.3463 0.6132
vn 0.4086 0.5843 0.7012
vn 0.5308 0.3687 0.7631
vn 0.3241 0.1391 0.9357
vn 0.0330 0.2868 0.9574
vn 0.3235 0.5544 0.7668
vn 0.4414 0.6650 0.6024
vn 0.7050 0.4321 0.5624
vn 0.0399 0.2050 0.9780
vn 0.4586 0.6085 0.6476
vn 0.5580 0.4629 0.6887
vn -0.0112 -0.1383 0.9903
vn -0.0115 -0.1386 0.9903
vn -0.0116 -0.1386 0.9903
vn -0.0165 -0.1254 0.9920
vn -0.0172 -0.1260 0.9919
vn -0.0183 -0.1271 0.9917
vn 0.7037 0.4938 0.5109
vn 0.7077 0.4738 0.5241
vn 0.4556 0.6674 0.5891
vn 0.4418 0.6301 0.6386
vn 0.0735 -0.0411 0.9964
vn 0.3438 -0.0618 0.9370
vn 0.1175 -0.1224 0.9855
vn 0.0254 -0.1239 0.9920
vn 0.5386 -0.3902 0.7468
vn 0.4622 -0.2302 0.8564
vn 0.1529 -0.2372 0.9594
vn 0.2540 -0.5176 0.8171
vn 0.3315 0.1987 0.9223
vn 0.6276 0.2501 0.7372
vn 0.2998 0.1498 0.9422
vn 0.2994 0.1476 0.9426
vn 0.2986 0.1447 0.9434
vn 0.3162 0.2331 0.9196
vn 0.5512 0.1147 0.8265
vn 0.3369 0.0158 0.9414
vn 0.7906 0.2495 0.5592
vn 0.3677 0.0529 0.9284
vn 0.2069 -0.6434 0.7370
vn 0.6917 -0.0746 0.7183
vn 0.6620 0.1162 0.7405
vn 0.7909 0.4364 0.4290
vn 0.8227 0.3558 0.4434
vn 0.2140 0.0139 0.9767
vn 0.1911 0.4219 0.8863
vn 0.0333 0.5518 0.8333
vn 0.0046 0.2662 0.9639
vn -0.3144 0.4106 0.8559
vn -0.2246 0.6620 0.7150
vn 0.4636 0.5414 0.7014
vn 0.4546 0.5393 0.7089
vn 0.6630 0.2932 0.6888
vn 0.5761 0.0547 0.8155
vn 0.1095 0.3360 0.9355
vn 0.1300 0.3597 0.9240
vn 0.1137 0.3393 0.9338
vn 0.1122 0.3411 0.9333
vn 0.1987 0.3111 0.9294
vn 0.1992 0.2879 0.9367
vn 0.1994 0.3109 0.9293
vn 0.1983 0.3135 0.9287
vn 0.3449 0.2262 0.9110
vn 0.3223 -0.5790 0.7489
vn 0.3223 -0.5789 0.7489
vn 0.7750 0.3330 0.5372
vn -0.1065 0.1025 0.9890
vn -0.1088 -0.0923 0.9898
vn -0.2548 0.5284 0.8098
vn -0.1671 0.8214 0.5453
vn -0.0635 0.8783 0.4738
vn 0.0788 0.7986 0.5967
vn 0.2262 0.0967 0.9693
vn -0.0346 -0.2513 0.9673
vn 0.8593 0.1741 -0.4809
vn 0.6751 0.1863 -0.7138
vn 0.5649 0.6458 -0.5137
vn 0.7686 0.5603 -0.3088
vn 0.3961 0.9029 -0.1668
vn 0.6212 0.7835 -0.0152
vn 0.2263 0.9374 0.2648
vn 0.4618 0.8005 0.3820
vn 0.0927 0.8178 0.5679
vn 0.3293 0.7038 0.6295
vn 0.8555 -0.1787 -0.4860
vn 0.6807 -0.2087 -0.7022
vn 0.9615 0.1507 -0.2300
vn 0.8898 0.4438 -0.1063
vn 0.7771 0.6179 0.1200
vn 0.6319 0.6267 0.4560
vn 0.5172 0.5844 0.6253
vn 0.9662 -0.1291 -0.2232
vn 0.9912 0.1102 0.0735
vn 0.9532 0.2511 0.1685
vn 0.8967 0.3366 0.2875
vn 0.8030 0.3445 0.4864
vn 0.7742 0.2758 0.5697
vn 0.9960 -0.0820 0.0344
vn 0.9928 0.0508 0.1084
vn 0.9558 0.1768 0.2349
vn 0.9140 0.1952 0.3556
vn 0.8508 0.1883 0.4906
vn 0.8304 0.1671 0.5315
vn 0.8647 0.1472 0.4802
vn 0.9311 -0.3129 -0.1875
vn 0.6785 0.2924 0.6739
vn 0.6539 0.1819 0.7344
vn 0.7431 0.0576 0.6667
vn 0.8043 0.3146 0.5042
vn 0.9409 0.0305 0.3372
vn 0.9098 0.2395 0.3389
vn 0.6181 0.0501 0.7845
vn 0.7390 -0.0194 0.6734
vn 0.9068 -0.1770 0.3826
vn 0.2508 -0.8178 0.5181
vn 0.2919 -0.7063 0.6449
vn 0.6954 -0.3269 0.6399
vn 0.6880 -0.4250 0.5882
vn 0.8629 0.0381 0.5039
vn 0.5385 -0.6109 0.5804
vn 0.5494 -0.5505 0.6286
vn 0.2856 -0.6635 0.6915
vn 0.7084 -0.3832 0.5928
vn 0.8676 -0.2616 0.4230
vn 0.7623 -0.1783 0.6222
vn 0.6402 -0.0279 0.7677
vn 0.6226 -0.1897 0.7592
vn 0.7167 -0.4413 0.5399
vn 0.5580 -0.4623 0.6891
vn 0.9129 -0.2424 0.3283
vn 0.1886 0.6041 0.7743
vn 0.6740 -0.1451 0.7243
vn 0.9260 -0.1353 0.3525
vn 0.8543 -0.3754 0.3594
vn 0.7782 -0.5679 0.2681
vn 0.4776 -0.2003 0.8555
vn 0.2049 -0.3264 0.9227
vn 0.9389 -0.2942 0.1788
vn 0.6452 -0.5074 -0.5711
vn 0.8277 -0.4300 -0.3606
vn 0.9343 -0.3376 -0.1144
vn 0.9532 -0.3008 0.0312
vn 0.9072 -0.4094 -0.0969
vn 0.5814 -0.5884 -0.5618
vn 0.7983 -0.4718 -0.3744
vn 0.9345 -0.3346 -0.1215
vn 0.9605 -0.2554 0.1109
vn 0.7764 -0.3977 -0.4890
vn 0.9564 -0.2475 -0.1552
vn 0.9739 -0.1402 0.1788
vn -0.0708 0.6871 0.7231
vn 0.5915 0.8007 -0.0950
vn 0.3925 0.7552 0.5251
vn 0.2694 0.6089 0.7461
vn 0.6212 0.0866 -0.7789
vn 0.6338 0.5447 -0.5492
vn 0.0609 0.1735 0.9830
vn 0.4366 -0.3543 -0.8270
vn 0.1096 0.0219 0.9937
vn 0.0573 -0.9849 0.1637
vn 0.0304 -0.7169 -0.6965
vn 0.2883 -0.4819 -0.8274
vn -0.0014 0.5899 0.8074
vn -0.0276 0.5577 0.8296
vn 0.4937 -0.5255 -0.6929
vn -0.9066 0.3622 0.2166
vn -0.7106 0.3194 -0.6270
vn 0.3196 0.3266 -0.8895
vn -0.0840 0.8196 -0.5667
vn -0.2110 0.8296 -0.5169
vn 0.1196 0.0892 -0.9888
vn 0.0687 -0.3043 -0.9501
vn -0.1356 0.7533 -0.6435
vn -0.0285 0.8570 0.5145
vn -0.1805 0.8592 -0.4787
vn -0.1458 0.7482 -0.6472
vn -0.1799 0.9801 0.0838
vn -0.1610 -0.8807 0.4455
vn -0.6510 0.6070 0.4557
vn -0.8545 -0.0059 0.5195
vn -0.8739 0.2165 -0.4353
vn -0.6578 -0.5142 -0.5505
vn -0.3918 -0.8606 0.3254
vn -0.5450 0.7216 -0.4269
vn -0.8710 0.2254 -0.4364
vn -0.8552 -0.0013 0.5183
vn -0.5390 0.8221 0.1835
vn -0.2740 -0.2010 0.9405
vn -0.0508 -0.7079 0.7045
vn -0.2738 -0.2051 0.9397
vn -0.2042 0.4682 0.8597
vn -0.5149 0.5694 -0.6409
vn -0.0582 0.7570 -0.6508
vn -0.4516 -0.1345 -0.8820
vn -0.4121 0.2606 -0.8730
vn -0.6389 0.7662 0.0685
vn 0.3178 0.3312 -0.8884
vn -0.5915 0.4808 -0.6473
vn -0.6817 0.7201 -0.1291
vn 0.0577 -0.4219 0.9048
vn -0.1204 -0.0190 0.9925
vn 0.3453 0.7339 0.5850
vn 0.0313 0.8628 0.5045
vn -0.1355 0.7889 0.5995
vn -0.3435 0.8592 0.3791
vn -0.3069 0.6845 0.6612
vn 0.1638 0.7128 0.6820
vn -0.0473 0.7128 0.6998
vn -0.1911 0.5774 0.7938
vn -0.4234 0.3484 0.8363
vn -0.3745 0.5813 0.7224
vn 0.1467 0.5370 0.8307
vn -0.0291 0.4205 0.9068
vn -0.4117 0.1552 0.8980
vn -0.3918 0.2349 0.8896
vn 0.4527 0.4529 0.7681
vn 0.8104 0.0375 0.5847
vn 0.7591 0.0304 0.6502
vn 0.6444 -0.4048 0.6488
vn 0.5826 -0.0789 0.8089
vn 0.3344 0.3813 0.8618
vn 0.6627 -0.0955 0.7427
vn 0.2005 0.2116 0.9566
vn 0.5718 -0.2433 0.7835
vn -0.2901 -0.0387 0.9562
vn -0.4274 0.1446 0.8924
vn -0.0360 -0.0215 0.9991
vn 0.5147 -0.4959 0.6994
vn 0.8370 -0.4467 -0.3161
vn 0.9421 -0.3301 -0.0593
vn 0.9081 -0.3747 0.1867
vn 0.8520 -0.3786 0.3615
vn 0.2056 -0.7000 -0.6838
vn 0.8816 -0.4575 0.1163
vn 0.8383 -0.3966 0.3741
vn 0.4840 -0.7290 -0.4840
vn 0.1339 -0.3601 -0.9233
vn 0.4514 -0.2373 -0.8602
vn 0.7585 -0.4961 0.4226
vn 0.7686 -0.4857 0.4164
vn 0.4593 -0.8259 -0.3270
vn 0.7113 -0.6035 0.3602
vn 0.6984 -0.6213 0.3553
vn 0.5860 -0.7654 -0.2660
vn 0.6831 -0.6765 0.2751
vn 0.6491 -0.7111 0.2703
vn 0.6051 -0.7238 -0.3315
vn -0.2361 -0.1696 -0.9568
vn 0.4508 -0.1999 -0.8699
vn 0.0157 -0.0290 -0.9995
vn 0.0428 -0.0359 -0.9984
vn 0.1221 -0.4456 -0.8869
vn 0.1612 -0.6002 -0.7834
vn 0.0475 -0.6899 -0.7223
vn 0.1430 -0.5281 -0.8371
vn -0.0358 -0.6610 -0.7495
vn 0.1238 -0.5458 -0.8287
vn 0.1200 -0.4676 -0.8758
vn 0.1606 -0.3532 -0.9216
vn 0.0465 -0.5159 -0.8554
vn -0.0153 -0.6778 -0.7351
vn 0.1062 -0.5614 -0.8207
vn 0.0820 -0.5437 -0.8352
vn 0.2856 -0.3992 -0.8712
vn -0.5402 0.2252 -0.8108
vn -0.2036 0.0123 -0.9790
vn -0.2280 0.0191 -0.9735
vn 0.4723 0.2939 -0.8310
vn 0.0530 -0.6915 -0.7204
vn 0.1257 -0.7224 -0.6800
vn -0.1455 -0.3940 -0.9075
vn -0.0543 -0.5306 -0.8459
vn 0.1093 -0.4832 -0.8687
vn -0.1335 -0.4977 -0.8570
vn -0.4044 0.4474 -0.7977
vn -0.1707 0.8773 -0.4486
vn 0.6289 0.7085 -0.3202
vn 0.4240 0.0293 -0.9052
vn 0.9923 0.0880 0.0875
vn 0.8752 -0.4336 -0.2145
vn -0.0144 -0.5605 -0.8280
vn 0.4214 0.0117 -0.9068
vn 0.8625 -0.4490 -0.2336
vn 0.5197 -0.7876 -0.3310
vn -0.5591 -0.0534 -0.8274
vn -0.3989 0.4121 -0.8192
vn -0.3338 0.2049 -0.9201
vn -0.0825 0.7351 -0.6729
vn 0.7105 0.5524 -0.4360
vn 0.4860 -0.2977 -0.8217
vn 0.9805 0.0444 0.1912
vn 0.8356 -0.5469 0.0517
vn -0.0050 -0.7983 -0.6023
vn 0.4850 -0.2997 -0.8215
vn 0.8310 -0.5547 0.0425
vn 0.4579 -0.8888 0.0214
vn -0.5333 -0.2628 -0.8041
vn -0.3266 0.1937 -0.9251
vn -0.3774 0.2127 -0.9013
vn -0.0873 0.7308 -0.6770
vn 0.7276 0.5153 -0.4529
vn 0.4460 -0.3543 -0.8219
vn 0.9790 0.0006 0.2038
vn 0.8058 -0.5862 0.0837
vn -0.1130 -0.8314 -0.5440
vn 0.4421 -0.3554 -0.8236
vn 0.7991 -0.5966 0.0747
vn 0.3924 -0.9166 0.0765
vn -0.6095 -0.2418 -0.7550
vn -0.3772 0.2002 -0.9042
vn -0.5107 -0.0073 -0.8597
vn -0.0736 0.4637 -0.8829
vn 0.7059 0.1336 -0.6956
vn 0.1823 -0.7078 -0.6825
vn 0.9857 -0.1553 0.0653
vn 0.6678 -0.7169 0.2002
vn -0.3880 -0.9048 -0.1758
vn 0.1829 -0.7079 -0.6822
vn 0.6607 -0.7250 0.1944
vn 0.2110 -0.9073 0.3636
vn -0.7894 -0.3084 -0.5307
vn -0.5100 -0.0166 -0.8600
vn -0.4383 0.4726 -0.7646
vn 0.1922 -0.1930 -0.9622
vn 0.6899 -0.6061 -0.3957
vn 0.6558 0.5620 -0.5041
vn 0.5078 0.1768 -0.8432
vn 0.8825 -0.4323 -0.1853
vn 0.9828 -0.1837 -0.0212
vn -0.2752 0.7416 -0.6119
vn -0.4558 0.5977 -0.6595
vn 0.7066 -0.6666 0.2374
vn 0.7109 -0.6562 0.2532
vn 0.4271 -0.4784 0.7673
vn 0.7457 -0.6028 0.2838
vn 0.7423 -0.6231 0.2464
vn 0.2416 -0.5933 0.7678
vn 0.1891 -0.7925 0.5798
vn 0.7420 -0.6057 0.2873
vn 0.7457 -0.6139 0.2589
vn -0.1779 -0.0759 0.9811
vn -0.7958 0.3151 0.5171
vn -0.6146 -0.5190 0.5940
vn -0.4406 -0.2804 0.8528
vn -0.9073 0.2503 0.3378
vn -0.9843 0.1248 0.1252
vn -0.6107 -0.7671 0.1962
vn -0.8360 0.5081 -0.2069
vn -0.7880 0.5458 -0.2848
vn -0.6695 -0.7372 0.0914
vn -0.8018 0.5301 -0.2760
vn -0.7991 0.5391 -0.2660
vn -0.8090 0.5295 -0.2552
vn -0.8018 0.5379 -0.2604
vn -0.4315 0.2319 -0.8718
vn 0.4362 -0.2380 -0.8678
vn 0.7680 -0.6367 -0.0699
vn 0.6760 0.3556 -0.6455
vn 0.5850 0.0923 -0.8058
vn 0.9101 -0.4141 -0.0151
vn 0.9703 -0.2338 0.0623
vn -0.2325 0.5767 -0.7832
vn -0.3307 0.4505 -0.8293
vn 0.5900 -0.6444 0.4865
vn 0.5802 -0.6358 0.5090
vn 0.1424 -0.4004 0.9052
vn -0.5100 0.0799 0.8565
vn -0.8371 0.5263 0.1488
vn -0.6738 -0.3567 0.6471
vn -0.6048 -0.1423 0.7836
vn -0.9431 0.3274 0.0576
vn -0.9837 0.1766 -0.0336
vn 0.1888 -0.6099 0.7696
vn 0.2176 -0.4910 0.8435
vn -0.7041 -0.6942 0.1496
vn -0.7780 0.4464 -0.4421
vn -0.7957 0.4253 -0.4312
vn -0.6392 -0.7690 -0.0119
vn -0.7349 0.4539 -0.5039
vn -0.7252 0.4677 -0.5053
vn -0.7381 0.4550 -0.4982
vn -0.7236 0.4727 -0.5029
vn -0.4677 0.2920 -0.8343
vn 0.2558 -0.3183 -0.9128
vn 0.6872 -0.7175 -0.1141
vn 0.6445 0.1541 -0.7489
vn 0.5125 -0.1128 -0.8512
vn 0.8491 -0.5266 -0.0407
vn 0.9368 -0.3496 0.0160
vn -0.2562 0.5186 -0.8157
vn -0.3379 0.3975 -0.8532
vn 0.6536 -0.6470 0.3926
vn 0.6105 -0.5874 0.5313
vn 0.3359 -0.2870 0.8971
vn -0.3650 0.1464 0.9194
vn -0.7811 0.4979 0.3768
vn -0.6651 -0.2387 0.7075
vn -0.5955 -0.0145 0.8032
vn -0.9094 0.4098 0.0716
vn -0.9642 0.2648 0.0114
vn 0.1782 -0.5618 0.8079
vn 0.2250 -0.4382 0.8703
vn -0.8098 -0.5095 0.2910
vn -0.7618 0.5281 -0.3751
vn -0.7806 0.4888 -0.3897
vn -0.5504 -0.7593 0.3471
vn -0.7263 0.4864 -0.4857
vn -0.7150 0.4958 -0.4928
vn -0.7285 0.4866 -0.4821
vn -0.7098 0.5022 -0.4939
vn -0.4501 0.1442 -0.8812
vn 0.0514 -0.5178 -0.8540
vn 0.6470 -0.7622 -0.0213
vn 0.5957 -0.0047 -0.8032
vn 0.4198 -0.2690 -0.8668
vn 0.8129 -0.5820 0.0211
vn 0.9223 -0.3859 0.0197
vn -0.2556 0.3801 -0.8889
vn -0.3194 0.2497 -0.9141
vn 0.5780 -0.5960 0.5574
vn 0.5644 -0.5834 0.5841
vn 0.2541 -0.1469 0.9560
vn -0.3321 0.4968 0.8018
vn -0.7095 0.6974 0.1010
vn -0.6468 -0.0232 0.7623
vn -0.5668 0.2351 0.7896
vn -0.8569 0.5092 0.0795
vn -0.9377 0.3471 0.0162
vn 0.1746 -0.4104 0.8950
vn 0.2013 -0.2503 0.9470
vn -0.6840 0.5028 -0.5285
vn -0.6801 0.4925 -0.5430
vn -0.7088 0.4567 -0.5376
vn -0.6843 0.4609 -0.5651
vn -0.7171 0.4547 -0.5283
vn -0.6835 0.4712 -0.5575
vn 0.7053 -0.5054 0.4971
vn 0.7067 -0.5321 0.4663
vn 0.7007 -0.5074 0.5015
vn 0.6990 -0.5304 0.4796
vn 0.6853 -0.5342 0.4949
vn 0.6843 -0.5607 0.4662
vn 0.6853 -0.5320 0.4974
vn 0.6794 -0.5638 0.4696
vn 0.6802 -0.4858 0.5489
vn 0.6734 -0.5164 0.5291
vn 0.6739 -0.4868 0.5557
vn 0.6630 -0.5137 0.5445
vn -0.3384 0.8182 -0.4648
vn -0.3455 0.7668 -0.5409
vn 0.6369 0.5805 -0.5073
vn 0.6089 0.7126 -0.3484
vn 0.9833 -0.1790 -0.0342
vn 0.9918 -0.0756 0.1026
vn 0.7608 -0.5845 0.2820
vn 0.7988 -0.5254 0.2929
vn 0.7700 -0.5588 0.3080
vn 0.7518 -0.5875 0.2995
vn 0.2034 -0.8380 0.5064
vn 0.2393 -0.8789 0.4125
vn -0.6203 -0.6088 0.4946
vn -0.6084 -0.7105 0.3536
vn -0.9913 0.0650 0.1147
vn -0.9981 -0.0303 -0.0527
vn -0.8035 0.5315 -0.2683
vn -0.8175 0.5042 -0.2783
vn -0.7908 0.5331 -0.3007
vn -0.7930 0.5458 -0.2706
vn -0.2039 0.6456 -0.7359
vn -0.2307 0.6240 -0.7466
vn 0.6867 0.4069 -0.6023
vn 0.6949 0.4086 -0.5918
vn 0.9793 -0.1816 0.0896
vn 0.9845 -0.1584 0.0755
vn 0.7035 -0.4954 0.5096
vn 0.7229 -0.4806 0.4963
vn 0.7163 -0.4843 0.5024
vn 0.6995 -0.4980 0.5126
vn 0.1607 -0.6444 0.7476
vn 0.1780 -0.6716 0.7192
vn -0.6833 -0.4340 0.5872
vn -0.6902 -0.4830 0.5388
vn -0.9917 0.1213 -0.0419
vn -0.9884 0.1173 -0.0960
vn -0.7363 0.4668 -0.4898
vn -0.7134 0.4615 -0.5274
vn -0.7132 0.4649 -0.5246
vn -0.7351 0.4658 -0.4926
vn -0.2379 0.7128 -0.6598
vn -0.2268 0.5846 -0.7790
vn 0.6822 0.2701 -0.6795
vn 0.6932 0.6011 -0.3977
vn 0.9588 -0.2814 0.0381
vn 0.9589 -0.1087 0.2619
vn 0.6919 -0.5207 0.5001
vn 0.7214 -0.4716 0.5071
vn 0.7045 -0.4922 0.5113
vn 0.6849 -0.5215 0.5089
vn 0.1303 -0.6107 0.7810
vn 0.1232 -0.7118 0.6915
vn -0.6913 -0.3362 0.6396
vn -0.7093 -0.5092 0.4874
vn -0.9819 0.1893 0.0036
vn -0.9905 0.0624 -0.1227
vn -0.7311 0.4905 -0.4743
vn -0.7092 0.4638 -0.5309
vn -0.6949 0.4846 -0.5314
vn -0.7259 0.4945 -0.4781
vn -0.1924 0.4956 -0.8470
vn -0.2306 0.4407 -0.8675
vn 0.6407 0.1025 -0.7609
vn 0.6910 0.2206 -0.6883
vn 0.9430 -0.3309 0.0352
vn 0.9639 -0.2530 0.0828
vn 0.6834 -0.4710 0.5577
vn 0.7036 -0.4487 0.5510
vn 0.6907 -0.4544 0.5626
vn 0.6775 -0.4717 0.5644
vn 0.1484 -0.4444 0.8834
vn 0.1346 -0.4972 0.8571
vn -0.6665 -0.1095 0.7374
vn -0.7083 -0.2119 0.6734
vn -0.9551 0.2957 0.0201
vn -0.9752 0.2147 -0.0546
vn -0.7207 0.4553 -0.5228
vn -0.7019 0.4361 -0.5631
vn -0.6937 0.4378 -0.5719
vn -0.7107 0.4558 -0.5358
vn -0.3590 0.9228 -0.1398
vn -0.4351 0.8739 -0.2168
vn 0.4298 0.8669 0.2526
vn 0.4269 0.8519 0.3032
vn 0.9120 0.0155 0.4100
vn 0.8972 0.0805 0.4343
vn 0.7796 -0.5351 0.3254
vn 0.8048 -0.5315 0.2641
vn 0.7986 -0.5476 0.2496
vn 0.7625 -0.5673 0.3111
vn 0.2594 -0.9567 0.1319
vn 0.3858 -0.9222 -0.0246
vn -0.5573 -0.8285 -0.0550
vn -0.3837 -0.8294 -0.4062
vn -0.9347 -0.1307 -0.3305
vn -0.8217 -0.0999 -0.5611
vn -0.8078 0.4821 -0.3391
vn -0.7354 0.5050 -0.4518
vn -0.7296 0.5342 -0.4270
vn -0.7813 0.5190 -0.3466
vn -0.2978 0.9160 -0.2689
vn -0.3183 0.8180 -0.4792
vn 0.4361 0.8893 0.1376
vn 0.3120 0.9125 0.2648
vn 0.7406 0.3985 0.5409
vn 0.7507 0.2616 0.6067
vn 0.7196 -0.4558 0.5238
vn 0.7136 -0.4768 0.5132
vn 0.7134 -0.4884 0.5025
vn 0.6751 -0.5388 0.5039
vn 0.0981 -0.8715 0.4804
vn 0.3165 -0.9012 0.2961
vn -0.6322 -0.7469 0.2062
vn -0.3716 -0.9152 -0.1562
vn -0.9571 -0.1525 -0.2465
vn -0.7907 -0.2712 -0.5488
vn -0.7282 0.4011 -0.5557
vn -0.6403 0.4051 -0.6526
vn -0.6516 0.4379 -0.6194
vn -0.6954 0.4316 -0.5745
vn -0.2236 0.8749 -0.4297
vn -0.2862 0.8551 -0.4323
vn 0.4610 0.8764 0.1395
vn 0.5057 0.8593 0.0769
vn 0.8344 0.1306 0.5355
vn 0.8644 0.1462 0.4810
vn 0.6917 -0.4652 0.5524
vn 0.7086 -0.4877 0.5100
vn 0.7065 -0.4978 0.5031
vn 0.6618 -0.5162 0.5436
vn 0.1174 -0.8849 0.4507
vn 0.2704 -0.9072 0.3225
vn -0.6258 -0.7699 0.1250
vn -0.4755 -0.8658 -0.1557
vn -0.9179 -0.1753 -0.3559
vn -0.8006 -0.1706 -0.5744
vn -0.7310 0.3953 -0.5562
vn -0.6501 0.4181 -0.6345
vn -0.6471 0.4388 -0.6235
vn -0.6921 0.4430 -0.5699
vn -0.1320 0.6891 -0.7126
vn -0.1936 0.6614 -0.7247
vn 0.7020 0.5944 -0.3923
vn 0.6933 0.6389 -0.3333
vn 0.9615 -0.0335 0.2729
vn 0.9616 0.0273 0.2729
vn 0.6890 -0.4263 0.5861
vn 0.6881 -0.4634 0.5584
vn 0.6860 -0.4723 0.5535
vn 0.6707 -0.4454 0.5932
vn 0.0705 -0.6689 0.7400
vn 0.1437 -0.7829 0.6054
vn -0.7203 -0.5053 0.4753
vn -0.6604 -0.7038 0.2620
vn -0.9874 -0.0085 -0.1580
vn -0.9312 -0.1278 -0.3413
vn -0.7188 0.3932 -0.5733
vn -0.6682 0.3434 -0.6600
vn -0.6681 0.3525 -0.6553
vn -0.7060 0.3956 -0.5874
vn 0.3894 -0.7146 -0.5812
vn -0.0805 -0.0800 -0.9935
vn -0.4621 0.8256 -0.3240
vn -0.6121 0.7908 0.0001
vn -0.6081 0.7909 -0.0679
vn -0.5732 0.6658 -0.4776
vn -0.3679 0.5854 -0.7224
vn -0.2657 0.6373 -0.7233
vn -0.4879 0.3974 -0.7772
vn -0.5459 0.5348 -0.6450
vn 0.1209 -0.4175 -0.9006
vn -0.4869 0.3998 -0.7766
vn 0.4352 -0.8795 0.1926
vn 0.3519 0.8582 -0.3736
vn 0.3566 -0.1106 0.9277
vn -0.8070 0.5591 0.1899
vn -0.3323 0.5040 0.7972
vn 0.5166 -0.8289 -0.2143
vn -0.1843 -0.4895 -0.8523
vn -0.0386 -0.4040 -0.9139
vn 0.4889 -0.8600 -0.1463
vn 0.3793 -0.9249 -0.0266
vn -0.5421 0.8350 -0.0944
vn -0.5161 0.8501 -0.1044
vn -0.5450 0.5901 -0.5956
vn -0.6351 0.5763 -0.5143
vn -0.5420 0.2752 -0.7941
vn -0.4741 0.3038 -0.8264
vn -0.4712 0.2921 -0.8323
vn -0.5481 0.2771 -0.7892
vn 0.5634 -0.7368 0.3736
vn 0.5371 -0.6766 0.5038
vn 0.3340 -0.4408 0.8332
vn 0.3168 -0.4475 0.8363
vn -0.0071 0.5216 0.8532
vn 0.0214 -0.9938 0.1089
vn -0.3363 -0.5271 -0.7805
vn -0.1977 -0.4965 -0.8452
vn 0.2424 -0.9669 0.0802
vn -0.3368 0.7333 -0.5906
vn -0.3255 0.9455 -0.0075
vn -0.4200 0.9061 -0.0510
vn -0.4796 0.6439 -0.5961
vn -0.4218 0.3370 -0.8417
vn -0.3507 0.3561 -0.8661
vn -0.3513 0.3536 -0.8669
vn -0.4067 0.3224 -0.8548
vn 0.1879 -0.7611 0.6208
vn 0.3661 -0.7065 0.6057
vn 0.4504 -0.3018 0.8403
vn 0.2361 -0.3515 0.9059
vn 0.2356 -0.3436 0.9091
vn 0.4128 -0.2509 0.8756
vn 0.0721 0.5981 0.7982
vn 0.0323 0.5228 0.8518
vn 0.5187 -0.3287 0.7892
vn 0.5315 -0.3141 0.7867
vn 0.2052 -0.1205 0.9713
vn 0.2397 -0.1934 0.9514
vn 0.8344 -0.2926 0.4671
vn 0.9112 -0.2666 -0.3141
vn 0.3552 -0.1865 -0.9160
vn -0.3010 -0.0718 -0.9509
vn -0.3139 -0.0496 -0.9482
vn -0.8478 0.1623 -0.5049
vn -0.9556 0.2468 0.1609
vn -0.4674 0.0670 0.8815
vn 0.2487 -0.1808 0.9515
vn 0.8976 -0.0363 0.4393
vn 0.9658 0.0897 -0.2434
vn 0.5080 0.0836 -0.8573
vn -0.2553 0.0325 -0.9663
vn -0.3262 0.0135 -0.9452
vn -0.8723 0.2312 -0.4310
vn -0.8994 0.3993 0.1781
vn -0.5089 0.1890 0.8398
vn 0.2910 -0.1022 0.9512
vn 0.6411 0.4973 0.5846
vn 0.7825 0.3604 0.5077
vn 0.8335 0.5305 -0.1547
vn 0.7284 0.6681 -0.1520
vn 0.4275 0.4147 -0.8033
vn 0.2802 0.4999 -0.8195
vn -0.2348 0.0037 -0.9720
vn -0.2857 0.0551 -0.9567
vn -0.3220 0.0114 -0.9467
vn -0.3278 0.0020 -0.9448
vn -0.8686 -0.1592 -0.4693
vn -0.6499 -0.5799 -0.4912
vn -0.9689 -0.1975 0.1490
vn -0.5637 -0.8260 -0.0022
vn -0.4615 -0.0425 0.8861
vn -0.3530 -0.5357 0.7671
vn 0.2691 0.0569 0.9614
vn 0.1697 0.0683 0.9831
vn 0.6181 0.4085 0.6716
vn 0.6236 0.4656 0.6279
vn 0.7187 0.6781 -0.1537
vn 0.7253 0.6775 -0.1221
vn 0.2628 0.4609 -0.8477
vn 0.2931 0.4078 -0.8648
vn -0.2400 0.0090 -0.9707
vn -0.1635 -0.0504 -0.9853
vn -0.1662 -0.0569 -0.9845
vn -0.2505 -0.0125 -0.9680
vn -0.5005 -0.6206 -0.6036
vn -0.4407 -0.5667 -0.6961
vn -0.4545 -0.8899 -0.0380
vn -0.4450 -0.8948 -0.0360
vn -0.1941 -0.5900 0.7837
vn -0.0867 -0.5819 0.8086
vn 0.2055 0.0039 0.9786
vn 0.2700 -0.0554 0.9613
vn 0.6250 0.3749 0.6847
vn 0.6800 0.7304 -0.0635
vn 0.2777 0.4703 -0.8376
vn -0.2034 -0.0210 -0.9789
vn -0.2041 -0.0177 -0.9788
vn -0.5492 -0.4701 -0.6909
vn -0.5966 -0.7944 -0.1135
vn -0.0954 -0.6530 0.7513
vn 0.3468 -0.1217 0.9300
vn 0.6318 0.3202 0.7059
vn 0.6444 0.7622 0.0627
vn 0.2547 0.6347 -0.7295
vn -0.2122 0.0932 -0.9728
vn -0.2176 0.1051 -0.9704
vn -0.6025 -0.4579 -0.6537
vn -0.6612 -0.7451 -0.0880
vn -0.1334 -0.6238 0.7701
vn 0.3477 -0.1754 0.9211
vn 0.5671 0.3349 0.7525
vn 0.5865 0.7808 0.2154
vn 0.2782 0.7737 -0.5692
vn -0.1918 0.1920 -0.9625
vn -0.1654 0.2574 -0.9520
vn -0.5174 -0.5475 -0.6577
vn -0.5476 -0.8126 -0.1995
vn -0.1148 -0.7565 0.6438
vn 0.2941 -0.1649 0.9414
vn -0.6830 0.0612 -0.7278
vn -0.0145 0.3658 -0.9306
vn 0.0161 0.3427 -0.9393
vn -0.6618 0.0504 -0.7480
vn -0.9302 -0.2924 -0.2218
vn -0.9297 -0.3030 -0.2094
vn -0.7934 -0.5246 0.3087
vn -0.7714 -0.5675 0.2879
vn -0.7645 -0.5737 0.2940
vn -0.8022 -0.5011 0.3245
vn -0.5038 -0.6129 0.6087
vn -0.4708 -0.6851 0.5558
vn 0.5633 -0.4999 0.6579
vn 0.0571 -0.6848 0.7265
vn 0.0016 -0.6218 0.7832
vn 0.5084 -0.4527 0.7325
vn 0.9845 0.1472 -0.0957
vn 0.9065 -0.1984 0.3727
vn 0.8668 -0.1640 0.4709
vn 0.9793 0.1936 -0.0583
vn 0.8228 0.3447 -0.4519
vn 0.8250 0.3384 -0.4526
vn 0.8241 0.3395 -0.4533
vn 0.8277 0.3543 -0.4351
vn 0.5413 0.4071 -0.7357
vn 0.5331 0.4235 -0.7324
vn -0.7247 0.1636 -0.6694
vn -0.0610 0.4573 -0.8872
vn -0.9598 -0.2140 -0.1819
vn -0.7901 -0.5268 0.3134
vn -0.7858 -0.5329 0.3140
vn -0.4678 -0.6704 0.5760
vn 0.5859 -0.5166 0.6244
vn 0.0876 -0.6876 0.7208
vn 0.9874 0.1267 -0.0951
vn 0.9057 -0.2388 0.3503
vn 0.8261 0.3519 -0.4402
vn 0.8246 0.3513 -0.4434
vn 0.5102 0.4789 -0.7144
vn -0.7515 0.2522 -0.6096
vn -0.0627 0.5382 -0.8405
vn -0.9776 -0.1761 -0.1154
vn -0.7856 -0.5105 0.3496
vn -0.7781 -0.5215 0.3501
vn -0.4430 -0.6630 0.6035
vn 0.5925 -0.5063 0.6265
vn 0.1149 -0.6714 0.7321
vn 0.9914 0.1070 -0.0751
vn 0.8989 -0.2466 0.3621
vn 0.8428 0.3420 -0.4156
vn 0.8361 0.3545 -0.4186
vn 0.5216 0.5148 -0.6803
vn 0.2036 0.3700 0.9064
vn 0.3497 0.0705 0.9342
vn -0.3200 0.9300 -0.1810
vn -0.6516 0.7581 0.0267
vn -0.8982 0.4239 0.1166
vn -0.4865 -0.4998 0.7167
vn -0.8963 -0.3421 0.2820
vn -0.6765 -0.6184 0.3999
vn -0.7320 -0.5390 0.4167
vn -0.7951 -0.4512 0.4052
vn -0.4336 -0.4991 0.7503
vn -0.4220 -0.3626 0.8309
vn 0.4192 0.1571 0.8942
vn 0.0654 -0.0759 0.9950
vn 0.1260 -0.3602 0.9243
vn 0.5328 -0.1475 0.8333
vn 0.8818 0.4505 0.1395
vn 0.6922 0.3272 0.6433
vn 0.8202 0.0409 0.5707
vn 0.9710 0.2356 0.0402
vn 0.8592 0.3459 -0.3770
vn 0.8406 0.3928 -0.3729
vn 0.7842 0.4354 -0.4422
vn 0.7938 0.3844 -0.4713
vn 0.2385 0.8495 -0.4706
vn 0.1528 0.8804 -0.4489
vn -0.0728 -0.8707 -0.4864
vn 0.4513 -0.4587 -0.7655
vn 0.7409 -0.6098 -0.2815
vn 0.3358 -0.9413 0.0354
vn -0.1951 -0.9720 0.1306
vn -0.4458 -0.8951 -0.0077
vn -0.6968 -0.5324 0.4807
vn -0.6567 -0.5602 0.5049
vn -0.6461 -0.5489 0.5304
vn -0.7166 -0.5139 0.4716
vn -0.5560 -0.1743 0.8127
vn -0.6016 -0.1446 0.7856
vn 0.0285 0.6944 0.7190
vn -0.3175 0.3785 0.8694
vn -0.1997 0.2652 0.9433
vn 0.1735 0.5498 0.8171
vn 0.6885 0.7246 -0.0317
vn 0.3606 0.8234 0.4382
vn 0.4840 0.6955 0.5311
vn 0.7421 0.6688 0.0447
vn 0.7727 0.4783 -0.4175
vn 0.7928 0.4481 -0.4132
vn 0.7929 0.4423 -0.4192
vn 0.7732 0.4518 -0.4449
vn 0.8209 -0.1154 -0.5593
vn 0.7442 0.0524 -0.6659
vn -0.0527 -0.8581 -0.5108
vn 0.4220 -0.4343 -0.7958
vn -0.3903 -0.9206 0.0112
vn -0.5481 -0.6142 0.5677
vn -0.5555 -0.5706 0.6049
vn -0.5422 -0.1284 0.8304
vn -0.0254 0.7404 0.6717
vn -0.3107 0.4221 0.8516
vn 0.6186 0.7812 -0.0838
vn 0.2802 0.8765 0.3915
vn 0.7423 0.4935 -0.4532
vn 0.7473 0.4886 -0.4503
vn 0.7031 0.0892 -0.7054
vn 0.0812 -0.8724 -0.4819
vn 0.4302 -0.4450 -0.7854
vn -0.3356 -0.9411 0.0414
vn -0.4799 -0.6636 0.5739
vn -0.4806 -0.5849 0.6534
vn -0.5109 -0.1033 0.8534
vn -0.0117 0.7595 0.6504
vn -0.2678 0.4483 0.8528
vn 0.5366 0.8299 -0.1526
vn 0.2323 0.9091 0.3457
vn 0.6689 0.5354 -0.5156
vn 0.6719 0.5341 -0.5131
vn 0.6616 0.1216 -0.7399
vn 0.2905 -0.7486 -0.5960
vn 0.6278 -0.2892 -0.7227
vn 0.5040 -0.4150 -0.7575
vn 0.2625 -0.8264 -0.4981
vn -0.4051 -0.9139 0.0246
vn -0.4271 -0.8923 -0.1463
vn -0.4615 -0.7211 0.5167
vn -0.5074 -0.7428 0.4368
vn -0.7965 -0.0558 0.6021
vn -0.4746 -0.5490 0.6880
vn -0.5522 -0.0755 0.8303
vn -0.4860 0.0367 0.8732
vn -0.0705 0.9321 0.3554
vn -0.2838 0.6406 0.7135
vn -0.2081 0.4244 0.8813
vn 0.0378 0.7899 0.6121
vn 0.1903 0.9448 -0.2666
vn -0.0403 0.9958 0.0826
vn 0.1730 0.9452 0.2771
vn 0.4246 0.8877 -0.1779
vn 0.5794 0.6749 -0.4570
vn 0.6428 0.5797 -0.5007
vn 0.6858 0.1562 -0.7109
vn 0.7350 0.2398 -0.6342
vn -0.2463 0.7533 -0.6098
vn -0.7476 0.6009 -0.2830
vn -0.9929 -0.0397 -0.1124
vn -0.8185 -0.4549 0.3508
vn -0.7904 -0.4854 0.3737
vn -0.4681 -0.5580 0.6852
vn 0.0944 -0.4787 0.8729
vn 0.5603 -0.2871 0.7769
vn 0.8699 -0.0900 0.4850
vn 0.9890 0.1395 -0.0498
vn 0.8679 0.3052 -0.3919
vn 0.8330 0.3325 -0.4423
vn 0.4107 0.5850 -0.6994
vn 0.4759 -0.0567 -0.8777
vn 0.8508 0.0018 -0.5255
vn 0.7926 -0.0139 -0.6096
vn 0.3653 -0.0992 -0.9256
vn 0.8140 -0.5164 0.2659
vn 0.6636 -0.5988 0.4484
vn 0.4963 -0.8479 0.1865
vn 0.5667 -0.7985 0.2029
vn 0.9745 -0.2072 0.0862
vn 0.9748 -0.1795 0.1327
vn 0.9648 -0.2383 0.1111
vn 0.9960 0.0264 0.0851
vn 0.9566 0.0689 -0.2831
vn 0.9842 -0.0152 -0.1763
vn 0.5446 0.1558 -0.8241
vn 0.8656 0.0870 -0.4931
vn 0.8774 -0.1440 0.4576
vn 0.6370 -0.1586 0.7544
vn 0.9754 -0.1656 0.1451
vn 0.9728 -0.1630 0.1644
vn 0.9900 -0.0314 -0.1373
vn 0.5496 0.4100 -0.7279
vn 0.8646 0.2590 -0.4305
vn 0.8596 0.0382 0.5095
vn 0.4157 0.4659 0.7811
vn 0.9701 -0.0230 0.2416
vn 0.9703 -0.0343 0.2394
vn 0.9936 0.0753 -0.0846
vn 0.5490 0.5055 -0.6656
vn 0.8682 0.2898 -0.4027
vn 0.8372 -0.0506 0.5446
vn 0.3156 0.3314 0.8892
vn 0.9653 0.1274 0.2278
vn 0.9590 0.0853 0.2701
vn 0.9925 0.1204 -0.0226
vn 0.5246 0.4809 -0.7025
vn 0.8662 0.2186 -0.4493
vn 0.8579 -0.1393 0.4945
vn 0.6322 -0.3745 0.6783
vn 0.9913 0.0869 0.0991
vn 0.9208 0.1576 0.3569
vn 0.9998 0.0163 -0.0081
vn 0.4844 0.4883 -0.7259
vn 0.7989 0.2810 -0.5318
vn 0.9141 -0.0890 0.3956
vn 0.6856 -0.2664 0.6775
vn 0.9768 0.2138 0.0094
vn 0.8876 0.0077 0.4605
vn 0.9699 0.0298 -0.2419
vn 0.3787 0.6388 -0.6698
vn 0.7022 0.3978 -0.5904
vn 0.8439 -0.1771 0.5065
vn 0.6954 -0.2027 0.6894
vn 0.8990 -0.2698 0.3450
vn 0.9825 0.0680 0.1735
vn 0.9938 -0.0771 0.0807
vn 0.3364 -0.6875 -0.6436
vn 0.8457 -0.1262 0.5186
vn 0.5339 0.1188 0.8372
vn 0.8252 -0.1864 0.5332
vn 0.1927 -0.1029 -0.9758
vn 0.1944 0.8919 -0.4082
vn 0.3729 0.9080 -0.1910
vn 0.4969 0.6929 -0.5225
vn 0.3167 0.7033 -0.6364
vn 0.4736 0.1012 0.8749
vn 0.3052 0.0295 0.9518
vn 0.4348 -0.0673 0.8980
vn 0.7495 -0.2438 0.6154
vn 0.1262 0.9790 -0.1600
vn 0.2424 0.9702 -0.0016
vn 0.3989 0.3044 0.8650
vn 0.1173 0.0548 0.9916
vn 0.5303 0.6096 0.5892
vn 0.4944 0.6253 0.6038
vn 0.4277 0.5539 0.7143
vn 0.3386 0.4657 0.8176
vn 0.3716 0.9217 0.1112
vn 0.3474 0.9019 0.2566
vn 0.2268 0.9223 -0.3130
vn 0.3822 0.9062 -0.1806
vn 0.3849 0.4483 0.8068
vn 0.1787 0.0916 0.9796
vn 0.4845 0.7655 0.4234
vn 0.3618 0.7984 0.4814
vn 0.3968 0.9164 0.0527
vn 0.3268 -0.3406 -0.8816
vn 0.7954 -0.0247 -0.6056
vn 0.6713 -0.1731 -0.7207
vn 0.2313 -0.5643 -0.7925
vn -0.1236 0.3142 -0.9413
vn 0.0305 -0.4361 -0.8994
vn -0.1321 -0.6063 -0.7842
vn 0.1932 -0.8569 -0.4779
vn -0.0447 0.3064 -0.9508
vn -0.6572 0.5423 -0.5234
vn -0.6712 0.2684 -0.6910
vn -0.2578 -0.6828 -0.6836
vn -0.6036 0.6797 -0.4168
vn -0.3941 0.8107 -0.4329
vn 0.7281 0.6157 -0.3011
vn 0.4369 0.7696 -0.4657
vn 0.8295 0.2102 -0.5174
vn 0.9292 0.2096 -0.3043
vn 0.5855 -0.2270 0.7783
vn 0.5544 0.4435 -0.7042
vn 0.3061 0.6318 -0.7121
vn 0.3909 0.3717 0.8420
vn 0.3813 0.9115 0.1544
vn 0.4858 -0.3348 0.8074
vn 0.5536 0.5145 0.6549
vn 0.8231 -0.5543 0.1237
vn 0.3729 -0.9101 -0.1806
vn -0.1698 -0.7622 -0.6246
vn -0.2722 0.5502 -0.7895
vn -0.1717 -0.8224 -0.5424
vn 0.2389 0.7567 -0.6086
vn 0.0510 0.8433 -0.5350
vn 0.3528 0.8633 -0.3608
vn 0.7061 0.7074 0.0318
vn 0.6006 0.6266 -0.4966
vn 0.4558 0.7942 -0.4018
vn 0.1774 0.1575 -0.9715
vn -0.4825 0.0852 -0.8717
vn -0.5487 -0.0467 -0.8347
vn 0.0837 0.1213 -0.9891
vn -0.4808 0.0946 -0.8717
vn -0.8924 0.0400 -0.4495
vn -0.9549 -0.0913 -0.2827
vn -0.5805 -0.0262 -0.8138
vn -0.9913 0.0337 0.1273
vn -0.9466 0.0067 0.3225
vn 0.8491 0.1879 -0.4936
vn 0.6289 0.2082 -0.7490
vn 0.5873 0.2298 -0.7760
vn 0.8390 0.2424 -0.4872
vn -0.9414 0.2104 0.2636
vn -0.8417 0.2503 0.4785
vn -0.6833 0.6419 0.3480
vn -0.8431 0.4403 0.3088
vn 0.3114 0.3735 0.8738
vn 0.1582 0.8988 0.4089
vn -0.1032 0.8948 0.4344
vn -0.2284 0.3536 0.9071
vn 0.9646 0.2637 0.0038
vn 0.7493 0.6608 -0.0435
vn 0.5462 0.8249 0.1458
vn 0.8875 0.2873 0.3602
vn -0.4360 -0.2350 -0.8687
vn 0.2029 -0.3800 -0.9024
vn -0.7944 -0.4439 -0.4147
vn -0.4364 -0.2314 -0.8695
vn -0.8333 -0.5484 0.0692
vn -0.5573 -0.8127 0.1699
vn -0.5390 -0.7761 0.3274
vn 0.2911 -0.5020 0.8144
vn -0.2176 -0.5651 0.7959
vn 0.6283 -0.7778 0.0169
vn 0.7215 -0.6289 0.2896
vn 0.5360 -0.5612 -0.6307
vn 0.6833 -0.6092 -0.4024
vn 0.4989 0.5216 -0.6921
vn 0.7696 0.4961 -0.4020
vn 0.7701 0.4732 -0.4278
vn 0.9123 0.4076 0.0393
vn 0.7766 0.2026 0.5965
vn 0.4180 -0.0025 0.9085
vn -0.1462 -0.2248 0.9634
vn -0.6500 -0.3050 0.6960
vn -0.8941 -0.2927 0.3388
vn -0.8870 -0.2913 0.3582
vn -0.9509 -0.1308 -0.2806
vn -0.5896 0.1809 -0.7872
vn 0.0441 0.4338 -0.8999
vn -0.6923 0.4773 0.5412
vn -0.6966 0.1995 0.6891
vn -0.8435 0.1486 0.5162
vn -0.9183 0.1400 0.3703
vn 0.1296 0.8364 0.5326
vn 0.3218 0.4174 0.8499
vn -0.1945 0.3392 0.9204
vn -0.1781 0.8108 0.5575
vn 0.7836 0.6062 0.1358
vn 0.9511 0.3087 0.0057
vn 0.7349 0.3859 0.5578
vn 0.4078 0.8236 0.3942
vn 0.9289 0.3026 -0.2135
vn 0.9473 0.1775 -0.2666
vn -0.5992 -0.7717 0.2132
vn 0.5849 -0.7874 -0.1948
vn -0.5190 0.7781 0.3538
vn 0.0603 0.9756 0.2113
vn -0.0685 0.9667 0.2466
vn 0.5500 0.8332 0.0582
vn 0.2043 0.9628 0.1768
vn 0.8371 0.5393 -0.0915
vn 0.9516 0.2133 -0.2211
vn 0.5677 -0.8109 -0.1419
vn -0.3694 0.8384 0.4008
vn 0.3466 0.8895 0.2979
vn 0.0020 -1.0000 -0.0014
vn -0.5398 -0.7737 0.3316
vn -0.5394 -0.8260 0.1635
vn 0.0116 -0.9999 0.0017
vn -0.5605 -0.8043 0.1972
vn 0.0214 -0.9997 -0.0108
vn -0.8150 -0.5769 0.0554
vn 0.0278 -0.9996 -0.0030
vn -0.7990 -0.4297 -0.4207
vn 0.0309 -0.9995 -0.0013
vn -0.4388 -0.1937 -0.8775
vn -0.0046 -0.9998 -0.0193
vn 0.2899 -0.5086 0.8107
vn -0.2169 -0.5706 0.7920
vn -0.3955 -0.6552 0.6436
vn 0.2007 -0.3467 -0.9162
vn 0.5503 -0.5327 -0.6430
vn 0.6949 -0.5895 -0.4118
vn 0.6020 -0.7743 -0.1950
vn 0.5726 -0.8075 -0.1419
vn 0.6278 -0.7781 0.0197
vn 0.6653 -0.5660 0.4868
vn 0.7181 -0.6335 0.2883
vn 0.7478 0.3294 0.5765
vn 0.6684 -0.5603 0.4892
vn -0.5051 0.3009 0.8089
vn -0.3976 -0.6517 0.6459
vn 0.4830 -0.6572 0.5786
vn 0.0745 -0.6545 0.7524
vn 0.0802 -0.9783 0.1910
vn 0.3717 -0.9269 0.0522
vn 0.4046 -0.1101 0.9078
vn 0.0500 -0.0738 0.9960
vn 0.2485 0.7229 0.6447
vn 0.1108 0.6442 0.7568
vn 0.2877 0.6307 0.7207
vn 0.1177 0.5252 0.8428
vn 0.3070 -0.4748 0.8248
vn 0.0328 -0.4610 0.8868
vn 0.2798 -0.3739 0.8843
vn -0.0297 -0.3507 0.9360
vn 0.2687 -0.2241 0.9368
vn -0.0943 -0.1821 0.9787
vn 0.0086 0.1200 0.9927
vn -0.1762 0.1491 0.9730
vn -0.1801 0.0194 0.9835
vn 0.0680 0.0116 0.9976
vn -0.0248 -0.0165 0.9996
vn -0.1264 -0.0256 0.9916
vn 0.0357 -0.0872 0.9955
vn -0.0934 -0.1982 0.9757
vn -0.1552 -0.2351 0.9595
vn 0.1907 -0.2195 0.9568
vn 0.0825 -0.8910 -0.4465
vn -0.8010 0.4052 -0.4407
vn 0.3820 -0.8879 -0.2565
vn -0.0288 0.0629 0.9976
vn 0.4583 0.2241 -0.8601
vn 0.7537 0.2341 -0.6141
vn 0.9724 0.1679 -0.1617
vn 0.9562 0.1329 0.2610
vn 0.8004 0.1426 0.5823
vn 0.4734 0.1601 0.8662
vn 0.2249 0.0925 0.9700
vn -0.0897 -0.0060 0.9959
vn 0.1274 0.0324 0.9913
vn 0.2163 0.0846 0.9727
vn 0.6575 0.1477 0.7389
vn 0.9052 0.2034 0.3731
vn 0.9438 0.3156 -0.0982
vn 0.7283 0.4972 -0.4715
vn 0.3874 0.6089 -0.6922
vn 0.2461 0.9679 0.0504
vn 0.1619 0.7926 -0.5879
vn -0.1363 0.3136 -0.9397
vn -0.0573 0.3704 -0.9271
vn -0.3688 -0.6146 -0.6973
vn -0.1960 -0.9504 -0.2415
vn 0.0664 -0.7184 0.6924
vn 0.2568 -0.2236 0.9403
vn 0.2244 0.4663 0.8557
vn -0.0099 0.3894 -0.9210
vn -0.0619 0.3801 -0.9229
vn -0.7420 0.1479 -0.6539
vn -0.7253 0.1617 -0.6692
vn -0.9646 -0.1998 -0.1719
vn -0.7856 -0.5092 0.3515
vn -0.7688 -0.5380 0.3457
vn -0.4758 -0.6074 0.6361
vn 0.0832 -0.5584 0.8254
vn 0.5713 -0.3845 0.7251
vn 0.8867 -0.1732 0.4288
vn 0.9924 0.0812 -0.0928
vn 0.8610 0.2056 -0.4652
vn 0.8484 0.1986 -0.4907
vn 0.8317 0.2328 -0.5041
vn 0.8469 0.2219 -0.4833
vn 0.5240 0.3477 -0.7775
vn 0.5595 0.3466 -0.7529
vn 0.2539 0.8665 0.4298
vn 0.2056 0.8381 0.5052
vn 0.1892 0.8101 0.5549
vn -0.0605 0.8135 0.5785
vn -0.0473 0.8339 0.5499
vn -0.0425 0.8452 0.5328
vn -0.8017 0.5706 0.1779
vn -0.7980 0.6022 0.0225
vn -0.5518 0.6634 0.5054
vn -0.5048 0.7005 0.5045
vn -0.2393 0.6617 0.7105
vn -0.2512 0.6655 0.7029
vn -0.1864 0.5710 0.7995
vn -0.1836 0.5179 0.8355
vn 0.5901 0.6430 -0.4881
vn 0.5906 0.6414 -0.4897
vn 0.5899 0.6440 -0.4871
vn 0.6167 0.6324 -0.4688
vn 0.6168 0.6321 -0.4691
vn 0.6166 0.6329 -0.4682
vn -0.0753 0.9593 0.2722
vn -0.0793 0.9569 0.2793
vn -0.1893 0.9492 0.2512
vn -0.1982 0.9464 0.2552
vn -0.2107 0.9650 0.1561
vn -0.2102 0.9651 0.1562
vn -0.2098 0.9652 0.1562
vn -0.2082 0.9660 0.1531
vn -0.2091 0.9658 0.1531
vn -0.2096 0.9658 0.1530
vn 0.0342 0.9981 0.0513
vn -0.2715 0.9105 0.3119
vn -0.2757 0.9117 0.3047
vn -0.2752 0.9119 0.3045
vn -0.1768 0.9559 0.2345
vn -0.1943 0.4205 0.8863
vn -0.1964 0.4218 0.8852
vn -0.2045 0.4323 0.8782
vn -0.1755 0.4883 0.8548
vn -0.4924 -0.2212 0.8418
vn -0.4830 -0.1614 0.8606
vn -0.4709 -0.1111 0.8752
vn -0.2166 -0.0748 0.9734
vn -0.2081 -0.1758 0.9622
vn -0.2299 -0.2546 0.9393
vn -0.0274 0.7644 0.6441
vn -0.0293 0.7633 0.6454
vn -0.1964 0.6875 0.6991
vn -0.1908 0.6906 0.6976
vn -0.0113 0.8516 0.5241
vn -0.0146 0.8535 0.5210
vn -0.1279 0.8943 0.4287
vn -0.1350 0.8930 0.4294
vn -0.1804 0.8650 0.4682
vn -0.1824 0.8629 0.4713
vn -0.1100 0.8797 0.4625
vn -0.1087 0.8811 0.4602
vn -0.1920 0.8290 0.5252
vn -0.1898 0.8293 0.5256
vn -0.2014 0.8294 0.5211
vn -0.2011 0.8292 0.5215
vn -0.2439 0.8245 0.5107
vn -0.2516 0.8249 0.5062
vn -0.1835 0.8286 0.5289
vn -0.1820 0.8304 0.5265
vn -0.3012 0.7765 0.5535
vn -0.3085 0.7733 0.5540
vn -0.3154 0.7127 0.6265
vn -0.3231 0.7090 0.6268
vn -0.3211 0.7803 0.5366
vn -0.3162 0.7848 0.5330
vn -0.6418 -0.6496 0.4077
vn -0.6549 -0.6378 0.4054
vn -0.5764 -0.7019 0.4183
vn -0.5735 0.4875 0.6583
vn -0.5855 -0.7060 0.3984
vn -0.5126 -0.8157 0.2682
vn -0.4977 -0.8256 0.2658
vn -0.4780 -0.8510 0.2177
vn -0.3673 -0.7967 0.4800
vn -0.4160 -0.8773 0.2394
vn -0.3874 -0.8937 0.2264
vn -0.4137 -0.8808 0.2305
vn -0.2508 -0.8836 0.3953
vn 0.2700 -0.7955 -0.5425
vn -0.2133 -0.8566 0.4698
vn -0.3499 -0.9239 0.1550
vn -0.3500 -0.9225 0.1629
vn -0.2466 -0.9623 0.1149
vn 0.8565 0.3685 0.3614
vn -0.2517 -0.9608 0.1159
vn -0.5615 0.5309 0.6347
vn -0.5546 0.5312 0.6405
vn -0.7567 0.5047 0.4154
vn -0.7545 0.5065 0.4174
vn -0.7524 0.5492 -0.3636
vn -0.7519 0.5459 -0.3697
vn -0.7263 0.6491 -0.2263
vn -0.7243 0.6542 -0.2178
vn -0.8468 0.5025 -0.1745
vn -0.8446 0.5039 -0.1811
vn -0.8781 0.4530 0.1539
vn -0.8829 0.4465 0.1452
vn -0.8567 0.4948 -0.1455
vn -0.8578 0.4952 -0.1375
vn -0.1223 0.9907 0.0593
vn -0.1208 0.9911 0.0554
vn -0.2565 0.9560 0.1424
vn -0.2654 0.9534 0.1435
vn -0.7831 0.6046 -0.1459
vn -0.7931 0.6078 -0.0390
vn -0.7925 0.6086 -0.0389
vn -0.7881 0.6090 -0.0893
vn 0.2867 0.9524 0.1033
vn 0.3919 0.9200 0.0085
vn 0.2930 0.9549 -0.0492
vn 0.2360 0.9672 0.0939
vn 0.3314 0.9309 0.1537
vn 0.5348 0.8443 -0.0333
vn 0.2658 0.9614 -0.0714
vn 0.2090 0.9742 0.0856
vn -0.4911 -0.8507 0.1874
vn -0.4922 -0.8472 0.2001
vn 0.2170 0.9732 0.0765
vn -0.2474 0.0009 -0.9689
vn -0.5722 0.0020 -0.8201
vn 0.0385 -0.3559 -0.9337
vn 0.0384 -0.3559 -0.9337
vn -0.2638 0.0050 -0.9646
vn -0.5593 0.0107 -0.8289
vn 0.8283 0.2544 -0.4991
vn 0.0282 -0.3874 -0.9215
vn 0.0281 -0.3874 -0.9215
vn 0.0287 -0.3873 -0.9215
vn 0.0277 -0.3876 -0.9214
vn 0.0273 -0.3878 -0.9214
vn -0.0961 -0.9165 0.3883
vn -0.1055 -0.8949 0.4335
vn 0.1378 0.1893 0.9722
vn -0.0385 0.3559 0.9337
vn -0.0384 0.3560 0.9337
vn -0.1010 -0.2694 0.9577
vn -0.1069 -0.2760 0.9552
vn -0.1020 -0.2755 0.9559
vn -0.0949 -0.2705 0.9580
vn 0.3353 -0.0064 0.9421
vn 0.4298 -0.0082 0.9029
vn -0.0258 0.3871 0.9217
vn 0.1803 0.1977 0.9635
vn -0.0270 0.3876 0.9214
vn -0.0287 0.3872 0.9215
vn -0.0284 0.3871 0.9216
vn -0.0279 0.3870 0.9216
vn 0.1211 -0.7316 0.6708
vn 0.4005 0.1860 -0.8972
vn 0.2890 0.6725 -0.6813
vn 0.1152 0.9424 -0.3139
vn 0.4067 -0.2189 -0.8869
vn 0.3570 -0.5489 -0.7558
vn 0.2938 -0.6471 -0.7035
vn 0.2558 -0.5449 -0.7986
vn -0.3847 -0.9063 0.1749
vn 0.7827 -0.4174 0.4617
vn 0.6731 -0.4715 -0.5697
vn 0.1558 -0.6779 0.7184
vn -0.0811 -0.9656 -0.2471
vn 0.3299 0.2735 -0.9035
vn 0.2807 0.6439 -0.7117
vn 0.0796 -0.1652 0.9830
vn 0.1087 -0.4840 0.8683
vn 0.6088 -0.3918 0.6898
vn 0.5300 -0.0701 0.8451
vn -0.0010 0.0659 0.9978
vn 0.4747 0.0770 0.8768
vn -0.1556 0.1578 0.9751
vn 0.3863 0.0634 0.9202
vn -0.2174 0.6212 0.7529
vn -0.3071 0.1792 0.9346
vn 0.1963 0.1136 0.9739
vn 0.2236 0.5453 0.8078
vn -0.0432 0.9181 0.3939
vn 0.3382 0.8380 0.4282
vn -0.0798 0.9958 -0.0452
vn 0.2927 0.9562 0.0030
vn -0.0673 0.9557 -0.2866
vn 0.3073 0.9187 -0.2483
vn 0.0336 0.7720 -0.6347
vn 0.3810 0.6678 -0.6395
vn 0.0139 0.6816 -0.7316
vn 0.4891 0.5479 -0.6786
vn 0.0683 0.5323 -0.8438
vn 0.5618 0.4495 -0.6945
vn -0.5243 -0.6797 0.5129
vn -0.0791 -0.7180 0.6916
vn -0.5072 -0.6110 0.6079
vn -0.0138 -0.7462 0.6655
vn 0.0258 -0.6736 0.7386
vn -0.5198 -0.6583 0.5445
vn 0.1001 -0.7864 0.6095
vn -0.3127 -0.9158 0.2522
vn 0.1347 -0.9602 0.2446
vn -0.3653 -0.9305 -0.0276
vn 0.0748 -0.9970 0.0197
vn -0.4493 -0.8017 -0.3942
vn 0.1530 -0.8921 -0.4251
vn -0.3748 -0.5048 -0.7777
vn 0.2721 -0.5966 -0.7550
vn -0.3437 -0.1085 -0.9328
vn 0.3167 -0.1701 -0.9331
vn -0.5201 -0.0280 -0.8536
vn -0.4620 -0.1041 -0.8807
vn 0.1621 -0.1455 -0.9760
vn 0.0297 -0.1022 -0.9943
vn -0.6191 0.1219 -0.7758
vn -0.0406 0.1230 -0.9916
vn -0.5954 0.1098 -0.7959
vn -0.1625 0.2322 -0.9590
vn -0.1318 0.2131 -0.9681
vn -0.0485 0.1235 -0.9912
vn 0.0748 -0.1064 -0.9915
vn 0.1813 -0.1483 -0.9722
vn 0.4107 -0.1841 -0.8930
vn 0.3849 -0.5959 -0.7049
vn 0.2573 -0.8830 -0.3926
vn 0.1752 -0.9843 0.0198
vn 0.1807 -0.9507 0.2522
vn 0.0844 -0.7811 0.6186
vn -0.0407 -0.6781 0.7338
vn -0.8947 -0.2952 0.3354
vn -0.5703 -0.4329 0.6981
vn -0.5196 -0.0839 0.8503
vn -0.8241 -0.0233 0.5659
vn -0.5059 0.1422 0.8508
vn -0.8547 0.1966 0.4804
vn -0.3853 0.2090 0.8988
vn -0.8035 0.2056 0.5586
vn -0.6622 0.2465 0.7076
vn -0.2827 0.1986 0.9384
vn -0.0984 0.6562 0.7481
vn -0.4890 0.6149 0.6186
vn 0.0579 0.9093 0.4122
vn -0.3224 0.9064 0.2730
vn 0.2807 0.9593 0.0317
vn -0.1021 0.9885 -0.1119
vn 0.3746 0.9056 -0.1987
vn -0.0349 0.9478 -0.3170
vn 0.4944 0.7083 -0.5038
vn 0.0795 0.7606 -0.6443
vn 0.3579 0.6529 -0.6675
vn -0.3580 0.5822 -0.7299
vn 0.4619 0.5611 -0.6869
vn -0.2198 0.5456 -0.8087
vn 0.1720 -0.7218 0.6704
vn -0.2070 -0.7080 0.6752
vn -0.2891 -0.7312 0.6179
vn 0.2206 -0.6854 0.6939
vn -0.2348 -0.6871 0.6875
vn -0.0137 -0.7526 0.6584
vn -0.5751 -0.6713 0.4676
vn 0.0290 -0.9500 0.3108
vn -0.4272 -0.8915 0.1506
vn 0.1505 -0.9829 0.1064
vn -0.2834 -0.9579 -0.0466
vn 0.4114 -0.8930 -0.1824
vn -0.1196 -0.8823 -0.4553
vn 0.6518 -0.6220 -0.4339
vn 0.0859 -0.5941 -0.7998
vn 0.7988 -0.2584 -0.5433
vn 0.2642 -0.1637 -0.9505
vn 0.3447 -0.1996 -0.9172
vn 0.8383 -0.2409 -0.4891
vn 0.8705 -0.1256 -0.4759
vn 0.4524 -0.1593 -0.8775
vn 0.9148 0.0230 -0.4032
vn 0.4702 0.0443 -0.8814
vn 0.9060 0.0112 -0.4231
vn 0.5989 0.1676 -0.7831
vn 0.5634 0.1413 -0.8140
vn 0.3902 0.0554 -0.9191
vn 0.4949 -0.1693 -0.8523
vn 0.3771 -0.2000 -0.9043
vn 0.0488 -0.1513 -0.9873
vn -0.1270 -0.5276 -0.8399
vn -0.2348 -0.8300 -0.5060
vn -0.2763 -0.9596 -0.0522
vn -0.3833 -0.9077 0.1708
vn -0.4462 -0.6882 0.5722
vn 0.0462 -0.6650 0.7454
vt 0.103610 0.001680
vt 0.102840 0.006210
vt 0.098040 0.004210
vt 0.096310 0.000960
vt 0.111410 0.009490
vt 0.106750 0.011360
vt 0.112960 0.019220
vt 0.108500 0.016760
vt 0.096440 0.000000
vt 0.103720 0.000720
vt 0.097480 0.004950
vt 0.095480 0.001530
vt 0.102230 0.006990
vt 0.105980 0.011950
vt 0.104330 0.001030
vt 0.112090 0.008790
vt 0.112320 0.019960
vt 0.107760 0.017370
vt 0.112390 0.009410
vt 0.113890 0.018990
vt 0.129060 0.002560
vt 0.131070 0.007370
vt 0.126530 0.008130
vt 0.125820 0.000830
vt 0.134350 0.015940
vt 0.136210 0.011270
vt 0.141610 0.013020
vt 0.144080 0.017480
vt 0.125570 0.008240
vt 0.124850 0.000960
vt 0.126380 0.000000
vt 0.129810 0.002000
vt 0.131840 0.006760
vt 0.136800 0.010500
vt 0.133650 0.016620
vt 0.125880 0.008850
vt 0.142230 0.012280
vt 0.144810 0.016840
vt 0.143850 0.018410
vt 0.134260 0.016910
vt 0.349350 0.060320
vt 0.337060 0.070460
vt 0.319280 0.041850
vt 0.332340 0.033140
vt 0.300210 0.014830
vt 0.316700 0.004240
vt 0.582450 0.017320
vt 0.597830 0.029480
vt 0.576200 0.054500
vt 0.564050 0.044540
vt 0.555690 0.081220
vt 0.544460 0.069930
vt 0.531350 0.107850
vt 0.521730 0.094110
vt 0.501370 0.127910
vt 0.495540 0.113030
vt 0.471450 0.138710
vt 0.469180 0.123450
vt 0.443260 0.139190
vt 0.443940 0.125280
vt 0.415240 0.135950
vt 0.419000 0.120980
vt 0.386530 0.122260
vt 0.393790 0.108020
vt 0.358670 0.099350
vt 0.369590 0.086620
vt 0.387190 0.037760
vt 0.373240 0.045970
vt 0.362340 0.023910
vt 0.378830 0.019000
vt 0.356140 0.002140
vt 0.375100 0.000000
vt 0.524750 0.007370
vt 0.543420 0.011360
vt 0.535110 0.032420
vt 0.519180 0.025910
vt 0.522090 0.053300
vt 0.509020 0.043760
vt 0.505960 0.072540
vt 0.495630 0.059910
vt 0.486380 0.086350
vt 0.479860 0.072260
vt 0.465810 0.094300
vt 0.463000 0.079580
vt 0.445420 0.095340
vt 0.446110 0.081240
vt 0.425220 0.092310
vt 0.429460 0.077930
vt 0.405530 0.082370
vt 0.413410 0.068990
vt 0.387410 0.066700
vt 0.398930 0.055150
vt 0.401290 0.031140
vt 0.395320 0.015940
vt 0.393930 0.000390
vt 0.505980 0.005900
vt 0.503060 0.021250
vt 0.495640 0.035790
vt 0.485250 0.048810
vt 0.473180 0.059150
vt 0.460120 0.065540
vt 0.446800 0.067290
vt 0.433710 0.064240
vt 0.421340 0.056600
vt 0.410350 0.045120
vt 0.415430 0.026410
vt 0.411740 0.015280
vt 0.412180 0.004170
vt 0.487440 0.007880
vt 0.486790 0.018970
vt 0.482030 0.029690
vt 0.474820 0.039330
vt 0.466390 0.047120
vt 0.457120 0.052160
vt 0.447470 0.053630
vt 0.438010 0.051220
vt 0.429280 0.045300
vt 0.421650 0.036710
vt 0.430130 0.023820
vt 0.428520 0.017520
vt 0.429610 0.011740
vt 0.469360 0.013700
vt 0.469870 0.019550
vt 0.467650 0.025660
vt 0.463860 0.031340
vt 0.459170 0.035970
vt 0.453850 0.039090
vt 0.448140 0.039950
vt 0.442550 0.038530
vt 0.437560 0.034900
vt 0.433350 0.029840
vt 0.448900 0.024630
vt 0.319430 0.091710
vt 0.300360 0.066880
vt 0.282760 0.049040
vt 0.611840 0.065240
vt 0.592560 0.081270
vt 0.571150 0.104100
vt 0.544050 0.127000
vt 0.513790 0.149590
vt 0.478110 0.163940
vt 0.441780 0.169140
vt 0.406150 0.160390
vt 0.372040 0.142620
vt 0.344150 0.117160
vt 0.001810 0.034390
vt 0.007580 0.026440
vt 0.016120 0.025730
vt 0.015410 0.030180
vt 0.003340 0.028520
vt 0.005710 0.025340
vt 0.258190 0.016210
vt 0.257050 0.009130
vt 0.260730 0.000000
vt 0.262050 0.014260
vt 0.808030 0.000000
vt 0.808810 0.003630
vt 0.807810 0.009690
vt 0.804200 0.000530
vt 0.017800 0.026380
vt 0.018010 0.021600
vt 0.019250 0.022940
vt 0.253740 0.181820
vt 0.287320 0.179180
vt 0.287300 0.187700
vt 0.015860 0.031970
vt 0.002320 0.036170
vt 0.017930 0.026460
vt 0.017080 0.030090
vt 0.000000 0.034040
vt 0.001540 0.028080
vt 0.001940 0.027340
vt 0.004130 0.024340
vt 0.736880 0.117930
vt 0.732320 0.115620
vt 0.730960 0.113330
vt 0.737260 0.117290
vt 0.246150 0.003980
vt 0.246170 0.006780
vt 0.241770 0.006700
vt 0.241710 0.003780
vt 0.745250 0.090280
vt 0.740760 0.088030
vt 0.742440 0.086930
vt 0.745220 0.088840
vt 0.749090 0.085910
vt 0.747370 0.083700
vt 0.747360 0.082440
vt 0.750350 0.086280
vt 0.744320 0.082520
vt 0.741260 0.082280
vt 0.739720 0.080840
vt 0.743040 0.080460
vt 0.739350 0.084200
vt 0.741150 0.084510
vt 0.744920 0.122010
vt 0.747840 0.117650
vt 0.754110 0.117940
vt 0.749660 0.125710
vt 0.762770 0.122200
vt 0.760750 0.106140
vt 0.777040 0.111880
vt 0.772790 0.126360
vt 0.748160 0.088910
vt 0.749090 0.090130
vt 0.236820 0.005400
vt 0.235020 0.003580
vt 0.236970 0.003410
vt 0.242050 0.000000
vt 0.246330 0.000910
vt 0.237220 0.000220
vt 0.745270 0.092510
vt 0.737130 0.088990
vt 0.750990 0.091500
vt 0.753370 0.086720
vt 0.749570 0.080190
vt 0.742040 0.076140
vt 0.736140 0.077730
vt 0.736250 0.083740
vt 0.738340 0.095390
vt 0.747390 0.099690
vt 0.758080 0.089640
vt 0.755020 0.078020
vt 0.744530 0.069460
vt 0.731650 0.080740
vt 0.732710 0.079900
vt 0.733460 0.085460
vt 0.731830 0.086150
vt 0.733350 0.090920
vt 0.731530 0.091850
vt 0.248450 0.004200
vt 0.745240 0.107460
vt 0.735650 0.099460
vt 0.733810 0.113820
vt 0.732650 0.113400
vt 0.731410 0.096820
vt 0.733020 0.096510
vt 0.732350 0.098970
vt 0.731010 0.098930
vt 0.730520 0.086990
vt 0.730500 0.081520
vt 0.730410 0.092530
vt 0.730140 0.097650
vt 0.735660 0.118480
vt 0.738480 0.119860
vt 0.734870 0.121620
vt 0.733230 0.117920
vt 0.735440 0.125260
vt 0.740380 0.124140
vt 0.742850 0.129220
vt 0.736980 0.130190
vt 0.738510 0.115860
vt 0.742010 0.117540
vt 0.736960 0.115800
vt 0.733620 0.079260
vt 0.734550 0.084300
vt 0.734890 0.089720
vt 0.730530 0.103980
vt 0.730200 0.103660
vt 0.730770 0.101760
vt 0.731060 0.101800
vt 0.733720 0.099090
vt 0.734880 0.096060
vt 0.733770 0.074680
vt 0.735080 0.075070
vt 0.733930 0.076760
vt 0.732920 0.077350
vt 0.731830 0.077850
vt 0.732070 0.074820
vt 0.730450 0.078520
vt 0.730390 0.075540
vt 0.729920 0.102210
vt 0.730020 0.099480
vt 0.739520 0.105590
vt 0.736210 0.101760
vt 0.742690 0.113880
vt 0.740680 0.118720
vt 0.150560 0.000000
vt 0.159940 0.002970
vt 0.164690 0.008350
vt 0.160720 0.010090
vt 0.697710 0.001340
vt 0.703710 0.000000
vt 0.707380 0.000580
vt 0.707060 0.004420
vt 0.730420 0.104680
vt 0.730330 0.104940
vt 0.732080 0.102310
vt 0.747290 0.084440
vt 0.744750 0.083330
vt 0.748490 0.085940
vt 0.747640 0.088200
vt 0.745190 0.087910
vt 0.742950 0.086800
vt 0.741740 0.084560
vt 0.742560 0.083200
vt 0.791270 0.028760
vt 0.811890 0.039440
vt 0.807350 0.051120
vt 0.789070 0.041760
vt 0.767640 0.027520
vt 0.770020 0.041430
vt 0.741050 0.030540
vt 0.750780 0.043460
vt 0.735150 0.051840
vt 0.742190 0.056190
vt 0.827100 0.059520
vt 0.820130 0.068020
vt 0.800480 0.061210
vt 0.786860 0.053770
vt 0.772420 0.053250
vt 0.758860 0.054650
vt 0.750920 0.063400
vt 0.811140 0.074750
vt 0.793920 0.070130
vt 0.784600 0.064570
vt 0.774800 0.063130
vt 0.766160 0.064930
vt 0.760910 0.072030
vt 0.800810 0.079950
vt 0.791030 0.089620
vt 0.785540 0.085620
vt 0.779600 0.084450
vt 0.777260 0.085420
vt 0.773840 0.091080
vt 0.772950 0.096840
vt 0.793280 0.095360
vt 0.781880 0.094490
vt 0.776050 0.094380
vt 0.779010 0.090240
vt 0.782190 0.090130
vt 0.787470 0.095470
vt 0.785520 0.092050
vt 0.781950 0.099730
vt 0.775150 0.098750
vt 0.788360 0.098820
vt 0.732180 0.133470
vt 0.738550 0.134900
vt 0.740620 0.141770
vt 0.732500 0.139300
vt 0.763430 0.136420
vt 0.755380 0.130510
vt 0.775440 0.104600
vt 0.745980 0.134640
vt 0.751600 0.142080
vt 0.745230 0.154140
vt 0.733070 0.152400
vt 0.783120 0.130480
vt 0.775640 0.144060
vt 0.778690 0.109950
vt 0.777600 0.104740
vt 0.782630 0.105270
vt 0.784000 0.111580
vt 0.761780 0.151890
vt 0.782930 0.116590
vt 0.736990 0.065620
vt 0.780360 0.152130
vt 0.789850 0.138100
vt 0.788440 0.103530
vt 0.788610 0.108570
vt 0.766100 0.159710
vt 0.749950 0.164760
vt 0.790900 0.114710
vt 0.829510 0.068870
vt 0.821000 0.076630
vt 0.813390 0.082780
vt 0.803890 0.087400
vt 0.793710 0.104960
vt 0.833570 0.094380
vt 0.823960 0.100960
vt 0.814510 0.106620
vt 0.804870 0.110600
vt 0.821860 0.123190
vt 0.812890 0.127190
vt 0.803870 0.130240
vt 0.732820 0.065440
vt 0.781740 0.087360
vt 0.778090 0.087590
vt 0.774610 0.092470
vt 0.789380 0.093040
vt 0.786250 0.089250
vt 0.773670 0.097520
vt 0.790140 0.096950
vt 0.776190 0.104980
vt 0.784420 0.113390
vt 0.790000 0.109940
vt 0.790700 0.103460
vt 0.731930 0.129400
vt 0.833130 0.116940
vt 0.015580 0.291890
vt 0.029800 0.288510
vt 0.029800 0.296490
vt 0.015580 0.297920
vt 0.572170 0.921960
vt 0.583860 0.922660
vt 0.584100 0.928450
vt 0.574320 0.928540
vt 0.957220 0.393500
vt 0.965880 0.398740
vt 0.963660 0.404600
vt 0.951700 0.398190
vt 0.029800 0.304530
vt 0.015580 0.304200
vt 0.520790 0.942990
vt 0.517310 0.945700
vt 0.512620 0.939810
vt 0.518330 0.939520
vt 0.912770 0.346000
vt 0.918750 0.343520
vt 0.919090 0.348630
vt 0.914690 0.352540
vt 0.513260 0.931180
vt 0.517160 0.932750
vt 0.908770 0.353230
vt 0.912120 0.356950
vt 0.541240 0.909610
vt 0.535800 0.912080
vt 0.531270 0.911400
vt 0.532280 0.905370
vt 0.911800 0.388590
vt 0.917700 0.387450
vt 0.920210 0.394000
vt 0.910970 0.393980
vt 0.029800 0.323020
vt 0.015580 0.322710
vt 0.961470 0.422950
vt 0.952510 0.405180
vt 0.934530 0.402990
vt 0.935200 0.397670
vt 0.918800 0.400780
vt 0.951090 0.421750
vt 0.932280 0.414850
vt 0.916330 0.413760
vt 0.905490 0.404920
vt 0.909120 0.398970
vt 0.932180 0.426480
vt 0.916140 0.426530
vt 0.903750 0.420560
vt 0.905890 0.412920
vt 0.951160 0.437160
vt 0.962070 0.439350
vt 0.950120 0.442660
vt 0.029800 0.338180
vt 0.015580 0.338850
vt 0.933670 0.437940
vt 0.934740 0.444130
vt 0.918630 0.439390
vt 0.920190 0.445190
vt 0.905850 0.436000
vt 0.905990 0.428040
vt 0.911830 0.446830
vt 0.909460 0.441710
vt 0.029800 0.346280
vt 0.015580 0.344440
vt 0.963230 0.444460
vt 0.951060 0.448120
vt 0.592940 0.879910
vt 0.601860 0.889280
vt 0.598280 0.893060
vt 0.591150 0.884820
vt 0.029800 0.354140
vt 0.015580 0.349850
vt 0.935560 0.450190
vt 0.579910 0.872570
vt 0.577000 0.876900
vt 0.921180 0.451010
vt 0.569600 0.864590
vt 0.565750 0.868580
vt 0.913820 0.451870
vt 0.564800 0.860140
vt 0.560190 0.862510
vt 0.023620 0.368140
vt 0.008540 0.364470
vt 0.589620 0.906200
vt 0.585380 0.895200
vt 0.574120 0.881100
vt 0.562140 0.872170
vt 0.568100 0.890310
vt 0.554100 0.881990
vt 0.549680 0.867820
vt 0.555870 0.864620
vt 0.577480 0.910590
vt 0.562620 0.900130
vt 0.547690 0.893050
vt 0.539710 0.880070
vt 0.545280 0.874330
vt 0.015580 0.273200
vt 0.029800 0.272560
vt 0.558190 0.910100
vt 0.555880 0.914700
vt 0.543280 0.904390
vt 0.533080 0.894460
vt 0.537060 0.887780
vt 0.532840 0.900940
vt 0.556780 0.821650
vt 0.554100 0.821610
vt 0.552650 0.818810
vt 0.557390 0.817720
vt 0.559350 0.822370
vt 0.561590 0.820120
vt 0.886410 0.484900
vt 0.881990 0.484420
vt 0.883960 0.480270
vt 0.886590 0.481040
vt 0.878840 0.481240
vt 0.881730 0.478660
vt 0.511790 0.834000
vt 0.509940 0.836060
vt 0.506860 0.835120
vt 0.509370 0.830790
vt 0.514260 0.832770
vt 0.514200 0.829560
vt 0.850920 0.450090
vt 0.847950 0.446690
vt 0.852380 0.445060
vt 0.853890 0.447390
vt 0.848020 0.442160
vt 0.852040 0.442300
vt 0.484120 0.866020
vt 0.483740 0.868850
vt 0.480520 0.869580
vt 0.480310 0.864470
vt 0.485830 0.863730
vt 0.484030 0.860950
vt 0.841870 0.404970
vt 0.840930 0.400430
vt 0.845710 0.401380
vt 0.845980 0.404210
vt 0.843540 0.396590
vt 0.847040 0.398880
vt 0.481340 0.913870
vt 0.482850 0.916300
vt 0.480770 0.918900
vt 0.477380 0.915070
vt 0.481260 0.911000
vt 0.478090 0.910000
vt 0.866120 0.358060
vt 0.868410 0.353970
vt 0.871380 0.357860
vt 0.869740 0.360200
vt 0.872940 0.352820
vt 0.874060 0.356870
vt 0.551410 0.862750
vt 0.555190 0.861280
vt 0.559210 0.859910
vt 0.557900 0.845100
vt 0.554170 0.845280
vt 0.554220 0.842820
vt 0.558010 0.842800
vt 0.550390 0.845330
vt 0.550440 0.842770
vt 0.564000 0.858750
vt 0.912410 0.452830
vt 0.909380 0.448400
vt 0.898860 0.460230
vt 0.902840 0.463200
vt 0.901610 0.465000
vt 0.897520 0.462190
vt 0.563070 0.842890
vt 0.562790 0.844870
vt 0.906730 0.444380
vt 0.904030 0.441240
vt 0.892890 0.455880
vt 0.895830 0.457940
vt 0.894510 0.460050
vt 0.891450 0.458080
vt 0.900790 0.439170
vt 0.899230 0.439740
vt 0.547510 0.863180
vt 0.546780 0.862040
vt 0.545310 0.845100
vt 0.545320 0.842490
vt 0.887070 0.455520
vt 0.888610 0.453100
vt 0.539610 0.874750
vt 0.542550 0.871530
vt 0.545320 0.868060
vt 0.532070 0.854130
vt 0.529330 0.856460
vt 0.527830 0.854660
vt 0.530770 0.852320
vt 0.526600 0.858830
vt 0.525020 0.857150
vt 0.547400 0.863040
vt 0.900390 0.439310
vt 0.901970 0.433810
vt 0.901930 0.429080
vt 0.900440 0.424820
vt 0.879780 0.431620
vt 0.881060 0.435010
vt 0.878930 0.435710
vt 0.877610 0.432330
vt 0.881880 0.438620
vt 0.879770 0.439250
vt 0.897720 0.420940
vt 0.896530 0.421020
vt 0.535820 0.877250
vt 0.534990 0.876660
vt 0.522880 0.861930
vt 0.521300 0.860640
vt 0.875460 0.427700
vt 0.877770 0.426840
vt 0.531430 0.890200
vt 0.533440 0.886250
vt 0.535120 0.882140
vt 0.515270 0.875020
vt 0.513870 0.878210
vt 0.511810 0.877360
vt 0.513410 0.874000
vt 0.512590 0.881450
vt 0.510560 0.880870
vt 0.535210 0.876860
vt 0.896730 0.420960
vt 0.900360 0.416620
vt 0.901730 0.412220
vt 0.901580 0.407440
vt 0.879600 0.404400
vt 0.879220 0.407960
vt 0.877160 0.407560
vt 0.877540 0.404020
vt 0.878290 0.411380
vt 0.876220 0.410970
vt 0.900090 0.402140
vt 0.899620 0.402010
vt 0.527900 0.894140
vt 0.527590 0.894040
vt 0.510970 0.885900
vt 0.509100 0.885640
vt 0.877810 0.398970
vt 0.880000 0.399320
vt 0.529090 0.905990
vt 0.529050 0.901780
vt 0.529000 0.898060
vt 0.509910 0.901940
vt 0.510640 0.905600
vt 0.508860 0.906030
vt 0.508110 0.902300
vt 0.511400 0.909270
vt 0.509750 0.909770
vt 0.526880 0.893950
vt 0.898680 0.401720
vt 0.903440 0.399810
vt 0.906000 0.396480
vt 0.908100 0.392510
vt 0.894180 0.380020
vt 0.891550 0.382790
vt 0.890410 0.381480
vt 0.892970 0.378830
vt 0.888890 0.385210
vt 0.887700 0.383840
vt 0.910330 0.387810
vt 0.529410 0.911130
vt 0.512510 0.914090
vt 0.511140 0.914630
vt 0.896370 0.375140
vt 0.897600 0.376320
vt 0.534940 0.849290
vt 0.535820 0.850950
vt 0.882920 0.443800
vt 0.880720 0.444320
vt 0.515740 0.869610
vt 0.517240 0.870750
vt 0.876760 0.416170
vt 0.874580 0.415740
vt 0.507130 0.897260
vt 0.508780 0.897050
vt 0.884990 0.388510
vt 0.883640 0.386940
vt 0.554370 0.840760
vt 0.550610 0.840600
vt 0.551270 0.833250
vt 0.555030 0.833740
vt 0.558120 0.840820
vt 0.558860 0.833970
vt 0.563830 0.834280
vt 0.563060 0.841070
vt 0.896510 0.464100
vt 0.900680 0.466800
vt 0.896990 0.473300
vt 0.892830 0.470680
vt 0.889610 0.468760
vt 0.893340 0.461990
vt 0.890120 0.460020
vt 0.886310 0.467120
vt 0.881800 0.465150
vt 0.885740 0.457700
vt 0.545550 0.840200
vt 0.546380 0.832430
vt 0.526660 0.853220
vt 0.523890 0.855710
vt 0.516870 0.846910
vt 0.519830 0.844560
vt 0.529640 0.850960
vt 0.522820 0.842260
vt 0.526810 0.839410
vt 0.533890 0.848080
vt 0.878040 0.439950
vt 0.878940 0.445030
vt 0.867660 0.448650
vt 0.866720 0.443830
vt 0.865690 0.440230
vt 0.877130 0.436300
vt 0.875760 0.432800
vt 0.864260 0.436780
vt 0.861970 0.432460
vt 0.873460 0.428210
vt 0.520230 0.859280
vt 0.513130 0.850090
vt 0.509890 0.876570
vt 0.508690 0.880080
vt 0.496700 0.875200
vt 0.498020 0.871680
vt 0.511530 0.873230
vt 0.499550 0.868250
vt 0.501790 0.863880
vt 0.514080 0.868840
vt 0.874130 0.410750
vt 0.872340 0.415540
vt 0.858790 0.412720
vt 0.860470 0.408120
vt 0.861420 0.404500
vt 0.875110 0.407160
vt 0.875530 0.403450
vt 0.861910 0.400790
vt 0.862090 0.395880
vt 0.875660 0.398340
vt 0.507400 0.885000
vt 0.495240 0.879880
vt 0.507320 0.906420
vt 0.508290 0.910090
vt 0.496850 0.913180
vt 0.495810 0.909560
vt 0.506580 0.902740
vt 0.494840 0.905910
vt 0.493690 0.901150
vt 0.505690 0.897710
vt 0.886520 0.382700
vt 0.882340 0.385610
vt 0.874020 0.375230
vt 0.878130 0.372640
vt 0.881110 0.370410
vt 0.889370 0.380300
vt 0.892030 0.377600
vt 0.883900 0.367910
vt 0.887340 0.364440
vt 0.895420 0.373910
vt 0.509830 0.914860
vt 0.498360 0.917820
vt 0.555240 0.832100
vt 0.551370 0.831520
vt 0.552820 0.825300
vt 0.556130 0.825920
vt 0.559190 0.832350
vt 0.559490 0.826190
vt 0.564140 0.832660
vt 0.564160 0.826040
vt 0.891920 0.472150
vt 0.895940 0.474960
vt 0.891890 0.481160
vt 0.888960 0.477670
vt 0.888840 0.470300
vt 0.886140 0.475720
vt 0.885590 0.468780
vt 0.882920 0.474630
vt 0.880980 0.467150
vt 0.878390 0.474480
vt 0.546530 0.830610
vt 0.548390 0.823870
vt 0.519080 0.843590
vt 0.516030 0.845940
vt 0.511920 0.839830
vt 0.514680 0.837820
vt 0.522110 0.841210
vt 0.517340 0.835690
vt 0.526080 0.838370
vt 0.520780 0.832500
vt 0.865460 0.444220
vt 0.866250 0.449050
vt 0.858050 0.451140
vt 0.858370 0.446520
vt 0.864480 0.440660
vt 0.857690 0.443110
vt 0.863020 0.437280
vt 0.856050 0.440070
vt 0.860580 0.433050
vt 0.852840 0.436740
vt 0.512280 0.849080
vt 0.507940 0.842300
vt 0.496830 0.871190
vt 0.495440 0.874770
vt 0.487840 0.871280
vt 0.489150 0.868060
vt 0.498350 0.867670
vt 0.490460 0.864850
vt 0.500570 0.863320
vt 0.492020 0.860390
vt 0.859120 0.407810
vt 0.857300 0.412360
vt 0.848170 0.409810
vt 0.850780 0.405930
vt 0.860090 0.404240
vt 0.851950 0.402620
vt 0.860540 0.400560
vt 0.852130 0.399120
vt 0.860590 0.395660
vt 0.851200 0.394540
vt 0.493970 0.879430
vt 0.485840 0.875560
vt 0.494580 0.909910
vt 0.495640 0.913620
vt 0.487620 0.915600
vt 0.486660 0.912260
vt 0.493550 0.906200
vt 0.485650 0.908930
vt 0.492400 0.901440
vt 0.484020 0.904490
vt 0.877330 0.371530
vt 0.873120 0.373960
vt 0.867800 0.366010
vt 0.872280 0.364730
vt 0.880310 0.369390
vt 0.875300 0.362960
vt 0.883030 0.366920
vt 0.877750 0.360450
vt 0.886370 0.363350
vt 0.880130 0.356430
vt 0.497180 0.918250
vt 0.488690 0.920210
vt 0.564990 0.923610
vt 0.553190 0.918190
vt 0.934320 0.393340
vt 0.946480 0.393230
vt 0.928680 0.380420
vt 0.935870 0.376210
vt 0.950870 0.389320
vt 0.568080 0.927960
vt 0.551090 0.931220
vt 0.547660 0.927670
vt 0.939990 0.372330
vt 0.541890 0.914060
vt 0.537510 0.912100
vt 0.917330 0.384590
vt 0.922400 0.389260
vt 0.921250 0.379380
vt 0.542030 0.925400
vt 0.535170 0.930390
vt 0.538100 0.934650
vt 0.536960 0.935590
vt 0.534360 0.931060
vt 0.931140 0.365240
vt 0.925030 0.371700
vt 0.924650 0.370570
vt 0.930630 0.363810
vt 0.542020 0.937520
vt 0.540720 0.938620
vt 0.935440 0.360920
vt 0.934890 0.359360
vt 0.536340 0.920370
vt 0.530390 0.923500
vt 0.533610 0.915230
vt 0.915050 0.378200
vt 0.918730 0.372840
vt 0.534560 0.937300
vt 0.526740 0.941420
vt 0.525560 0.936140
vt 0.532070 0.932340
vt 0.923150 0.368040
vt 0.919120 0.360610
vt 0.923810 0.353550
vt 0.928970 0.361210
vt 0.933100 0.356630
vt 0.927130 0.348670
vt 0.538010 0.941000
vt 0.528610 0.946120
vt 0.522050 0.928880
vt 0.527930 0.924960
vt 0.525660 0.919280
vt 0.519440 0.923730
vt 0.917430 0.370110
vt 0.911910 0.370160
vt 0.909340 0.363060
vt 0.914440 0.363380
vt 0.528180 0.917810
vt 0.913060 0.372750
vt 0.062370 0.304830
vt 0.062370 0.323990
vt 0.030380 0.322970
vt 0.030380 0.304510
vt 0.066250 0.340870
vt 0.030380 0.338070
vt 0.066250 0.354380
vt 0.095750 0.343630
vt 0.095750 0.362550
vt 0.066250 0.368120
vt 0.095750 0.381740
vt 0.054570 0.384800
vt 0.088760 0.401510
vt 0.062370 0.278060
vt 0.062370 0.264920
vt 0.095750 0.251190
vt 0.095750 0.267900
vt 0.062370 0.291740
vt 0.095750 0.285000
vt 0.095750 0.303540
vt 0.095750 0.324820
vt 0.124890 0.344930
vt 0.124890 0.365180
vt 0.124890 0.385710
vt 0.124890 0.407820
vt 0.124890 0.249110
vt 0.124890 0.266080
vt 0.124890 0.284750
vt 0.124890 0.303110
vt 0.124890 0.325040
vt 0.142140 0.365850
vt 0.142140 0.345110
vt 0.157950 0.346380
vt 0.157950 0.366760
vt 0.142140 0.386720
vt 0.157950 0.386850
vt 0.142140 0.408990
vt 0.157950 0.408280
vt 0.142140 0.265930
vt 0.142140 0.249380
vt 0.157950 0.250590
vt 0.157950 0.266400
vt 0.142140 0.285190
vt 0.157950 0.285630
vt 0.142140 0.304210
vt 0.157950 0.304790
vt 0.142140 0.325740
vt 0.157950 0.326840
vt 0.175120 0.368060
vt 0.175120 0.349120
vt 0.192190 0.351740
vt 0.192190 0.370000
vt 0.175120 0.386560
vt 0.192190 0.388060
vt 0.175120 0.409560
vt 0.192190 0.413310
vt 0.175120 0.267660
vt 0.175120 0.250410
vt 0.192190 0.246740
vt 0.192190 0.265930
vt 0.175120 0.285510
vt 0.192190 0.284450
vt 0.175120 0.303510
vt 0.192190 0.302420
vt 0.175120 0.327610
vt 0.192190 0.328080
vt 0.219760 0.354150
vt 0.219760 0.373870
vt 0.219760 0.393400
vt 0.219760 0.419460
vt 0.219760 0.236420
vt 0.219760 0.261120
vt 0.219760 0.279710
vt 0.219760 0.297770
vt 0.219760 0.327810
vt 0.252590 0.353540
vt 0.252590 0.375600
vt 0.252590 0.396980
vt 0.252590 0.424200
vt 0.245780 0.228580
vt 0.245780 0.254390
vt 0.252590 0.278260
vt 0.252590 0.296800
vt 0.252590 0.324170
vt 0.299670 0.343380
vt 0.299670 0.367470
vt 0.280230 0.393920
vt 0.280230 0.429870
vt 0.278090 0.219640
vt 0.278090 0.246230
vt 0.278090 0.273400
vt 0.299670 0.292730
vt 0.299670 0.319600
vt 0.844600 0.327020
vt 0.845330 0.279230
vt 0.859780 0.280050
vt 0.856280 0.326500
vt 0.876040 0.328710
vt 0.884260 0.284280
vt 0.900570 0.333340
vt 0.911940 0.293070
vt 0.891070 0.674580
vt 0.914300 0.668760
vt 0.926220 0.706690
vt 0.898190 0.711010
vt 0.879040 0.676040
vt 0.883660 0.713700
vt 0.870300 0.714440
vt 0.868390 0.676540
vt 0.857750 0.676520
vt 0.856940 0.714300
vt 0.842770 0.713980
vt 0.846270 0.675420
vt 0.822620 0.671140
vt 0.814280 0.712780
vt 0.832820 0.327430
vt 0.808840 0.328320
vt 0.803580 0.283990
vt 0.831200 0.279760
vt 0.847680 0.238230
vt 0.863260 0.239410
vt 0.891230 0.243140
vt 0.926170 0.249940
vt 0.938130 0.747530
vt 0.904410 0.754970
vt 0.887460 0.757500
vt 0.872670 0.758700
vt 0.857860 0.759040
vt 0.841420 0.758330
vt 0.807010 0.754680
vt 0.796690 0.239090
vt 0.831240 0.238160
vt 0.849600 0.193160
vt 0.866830 0.194560
vt 0.898350 0.198510
vt 0.936570 0.202150
vt 0.945670 0.794110
vt 0.908540 0.801880
vt 0.890640 0.804810
vt 0.875020 0.806460
vt 0.859300 0.806580
vt 0.841930 0.805470
vt 0.804200 0.801640
vt 0.793190 0.190800
vt 0.831240 0.192470
vt 0.182480 0.492040
vt 0.197690 0.493390
vt 0.196450 0.508140
vt 0.181150 0.506470
vt 0.177560 0.534910
vt 0.193080 0.537670
vt 0.171010 0.570690
vt 0.186650 0.575130
vt 0.542920 0.380760
vt 0.579180 0.374820
vt 0.579800 0.390140
vt 0.542380 0.396160
vt 0.525470 0.383110
vt 0.525480 0.398630
vt 0.511090 0.400020
vt 0.510160 0.384420
vt 0.494760 0.385390
vt 0.496490 0.400630
vt 0.480050 0.400780
vt 0.477880 0.385620
vt 0.441300 0.383870
vt 0.442190 0.399280
vt 0.183430 0.476090
vt 0.184860 0.439970
vt 0.200220 0.438980
vt 0.198810 0.476780
vt 0.221850 0.494480
vt 0.242530 0.496120
vt 0.241780 0.512220
vt 0.220900 0.511200
vt 0.217200 0.542820
vt 0.239440 0.543950
vt 0.210950 0.580710
vt 0.233580 0.581990
vt 0.544720 0.419360
vt 0.582130 0.414030
vt 0.585230 0.435550
vt 0.547250 0.441960
vt 0.527860 0.421440
vt 0.529170 0.444240
vt 0.513390 0.445610
vt 0.512720 0.422770
vt 0.497250 0.423600
vt 0.497430 0.446070
vt 0.479960 0.446140
vt 0.480700 0.423950
vt 0.442690 0.423350
vt 0.441450 0.444920
vt 0.222380 0.476880
vt 0.223210 0.438270
vt 0.243270 0.440160
vt 0.242990 0.478530
vt 0.275150 0.496220
vt 0.275730 0.514510
vt 0.273660 0.549490
vt 0.267010 0.588420
vt 0.590320 0.468300
vt 0.550850 0.471460
vt 0.532760 0.477840
vt 0.515130 0.479010
vt 0.497790 0.479850
vt 0.479520 0.480010
vt 0.440160 0.478590
vt 0.273630 0.437210
vt 0.274720 0.477320
vt 0.316880 0.497460
vt 0.318380 0.516750
vt 0.318210 0.554710
vt 0.307710 0.595440
vt 0.598940 0.508140
vt 0.559680 0.517210
vt 0.538030 0.521360
vt 0.519230 0.522720
vt 0.500300 0.522880
vt 0.481050 0.519830
vt 0.439960 0.517270
vt 0.307590 0.437470
vt 0.312010 0.477720
vt 0.352680 0.493290
vt 0.374570 0.485190
vt 0.375000 0.509520
vt 0.351250 0.514310
vt 0.344010 0.548780
vt 0.376420 0.546830
vt 0.320920 0.599230
vt 0.346610 0.608220
vt 0.560890 0.535450
vt 0.601940 0.521740
vt 0.609310 0.546920
vt 0.562480 0.567390
vt 0.539400 0.540580
vt 0.537730 0.578620
vt 0.520280 0.584590
vt 0.521150 0.550260
vt 0.503190 0.560490
vt 0.501620 0.587000
vt 0.479630 0.589260
vt 0.484000 0.560170
vt 0.351020 0.471840
vt 0.344990 0.426460
vt 0.367550 0.415080
vt 0.374620 0.462690
vt 0.164850 0.490620
vt 0.163510 0.504850
vt 0.159980 0.532800
vt 0.153160 0.567830
vt 0.539750 0.364360
vt 0.575000 0.358160
vt 0.523480 0.366590
vt 0.509640 0.368010
vt 0.495620 0.368850
vt 0.479870 0.368900
vt 0.444200 0.366640
vt 0.165820 0.474630
vt 0.167220 0.438860
vt 0.570970 0.800280
vt 0.570810 0.783030
vt 0.593270 0.785470
vt 0.592450 0.805940
vt 0.634620 0.809800
vt 0.635250 0.786620
vt 0.071820 0.593650
vt 0.080810 0.612180
vt 0.056360 0.619970
vt 0.046410 0.601750
vt 0.000000 0.613520
vt 0.007920 0.630970
vt 0.547220 0.800910
vt 0.500520 0.802820
vt 0.495740 0.784390
vt 0.545500 0.781280
vt 0.571810 0.762010
vt 0.594600 0.765300
vt 0.635850 0.764660
vt 0.083640 0.633410
vt 0.060080 0.641980
vt 0.012060 0.654570
vt 0.496100 0.761100
vt 0.546380 0.759390
vt 0.573410 0.740440
vt 0.597790 0.738010
vt 0.636600 0.737120
vt 0.082990 0.655620
vt 0.059590 0.660840
vt 0.013760 0.680950
vt 0.498630 0.735580
vt 0.549070 0.741430
vt 0.576180 0.713050
vt 0.597680 0.710750
vt 0.637290 0.711640
vt 0.078500 0.686200
vt 0.054790 0.692500
vt 0.011780 0.712090
vt 0.506250 0.705530
vt 0.552720 0.712100
vt 0.573120 0.689360
vt 0.596370 0.691860
vt 0.637870 0.690270
vt 0.637830 0.691900
vt 0.075870 0.709550
vt 0.050280 0.717570
vt 0.011290 0.728160
vt 0.508180 0.689760
vt 0.548220 0.688950
vt 0.571360 0.662900
vt 0.593840 0.662360
vt 0.638530 0.666100
vt 0.076630 0.739780
vt 0.044830 0.744220
vt 0.010940 0.743080
vt 0.508710 0.674900
vt 0.544870 0.667790
vt 0.571330 0.650260
vt 0.594290 0.644060
vt 0.639060 0.646680
vt 0.078560 0.761260
vt 0.053180 0.761010
vt 0.587090 0.821460
vt 0.619960 0.818620
vt 0.627810 0.835410
vt 0.577900 0.834050
vt 0.310540 0.823120
vt 0.290010 0.855350
vt 0.287980 0.839890
vt 0.302990 0.813500
vt 0.329180 0.777230
vt 0.331100 0.747080
vt 0.347270 0.753300
vt 0.344840 0.776940
vt 0.385840 0.777610
vt 0.384700 0.755570
vt 0.656990 0.848250
vt 0.658070 0.881220
vt 0.639780 0.895880
vt 0.638070 0.858260
vt 0.339130 0.719830
vt 0.352710 0.728800
vt 0.383570 0.733880
vt 0.670000 0.896370
vt 0.659510 0.905080
vt 0.616410 0.927670
vt 0.643840 0.926100
vt 0.314500 0.741520
vt 0.300260 0.718990
vt 0.316900 0.697990
vt 0.327940 0.710840
vt 0.359700 0.706660
vt 0.366760 0.711310
vt 0.382630 0.715840
vt 0.689900 0.912140
vt 0.682940 0.919840
vt 0.672970 0.935890
vt 0.344310 0.686130
vt 0.353510 0.700640
vt 0.390840 0.484350
vt 0.418590 0.474790
vt 0.412610 0.492160
vt 0.395060 0.507320
vt 0.415000 0.546850
vt 0.426510 0.524470
vt 0.539280 0.612290
vt 0.539640 0.643730
vt 0.519100 0.642620
vt 0.518660 0.612650
vt 0.499630 0.611010
vt 0.498930 0.640540
vt 0.475430 0.636810
vt 0.476520 0.607660
vt 0.389220 0.460560
vt 0.383160 0.415300
vt 0.408100 0.407590
vt 0.416220 0.452990
vt 0.652190 0.829740
vt 0.321680 0.801760
vt 0.343020 0.795710
vt 0.386830 0.796510
vt 0.301580 0.749370
vt 0.289480 0.728670
vt 0.601770 0.930220
vt 0.611930 0.909500
vt 0.616660 0.872860
vt 0.599890 0.853110
vt 0.572860 0.847160
vt 0.275410 0.833620
vt 0.288870 0.813120
vt 0.301540 0.783730
vt 0.313420 0.780290
vt 0.432880 0.601960
vt 0.429640 0.627900
vt 0.439930 0.560770
vt 0.439250 0.586890
vt 0.101690 0.936260
vt 0.074140 0.921100
vt 0.079040 0.911020
vt 0.106730 0.926040
vt 0.199800 0.917220
vt 0.222040 0.904940
vt 0.238830 0.918040
vt 0.211090 0.932560
vt 0.188200 0.897560
vt 0.211400 0.880510
vt 0.111900 0.915850
vt 0.085040 0.902010
vt 0.094330 0.881430
vt 0.124090 0.897890
vt 0.174280 0.803200
vt 0.178960 0.795880
vt 0.192390 0.825500
vt 0.184680 0.829630
vt 0.158930 0.793500
vt 0.151080 0.791810
vt 0.150450 0.778390
vt 0.159940 0.781110
vt 0.139130 0.797840
vt 0.129480 0.805430
vt 0.124210 0.798680
vt 0.134060 0.787220
vt 0.047740 0.908690
vt 0.052960 0.898130
vt 0.252860 0.885680
vt 0.264080 0.903580
vt 0.236890 0.862410
vt 0.191850 0.781540
vt 0.209440 0.815120
vt 0.149430 0.761020
vt 0.164300 0.762790
vt 0.110680 0.784510
vt 0.123260 0.771930
vt 0.058260 0.888290
vt 0.070500 0.866940
vt 0.830580 0.343890
vt 0.808800 0.344030
vt 0.825540 0.656060
vt 0.847120 0.658510
vt 0.857480 0.662010
vt 0.867630 0.663160
vt 0.877740 0.663250
vt 0.889930 0.660990
vt 0.911270 0.653150
vt 0.897130 0.349090
vt 0.874780 0.343420
vt 0.854730 0.343040
vt 0.842420 0.342990
vt 0.172440 0.881310
vt 0.177130 0.855120
vt 0.189750 0.863800
vt 0.204400 0.855720
vt 0.163150 0.873790
vt 0.154090 0.871500
vt 0.153510 0.848060
vt 0.163390 0.849040
vt 0.144930 0.874120
vt 0.135960 0.879440
vt 0.130960 0.853300
vt 0.144140 0.848500
vt 0.116890 0.865220
vt 0.101820 0.858100
vt 0.224660 0.844390
vt 0.079460 0.851140
vt 0.171150 0.823000
vt 0.152390 0.818350
vt 0.160070 0.818970
vt 0.134940 0.820910
vt 0.144870 0.819010
vt 0.121620 0.829260
vt 0.111070 0.826260
vt 0.094870 0.816520
vt 0.164200 0.797530
vt 0.143190 0.794510
vt 0.920410 0.516600
vt 0.922420 0.480530
vt 0.952020 0.485240
vt 0.952340 0.517040
vt 0.921300 0.551020
vt 0.951470 0.550460
vt 0.918040 0.573320
vt 0.951000 0.572510
vt 0.931300 0.598380
vt 0.951140 0.591740
vt 0.950780 0.606480
vt 0.941290 0.460360
vt 0.952560 0.456440
vt 0.951980 0.474800
vt 0.932970 0.468360
vt 0.962100 0.603370
vt 0.970390 0.595910
vt 0.981370 0.573770
vt 0.981490 0.555080
vt 0.983660 0.515990
vt 0.979540 0.482260
vt 0.962740 0.461720
vt 0.970300 0.470400
vt 0.140800 0.781480
vt 0.135450 0.764340
vt 0.168280 0.785400
vt 0.177150 0.769080
vt 0.118820 0.580900
vt 0.122130 0.604670
vt 0.101580 0.606430
vt 0.094790 0.586630
vt 0.123370 0.623320
vt 0.103770 0.626700
vt 0.122980 0.655310
vt 0.103490 0.654360
vt 0.122210 0.690700
vt 0.099960 0.685560
vt 0.121690 0.707470
vt 0.098890 0.705120
vt 0.119900 0.736190
vt 0.097050 0.738140
vt 0.119640 0.752620
vt 0.097440 0.756280
vt 0.692010 0.831330
vt 0.693540 0.862460
vt 0.675560 0.869730
vt 0.673500 0.836580
vt 0.697090 0.883500
vt 0.682280 0.889820
vt 0.704740 0.902160
vt 0.696480 0.904580
vt 0.690190 0.815090
vt 0.669030 0.820650
vt 0.414810 0.547180
vt 0.564250 0.595280
vt 0.564030 0.601920
vt 0.733600 0.166930
vt 0.746850 0.173210
vt 0.733850 0.174450
vt 0.837260 0.130820
vt 0.827360 0.136260
vt 0.818810 0.138730
vt 0.805360 0.144970
vt 0.788050 0.155100
vt 0.775640 0.163320
vt 0.761420 0.169260
vt 0.745100 0.187870
vt 0.734360 0.189780
vt 0.755340 0.186340
vt 0.767240 0.182030
vt 0.781330 0.177790
vt 0.805900 0.168960
vt 0.825210 0.161630
vt 0.834060 0.158410
vt 0.842000 0.155300
vt 0.317710 0.361340
vt 0.317710 0.397490
vt 0.302470 0.428090
vt 0.299710 0.210150
vt 0.299710 0.234370
vt 0.317710 0.256760
vt 0.317710 0.280510
vt 0.317710 0.314160
vt 0.317710 0.336040
vt 0.149900 0.503950
vt 0.150960 0.489710
vt 0.146430 0.531490
vt 0.139540 0.565230
vt 0.537240 0.350960
vt 0.571210 0.345060
vt 0.509430 0.354300
vt 0.522160 0.352990
vt 0.481600 0.355320
vt 0.496390 0.355160
vt 0.447100 0.353200
vt 0.152200 0.473540
vt 0.153450 0.438390
vt 0.044130 0.745430
vt 0.011240 0.744370
vt 0.508690 0.673580
vt 0.543970 0.663740
vt 0.571240 0.648840
vt 0.594510 0.642740
vt 0.052400 0.761880
vt 0.078690 0.762560
vt 0.119870 0.753960
vt 0.097800 0.757560
vt 0.144080 0.753610
vt 0.144080 0.752260
vt 0.550040 0.658530
vt 0.551090 0.659360
vt 0.850490 0.186240
vt 0.867900 0.187620
vt 0.898760 0.191170
vt 0.934620 0.194460
vt 0.945060 0.802100
vt 0.910010 0.808990
vt 0.891640 0.812650
vt 0.875400 0.813980
vt 0.859050 0.813980
vt 0.841040 0.812580
vt 0.805650 0.809160
vt 0.796030 0.183510
vt 0.831760 0.185570
vt 0.013880 0.298230
vt 0.013880 0.291450
vt 0.012170 0.291720
vt 0.013880 0.322870
vt 0.013880 0.305080
vt 0.013780 0.304550
vt 0.013880 0.344190
vt 0.013880 0.338580
vt 0.017740 0.338750
vt 0.007340 0.363600
vt 0.013880 0.349510
vt 0.015810 0.349710
vt 0.360370 0.705820
vt 0.367290 0.710360
vt 0.690610 0.912930
vt 0.683760 0.920570
vt 0.674040 0.936230
vt 0.345340 0.685720
vt 0.354290 0.699870
vt 0.704950 0.903170
vt 0.696980 0.905530
vt 0.713090 0.900620
vt 0.713100 0.899530
vt 0.030380 0.296120
vt 0.030380 0.288450
vt 0.030380 0.346060
vt 0.030380 0.354460
vt 0.024280 0.367830
vt 0.013880 0.273390
vt 0.030380 0.272310
vt 0.013760 0.018910
vt 0.010920 0.017120
vt 0.253660 0.195740
vt 0.669640 0.000610
vt 0.669770 0.005580
vt 0.660990 0.005170
vt 0.665970 0.000000
vt 0.251390 0.167720
vt 0.288530 0.171300
vt 0.688350 0.001530
vt 0.688290 0.004930
vt 0.679350 0.003840
vt 0.679700 0.000000
vt 0.004280 0.024160
vt 0.009240 0.016790
vt 0.272570 0.094380
vt 0.303900 0.107280
vt 0.300440 0.123050
vt 0.632980 0.004970
vt 0.629310 0.005630
vt 0.624270 0.000520
vt 0.633040 0.000000
vt 0.268350 0.106970
vt 0.291560 0.201990
vt 0.730240 0.112160
vt 0.730110 0.111070
vt 0.730470 0.111970
vt 0.730620 0.114810
vt 0.731320 0.121520
vt 0.730900 0.117140
vt 0.258860 0.213550
vt 0.614750 0.000000
vt 0.615060 0.003380
vt 0.606540 0.005550
vt 0.605910 0.001740
vt 0.267440 0.120680
vt 0.298810 0.130540
vt 0.297430 0.138810
vt 0.729760 0.104590
vt 0.731660 0.125220
vt 0.729990 0.105870
vt 0.729990 0.106120
vt 0.264470 0.133440
vt 0.794970 0.015860
vt 0.819310 0.031020
vt 0.765410 0.010300
vt 0.728520 0.014750
vt 0.729750 0.053370
vt 0.835590 0.053140
vt 0.838780 0.060940
vt 0.844850 0.086780
vt 0.730160 0.066840
vt 0.845650 0.108650
vt 0.351010 0.607440
vt 0.612690 0.549580
vt 0.713270 0.881720
vt 0.713480 0.860700
vt 0.713760 0.830550
vt 0.713920 0.814350
vt 0.144000 0.735720
vt 0.143890 0.713670
vt 0.143810 0.695810
vt 0.143620 0.657300
vt 0.143460 0.622690
vt 0.143370 0.603910
vt 0.143250 0.577210
vt 0.560800 0.642250
vt 0.848700 0.123740
vt 0.856710 0.147980
vt 0.639100 0.645340
vt 0.382580 0.714790
vt 0.020930 0.018120
vt 0.017910 0.010100
vt 0.022620 0.001480
vt 0.024650 0.015580
vt 0.016120 0.008890
vt 0.017970 0.005380
vt 0.202650 0.000000
vt 0.201480 0.009770
vt 0.197070 0.015440
vt 0.194620 0.011860
vt 0.465160 0.000750
vt 0.459660 0.003490
vt 0.455960 0.003810
vt 0.455350 0.000000
vt 0.022240 0.019370
vt 0.019750 0.022140
vt 0.024440 0.001180
vt 0.026460 0.015220
vt 0.025280 0.017130
vt 0.022370 0.019450
vt 0.016800 0.003940
vt 0.021530 0.000000
vt 0.014530 0.007890
vt 0.016300 0.004630
vt 0.729310 0.112770
vt 0.729000 0.115150
vt 0.727330 0.115570
vt 0.728040 0.113660
vt 0.219670 0.006700
vt 0.215280 0.006800
vt 0.215280 0.003990
vt 0.219730 0.003770
vt 0.719030 0.087610
vt 0.720740 0.088630
vt 0.716640 0.091090
vt 0.716540 0.089660
vt 0.714100 0.083420
vt 0.714180 0.084690
vt 0.712630 0.086960
vt 0.711410 0.087410
vt 0.721510 0.081350
vt 0.720120 0.082870
vt 0.717090 0.083300
vt 0.718220 0.081160
vt 0.721970 0.084740
vt 0.720240 0.085140
vt 0.710410 0.118750
vt 0.717090 0.117510
vt 0.720080 0.121280
vt 0.715360 0.125870
vt 0.686710 0.114610
vt 0.702610 0.107760
vt 0.701830 0.123780
vt 0.691990 0.128700
vt 0.712900 0.091180
vt 0.713700 0.089920
vt 0.224620 0.005390
vt 0.224460 0.003400
vt 0.226410 0.003560
vt 0.215090 0.000920
vt 0.219370 0.000000
vt 0.224200 0.000200
vt 0.724150 0.089510
vt 0.716810 0.093300
vt 0.711140 0.092660
vt 0.708460 0.088030
vt 0.711770 0.081310
vt 0.718920 0.076810
vt 0.724810 0.078060
vt 0.724930 0.084130
vt 0.723240 0.096170
vt 0.715440 0.100530
vt 0.704000 0.091240
vt 0.706220 0.079480
vt 0.716060 0.070320
vt 0.727640 0.085700
vt 0.728250 0.080050
vt 0.729320 0.080820
vt 0.729220 0.086270
vt 0.729290 0.092010
vt 0.727610 0.091280
vt 0.212990 0.004220
vt 0.725790 0.100840
vt 0.718760 0.107850
vt 0.729290 0.111320
vt 0.729880 0.109280
vt 0.727950 0.099570
vt 0.727570 0.097070
vt 0.728930 0.097100
vt 0.729060 0.099230
vt 0.728090 0.121140
vt 0.725720 0.118330
vt 0.727570 0.117160
vt 0.728890 0.117470
vt 0.721890 0.128880
vt 0.723990 0.123240
vt 0.728040 0.124970
vt 0.727140 0.130000
vt 0.723760 0.115660
vt 0.727420 0.112870
vt 0.729030 0.111290
vt 0.726580 0.084600
vt 0.727330 0.079460
vt 0.726240 0.090140
vt 0.729010 0.102150
vt 0.729400 0.104570
vt 0.729340 0.104670
vt 0.728790 0.102440
vt 0.727080 0.099970
vt 0.726120 0.096860
vt 0.726910 0.076980
vt 0.725700 0.075340
vt 0.726980 0.074890
vt 0.727940 0.077510
vt 0.729050 0.077940
vt 0.728670 0.074920
vt 0.726230 0.103790
vt 0.725080 0.107270
vt 0.723450 0.112260
vt 0.724460 0.116880
vt 0.172590 0.007480
vt 0.177660 0.002400
vt 0.187200 0.000000
vt 0.176440 0.009460
vt 0.436990 0.000360
vt 0.440680 0.000000
vt 0.446590 0.001700
vt 0.437080 0.004220
vt 0.729500 0.105590
vt 0.729470 0.105540
vt 0.728250 0.103380
vt 0.714350 0.085410
vt 0.716750 0.084130
vt 0.713220 0.086960
vt 0.714140 0.089200
vt 0.716460 0.088750
vt 0.718490 0.087500
vt 0.719680 0.085230
vt 0.718930 0.083820
vt 0.652340 0.056100
vt 0.647030 0.044750
vt 0.666880 0.032740
vt 0.669930 0.045570
vt 0.690360 0.029970
vt 0.688900 0.044000
vt 0.717060 0.031300
vt 0.708200 0.044790
vt 0.724270 0.052170
vt 0.717550 0.056940
vt 0.640720 0.073790
vt 0.633210 0.065780
vt 0.659860 0.065700
vt 0.672940 0.057390
vt 0.687290 0.055940
vt 0.700890 0.056460
vt 0.709340 0.064670
vt 0.650140 0.079910
vt 0.667000 0.074170
vt 0.675910 0.068020
vt 0.685570 0.065940
vt 0.694290 0.067180
vt 0.699990 0.073900
vt 0.660790 0.084410
vt 0.671200 0.093390
vt 0.676390 0.089050
vt 0.682240 0.087480
vt 0.684620 0.088290
vt 0.688430 0.093700
vt 0.689720 0.099380
vt 0.669340 0.099270
vt 0.683210 0.093210
vt 0.686450 0.097140
vt 0.680650 0.097630
vt 0.680040 0.093320
vt 0.675140 0.098980
vt 0.676850 0.095450
vt 0.687660 0.101430
vt 0.680940 0.102860
vt 0.674490 0.102380
vt 0.724730 0.141920
vt 0.726130 0.134840
vt 0.709790 0.131380
vt 0.702030 0.138020
vt 0.687800 0.107260
vt 0.714100 0.142840
vt 0.719180 0.134800
vt 0.721140 0.154710
vt 0.690260 0.146590
vt 0.681900 0.133560
vt 0.680650 0.108420
vt 0.685650 0.107550
vt 0.684920 0.112800
vt 0.679720 0.114800
vt 0.704590 0.153480
vt 0.681140 0.119710
vt 0.723280 0.066020
vt 0.686070 0.154990
vt 0.675670 0.141640
vt 0.674730 0.107080
vt 0.674920 0.112110
vt 0.700770 0.161630
vt 0.717160 0.165690
vt 0.673050 0.118380
vt 0.631430 0.075270
vt 0.640430 0.082440
vt 0.648430 0.088060
vt 0.658220 0.092040
vt 0.669570 0.108860
vt 0.629090 0.100970
vt 0.639120 0.106900
vt 0.648920 0.111910
vt 0.658810 0.115230
vt 0.642710 0.128930
vt 0.651930 0.132310
vt 0.661140 0.134740
vt 0.727410 0.065600
vt 0.680300 0.090530
vt 0.683960 0.090520
vt 0.687760 0.095140
vt 0.673070 0.096700
vt 0.675930 0.092700
vt 0.689040 0.100100
vt 0.672580 0.100640
vt 0.687070 0.107690
vt 0.679430 0.116630
vt 0.673610 0.113570
vt 0.672470 0.107160
vt 0.631050 0.123440
vt 0.299260 0.131000
vt 0.301240 0.123250
vt 0.315740 0.129180
vt 0.314770 0.135120
vt 0.008200 0.497580
vt 0.009950 0.492120
vt 0.021560 0.494080
vt 0.017550 0.499840
vt 0.857710 0.060130
vt 0.855620 0.054220
vt 0.864380 0.049170
vt 0.869800 0.053970
vt 0.298120 0.138950
vt 0.312040 0.141010
vt 0.057490 0.536520
vt 0.049990 0.537410
vt 0.049520 0.533060
vt 0.053720 0.532290
vt 0.903400 0.005100
vt 0.903830 0.000000
vt 0.909760 0.002590
vt 0.907720 0.009090
vt 0.063210 0.529780
vt 0.059340 0.528120
vt 0.913630 0.009900
vt 0.910200 0.013550
vt 0.063200 0.495490
vt 0.058710 0.495990
vt 0.053750 0.492190
vt 0.063450 0.489370
vt 0.901380 0.050450
vt 0.904020 0.043960
vt 0.909900 0.045240
vt 0.910610 0.050640
vt 0.292120 0.156660
vt 0.306860 0.158890
vt 0.859510 0.078510
vt 0.868840 0.060940
vt 0.886860 0.059140
vt 0.886310 0.053800
vt 0.902640 0.057270
vt 0.869910 0.077540
vt 0.888860 0.071040
vt 0.904830 0.070280
vt 0.915860 0.061690
vt 0.912350 0.055660
vt 0.888720 0.082670
vt 0.904750 0.083050
vt 0.917260 0.077360
vt 0.915280 0.069680
vt 0.869510 0.092940
vt 0.858560 0.094900
vt 0.870430 0.098460
vt 0.289180 0.171520
vt 0.302210 0.174450
vt 0.886980 0.094080
vt 0.885790 0.100250
vt 0.901990 0.095840
vt 0.900310 0.101610
vt 0.914850 0.092710
vt 0.914870 0.084770
vt 0.911120 0.098350
vt 0.908640 0.103410
vt 0.287670 0.179470
vt 0.302240 0.180120
vt 0.857290 0.099980
vt 0.869380 0.103900
vt 0.002750 0.461110
vt 0.000000 0.456680
vt 0.010880 0.449400
vt 0.011530 0.454570
vt 0.287970 0.187490
vt 0.302240 0.185600
vt 0.884840 0.106290
vt 0.025490 0.445550
vt 0.027280 0.450470
vt 0.899200 0.107400
vt 0.037340 0.440880
vt 0.040150 0.445690
vt 0.906540 0.108400
vt 0.042620 0.438430
vt 0.046740 0.441360
vt 0.292170 0.202400
vt 0.307630 0.201360
vt 0.008260 0.475490
vt 0.014880 0.465880
vt 0.029120 0.455190
vt 0.042920 0.449910
vt 0.032910 0.465410
vt 0.048640 0.461100
vt 0.055970 0.448320
vt 0.050570 0.444040
vt 0.019040 0.482250
vt 0.035950 0.476040
vt 0.052260 0.473450
vt 0.063170 0.462460
vt 0.058950 0.455590
vt 0.304460 0.107630
vt 0.319080 0.110800
vt 0.037680 0.486530
vt 0.038570 0.491440
vt 0.053390 0.486080
vt 0.066020 0.478410
vt 0.063910 0.470770
vt 0.064360 0.484890
vt 0.058010 0.398900
vt 0.056160 0.401480
vt 0.053490 0.401150
vt 0.053470 0.397160
vt 0.050820 0.401520
vt 0.048940 0.398960
vt 0.935740 0.137460
vt 0.937620 0.141650
vt 0.933190 0.142030
vt 0.933100 0.138160
vt 0.938010 0.135890
vt 0.940840 0.138550
vt 0.103150 0.422820
vt 0.099930 0.423100
vt 0.098520 0.420720
vt 0.101580 0.418080
vt 0.096320 0.419010
vt 0.097060 0.415870
vt 0.968090 0.102890
vt 0.972490 0.104630
vt 0.969430 0.107960
vt 0.966530 0.105180
vt 0.968500 0.100140
vt 0.972520 0.100110
vt 0.123510 0.471010
vt 0.120850 0.469010
vt 0.121650 0.466260
vt 0.125780 0.466420
vt 0.121000 0.463460
vt 0.123790 0.461660
vt 0.975720 0.059620
vt 0.980520 0.058790
vt 0.979470 0.063320
vt 0.975380 0.062440
vt 0.974450 0.057080
vt 0.978010 0.054890
vt 0.102060 0.523840
vt 0.101800 0.520500
vt 0.104410 0.519310
vt 0.107020 0.522550
vt 0.106070 0.516950
vt 0.109270 0.517900
vt 0.950880 0.015300
vt 0.953920 0.011470
vt 0.956130 0.015600
vt 0.952470 0.017680
vt 0.948220 0.014260
vt 0.949410 0.010230
vt 0.055210 0.442970
vt 0.051700 0.440900
vt 0.047920 0.439010
vt 0.053910 0.422560
vt 0.053840 0.425030
vt 0.050130 0.424560
vt 0.050100 0.422250
vt 0.057710 0.422820
vt 0.057640 0.425390
vt 0.043310 0.437470
vt 0.907940 0.109390
vt 0.911050 0.105020
vt 0.918460 0.121780
vt 0.917260 0.119960
vt 0.921310 0.117070
vt 0.922610 0.119060
vt 0.045030 0.422070
vt 0.045240 0.424090
vt 0.913800 0.101070
vt 0.916560 0.097980
vt 0.925660 0.116990
vt 0.924390 0.114860
vt 0.927380 0.112860
vt 0.928770 0.115090
vt 0.919850 0.095950
vt 0.921400 0.096550
vt 0.059950 0.443010
vt 0.058910 0.444210
vt 0.062880 0.422860
vt 0.062780 0.425490
vt 0.933210 0.112640
vt 0.931730 0.110180
vt 0.064450 0.457150
vt 0.062210 0.453380
vt 0.060170 0.449430
vt 0.079260 0.438640
vt 0.077560 0.440250
vt 0.075090 0.437400
vt 0.076620 0.435800
vt 0.081780 0.441600
vt 0.080050 0.443130
vt 0.058960 0.444170
vt 0.920240 0.096090
vt 0.918770 0.090600
vt 0.918900 0.085900
vt 0.920470 0.081700
vt 0.941780 0.092910
vt 0.939660 0.092180
vt 0.941030 0.088780
vt 0.943170 0.089540
vt 0.940860 0.096460
vt 0.938770 0.095790
vt 0.923290 0.077930
vt 0.924440 0.078040
vt 0.068640 0.459880
vt 0.067720 0.460280
vt 0.085190 0.445590
vt 0.083550 0.446900
vt 0.945420 0.084920
vt 0.943130 0.083970
vt 0.068820 0.474650
vt 0.067840 0.470100
vt 0.067200 0.465490
vt 0.091560 0.466800
vt 0.089320 0.467020
vt 0.088920 0.463470
vt 0.091070 0.463070
vt 0.091720 0.470550
vt 0.089620 0.470550
vt 0.068210 0.460070
vt 0.924240 0.077970
vt 0.920710 0.073520
vt 0.919450 0.069080
vt 0.919710 0.064310
vt 0.944130 0.065010
vt 0.942050 0.065360
vt 0.941760 0.061780
vt 0.943830 0.061460
vt 0.944980 0.068450
vt 0.942890 0.068810
vt 0.921320 0.059030
vt 0.921800 0.058930
vt 0.071650 0.479570
vt 0.071320 0.479600
vt 0.091830 0.475540
vt 0.090100 0.475310
vt 0.943690 0.056400
vt 0.941490 0.056690
vt 0.066440 0.490560
vt 0.067820 0.486560
vt 0.069100 0.482980
vt 0.084950 0.498210
vt 0.083530 0.497030
vt 0.085760 0.494030
vt 0.087260 0.495180
vt 0.082520 0.501150
vt 0.081300 0.500000
vt 0.072640 0.479630
vt 0.922740 0.058640
vt 0.918020 0.056630
vt 0.915530 0.053250
vt 0.913510 0.049240
vt 0.931410 0.038560
vt 0.930240 0.039850
vt 0.927670 0.037030
vt 0.928900 0.035860
vt 0.934080 0.040980
vt 0.932860 0.042320
vt 0.911380 0.044500
vt 0.064600 0.495290
vt 0.079100 0.504880
vt 0.078300 0.503870
vt 0.925570 0.032110
vt 0.924320 0.033260
vt 0.072860 0.432080
vt 0.071650 0.433500
vt 0.939800 0.101530
vt 0.937600 0.101000
vt 0.090270 0.458100
vt 0.088390 0.458660
vt 0.946490 0.073260
vt 0.944300 0.073640
vt 0.090380 0.491070
vt 0.088860 0.490010
vt 0.938070 0.044150
vt 0.936700 0.045690
vt 0.057540 0.413300
vt 0.057670 0.420640
vt 0.053880 0.420490
vt 0.053720 0.413420
vt 0.050100 0.420270
vt 0.049860 0.413280
vt 0.045100 0.420200
vt 0.044880 0.413120
vt 0.922880 0.130180
vt 0.919350 0.123600
vt 0.923580 0.120990
vt 0.927100 0.127660
vt 0.926800 0.118950
vt 0.930370 0.125820
vt 0.930060 0.117070
vt 0.933700 0.124250
vt 0.934490 0.114850
vt 0.938260 0.122390
vt 0.062520 0.412930
vt 0.062750 0.420580
vt 0.091160 0.432450
vt 0.083060 0.440260
vt 0.080600 0.437340
vt 0.088610 0.429640
vt 0.077940 0.434610
vt 0.086020 0.426880
vt 0.074110 0.431100
vt 0.082500 0.423430
vt 0.952740 0.106110
vt 0.941560 0.102250
vt 0.942570 0.097190
vt 0.953790 0.101320
vt 0.943560 0.093540
vt 0.954900 0.097730
vt 0.945010 0.090060
vt 0.956420 0.094320
vt 0.947420 0.085510
vt 0.958820 0.090060
vt 0.094400 0.436150
vt 0.086340 0.444280
vt 0.106540 0.469800
vt 0.093720 0.470350
vt 0.093660 0.466620
vt 0.106570 0.466040
vt 0.093160 0.462930
vt 0.106370 0.462270
vt 0.092170 0.457930
vt 0.105820 0.457380
vt 0.962360 0.070630
vt 0.948740 0.073110
vt 0.947070 0.068280
vt 0.960790 0.065980
vt 0.946180 0.064660
vt 0.959940 0.062340
vt 0.945850 0.060950
vt 0.959540 0.058620
vt 0.945860 0.055830
vt 0.959480 0.053710
vt 0.106260 0.474700
vt 0.093510 0.475430
vt 0.091840 0.510320
vt 0.083620 0.502090
vt 0.086150 0.499260
vt 0.094600 0.507750
vt 0.088460 0.496300
vt 0.097320 0.505100
vt 0.091570 0.492240
vt 0.100770 0.501580
vt 0.947920 0.032620
vt 0.939400 0.042840
vt 0.935280 0.039850
vt 0.943850 0.029950
vt 0.932480 0.037390
vt 0.940920 0.027670
vt 0.929870 0.034650
vt 0.938170 0.025110
vt 0.926540 0.030890
vt 0.934800 0.021580
vt 0.088150 0.513510
vt 0.080040 0.505600
vt 0.056910 0.405280
vt 0.057610 0.411580
vt 0.053670 0.411760
vt 0.053530 0.405490
vt 0.049700 0.411600
vt 0.050150 0.405340
vt 0.044730 0.411400
vt 0.045520 0.404600
vt 0.927790 0.138150
vt 0.923890 0.131860
vt 0.927970 0.129150
vt 0.930810 0.134730
vt 0.931100 0.127380
vt 0.933670 0.132850
vt 0.934380 0.125920
vt 0.936910 0.131840
vt 0.939030 0.124400
vt 0.941450 0.131790
vt 0.061500 0.404410
vt 0.062560 0.411170
vt 0.097240 0.426390
vt 0.092140 0.431630
vt 0.089510 0.428800
vt 0.094900 0.423890
vt 0.086900 0.425940
vt 0.092670 0.421290
vt 0.083430 0.422480
vt 0.089880 0.417490
vt 0.962280 0.108830
vt 0.954140 0.106550
vt 0.955040 0.101730
vt 0.962070 0.104200
vt 0.956100 0.098200
vt 0.962830 0.100820
vt 0.957640 0.094860
vt 0.964550 0.097820
vt 0.960190 0.090680
vt 0.967840 0.094570
vt 0.100710 0.429570
vt 0.095360 0.435330
vt 0.116150 0.469580
vt 0.107860 0.469860
vt 0.107870 0.466020
vt 0.116200 0.466100
vt 0.107730 0.462180
vt 0.116240 0.462610
vt 0.107240 0.457300
vt 0.116550 0.457870
vt 0.973050 0.067990
vt 0.963860 0.070310
vt 0.962150 0.065710
vt 0.970540 0.064040
vt 0.961270 0.062110
vt 0.969450 0.060710
vt 0.960910 0.058430
vt 0.969360 0.057200
vt 0.960990 0.053520
vt 0.970400 0.052640
vt 0.116310 0.474320
vt 0.107530 0.474750
vt 0.098230 0.517290
vt 0.092630 0.511320
vt 0.095470 0.508700
vt 0.100870 0.515000
vt 0.098280 0.506050
vt 0.103530 0.512740
vt 0.101760 0.502570
vt 0.107340 0.509900
vt 0.954310 0.023520
vt 0.948840 0.031360
vt 0.944670 0.028860
vt 0.949860 0.022150
vt 0.941730 0.026660
vt 0.946870 0.020330
vt 0.939060 0.024140
vt 0.944470 0.017770
vt 0.935790 0.020510
vt 0.942160 0.013710
vt 0.094800 0.520580
vt 0.088870 0.514460
vt 0.039670 0.495560
vt 0.028560 0.497130
vt 0.875120 0.049120
vt 0.887280 0.049490
vt 0.893180 0.036700
vt 0.886090 0.032340
vt 0.870820 0.045120
vt 0.022990 0.500460
vt 0.033970 0.507100
vt 0.024210 0.499750
vt 0.039070 0.505620
vt 0.882040 0.028380
vt 0.051570 0.496350
vt 0.057300 0.496410
vt 0.904450 0.041100
vt 0.899280 0.045670
vt 0.900630 0.035810
vt 0.045270 0.506420
vt 0.043240 0.517090
vt 0.043040 0.515700
vt 0.047900 0.514210
vt 0.048080 0.515240
vt 0.897410 0.026920
vt 0.897020 0.028050
vt 0.891030 0.021460
vt 0.891570 0.020050
vt 0.038430 0.517160
vt 0.038170 0.515790
vt 0.886810 0.017070
vt 0.887400 0.015520
vt 0.052930 0.505210
vt 0.055800 0.511720
vt 0.058310 0.502410
vt 0.906860 0.034750
vt 0.903280 0.029320
vt 0.051040 0.524840
vt 0.046460 0.527870
vt 0.043820 0.519820
vt 0.048950 0.517670
vt 0.898580 0.009920
vt 0.903140 0.017070
vt 0.898960 0.024430
vt 0.893280 0.017480
vt 0.889240 0.012820
vt 0.895360 0.004980
vt 0.041800 0.529900
vt 0.038770 0.520300
vt 0.058520 0.521730
vt 0.056750 0.514570
vt 0.062160 0.511630
vt 0.063930 0.519680
vt 0.912870 0.019720
vt 0.910160 0.026770
vt 0.904640 0.026600
vt 0.907760 0.019930
vt 0.061130 0.508560
vt 0.908960 0.029330
vt 0.291730 0.156540
vt 0.262450 0.152510
vt 0.225050 0.165960
vt 0.220890 0.184420
vt 0.218600 0.203490
vt 0.222370 0.224180
vt 0.240810 0.074970
vt 0.237940 0.091420
vt 0.236040 0.108430
vt 0.233360 0.126760
vt 0.229060 0.147580
vt 0.193790 0.161880
vt 0.190000 0.181750
vt 0.187700 0.202170
vt 0.188990 0.224810
vt 0.209460 0.067450
vt 0.206560 0.084150
vt 0.207290 0.103200
vt 0.201450 0.120810
vt 0.197760 0.142400
vt 0.162160 0.157880
vt 0.178420 0.159410
vt 0.174910 0.179830
vt 0.159100 0.178020
vt 0.173160 0.200680
vt 0.157340 0.198080
vt 0.171660 0.223000
vt 0.155930 0.219560
vt 0.177100 0.063360
vt 0.192570 0.064800
vt 0.190810 0.081270
vt 0.175140 0.079040
vt 0.187880 0.100300
vt 0.171460 0.097900
vt 0.185970 0.119250
vt 0.168420 0.116800
vt 0.182160 0.140420
vt 0.165260 0.138610
vt 0.125600 0.157000
vt 0.144710 0.157650
vt 0.141690 0.176320
vt 0.122690 0.175010
vt 0.141170 0.195000
vt 0.123100 0.193390
vt 0.140370 0.218170
vt 0.123860 0.219120
vt 0.147710 0.054380
vt 0.162290 0.060620
vt 0.155740 0.076970
vt 0.140550 0.072590
vt 0.155750 0.095070
vt 0.135800 0.090540
vt 0.151040 0.112500
vt 0.132080 0.108120
vt 0.147420 0.136310
vt 0.128550 0.133530
vt 0.097740 0.154630
vt 0.095490 0.174240
vt 0.096320 0.194180
vt 0.097760 0.220840
vt 0.125410 0.040050
vt 0.116880 0.063620
vt 0.109420 0.081180
vt 0.103650 0.098500
vt 0.100630 0.128430
vt 0.064340 0.148240
vt 0.065290 0.170760
vt 0.068360 0.192980
vt 0.067970 0.220500
vt 0.099480 0.027630
vt 0.090540 0.052250
vt 0.075000 0.073760
vt 0.068160 0.091380
vt 0.063500 0.118320
vt 0.019150 0.130130
vt 0.016580 0.154110
vt 0.032440 0.183660
vt 0.031780 0.220000
vt 0.068310 0.013180
vt 0.066560 0.039830
vt 0.053620 0.065140
vt 0.038720 0.082160
vt 0.030720 0.108020
vt 0.386770 0.916840
vt 0.401220 0.917690
vt 0.396430 0.965240
vt 0.384880 0.963380
vt 0.365000 0.963290
vt 0.361970 0.918210
vt 0.340100 0.965060
vt 0.333450 0.923750
vt 0.859170 0.875630
vt 0.868980 0.837080
vt 0.892480 0.841610
vt 0.887390 0.878400
vt 0.915430 0.880270
vt 0.902040 0.880260
vt 0.904550 0.843500
vt 0.915240 0.842350
vt 0.942890 0.878280
vt 0.928760 0.879380
vt 0.925850 0.841720
vt 0.937250 0.839970
vt 0.960620 0.834380
vt 0.971270 0.875490
vt 0.442140 0.927240
vt 0.431800 0.970660
vt 0.408080 0.967010
vt 0.415190 0.919850
vt 0.388000 0.876060
vt 0.403620 0.876680
vt 0.359780 0.876540
vt 0.324300 0.879270
vt 0.849540 0.917070
vt 0.883620 0.922640
vt 0.915520 0.924590
vt 0.900680 0.924210
vt 0.946700 0.922490
vt 0.930330 0.924110
vt 0.980850 0.916930
vt 0.454170 0.883430
vt 0.419950 0.878510
vt 0.389630 0.831100
vt 0.406900 0.831690
vt 0.357860 0.831380
vt 0.319480 0.830590
vt 0.844600 0.964000
vt 0.882100 0.969700
vt 0.915820 0.972420
vt 0.900140 0.971630
vt 0.948810 0.969580
vt 0.931530 0.971660
vt 0.986260 0.963660
vt 0.463210 0.835860
vt 0.425220 0.833130
vt 0.555230 0.261820
vt 0.554640 0.247030
vt 0.569900 0.246480
vt 0.570580 0.260940
vt 0.572870 0.289490
vt 0.557270 0.291420
vt 0.577570 0.325510
vt 0.561850 0.329120
vt 0.631000 0.243300
vt 0.631920 0.228000
vt 0.668060 0.234670
vt 0.668290 0.250080
vt 0.699500 0.254570
vt 0.685140 0.252890
vt 0.685460 0.237370
vt 0.700740 0.238990
vt 0.730510 0.255960
vt 0.714080 0.255470
vt 0.716120 0.240270
vt 0.733000 0.240840
vt 0.769600 0.239840
vt 0.768400 0.255220
vt 0.554790 0.192610
vt 0.570170 0.194410
vt 0.569710 0.230520
vt 0.554290 0.230400
vt 0.509790 0.263730
vt 0.509660 0.247620
vt 0.530430 0.246910
vt 0.530680 0.263640
vt 0.533050 0.295360
vt 0.510910 0.295490
vt 0.537560 0.333480
vt 0.515200 0.333660
vt 0.624650 0.288590
vt 0.628190 0.267150
vt 0.665480 0.273230
vt 0.662500 0.295780
vt 0.696280 0.300110
vt 0.680520 0.298420
vt 0.682300 0.275640
vt 0.697400 0.277280
vt 0.729690 0.301310
vt 0.712220 0.300890
vt 0.712860 0.278430
vt 0.729400 0.279110
vt 0.767410 0.279280
vt 0.768220 0.300870
vt 0.511280 0.191670
vt 0.531660 0.190760
vt 0.530660 0.229310
vt 0.509910 0.230030
vt 0.475800 0.264660
vt 0.476990 0.246400
vt 0.476750 0.299680
vt 0.482080 0.338780
vt 0.618900 0.321240
vt 0.658300 0.325200
vt 0.693860 0.333460
vt 0.676260 0.331940
vt 0.729450 0.335180
vt 0.711180 0.334660
vt 0.768830 0.334560
vt 0.480620 0.187540
vt 0.478070 0.227520
vt 0.433130 0.265580
vt 0.435110 0.246330
vt 0.432480 0.303610
vt 0.441840 0.344590
vt 0.609480 0.360890
vt 0.648540 0.370750
vt 0.688880 0.377080
vt 0.670110 0.375340
vt 0.727110 0.374970
vt 0.707800 0.377620
vt 0.768250 0.373230
vt 0.446110 0.186570
vt 0.440530 0.226740
vt 0.376350 0.257020
vt 0.377150 0.232830
vt 0.399180 0.241350
vt 0.400240 0.262390
vt 0.407090 0.297140
vt 0.375150 0.294860
vt 0.428760 0.348020
vt 0.403160 0.356390
vt 0.598330 0.399450
vt 0.606210 0.374430
vt 0.646980 0.388960
vt 0.644730 0.420870
vt 0.686580 0.438920
vt 0.669250 0.432600
vt 0.668350 0.394540
vt 0.686400 0.404580
vt 0.727120 0.444410
vt 0.705190 0.441700
vt 0.704150 0.415170
vt 0.723340 0.415230
vt 0.386040 0.162960
vt 0.408440 0.174800
vt 0.401370 0.219970
vt 0.377790 0.210370
vt 0.587580 0.246000
vt 0.588270 0.260250
vt 0.590500 0.288330
vt 0.595450 0.323660
vt 0.636440 0.211420
vt 0.671560 0.218340
vt 0.687780 0.220900
vt 0.701590 0.222600
vt 0.715600 0.223720
vt 0.731340 0.224090
vt 0.767050 0.222560
vt 0.587910 0.194280
vt 0.587370 0.230010
vt 0.677230 0.787760
vt 0.699790 0.786540
vt 0.698690 0.803760
vt 0.676940 0.808240
vt 0.230530 0.619140
vt 0.206010 0.611590
vt 0.214820 0.592970
vt 0.240300 0.600830
vt 0.286830 0.612160
vt 0.279070 0.629680
vt 0.774670 0.791980
vt 0.768900 0.810130
vt 0.722370 0.805680
vt 0.725160 0.786170
vt 0.677000 0.767540
vt 0.699930 0.765500
vt 0.227020 0.641190
vt 0.203380 0.632840
vt 0.275160 0.653320
vt 0.775580 0.768710
vt 0.725470 0.764260
vt 0.675300 0.740120
vt 0.699510 0.743870
vt 0.227690 0.660040
vt 0.204240 0.655040
vt 0.273700 0.679720
vt 0.774440 0.743080
vt 0.723760 0.746190
vt 0.676900 0.712910
vt 0.698230 0.716370
vt 0.232790 0.691650
vt 0.209020 0.685580
vt 0.275980 0.710840
vt 0.768470 0.712670
vt 0.721710 0.716700
vt 0.679230 0.694110
vt 0.702580 0.692880
vt 0.237540 0.716680
vt 0.211870 0.708910
vt 0.276620 0.726900
vt 0.767400 0.696820
vt 0.727460 0.693830
vt 0.683350 0.664800
vt 0.705780 0.666560
vt 0.243240 0.743280
vt 0.211390 0.739140
vt 0.277110 0.741820
vt 0.767680 0.681950
vt 0.731960 0.672890
vt 0.683900 0.646500
vt 0.706490 0.653940
vt 0.235040 0.760150
vt 0.209670 0.760640
vt 0.799610 0.837060
vt 0.807790 0.820430
vt 0.840590 0.823900
vt 0.849540 0.836670
vt 0.489640 0.829410
vt 0.489220 0.845000
vt 0.465460 0.815070
vt 0.471970 0.804720
vt 0.421690 0.749430
vt 0.437130 0.741570
vt 0.442160 0.771360
vt 0.426560 0.772690
vt 0.786480 0.897290
vt 0.768480 0.882280
vt 0.770190 0.849340
vt 0.788910 0.859710
vt 0.413740 0.725630
vt 0.426320 0.715300
vt 0.766580 0.906110
vt 0.756260 0.897200
vt 0.809230 0.929530
vt 0.781840 0.927420
vt 0.446160 0.691270
vt 0.464900 0.710440
vt 0.453060 0.734320
vt 0.436520 0.705200
vt 0.397950 0.709690
vt 0.404490 0.704340
vt 0.742870 0.920420
vt 0.736050 0.912580
vt 0.752520 0.936660
vt 0.417680 0.682320
vt 0.410030 0.697700
vt 0.336880 0.238910
vt 0.332990 0.221050
vt 0.360540 0.231730
vt 0.356040 0.254470
vt 0.337440 0.295300
vt 0.326820 0.272850
vt 0.686580 0.496960
vt 0.666030 0.497660
vt 0.667020 0.466230
vt 0.687640 0.467000
vt 0.730360 0.492030
vt 0.706790 0.495290
vt 0.706690 0.465750
vt 0.729860 0.462870
vt 0.345700 0.154460
vt 0.370420 0.162830
vt 0.363160 0.207920
vt 0.336370 0.199500
vt 0.775350 0.830930
vt 0.452170 0.794980
vt 0.430320 0.791180
vt 0.476620 0.718950
vt 0.466730 0.740790
vt 0.814060 0.911440
vt 0.823820 0.932350
vt 0.810040 0.874720
vt 0.827180 0.855300
vt 0.854330 0.849870
vt 0.485970 0.802870
vt 0.501480 0.821870
vt 0.458160 0.772770
vt 0.470330 0.774960
vt 0.773610 0.458050
vt 0.776320 0.484060
vt 0.767400 0.416730
vt 0.767550 0.442860
vt 0.890590 0.627750
vt 0.896350 0.637370
vt 0.870220 0.654880
vt 0.864310 0.645130
vt 0.731390 0.648280
vt 0.747070 0.633860
vt 0.770220 0.644320
vt 0.760200 0.660520
vt 0.755720 0.608650
vt 0.780190 0.623790
vt 0.872770 0.599610
vt 0.883820 0.619300
vt 0.858270 0.635430
vt 0.844560 0.618590
vt 0.770200 0.552300
vt 0.781070 0.521670
vt 0.786360 0.528560
vt 0.778230 0.555770
vt 0.807980 0.501800
vt 0.808500 0.515230
vt 0.800820 0.517580
vt 0.798750 0.505330
vt 0.835840 0.519780
vt 0.831170 0.526950
vt 0.820910 0.520220
vt 0.825050 0.509210
vt 0.921570 0.622700
vt 0.915450 0.612630
vt 0.714810 0.617150
vt 0.705060 0.635890
vt 0.728850 0.592680
vt 0.752340 0.543370
vt 0.767010 0.508460
vt 0.807510 0.484410
vt 0.792840 0.487440
vt 0.848110 0.504500
vt 0.834510 0.493040
vt 0.909310 0.603300
vt 0.895250 0.583100
vt 0.408410 0.983620
vt 0.430020 0.986270
vt 0.956860 0.819490
vt 0.935440 0.823140
vt 0.925290 0.827220
vt 0.915200 0.828940
vt 0.905130 0.830660
vt 0.892930 0.827990
vt 0.871170 0.821320
vt 0.341700 0.981100
vt 0.364560 0.978050
vt 0.384520 0.979980
vt 0.396760 0.981350
vt 0.787880 0.580570
vt 0.794570 0.606340
vt 0.775980 0.590240
vt 0.760710 0.583390
vt 0.810860 0.571520
vt 0.812440 0.594890
vt 0.803790 0.598790
vt 0.801070 0.573370
vt 0.833820 0.574760
vt 0.831140 0.601240
vt 0.821760 0.596710
vt 0.820250 0.571140
vt 0.848880 0.585420
vt 0.863280 0.577020
vt 0.739600 0.573750
vt 0.884940 0.568140
vt 0.791150 0.548030
vt 0.809440 0.541800
vt 0.801850 0.543080
vt 0.827050 0.542850
vt 0.816990 0.541810
vt 0.841040 0.550020
vt 0.851300 0.546110
vt 0.866600 0.535010
vt 0.795910 0.522060
vt 0.816580 0.517250
vt 0.969910 0.233520
vt 0.999700 0.230220
vt 1.000000 0.266340
vt 0.968090 0.265280
vt 0.997480 0.300690
vt 0.967370 0.298700
vt 0.999680 0.323120
vt 0.966800 0.320740
vt 0.985250 0.347510
vt 0.965750 0.339950
vt 0.965410 0.354690
vt 0.970440 0.223100
vt 0.970730 0.204720
vt 0.981810 0.209180
vt 0.989740 0.217560
vt 0.954250 0.351040
vt 0.946320 0.343190
vt 0.936400 0.320560
vt 0.937160 0.301880
vt 0.936860 0.262740
vt 0.942570 0.229250
vt 0.960320 0.209520
vt 0.952350 0.217840
vt 0.817850 0.504070
vt 0.821720 0.486530
vt 0.790820 0.510310
vt 0.780580 0.494810
vt 0.185180 0.606040
vt 0.164620 0.604470
vt 0.167700 0.580670
vt 0.191790 0.586170
vt 0.183190 0.626320
vt 0.163560 0.623130
vt 0.183730 0.653980
vt 0.164250 0.655110
vt 0.187560 0.685150
vt 0.165350 0.690490
vt 0.188810 0.704700
vt 0.166040 0.707260
vt 0.190960 0.737690
vt 0.168100 0.735960
vt 0.190750 0.755840
vt 0.168510 0.752390
vt 0.751210 0.870460
vt 0.733380 0.862840
vt 0.735500 0.831750
vt 0.753910 0.837350
vt 0.744100 0.890420
vt 0.729420 0.883810
vt 0.729620 0.904900
vt 0.721410 0.902320
vt 0.737630 0.815540
vt 0.758680 0.821510
vt 0.337580 0.295640
vt 0.642400 0.448710
vt 0.642490 0.455360
vt 0.720810 0.173970
vt 0.627850 0.137560
vt 0.638090 0.142320
vt 0.646790 0.144220
vt 0.660630 0.149540
vt 0.678580 0.158480
vt 0.691490 0.165870
vt 0.706050 0.170910
vt 0.723510 0.188530
vt 0.713210 0.187620
vt 0.701080 0.184050
vt 0.686760 0.180720
vt 0.661680 0.173520
vt 0.641920 0.167500
vt 0.632880 0.164870
vt 0.624740 0.162290
vt 0.000000 0.145030
vt 0.001470 0.181940
vt 0.007460 0.213990
vt 0.047750 0.000000
vt 0.042640 0.023680
vt 0.025120 0.043350
vt 0.015320 0.065730
vt 0.011830 0.099240
vt 0.010390 0.121170
vt 0.601490 0.245830
vt 0.601900 0.260060
vt 0.604090 0.287760
vt 0.609160 0.321850
vt 0.640500 0.198410
vt 0.674350 0.204990
vt 0.689380 0.207330
vt 0.702080 0.208890
vt 0.715100 0.210020
vt 0.729890 0.210470
vt 0.764420 0.209060
vt 0.601690 0.194620
vt 0.601030 0.229680
vt 0.276820 0.743110
vt 0.243950 0.744480
vt 0.733080 0.668890
vt 0.767780 0.680630
vt 0.683760 0.645170
vt 0.706660 0.652520
vt 0.235840 0.761010
vt 0.209550 0.761940
vt 0.190390 0.757120
vt 0.168290 0.753730
vt 0.727310 0.663350
vt 0.726200 0.664130
vt 0.389360 0.824080
vt 0.406820 0.824720
vt 0.358300 0.824050
vt 0.322300 0.823180
vt 0.881020 0.976880
vt 0.845650 0.971940
vt 0.915870 0.979930
vt 0.899570 0.979510
vt 0.950090 0.976640
vt 0.932190 0.979030
vt 0.985240 0.971250
vt 0.425500 0.826220
vt 0.461230 0.828290
vt 0.316020 0.135660
vt 0.316440 0.129130
vt 0.317510 0.129040
vt 0.308250 0.159290
vt 0.312670 0.141480
vt 0.313620 0.142190
vt 0.303690 0.180120
vt 0.302960 0.174480
vt 0.304080 0.174490
vt 0.308960 0.200700
vt 0.302980 0.185590
vt 0.304100 0.185590
vt 0.397330 0.708800
vt 0.403740 0.703560
vt 0.742040 0.921130
vt 0.735330 0.913360
vt 0.751450 0.936970
vt 0.409170 0.697020
vt 0.416600 0.682020
vt 0.729110 0.905840
vt 0.721180 0.903320
vt 0.320500 0.111250
vt 0.572150 0.006730
vt 0.569190 0.002740
vt 0.571700 0.000000
vt 0.578810 0.001000
vt 0.596200 0.000000
vt 0.596800 0.003340
vt 0.588510 0.006250
vt 0.587550 0.002510
vt 0.009900 0.015740
vt 0.014440 0.008100
vt 0.642720 0.004970
vt 0.642630 0.000000
vt 0.651400 0.000480
vt 0.646380 0.005610
vt 0.729980 0.110140
vt 0.729880 0.109290
vt 0.716380 0.003380
vt 0.716080 0.000000
vt 0.716070 0.000000
vt 0.725080 0.000120
vt 0.725150 0.003970
vt 0.729800 0.106480
vt 0.729600 0.105990
vt 0.639070 0.036830
vt 0.662340 0.020120
vt 0.691450 0.012650
vt 0.624310 0.059970
vt 0.621650 0.067970
vt 0.617330 0.094130
vt 0.618000 0.116000
vt 0.398820 0.355520
vt 0.594890 0.402040
vt 0.644900 0.495750
vt 0.615960 0.131260
vt 0.609580 0.155970
vt 0.256070 0.950410
vt 0.274800 0.949220
vt 0.273320 0.959080
vt 0.253830 0.960740
vt 0.226410 0.951850
vt 0.223980 0.961550
vt 0.209300 0.952960
vt 0.205740 0.962490
vt 0.169750 0.954620
vt 0.186310 0.954150
vt 0.186920 0.963600
vt 0.170280 0.963970
vt 0.141550 0.955930
vt 0.142300 0.966500
vt 0.116040 0.956210
vt 0.117260 0.966680
vt 0.088110 0.957000
vt 0.088860 0.967660
vt 0.070040 0.957670
vt 0.070930 0.968210
vt 0.038850 0.958360
vt 0.039340 0.969140
vt 0.020260 0.958580
vt 0.019750 0.968270
vt 0.018800 0.956380
vt 0.018360 0.970200
vt 0.038830 0.955550
vt 0.018630 0.945630
vt 0.038880 0.944940
vt 0.068240 0.954930
vt 0.068900 0.944450
vt 0.085670 0.954930
vt 0.085850 0.944150
vt 0.114130 0.953960
vt 0.114770 0.943500
vt 0.140660 0.953380
vt 0.140640 0.942680
vt 0.170140 0.951980
vt 0.169500 0.942430
vt 0.186620 0.950650
vt 0.185910 0.940830
vt 0.225540 0.949270
vt 0.209000 0.950200
vt 0.204760 0.941160
vt 0.222010 0.939880
vt 0.255740 0.947600
vt 0.252350 0.937630
vt 0.276160 0.947210
vt 0.272980 0.936820
vt 0.275130 0.961100
vt 0.253830 0.963580
vt 0.223380 0.964240
vt 0.206320 0.965110
vt 0.187730 0.967050
vt 0.170710 0.966700
vt 0.141640 0.969070
vt 0.115490 0.969130
vt 0.086560 0.969810
vt 0.069190 0.971050
vt 0.039370 0.972010
vt 0.809480 0.953330
vt 0.810980 0.963180
vt 0.792240 0.962030
vt 0.789980 0.951700
vt 0.762580 0.960640
vt 0.760130 0.950950
vt 0.745470 0.959560
vt 0.741890 0.950040
vt 0.723070 0.948970
vt 0.722470 0.958410
vt 0.705920 0.957980
vt 0.706430 0.948630
vt 0.677710 0.956710
vt 0.678440 0.946150
vt 0.652200 0.956480
vt 0.653400 0.946010
vt 0.624270 0.955740
vt 0.625000 0.945090
vt 0.606200 0.955110
vt 0.607070 0.944570
vt 0.575010 0.954480
vt 0.575480 0.943690
vt 0.556410 0.954280
vt 0.555890 0.944590
vt 0.554960 0.956490
vt 0.554500 0.942670
vt 0.554810 0.967240
vt 0.574990 0.957280
vt 0.575060 0.967900
vt 0.604410 0.957850
vt 0.605080 0.968330
vt 0.621830 0.957820
vt 0.622040 0.968600
vt 0.650300 0.958740
vt 0.650960 0.969190
vt 0.676820 0.959270
vt 0.676820 0.969970
vt 0.706310 0.960620
vt 0.705690 0.970170
vt 0.722790 0.961920
vt 0.722100 0.971730
vt 0.740950 0.971370
vt 0.745180 0.962320
vt 0.761710 0.963220
vt 0.758200 0.972620
vt 0.791920 0.964840
vt 0.788540 0.974820
vt 0.812330 0.965190
vt 0.809180 0.975590
vt 0.811290 0.951310
vt 0.789970 0.948860
vt 0.759520 0.948260
vt 0.742460 0.947420
vt 0.723870 0.945520
vt 0.706850 0.945890
vt 0.677780 0.943570
vt 0.651630 0.943560
vt 0.622700 0.942940
vt 0.605320 0.941730
vt 0.575500 0.940820
s 1
f 1/1/1 2/2/2 3/3/3
f 3/3/3 4/4/4 1/1/1
f 2/2/2 1/1/1 5/5/5
f 5/5/5 6/6/6 2/2/2
f 7/7/7 8/8/8 6/6/6
f 6/6/6 5/5/5 7/7/7
f 9/9/9 10/10/10 1/1/1
f 1/1/1 4/4/4 9/9/9
f 11/11/11 12/12/9 4/4/4
f 4/4/4 3/3/3 11/11/11
f 13/13/12 11/11/11 3/3/3
f 3/3/3 2/2/2 13/13/12
f 14/14/13 13/13/12 2/2/2
f 2/2/2 6/6/6 14/14/13
f 15/15/14 16/16/15 5/5/5
f 5/5/5 1/1/1 15/15/14
f 17/17/16 18/18/17 8/8/8
f 8/8/8 7/7/7 17/17/16
f 19/19/18 20/20/19 7/7/7
f 7/7/7 5/5/5 19/19/18
f 18/18/17 14/14/13 6/6/6
f 6/6/6 8/8/8 18/18/17
f 21/21/20 22/22/21 23/23/22
f 23/23/22 24/24/23 21/21/20
f 25/25/24 23/23/22 22/22/21
f 22/22/21 26/26/25 25/25/24
f 26/26/25 27/27/26 28/28/27
f 28/28/27 25/25/24 26/26/25
f 23/23/22 29/29/28 30/30/29
f 30/30/29 24/24/23 23/23/22
f 24/24/23 31/31/30 32/32/31
f 32/32/31 21/21/20 24/24/23
f 21/21/20 32/32/31 33/33/32
f 33/33/32 22/22/21 21/21/20
f 22/22/21 33/33/32 34/34/33
f 34/34/33 26/26/25 22/22/21
f 25/25/24 35/35/34 36/36/35
f 36/36/35 23/23/22 25/25/24
f 27/27/26 37/37/36 38/38/37
f 38/38/37 28/28/27 27/27/26
f 28/28/27 39/39/38 40/40/39
f 40/40/39 25/25/24 28/28/27
f 26/26/25 34/34/33 37/37/36
f 37/37/36 27/27/26 26/26/25
f 41/41/40 42/42/41 43/43/42
f 43/43/42 44/44/43 41/41/40
f 44/44/43 43/43/42 45/45/44
f 45/45/44 46/46/45 44/44/43
f 47/47/46 48/48/44 49/49/47
f 49/49/47 50/50/48 47/47/46
f 50/50/48 49/49/47 51/51/49
f 51/51/49 52/52/50 50/50/48
f 52/52/50 51/51/49 53/53/51
f 53/53/51 54/54/52 52/52/50
f 54/54/52 53/53/51 55/55/53
f 55/55/53 56/56/54 54/54/52
f 56/56/54 55/55/53 57/57/55
f 57/57/55 58/58/56 56/56/54
f 58/58/56 57/57/55 59/59/57
f 59/59/57 60/60/58 58/58/56
f 60/60/58 59/59/57 61/61/59
f 61/61/59 62/62/60 60/60/58
f 62/62/60 61/61/59 63/63/61
f 63/63/61 64/64/62 62/62/60
f 64/64/62 63/63/61 65/65/63
f 65/65/63 66/66/64 64/64/62
f 66/66/64 65/65/63 42/42/41
f 42/42/41 41/41/40 66/66/64
f 67/67/65 68/68/66 69/69/67
f 69/69/67 70/70/68 67/67/65
f 70/70/68 69/69/67 71/71/69
f 71/71/69 72/72/70 70/70/68
f 73/73/71 74/74/69 75/75/72
f 75/75/72 76/76/73 73/73/71
f 76/76/73 75/75/72 77/77/74
f 77/77/74 78/78/75 76/76/73
f 78/78/75 77/77/74 79/79/76
f 79/79/76 80/80/77 78/78/75
f 80/80/77 79/79/76 81/81/78
f 81/81/78 82/82/79 80/80/77
f 82/82/79 81/81/78 83/83/80
f 83/83/80 84/84/81 82/82/79
f 84/84/81 83/83/80 85/85/82
f 85/85/82 86/86/83 84/84/81
f 86/86/83 85/85/82 87/87/84
f 87/87/84 88/88/85 86/86/83
f 88/88/85 87/87/84 89/89/86
f 89/89/86 90/90/87 88/88/85
f 90/90/87 89/89/86 91/91/88
f 91/91/88 92/92/89 90/90/87
f 92/92/89 91/91/88 68/68/66
f 68/68/66 67/67/65 92/92/89
f 93/93/90 67/67/65 70/70/68
f 70/70/68 94/94/91 93/93/90
f 94/94/91 70/70/68 72/72/70
f 72/72/70 95/95/92 94/94/91
f 96/96/93 73/73/71 76/76/73
f 76/76/73 97/97/94 96/96/93
f 97/97/94 76/76/73 78/78/75
f 78/78/75 98/98/95 97/97/94
f 98/98/95 78/78/75 80/80/77
f 80/80/77 99/99/96 98/98/95
f 99/99/96 80/80/77 82/82/79
f 82/82/79 100/100/97 99/99/96
f 100/100/97 82/82/79 84/84/81
f 84/84/81 101/101/98 100/100/97
f 101/101/98 84/84/81 86/86/83
f 86/86/83 102/102/99 101/101/98
f 102/102/99 86/86/83 88/88/85
f 88/88/85 103/103/100 102/102/99
f 103/103/100 88/88/85 90/90/87
f 90/90/87 104/104/101 103/103/100
f 104/104/101 90/90/87 92/92/89
f 92/92/89 105/105/102 104/104/101
f 105/105/102 92/92/89 67/67/65
f 67/67/65 93/93/90 105/105/102
f 106/106/103 93/93/90 94/94/91
f 94/94/91 107/107/104 106/106/103
f 107/107/104 94/94/91 95/95/92
f 95/95/92 108/108/105 107/107/104
f 109/109/106 96/96/93 97/97/94
f 97/97/94 110/110/107 109/109/106
f 110/110/107 97/97/94 98/98/95
f 98/98/95 111/111/108 110/110/107
f 111/111/108 98/98/95 99/99/96
f 99/99/96 112/112/109 111/111/108
f 112/112/109 99/99/96 100/100/97
f 100/100/97 113/113/110 112/112/109
f 113/113/110 100/100/97 101/101/98
f 101/101/98 114/114/111 113/113/110
f 114/114/111 101/101/98 102/102/99
f 102/102/99 115/115/112 114/114/111
f 115/115/112 102/102/99 103/103/100
f 103/103/100 116/116/113 115/115/112
f 116/116/113 103/103/100 104/104/101
f 104/104/101 117/117/114 116/116/113
f 117/117/114 104/104/101 105/105/102
f 105/105/102 118/118/115 117/117/114
f 118/118/115 105/105/102 93/93/90
f 93/93/90 106/106/103 118/118/115
f 119/119/116 106/106/103 107/107/104
f 107/107/104 120/120/117 119/119/116
f 120/120/117 107/107/104 108/108/105
f 108/108/105 121/121/118 120/120/117
f 122/122/119 109/109/106 110/110/107
f 110/110/107 123/123/120 122/122/119
f 123/123/120 110/110/107 111/111/108
f 111/111/108 124/124/121 123/123/120
f 124/124/121 111/111/108 112/112/109
f 112/112/109 125/125/122 124/124/121
f 125/125/122 112/112/109 113/113/110
f 113/113/110 126/126/123 125/125/122
f 126/126/123 113/113/110 114/114/111
f 114/114/111 127/127/124 126/126/123
f 127/127/124 114/114/111 115/115/112
f 115/115/112 128/128/125 127/127/124
f 128/128/125 115/115/112 116/116/113
f 116/116/113 129/129/126 128/128/125
f 129/129/126 116/116/113 117/117/114
f 117/117/114 130/130/127 129/129/126
f 130/130/127 117/117/114 118/118/115
f 118/118/115 131/131/128 130/130/127
f 131/131/128 118/118/115 106/106/103
f 106/106/103 119/119/116 131/131/128
f 119/119/116 120/120/117 132/132/129
f 120/120/117 121/121/118 132/132/129
f 122/122/119 123/123/120 132/132/129
f 123/123/120 124/124/121 132/132/129
f 124/124/121 125/125/122 132/132/129
f 125/125/122 126/126/123 132/132/129
f 126/126/123 127/127/124 132/132/129
f 127/127/124 128/128/125 132/132/129
f 128/128/125 129/129/126 132/132/129
f 129/129/126 130/130/127 132/132/129
f 130/130/127 131/131/128 132/132/129
f 131/131/128 119/119/116 132/132/129
f 42/42/41 133/133/130 134/134/131
f 134/134/131 43/43/42 42/42/41
f 44/44/43 69/69/67 68/68/66
f 68/68/66 41/41/40 44/44/43
f 43/43/42 134/134/131 135/135/132
f 135/135/132 45/45/44 43/43/42
f 46/46/45 71/71/69 69/69/67
f 69/69/67 44/44/43 46/46/45
f 48/48/44 136/136/132 137/137/133
f 137/137/133 49/49/47 48/48/44
f 50/50/48 75/75/72 74/74/69
f 74/74/69 47/47/46 50/50/48
f 49/49/47 137/137/133 138/138/134
f 138/138/134 51/51/49 49/49/47
f 52/52/50 77/77/74 75/75/72
f 75/75/72 50/50/48 52/52/50
f 51/51/49 138/138/134 139/139/135
f 139/139/135 53/53/51 51/51/49
f 54/54/52 79/79/76 77/77/74
f 77/77/74 52/52/50 54/54/52
f 53/53/51 139/139/135 140/140/136
f 140/140/136 55/55/53 53/53/51
f 56/56/54 81/81/78 79/79/76
f 79/79/76 54/54/52 56/56/54
f 55/55/53 140/140/136 141/141/137
f 141/141/137 57/57/55 55/55/53
f 58/58/56 83/83/80 81/81/78
f 81/81/78 56/56/54 58/58/56
f 57/57/55 141/141/137 142/142/138
f 142/142/138 59/59/57 57/57/55
f 60/60/58 85/85/82 83/83/80
f 83/83/80 58/58/56 60/60/58
f 59/59/57 142/142/138 143/143/139
f 143/143/139 61/61/59 59/59/57
f 62/62/60 87/87/84 85/85/82
f 85/85/82 60/60/58 62/62/60
f 61/61/59 143/143/139 144/144/140
f 144/144/140 63/63/61 61/61/59
f 64/64/62 89/89/86 87/87/84
f 87/87/84 62/62/60 64/64/62
f 63/63/61 144/144/140 145/145/141
f 145/145/141 65/65/63 63/63/61
f 66/66/64 91/91/88 89/89/86
f 89/89/86 64/64/62 66/66/64
f 65/65/63 145/145/141 133/133/130
f 133/133/130 42/42/41 65/65/63
f 41/41/40 68/68/66 91/91/88
f 91/91/88 66/66/64 41/41/40
f 146/146/142 147/147/143 148/148/144
f 148/148/144 149/149/145 146/146/142
f 146/146/142 150/150/146 151/151/147
f 151/151/147 147/147/143 146/146/142
f 152/152/148 153/153/149 154/154/150
f 154/154/150 155/155/151 152/152/148
f 156/156/152 157/157/153 158/158/154
f 158/158/154 159/159/155 156/156/152
f 160/160/156 148/148/144 161/161/157
f 160/160/156 161/161/157 162/162/158
f 2301/163/159 2896/164/160 2897/165/161
f 163/166/162 164/167/163 146/146/142
f 146/146/142 149/149/145 163/166/162
f 165/168/164 166/169/165 149/149/145
f 149/149/145 148/148/144 165/168/164
f 167/170/166 168/171/167 150/150/146
f 150/150/146 146/146/142 167/170/166
f 169/172/168 170/173/169 151/151/147
f 151/151/147 150/150/146 169/172/168
f 171/174/170 172/175/171 173/176/172
f 173/176/172 174/177/173 171/174/170
f 175/178/174 176/179/175 177/180/176
f 177/180/176 178/181/177 175/178/174
f 179/182/178 180/183/179 181/184/180
f 181/184/180 182/185/181 179/182/178
f 183/186/182 184/187/183 185/188/184
f 185/188/184 186/189/185 183/186/182
f 187/190/186 188/191/187 189/192/188
f 189/192/188 190/193/189 187/190/186
f 191/194/190 189/192/188 188/191/187
f 188/191/187 192/195/191 191/194/190
f 193/196/192 194/197/193 195/198/194
f 195/198/194 196/199/195 193/196/192
f 197/200/196 198/201/197 199/202/198
f 199/202/198 200/203/199 197/200/196
f 182/185/181 201/204/200 202/205/201
f 202/205/201 179/182/178 182/185/181
f 203/206/202 204/207/203 205/208/204
f 190/193/189 185/188/184 184/187/183
f 184/187/183 187/190/186 190/193/189
f 192/195/191 181/184/180 180/183/179
f 180/183/179 191/194/190 192/195/191
f 206/209/205 207/210/206 175/178/174
f 175/178/174 178/181/177 206/209/205
f 204/207/203 208/211/207 205/208/204
f 186/189/185 202/205/201 201/204/200
f 201/204/200 183/186/182 186/189/185
f 209/212/208 210/213/209 180/183/179
f 180/183/179 179/182/178 209/212/208
f 179/182/178 202/205/201 211/214/210
f 211/214/210 209/212/208 179/182/178
f 212/215/211 211/214/210 202/205/201
f 202/205/201 186/189/185 212/215/211
f 186/189/185 185/188/184 213/216/212
f 213/216/212 212/215/211 186/189/185
f 214/217/213 213/216/212 185/188/184
f 185/188/184 190/193/189 214/217/213
f 190/193/189 189/192/188 215/218/214
f 215/218/214 214/217/213 190/193/189
f 216/219/215 215/218/214 189/192/188
f 189/192/188 191/194/190 216/219/215
f 191/194/190 180/183/179 210/213/209
f 210/213/209 216/219/215 191/194/190
f 217/220/216 210/213/209 209/212/208
f 209/212/208 218/221/217 217/220/216
f 209/212/208 211/214/210 198/201/197
f 198/201/197 218/221/217 209/212/208
f 219/222/218 198/201/197 211/214/210
f 211/214/210 212/215/211 219/222/218
f 212/215/211 213/216/212 220/223/219
f 220/223/219 219/222/218 212/215/211
f 221/224/220 220/223/219 213/216/212
f 213/216/212 214/217/213 221/224/220
f 222/225/221 223/226/222 224/227/223
f 224/227/223 225/228/224 222/225/221
f 224/227/223 226/229/225 227/230/226
f 227/230/226 225/228/224 224/227/223
f 178/181/177 177/180/176 203/206/202
f 203/206/202 205/208/204 178/181/177
f 205/208/204 208/211/207 206/209/205
f 206/209/205 178/181/177 205/208/204
f 228/231/227 176/179/175 175/178/174
f 207/210/206 228/231/227 175/178/174
f 229/232/228 230/233/229 217/220/216
f 217/220/216 218/221/217 229/232/228
f 231/234/230 174/177/231 173/176/232
f 173/176/232 232/235/233 231/234/230
f 233/236/234 234/237/235 235/238/236
f 235/238/236 236/239/237 233/236/234
f 226/229/225 234/237/235 233/236/234
f 233/236/234 227/230/226 226/229/225
f 222/225/221 225/228/224 237/240/238
f 237/240/238 238/241/239 222/225/221
f 225/228/224 227/230/226 239/242/240
f 239/242/240 237/240/238 225/228/224
f 227/230/226 233/236/234 240/243/241
f 240/243/241 239/242/240 227/230/226
f 241/244/242 242/245/243 243/246/244
f 243/246/244 244/247/245 241/244/242
f 245/248/246 246/249/247 247/250/248
f 247/250/248 248/251/249 245/248/246
f 249/252/250 250/253/251 174/177/252
f 174/177/252 251/254/253 249/252/250
f 252/255/254 253/256/255 224/227/223
f 224/227/223 223/226/222 252/255/254
f 253/256/255 254/257/256 226/229/225
f 226/229/225 224/227/223 253/256/255
f 255/258/257 256/259/258 257/260/259
f 257/260/259 258/261/260 255/258/257
f 259/262/261 235/238/236 234/237/235
f 234/237/235 260/263/262 259/262/261
f 254/257/256 260/263/262 234/237/235
f 234/237/235 226/229/225 254/257/256
f 261/264/263 262/265/264 263/266/265
f 263/266/265 264/267/266 261/264/263
f 261/264/263 264/267/266 265/268/267
f 265/268/267 266/269/268 261/264/263
f 266/269/268 265/268/267 267/270/269
f 267/270/269 268/271/270 266/269/268
f 236/239/237 257/260/259 269/272/271
f 269/272/271 270/273/272 236/239/237
f 236/239/237 235/238/236 258/261/260
f 258/261/260 257/260/259 236/239/237
f 259/262/261 255/258/257 258/261/260
f 258/261/260 235/238/236 259/262/261
f 271/274/273 272/275/274 230/233/229
f 230/233/229 229/232/228 271/274/273
f 229/232/228 194/197/193 250/253/251
f 250/253/251 273/276/275 229/232/228
f 274/277/276 250/253/251 194/197/193
f 194/197/193 193/196/192 274/277/276
f 243/246/244 242/245/243 246/249/247
f 246/249/247 245/248/246 243/246/244
f 275/278/277 276/279/278 277/280/279
f 277/280/279 278/281/280 275/278/277
f 279/282/281 280/283/282 281/284/283
f 281/284/283 282/285/284 279/282/281
f 174/177/252 250/253/251 274/277/276
f 274/277/276 171/174/285 174/177/252
f 283/286/286 284/287/287 256/259/258
f 256/259/258 255/258/257 283/286/286
f 230/233/229 285/288/288 255/258/257
f 255/258/257 259/262/261 230/233/229
f 259/262/261 260/263/262 217/220/216
f 217/220/216 230/233/229 259/262/261
f 210/213/209 217/220/216 260/263/262
f 260/263/262 254/257/256 210/213/209
f 216/219/215 210/213/209 254/257/256
f 254/257/256 253/256/255 216/219/215
f 215/218/214 216/219/215 253/256/255
f 253/256/255 252/255/254 215/218/214
f 187/190/186 184/187/183 286/289/289
f 286/289/289 287/290/290 187/190/186
f 183/186/182 288/291/291 286/289/289
f 286/289/289 184/187/183 183/186/182
f 183/186/182 201/204/200 289/292/292
f 289/292/292 288/291/291 183/186/182
f 182/185/181 290/293/293 289/292/292
f 289/292/292 201/204/200 182/185/181
f 182/185/181 181/184/180 291/294/294
f 291/294/294 290/293/293 182/185/181
f 192/195/191 292/295/295 291/294/294
f 291/294/294 181/184/180 192/195/191
f 192/195/191 188/191/187 293/296/296
f 293/296/296 292/295/295 192/195/191
f 187/190/186 287/290/290 293/296/296
f 293/296/296 188/191/187 187/190/186
f 294/297/297 295/298/298 296/299/299
f 296/299/299 297/300/300 294/297/297
f 298/301/301 294/297/297 297/300/300
f 297/300/300 299/302/302 298/301/301
f 300/303/303 298/301/301 299/302/302
f 299/302/302 301/304/304 300/303/303
f 302/305/305 300/303/303 301/304/304
f 301/304/304 303/306/306 302/305/305
f 295/298/298 304/307/307 305/308/308
f 305/308/308 296/299/299 295/298/298
f 297/300/300 296/299/299 306/309/309
f 306/309/309 307/310/310 297/300/300
f 299/302/302 297/300/300 307/310/310
f 307/310/310 308/311/311 299/302/302
f 301/304/304 299/302/302 308/311/311
f 308/311/311 309/312/312 301/304/304
f 303/306/306 301/304/304 309/312/312
f 309/312/312 310/313/313 303/306/306
f 296/299/299 305/308/308 311/314/314
f 311/314/314 306/309/309 296/299/299
f 307/310/310 306/309/309 312/315/315
f 312/315/315 313/316/316 307/310/310
f 308/311/311 307/310/310 313/316/316
f 313/316/316 314/317/317 308/311/311
f 309/312/312 308/311/311 314/317/317
f 314/317/317 315/318/318 309/312/312
f 310/313/313 309/312/312 315/318/318
f 315/318/318 316/319/319 310/313/313
f 306/309/309 311/314/314 317/320/320
f 317/320/320 312/315/315 306/309/309
f 313/316/316 312/315/315 318/321/321
f 318/321/321 319/322/322 313/316/316
f 314/317/317 313/316/316 319/322/322
f 319/322/322 320/323/323 314/317/317
f 315/318/318 314/317/317 320/323/323
f 320/323/323 321/324/324 315/318/318
f 316/319/319 315/318/318 321/324/324
f 321/324/324 322/325/325 316/319/319
f 322/325/325 323/326/326 220/223/219
f 220/223/219 316/319/319 322/325/325
f 312/315/315 317/320/320 324/327/327
f 324/327/327 318/321/321 312/315/315
f 325/328/328 326/329/329 327/330/330
f 327/330/330 328/331/331 325/328/328
f 329/332/332 325/328/328 328/331/331
f 328/331/331 330/333/333 329/332/332
f 325/328/328 331/334/334 332/335/335
f 332/335/335 326/329/329 325/328/328
f 333/336/336 331/334/334 325/328/328
f 325/328/328 329/332/332 333/336/336
f 334/337/337 335/338/338 336/339/339
f 336/339/339 337/340/340 334/337/337
f 338/341/341 339/342/342 197/200/196
f 197/200/196 200/203/199 338/341/341
f 198/201/197 219/222/218 340/343/343
f 340/343/343 199/202/198 198/201/197
f 219/222/218 220/223/219 323/326/326
f 323/326/326 340/343/343 219/222/218
f 335/338/338 341/344/344 342/345/345
f 342/345/345 336/339/339 335/338/338
f 337/340/340 336/339/339 343/346/346
f 343/346/346 344/347/347 337/340/340
f 200/203/199 345/348/348 346/349/349
f 346/349/349 338/341/341 200/203/199
f 347/350/350 348/351/351 349/352/352
f 349/352/352 350/353/353 347/350/350
f 348/351/351 332/335/335 331/334/334
f 331/334/334 349/352/352 348/351/351
f 336/339/339 342/345/345 351/354/354
f 351/354/354 343/346/346 336/339/339
f 200/203/199 199/202/198 352/355/355
f 352/355/355 345/348/348 200/203/199
f 316/319/319 220/223/219 221/224/220
f 221/224/220 310/313/313 316/319/319
f 310/313/313 221/224/220 353/356/356
f 353/356/356 303/306/306 310/313/313
f 354/357/357 346/349/349 345/348/348
f 345/348/348 355/358/358 354/357/357
f 350/353/353 349/352/352 356/359/359
f 356/359/359 357/360/360 350/353/353
f 349/352/352 331/334/334 333/336/336
f 333/336/336 356/359/359 349/352/352
f 343/346/346 351/354/354 358/361/361
f 358/361/361 359/362/362 343/346/346
f 345/348/348 352/355/355 360/363/363
f 360/363/363 355/358/358 345/348/348
f 305/308/308 304/307/307 361/364/364
f 361/364/364 362/365/365 305/308/308
f 311/314/314 305/308/308 362/365/365
f 362/365/365 363/366/366 311/314/314
f 317/320/320 311/314/314 363/366/366
f 363/366/366 364/367/367 317/320/320
f 324/327/327 317/320/320 364/367/367
f 364/367/367 365/368/368 324/327/327
f 362/365/365 361/364/364 366/369/369
f 366/369/369 367/370/370 362/365/365
f 363/366/366 362/365/365 367/370/370
f 367/370/370 368/371/371 363/366/366
f 364/367/367 363/366/366 368/371/371
f 368/371/371 369/372/372 364/367/367
f 365/368/368 364/367/367 369/372/372
f 369/372/372 360/363/363 365/368/368
f 368/371/371 367/370/370 370/373/373
f 370/373/373 371/374/374 368/371/371
f 369/372/372 368/371/371 371/374/374
f 371/374/374 372/375/375 369/372/372
f 360/363/363 369/372/372 372/375/375
f 372/375/375 355/358/358 360/363/363
f 303/306/306 353/356/356 373/376/376
f 373/376/376 302/305/305 303/306/306
f 321/324/324 320/323/323 374/377/377
f 374/377/377 375/378/378 321/324/324
f 322/325/325 321/324/324 375/378/378
f 375/378/378 376/379/379 322/325/325
f 319/322/322 318/321/321 377/380/380
f 377/380/380 378/381/381 319/322/322
f 320/323/323 319/322/322 378/381/381
f 378/381/381 374/377/377 320/323/323
f 323/326/326 322/325/325 376/379/379
f 376/379/379 379/382/382 323/326/326
f 318/321/321 324/327/327 380/383/383
f 380/383/383 377/380/380 318/321/321
f 340/343/343 381/384/384 199/202/198
f 199/202/198 382/385/385 352/355/355
f 340/343/343 323/326/326 379/382/382
f 379/382/382 381/384/384 340/343/343
f 360/363/363 352/355/355 382/385/385
f 382/385/385 383/386/386 360/363/363
f 365/368/368 360/363/363 383/386/386
f 383/386/386 384/387/387 365/368/368
f 324/327/327 365/368/368 384/387/387
f 384/387/387 380/383/383 324/327/327
f 375/378/378 374/377/377 328/331/331
f 328/331/331 327/330/330 375/378/378
f 376/379/379 375/378/378 327/330/330
f 327/330/330 326/329/329 376/379/379
f 378/381/381 377/380/380 329/332/332
f 329/332/332 330/333/333 378/381/381
f 374/377/377 378/381/381 330/333/333
f 330/333/333 328/331/331 374/377/377
f 379/382/382 376/379/379 326/329/329
f 326/329/329 332/335/335 379/382/382
f 377/380/380 380/383/383 333/336/336
f 333/336/336 329/332/332 377/380/380
f 199/202/198 381/384/384 348/351/351
f 348/351/351 347/350/350 199/202/198
f 382/385/385 199/202/198 347/350/350
f 347/350/350 350/353/353 382/385/385
f 381/384/384 379/382/382 332/335/335
f 332/335/335 348/351/351 381/384/384
f 383/386/386 382/385/385 350/353/353
f 350/353/353 357/360/360 383/386/386
f 384/387/387 383/386/386 357/360/360
f 357/360/360 356/359/359 384/387/387
f 380/383/383 384/387/387 356/359/359
f 356/359/359 333/336/336 380/383/383
f 218/221/217 198/201/197 197/200/196
f 197/200/196 195/198/194 218/221/217
f 195/198/194 197/200/196 339/342/342
f 339/342/342 196/199/195 195/198/194
f 248/251/249 247/250/248 341/344/344
f 341/344/344 335/338/338 248/251/249
f 385/388/388 248/251/249 335/338/338
f 335/338/338 334/337/337 385/388/388
f 218/221/217 195/198/194 194/197/193
f 194/197/193 229/232/228 218/221/217
f 241/244/389 244/247/390 172/175/171
f 172/175/171 171/174/170 241/244/389
f 171/174/285 274/277/276 242/245/243
f 242/245/243 241/244/242 171/174/285
f 274/277/276 193/196/192 246/249/247
f 246/249/247 242/245/243 274/277/276
f 193/196/192 196/199/195 247/250/248
f 247/250/248 246/249/247 193/196/192
f 196/199/195 339/342/342 341/344/344
f 341/344/344 247/250/248 196/199/195
f 338/341/341 342/345/345 341/344/344
f 341/344/344 339/342/342 338/341/341
f 338/341/341 346/349/349 351/354/354
f 351/354/354 342/345/345 338/341/341
f 354/357/357 358/361/361 351/354/354
f 351/354/354 346/349/349 354/357/357
f 366/369/369 386/389/391 370/373/373
f 370/373/373 367/370/370 366/369/369
f 387/390/392 388/391/393 389/392/394
f 389/392/394 390/393/395 387/390/392
f 391/394/396 392/395/397 393/396/398
f 393/396/398 394/397/399 391/394/396
f 395/398/400 396/399/401 397/400/402
f 397/400/402 398/401/403 395/398/400
f 390/393/395 389/392/394 399/402/404
f 399/402/404 400/403/405 390/393/395
f 401/404/406 402/405/407 403/406/408
f 403/406/408 404/407/409 401/404/406
f 405/408/410 406/409/411 407/410/412
f 407/410/412 408/411/413 405/408/410
f 404/407/409 403/406/408 409/412/414
f 409/412/414 410/413/415 404/407/409
f 411/414/416 405/408/410 408/411/413
f 408/411/413 412/415/417 411/414/416
f 413/416/418 414/417/419 415/418/420
f 415/418/420 416/419/421 413/416/418
f 417/420/422 418/421/423 419/422/424
f 419/422/424 420/423/425 417/420/422
f 400/403/405 399/402/404 421/424/426
f 421/424/426 422/425/427 400/403/405
f 398/401/403 397/400/402 423/426/428
f 423/426/428 424/427/429 398/401/403
f 398/401/403 424/427/429 425/428/430
f 425/428/430 426/429/431 398/401/403
f 426/429/431 425/428/430 427/430/432
f 427/430/432 419/422/424 426/429/431
f 427/430/432 420/423/425 419/422/424
f 424/427/429 423/426/428 428/431/433
f 429/432/434 425/428/430 424/427/429
f 424/427/429 428/431/433 429/432/434
f 430/433/435 427/430/432 425/428/430
f 425/428/430 429/432/434 430/433/435
f 431/434/436 432/435/437 427/430/432
f 429/432/434 428/431/433 433/436/438
f 434/437/439 430/433/435 429/432/434
f 429/432/434 433/436/438 434/437/439
f 435/438/440 436/439/441 430/433/435
f 428/431/433 423/426/428 437/440/442
f 437/440/442 423/426/428 438/441/443
f 438/441/443 439/442/444 437/440/442
f 422/425/427 421/424/426 440/443/445
f 440/443/445 441/444/446 422/425/427
f 442/445/447 433/436/438 428/431/433
f 428/431/433 437/440/442 442/445/447
f 442/445/447 437/440/442 439/442/444
f 439/442/444 443/446/448 442/445/447
f 444/447/449 434/437/439 433/436/438
f 433/436/438 442/445/447 444/447/449
f 444/447/449 442/445/447 443/446/448
f 443/446/448 445/448/450 444/447/449
f 446/449/451 447/450/452 434/437/439
f 444/447/449 448/451/453 449/452/454
f 441/444/446 440/443/445 450/453/455
f 450/453/455 451/454/456 441/444/446
f 439/442/444 438/441/443 452/455/457
f 452/455/457 453/456/458 439/442/444
f 454/457/459 455/458/460 456/459/461
f 456/459/461 457/460/462 454/457/459
f 451/454/456 450/453/455 458/461/463
f 458/461/463 459/462/464 451/454/456
f 439/442/444 453/456/458 460/463/465
f 460/463/465 443/446/448 439/442/444
f 461/464/466 454/457/459 457/460/462
f 457/460/462 462/465/467 461/464/466
f 443/446/448 460/463/465 463/466/468
f 463/466/468 445/448/450 443/446/448
f 464/467/469 461/464/466 462/465/467
f 462/465/467 465/468/470 464/467/469
f 445/448/450 463/466/468 466/469/471
f 466/469/471 448/451/453 445/448/450
f 467/470/472 464/467/469 465/468/470
f 465/468/470 468/471/473 467/470/472
f 459/462/464 458/461/463 469/472/474
f 469/472/474 470/473/475 459/462/464
f 457/460/462 456/459/461 471/474/476
f 471/474/476 472/475/477 457/460/462
f 457/460/462 472/475/477 473/476/478
f 473/476/478 462/465/467 457/460/462
f 462/465/467 473/476/478 474/477/479
f 474/477/479 465/468/470 462/465/467
f 474/477/479 468/471/473 465/468/470
f 473/476/478 472/475/477 475/478/480
f 476/479/481 474/477/479 473/476/478
f 473/476/478 475/478/480 476/479/481
f 477/480/482 478/481/483 474/477/479
f 472/475/477 471/474/476 479/482/484
f 480/483/485 475/478/480 472/475/477
f 472/475/477 479/482/484 480/483/485
f 481/484/486 476/479/481 475/478/480
f 475/478/480 480/483/485 481/484/486
f 482/485/487 483/486/488 476/479/481
f 479/482/484 471/474/476 392/395/397
f 392/395/397 391/394/396 479/482/484
f 484/487/489 485/488/490 388/391/393
f 388/391/393 387/390/392 484/487/489
f 480/483/485 479/482/484 486/489/491
f 486/489/491 479/482/484 391/394/396
f 391/394/396 487/490/492 486/489/491
f 488/491/493 481/484/486 480/483/485
f 480/483/485 486/489/491 488/491/493
f 488/491/493 486/489/491 487/490/492
f 487/490/492 413/416/418 488/491/493
f 489/492/494 490/493/495 481/484/486
f 488/491/493 416/419/421 491/494/496
f 492/495/497 493/496/498 494/497/499
f 494/497/499 495/498/500 492/495/497
f 496/499/501 492/495/497 495/498/500
f 495/498/500 497/500/502 496/499/501
f 498/501/503 499/502/504 500/503/505
f 500/503/505 501/504/506 498/501/503
f 499/502/504 502/505/507 503/506/508
f 503/506/508 500/503/505 499/502/504
f 504/507/509 505/508/510 506/509/511
f 506/509/511 507/510/512 504/507/509
f 508/511/513 504/507/509 507/510/512
f 507/510/512 509/512/514 508/511/513
f 510/513/515 511/514/516 512/515/517
f 512/515/517 513/516/518 510/513/515
f 511/514/516 514/517/519 515/518/520
f 515/518/520 512/515/517 511/514/516
f 516/519/521 517/520/522 518/521/523
f 518/521/523 519/522/524 516/519/521
f 520/523/525 516/519/521 519/522/524
f 519/522/524 521/524/526 520/523/525
f 522/525/527 523/526/528 524/527/529
f 524/527/529 525/528/530 522/525/527
f 523/526/528 526/529/531 527/530/532
f 527/530/532 524/527/529 523/526/528
f 528/531/533 529/532/534 530/533/535
f 530/533/535 531/534/536 528/531/533
f 532/535/537 528/531/533 531/534/536
f 531/534/536 533/536/538 532/535/537
f 534/537/539 535/538/540 536/539/541
f 536/539/541 537/540/542 534/537/539
f 535/538/540 538/541/543 539/542/544
f 539/542/544 536/539/541 535/538/540
f 478/481/483 477/480/482 540/543/545
f 540/543/545 541/544/546 478/481/483
f 468/471/473 478/481/483 541/544/546
f 541/544/546 542/545/547 468/471/473
f 543/546/548 544/547/549 545/548/550
f 545/548/550 546/549/551 543/546/548
f 544/547/549 547/550/552 548/551/553
f 548/551/553 545/548/550 544/547/549
f 467/470/472 468/471/473 542/545/547
f 542/545/547 549/552/554 467/470/472
f 448/451/453 466/469/471 550/553/555
f 550/553/555 551/554/556 448/451/453
f 552/555/557 553/556/558 554/557/559
f 554/557/559 555/558/560 552/555/557
f 543/546/548 546/549/551 556/559/561
f 556/559/561 557/560/562 543/546/548
f 449/452/454 448/451/453 551/554/556
f 551/554/556 558/561/563 449/452/454
f 446/449/451 449/452/454 558/561/563
f 558/561/563 559/562/564 446/449/451
f 560/563/565 561/564/566 562/565/567
f 562/565/567 563/566/568 560/563/565
f 552/555/557 555/558/560 562/565/567
f 562/565/567 561/564/566 552/555/557
f 564/567/569 446/449/451 559/562/564
f 559/562/564 565/568/570 564/567/569
f 477/480/482 566/569/571 567/570/572
f 567/570/572 540/543/545 477/480/482
f 547/550/552 568/571/573 569/572/574
f 569/572/574 548/551/553 547/550/552
f 560/563/565 563/566/568 570/573/575
f 570/573/575 571/574/576 560/563/565
f 483/486/488 482/485/487 572/575/577
f 572/575/577 573/576/578 483/486/488
f 477/480/482 483/486/488 573/576/578
f 573/576/578 574/577/579 477/480/482
f 575/578/580 576/579/581 577/580/582
f 577/580/582 578/581/583 575/578/580
f 576/579/581 579/582/584 580/583/585
f 580/583/585 577/580/582 576/579/581
f 566/569/571 477/480/482 574/577/579
f 574/577/579 581/584/586 566/569/571
f 446/449/451 564/567/569 582/585/587
f 582/585/587 583/586/588 446/449/451
f 447/450/452 446/449/451 583/586/588
f 583/586/588 584/587/589 447/450/452
f 435/438/440 447/450/452 584/587/589
f 584/587/589 585/588/590 435/438/440
f 586/589/591 587/590/592 588/591/593
f 588/591/593 589/592/594 586/589/591
f 590/593/595 591/594/596 588/591/593
f 588/591/593 587/590/592 590/593/595
f 592/595/597 435/438/440 585/588/590
f 585/588/590 593/596/598 592/595/597
f 482/485/487 594/597/599 595/598/600
f 595/598/600 572/575/577 482/485/487
f 579/582/584 596/599/601 597/600/602
f 597/600/602 580/583/585 579/582/584
f 586/589/591 589/592/594 598/601/603
f 598/601/603 599/602/604 586/589/591
f 490/493/495 489/492/494 600/603/605
f 600/603/605 601/604/606 490/493/495
f 482/485/487 490/493/495 601/604/606
f 601/604/606 602/605/607 482/485/487
f 603/606/608 604/607/609 605/608/610
f 605/608/610 606/609/611 603/606/608
f 604/607/609 607/610/612 608/611/613
f 608/611/613 605/608/610 604/607/609
f 594/597/599 482/485/487 602/605/607
f 602/605/607 609/612/614 594/597/599
f 435/438/440 592/595/597 610/613/615
f 610/613/615 611/614/616 435/438/440
f 436/439/441 435/438/440 611/614/616
f 611/614/616 612/615/617 436/439/441
f 431/434/436 436/439/441 612/615/617
f 612/615/617 613/616/618 431/434/436
f 614/617/619 615/618/620 616/619/621
f 616/619/621 617/620/622 614/617/619
f 618/621/623 619/622/624 616/619/621
f 616/619/621 615/618/620 618/621/623
f 620/623/625 431/434/436 613/616/618
f 613/616/618 621/624/626 620/623/625
f 489/492/494 622/625/627 623/626/628
f 623/626/628 600/603/605 489/492/494
f 607/610/612 624/627/629 625/628/630
f 625/628/630 608/611/613 607/610/612
f 614/617/619 617/620/622 626/629/631
f 626/629/631 627/630/632 614/617/619
f 491/494/496 416/419/421 628/631/633
f 628/631/633 629/632/634 491/494/496
f 489/492/494 491/494/496 629/632/634
f 629/632/634 630/633/635 489/492/494
f 631/634/636 632/635/637 633/636/638
f 633/636/638 634/637/639 631/634/636
f 632/635/637 635/638/640 636/639/641
f 636/639/641 633/636/638 632/635/637
f 622/625/627 489/492/494 630/633/635
f 630/633/635 637/640/642 622/625/627
f 431/434/436 620/623/625 638/641/643
f 638/641/643 639/642/644 431/434/436
f 432/435/437 431/434/436 639/642/644
f 639/642/644 640/643/645 432/435/437
f 420/423/425 432/435/437 640/643/645
f 640/643/645 641/644/646 420/423/425
f 642/645/647 643/646/648 644/647/649
f 644/647/649 645/648/650 642/645/647
f 646/649/651 647/650/652 644/647/649
f 644/647/649 643/646/648 646/649/651
f 417/420/422 420/423/425 641/644/646
f 641/644/646 648/651/653 417/420/422
f 416/419/421 415/418/420 649/652/654
f 649/652/654 628/631/633 416/419/421
f 635/638/640 650/653/655 651/654/656
f 651/654/656 636/639/641 635/638/640
f 642/645/647 645/648/650 652/655/657
f 652/655/657 653/656/658 642/645/647
f 575/578/580 578/581/583 654/657/659
f 654/657/659 655/658/660 575/578/580
f 590/593/595 656/659/661 657/660/662
f 657/660/662 591/594/596 590/593/595
f 603/606/608 606/609/611 658/661/663
f 658/661/663 659/662/664 603/606/608
f 618/621/623 660/663/665 661/664/666
f 661/664/666 619/622/624 618/621/623
f 631/634/636 634/637/639 662/665/667
f 662/665/667 663/666/668 631/634/636
f 646/649/651 664/667/669 665/668/670
f 665/668/670 647/650/652 646/649/651
f 666/669/671 667/670/672 668/671/673
f 668/671/673 669/672/674 666/669/671
f 670/673/675 666/669/671 669/672/674
f 669/672/674 671/674/676 670/673/675
f 671/674/676 672/675/677 673/676/678
f 673/676/678 670/673/675 671/674/676
f 674/677/679 675/678/680 676/679/681
f 676/679/681 677/680/682 674/677/679
f 677/680/682 678/681/683 679/682/684
f 679/682/684 674/677/679 677/680/682
f 680/683/685 679/682/684 678/681/683
f 678/681/683 681/684/686 680/683/685
f 681/684/686 682/685/687 683/686/688
f 683/686/688 680/683/685 681/684/686
f 667/670/672 684/687/689 685/688/690
f 685/688/690 668/671/673 667/670/672
f 686/689/691 687/690/692 688/691/693
f 688/691/693 689/692/694 686/689/691
f 690/693/695 686/689/691 689/692/694
f 689/692/694 691/694/696 690/693/695
f 691/694/696 692/695/697 693/696/698
f 693/696/698 690/693/695 691/694/696
f 694/697/699 695/698/700 696/699/701
f 696/699/701 697/700/702 694/697/699
f 697/700/702 698/701/703 699/702/704
f 699/702/704 694/697/699 697/700/702
f 700/703/705 699/702/704 698/701/703
f 698/701/703 701/704/706 700/703/705
f 701/704/706 702/705/707 703/706/708
f 703/706/708 700/703/705 701/704/706
f 687/690/692 704/707/709 705/708/710
f 705/708/710 688/691/693 687/690/692
f 706/709/711 707/710/712 708/711/713
f 708/711/713 709/712/714 706/709/711
f 710/713/715 706/709/711 709/712/714
f 709/712/714 711/714/716 710/713/715
f 711/714/716 712/715/717 713/716/718
f 713/716/718 710/713/715 711/714/716
f 714/717/719 715/718/720 716/719/721
f 716/719/721 717/720/722 714/717/719
f 717/720/722 718/721/723 719/722/724
f 719/722/724 714/717/719 717/720/722
f 720/723/725 719/722/724 718/721/723
f 718/721/723 721/724/726 720/723/725
f 721/724/726 722/725/727 723/726/728
f 723/726/728 720/723/725 721/724/726
f 707/710/712 724/727/729 725/728/730
f 725/728/730 708/711/713 707/710/712
f 726/729/731 727/730/732 728/731/733
f 728/731/733 729/732/734 726/729/731
f 730/733/735 726/729/731 729/732/734
f 729/732/734 731/734/736 730/733/735
f 731/734/736 732/735/737 733/736/738
f 733/736/738 730/733/735 731/734/736
f 734/737/739 735/738/740 736/739/741
f 736/739/741 737/740/742 734/737/739
f 737/740/742 738/741/743 739/742/744
f 739/742/744 734/737/739 737/740/742
f 740/743/745 739/742/744 738/741/743
f 738/741/743 741/744/746 740/743/745
f 741/744/746 742/745/747 743/746/748
f 743/746/748 740/743/745 741/744/746
f 727/730/732 744/747/749 745/748/750
f 745/748/750 728/731/733 727/730/732
f 746/749/751 747/750/752 748/751/753
f 748/751/753 749/752/754 746/749/751
f 750/753/755 746/749/751 749/752/754
f 749/752/754 751/754/756 750/753/755
f 751/754/756 749/752/754 492/495/497
f 492/495/497 496/499/501 751/754/756
f 749/752/754 748/751/753 493/496/498
f 493/496/498 492/495/497 749/752/754
f 752/755/757 750/753/755 751/754/756
f 751/754/756 753/756/758 752/755/757
f 754/757/759 755/758/760 756/759/761
f 756/759/761 757/760/762 754/757/759
f 757/760/762 756/759/761 498/501/503
f 498/501/503 501/504/506 757/760/762
f 753/756/758 751/754/756 496/499/501
f 496/499/501 497/500/502 753/756/758
f 758/761/763 754/757/759 757/760/762
f 757/760/762 759/762/764 758/761/763
f 760/763/765 758/761/763 759/762/764
f 759/762/764 761/764/766 760/763/765
f 761/764/766 759/762/764 500/503/505
f 500/503/505 503/506/508 761/764/766
f 759/762/764 757/760/762 501/504/506
f 501/504/506 500/503/505 759/762/764
f 762/765/767 760/763/765 761/764/766
f 761/764/766 763/766/768 762/765/767
f 747/750/752 764/767/769 765/768/770
f 765/768/770 748/751/753 747/750/752
f 748/751/753 765/768/770 494/497/499
f 494/497/499 493/496/498 748/751/753
f 763/766/768 761/764/766 503/506/508
f 503/506/508 502/505/507 763/766/768
f 766/769/771 767/770/772 768/771/773
f 768/771/773 769/772/774 766/769/771
f 770/773/775 766/769/771 769/772/774
f 769/772/774 771/774/776 770/773/775
f 771/774/776 769/772/774 504/507/509
f 504/507/509 508/511/513 771/774/776
f 769/772/774 768/771/773 505/508/510
f 505/508/510 504/507/509 769/772/774
f 772/775/777 770/773/775 771/774/776
f 771/774/776 773/776/778 772/775/777
f 774/777/779 775/778/780 776/779/781
f 776/779/781 777/780/782 774/777/779
f 777/780/782 776/779/781 510/513/515
f 510/513/515 513/516/518 777/780/782
f 773/776/778 771/774/776 508/511/513
f 508/511/513 509/512/514 773/776/778
f 778/781/783 774/777/779 777/780/782
f 777/780/782 779/782/784 778/781/783
f 780/783/785 778/781/783 779/782/784
f 779/782/784 781/784/786 780/783/785
f 781/784/786 779/782/784 512/515/517
f 512/515/517 515/518/520 781/784/786
f 779/782/784 777/780/782 513/516/518
f 513/516/518 512/515/517 779/782/784
f 782/785/787 780/783/785 781/784/786
f 781/784/786 783/786/788 782/785/787
f 767/770/772 784/787/789 785/788/790
f 785/788/790 768/771/773 767/770/772
f 768/771/773 785/788/790 506/509/511
f 506/509/511 505/508/510 768/771/773
f 783/786/788 781/784/786 515/518/520
f 515/518/520 514/517/519 783/786/788
f 786/789/791 787/790/792 788/791/793
f 788/791/793 789/792/794 786/789/791
f 790/793/795 786/789/791 789/792/794
f 789/792/794 791/794/796 790/793/795
f 791/794/796 789/792/794 516/519/521
f 516/519/521 520/523/525 791/794/796
f 789/792/794 788/791/793 517/520/522
f 517/520/522 516/519/521 789/792/794
f 792/795/797 790/793/795 791/794/796
f 791/794/796 793/796/798 792/795/797
f 794/797/799 795/798/800 796/799/801
f 796/799/801 797/800/802 794/797/799
f 797/800/802 796/799/801 522/525/527
f 522/525/527 525/528/530 797/800/802
f 793/796/798 791/794/796 520/523/525
f 520/523/525 521/524/526 793/796/798
f 798/801/803 794/797/799 797/800/802
f 797/800/802 799/802/804 798/801/803
f 800/803/805 798/801/803 799/802/804
f 799/802/804 801/804/806 800/803/805
f 801/804/806 799/802/804 524/527/529
f 524/527/529 527/530/532 801/804/806
f 799/802/804 797/800/802 525/528/530
f 525/528/530 524/527/529 799/802/804
f 802/805/807 800/803/805 801/804/806
f 801/804/806 803/806/808 802/805/807
f 787/790/792 804/807/809 805/808/810
f 805/808/810 788/791/793 787/790/792
f 788/791/793 805/808/810 518/521/523
f 518/521/523 517/520/522 788/791/793
f 803/806/808 801/804/806 527/530/532
f 527/530/532 526/529/531 803/806/808
f 806/809/811 807/810/812 808/811/813
f 808/811/813 809/812/814 806/809/811
f 810/813/815 806/809/811 809/812/814
f 809/812/814 811/814/816 810/813/815
f 811/814/816 809/812/814 528/531/533
f 528/531/533 532/535/537 811/814/816
f 809/812/814 808/811/813 529/532/534
f 529/532/534 528/531/533 809/812/814
f 812/815/817 810/813/815 811/814/816
f 811/814/816 813/816/818 812/815/817
f 814/817/819 815/818/820 816/819/821
f 816/819/821 817/820/822 814/817/819
f 817/820/822 816/819/821 534/537/539
f 534/537/539 537/540/542 817/820/822
f 813/816/818 811/814/816 532/535/537
f 532/535/537 533/536/538 813/816/818
f 818/821/823 814/817/819 817/820/822
f 817/820/822 819/822/824 818/821/823
f 820/823/825 818/821/823 819/822/824
f 819/822/824 821/824/826 820/823/825
f 821/824/826 819/822/824 536/539/541
f 536/539/541 539/542/544 821/824/826
f 819/822/824 817/820/822 537/540/542
f 537/540/542 536/539/541 819/822/824
f 822/825/827 820/823/825 821/824/826
f 821/824/826 823/826/828 822/825/827
f 807/810/812 824/827/829 825/828/830
f 825/828/830 808/811/813 807/810/812
f 808/811/813 825/828/830 530/533/535
f 530/533/535 529/532/534 808/811/813
f 823/826/828 821/824/826 539/542/544
f 539/542/544 538/541/543 823/826/828
f 391/394/396 826/829/831 827/830/832
f 827/830/832 487/490/492 391/394/396
f 426/429/431 828/831/833 829/832/834
f 829/832/834 398/401/403 426/429/431
f 829/832/834 828/831/833 830/833/835
f 830/833/835 831/834/836 829/832/834
f 395/398/400 398/401/403 829/832/834
f 829/832/834 832/835/837 395/398/400
f 391/394/396 394/397/399 833/836/838
f 833/836/838 826/829/831 391/394/396
f 826/829/831 833/836/838 834/837/839
f 834/837/839 835/838/840 826/829/831
f 832/835/837 829/832/834 831/834/836
f 831/834/836 836/839/841 832/835/837
f 487/490/492 827/830/832 837/840/842
f 837/840/842 413/416/418 487/490/492
f 414/417/419 413/416/418 837/840/842
f 837/840/842 838/841/843 414/417/419
f 419/422/424 418/421/423 839/842/844
f 839/842/844 840/843/845 419/422/424
f 419/422/424 840/843/845 828/831/833
f 828/831/833 426/429/431 419/422/424
f 828/831/833 840/843/845 841/844/846
f 841/844/846 830/833/835 828/831/833
f 842/845/847 827/830/832 826/829/831
f 826/829/831 835/838/840 842/845/847
f 843/846/848 844/847/849 845/848/850
f 845/848/850 846/849/851 843/846/848
f 847/850/852 848/851/853 849/852/854
f 849/852/854 850/853/855 847/850/852
f 844/847/849 851/854/856 852/855/857
f 852/855/857 845/848/850 844/847/849
f 853/856/858 847/850/852 850/853/855
f 850/853/855 854/857/859 853/856/858
f 855/858/860 837/840/842 827/830/832
f 827/830/832 842/845/847 855/858/860
f 843/846/848 846/849/851 856/859/861
f 857/860/862 838/841/843 837/840/842
f 837/840/842 855/858/860 857/860/862
f 841/844/846 840/843/845 839/842/844
f 839/842/844 858/861/863 841/844/846
f 859/862/864 849/852/854 848/851/853
f 860/863/865 861/864/866 862/865/867
f 862/865/867 863/866/868 860/863/865
f 862/865/867 861/864/866 401/404/406
f 401/404/406 404/407/409 862/865/867
f 864/867/869 865/868/870 866/869/871
f 866/869/871 867/870/872 864/867/869
f 866/869/871 865/868/870 408/411/413
f 408/411/413 407/410/412 866/869/871
f 868/871/873 867/870/872 866/869/871
f 866/869/871 869/872/874 868/871/873
f 860/863/865 870/873/875 871/874/876
f 871/874/876 861/864/866 860/863/865
f 861/864/866 871/874/876 402/405/407
f 402/405/407 401/404/406 861/864/866
f 869/872/874 866/869/871 407/410/412
f 407/410/412 406/409/411 869/872/874
f 863/866/868 862/865/867 872/875/877
f 872/875/877 873/876/878 863/866/868
f 872/875/877 862/865/867 404/407/409
f 404/407/409 410/413/415 872/875/877
f 874/877/879 873/876/878 872/875/877
f 872/875/877 875/878/880 874/877/879
f 876/879/881 877/880/882 878/881/883
f 878/881/883 879/882/884 876/879/881
f 879/882/884 878/881/883 411/414/416
f 411/414/416 412/415/417 879/882/884
f 875/878/880 872/875/877 410/413/415
f 410/413/415 409/412/414 875/878/880
f 876/879/881 879/882/884 865/868/870
f 865/868/870 864/867/869 876/879/881
f 865/868/870 879/882/884 412/415/417
f 412/415/417 408/411/413 865/868/870
f 631/634/636 663/666/668 637/640/642
f 637/640/642 630/633/635 631/634/636
f 639/642/644 638/641/643 664/667/669
f 664/667/669 646/649/651 639/642/644
f 646/649/651 643/646/648 640/643/645
f 640/643/645 639/642/644 646/649/651
f 641/644/646 640/643/645 643/646/648
f 643/646/648 642/645/647 641/644/646
f 642/645/647 653/656/658 648/651/653
f 648/651/653 641/644/646 642/645/647
f 628/631/633 649/652/654 650/653/655
f 650/653/655 635/638/640 628/631/633
f 629/632/634 628/631/633 635/638/640
f 635/638/640 632/635/637 629/632/634
f 630/633/635 629/632/634 632/635/637
f 632/635/637 631/634/636 630/633/635
f 730/733/735 733/736/738 662/665/667
f 662/665/667 634/637/639 730/733/735
f 647/650/652 665/668/670 735/738/740
f 735/738/740 734/737/739 647/650/652
f 734/737/739 739/742/744 644/647/649
f 644/647/649 647/650/652 734/737/739
f 645/648/650 644/647/649 739/742/744
f 739/742/744 740/743/745 645/648/650
f 740/743/745 743/746/748 652/655/657
f 652/655/657 645/648/650 740/743/745
f 636/639/641 651/654/656 744/747/749
f 744/747/749 727/730/732 636/639/641
f 633/636/638 636/639/641 727/730/732
f 727/730/732 726/729/731 633/636/638
f 634/637/639 633/636/638 726/729/731
f 726/729/731 730/733/735 634/637/639
f 603/606/608 659/662/664 609/612/614
f 609/612/614 602/605/607 603/606/608
f 611/614/616 610/613/615 660/663/665
f 660/663/665 618/621/623 611/614/616
f 618/621/623 615/618/620 612/615/617
f 612/615/617 611/614/616 618/621/623
f 613/616/618 612/615/617 615/618/620
f 615/618/620 614/617/619 613/616/618
f 614/617/619 627/630/632 621/624/626
f 621/624/626 613/616/618 614/617/619
f 600/603/605 623/626/628 624/627/629
f 624/627/629 607/610/612 600/603/605
f 601/604/606 600/603/605 607/610/612
f 607/610/612 604/607/609 601/604/606
f 602/605/607 601/604/606 604/607/609
f 604/607/609 603/606/608 602/605/607
f 710/713/715 713/716/718 658/661/663
f 658/661/663 606/609/611 710/713/715
f 619/622/624 661/664/666 715/718/720
f 715/718/720 714/717/719 619/622/624
f 714/717/719 719/722/724 616/619/621
f 616/619/621 619/622/624 714/717/719
f 617/620/622 616/619/621 719/722/724
f 719/722/724 720/723/725 617/620/622
f 720/723/725 723/726/728 626/629/631
f 626/629/631 617/620/622 720/723/725
f 608/611/613 625/628/630 724/727/729
f 724/727/729 707/710/712 608/611/613
f 605/608/610 608/611/613 707/710/712
f 707/710/712 706/709/711 605/608/610
f 606/609/611 605/608/610 706/709/711
f 706/709/711 710/713/715 606/609/611
f 575/578/580 655/658/660 581/584/586
f 581/584/586 574/577/579 575/578/580
f 583/586/588 582/585/587 656/659/661
f 656/659/661 590/593/595 583/586/588
f 590/593/595 587/590/592 584/587/589
f 584/587/589 583/586/588 590/593/595
f 585/588/590 584/587/589 587/590/592
f 587/590/592 586/589/591 585/588/590
f 586/589/591 599/602/604 593/596/598
f 593/596/598 585/588/590 586/589/591
f 572/575/577 595/598/600 596/599/601
f 596/599/601 579/582/584 572/575/577
f 573/576/578 572/575/577 579/582/584
f 579/582/584 576/579/581 573/576/578
f 574/577/579 573/576/578 576/579/581
f 576/579/581 575/578/580 574/577/579
f 690/693/695 693/696/698 654/657/659
f 654/657/659 578/581/583 690/693/695
f 591/594/596 657/660/662 695/698/700
f 695/698/700 694/697/699 591/594/596
f 694/697/699 699/702/704 588/591/593
f 588/591/593 591/594/596 694/697/699
f 589/592/594 588/591/593 699/702/704
f 699/702/704 700/703/705 589/592/594
f 700/703/705 703/706/708 598/601/603
f 598/601/603 589/592/594 700/703/705
f 580/583/585 597/600/602 704/707/709
f 704/707/709 687/690/692 580/583/585
f 577/580/582 580/583/585 687/690/692
f 687/690/692 686/689/691 577/580/582
f 578/581/583 577/580/582 686/689/691
f 686/689/691 690/693/695 578/581/583
f 543/546/548 557/560/562 549/552/554
f 549/552/554 542/545/547 543/546/548
f 551/554/556 550/553/555 553/556/558
f 553/556/558 552/555/557 551/554/556
f 552/555/557 561/564/566 558/561/563
f 558/561/563 551/554/556 552/555/557
f 559/562/564 558/561/563 561/564/566
f 561/564/566 560/563/565 559/562/564
f 560/563/565 571/574/576 565/568/570
f 565/568/570 559/562/564 560/563/565
f 540/543/545 567/570/572 568/571/573
f 568/571/573 547/550/552 540/543/545
f 541/544/546 540/543/545 547/550/552
f 547/550/552 544/547/549 541/544/546
f 542/545/547 541/544/546 544/547/549
f 544/547/549 543/546/548 542/545/547
f 670/673/675 673/676/678 556/559/561
f 556/559/561 546/549/551 670/673/675
f 555/558/560 554/557/559 675/678/680
f 675/678/680 674/677/679 555/558/560
f 674/677/679 679/682/684 562/565/567
f 562/565/567 555/558/560 674/677/679
f 563/566/568 562/565/567 679/682/684
f 679/682/684 680/683/685 563/566/568
f 680/683/685 683/686/688 570/573/575
f 570/573/575 563/566/568 680/683/685
f 548/551/553 569/572/574 684/687/689
f 684/687/689 667/670/672 548/551/553
f 545/548/550 548/551/553 667/670/672
f 667/670/672 666/669/671 545/548/550
f 546/549/551 545/548/550 666/669/671
f 666/669/671 670/673/675 546/549/551
f 729/732/734 728/731/733 807/810/812
f 807/810/812 806/809/811 729/732/734
f 728/731/733 745/748/750 824/827/829
f 824/827/829 807/810/812 728/731/733
f 741/744/746 820/823/825 822/825/827
f 822/825/827 742/745/747 741/744/746
f 741/744/746 738/741/743 818/821/823
f 818/821/823 820/823/825 741/744/746
f 737/740/742 814/817/819 818/821/823
f 818/821/823 738/741/743 737/740/742
f 737/740/742 736/739/741 815/818/820
f 815/818/820 814/817/819 737/740/742
f 731/734/736 810/813/815 812/815/817
f 812/815/817 732/735/737 731/734/736
f 731/734/736 729/732/734 806/809/811
f 806/809/811 810/813/815 731/734/736
f 709/712/714 708/711/713 787/790/792
f 787/790/792 786/789/791 709/712/714
f 708/711/713 725/728/730 804/807/809
f 804/807/809 787/790/792 708/711/713
f 721/724/726 800/803/805 802/805/807
f 802/805/807 722/725/727 721/724/726
f 721/724/726 718/721/723 798/801/803
f 798/801/803 800/803/805 721/724/726
f 717/720/722 794/797/799 798/801/803
f 798/801/803 718/721/723 717/720/722
f 717/720/722 716/719/721 795/798/800
f 795/798/800 794/797/799 717/720/722
f 711/714/716 790/793/795 792/795/797
f 792/795/797 712/715/717 711/714/716
f 711/714/716 709/712/714 786/789/791
f 786/789/791 790/793/795 711/714/716
f 689/692/694 688/691/693 767/770/772
f 767/770/772 766/769/771 689/692/694
f 688/691/693 705/708/710 784/787/789
f 784/787/789 767/770/772 688/691/693
f 701/704/706 780/783/785 782/785/787
f 782/785/787 702/705/707 701/704/706
f 701/704/706 698/701/703 778/781/783
f 778/781/783 780/783/785 701/704/706
f 697/700/702 774/777/779 778/781/783
f 778/781/783 698/701/703 697/700/702
f 697/700/702 696/699/701 775/778/780
f 775/778/780 774/777/779 697/700/702
f 691/694/696 770/773/775 772/775/777
f 772/775/777 692/695/697 691/694/696
f 691/694/696 689/692/694 766/769/771
f 766/769/771 770/773/775 691/694/696
f 669/672/674 668/671/673 747/750/752
f 747/750/752 746/749/751 669/672/674
f 668/671/673 685/688/690 764/767/769
f 764/767/769 747/750/752 668/671/673
f 681/684/686 760/763/765 762/765/767
f 762/765/767 682/685/687 681/684/686
f 681/684/686 678/681/683 758/761/763
f 758/761/763 760/763/765 681/684/686
f 677/680/682 754/757/759 758/761/763
f 758/761/763 678/681/683 677/680/682
f 677/680/682 676/679/681 755/758/760
f 755/758/760 754/757/759 677/680/682
f 671/674/676 750/753/755 752/755/757
f 752/755/757 672/675/677 671/674/676
f 671/674/676 669/672/674 746/749/751
f 746/749/751 750/753/755 671/674/676
f 842/845/847 835/838/840 844/847/849
f 844/847/849 843/846/848 842/845/847
f 855/858/860 842/845/847 843/846/848
f 843/846/848 856/859/861 855/858/860
f 857/860/862 855/858/860 856/859/861
f 856/859/861 880/883/885 857/860/862
f 841/844/846 858/861/863 881/884/886
f 881/884/886 859/862/864 841/844/846
f 830/833/835 841/844/846 859/862/864
f 859/862/864 848/851/853 830/833/835
f 831/834/836 830/833/835 848/851/853
f 848/851/853 847/850/852 831/834/836
f 836/839/841 831/834/836 847/850/852
f 847/850/852 853/856/858 836/839/841
f 835/838/840 834/837/839 851/854/856
f 851/854/856 844/847/849 835/838/840
f 860/863/865 863/866/868 846/849/851
f 846/849/851 845/848/850 860/863/865
f 863/866/868 873/876/878 856/859/861
f 856/859/861 846/849/851 863/866/868
f 880/883/885 856/859/861 873/876/878
f 873/876/878 874/877/879 880/883/885
f 859/862/864 881/884/886 877/880/882
f 877/880/882 876/879/881 859/862/864
f 876/879/881 864/867/869 849/852/854
f 849/852/854 859/862/864 876/879/881
f 864/867/869 867/870/872 850/853/855
f 850/853/855 849/852/854 864/867/869
f 854/857/859 850/853/855 867/870/872
f 867/870/872 868/871/873 854/857/859
f 845/848/850 852/855/857 870/873/875
f 870/873/875 860/863/865 845/848/850
f 431/434/436 430/433/435 436/439/441
f 431/434/436 427/430/432 430/433/435
f 435/438/440 430/433/435 434/437/439
f 435/438/440 434/437/439 447/450/452
f 427/430/432 432/435/437 420/423/425
f 446/449/451 434/437/439 444/447/449
f 446/449/451 444/447/449 449/452/454
f 444/447/449 445/448/450 448/451/453
f 474/477/479 478/481/483 468/471/473
f 477/480/482 474/477/479 476/479/481
f 477/480/482 476/479/481 483/486/488
f 482/485/487 476/479/481 481/484/486
f 482/485/487 481/484/486 490/493/495
f 489/492/494 481/484/486 488/491/493
f 489/492/494 488/491/493 491/494/496
f 488/491/493 413/416/418 416/419/421
f 882/885/887 883/886/888 884/887/889
f 884/887/889 885/888/890 882/885/887
f 883/886/888 886/889/891 887/890/892
f 887/890/892 884/887/889 883/886/888
f 888/891/893 886/889/891 889/892/894
f 889/892/894 890/893/895 888/891/893
f 891/894/896 888/891/893 890/893/895
f 890/893/895 892/895/897 891/894/896
f 893/896/898 891/894/896 892/895/897
f 892/895/897 894/897/899 893/896/898
f 895/898/900 896/899/901 897/900/902
f 897/900/902 898/901/903 895/898/900
f 899/902/904 895/898/900 898/901/903
f 898/901/903 900/903/905 899/902/904
f 882/885/887 899/902/904 900/903/905
f 900/903/905 901/904/906 882/885/887
f 883/886/888 882/885/887 901/904/906
f 901/904/906 902/905/907 883/886/888
f 886/889/891 883/886/888 902/905/907
f 902/905/907 889/892/894 886/889/891
f 890/893/895 889/892/894 903/906/908
f 903/906/908 904/907/909 890/893/895
f 892/895/897 890/893/895 904/907/909
f 904/907/909 905/908/910 892/895/897
f 894/897/899 892/895/897 905/908/910
f 905/908/910 906/909/911 894/897/899
f 898/901/903 897/900/902 907/910/912
f 907/910/912 908/911/913 898/901/903
f 900/903/905 898/901/903 908/911/913
f 908/911/913 909/912/914 900/903/905
f 901/904/906 900/903/905 909/912/914
f 909/912/914 910/913/915 901/904/906
f 902/905/907 901/904/906 910/913/915
f 910/913/915 911/914/916 902/905/907
f 889/892/894 902/905/907 911/914/916
f 911/914/916 903/906/908 889/892/894
f 912/915/917 913/916/918 914/917/919
f 914/917/919 915/918/920 912/915/917
f 916/919/921 912/915/917 915/918/920
f 915/918/920 917/920/922 916/919/921
f 918/921/923 916/919/921 917/920/922
f 917/920/922 919/922/924 918/921/923
f 920/923/925 921/924/926 922/925/927
f 922/925/927 923/926/928 920/923/925
f 924/927/929 920/923/925 923/926/928
f 923/926/928 925/928/930 924/927/929
f 926/929/931 924/927/929 925/928/930
f 925/928/930 927/930/932 926/929/931
f 928/931/933 926/929/931 927/930/932
f 927/930/932 929/932/934 928/931/933
f 913/916/918 928/931/933 929/932/934
f 929/932/934 914/917/919 913/916/918
f 930/933/935 931/934/936 932/935/937
f 932/935/937 933/936/938 930/933/935
f 934/937/939 930/933/935 933/936/938
f 933/936/938 935/938/940 934/937/939
f 936/939/941 934/937/939 935/938/940
f 935/938/940 937/940/942 936/939/941
f 938/941/943 939/942/944 940/943/945
f 940/943/945 941/944/946 938/941/943
f 942/945/947 938/941/943 941/944/946
f 941/944/946 943/946/948 942/945/947
f 944/947/949 942/945/947 943/946/948
f 943/946/948 945/948/950 944/947/949
f 946/949/951 944/947/949 945/948/950
f 945/948/950 947/950/952 946/949/951
f 931/934/936 946/949/951 947/950/952
f 947/950/952 932/935/937 931/934/936
f 933/936/938 932/935/937 948/951/953
f 948/951/953 949/952/954 933/936/938
f 935/938/940 933/936/938 949/952/954
f 949/952/954 950/953/955 935/938/940
f 937/940/942 935/938/940 950/953/955
f 950/953/955 951/954/956 937/940/942
f 941/944/946 940/943/945 952/955/957
f 952/955/957 953/956/958 941/944/946
f 943/946/948 941/944/946 953/956/958
f 953/956/958 954/957/959 943/946/948
f 945/948/950 943/946/948 954/957/959
f 954/957/959 955/958/960 945/948/950
f 947/950/952 945/948/950 955/958/960
f 955/958/960 956/959/961 947/950/952
f 932/935/937 947/950/952 956/959/961
f 956/959/961 948/951/953 932/935/937
f 949/952/954 948/951/953 957/960/962
f 957/960/962 958/961/963 949/952/954
f 950/953/955 949/952/954 958/961/963
f 958/961/963 959/962/964 950/953/955
f 951/954/956 950/953/955 959/962/964
f 959/962/964 960/963/965 951/954/956
f 953/956/958 952/955/957 961/964/966
f 961/964/966 962/965/967 953/956/958
f 954/957/959 953/956/958 962/965/967
f 962/965/967 963/966/968 954/957/959
f 955/958/960 954/957/959 963/966/968
f 963/966/968 964/967/969 955/958/960
f 956/959/961 955/958/960 964/967/969
f 964/967/969 965/968/970 956/959/961
f 948/951/953 956/959/961 965/968/970
f 965/968/970 957/960/962 948/951/953
f 958/961/963 957/960/962 966/969/971
f 966/969/971 967/970/972 958/961/963
f 959/962/964 958/961/963 967/970/972
f 967/970/972 968/971/973 959/962/964
f 960/963/965 959/962/964 968/971/973
f 968/971/973 969/972/974 960/963/965
f 962/965/967 961/964/966 970/973/975
f 970/973/975 971/974/976 962/965/967
f 963/966/968 962/965/967 971/974/976
f 971/974/976 972/975/977 963/966/968
f 964/967/969 963/966/968 972/975/977
f 972/975/977 973/976/978 964/967/969
f 965/968/970 964/967/969 973/976/978
f 973/976/978 974/977/979 965/968/970
f 957/960/962 965/968/970 974/977/979
f 974/977/979 966/969/971 957/960/962
f 975/978/980 976/979/981 977/980/982
f 977/980/982 978/981/983 975/978/980
f 979/982/984 978/981/983 977/980/982
f 977/980/982 980/983/985 979/982/984
f 981/984/986 979/982/984 980/983/985
f 980/983/985 982/985/987 981/984/986
f 983/986/988 984/987/989 985/988/990
f 985/988/990 986/989/991 983/986/988
f 987/990/992 988/991/993 989/992/994
f 989/992/994 990/993/995 987/990/992
f 991/994/996 992/995/997 993/996/998
f 993/996/998 994/997/999 991/994/996
f 995/998/1000 994/997/999 993/996/998
f 993/996/998 996/999/1001 995/998/1000
f 997/1000/1002 998/1001/1003 999/1002/1004
f 999/1002/1004 1000/1003/1005 997/1000/1002
f 976/979/981 1001/1004/1006 1002/1005/1007
f 1002/1005/1007 977/980/982 976/979/981
f 980/983/985 977/980/982 1002/1005/1007
f 1002/1005/1007 1003/1006/1008 980/983/985
f 982/985/987 980/983/985 1003/1006/1008
f 1003/1006/1008 1004/1007/1009 982/985/987
f 986/989/991 985/988/990 1005/1008/1010
f 1005/1008/1010 1006/1009/1011 986/989/991
f 988/991/993 1007/1010/1012 1008/1011/1013
f 1008/1011/1013 989/992/994 988/991/993
f 992/995/997 1009/1012/1014 1010/1013/1015
f 1010/1013/1015 993/996/998 992/995/997
f 996/999/1001 993/996/998 1010/1013/1015
f 1010/1013/1015 1011/1014/1016 996/999/1001
f 1000/1003/1005 999/1002/1004 1012/1015/1017
f 1012/1015/1017 1013/1016/1018 1000/1003/1005
f 1001/1004/1006 1014/1017/1019 1015/1018/1020
f 1015/1018/1020 1002/1005/1007 1001/1004/1006
f 1003/1006/1008 1002/1005/1007 1015/1018/1020
f 1015/1018/1020 1016/1019/1021 1003/1006/1008
f 1004/1007/1009 1003/1006/1008 1016/1019/1021
f 1016/1019/1021 1017/1020/1022 1004/1007/1009
f 1006/1009/1011 1005/1008/1010 1018/1021/1023
f 1018/1021/1024 1019/1022/1025 1006/1009/1011
f 1007/1010/1012 1020/1023/1026 1021/1024/1027
f 1021/1024/1027 1008/1011/1013 1007/1010/1012
f 1009/1012/1014 1022/1025/1028 1023/1026/1029
f 1023/1026/1029 1010/1013/1015 1009/1012/1014
f 1011/1014/1016 1010/1013/1015 1023/1026/1029
f 1023/1026/1029 1024/1027/1030 1011/1014/1016
f 1013/1016/1018 1012/1015/1017 1025/1028/1031
f 1025/1028/1032 1026/1029/1033 1013/1016/1018
f 1027/1030/1034 1028/1031/1035 1029/1032/1036
f 1029/1032/1036 1030/1033/1037 1027/1030/1034
f 1031/1034/1038 1030/1033/1037 1029/1032/1036
f 1029/1032/1036 1032/1035/1039 1031/1034/1038
f 1033/1036/1040 1031/1034/1038 1032/1035/1039
f 1032/1035/1039 1034/1037/1041 1033/1036/1040
f 1035/1038/1042 1036/1039/1043 1037/1040/1044
f 1037/1040/1044 1038/1041/1045 1035/1038/1042
f 1039/1042/1046 1040/1043/1047 1041/1044/1048
f 1041/1044/1048 1042/1045/1049 1039/1042/1046
f 1043/1046/1050 1044/1047/1051 1045/1048/1052
f 1045/1048/1052 1046/1049/1053 1043/1046/1050
f 1047/1050/1054 1046/1049/1053 1045/1048/1052
f 1045/1048/1052 1048/1051/1055 1047/1050/1054
f 1049/1052/1056 1050/1053/1057 1051/1054/1058
f 1051/1054/1058 1052/1055/1059 1049/1052/1056
f 1053/1056/1060 1054/1057/1061 1055/1058/1062
f 1055/1058/1062 1056/1059/1063 1053/1056/1060
f 1057/1060/1064 1056/1059/1063 1055/1058/1062
f 1055/1058/1062 1058/1061/1065 1057/1060/1064
f 1059/1062/1066 1057/1060/1064 1058/1061/1065
f 1058/1061/1065 1060/1063/1067 1059/1062/1066
f 1061/1064/1068 1062/1065/1069 1063/1066/1070
f 1063/1066/1070 1064/1067/1071 1061/1064/1068
f 1065/1068/1072 1066/1069/1073 1067/1070/1074
f 1067/1070/1074 1068/1071/1075 1065/1068/1072
f 1069/1072/1076 1070/1073/1077 1071/1074/1078
f 1071/1074/1078 1072/1075/1079 1069/1072/1076
f 1073/1076/1080 1072/1075/1079 1071/1074/1078
f 1071/1074/1078 1074/1077/1081 1073/1076/1080
f 1075/1078/1082 1076/1079/1083 1077/1080/1084
f 1077/1080/1084 1078/1081/1085 1075/1078/1082
f 1054/1057/1061 1079/1082/1086 1080/1083/1087
f 1080/1083/1087 1055/1058/1062 1054/1057/1061
f 1058/1061/1065 1055/1058/1062 1080/1083/1087
f 1080/1083/1087 1081/1084/1088 1058/1061/1065
f 1060/1063/1067 1058/1061/1065 1081/1084/1088
f 1081/1084/1088 1082/1085/1089 1060/1063/1067
f 1064/1067/1071 1063/1066/1070 1083/1086/1090
f 1083/1086/1090 1084/1087/1091 1064/1067/1071
f 1066/1069/1073 1085/1088/1092 1086/1089/1093
f 1086/1089/1093 1067/1070/1074 1066/1069/1073
f 1070/1073/1077 1087/1090/1094 1088/1091/1095
f 1088/1091/1095 1071/1074/1078 1070/1073/1077
f 1074/1077/1081 1071/1074/1078 1088/1091/1095
f 1088/1091/1095 1089/1092/1096 1074/1077/1081
f 1078/1081/1085 1077/1080/1084 1090/1093/1097
f 1090/1093/1097 1091/1094/1098 1078/1081/1085
f 1079/1082/1086 1092/1095/1099 1093/1096/1100
f 1093/1096/1100 1080/1083/1087 1079/1082/1086
f 1081/1084/1088 1080/1083/1087 1093/1096/1100
f 1093/1096/1100 1094/1097/1101 1081/1084/1088
f 1082/1085/1089 1081/1084/1088 1094/1097/1101
f 1094/1097/1101 1095/1098/1102 1082/1085/1089
f 1084/1087/1091 1083/1086/1090 1096/1099/1103
f 1096/1099/1103 1097/1100/1104 1084/1087/1091
f 1085/1088/1092 1098/1101/1105 1099/1102/1106
f 1099/1102/1106 1086/1089/1093 1085/1088/1092
f 1087/1090/1094 1100/1103/1107 1101/1104/1108
f 1101/1104/1108 1088/1091/1095 1087/1090/1094
f 1089/1092/1096 1088/1091/1095 1101/1104/1108
f 1101/1104/1108 1102/1105/1109 1089/1092/1096
f 1091/1094/1098 1090/1093/1097 1103/1106/1110
f 1103/1106/1110 1104/1107/1111 1091/1094/1098
f 1105/1108/1112 1106/1109/1113 1107/1110/1114
f 1107/1110/1114 1108/1111/1115 1105/1108/1112
f 1109/1112/1116 1108/1111/1115 1107/1110/1114
f 1107/1110/1114 1110/1113/1117 1109/1112/1116
f 1111/1114/1118 1109/1112/1116 1110/1113/1117
f 1110/1113/1117 1112/1115/1119 1111/1114/1118
f 1113/1116/1120 1114/1117/1121 1115/1118/1122
f 1115/1118/1122 1116/1119/1123 1113/1116/1120
f 1117/1120/1124 1118/1121/1125 1119/1122/1126
f 1119/1122/1126 1120/1123/1127 1117/1120/1124
f 1121/1124/1128 1122/1125/1129 1123/1126/1130
f 1123/1126/1130 1124/1127/1131 1121/1124/1128
f 1125/1128/1132 1126/1129/1133 1127/1130/1134
f 1127/1130/1134 1128/1131/1135 1125/1128/1132
f 1028/1031/1035 1053/1056/1060 1056/1059/1063
f 1056/1059/1063 1029/1032/1036 1028/1031/1035
f 1032/1035/1039 1029/1032/1036 1056/1059/1063
f 1056/1059/1063 1057/1060/1064 1032/1035/1039
f 1034/1037/1041 1032/1035/1039 1057/1060/1064
f 1057/1060/1064 1059/1062/1066 1034/1037/1041
f 1038/1041/1045 1037/1040/1044 1062/1065/1069
f 1062/1065/1069 1061/1064/1068 1038/1041/1045
f 1040/1043/1047 1065/1068/1072 1068/1071/1075
f 1068/1071/1075 1041/1044/1048 1040/1043/1047
f 1044/1047/1051 1069/1072/1076 1072/1075/1079
f 1072/1075/1079 1045/1048/1052 1044/1047/1051
f 1048/1051/1055 1045/1048/1052 1072/1075/1079
f 1072/1075/1079 1073/1076/1080 1048/1051/1055
f 1052/1055/1059 1051/1054/1058 1076/1079/1083
f 1076/1079/1083 1075/1078/1082 1052/1055/1059
f 1129/1132/1136 1027/1030/1034 1030/1033/1037
f 1030/1033/1037 1130/1133/1137 1129/1132/1136
f 1131/1134/1138 1130/1133/1137 1030/1033/1037
f 1030/1033/1037 1031/1034/1038 1131/1134/1138
f 1132/1135/1139 1131/1134/1138 1031/1034/1038
f 1031/1034/1038 1033/1036/1040 1132/1135/1139
f 1133/1136/1140 1134/1137/1141 1036/1039/1043
f 1036/1039/1043 1035/1038/1042 1133/1136/1140
f 1135/1138/1142 1039/1042/1046 1042/1045/1049
f 1042/1045/1049 1136/1139/1143 1135/1138/1142
f 1137/1140/1144 1043/1046/1050 1046/1049/1053
f 1046/1049/1053 1138/1141/1145 1137/1140/1144
f 1139/1142/1146 1138/1141/1145 1046/1049/1053
f 1046/1049/1053 1047/1050/1054 1139/1142/1146
f 1140/1143/1147 1141/1144/1148 1050/1053/1057
f 1050/1053/1057 1049/1052/1056 1140/1143/1147
f 1092/1095/1099 1105/1108/1112 1108/1111/1115
f 1108/1111/1115 1093/1096/1100 1092/1095/1099
f 1094/1097/1101 1093/1096/1100 1108/1111/1115
f 1108/1111/1115 1109/1112/1116 1094/1097/1101
f 1095/1098/1102 1094/1097/1101 1109/1112/1116
f 1109/1112/1116 1111/1114/1118 1095/1098/1102
f 1097/1100/1104 1096/1099/1103 1114/1117/1121
f 1114/1117/1121 1113/1116/1120 1097/1100/1104
f 1098/1101/1105 1117/1120/1124 1120/1123/1127
f 1120/1123/1127 1099/1102/1106 1098/1101/1105
f 1100/1103/1107 1121/1124/1128 1124/1127/1131
f 1124/1127/1131 1101/1104/1108 1100/1103/1107
f 1104/1107/1111 1103/1106/1110 1126/1129/1133
f 1126/1129/1133 1125/1128/1132 1104/1107/1111
f 1142/1145/1149 1143/1146/1150 1144/1147/1151
f 1144/1147/1151 1145/1148/1152 1142/1145/1149
f 1146/1149/1153 1145/1148/1152 1144/1147/1151
f 1144/1147/1151 1147/1150/1154 1146/1149/1153
f 1148/1151/1155 1149/1152/1156 1150/1153/1157
f 1150/1153/1157 1151/1154/1158 1148/1151/1155
f 1152/1155/1159 1151/1154/1158 1150/1153/1157
f 1150/1153/1157 1153/1156/1160 1152/1155/1159
f 1154/1157/1161 1155/1158/1162 1156/1159/1163
f 1156/1159/1163 1157/1160/1164 1154/1157/1161
f 1143/1146/1150 1158/1161/1165 1159/1162/1166
f 1159/1162/1166 1144/1147/1151 1143/1146/1150
f 1147/1150/1154 1144/1147/1151 1159/1162/1166
f 1159/1162/1166 1160/1163/1167 1147/1150/1154
f 1149/1152/1156 1161/1164/1168 1162/1165/1169
f 1162/1165/1169 1150/1153/1157 1149/1152/1156
f 1153/1156/1160 1150/1153/1157 1162/1165/1169
f 1162/1165/1169 1163/1166/1170 1153/1156/1160
f 1157/1160/1164 1156/1159/1163 1164/1167/1171
f 1164/1167/1171 1165/1168/1172 1157/1160/1164
f 1158/1161/1165 1166/1169/1173 1167/1170/1174
f 1167/1170/1174 1159/1162/1166 1158/1161/1165
f 1160/1163/1167 1159/1162/1166 1167/1170/1174
f 1167/1170/1174 1168/1171/1175 1160/1163/1167
f 1161/1164/1168 1169/1172/1176 1170/1173/1177
f 1170/1173/1177 1162/1165/1169 1161/1164/1168
f 1163/1166/1170 1162/1165/1169 1170/1173/1177
f 1170/1173/1177 1171/1174/1178 1163/1166/1170
f 1165/1168/1172 1164/1167/1171 1172/1175/1179
f 1172/1175/1179 1173/1176/1180 1165/1168/1172
f 1166/1169/1173 1174/1177/1181 1175/1178/1182
f 1175/1178/1182 1167/1170/1174 1166/1169/1173
f 1168/1171/1175 1167/1170/1174 1175/1178/1182
f 1175/1178/1182 1176/1179/1183 1168/1171/1175
f 1169/1172/1176 1177/1180/1184 1178/1181/1185
f 1178/1181/1185 1170/1173/1177 1169/1172/1176
f 1171/1174/1178 1170/1173/1177 1178/1181/1185
f 1178/1181/1185 1179/1182/1186 1171/1174/1178
f 1173/1176/1180 1172/1175/1179 1180/1183/1187
f 1180/1183/1187 1181/1184/1188 1173/1176/1180
f 1174/1177/1181 1182/1185/1189 1183/1186/1190
f 1183/1186/1190 1175/1178/1182 1174/1177/1181
f 1176/1179/1183 1175/1178/1182 1183/1186/1190
f 1183/1186/1190 1184/1187/1191 1185/1188/1192
f 1183/1186/1190 1185/1188/1192 1176/1179/1183
f 1177/1180/1184 1186/1189/1193 1187/1190/1194
f 1187/1190/1194 1178/1181/1185 1177/1180/1184
f 1179/1182/1186 1178/1181/1185 1187/1190/1194
f 1187/1190/1194 1188/1191/1195 1179/1182/1186
f 1181/1184/1188 1180/1183/1187 1189/1192/1196
f 1189/1192/1196 1190/1193/1197 1181/1184/1188
f 1182/1185/1189 1191/1194/1198 1192/1195/1199
f 1192/1195/1199 1183/1186/1190 1182/1185/1189
f 1184/1187/1191 1183/1186/1190 1192/1195/1199
f 1192/1195/1199 1193/1196/1200 1184/1187/1191
f 1186/1189/1193 1194/1197/1201 1195/1198/1202
f 1195/1198/1202 1187/1190/1194 1186/1189/1193
f 1188/1191/1195 1187/1190/1194 1195/1198/1202
f 1195/1198/1202 1196/1199/1203 1188/1191/1195
f 1190/1193/1197 1189/1192/1196 1197/1200/1204
f 1197/1200/1205 1198/1201/1206 1190/1193/1197
f 1191/1194/1198 1199/1202/1207 1200/1203/1208
f 1200/1203/1208 1192/1195/1199 1191/1194/1198
f 1193/1196/1200 1192/1195/1199 1200/1203/1208
f 1200/1203/1208 1201/1204/1209 1193/1196/1200
f 1194/1197/1201 1202/1205/1210 1203/1206/1211
f 1203/1206/1211 1195/1198/1202 1194/1197/1201
f 1204/1207/1212 1205/1208/1213 1206/1209/1214
f 1206/1209/1214 1207/1210/1215 1204/1207/1212
f 1208/1211/1216 1209/1212/1217 1210/1213/1218
f 1210/1213/1218 1211/1214/1219 1208/1211/1216
f 1212/1215/1220 1213/1216/1221 1214/1217/1222
f 1214/1217/1222 1215/1218/1223 1212/1215/1220
f 1216/1219/1224 1215/1218/1223 1214/1217/1222
f 1214/1217/1222 1217/1220/1225 1216/1219/1224
f 1218/1221/1226 1219/1222/1227 1220/1223/1228
f 1220/1223/1228 1221/1224/1229 1218/1221/1226
f 1213/1216/1221 1222/1225/1230 1223/1226/1231
f 1223/1226/1231 1214/1217/1222 1213/1216/1221
f 1217/1220/1225 1214/1217/1222 1223/1226/1231
f 1223/1226/1231 1224/1227/1232 1217/1220/1225
f 1219/1222/1227 1225/1228/1233 1226/1229/1234
f 1226/1229/1234 1220/1223/1228 1219/1222/1227
f 1227/1230/1235 1220/1223/1228 1226/1229/1234
f 1226/1229/1234 1228/1231/1236 1227/1230/1235
f 1229/1232/1237 1230/1233/1238 1231/1234/1239
f 1231/1234/1239 1232/1235/1240 1229/1232/1237
f 1222/1225/1230 1233/1236/1241 1234/1237/1242
f 1234/1237/1242 1223/1226/1231 1222/1225/1230
f 1224/1227/1232 1223/1226/1231 1234/1237/1242
f 1234/1237/1242 1235/1238/1243 1224/1227/1232
f 1225/1228/1233 1236/1239/1244 1237/1240/1245
f 1237/1240/1245 1226/1229/1234 1225/1228/1233
f 1228/1231/1236 1226/1229/1234 1237/1240/1245
f 1237/1240/1245 1238/1241/1246 1228/1231/1236
f 1232/1235/1240 1231/1234/1239 1239/1242/1247
f 1239/1242/1248 1240/1243/1249 1232/1235/1240
f 1241/1244/1250 1242/1245/1251 1243/1246/1252
f 1243/1246/1252 1244/1247/1253 1241/1244/1250
f 1245/1248/1254 1244/1247/1253 1243/1246/1252
f 1243/1246/1255 1246/1249/1256 1245/1248/1257
f 1247/1250/1258 1248/1251/1259 1249/1252/1260
f 1249/1252/1260 1250/1253/1261 1247/1250/1258
f 1251/1254/1262 1252/1255/1263 1253/1256/1264
f 1253/1256/1264 1254/1257/1265 1251/1254/1262
f 1255/1258/1266 1256/1259/1267 1257/1260/1268
f 1257/1260/1268 1258/1261/1269 1255/1258/1266
f 1259/1262/1270 1218/1221/1226 1221/1224/1229
f 1221/1224/1229 1206/1209/1214 1259/1262/1270
f 1260/1263/1271 1212/1215/1220 1215/1218/1223
f 1215/1218/1223 1261/1264/1272 1260/1263/1271
f 1262/1265/1273 1261/1264/1272 1215/1218/1223
f 1215/1218/1223 1216/1219/1224 1262/1265/1273
f 1263/1266/1274 1264/1267/1275 1230/1233/1238
f 1230/1233/1238 1229/1232/1237 1263/1266/1274
f 1265/1268/1276 1266/1269/1277 1220/1223/1228
f 1220/1223/1228 1227/1230/1235 1265/1268/1276
f 1266/1269/1277 1267/1270/1278 1221/1224/1229
f 1221/1224/1229 1220/1223/1228 1266/1269/1277
f 1267/1270/1278 1268/1271/1279 1206/1209/1214
f 1206/1209/1214 1221/1224/1229 1267/1270/1278
f 1268/1271/1279 1269/1272/1280 1207/1210/1215
f 1207/1210/1215 1206/1209/1214 1268/1271/1279
f 1270/1273/1281 1271/1274/1282 1211/1214/1219
f 1211/1214/1219 1210/1213/1218 1270/1273/1281
f 1271/1274/1282 1272/1275/1283 1273/1276/1284
f 1273/1276/1284 1211/1214/1219 1271/1274/1282
f 1272/1275/1283 1263/1266/1274 1229/1232/1237
f 1229/1232/1237 1273/1276/1284 1272/1275/1283
f 915/918/920 914/917/919 931/934/936
f 931/934/936 930/933/935 915/918/920
f 917/920/922 915/918/920 930/933/935
f 930/933/935 934/937/939 917/920/922
f 919/922/924 917/920/922 934/937/939
f 934/937/939 936/939/941 919/922/924
f 923/926/928 922/925/927 939/942/944
f 939/942/944 938/941/943 923/926/928
f 925/928/930 923/926/928 938/941/943
f 938/941/943 942/945/947 925/928/930
f 927/930/932 925/928/930 942/945/947
f 942/945/947 944/947/949 927/930/932
f 929/932/934 927/930/932 944/947/949
f 944/947/949 946/949/951 929/932/934
f 914/917/919 929/932/934 946/949/951
f 946/949/951 931/934/936 914/917/919
f 904/907/909 903/906/908 913/916/918
f 913/916/918 912/915/917 904/907/909
f 905/908/910 904/907/909 912/915/917
f 912/915/917 916/919/921 905/908/910
f 906/909/911 905/908/910 916/919/921
f 916/919/921 918/921/923 906/909/911
f 908/911/913 907/910/912 921/924/926
f 921/924/926 920/923/925 908/911/913
f 909/912/914 908/911/913 920/923/925
f 920/923/925 924/927/929 909/912/914
f 910/913/915 909/912/914 924/927/929
f 924/927/929 926/929/931 910/913/915
f 911/914/916 910/913/915 926/929/931
f 926/929/931 928/931/933 911/914/916
f 903/906/908 911/914/916 928/931/933
f 928/931/933 913/916/918 903/906/908
f 1274/1277/1285 1254/1257/1265 1253/1256/1264
f 1253/1256/1264 1275/1278/1286 1274/1277/1285
f 1276/1279/1287 1124/1127/1131 1123/1126/1130
f 1123/1126/1130 1277/1280/1288 1276/1279/1287
f 1276/1279/1287 1102/1105/1109 1101/1104/1108
f 1101/1104/1108 1124/1127/1131 1276/1279/1287
f 1278/1281/1289 1279/1282/1290 1280/1283/1291
f 1280/1283/1291 1281/1284/1292 1278/1281/1289
f 1282/1285/1293 1283/1286/1294 1284/1287/1295
f 1284/1287/1295 1285/1288/1296 1282/1285/1293
f 1282/1285/1293 1286/1289/1297 1287/1290/1298
f 1287/1290/1298 1283/1286/1294 1282/1285/1293
f 1288/1291/1299 1289/1292/1300 1290/1293/1301
f 1290/1293/1301 1291/1294/1302 1288/1291/1299
f 1292/1295/1303 1293/1296/1304 1294/1297/1305
f 1294/1297/1305 1295/1298/1306 1292/1295/1303
f 1296/1299/1307 1297/1300/1308 1298/1301/1309
f 1298/1301/1309 1299/1302/1310 1296/1299/1307
f 1300/1303/1311 1301/1304/1312 1302/1305/1313
f 1302/1305/1313 1303/1306/1314 1300/1303/1311
f 1280/1283/1291 1279/1282/1290 1304/1307/1315
f 1304/1307/1315 1305/1308/1316 1280/1283/1291
f 1284/1287/1295 1283/1286/1294 1306/1309/1317
f 1306/1309/1317 1307/1310/1318 1284/1287/1295
f 1283/1286/1294 1287/1290/1298 1308/1311/1319
f 1308/1311/1319 1306/1309/1317 1283/1286/1294
f 1309/1312/1320 1310/1313/1321 1294/1297/1305
f 1294/1297/1305 1293/1296/1304 1309/1312/1320
f 1299/1302/1310 1298/1301/1309 1311/1314/1322
f 1311/1314/1322 1312/1315/1323 1299/1302/1310
f 1303/1306/1314 1302/1305/1313 1313/1316/1324
f 1313/1316/1324 1314/1317/1325 1303/1306/1314
f 1290/1293/1301 1289/1292/1300 1315/1318/1326
f 1315/1318/1326 1316/1319/1327 1290/1293/1301
f 998/1001/1003 997/1000/1002 1317/1320/1328
f 1317/1320/1328 1318/1321/1329 998/1001/1003
f 994/997/999 995/998/1000 1319/1322/1330
f 1319/1322/1330 1320/1323/1331 994/997/999
f 991/994/996 994/997/999 1320/1323/1331
f 1320/1323/1331 1321/1324/1332 991/994/996
f 987/990/992 990/993/995 1322/1325/1333
f 1322/1325/1333 1323/1326/1334 987/990/992
f 984/987/989 983/986/988 1324/1327/1335
f 1324/1327/1335 1325/1328/1336 984/987/989
f 979/982/984 981/984/986 1326/1329/1337
f 1326/1329/1337 1327/1330/1338 979/982/984
f 978/981/983 979/982/984 1327/1330/1338
f 1327/1330/1338 1328/1331/1339 978/981/983
f 975/978/980 978/981/983 1328/1331/1339
f 1328/1331/1339 1329/1332/1340 975/978/980
f 1286/1289/1297 1330/1333/1341 1331/1334/1342
f 1331/1334/1342 1332/1335/1343 1286/1289/1297
f 1286/1289/1297 1332/1335/1343 1333/1336/1344
f 1333/1336/1344 1287/1290/1298 1286/1289/1297
f 1334/1337/1345 1335/1338/1346 1336/1339/1347
f 1336/1339/1347 1337/1340/1348 1334/1337/1345
f 1338/1341/1349 1339/1342/1350 1340/1343/1351
f 1340/1343/1351 1341/1344/1352 1338/1341/1349
f 1339/1342/1350 1291/1294/1302 1342/1345/1353
f 1342/1345/1353 1340/1343/1351 1339/1342/1350
f 1343/1346/1354 1342/1345/1353 1291/1294/1302
f 1291/1294/1302 1290/1293/1301 1343/1346/1354
f 1308/1311/1319 1287/1290/1298 1333/1336/1344
f 1333/1336/1344 1344/1347/1355 1308/1311/1319
f 1290/1293/1301 1316/1319/1327 1345/1348/1356
f 1345/1348/1356 1343/1346/1354 1290/1293/1301
f 1332/1335/1343 1331/1334/1342 1346/1349/1357
f 1346/1349/1357 1295/1298/1306 1332/1335/1343
f 1337/1340/1348 1336/1339/1347 1347/1350/1358
f 1347/1350/1358 1348/1351/1359 1337/1340/1348
f 1341/1344/1352 1340/1343/1351 1349/1352/1360
f 1349/1352/1360 1350/1353/1361 1341/1344/1352
f 1340/1343/1351 1342/1345/1353 1351/1354/1362
f 1351/1354/1362 1349/1352/1360 1340/1343/1351
f 1333/1336/1344 1332/1335/1343 1295/1298/1306
f 1295/1298/1306 1294/1297/1305 1333/1336/1344
f 1342/1345/1353 1343/1346/1354 1352/1355/1363
f 1352/1355/1363 1351/1354/1362 1342/1345/1353
f 1344/1347/1355 1333/1336/1344 1294/1297/1305
f 1294/1297/1305 1310/1313/1321 1344/1347/1355
f 1343/1346/1354 1345/1348/1356 1353/1356/1364
f 1353/1356/1364 1352/1355/1363 1343/1346/1354
f 1354/1357/1365 1292/1295/1303 1295/1298/1306
f 1295/1298/1306 1346/1349/1357 1354/1357/1365
f 1350/1353/1361 1349/1352/1360 1300/1303/1311
f 1300/1303/1311 1355/1358/1366 1350/1353/1361
f 1351/1354/1362 1301/1304/1312 1300/1303/1311
f 1300/1303/1311 1349/1352/1360 1351/1354/1362
f 1351/1354/1362 1352/1355/1363 1302/1305/1313
f 1302/1305/1313 1301/1304/1312 1351/1354/1362
f 1353/1356/1364 1313/1316/1324 1302/1305/1313
f 1302/1305/1313 1352/1355/1363 1353/1356/1364
f 1356/1359/1367 1357/1360/1368 1358/1361/1369
f 1358/1361/1369 1359/1362/1370 1356/1359/1367
f 1360/1363/1371 1356/1359/1367 1359/1362/1370
f 1359/1362/1370 1361/1364/1372 1360/1363/1371
f 1362/1365/1373 1360/1363/1371 1361/1364/1372
f 1361/1364/1372 1363/1366/1374 1362/1365/1373
f 1364/1367/1375 1362/1365/1373 1363/1366/1374
f 1363/1366/1374 1365/1368/1376 1364/1367/1375
f 1366/1369/1377 1364/1367/1375 1365/1368/1376
f 1367/1370/1378 1368/1371/1379 1369/1372/1380
f 1369/1372/1380 1370/1373/1381 1367/1370/1378
f 1371/1374/1382 1366/1369/1377 1365/1368/1376
f 1365/1368/1376 1372/1375/1383 1371/1374/1382
f 1365/1368/1376 1363/1366/1374 1373/1376/1384
f 1373/1376/1384 1372/1375/1383 1365/1368/1376
f 1363/1366/1374 1361/1364/1372 1374/1377/1385
f 1374/1377/1385 1373/1376/1384 1363/1366/1374
f 1361/1364/1372 1359/1362/1370 1375/1378/1386
f 1375/1378/1386 1374/1377/1385 1361/1364/1372
f 1359/1362/1370 1358/1361/1369 1376/1379/1387
f 1376/1379/1387 1375/1378/1386 1359/1362/1370
f 1369/1372/1380 1368/1371/1379 1377/1380/1388
f 1377/1380/1388 1378/1381/1389 1369/1372/1380
f 1348/1351/1359 1347/1350/1358 1297/1300/1308
f 1297/1300/1308 1296/1299/1307 1348/1351/1359
f 1300/1303/1311 1303/1306/1314 1379/1382/1390
f 1379/1382/1390 1355/1358/1366 1300/1303/1311
f 1303/1306/1314 1314/1317/1325 1380/1383/1391
f 1380/1383/1391 1379/1382/1390 1303/1306/1314
f 1354/1357/1365 1381/1384/1392 1293/1296/1304
f 1293/1296/1304 1292/1295/1303 1354/1357/1365
f 1381/1384/1392 1382/1385/1393 1309/1312/1320
f 1309/1312/1320 1293/1296/1304 1381/1384/1392
f 1370/1373/1381 1369/1372/1380 1358/1361/1369
f 1358/1361/1369 1357/1360/1368 1370/1373/1381
f 1369/1372/1380 1378/1381/1389 1376/1379/1387
f 1376/1379/1387 1358/1361/1369 1369/1372/1380
f 1383/1386/1394 1384/1387/1395 1385/1388/1396
f 1385/1388/1396 1386/1389/1397 1383/1386/1394
f 1384/1387/1395 1387/1390/1398 1388/1391/1399
f 1388/1391/1399 1385/1388/1396 1384/1387/1395
f 1387/1390/1398 1389/1392/1400 1390/1393/1401
f 1390/1393/1401 1388/1391/1399 1387/1390/1398
f 1389/1392/1400 1391/1394/1402 1392/1395/1403
f 1392/1395/1403 1390/1393/1401 1389/1392/1400
f 1391/1394/1402 1393/1396/1404 1394/1397/1405
f 1394/1397/1405 1392/1395/1403 1391/1394/1402
f 1393/1396/1404 1395/1398/1406 1396/1399/1407
f 1396/1399/1407 1394/1397/1405 1393/1396/1404
f 1395/1398/1406 1397/1400/1408 1398/1401/1409
f 1398/1401/1409 1396/1399/1407 1395/1398/1406
f 1399/1402/1410 1400/1403/1411 1401/1404/1412
f 1401/1404/1412 1402/1405/1413 1399/1402/1410
f 1400/1403/1411 1403/1406/1414 1404/1407/1415
f 1404/1407/1415 1401/1404/1412 1400/1403/1411
f 1403/1406/1414 1405/1408/1416 1406/1409/1417
f 1406/1409/1417 1404/1407/1415 1403/1406/1414
f 1407/1410/1418 1399/1402/1410 1402/1405/1413
f 1402/1405/1413 1408/1411/1419 1407/1410/1418
f 1118/1121/1125 1247/1250/1258 1250/1253/1261
f 1250/1253/1261 1119/1122/1126 1118/1121/1125
f 1122/1125/1129 1251/1254/1262 1254/1257/1265
f 1254/1257/1265 1123/1126/1130 1122/1125/1129
f 1277/1280/1288 1123/1126/1130 1254/1257/1265
f 1254/1257/1265 1274/1277/1285 1277/1280/1288
f 1128/1131/1135 1127/1130/1134 1256/1259/1267
f 1256/1259/1267 1255/1258/1266 1128/1131/1135
f 1106/1109/1113 1241/1244/1250 1244/1247/1253
f 1244/1247/1253 1107/1110/1114 1106/1109/1113
f 1110/1113/1117 1107/1110/1114 1244/1247/1253
f 1110/1113/1117 1244/1247/1253 1245/1248/1254
f 1245/1248/1420 1409/1412/1421 1110/1113/1117
f 1118/1121/1125 1116/1119/1123 1410/1413/1422
f 1118/1121/1125 1410/1413/1422 1411/1414/1423
f 1411/1414/1423 1247/1250/1258 1118/1121/1125
f 1117/1120/1124 1113/1116/1120 1116/1119/1123
f 1116/1119/1123 1118/1121/1125 1117/1120/1124
f 1098/1101/1105 1097/1100/1104 1113/1116/1120
f 1113/1116/1120 1117/1120/1124 1098/1101/1105
f 1085/1088/1092 1084/1087/1091 1097/1100/1104
f 1097/1100/1104 1098/1101/1105 1085/1088/1092
f 1066/1069/1073 1064/1067/1071 1084/1087/1091
f 1084/1087/1091 1085/1088/1092 1066/1069/1073
f 1065/1068/1072 1061/1064/1068 1064/1067/1071
f 1064/1067/1071 1066/1069/1073 1065/1068/1072
f 1040/1043/1047 1038/1041/1045 1061/1064/1068
f 1061/1064/1068 1065/1068/1072 1040/1043/1047
f 1039/1042/1046 1035/1038/1042 1038/1041/1045
f 1038/1041/1045 1040/1043/1047 1039/1042/1046
f 1135/1138/1142 1133/1136/1140 1035/1038/1042
f 1035/1038/1042 1039/1042/1046 1135/1138/1142
f 1007/1010/1012 1006/1009/1011 1019/1022/1025
f 1019/1022/1025 1020/1023/1026 1007/1010/1012
f 988/991/993 986/989/991 1006/1009/1011
f 1006/1009/1011 1007/1010/1012 988/991/993
f 987/990/992 983/986/988 986/989/991
f 986/989/991 988/991/993 987/990/992
f 987/990/992 1323/1326/1334 1324/1327/1335
f 1324/1327/1335 983/986/988 987/990/992
f 1334/1337/1345 1337/1340/1348 1331/1334/1342
f 1331/1334/1342 1330/1333/1341 1334/1337/1345
f 1337/1340/1348 1348/1351/1359 1346/1349/1357
f 1346/1349/1357 1331/1334/1342 1337/1340/1348
f 1348/1351/1359 1296/1299/1307 1354/1357/1365
f 1354/1357/1365 1346/1349/1357 1348/1351/1359
f 1296/1299/1307 1299/1302/1310 1381/1384/1392
f 1381/1384/1392 1354/1357/1365 1296/1299/1307
f 1299/1302/1310 1312/1315/1323 1382/1385/1393
f 1382/1385/1393 1381/1384/1392 1299/1302/1310
f 1225/1228/1233 1404/1407/1415 1406/1409/1417
f 1406/1409/1417 1236/1239/1244 1225/1228/1233
f 1219/1222/1227 1401/1404/1412 1404/1407/1415
f 1404/1407/1415 1225/1228/1233 1219/1222/1227
f 1218/1221/1226 1402/1405/1413 1401/1404/1412
f 1401/1404/1412 1219/1222/1227 1218/1221/1226
f 1259/1262/1270 1408/1411/1419 1402/1405/1413
f 1402/1405/1413 1218/1221/1226 1259/1262/1270
f 1194/1197/1201 1396/1399/1407 1398/1401/1409
f 1398/1401/1409 1202/1205/1210 1194/1197/1201
f 1186/1189/1193 1394/1397/1405 1396/1399/1407
f 1396/1399/1407 1194/1197/1201 1186/1189/1193
f 1177/1180/1184 1392/1395/1403 1394/1397/1405
f 1394/1397/1405 1186/1189/1193 1177/1180/1184
f 1169/1172/1176 1390/1393/1401 1392/1395/1403
f 1392/1395/1403 1177/1180/1184 1169/1172/1176
f 1161/1164/1168 1388/1391/1399 1390/1393/1401
f 1390/1393/1401 1169/1172/1176 1161/1164/1168
f 1149/1152/1156 1385/1388/1396 1388/1391/1399
f 1388/1391/1399 1161/1164/1168 1149/1152/1156
f 1148/1151/1155 1386/1389/1397 1385/1388/1396
f 1385/1388/1396 1149/1152/1156 1148/1151/1155
f 1251/1254/1262 1250/1253/1261 1249/1252/1260
f 1249/1252/1260 1252/1255/1263 1251/1254/1262
f 1122/1125/1129 1119/1122/1126 1250/1253/1261
f 1250/1253/1261 1251/1254/1262 1122/1125/1129
f 1121/1124/1128 1120/1123/1127 1119/1122/1126
f 1119/1122/1126 1122/1125/1129 1121/1124/1128
f 1100/1103/1107 1099/1102/1106 1120/1123/1127
f 1120/1123/1127 1121/1124/1128 1100/1103/1107
f 1087/1090/1094 1086/1089/1093 1099/1102/1106
f 1099/1102/1106 1100/1103/1107 1087/1090/1094
f 1070/1073/1077 1067/1070/1074 1086/1089/1093
f 1086/1089/1093 1087/1090/1094 1070/1073/1077
f 1069/1072/1076 1068/1071/1075 1067/1070/1074
f 1067/1070/1074 1070/1073/1077 1069/1072/1076
f 1044/1047/1051 1041/1044/1048 1068/1071/1075
f 1068/1071/1075 1069/1072/1076 1044/1047/1051
f 1043/1046/1050 1042/1045/1049 1041/1044/1048
f 1041/1044/1048 1044/1047/1051 1043/1046/1050
f 1137/1140/1144 1136/1139/1143 1042/1045/1049
f 1042/1045/1049 1043/1046/1050 1137/1140/1144
f 1009/1012/1014 1008/1011/1013 1021/1024/1027
f 1021/1024/1027 1022/1025/1028 1009/1012/1014
f 992/995/997 989/992/994 1008/1011/1013
f 1008/1011/1013 1009/1012/1014 992/995/997
f 991/994/996 990/993/995 989/992/994
f 989/992/994 992/995/997 991/994/996
f 991/994/996 1321/1324/1332 1322/1325/1333
f 1322/1325/1333 990/993/995 991/994/996
f 1338/1341/1349 1341/1344/1352 1336/1339/1347
f 1336/1339/1347 1335/1338/1346 1338/1341/1349
f 1341/1344/1352 1350/1353/1361 1347/1350/1358
f 1347/1350/1358 1336/1339/1347 1341/1344/1352
f 1350/1353/1361 1355/1358/1366 1297/1300/1308
f 1297/1300/1308 1347/1350/1358 1350/1353/1361
f 1355/1358/1366 1379/1382/1390 1298/1301/1309
f 1298/1301/1309 1297/1300/1308 1355/1358/1366
f 1379/1382/1390 1380/1383/1391 1311/1314/1322
f 1311/1314/1322 1298/1301/1309 1379/1382/1390
f 1222/1225/1230 1232/1235/1240 1240/1243/1249
f 1240/1243/1249 1233/1236/1241 1222/1225/1230
f 1213/1216/1221 1229/1232/1237 1232/1235/1240
f 1232/1235/1240 1222/1225/1230 1213/1216/1221
f 1212/1215/1220 1273/1276/1284 1229/1232/1237
f 1229/1232/1237 1213/1216/1221 1212/1215/1220
f 1260/1263/1271 1211/1214/1219 1273/1276/1284
f 1273/1276/1284 1212/1215/1220 1260/1263/1271
f 1182/1185/1189 1190/1193/1197 1198/1201/1206
f 1198/1201/1206 1191/1194/1198 1182/1185/1189
f 1174/1177/1181 1181/1184/1188 1190/1193/1197
f 1190/1193/1197 1182/1185/1189 1174/1177/1181
f 1166/1169/1173 1173/1176/1180 1181/1184/1188
f 1181/1184/1188 1174/1177/1181 1166/1169/1173
f 1158/1161/1165 1165/1168/1172 1173/1176/1180
f 1173/1176/1180 1166/1169/1173 1158/1161/1165
f 1143/1146/1150 1157/1160/1164 1165/1168/1172
f 1165/1168/1172 1158/1161/1165 1143/1146/1150
f 1142/1145/1149 1154/1157/1161 1157/1160/1164
f 1157/1160/1164 1143/1146/1150 1142/1145/1149
f 1241/1244/1250 1255/1258/1266 1258/1261/1269
f 1258/1261/1269 1242/1245/1251 1241/1244/1250
f 1106/1109/1113 1128/1131/1135 1255/1258/1266
f 1255/1258/1266 1241/1244/1250 1106/1109/1113
f 1105/1108/1112 1125/1128/1132 1128/1131/1135
f 1128/1131/1135 1106/1109/1113 1105/1108/1112
f 1092/1095/1099 1104/1107/1111 1125/1128/1132
f 1125/1128/1132 1105/1108/1112 1092/1095/1099
f 1079/1082/1086 1091/1094/1098 1104/1107/1111
f 1104/1107/1111 1092/1095/1099 1079/1082/1086
f 1054/1057/1061 1078/1081/1085 1091/1094/1098
f 1091/1094/1098 1079/1082/1086 1054/1057/1061
f 1053/1056/1060 1075/1078/1082 1078/1081/1085
f 1078/1081/1085 1054/1057/1061 1053/1056/1060
f 1028/1031/1035 1052/1055/1059 1075/1078/1082
f 1075/1078/1082 1053/1056/1060 1028/1031/1035
f 1027/1030/1034 1049/1052/1056 1052/1055/1059
f 1052/1055/1059 1028/1031/1035 1027/1030/1034
f 1129/1132/1136 1140/1143/1147 1049/1052/1056
f 1049/1052/1056 1027/1030/1034 1129/1132/1136
f 1001/1004/1006 1013/1016/1018 1026/1029/1033
f 1026/1029/1033 1014/1017/1019 1001/1004/1006
f 976/979/981 1000/1003/1005 1013/1016/1018
f 1013/1016/1018 1001/1004/1006 976/979/981
f 975/978/980 997/1000/1002 1000/1003/1005
f 1000/1003/1005 976/979/981 975/978/980
f 975/978/980 1329/1332/1340 1317/1320/1328
f 1317/1320/1328 997/1000/1002 975/978/980
f 1281/1284/1292 1280/1283/1291 1289/1292/1300
f 1289/1292/1300 1288/1291/1299 1281/1284/1292
f 1280/1283/1291 1305/1308/1316 1315/1318/1326
f 1315/1318/1326 1289/1292/1300 1280/1283/1291
f 1412/1415/1424 359/362/362 1413/1416/1425
f 1413/1416/1425 1414/1417/1426 1412/1415/1424
f 370/373/373 386/389/391 1415/1418/1427
f 1415/1418/1427 1416/1419/1428 370/373/373
f 371/374/374 370/373/373 1416/1419/1428
f 1416/1419/1428 1417/1420/1429 371/374/374
f 372/375/375 371/374/374 1417/1420/1429
f 1417/1420/1429 1418/1421/1430 372/375/375
f 355/358/358 372/375/375 1418/1421/1430
f 1418/1421/1430 1419/1422/1431 355/358/358
f 354/357/357 355/358/358 1419/1422/1431
f 1419/1422/1431 1420/1423/1432 354/357/357
f 358/361/361 354/357/357 1420/1423/1432
f 1420/1423/1432 1421/1424/1433 358/361/361
f 359/362/362 358/361/361 1421/1424/1433
f 1421/1424/1433 1413/1416/1425 359/362/362
f 1414/1417/1426 1413/1416/1425 1422/1425/1434
f 1422/1425/1434 1423/1426/1435 1414/1417/1426
f 1413/1416/1425 1421/1424/1433 1424/1427/1436
f 1424/1427/1436 1422/1425/1434 1413/1416/1425
f 1421/1424/1433 1420/1423/1432 1425/1428/1437
f 1425/1428/1437 1424/1427/1436 1421/1424/1433
f 1420/1423/1432 1419/1422/1431 1426/1429/1438
f 1426/1429/1438 1425/1428/1437 1420/1423/1432
f 1419/1422/1431 1418/1421/1430 1427/1430/1439
f 1427/1430/1439 1426/1429/1438 1419/1422/1431
f 1418/1421/1430 1417/1420/1429 1428/1431/1440
f 1428/1431/1440 1427/1430/1439 1418/1421/1430
f 1417/1420/1429 1416/1419/1428 1429/1432/1441
f 1429/1432/1441 1428/1431/1440 1417/1420/1429
f 1416/1419/1428 1415/1418/1427 1430/1433/1442
f 1430/1433/1442 1429/1432/1441 1416/1419/1428
f 252/255/254 263/266/265 262/265/264
f 262/265/264 215/218/214 252/255/254
f 252/255/254 223/226/222 264/267/266
f 264/267/266 263/266/265 252/255/254
f 265/268/267 264/267/266 223/226/222
f 223/226/222 222/225/221 265/268/267
f 262/265/264 221/224/220 214/217/213
f 214/217/213 215/218/214 262/265/264
f 261/264/263 353/356/356 221/224/220
f 221/224/220 262/265/264 261/264/263
f 261/264/263 266/269/268 373/376/376
f 373/376/376 353/356/356 261/264/263
f 968/971/973 967/970/972 1431/1434/1443
f 1431/1434/1443 1432/1435/1444 968/971/973
f 969/972/974 968/971/973 1432/1435/1444
f 1432/1435/1444 1433/1436/1445 969/972/974
f 971/974/976 970/973/975 1434/1437/1446
f 1434/1437/1446 1435/1438/1447 971/974/976
f 972/975/977 971/974/976 1435/1438/1447
f 1435/1438/1447 1436/1439/1448 972/975/977
f 973/976/978 972/975/977 1436/1439/1448
f 1436/1439/1448 1437/1440/1449 973/976/978
f 974/977/979 973/976/978 1437/1440/1449
f 1437/1440/1449 1438/1441/1450 974/977/979
f 966/969/971 974/977/979 1438/1441/1450
f 1438/1441/1450 1439/1442/1451 966/969/971
f 967/970/972 966/969/971 1439/1442/1451
f 1439/1442/1451 1431/1434/1443 967/970/972
f 1440/1443/1452 1441/1444/1453 1129/1132/1136
f 1129/1132/1136 1130/1133/1137 1440/1443/1452
f 1442/1445/1454 1440/1443/1452 1130/1133/1137
f 1130/1133/1137 1131/1134/1138 1442/1445/1454
f 1443/1446/1455 1442/1445/1454 1131/1134/1138
f 1131/1134/1138 1132/1135/1139 1443/1446/1455
f 1444/1447/1456 1445/1448/1457 1134/1137/1141
f 1134/1137/1141 1133/1136/1140 1444/1447/1456
f 1446/1449/1458 1447/1450/1459 1135/1138/1142
f 1135/1138/1142 1136/1139/1143 1446/1449/1458
f 1448/1451/1460 1449/1452/1461 1137/1140/1144
f 1137/1140/1144 1138/1141/1145 1448/1451/1460
f 1450/1453/1462 1448/1451/1460 1138/1141/1145
f 1138/1141/1145 1139/1142/1146 1450/1453/1462
f 1451/1454/1463 1452/1455/1464 1141/1144/1148
f 1141/1144/1148 1140/1143/1147 1451/1454/1463
f 1453/1456/1465 1454/1457/1466 1196/1199/1467
f 1196/1199/1468 1195/1198/1469 1453/1456/1470
f 1455/1458/1471 1456/1459/1472 1198/1201/1473
f 1198/1201/1473 1197/1200/1474 1455/1458/1471
f 1457/1460/1475 1458/1461/1476 1200/1203/1477
f 1200/1203/1477 1199/1202/1478 1457/1460/1475
f 1459/1462/1479 1453/1456/1480 1195/1198/1481
f 1195/1198/1481 1203/1206/1482 1459/1462/1479
f 1460/1463/1483 1459/1462/1484 1203/1206/1485
f 1203/1206/1485 1202/1205/1486 1460/1463/1483
f 1461/1464/1487 1462/1465/1488 1398/1401/1489
f 1398/1401/1489 1397/1400/1490 1461/1464/1487
f 1463/1466/1491 1461/1464/1492 1397/1400/1493
f 1397/1400/1493 1464/1467/1491 1463/1466/1491
f 1447/1450/1459 1444/1447/1456 1133/1136/1140
f 1133/1136/1140 1135/1138/1142 1447/1450/1459
f 1462/1465/1494 1460/1463/1483 1202/1205/1486
f 1202/1205/1486 1398/1401/1495 1462/1465/1494
f 1449/1452/1461 1446/1449/1458 1136/1139/1143
f 1136/1139/1143 1137/1140/1144 1449/1452/1461
f 1465/1468/1496 1457/1460/1475 1199/1202/1478
f 1199/1202/1478 1466/1469/1497 1465/1468/1496
f 1456/1459/1498 1465/1468/1499 1466/1469/1500
f 1466/1469/1500 1198/1201/1501 1456/1459/1498
f 1441/1444/1453 1451/1454/1463 1140/1143/1147
f 1140/1143/1147 1129/1132/1136 1441/1444/1453
f 1467/1470/1502 1468/1471/1503 1015/1018/1504
f 1015/1018/1504 1014/1017/1505 1467/1470/1502
f 1468/1471/1503 1469/1472/1506 1016/1019/1507
f 1016/1019/1507 1015/1018/1504 1468/1471/1503
f 1469/1472/1508 1470/1473/1509 1017/1020/1510
f 1017/1020/1511 1016/1019/1507 1469/1472/1506
f 1471/1474/1512 1472/1475/1513 1019/1022/1514
f 1019/1022/1514 1018/1021/1515 1471/1474/1512
f 1473/1476/1516 1474/1477/1517 1021/1024/1518
f 1021/1024/1518 1020/1023/1519 1473/1476/1516
f 1475/1478/1520 1476/1479/1521 1023/1026/1522
f 1023/1026/1522 1022/1025/1523 1475/1478/1520
f 1476/1479/1524 1477/1480/1525 1024/1027/1526
f 1024/1027/1527 1023/1026/1522 1476/1479/1521
f 1478/1481/1528 1479/1482/1529 1026/1029/1530
f 1026/1029/1530 1025/1028/1531 1478/1481/1528
f 1472/1475/1513 1473/1476/1516 1020/1023/1519
f 1020/1023/1519 1019/1022/1514 1472/1475/1513
f 1474/1477/1517 1475/1478/1520 1022/1025/1523
f 1022/1025/1523 1021/1024/1518 1474/1477/1517
f 1479/1482/1529 1467/1470/1502 1014/1017/1505
f 1014/1017/1505 1026/1029/1530 1479/1482/1529
f 387/390/1532 390/393/1533 1480/1483/1534
f 1480/1483/1534 1481/1484/1535 1482/1485/1536
f 1480/1483/1534 1482/1485/1536 387/390/1532
f 400/403/1537 422/425/1538 1483/1486/1539
f 1483/1486/1539 1484/1487/1540 1485/1488/1541
f 1483/1486/1539 1485/1488/1541 400/403/1537
f 441/444/1542 451/454/1543 1486/1489/1544
f 1486/1489/1544 1487/1490/1545 1488/1491/1546
f 1486/1489/1544 1488/1491/1546 441/444/1542
f 459/462/1547 470/473/1548 1489/1492/1549
f 1489/1492/1549 1490/1493/1550 1491/1494/1551
f 1489/1492/1549 1491/1494/1551 459/462/1547
f 1492/1495/1552 1493/1496/1553 1234/1237/1554
f 1234/1237/1554 1233/1236/1555 1492/1495/1552
f 1494/1497/1556 1495/1498/1557 1237/1240/1558
f 1237/1240/1558 1236/1239/1559 1494/1497/1556
f 1495/1498/1560 1496/1499/1561 1238/1241/1562
f 1238/1241/1563 1237/1240/1558 1495/1498/1557
f 1497/1500/1564 1498/1501/1565 1240/1243/1566
f 1240/1243/1566 1239/1242/1567 1497/1500/1564
f 1499/1502/1568 1500/1503/1569 1406/1409/1570
f 1406/1409/1570 1405/1408/1571 1499/1502/1568
f 1501/1504/1572 1499/1502/1568 1405/1408/1571
f 1405/1408/1571 1502/1505/1573 1501/1504/1572
f 1500/1503/1574 1494/1497/1556 1236/1239/1559
f 1236/1239/1559 1406/1409/1575 1500/1503/1574
f 1498/1501/1565 1492/1495/1552 1233/1236/1555
f 1233/1236/1555 1240/1243/1566 1498/1501/1565
f 1503/1506/1576 389/392/1577 388/391/1578
f 388/391/1578 1504/1507/1579 1503/1506/1576
f 1480/1483/1534 390/393/1533 400/403/1537
f 1480/1483/1534 400/403/1537 1485/1488/1541
f 1485/1488/1541 1484/1487/1540 1480/1483/1534
f 1503/1506/1576 885/888/890 399/402/1580
f 399/402/1580 389/392/1577 1503/1506/1576
f 884/887/889 421/424/1581 399/402/1580
f 399/402/1580 885/888/890 884/887/889
f 1483/1486/1539 422/425/1538 441/444/1542
f 1483/1486/1539 441/444/1542 1488/1491/1546
f 1488/1491/1546 1487/1490/1545 1483/1486/1539
f 884/887/889 887/890/892 440/443/1582
f 440/443/1582 421/424/1581 884/887/889
f 1505/1508/1583 450/453/1584 440/443/1582
f 440/443/1582 887/890/892 1505/1508/1583
f 1486/1489/1544 451/454/1543 459/462/1547
f 1486/1489/1544 459/462/1547 1491/1494/1551
f 1491/1494/1551 1490/1493/1550 1486/1489/1544
f 1505/1508/1583 1506/1509/1585 458/461/1586
f 458/461/1586 450/453/1584 1505/1508/1583
f 1507/1510/1587 469/472/1588 458/461/1586
f 458/461/1586 1506/1509/1585 1507/1510/1587
f 1508/1511/1589 484/487/1590 387/390/1532
f 1508/1511/1589 387/390/1532 1482/1485/1536
f 1482/1485/1536 1481/1484/1535 1508/1511/1589
f 1509/1512/1591 1504/1507/1579 388/391/1578
f 388/391/1578 485/488/1592 1509/1512/1591
f 1510/1513/1593 161/161/157 148/148/144
f 148/148/144 147/147/143 1510/1513/1593
f 1511/1514/1594 1510/1513/1593 147/147/143
f 147/147/143 151/151/147 1511/1514/1594
f 2897/165/161 2303/1515/1595 2301/163/159
f 1512/1516/1596 1513/1517/1596 1514/1518/1596
f 1512/1516/1596 1514/1518/1596 1515/1519/1597
f 2299/1520/1598 2298/1521/1599 2896/164/160
f 2896/164/160 2301/163/159 2299/1520/1598
f 1516/1522/1600 1517/1523/1601 1518/1524/1602
f 1518/1524/1603 1519/1525/1604 1520/1522/1605
f 1518/1524/1602 1520/1522/1420 1516/1522/1600
f 1511/1514/1594 151/151/147 1521/1526/1606
f 1511/1514/1594 1521/1526/1606 1522/1527/1607
f 2308/1528/1608 2900/1529/1609 2895/1530/1610
f 270/273/272 240/243/241 233/236/234
f 233/236/234 236/239/237 270/273/272
f 1523/1531/1611 1524/1531/1612 1525/1532/1613
f 1523/1531/1614 1525/1532/1615 1526/1533/1614
f 1523/1531/1614 1526/1533/1614 1527/1534/1614
f 2895/1530/1610 2309/1535/1616 2308/1528/1608
f 2303/1515/1595 2897/165/161 2898/1536/1617
f 1528/1537/1618 1529/1538/1619 1530/1539/1620
f 1530/1539/1620 173/176/1621 1528/1537/1618
f 1531/1540/1622 1528/1537/1623 173/176/172
f 173/176/172 172/175/171 1531/1540/1622
f 1532/1541/1624 1533/1542/1625 244/247/245
f 244/247/245 243/246/244 1532/1541/1624
f 2898/1536/1617 2305/1543/1626 2303/1515/1595
f 1534/1544/1627 1535/1545/1628 1536/1546/1629
f 1534/1544/1627 1536/1546/1629 1537/1547/1630
f 2311/1548/1631 2894/1549/1632 2297/1550/1633
f 1538/1551/1634 269/272/271 257/260/259
f 257/260/259 256/259/258 1538/1551/1634
f 1539/1552/1635 1532/1541/1624 243/246/244
f 243/246/244 245/248/246 1539/1552/1635
f 1540/1553/1636 1538/1551/1634 256/259/258
f 1540/1553/1636 256/259/258 1541/1554/1636
f 2297/1550/1633 2296/1555/1637 2311/1548/1631
f 1533/1542/1638 1531/1540/1622 172/175/171
f 172/175/171 244/247/390 1533/1542/1638
f 385/388/388 1539/1552/1635 245/248/246
f 245/248/246 248/251/249 385/388/388
f 1542/1556/1639 1543/1557/1640 295/298/298
f 295/298/298 294/297/297 1542/1556/1639
f 1544/1558/1641 1542/1556/1639 294/297/297
f 294/297/297 298/301/301 1544/1558/1641
f 1545/1559/1642 1544/1558/1641 298/301/301
f 298/301/301 300/303/303 1545/1559/1642
f 1546/1560/1643 1545/1559/1642 300/303/303
f 300/303/303 302/305/305 1546/1560/1643
f 1543/1557/1640 1547/1561/1644 304/307/307
f 304/307/307 295/298/298 1543/1557/1640
f 1547/1561/1644 1548/1562/1645 361/364/364
f 361/364/364 304/307/307 1547/1561/1644
f 1548/1562/1645 1549/1563/1646 366/369/369
f 366/369/369 361/364/364 1548/1562/1645
f 1550/1564/1647 1546/1560/1643 302/305/305
f 302/305/305 373/376/376 1550/1564/1647
f 1549/1563/1646 1551/1565/1648 386/389/391
f 386/389/391 366/369/369 1549/1563/1646
f 1409/1412/1421 1552/1566/1649 1112/1115/1119
f 1112/1115/1119 1110/1113/1117 1409/1412/1421
f 1553/1567/1650 1410/1413/1422 1116/1119/1123
f 1116/1119/1123 1115/1118/1122 1553/1567/1650
f 1554/1568/1651 1502/1505/1652 1405/1408/1416
f 1405/1408/1416 1403/1406/1414 1554/1568/1651
f 1555/1569/1653 1554/1568/1651 1403/1406/1414
f 1403/1406/1414 1400/1403/1411 1555/1569/1653
f 1556/1570/1654 1555/1569/1653 1400/1403/1411
f 1400/1403/1411 1399/1402/1410 1556/1570/1654
f 1557/1571/1655 1556/1570/1654 1399/1402/1410
f 1399/1402/1410 1407/1410/1418 1557/1571/1655
f 1558/1572/1656 1464/1467/1657 1397/1400/1408
f 1397/1400/1408 1395/1398/1406 1558/1572/1656
f 1559/1573/1658 1558/1572/1656 1395/1398/1406
f 1395/1398/1406 1393/1396/1404 1559/1573/1658
f 1560/1574/1659 1559/1573/1658 1393/1396/1404
f 1393/1396/1404 1391/1394/1402 1560/1574/1659
f 1561/1575/1660 1560/1574/1659 1391/1394/1402
f 1391/1394/1402 1389/1392/1400 1561/1575/1660
f 1562/1576/1661 1561/1575/1660 1389/1392/1400
f 1389/1392/1400 1387/1390/1398 1562/1576/1661
f 1563/1577/1662 1562/1576/1661 1387/1390/1398
f 1387/1390/1398 1384/1387/1395 1563/1577/1662
f 1564/1578/1663 1563/1577/1662 1384/1387/1395
f 1384/1387/1395 1383/1386/1394 1564/1578/1663
f 1411/1414/1423 1565/1579/1664 1248/1251/1259
f 1248/1251/1259 1247/1250/1258 1411/1414/1423
f 1551/1565/1648 1566/1580/1665 1415/1418/1427
f 1415/1418/1427 386/389/391 1551/1565/1648
f 1566/1580/1665 1567/1581/1666 1430/1433/1442
f 1430/1433/1442 1415/1418/1427 1566/1580/1665
f 238/241/239 267/270/269 265/268/267
f 265/268/267 222/225/221 238/241/239
f 268/271/270 1550/1564/1647 373/376/376
f 373/376/376 266/269/268 268/271/270
f 1412/1415/1424 344/347/347 343/346/346
f 343/346/346 359/362/362 1412/1415/1424
f 1568/1582/1667 1201/1204/1668 1200/1203/1477
f 1200/1203/1477 1458/1461/1476 1568/1582/1667
f 1569/1583/1669 1235/1238/1670 1234/1237/1554
f 1234/1237/1554 1493/1496/1553 1569/1583/1669
f 1199/1202/1207 1191/1194/1198 1198/1201/1206
f 1198/1201/1206 1466/1469/1671 1199/1202/1207
f 895/898/900 899/902/904 1503/1506/1576
f 1503/1506/1576 1504/1507/1579 895/898/900
f 899/902/904 882/885/887 885/888/890
f 885/888/890 1503/1506/1576 899/902/904
f 891/894/896 893/896/898 1507/1510/1587
f 1507/1510/1587 1506/1509/1585 891/894/896
f 896/899/901 895/898/900 1504/1507/1579
f 1504/1507/1579 1509/1512/1591 896/899/901
f 886/889/891 888/891/893 1505/1508/1583
f 1505/1508/1583 887/890/892 886/889/891
f 888/891/893 891/894/896 1506/1509/1585
f 1506/1509/1585 1505/1508/1583 888/891/893
f 1570/1584/1672 1571/1585/1673 1572/1586/1674
f 1572/1586/1674 1573/1587/1675 1570/1584/1672
f 1574/1588/1676 1575/1589/1677 1572/1586/1674
f 1572/1586/1674 1571/1585/1673 1574/1588/1676
f 1576/1590/1678 1577/1591/1679 1578/1592/1680
f 1578/1592/1680 1579/1593/1681 1576/1590/1678
f 1580/1594/1682 1581/1595/1683 1582/1596/1684
f 1582/1596/1684 1583/1597/1685 1580/1594/1682
f 1570/1584/1672 1584/1598/1686 1585/1599/1687
f 2309/1535/1616 2895/1530/1610 2894/1549/1632
f 1585/1599/1687 161/161/157 1570/1584/1672
f 1572/1586/1674 1586/1600/1688 1587/1601/1689
f 1587/1601/1689 1573/1587/1675 1572/1586/1674
f 1573/1587/1675 1588/1602/1690 1589/1603/1691
f 1589/1603/1691 1570/1584/1672 1573/1587/1675
f 1575/1589/1677 1590/1604/1692 1591/1605/1693
f 1591/1605/1693 1572/1586/1674 1575/1589/1677
f 1574/1588/1676 1592/1606/1694 1593/1607/1695
f 1593/1607/1695 1575/1589/1677 1574/1588/1676
f 1594/1608/1696 1595/1609/1697 1596/1610/1698
f 1596/1610/1698 1597/1611/1699 1594/1608/1696
f 1598/1612/1700 1599/1613/1701 1600/1614/1702
f 1600/1614/1702 1601/1615/1703 1598/1612/1700
f 1602/1616/1704 1603/1617/1705 1604/1618/1706
f 1604/1618/1706 1605/1619/1707 1602/1616/1704
f 1606/1620/1708 1607/1621/1709 1608/1622/1710
f 1608/1622/1710 1609/1623/1711 1606/1620/1708
f 1610/1624/1712 1611/1625/1713 1612/1626/1714
f 1612/1626/1714 1613/1627/1715 1610/1624/1712
f 1611/1625/1713 1610/1624/1712 1614/1628/1716
f 1614/1628/1716 1615/1629/1717 1611/1625/1713
f 1616/1630/1718 1617/1631/1719 1618/1632/1720
f 1618/1632/1720 1619/1633/1721 1616/1630/1718
f 1620/1634/1722 1621/1635/1723 1622/1636/1724
f 1622/1636/1724 1623/1637/1725 1620/1634/1722
f 1624/1638/1726 1625/1639/1727 1605/1619/1707
f 1605/1619/1707 1604/1618/1706 1624/1638/1726
f 1626/1640/1728 1627/1641/1729 1628/1642/1730
f 1607/1621/1709 1606/1620/1708 1613/1627/1715
f 1613/1627/1715 1612/1626/1714 1607/1621/1709
f 1603/1617/1705 1602/1616/1704 1615/1629/1717
f 1615/1629/1717 1614/1628/1716 1603/1617/1705
f 1600/1614/1702 1629/1643/1731 1630/1644/1732
f 1630/1644/1732 1601/1615/1703 1600/1614/1702
f 1628/1642/1730 1627/1641/1729 1631/1645/1733
f 1625/1639/1727 1624/1638/1726 1609/1623/1711
f 1609/1623/1711 1608/1622/1710 1625/1639/1727
f 1603/1617/1705 1632/1646/1734 1633/1647/1735
f 1633/1647/1735 1604/1618/1706 1603/1617/1705
f 1634/1648/1736 1624/1638/1726 1604/1618/1706
f 1604/1618/1706 1633/1647/1735 1634/1648/1736
f 1624/1638/1726 1634/1648/1736 1635/1649/1737
f 1635/1649/1737 1609/1623/1711 1624/1638/1726
f 1636/1650/1738 1606/1620/1708 1609/1623/1711
f 1609/1623/1711 1635/1649/1737 1636/1650/1738
f 1606/1620/1708 1636/1650/1738 1637/1651/1739
f 1637/1651/1739 1613/1627/1715 1606/1620/1708
f 1638/1652/1740 1610/1624/1712 1613/1627/1715
f 1613/1627/1715 1637/1651/1739 1638/1652/1740
f 1610/1624/1712 1638/1652/1740 1639/1653/1741
f 1639/1653/1741 1614/1628/1716 1610/1624/1712
f 1632/1646/1734 1603/1617/1705 1614/1628/1716
f 1614/1628/1716 1639/1653/1741 1632/1646/1734
f 1633/1647/1735 1632/1646/1734 1640/1654/1742
f 1640/1654/1742 1641/1655/1743 1633/1647/1735
f 1621/1635/1723 1634/1648/1736 1633/1647/1735
f 1633/1647/1735 1641/1655/1743 1621/1635/1723
f 1634/1648/1736 1621/1635/1723 1642/1656/1744
f 1642/1656/1744 1635/1649/1737 1634/1648/1736
f 1643/1657/1745 1636/1650/1738 1635/1649/1737
f 1635/1649/1737 1642/1656/1744 1643/1657/1745
f 1636/1650/1738 1643/1657/1745 1644/1658/1746
f 1644/1658/1746 1637/1651/1739 1636/1650/1738
f 1645/1659/1747 1646/1660/1748 1647/1661/1749
f 1647/1661/1749 1648/1662/1750 1645/1659/1747
f 1649/1663/1751 1650/1664/1752 1645/1659/1747
f 1645/1659/1747 1648/1662/1750 1649/1663/1751
f 1626/1640/1728 1598/1612/1700 1601/1615/1703
f 1601/1615/1703 1627/1641/1729 1626/1640/1728
f 1630/1644/1732 1631/1645/1733 1627/1641/1729
f 1627/1641/1729 1601/1615/1703 1630/1644/1732
f 1651/1665/1753 1600/1614/1702 1599/1613/1701
f 1629/1643/1731 1600/1614/1702 1651/1665/1753
f 1640/1654/1742 1652/1666/1754 1653/1667/1755
f 1653/1667/1755 1641/1655/1743 1640/1654/1742
f 1594/1608/1756 1597/1611/1757 1654/1668/1758
f 1654/1668/1759 1655/1669/1760 1594/1608/1761
f 1656/1670/1762 1657/1671/1763 1658/1672/1764
f 1658/1672/1764 1659/1673/1765 1656/1670/1762
f 1658/1672/1764 1657/1671/1763 1650/1664/1752
f 1650/1664/1752 1649/1663/1751 1658/1672/1764
f 237/240/238 1648/1662/1750 1647/1661/1749
f 1647/1661/1749 238/241/239 237/240/238
f 239/242/240 1649/1663/1751 1648/1662/1750
f 1648/1662/1750 237/240/238 239/242/240
f 240/243/241 1658/1672/1764 1649/1663/1751
f 1649/1663/1751 239/242/240 240/243/241
f 1660/1674/1766 1661/1675/1767 1662/1676/1768
f 1662/1676/1768 1663/1677/1769 1660/1674/1766
f 1664/1678/1770 1665/1679/1771 1666/1680/1772
f 1666/1680/1772 1667/1681/1773 1664/1678/1770
f 1597/1611/1774 1668/1682/1775 1669/1683/1776
f 1669/1683/1777 1670/1684/1778 1597/1611/1779
f 1645/1659/1747 1671/1685/1780 1672/1686/1781
f 1672/1686/1781 1646/1660/1748 1645/1659/1747
f 1650/1664/1752 1673/1687/1782 1671/1685/1780
f 1671/1685/1780 1645/1659/1747 1650/1664/1752
f 1674/1688/1783 1675/1689/1784 1676/1690/1785
f 1676/1690/1785 1677/1691/1786 1674/1688/1783
f 1657/1671/1763 1656/1670/1762 1678/1692/1787
f 1678/1692/1787 1679/1693/1788 1657/1671/1763
f 1657/1671/1763 1679/1693/1788 1673/1687/1782
f 1673/1687/1782 1650/1664/1752 1657/1671/1763
f 1680/1694/1789 1681/1695/1790 1682/1696/1791
f 1682/1696/1791 1683/1697/1792 1680/1694/1789
f 1684/1698/1793 1683/1697/1792 1682/1696/1791
f 1682/1696/1791 1685/1699/1794 1684/1698/1793
f 267/270/269 1684/1698/1793 1685/1699/1794
f 1685/1699/1794 268/271/270 267/270/269
f 269/272/271 1674/1688/1783 1659/1673/1765
f 1659/1673/1765 270/273/272 269/272/271
f 1677/1691/1786 1656/1670/1762 1659/1673/1765
f 1659/1673/1765 1674/1688/1783 1677/1691/1786
f 1677/1691/1786 1676/1690/1785 1678/1692/1787
f 1678/1692/1787 1656/1670/1762 1677/1691/1786
f 1652/1666/1754 1686/1700/1795 1687/1701/1796
f 1687/1701/1796 1653/1667/1755 1652/1666/1754
f 1668/1682/1775 1617/1631/1719 1653/1667/1755
f 1653/1667/1755 1688/1702/1797 1668/1682/1775
f 1617/1631/1719 1668/1682/1775 1689/1703/1798
f 1689/1703/1798 1618/1632/1720 1617/1631/1719
f 1665/1679/1771 1661/1675/1767 1660/1674/1766
f 1660/1674/1766 1666/1680/1772 1665/1679/1771
f 1690/1704/1799 1691/1705/1800 1692/1706/1801
f 1692/1706/1801 1693/1707/1802 1690/1704/1799
f 1694/1708/1803 1695/1709/1804 1696/1710/1805
f 1696/1710/1805 1697/1711/1806 1694/1708/1803
f 1689/1703/1798 1668/1682/1775 1597/1611/1774
f 1597/1611/1774 1596/1610/1807 1689/1703/1798
f 1675/1689/1784 1698/1712/1808 1699/1713/1809
f 1699/1713/1809 1676/1690/1785 1675/1689/1784
f 1676/1690/1785 1700/1714/1810 1652/1666/1754
f 1652/1666/1754 1678/1692/1787 1676/1690/1785
f 1640/1654/1742 1679/1693/1788 1678/1692/1787
f 1678/1692/1787 1652/1666/1754 1640/1654/1742
f 1679/1693/1788 1640/1654/1742 1632/1646/1734
f 1632/1646/1734 1673/1687/1782 1679/1693/1788
f 1673/1687/1782 1632/1646/1734 1639/1653/1741
f 1639/1653/1741 1671/1685/1780 1673/1687/1782
f 1671/1685/1780 1639/1653/1741 1638/1652/1740
f 1638/1652/1740 1672/1686/1781 1671/1685/1780
f 1701/1715/1811 1607/1621/1709 1612/1626/1714
f 1612/1626/1714 1702/1716/1812 1701/1715/1811
f 1701/1715/1811 1703/1717/1813 1608/1622/1710
f 1608/1622/1710 1607/1621/1709 1701/1715/1811
f 1704/1718/1814 1625/1639/1727 1608/1622/1710
f 1608/1622/1710 1703/1717/1813 1704/1718/1814
f 1704/1718/1814 1705/1719/1815 1605/1619/1707
f 1605/1619/1707 1625/1639/1727 1704/1718/1814
f 1706/1720/1816 1602/1616/1704 1605/1619/1707
f 1605/1619/1707 1705/1719/1815 1706/1720/1816
f 1706/1720/1816 1707/1721/1817 1615/1629/1717
f 1615/1629/1717 1602/1616/1704 1706/1720/1816
f 1708/1722/1818 1611/1625/1713 1615/1629/1717
f 1615/1629/1717 1707/1721/1817 1708/1722/1818
f 1708/1722/1818 1702/1716/1812 1612/1626/1714
f 1612/1626/1714 1611/1625/1713 1708/1722/1818
f 1709/1723/1819 1710/1724/1820 1711/1725/1821
f 1711/1725/1821 1712/1726/1822 1709/1723/1819
f 1712/1726/1822 1711/1725/1821 1713/1727/1823
f 1713/1727/1823 1714/1728/1824 1712/1726/1822
f 1714/1728/1824 1713/1727/1823 1715/1729/1825
f 1715/1729/1825 1716/1730/1826 1714/1728/1824
f 1716/1730/1826 1715/1729/1825 1717/1731/1827
f 1717/1731/1827 1718/1732/1828 1716/1730/1826
f 1719/1733/1829 1720/1734/1830 1710/1724/1820
f 1710/1724/1820 1709/1723/1819 1719/1733/1829
f 1721/1735/1831 1709/1723/1819 1712/1726/1822
f 1712/1726/1822 1722/1736/1832 1721/1735/1831
f 1722/1736/1832 1712/1726/1822 1714/1728/1824
f 1714/1728/1824 1723/1737/1833 1722/1736/1832
f 1723/1737/1833 1714/1728/1824 1716/1730/1826
f 1716/1730/1826 1724/1738/1834 1723/1737/1833
f 1724/1738/1834 1716/1730/1826 1718/1732/1828
f 1718/1732/1828 1725/1739/1835 1724/1738/1834
f 1726/1740/1836 1719/1733/1829 1709/1723/1819
f 1709/1723/1819 1721/1735/1831 1726/1740/1836
f 1727/1741/1837 1721/1735/1831 1722/1736/1832
f 1722/1736/1832 1728/1742/1838 1727/1741/1837
f 1728/1742/1838 1722/1736/1832 1723/1737/1833
f 1723/1737/1833 1729/1743/1839 1728/1742/1838
f 1729/1743/1839 1723/1737/1833 1724/1738/1834
f 1724/1738/1834 1730/1744/1840 1729/1743/1839
f 1730/1744/1840 1724/1738/1834 1725/1739/1835
f 1725/1739/1835 1731/1745/1841 1730/1744/1840
f 1732/1746/1842 1726/1740/1836 1721/1735/1831
f 1721/1735/1831 1727/1741/1837 1732/1746/1842
f 1733/1747/1843 1727/1741/1837 1728/1742/1838
f 1728/1742/1838 1734/1748/1844 1733/1747/1843
f 1734/1748/1844 1728/1742/1838 1729/1743/1839
f 1729/1743/1839 1735/1749/1845 1734/1748/1844
f 1735/1749/1845 1729/1743/1839 1730/1744/1840
f 1730/1744/1840 1736/1750/1846 1735/1749/1845
f 1736/1750/1846 1730/1744/1840 1731/1745/1841
f 1731/1745/1841 1737/1751/1847 1736/1750/1846
f 1643/1657/1745 1738/1752/1848 1737/1751/1847
f 1737/1751/1847 1731/1745/1841 1643/1657/1745
f 1739/1753/1849 1732/1746/1842 1727/1741/1837
f 1727/1741/1837 1733/1747/1843 1739/1753/1849
f 1740/1754/1850 1741/1755/1851 1742/1756/1852
f 1742/1756/1852 1743/1757/1853 1740/1754/1850
f 1743/1757/1853 1742/1756/1852 1744/1758/1854
f 1744/1758/1854 1745/1759/1855 1743/1757/1853
f 1746/1760/1856 1747/1761/1857 1742/1756/1852
f 1742/1756/1852 1741/1755/1851 1746/1760/1856
f 1742/1756/1852 1747/1761/1857 1748/1762/1858
f 1748/1762/1858 1744/1758/1854 1742/1756/1852
f 1749/1763/1859 1750/1764/1860 334/337/337
f 334/337/337 337/340/340 1749/1763/1859
f 1622/1636/1724 1751/1765/1861 1752/1766/1862
f 1752/1766/1862 1623/1637/1725 1622/1636/1724
f 1753/1767/1863 1642/1656/1744 1621/1635/1723
f 1621/1635/1723 1620/1634/1722 1753/1767/1863
f 1738/1752/1848 1643/1657/1745 1642/1656/1744
f 1642/1656/1744 1753/1767/1863 1738/1752/1848
f 1754/1768/1864 1755/1769/1865 1750/1764/1860
f 1750/1764/1860 1749/1763/1859 1754/1768/1864
f 1756/1770/1866 1749/1763/1859 337/340/340
f 337/340/340 344/347/347 1756/1770/1866
f 1757/1771/1867 1758/1772/1868 1623/1637/1725
f 1623/1637/1725 1752/1766/1862 1757/1771/1867
f 1759/1773/1869 1760/1774/1870 1761/1775/1871
f 1761/1775/1871 1762/1776/1872 1759/1773/1869
f 1747/1761/1857 1746/1760/1856 1760/1774/1870
f 1760/1774/1870 1759/1773/1869 1747/1761/1857
f 1763/1777/1873 1754/1768/1864 1749/1763/1859
f 1749/1763/1859 1756/1770/1866 1763/1777/1873
f 1764/1778/1874 1620/1634/1722 1623/1637/1725
f 1623/1637/1725 1758/1772/1868 1764/1778/1874
f 1644/1658/1746 1643/1657/1745 1731/1745/1841
f 1731/1745/1841 1725/1739/1835 1644/1658/1746
f 1765/1779/1875 1644/1658/1746 1725/1739/1835
f 1725/1739/1835 1718/1732/1828 1765/1779/1875
f 1758/1772/1868 1757/1771/1867 1766/1780/1876
f 1766/1780/1876 1767/1781/1877 1758/1772/1868
f 1768/1782/1878 1759/1773/1869 1762/1776/1872
f 1762/1776/1872 1769/1783/1879 1768/1782/1878
f 1748/1762/1858 1747/1761/1857 1759/1773/1869
f 1759/1773/1869 1768/1782/1878 1748/1762/1858
f 1770/1784/1880 1763/1777/1873 1756/1770/1866
f 1756/1770/1866 1771/1785/1881 1770/1784/1880
f 1772/1786/1882 1764/1778/1874 1758/1772/1868
f 1758/1772/1868 1767/1781/1877 1772/1786/1882
f 1773/1787/1883 1720/1734/1830 1719/1733/1829
f 1719/1733/1829 1774/1788/1884 1773/1787/1883
f 1774/1788/1884 1719/1733/1829 1726/1740/1836
f 1726/1740/1836 1775/1789/1885 1774/1788/1884
f 1775/1789/1885 1726/1740/1836 1732/1746/1842
f 1732/1746/1842 1776/1790/1886 1775/1789/1885
f 1776/1790/1886 1732/1746/1842 1739/1753/1849
f 1739/1753/1849 1777/1791/1887 1776/1790/1886
f 1778/1792/1888 1773/1787/1883 1774/1788/1884
f 1774/1788/1884 1779/1793/1889 1778/1792/1888
f 1779/1793/1889 1774/1788/1884 1775/1789/1885
f 1775/1789/1885 1780/1794/1890 1779/1793/1889
f 1780/1794/1890 1775/1789/1885 1776/1790/1886
f 1776/1790/1886 1781/1795/1891 1780/1794/1890
f 1781/1795/1891 1776/1790/1886 1777/1791/1887
f 1777/1791/1887 1772/1786/1882 1781/1795/1891
f 1782/1796/1892 1779/1793/1889 1780/1794/1890
f 1780/1794/1890 1783/1797/1893 1782/1796/1892
f 1783/1797/1893 1780/1794/1890 1781/1795/1891
f 1781/1795/1891 1784/1798/1894 1783/1797/1893
f 1784/1798/1894 1781/1795/1891 1772/1786/1882
f 1772/1786/1882 1767/1781/1877 1784/1798/1894
f 1785/1799/1895 1765/1779/1875 1718/1732/1828
f 1718/1732/1828 1717/1731/1827 1785/1799/1895
f 1786/1800/1896 1735/1749/1845 1736/1750/1846
f 1736/1750/1846 1787/1801/1897 1786/1800/1896
f 1787/1801/1897 1736/1750/1846 1737/1751/1847
f 1737/1751/1847 1788/1802/1898 1787/1801/1897
f 1789/1803/1899 1733/1747/1843 1734/1748/1844
f 1734/1748/1844 1790/1804/1900 1789/1803/1899
f 1790/1804/1900 1734/1748/1844 1735/1749/1845
f 1735/1749/1845 1786/1800/1896 1790/1804/1900
f 1788/1802/1898 1737/1751/1847 1738/1752/1848
f 1738/1752/1848 1791/1805/1901 1788/1802/1898
f 1792/1806/1902 1739/1753/1849 1733/1747/1843
f 1733/1747/1843 1789/1803/1899 1792/1806/1902
f 1753/1767/1863 1620/1634/1722 1793/1807/1903
f 1620/1634/1722 1764/1778/1874 1794/1808/1904
f 1791/1805/1901 1738/1752/1848 1753/1767/1863
f 1753/1767/1863 1793/1807/1903 1791/1805/1901
f 1794/1808/1904 1764/1778/1874 1772/1786/1882
f 1772/1786/1882 1795/1809/1905 1794/1808/1904
f 1795/1809/1905 1772/1786/1882 1777/1791/1887
f 1777/1791/1887 1796/1810/1906 1795/1809/1905
f 1796/1810/1906 1777/1791/1887 1739/1753/1849
f 1739/1753/1849 1792/1806/1902 1796/1810/1906
f 1743/1757/1853 1786/1800/1896 1787/1801/1897
f 1787/1801/1897 1740/1754/1850 1743/1757/1853
f 1740/1754/1850 1787/1801/1897 1788/1802/1898
f 1788/1802/1898 1741/1755/1851 1740/1754/1850
f 1744/1758/1854 1789/1803/1899 1790/1804/1900
f 1790/1804/1900 1745/1759/1855 1744/1758/1854
f 1745/1759/1855 1790/1804/1900 1786/1800/1896
f 1786/1800/1896 1743/1757/1853 1745/1759/1855
f 1741/1755/1851 1788/1802/1898 1791/1805/1901
f 1791/1805/1901 1746/1760/1856 1741/1755/1851
f 1748/1762/1858 1792/1806/1902 1789/1803/1899
f 1789/1803/1899 1744/1758/1854 1748/1762/1858
f 1760/1774/1870 1793/1807/1903 1620/1634/1722
f 1620/1634/1722 1761/1775/1871 1760/1774/1870
f 1761/1775/1871 1620/1634/1722 1794/1808/1904
f 1794/1808/1904 1762/1776/1872 1761/1775/1871
f 1746/1760/1856 1791/1805/1901 1793/1807/1903
f 1793/1807/1903 1760/1774/1870 1746/1760/1856
f 1762/1776/1872 1794/1808/1904 1795/1809/1905
f 1795/1809/1905 1769/1783/1879 1762/1776/1872
f 1769/1783/1879 1795/1809/1905 1796/1810/1906
f 1796/1810/1906 1768/1782/1878 1769/1783/1879
f 1768/1782/1878 1796/1810/1906 1792/1806/1902
f 1792/1806/1902 1748/1762/1858 1768/1782/1878
f 1622/1636/1724 1621/1635/1723 1641/1655/1743
f 1641/1655/1743 1616/1630/1718 1622/1636/1724
f 1751/1765/1861 1622/1636/1724 1616/1630/1718
f 1616/1630/1718 1619/1633/1721 1751/1765/1861
f 1755/1769/1865 1664/1678/1770 1667/1681/1773
f 1667/1681/1773 1750/1764/1860 1755/1769/1865
f 1750/1764/1860 1667/1681/1773 385/388/388
f 385/388/388 334/337/337 1750/1764/1860
f 1617/1631/1719 1616/1630/1718 1641/1655/1743
f 1641/1655/1743 1653/1667/1755 1617/1631/1719
f 1595/1609/1697 1663/1677/1907 1662/1676/1908
f 1662/1676/1908 1596/1610/1698 1595/1609/1697
f 1661/1675/1767 1689/1703/1798 1596/1610/1807
f 1596/1610/1807 1662/1676/1768 1661/1675/1767
f 1665/1679/1771 1618/1632/1720 1689/1703/1798
f 1689/1703/1798 1661/1675/1767 1665/1679/1771
f 1664/1678/1770 1619/1633/1721 1618/1632/1720
f 1618/1632/1720 1665/1679/1771 1664/1678/1770
f 1755/1769/1865 1751/1765/1861 1619/1633/1721
f 1619/1633/1721 1664/1678/1770 1755/1769/1865
f 1755/1769/1865 1754/1768/1864 1752/1766/1862
f 1752/1766/1862 1751/1765/1861 1755/1769/1865
f 1763/1777/1873 1757/1771/1867 1752/1766/1862
f 1752/1766/1862 1754/1768/1864 1763/1777/1873
f 1763/1777/1873 1770/1784/1880 1766/1780/1876
f 1766/1780/1876 1757/1771/1867 1763/1777/1873
f 1782/1796/1892 1797/1811/1909 1778/1792/1888
f 1778/1792/1888 1779/1793/1889 1782/1796/1892
f 1798/1812/1910 1799/1813/1911 1800/1814/1912
f 1800/1814/1912 1801/1815/1913 1798/1812/1910
f 1802/1816/1914 1803/1817/1915 1804/1818/1916
f 1804/1818/1916 1805/1819/1917 1802/1816/1914
f 1806/1820/1918 1807/1821/1919 1808/1822/1920
f 1808/1822/1920 1809/1823/1921 1806/1820/1918
f 1810/1824/1922 1798/1812/1910 1801/1815/1913
f 1801/1815/1913 1811/1825/1923 1810/1824/1922
f 1812/1826/1924 1813/1827/1925 1814/1828/1926
f 1814/1828/1926 1815/1829/1927 1812/1826/1924
f 1816/1830/1928 1817/1831/1929 1818/1832/1930
f 1818/1832/1930 1819/1833/1931 1816/1830/1928
f 1820/1834/1932 1812/1826/1924 1815/1829/1927
f 1815/1829/1927 1821/1835/1933 1820/1834/1932
f 1819/1833/1931 1818/1832/1930 1822/1836/1934
f 1822/1836/1934 1823/1837/1935 1819/1833/1931
f 1824/1838/1936 1825/1839/1937 1826/1840/1938
f 1826/1840/1938 1827/1841/1939 1824/1838/1936
f 1828/1842/1940 1829/1843/1941 1830/1844/1942
f 1830/1844/1942 1831/1845/1943 1828/1842/1940
f 1832/1846/1944 1810/1824/1922 1811/1825/1923
f 1811/1825/1923 1833/1847/1945 1832/1846/1944
f 1834/1848/1946 1806/1820/1918 1809/1823/1921
f 1809/1823/1921 1835/1849/1947 1834/1848/1946
f 1836/1850/1948 1835/1849/1947 1809/1823/1921
f 1809/1823/1921 1837/1851/1949 1836/1850/1948
f 1838/1852/1950 1836/1850/1948 1837/1851/1949
f 1837/1851/1949 1828/1842/1940 1838/1852/1950
f 1838/1852/1950 1828/1842/1940 1831/1845/1943
f 1835/1849/1947 1839/1853/1951 1834/1848/1946
f 1835/1849/1947 1836/1850/1948 1840/1854/1952
f 1840/1854/1952 1839/1853/1951 1835/1849/1947
f 1836/1850/1948 1838/1852/1950 1841/1855/1953
f 1841/1855/1953 1840/1854/1952 1836/1850/1948
f 1842/1856/1954 1838/1852/1950 1843/1857/1955
f 1840/1854/1952 1844/1858/1956 1839/1853/1951
f 1840/1854/1952 1841/1855/1953 1845/1859/1957
f 1845/1859/1957 1844/1858/1956 1840/1854/1952
f 1846/1860/1958 1841/1855/1953 1847/1861/1959
f 1839/1853/1951 1848/1862/1960 1834/1848/1946
f 1849/1863/1961 1834/1848/1946 1848/1862/1960
f 1848/1862/1960 1850/1864/1962 1849/1863/1961
f 1851/1865/1963 1832/1846/1944 1833/1847/1945
f 1833/1847/1945 1852/1866/1964 1851/1865/1963
f 1839/1853/1951 1844/1858/1956 1853/1867/1965
f 1853/1867/1965 1848/1862/1960 1839/1853/1951
f 1850/1864/1962 1848/1862/1960 1853/1867/1965
f 1853/1867/1965 1854/1868/1966 1850/1864/1962
f 1844/1858/1956 1845/1859/1957 1855/1869/1967
f 1855/1869/1967 1853/1867/1965 1844/1858/1956
f 1854/1868/1966 1853/1867/1965 1855/1869/1967
f 1855/1869/1967 1856/1870/1968 1854/1868/1966
f 1857/1871/1969 1845/1859/1957 1858/1872/1970
f 1855/1869/1967 1859/1873/1971 1860/1874/1972
f 1861/1875/1973 1851/1865/1963 1852/1866/1964
f 1852/1866/1964 1862/1876/1974 1861/1875/1973
f 1863/1877/1975 1849/1863/1961 1850/1864/1962
f 1850/1864/1962 1864/1878/1976 1863/1877/1975
f 1865/1879/1977 1866/1880/1978 1867/1881/1979
f 1867/1881/1979 1868/1882/1980 1865/1879/1977
f 1869/1883/1981 1861/1875/1973 1862/1876/1974
f 1862/1876/1974 1870/1884/1982 1869/1883/1981
f 1871/1885/1983 1864/1878/1976 1850/1864/1962
f 1850/1864/1962 1854/1868/1966 1871/1885/1983
f 1868/1882/1980 1867/1881/1979 1872/1886/1984
f 1872/1886/1984 1873/1887/1985 1868/1882/1980
f 1874/1888/1986 1871/1885/1983 1854/1868/1966
f 1854/1868/1966 1856/1870/1968 1874/1888/1986
f 1873/1887/1985 1872/1886/1984 1875/1889/1987
f 1875/1889/1987 1876/1890/1988 1873/1887/1985
f 1877/1891/1989 1874/1888/1986 1856/1870/1968
f 1856/1870/1968 1860/1874/1972 1877/1891/1989
f 1876/1890/1988 1875/1889/1987 1878/1892/1990
f 1878/1892/1990 1879/1893/1991 1876/1890/1988
f 1880/1894/1992 1869/1883/1981 1870/1884/1982
f 1870/1884/1993 1881/1895/1994 1880/1894/1995
f 1882/1896/1996 1865/1879/1977 1868/1882/1980
f 1868/1882/1980 1883/1897/1997 1882/1896/1996
f 1884/1898/1998 1883/1897/1997 1868/1882/1980
f 1868/1882/1980 1873/1887/1985 1884/1898/1998
f 1885/1899/1999 1884/1898/1998 1873/1887/1985
f 1873/1887/1985 1876/1890/1988 1885/1899/1999
f 1885/1899/1999 1876/1890/1988 1879/1893/1991
f 1884/1898/1998 1886/1900/2000 1883/1897/1997
f 1884/1898/1998 1885/1899/1999 1887/1901/2001
f 1887/1901/2001 1886/1900/2000 1884/1898/1998
f 1888/1902/2002 1885/1899/1999 1889/1903/2003
f 1883/1897/1997 1890/1904/2004 1882/1896/1996
f 1883/1897/1997 1886/1900/2000 1891/1905/2005
f 1891/1905/2005 1890/1904/2004 1883/1897/1997
f 1886/1900/2000 1887/1901/2001 1892/1906/2006
f 1892/1906/2006 1891/1905/2005 1886/1900/2000
f 1893/1907/2007 1887/1901/2001 1894/1908/2008
f 1803/1817/1915 1882/1896/1996 1890/1904/2004
f 1890/1904/2004 1804/1818/1916 1803/1817/1915
f 1799/1813/2009 1895/1909/2010 1896/1910/2011
f 1896/1910/2012 1800/1814/1912 1799/1813/1911
f 1891/1905/2005 1897/1911/2013 1890/1904/2004
f 1804/1818/1916 1890/1904/2004 1897/1911/2013
f 1897/1911/2013 1898/1912/2014 1804/1818/1916
f 1891/1905/2005 1892/1906/2006 1899/1913/2015
f 1899/1913/2015 1897/1911/2013 1891/1905/2005
f 1898/1912/2014 1897/1911/2013 1899/1913/2015
f 1899/1913/2015 1826/1840/1938 1898/1912/2014
f 1900/1914/2016 1892/1906/2006 1901/1915/2017
f 1899/1913/2015 1902/1916/2018 1827/1841/1939
f 1903/1917/2019 1904/1918/2020 1905/1919/2021
f 1905/1919/2021 1906/1920/2022 1903/1917/2019
f 1906/1920/2022 1905/1919/2021 1907/1921/2023
f 1907/1921/2023 1908/1922/2024 1906/1920/2022
f 1909/1923/2025 1910/1924/2026 1911/1925/2027
f 1911/1925/2027 1912/1926/2028 1909/1923/2025
f 1913/1927/2029 1914/1928/2030 1910/1924/2026
f 1910/1924/2026 1909/1923/2025 1913/1927/2029
f 1915/1929/2031 1916/1930/2032 1917/1931/2033
f 1917/1931/2033 1918/1932/2034 1915/1929/2031
f 1918/1932/2034 1917/1931/2033 1919/1933/2035
f 1919/1933/2035 1920/1934/2036 1918/1932/2034
f 1921/1935/2037 1922/1936/2038 1923/1937/2039
f 1923/1937/2039 1924/1938/2040 1921/1935/2037
f 1925/1939/2041 1926/1940/2042 1922/1936/2038
f 1922/1936/2038 1921/1935/2037 1925/1939/2041
f 1927/1941/2043 1928/1942/2044 1929/1943/2045
f 1929/1943/2045 1930/1944/2046 1927/1941/2043
f 1930/1944/2046 1929/1943/2045 1931/1945/2047
f 1931/1945/2047 1932/1946/2048 1930/1944/2046
f 1933/1947/2049 1934/1948/2050 1935/1949/2051
f 1935/1949/2051 1936/1950/2052 1933/1947/2049
f 1937/1951/2053 1938/1952/2054 1934/1948/2050
f 1934/1948/2050 1933/1947/2049 1937/1951/2053
f 1939/1953/2055 1940/1954/2056 1941/1955/2057
f 1941/1955/2057 1942/1956/2058 1939/1953/2055
f 1942/1956/2058 1941/1955/2057 1943/1957/2059
f 1943/1957/2059 1944/1958/2060 1942/1956/2058
f 1945/1959/2061 1946/1960/2062 1947/1961/2063
f 1947/1961/2063 1948/1962/2064 1945/1959/2061
f 1949/1963/2065 1950/1964/2066 1946/1960/2062
f 1946/1960/2062 1945/1959/2061 1949/1963/2065
f 1951/1965/2067 1888/1902/2002 1889/1903/2003
f 1889/1903/2003 1952/1966/2068 1951/1965/2067
f 1952/1966/2068 1889/1903/2003 1879/1893/1991
f 1879/1893/1991 1953/1967/2069 1952/1966/2068
f 1954/1968/2070 1955/1969/2071 1956/1970/2072
f 1956/1970/2072 1957/1971/2073 1954/1968/2070
f 1958/1972/2074 1959/1973/2075 1955/1969/2071
f 1955/1969/2071 1954/1968/2070 1958/1972/2074
f 1953/1967/2069 1879/1893/1991 1878/1892/1990
f 1878/1892/1990 1960/1974/2076 1953/1967/2069
f 1961/1975/2077 1877/1891/1989 1860/1874/1972
f 1860/1874/1972 1962/1976/2078 1961/1975/2077
f 1963/1977/2079 1964/1978/2080 1965/1979/2081
f 1965/1979/2081 1966/1980/2082 1963/1977/2079
f 1967/1981/2083 1957/1971/2073 1956/1970/2072
f 1956/1970/2072 1968/1982/2084 1967/1981/2083
f 1962/1976/2078 1860/1874/1972 1859/1873/1971
f 1859/1873/1971 1969/1983/2085 1962/1976/2078
f 1969/1983/2085 1859/1873/1971 1857/1871/1969
f 1857/1871/1969 1970/1984/2086 1969/1983/2085
f 1971/1985/2087 1972/1986/2088 1973/1987/2089
f 1973/1987/2089 1974/1988/2090 1971/1985/2087
f 1971/1985/2087 1966/1980/2082 1965/1979/2081
f 1965/1979/2081 1972/1986/2088 1971/1985/2087
f 1970/1984/2086 1857/1871/1969 1975/1989/2091
f 1975/1989/2091 1976/1990/2092 1970/1984/2086
f 1977/1991/2093 1978/1992/2094 1888/1902/2002
f 1888/1902/2002 1951/1965/2067 1977/1991/2093
f 1979/1993/2095 1980/1994/2096 1959/1973/2075
f 1959/1973/2075 1958/1972/2074 1979/1993/2095
f 1981/1995/2097 1974/1988/2090 1973/1987/2089
f 1973/1987/2089 1982/1996/2098 1981/1995/2097
f 1983/1997/2099 1893/1907/2007 1894/1908/2008
f 1894/1908/2008 1984/1998/2100 1983/1997/2099
f 1984/1998/2100 1894/1908/2008 1888/1902/2002
f 1888/1902/2002 1985/1999/2101 1984/1998/2100
f 1986/2000/2102 1987/2001/2103 1988/2002/2104
f 1988/2002/2104 1989/2003/2105 1986/2000/2102
f 1990/2004/2106 1991/2005/2107 1987/2001/2103
f 1987/2001/2103 1986/2000/2102 1990/2004/2106
f 1985/1999/2101 1888/1902/2002 1978/1992/2094
f 1978/1992/2094 1992/2006/2108 1985/1999/2101
f 1993/2007/2109 1975/1989/2091 1857/1871/1969
f 1857/1871/1969 1994/2008/2110 1993/2007/2109
f 1994/2008/2110 1857/1871/1969 1858/1872/1970
f 1858/1872/1970 1995/2009/2111 1994/2008/2110
f 1995/2009/2111 1858/1872/1970 1846/1860/1958
f 1846/1860/1958 1996/2010/2112 1995/2009/2111
f 1997/2011/2113 1998/2012/2114 1999/2013/2115
f 1999/2013/2115 2000/2014/2116 1997/2011/2113
f 1997/2011/2113 2001/2015/2117 2002/2016/2118
f 2002/2016/2118 1998/2012/2114 1997/2011/2113
f 1996/2010/2112 1846/1860/1958 2003/2017/2119
f 2003/2017/2119 2004/2018/2120 1996/2010/2112
f 2005/2019/2121 2006/2020/2122 1893/1907/2007
f 1893/1907/2007 1983/1997/2099 2005/2019/2121
f 2007/2021/2123 2008/2022/2124 1991/2005/2107
f 1991/2005/2107 1990/2004/2106 2007/2021/2123
f 2009/2023/2125 2000/2014/2116 1999/2013/2115
f 1999/2013/2115 2010/2024/2126 2009/2023/2125
f 2011/2025/2127 1900/1914/2016 1901/1915/2017
f 1901/1915/2017 2012/2026/2128 2011/2025/2127
f 2012/2026/2128 1901/1915/2017 1893/1907/2007
f 1893/1907/2007 2013/2027/2129 2012/2026/2128
f 2014/2028/2130 2015/2029/2131 2016/2030/2132
f 2016/2030/2132 2017/2031/2133 2014/2028/2130
f 2018/2032/2134 2019/2033/2135 2015/2029/2131
f 2015/2029/2131 2014/2028/2130 2018/2032/2134
f 2013/2027/2129 1893/1907/2007 2006/2020/2122
f 2006/2020/2122 2020/2034/2136 2013/2027/2129
f 2021/2035/2137 2003/2017/2119 1846/1860/1958
f 1846/1860/1958 2022/2036/2138 2021/2035/2137
f 2022/2036/2138 1846/1860/1958 1847/1861/1959
f 1847/1861/1959 2023/2037/2139 2022/2036/2138
f 2023/2037/2139 1847/1861/1959 1842/1856/1954
f 1842/1856/1954 2024/2038/2140 2023/2037/2139
f 2025/2039/2141 2026/2040/2142 2027/2041/2143
f 2027/2041/2143 2028/2042/2144 2025/2039/2141
f 2025/2039/2141 2029/2043/2145 2030/2044/2146
f 2030/2044/2146 2026/2040/2142 2025/2039/2141
f 2024/2038/2140 1842/1856/1954 2031/2045/2147
f 2031/2045/2147 2032/2046/2148 2024/2038/2140
f 2033/2047/2149 2034/2048/2150 1900/1914/2016
f 1900/1914/2016 2011/2025/2127 2033/2047/2149
f 2035/2049/2151 2036/2050/2152 2019/2033/2135
f 2019/2033/2135 2018/2032/2134 2035/2049/2151
f 2037/2051/2153 2028/2042/2144 2027/2041/2143
f 2027/2041/2143 2038/2052/2154 2037/2051/2153
f 2039/2053/2155 1827/1841/1939 1902/1916/2018
f 1902/1916/2018 2040/2054/2156 2039/2053/2155
f 2040/2054/2156 1902/1916/2018 1900/1914/2016
f 1900/1914/2016 2041/2055/2157 2040/2054/2156
f 2042/2056/2158 2043/2057/2159 2044/2058/2160
f 2044/2058/2160 2045/2059/2161 2042/2056/2158
f 2046/2060/2162 2047/2061/2163 2043/2057/2159
f 2043/2057/2159 2042/2056/2158 2046/2060/2162
f 2041/2055/2157 1900/1914/2016 2034/2048/2150
f 2034/2048/2150 2048/2062/2164 2041/2055/2157
f 2049/2063/2165 2031/2045/2147 1842/1856/1954
f 1842/1856/1954 2050/2064/2166 2049/2063/2165
f 2050/2064/2166 1842/1856/1954 1843/1857/1955
f 1843/1857/1955 2051/2065/2167 2050/2064/2166
f 2051/2065/2167 1843/1857/1955 1831/1845/1943
f 1831/1845/1943 2052/2066/2168 2051/2065/2167
f 2053/2067/2169 2054/2068/2170 2055/2069/2171
f 2055/2069/2171 2056/2070/2172 2053/2067/2169
f 2053/2067/2169 2057/2071/2173 2058/2072/2174
f 2058/2072/2174 2054/2068/2170 2053/2067/2169
f 2052/2066/2168 1831/1845/1943 1830/1844/1942
f 1830/1844/1942 2059/2073/2175 2052/2066/2168
f 2060/2074/2176 1824/1838/1936 1827/1841/1939
f 1827/1841/1939 2039/2053/2155 2060/2074/2176
f 2061/2075/2177 2062/2076/2178 2047/2061/2163
f 2047/2061/2163 2046/2060/2162 2061/2075/2177
f 2063/2077/2179 2056/2070/2172 2055/2069/2171
f 2055/2069/2171 2064/2078/2180 2063/2077/2179
f 2065/2079/2181 1989/2003/2105 1988/2002/2104
f 1988/2002/2104 2066/2080/2182 2065/2079/2181
f 2067/2081/2183 2068/2082/2184 2002/2016/2118
f 2002/2016/2118 2001/2015/2117 2067/2081/2183
f 2069/2083/2185 2017/2031/2133 2016/2030/2132
f 2016/2030/2132 2070/2084/2186 2069/2083/2185
f 2071/2085/2187 2072/2086/2188 2030/2044/2146
f 2030/2044/2146 2029/2043/2145 2071/2085/2187
f 2073/2087/2189 2045/2059/2161 2044/2058/2160
f 2044/2058/2160 2074/2088/2190 2073/2087/2189
f 2075/2089/2191 2076/2090/2192 2058/2072/2174
f 2058/2072/2174 2057/2071/2173 2075/2089/2191
f 2077/2091/2193 2078/2092/2194 2079/2093/2195
f 2079/2093/2195 2080/2094/2196 2077/2091/2193
f 2080/2094/2196 2079/2093/2195 2081/2095/2197
f 2081/2095/2197 2082/2096/2198 2080/2094/2196
f 2083/2097/2199 2084/2098/2200 2082/2096/2198
f 2082/2096/2198 2081/2095/2197 2083/2097/2199
f 2085/2099/2201 2086/2100/2202 2087/2101/2203
f 2087/2101/2203 2088/2102/2204 2085/2099/2201
f 2089/2103/2205 2090/2104/2206 2088/2102/2204
f 2088/2102/2204 2087/2101/2203 2089/2103/2205
f 2090/2104/2206 2089/2103/2205 2091/2105/2207
f 2091/2105/2207 2092/2106/2208 2090/2104/2206
f 2093/2107/2209 2094/2108/2210 2092/2106/2208
f 2092/2106/2208 2091/2105/2207 2093/2107/2209
f 2095/2109/2211 2096/2110/2212 2078/2092/2194
f 2078/2092/2194 2077/2091/2193 2095/2109/2211
f 2097/2111/2213 2098/2112/2214 2099/2113/2215
f 2099/2113/2215 2100/2114/2216 2097/2111/2213
f 2100/2114/2216 2099/2113/2215 2101/2115/2217
f 2101/2115/2217 2102/2116/2218 2100/2114/2216
f 2103/2117/2219 2104/2118/2220 2102/2116/2218
f 2102/2116/2218 2101/2115/2217 2103/2117/2219
f 2105/2119/2221 2106/2120/2222 2107/2121/2223
f 2107/2121/2223 2108/2122/2224 2105/2119/2221
f 2109/2123/2225 2110/2124/2226 2108/2122/2224
f 2108/2122/2224 2107/2121/2223 2109/2123/2225
f 2110/2124/2226 2109/2123/2225 2111/2125/2227
f 2111/2125/2227 2112/2126/2228 2110/2124/2226
f 2113/2127/2229 2114/2128/2230 2112/2126/2228
f 2112/2126/2228 2111/2125/2227 2113/2127/2229
f 2115/2129/2231 2116/2130/2232 2098/2112/2214
f 2098/2112/2214 2097/2111/2213 2115/2129/2231
f 2117/2131/2233 2118/2132/2234 2119/2133/2235
f 2119/2133/2235 2120/2134/2236 2117/2131/2233
f 2120/2134/2236 2119/2133/2235 2121/2135/2237
f 2121/2135/2237 2122/2136/2238 2120/2134/2236
f 2123/2137/2239 2124/2138/2240 2122/2136/2238
f 2122/2136/2238 2121/2135/2237 2123/2137/2239
f 2125/2139/2241 2126/2140/2242 2127/2141/2243
f 2127/2141/2243 2128/2142/2244 2125/2139/2241
f 2129/2143/2245 2130/2144/2246 2128/2142/2244
f 2128/2142/2244 2127/2141/2243 2129/2143/2245
f 2130/2144/2246 2129/2143/2245 2131/2145/2247
f 2131/2145/2247 2132/2146/2248 2130/2144/2246
f 2133/2147/2249 2134/2148/2250 2132/2146/2248
f 2132/2146/2248 2131/2145/2247 2133/2147/2249
f 2135/2149/2251 2136/2150/2252 2118/2132/2234
f 2118/2132/2234 2117/2131/2233 2135/2149/2251
f 2137/2151/2253 2138/2152/2254 2139/2153/2255
f 2139/2153/2255 2140/2154/2256 2137/2151/2253
f 2140/2154/2256 2139/2153/2255 2141/2155/2257
f 2141/2155/2257 2142/2156/2258 2140/2154/2256
f 2143/2157/2259 2144/2158/2260 2142/2156/2258
f 2142/2156/2258 2141/2155/2257 2143/2157/2259
f 2145/2159/2261 2146/2160/2262 2147/2161/2263
f 2147/2161/2263 2148/2162/2264 2145/2159/2261
f 2149/2163/2265 2150/2164/2266 2148/2162/2264
f 2148/2162/2264 2147/2161/2263 2149/2163/2265
f 2150/2164/2266 2149/2163/2265 2151/2165/2267
f 2151/2165/2267 2152/2166/2268 2150/2164/2266
f 2153/2167/2269 2154/2168/2270 2152/2166/2268
f 2152/2166/2268 2151/2165/2267 2153/2167/2269
f 2155/2169/2271 2156/2170/2272 2138/2152/2254
f 2138/2152/2254 2137/2151/2253 2155/2169/2271
f 2157/2171/2273 2158/2172/2274 2159/2173/2275
f 2159/2173/2275 2160/2174/2276 2157/2171/2273
f 2160/2174/2276 2159/2173/2275 2161/2175/2277
f 2161/2175/2277 2162/2176/2278 2160/2174/2276
f 1905/1919/2021 2160/2174/2276 2162/2176/2278
f 2162/2176/2278 1907/1921/2023 1905/1919/2021
f 1904/1918/2020 2157/2171/2273 2160/2174/2276
f 2160/2174/2276 1905/1919/2021 1904/1918/2020
f 2162/2176/2278 2161/2175/2277 2163/2177/2279
f 2163/2177/2279 2164/2178/2280 2162/2176/2278
f 2165/2179/2281 2166/2180/2282 2167/2181/2283
f 2167/2181/2283 2168/2182/2284 2165/2179/2281
f 1911/1925/2027 2165/2179/2281 2168/2182/2284
f 2168/2182/2284 1912/1926/2028 1911/1925/2027
f 1907/1921/2023 2162/2176/2278 2164/2178/2280
f 2164/2178/2280 1908/1922/2024 1907/1921/2023
f 2168/2182/2284 2167/2181/2283 2169/2183/2285
f 2169/2183/2285 2170/2184/2286 2168/2182/2284
f 2170/2184/2286 2169/2183/2285 2171/2185/2287
f 2171/2185/2287 2172/2186/2288 2170/2184/2286
f 1909/1923/2025 2170/2184/2286 2172/2186/2288
f 2172/2186/2288 1913/1927/2029 1909/1923/2025
f 1912/1926/2028 2168/2182/2284 2170/2184/2286
f 2170/2184/2286 1909/1923/2025 1912/1926/2028
f 2172/2186/2288 2171/2185/2287 2173/2187/2289
f 2173/2187/2289 2174/2188/2290 2172/2186/2288
f 2175/2189/2291 2176/2190/2292 2158/2172/2274
f 2158/2172/2274 2157/2171/2273 2175/2189/2291
f 1903/1917/2019 2175/2189/2291 2157/2171/2273
f 2157/2171/2273 1904/1918/2020 1903/1917/2019
f 1913/1927/2029 2172/2186/2288 2174/2188/2290
f 2174/2188/2290 1914/1928/2030 1913/1927/2029
f 2177/2191/2293 2178/2192/2294 2179/2193/2295
f 2179/2193/2295 2180/2194/2296 2177/2191/2293
f 2180/2194/2296 2179/2193/2295 2181/2195/2297
f 2181/2195/2297 2182/2196/2298 2180/2194/2296
f 1917/1931/2033 2180/2194/2296 2182/2196/2298
f 2182/2196/2298 1919/1933/2035 1917/1931/2033
f 1916/1930/2032 2177/2191/2293 2180/2194/2296
f 2180/2194/2296 1917/1931/2033 1916/1930/2032
f 2182/2196/2298 2181/2195/2297 2183/2197/2299
f 2183/2197/2299 2184/2198/2300 2182/2196/2298
f 2185/2199/2301 2186/2200/2302 2187/2201/2303
f 2187/2201/2303 2188/2202/2304 2185/2199/2301
f 1923/1937/2039 2185/2199/2301 2188/2202/2304
f 2188/2202/2304 1924/1938/2040 1923/1937/2039
f 1919/1933/2035 2182/2196/2298 2184/2198/2300
f 2184/2198/2300 1920/1934/2036 1919/1933/2035
f 2188/2202/2304 2187/2201/2303 2189/2203/2305
f 2189/2203/2305 2190/2204/2306 2188/2202/2304
f 2190/2204/2306 2189/2203/2305 2191/2205/2307
f 2191/2205/2307 2192/2206/2308 2190/2204/2306
f 1921/1935/2037 2190/2204/2306 2192/2206/2308
f 2192/2206/2308 1925/1939/2041 1921/1935/2037
f 1924/1938/2040 2188/2202/2304 2190/2204/2306
f 2190/2204/2306 1921/1935/2037 1924/1938/2040
f 2192/2206/2308 2191/2205/2307 2193/2207/2309
f 2193/2207/2309 2194/2208/2310 2192/2206/2308
f 2195/2209/2311 2196/2210/2312 2178/2192/2294
f 2178/2192/2294 2177/2191/2293 2195/2209/2311
f 1915/1929/2031 2195/2209/2311 2177/2191/2293
f 2177/2191/2293 1916/1930/2032 1915/1929/2031
f 1925/1939/2041 2192/2206/2308 2194/2208/2310
f 2194/2208/2310 1926/1940/2042 1925/1939/2041
f 2197/2211/2313 2198/2212/2314 2199/2213/2315
f 2199/2213/2315 2200/2214/2316 2197/2211/2313
f 2200/2214/2316 2199/2213/2315 2201/2215/2317
f 2201/2215/2317 2202/2216/2318 2200/2214/2316
f 1929/1943/2045 2200/2214/2316 2202/2216/2318
f 2202/2216/2318 1931/1945/2047 1929/1943/2045
f 1928/1942/2044 2197/2211/2313 2200/2214/2316
f 2200/2214/2316 1929/1943/2045 1928/1942/2044
f 2202/2216/2318 2201/2215/2317 2203/2217/2319
f 2203/2217/2319 2204/2218/2320 2202/2216/2318
f 2205/2219/2321 2206/2220/2322 2207/2221/2323
f 2207/2221/2323 2208/2222/2324 2205/2219/2321
f 1935/1949/2051 2205/2219/2321 2208/2222/2324
f 2208/2222/2324 1936/1950/2052 1935/1949/2051
f 1931/1945/2047 2202/2216/2318 2204/2218/2320
f 2204/2218/2320 1932/1946/2048 1931/1945/2047
f 2208/2222/2324 2207/2221/2323 2209/2223/2325
f 2209/2223/2325 2210/2224/2326 2208/2222/2324
f 2210/2224/2326 2209/2223/2325 2211/2225/2327
f 2211/2225/2327 2212/2226/2328 2210/2224/2326
f 1933/1947/2049 2210/2224/2326 2212/2226/2328
f 2212/2226/2328 1937/1951/2053 1933/1947/2049
f 1936/1950/2052 2208/2222/2324 2210/2224/2326
f 2210/2224/2326 1933/1947/2049 1936/1950/2052
f 2212/2226/2328 2211/2225/2327 2213/2227/2329
f 2213/2227/2329 2214/2228/2330 2212/2226/2328
f 2215/2229/2331 2216/2230/2332 2198/2212/2314
f 2198/2212/2314 2197/2211/2313 2215/2229/2331
f 1927/1941/2043 2215/2229/2331 2197/2211/2313
f 2197/2211/2313 1928/1942/2044 1927/1941/2043
f 1937/1951/2053 2212/2226/2328 2214/2228/2330
f 2214/2228/2330 1938/1952/2054 1937/1951/2053
f 2217/2231/2333 2218/2232/2334 2219/2233/2335
f 2219/2233/2335 2220/2234/2336 2217/2231/2333
f 2220/2234/2336 2219/2233/2335 2221/2235/2337
f 2221/2235/2337 2222/2236/2338 2220/2234/2336
f 1941/1955/2057 2220/2234/2336 2222/2236/2338
f 2222/2236/2338 1943/1957/2059 1941/1955/2057
f 1940/1954/2056 2217/2231/2333 2220/2234/2336
f 2220/2234/2336 1941/1955/2057 1940/1954/2056
f 2222/2236/2338 2221/2235/2337 2223/2237/2339
f 2223/2237/2339 2224/2238/2340 2222/2236/2338
f 2225/2239/2341 2226/2240/2342 2227/2241/2343
f 2227/2241/2343 2228/2242/2344 2225/2239/2341
f 1947/1961/2063 2225/2239/2341 2228/2242/2344
f 2228/2242/2344 1948/1962/2064 1947/1961/2063
f 1943/1957/2059 2222/2236/2338 2224/2238/2340
f 2224/2238/2340 1944/1958/2060 1943/1957/2059
f 2228/2242/2344 2227/2241/2343 2229/2243/2345
f 2229/2243/2345 2230/2244/2346 2228/2242/2344
f 2230/2244/2346 2229/2243/2345 2231/2245/2347
f 2231/2245/2347 2232/2246/2348 2230/2244/2346
f 1945/1959/2061 2230/2244/2346 2232/2246/2348
f 2232/2246/2348 1949/1963/2065 1945/1959/2061
f 1948/1962/2064 2228/2242/2344 2230/2244/2346
f 2230/2244/2346 1945/1959/2061 1948/1962/2064
f 2232/2246/2348 2231/2245/2347 2233/2247/2349
f 2233/2247/2349 2234/2248/2350 2232/2246/2348
f 2235/2249/2351 2236/2250/2352 2218/2232/2334
f 2218/2232/2334 2217/2231/2333 2235/2249/2351
f 1939/1953/2055 2235/2249/2351 2217/2231/2333
f 2217/2231/2333 1940/1954/2056 1939/1953/2055
f 1949/1963/2065 2232/2246/2348 2234/2248/2350
f 2234/2248/2350 1950/1964/2066 1949/1963/2065
f 2237/2251/2353 2238/2252/2354 1804/1818/1916
f 1804/1818/1916 1898/1912/2014 2237/2251/2353
f 2239/2253/2355 2240/2254/2356 1837/1851/1949
f 1837/1851/1949 1809/1823/1921 2239/2253/2355
f 2241/2255/2357 2240/2254/2356 2239/2253/2355
f 2239/2253/2355 2242/2256/2358 2241/2255/2357
f 2239/2253/2355 1809/1823/1921 1808/1822/1920
f 1808/1822/1920 2243/2257/2359 2239/2253/2355
f 2244/2258/2360 1805/1819/1917 1804/1818/1916
f 1804/1818/1916 2238/2252/2354 2244/2258/2360
f 2245/2259/2361 2246/2260/2362 2238/2252/2354
f 2238/2252/2354 2247/2261/2363 2245/2259/2361
f 2242/2256/2358 2239/2253/2355 2243/2257/2359
f 2243/2257/2359 2248/2262/2364 2242/2256/2358
f 2249/2263/2365 2237/2251/2353 1898/1912/2014
f 1898/1912/2014 1826/1840/1938 2249/2263/2365
f 2249/2263/2365 1826/1840/1938 1825/1839/1937
f 1825/1839/1937 2250/2264/2366 2249/2263/2365
f 2251/2265/2367 1829/1843/1941 1828/1842/1940
f 1828/1842/1940 2252/2266/2368 2251/2265/2367
f 2240/2254/2356 2252/2266/2368 1828/1842/1940
f 1828/1842/1940 1837/1851/1949 2240/2254/2356
f 2253/2267/2369 2252/2266/2368 2240/2254/2356
f 2240/2254/2356 2241/2255/2357 2253/2267/2369
f 2238/2252/2354 2237/2251/2353 2254/2268/2370
f 2254/2268/2370 2247/2261/2363 2238/2252/2354
f 2255/2269/2371 2256/2270/2372 2257/2271/2373
f 2257/2271/2373 2258/2272/2374 2255/2269/2371
f 2259/2273/2375 2260/2274/2376 2261/2275/2377
f 2261/2275/2377 2262/2276/2378 2259/2273/2375
f 2263/2277/2379 2264/2278/2380 2256/2270/2372
f 2256/2270/2372 2255/2269/2371 2263/2277/2379
f 2262/2276/2378 2261/2275/2377 2265/2279/2381
f 2265/2279/2381 2266/2280/2382 2262/2276/2378
f 2237/2251/2353 2249/2263/2365 2267/2281/2383
f 2267/2281/2383 2254/2268/2370 2237/2251/2353
f 2257/2271/2373 2268/2282/2384 2258/2272/2374
f 2249/2263/2365 2250/2264/2366 2269/2283/2385
f 2269/2283/2385 2267/2281/2383 2249/2263/2365
f 2251/2265/2367 2252/2266/2368 2253/2267/2369
f 2253/2267/2369 2270/2284/2386 2251/2265/2367
f 2271/2285/2387 2260/2274/2376 2259/2273/2375
f 2272/2286/2388 2273/2287/2389 2274/2288/2390
f 2274/2288/2390 2275/2289/2391 2272/2286/2388
f 1814/1828/1926 2273/2287/2389 2272/2286/2388
f 2272/2286/2388 1815/1829/1927 1814/1828/1926
f 2276/2290/2392 2277/2291/2393 2278/2292/2394
f 2278/2292/2394 2279/2293/2395 2276/2290/2392
f 1819/1833/1931 2277/2291/2393 2276/2290/2392
f 2276/2290/2392 1816/1830/1928 1819/1833/1931
f 2276/2290/2392 2279/2293/2395 2280/2294/2396
f 2280/2294/2396 2281/2295/2397 2276/2290/2392
f 2282/2296/2398 2283/2297/2399 2274/2288/2390
f 2274/2288/2390 2273/2287/2389 2282/2296/2398
f 1813/1827/1925 2282/2296/2398 2273/2287/2389
f 2273/2287/2389 1814/1828/1926 1813/1827/1925
f 1816/1830/1928 2276/2290/2392 2281/2295/2397
f 2281/2295/2397 1817/1831/1929 1816/1830/1928
f 2284/2298/2400 2272/2286/2388 2275/2289/2391
f 2275/2289/2391 2285/2299/2401 2284/2298/2400
f 1815/1829/1927 2272/2286/2388 2284/2298/2400
f 2284/2298/2400 1821/1835/1933 1815/1829/1927
f 2284/2298/2400 2285/2299/2401 2286/2300/2402
f 2286/2300/2402 2287/2301/2403 2284/2298/2400
f 2288/2302/2404 2289/2303/2405 2290/2304/2406
f 2290/2304/2406 2291/2305/2407 2288/2302/2404
f 1822/1836/1934 2288/2302/2404 2291/2305/2407
f 2291/2305/2407 1823/1837/1935 1822/1836/1934
f 1821/1835/1933 2284/2298/2400 2287/2301/2403
f 2287/2301/2403 1820/1834/1932 1821/1835/1933
f 2277/2291/2393 2291/2305/2407 2290/2304/2406
f 2290/2304/2406 2278/2292/2394 2277/2291/2393
f 1823/1837/1935 2291/2305/2407 2277/2291/2393
f 2277/2291/2393 1819/1833/1931 1823/1837/1935
f 2048/2062/2164 2074/2088/2190 2044/2058/2160
f 2044/2058/2160 2041/2055/2157 2048/2062/2164
f 2076/2090/2192 2049/2063/2165 2050/2064/2166
f 2050/2064/2166 2058/2072/2174 2076/2090/2192
f 2051/2065/2167 2054/2068/2170 2058/2072/2174
f 2058/2072/2174 2050/2064/2166 2051/2065/2167
f 2054/2068/2170 2051/2065/2167 2052/2066/2168
f 2052/2066/2168 2055/2069/2171 2054/2068/2170
f 2059/2073/2175 2064/2078/2180 2055/2069/2171
f 2055/2069/2171 2052/2066/2168 2059/2073/2175
f 2062/2076/2178 2060/2074/2176 2039/2053/2155
f 2039/2053/2155 2047/2061/2163 2062/2076/2178
f 2047/2061/2163 2039/2053/2155 2040/2054/2156
f 2040/2054/2156 2043/2057/2159 2047/2061/2163
f 2043/2057/2159 2040/2054/2156 2041/2055/2157
f 2041/2055/2157 2044/2058/2160 2043/2057/2159
f 2073/2087/2189 2143/2157/2259 2141/2155/2257
f 2141/2155/2257 2045/2059/2161 2073/2087/2189
f 2146/2160/2262 2075/2089/2191 2057/2071/2173
f 2057/2071/2173 2147/2161/2263 2146/2160/2262
f 2053/2067/2169 2149/2163/2265 2147/2161/2263
f 2147/2161/2263 2057/2071/2173 2053/2067/2169
f 2149/2163/2265 2053/2067/2169 2056/2070/2172
f 2056/2070/2172 2151/2165/2267 2149/2163/2265
f 2063/2077/2179 2153/2167/2269 2151/2165/2267
f 2151/2165/2267 2056/2070/2172 2063/2077/2179
f 2156/2170/2272 2061/2075/2177 2046/2060/2162
f 2046/2060/2162 2138/2152/2254 2156/2170/2272
f 2138/2152/2254 2046/2060/2162 2042/2056/2158
f 2042/2056/2158 2139/2153/2255 2138/2152/2254
f 2139/2153/2255 2042/2056/2158 2045/2059/2161
f 2045/2059/2161 2141/2155/2257 2139/2153/2255
f 2020/2034/2136 2070/2084/2186 2016/2030/2132
f 2016/2030/2132 2013/2027/2129 2020/2034/2136
f 2072/2086/2188 2021/2035/2137 2022/2036/2138
f 2022/2036/2138 2030/2044/2146 2072/2086/2188
f 2023/2037/2139 2026/2040/2142 2030/2044/2146
f 2030/2044/2146 2022/2036/2138 2023/2037/2139
f 2026/2040/2142 2023/2037/2139 2024/2038/2140
f 2024/2038/2140 2027/2041/2143 2026/2040/2142
f 2032/2046/2148 2038/2052/2154 2027/2041/2143
f 2027/2041/2143 2024/2038/2140 2032/2046/2148
f 2036/2050/2152 2033/2047/2149 2011/2025/2127
f 2011/2025/2127 2019/2033/2135 2036/2050/2152
f 2019/2033/2135 2011/2025/2127 2012/2026/2128
f 2012/2026/2128 2015/2029/2131 2019/2033/2135
f 2015/2029/2131 2012/2026/2128 2013/2027/2129
f 2013/2027/2129 2016/2030/2132 2015/2029/2131
f 2069/2083/2185 2123/2137/2239 2121/2135/2237
f 2121/2135/2237 2017/2031/2133 2069/2083/2185
f 2126/2140/2242 2071/2085/2187 2029/2043/2145
f 2029/2043/2145 2127/2141/2243 2126/2140/2242
f 2025/2039/2141 2129/2143/2245 2127/2141/2243
f 2127/2141/2243 2029/2043/2145 2025/2039/2141
f 2129/2143/2245 2025/2039/2141 2028/2042/2144
f 2028/2042/2144 2131/2145/2247 2129/2143/2245
f 2037/2051/2153 2133/2147/2249 2131/2145/2247
f 2131/2145/2247 2028/2042/2144 2037/2051/2153
f 2136/2150/2252 2035/2049/2151 2018/2032/2134
f 2018/2032/2134 2118/2132/2234 2136/2150/2252
f 2118/2132/2234 2018/2032/2134 2014/2028/2130
f 2014/2028/2130 2119/2133/2235 2118/2132/2234
f 2119/2133/2235 2014/2028/2130 2017/2031/2133
f 2017/2031/2133 2121/2135/2237 2119/2133/2235
f 1992/2006/2108 2066/2080/2182 1988/2002/2104
f 1988/2002/2104 1985/1999/2101 1992/2006/2108
f 2068/2082/2184 1993/2007/2109 1994/2008/2110
f 1994/2008/2110 2002/2016/2118 2068/2082/2184
f 1995/2009/2111 1998/2012/2114 2002/2016/2118
f 2002/2016/2118 1994/2008/2110 1995/2009/2111
f 1998/2012/2114 1995/2009/2111 1996/2010/2112
f 1996/2010/2112 1999/2013/2115 1998/2012/2114
f 2004/2018/2120 2010/2024/2126 1999/2013/2115
f 1999/2013/2115 1996/2010/2112 2004/2018/2120
f 2008/2022/2124 2005/2019/2121 1983/1997/2099
f 1983/1997/2099 1991/2005/2107 2008/2022/2124
f 1991/2005/2107 1983/1997/2099 1984/1998/2100
f 1984/1998/2100 1987/2001/2103 1991/2005/2107
f 1987/2001/2103 1984/1998/2100 1985/1999/2101
f 1985/1999/2101 1988/2002/2104 1987/2001/2103
f 2065/2079/2181 2103/2117/2219 2101/2115/2217
f 2101/2115/2217 1989/2003/2105 2065/2079/2181
f 2106/2120/2222 2067/2081/2183 2001/2015/2117
f 2001/2015/2117 2107/2121/2223 2106/2120/2222
f 1997/2011/2113 2109/2123/2225 2107/2121/2223
f 2107/2121/2223 2001/2015/2117 1997/2011/2113
f 2109/2123/2225 1997/2011/2113 2000/2014/2116
f 2000/2014/2116 2111/2125/2227 2109/2123/2225
f 2009/2023/2125 2113/2127/2229 2111/2125/2227
f 2111/2125/2227 2000/2014/2116 2009/2023/2125
f 2116/2130/2232 2007/2021/2123 1990/2004/2106
f 1990/2004/2106 2098/2112/2214 2116/2130/2232
f 2098/2112/2214 1990/2004/2106 1986/2000/2102
f 1986/2000/2102 2099/2113/2215 2098/2112/2214
f 2099/2113/2215 1986/2000/2102 1989/2003/2105
f 1989/2003/2105 2101/2115/2217 2099/2113/2215
f 1960/1974/2076 1968/1982/2084 1956/1970/2072
f 1956/1970/2072 1953/1967/2069 1960/1974/2076
f 1964/1978/2080 1961/1975/2077 1962/1976/2078
f 1962/1976/2078 1965/1979/2081 1964/1978/2080
f 1969/1983/2085 1972/1986/2088 1965/1979/2081
f 1965/1979/2081 1962/1976/2078 1969/1983/2085
f 1972/1986/2088 1969/1983/2085 1970/1984/2086
f 1970/1984/2086 1973/1987/2089 1972/1986/2088
f 1976/1990/2092 1982/1996/2098 1973/1987/2089
f 1973/1987/2089 1970/1984/2086 1976/1990/2092
f 1980/1994/2096 1977/1991/2093 1951/1965/2067
f 1951/1965/2067 1959/1973/2075 1980/1994/2096
f 1959/1973/2075 1951/1965/2067 1952/1966/2068
f 1952/1966/2068 1955/1969/2071 1959/1973/2075
f 1955/1969/2071 1952/1966/2068 1953/1967/2069
f 1953/1967/2069 1956/1970/2072 1955/1969/2071
f 1967/1981/2083 2083/2097/2199 2081/2095/2197
f 2081/2095/2197 1957/1971/2073 1967/1981/2083
f 2086/2100/2202 1963/1977/2079 1966/1980/2082
f 1966/1980/2082 2087/2101/2203 2086/2100/2202
f 1971/1985/2087 2089/2103/2205 2087/2101/2203
f 2087/2101/2203 1966/1980/2082 1971/1985/2087
f 2089/2103/2205 1971/1985/2087 1974/1988/2090
f 1974/1988/2090 2091/2105/2207 2089/2103/2205
f 1981/1995/2097 2093/2107/2209 2091/2105/2207
f 2091/2105/2207 1974/1988/2090 1981/1995/2097
f 2096/2110/2212 1979/1993/2095 1958/1972/2074
f 1958/1972/2074 2078/2092/2194 2096/2110/2212
f 2078/2092/2194 1958/1972/2074 1954/1968/2070
f 1954/1968/2070 2079/2093/2195 2078/2092/2194
f 2079/2093/2195 1954/1968/2070 1957/1971/2073
f 1957/1971/2073 2081/2095/2197 2079/2093/2195
f 2218/2232/2334 2137/2151/2253 2140/2154/2256
f 2140/2154/2256 2219/2233/2335 2218/2232/2334
f 2236/2250/2352 2155/2169/2271 2137/2151/2253
f 2137/2151/2253 2218/2232/2334 2236/2250/2352
f 2233/2247/2349 2231/2245/2347 2152/2166/2268
f 2152/2166/2268 2154/2168/2270 2233/2247/2349
f 2229/2243/2345 2150/2164/2266 2152/2166/2268
f 2152/2166/2268 2231/2245/2347 2229/2243/2345
f 2229/2243/2345 2227/2241/2343 2148/2162/2264
f 2148/2162/2264 2150/2164/2266 2229/2243/2345
f 2226/2240/2342 2145/2159/2261 2148/2162/2264
f 2148/2162/2264 2227/2241/2343 2226/2240/2342
f 2223/2237/2339 2221/2235/2337 2142/2156/2258
f 2142/2156/2258 2144/2158/2260 2223/2237/2339
f 2219/2233/2335 2140/2154/2256 2142/2156/2258
f 2142/2156/2258 2221/2235/2337 2219/2233/2335
f 2198/2212/2314 2117/2131/2233 2120/2134/2236
f 2120/2134/2236 2199/2213/2315 2198/2212/2314
f 2216/2230/2332 2135/2149/2251 2117/2131/2233
f 2117/2131/2233 2198/2212/2314 2216/2230/2332
f 2213/2227/2329 2211/2225/2327 2132/2146/2248
f 2132/2146/2248 2134/2148/2250 2213/2227/2329
f 2209/2223/2325 2130/2144/2246 2132/2146/2248
f 2132/2146/2248 2211/2225/2327 2209/2223/2325
f 2209/2223/2325 2207/2221/2323 2128/2142/2244
f 2128/2142/2244 2130/2144/2246 2209/2223/2325
f 2206/2220/2322 2125/2139/2241 2128/2142/2244
f 2128/2142/2244 2207/2221/2323 2206/2220/2322
f 2203/2217/2319 2201/2215/2317 2122/2136/2238
f 2122/2136/2238 2124/2138/2240 2203/2217/2319
f 2199/2213/2315 2120/2134/2236 2122/2136/2238
f 2122/2136/2238 2201/2215/2317 2199/2213/2315
f 2178/2192/2294 2097/2111/2213 2100/2114/2216
f 2100/2114/2216 2179/2193/2295 2178/2192/2294
f 2196/2210/2312 2115/2129/2231 2097/2111/2213
f 2097/2111/2213 2178/2192/2294 2196/2210/2312
f 2193/2207/2309 2191/2205/2307 2112/2126/2228
f 2112/2126/2228 2114/2128/2230 2193/2207/2309
f 2189/2203/2305 2110/2124/2226 2112/2126/2228
f 2112/2126/2228 2191/2205/2307 2189/2203/2305
f 2189/2203/2305 2187/2201/2303 2108/2122/2224
f 2108/2122/2224 2110/2124/2226 2189/2203/2305
f 2186/2200/2302 2105/2119/2221 2108/2122/2224
f 2108/2122/2224 2187/2201/2303 2186/2200/2302
f 2183/2197/2299 2181/2195/2297 2102/2116/2218
f 2102/2116/2218 2104/2118/2220 2183/2197/2299
f 2179/2193/2295 2100/2114/2216 2102/2116/2218
f 2102/2116/2218 2181/2195/2297 2179/2193/2295
f 2158/2172/2274 2077/2091/2193 2080/2094/2196
f 2080/2094/2196 2159/2173/2275 2158/2172/2274
f 2176/2190/2292 2095/2109/2211 2077/2091/2193
f 2077/2091/2193 2158/2172/2274 2176/2190/2292
f 2173/2187/2289 2171/2185/2287 2092/2106/2208
f 2092/2106/2208 2094/2108/2210 2173/2187/2289
f 2169/2183/2285 2090/2104/2206 2092/2106/2208
f 2092/2106/2208 2171/2185/2287 2169/2183/2285
f 2169/2183/2285 2167/2181/2283 2088/2102/2204
f 2088/2102/2204 2090/2104/2206 2169/2183/2285
f 2166/2180/2282 2085/2099/2201 2088/2102/2204
f 2088/2102/2204 2167/2181/2283 2166/2180/2282
f 2163/2177/2279 2161/2175/2277 2082/2096/2198
f 2082/2096/2198 2084/2098/2200 2163/2177/2279
f 2159/2173/2275 2080/2094/2196 2082/2096/2198
f 2082/2096/2198 2161/2175/2277 2159/2173/2275
f 2256/2270/2372 2247/2261/2363 2254/2268/2370
f 2254/2268/2370 2257/2271/2373 2256/2270/2372
f 2257/2271/2373 2254/2268/2370 2267/2281/2383
f 2267/2281/2383 2268/2282/2384 2257/2271/2373
f 2268/2282/2384 2267/2281/2383 2269/2283/2385
f 2269/2283/2385 2292/2306/2408 2268/2282/2384
f 2293/2307/2409 2270/2284/2386 2253/2267/2369
f 2253/2267/2369 2271/2285/2387 2293/2307/2409
f 2271/2285/2387 2253/2267/2369 2241/2255/2357
f 2241/2255/2357 2260/2274/2376 2271/2285/2387
f 2260/2274/2376 2241/2255/2357 2242/2256/2358
f 2242/2256/2358 2261/2275/2377 2260/2274/2376
f 2261/2275/2377 2242/2256/2358 2248/2262/2364
f 2248/2262/2364 2265/2279/2381 2261/2275/2377
f 2264/2278/2380 2245/2259/2361 2247/2261/2363
f 2247/2261/2363 2256/2270/2372 2264/2278/2380
f 2258/2272/2374 2275/2289/2391 2274/2288/2390
f 2274/2288/2390 2255/2269/2371 2258/2272/2374
f 2268/2282/2384 2285/2299/2401 2275/2289/2391
f 2275/2289/2391 2258/2272/2374 2268/2282/2384
f 2285/2299/2401 2268/2282/2384 2292/2306/2408
f 2292/2306/2408 2286/2300/2402 2285/2299/2401
f 2289/2303/2405 2293/2307/2409 2271/2285/2387
f 2271/2285/2387 2290/2304/2406 2289/2303/2405
f 2259/2273/2375 2278/2292/2394 2290/2304/2406
f 2290/2304/2406 2271/2285/2387 2259/2273/2375
f 2262/2276/2378 2279/2293/2395 2278/2292/2394
f 2278/2292/2394 2259/2273/2375 2262/2276/2378
f 2279/2293/2395 2262/2276/2378 2266/2280/2382
f 2266/2280/2382 2280/2294/2396 2279/2293/2395
f 2283/2297/2399 2263/2277/2379 2255/2269/2371
f 2255/2269/2371 2274/2288/2390 2283/2297/2399
f 1842/1856/1954 1847/1861/1959 1841/1855/1953
f 1842/1856/1954 1841/1855/1953 1838/1852/1950
f 1846/1860/1958 1845/1859/1957 1841/1855/1953
f 1846/1860/1958 1858/1872/1970 1845/1859/1957
f 1838/1852/1950 1831/1845/1943 1843/1857/1955
f 1857/1871/1969 1855/1869/1967 1845/1859/1957
f 1857/1871/1969 1859/1873/1971 1855/1869/1967
f 1855/1869/1967 1860/1874/1972 1856/1870/1968
f 1885/1899/1999 1879/1893/1991 1889/1903/2003
f 1888/1902/2002 1887/1901/2001 1885/1899/1999
f 1888/1902/2002 1894/1908/2008 1887/1901/2001
f 1893/1907/2007 1892/1906/2006 1887/1901/2001
f 1893/1907/2007 1901/1915/2017 1892/1906/2006
f 1900/1914/2016 1899/1913/2015 1892/1906/2006
f 1900/1914/2016 1902/1916/2018 1899/1913/2015
f 1899/1913/2015 1827/1841/1939 1826/1840/1938
f 2294/2308/2410 2295/2309/2411 2296/1555/1637
f 2296/1555/1637 2297/1550/1633 2294/2308/2410
f 2298/1521/1599 2299/1520/1598 2295/2309/2411
f 2295/2309/2411 2294/2308/2410 2298/1521/1599
f 2300/2310/2412 2299/1520/1598 2301/163/159
f 2301/163/159 2302/2311/2413 2300/2310/2412
f 2302/2311/2413 2301/163/159 2303/1515/1595
f 2303/1515/1595 2304/2312/2414 2302/2311/2413
f 2304/2312/2414 2303/1515/1595 2305/1543/1626
f 2305/1543/1626 2306/2313/2415 2304/2312/2414
f 2307/2314/2416 2308/1528/1608 2309/1535/1616
f 2309/1535/1616 2310/2315/2417 2307/2314/2416
f 2310/2315/2417 2309/1535/1616 2311/1548/1631
f 2311/1548/1631 2312/2316/2418 2310/2315/2417
f 2312/2316/2418 2311/1548/1631 2296/1555/1637
f 2296/1555/1637 2313/2317/2419 2312/2316/2418
f 2313/2317/2419 2296/1555/1637 2295/2309/2411
f 2295/2309/2411 2314/2318/2420 2313/2317/2419
f 2314/2318/2420 2295/2309/2411 2299/1520/1598
f 2299/1520/1598 2300/2310/2412 2314/2318/2420
f 2315/2319/2421 2300/2310/2412 2302/2311/2413
f 2302/2311/2413 2316/2320/2422 2315/2319/2421
f 2316/2320/2422 2302/2311/2413 2304/2312/2414
f 2304/2312/2414 2317/2321/2423 2316/2320/2422
f 2317/2321/2423 2304/2312/2414 2306/2313/2415
f 2306/2313/2415 2318/2322/2424 2317/2321/2423
f 2319/2323/2425 2307/2314/2416 2310/2315/2417
f 2310/2315/2417 2320/2324/2426 2319/2323/2425
f 2320/2324/2426 2310/2315/2417 2312/2316/2418
f 2312/2316/2418 2321/2325/2427 2320/2324/2426
f 2321/2325/2427 2312/2316/2418 2313/2317/2419
f 2313/2317/2419 2322/2326/2428 2321/2325/2427
f 2322/2326/2428 2313/2317/2419 2314/2318/2420
f 2314/2318/2420 2323/2327/2429 2322/2326/2428
f 2323/2327/2429 2314/2318/2420 2300/2310/2412
f 2300/2310/2412 2315/2319/2421 2323/2327/2429
f 2324/2328/2430 2325/2329/2431 2326/2330/2432
f 2326/2330/2432 2327/2331/2433 2324/2328/2430
f 2327/2331/2433 2326/2330/2432 2328/2332/2434
f 2328/2332/2434 2329/2333/2435 2327/2331/2433
f 2329/2333/2435 2328/2332/2434 2330/2334/2436
f 2330/2334/2436 2331/2335/2437 2329/2333/2435
f 2332/2336/2438 2333/2337/2439 2334/2338/2440
f 2334/2338/2440 2335/2339/2441 2332/2336/2438
f 2335/2339/2441 2334/2338/2440 2336/2340/2442
f 2336/2340/2442 2337/2341/2443 2335/2339/2441
f 2337/2341/2443 2336/2340/2442 2338/2342/2444
f 2338/2342/2444 2339/2343/2445 2337/2341/2443
f 2339/2343/2445 2338/2342/2444 2340/2344/2446
f 2340/2344/2446 2341/2345/2447 2339/2343/2445
f 2341/2345/2447 2340/2344/2446 2325/2329/2431
f 2325/2329/2431 2324/2328/2430 2341/2345/2447
f 2342/2346/2448 2343/2347/2449 2344/2348/2450
f 2344/2348/2450 2345/2349/2451 2342/2346/2448
f 2345/2349/2451 2344/2348/2450 2346/2350/2452
f 2346/2350/2452 2347/2351/2453 2345/2349/2451
f 2347/2351/2453 2346/2350/2452 2348/2352/2454
f 2348/2352/2454 2349/2353/2455 2347/2351/2453
f 2350/2354/2456 2351/2355/2457 2352/2356/2458
f 2352/2356/2458 2353/2357/2459 2350/2354/2456
f 2353/2357/2459 2352/2356/2458 2354/2358/2460
f 2354/2358/2460 2355/2359/2461 2353/2357/2459
f 2355/2359/2461 2354/2358/2460 2356/2360/2462
f 2356/2360/2462 2357/2361/2463 2355/2359/2461
f 2357/2361/2463 2356/2360/2462 2358/2362/2464
f 2358/2362/2464 2359/2363/2465 2357/2361/2463
f 2359/2363/2465 2358/2362/2464 2343/2347/2449
f 2343/2347/2449 2342/2346/2448 2359/2363/2465
f 2360/2364/2466 2342/2346/2448 2345/2349/2451
f 2345/2349/2451 2361/2365/2467 2360/2364/2466
f 2361/2365/2467 2345/2349/2451 2347/2351/2453
f 2347/2351/2453 2362/2366/2468 2361/2365/2467
f 2362/2366/2468 2347/2351/2453 2349/2353/2455
f 2349/2353/2455 2363/2367/2469 2362/2366/2468
f 2364/2368/2470 2350/2354/2456 2353/2357/2459
f 2353/2357/2459 2365/2369/2471 2364/2368/2470
f 2365/2369/2471 2353/2357/2459 2355/2359/2461
f 2355/2359/2461 2366/2370/2472 2365/2369/2471
f 2366/2370/2472 2355/2359/2461 2357/2361/2463
f 2357/2361/2463 2367/2371/2473 2366/2370/2472
f 2367/2371/2473 2357/2361/2463 2359/2363/2465
f 2359/2363/2465 2368/2372/2474 2367/2371/2473
f 2368/2372/2474 2359/2363/2465 2342/2346/2448
f 2342/2346/2448 2360/2364/2466 2368/2372/2474
f 2369/2373/2475 2360/2364/2466 2361/2365/2467
f 2361/2365/2467 2370/2374/2476 2369/2373/2475
f 2370/2374/2476 2361/2365/2467 2362/2366/2468
f 2362/2366/2468 2371/2375/2477 2370/2374/2476
f 2371/2375/2477 2362/2366/2468 2363/2367/2469
f 2363/2367/2469 2372/2376/2478 2371/2375/2477
f 2373/2377/2479 2364/2368/2470 2365/2369/2471
f 2365/2369/2471 2374/2378/2480 2373/2377/2479
f 2374/2378/2480 2365/2369/2471 2366/2370/2472
f 2366/2370/2472 2375/2379/2481 2374/2378/2480
f 2375/2379/2481 2366/2370/2472 2367/2371/2473
f 2367/2371/2473 2376/2380/2482 2375/2379/2481
f 2376/2380/2482 2367/2371/2473 2368/2372/2474
f 2368/2372/2474 2377/2381/2483 2376/2380/2482
f 2377/2381/2483 2368/2372/2474 2360/2364/2466
f 2360/2364/2466 2369/2373/2475 2377/2381/2483
f 2378/2382/2484 2369/2373/2475 2370/2374/2476
f 2370/2374/2476 2379/2383/2485 2378/2382/2484
f 2379/2383/2485 2370/2374/2476 2371/2375/2477
f 2371/2375/2477 2380/2384/2486 2379/2383/2485
f 2380/2384/2486 2371/2375/2477 2372/2376/2478
f 2372/2376/2478 2381/2385/2487 2380/2384/2486
f 2382/2386/2488 2373/2377/2479 2374/2378/2480
f 2374/2378/2480 2383/2387/2489 2382/2386/2488
f 2383/2387/2489 2374/2378/2480 2375/2379/2481
f 2375/2379/2481 2384/2388/2490 2383/2387/2489
f 2384/2388/2490 2375/2379/2481 2376/2380/2482
f 2376/2380/2482 2385/2389/2491 2384/2388/2490
f 2385/2389/2491 2376/2380/2482 2377/2381/2483
f 2377/2381/2483 2386/2390/2492 2385/2389/2491
f 2386/2390/2492 2377/2381/2483 2369/2373/2475
f 2369/2373/2475 2378/2382/2484 2386/2390/2492
f 2387/2391/2493 2388/2392/2494 2389/2393/2495
f 2389/2393/2495 2390/2394/2496 2387/2391/2493
f 2387/2391/2493 2390/2394/2496 2391/2395/2497
f 2391/2395/2497 2392/2396/2498 2387/2391/2493
f 2392/2396/2498 2391/2395/2497 2393/2397/2499
f 2393/2397/2499 2394/2398/2500 2392/2396/2498
f 2395/2399/2501 2396/2400/2502 2397/2401/2503
f 2397/2401/2503 2398/2402/2504 2395/2399/2501
f 2399/2403/2505 2400/2404/2506 2401/2405/2507
f 2401/2405/2507 2402/2406/2508 2399/2403/2505
f 2403/2407/2509 2404/2408/2510 2405/2409/2511
f 2405/2409/2511 2406/2410/2512 2403/2407/2509
f 2403/2407/2509 2406/2410/2512 2407/2411/2513
f 2407/2411/2513 2408/2412/2514 2403/2407/2509
f 2409/2413/2515 2410/2414/2516 2411/2415/2517
f 2411/2415/2517 2412/2416/2518 2409/2413/2515
f 2413/2417/2519 2414/2418/2520 2388/2392/2494
f 2388/2392/2494 2387/2391/2493 2413/2417/2519
f 2413/2417/2519 2387/2391/2493 2392/2396/2498
f 2392/2396/2498 2415/2419/2521 2413/2417/2519
f 2415/2419/2521 2392/2396/2498 2394/2398/2500
f 2394/2398/2500 2416/2420/2522 2415/2419/2521
f 2417/2421/2523 2395/2399/2501 2398/2402/2504
f 2398/2402/2504 2418/2422/2524 2417/2421/2523
f 2419/2423/2525 2420/2424/2526 2400/2404/2506
f 2400/2404/2506 2399/2403/2505 2419/2423/2525
f 2421/2425/2527 2422/2426/2528 2404/2408/2510
f 2404/2408/2510 2403/2407/2509 2421/2425/2527
f 2421/2425/2527 2403/2407/2509 2408/2412/2514
f 2408/2412/2514 2423/2427/2529 2421/2425/2527
f 2424/2428/2530 2409/2413/2515 2412/2416/2518
f 2412/2416/2518 2425/2429/2531 2424/2428/2530
f 2426/2430/2532 2427/2431/2533 2414/2418/2520
f 2414/2418/2520 2413/2417/2519 2426/2430/2532
f 2426/2430/2532 2413/2417/2519 2415/2419/2521
f 2415/2419/2521 2428/2432/2534 2426/2430/2532
f 2428/2432/2534 2415/2419/2521 2416/2420/2522
f 2416/2420/2522 2429/2433/2535 2428/2432/2534
f 2430/2434/2536 2417/2421/2523 2418/2422/2524
f 2418/2422/2524 2431/2435/2537 2430/2434/2536
f 2432/2436/2538 2433/2437/2539 2420/2424/2526
f 2420/2424/2526 2419/2423/2525 2432/2436/2538
f 2434/2438/2540 2435/2439/2541 2422/2426/2528
f 2422/2426/2528 2421/2425/2527 2434/2438/2540
f 2434/2438/2540 2421/2425/2527 2423/2427/2529
f 2423/2427/2529 2436/2440/2542 2434/2438/2540
f 2437/2441/2543 2424/2428/2530 2425/2429/2531
f 2425/2429/2531 2438/2442/2544 2437/2441/2543
f 2439/2443/2545 2440/2444/2546 2441/2445/2547
f 2441/2445/2547 2442/2446/2548 2439/2443/2545
f 2439/2443/2545 2442/2446/2548 2443/2447/2549
f 2443/2447/2549 2444/2448/2550 2439/2443/2545
f 2444/2448/2550 2443/2447/2549 2445/2449/2551
f 2445/2449/2551 2446/2450/2552 2444/2448/2550
f 2447/2451/2553 2448/2452/2554 2449/2453/2555
f 2449/2453/2555 2450/2454/2556 2447/2451/2553
f 2451/2455/2557 2452/2456/2558 2453/2457/2559
f 2453/2457/2559 2454/2458/2560 2451/2455/2557
f 2455/2459/2561 2456/2460/2562 2457/2461/2563
f 2457/2461/2563 2458/2462/2564 2455/2459/2561
f 2455/2459/2561 2458/2462/2564 2459/2463/2565
f 2459/2463/2565 2460/2464/2566 2455/2459/2561
f 2461/2465/2567 2462/2466/2568 2463/2467/2569
f 2463/2467/2569 2464/2468/2570 2461/2465/2567
f 2465/2469/2571 2466/2470/2572 2467/2471/2573
f 2467/2471/2573 2468/2472/2574 2465/2469/2571
f 2465/2469/2571 2468/2472/2574 2469/2473/2575
f 2469/2473/2575 2470/2474/2576 2465/2469/2571
f 2470/2474/2576 2469/2473/2575 2471/2475/2577
f 2471/2475/2577 2472/2476/2578 2470/2474/2576
f 2473/2477/2579 2474/2478/2580 2475/2479/2581
f 2475/2479/2581 2476/2480/2582 2473/2477/2579
f 2477/2481/2583 2478/2482/2584 2479/2483/2585
f 2479/2483/2585 2480/2484/2586 2477/2481/2583
f 2481/2485/2587 2482/2486/2588 2483/2487/2589
f 2483/2487/2589 2484/2488/2590 2481/2485/2587
f 2481/2485/2587 2484/2488/2590 2485/2489/2591
f 2485/2489/2591 2486/2490/2592 2481/2485/2587
f 2487/2491/2593 2488/2492/2594 2489/2493/2595
f 2489/2493/2595 2490/2494/2596 2487/2491/2593
f 2491/2495/2597 2492/2496/2598 2466/2470/2572
f 2466/2470/2572 2465/2469/2571 2491/2495/2597
f 2491/2495/2597 2465/2469/2571 2470/2474/2576
f 2470/2474/2576 2493/2497/2599 2491/2495/2597
f 2493/2497/2599 2470/2474/2576 2472/2476/2578
f 2472/2476/2578 2494/2498/2600 2493/2497/2599
f 2495/2499/2601 2473/2477/2579 2476/2480/2582
f 2476/2480/2582 2496/2500/2602 2495/2499/2601
f 2497/2501/2603 2498/2502/2604 2478/2482/2584
f 2478/2482/2584 2477/2481/2583 2497/2501/2603
f 2499/2503/2605 2500/2504/2606 2482/2486/2588
f 2482/2486/2588 2481/2485/2587 2499/2503/2605
f 2499/2503/2605 2481/2485/2587 2486/2490/2592
f 2486/2490/2592 2501/2505/2607 2499/2503/2605
f 2502/2506/2608 2487/2491/2593 2490/2494/2596
f 2490/2494/2596 2503/2507/2609 2502/2506/2608
f 2504/2508/2610 2505/2509/2611 2492/2496/2598
f 2492/2496/2598 2491/2495/2597 2504/2508/2610
f 2504/2508/2610 2491/2495/2597 2493/2497/2599
f 2493/2497/2599 2506/2510/2612 2504/2508/2610
f 2506/2510/2612 2493/2497/2599 2494/2498/2600
f 2494/2498/2600 2507/2511/2613 2506/2510/2612
f 2508/2512/2614 2495/2499/2601 2496/2500/2602
f 2496/2500/2602 2509/2513/2615 2508/2512/2614
f 2510/2514/2616 2511/2515/2617 2498/2502/2604
f 2498/2502/2604 2497/2501/2603 2510/2514/2616
f 2512/2516/2618 2513/2517/2619 2500/2504/2606
f 2500/2504/2606 2499/2503/2605 2512/2516/2618
f 2512/2516/2618 2499/2503/2605 2501/2505/2607
f 2501/2505/2607 2514/2518/2620 2512/2516/2618
f 2515/2519/2621 2502/2506/2608 2503/2507/2609
f 2503/2507/2609 2516/2520/2622 2515/2519/2621
f 2517/2521/2623 2518/2522/2624 2519/2523/2625
f 2519/2523/2625 2520/2524/2626 2517/2521/2623
f 2517/2521/2623 2520/2524/2626 2521/2525/2627
f 2521/2525/2627 2522/2526/2628 2517/2521/2623
f 2522/2526/2628 2521/2525/2627 2523/2527/2629
f 2523/2527/2629 2524/2528/2630 2522/2526/2628
f 2525/2529/2631 2526/2530/2632 2527/2531/2633
f 2527/2531/2633 2528/2532/2634 2525/2529/2631
f 2529/2533/2635 2530/2534/2636 2531/2535/2637
f 2531/2535/2637 2532/2536/2638 2529/2533/2635
f 2533/2537/2639 2534/2538/2640 2535/2539/2641
f 2535/2539/2641 2536/2540/2642 2533/2537/2639
f 2537/2541/2643 2538/2542/2644 2539/2543/2645
f 2539/2543/2645 2540/2544/2646 2537/2541/2643
f 2468/2472/2574 2467/2471/2573 2440/2444/2546
f 2440/2444/2546 2439/2443/2545 2468/2472/2574
f 2468/2472/2574 2439/2443/2545 2444/2448/2550
f 2444/2448/2550 2469/2473/2575 2468/2472/2574
f 2469/2473/2575 2444/2448/2550 2446/2450/2552
f 2446/2450/2552 2471/2475/2577 2469/2473/2575
f 2474/2478/2580 2447/2451/2553 2450/2454/2556
f 2450/2454/2556 2475/2479/2581 2474/2478/2580
f 2480/2484/2586 2479/2483/2585 2452/2456/2558
f 2452/2456/2558 2451/2455/2557 2480/2484/2586
f 2484/2488/2590 2483/2487/2589 2456/2460/2562
f 2456/2460/2562 2455/2459/2561 2484/2488/2590
f 2484/2488/2590 2455/2459/2561 2460/2464/2566
f 2460/2464/2566 2485/2489/2591 2484/2488/2590
f 2488/2492/2594 2461/2465/2567 2464/2468/2570
f 2464/2468/2570 2489/2493/2595 2488/2492/2594
f 2442/2446/2548 2441/2445/2547 2541/2545/2647
f 2541/2545/2647 2542/2546/2648 2442/2446/2548
f 2442/2446/2548 2542/2546/2648 2543/2547/2649
f 2543/2547/2649 2443/2447/2549 2442/2446/2548
f 2443/2447/2549 2543/2547/2649 2544/2548/2650
f 2544/2548/2650 2445/2449/2551 2443/2447/2549
f 2448/2452/2554 2545/2549/2651 2546/2550/2652
f 2546/2550/2652 2449/2453/2555 2448/2452/2554
f 2454/2458/2560 2453/2457/2559 2547/2551/2653
f 2547/2551/2653 2548/2552/2654 2454/2458/2560
f 2458/2462/2564 2457/2461/2563 2549/2553/2655
f 2549/2553/2655 2550/2554/2656 2458/2462/2564
f 2458/2462/2564 2550/2554/2656 2551/2555/2657
f 2551/2555/2657 2459/2463/2565 2458/2462/2564
f 2462/2466/2568 2552/2556/2658 2553/2557/2659
f 2553/2557/2659 2463/2467/2569 2462/2466/2568
f 2520/2524/2626 2519/2523/2625 2505/2509/2611
f 2505/2509/2611 2504/2508/2610 2520/2524/2626
f 2520/2524/2626 2504/2508/2610 2506/2510/2612
f 2506/2510/2612 2521/2525/2627 2520/2524/2626
f 2521/2525/2627 2506/2510/2612 2507/2511/2613
f 2507/2511/2613 2523/2527/2629 2521/2525/2627
f 2526/2530/2632 2508/2512/2614 2509/2513/2615
f 2509/2513/2615 2527/2531/2633 2526/2530/2632
f 2532/2536/2638 2531/2535/2637 2511/2515/2617
f 2511/2515/2617 2510/2514/2616 2532/2536/2638
f 2536/2540/2642 2535/2539/2641 2513/2517/2619
f 2513/2517/2619 2512/2516/2618 2536/2540/2642
f 2538/2542/2644 2515/2519/2621 2516/2520/2622
f 2516/2520/2622 2539/2543/2645 2538/2542/2644
f 2554/2558/2660 2555/2559/2661 2556/2560/2662
f 2556/2560/2662 2557/2561/2663 2554/2558/2660
f 2554/2558/2660 2557/2561/2663 1146/1149/1153
f 1146/1149/1153 1147/1150/1154 2554/2558/2660
f 2558/2562/2664 2559/2563/2665 2560/2564/2666
f 2560/2564/2666 2561/2565/2667 2558/2562/2664
f 2558/2562/2664 2561/2565/2667 2562/2566/2668
f 2562/2566/2668 2563/2567/2669 2558/2562/2664
f 2564/2568/2670 2565/2569/2671 2566/2570/2672
f 2566/2570/2672 2567/2571/2673 2564/2568/2670
f 2568/2572/2674 2569/2573/2675 2555/2559/2661
f 2555/2559/2661 2554/2558/2660 2568/2572/2674
f 2568/2572/2674 2554/2558/2660 1147/1150/1154
f 1147/1150/1154 1160/1163/1167 2568/2572/2674
f 2570/2574/2676 2571/2575/2677 2559/2563/2665
f 2559/2563/2665 2558/2562/2664 2570/2574/2676
f 2570/2574/2676 2558/2562/2664 2563/2567/2669
f 2563/2567/2669 2572/2576/2678 2570/2574/2676
f 2573/2577/2679 2564/2568/2670 2567/2571/2673
f 2567/2571/2673 2574/2578/2680 2573/2577/2679
f 2575/2579/2681 2576/2580/2682 2569/2573/2675
f 2569/2573/2675 2568/2572/2674 2575/2579/2681
f 2575/2579/2681 2568/2572/2674 1160/1163/1167
f 1160/1163/1167 1168/1171/1175 2575/2579/2681
f 2577/2581/2683 2578/2582/2684 2571/2575/2677
f 2571/2575/2677 2570/2574/2676 2577/2581/2683
f 2577/2581/2683 2570/2574/2676 2572/2576/2678
f 2572/2576/2678 2579/2583/2685 2577/2581/2683
f 2580/2584/2686 2573/2577/2679 2574/2578/2680
f 2574/2578/2680 2581/2585/2687 2580/2584/2686
f 2582/2586/2688 2583/2587/2689 2576/2580/2682
f 2576/2580/2682 2575/2579/2681 2582/2586/2688
f 2582/2586/2688 2575/2579/2681 1168/1171/1175
f 1168/1171/1175 1176/1179/1183 2582/2586/2688
f 2584/2588/2690 2585/2589/2691 2578/2582/2684
f 2578/2582/2684 2577/2581/2683 2584/2588/2690
f 2584/2588/2690 2577/2581/2683 2579/2583/2685
f 2579/2583/2685 2586/2590/2692 2584/2588/2690
f 2587/2591/2693 2580/2584/2686 2581/2585/2687
f 2581/2585/2687 2588/2592/2694 2587/2591/2693
f 2589/2593/2695 2590/2594/2696 2583/2587/2689
f 2583/2587/2689 2582/2586/2688 2589/2593/2695
f 2589/2593/2695 2582/2586/2688 1176/1179/1183
f 2589/2593/2695 1176/1179/1183 1185/1188/1192
f 1185/1188/1192 1184/1187/1191 2589/2593/2695
f 2591/2595/2697 2592/2596/2698 2585/2589/2691
f 2585/2589/2691 2584/2588/2690 2591/2595/2697
f 2591/2595/2697 2584/2588/2690 2586/2590/2692
f 2586/2590/2692 2593/2597/2699 2591/2595/2697
f 2594/2598/2700 2587/2591/2693 2588/2592/2694
f 2588/2592/2694 2595/2599/2701 2594/2598/2700
f 2596/2600/2702 2597/2601/2703 2590/2594/2696
f 2590/2594/2696 2589/2593/2695 2596/2600/2702
f 2596/2600/2702 2589/2593/2695 1184/1187/1191
f 1184/1187/1191 1193/1196/1200 2596/2600/2702
f 2598/2602/2704 2599/2603/2705 2592/2596/2698
f 2592/2596/2698 2591/2595/2697 2598/2602/2704
f 2598/2602/2704 2591/2595/2697 2593/2597/2699
f 2593/2597/2699 2600/2604/2706 2598/2602/2704
f 2601/2605/2707 2594/2598/2700 2595/2599/2701
f 2595/2599/2701 2602/2606/2708 2601/2605/2707
f 2603/2607/2709 2604/2608/2710 2597/2601/2703
f 2597/2601/2703 2596/2600/2702 2603/2607/2709
f 2603/2607/2709 2596/2600/2702 1193/1196/1200
f 1193/1196/1200 1201/1204/1209 2603/2607/2709
f 2605/2609/2711 2606/2610/2712 2599/2603/2705
f 2599/2603/2705 2598/2602/2704 2605/2609/2711
f 2607/2611/2713 2608/2612/2714 2609/2613/2715
f 2609/2613/2715 2610/2614/2716 2607/2611/2713
f 2611/2615/2717 2612/2616/2718 2613/2617/2719
f 2613/2617/2719 2614/2618/2720 2611/2615/2717
f 2615/2619/2721 2616/2620/2722 2617/2621/2723
f 2617/2621/2723 2618/2622/2724 2615/2619/2721
f 2615/2619/2721 2618/2622/2724 1216/1219/1224
f 1216/1219/1224 1217/1220/1225 2615/2619/2721
f 2619/2623/2725 2620/2624/2726 2621/2625/2727
f 2621/2625/2727 2622/2626/2728 2619/2623/2725
f 2623/2627/2729 2624/2628/2730 2616/2620/2722
f 2616/2620/2722 2615/2619/2721 2623/2627/2729
f 2623/2627/2729 2615/2619/2721 1217/1220/1225
f 1217/1220/1225 1224/1227/1232 2623/2627/2729
f 2625/2629/2731 2626/2630/2732 2620/2624/2726
f 2620/2624/2726 2619/2623/2725 2625/2629/2731
f 2625/2629/2731 2619/2623/2725 2627/2631/2733
f 2627/2631/2733 2628/2632/2734 2625/2629/2731
f 2629/2633/2735 2630/2634/2736 2631/2635/2737
f 2631/2635/2737 2632/2636/2738 2629/2633/2735
f 2633/2637/2739 2634/2638/2740 2624/2628/2730
f 2624/2628/2730 2623/2627/2729 2633/2637/2739
f 2633/2637/2739 2623/2627/2729 1224/1227/1232
f 1224/1227/1232 1235/1238/1243 2633/2637/2739
f 2635/2639/2741 2636/2640/2742 2626/2630/2732
f 2626/2630/2732 2625/2629/2731 2635/2639/2741
f 2635/2639/2741 2625/2629/2731 2628/2632/2734
f 2628/2632/2734 2637/2641/2743 2635/2639/2741
f 2638/2642/2744 2629/2633/2735 2632/2636/2738
f 2632/2636/2738 2639/2643/2745 2638/2642/2744
f 2640/2644/2746 2641/2645/2747 2642/2646/2748
f 2642/2646/2748 2643/2647/2749 2640/2644/2746
f 2640/2644/2746 2643/2647/2749 2644/2648/2750
f 2644/2648/2750 2645/2649/2751 2640/2644/2746
f 2646/2650/2752 2647/2651/2753 2648/2652/2754
f 2648/2652/2754 2649/2653/2755 2646/2650/2752
f 2650/2654/2756 2651/2655/2757 2652/2656/2758
f 2652/2656/2758 2653/2657/2759 2650/2654/2756
f 2654/2658/2760 2655/2659/2761 2656/2660/2762
f 2656/2660/2762 2657/2661/2763 2654/2658/2760
f 2622/2626/2728 2621/2625/2727 2658/2662/2764
f 2658/2662/2764 2607/2611/2713 2622/2626/2728
f 2618/2622/2724 2617/2621/2723 2659/2663/2765
f 2659/2663/2765 2660/2664/2766 2618/2622/2724
f 2618/2622/2724 2660/2664/2766 1262/1265/1273
f 1262/1265/1273 1216/1219/1224 2618/2622/2724
f 2630/2634/2736 2661/2665/2767 2662/2666/2768
f 2662/2666/2768 2631/2635/2737 2630/2634/2736
f 2619/2623/2725 2663/2667/2769 2664/2668/2770
f 2664/2668/2770 2627/2631/2733 2619/2623/2725
f 2622/2626/2728 2665/2669/2771 2663/2667/2769
f 2663/2667/2769 2619/2623/2725 2622/2626/2728
f 2607/2611/2713 2666/2670/2772 2665/2669/2771
f 2665/2669/2771 2622/2626/2728 2607/2611/2713
f 2610/2614/2716 2667/2671/2773 2666/2670/2772
f 2666/2670/2772 2607/2611/2713 2610/2614/2716
f 2614/2618/2720 2668/2672/2774 2669/2673/2775
f 2669/2673/2775 2611/2615/2717 2614/2618/2720
f 2670/2674/2776 2671/2675/2777 2668/2672/2774
f 2668/2672/2774 2614/2618/2720 2670/2674/2776
f 2631/2635/2737 2662/2666/2768 2671/2675/2777
f 2671/2675/2777 2670/2674/2776 2631/2635/2737
f 2343/2347/2449 2324/2328/2430 2327/2331/2433
f 2327/2331/2433 2344/2348/2450 2343/2347/2449
f 2344/2348/2450 2327/2331/2433 2329/2333/2435
f 2329/2333/2435 2346/2350/2452 2344/2348/2450
f 2346/2350/2452 2329/2333/2435 2331/2335/2437
f 2331/2335/2437 2348/2352/2454 2346/2350/2452
f 2351/2355/2457 2332/2336/2438 2335/2339/2441
f 2335/2339/2441 2352/2356/2458 2351/2355/2457
f 2352/2356/2458 2335/2339/2441 2337/2341/2443
f 2337/2341/2443 2354/2358/2460 2352/2356/2458
f 2354/2358/2460 2337/2341/2443 2339/2343/2445
f 2339/2343/2445 2356/2360/2462 2354/2358/2460
f 2356/2360/2462 2339/2343/2445 2341/2345/2447
f 2341/2345/2447 2358/2362/2464 2356/2360/2462
f 2358/2362/2464 2341/2345/2447 2324/2328/2430
f 2324/2328/2430 2343/2347/2449 2358/2362/2464
f 2325/2329/2431 2315/2319/2421 2316/2320/2422
f 2316/2320/2422 2326/2330/2432 2325/2329/2431
f 2326/2330/2432 2316/2320/2422 2317/2321/2423
f 2317/2321/2423 2328/2332/2434 2326/2330/2432
f 2328/2332/2434 2317/2321/2423 2318/2322/2424
f 2318/2322/2424 2330/2334/2436 2328/2332/2434
f 2333/2337/2439 2319/2323/2425 2320/2324/2426
f 2320/2324/2426 2334/2338/2440 2333/2337/2439
f 2334/2338/2440 2320/2324/2426 2321/2325/2427
f 2321/2325/2427 2336/2340/2442 2334/2338/2440
f 2336/2340/2442 2321/2325/2427 2322/2326/2428
f 2322/2326/2428 2338/2342/2444 2336/2340/2442
f 2338/2342/2444 2322/2326/2428 2323/2327/2429
f 2323/2327/2429 2340/2344/2446 2338/2342/2444
f 2340/2344/2446 2323/2327/2429 2315/2319/2421
f 2315/2319/2421 2325/2329/2431 2340/2344/2446
f 2650/2654/2756 2653/2657/2759 2672/2676/2778
f 2672/2676/2778 2673/2677/2779 2650/2654/2756
f 2533/2537/2639 2536/2540/2642 2674/2678/2780
f 2674/2678/2780 2675/2679/2781 2533/2537/2639
f 2512/2516/2618 2514/2518/2620 2674/2678/2780
f 2674/2678/2780 2536/2540/2642 2512/2516/2618
f 2676/2680/2782 2677/2681/2783 2678/2682/2784
f 2678/2682/2784 2679/2683/2785 2676/2680/2782
f 2680/2684/2786 2681/2685/2787 2682/2686/2788
f 2682/2686/2788 2683/2687/2789 2680/2684/2786
f 2684/2688/2790 2685/2689/2791 2682/2686/2788
f 2682/2686/2788 2681/2685/2787 2684/2688/2790
f 2686/2690/2792 2687/2691/2793 2688/2692/2794
f 2688/2692/2794 2689/2693/2795 2686/2690/2792
f 2690/2694/2796 2691/2695/2797 2692/2696/2798
f 2692/2696/2798 2693/2697/2799 2690/2694/2796
f 2694/2698/2800 2695/2699/2801 2696/2700/2802
f 2696/2700/2802 2697/2701/2803 2694/2698/2800
f 2698/2702/2804 2699/2703/2805 2700/2704/2806
f 2700/2704/2806 2701/2705/2807 2698/2702/2804
f 2702/2706/2808 2677/2681/2783 2676/2680/2782
f 2676/2680/2782 2703/2707/2809 2702/2706/2808
f 2704/2708/2810 2681/2685/2787 2680/2684/2786
f 2680/2684/2786 2705/2709/2811 2704/2708/2810
f 2706/2710/2812 2684/2688/2790 2681/2685/2787
f 2681/2685/2787 2704/2708/2810 2706/2710/2812
f 2690/2694/2796 2707/2711/2813 2708/2712/2814
f 2708/2712/2814 2691/2695/2797 2690/2694/2796
f 2709/2713/2815 2694/2698/2800 2697/2701/2803
f 2697/2701/2803 2710/2714/2816 2709/2713/2815
f 2711/2715/2817 2698/2702/2804 2701/2705/2807
f 2701/2705/2807 2712/2716/2818 2711/2715/2817
f 2713/2717/2819 2687/2691/2793 2686/2690/2792
f 2686/2690/2792 2714/2718/2820 2713/2717/2819
f 2715/2719/2821 2411/2415/2517 2410/2414/2516
f 2410/2414/2516 2716/2720/2822 2715/2719/2821
f 2717/2721/2823 2407/2411/2513 2406/2410/2512
f 2406/2410/2512 2718/2722/2824 2717/2721/2823
f 2718/2722/2824 2406/2410/2512 2405/2409/2511
f 2405/2409/2511 2719/2723/2825 2718/2722/2824
f 2720/2724/2826 2402/2406/2508 2401/2405/2507
f 2401/2405/2507 2721/2725/2827 2720/2724/2826
f 2722/2726/2828 2397/2401/2503 2396/2400/2502
f 2396/2400/2502 2723/2727/2829 2722/2726/2828
f 2724/2728/2830 2393/2397/2499 2391/2395/2497
f 2391/2395/2497 2725/2729/2831 2724/2728/2830
f 2725/2729/2831 2391/2395/2497 2390/2394/2496
f 2390/2394/2496 2726/2730/2832 2725/2729/2831
f 2726/2730/2832 2390/2394/2496 2389/2393/2495
f 2389/2393/2495 2727/2731/2833 2726/2730/2832
f 2728/2732/2834 2729/2733/2835 2685/2689/2791
f 2685/2689/2791 2730/2734/2836 2728/2732/2834
f 2731/2735/2837 2730/2734/2836 2685/2689/2791
f 2685/2689/2791 2684/2688/2790 2731/2735/2837
f 2732/2736/2838 2733/2737/2839 2734/2738/2840
f 2734/2738/2840 2735/2739/2841 2732/2736/2838
f 2736/2740/2842 2737/2741/2843 2738/2742/2844
f 2738/2742/2844 2739/2743/2845 2736/2740/2842
f 2740/2744/2846 2689/2693/2795 2737/2741/2843
f 2737/2741/2843 2736/2740/2842 2740/2744/2846
f 2689/2693/2795 2740/2744/2846 2741/2745/2847
f 2741/2745/2847 2686/2690/2792 2689/2693/2795
f 2731/2735/2837 2684/2688/2790 2706/2710/2812
f 2706/2710/2812 2742/2746/2848 2731/2735/2837
f 2743/2747/2849 2714/2718/2820 2686/2690/2792
f 2686/2690/2792 2741/2745/2847 2743/2747/2849
f 2744/2748/2850 2728/2732/2834 2730/2734/2836
f 2730/2734/2836 2693/2697/2799 2744/2748/2850
f 2745/2749/2851 2732/2736/2838 2735/2739/2841
f 2735/2739/2841 2746/2750/2852 2745/2749/2851
f 2747/2751/2853 2736/2740/2842 2739/2743/2845
f 2739/2743/2845 2748/2752/2854 2747/2751/2853
f 2749/2753/2855 2740/2744/2846 2736/2740/2842
f 2736/2740/2842 2747/2751/2853 2749/2753/2855
f 2693/2697/2799 2730/2734/2836 2731/2735/2837
f 2731/2735/2837 2690/2694/2796 2693/2697/2799
f 2750/2754/2856 2741/2745/2847 2740/2744/2846
f 2740/2744/2846 2749/2753/2855 2750/2754/2856
f 2690/2694/2796 2731/2735/2837 2742/2746/2848
f 2742/2746/2848 2707/2711/2813 2690/2694/2796
f 2751/2755/2857 2743/2747/2849 2741/2745/2847
f 2741/2745/2847 2750/2754/2856 2751/2755/2857
f 2693/2697/2799 2692/2696/2798 2752/2756/2858
f 2752/2756/2858 2744/2748/2850 2693/2697/2799
f 2700/2704/2806 2747/2751/2853 2748/2752/2854
f 2748/2752/2854 2753/2757/2859 2700/2704/2806
f 2700/2704/2806 2699/2703/2805 2749/2753/2855
f 2749/2753/2855 2747/2751/2853 2700/2704/2806
f 2698/2702/2804 2750/2754/2856 2749/2753/2855
f 2749/2753/2855 2699/2703/2805 2698/2702/2804
f 2698/2702/2804 2711/2715/2817 2751/2755/2857
f 2751/2755/2857 2750/2754/2856 2698/2702/2804
f 2754/2758/2860 2755/2759/2861 2756/2760/2862
f 2756/2760/2862 2757/2761/2863 2754/2758/2860
f 2757/2761/2863 2756/2760/2862 2758/2762/2864
f 2758/2762/2864 2759/2763/2865 2757/2761/2863
f 2759/2763/2865 2758/2762/2864 2760/2764/2866
f 2760/2764/2866 2761/2765/2867 2759/2763/2865
f 2761/2765/2867 2760/2764/2866 2762/2766/2868
f 2762/2766/2868 2763/2767/2869 2761/2765/2867
f 2764/2768/2870 2763/2767/2869 2762/2766/2868
f 2765/2769/2871 2766/2770/2872 2767/2771/2873
f 2767/2771/2873 2768/2772/2874 2765/2769/2871
f 2763/2767/2869 2764/2768/2870 2769/2773/2875
f 2769/2773/2875 2770/2774/2876 2763/2767/2869
f 2771/2775/2877 2761/2765/2867 2763/2767/2869
f 2763/2767/2869 2770/2774/2876 2771/2775/2877
f 2772/2776/2878 2759/2763/2865 2761/2765/2867
f 2761/2765/2867 2771/2775/2877 2772/2776/2878
f 2773/2777/2879 2757/2761/2863 2759/2763/2865
f 2759/2763/2865 2772/2776/2878 2773/2777/2879
f 2774/2778/2880 2754/2758/2860 2757/2761/2863
f 2757/2761/2863 2773/2777/2879 2774/2778/2880
f 2775/2779/2881 2766/2770/2872 2765/2769/2871
f 2765/2769/2871 2776/2780/2882 2775/2779/2881
f 2695/2699/2801 2745/2749/2851 2746/2750/2852
f 2746/2750/2852 2696/2700/2802 2695/2699/2801
f 2777/2781/2883 2701/2705/2807 2700/2704/2806
f 2700/2704/2806 2753/2757/2859 2777/2781/2883
f 2778/2782/2884 2712/2716/2818 2701/2705/2807
f 2701/2705/2807 2777/2781/2883 2778/2782/2884
f 2691/2695/2797 2779/2783/2885 2752/2756/2858
f 2752/2756/2858 2692/2696/2798 2691/2695/2797
f 2708/2712/2814 2780/2784/2886 2779/2783/2885
f 2779/2783/2885 2691/2695/2797 2708/2712/2814
f 2754/2758/2860 2765/2769/2871 2768/2772/2874
f 2768/2772/2874 2755/2759/2861 2754/2758/2860
f 2774/2778/2880 2776/2780/2882 2765/2769/2871
f 2765/2769/2871 2754/2758/2860 2774/2778/2880
f 2781/2785/2887 2782/2786/2888 2783/2787/2889
f 2783/2787/2889 2784/2788/2890 2781/2785/2887
f 2785/2789/2891 2786/2790/2892 2782/2786/2888
f 2782/2786/2888 2781/2785/2887 2785/2789/2891
f 2787/2791/2893 2788/2792/2894 2786/2790/2892
f 2786/2790/2892 2785/2789/2891 2787/2791/2893
f 2789/2793/2895 2790/2794/2896 2788/2792/2894
f 2788/2792/2894 2787/2791/2893 2789/2793/2895
f 2791/2795/2897 2792/2796/2898 2790/2794/2896
f 2790/2794/2896 2789/2793/2895 2791/2795/2897
f 2793/2797/2899 2794/2798/2900 2792/2796/2898
f 2792/2796/2898 2791/2795/2897 2793/2797/2899
f 2795/2799/2901 2796/2800/2902 2794/2798/2900
f 2794/2798/2900 2793/2797/2899 2795/2799/2901
f 2797/2801/2903 2798/2802/2904 2799/2803/2905
f 2799/2803/2905 2800/2804/2906 2797/2801/2903
f 2801/2805/2907 2802/2806/2908 2798/2802/2904
f 2798/2802/2904 2797/2801/2903 2801/2805/2907
f 2803/2807/2909 2804/2808/2910 2802/2806/2908
f 2802/2806/2908 2801/2805/2907 2803/2807/2909
f 2800/2804/2906 2799/2803/2905 2805/2809/2911
f 2805/2809/2911 2806/2810/2912 2800/2804/2906
f 2649/2653/2755 2648/2652/2754 2530/2534/2636
f 2530/2534/2636 2529/2533/2635 2649/2653/2755
f 2653/2657/2759 2652/2656/2758 2534/2538/2640
f 2534/2538/2640 2533/2537/2639 2653/2657/2759
f 2653/2657/2759 2533/2537/2639 2675/2679/2781
f 2675/2679/2781 2672/2676/2778 2653/2657/2759
f 2655/2659/2761 2537/2541/2643 2540/2544/2646
f 2540/2544/2646 2656/2660/2762 2655/2659/2761
f 2643/2647/2749 2642/2646/2748 2518/2522/2624
f 2518/2522/2624 2517/2521/2623 2643/2647/2749
f 2643/2647/2749 2517/2521/2623 2522/2526/2628
f 2643/2647/2749 2522/2526/2628 2807/2811/2913
f 2807/2811/1420 2644/2648/2750 2643/2647/2749
f 2808/2812/2914 2528/2532/2634 2530/2534/2636
f 2808/2812/2914 2530/2534/2636 2648/2652/2754
f 2648/2652/2754 2809/2813/2915 2808/2812/2914
f 2528/2532/2634 2527/2531/2633 2531/2535/2637
f 2531/2535/2637 2530/2534/2636 2528/2532/2634
f 2527/2531/2633 2509/2513/2615 2511/2515/2617
f 2511/2515/2617 2531/2535/2637 2527/2531/2633
f 2509/2513/2615 2496/2500/2602 2498/2502/2604
f 2498/2502/2604 2511/2515/2617 2509/2513/2615
f 2496/2500/2602 2476/2480/2582 2478/2482/2584
f 2478/2482/2584 2498/2502/2604 2496/2500/2602
f 2476/2480/2582 2475/2479/2581 2479/2483/2585
f 2479/2483/2585 2478/2482/2584 2476/2480/2582
f 2475/2479/2581 2450/2454/2556 2452/2456/2558
f 2452/2456/2558 2479/2483/2585 2475/2479/2581
f 2450/2454/2556 2449/2453/2555 2453/2457/2559
f 2453/2457/2559 2452/2456/2558 2450/2454/2556
f 2449/2453/2555 2546/2550/2652 2547/2551/2653
f 2547/2551/2653 2453/2457/2559 2449/2453/2555
f 2431/2435/2537 2418/2422/2524 2420/2424/2526
f 2420/2424/2526 2433/2437/2539 2431/2435/2537
f 2418/2422/2524 2398/2402/2504 2400/2404/2506
f 2400/2404/2506 2420/2424/2526 2418/2422/2524
f 2398/2402/2504 2397/2401/2503 2401/2405/2507
f 2401/2405/2507 2400/2404/2506 2398/2402/2504
f 2722/2726/2828 2721/2725/2827 2401/2405/2507
f 2401/2405/2507 2397/2401/2503 2722/2726/2828
f 2728/2732/2834 2735/2739/2841 2734/2738/2840
f 2734/2738/2840 2729/2733/2835 2728/2732/2834
f 2744/2748/2850 2746/2750/2852 2735/2739/2841
f 2735/2739/2841 2728/2732/2834 2744/2748/2850
f 2752/2756/2858 2696/2700/2802 2746/2750/2852
f 2746/2750/2852 2744/2748/2850 2752/2756/2858
f 2779/2783/2885 2697/2701/2803 2696/2700/2802
f 2696/2700/2802 2752/2756/2858 2779/2783/2885
f 2780/2784/2886 2710/2714/2816 2697/2701/2803
f 2697/2701/2803 2779/2783/2885 2780/2784/2886
f 2803/2807/2909 2801/2805/2907 2626/2630/2732
f 2626/2630/2732 2636/2640/2742 2803/2807/2909
f 2801/2805/2907 2797/2801/2903 2620/2624/2726
f 2620/2624/2726 2626/2630/2732 2801/2805/2907
f 2797/2801/2903 2800/2804/2906 2621/2625/2727
f 2621/2625/2727 2620/2624/2726 2797/2801/2903
f 2800/2804/2906 2806/2810/2912 2658/2662/2764
f 2658/2662/2764 2621/2625/2727 2800/2804/2906
f 2795/2799/2901 2793/2797/2899 2599/2603/2705
f 2599/2603/2705 2606/2610/2712 2795/2799/2901
f 2793/2797/2899 2791/2795/2897 2592/2596/2698
f 2592/2596/2698 2599/2603/2705 2793/2797/2899
f 2791/2795/2897 2789/2793/2895 2585/2589/2691
f 2585/2589/2691 2592/2596/2698 2791/2795/2897
f 2789/2793/2895 2787/2791/2893 2578/2582/2684
f 2578/2582/2684 2585/2589/2691 2789/2793/2895
f 2787/2791/2893 2785/2789/2891 2571/2575/2677
f 2571/2575/2677 2578/2582/2684 2787/2791/2893
f 2785/2789/2891 2781/2785/2887 2559/2563/2665
f 2559/2563/2665 2571/2575/2677 2785/2789/2891
f 2781/2785/2887 2784/2788/2890 2560/2564/2666
f 2560/2564/2666 2559/2563/2665 2781/2785/2887
f 2646/2650/2752 2649/2653/2755 2652/2656/2758
f 2652/2656/2758 2651/2655/2757 2646/2650/2752
f 2649/2653/2755 2529/2533/2635 2534/2538/2640
f 2534/2538/2640 2652/2656/2758 2649/2653/2755
f 2529/2533/2635 2532/2536/2638 2535/2539/2641
f 2535/2539/2641 2534/2538/2640 2529/2533/2635
f 2532/2536/2638 2510/2514/2616 2513/2517/2619
f 2513/2517/2619 2535/2539/2641 2532/2536/2638
f 2510/2514/2616 2497/2501/2603 2500/2504/2606
f 2500/2504/2606 2513/2517/2619 2510/2514/2616
f 2497/2501/2603 2477/2481/2583 2482/2486/2588
f 2482/2486/2588 2500/2504/2606 2497/2501/2603
f 2477/2481/2583 2480/2484/2586 2483/2487/2589
f 2483/2487/2589 2482/2486/2588 2477/2481/2583
f 2480/2484/2586 2451/2455/2557 2456/2460/2562
f 2456/2460/2562 2483/2487/2589 2480/2484/2586
f 2451/2455/2557 2454/2458/2560 2457/2461/2563
f 2457/2461/2563 2456/2460/2562 2451/2455/2557
f 2454/2458/2560 2548/2552/2654 2549/2553/2655
f 2549/2553/2655 2457/2461/2563 2454/2458/2560
f 2432/2436/2538 2419/2423/2525 2422/2426/2528
f 2422/2426/2528 2435/2439/2541 2432/2436/2538
f 2419/2423/2525 2399/2403/2505 2404/2408/2510
f 2404/2408/2510 2422/2426/2528 2419/2423/2525
f 2399/2403/2505 2402/2406/2508 2405/2409/2511
f 2405/2409/2511 2404/2408/2510 2399/2403/2505
f 2720/2724/2826 2719/2723/2825 2405/2409/2511
f 2405/2409/2511 2402/2406/2508 2720/2724/2826
f 2732/2736/2838 2739/2743/2845 2738/2742/2844
f 2738/2742/2844 2733/2737/2839 2732/2736/2838
f 2745/2749/2851 2748/2752/2854 2739/2743/2845
f 2739/2743/2845 2732/2736/2838 2745/2749/2851
f 2695/2699/2801 2753/2757/2859 2748/2752/2854
f 2748/2752/2854 2745/2749/2851 2695/2699/2801
f 2694/2698/2800 2777/2781/2883 2753/2757/2859
f 2753/2757/2859 2695/2699/2801 2694/2698/2800
f 2709/2713/2815 2778/2782/2884 2777/2781/2883
f 2777/2781/2883 2694/2698/2800 2709/2713/2815
f 2639/2643/2745 2632/2636/2738 2624/2628/2730
f 2624/2628/2730 2634/2638/2740 2639/2643/2745
f 2632/2636/2738 2631/2635/2737 2616/2620/2722
f 2616/2620/2722 2624/2628/2730 2632/2636/2738
f 2631/2635/2737 2670/2674/2776 2617/2621/2723
f 2617/2621/2723 2616/2620/2722 2631/2635/2737
f 2670/2674/2776 2614/2618/2720 2659/2663/2765
f 2659/2663/2765 2617/2621/2723 2670/2674/2776
f 2602/2606/2708 2595/2599/2701 2590/2594/2696
f 2590/2594/2696 2597/2601/2703 2602/2606/2708
f 2595/2599/2701 2588/2592/2694 2583/2587/2689
f 2583/2587/2689 2590/2594/2696 2595/2599/2701
f 2588/2592/2694 2581/2585/2687 2576/2580/2682
f 2576/2580/2682 2583/2587/2689 2588/2592/2694
f 2581/2585/2687 2574/2578/2680 2569/2573/2675
f 2569/2573/2675 2576/2580/2682 2581/2585/2687
f 2574/2578/2680 2567/2571/2673 2555/2559/2661
f 2555/2559/2661 2569/2573/2675 2574/2578/2680
f 2567/2571/2673 2566/2570/2672 2556/2560/2662
f 2556/2560/2662 2555/2559/2661 2567/2571/2673
f 2657/2661/2763 2656/2660/2762 2642/2646/2748
f 2642/2646/2748 2641/2645/2747 2657/2661/2763
f 2656/2660/2762 2540/2544/2646 2518/2522/2624
f 2518/2522/2624 2642/2646/2748 2656/2660/2762
f 2540/2544/2646 2539/2543/2645 2519/2523/2625
f 2519/2523/2625 2518/2522/2624 2540/2544/2646
f 2539/2543/2645 2516/2520/2622 2505/2509/2611
f 2505/2509/2611 2519/2523/2625 2539/2543/2645
f 2516/2520/2622 2503/2507/2609 2492/2496/2598
f 2492/2496/2598 2505/2509/2611 2516/2520/2622
f 2503/2507/2609 2490/2494/2596 2466/2470/2572
f 2466/2470/2572 2492/2496/2598 2503/2507/2609
f 2490/2494/2596 2489/2493/2595 2467/2471/2573
f 2467/2471/2573 2466/2470/2572 2490/2494/2596
f 2489/2493/2595 2464/2468/2570 2440/2444/2546
f 2440/2444/2546 2467/2471/2573 2489/2493/2595
f 2464/2468/2570 2463/2467/2569 2441/2445/2547
f 2441/2445/2547 2440/2444/2546 2464/2468/2570
f 2463/2467/2569 2553/2557/2659 2541/2545/2647
f 2541/2545/2647 2441/2445/2547 2463/2467/2569
f 2438/2442/2544 2425/2429/2531 2414/2418/2520
f 2414/2418/2520 2427/2431/2533 2438/2442/2544
f 2425/2429/2531 2412/2416/2518 2388/2392/2494
f 2388/2392/2494 2414/2418/2520 2425/2429/2531
f 2412/2416/2518 2411/2415/2517 2389/2393/2495
f 2389/2393/2495 2388/2392/2494 2412/2416/2518
f 2715/2719/2821 2727/2731/2833 2389/2393/2495
f 2389/2393/2495 2411/2415/2517 2715/2719/2821
f 2687/2691/2793 2676/2680/2782 2679/2683/2785
f 2679/2683/2785 2688/2692/2794 2687/2691/2793
f 2713/2717/2819 2703/2707/2809 2676/2680/2782
f 2676/2680/2782 2687/2691/2793 2713/2717/2819
f 2810/2814/2916 1771/1785/1881 1412/1415/1424
f 1412/1415/1424 1414/1417/1426 2810/2814/2916
f 2811/2815/2917 1797/1811/1909 1782/1796/1892
f 1782/1796/1892 2812/2816/2918 2811/2815/2917
f 2812/2816/2918 1782/1796/1892 1783/1797/1893
f 1783/1797/1893 2813/2817/2919 2812/2816/2918
f 2813/2817/2919 1783/1797/1893 1784/1798/1894
f 1784/1798/1894 2814/2818/2920 2813/2817/2919
f 2814/2818/2920 1784/1798/1894 1767/1781/1877
f 1767/1781/1877 2815/2819/2921 2814/2818/2920
f 2815/2819/2921 1767/1781/1877 1766/1780/1876
f 1766/1780/1876 2816/2820/2922 2815/2819/2921
f 2816/2820/2922 1766/1780/1876 1770/1784/1880
f 1770/1784/1880 2817/2821/2923 2816/2820/2922
f 2817/2821/2923 1770/1784/1880 1771/1785/1881
f 1771/1785/1881 2810/2814/2916 2817/2821/2923
f 2818/2822/2924 2810/2814/2916 1414/1417/1426
f 1414/1417/1426 1423/1426/1435 2818/2822/2924
f 2819/2823/2925 2817/2821/2923 2810/2814/2916
f 2810/2814/2916 2818/2822/2924 2819/2823/2925
f 2820/2824/2926 2816/2820/2922 2817/2821/2923
f 2817/2821/2923 2819/2823/2925 2820/2824/2926
f 2821/2825/2927 2815/2819/2921 2816/2820/2922
f 2816/2820/2922 2820/2824/2926 2821/2825/2927
f 2822/2826/2928 2814/2818/2920 2815/2819/2921
f 2815/2819/2921 2821/2825/2927 2822/2826/2928
f 2823/2827/2929 2813/2817/2919 2814/2818/2920
f 2814/2818/2920 2822/2826/2928 2823/2827/2929
f 2824/2828/2930 2812/2816/2918 2813/2817/2919
f 2813/2817/2919 2823/2827/2929 2824/2828/2930
f 2825/2829/2931 2811/2815/2917 2812/2816/2918
f 2812/2816/2918 2824/2828/2930 2825/2829/2931
f 1681/1695/1790 1680/1694/1789 1672/1686/1781
f 1672/1686/1781 1638/1652/1740 1681/1695/1790
f 1683/1697/1792 1646/1660/1748 1672/1686/1781
f 1672/1686/1781 1680/1694/1789 1683/1697/1792
f 1646/1660/1748 1683/1697/1792 1684/1698/1793
f 1684/1698/1793 1647/1661/1749 1646/1660/1748
f 1637/1651/1739 1644/1658/1746 1681/1695/1790
f 1681/1695/1790 1638/1652/1740 1637/1651/1739
f 1644/1658/1746 1765/1779/1875 1682/1696/1791
f 1682/1696/1791 1681/1695/1790 1644/1658/1746
f 1785/1799/1895 1685/1699/1794 1682/1696/1791
f 1682/1696/1791 1765/1779/1875 1785/1799/1895
f 2826/2830/2932 2379/2383/2485 2380/2384/2486
f 2380/2384/2486 2827/2831/2933 2826/2830/2932
f 2827/2831/2933 2380/2384/2486 2381/2385/2487
f 2381/2385/2487 2828/2832/2934 2827/2831/2933
f 2829/2833/2935 2382/2386/2488 2383/2387/2489
f 2383/2387/2489 2830/2834/2936 2829/2833/2935
f 2830/2834/2936 2383/2387/2489 2384/2388/2490
f 2384/2388/2490 2831/2835/2937 2830/2834/2936
f 2831/2835/2937 2384/2388/2490 2385/2389/2491
f 2385/2389/2491 2832/2836/2938 2831/2835/2937
f 2832/2836/2938 2385/2389/2491 2386/2390/2492
f 2386/2390/2492 2833/2837/2939 2832/2836/2938
f 2833/2837/2939 2386/2390/2492 2378/2382/2484
f 2378/2382/2484 2834/2838/2940 2833/2837/2939
f 2834/2838/2940 2378/2382/2484 2379/2383/2485
f 2379/2383/2485 2826/2830/2932 2834/2838/2940
f 2541/2545/2941 2835/2839/2942 2836/2840/2943
f 2836/2840/2943 2542/2546/2944 2541/2545/2941
f 2542/2546/2944 2836/2840/2943 2837/2841/2945
f 2837/2841/2945 2543/2547/2649 2542/2546/2944
f 2543/2547/2649 2837/2841/2945 2838/2842/2946
f 2838/2842/2946 2544/2548/2650 2543/2547/2649
f 2545/2549/2651 2839/2843/2947 2840/2844/2948
f 2840/2844/2948 2546/2550/2652 2545/2549/2651
f 2547/2551/2653 2841/2845/2949 2842/2846/2950
f 2842/2846/2950 2548/2552/2654 2547/2551/2653
f 2549/2553/2655 2843/2847/2951 2844/2848/2952
f 2844/2848/2952 2550/2554/2656 2549/2553/2655
f 2550/2554/2656 2844/2848/2952 2845/2849/2953
f 2845/2849/2953 2551/2555/2954 2550/2554/2656
f 2552/2556/2955 2846/2850/2956 2847/2851/2957
f 2847/2851/2957 2553/2557/2958 2552/2556/2955
f 2600/2604/2959 2848/2852/2960 2849/2853/2961
f 2849/2853/2962 2598/2602/2963 2600/2604/2964
f 2602/2606/2965 2850/2854/2966 2851/2855/2967
f 2851/2855/2967 2601/2605/2968 2602/2606/2965
f 2603/2607/2969 2852/2856/2970 2853/2857/2971
f 2853/2857/2971 2604/2608/2972 2603/2607/2969
f 2598/2602/2973 2849/2853/2974 2854/2858/2975
f 2854/2858/2976 2605/2609/2977 2598/2602/2978
f 2605/2609/2979 2854/2858/2980 2855/2859/2981
f 2855/2859/2981 2606/2610/2982 2605/2609/2979
f 2795/2799/2983 2856/2860/2984 2857/2861/2985
f 2857/2861/2986 2796/2800/2987 2795/2799/2988
f 2796/2800/2989 2857/2861/2989 1463/1466/1491
f 1463/1466/1491 1464/1467/1491 2796/2800/2989
f 2546/2550/2652 2840/2844/2948 2841/2845/2949
f 2841/2845/2949 2547/2551/2653 2546/2550/2652
f 2606/2610/2982 2855/2859/2981 2856/2860/2990
f 2856/2860/2991 2795/2799/2992 2606/2610/2993
f 2548/2552/2654 2842/2846/2950 2843/2847/2951
f 2843/2847/2951 2549/2553/2655 2548/2552/2654
f 2604/2608/2972 2853/2857/2971 2858/2862/2994
f 2858/2862/2995 2859/2863/2996 2604/2608/2997
f 2859/2863/2998 2858/2862/2999 2850/2854/3000
f 2850/2854/3001 2602/2606/3002 2859/2863/3003
f 2553/2557/2958 2847/2851/2957 2835/2839/2942
f 2835/2839/2942 2541/2545/2941 2553/2557/2958
f 2426/2430/3004 2860/2864/3005 2861/2865/3006
f 2861/2865/3006 2427/2431/3007 2426/2430/3004
f 2428/2432/3008 2862/2866/3009 2860/2864/3005
f 2860/2864/3005 2426/2430/3004 2428/2432/3008
f 2429/2433/3010 2863/2867/3011 2862/2866/3009
f 2862/2866/3009 2428/2432/3008 2429/2433/3010
f 2431/2435/3012 2864/2868/3013 2865/2869/3014
f 2865/2869/3014 2430/2434/3015 2431/2435/3012
f 2432/2436/3016 2866/2870/3017 2867/2871/3018
f 2867/2871/3018 2433/2437/3019 2432/2436/3016
f 2434/2438/3020 2868/2872/3021 2869/2873/3022
f 2869/2873/3022 2435/2439/3023 2434/2438/3020
f 2436/2440/3024 2870/2874/3025 2868/2872/3021
f 2868/2872/3021 2434/2438/3020 2436/2440/3024
f 2438/2442/3026 2871/2875/3027 2872/2876/3028
f 2872/2876/3028 2437/2441/3029 2438/2442/3026
f 2433/2437/3019 2867/2871/3018 2864/2868/3013
f 2864/2868/3013 2431/2435/3012 2433/2437/3019
f 2435/2439/3023 2869/2873/3022 2866/2870/3017
f 2866/2870/3017 2432/2436/3016 2435/2439/3023
f 2427/2431/3007 2861/2865/3006 2871/2875/3027
f 2871/2875/3027 2438/2442/3026 2427/2431/3007
f 2873/2877/3030 1801/1815/3031 1800/1814/3032
f 2873/2877/3030 1800/1814/3032 2874/2878/3033
f 2874/2878/3033 2875/2879/3034 2873/2877/3030
f 2876/2880/3035 1833/1847/3036 1811/1825/3037
f 2876/2880/3035 1811/1825/3037 2877/2881/3038
f 2877/2881/3038 2878/2882/3039 2876/2880/3035
f 2879/2883/3040 1862/1876/3041 1852/1866/3042
f 2879/2883/3040 1852/1866/3042 2880/2884/3043
f 2880/2884/3043 2881/2885/3044 2879/2883/3040
f 2882/2886/3045 1881/1895/3046 1870/1884/3047
f 2882/2886/3045 1870/1884/3047 2883/2887/3048
f 2883/2887/3048 2884/2888/3049 2882/2886/3045
f 2633/2637/3050 2885/2889/3051 2886/2890/3052
f 2886/2890/3052 2634/2638/3053 2633/2637/3050
f 2635/2639/3054 2887/2891/3055 2888/2892/3056
f 2888/2892/3056 2636/2640/3057 2635/2639/3054
f 2637/2641/3058 2889/2893/3059 2887/2891/3055
f 2887/2891/3055 2635/2639/3054 2637/2641/3058
f 2639/2643/3060 2890/2894/3061 2891/2895/3062
f 2891/2895/3062 2638/2642/3063 2639/2643/3060
f 2803/2807/3064 2892/2896/3065 2893/2897/3066
f 2893/2897/3066 2804/2808/3067 2803/2807/3064
f 2804/2808/3067 2893/2897/3066 1501/1504/1572
f 1501/1504/1572 1502/1505/1573 2804/2808/3067
f 2636/2640/3057 2888/2892/3056 2892/2896/3068
f 2892/2896/3069 2803/2807/3070 2636/2640/3071
f 2634/2638/3053 2886/2890/3052 2890/2894/3061
f 2890/2894/3061 2639/2643/3060 2634/2638/3053
f 1799/1813/3072 1798/1812/3073 2894/1549/1632
f 2894/1549/1632 2895/1530/1610 1799/1813/3072
f 1811/1825/3037 1801/1815/3031 2873/2877/3030
f 1811/1825/3037 2873/2877/3030 2878/2882/3039
f 2878/2882/3039 2877/2881/3038 1811/1825/3037
f 1810/1824/3074 2297/1550/1633 2894/1549/1632
f 2894/1549/1632 1798/1812/3073 1810/1824/3074
f 1810/1824/3074 1832/1846/3075 2294/2308/2410
f 2294/2308/2410 2297/1550/1633 1810/1824/3074
f 1852/1866/3042 1833/1847/3036 2876/2880/3035
f 1852/1866/3042 2876/2880/3035 2881/2885/3044
f 2881/2885/3044 2880/2884/3043 1852/1866/3042
f 1851/1865/3076 2298/1521/1599 2294/2308/2410
f 2294/2308/2410 1832/1846/3075 1851/1865/3076
f 1851/1865/3076 1861/1875/3077 2896/164/160
f 2896/164/160 2298/1521/1599 1851/1865/3076
f 1870/1884/3047 1862/1876/3041 2879/2883/3040
f 1870/1884/3047 2879/2883/3040 2884/2888/3049
f 2884/2888/3049 2883/2887/3048 1870/1884/3047
f 1869/1883/3078 2897/165/161 2896/164/160
f 2896/164/160 1861/1875/3077 1869/1883/3078
f 1869/1883/3078 1880/1894/3079 2898/1536/1617
f 2898/1536/1617 2897/165/161 1869/1883/3078
f 1800/1814/3032 1896/1910/3080 2899/2898/3081
f 1800/1814/3032 2899/2898/3081 2875/2879/3034
f 2875/2879/3034 2874/2878/3033 1800/1814/3032
f 1799/1813/3072 2895/1530/1610 2900/1529/1609
f 2900/1529/1609 1895/1909/3082 1799/1813/3072
f 1570/1584/1672 161/161/157 1510/1513/1593
f 1510/1513/1593 1571/1585/1673 1570/1584/1672
f 1571/1585/1673 1510/1513/1593 1511/1514/1594
f 1511/1514/1594 1574/1588/1676 1571/1585/1673
f 2901/2899/1420 2902/2899/3083 2903/2900/3084
f 2904/2901/3085 2905/2902/3085 2901/2899/3085
f 2904/2901/3086 2901/2899/3085 2903/2900/3085
f 2894/1549/1632 2311/1548/1631 2309/1535/1616
f 2906/2903/1420 2907/2903/3087 2908/2904/3088
f 2604/2608/2710 2859/2863/3089 2602/2606/2708
f 2906/2903/3090 2908/2904/3090 2909/2905/3091
f 2909/2905/3092 2910/2906/3093 2906/2903/3094
f 1574/1588/1676 1511/1514/1594 2911/2907/3095
f 2911/2907/3095 2912/2908/3096 1574/1588/1676
f 2602/2606/2708 2597/2601/2703 2604/2608/2710
f 1658/1672/1764 240/243/241 270/273/272
f 270/273/272 1659/1673/1765 1658/1672/1764
f 1569/1583/1669 2885/2889/3051 2633/2637/3050
f 2913/2909/3097 2914/2910/3098 2915/2911/3098
f 2913/2909/3097 2915/2911/3098 2916/2912/3099
f 2913/2909/3097 2916/2912/3099 2917/2909/1611
f 2633/2637/3050 1235/1238/1670 1569/1583/1669
f 2918/2913/3100 1528/1537/3101 1594/1608/3102
f 1594/1608/3102 2919/2914/3103 2918/2913/3100
f 1594/1608/1696 1528/1537/1623 1531/1540/1622
f 1531/1540/1622 1595/1609/1697 1594/1608/1696
f 1663/1677/1769 1533/1542/1625 1532/1541/1624
f 1532/1541/1624 1660/1674/1766 1663/1677/1769
f 2920/2915/1611 2921/2915/3104 2922/2916/3105
f 2920/2915/3106 2922/2916/1611 2923/2917/3107
f 2920/2915/3106 2923/2917/3107 2924/2918/3108
f 2924/2918/3109 2925/2919/3110 2920/2915/3111
f 1674/1688/1783 269/272/271 1538/1551/1634
f 1538/1551/1634 1675/1689/1784 1674/1688/1783
f 1660/1674/1766 1532/1541/1624 1539/1552/1635
f 1539/1552/1635 1666/1680/1772 1660/1674/1766
f 1675/1689/1784 1538/1551/1634 2926/2920/3112
f 1568/1582/1667 2852/2856/2970 2603/2607/2969
f 2926/2920/3112 2927/2921/3112 1675/1689/1784
f 1595/1609/1697 1531/1540/1622 1533/1542/1638
f 1533/1542/1638 1663/1677/1907 1595/1609/1697
f 1666/1680/1772 1539/1552/1635 385/388/388
f 385/388/388 1667/1681/1773 1666/1680/1772
f 1710/1724/1820 2928/2922/3113 2929/2923/3114
f 2929/2923/3114 1711/1725/1821 1710/1724/1820
f 1711/1725/1821 2929/2923/3114 2930/2924/3115
f 2930/2924/3115 1713/1727/1823 1711/1725/1821
f 1713/1727/1823 2930/2924/3115 1545/1559/1642
f 1545/1559/1642 1715/1729/1825 1713/1727/1823
f 1715/1729/1825 1545/1559/1642 1546/1560/1643
f 1546/1560/1643 1717/1731/1827 1715/1729/1825
f 1720/1734/1830 2931/2925/3116 2928/2922/3113
f 2928/2922/3113 1710/1724/1820 1720/1734/1830
f 1773/1787/1883 2932/2926/3117 2931/2925/3116
f 2931/2925/3116 1720/1734/1830 1773/1787/1883
f 1778/1792/1888 2933/2927/3118 2932/2926/3117
f 2932/2926/3117 1773/1787/1883 1778/1792/1888
f 1717/1731/1827 1546/1560/1643 1550/1564/1647
f 1550/1564/1647 1785/1799/1895 1717/1731/1827
f 1797/1811/1909 2934/2928/3119 2933/2927/3118
f 2933/2927/3118 1778/1792/1888 1797/1811/1909
f 2524/2528/3120 2935/2929/3121 2807/2811/3122
f 2807/2811/2913 2522/2526/2628 2524/2528/2630
f 2528/2532/2634 2808/2812/2914 2936/2930/3123
f 2936/2930/3123 2525/2529/2631 2528/2532/2634
f 2804/2808/2910 1502/1505/1652 1554/1568/1651
f 1554/1568/1651 2802/2806/2908 2804/2808/2910
f 2802/2806/2908 1554/1568/1651 1555/1569/1653
f 1555/1569/1653 2798/2802/2904 2802/2806/2908
f 2798/2802/2904 1555/1569/1653 1556/1570/1654
f 1556/1570/1654 2799/2803/2905 2798/2802/2904
f 2799/2803/2905 1556/1570/1654 1557/1571/1655
f 1557/1571/1655 2805/2809/2911 2799/2803/2905
f 2796/2800/2902 1464/1467/1657 1558/1572/1656
f 1558/1572/1656 2794/2798/2900 2796/2800/2902
f 2794/2798/2900 1558/1572/1656 1559/1573/1658
f 1559/1573/1658 2792/2796/2898 2794/2798/2900
f 2792/2796/2898 1559/1573/1658 1560/1574/1659
f 1560/1574/1659 2790/2794/2896 2792/2796/2898
f 2790/2794/2896 1560/1574/1659 1561/1575/1660
f 1561/1575/1660 2788/2792/2894 2790/2794/2896
f 2788/2792/2894 1561/1575/1660 1562/1576/1661
f 1562/1576/1661 2786/2790/2892 2788/2792/2894
f 2786/2790/2892 1562/1576/1661 1563/1577/1662
f 1563/1577/1662 2782/2786/2888 2786/2790/2892
f 2782/2786/2888 1563/1577/1662 1564/1578/1663
f 1564/1578/1663 2783/2787/2889 2782/2786/2888
f 2647/2651/2753 2937/2931/3124 2809/2813/2915
f 2809/2813/2915 2648/2652/2754 2647/2651/2753
f 2811/2815/2917 2938/2932/3125 2934/2928/3119
f 2934/2928/3119 1797/1811/1909 2811/2815/2917
f 2825/2829/2931 2939/2933/3126 2938/2932/3125
f 2938/2932/3125 2811/2815/2917 2825/2829/2931
f 1684/1698/1793 267/270/269 238/241/239
f 238/241/239 1647/1661/1749 1684/1698/1793
f 1785/1799/1895 1550/1564/1647 268/271/270
f 268/271/270 1685/1699/1794 1785/1799/1895
f 1756/1770/1866 344/347/347 1412/1415/1424
f 1412/1415/1424 1771/1785/1881 1756/1770/1866
f 2603/2607/2969 1201/1204/1668 1568/1582/1667
f 2940/2934/3127 2941/2935/3128 2942/2936/3129
f 2942/2936/3129 2943/2937/3130 2940/2934/3127
f 2944/2938/3131 2940/2934/3127 2943/2937/3130
f 2943/2937/3130 2945/2939/3132 2944/2938/3131
f 2946/2940/3133 2944/2938/3131 2945/2939/3132
f 2945/2939/3132 2947/2941/3134 2946/2940/3133
f 2948/2942/3135 2949/2943/3136 2950/2944/3137
f 2950/2944/3137 2951/2945/3138 2948/2942/3135
f 2952/2946/3139 2948/2942/3135 2951/2945/3138
f 2951/2945/3138 2953/2947/3140 2952/2946/3139
f 2954/2948/3141 2952/2946/3139 2953/2947/3140
f 2953/2947/3140 2955/2949/3142 2954/2948/3141
f 2956/2950/3143 2954/2948/3141 2955/2949/3142
f 2955/2949/3142 2957/2951/3144 2956/2950/3143
f 2958/2952/3145 2956/2950/3143 2957/2951/3144
f 2957/2951/3144 2959/2953/3146 2958/2952/3145
f 2960/2954/3147 2958/2952/3145 2959/2953/3146
f 2959/2953/3146 2961/2955/3148 2960/2954/3147
f 2962/2956/3149 2960/2954/3147 2961/2955/3148
f 2961/2955/3148 2963/2957/3150 2962/2956/3149
f 2964/2958/3151 2962/2956/3149 2963/2957/3150
f 2963/2957/3150 2965/2959/3152 2964/2958/3151
f 2966/2960/3153 2964/2958/3151 2967/2961/3154
f 2967/2961/3154 2968/2962/3155 2966/2960/3153
f 2969/2963/3156 2966/2960/3153 2968/2962/3155
f 2968/2962/3155 2970/2964/3157 2969/2963/3156
f 2971/2965/3158 2969/2963/3156 2970/2964/3157
f 2970/2964/3157 2972/2966/3159 2971/2965/3158
f 2973/2967/3160 2971/2965/3158 2972/2966/3159
f 2972/2966/3159 2974/2968/3161 2973/2967/3160
f 2975/2969/3162 2973/2967/3160 2974/2968/3161
f 2974/2968/3161 2976/2970/3163 2975/2969/3162
f 2977/2971/3164 2975/2969/3162 2976/2970/3163
f 2976/2970/3163 2978/2972/3165 2977/2971/3164
f 2979/2973/3166 2977/2971/3164 2978/2972/3165
f 2978/2972/3165 2980/2974/3167 2979/2973/3166
f 2981/2975/3168 2982/2976/3169 2983/2977/3170
f 2983/2977/3170 2984/2978/3171 2981/2975/3168
f 2985/2979/3172 2981/2975/3168 2984/2978/3171
f 2984/2978/3171 2986/2980/3173 2985/2979/3172
f 2987/2981/3174 2985/2979/3172 2986/2980/3173
f 2986/2980/3173 2988/2982/3175 2987/2981/3174
f 2941/2935/3128 2987/2981/3174 2989/2983/3176
f 2989/2983/3176 2942/2936/3129 2941/2935/3128
f 2943/2937/3130 2942/2936/3129 2989/2983/3176
f 2989/2983/3176 2990/2984/3177 2943/2937/3130
f 2945/2939/3132 2943/2937/3130 2990/2984/3177
f 2990/2984/3177 2991/2985/3178 2945/2939/3132
f 2947/2941/3134 2945/2939/3132 2991/2985/3178
f 2991/2985/3178 2992/2986/3179 2947/2941/3134
f 2951/2945/3138 2950/2944/3137 2993/2987/3180
f 2993/2987/3180 2994/2988/3181 2951/2945/3138
f 2953/2947/3140 2951/2945/3138 2994/2988/3181
f 2994/2988/3181 2995/2989/3182 2953/2947/3140
f 2955/2949/3142 2953/2947/3140 2995/2989/3182
f 2995/2989/3182 2996/2990/3183 2955/2949/3142
f 2957/2951/3144 2955/2949/3142 2996/2990/3183
f 2996/2990/3183 2997/2991/3184 2957/2951/3144
f 2959/2953/3146 2957/2951/3144 2997/2991/3184
f 2997/2991/3184 2998/2992/3185 2959/2953/3146
f 2961/2955/3148 2959/2953/3146 2998/2992/3185
f 2998/2992/3185 2999/2993/3186 2961/2955/3148
f 2963/2957/3150 2961/2955/3148 2999/2993/3186
f 2999/2993/3186 2965/2959/3152 2963/2957/3150
f 2985/2979/3172 2987/2981/3174 2941/2935/3128
f 2941/2935/3128 2940/2934/3127 2985/2979/3172
f 2981/2975/3168 2985/2979/3172 2940/2934/3127
f 2940/2934/3127 2944/2938/3131 2981/2975/3168
f 2982/2976/3169 2981/2975/3168 2944/2938/3131
f 2944/2938/3131 2946/2940/3133 2982/2976/3169
f 2977/2971/3164 2979/2973/3166 2949/2943/3136
f 2949/2943/3136 2948/2942/3135 2977/2971/3164
f 2975/2969/3162 2977/2971/3164 2948/2942/3135
f 2948/2942/3135 2952/2946/3139 2975/2969/3162
f 2973/2967/3160 2975/2969/3162 2952/2946/3139
f 2952/2946/3139 2954/2948/3141 2973/2967/3160
f 2971/2965/3158 2973/2967/3160 2954/2948/3141
f 2954/2948/3141 2956/2950/3143 2971/2965/3158
f 2969/2963/3156 2971/2965/3158 2956/2950/3143
f 2956/2950/3143 2958/2952/3145 2969/2963/3156
f 2966/2960/3153 2969/2963/3156 2958/2952/3145
f 2958/2952/3145 2960/2954/3147 2966/2960/3153
f 2964/2958/3151 2966/2960/3153 2960/2954/3147
f 2960/2954/3147 2962/2956/3149 2964/2958/3151
f 2949/2943/3136 2946/2940/3133 2947/2941/3134
f 2947/2941/3134 2950/2944/3137 2949/2943/3136
f 2950/2944/3137 2947/2941/3134 2992/2986/3179
f 2992/2986/3179 2993/2987/3180 2950/2944/3137
f 2982/2976/3169 2979/2973/3166 2980/2974/3167
f 2980/2974/3167 2983/2977/3170 2982/2976/3169
f 2979/2973/3166 2982/2976/3169 2946/2940/3133
f 2946/2940/3133 2949/2943/3136 2979/2973/3166
f 3000/2994/3187 3001/2995/3188 3002/2996/3189
f 3002/2996/3189 3003/2997/3190 3000/2994/3187
f 3003/2997/3190 3002/2996/3189 3004/2998/3191
f 3004/2998/3191 3005/2999/3192 3003/2997/3190
f 3005/2999/3192 3004/2998/3191 3006/3000/3193
f 3006/3000/3193 3007/3001/3194 3005/2999/3192
f 3008/3002/3195 3009/3003/3196 3010/3004/3197
f 3010/3004/3197 3011/3005/3198 3008/3002/3195
f 3011/3005/3198 3010/3004/3197 3012/3006/3199
f 3012/3006/3199 3013/3007/3200 3011/3005/3198
f 3013/3007/3200 3012/3006/3199 3014/3008/3201
f 3014/3008/3201 3015/3009/3202 3013/3007/3200
f 3015/3009/3202 3014/3008/3201 3016/3010/3203
f 3016/3010/3203 3017/3011/3204 3015/3009/3202
f 3017/3011/3204 3016/3010/3203 3018/3012/3205
f 3018/3012/3205 3019/3013/3206 3017/3011/3204
f 3019/3013/3206 3018/3012/3205 3020/3014/3207
f 3020/3014/3207 3021/3015/3208 3019/3013/3206
f 3021/3015/3208 3020/3014/3207 3022/3016/3209
f 3022/3016/3209 3023/3017/3210 3021/3015/3208
f 3023/3017/3210 3022/3016/3209 3024/3018/3211
f 3024/3018/3211 3025/3019/3212 3023/3017/3210
f 3026/3020/3213 3024/3018/3211 3027/3021/3214
f 3027/3021/3214 3028/3022/3215 3026/3020/3213
f 3028/3022/3215 3027/3021/3214 3029/3023/3216
f 3029/3023/3216 3030/3024/3217 3028/3022/3215
f 3030/3024/3217 3029/3023/3216 3031/3025/3218
f 3031/3025/3218 3032/3026/3219 3030/3024/3217
f 3032/3026/3219 3031/3025/3218 3033/3027/3220
f 3033/3027/3220 3034/3028/3221 3032/3026/3219
f 3034/3028/3221 3033/3027/3220 3035/3029/3222
f 3035/3029/3222 3036/3030/3223 3034/3028/3221
f 3036/3030/3223 3035/3029/3222 3037/3031/3224
f 3037/3031/3224 3038/3032/3225 3036/3030/3223
f 3038/3032/3225 3037/3031/3224 3039/3033/3226
f 3039/3033/3226 3040/3034/3227 3038/3032/3225
f 3041/3035/3228 3042/3036/3229 3043/3037/3230
f 3043/3037/3230 3044/3038/3231 3041/3035/3228
f 3044/3038/3231 3043/3037/3230 3045/3039/3232
f 3045/3039/3232 3046/3040/3233 3044/3038/3231
f 3046/3040/3233 3045/3039/3232 3047/3041/3234
f 3047/3041/3234 3048/3042/3235 3046/3040/3233
f 3049/3043/3236 3047/3041/3234 3001/2995/3188
f 3001/2995/3188 3000/2994/3187 3049/3043/3236
f 3049/3043/3236 3000/2994/3187 3003/2997/3190
f 3003/2997/3190 3050/3044/3237 3049/3043/3236
f 3050/3044/3237 3003/2997/3190 3005/2999/3192
f 3005/2999/3192 3051/3045/3238 3050/3044/3237
f 3051/3045/3238 3005/2999/3192 3007/3001/3194
f 3007/3001/3194 3052/3046/3239 3051/3045/3238
f 3053/3047/3240 3008/3002/3195 3011/3005/3198
f 3011/3005/3198 3054/3048/3241 3053/3047/3240
f 3054/3048/3241 3011/3005/3198 3013/3007/3200
f 3013/3007/3200 3055/3049/3242 3054/3048/3241
f 3055/3049/3242 3013/3007/3200 3015/3009/3202
f 3015/3009/3202 3056/3050/3243 3055/3049/3242
f 3056/3050/3243 3015/3009/3202 3017/3011/3204
f 3017/3011/3204 3057/3051/3244 3056/3050/3243
f 3057/3051/3244 3017/3011/3204 3019/3013/3206
f 3019/3013/3206 3058/3052/3245 3057/3051/3244
f 3058/3052/3245 3019/3013/3206 3021/3015/3208
f 3021/3015/3208 3059/3053/3246 3058/3052/3245
f 3059/3053/3246 3021/3015/3208 3023/3017/3210
f 3023/3017/3210 3025/3019/3212 3059/3053/3246
f 3001/2995/3188 3047/3041/3234 3045/3039/3232
f 3045/3039/3232 3002/2996/3189 3001/2995/3188
f 3002/2996/3189 3045/3039/3232 3043/3037/3230
f 3043/3037/3230 3004/2998/3191 3002/2996/3189
f 3004/2998/3191 3043/3037/3230 3042/3036/3229
f 3042/3036/3229 3006/3000/3193 3004/2998/3191
f 3009/3003/3196 3039/3033/3226 3037/3031/3224
f 3037/3031/3224 3010/3004/3197 3009/3003/3196
f 3010/3004/3197 3037/3031/3224 3035/3029/3222
f 3035/3029/3222 3012/3006/3199 3010/3004/3197
f 3012/3006/3199 3035/3029/3222 3033/3027/3220
f 3033/3027/3220 3014/3008/3201 3012/3006/3199
f 3014/3008/3201 3033/3027/3220 3031/3025/3218
f 3031/3025/3218 3016/3010/3203 3014/3008/3201
f 3016/3010/3203 3031/3025/3218 3029/3023/3216
f 3029/3023/3216 3018/3012/3205 3016/3010/3203
f 3018/3012/3205 3029/3023/3216 3027/3021/3214
f 3027/3021/3214 3020/3014/3207 3018/3012/3205
f 3020/3014/3207 3027/3021/3214 3024/3018/3211
f 3024/3018/3211 3022/3016/3209 3020/3014/3207
f 3007/3001/3194 3006/3000/3193 3009/3003/3196
f 3009/3003/3196 3008/3002/3195 3007/3001/3194
f 3052/3046/3239 3007/3001/3194 3008/3002/3195
f 3008/3002/3195 3053/3047/3240 3052/3046/3239
f 3040/3034/3227 3039/3033/3226 3042/3036/3229
f 3042/3036/3229 3041/3035/3228 3040/3034/3227
f 3006/3000/3193 3042/3036/3229 3039/3033/3226
f 3039/3033/3226 3009/3003/3196 3006/3000/3193
