# Blender 5.2.0 LTS
# www.blender.org
mtllib farmer0170.mtl
o obj4
v -0.308622 5.381525 0.717743
v -0.332634 5.357409 0.702503
v -0.301087 5.330919 0.712897
v -0.274661 5.333018 0.727658
v -0.388216 5.401190 0.679347
v -0.379715 5.360898 0.679512
v -0.443670 5.366837 0.632621
v -0.405756 5.352113 0.641829
v -0.271466 5.334105 0.720491
v -0.305420 5.382416 0.710546
v -0.297893 5.332008 0.705730
v -0.271466 5.334105 0.720491
v -0.329433 5.358300 0.695306
v -0.375860 5.362655 0.672744
v -0.305420 5.382416 0.710546
v -0.384361 5.402947 0.672578
v -0.439374 5.369563 0.626665
v -0.401460 5.354837 0.635874
v -0.384361 5.402947 0.672578
v -0.439374 5.369563 0.626665
v -0.482498 5.274294 0.357016
v -0.496386 5.306295 0.381266
v -0.497218 5.322657 0.347768
v -0.478733 5.269320 0.327323
v -0.516649 5.361101 0.427396
v -0.506631 5.321283 0.430538
v -0.491139 5.325461 0.474331
v -0.508274 5.346671 0.505884
v -0.489714 5.324891 0.349010
v -0.471281 5.271735 0.328506
v -0.471281 5.271735 0.328506
v -0.475047 5.276711 0.358200
v -0.488882 5.308529 0.382508
v -0.499187 5.324161 0.430809
v -0.509204 5.363979 0.427669
v -0.489714 5.324891 0.349010
v -0.484200 5.329011 0.473561
v -0.501335 5.350222 0.505114
v -0.501335 5.350222 0.505114
v -0.509204 5.363979 0.427669
v 0.367088 5.599467 0.619574
v 0.375267 5.473909 0.646623
v 0.498311 5.423949 0.363978
v 0.487567 5.550546 0.342821
v 0.452963 5.377450 0.083213
v 0.443166 5.505016 0.067909
v 0.443166 5.505016 0.067909
v 0.452963 5.377450 0.083213
v 0.251376 5.346871 -0.120443
v 0.245780 5.475076 -0.131500
v -0.052437 5.340409 -0.192419
v -0.051697 5.468748 -0.201975
v -0.377069 5.359791 -0.113429
v -0.369562 5.487727 -0.124632
v -0.635533 5.399826 0.095362
v -0.622638 5.526926 0.079806
v -0.758577 5.449785 0.378008
v -0.743115 5.575843 0.356558
v -0.713229 5.496284 0.658774
v -0.698714 5.621373 0.631471
v -0.511642 5.526861 0.862430
v -0.501329 5.651314 0.830880
v -0.207829 5.533326 0.934404
v -0.203851 5.657645 0.901355
v 0.116802 5.513947 0.855413
v 0.114012 5.638667 0.824012
v 0.141470 5.659780 0.482766
v 0.170164 5.544326 0.519466
v 0.242885 5.514799 0.352418
v 0.206669 5.633307 0.332996
v 0.216083 5.487317 0.186481
v 0.182639 5.608666 0.184221
v 0.182639 5.608666 0.184221
v 0.216083 5.487317 0.186481
v 0.096942 5.469244 0.066117
v 0.075820 5.592463 0.076305
v -0.082616 5.465424 0.023579
v -0.085167 5.589038 0.038166
v -0.274477 5.476879 0.070263
v -0.257186 5.599308 0.080022
v -0.427234 5.500541 0.193662
v -0.394144 5.620522 0.190658
v -0.499956 5.530068 0.360710
v -0.459344 5.646996 0.340429
v -0.473154 5.557549 0.526647
v -0.435314 5.671636 0.489205
v -0.354013 5.575622 0.647011
v -0.328495 5.687839 0.597120
v -0.174454 5.579443 0.689549
v -0.167507 5.691265 0.635259
v 0.017408 5.567987 0.642865
v 0.004512 5.680994 0.593403
v 0.094214 5.757266 0.438919
v 0.147449 5.735651 0.316631
v 0.127829 5.715532 0.195157
v 0.127829 5.715532 0.195157
v 0.040611 5.702302 0.107044
v -0.090834 5.699505 0.075904
v -0.231287 5.707891 0.110079
v -0.343113 5.725212 0.200413
v -0.396349 5.746828 0.322701
v -0.376729 5.766946 0.444176
v -0.289511 5.780176 0.532288
v -0.158065 5.782973 0.563429
v -0.017612 5.774587 0.529252
v 0.031617 5.830140 0.390910
v 0.069260 5.814855 0.304439
v 0.055386 5.800629 0.218545
v 0.055386 5.800629 0.218545
v -0.006285 5.791275 0.156239
v -0.099232 5.789297 0.134221
v -0.198546 5.795226 0.158385
v -0.277619 5.807475 0.222262
v -0.315262 5.822759 0.308732
v -0.301389 5.836984 0.394627
v -0.239717 5.846340 0.456931
v -0.146771 5.848317 0.478951
v -0.047455 5.842387 0.454785
v -0.042054 5.873435 0.342012
v -0.022569 5.865523 0.297251
v -0.029750 5.858160 0.252790
v -0.029750 5.858160 0.252790
v -0.061674 5.853317 0.220538
v -0.109787 5.852293 0.209139
v -0.161196 5.855363 0.221648
v -0.202127 5.861703 0.254713
v -0.221613 5.869615 0.299474
v -0.214431 5.876979 0.343937
v -0.182508 5.881821 0.376187
v -0.134395 5.882845 0.387586
v -0.082985 5.879776 0.375076
v -0.121780 5.884200 0.295558
v 0.178342 5.418769 0.546516
v 0.253627 5.388199 0.373575
v 0.225882 5.359748 0.201784
v 0.225882 5.359748 0.201784
v 0.102537 5.341038 0.077175
v -0.083355 5.337083 0.033135
v -0.281985 5.348942 0.081466
v -0.440131 5.373438 0.209218
v -0.515416 5.404007 0.382159
v -0.487670 5.432458 0.553950
v -0.364326 5.451169 0.678559
v -0.178434 5.455124 0.722598
v 0.020197 5.443265 0.674267
v -0.570263 5.022572 0.515218
v -0.584951 5.041802 0.590064
v -0.575287 5.102302 0.622345
v -0.581504 5.113848 0.588277
v -0.579441 5.015541 0.563000
v -0.583227 5.023853 0.593213
v -0.560223 5.101457 0.622417
v -0.569130 5.054572 0.588082
v -0.554544 5.021671 0.518065
v -0.566505 5.113187 0.589536
v -0.567090 5.022313 0.595037
v -0.563502 5.014682 0.566709
v -0.554544 5.021671 0.518065
v -0.569130 5.054572 0.588082
v -0.560223 5.101457 0.622417
v -0.572770 5.102112 0.659112
v -0.560024 5.100448 0.652880
v -0.566505 5.113187 0.589536
v -0.554544 5.021671 0.518065
v -0.560223 5.101457 0.622417
v -0.566505 5.113187 0.589536
v -0.554544 5.021671 0.518065
v -0.563502 5.014682 0.566709
v -0.563502 5.014682 0.566709
v -0.567090 5.022313 0.595037
v -0.551499 4.962648 0.547677
v -0.546769 4.968922 0.603204
v -0.547305 4.991343 0.595261
v -0.546738 4.979432 0.535486
v -0.451112 5.282209 0.457572
v -0.460988 5.303199 0.457030
v -0.469283 5.298452 0.422645
v -0.461678 5.275839 0.423037
v -0.486594 5.227160 0.443506
v -0.480844 5.247486 0.496965
v -0.459454 5.255956 0.470803
v -0.477520 5.239670 0.437195
v -0.476003 5.267515 0.363328
v -0.473761 5.292243 0.379321
v -0.484064 5.299810 0.378637
v -0.467805 5.263790 0.352024
v -0.472888 5.307791 0.423289
v -0.466613 5.313522 0.466967
v -0.481017 5.322391 0.477716
v -0.496856 5.317251 0.431462
v -0.471441 5.288287 0.502160
v -0.453943 5.286848 0.485036
v -0.498207 4.936700 0.478504
v -0.492457 4.994010 0.453386
v -0.444811 5.003951 0.403575
v -0.448884 4.919775 0.447603
v -0.387004 4.985465 0.348111
v -0.418744 5.107144 0.306769
v -0.278809 5.046840 0.234979
v -0.307438 4.960104 0.303580
v -0.484519 5.238050 0.390935
v -0.486784 5.226461 0.383995
v -0.472605 5.284523 0.383216
v -0.473862 5.267306 0.371075
v -0.474505 5.268745 0.387065
v -0.469894 5.247316 0.431998
v -0.457335 5.258501 0.463521
v -0.479193 5.243752 0.393610
v -0.504344 5.214704 0.450802
v -0.488710 5.237210 0.552746
v -0.487825 5.215150 0.365337
v -0.462852 5.258341 0.319576
v -0.484273 5.318647 0.341990
v -0.508202 5.362548 0.427978
v -0.501121 5.346320 0.512388
v -0.484436 5.291545 0.534474
v -0.500105 5.176906 0.561511
v -0.492802 5.156452 0.450434
v -0.437943 5.242646 0.277733
v -0.450388 5.344931 0.285752
v -0.477960 5.406772 0.389171
v -0.506234 5.330335 0.572955
v -0.505942 5.333020 0.559975
v -0.500260 5.280725 0.566070
v -0.507187 5.282235 0.583335
v -0.533780 5.233574 0.589078
v -0.549074 5.237546 0.609475
v -0.451147 5.286352 0.476123
v -0.519405 5.085297 0.475698
v -0.545393 5.143849 0.574933
v -0.563502 5.014682 0.566709
v -0.567090 5.022313 0.595037
v -0.586874 5.187604 0.633459
v -0.570367 5.181749 0.608822
v -0.586033 5.161317 0.614849
v -0.604973 5.166292 0.641180
v -0.509671 5.282977 0.598169
v -0.501150 5.330335 0.586290
v -0.547716 5.241440 0.624172
v -0.592628 5.192980 0.654776
v -0.554593 4.947458 0.571353
v -0.542053 4.936411 0.542175
v -0.531631 4.909490 0.613235
v -0.549924 4.947062 0.612797
v -0.524603 4.872115 0.615897
v -0.513465 4.898263 0.533614
v -0.470665 4.866650 0.521868
v -0.487810 4.837132 0.602826
v -0.554544 5.021671 0.518065
v -0.534459 4.973436 0.507429
v -0.563502 5.014682 0.566709
v -0.502526 5.336329 0.549041
v -0.494110 5.289718 0.551680
v -0.512922 5.239026 0.572818
v -0.579160 5.122035 0.600706
v -0.594852 5.118174 0.637236
v -0.619983 5.135145 0.647141
v -0.604968 5.131462 0.619603
v -0.561342 5.154783 0.591935
v -0.541920 5.179613 0.589319
v -0.511594 5.375107 0.540852
v -0.509887 5.367211 0.528031
v -0.508128 5.355951 0.543200
v -0.511133 5.354007 0.555127
v -0.508700 5.355114 0.567563
v -0.503362 5.379863 0.558028
v -0.499576 5.356160 0.581379
v -0.493841 5.381249 0.574463
v -0.627198 5.139515 0.680905
v -0.609271 5.174591 0.666186
v -0.554544 5.021671 0.518065
v -0.566505 5.113187 0.589536
v -0.554544 5.021671 0.518065
v -0.540614 4.957487 0.515295
v -0.554544 5.021671 0.518065
v -0.569130 5.054572 0.588082
v -0.560223 5.101457 0.622417
v -0.566505 5.113187 0.589536
v -0.554544 5.021671 0.518065
v -0.563502 5.014682 0.566709
v -0.567090 5.022313 0.595037
v -0.569130 5.054572 0.588082
v -0.566505 5.113187 0.589536
v -0.560223 5.101457 0.622417
v -0.566505 5.113187 0.589536
v -0.472605 5.284523 0.383216
v -0.469283 5.298452 0.422645
v -0.473862 5.267306 0.371075
v -0.479193 5.243752 0.393610
v -0.469894 5.247316 0.431998
v -0.457335 5.258501 0.463521
v -0.451147 5.286352 0.476123
v -0.460988 5.303199 0.457030
v 0.029990 5.607012 0.187036
v 0.156313 5.461806 0.145748
v 0.092899 5.436511 0.102555
v -0.020358 5.566702 0.139573
v -0.145036 5.673275 0.265713
v -0.177283 5.626111 0.210113
v -0.321192 5.643077 0.362015
v -0.335824 5.598848 0.295268
v -0.445602 5.526254 0.461279
v -0.440573 5.496225 0.397595
v 0.188132 5.277803 0.158805
v 0.126166 5.271055 0.111923
v 0.015119 5.403480 0.079155
v -0.077356 5.509773 0.109382
v -0.205484 5.558284 0.166976
v -0.334933 5.536020 0.236506
v -0.422245 5.451680 0.316553
v 0.047161 5.267888 0.084396
v -0.071728 5.364964 0.077141
v -0.137117 5.440124 0.098515
v -0.227717 5.474428 0.139240
v -0.319252 5.458683 0.188405
v -0.380264 5.383541 0.238679
v -0.049071 5.269086 0.080847
v -0.157557 5.204371 0.113499
v -0.191201 5.249386 0.124122
v -0.237603 5.269580 0.145502
v -0.257302 5.261560 0.158207
v -0.296832 5.215528 0.191445
v -0.311313 5.168811 0.213755
v -0.154712 5.158169 0.126413
v -0.244359 5.179804 0.116327
v -0.296262 5.193406 0.171228
v -0.269785 5.227367 0.131343
v -0.243511 5.228274 0.104664
v -0.187637 5.167435 0.072167
v -0.211225 5.206947 0.079838
v -0.244815 5.132583 0.137238
v -0.306173 5.155596 0.195567
v -0.183661 5.129557 0.084627
v -0.436325 4.810070 0.665879
v -0.447669 4.819132 0.586071
v -0.386484 4.804859 0.567084
v -0.380645 4.795890 0.644542
v -0.323566 4.889900 0.386092
v -0.394734 4.902685 0.415957
v -0.277877 5.101388 0.220256
v -0.419746 4.845480 0.504008
v -0.343402 4.837875 0.475642
v -0.277461 4.787315 0.528992
v -0.260396 4.788376 0.598006
v -0.224067 4.932679 0.274910
v -0.234186 4.864346 0.351983
v -0.273240 5.048214 0.213903
v -0.279264 5.096125 0.199714
v -0.239558 5.082765 0.157972
v -0.226163 5.023333 0.194779
v -0.247187 4.817120 0.439090
v -0.228670 5.020105 0.235126
v -0.490898 5.436426 0.474982
v -0.204533 4.822311 0.355082
v -0.177335 4.900638 0.276436
v -0.180535 5.079810 0.118063
v -0.174886 5.041737 0.163096
v -0.211767 4.769331 0.440978
v -0.195374 4.731754 0.520742
v -0.167959 5.042740 0.211645
v 0.177606 5.222651 0.171690
v 0.111114 5.216476 0.130161
v 0.039445 5.213353 0.105753
v -0.047213 5.213890 0.101599
v -0.159757 5.094891 0.161845
v 0.123601 5.057272 0.218041
v 0.064672 5.052421 0.184845
v -0.001944 5.049758 0.174304
v -0.069321 5.050102 0.176795
v -0.005755 4.922710 0.240997
v -0.052248 4.917902 0.229569
v -0.099261 4.912699 0.238251
v -0.476669 5.446512 0.520175
v -0.233654 5.254694 0.115612
v -0.267479 5.250745 0.143178
v -0.301840 5.208807 0.183264
v -0.162379 5.189450 0.077537
v -0.192471 5.233421 0.089080
v -0.314752 5.164312 0.208448
v -0.158679 5.144990 0.090001
v -0.281488 5.096984 0.215287
v -0.219993 5.014618 0.207998
v -0.160198 5.037369 0.174890
v -0.159635 5.085185 0.126143
v -0.475270 4.828289 0.679659
v 0.044422 4.932205 0.277596
v -0.965519 2.533097 -0.069532
v -1.049655 2.632237 -0.013789
v -1.036235 2.637546 0.051110
v -0.948850 2.556704 -0.021618
v -0.898209 2.453555 -0.092531
v -0.970386 2.527243 -0.057461
v -0.955106 2.548096 -0.020069
v -0.891685 2.500214 -0.057612
v -0.891685 2.500214 -0.057612
v -0.955106 2.548096 -0.020069
v -0.960500 2.558375 0.030704
v -0.866461 2.520358 -0.018859
v -1.033907 2.634302 0.120967
v -0.949787 2.568783 0.045122
v -0.450148 2.248723 0.043003
v -0.434034 2.278820 0.051446
v -0.448777 2.295581 0.091943
v -0.464692 2.248582 0.079064
v -0.448777 2.295581 0.091943
v -0.434034 2.278820 0.051446
v -0.456502 2.313468 0.042125
v -0.473098 2.346039 0.077415
v -0.500005 2.314992 0.106146
v -0.508190 2.283217 0.095492
v -0.500005 2.314992 0.106146
v -0.514423 2.347847 0.094646
v -0.729853 2.325673 0.044145
v -0.701858 2.341940 0.024018
v -0.651082 2.289144 0.016934
v -0.685318 2.260427 0.003719
v -0.651082 2.289144 0.016934
v -0.701858 2.341940 0.024018
v -0.682243 2.379446 0.055771
v -0.625029 2.308233 0.049458
v -1.169181 2.554480 0.140164
v -1.071510 2.482830 0.115097
v -1.071044 2.484515 0.103140
v -0.905327 2.523075 0.036042
v -0.794112 2.461885 0.069021
v -0.778699 2.477195 0.032976
v -0.688784 2.370880 0.097266
v -0.993640 2.474467 0.129919
v -0.838922 2.422444 0.149351
v -0.738676 2.340547 0.181468
v -0.646931 2.272638 0.125587
v -0.620699 2.307808 0.094086
v -0.901821 2.381845 0.211178
v -0.805947 2.295352 0.249980
v -0.717658 2.217353 0.196677
v -0.679630 2.253216 0.174493
v -1.081203 2.412414 0.181666
v -1.171908 2.425828 0.102909
v -1.097559 2.374070 0.178766
v -1.272803 2.495141 0.106162
v -1.179332 2.420699 0.115235
v -0.972799 2.329471 0.244147
v -1.010480 2.296250 0.245987
v -0.882917 2.233379 0.297200
v -0.919019 2.205175 0.299104
v -0.796186 2.162627 0.283145
v -0.745915 2.214489 0.247763
v -0.875374 2.130539 0.304231
v -0.834886 2.150512 0.313593
v -1.288230 2.492213 0.042743
v -1.192323 2.405741 0.074860
v -1.182466 2.412362 0.073531
v -1.117067 2.344384 0.154511
v -1.117067 2.344384 0.154511
v -1.182466 2.412362 0.073531
v -1.179806 2.406798 0.036794
v -1.140055 2.328605 0.119314
v -1.271090 2.508790 -0.017283
v -1.189952 2.397833 0.027062
v -1.033550 2.262156 0.220302
v -1.033550 2.262156 0.220302
v -1.036399 2.243011 0.183452
v -0.944860 2.181540 0.269131
v -0.944860 2.181540 0.269131
v -0.950506 2.169695 0.228455
v -0.902428 2.116346 0.272284
v -0.902428 2.116346 0.272284
v -0.909183 2.111934 0.231047
v -1.159460 2.563881 -0.039520
v -1.079087 2.445627 -0.025378
v -1.077693 2.448304 -0.014767
v -1.080703 2.361513 0.040450
v -1.013497 2.254509 0.150868
v -0.929584 2.178010 0.194846
v -0.954391 2.295994 0.097334
v -0.868998 2.215051 0.130059
v -0.844110 2.136679 0.180766
v -0.887147 2.121752 0.199699
v -0.979734 2.421189 -0.036238
v -0.900462 2.328673 0.036255
v -0.812492 2.251026 0.067482
v -0.791803 2.172501 0.101795
v -0.827489 2.158616 0.140791
v -1.079087 2.445627 -0.025378
v -1.159460 2.563881 -0.039520
v -0.847812 2.346740 -0.016676
v -0.815774 2.346763 -0.034876
v -0.760683 2.293656 0.035552
v -0.736350 2.219154 0.036467
v -0.771995 2.197715 0.062038
v -0.708486 2.237100 0.021967
v -0.849116 1.865627 0.080579
v -0.824562 1.871217 0.084452
v -0.806864 1.849292 0.085770
v -0.832690 1.833720 0.087200
v -0.856389 1.858936 0.103980
v -0.849557 1.832643 0.112084
v -0.849557 1.832643 0.112084
v -0.832690 1.833720 0.087200
v -0.807048 1.816453 0.117715
v -0.824650 1.822103 0.132039
v -0.806864 1.849292 0.085770
v -0.793215 1.834695 0.112211
v -0.822136 1.888408 0.018304
v -0.796292 1.890620 0.014187
v -0.784084 1.866505 0.005428
v -0.811260 1.853695 0.013438
v -0.820778 1.879053 0.042681
v -0.817074 1.850958 0.043706
v -0.817074 1.850958 0.043706
v -0.811260 1.853695 0.013438
v -0.778613 1.829149 0.031200
v -0.787736 1.834623 0.052643
v -0.784084 1.866505 0.005428
v -0.763482 1.846422 0.024078
v -0.746965 1.899214 -0.108843
v -0.720736 1.905951 -0.112176
v -0.706841 1.883966 -0.123194
v -0.732172 1.865696 -0.116413
v -0.743072 1.890370 -0.083745
v -0.736151 1.862376 -0.084876
v -0.736151 1.862376 -0.084876
v -0.732172 1.865696 -0.116413
v -0.696026 1.847127 -0.099227
v -0.705106 1.851546 -0.076579
v -0.706841 1.883966 -0.123194
v -0.683180 1.867540 -0.105021
v -0.595814 1.900961 -0.094206
v -0.575899 1.918050 -0.100836
v -0.551781 1.902697 -0.104429
v -0.566781 1.877648 -0.090976
v -0.591057 1.903488 -0.067651
v -0.572306 1.883181 -0.059814
v -0.572306 1.883181 -0.059814
v -0.566781 1.877648 -0.090976
v -0.528202 1.884940 -0.070003
v -0.540608 1.891642 -0.049551
v -0.551781 1.902697 -0.104429
v -0.525526 1.906143 -0.082788
v -0.842982 2.114072 0.198558
v -0.874874 2.099720 0.201744
v -0.894819 2.090557 0.229896
v -0.853805 1.990420 0.213189
v -0.838674 2.003523 0.189061
v -0.836452 1.988171 0.182044
v -0.850675 1.974537 0.205862
v -0.808542 2.010217 0.186045
v -0.805164 1.993072 0.180560
v -0.887413 2.094144 0.269081
v -0.887413 2.094144 0.269081
v -0.862242 2.106090 0.299173
v -0.809879 1.972951 0.275954
v -0.838731 1.978079 0.249746
v -0.834954 1.960312 0.241667
v -0.805816 1.953087 0.267214
v -0.834954 1.960312 0.241667
v -0.838731 1.978079 0.249746
v -0.828024 2.121647 0.301066
v -0.804899 2.131105 0.278565
v -0.763461 1.990972 0.249729
v -0.779396 1.979064 0.273300
v -0.776067 1.958543 0.264127
v -0.760796 1.971283 0.241280
v -0.813176 2.138452 0.234009
v -0.814513 2.126404 0.234584
v -0.813176 2.138452 0.234009
v -0.814513 2.126404 0.234584
v -0.777948 2.003825 0.214056
v -0.775583 1.985334 0.206510
v -0.775583 1.985334 0.206510
v -0.777948 2.003825 0.214056
v -0.784477 2.156413 0.131677
v -0.814998 2.138133 0.141252
v -0.818117 2.126916 0.180720
v -0.767004 2.004537 0.156370
v -0.760174 2.014683 0.127187
v -0.756336 1.998887 0.123025
v -0.761574 1.988395 0.152610
v -0.731519 2.023582 0.117333
v -0.728348 2.007486 0.113158
v -0.804886 2.132871 0.227741
v -0.804886 2.132871 0.227741
v -0.771936 2.159798 0.250673
v -0.740335 2.183894 0.235803
v -0.725518 2.186805 0.196465
v -0.669514 2.023902 0.174662
v -0.677396 2.014323 0.203301
v -0.675085 1.995085 0.196127
v -0.667093 2.005483 0.168612
v -0.705785 2.003865 0.212592
v -0.703009 1.985717 0.205676
v -0.748208 2.188865 0.158464
v -0.748244 2.176764 0.160444
v -0.748208 2.188865 0.158464
v -0.748244 2.176764 0.160444
v -0.693410 2.026492 0.140170
v -0.691007 2.009249 0.134985
v -0.691007 2.009249 0.134985
v -0.693410 2.026492 0.140170
v -0.727545 2.197809 0.050170
v -0.755083 2.176567 0.060095
v -0.763027 2.166692 0.094312
v -0.688690 2.036268 0.057960
v -0.683813 2.049175 0.029788
v -0.679592 2.035285 0.024211
v -0.684401 2.022363 0.051831
v -0.657087 2.061837 0.019535
v -0.653126 2.047385 0.013976
v -0.740806 2.181146 0.152470
v -0.740806 2.181146 0.152470
v -0.704800 2.200056 0.166799
v -0.677861 2.221134 0.156173
v -0.670197 2.230908 0.121407
v -0.593383 2.062936 0.073252
v -0.598520 2.050741 0.101726
v -0.594580 2.034288 0.094136
v -0.589591 2.046439 0.066157
v -0.624950 2.037574 0.111873
v -0.620843 2.021500 0.104069
v -0.682927 2.234234 0.083988
v -0.680577 2.222561 0.085970
v -0.682927 2.234234 0.083988
v -0.680577 2.222561 0.085970
v -0.619806 2.066408 0.039936
v -0.616126 2.050847 0.033624
v -0.616126 2.050847 0.033624
v -0.619806 2.066408 0.039936
v -0.666112 2.241297 0.002240
v -0.688595 2.219482 0.018173
v -0.691615 2.212057 0.049612
v -0.609282 2.101154 0.024488
v -0.609220 2.108938 -0.005209
v -0.603279 2.097746 -0.008211
v -0.603265 2.089989 0.021275
v -0.587259 2.124429 -0.021006
v -0.581172 2.112661 -0.023905
v -0.672189 2.228448 0.078744
v -0.672189 2.228448 0.078744
v -0.630992 2.257805 0.100628
v -0.612189 2.277967 0.080709
v -0.611840 2.283021 0.044838
v -0.523710 2.148060 0.019905
v -0.523111 2.141066 0.050472
v -0.516788 2.127243 0.046683
v -0.517393 2.134464 0.016653
v -0.543865 2.125760 0.067054
v -0.537608 2.112699 0.063074
v -0.635056 2.266510 0.014800
v -0.635056 2.266510 0.014800
v -0.551733 2.139926 -0.008246
v -0.545406 2.127408 -0.011086
v -0.545406 2.127408 -0.011086
v -0.551733 2.139926 -0.008246
v -0.737135 1.982693 0.185687
v -0.742752 2.000637 0.190458
v -0.742752 2.000637 0.190458
v -0.737135 1.982693 0.185687
v -0.657429 2.017401 0.084289
v -0.661490 2.032400 0.091537
v -0.661490 2.032400 0.091537
v -0.657429 2.017401 0.084289
v -0.573835 2.097445 0.049764
v -0.579928 2.109527 0.053486
v -0.579928 2.109527 0.053486
v -0.573835 2.097445 0.049764
v -0.834873 1.974752 0.175108
v -0.803536 1.979160 0.173520
v -0.801015 1.933315 0.146608
v -0.830433 1.931578 0.152129
v -0.849308 1.960863 0.198245
v -0.844974 1.915869 0.173121
v -0.830236 1.893312 0.201297
v -0.834307 1.945121 0.231898
v -0.804685 1.935742 0.256651
v -0.834307 1.945121 0.231898
v -0.830236 1.893312 0.201297
v -0.800783 1.877698 0.221520
v -0.771380 1.880552 0.216779
v -0.774279 1.940728 0.254271
v -0.759259 1.954103 0.231707
v -0.756767 1.895253 0.195205
v -0.771328 1.917112 0.166767
v -0.773978 1.969688 0.198223
v -0.773978 1.969688 0.198223
v -0.771328 1.917112 0.166767
v -0.755738 1.986493 0.117573
v -0.727490 1.994688 0.107797
v -0.730295 1.928829 0.074873
v -0.755991 1.929044 0.090217
v -0.760660 1.975867 0.147242
v -0.764231 1.911938 0.113496
v -0.743483 1.889169 0.134951
v -0.735531 1.968335 0.179916
v -0.702495 1.970929 0.198841
v -0.735531 1.968335 0.179916
v -0.743483 1.889169 0.134951
v -0.709096 1.875512 0.147015
v -0.683737 1.878553 0.133023
v -0.674849 1.979922 0.188980
v -0.667163 1.990334 0.161352
v -0.676292 1.892026 0.107341
v -0.696913 1.911755 0.084498
v -0.691300 1.995363 0.128235
v -0.691300 1.995363 0.128235
v -0.696913 1.911755 0.084498
v -0.678048 2.022117 0.016824
v -0.651564 2.033762 0.006390
v -0.652733 1.961421 -0.040065
v -0.677709 1.957371 -0.024197
v -0.682808 2.008873 0.044168
v -0.683015 1.938116 -0.001764
v -0.659265 1.914868 0.016229
v -0.656310 2.002850 0.075573
v -0.619821 2.005841 0.094574
v -0.656310 2.002850 0.075573
v -0.659265 1.914868 0.016229
v -0.624716 1.900248 0.022500
v -0.600509 1.905039 0.006593
v -0.593691 2.018076 0.084282
v -0.588610 2.030676 0.056745
v -0.594718 1.922977 -0.016366
v -0.618275 1.945341 -0.034815
v -0.614929 2.036129 0.025085
v -0.614929 2.036129 0.025085
v -0.618275 1.945341 -0.034815
v -0.600024 2.087185 -0.011828
v -0.577958 2.101826 -0.027605
v -0.555707 2.018294 -0.056866
v -0.577194 2.007188 -0.039739
v -0.599921 2.079269 0.017553
v -0.576215 1.996526 -0.011811
v -0.545461 1.994270 0.012375
v -0.570564 2.085835 0.045583
v -0.534082 2.100091 0.058534
v -0.570564 2.085835 0.045583
v -0.545461 1.994270 0.012375
v -0.508467 1.999537 0.021477
v -0.486324 2.012383 0.005329
v -0.513069 2.114478 0.042197
v -0.513684 2.122023 0.012384
v -0.487122 2.021925 -0.023060
v -0.517632 2.022555 -0.047895
v -0.541878 2.115771 -0.015028
v -0.541878 2.115771 -0.015028
v -0.517632 2.022555 -0.047895
v -0.830677 1.922454 0.145752
v -0.801287 1.923463 0.139815
v -0.814665 1.895868 0.101701
v -0.843118 1.895321 0.108655
v -0.845223 1.906058 0.166078
v -0.857353 1.878257 0.128246
v -0.830442 1.881896 0.193105
v -0.842660 1.850702 0.152367
v -0.801086 1.864633 0.212052
v -0.830442 1.881896 0.193105
v -0.842660 1.850702 0.152367
v -0.814469 1.830243 0.167531
v -0.772030 1.866506 0.206273
v -0.785836 1.830957 0.160931
v -0.757575 1.881935 0.185141
v -0.771428 1.847249 0.141030
v -0.771955 1.905484 0.158236
v -0.785884 1.873971 0.116637
v -0.771955 1.905484 0.158236
v -0.785884 1.873971 0.116637
v -0.759847 1.926338 0.085942
v -0.734034 1.924892 0.070140
v -0.773476 1.910499 0.031862
v -0.797775 1.912947 0.048906
v -0.768479 1.909942 0.109186
v -0.806594 1.894506 0.070506
v -0.748192 1.883214 0.128294
v -0.789554 1.862384 0.084169
v -0.714372 1.865861 0.138126
v -0.748192 1.883214 0.128294
v -0.789554 1.862384 0.084169
v -0.760339 1.835968 0.086033
v -0.688595 1.868353 0.124243
v -0.735983 1.834662 0.069589
v -0.681195 1.882666 0.099007
v -0.726858 1.851917 0.047655
v -0.702122 1.905309 0.077396
v -0.744609 1.883120 0.032980
v -0.702122 1.905309 0.077396
v -0.744609 1.883120 0.032980
v -0.681637 1.952671 -0.029849
v -0.657171 1.956743 -0.045991
v -0.699433 1.931800 -0.091118
v -0.722423 1.928993 -0.073587
v -0.687473 1.934309 -0.007260
v -0.727903 1.908714 -0.052513
v -0.663573 1.908311 0.009008
v -0.705859 1.878815 -0.040308
v -0.630302 1.891563 0.013026
v -0.663573 1.908311 0.009008
v -0.705859 1.878815 -0.040308
v -0.674027 1.856922 -0.040564
v -0.605333 1.896426 -0.002259
v -0.649889 1.859440 -0.057503
v -0.599661 1.914540 -0.025121
v -0.643916 1.878758 -0.078866
v -0.623524 1.938802 -0.042497
v -0.666409 1.908097 -0.091744
v -0.623524 1.938802 -0.042497
v -0.666409 1.908097 -0.091744
v -0.576641 2.000284 -0.042589
v -0.555128 2.010168 -0.060215
v -0.571098 1.956337 -0.090346
v -0.593137 1.949185 -0.072007
v -0.575621 1.989034 -0.014966
v -0.591602 1.936418 -0.045334
v -0.544357 1.984441 0.008293
v -0.560486 1.925460 -0.025250
v -0.507205 1.987585 0.016488
v -0.544357 1.984441 0.008293
v -0.560486 1.925460 -0.025250
v -0.521811 1.921591 -0.019726
v -0.484608 1.999182 -0.000025
v -0.500535 1.928974 -0.038213
v -0.485481 2.009552 -0.028000
v -0.500585 1.941615 -0.064455
v -0.516672 2.012455 -0.052003
v -0.532556 1.951841 -0.085154
v -0.516672 2.012455 -0.052003
v -0.532556 1.951841 -0.085154
v -0.838475 2.418749 -0.102139
v -0.784062 2.337514 -0.044549
v -0.759243 2.474127 0.015260
v -0.819234 2.492796 -0.053333
v -0.684458 2.424871 0.004866
v -0.692589 2.390153 -0.052150
v -0.837252 2.465027 -0.082042
v -0.837252 2.465027 -0.082042
v -0.696424 2.350061 -0.071630
v -0.695542 2.310323 -0.077372
v -0.696424 2.350061 -0.071630
v -0.716763 2.329854 0.029562
v -0.710492 2.361658 0.036358
v -0.710492 2.361658 0.036358
v -0.704806 2.402885 0.050031
v -0.664874 2.402177 0.055518
v -0.679221 2.282230 -0.035289
v -0.613847 2.251300 -0.016652
v -0.599504 2.261008 -0.056559
v -0.586289 2.254219 -0.053081
v -0.605259 2.247450 -0.013869
v -0.601524 2.349818 -0.040598
v -0.618845 2.396790 0.009385
v -0.610301 2.392971 0.009822
v -0.589689 2.344573 -0.039084
v -0.597986 2.302729 -0.054855
v -0.584604 2.295728 -0.052384
v -0.597986 2.302729 -0.054855
v -0.584604 2.295728 -0.052384
v -0.663119 2.306142 0.021778
v -0.618895 2.291635 0.039823
v -0.661393 2.354209 0.046299
v -0.661393 2.354209 0.046299
v -0.619755 2.384770 0.058687
v -0.558886 2.246087 -0.038306
v -0.488319 2.236301 0.006005
v -0.521341 2.233880 0.037446
v -0.583012 2.241474 -0.001831
v -0.589889 2.385091 0.016654
v -0.536076 2.370118 0.037122
v -0.498362 2.322962 0.005441
v -0.566178 2.336018 -0.029810
v -0.558301 2.287104 -0.039772
v -0.487987 2.276404 0.001456
v -0.558301 2.287104 -0.039772
v -0.487987 2.276404 0.001456
v -0.551789 2.280810 0.075131
v -0.599641 2.286768 0.048587
v -0.603062 2.334572 0.062064
v -0.560102 2.327191 0.080805
v -0.600967 2.377221 0.063149
v -0.603062 2.334572 0.062064
v -0.560102 2.327191 0.080805
v -0.560621 2.367051 0.075424
v -0.620822 2.340428 0.056252
v -0.620822 2.340428 0.056252
v -1.221816 2.831701 0.141342
v -1.344329 2.737711 0.167970
v -1.169698 2.555701 0.137063
v -1.037736 2.630885 0.115535
v -1.503680 2.734102 0.125076
v -1.268781 2.498197 0.101505
v -1.513594 2.691693 0.018475
v -1.680808 2.919348 0.143088
v -1.733794 2.920850 -0.013111
v -1.460126 2.727636 -0.075895
v -1.665293 2.958682 -0.162343
v -1.317972 2.799533 -0.103920
v -1.494004 3.028530 -0.186374
v -1.232190 2.850116 -0.058677
v -1.317972 2.799533 -0.103920
v -1.494004 3.028530 -0.186374
v -1.379635 3.072205 -0.116307
v -1.193366 2.850547 0.042704
v -1.318855 3.086215 0.014581
v -1.367314 3.042515 0.164080
v -1.536839 2.961792 0.215373
v -1.825437 3.201459 0.166330
v -1.876417 3.223851 0.004147
v -1.817508 3.229889 -0.152996
v -1.656113 3.230697 -0.190176
v -1.656113 3.230697 -0.190176
v -1.544282 3.255697 -0.122777
v -1.486095 3.240295 0.027866
v -1.526937 3.225880 0.182947
v -1.687250 3.186564 0.239090
v -1.854964 3.402989 0.013205
v -1.815750 3.363413 0.170049
v -1.724779 3.501227 0.156425
v -1.759728 3.541390 0.012006
v -1.808654 3.381026 -0.140753
v -1.716009 3.505898 -0.130351
v -1.682032 3.319050 -0.199180
v -1.605134 3.404716 -0.185393
v -1.592247 3.285894 -0.129028
v -1.682032 3.319050 -0.199180
v -1.605134 3.404716 -0.185393
v -1.537843 3.336344 -0.123242
v -1.567434 3.274918 0.026716
v -1.506401 3.303174 0.020612
v -1.582609 3.262915 0.181099
v -1.524166 3.309459 0.162154
v -1.710066 3.299698 0.238969
v -1.631213 3.409320 0.217911
v -1.674107 3.670326 0.011136
v -1.634740 3.619815 0.146206
v -1.535454 3.738514 0.146672
v -1.563960 3.788228 0.014826
v -1.627907 3.621732 -0.122051
v -1.530604 3.741950 -0.118409
v -1.500812 3.500005 -0.173070
v -1.390758 3.597952 -0.169935
v -1.409160 3.424111 -0.101872
v -1.500812 3.500005 -0.173070
v -1.390758 3.597952 -0.169935
v -1.291083 3.486149 -0.114071
v -1.398680 3.355983 0.018702
v -1.249835 3.428292 0.017989
v -1.409087 3.381786 0.151772
v -1.284075 3.465533 0.151036
v -1.525809 3.509835 0.203273
v -1.414244 3.609969 0.202696
v -1.379922 3.904873 0.161916
v -1.427481 3.971071 0.019176
v -1.387978 3.919782 -0.137647
v -1.242983 3.759250 -0.193225
v -1.242983 3.759250 -0.193225
v -1.116707 3.610113 -0.121712
v -1.055091 3.545968 0.015048
v -1.076757 3.576419 0.165063
v -1.243168 3.749442 0.224080
v -1.161342 4.071630 0.207058
v -1.232970 4.137763 0.054204
v -1.215156 4.082390 -0.118533
v -1.076985 3.927937 -0.204418
v -1.076985 3.927937 -0.204418
v -0.960835 3.785249 -0.096069
v -0.840498 3.730136 0.075731
v -0.859732 3.764774 0.230176
v -0.999012 3.922874 0.299157
v -0.832297 4.283013 0.308805
v -0.898375 4.384775 0.176035
v -0.992729 4.279363 -0.034757
v -0.855903 4.108152 -0.215440
v -0.855903 4.108152 -0.215440
v -0.807136 3.936904 -0.107837
v -0.714926 3.859902 0.081529
v -0.681984 3.941667 0.243270
v -0.775150 4.097973 0.338037
v -1.324829 0.964553 -0.452135
v -1.282628 1.321653 -0.254000
v -1.173041 1.294027 -0.228347
v -1.231674 0.950831 -0.432285
v -1.165839 0.873271 -0.314866
v -1.084085 1.177267 -0.096046
v -1.220891 0.790591 -0.157577
v -1.150143 1.033494 0.071421
v -1.345332 0.746182 -0.038498
v -1.220891 0.790591 -0.157577
v -1.150143 1.033494 0.071421
v -1.318176 0.940654 0.182921
v -1.433017 0.737902 -0.006482
v -1.431428 0.931004 0.213291
v -1.532181 0.952880 0.190147
v -1.517931 0.750293 -0.016904
v -1.581332 0.780337 -0.064464
v -1.602964 0.999801 0.129739
v -1.629611 1.068227 0.047905
v -1.606845 0.819593 -0.139069
v -1.555052 0.899597 -0.300005
v -1.565220 1.212846 -0.114710
v -1.416567 0.955264 -0.423452
v -1.555052 0.899597 -0.300005
v -1.565220 1.212846 -0.114710
v -1.393539 1.308978 -0.230466
v -1.242687 1.625341 -0.091663
v -1.116214 1.591056 -0.061822
v -1.011007 1.453351 0.103188
v -1.096152 1.281126 0.320321
v -1.096152 1.281126 0.320321
v -1.308199 1.171319 0.470590
v -1.445188 1.153487 0.499165
v -1.560381 1.183308 0.470516
v -1.642404 1.243677 0.403600
v -1.672202 1.328445 0.303523
v -1.590295 1.498519 0.092386
v -1.590295 1.498519 0.092386
v -1.378119 1.608224 -0.060729
v -1.250827 1.911757 0.152839
v -1.114284 1.874029 0.188438
v -0.991458 1.725022 0.367733
v -1.078364 1.543762 0.611360
v -1.078364 1.543762 0.611360
v -1.309976 1.435005 0.781344
v -1.461504 1.423355 0.815506
v -1.589858 1.459563 0.781909
v -1.682551 1.525860 0.705273
v -1.718243 1.618886 0.593705
v -1.633108 1.790262 0.354502
v -1.633108 1.790262 0.354502
v -1.399529 1.897978 0.185198
v -1.315154 2.002082 0.345891
v -1.367662 1.968335 0.409709
v -1.256954 1.923593 0.442304
v -1.200378 1.965108 0.375868
v -1.067967 1.862082 0.538639
v -1.110531 1.856846 0.616696
v -1.120615 1.754280 0.771216
v -1.123752 1.834672 0.856011
v -1.309441 1.720639 0.928596
v -1.120615 1.754280 0.771216
v -1.123752 1.834672 0.856011
v -1.277749 1.881681 1.019419
v -1.431181 1.732610 0.952139
v -1.385120 1.929747 1.046093
v -1.485655 1.985200 1.013712
v -1.536456 1.780704 0.924194
v -1.618320 1.843635 0.859975
v -1.568025 2.042929 0.942749
v -1.620546 2.078816 0.836187
v -1.661710 1.901514 0.757963
v -1.618640 1.993086 0.529810
v -1.611798 2.093720 0.599704
v -1.434218 2.017859 0.372584
v -1.618640 1.993086 0.529810
v -1.611798 2.093720 0.599704
v -1.471266 2.018768 0.436418
v -1.359381 1.910281 0.365569
v -1.266863 1.950918 0.253556
v -1.170940 1.871077 0.295378
v -1.258699 1.835036 0.405372
v -1.089949 1.811247 0.600462
v -0.998504 1.854312 0.488497
v -1.034739 1.931634 0.848779
v -0.923675 2.015061 0.736305
v -1.124127 2.129764 1.012956
v -1.034739 1.931634 0.848779
v -0.923675 2.015061 0.736305
v -0.986525 2.263460 0.897587
v -1.210657 2.227470 1.033742
v -1.062275 2.382796 0.917162
v -1.153961 2.461018 0.876295
v -1.307597 2.301370 0.995511
v -1.398207 2.347734 0.912996
v -1.248165 2.498299 0.796708
v -1.327325 2.482951 0.683323
v -1.467273 2.351179 0.800071
v -1.519888 2.231738 0.550050
v -1.402521 2.320979 0.436394
v -1.439786 2.014282 0.385973
v -1.519888 2.231738 0.550050
v -1.402521 2.320979 0.436394
v -1.340209 2.069828 0.273959
v -1.105415 2.076111 0.084749
v -0.996135 1.986179 0.131760
v -0.802461 1.954631 0.341138
v -0.686876 2.130150 0.598624
v -0.686876 2.130150 0.598624
v -0.795731 2.391742 0.773665
v -0.851036 2.540156 0.773156
v -0.958515 2.627364 0.721686
v -1.063730 2.672248 0.632451
v -1.155592 2.658137 0.511296
v -1.248362 2.483210 0.254802
v -1.248362 2.483210 0.254802
v -1.186055 2.207202 0.098577
v -0.853115 2.213889 -0.138729
v -0.718817 2.113141 -0.082347
v -0.429071 2.079793 0.150133
v -0.293243 2.277520 0.402929
v -0.293243 2.277520 0.402929
v -0.455422 2.546860 0.577142
v -0.555748 2.685919 0.577414
v -0.686952 2.772620 0.519854
v -0.807292 2.818062 0.425586
v -0.916756 2.797669 0.318162
v -1.018243 2.620793 0.059846
v -1.018243 2.620793 0.059846
v -0.952709 2.337152 -0.105015
v -0.606014 2.333260 -0.350084
v -0.489783 2.456667 -0.505303
v -0.352735 2.295896 -0.475493
v -0.476336 2.204009 -0.275721
v -0.261964 2.061516 -0.045750
v 0.009227 2.123333 -0.281777
v -0.140515 2.336416 0.332398
v 0.133332 2.445217 0.188661
v -0.197605 2.611268 0.524631
v -0.140515 2.336416 0.332398
v 0.133332 2.445217 0.188661
v 0.038798 2.750766 0.421860
v -0.410177 2.749725 0.516436
v -0.192510 2.854469 0.391799
v -0.318292 2.920328 0.303350
v -0.499126 2.856418 0.426791
v -0.566876 2.920810 0.281743
v -0.434429 2.963156 0.181094
v -0.521719 2.965530 0.022536
v -0.670228 2.927477 0.155473
v -0.696596 2.480425 -0.330133
v -0.746254 2.774303 -0.146810
v -0.610841 2.865264 -0.251171
v -0.554621 2.598620 -0.463966
v -1.271807 1.947232 0.249232
v -1.160286 1.915070 0.277225
v -1.045514 1.794113 0.435002
v -1.121534 1.646538 0.665870
v -1.328871 1.569564 0.826895
v -1.121534 1.646538 0.665870
v -1.454375 1.552909 0.843260
v -1.559844 1.604831 0.828773
v -1.638823 1.662829 0.766492
v -1.673360 1.732696 0.668262
v -1.604249 1.864628 0.438370
v -1.396754 1.943172 0.278426
v -1.604249 1.864628 0.438370
v -0.297957 2.825205 -0.734052
v -0.279597 3.015660 -0.743339
v -0.149508 3.003794 -0.830493
v -0.181004 2.741936 -0.788471
v 0.186065 2.744643 -0.813124
v 0.179410 3.152787 -0.899034
v -0.301372 2.900360 0.214616
v -0.325422 2.921271 0.354173
v -0.420882 2.977835 0.170636
v -0.396272 2.939136 0.038645
v -0.467771 2.946307 -0.320517
v -0.475076 3.040278 -0.241041
v -0.390070 2.863621 -0.616945
v -0.467771 2.946307 -0.320517
v -0.475076 3.040278 -0.241041
v -0.377824 3.040772 -0.599192
v -0.293580 3.299054 -0.710781
v -0.154735 3.324620 -0.819586
v 0.167646 3.396120 -0.871583
v -0.347561 3.038620 0.425458
v -0.444878 3.099023 0.248424
v -0.511954 3.190160 -0.148413
v -0.511954 3.190160 -0.148413
v -0.403132 3.278717 -0.541112
v -0.344050 3.537048 -0.650658
v -0.196835 3.640274 -0.723261
v 0.095774 3.741248 -0.765134
v -0.354767 3.168796 0.405681
v -0.450918 3.195482 0.226656
v -0.531659 3.300680 -0.139817
v -0.531659 3.300680 -0.139817
v -0.434259 3.434482 -0.515144
v -0.394931 3.754498 -0.543076
v -0.282831 3.845486 -0.618123
v 0.018847 3.919427 -0.672781
v -0.353254 3.221535 0.355472
v -0.463670 3.300526 0.217072
v -0.561837 3.553013 -0.052895
v -0.561837 3.553013 -0.052895
v -0.486269 3.669306 -0.407291
v -0.474989 3.949041 -0.411126
v -0.352700 3.988237 -0.527967
v -0.033004 4.056823 -0.576791
v -0.030527 4.046043 -0.584049
v -0.417784 3.413103 0.445279
v -0.508004 3.521607 0.289489
v -0.512535 3.728733 -0.005124
v -0.512535 3.728733 -0.005124
v -0.536315 3.884397 -0.270636
v -0.531599 4.166663 -0.288311
v -0.415737 4.211521 -0.400541
v -0.056887 4.230077 -0.487733
v -0.407545 3.677756 0.566362
v -0.465497 3.753639 0.316052
v -0.521337 3.854490 0.005555
v -0.521337 3.854490 0.005555
v -0.588474 4.084621 -0.192716
v -0.547179 4.262336 -0.219961
v -0.400783 4.328582 -0.300077
v -0.056332 4.349023 -0.385782
v -0.371088 3.859680 0.615685
v -0.454064 3.871718 0.416613
v -0.510884 3.862180 0.003657
v -0.454924 3.754526 0.310434
v -0.447239 3.872704 0.407147
v -0.538913 4.037163 -0.087315
v -0.561934 4.055987 -0.208270
v -0.510884 3.862180 0.003657
v -0.538913 4.037163 -0.087315
v -0.603202 4.175271 -0.175007
v -0.514420 4.441158 -0.146189
v -0.484908 4.593555 0.031411
v -0.349101 4.609015 -0.086215
v -0.374535 4.448483 -0.207634
v -0.049800 4.467743 -0.288827
v -0.038463 4.583960 -0.151873
v -0.350658 4.015290 0.637667
v -0.365187 4.273589 0.599065
v -0.491148 4.316532 0.500834
v -0.445331 4.046109 0.510891
v -0.355337 4.644913 0.196456
v -0.261183 4.655020 0.091651
v -0.021667 4.646496 0.012795
v -0.291320 4.419419 0.602385
v -0.374875 4.466677 0.564733
v -0.631030 4.394117 0.325486
v -0.467497 4.549747 0.417553
v -0.613049 4.530156 0.154952
v -0.631030 4.394117 0.325486
v -0.467497 4.549747 0.417553
v -0.429088 4.613208 0.301634
v -0.152642 4.737455 0.221598
v -0.108635 4.730992 0.184291
v 0.003940 4.707170 0.147726
v -0.190074 4.605476 0.528818
v -0.214339 4.644127 0.466635
v -0.217211 4.699618 0.358387
v -0.217211 4.699618 0.358387
v -0.183102 4.731116 0.269197
v -0.387169 2.540731 -0.632419
v -0.297957 2.825205 -0.734052
v -0.181004 2.741936 -0.788471
v -0.224960 2.432934 -0.647574
v 0.197053 2.347012 -0.588410
v 0.186065 2.744643 -0.813124
v -0.063067 2.844902 0.339094
v -0.037373 2.766870 0.435050
v -0.181802 2.840915 0.340882
v -0.212789 2.902889 0.235418
v -0.333549 2.950872 0.121572
v -0.301372 2.900360 0.214616
v -0.396272 2.939136 0.038645
v -0.451664 2.967089 -0.027177
v -0.460148 2.659530 -0.535353
v -0.531311 2.876629 -0.324078
v -0.467771 2.946307 -0.320517
v -0.390070 2.863621 -0.616945
v -0.364245 3.860988 0.607715
v -0.535896 4.259575 -0.216947
v -0.394325 4.322146 -0.293121
v -0.055101 4.341357 -0.377982
v -0.741768 4.454501 0.174645
v -0.738205 4.306145 0.328804
v -0.738205 4.306145 0.328804
v -0.631838 4.202207 0.354959
v -0.507028 4.001247 0.294177
v -0.512679 3.996945 0.072051
v -0.633630 4.062507 -0.127935
v -0.633630 4.062507 -0.127935
v -0.705655 4.204660 -0.177151
v -0.733876 4.356482 -0.045294
v -0.631184 4.387965 -0.074025
v -0.531311 2.876629 -0.324078
v -0.467771 2.946307 -0.320517
v -0.746254 2.774303 -0.146810
v -0.610841 2.865264 -0.251171
v -1.284025 0.808900 -0.487739
v -1.363756 0.505667 -0.602034
v -1.454328 0.510693 -0.600559
v -1.374629 0.822110 -0.503629
v -1.195734 0.759094 -0.379853
v -1.231457 0.547737 -0.494859
v -1.363756 0.505667 -0.602034
v -1.284025 0.808900 -0.487739
v -1.217462 0.683989 -0.233982
v -1.189290 0.472127 -0.307266
v -1.463699 0.812340 -0.478075
v -1.531160 0.519008 -0.560000
v -1.657461 0.484874 -0.422402
v -1.583264 0.778532 -0.358105
v -1.386488 0.395116 0.365279
v -1.350693 0.351806 0.409357
v -1.295591 0.349342 0.136468
v -1.323672 0.410597 0.132257
v -1.512781 0.443713 0.465373
v -1.589453 0.446970 0.470022
v -1.610601 0.361876 0.554954
v -1.523792 0.363216 0.538894
v -1.689550 0.447683 0.390661
v -1.738377 0.414865 0.289627
v -1.781027 0.366986 0.315163
v -1.721746 0.365262 0.434196
v -1.384817 0.249246 -0.632640
v -1.480509 0.252672 -0.625987
v -1.243453 0.236767 -0.537323
v -1.384817 0.249246 -0.632640
v -1.179840 0.220105 -0.316472
v -1.346956 0.194954 0.434667
v -1.282093 0.193517 0.142345
v -1.624403 0.202706 0.586049
v -1.527877 0.199762 0.570445
v -1.805028 0.210324 0.339201
v -1.747496 0.207612 0.448078
v -1.559814 0.252095 -0.579191
v -1.685129 0.245542 -0.417182
v -1.463699 0.812340 -0.478075
v -1.583264 0.778532 -0.358105
v -1.583264 0.778532 -0.358105
v -1.619223 0.715169 -0.197796
v -1.572526 0.704839 -0.120346
v -1.500354 0.690865 -0.073582
v -1.417317 0.680140 -0.064808
v -1.324997 0.673560 -0.100809
v -1.217462 0.683989 -0.233982
v -1.217462 0.683989 -0.233982
v -1.195734 0.759094 -0.379853
v -1.284025 0.808900 -0.487739
v -1.374629 0.822110 -0.503629
v -1.324997 0.673560 -0.100809
v -1.336397 0.545851 -0.021030
v -1.289467 0.512270 -0.123672
v -1.257130 0.390475 -0.129830
v -1.417317 0.680140 -0.064808
v -1.500354 0.690865 -0.073582
v -1.501909 0.560097 0.023184
v -1.432855 0.556725 0.024950
v -1.572526 0.704839 -0.120346
v -1.619223 0.715169 -0.197796
v -1.637738 0.551855 -0.070031
v -1.565379 0.561461 0.004139
v -1.674286 0.542222 -0.211655
v -1.703593 0.415805 -0.223651
v -1.240697 0.208509 -0.141023
v -1.716374 0.232897 -0.263720
v -1.391375 0.467409 0.219193
v -1.543097 0.477090 0.248923
v -1.480605 0.477484 0.252192
v -1.673054 0.471799 0.189237
v -1.601999 0.480847 0.230973
v -1.721327 0.428527 0.073950
v -1.767488 0.360161 0.050883
v -1.791358 0.212547 0.056572
v -1.459710 0.439833 0.431462
v -1.659248 0.448175 0.430893
v -1.282093 0.193517 0.142345
v -1.346956 0.194954 0.434667
v -1.578919 0.202982 0.354455
v -1.537912 0.203491 0.093049
v -1.240697 0.208509 -0.141023
v -1.482696 0.219063 -0.179832
v -1.179840 0.220105 -0.316472
v -1.444516 0.231924 -0.358338
v -1.243453 0.236767 -0.537323
v -1.413948 0.240443 -0.514135
v -1.384817 0.249246 -0.632640
v -1.527877 0.199762 0.570445
v -1.624403 0.202706 0.586049
v -1.593512 0.202754 0.438688
v -1.449349 0.197624 0.517773
v -1.480509 0.252672 -0.625987
v -1.559814 0.252095 -0.579191
v -1.685129 0.245542 -0.417182
v -1.716374 0.232897 -0.263720
v -1.791358 0.212547 0.056572
v -1.805028 0.210324 0.339201
v -1.698904 0.205469 0.528940
v -1.747496 0.207612 0.448078
v -1.682749 0.359552 0.500939
v -1.698904 0.205469 0.528940
v -1.454411 0.354659 0.493391
v -1.449349 0.197624 0.517773
v -0.037373 2.766870 0.435050
v -0.063313 2.809265 0.584785
v -0.205322 2.857109 0.485715
v -0.181802 2.840915 0.340882
v -0.067697 2.964759 0.613402
v -0.218051 2.988133 0.539031
v -0.081852 3.168960 0.614727
v -0.229677 3.166301 0.532723
v -0.082263 3.249847 0.570904
v -0.226123 3.203875 0.467071
v -0.096130 3.391690 0.620834
v -0.261615 3.367155 0.534020
v -0.110098 3.634485 0.710479
v -0.289016 3.651814 0.661893
v -0.106200 3.774564 0.719116
v -0.276920 3.809559 0.697821
v -0.090372 3.912805 0.726886
v -0.090491 4.157233 0.652818
v -0.232159 4.209081 0.639126
v -0.247075 3.946869 0.717594
v -0.073970 4.329963 0.617646
v -0.192142 4.375908 0.609118
v -0.091271 4.531310 0.608813
v -0.139847 4.540078 0.573624
v -0.105283 3.774354 0.708017
v -0.272630 3.810413 0.687657
v 0.197053 2.347012 -0.588410
v 0.217460 2.859129 0.359018
v 0.142752 2.818731 0.319120
v -0.161990 4.731555 0.571660
v -0.145486 4.655207 0.550960
v -0.105195 4.666625 0.581317
v -0.006249 4.846259 0.273728
v -0.056112 4.842604 0.268585
v -0.092673 4.836172 0.273762
v -0.137714 4.821973 0.296403
v -0.186573 4.797256 0.349676
v -0.200082 4.750519 0.411725
v -0.184320 4.696584 0.492082
v -0.091232 4.531565 0.600710
v -0.021243 4.506120 0.612624
v -0.136877 4.537878 0.566782
v -0.187622 4.602153 0.522143
v -0.211172 4.638210 0.462393
v -0.215117 4.691789 0.359056
v -0.181714 4.723520 0.271377
v -0.149795 4.729854 0.224580
v -0.107918 4.723828 0.188581
v -0.741768 4.454501 0.174645
v -0.733876 4.356482 -0.045294
v -0.705655 4.204660 -0.177151
v -0.705655 4.204660 -0.177151
v -0.633630 4.062507 -0.127935
v -0.512679 3.996945 0.072051
v -0.507028 4.001247 0.294177
v -0.631838 4.202207 0.354959
v -0.738205 4.306145 0.328804
v -1.159890 1.833312 0.218877
v -1.260091 1.860695 0.195097
v -1.057312 1.712669 0.367487
v -1.134760 1.559682 0.585978
v -1.341452 1.469090 0.739801
v -1.134760 1.559682 0.585978
v -1.556842 1.491408 0.741220
v -1.459773 1.460298 0.764249
v -1.658654 1.614683 0.594893
v -1.629086 1.544500 0.684213
v -1.585616 1.761580 0.378297
v -1.377184 1.852405 0.222030
v -1.585616 1.761580 0.378297
v -0.454924 3.754526 0.310434
v -0.510884 3.862180 0.003657
v -0.510884 3.862180 0.003657
v -0.561934 4.055987 -0.208270
v -0.535896 4.259575 -0.216947
v -0.394325 4.322146 -0.293121
v -0.447239 3.872704 0.407147
v -0.364245 3.860988 0.607715
v -0.105283 3.774354 0.708017
v -0.272630 3.810413 0.687657
v 0.084400 3.778388 0.685592
v 0.085432 3.779419 0.696481
v -0.603202 4.175271 -0.175007
v -0.616810 4.184484 -0.174545
v -1.260091 1.860695 0.195097
v -1.159890 1.833312 0.218877
v -1.057312 1.712669 0.367487
v -1.134760 1.559682 0.585978
v -1.134760 1.559682 0.585978
v -1.341452 1.469090 0.739801
v -1.459773 1.460298 0.764249
v -1.556842 1.491408 0.741220
v -1.629086 1.544500 0.684213
v -1.658654 1.614683 0.594893
v -1.585616 1.761580 0.378297
v -1.585616 1.761580 0.378297
v -1.377184 1.852405 0.222030
v -0.955106 2.548096 -0.020069
v -0.970386 2.527243 -0.057461
v -0.967541 2.530616 -0.064637
v -1.071044 2.484515 0.103140
v -0.960500 2.558375 0.030704
v -0.954159 2.564635 0.039076
v -1.182466 2.412362 0.073531
v -1.171908 2.425828 0.102909
v -1.176268 2.422823 0.110220
v -1.077693 2.448304 -0.014767
v -1.179806 2.406798 0.036794
v -1.185755 2.401427 0.031324
v -0.149795 4.729854 0.224580
v -0.107918 4.723828 0.188581
v -0.187622 4.602153 0.522143
v -0.211172 4.638210 0.462393
v -0.215117 4.691789 0.359056
v -0.215117 4.691789 0.359056
v -0.181714 4.723520 0.271377
v -0.091232 4.531565 0.600710
v -0.136877 4.537878 0.566782
v -0.021243 4.506120 0.612624
v -0.020213 4.505213 0.620551
v -1.039870 2.635122 0.049392
v -1.052519 2.628325 -0.008428
v -1.287622 2.494999 0.044803
v -1.267453 2.511250 -0.011995
v -1.162455 2.562604 -0.034718
v -1.077693 2.448304 -0.014767
v -1.162455 2.562604 -0.034718
v -0.572531 5.062315 0.665322
v -0.577953 5.036290 0.672227
v -0.560024 5.100448 0.652880
v -0.559976 5.060233 0.659254
v -0.569130 5.054572 0.588082
v -0.560223 5.101457 0.622417
v -0.559976 5.060233 0.659254
v -0.565366 5.033841 0.666201
v -0.567090 5.022313 0.595037
v -0.569130 5.054572 0.588082
v -0.559976 5.060233 0.659254
v -0.567090 5.022313 0.595037
v -0.565366 5.033841 0.666201
v -0.560024 5.100448 0.652880
v -0.560024 5.100448 0.652880
v -0.560223 5.101457 0.622417
v -0.569130 5.054572 0.588082
v -0.559976 5.060233 0.659254
v -0.534240 4.997553 0.661483
v -0.565366 5.033841 0.666201
v -0.567090 5.022313 0.595037
v -0.540057 4.976063 0.671688
v -0.524128 4.909812 0.683460
v -0.547395 4.954360 0.682561
v -0.565366 5.033841 0.666201
v -0.559976 5.060233 0.659254
v -0.569130 5.054572 0.588082
v -0.567090 5.022313 0.595037
v -0.593796 5.115023 0.667776
v -0.509671 4.865847 0.687657
v -0.560024 5.100448 0.652880
v -0.560223 5.101457 0.622417
v 0.069686 5.627495 0.248023
v 0.200310 5.477351 0.205327
v -0.111298 5.696018 0.329377
v -0.294144 5.664562 0.427589
v -0.429769 5.541494 0.516305
v 0.235525 5.286963 0.217678
v 0.230131 5.231458 0.228925
v 0.174132 5.065915 0.276888
v -0.468147 5.453095 0.549934
v 0.096347 4.939235 0.320969
v 0.149409 2.446215 0.156593
v 0.149409 2.446215 0.156593
v 0.054497 4.320359 0.609207
v 0.072193 4.147517 0.637180
v 0.087324 3.911045 0.700237
v 0.084400 3.778388 0.685592
v 0.086261 3.643591 0.698210
v 0.081352 3.462817 0.655432
v 0.078543 3.314143 0.610363
v 0.094987 3.192084 0.637764
v 0.103249 2.970795 0.630202
v 0.112251 2.820286 0.602244
v 0.129770 2.747158 0.462145
v 0.129770 2.747158 0.462145
v 0.053950 4.840618 0.295332
v 0.004180 4.699955 0.152429
v -0.055101 4.341357 -0.377982
v 0.004180 4.699955 0.152429
v -0.545126 5.111715 0.681512
v -0.517638 5.062813 0.722115
v -0.441043 5.060212 0.761980
v -0.523260 5.132029 0.702535
v -0.516752 5.045352 0.724464
v -0.486781 5.043916 0.742747
v -0.433152 5.057163 0.749441
v -0.508254 5.073574 0.707505
v -0.536104 5.108985 0.669731
v -0.515243 5.129188 0.690099
v -0.433152 5.057163 0.749441
v -0.478529 5.040404 0.730402
v -0.507178 5.041713 0.712927
v -0.508254 5.073574 0.707505
v -0.536104 5.108985 0.669731
v -0.560024 5.100448 0.652880
v -0.433152 5.057163 0.749441
v -0.515243 5.129188 0.690099
v -0.515243 5.129188 0.690099
v -0.536104 5.108985 0.669731
v -0.478529 5.040404 0.730402
v -0.433152 5.057163 0.749441
v -0.507178 5.041713 0.712927
v -0.478529 5.040404 0.730402
v -0.485717 5.010084 0.712786
v -0.485962 4.987161 0.717819
v -0.438876 4.995051 0.756267
v -0.430443 5.012958 0.752294
v -0.348327 5.336207 0.659928
v -0.371263 5.331206 0.633047
v -0.363161 5.309662 0.630108
v -0.341254 5.313428 0.659277
v -0.375312 5.282219 0.635867
v -0.407737 5.270305 0.640381
v -0.366188 5.264743 0.679710
v -0.357356 5.277178 0.672924
v -0.322392 5.350274 0.695796
v -0.315842 5.341536 0.689115
v -0.301370 5.322024 0.705913
v -0.287049 5.320210 0.706619
v -0.402025 5.347047 0.632678
v -0.383799 5.339371 0.629426
v -0.352164 5.345473 0.660117
v -0.374117 5.355562 0.672242
v -0.411408 5.307026 0.619929
v -0.387220 5.307674 0.615930
v -0.256526 5.056042 0.742417
v -0.328317 5.040284 0.753716
v -0.335297 4.980743 0.766586
v -0.269095 4.966072 0.753131
v -0.020405 5.116073 0.685253
v -0.192101 5.175031 0.737924
v -0.162581 5.044441 0.734303
v -0.061073 5.019888 0.699529
v -0.319004 5.278832 0.713135
v -0.324622 5.287959 0.704609
v -0.317269 5.333008 0.687944
v -0.319462 5.317140 0.691217
v -0.306213 5.319636 0.699958
v -0.368594 5.286201 0.637606
v -0.349656 5.284846 0.667872
v -0.324292 5.292101 0.697484
v -0.455376 5.247615 0.618138
v -0.380976 5.253212 0.692817
v -0.303395 5.272717 0.727140
v -0.257670 5.322387 0.722087
v -0.295822 5.377470 0.711681
v -0.383829 5.401369 0.671965
v -0.444524 5.363986 0.623415
v -0.445194 5.303794 0.611457
v -0.461504 5.188954 0.637235
v -0.366457 5.195889 0.698290
v -0.207659 5.314525 0.729488
v -0.234345 5.412366 0.709573
v -0.340613 5.449642 0.658608
v -0.478317 5.287574 0.609115
v -0.483467 5.340035 0.604064
v -0.493599 5.334279 0.597741
v -0.496330 5.285624 0.604634
v -0.536375 5.241510 0.634388
v -0.510584 5.240814 0.634584
v -0.378421 5.309052 0.618791
v -0.494954 5.159594 0.673881
v -0.393362 5.124640 0.722961
v -0.478529 5.040404 0.730402
v -0.507178 5.041713 0.712927
v -0.553030 5.171618 0.679593
v -0.541496 5.190761 0.665458
v -0.571612 5.192369 0.663400
v -0.585827 5.172269 0.678741
v -0.468488 4.927039 0.726933
v -0.420000 4.970488 0.763484
v -0.456572 4.975511 0.751848
v -0.489233 4.964718 0.725250
v -0.335993 4.900856 0.748429
v -0.383360 4.933181 0.761892
v -0.457146 4.890347 0.734695
v -0.414906 4.856227 0.727282
v -0.396229 5.012753 0.762170
v -0.433152 5.057163 0.749441
v -0.478529 5.040404 0.730402
v -0.464374 5.299000 0.610013
v -0.473177 5.345490 0.606617
v -0.485949 5.247446 0.625732
v -0.595564 5.142767 0.695045
v -0.570595 5.125745 0.684820
v -0.532758 5.136518 0.691735
v -0.564310 5.144153 0.699363
v -0.519321 5.167899 0.674370
v -0.508812 5.189948 0.654270
v -0.474356 5.366492 0.609451
v -0.464792 5.381287 0.616495
v -0.476976 5.385912 0.608762
v -0.485363 5.362051 0.605682
v -0.493919 5.359728 0.596560
v -0.486299 5.385190 0.591501
v -0.515243 5.129188 0.690099
v -0.433152 5.057163 0.749441
v -0.433152 5.057163 0.749441
v -0.401932 4.996687 0.769028
v -0.536104 5.108985 0.669731
v -0.508254 5.073574 0.707505
v -0.433152 5.057163 0.749441
v -0.515243 5.129188 0.690099
v -0.507178 5.041713 0.712927
v -0.478529 5.040404 0.730402
v -0.433152 5.057163 0.749441
v -0.508254 5.073574 0.707505
v -0.536104 5.108985 0.669731
v -0.515243 5.129188 0.690099
v -0.515243 5.129188 0.690099
v -0.317269 5.333008 0.687944
v -0.348327 5.336207 0.659928
v -0.306213 5.319636 0.699958
v -0.324292 5.292101 0.697484
v -0.349656 5.284846 0.667872
v -0.368594 5.286201 0.637606
v -0.378421 5.309052 0.618791
v -0.371263 5.331206 0.633047
v 0.223017 5.477125 0.357811
v 0.223330 5.482726 0.277218
v 0.097008 5.627931 0.318506
v 0.109759 5.607316 0.394829
v -0.078018 5.694194 0.397183
v -0.047165 5.666725 0.465369
v -0.255524 5.663575 0.490838
v -0.205706 5.639462 0.550524
v -0.393624 5.542479 0.563246
v -0.336318 5.528767 0.602115
v 0.256284 5.311669 0.367179
v 0.254841 5.298848 0.290374
v 0.199421 5.461008 0.440708
v 0.106947 5.567300 0.470934
v -0.021181 5.615812 0.528529
v -0.150630 5.593547 0.598059
v -0.255490 5.503730 0.643682
v 0.231463 5.325416 0.445949
v 0.154153 5.435470 0.520259
v 0.088763 5.510630 0.541633
v -0.001837 5.544934 0.582358
v -0.093371 5.529189 0.631523
v -0.160108 5.452260 0.670567
v 0.176810 5.339592 0.523965
v 0.094744 5.282908 0.607886
v 0.060312 5.327893 0.617522
v 0.013165 5.347854 0.637441
v -0.007635 5.339490 0.647987
v -0.051595 5.292096 0.672350
v -0.066564 5.243042 0.685300
v 0.103049 5.234996 0.611623
v 0.010556 5.314873 0.681299
v -0.029599 5.275487 0.689602
v 0.046282 5.268507 0.681168
v 0.047404 5.318966 0.675078
v 0.121241 5.260687 0.663818
v 0.090590 5.299994 0.668448
v -0.045713 5.234538 0.695114
v 0.046347 5.218316 0.684009
v 0.126044 5.220630 0.663191
v -0.308462 4.822251 0.686728
v -0.369625 4.838054 0.713747
v -0.197061 4.950149 0.734263
v -0.115767 4.935762 0.696560
v -0.026905 5.172200 0.676983
v -0.194868 4.868496 0.690392
v -0.279181 4.878694 0.728183
v -0.190356 4.802157 0.638682
v -0.013069 4.905349 0.637417
v 0.028076 4.988286 0.645351
v 0.050702 5.164438 0.681819
v -0.010555 5.172240 0.689590
v -0.001152 5.121940 0.690451
v 0.050459 5.096276 0.666052
v -0.082063 4.843459 0.635054
v 0.021600 5.083920 0.650816
v -0.420135 5.458513 0.613800
v 0.027403 4.860196 0.610977
v 0.070287 4.949468 0.603216
v 0.117742 5.163816 0.654107
v 0.099532 5.115010 0.634289
v -0.016696 4.785266 0.610148
v -0.076191 4.733057 0.607670
v 0.070513 5.103607 0.605964
v 0.246916 5.243859 0.304206
v 0.242518 5.256600 0.381666
v 0.221372 5.268553 0.453233
v 0.172066 5.281048 0.524808
v 0.095129 5.164993 0.612019
v 0.205057 5.077592 0.347702
v 0.208246 5.088419 0.414342
v 0.186359 5.097335 0.477946
v 0.149368 5.106285 0.535976
v 0.162369 4.952603 0.437537
v 0.161932 4.957378 0.488501
v 0.137402 4.957874 0.535362
v -0.448785 5.455216 0.574878
v 0.041106 5.340457 0.654620
v -0.000409 5.334107 0.667097
v -0.047040 5.288383 0.682665
v 0.125626 5.277624 0.635365
v 0.089368 5.321394 0.641975
v -0.063497 5.240568 0.692189
v 0.132570 5.231159 0.636702
v -0.024057 5.169652 0.683501
v 0.046958 5.083738 0.656389
v 0.101250 5.105995 0.616956
v 0.123331 5.164443 0.631722
v 0.139623 4.945632 0.374962
v 1.480718 2.483732 0.248559
v 1.514316 2.486313 0.195700
v 1.496161 2.410882 0.161372
v 1.483101 2.440463 0.207200
v 1.490063 2.434741 0.213090
v 1.501714 2.410218 0.177745
v 1.423880 2.384020 0.181428
v 1.426360 2.425648 0.214691
v 1.497583 2.449276 0.261476
v 1.490063 2.434741 0.213090
v 1.426360 2.425648 0.214691
v 1.410091 2.451365 0.266888
v 1.455950 2.481721 0.310225
v 1.484366 2.455601 0.268176
v 0.951590 2.258358 0.339107
v 0.949799 2.258815 0.292980
v 0.960760 2.228511 0.278961
v 0.960249 2.214032 0.314912
v 0.981169 2.284713 0.303958
v 0.949799 2.258815 0.292980
v 0.951590 2.258358 0.339107
v 0.990186 2.299245 0.351785
v 0.996868 2.254717 0.373360
v 1.001208 2.226079 0.354560
v 0.996868 2.254717 0.373360
v 1.021760 2.282105 0.379657
v 1.167800 2.244434 0.341779
v 1.233706 2.287901 0.349445
v 1.253533 2.251008 0.329268
v 1.185670 2.213942 0.312670
v 1.230181 2.322218 0.377105
v 1.233706 2.287901 0.349445
v 1.167800 2.244434 0.341779
v 1.163867 2.262086 0.383244
v 1.585800 2.487808 0.392164
v 1.593810 2.389724 0.366594
v 1.596278 2.387813 0.355452
v 1.457198 2.441696 0.310668
v 1.348455 2.385747 0.373779
v 1.320318 2.405784 0.346224
v 1.250734 2.308708 0.411646
v 1.552898 2.369710 0.396676
v 1.405303 2.328783 0.436328
v 1.307068 2.254114 0.473283
v 1.208990 2.216581 0.440976
v 1.180774 2.255933 0.424007
v 1.469367 2.268676 0.480107
v 1.370667 2.190379 0.517985
v 1.270769 2.146810 0.484310
v 1.236742 2.185962 0.477245
v 1.641651 2.288495 0.430151
v 1.704104 2.345060 0.375232
v 1.654280 2.247170 0.417094
v 1.703326 2.495704 0.411598
v 1.711017 2.348927 0.391541
v 1.535100 2.199658 0.488904
v 1.566283 2.160885 0.476448
v 1.444060 2.112309 0.535976
v 1.473841 2.076694 0.522778
v 1.340279 2.076200 0.527568
v 1.299584 2.122205 0.519565
v 1.384922 2.047899 0.550426
v 1.414015 2.016157 0.527560
v 1.742389 2.501851 0.359295
v 1.729199 2.330791 0.348326
v 1.719395 2.333452 0.343345
v 1.665736 2.218688 0.385773
v 1.721328 2.334644 0.305262
v 1.719395 2.333452 0.343345
v 1.665736 2.218688 0.385773
v 1.681930 2.207227 0.347047
v 1.744834 2.509570 0.294070
v 1.734273 2.333109 0.298550
v 1.578318 2.128245 0.440456
v 1.578318 2.128245 0.440456
v 1.571848 2.115530 0.400626
v 1.485375 2.050195 0.484665
v 1.485375 2.050195 0.484665
v 1.479133 2.041966 0.442600
v 1.426071 1.998346 0.488398
v 1.426071 1.998346 0.488398
v 1.420704 1.996668 0.445240
v 1.640847 2.493282 0.222973
v 1.621831 2.344267 0.223734
v 1.618741 2.346286 0.234005
v 1.622883 2.256144 0.286343
v 1.547021 2.135968 0.376098
v 1.454785 2.060964 0.416511
v 1.489315 2.193497 0.341906
v 1.392828 2.121841 0.376660
v 1.367392 2.040123 0.414270
v 1.395921 2.016392 0.422309
v 1.516268 2.325609 0.218422
v 1.430845 2.245192 0.298812
v 1.332770 2.178314 0.332251
v 1.304639 2.099376 0.368593
v 1.343463 2.070369 0.384171
v 1.640847 2.493282 0.222973
v 1.621831 2.344267 0.223734
v 1.368850 2.285102 0.259679
v 1.336540 2.291518 0.244337
v 1.278404 2.228259 0.308608
v 1.239468 2.159546 0.329408
v 1.278886 2.131225 0.339846
v 1.209950 2.184030 0.313365
v 1.271961 1.847912 0.275427
v 1.290416 1.865790 0.285647
v 1.315139 1.861382 0.280205
v 1.297415 1.832353 0.269429
v 1.320856 1.843633 0.297284
v 1.312796 1.817915 0.290859
v 1.269267 1.804229 0.286387
v 1.297415 1.832353 0.269429
v 1.312796 1.817915 0.290859
v 1.286537 1.800924 0.301935
v 1.256231 1.823375 0.290653
v 1.271961 1.847912 0.275427
v 1.219517 1.813218 0.216286
v 1.237639 1.833230 0.224955
v 1.262618 1.825769 0.223000
v 1.244106 1.794452 0.216777
v 1.264350 1.813363 0.245862
v 1.255376 1.786445 0.244412
v 1.212200 1.773915 0.237804
v 1.244106 1.794452 0.216777
v 1.255376 1.786445 0.244412
v 1.225971 1.774346 0.257386
v 1.198030 1.793687 0.237273
v 1.219517 1.813218 0.216286
v 1.143566 1.860943 0.156322
v 1.160774 1.880767 0.167238
v 1.186686 1.872872 0.164371
v 1.168886 1.841367 0.155247
v 1.186586 1.859916 0.188265
v 1.178217 1.832888 0.184655
v 1.135150 1.821151 0.176770
v 1.168886 1.841367 0.155247
v 1.178217 1.832888 0.184655
v 1.148258 1.821591 0.197673
v 1.122477 1.842438 0.176608
v 1.143566 1.860943 0.156322
v 1.022554 1.903776 0.211516
v 1.045537 1.921008 0.211756
v 1.067691 1.905866 0.207946
v 1.042869 1.878831 0.213295
v 1.071232 1.901785 0.234440
v 1.057152 1.877934 0.241998
v 1.011456 1.875889 0.246098
v 1.042869 1.878831 0.213295
v 1.057152 1.877934 0.241998
v 1.029086 1.879446 0.263082
v 1.003300 1.898710 0.240516
v 1.022554 1.903776 0.211516
v 1.352623 2.021948 0.430335
v 1.377350 1.998257 0.424670
v 1.399837 1.980129 0.445292
v 1.312500 1.918574 0.408545
v 1.317636 1.929434 0.419327
v 1.329612 1.905615 0.437939
v 1.324214 1.895238 0.426646
v 1.285908 1.931286 0.411131
v 1.291005 1.943328 0.422507
v 1.404504 1.981559 0.486017
v 1.404504 1.981559 0.486017
v 1.393283 1.997721 0.523681
v 1.306230 1.874204 0.466547
v 1.314702 1.887511 0.477757
v 1.295805 1.889173 0.508341
v 1.285054 1.871672 0.493883
v 1.306230 1.874204 0.466547
v 1.314702 1.887511 0.477757
v 1.368094 2.023254 0.535876
v 1.344720 2.042530 0.520664
v 1.258652 1.883547 0.494438
v 1.269253 1.902892 0.511424
v 1.252734 1.921878 0.493287
v 1.243897 1.903344 0.475910
v 1.343423 2.050973 0.474357
v 1.340608 2.038996 0.474131
v 1.340608 2.038996 0.474131
v 1.343423 2.050973 0.474357
v 1.256998 1.921760 0.441077
v 1.262878 1.936547 0.456234
v 1.256998 1.921760 0.441077
v 1.262878 1.936547 0.456234
v 1.299823 2.075402 0.383001
v 1.326688 2.050969 0.383116
v 1.342095 2.036889 0.413516
v 1.243023 1.932210 0.356251
v 1.248168 1.945213 0.363444
v 1.259705 1.928958 0.387324
v 1.253397 1.915445 0.379913
v 1.215453 1.945990 0.354062
v 1.220372 1.959774 0.361492
v 1.332260 2.045875 0.467642
v 1.332260 2.045875 0.467642
v 1.310214 2.066267 0.499984
v 1.283435 2.091399 0.500875
v 1.266298 2.105001 0.471857
v 1.175386 1.921540 0.442236
v 1.181959 1.937799 0.451723
v 1.170965 1.954536 0.427795
v 1.164755 1.938321 0.418864
v 1.202842 1.907045 0.443811
v 1.209636 1.922461 0.452978
v 1.277474 2.108342 0.422457
v 1.275278 2.096202 0.422593
v 1.275278 2.096202 0.422593
v 1.277474 2.108342 0.422457
v 1.183780 1.946988 0.381891
v 1.189441 1.962354 0.390062
v 1.183780 1.946988 0.381891
v 1.189441 1.962354 0.390062
v 1.230348 2.137141 0.347145
v 1.259105 2.112720 0.341657
v 1.274427 2.098324 0.371707
v 1.163755 1.989724 0.316837
v 1.171322 2.003069 0.322542
v 1.181043 1.985828 0.346972
v 1.173564 1.972735 0.340648
v 1.136853 2.004541 0.314664
v 1.143595 2.018099 0.320741
v 1.267454 2.103238 0.417354
v 1.267454 2.103238 0.417354
v 1.243201 2.127331 0.459173
v 1.219728 2.157687 0.461180
v 1.205054 2.181465 0.437836
v 1.096959 1.982206 0.403129
v 1.103725 1.997009 0.411578
v 1.093379 2.013788 0.387249
v 1.086830 1.999053 0.379479
v 1.123687 1.967333 0.405404
v 1.130744 1.981386 0.413495
v 1.209544 2.179927 0.395193
v 1.206183 2.167649 0.396171
v 1.206183 2.167649 0.396171
v 1.209544 2.179927 0.395193
v 1.105663 2.007013 0.342708
v 1.112069 2.021280 0.349752
v 1.105663 2.007013 0.342708
v 1.112069 2.021280 0.349752
v 1.163355 2.199589 0.322396
v 1.186309 2.172850 0.324086
v 1.202420 2.158707 0.347882
v 1.095548 2.074314 0.325207
v 1.102641 2.085210 0.328008
v 1.112755 2.071246 0.353609
v 1.106109 2.060563 0.350249
v 1.069152 2.090414 0.322099
v 1.076108 2.101750 0.324986
v 1.197922 2.176037 0.393122
v 1.197922 2.176037 0.393122
v 1.183623 2.204630 0.423669
v 1.159894 2.229839 0.417737
v 1.143489 2.240179 0.387206
v 1.034957 2.084117 0.410839
v 1.042402 2.097604 0.415320
v 1.032005 2.111278 0.389252
v 1.024754 2.097595 0.385046
v 1.060332 2.068347 0.415347
v 1.067711 2.081157 0.419992
v 1.146615 2.225895 0.349520
v 1.146615 2.225895 0.349520
v 1.040749 2.099082 0.348980
v 1.047951 2.111398 0.352085
v 1.040749 2.099082 0.348980
v 1.047951 2.111398 0.352085
v 1.234291 1.906109 0.416281
v 1.240954 1.920540 0.424703
v 1.234291 1.906109 0.416281
v 1.240954 1.920540 0.424703
v 1.154525 1.964788 0.377632
v 1.161621 1.978271 0.385177
v 1.154525 1.964788 0.377632
v 1.161621 1.978271 0.385177
v 1.089294 2.059570 0.387676
v 1.096415 2.071203 0.391659
v 1.089294 2.059570 0.387676
v 1.096415 2.071203 0.391659
v 1.265284 1.887156 0.365251
v 1.279670 1.920209 0.401872
v 1.308981 1.909624 0.397396
v 1.294528 1.879877 0.367174
v 1.320130 1.885858 0.415468
v 1.307413 1.856673 0.381092
v 1.301851 1.863125 0.452210
v 1.291444 1.827298 0.397111
v 1.291444 1.827298 0.397111
v 1.301851 1.863125 0.452210
v 1.278587 1.856782 0.475968
v 1.260799 1.809057 0.411534
v 1.251611 1.868227 0.477167
v 1.232916 1.820129 0.414963
v 1.236843 1.889193 0.461525
v 1.219491 1.842130 0.399643
v 1.250698 1.909271 0.428815
v 1.234502 1.869952 0.382354
v 1.234502 1.869952 0.382354
v 1.250698 1.909271 0.428815
v 1.191452 1.865296 0.296276
v 1.212193 1.934924 0.346102
v 1.239896 1.921503 0.348426
v 1.218613 1.853674 0.300457
v 1.250202 1.904540 0.371813
v 1.228494 1.835231 0.321840
v 1.230941 1.894368 0.407373
v 1.208909 1.820923 0.352746
v 1.208909 1.820923 0.352746
v 1.230941 1.894368 0.407373
v 1.199314 1.894305 0.434028
v 1.177049 1.815993 0.374354
v 1.171788 1.908152 0.431954
v 1.149754 1.827974 0.370721
v 1.161187 1.925321 0.409090
v 1.139633 1.846294 0.349463
v 1.180406 1.935070 0.373137
v 1.160447 1.860936 0.317556
v 1.160447 1.860936 0.317556
v 1.180406 1.935070 0.373137
v 1.110650 1.924451 0.256174
v 1.132405 1.992098 0.305891
v 1.159101 1.977497 0.308417
v 1.137668 1.916379 0.265099
v 1.169076 1.960415 0.331818
v 1.146581 1.894790 0.283652
v 1.150267 1.951755 0.367692
v 1.124727 1.870556 0.304553
v 1.124727 1.870556 0.304553
v 1.150267 1.951755 0.367692
v 1.119079 1.953666 0.395112
v 1.092343 1.860765 0.319935
v 1.092319 1.968350 0.392760
v 1.065331 1.871709 0.314301
v 1.082326 1.985244 0.369161
v 1.055897 1.891604 0.294378
v 1.101120 1.993896 0.333280
v 1.076731 1.910655 0.268645
v 1.076731 1.910655 0.268645
v 1.101120 1.993896 0.333280
v 1.032922 2.004568 0.282423
v 1.064641 2.080351 0.317624
v 1.091076 2.064521 0.320864
v 1.059090 1.991987 0.288278
v 1.101693 2.050629 0.345640
v 1.068014 1.975505 0.311485
v 1.084448 2.048822 0.382669
v 1.047794 1.964796 0.342537
v 1.047794 1.964796 0.342537
v 1.084448 2.048822 0.382669
v 1.055245 2.056623 0.409678
v 1.015865 1.964046 0.364164
v 1.029697 2.072364 0.405399
v 0.989636 1.976951 0.358651
v 1.019577 2.085974 0.379755
v 0.980314 1.991685 0.334114
v 1.035776 2.088138 0.344143
v 1.000555 2.002149 0.302830
v 1.000555 2.002149 0.302830
v 1.035776 2.088138 0.344143
v 1.279698 1.878007 0.312237
v 1.264007 1.881426 0.356464
v 1.294525 1.876837 0.361246
v 1.308339 1.872765 0.318884
v 1.307245 1.852205 0.372039
v 1.321124 1.848051 0.328093
v 1.290586 1.820905 0.385231
v 1.304598 1.814255 0.334679
v 1.304598 1.814255 0.334679
v 1.290586 1.820905 0.385231
v 1.260081 1.800764 0.395081
v 1.274256 1.790809 0.336805
v 1.230865 1.810030 0.397721
v 1.245816 1.796747 0.331254
v 1.218741 1.832994 0.381847
v 1.233138 1.821539 0.321984
v 1.233782 1.862899 0.369325
v 1.248295 1.853734 0.314913
v 1.248295 1.853734 0.314913
v 1.233782 1.862899 0.369325
v 1.222639 1.853446 0.249342
v 1.190490 1.859640 0.291537
v 1.216653 1.846567 0.295157
v 1.249213 1.848274 0.260619
v 1.226847 1.828827 0.316866
v 1.260126 1.827610 0.277615
v 1.207464 1.813373 0.346226
v 1.238404 1.795718 0.291106
v 1.238404 1.795718 0.291106
v 1.207464 1.813373 0.346226
v 1.175427 1.807009 0.366459
v 1.206217 1.775116 0.295859
v 1.148146 1.818232 0.362051
v 1.179078 1.780443 0.285380
v 1.137695 1.837182 0.341958
v 1.165242 1.801152 0.271701
v 1.160295 1.853666 0.310136
v 1.190305 1.832153 0.253498
v 1.190305 1.832153 0.253498
v 1.160295 1.853666 0.310136
v 1.144540 1.902850 0.195459
v 1.112597 1.920036 0.249377
v 1.139927 1.913126 0.259220
v 1.170866 1.897350 0.207429
v 1.148860 1.891319 0.277412
v 1.180055 1.874889 0.223891
v 1.126626 1.864985 0.296270
v 1.159035 1.843878 0.235670
v 1.159035 1.843878 0.235670
v 1.126626 1.864985 0.296270
v 1.093683 1.852419 0.309090
v 1.125591 1.822769 0.239289
v 1.066316 1.862416 0.302836
v 1.099812 1.828850 0.227382
v 1.057788 1.882208 0.281884
v 1.091661 1.851543 0.210048
v 1.078891 1.904603 0.259741
v 1.112452 1.881832 0.197688
v 1.112452 1.881832 0.197688
v 1.078891 1.904603 0.259741
v 1.040708 1.954286 0.232566
v 1.031429 1.997245 0.277751
v 1.057727 1.985735 0.284433
v 1.067512 1.946008 0.241356
v 1.066383 1.968861 0.307440
v 1.075220 1.927771 0.263296
v 1.045632 1.956264 0.337147
v 1.052261 1.908804 0.288565
v 1.052261 1.908804 0.288565
v 1.045632 1.956264 0.337147
v 1.013073 1.953531 0.357477
v 1.017872 1.899456 0.304272
v 0.986546 1.965595 0.351519
v 0.991251 1.908226 0.295785
v 0.977697 1.980978 0.327265
v 0.983086 1.925893 0.273707
v 0.998669 1.993276 0.297082
v 1.006271 1.944102 0.247517
v 1.006271 1.944102 0.247517
v 0.998669 1.993276 0.297082
v 1.304183 2.284258 0.234510
v 1.357174 2.374813 0.193243
v 1.349317 2.436943 0.259271
v 1.290976 2.405212 0.329870
v 1.209767 2.353957 0.312692
v 1.212088 2.335079 0.249055
v 1.362088 2.414807 0.218240
v 1.362088 2.414807 0.218240
v 1.212781 2.301004 0.220210
v 1.362088 2.414807 0.218240
v 1.209116 2.264613 0.206107
v 1.212781 2.301004 0.220210
v 1.242970 2.257249 0.311071
v 1.241464 2.292161 0.353800
v 1.241464 2.292161 0.353800
v 1.239063 2.331549 0.364230
v 1.196499 2.321744 0.359378
v 1.196156 2.228044 0.242769
v 1.103719 2.210491 0.230651
v 1.114920 2.215953 0.228370
v 1.129465 2.195752 0.263522
v 1.120479 2.192399 0.265744
v 1.137386 2.326432 0.321426
v 1.146014 2.329774 0.320357
v 1.123683 2.296792 0.264814
v 1.112904 2.292175 0.266710
v 1.106211 2.249954 0.242611
v 1.116903 2.255266 0.240489
v 1.116903 2.255266 0.240489
v 1.106211 2.249954 0.242611
v 1.186991 2.236960 0.306519
v 1.136463 2.217625 0.329895
v 1.190209 2.277885 0.340490
v 1.190209 2.277885 0.340490
v 1.151073 2.306296 0.365953
v 1.023998 2.192271 0.288997
v 1.006140 2.213880 0.252782
v 1.080614 2.208368 0.238373
v 1.096194 2.187987 0.274686
v 1.033851 2.287884 0.287631
v 1.066749 2.308905 0.344352
v 1.117738 2.317802 0.330063
v 1.096257 2.284866 0.276055
v 1.087920 2.245632 0.250798
v 1.016245 2.250907 0.263675
v 1.016245 2.250907 0.263675
v 1.087920 2.245632 0.250798
v 1.048960 2.214404 0.348616
v 1.110049 2.213346 0.338221
v 1.128036 2.255631 0.362332
v 1.065377 2.251778 0.373016
v 1.065377 2.251778 0.373016
v 1.128036 2.255631 0.362332
v 1.131417 2.298000 0.372206
v 1.076899 2.288485 0.383403
v 1.148543 2.263217 0.354629
v 1.148543 2.263217 0.354629
v 1.586518 2.489013 0.389194
v 1.585228 2.734502 0.429454
v 1.460380 2.743637 0.339987
v 1.461742 2.480483 0.307712
v 1.700665 2.495732 0.405123
v 1.720206 2.817555 0.447443
v 1.741141 3.053044 0.477801
v 1.799579 2.792512 0.367815
v 1.854150 3.088387 0.360048
v 1.784221 2.795535 0.256125
v 1.848743 3.092759 0.193296
v 1.657101 2.776278 0.163621
v 1.697245 3.060422 0.093956
v 1.697245 3.060422 0.093956
v 1.657101 2.776278 0.163621
v 1.548473 2.767283 0.161109
v 1.558550 3.030086 0.103889
v 1.474911 2.743883 0.237737
v 1.445157 3.005221 0.193676
v 1.432710 2.995316 0.353198
v 1.574412 3.016351 0.477827
v 1.710021 3.353688 0.488027
v 1.821322 3.399981 0.361729
v 1.828130 3.384314 0.193198
v 1.699545 3.305787 0.092802
v 1.699545 3.305787 0.092802
v 1.563705 3.267937 0.102411
v 1.457256 3.227380 0.217380
v 1.418940 3.243405 0.371023
v 1.552384 3.286174 0.495534
v 1.563188 3.621533 0.397904
v 1.649961 3.502027 0.460442
v 1.748801 3.544422 0.331868
v 1.654467 3.657877 0.278885
v 1.767152 3.508372 0.172385
v 1.673284 3.613141 0.132619
v 1.672538 3.407410 0.067669
v 1.591249 3.499578 0.039188
v 1.591249 3.499578 0.039188
v 1.672538 3.407410 0.067669
v 1.557449 3.346952 0.093544
v 1.500472 3.424450 0.069653
v 1.468829 3.335306 0.224373
v 1.411330 3.400006 0.189480
v 1.422733 3.336518 0.373153
v 1.373558 3.420262 0.327043
v 1.522092 3.417323 0.480416
v 1.451021 3.528684 0.418610
v 1.400269 3.851978 0.296807
v 1.488573 3.735014 0.344667
v 1.581559 3.779359 0.236305
v 1.482619 3.895098 0.187135
v 1.594455 3.723624 0.098113
v 1.508069 3.841648 0.054724
v 1.497262 3.595866 0.003157
v 1.400458 3.693061 -0.044399
v 1.400458 3.693061 -0.044399
v 1.497262 3.595866 0.003157
v 1.382640 3.521032 0.032551
v 1.284716 3.582445 -0.030580
v 1.321736 3.459226 0.141341
v 1.191391 3.531547 0.074786
v 1.278086 3.494406 0.266093
v 1.167351 3.576761 0.208147
v 1.364388 3.626640 0.355739
v 1.265345 3.725161 0.302723
v 1.254514 4.015792 0.236571
v 1.359449 4.075878 0.124165
v 1.389862 4.016349 -0.032183
v 1.280076 3.851378 -0.136136
v 1.280076 3.851378 -0.136136
v 1.133307 3.704238 -0.118141
v 1.018371 3.645419 -0.018552
v 0.973904 3.681964 0.124361
v 1.101742 3.860447 0.241846
v 1.034358 4.181947 0.168143
v 1.165570 4.243219 0.058944
v 1.223739 4.179018 -0.101790
v 1.134376 4.018647 -0.231688
v 1.134376 4.018647 -0.231688
v 0.984092 3.880764 -0.178960
v 0.806996 3.833245 -0.079820
v 0.759685 3.873495 0.061725
v 0.849827 4.033018 0.180972
v 0.682133 4.393741 0.092353
v 0.774686 4.495806 0.003803
v 0.970711 4.380802 -0.139988
v 0.931114 4.196320 -0.351555
v 0.931114 4.196320 -0.351555
v 0.851128 4.030999 -0.268390
v 0.700261 3.962932 -0.144106
v 0.615720 4.050176 -0.027960
v 0.643549 4.208477 0.091581
v 1.809496 1.235279 -0.179202
v 1.915018 1.282253 -0.186968
v 2.059070 0.930198 -0.348991
v 1.966704 0.902044 -0.343297
v 1.894611 0.822951 -0.230151
v 1.720256 1.109976 -0.056101
v 1.938166 0.764356 -0.054115
v 1.780080 0.990296 0.132639
v 1.780080 0.990296 0.132639
v 1.938166 0.764356 -0.054115
v 2.056133 0.750357 0.090338
v 1.941823 0.938306 0.278383
v 2.144970 0.989745 0.320397
v 2.047762 0.951196 0.327964
v 2.140464 0.762271 0.140225
v 2.225290 0.780463 0.134514
v 2.241992 1.113510 0.188479
v 2.214904 1.045391 0.269603
v 2.286071 0.816616 0.092219
v 2.311551 0.854932 0.018015
v 2.268697 0.915509 -0.155487
v 2.182029 1.235564 0.007559
v 2.182029 1.235564 0.007559
v 2.268697 0.915509 -0.155487
v 2.145061 0.938640 -0.304754
v 2.020104 1.292056 -0.143386
v 1.667571 1.521975 -0.048904
v 1.788890 1.578753 -0.058351
v 1.560272 1.373434 0.104738
v 1.633723 1.230549 0.346059
v 1.633723 1.230549 0.346059
v 1.830894 1.170449 0.538813
v 2.071805 1.228986 0.581428
v 1.960902 1.179709 0.591814
v 2.183927 1.385480 0.426737
v 2.152201 1.300546 0.525633
v 2.112866 1.528348 0.193055
v 2.112866 1.528348 0.193055
v 1.916635 1.589257 -0.002986
v 1.562605 1.809723 0.169948
v 1.694621 1.871220 0.156747
v 1.439351 1.646099 0.337250
v 1.512631 1.494306 0.607509
v 1.512631 1.494306 0.607509
v 1.725702 1.438182 0.824045
v 1.993595 1.509695 0.869096
v 1.869305 1.452221 0.881995
v 2.123041 1.681360 0.692628
v 2.085247 1.588989 0.805161
v 2.050460 1.829425 0.430533
v 2.050460 1.829425 0.430533
v 1.835112 1.886797 0.215862
v 1.610495 1.897427 0.414188
v 1.715352 1.961466 0.396289
v 1.686163 1.982036 0.332368
v 1.576004 1.925997 0.345429
v 1.448253 1.799607 0.501403
v 1.465333 1.805116 0.580890
v 1.483938 1.713682 0.755544
v 1.454651 1.802866 0.838548
v 1.454651 1.802866 0.838548
v 1.483938 1.713682 0.755544
v 1.652649 1.723388 0.954473
v 1.582851 1.887785 1.038235
v 1.777175 2.024425 1.065853
v 1.681204 1.953538 1.083815
v 1.766491 1.759581 1.000516
v 1.868925 1.818489 0.985869
v 1.921346 2.122219 0.896884
v 1.863974 2.082037 1.002222
v 1.952466 1.882328 0.927296
v 1.998179 1.946030 0.827403
v 1.967420 2.026131 0.578805
v 1.930680 2.127548 0.641325
v 1.930680 2.127548 0.641325
v 1.967420 2.026131 0.578805
v 1.795199 2.021272 0.377789
v 1.807176 2.033177 0.440544
v 1.507715 1.896266 0.272908
v 1.600669 1.986004 0.243636
v 1.697558 1.922006 0.350941
v 1.602153 1.832000 0.377603
v 1.422998 1.791244 0.562788
v 1.326863 1.857472 0.455519
v 1.341688 1.911559 0.825834
v 1.231115 2.002464 0.717169
v 1.231115 2.002464 0.717169
v 1.341688 1.911559 0.825834
v 1.403042 2.122559 1.015841
v 1.270818 2.246629 0.902025
v 1.426334 2.457960 0.905032
v 1.336774 2.371983 0.934195
v 1.472489 2.241640 1.048570
v 1.567606 2.323634 1.023228
v 1.609353 2.499463 0.723315
v 1.523097 2.504541 0.833827
v 1.664025 2.373307 0.950052
v 1.742847 2.379584 0.840059
v 1.820212 2.263900 0.576114
v 1.705570 2.354973 0.464518
v 1.705570 2.354973 0.464518
v 1.820212 2.263900 0.576114
v 1.767418 2.037855 0.386761
v 1.666121 2.108439 0.277827
v 1.332584 2.030081 0.120134
v 1.439480 2.128333 0.086031
v 1.117003 1.971435 0.319090
v 0.983715 2.121757 0.586052
v 0.983715 2.121757 0.586052
v 1.076463 2.370877 0.786424
v 1.240510 2.617670 0.762486
v 1.135642 2.521370 0.801861
v 1.444623 2.674725 0.564401
v 1.347058 2.674393 0.682039
v 1.556379 2.526090 0.298132
v 1.556379 2.526090 0.298132
v 1.513327 2.261407 0.115025
v 1.068670 2.166618 -0.083163
v 1.190870 2.274201 -0.125532
v 0.780528 2.104339 0.132107
v 0.627265 2.276963 0.396227
v 0.627265 2.276963 0.396227
v 0.712229 2.527192 0.590282
v 0.968703 2.769909 0.570270
v 0.842296 2.672531 0.608137
v 1.210734 2.819956 0.377858
v 1.097147 2.829292 0.483946
v 1.329749 2.669481 0.108177
v 1.329749 2.669481 0.108177
v 1.286006 2.400501 -0.080825
v 0.732402 2.353531 -0.463888
v 0.841964 2.522092 -0.477829
v 0.962742 2.399541 -0.326880
v 0.859485 2.262731 -0.265510
v 0.648158 2.089094 -0.051249
v 0.425620 2.141480 -0.280202
v 0.471701 2.336705 0.326055
v 0.161458 2.445577 0.188867
v 0.161458 2.445577 0.188867
v 0.471701 2.336705 0.326055
v 0.571744 2.608993 0.536438
v 0.376514 2.759615 0.423905
v 0.617182 2.965654 0.363040
v 0.508762 2.897252 0.439214
v 0.715730 2.753495 0.556051
v 0.798212 2.876643 0.484450
v 0.821587 3.009923 0.093001
v 0.728721 3.007931 0.250418
v 0.862139 2.953354 0.350654
v 0.968600 2.963337 0.224439
v 0.927855 2.924630 -0.187167
v 1.062531 2.830627 -0.090309
v 1.038892 2.550781 -0.296281
v 0.897689 2.670860 -0.426414
v 1.684278 1.914540 0.244452
v 1.576292 1.863835 0.254248
v 1.465330 1.725077 0.406728
v 1.524469 1.603282 0.658460
v 1.524469 1.603282 0.658460
v 1.713403 1.572198 0.862617
v 1.831907 1.593258 0.912281
v 1.933681 1.644233 0.900685
v 2.012201 1.709442 0.845999
v 2.049350 1.780552 0.747590
v 1.993118 1.896784 0.497820
v 1.993118 1.896784 0.497820
v 1.801156 1.934466 0.294856
v 0.504071 3.077988 -0.801052
v 0.625049 3.093044 -0.693243
v 0.650319 2.898175 -0.696212
v 0.545113 2.804564 -0.770064
v 0.678745 3.026369 0.243005
v 0.571230 2.953383 0.417722
v 0.571170 2.930234 0.278663
v 0.677105 2.987922 0.109293
v 0.780687 3.007460 -0.243718
v 0.770383 3.103152 -0.159992
v 0.770383 3.103152 -0.159992
v 0.780687 3.007460 -0.243718
v 0.731166 2.940961 -0.561928
v 0.709272 3.116440 -0.529611
v 0.488062 3.374733 -0.777182
v 0.617576 3.390954 -0.643544
v 0.676375 3.158038 0.312997
v 0.565289 3.083677 0.476821
v 0.779577 3.271958 -0.070419
v 0.779577 3.271958 -0.070419
v 0.709276 3.371840 -0.461186
v 0.404706 3.742615 -0.675998
v 0.574655 3.693822 -0.571418
v 0.676759 3.290643 0.303605
v 0.565950 3.239002 0.465917
v 0.751758 3.514951 -0.013709
v 0.751758 3.514951 -0.013709
v 0.681274 3.621798 -0.410039
v 0.347763 3.930992 -0.605008
v 0.498805 3.888679 -0.503845
v 0.624547 3.482086 0.294345
v 0.528299 3.367654 0.417159
v 0.685934 3.743576 0.016136
v 0.685934 3.743576 0.016136
v 0.604893 3.840201 -0.348130
v 0.302518 4.045865 -0.559259
v 0.427815 4.033303 -0.462270
v 0.637101 3.661272 0.278988
v 0.553927 3.539171 0.458611
v 0.581598 3.860716 -0.205564
v 0.581598 3.860716 -0.205564
v 0.515198 3.985332 -0.379009
v 0.292444 4.248918 -0.474860
v 0.427794 4.233979 -0.403813
v 0.601109 3.845303 0.132248
v 0.573144 3.747209 0.474452
v 0.582819 3.996974 -0.300587
v 0.582819 3.996974 -0.300587
v 0.577759 4.185275 -0.377690
v 0.243946 4.372029 -0.372972
v 0.438191 4.327808 -0.359056
v 0.609130 3.950740 0.218648
v 0.555820 3.909173 0.498467
v 0.599522 3.950879 0.210038
v 0.590124 3.844750 0.130736
v 0.573916 4.004982 -0.305405
v 0.607367 4.164240 -0.383127
v 0.607367 4.164240 -0.383127
v 0.573916 4.004982 -0.305405
v 0.539761 4.150275 -0.371703
v 0.576046 4.265380 -0.362202
v 0.249795 4.635574 -0.163257
v 0.374321 4.642717 -0.113508
v 0.384186 4.497410 -0.278887
v 0.233485 4.475040 -0.280702
v 0.585486 4.390746 0.253246
v 0.527302 4.322640 0.449117
v 0.536635 4.059005 0.512195
v 0.606810 4.116425 0.301799
v 0.228061 4.675083 0.034131
v 0.332713 4.676500 0.098486
v 0.497786 4.512788 0.410302
v 0.421921 4.451642 0.503094
v 0.547250 4.488478 0.041013
v 0.495943 4.605757 0.213443
v 0.495943 4.605757 0.213443
v 0.547250 4.488478 0.041013
v 0.493982 4.605244 -0.062606
v 0.417522 4.659010 0.142467
v 0.131827 4.741200 0.182403
v 0.186114 4.752571 0.230185
v 0.159151 4.667690 0.562175
v 0.119047 4.621861 0.596736
v 0.226741 4.726762 0.454882
v 0.226741 4.726762 0.454882
v 0.222201 4.750412 0.299897
v 0.545113 2.804564 -0.770064
v 0.650319 2.898175 -0.696212
v 0.745902 2.607164 -0.605604
v 0.601856 2.485589 -0.636177
v 0.197053 2.347012 -0.588410
v 0.186065 2.744643 -0.813124
v 0.443629 2.860624 0.389008
v 0.295269 2.774415 0.464087
v 0.347603 2.876243 0.374022
v 0.498516 2.945413 0.287371
v 0.677105 2.987922 0.109293
v 0.571170 2.930234 0.278663
v 0.623085 2.989443 0.184869
v 0.749212 3.012130 0.044365
v 0.780687 3.007460 -0.243718
v 0.851014 2.937487 -0.258523
v 0.804112 2.731535 -0.497773
v 0.731166 2.940961 -0.561928
v 0.546651 3.909338 0.492834
v 0.428909 4.323314 -0.353642
v 0.240384 4.364571 -0.365243
v 0.603433 4.423061 0.059928
v 0.603131 4.554252 -0.053520
v 0.560645 4.321441 0.044159
v 0.603433 4.423061 0.059928
v 0.539500 4.105498 -0.048826
v 0.554503 4.096240 -0.244962
v 0.702246 4.157732 -0.368842
v 0.747655 4.299699 -0.382296
v 0.702246 4.157732 -0.368842
v 0.526542 4.468583 -0.260593
v 0.667134 4.453629 -0.245109
v 0.851014 2.937487 -0.258523
v 0.780687 3.007460 -0.243718
v 1.062531 2.830627 -0.090309
v 0.927855 2.924630 -0.187167
v 2.221215 0.497226 -0.448078
v 2.130941 0.488697 -0.451888
v 2.045744 0.770389 -0.376553
v 2.134668 0.795242 -0.380566
v 2.130941 0.488697 -0.451888
v 2.000207 0.526030 -0.352240
v 1.949449 0.718842 -0.274498
v 2.045744 0.770389 -0.376553
v 1.957369 0.463806 -0.155350
v 1.964011 0.663705 -0.112586
v 2.420861 0.490488 -0.262999
v 2.297633 0.510136 -0.404896
v 2.219675 0.800449 -0.341837
v 2.326869 0.793405 -0.203512
v 2.065630 0.377407 0.303269
v 2.124428 0.388240 0.580332
v 2.159391 0.431315 0.534370
v 2.093324 0.438267 0.296553
v 2.387906 0.396104 0.720897
v 2.365005 0.482079 0.636092
v 2.288216 0.479160 0.633118
v 2.300756 0.397853 0.706846
v 2.552534 0.402007 0.475917
v 2.509389 0.450023 0.450512
v 2.463080 0.482952 0.553667
v 2.496136 0.400067 0.597148
v 2.148418 0.236974 -0.467390
v 2.243523 0.243042 -0.461122
v 2.009502 0.225663 -0.370562
v 2.148418 0.236974 -0.467390
v 1.949246 0.219465 -0.148033
v 2.052812 0.223116 0.314399
v 2.120889 0.231196 0.606331
v 2.401782 0.236416 0.751177
v 2.304912 0.233974 0.737804
v 2.576698 0.245222 0.500406
v 2.521672 0.242113 0.610493
v 2.322552 0.246748 -0.414475
v 2.448158 0.251505 -0.252663
v 2.219675 0.800449 -0.341837
v 2.326869 0.793405 -0.203512
v 2.326869 0.793405 -0.203512
v 2.360634 0.743805 -0.037248
v 2.312624 0.733617 0.037858
v 2.241710 0.714916 0.081234
v 2.157296 0.700953 0.088551
v 2.064435 0.677761 0.039061
v 1.964011 0.663705 -0.112586
v 1.964011 0.663705 -0.112586
v 1.949449 0.718842 -0.274498
v 2.045744 0.770389 -0.376553
v 2.134668 0.795242 -0.380566
v 2.101732 0.561980 0.135182
v 2.064435 0.677761 0.039061
v 2.054275 0.521316 0.031739
v 2.026483 0.399753 0.030579
v 2.266993 0.585954 0.180299
v 2.241710 0.714916 0.081234
v 2.157296 0.700953 0.088551
v 2.197877 0.580594 0.182563
v 2.399548 0.578179 0.086983
v 2.360634 0.743805 -0.037248
v 2.312624 0.733617 0.037858
v 2.329112 0.588939 0.161240
v 2.434832 0.562585 -0.053919
v 2.466410 0.434085 -0.064382
v 2.010585 0.220496 0.028701
v 2.480231 0.248061 -0.099544
v 2.161524 0.499976 0.383353
v 2.313381 0.511723 0.411757
v 2.251146 0.511808 0.415872
v 2.441781 0.505721 0.348864
v 2.371761 0.515354 0.392439
v 2.487569 0.459715 0.232381
v 2.533606 0.390744 0.209884
v 2.558180 0.243462 0.218921
v 2.234266 0.475743 0.599972
v 2.433802 0.483341 0.594995
v 2.350972 0.238655 0.520878
v 2.120889 0.231196 0.606331
v 2.052812 0.223116 0.314399
v 2.306314 0.234583 0.260230
v 2.010585 0.220496 0.028701
v 2.248779 0.236226 -0.013053
v 1.949246 0.219465 -0.148033
v 2.209010 0.237697 -0.192038
v 2.009502 0.225663 -0.370562
v 2.177342 0.235700 -0.348132
v 2.148418 0.236974 -0.467390
v 2.367494 0.238119 0.604670
v 2.401782 0.236416 0.751177
v 2.304912 0.233974 0.737804
v 2.225176 0.232838 0.686991
v 2.243523 0.243042 -0.461122
v 2.322552 0.246748 -0.414475
v 2.448158 0.251505 -0.252663
v 2.480231 0.248061 -0.099544
v 2.558180 0.243462 0.218921
v 2.576698 0.245222 0.500406
v 2.474951 0.239472 0.692402
v 2.521672 0.242113 0.610493
v 2.458733 0.393998 0.665046
v 2.474951 0.239472 0.692402
v 2.230266 0.389986 0.662748
v 2.225176 0.232838 0.686991
v 0.445206 2.865022 0.538803
v 0.288894 2.826649 0.604603
v 0.295269 2.774415 0.464087
v 0.443629 2.860624 0.389008
v 0.429469 3.020094 0.575465
v 0.274762 2.981662 0.632671
v 0.429063 3.214276 0.575073
v 0.274214 3.199250 0.639000
v 0.401787 3.306748 0.508868
v 0.246886 3.301409 0.588868
v 0.406919 3.457192 0.548437
v 0.249353 3.434402 0.622472
v 0.452251 3.702219 0.602387
v 0.282241 3.661930 0.680619
v 0.448570 3.843056 0.617069
v 0.280287 3.795611 0.680945
v 0.381505 4.235689 0.562140
v 0.232746 4.170483 0.614816
v 0.268992 3.927797 0.684902
v 0.416530 3.974071 0.639577
v 0.310621 4.394788 0.548787
v 0.185086 4.339767 0.589987
v 0.093070 4.551464 0.604721
v 0.035146 4.535034 0.625642
v 0.277175 3.795211 0.670282
v 0.441987 3.843502 0.608234
v 0.197053 2.347012 -0.588410
v 0.217460 2.859129 0.359018
v 0.142752 2.818731 0.319120
v -0.032261 4.658824 0.601965
v 0.121048 4.856385 0.327226
v 0.162301 4.861460 0.372903
v 0.178285 4.862114 0.423146
v 0.159715 4.855089 0.503676
v 0.090228 4.831154 0.579332
v 0.053889 4.772097 0.592034
v 0.015275 4.709177 0.600862
v 0.032294 4.535270 0.618066
v 0.090085 4.550487 0.597766
v 0.117129 4.618619 0.590275
v 0.157621 4.661256 0.556551
v 0.223559 4.718697 0.452280
v 0.218805 4.742179 0.300398
v 0.183307 4.744877 0.233283
v 0.130593 4.733754 0.186611
v 0.603131 4.554252 -0.053520
v 0.667134 4.453629 -0.245109
v 0.747655 4.299699 -0.382296
v 0.747655 4.299699 -0.382296
v 0.702246 4.157732 -0.368842
v 0.554503 4.096240 -0.244962
v 0.539500 4.105498 -0.048826
v 0.560645 4.321441 0.044159
v 0.603433 4.423061 0.059928
v 1.703658 1.824169 0.201017
v 1.607890 1.779064 0.209599
v 1.505541 1.645810 0.349706
v 1.568846 1.518679 0.590110
v 1.568846 1.518679 0.590110
v 1.758128 1.474067 0.784717
v 1.869993 1.488830 0.831236
v 1.963500 1.532738 0.820574
v 2.034611 1.594533 0.772064
v 2.066265 1.664104 0.681520
v 2.005097 1.791649 0.445177
v 2.005097 1.791649 0.445177
v 1.813897 1.838694 0.248913
v 0.573916 4.004982 -0.305405
v 0.590124 3.844750 0.130736
v 0.539761 4.150275 -0.371703
v 0.573916 4.004982 -0.305405
v 0.240384 4.364571 -0.365243
v 0.428909 4.323314 -0.353642
v 0.599522 3.950879 0.210038
v 0.546651 3.909338 0.492834
v 0.441987 3.843502 0.608234
v 0.277175 3.795211 0.670282
v 0.576046 4.265380 -0.362202
v 0.589121 4.274949 -0.364735
v 1.607890 1.779064 0.209599
v 1.703658 1.824169 0.201017
v 1.505541 1.645810 0.349706
v 1.568846 1.518679 0.590110
v 1.758128 1.474067 0.784717
v 1.568846 1.518679 0.590110
v 1.963500 1.532738 0.820574
v 1.869993 1.488830 0.831236
v 2.066265 1.664104 0.681520
v 2.034611 1.594533 0.772064
v 2.005097 1.791649 0.445177
v 1.813897 1.838694 0.248913
v 2.005097 1.791649 0.445177
v 1.490063 2.434741 0.213090
v 1.498509 2.410729 0.168037
v 1.501714 2.410218 0.177745
v 1.596278 2.387813 0.355452
v 1.489797 2.452971 0.265532
v 1.497583 2.449276 0.261476
v 1.719395 2.333452 0.343345
v 1.708200 2.347511 0.384894
v 1.704104 2.345060 0.375232
v 1.618741 2.346286 0.234005
v 1.728909 2.333616 0.301317
v 1.721328 2.334644 0.305262
v 0.130593 4.733754 0.186611
v 0.183307 4.744877 0.233283
v 0.157621 4.661256 0.556551
v 0.117129 4.618619 0.590275
v 0.223559 4.718697 0.452280
v 0.218805 4.742179 0.300398
v 0.223559 4.718697 0.452280
v 0.090085 4.550487 0.597766
v 0.032294 4.535270 0.618066
v 1.485286 2.483615 0.248583
v 1.516498 2.484766 0.202624
v 1.739269 2.503995 0.360513
v 1.738544 2.509756 0.297257
v 1.642014 2.493885 0.228830
v 1.618741 2.346286 0.234005
v 1.642014 2.493885 0.228830
v -0.559976 5.060233 0.659254
v -0.559976 5.060233 0.659254
v -0.560024 5.100448 0.652880
v -0.536104 5.108985 0.669731
v -0.508254 5.073574 0.707505
v -0.565366 5.033841 0.666201
v -0.565366 5.033841 0.666201
v -0.559976 5.060233 0.659254
v -0.508254 5.073574 0.707505
v -0.507178 5.041713 0.712927
v -0.565366 5.033841 0.666201
v -0.507178 5.041713 0.712927
v -0.560024 5.100448 0.652880
v -0.559976 5.060233 0.659254
v -0.508254 5.073574 0.707505
v -0.536104 5.108985 0.669731
v -0.560024 5.100448 0.652880
v -0.565366 5.033841 0.666201
v -0.507178 5.041713 0.712927
v -0.559976 5.060233 0.659254
v -0.559976 5.060233 0.659254
v -0.565366 5.033841 0.666201
v -0.565366 5.033841 0.666201
v -0.507178 5.041713 0.712927
v -0.508254 5.073574 0.707505
v -0.560024 5.100448 0.652880
v -0.536104 5.108985 0.669731
v 0.200310 5.477351 0.205327
v 0.069686 5.627495 0.248023
v -0.111298 5.696018 0.329377
v 0.235525 5.286963 0.217678
v 0.230131 5.231458 0.228925
v 0.174132 5.065915 0.276888
v 0.096347 4.939235 0.320969
v 0.149409 2.446215 0.156593
v 0.149409 2.446215 0.156593
v 0.129770 2.747158 0.462145
v 0.053950 4.840618 0.295332
v 0.004180 4.699955 0.152429
v 0.476070 3.896030 0.651875
v 0.466539 3.742309 0.622372
v 0.530856 3.774548 0.564096
v 0.542848 3.926823 0.589358
v 0.445222 4.138979 0.624800
v 0.519540 4.162918 0.565144
v 0.444362 4.274154 0.571156
v 0.509734 4.299695 0.503892
v 0.400374 4.584448 0.474349
v 0.427392 4.455844 0.523710
v 0.514818 4.452360 0.489843
v 0.485455 4.576558 0.434019
v 0.350112 4.726579 0.310894
v 0.439297 4.698468 0.248199
v 0.278348 4.716989 0.095679
v 0.357971 4.713122 0.073419
v 0.246715 4.660434 -0.123515
v 0.322484 4.664080 -0.134025
v 0.209086 4.577763 -0.244759
v 0.288199 4.589813 -0.251839
v 0.210702 4.377328 -0.410563
v 0.270737 4.381675 -0.408810
v 0.209590 4.248426 -0.500223
v 0.283864 4.248104 -0.500511
v 0.210589 4.235459 -0.481146
v 0.279604 4.235099 -0.480534
v 0.211361 4.364120 -0.391704
v 0.279604 4.235099 -0.480534
v 0.270162 4.369328 -0.390089
v 0.210585 4.550270 -0.238738
v 0.289528 4.564888 -0.246058
v 0.245225 4.637315 -0.134437
v 0.320856 4.643072 -0.144463
v 0.277450 4.695530 0.084134
v 0.355548 4.691668 0.060650
v 0.345321 4.708155 0.296515
v 0.431630 4.678029 0.232678
v 0.390433 4.567724 0.466284
v 0.480560 4.557738 0.415514
v 0.407146 4.443510 0.506714
v 0.503055 4.439350 0.460281
v 0.429526 4.140404 0.608492
v 0.427586 4.269644 0.557391
v 0.495373 4.292857 0.489572
v 0.506978 4.163809 0.546107
v 0.460140 3.897142 0.635001
v 0.525465 3.928176 0.574478
v 0.449711 3.743734 0.606661
v 0.514900 3.775880 0.547646
v 0.514900 3.775880 0.547646
v 0.525465 3.928176 0.574478
v 0.506978 4.163809 0.546107
v 0.495373 4.292857 0.489572
v 0.503055 4.439350 0.460281
v 0.480560 4.557738 0.415514
v 0.431630 4.678029 0.232678
v 0.355548 4.691668 0.060650
v 0.320856 4.643072 -0.144463
v 0.289528 4.564888 -0.246058
v 0.270162 4.369328 -0.390089
v -0.359330 3.720520 0.651134
v -0.296614 3.695621 0.691626
v -0.295585 3.864408 0.742635
v -0.352778 3.885797 0.700724
v -0.263285 4.105031 0.713002
v -0.334148 4.120374 0.682791
v -0.272649 4.240166 0.669744
v -0.339015 4.255877 0.635748
v -0.359247 4.407574 0.634039
v -0.286461 4.423318 0.625518
v -0.298658 4.553382 0.570285
v -0.373060 4.534544 0.574979
v -0.313236 4.701193 0.360827
v -0.411627 4.658109 0.390284
v -0.301419 4.692859 0.166295
v -0.397287 4.675036 0.192052
v -0.332905 4.635157 -0.049647
v -0.430961 4.625444 -0.020308
v -0.324729 4.555162 -0.183442
v -0.420120 4.553385 -0.158920
v -0.323236 4.355442 -0.347790
v -0.402738 4.346599 -0.332475
v -0.325819 4.223280 -0.441689
v -0.406889 4.214810 -0.426713
v -0.320375 4.210084 -0.423776
v -0.399563 4.201402 -0.409472
v -0.399563 4.201402 -0.409472
v -0.318443 4.342403 -0.329417
v -0.394494 4.333786 -0.314492
v -0.320700 4.528641 -0.177673
v -0.416844 4.528611 -0.151425
v -0.332988 4.612244 -0.061021
v -0.431331 4.603744 -0.031039
v -0.301986 4.671146 0.154921
v -0.397989 4.653399 0.181016
v -0.309216 4.681457 0.351406
v -0.407324 4.636415 0.378860
v -0.293583 4.537774 0.556479
v -0.369217 4.515290 0.559652
v -0.276889 4.412835 0.600662
v -0.350975 4.394426 0.605502
v -0.329558 4.250727 0.617086
v -0.263588 4.237192 0.650461
v -0.253898 4.107706 0.692468
v -0.324938 4.123021 0.662216
v -0.284203 3.866632 0.722510
v -0.337858 3.887939 0.680484
v -0.286122 3.697814 0.671614
v -0.347261 3.722259 0.630278
v -0.347261 3.722259 0.630278
v -0.337858 3.887939 0.680484
v -0.324938 4.123021 0.662216
v -0.329558 4.250727 0.617086
v -0.350975 4.394426 0.605502
v -0.369217 4.515290 0.559652
v -0.407324 4.636415 0.378860
v -0.397989 4.653399 0.181016
v -0.431331 4.603744 -0.031039
v -0.416844 4.528611 -0.151425
v -0.394494 4.333786 -0.314492
vn -0.2793 0.1872 0.9418
vn -0.4799 -0.2433 0.8429
vn -0.4910 -0.3537 0.7961
vn -0.0882 -0.1012 0.9910
vn -0.5527 0.1000 0.8274
vn -0.4857 -0.3423 0.8043
vn -0.8032 -0.1328 0.5807
vn -0.5278 -0.5518 0.6457
vn 0.9097 0.0789 0.4077
vn 0.3768 0.8674 0.3249
vn -0.2859 -0.9222 -0.2604
vn -0.2436 -0.9326 -0.2663
vn 0.2063 -0.9700 -0.1288
vn 0.3767 0.8676 0.3245
vn -0.1870 0.9742 0.1265
vn -0.7702 0.5086 -0.3849
vn 0.1148 -0.9428 -0.3130
vn -0.1873 0.9742 0.1263
vn -0.8794 -0.4748 0.0343
vn -0.9238 -0.3819 -0.0279
vn -0.9371 -0.0182 -0.3486
vn -0.8259 -0.3314 -0.4562
vn -0.9982 -0.0390 -0.0465
vn -0.8841 -0.4667 0.0227
vn -0.7570 -0.6232 0.1964
vn -0.9223 -0.1699 0.3471
vn -0.1427 0.7053 -0.6944
vn 0.2084 -0.1399 -0.9680
vn 0.2084 -0.1400 -0.9680
vn 0.1526 -0.7853 0.5999
vn 0.1841 -0.7991 0.5723
vn 0.3475 -0.9259 0.1481
vn -0.3345 0.9282 -0.1630
vn -0.1427 0.7054 -0.6943
vn 0.4357 -0.8426 0.3165
vn -0.2177 0.6810 0.6992
vn -0.2177 0.6811 0.6991
vn -0.3347 0.9281 -0.1629
vn 0.4374 0.8801 0.1848
vn 0.5767 -0.6023 0.5520
vn 0.6985 -0.6847 0.2079
vn 0.5288 0.8462 -0.0661
vn 0.6176 -0.7623 -0.1935
vn 0.4712 0.8018 -0.3677
vn 0.4711 0.8017 -0.3678
vn 0.3374 -0.7975 -0.5002
vn 0.2606 0.7625 -0.5922
vn -0.0184 -0.7880 -0.6154
vn 0.0028 0.7444 -0.6677
vn -0.3483 -0.7598 -0.5489
vn -0.2283 0.7523 -0.6180
vn -0.6015 -0.7286 -0.3276
vn -0.4063 0.7861 -0.4658
vn -0.7241 -0.6893 0.0237
vn -0.4973 0.8397 -0.2182
vn -0.6437 -0.6338 0.4290
vn -0.4394 0.8945 0.0817
vn -0.3631 -0.5766 0.7319
vn -0.2291 0.9234 0.3080
vn -0.0064 -0.5429 0.8398
vn 0.0283 0.9217 0.3868
vn 0.3239 -0.5500 0.7698
vn 0.2593 0.9045 0.3386
vn 0.7473 0.4393 0.4986
vn 0.1174 0.9884 -0.0962
vn 0.1202 0.9803 -0.1567
vn 0.9195 0.3886 0.0593
vn 0.1011 0.9732 -0.2064
vn 0.8237 0.3168 -0.4703
vn 0.8237 0.3167 -0.4704
vn 0.0722 0.9653 -0.2509
vn 0.4516 0.2426 -0.8586
vn 0.0215 0.9585 -0.2844
vn -0.0059 0.2042 -0.9789
vn -0.0404 0.9592 -0.2799
vn -0.4143 0.2163 -0.8841
vn -0.0809 0.9689 -0.2339
vn -0.7339 0.2784 -0.6196
vn -0.0836 0.9812 -0.1740
vn -0.9051 0.3808 -0.1890
vn -0.0646 0.9901 -0.1246
vn -0.8088 0.4831 0.3354
vn -0.0355 0.9962 -0.0798
vn -0.4372 0.5269 0.7289
vn 0.0151 0.9988 -0.0457
vn 0.0193 0.5134 0.8579
vn 0.0769 0.9958 -0.0498
vn 0.4273 0.4790 0.7668
vn 0.6712 0.6184 0.4088
vn 0.8141 0.5805 0.0140
vn 0.7238 0.5216 -0.4518
vn 0.7236 0.5216 -0.4520
vn 0.4005 0.4514 -0.7974
vn -0.0026 0.4081 -0.9129
vn -0.3684 0.4147 -0.8321
vn -0.6507 0.4741 -0.5930
vn -0.7926 0.5730 -0.2085
vn -0.7015 0.6668 0.2515
vn -0.3790 0.7021 0.6029
vn 0.0230 0.6845 0.7287
vn 0.3883 0.6509 0.6524
vn 0.5450 0.7893 0.2828
vn 0.6494 0.7596 -0.0365
vn 0.5720 0.7133 -0.4050
vn 0.5720 0.7133 -0.4051
vn 0.3199 0.6567 -0.6829
vn 0.0006 0.6194 -0.7851
vn -0.2941 0.6232 -0.7246
vn -0.5177 0.6722 -0.5293
vn -0.6211 0.7526 -0.2185
vn -0.5432 0.8269 0.1453
vn -0.2916 0.8554 0.4280
vn 0.0267 0.8421 0.5386
vn 0.3210 0.8152 0.4820
vn 0.3694 0.9208 0.1257
vn 0.4330 0.8972 -0.0873
vn 0.3785 0.8646 -0.3305
vn 0.2139 0.8288 -0.5170
vn 0.0042 0.8068 -0.5908
vn -0.1907 0.8105 -0.5538
vn -0.3365 0.8414 -0.4228
vn -0.3996 0.8913 -0.2143
vn -0.3448 0.9383 0.0265
vn -0.1805 0.9597 0.2154
vn 0.0289 0.9555 0.2936
vn 0.2234 0.9398 0.2586
vn 0.0184 0.9859 -0.1663
vn 0.1261 -0.9527 0.2767
vn 0.1492 -0.9703 0.1903
vn 0.1256 -0.9877 0.0931
vn 0.0604 -0.9980 0.0160
vn -0.0241 -0.9995 -0.0180
vn -0.1037 -0.9946 -0.0048
vn -0.1623 -0.9855 0.0502
vn -0.1855 -0.9730 0.1374
vn -0.1620 -0.9584 0.2350
vn -0.0967 -0.9453 0.3117
vn -0.0121 -0.9386 0.3449
vn 0.0676 -0.9411 0.3312
vn -0.6773 0.2080 -0.7057
vn -0.9984 0.0462 -0.0340
vn -0.9798 0.1922 0.0555
vn -0.9035 0.3228 -0.2820
vn -0.8186 -0.5571 -0.1402
vn -0.9236 -0.3786 0.0596
vn 0.9961 -0.0375 0.0794
vn 0.9866 -0.0975 0.1309
vn 0.9936 -0.0574 0.0977
vn 0.9972 -0.0288 0.0696
vn 0.9858 0.0491 0.1606
vn 0.9842 0.0783 0.1589
vn 0.9855 0.0566 0.1598
vn 0.9857 0.0470 0.1619
vn 0.0930 0.9956 0.0140
vn -0.8806 0.2349 0.4115
vn 0.9289 -0.1838 0.3216
vn 0.9084 -0.2182 0.3566
vn 0.7986 -0.2989 -0.5223
vn 0.1102 0.6276 -0.7707
vn 0.1613 0.6219 -0.7663
vn 0.0330 0.9459 0.3227
vn 0.0332 0.9459 0.3227
vn -0.0214 -0.9889 -0.1469
vn -0.0285 -0.9881 -0.1509
vn -0.1164 -0.9621 0.2465
vn -0.1110 -0.9619 0.2497
vn -0.9900 0.1378 0.0298
vn -0.9758 0.2083 0.0668
vn -0.9843 0.1608 0.0726
vn -0.9933 0.1140 0.0184
vn -0.9726 -0.0009 0.2324
vn -0.8915 -0.3583 0.2773
vn -0.9272 -0.2532 0.2760
vn -0.9626 0.0742 0.2604
vn -0.7559 0.6500 -0.0786
vn -0.8569 0.4735 -0.2039
vn -0.7545 0.5698 -0.3257
vn -0.7558 0.6539 -0.0341
vn -0.9910 0.0197 -0.1325
vn -0.7416 -0.6350 0.2165
vn -0.9195 -0.3853 -0.0773
vn -0.9850 -0.0464 -0.1661
vn -0.5369 -0.8115 0.2305
vn -0.5861 -0.8060 -0.0826
vn -0.8444 -0.5333 -0.0499
vn -0.8682 -0.4956 0.0249
vn -0.9225 -0.1365 -0.3610
vn -0.8261 -0.0843 -0.5572
vn -0.6400 -0.4285 -0.6378
vn -0.7067 -0.1302 -0.6954
vn -0.7694 -0.2472 -0.5889
vn -0.5871 -0.4867 -0.6469
vn -0.6451 -0.3920 -0.6559
vn -0.6917 -0.2740 -0.6682
vn -0.5268 -0.3587 -0.7706
vn -0.4820 -0.5052 -0.7159
vn -0.9262 0.3731 -0.0537
vn -0.8732 0.4685 -0.1341
vn -0.9710 -0.0996 0.2174
vn -0.9878 0.1466 -0.0529
vn -0.9718 0.1312 0.1958
vn -0.9227 0.3056 0.2350
vn -0.9248 0.3154 0.2127
vn -0.9328 0.2858 0.2196
vn -0.9870 -0.0689 -0.1453
vn -0.9606 0.0473 -0.2740
vn -0.9030 -0.2227 -0.3675
vn -0.8618 -0.1269 -0.4912
vn -0.9203 0.0716 -0.3846
vn -0.9809 0.1040 -0.1644
vn -0.9953 -0.0543 -0.0807
vn -0.9354 -0.1559 -0.3172
vn -0.9208 0.2485 -0.3008
vn -0.9255 -0.0757 -0.3711
vn -0.6314 -0.1457 -0.7617
vn -0.7238 0.1165 -0.6801
vn -0.8617 0.3355 -0.3807
vn -0.9998 -0.0038 0.0207
vn -0.9516 -0.1535 -0.2662
vn -0.8646 0.1053 -0.4912
vn -0.9111 0.2924 -0.2905
vn -0.7006 0.2150 -0.6804
vn -0.7926 0.4396 -0.4225
vn -0.9959 -0.0883 0.0178
vn -0.7910 0.1524 -0.5925
vn -0.8216 0.3661 -0.4370
vn -0.8579 -0.5090 0.0704
vn -0.8578 -0.5087 0.0739
vn -0.8602 -0.5046 0.0738
vn -0.8603 -0.5050 0.0693
vn -0.7813 0.4449 -0.4377
vn -0.6763 0.2658 -0.6870
vn -0.6693 0.2889 -0.6845
vn -0.8170 0.3957 -0.4194
vn -0.7604 0.5784 0.2956
vn -0.8907 0.1448 0.4310
vn -0.6602 0.7174 0.2224
vn -0.6571 0.7209 0.2202
vn -0.8656 -0.4979 -0.0537
vn -0.8517 -0.4388 -0.2864
vn -0.9156 -0.4022 0.0007
vn -0.8773 -0.4770 0.0528
vn -0.8232 -0.5624 -0.0774
vn -0.7170 -0.5712 -0.3996
vn -0.5578 -0.6758 -0.4818
vn -0.5957 -0.7806 -0.1893
vn -0.9255 -0.2776 -0.2577
vn -0.7749 -0.1539 -0.6130
vn -0.9352 -0.2040 -0.2894
vn -0.9258 -0.2769 -0.2573
vn -0.9218 -0.2737 -0.2746
vn -0.8522 -0.1569 -0.4991
vn -0.6490 0.0370 -0.7599
vn -0.7013 -0.3137 -0.6401
vn -0.5277 -0.8384 -0.1365
vn -0.9218 -0.2361 -0.3074
vn -0.7764 -0.1363 -0.6153
vn -0.5791 0.2533 -0.7749
vn -0.5710 0.1704 -0.8030
vn -0.9584 0.2854 0.0034
vn -0.9796 0.1378 -0.1462
vn -0.9484 -0.2794 -0.1496
vn -0.9985 -0.0239 0.0500
vn -0.9203 0.1615 0.3563
vn -0.8638 0.4380 0.2491
vn -0.8842 0.2098 0.4173
vn -0.8297 0.4314 0.3543
vn -0.8738 -0.1358 0.4670
vn -0.7418 0.6087 0.2813
vn -0.8700 0.2601 -0.4188
vn -0.8455 0.2758 -0.4572
vn -0.7138 -0.0994 -0.6933
vn -0.7812 -0.3273 -0.5316
vn -0.9935 0.0581 -0.0980
vn -0.9866 0.0976 -0.1307
vn -0.9963 0.0365 -0.0783
vn -0.9970 0.0271 -0.0718
vn -0.9855 -0.0567 -0.1602
vn -0.9842 -0.0783 -0.1590
vn -0.9858 -0.0491 -0.1607
vn -0.9857 -0.0470 -0.1618
vn -0.9344 -0.1894 -0.3017
vn -0.5642 -0.7859 -0.2530
vn -0.5640 -0.7861 -0.2530
vn -0.6514 0.1240 -0.7485
vn -0.9689 -0.1820 0.1679
vn -0.9127 -0.3684 0.1767
vn -0.9138 0.2844 0.2900
vn -0.7510 0.6365 0.1754
vn -0.7049 0.7062 0.0655
vn -0.8067 0.5873 -0.0658
vn -0.9661 -0.1987 -0.1650
vn -0.8489 -0.5178 0.1064
vn 0.2725 0.7370 -0.6185
vn 0.5909 0.3506 -0.7266
vn 0.3627 0.2618 -0.8944
vn 0.0908 0.5858 -0.8054
vn -0.1248 0.8913 -0.4359
vn -0.2469 0.7218 -0.6465
vn -0.5380 0.8083 -0.2392
vn -0.6226 0.6317 -0.4619
vn -0.7856 0.6133 -0.0821
vn -0.8238 0.4745 -0.3102
vn 0.6943 -0.0343 -0.7188
vn 0.4669 -0.0806 -0.8806
vn 0.1245 0.1616 -0.9790
vn -0.0752 0.4098 -0.9091
vn -0.3360 0.5167 -0.7875
vn -0.6518 0.4355 -0.6209
vn -0.7951 0.3520 -0.4940
vn 0.1958 -0.1264 -0.9725
vn -0.1562 0.0302 -0.9873
vn -0.2850 0.1430 -0.9478
vn -0.4205 0.1933 -0.8865
vn -0.6077 0.1483 -0.7802
vn -0.6659 0.0597 -0.7437
vn -0.0819 -0.1559 -0.9844
vn -0.0353 -0.1117 -0.9931
vn -0.3253 0.0541 -0.9441
vn -0.4454 0.0376 -0.8945
vn -0.5693 -0.0050 -0.8221
vn -0.6144 -0.0503 -0.7874
vn -0.5899 -0.1293 -0.7970
vn 0.2374 -0.3640 -0.9007
vn -0.6793 -0.2372 -0.6945
vn -0.7851 -0.1252 -0.6066
vn -0.7673 0.0349 -0.6403
vn -0.6145 0.1001 -0.7825
vn -0.3536 -0.2133 -0.9107
vn -0.4271 0.0481 -0.9029
vn -0.6596 -0.3507 -0.6647
vn -0.7843 -0.2883 -0.5493
vn -0.3474 -0.4518 -0.8217
vn -0.2215 -0.9353 0.2761
vn -0.3728 -0.8950 -0.2449
vn -0.2169 -0.9519 -0.2164
vn -0.0837 -0.9745 0.2082
vn -0.4121 -0.6899 -0.5951
vn -0.4762 -0.6127 -0.6307
vn -0.5679 -0.1736 -0.8046
vn -0.3873 -0.7767 -0.4967
vn -0.3277 -0.8135 -0.4803
vn -0.3766 -0.9020 -0.2112
vn -0.1674 -0.9551 0.2445
vn -0.3621 -0.5207 -0.7732
vn -0.4978 -0.6514 -0.5726
vn -0.7017 -0.4918 -0.5155
vn -0.7515 -0.3591 -0.5534
vn -0.5758 -0.4683 -0.6702
vn -0.4223 -0.6695 -0.6110
vn -0.5044 -0.7517 -0.4248
vn -0.2967 -0.4523 -0.8411
vn -0.9255 0.3445 -0.1572
vn -0.6964 -0.4947 -0.5199
vn -0.3746 -0.4270 -0.8230
vn -0.2791 -0.5878 -0.7594
vn -0.1434 -0.7285 -0.6699
vn -0.7754 -0.5844 -0.2394
vn -0.6757 -0.7189 0.1629
vn -0.2016 -0.4420 -0.8740
vn 0.6538 -0.3703 -0.6599
vn 0.4099 -0.3802 -0.8291
vn 0.1469 -0.3866 -0.9105
vn -0.0022 -0.3973 -0.9177
vn 0.1112 -0.4859 -0.8669
vn 0.5973 -0.5010 -0.6263
vn 0.3686 -0.4653 -0.8047
vn 0.0942 -0.4162 -0.9044
vn -0.1205 -0.4157 -0.9015
vn 0.3519 -0.5020 -0.7901
vn 0.0145 -0.4589 -0.8883
vn -0.2789 -0.4146 -0.8662
vn -0.8870 0.4519 0.0955
vn -0.1742 0.7633 -0.6221
vn -0.7428 0.5500 -0.3818
vn -0.9117 0.3261 -0.2501
vn 0.6907 0.2449 -0.6804
vn 0.3221 0.6470 -0.6911
vn -0.9904 -0.1381 -0.0025
vn 0.8784 -0.1836 -0.4413
vn -0.9584 -0.2855 0.0027
vn 0.1230 -0.9924 0.0036
vn 0.8560 -0.5144 -0.0507
vn 0.9060 -0.3004 -0.2981
vn -0.4663 -0.7946 0.3889
vn -0.9687 0.2356 0.0775
vn -0.9656 0.2551 0.0514
vn 0.5876 -0.5106 -0.6277
vn -0.1971 0.2841 -0.9383
vn 0.3001 0.3700 -0.8792
vn 0.6953 0.7179 -0.0348
vn 0.3821 0.8195 -0.4271
vn -0.4045 -0.2572 -0.8777
vn -0.1533 0.1729 -0.9729
vn 0.3952 0.7828 -0.4807
vn 0.1548 0.7344 -0.6608
vn 0.0758 0.7485 -0.6588
vn 0.4506 0.8227 -0.3465
vn 0.4886 0.5219 0.6992
vn 0.2607 0.9642 0.0482
vn 0.4996 -0.2950 0.8144
vn 0.5774 0.6400 0.5070
vn 0.6852 -0.6973 -0.2103
vn 0.9721 0.0243 -0.2333
vn 0.7057 0.0773 0.7043
vn 0.1794 -0.7624 0.6218
vn 0.7055 0.0772 0.7045
vn 0.9721 0.0252 -0.2332
vn 0.7321 0.5252 -0.4338
vn 0.5988 0.7938 0.1066
vn 0.0169 0.0541 0.9984
vn -0.2173 -0.4813 0.8492
vn 0.0162 0.0516 0.9985
vn 0.0662 0.6749 0.7349
vn -0.0614 -0.4554 -0.8882
vn -0.1693 0.1473 -0.9745
vn 0.2032 0.4015 -0.8930
vn -0.0556 0.1457 -0.9878
vn 0.3641 0.3649 -0.8569
vn 0.1266 0.7010 -0.7019
vn 0.6641 0.7246 -0.1846
vn 0.6773 0.5570 -0.4806
vn 0.1297 -0.2911 0.9479
vn 0.2388 0.0722 0.9684
vn -0.1738 0.7617 0.6241
vn 0.2007 0.8517 0.4841
vn 0.3672 0.7820 0.5035
vn 0.4406 0.8553 0.2727
vn 0.5927 0.6443 0.4834
vn 0.0569 0.7587 0.6490
vn 0.2851 0.7387 0.6107
vn 0.4800 0.5597 0.6755
vn 0.7443 0.1101 0.6587
vn 0.7585 0.4751 0.4461
vn 0.1180 0.6163 0.7786
vn 0.3088 0.4806 0.8208
vn 0.7544 -0.0166 0.6563
vn 0.6778 0.0700 0.7319
vn -0.2370 0.5782 0.7807
vn -0.7092 0.0146 0.7049
vn -0.5647 0.2028 0.8000
vn -0.3196 -0.6012 0.7324
vn -0.1890 -0.1601 0.9688
vn -0.0604 0.5055 0.8607
vn -0.4766 0.0930 0.8742
vn 0.0720 0.3456 0.9356
vn -0.4050 -0.0262 0.9139
vn 0.5952 0.0178 0.8034
vn 0.6830 0.2216 0.6960
vn -0.4419 -0.2708 0.8552
vn 0.2549 0.0655 0.9647
vn -0.6254 -0.7726 -0.1092
vn -0.7447 -0.6259 0.2317
vn -0.8409 -0.3390 0.4219
vn -0.7806 -0.2204 0.5849
vn -0.7643 -0.2577 0.5912
vn -0.8277 -0.4529 0.3314
vn -0.1998 -0.7881 -0.5823
vn -0.6844 -0.6521 -0.3262
vn -0.1276 -0.5484 -0.8264
vn -0.4403 -0.5231 -0.7297
vn -0.7010 -0.3263 0.6342
vn -0.7172 -0.3307 0.6134
vn -0.6208 -0.7740 -0.1248
vn -0.7251 -0.4066 0.5557
vn -0.7226 -0.4437 0.5302
vn -0.7455 -0.6643 -0.0540
vn -0.7466 -0.4542 0.4861
vn -0.7344 -0.4921 0.4676
vn -0.8103 -0.5774 -0.0998
vn -0.0324 -0.2536 -0.9668
vn -0.1894 -0.1871 -0.9639
vn -0.3078 -0.4506 -0.8380
vn -0.3780 -0.6236 -0.6843
vn -0.2931 -0.7343 -0.6123
vn -0.4154 -0.5793 -0.7014
vn -0.2279 -0.7139 -0.6621
vn -0.4210 -0.5808 -0.6968
vn -0.3495 -0.5979 -0.7214
vn -0.4304 -0.4106 -0.8038
vn -0.3093 -0.4815 -0.8201
vn -0.2360 -0.7142 -0.6589
vn -0.4106 -0.4716 -0.7804
vn -0.4656 -0.6618 -0.5875
vn -0.5376 -0.5560 -0.6339
vn -0.2374 0.0008 -0.9714
vn 0.0150 -0.0640 -0.9978
vn -0.2168 -0.7191 -0.6603
vn -0.0479 -0.7353 -0.6761
vn -0.1705 -0.3108 -0.9350
vn -0.3445 -0.3029 -0.8886
vn -0.5252 -0.4187 -0.7408
vn -0.3896 -0.2548 -0.8851
vn -0.5641 0.1646 -0.8091
vn 0.2349 0.3645 -0.9011
vn 0.5648 -0.1207 -0.8164
vn -0.1898 -0.6625 -0.7246
vn -0.9847 -0.0976 -0.1443
vn -0.7682 -0.6401 0.0148
vn -0.7627 -0.6467 0.0062
vn -0.1905 -0.6621 -0.7248
vn 0.2383 -0.9470 -0.2155
vn -0.3906 -0.8946 0.2171
vn 0.5611 -0.1287 -0.8177
vn 0.7450 -0.4541 -0.4886
vn -0.7700 0.4112 -0.4878
vn -0.0028 0.5303 -0.8478
vn 0.2432 -0.0247 -0.9697
vn -0.5476 -0.4975 -0.6727
vn -0.9583 0.0881 0.2718
vn -0.8074 -0.5276 0.2642
vn -0.8043 -0.5372 0.2541
vn -0.5468 -0.5014 -0.6705
vn -0.0051 -0.9239 -0.3825
vn -0.4231 -0.8624 0.2781
vn 0.2379 -0.0434 -0.9703
vn 0.4656 -0.4417 -0.7669
vn -0.8289 0.3431 -0.4419
vn -0.0837 0.5860 -0.8060
vn 0.2428 0.0683 -0.9677
vn -0.4865 -0.5477 -0.6807
vn -0.9450 -0.0256 0.3261
vn -0.7101 -0.6414 0.2905
vn -0.7074 -0.6454 0.2881
vn -0.4866 -0.5477 -0.6806
vn 0.1443 -0.9066 -0.3965
vn -0.2756 -0.9166 0.2897
vn 0.2484 0.0567 -0.9670
vn 0.5370 -0.3177 -0.7815
vn -0.8324 -0.2547 -0.4921
vn -0.2428 0.1864 -0.9520
vn 0.3000 -0.1296 -0.9451
vn -0.1005 -0.8942 -0.4363
vn -0.8496 -0.3830 0.3627
vn -0.3762 -0.7665 0.5205
vn -0.3721 -0.7694 0.5192
vn -0.0997 -0.8940 -0.4367
vn 0.5966 -0.7992 -0.0731
vn 0.1494 -0.7883 0.5968
vn 0.3040 -0.1332 -0.9433
vn 0.7166 -0.2475 -0.6521
vn 0.4445 0.0822 -0.8920
vn -0.4466 -0.2119 -0.8693
vn -0.8918 -0.4268 -0.1500
vn -0.9593 -0.2670 -0.0924
vn -0.5311 0.0824 -0.8433
vn -0.5569 0.2934 -0.7771
vn -0.9897 -0.1398 -0.0297
vn 0.3939 0.2906 -0.8720
vn 0.3864 0.4100 -0.8262
vn -0.7778 -0.4331 0.4555
vn -0.7684 -0.4297 0.4743
vn -0.3433 -0.2839 0.8953
vn -0.2934 -0.3600 0.8856
vn -0.7925 -0.3873 0.4712
vn -0.7967 -0.3649 0.4817
vn -0.3012 -0.4774 0.8255
vn -0.7979 -0.3678 0.4776
vn -0.7967 -0.3866 0.4646
vn 0.3684 -0.0092 0.9296
vn 0.9404 0.2456 0.2354
vn 0.9747 0.1703 0.1446
vn 0.4759 -0.1630 0.8643
vn 0.5563 -0.3133 0.7696
vn 0.9941 0.0858 0.0665
vn 0.4922 -0.8704 0.0157
vn 0.8648 0.2409 -0.4406
vn 0.5731 -0.8194 0.0134
vn 0.8590 0.2379 -0.4534
vn 0.8182 0.3132 -0.4822
vn 0.8196 0.3151 -0.4785
vn 0.8272 0.3131 -0.4665
vn 0.8249 0.3160 -0.4688
vn 0.2580 -0.1243 -0.9581
vn -0.6203 -0.3452 -0.7043
vn -0.8656 -0.4995 0.0344
vn -0.9012 -0.3942 0.1799
vn -0.7144 -0.1053 -0.6918
vn -0.7700 0.0868 -0.6321
vn -0.9231 -0.2795 0.2642
vn 0.1808 0.2219 -0.9582
vn 0.1361 0.3280 -0.9348
vn -0.6079 -0.6059 0.5131
vn -0.3785 -0.5969 0.7074
vn 0.1922 -0.4029 0.8948
vn 0.7131 0.1363 0.6877
vn 0.9298 0.3381 -0.1452
vn 0.9484 0.2694 -0.1671
vn 0.7229 -0.0160 0.6908
vn 0.7581 -0.1950 0.6223
vn 0.9691 0.1478 -0.1972
vn -0.0865 -0.3017 0.9495
vn -0.0745 -0.3939 0.9161
vn 0.5403 -0.8406 -0.0387
vn 0.6517 0.2458 -0.7175
vn 0.5692 -0.8222 -0.0034
vn 0.7448 0.2387 -0.6232
vn 0.6483 0.3132 -0.6940
vn 0.6571 0.3039 -0.6899
vn 0.6614 0.3058 -0.6849
vn 0.6489 0.3146 -0.6928
vn 0.1472 0.1807 -0.9725
vn -0.6152 -0.3115 -0.7242
vn -0.7766 -0.6154 0.1347
vn -0.8583 -0.4664 0.2143
vn -0.7326 -0.1021 -0.6730
vn -0.8015 0.1128 -0.5872
vn -0.9073 -0.3290 0.2619
vn 0.1007 0.3191 -0.9424
vn 0.0523 0.4330 -0.8999
vn -0.5716 -0.5287 0.6274
vn -0.3386 -0.5441 0.7677
vn 0.1004 -0.3372 0.9360
vn 0.7526 -0.0031 0.6585
vn 0.9806 0.1820 -0.0731
vn 0.9061 0.3731 -0.1995
vn 0.7781 0.0276 0.6275
vn 0.8130 -0.1692 0.5571
vn 0.9376 0.2560 -0.2353
vn -0.0187 -0.3768 0.9261
vn 0.0159 -0.4798 0.8773
vn 0.7469 -0.6648 0.0094
vn 0.7231 0.4340 -0.5373
vn 0.5544 -0.8206 0.1385
vn 0.6086 0.3972 -0.6869
vn 0.5801 0.4233 -0.6960
vn 0.5910 0.4271 -0.6844
vn 0.5936 0.4278 -0.6817
vn 0.5794 0.4247 -0.6956
vn -0.0852 0.0918 -0.9921
vn -0.5830 -0.4524 -0.6749
vn -0.7333 -0.6465 0.2107
vn -0.7252 -0.5647 0.3939
vn -0.7479 -0.3317 -0.5749
vn -0.8364 -0.1963 -0.5118
vn -0.7802 -0.4650 0.4183
vn -0.1208 0.1366 -0.9832
vn -0.1339 0.2247 -0.9652
vn -0.3557 -0.4991 0.7902
vn -0.3398 -0.5739 0.7451
vn 0.1794 -0.2024 0.9627
vn 0.7989 0.3849 0.4621
vn 0.7522 0.5579 -0.3507
vn 0.7778 0.5092 -0.3684
vn 0.8232 0.3338 0.4594
vn 0.8662 0.1839 0.4647
vn 0.8204 0.4247 -0.3828
vn 0.1874 -0.1579 0.9695
vn 0.2067 -0.2353 0.9497
vn 0.3850 0.4027 -0.8304
vn 0.3793 0.3964 -0.8361
vn 0.3764 0.3922 -0.8393
vn 0.4064 0.3967 -0.8231
vn 0.4106 0.3968 -0.8210
vn 0.3754 0.3937 -0.8391
vn -0.6216 -0.3635 0.6938
vn -0.6227 -0.4199 0.6603
vn -0.6054 -0.4039 0.6858
vn -0.6151 -0.3700 0.6962
vn -0.5484 -0.4734 0.6893
vn -0.5474 -0.5145 0.6601
vn -0.5393 -0.4895 0.6852
vn -0.5472 -0.4722 0.6910
vn -0.3630 -0.4236 0.8299
vn -0.3587 -0.4423 0.8220
vn -0.3569 -0.4495 0.8189
vn -0.3615 -0.4221 0.8314
vn -0.5636 0.3458 -0.7501
vn 0.3809 0.4669 -0.7981
vn 0.3632 0.5077 -0.7812
vn -0.5836 0.4069 -0.7028
vn -0.9960 -0.0865 -0.0213
vn -0.9987 -0.0454 0.0213
vn -0.8074 -0.3400 0.4822
vn -0.8077 -0.3455 0.4777
vn -0.3185 -0.5056 0.8018
vn -0.8029 -0.3474 0.4845
vn -0.8026 -0.3441 0.4872
vn -0.2990 -0.5377 0.7883
vn 0.5795 -0.4578 0.6743
vn 0.5665 -0.3831 0.7296
vn 0.9982 0.0414 0.0444
vn 0.9998 -0.0162 0.0113
vn 0.8218 0.3143 -0.4753
vn 0.8229 0.3243 -0.4666
vn 0.8151 0.3290 -0.4769
vn 0.8177 0.3173 -0.4803
vn -0.7929 0.2468 -0.5572
vn 0.1332 0.4124 -0.9012
vn 0.1827 0.5731 -0.7988
vn -0.7018 0.6156 -0.3584
vn -0.9389 -0.1613 0.3041
vn -0.8652 0.0937 0.4927
vn -0.6522 -0.3050 0.6940
vn -0.6222 -0.3507 0.6999
vn -0.0231 -0.4551 0.8901
vn -0.6057 -0.3558 0.7117
vn -0.6325 -0.3220 0.7044
vn -0.0432 -0.5790 0.8142
vn 0.7582 -0.4912 0.4288
vn 0.7669 -0.3082 0.5629
vn 0.9773 0.0580 -0.2040
vn 0.9489 -0.0690 -0.3079
vn 0.6439 0.2890 -0.7084
vn 0.6668 0.3081 -0.6786
vn 0.6548 0.3145 -0.6873
vn 0.6260 0.3087 -0.7161
vn -0.8213 0.2608 -0.5074
vn 0.0486 0.5103 -0.8586
vn 0.0777 0.6580 -0.7490
vn -0.7911 0.5266 -0.3113
vn -0.9189 -0.2419 0.3115
vn -0.8801 -0.0484 0.4723
vn -0.5877 -0.4181 0.6927
vn -0.5542 -0.4598 0.6939
vn 0.0665 -0.5435 0.8368
vn -0.5425 -0.4616 0.7019
vn -0.5705 -0.4303 0.6995
vn 0.0383 -0.6642 0.7466
vn 0.8024 -0.4998 0.3260
vn 0.8241 -0.3017 0.4795
vn 0.9577 0.1551 -0.2423
vn 0.9300 0.0244 -0.3666
vn 0.5674 0.4155 -0.7109
vn 0.6003 0.4265 -0.6766
vn 0.5904 0.4327 -0.6813
vn 0.5547 0.4257 -0.7149
vn -0.8782 -0.0953 -0.4686
vn -0.1552 0.2816 -0.9469
vn -0.1849 0.3262 -0.9270
vn -0.9055 -0.0017 -0.4243
vn -0.8076 -0.3933 0.4393
vn -0.8279 -0.3228 0.4586
vn -0.3901 -0.3995 0.8296
vn -0.3694 -0.4058 0.8360
vn 0.2344 -0.2771 0.9318
vn -0.3650 -0.4053 0.8382
vn -0.3843 -0.3994 0.8323
vn 0.2145 -0.3248 0.9211
vn 0.9041 0.0157 0.4270
vn 0.8906 0.0875 0.4463
vn 0.8466 0.3701 -0.3824
vn 0.8467 0.3217 -0.4238
vn 0.3931 0.3851 -0.8350
vn 0.4144 0.4001 -0.8174
vn 0.4088 0.3986 -0.8210
vn 0.3926 0.3862 -0.8347
vn -0.5544 0.6864 -0.4707
vn 0.3892 0.6258 -0.6759
vn 0.3189 0.6423 -0.6970
vn -0.5602 0.6927 -0.4542
vn -0.9823 0.1008 0.1580
vn -0.9861 0.1199 0.1149
vn -0.7974 -0.3419 0.4973
vn -0.8157 -0.3860 0.4309
vn -0.2800 -0.6771 0.6805
vn -0.7958 -0.3469 0.4964
vn -0.8157 -0.3910 0.4262
vn -0.3445 -0.7699 0.5373
vn 0.5635 -0.6705 0.4827
vn 0.4991 -0.8174 0.2876
vn 0.9806 -0.1732 -0.0921
vn 0.9299 -0.2708 -0.2490
vn 0.8247 0.2935 -0.4834
vn 0.7876 0.2371 -0.5687
vn 0.8216 0.2936 -0.4886
vn 0.7887 0.2436 -0.5644
vn -0.3922 0.9196 0.0245
vn 0.2609 0.7251 -0.6373
vn 0.2009 0.7428 -0.6386
vn -0.4869 0.8714 -0.0599
vn -0.7075 0.3326 0.6235
vn -0.8078 0.2563 0.5309
vn -0.6268 -0.2992 0.7195
vn -0.6581 -0.3363 0.6736
vn -0.0955 -0.7736 0.6264
vn -0.6011 -0.3516 0.7177
vn -0.6563 -0.3532 0.6667
vn -0.2577 -0.8037 0.5363
vn 0.6048 -0.7766 0.1762
vn 0.4139 -0.9102 -0.0138
vn 0.8481 -0.2987 -0.4376
vn 0.7167 -0.3425 -0.6075
vn 0.6547 0.2426 -0.7159
vn 0.5726 0.2327 -0.7861
vn 0.6199 0.2802 -0.7330
vn 0.5748 0.2592 -0.7762
vn -0.5891 0.8079 0.0149
vn 0.1209 0.7875 -0.6043
vn 0.0479 0.7842 -0.6186
vn -0.6335 0.7734 -0.0231
vn -0.7720 0.1555 0.6164
vn -0.8269 0.1111 0.5513
vn -0.5537 -0.4200 0.7190
vn -0.5829 -0.4483 0.6777
vn -0.0131 -0.8099 0.5865
vn -0.5348 -0.4482 0.7163
vn -0.5822 -0.4574 0.6722
vn -0.1337 -0.8483 0.5124
vn 0.6688 -0.7383 0.0875
vn 0.5357 -0.8424 -0.0582
vn 0.8508 -0.1647 -0.4990
vn 0.7448 -0.2025 -0.6358
vn 0.5856 0.3698 -0.7214
vn 0.5148 0.3530 -0.7813
vn 0.5610 0.3901 -0.7302
vn 0.5192 0.3654 -0.7726
vn -0.9102 0.3112 -0.2734
vn -0.1718 0.4659 -0.8680
vn -0.2271 0.4592 -0.8588
vn -0.9084 0.3127 -0.2776
vn -0.8230 -0.1400 0.5506
vn -0.8512 -0.1400 0.5058
vn -0.3731 -0.3892 0.8422
vn -0.3924 -0.4342 0.8109
vn 0.2731 -0.4722 0.8381
vn -0.3598 -0.3951 0.8452
vn -0.3892 -0.4379 0.8104
vn 0.2130 -0.5922 0.7772
vn 0.9172 -0.2471 0.3126
vn 0.8669 -0.4526 0.2088
vn 0.8816 0.1280 -0.4542
vn 0.8319 -0.0098 -0.5549
vn 0.4170 0.3613 -0.8340
vn 0.3817 0.2907 -0.8774
vn 0.4118 0.3597 -0.8373
vn 0.3826 0.2988 -0.8743
vn -0.2870 -0.2885 -0.9134
vn -0.3839 -0.8263 -0.4122
vn 0.5384 0.8407 -0.0583
vn 0.3706 0.7558 -0.5398
vn 0.4917 0.8322 -0.2562
vn 0.4260 0.6224 -0.6566
vn 0.1927 0.4606 -0.8664
vn 0.2507 0.5786 -0.7761
vn 0.3289 0.3161 -0.8899
vn -0.2564 -0.5455 -0.7979
vn 0.2920 0.3161 -0.9027
vn -0.1777 -0.9097 0.3752
vn -0.3810 -0.6736 0.6333
vn 0.1504 0.8643 -0.4801
vn -0.6431 -0.6970 0.3172
vn 0.2338 0.6566 0.7171
vn -0.4496 -0.8932 0.0119
vn -0.4412 -0.8960 0.0512
vn -0.0736 -0.5426 -0.8368
vn 0.1381 -0.5986 -0.7890
vn -0.3755 -0.9146 0.1501
vn 0.3460 0.5428 -0.7653
vn 0.4033 0.8618 -0.3075
vn 0.4220 0.8547 -0.3023
vn 0.4336 0.5583 -0.7073
vn 0.2638 0.1882 -0.9460
vn 0.3969 0.1482 -0.9058
vn 0.2663 0.1918 -0.9446
vn 0.3984 0.1505 -0.9048
vn -0.3873 -0.7183 0.5780
vn -0.4525 -0.6112 0.6494
vn -0.1948 -0.2075 0.9586
vn -0.2314 -0.3646 0.9019
vn 0.1335 0.6294 0.7655
vn 0.2569 -0.6732 -0.6934
vn 0.4194 -0.7516 -0.5091
vn -0.1905 -0.9214 0.3388
vn -0.3153 -0.9198 0.2335
vn 0.4028 0.8779 -0.2588
vn 0.3981 0.8766 -0.2702
vn 0.5495 0.5212 -0.6530
vn 0.4761 0.5430 -0.6918
vn 0.4851 0.1133 -0.8671
vn 0.5905 0.0640 -0.8045
vn 0.4883 0.1170 -0.8648
vn 0.5922 0.0663 -0.8031
vn -0.4116 -0.5530 0.7245
vn -0.4492 -0.5778 0.6814
vn -0.3888 -0.1065 0.9151
vn -0.3998 -0.0540 0.9150
vn 0.0417 0.7333 0.6786
vn -0.3890 -0.1439 0.9099
vn -0.3932 -0.0701 0.9168
vn -0.0157 0.7681 0.6401
vn -0.3313 -0.2247 0.9164
vn -0.3345 -0.2486 0.9090
vn 0.4922 0.2603 0.8306
vn -0.0001 -0.1551 0.9879
vn 0.0344 -0.0797 0.9962
vn 0.5780 0.4266 0.6956
vn -0.4913 -0.5561 0.6704
vn -0.4009 -0.4470 0.7996
vn -0.6739 -0.7272 -0.1310
vn -0.6172 -0.4962 0.6105
vn -0.8150 -0.5633 -0.1360
vn -0.2639 -0.5097 -0.8189
vn -0.4259 -0.3888 -0.8170
vn 0.1820 -0.1669 -0.9690
vn 0.1382 -0.0816 -0.9870
vn 0.6479 0.2600 -0.7159
vn 0.1888 -0.1651 -0.9680
vn 0.1575 -0.0419 -0.9866
vn 0.6463 0.4021 -0.6485
vn 0.8419 0.5396 0.0118
vn 0.8038 0.5949 -0.0019
vn 0.5275 0.3340 0.7812
vn -0.0212 -0.1434 0.9894
vn -0.7886 -0.2158 0.5758
vn -0.9804 -0.1866 -0.0635
vn -0.6598 -0.1547 -0.7354
vn 0.0262 0.0058 -0.9996
vn 0.1537 0.0347 -0.9875
vn 0.5760 0.6506 -0.4949
vn 0.6107 0.7906 0.0442
vn 0.4898 0.5138 0.7043
vn -0.0881 -0.0735 0.9934
vn -0.9337 0.3581 -0.0007
vn -0.7349 0.2703 0.6220
vn -0.5604 0.4638 0.6862
vn -0.8098 0.5866 -0.0100
vn -0.6784 0.2626 -0.6862
vn -0.5010 0.4478 -0.7405
vn 0.0019 -0.0585 -0.9983
vn 0.0740 0.0457 -0.9962
vn 0.7861 0.2698 -0.5561
vn 0.1673 0.0048 -0.9859
vn 0.1420 -0.0319 -0.9894
vn 0.5245 -0.6039 -0.6002
vn 0.9974 0.0325 -0.0641
vn 0.4841 -0.8645 -0.1348
vn 0.5276 0.1479 0.8366
vn 0.5109 -0.5603 0.6520
vn -0.1012 0.0903 0.9908
vn 0.0274 0.0965 0.9950
vn -0.7772 0.6290 -0.0144
vn -0.5122 0.4486 0.7324
vn -0.4925 0.3954 0.7753
vn -0.7760 0.6306 0.0155
vn -0.4610 0.4182 -0.7827
vn -0.4877 0.3614 -0.7947
vn 0.0314 -0.0116 -0.9994
vn -0.0393 -0.0759 -0.9963
vn 0.3849 -0.6192 -0.6844
vn 0.0469 -0.0405 -0.9981
vn -0.0347 -0.0827 -0.9960
vn 0.3212 -0.5649 -0.7601
vn 0.4782 -0.8688 -0.1281
vn 0.4836 -0.8680 -0.1128
vn 0.3856 -0.5591 0.7340
vn 0.2900 -0.5482 0.7844
vn -0.0027 0.0255 0.9997
vn -0.0648 -0.0379 0.9972
vn -0.4917 0.3697 0.7884
vn -0.7207 0.6907 0.0600
vn -0.4714 0.4240 -0.7733
vn -0.0012 -0.0462 -0.9989
vn 0.0012 -0.0454 -0.9990
vn 0.4249 -0.4682 -0.7747
vn 0.6113 -0.7647 -0.2038
vn 0.2851 -0.6081 0.7409
vn -0.1405 -0.0979 0.9852
vn -0.4896 0.3260 0.8087
vn -0.6578 0.7337 0.1703
vn -0.4362 0.5914 -0.6782
vn -0.0000 0.0644 -0.9979
vn 0.0044 0.0775 -0.9970
vn 0.4775 -0.4580 -0.7498
vn 0.6737 -0.7149 -0.1872
vn 0.3181 -0.5777 0.7517
vn -0.1403 -0.1415 0.9800
vn -0.4571 0.3647 0.8112
vn -0.5952 0.7461 0.2985
vn -0.4204 0.7333 -0.5344
vn -0.0024 0.1412 -0.9900
vn -0.0343 0.2376 -0.9707
vn 0.4049 -0.5498 -0.7306
vn 0.5609 -0.7828 -0.2693
vn 0.2785 -0.7115 0.6451
vn -0.1291 -0.1162 0.9848
vn -0.0048 0.4526 -0.8917
vn 0.0237 0.4760 -0.8791
vn 0.7132 0.2434 -0.6573
vn 0.6887 0.2348 -0.6860
vn 0.9726 -0.1300 -0.1925
vn 0.9761 -0.1398 -0.1664
vn 0.8464 -0.4453 0.2921
vn 0.8293 -0.4804 0.2856
vn 0.5430 -0.6220 0.5642
vn 0.8603 -0.4067 0.3073
vn 0.8263 -0.4837 0.2885
vn 0.5304 -0.6693 0.5202
vn 0.0403 -0.7316 0.6806
vn -0.0085 -0.7782 0.6280
vn -0.5210 -0.6667 0.5329
vn -0.4482 -0.6645 0.5980
vn -0.8222 -0.4120 0.3927
vn -0.8838 -0.3898 0.2585
vn -0.9877 0.0044 -0.1561
vn -0.9969 0.0066 -0.0782
vn -0.8488 0.2732 -0.4527
vn -0.8359 0.2692 -0.4783
vn -0.5441 0.4249 -0.7234
vn -0.8441 0.2971 -0.4464
vn -0.8335 0.2740 -0.4797
vn -0.5390 0.4341 -0.7218
vn 0.0540 0.5723 -0.8183
vn 0.7369 0.3493 -0.5788
vn 0.9911 -0.0509 -0.1229
vn 0.8376 -0.4448 0.3170
vn 0.8346 -0.4503 0.3174
vn 0.5200 -0.6618 0.5400
vn -0.0390 -0.7748 0.6310
vn -0.5464 -0.6630 0.5117
vn -0.8822 -0.4027 0.2441
vn -0.9871 0.0001 -0.1600
vn -0.8384 0.2860 -0.4640
vn -0.8353 0.2869 -0.4689
vn -0.5252 0.4915 -0.6947
vn 0.0418 0.6490 -0.7596
vn 0.7450 0.4344 -0.5063
vn 0.9984 -0.0183 -0.0528
vn 0.8288 -0.4340 0.3531
vn 0.8234 -0.4430 0.3546
vn 0.8194 -0.4486 0.3570
vn 0.4868 -0.6654 0.5659
vn -0.0786 -0.7612 0.6437
vn -0.5585 -0.6480 0.5179
vn -0.8766 -0.4040 0.2616
vn -0.9898 -0.0231 -0.1407
vn -0.8569 0.2668 -0.4411
vn -0.8493 0.2830 -0.4456
vn -0.8481 0.2951 -0.4400
vn -0.5452 0.5231 -0.6551
vn 0.1885 0.9819 -0.0199
vn -0.2052 0.0392 0.9779
vn -0.2142 0.3963 0.8928
vn 0.5079 0.8464 0.1604
vn 0.8095 0.5444 0.2200
vn -0.1672 0.4151 0.8943
vn 0.9319 -0.2138 0.2931
vn 0.7254 -0.5853 0.3623
vn 0.4444 -0.5252 0.7257
vn 0.8223 -0.3885 0.4159
vn 0.7657 -0.4988 0.4061
vn 0.4162 -0.3634 0.8335
vn -0.1395 -0.4576 0.8781
vn -0.1108 -0.1573 0.9813
vn -0.4639 0.0339 0.8852
vn -0.5490 -0.2821 0.7868
vn -0.8362 -0.1032 0.5386
vn -0.7240 0.2124 0.6563
vn -0.9038 0.3847 0.1872
vn -0.9902 0.1351 0.0353
vn -0.8914 0.2588 -0.3722
vn -0.8807 0.3220 -0.3472
vn -0.3060 0.8898 -0.3386
vn -0.8014 0.3380 -0.4935
vn -0.8067 0.3780 -0.4543
vn -0.2450 0.9481 -0.2026
vn -0.7357 -0.6653 -0.1270
vn -0.4793 -0.5167 -0.7094
vn 0.0361 -0.9070 -0.4195
vn -0.3323 -0.9348 0.1253
vn -0.0180 -0.9720 0.2343
vn 0.4415 -0.8973 0.0030
vn 0.7182 -0.5294 0.4516
vn 0.6914 -0.5388 0.4812
vn 0.5448 -0.1574 0.8236
vn 0.7427 -0.4837 0.4630
vn 0.6789 -0.5195 0.5189
vn 0.6199 -0.1124 0.7766
vn 0.1356 0.2271 0.9644
vn 0.2901 0.3774 0.8795
vn -0.0691 0.6698 0.7393
vn -0.2348 0.4739 0.8487
vn -0.5310 0.6192 0.5785
vn -0.3974 0.7899 0.4670
vn -0.7074 0.7068 -0.0099
vn -0.7748 0.6254 0.0921
vn -0.8057 0.4485 -0.3868
vn -0.8146 0.4237 -0.3961
vn -0.8513 -0.2859 -0.4399
vn -0.8015 0.4028 -0.4420
vn -0.8151 0.4074 -0.4119
vn -0.7614 0.0061 -0.6483
vn -0.4351 -0.4646 -0.7712
vn 0.0544 -0.8714 -0.4876
vn 0.3993 -0.9168 0.0089
vn 0.5595 -0.6070 0.5643
vn 0.5666 -0.5587 0.6057
vn 0.5627 -0.1058 0.8198
vn 0.3176 0.4288 0.8457
vn 0.0142 0.7422 0.6700
vn -0.3021 0.8668 0.3967
vn -0.6427 0.7626 -0.0734
vn -0.7667 0.4680 -0.4395
vn -0.7734 0.4579 -0.4385
vn -0.7216 0.0563 -0.6900
vn -0.4342 -0.4678 -0.7698
vn -0.0675 -0.8819 -0.4665
vn 0.3635 -0.9278 0.0844
vn 0.4748 -0.6521 0.5910
vn 0.4863 -0.5120 0.7081
vn 0.4485 -0.0923 0.8890
vn 0.2444 0.4942 0.8343
vn 0.0087 0.7994 0.6007
vn -0.2275 0.9129 0.3389
vn -0.5587 0.8180 -0.1370
vn -0.7028 0.5082 -0.4978
vn -0.7057 0.5021 -0.5000
vn -0.6813 0.0978 -0.7255
vn -0.4663 -0.4664 -0.7517
vn -0.5734 -0.3445 -0.7433
vn -0.2120 -0.7763 -0.5937
vn -0.2068 -0.8503 -0.4839
vn 0.4334 -0.9012 0.0042
vn 0.5348 -0.8382 -0.1068
vn 0.4772 -0.6929 0.5405
vn 0.5412 -0.7135 0.4449
vn 0.4498 -0.1770 0.8754
vn 0.4463 -0.5883 0.6743
vn 0.7093 -0.4021 0.5790
vn 0.4318 0.0052 0.9020
vn 0.1654 0.5349 0.8286
vn 0.2121 0.7829 0.5849
vn 0.0814 0.9294 0.3599
vn -0.0265 0.8086 0.5877
vn -0.1413 0.9414 0.3062
vn 0.0299 0.9828 0.1822
vn -0.2820 0.9438 -0.1723
vn -0.4506 0.8837 -0.1267
vn -0.7034 0.1035 -0.7032
vn -0.6973 0.5282 -0.4846
vn -0.6769 0.5891 -0.4413
vn -0.7403 0.1816 -0.6473
vn 0.0969 0.7375 -0.6684
vn 0.7312 0.5712 -0.3728
vn 0.9879 0.1502 -0.0392
vn 0.8563 -0.3686 0.3619
vn 0.4923 -0.5713 0.6567
vn 0.8249 -0.4152 0.3836
vn -0.0812 -0.5779 0.8121
vn -0.5512 -0.4237 0.7188
vn -0.8717 -0.2403 0.4271
vn -0.9960 0.0252 -0.0856
vn -0.8697 0.1976 -0.4524
vn -0.4944 0.5280 -0.6904
vn -0.8337 0.2273 -0.5032
vn -0.6491 0.0002 -0.7607
vn -0.7011 0.0342 -0.7122
vn -0.2580 -0.0560 -0.9645
vn -0.1944 -0.1195 -0.9736
vn 0.0439 -0.1380 -0.9895
vn 0.0573 -0.0088 -0.9983
vn -0.5188 -0.8479 0.1092
vn -0.7157 -0.6429 0.2730
vn -0.8473 -0.5199 0.1085
vn -0.6537 -0.7471 0.1209
vn -0.9870 -0.1244 -0.1015
vn -0.9925 -0.1066 -0.0592
vn -0.8840 0.1018 -0.4562
vn -0.9920 0.0741 -0.1021
vn -0.9839 -0.1584 -0.0832
vn -0.9186 0.0573 -0.3909
vn -0.7209 0.0489 -0.6913
vn -0.3274 0.1453 -0.9337
vn 0.0536 0.2173 -0.9746
vn -0.7960 -0.1992 0.5716
vn -0.9556 -0.1458 0.2562
vn -0.9828 -0.1679 -0.0774
vn -0.9798 -0.1854 -0.0747
vn -0.9266 -0.0598 -0.3713
vn -0.7167 0.0990 -0.6903
vn -0.3438 0.2824 -0.8956
vn 0.0053 0.3702 -0.9289
vn -0.7023 0.3229 0.6344
vn -0.9566 -0.0525 0.2865
vn -0.9898 -0.1346 -0.0468
vn -0.9919 -0.1204 -0.0416
vn -0.9271 -0.0537 -0.3709
vn -0.7643 0.1186 -0.6339
vn -0.3985 0.3569 -0.8449
vn -0.0567 0.4488 -0.8918
vn -0.6727 0.2069 0.7104
vn -0.9493 -0.1797 0.2580
vn -0.9959 0.0750 -0.0509
vn -0.9996 0.0286 0.0086
vn -0.9546 -0.0020 -0.2978
vn -0.8234 0.0541 -0.5649
vn -0.4297 0.3787 -0.8197
vn -0.0918 0.4490 -0.8888
vn -0.0905 0.4812 -0.8719
vn -0.7920 -0.3023 0.5304
vn -0.9551 -0.0614 0.2898
vn -0.9951 0.0928 -0.0344
vn -0.9899 0.0288 0.1386
vn -0.9729 -0.1263 -0.1937
vn -0.7842 0.1890 -0.5910
vn -0.4077 0.4744 -0.7802
vn -0.1171 0.5179 -0.8474
vn -0.8475 -0.1384 0.5125
vn -0.9665 0.0364 0.2542
vn -0.9967 0.0308 -0.0745
vn -0.9743 -0.0382 0.2219
vn -0.9304 -0.3109 0.1939
vn -0.9295 -0.0821 -0.3595
vn -0.7011 0.3264 -0.6340
vn -0.3397 0.6076 -0.7179
vn -0.1209 0.6491 -0.7510
vn -0.8597 -0.0704 0.5059
vn -0.9535 0.0069 0.3012
vn -0.9873 -0.1311 0.0893
vn -0.9884 0.0110 0.1512
vn -0.9442 -0.1897 0.2693
vn -0.4201 -0.7576 -0.4996
vn -0.9419 -0.3118 0.1247
vn -0.8173 0.0610 0.5730
vn -0.9511 -0.1915 0.2423
vn -0.2454 -0.0815 -0.9660
vn -0.5985 0.5566 -0.5762
vn -0.5186 0.8081 -0.2793
vn -0.2188 0.8382 -0.4995
vn -0.2851 0.6140 -0.7361
vn -0.1138 0.6290 -0.7690
vn -0.1079 0.8254 -0.5541
vn -0.6485 0.0335 0.7605
vn -0.4677 0.0953 0.8787
vn -0.6339 0.1114 0.7654
vn -0.8644 -0.2215 0.4514
vn -0.3096 0.9483 -0.0705
vn -0.1343 0.9529 -0.2718
vn -0.0701 0.9426 -0.3266
vn -0.2204 0.2698 0.9374
vn -0.4774 0.4672 0.7442
vn -0.7319 0.5206 0.4397
vn -0.6115 0.6841 0.3975
vn -0.5928 0.8053 0.0007
vn -0.4491 0.4433 0.7758
vn -0.4911 0.5383 0.6849
vn -0.4350 0.8807 0.1874
vn -0.3314 0.8766 -0.3491
vn -0.1395 0.8876 -0.4390
vn -0.0504 0.8869 -0.4592
vn -0.4317 0.4994 0.7512
vn -0.3861 0.7485 0.5391
vn -0.4304 0.8718 0.2340
vn -0.2961 0.7300 0.6159
vn -0.3271 0.8600 0.3917
vn -0.3777 0.9258 -0.0124
vn -0.5785 -0.2348 -0.7811
vn -0.6631 -0.0860 -0.7435
vn -0.2106 -0.3811 -0.9002
vn -0.1398 -0.6014 -0.7866
vn 0.1340 -0.6840 -0.7171
vn -0.1993 -0.4061 -0.8918
vn 0.1440 -0.4265 -0.8929
vn 0.1956 -0.5201 -0.8314
vn 0.1688 0.4474 -0.8783
vn -0.0882 -0.8656 -0.4929
vn 0.0359 -0.8320 -0.5536
vn 0.7457 0.2393 -0.6218
vn 0.7664 0.5034 -0.3991
vn 0.1789 -0.8399 -0.5125
vn 0.7268 0.1860 -0.6612
vn 0.2335 0.8996 -0.3689
vn -0.7992 0.1602 -0.5793
vn -0.6536 0.6075 -0.4514
vn -0.8207 0.4705 -0.3242
vn -0.8613 0.1680 -0.4795
vn -0.7901 -0.1165 0.6018
vn -0.5811 0.3468 -0.7362
vn -0.2774 0.5059 -0.8168
vn -0.1176 0.5806 -0.8057
vn -0.5935 0.7939 0.1323
vn -0.4558 0.3271 0.8278
vn -0.7306 0.4024 0.5516
vn -0.5460 -0.4059 0.7329
vn -0.8682 -0.4844 0.1072
vn -0.7657 -0.6233 0.1584
vn -0.0545 -0.8997 -0.4331
vn 0.0675 -0.8686 -0.4909
vn -0.0189 0.4325 -0.9014
vn -0.2893 0.7408 -0.6063
vn -0.4227 0.6569 -0.6244
vn -0.5913 0.7594 -0.2716
vn -0.7708 0.6310 -0.0882
vn -0.6564 0.5983 -0.4595
vn -0.5525 0.7550 -0.3532
vn 0.5507 0.0336 -0.8340
vn 0.4307 0.1608 -0.8880
vn -0.2308 0.2386 -0.9433
vn -0.0447 0.1939 -0.9800
vn 0.9470 -0.0280 -0.3201
vn 0.8469 0.1430 -0.5122
vn 0.4046 0.1758 -0.8974
vn 0.5744 0.0519 -0.8169
vn 0.9558 0.0296 0.2925
vn 0.9980 0.0391 0.0502
vn -0.5722 0.2704 -0.7742
vn -0.6715 0.2599 -0.6940
vn -0.8807 0.2188 -0.4201
vn -0.8487 0.2528 -0.4646
vn 0.7376 0.6065 0.2968
vn 0.8924 0.2213 0.3932
vn 0.9661 0.1761 0.1888
vn 0.8757 0.4103 0.2545
vn 0.1807 0.8893 0.4201
vn -0.0836 0.9036 0.4202
vn -0.2038 0.3879 0.8989
vn 0.3354 0.3484 0.8753
vn -0.5041 0.8393 0.2035
vn -0.7336 0.6780 0.0465
vn -0.9498 0.2944 0.1060
vn -0.8345 0.3162 0.4513
vn 0.3557 -0.1907 -0.9149
vn -0.2885 -0.3177 -0.9033
vn 0.7386 -0.4327 -0.5170
vn 0.3421 -0.1882 -0.9206
vn 0.8215 -0.5683 -0.0465
vn 0.5492 -0.7909 0.2699
vn 0.5520 -0.8298 0.0814
vn -0.2199 -0.4880 0.8447
vn 0.2791 -0.5690 0.7736
vn -0.6499 -0.7559 0.0796
vn -0.7062 -0.6035 0.3702
vn -0.5932 -0.5133 -0.6202
vn -0.7271 -0.5737 -0.3772
vn -0.5236 0.5477 -0.6526
vn -0.8116 0.4440 -0.3797
vn -0.8242 0.4000 -0.4007
vn -0.9768 0.2038 0.0661
vn -0.7588 -0.1120 0.6416
vn -0.3755 -0.2842 0.8822
vn 0.1934 -0.3389 0.9207
vn 0.6904 -0.2960 0.6602
vn 0.9213 -0.2126 0.3257
vn 0.9087 -0.2239 0.3523
vn 0.9684 0.0308 -0.2476
vn 0.5998 0.3438 -0.7225
vn -0.0515 0.5396 -0.8404
vn 0.6550 0.2705 0.7056
vn 0.7199 0.4749 0.5061
vn 0.8692 0.1302 0.4770
vn 0.9475 0.1112 0.3000
vn 0.2120 0.3488 0.9129
vn -0.2920 0.3725 0.8809
vn -0.0735 0.8166 0.5725
vn 0.2229 0.7970 0.5613
vn -0.7078 0.3361 0.6214
vn -0.9604 0.2698 0.0699
vn -0.7606 0.5984 0.2518
vn -0.3552 0.8070 0.4717
vn -0.9495 0.3004 -0.0905
vn -0.9651 0.1993 -0.1699
vn 0.5989 -0.7944 0.1010
vn -0.6150 -0.7652 -0.1903
vn 0.5593 0.7615 0.3275
vn -0.0149 0.9718 0.2353
vn 0.1153 0.9583 0.2615
vn -0.5122 0.8486 0.1325
vn -0.1576 0.9633 0.2174
vn -0.8278 0.5608 0.0151
vn -0.9637 0.2403 -0.1167
vn -0.6001 -0.7918 -0.1136
vn 0.4405 0.8198 0.3659
vn -0.2861 0.8998 0.3294
vn 0.5431 -0.8359 0.0790
vn 0.5508 -0.7891 0.2717
vn -0.0328 -0.9994 -0.0069
vn -0.0317 -0.9989 -0.0356
vn 0.5757 -0.8122 0.0940
vn -0.0316 -0.9969 -0.0715
vn 0.8187 -0.5709 -0.0615
vn -0.0341 -0.9968 -0.0730
vn 0.7549 -0.3907 -0.5268
vn -0.0368 -0.9967 -0.0720
vn 0.3543 -0.1266 -0.9265
vn 0.2793 -0.5679 0.7743
vn -0.2200 -0.4871 0.8452
vn -0.0316 -0.9995 -0.0077
vn 0.4383 -0.6625 0.6075
vn -0.2834 -0.2783 -0.9177
vn -0.6101 -0.4832 -0.6280
vn -0.7377 -0.5518 -0.3890
vn -0.6339 -0.7502 -0.1878
vn -0.6092 -0.7847 -0.1145
vn -0.6501 -0.7556 0.0802
vn -0.6302 -0.5346 0.5631
vn -0.7066 -0.6029 0.3704
vn -0.6706 0.3564 0.6506
vn -0.6298 -0.5353 0.5628
vn 0.5973 0.2839 0.7501
vn 0.4379 -0.6632 0.6070
vn -0.2018 -0.9696 0.1382
vn -0.3038 -0.6735 0.6739
vn -0.6365 -0.6626 0.3948
vn -0.4519 -0.8906 0.0517
vn -0.2722 -0.0934 0.9577
vn -0.6135 -0.1693 0.7713
vn -0.3407 0.2276 0.9122
vn -0.5211 0.4506 0.7249
vn -0.3746 0.0677 0.9247
vn -0.6045 0.3042 0.7362
vn -0.2271 -0.3575 0.9059
vn -0.4843 -0.4065 0.7747
vn -0.1310 -0.2510 0.9591
vn -0.4675 -0.2801 0.8385
vn -0.0583 -0.0777 0.9953
vn -0.4715 -0.1121 0.8747
vn 0.0508 0.1140 0.9922
vn 0.0554 0.2501 0.9666
vn -0.1562 0.2181 0.9634
vn -0.2559 0.1166 0.9597
vn 0.0199 0.1699 0.9853
vn -0.0492 0.2021 0.9781
vn -0.3311 -0.0307 0.9431
vn -0.2035 0.2549 0.9453
vn 0.0052 -0.1484 0.9889
vn -0.4026 -0.1087 0.9089
vn -0.0000 -0.0000 -1.0000
vn -0.6369 -0.4403 -0.6328
vn 0.0958 -0.4725 0.8761
vn -0.4077 0.5790 -0.7061
vn -0.3756 -0.7453 0.5508
vn -0.7770 -0.0583 0.6268
vn -0.4933 0.0533 0.8682
vn 0.3485 0.0559 -0.9357
vn -0.0108 0.0607 -0.9981
vn -0.3386 0.0810 -0.9374
vn -0.6186 0.0081 -0.7857
vn -0.7674 -0.1119 -0.6314
vn -0.9841 -0.0678 -0.1639
vn -0.9554 -0.0793 0.2845
vn -0.3055 0.0941 0.9475
vn -0.1494 0.1620 0.9754
vn -0.6102 0.0941 0.7866
vn -0.5551 0.2995 0.7760
vn -0.8904 0.3156 0.3280
vn -0.9488 0.3158 -0.0057
vn -0.8146 0.4947 -0.3029
vn -0.5384 0.6238 -0.5666
vn -0.1586 0.6598 -0.7345
vn -0.3223 0.9466 -0.0036
vn -0.2912 0.7304 -0.6179
vn 0.0191 0.2354 -0.9717
vn -0.0971 0.3625 -0.9269
vn 0.3017 -0.6283 -0.7171
vn 0.2541 -0.9467 -0.1982
vn 0.0918 -0.6511 0.7534
vn -0.1208 -0.1681 0.9783
vn -0.1449 0.4848 0.8625
vn 0.7534 0.3917 -0.5281
vn 0.0746 0.5365 -0.8406
vn 0.9926 -0.0178 -0.1202
vn 0.8279 -0.4315 0.3582
vn 0.5111 -0.6052 0.6104
vn 0.8137 -0.4647 0.3492
vn -0.5542 -0.5229 0.6477
vn -0.0565 -0.6496 0.7582
vn -0.9896 -0.0340 -0.1398
vn -0.8747 -0.3234 0.3610
vn -0.8580 0.1386 -0.4946
vn -0.5057 0.3949 -0.7670
vn -0.8376 0.1661 -0.5204
vn -0.2715 0.8954 0.3529
vn -0.2831 0.9065 0.3132
vn -0.3131 0.9156 0.2522
vn -0.1430 0.9303 0.3379
vn -0.1388 0.9251 0.3535
vn -0.1282 0.9158 0.3806
vn 0.4821 0.7015 0.5249
vn 0.6230 0.7000 0.3491
vn 0.6111 0.6601 0.4367
vn 0.4423 0.7612 0.4743
vn 0.0385 0.6401 0.7673
vn 0.0979 0.7730 0.6268
vn 0.0888 0.7701 0.6317
vn 0.0345 0.5479 0.8358
vn -0.5623 0.5587 -0.6097
vn -0.5885 0.5336 -0.6075
vn -0.5880 0.5419 -0.6005
vn -0.5607 0.5652 -0.6051
vn 0.0841 0.9849 0.1514
vn -0.0848 0.9891 0.1201
vn -0.0914 0.9900 0.1071
vn 0.1377 0.9720 0.1904
vn 0.1947 0.9775 0.0813
vn 0.1962 0.9778 0.0732
vn 0.1959 0.9779 0.0734
vn 0.1952 0.9774 0.0814
vn -0.0592 0.9969 -0.0525
vn -0.0301 0.9979 -0.0570
vn -0.0301 0.9979 -0.0569
vn -0.0593 0.9969 -0.0524
vn 0.2859 0.9239 0.2542
vn 0.2837 0.9257 0.2500
vn 0.1036 0.3856 0.9168
vn 0.1198 0.3938 0.9113
vn 0.2432 -0.0783 0.9668
vn 0.5633 -0.0269 0.8258
vn 0.4691 -0.1008 0.8774
vn 0.2734 -0.1040 0.9563
vn 0.0562 0.6331 0.7720
vn -0.1096 0.6832 0.7219
vn -0.1114 0.6869 0.7181
vn 0.0478 0.6374 0.7690
vn -0.1377 0.7762 0.6153
vn -0.1370 0.7753 0.6166
vn -0.0721 0.7713 0.6324
vn -0.0020 0.8415 0.5402
vn -0.0008 0.8420 0.5394
vn -0.0694 0.8421 0.5348
vn -0.0308 0.8152 0.5784
vn 0.0562 0.8081 0.5864
vn 0.0594 0.8049 0.5904
vn -0.0338 0.8173 0.5752
vn 0.0580 0.8095 0.5843
vn 0.0547 0.7628 0.6443
vn 0.0578 0.7758 0.6283
vn 0.0640 0.8085 0.5849
vn 0.0078 0.7541 0.6567
vn 0.0597 0.7838 0.6181
vn 0.0563 0.7844 0.6176
vn 0.0101 0.7612 0.6484
vn 0.1268 0.8046 0.5802
vn 0.1417 0.7555 0.6397
vn 0.1417 0.7566 0.6384
vn 0.0756 0.7659 0.6385
vn 0.1581 0.7680 0.6206
vn 0.1784 0.6807 0.7105
vn 0.1663 0.6843 0.7100
vn 0.1507 0.7733 0.6159
vn 0.6822 -0.7311 0.0029
vn 0.7662 -0.6349 0.0993
vn 0.7606 -0.6430 0.0891
vn 0.6434 -0.7652 -0.0211
vn 0.6529 -0.7571 -0.0240
vn 0.5691 -0.8181 0.0823
vn 0.5366 -0.8427 -0.0448
vn 0.5470 -0.8362 -0.0405
vn 0.5535 -0.8255 0.1101
vn 0.5450 -0.8322 0.1018
vn 0.5497 -0.8351 0.0218
vn 0.5832 -0.8005 0.1380
vn 0.5871 -0.7984 0.1337
vn 0.5437 -0.8390 0.0196
vn 0.5482 -0.8361 0.0186
vn 0.4700 -0.8565 0.2132
vn 0.5219 -0.8486 0.0866
vn 0.5225 -0.8480 0.0891
vn 0.4975 -0.8377 0.2253
vn 0.4757 -0.8527 0.2160
vn 0.6741 0.4459 0.5889
vn 0.4588 0.4884 0.7423
vn 0.4500 0.4914 0.7456
vn 0.6727 0.4450 0.5911
vn 0.8186 0.5744 0.0075
vn 0.9057 0.4136 0.0931
vn 0.9039 0.4176 0.0919
vn 0.8124 0.5831 0.0085
vn 0.9313 0.3555 0.0796
vn 0.9174 0.2742 0.2884
vn 0.9179 0.2641 0.2962
vn 0.8924 0.3097 0.3283
vn 0.8911 0.3787 0.2502
vn 0.8574 0.2762 0.4343
vn 0.8394 0.2866 0.4619
vn 0.8826 0.3890 0.2638
vn 0.2411 0.9704 0.0165
vn 0.2482 0.9572 -0.1486
vn 0.2449 0.9596 -0.1387
vn 0.2834 0.9587 0.0244
vn -0.0147 0.9950 0.0987
vn -0.1446 0.9834 0.1100
vn 0.7641 0.6413 0.0691
vn 0.7643 0.6411 0.0702
vn 0.7889 0.6046 -0.1099
vn -0.6544 0.7533 0.0651
vn -0.5785 0.8074 0.1161
vn 0.6093 0.3076 -0.7308
vn -0.5467 0.8367 0.0321
vn -0.5158 0.8478 0.1232
vn -0.6028 0.7738 0.1947
vn -0.6438 -0.7652 -0.0079
vn -0.7852 0.6192 0.0076
vn -0.2765 -0.5223 -0.8067
vn -0.5528 0.8307 -0.0657
vn 0.1553 -0.1956 -0.9683
vn -0.4967 0.8648 0.0743
vn 0.5700 -0.8176 0.0811
vn 0.5706 -0.8173 0.0802
vn 0.1052 -0.1883 -0.9765
vn -0.5236 0.8503 0.0537
vn -0.8910 0.1402 0.4319
vn -0.8317 -0.2912 0.4728
vn 0.8164 -0.2496 -0.5207
vn 0.9935 -0.0728 -0.0881
vn 0.9935 -0.0727 -0.0881
vn 0.9934 -0.0729 -0.0880
vn 0.3384 -0.1545 0.9282
vn 0.2593 -0.0853 0.9620
vn 0.5074 -0.2562 -0.8227
vn 0.9938 -0.0995 -0.0491
vn 0.9937 -0.1003 -0.0506
vn 0.9955 -0.0541 -0.0773
vn 0.9956 -0.0537 -0.0766
vn 0.9954 -0.0549 -0.0787
vn -0.1286 -0.9789 0.1588
vn -0.0862 -0.9824 0.1655
vn 0.3662 -0.2435 -0.8981
vn 0.3961 -0.2129 -0.8932
vn -0.2680 -0.0732 -0.9606
vn -0.0000 -0.0000 1.0000
vn -0.1408 0.4411 0.8863
vn -0.0034 0.0106 0.9999
vn -0.9935 0.0728 0.0880
vn -0.9934 0.0729 0.0880
vn -0.9935 0.0727 0.0881
vn -0.2892 -0.1880 -0.9386
vn 0.3724 -0.2386 -0.8969
vn -0.7864 -0.5958 0.1631
vn -0.7857 -0.5980 0.1585
vn -0.7745 -0.6114 0.1622
vn -0.7761 -0.6081 0.1672
vn -0.8610 0.3105 0.4029
vn -0.8894 0.2323 0.3936
vn -0.8243 -0.2827 0.4904
vn -0.7978 -0.3956 0.4550
vn 0.3697 -0.2376 -0.8982
vn -0.9936 0.0871 0.0718
vn -0.9915 0.1059 0.0759
vn -0.9959 0.0635 0.0643
vn -0.9972 0.0484 0.0563
vn -0.8914 -0.1035 -0.4412
vn -0.9050 0.0589 -0.4213
vn -0.8353 0.1244 0.5355
vn -0.3779 -0.8650 0.3302
vn -0.7219 -0.4923 0.4863
vn -0.4342 -0.8993 -0.0524
vn -0.8615 -0.1283 0.4914
vn -0.8373 0.3664 0.4057
vn 0.4396 0.8249 -0.3554
vn 0.7813 0.4175 -0.4640
vn 0.0193 0.9858 -0.1667
vn -0.3978 0.9157 0.0571
vn -0.6642 0.7129 0.2251
vn 0.8896 0.0285 -0.4558
vn 0.8514 -0.3359 -0.4028
vn 0.7679 -0.4841 -0.4195
vn -0.8121 0.4754 0.3383
vn 0.6027 -0.4877 -0.6316
vn -0.8079 -0.4493 0.3812
vn -0.4156 -0.6794 0.6046
vn 0.0748 0.1099 0.9911
vn -0.1432 -0.1227 0.9821
vn 0.1013 0.2399 0.9655
vn 0.1103 0.1266 0.9858
vn 0.1142 -0.1194 0.9863
vn 0.0905 -0.1705 0.9812
vn 0.0984 -0.0105 0.9951
vn 0.0545 -0.2828 0.9576
vn -0.0271 -0.0290 0.9992
vn -0.0769 0.1403 0.9871
vn -0.0538 -0.0930 0.9942
vn -0.0131 -0.6257 0.7799
vn 0.0234 -0.9731 0.2293
vn 0.0534 -0.9772 -0.2055
vn 0.2997 0.2955 -0.9071
vn -0.0437 0.7130 -0.6998
vn 0.0215 0.7202 0.6934
vn 0.0207 0.7195 0.6942
vn 0.0093 0.5405 0.8413
vn 0.0051 0.5402 0.8415
vn -0.8064 0.1455 -0.5732
vn -0.6523 0.2954 0.6980
vn -0.5849 0.1963 0.7870
vn 0.0887 0.4426 0.8923
vn -0.3607 0.4978 0.7888
vn -0.6039 -0.2496 0.7570
vn -0.3772 -0.3586 0.8539
vn 0.5402 -0.1872 -0.8204
vn 0.5358 -0.2071 -0.8186
vn 0.5423 -0.1841 -0.8198
vn 0.5474 -0.1765 -0.8181
vn 0.4650 -0.1833 -0.8661
vn 0.4628 -0.1649 -0.8710
vn 0.4651 -0.1778 -0.8672
vn 0.4684 -0.1811 -0.8647
vn -0.0814 0.9412 -0.3280
vn -0.0813 0.9412 -0.3278
vn 0.5704 0.8016 0.1794
vn 0.5751 0.7994 0.1735
vn -0.3556 0.8246 -0.4401
vn -0.3558 0.8245 -0.4399
vn 0.1748 -0.9055 0.3866
vn 0.1850 -0.9216 0.3413
vn -0.1524 -0.9738 0.1691
vn -0.1539 -0.9716 0.1797
vn -0.6466 0.3160 0.6943
vn -0.6353 0.3596 0.6835
vn -0.6064 0.3057 0.7340
vn -0.5899 0.2843 0.7558
vn -0.7393 -0.1945 0.6447
vn -0.7057 -0.3004 0.6416
vn -0.7635 0.0644 0.6426
vn -0.7893 0.1283 0.6004
vn -0.2630 0.7232 0.6386
vn -0.4084 0.6135 0.6759
vn -0.4699 0.7393 0.4824
vn -0.5056 0.7320 0.4566
vn -0.4377 -0.2349 0.8679
vn -0.5332 -0.5700 0.6251
vn -0.4877 0.1768 0.8549
vn -0.4491 0.1209 0.8853
vn -0.3961 -0.3933 0.8297
vn -0.1818 -0.6799 0.7105
vn -0.4003 -0.7688 0.4987
vn -0.4743 -0.3727 0.7976
vn -0.2459 0.0747 0.9664
vn -0.0393 0.1613 0.9861
vn -0.0010 0.1500 0.9887
vn 0.0755 0.2820 0.9564
vn 0.1214 -0.0255 0.9923
vn 0.1775 -0.0952 0.9795
vn 0.3665 0.0108 0.9304
vn 0.1100 0.0761 0.9910
vn 0.1881 0.0058 0.9821
vn 0.3898 -0.1169 0.9134
vn -0.4728 0.5935 0.6514
vn -0.5562 0.4886 0.6723
vn -0.7382 -0.0270 0.6740
vn -0.7507 0.2002 0.6295
vn -0.5649 0.2786 0.7767
vn -0.7594 0.3670 0.5372
vn -0.7746 0.3518 0.5256
vn -0.7658 0.3379 0.5471
vn -0.3607 0.2345 0.9027
vn -0.4673 0.0970 0.8788
vn -0.2267 0.0019 0.9740
vn -0.1075 0.1085 0.9883
vn -0.2520 0.2802 0.9263
vn -0.4669 0.2644 0.8438
vn -0.5218 0.0935 0.8479
vn -0.2858 0.0468 0.9571
vn -0.3412 0.4293 0.8362
vn -0.2741 0.1632 0.9477
vn 0.2253 0.1506 0.9626
vn 0.0919 0.3734 0.9231
vn -0.2536 0.5253 0.8122
vn -0.1385 0.3319 0.9331
vn -0.3362 0.0386 0.9410
vn -0.6114 0.1174 0.7826
vn -0.3491 0.4678 0.8120
vn -0.1924 0.6269 0.7550
vn 0.0952 0.4634 0.8810
vn -0.5962 0.0364 0.8020
vn -0.1906 0.5696 0.7995
vn -0.1145 0.4539 0.8837
vn -0.5192 -0.3370 0.7854
vn -0.5192 -0.3369 0.7855
vn -0.5190 -0.3363 0.7859
vn -0.5393 -0.3179 0.7798
vn -0.5403 -0.3208 0.7779
vn -0.5412 -0.3242 0.7759
vn 0.1079 0.5315 0.8402
vn 0.1086 0.5108 0.8528
vn -0.1743 0.6344 0.7531
vn -0.2039 0.5871 0.7834
vn -0.4870 -0.2032 0.8494
vn -0.2499 -0.1466 0.9571
vn -0.4342 -0.2622 0.8618
vn -0.5008 -0.2955 0.8135
vn 0.0914 -0.3656 0.9263
vn -0.0651 -0.2540 0.9650
vn -0.3501 -0.3538 0.8673
vn -0.1249 -0.5670 0.8142
vn -0.3144 0.0940 0.9446
vn -0.0020 0.2764 0.9611
vn -0.3457 0.0406 0.9375
vn -0.3498 0.0362 0.9361
vn -0.3500 0.0311 0.9362
vn -0.3552 0.1272 0.9261
vn -0.0919 0.0805 0.9925
vn -0.2966 -0.0786 0.9517
vn 0.2116 0.3056 0.9283
vn -0.2755 -0.0343 0.9607
vn -0.1002 -0.7049 0.7021
vn 0.1296 -0.0543 0.9901
vn 0.0429 0.1194 0.9919
vn 0.2379 0.5083 0.8277
vn 0.2754 0.4346 0.8575
vn -0.4109 -0.1117 0.9048
vn -0.4849 0.2923 0.8243
vn -0.6096 0.3943 0.6877
vn -0.6314 0.0906 0.7701
vn -0.8512 0.1831 0.4919
vn -0.7674 0.4681 0.4382
vn -0.2081 0.4976 0.8420
vn -0.2104 0.4956 0.8427
vn 0.0091 0.3335 0.9427
vn -0.0398 0.0464 0.9981
vn -0.5427 0.1834 0.8196
vn -0.5360 0.2072 0.8184
vn -0.5413 0.1875 0.8196
vn -0.5480 0.1768 0.8176
vn -0.4657 0.1776 0.8670
vn -0.4627 0.1650 0.8710
vn -0.4651 0.1833 0.8661
vn -0.4672 0.1815 0.8653
vn -0.3083 0.1392 0.9410
vn -0.0360 -0.6213 0.7827
vn -0.0360 -0.6212 0.7828
vn 0.1902 0.3867 0.9024
vn -0.6873 -0.0941 0.7203
vn -0.6374 -0.2825 0.7169
vn -0.8102 0.3167 0.4932
vn -0.6668 0.6629 0.3406
vn -0.5610 0.7512 0.3479
vn -0.5025 0.6823 0.5310
vn -0.4194 -0.0282 0.9073
vn -0.5247 -0.4165 0.7424
vn 0.8926 0.4270 0.1450
vn 0.8843 0.4416 -0.1517
vn 0.5600 0.8267 -0.0547
vn 0.6190 0.7507 0.2309
vn 0.1590 0.9799 0.1207
vn 0.2747 0.8847 0.3766
vn -0.2327 0.9036 0.3597
vn -0.0842 0.7998 0.5944
vn -0.4801 0.7086 0.5170
vn -0.3044 0.6366 0.7086
vn 0.9862 0.0987 0.1331
vn 0.9869 0.0713 -0.1445
vn 0.8303 0.3820 0.4058
vn 0.6246 0.6283 0.4638
vn 0.3594 0.7337 0.5766
vn 0.0493 0.6543 0.7546
vn -0.1261 0.5608 0.8183
vn 0.9038 0.1222 0.4102
vn 0.6866 0.2973 0.6634
vn 0.5641 0.4081 0.7178
vn 0.4284 0.4583 0.7788
vn 0.2382 0.4123 0.8794
vn 0.1858 0.3258 0.9270
vn 0.7669 0.1269 0.6291
vn 0.6901 0.3009 0.6581
vn 0.5455 0.3317 0.7697
vn 0.4397 0.3138 0.8415
vn 0.3142 0.2709 0.9099
vn 0.2849 0.2261 0.9315
vn 0.3332 0.2402 0.9117
vn 0.9245 0.0326 0.3798
vn 0.0520 0.2973 0.9534
vn 0.0359 0.1586 0.9867
vn 0.1782 0.0719 0.9814
vn 0.2380 0.3716 0.8974
vn 0.5220 0.1725 0.8353
vn 0.4341 0.3499 0.8302
vn 0.0055 -0.0083 1.0000
vn 0.2021 -0.0125 0.9793
vn 0.5331 -0.0361 0.8453
vn 0.1277 -0.8000 0.5863
vn 0.0457 -0.7078 0.7049
vn 0.2739 -0.2560 0.9271
vn 0.3450 -0.3337 0.8773
vn 0.3615 0.0795 0.9290
vn 0.2633 -0.5426 0.7977
vn 0.2148 -0.4953 0.8418
vn 0.0701 -0.6280 0.7751
vn 0.4168 -0.3153 0.8526
vn 0.5567 -0.1522 0.8166
vn 0.2976 -0.1508 0.9427
vn 0.0831 -0.0651 0.9944
vn 0.1245 -0.2223 0.9670
vn 0.3607 -0.3807 0.8514
vn 0.2688 -0.4377 0.8580
vn 0.5826 -0.1164 0.8044
vn -0.4701 0.4866 0.7363
vn 0.3763 -0.1849 0.9079
vn 0.6636 -0.0576 0.7459
vn 0.5726 -0.2164 0.7908
vn 0.6012 -0.4254 0.6764
vn 0.2241 -0.2215 0.9491
vn 0.0284 -0.3331 0.9425
vn 0.7389 -0.0995 0.6665
vn 0.9665 -0.2454 -0.0759
vn 0.9646 -0.1692 0.2024
vn 0.8778 -0.1032 0.4678
vn 0.8006 -0.0850 0.5931
vn 0.8738 -0.1011 0.4757
vn 0.9224 -0.3512 -0.1608
vn 0.9632 -0.2357 0.1294
vn 0.8978 -0.1338 0.4196
vn 0.7717 -0.0939 0.6290
vn 0.9785 -0.1935 -0.0716
vn 0.9330 -0.1391 0.3319
vn 0.7790 -0.0812 0.6217
vn -0.6611 0.5224 0.5386
vn 0.2927 0.9095 0.2951
vn -0.2086 0.7171 0.6651
vn -0.4079 0.4855 0.7732
vn 0.8720 0.4126 -0.2633
vn 0.6349 0.7721 -0.0278
vn -0.5784 -0.0651 0.8131
vn 0.9035 -0.0023 -0.4285
vn -0.4794 -0.2285 0.8474
vn 0.2235 -0.9652 0.1358
vn 0.6346 -0.5254 -0.5667
vn 0.8583 -0.1608 -0.4874
vn -0.6197 0.4082 0.6703
vn -0.6373 0.3682 0.6769
vn 0.8673 -0.2905 -0.4043
vn -0.8946 0.2899 -0.3400
vn -0.0501 0.2605 -0.9642
vn 0.3197 0.1309 -0.9384
vn -0.8014 0.3318 -0.4977
vn -0.2127 0.8387 -0.5013
vn 0.1625 -0.1424 -0.9764
vn -0.0141 -0.2831 -0.9590
vn -0.1407 0.7961 -0.5886
vn 0.1370 0.9770 0.1636
vn -0.1145 0.8552 -0.5055
vn -0.1264 0.8020 -0.5838
vn -0.0799 0.9841 0.1584
vn -0.2095 -0.8865 0.4125
vn -0.2688 -0.8576 0.4386
vn -0.8824 0.1181 0.4554
vn -0.7792 0.4072 -0.4765
vn -0.6906 -0.3406 -0.6379
vn -0.5683 -0.7923 0.2221
vn -0.3649 0.8400 -0.4016
vn -0.7744 0.4160 -0.4767
vn -0.8822 0.1234 0.4544
vn -0.3934 0.8941 0.2142
vn -0.3855 -0.2120 0.8980
vn -0.2389 -0.7339 0.6359
vn -0.3859 -0.2161 0.8969
vn -0.1881 0.4359 0.8801
vn -0.4967 0.6213 -0.6061
vn -0.4245 0.7648 -0.4847
vn -0.4126 -0.0896 -0.9065
vn -0.3674 0.3280 -0.8703
vn -0.6281 0.7648 0.1433
vn 0.1190 0.6840 -0.7197
vn -0.5694 0.5579 -0.6038
vn -0.6758 0.7311 -0.0934
vn -0.4209 -0.3485 0.8375
vn -0.4466 -0.2097 0.8698
vn 0.2341 0.7520 0.6162
vn 0.0042 0.8298 0.5580
vn -0.1115 0.7332 0.6708
vn -0.2668 0.8370 0.4778
vn -0.3193 0.6124 0.7232
vn 0.1237 0.6599 0.7411
vn -0.0743 0.6545 0.7524
vn -0.2213 0.5047 0.8345
vn -0.4680 0.2705 0.8413
vn -0.4183 0.5092 0.7521
vn 0.1079 0.4569 0.8829
vn -0.0615 0.3498 0.9348
vn -0.4675 0.0837 0.8800
vn -0.4388 0.1620 0.8838
vn 0.3069 0.3703 0.8768
vn 0.5644 0.2160 0.7967
vn 0.6560 -0.0424 0.7535
vn 0.1574 -0.1873 0.9696
vn 0.3873 -0.0241 0.9216
vn 0.2725 0.2885 0.9179
vn 0.6071 -0.1910 0.7714
vn 0.1772 0.1367 0.9746
vn 0.5459 -0.3195 0.7746
vn -0.3230 -0.0548 0.9448
vn -0.4542 0.1268 0.8818
vn -0.0373 -0.0442 0.9983
vn 0.5006 -0.5369 0.6791
vn 0.9493 -0.0606 0.3084
vn 0.9681 -0.0683 0.2412
vn 0.9010 -0.2122 0.3783
vn 0.8162 -0.4081 0.4091
vn 0.6303 -0.4786 -0.6113
vn 0.8845 -0.2824 0.3713
vn 0.7979 -0.4103 0.4416
vn 0.5684 -0.6220 -0.5386
vn 0.7603 -0.1144 -0.6395
vn 0.7801 -0.0347 -0.6247
vn 0.7208 -0.5467 0.4261
vn 0.7256 -0.5383 0.4286
vn 0.4835 -0.7853 -0.3868
vn 0.6839 -0.6470 0.3373
vn 0.6678 -0.6640 0.3365
vn 0.5676 -0.7616 -0.3128
vn 0.6538 -0.7143 0.2497
vn 0.6190 -0.7457 0.2463
vn 0.5654 -0.7441 -0.3558
vn 0.4192 -0.0315 -0.9074
vn 0.7799 -0.1115 -0.6160
vn 0.4112 -0.0049 -0.9115
vn 0.4359 -0.0089 -0.8999
vn 0.3197 -0.4262 -0.8463
vn 0.2165 -0.5782 -0.7866
vn 0.1090 -0.5991 -0.7932
vn 0.1619 -0.4646 -0.8706
vn 0.0240 -0.5775 -0.8160
vn 0.1523 -0.4713 -0.8687
vn 0.1188 -0.4771 -0.8708
vn 0.1396 -0.3702 -0.9184
vn 0.0940 -0.5669 -0.8184
vn 0.0079 -0.6215 -0.7834
vn 0.1310 -0.4657 -0.8752
vn 0.1152 -0.4996 -0.8586
vn 0.2763 -0.3914 -0.8778
vn 0.0135 0.1276 -0.9917
vn 0.4183 -0.0113 -0.9082
vn 0.3952 -0.0141 -0.9185
vn 0.5938 0.1495 -0.7906
vn 0.0074 -0.6299 -0.7767
vn 0.0173 -0.6662 -0.7456
vn -0.1031 -0.2591 -0.9603
vn -0.0019 -0.4326 -0.9016
vn 0.1597 -0.4067 -0.8995
vn -0.0609 -0.3937 -0.9172
vn -0.5207 0.3465 -0.7803
vn -0.1644 0.7877 -0.5937
vn 0.6165 0.5157 -0.5949
vn 0.2035 -0.2158 -0.9550
vn 0.9874 -0.0690 -0.1425
vn 0.7427 -0.6050 -0.2871
vn -0.2687 -0.6961 -0.6658
vn 0.2017 -0.2266 -0.9529
vn 0.7297 -0.6161 -0.2967
vn 0.3348 -0.9089 -0.2487
vn -0.7357 -0.1113 -0.6681
vn -0.5224 0.3167 -0.7917
vn -0.4234 0.1661 -0.8906
vn -0.0463 0.6538 -0.7552
vn 0.7254 0.3446 -0.5958
vn 0.2954 -0.4757 -0.8285
vn 0.9894 -0.1346 0.0552
vn 0.7207 -0.6930 0.0178
vn -0.2393 -0.8426 -0.4825
vn 0.2960 -0.4762 -0.8280
vn 0.7148 -0.6992 0.0111
vn 0.2874 -0.9544 0.0802
vn -0.6826 -0.2349 -0.6920
vn -0.4175 0.1586 -0.8947
vn -0.4211 0.2211 -0.8797
vn -0.0420 0.6992 -0.7137
vn 0.7494 0.3793 -0.5427
vn 0.3171 -0.4542 -0.8326
vn 0.9837 -0.1330 0.1211
vn 0.7193 -0.6927 0.0527
vn -0.2757 -0.8314 -0.4825
vn 0.3144 -0.4539 -0.8337
vn 0.7124 -0.7003 0.0457
vn 0.2656 -0.9590 0.0986
vn -0.7009 -0.1856 -0.6887
vn -0.4220 0.2114 -0.8816
vn -0.5693 0.0395 -0.8212
vn -0.0706 0.4295 -0.9003
vn 0.6598 -0.0124 -0.7513
vn 0.0178 -0.7545 -0.6561
vn 0.9490 -0.3152 0.0027
vn 0.5628 -0.8048 0.1884
vn -0.5355 -0.8384 -0.1013
vn 0.0201 -0.7537 -0.6569
vn 0.5575 -0.8096 0.1839
vn 0.0961 -0.9138 0.3947
vn -0.8659 -0.1986 -0.4592
vn -0.5683 0.0333 -0.8221
vn -0.4386 0.4833 -0.7577
vn 0.1556 -0.1923 -0.9689
vn 0.6482 -0.6380 -0.4157
vn 0.6178 0.4294 -0.6588
vn 0.4391 0.1071 -0.8920
vn 0.8287 -0.4978 -0.2559
vn 0.9461 -0.2940 -0.1357
vn -0.2970 0.7070 -0.6418
vn -0.4509 0.5996 -0.6612
vn 0.6784 -0.7026 0.2149
vn 0.6818 -0.6954 0.2271
vn 0.4291 -0.5058 0.7484
vn 0.7266 -0.6412 0.2468
vn 0.7155 -0.6640 0.2171
vn 0.2777 -0.5855 0.7616
vn 0.2033 -0.7573 0.6206
vn 0.7159 -0.6486 0.2584
vn 0.7145 -0.6594 0.2337
vn -0.1529 -0.0670 0.9860
vn -0.7613 0.3627 0.5374
vn -0.5794 -0.4125 0.7029
vn -0.3801 -0.2130 0.9001
vn -0.8567 0.3421 0.3860
vn -0.9480 0.2340 0.2156
vn -0.6413 -0.7463 0.1784
vn -0.8119 0.5538 -0.1848
vn -0.7653 0.5895 -0.2585
vn -0.7971 -0.6021 0.0455
vn -0.7793 0.5811 -0.2346
vn -0.7751 0.5888 -0.2292
vn -0.7806 0.5849 -0.2204
vn -0.7750 0.5891 -0.2287
vn -0.4032 0.2920 -0.8673
vn 0.4015 -0.2531 -0.8802
vn 0.7200 -0.6851 -0.1108
vn 0.6595 0.2161 -0.7200
vn 0.5470 0.0015 -0.8371
vn 0.8587 -0.5091 -0.0583
vn 0.9313 -0.3642 0.0031
vn -0.2226 0.5610 -0.7974
vn -0.3134 0.4624 -0.8294
vn 0.5188 -0.7186 0.4631
vn 0.5076 -0.6814 0.5273
vn 0.1036 -0.4388 0.8926
vn -0.5014 0.0766 0.8618
vn -0.8201 0.5469 0.1687
vn -0.6641 -0.2381 0.7087
vn -0.5768 -0.0622 0.8145
vn -0.8998 0.4275 0.0867
vn -0.9529 0.3023 0.0232
vn 0.1687 -0.5950 0.7858
vn 0.2127 -0.5002 0.8394
vn -0.7234 -0.6839 0.0946
vn -0.7474 0.5088 -0.4272
vn -0.7574 0.4956 -0.4251
vn -0.6746 -0.7371 -0.0411
vn -0.7076 0.5244 -0.4737
vn -0.6974 0.5343 -0.4777
vn -0.7088 0.5261 -0.4700
vn -0.6947 0.5375 -0.4779
vn -0.4217 0.3692 -0.8282
vn 0.2938 -0.2456 -0.9238
vn 0.6680 -0.7330 -0.1287
vn 0.6425 0.1185 -0.7571
vn 0.5152 -0.0978 -0.8515
vn 0.8216 -0.5666 -0.0624
vn 0.9056 -0.4241 -0.0080
vn -0.2262 0.5517 -0.8028
vn -0.2994 0.4509 -0.8409
vn 0.6015 -0.6895 0.4035
vn 0.5667 -0.6540 0.5011
vn 0.2540 -0.3760 0.8911
vn -0.4262 0.0981 0.8993
vn -0.7879 0.4859 0.3782
vn -0.6706 -0.1969 0.7152
vn -0.5989 -0.0130 0.8007
vn -0.8845 0.4601 0.0770
vn -0.9391 0.3421 0.0328
vn 0.1460 -0.5890 0.7949
vn 0.1979 -0.4933 0.8471
vn -0.8307 -0.5239 0.1881
vn -0.7263 0.5749 -0.3767
vn -0.7495 0.5393 -0.3839
vn -0.5860 -0.7698 0.2530
vn -0.6921 0.5525 -0.4645
vn -0.6814 0.5586 -0.4729
vn -0.6939 0.5526 -0.4616
vn -0.6764 0.5631 -0.4747
vn -0.4001 0.2278 -0.8877
vn 0.0940 -0.4435 -0.8914
vn 0.6326 -0.7728 -0.0505
vn 0.5851 -0.0406 -0.8099
vn 0.4163 -0.2485 -0.8746
vn 0.7744 -0.6327 -0.0077
vn 0.8814 -0.4723 0.0010
vn -0.2285 0.4206 -0.8780
vn -0.2866 0.3105 -0.9063
vn 0.5352 -0.6554 0.5330
vn 0.5238 -0.6486 0.5522
vn 0.2000 -0.2416 0.9495
vn -0.3701 0.4319 0.8225
vn -0.7002 0.7043 0.1169
vn -0.6389 0.0166 0.7691
vn -0.5557 0.2381 0.7966
vn -0.8234 0.5607 0.0871
vn -0.9030 0.4283 0.0333
vn 0.1481 -0.4438 0.8838
vn 0.1814 -0.3132 0.9322
vn -0.6460 0.5621 -0.5165
vn -0.6430 0.5555 -0.5272
vn -0.6716 0.5287 -0.5191
vn -0.6480 0.5308 -0.5462
vn -0.6781 0.5273 -0.5120
vn -0.6461 0.5376 -0.5418
vn 0.6698 -0.5724 0.4729
vn 0.6651 -0.5996 0.4450
vn 0.6670 -0.5730 0.4762
vn 0.6608 -0.5936 0.4594
vn 0.6478 -0.5966 0.4737
vn 0.6441 -0.6207 0.4470
vn 0.6482 -0.5948 0.4755
vn 0.6418 -0.6210 0.4499
vn 0.6386 -0.5564 0.5316
vn 0.6293 -0.5831 0.5139
vn 0.6340 -0.5568 0.5366
vn 0.6218 -0.5811 0.5251
vn -0.3221 0.7935 -0.5163
vn -0.3369 0.7468 -0.5733
vn 0.6099 0.4636 -0.6427
vn 0.6132 0.5780 -0.5385
vn 0.9508 -0.2783 -0.1361
vn 0.9829 -0.1791 -0.0431
vn 0.7346 -0.6304 0.2510
vn 0.7709 -0.5866 0.2483
vn 0.7516 -0.6039 0.2653
vn 0.7356 -0.6250 0.2612
vn 0.2053 -0.8017 0.5614
vn 0.2209 -0.8416 0.4929
vn -0.6030 -0.4941 0.6263
vn -0.6140 -0.5876 0.5270
vn -0.9586 0.1843 0.2170
vn -0.9913 0.0924 0.0941
vn -0.7752 0.5887 -0.2290
vn -0.7906 0.5663 -0.2331
vn -0.7728 0.5819 -0.2532
vn -0.7687 0.5968 -0.2302
vn -0.1774 0.6317 -0.7546
vn -0.2066 0.6130 -0.7626
vn 0.6838 0.2805 -0.6736
vn 0.6928 0.2846 -0.6626
vn 0.9506 -0.3090 0.0289
vn 0.9584 -0.2851 0.0145
vn 0.6707 -0.5614 0.4847
vn 0.6905 -0.5504 0.4692
vn 0.6853 -0.5523 0.4746
vn 0.6678 -0.5628 0.4871
vn 0.1347 -0.6259 0.7682
vn 0.1500 -0.6511 0.7440
vn -0.6871 -0.3128 0.6558
vn -0.7013 -0.3524 0.6197
vn -0.9679 0.2506 0.0198
vn -0.9679 0.2496 -0.0297
vn -0.7055 0.5380 -0.4613
vn -0.6868 0.5310 -0.4964
vn -0.6873 0.5329 -0.4936
vn -0.7054 0.5367 -0.4630
vn -0.1802 0.7272 -0.6623
vn -0.1921 0.6163 -0.7637
vn 0.6912 0.2356 -0.6831
vn 0.7351 0.5105 -0.4461
vn 0.9344 -0.3557 0.0204
vn 0.9576 -0.2049 0.2024
vn 0.6542 -0.5837 0.4809
vn 0.6845 -0.5455 0.4836
vn 0.6723 -0.5578 0.4867
vn 0.6487 -0.5845 0.4874
vn 0.0961 -0.6309 0.7699
vn 0.0874 -0.7163 0.6923
vn -0.7040 -0.2864 0.6499
vn -0.7373 -0.4335 0.5182
vn -0.9617 0.2730 0.0253
vn -0.9814 0.1692 -0.0906
vn -0.6952 0.5580 -0.4532
vn -0.6750 0.5373 -0.5057
vn -0.6645 0.5503 -0.5056
vn -0.6911 0.5604 -0.4565
vn -0.1588 0.5163 -0.8415
vn -0.1990 0.4773 -0.8559
vn 0.6405 0.0606 -0.7656
vn 0.6912 0.1488 -0.7072
vn 0.9092 -0.4158 0.0192
vn 0.9335 -0.3546 0.0535
vn 0.6435 -0.5417 0.5408
vn 0.6628 -0.5254 0.5334
vn 0.6543 -0.5282 0.5412
vn 0.6392 -0.5421 0.5455
vn 0.1202 -0.4738 0.8724
vn 0.1116 -0.5142 0.8504
vn -0.6650 -0.0639 0.7441
vn -0.7066 -0.1406 0.6935
vn -0.9236 0.3817 0.0359
vn -0.9460 0.3227 -0.0296
vn -0.6808 0.5293 -0.5064
vn -0.6646 0.5128 -0.5435
vn -0.6601 0.5130 -0.5487
vn -0.6734 0.5288 -0.5166
vn -0.2661 0.9233 -0.2769
vn -0.3580 0.8843 -0.2997
vn 0.5843 0.8100 -0.0492
vn 0.5920 0.8059 -0.0060
vn 0.9765 -0.0594 0.2071
vn 0.9790 0.0048 0.2037
vn 0.7593 -0.5898 0.2751
vn 0.7746 -0.5982 0.2054
vn 0.7670 -0.6103 0.1983
vn 0.7445 -0.6101 0.2713
vn 0.1918 -0.9447 0.2660
vn 0.2675 -0.9589 0.0947
vn -0.6418 -0.7456 0.1793
vn -0.5561 -0.8178 -0.1484
vn -0.9898 -0.0350 -0.1384
vn -0.9306 -0.0618 -0.3607
vn -0.7959 0.5382 -0.2773
vn -0.7512 0.5282 -0.3958
vn -0.7404 0.5528 -0.3824
vn -0.7753 0.5605 -0.2909
vn -0.1563 0.9066 -0.3920
vn -0.2325 0.8119 -0.5355
vn 0.6155 0.7859 -0.0597
vn 0.5386 0.8406 0.0580
vn 0.9116 0.1112 0.3958
vn 0.8852 0.1474 0.4412
vn 0.6899 -0.5290 0.4942
vn 0.6849 -0.5512 0.4765
vn 0.6829 -0.5607 0.4683
vn 0.6478 -0.5801 0.4938
vn 0.0295 -0.8304 0.5563
vn 0.1944 -0.9092 0.3682
vn -0.7132 -0.6170 0.3326
vn -0.5489 -0.8359 0.0028
vn -0.9893 -0.0053 -0.1461
vn -0.8926 -0.1588 -0.4219
vn -0.7092 0.4821 -0.5143
vn -0.6433 0.4553 -0.6155
vn -0.6466 0.4815 -0.5916
vn -0.6861 0.4944 -0.5337
vn -0.1340 0.8717 -0.4713
vn -0.2025 0.8622 -0.4643
vn 0.6046 0.7962 0.0232
vn 0.6336 0.7731 -0.0293
vn 0.8942 0.0142 0.4474
vn 0.9189 0.0348 0.3929
vn 0.6595 -0.5393 0.5236
vn 0.6753 -0.5611 0.4787
vn 0.6729 -0.5686 0.4733
vn 0.6332 -0.5728 0.5206
vn 0.0483 -0.8746 0.4824
vn 0.1729 -0.9202 0.3511
vn -0.7048 -0.6836 0.1895
vn -0.5993 -0.7973 -0.0722
vn -0.9537 -0.0576 -0.2952
vn -0.8621 -0.0776 -0.5008
vn -0.7046 0.4786 -0.5239
vn -0.6367 0.4791 -0.6043
vn -0.6315 0.4958 -0.5962
vn -0.6721 0.5086 -0.5381
vn -0.0799 0.6645 -0.7430
vn -0.1421 0.6603 -0.7375
vn 0.7528 0.4652 -0.4656
vn 0.7567 0.4947 -0.4274
vn 0.9620 -0.1704 0.2135
vn 0.9727 -0.1231 0.1969
vn 0.6512 -0.5074 0.5643
vn 0.6485 -0.5448 0.5316
vn 0.6469 -0.5507 0.5276
vn 0.6378 -0.5185 0.5695
vn 0.0298 -0.6572 0.7531
vn 0.0726 -0.7723 0.6311
vn -0.7543 -0.4001 0.5206
vn -0.7371 -0.5869 0.3349
vn -0.9855 0.1257 -0.1141
vn -0.9610 0.0076 -0.2766
vn -0.6857 0.4783 -0.5487
vn -0.6534 0.4204 -0.6296
vn -0.6537 0.4264 -0.6252
vn -0.6788 0.4769 -0.5584
vn 0.2796 -0.7253 -0.6291
vn -0.0974 0.0254 -0.9949
vn -0.3656 0.8964 -0.2508
vn -0.4959 0.8605 0.1164
vn -0.4795 0.8773 -0.0207
vn -0.4558 0.7720 -0.4430
vn -0.2948 0.6690 -0.6823
vn -0.2188 0.7020 -0.6777
vn -0.4014 0.5197 -0.7542
vn -0.4524 0.6329 -0.6283
vn 0.1061 -0.3723 -0.9220
vn -0.3912 0.5225 -0.7576
vn 0.2303 -0.9673 0.1063
vn -0.4126 -0.8619 0.2946
vn -0.3572 0.9273 0.1123
vn -0.6640 0.6725 0.3268
vn -0.2502 0.5187 0.8175
vn 0.3915 -0.8840 -0.2555
vn -0.2072 -0.3959 -0.8946
vn -0.0503 -0.3287 -0.9431
vn 0.3525 -0.9167 -0.1883
vn 0.2208 -0.9722 -0.0783
vn -0.3981 0.9157 -0.0557
vn -0.3684 0.9275 -0.0626
vn -0.4128 0.7088 -0.5720
vn -0.5124 0.7019 -0.4948
vn -0.4461 0.4155 -0.7927
vn -0.3768 0.4336 -0.8185
vn -0.3749 0.4202 -0.8263
vn -0.4528 0.4177 -0.7877
vn 0.4170 -0.8426 0.3410
vn 0.3837 -0.7900 0.4781
vn 0.2152 -0.5445 0.8107
vn 0.1966 -0.5489 0.8125
vn 0.0259 0.4573 0.8889
vn -0.1695 -0.9852 0.0256
vn -0.3584 -0.3973 -0.8448
vn -0.2145 -0.3933 -0.8940
vn 0.0625 -0.9979 0.0181
vn -0.1457 0.8228 -0.5493
vn -0.1538 0.9865 0.0555
vn -0.2587 0.9660 -0.0009
vn -0.3236 0.7540 -0.5715
vn -0.2954 0.4664 -0.8338
vn -0.2025 0.4764 -0.8556
vn -0.2036 0.4745 -0.8564
vn -0.2780 0.4486 -0.8494
vn -0.0050 -0.8244 0.5660
vn 0.1903 -0.7993 0.5700
vn 0.3383 -0.4373 0.8333
vn 0.0965 -0.4545 0.8855
vn 0.0971 -0.4455 0.8900
vn 0.3035 -0.3733 0.8767
vn 0.1211 0.5194 0.8459
vn 0.0607 0.4409 0.8955
vn 0.4118 -0.4657 0.7833
vn 0.4277 -0.4476 0.7854
vn -0.3504 -0.0800 0.9332
vn -0.3542 -0.1402 0.9246
vn 0.4050 -0.0701 0.9116
vn 0.9443 -0.0334 0.3273
vn 0.8620 -0.0913 -0.4987
vn 0.3543 -0.1431 -0.9241
vn 0.3505 -0.1292 -0.9276
vn -0.3681 -0.0915 -0.9253
vn -0.8787 -0.0559 -0.4741
vn -0.9052 -0.0942 0.4145
vn -0.3529 -0.1186 0.9281
vn 0.4162 0.1453 0.8976
vn 0.8942 0.2599 0.3644
vn 0.8932 0.1598 -0.4202
vn 0.3554 -0.0322 -0.9342
vn 0.3301 -0.0551 -0.9423
vn -0.4281 -0.0569 -0.9020
vn -0.8889 0.0429 -0.4560
vn -0.9342 -0.0275 0.3557
vn -0.3429 -0.0339 0.9388
vn 0.1766 0.5382 0.8241
vn 0.2854 0.4484 0.8470
vn 0.7435 0.5863 0.3215
vn 0.7078 0.6498 0.2769
vn 0.8057 0.3924 -0.4438
vn 0.7435 0.4245 -0.5168
vn 0.3763 -0.0468 -0.9253
vn 0.3482 -0.0169 -0.9373
vn 0.3238 -0.0373 -0.9454
vn 0.3301 -0.0522 -0.9425
vn -0.4047 -0.3172 -0.8577
vn -0.2737 -0.5607 -0.7815
vn -0.8436 -0.3273 -0.4256
vn -0.5684 -0.7574 -0.3214
vn -0.9124 -0.1323 0.3874
vn -0.7945 -0.4237 0.4350
vn -0.3896 0.1187 0.9133
vn -0.4562 0.1407 0.8787
vn 0.1213 0.4416 0.8890
vn 0.1553 0.4954 0.8547
vn 0.7175 0.6378 0.2801
vn 0.7039 0.6392 0.3097
vn 0.7537 0.3779 -0.5377
vn 0.7841 0.3230 -0.5300
vn 0.3910 -0.0646 -0.9181
vn 0.4565 -0.1274 -0.8805
vn 0.4541 -0.1323 -0.8811
vn 0.3827 -0.0783 -0.9206
vn -0.0895 -0.6390 -0.7640
vn 0.0211 -0.6045 -0.7964
vn -0.4360 -0.8584 -0.2703
vn -0.4084 -0.8756 -0.2580
vn -0.6792 -0.5031 0.5344
vn -0.6016 -0.5058 0.6182
vn -0.4234 0.0800 0.9024
vn -0.3659 0.0164 0.9305
vn 0.0975 0.4216 0.9015
vn 0.6280 0.7060 0.3275
vn 0.7625 0.3894 -0.5167
vn 0.4319 -0.1013 -0.8962
vn 0.4316 -0.1029 -0.8962
vn -0.0476 -0.5185 -0.8538
vn -0.4688 -0.7854 -0.4042
vn -0.5974 -0.5606 0.5735
vn -0.3176 -0.0335 0.9476
vn 0.0586 0.3770 0.9244
vn 0.5071 0.7673 0.3926
vn 0.6874 0.5685 -0.4521
vn 0.4343 0.0116 -0.9007
vn 0.4359 0.0270 -0.8996
vn -0.0908 -0.5094 -0.8557
vn -0.5358 -0.7253 -0.4322
vn -0.6669 -0.5131 0.5403
vn -0.3621 -0.0825 0.9285
vn -0.0187 0.3554 0.9345
vn 0.3848 0.8120 0.4388
vn 0.5734 0.7410 -0.3495
vn 0.3993 0.1416 -0.9058
vn 0.4260 0.2149 -0.8788
vn -0.0446 -0.5834 -0.8110
vn -0.4251 -0.7815 -0.4567
vn -0.6741 -0.5992 0.4319
vn -0.4676 -0.0890 0.8794
vn -0.6090 0.0730 -0.7898
vn 0.0563 0.4273 -0.9023
vn 0.0881 0.4037 -0.9107
vn -0.5864 0.0644 -0.8074
vn -0.8847 -0.3292 -0.3301
vn -0.8831 -0.3406 -0.3227
vn -0.7831 -0.5896 0.1980
vn -0.7575 -0.6302 0.1703
vn -0.7473 -0.6399 0.1790
vn -0.7878 -0.5743 0.2226
vn -0.5095 -0.6884 0.5163
vn -0.4749 -0.7523 0.4566
vn 0.5237 -0.5154 0.6783
vn 0.0284 -0.7335 0.6791
vn -0.0287 -0.6813 0.7314
vn 0.4597 -0.4806 0.7468
vn 0.9773 0.2111 0.0160
vn 0.8749 -0.1723 0.4526
vn 0.8259 -0.1470 0.5443
vn 0.9647 0.2590 0.0469
vn 0.8364 0.4217 -0.3502
vn 0.8422 0.4160 -0.3429
vn 0.8417 0.4160 -0.3442
vn 0.8415 0.4266 -0.3314
vn 0.5847 0.4820 -0.6525
vn 0.5760 0.5018 -0.6453
vn -0.6621 0.1677 -0.7304
vn 0.0003 0.5125 -0.8587
vn -0.9210 -0.2555 -0.2941
vn -0.7821 -0.5916 0.1957
vn -0.7767 -0.5983 0.1968
vn -0.4791 -0.7350 0.4797
vn 0.5511 -0.5261 0.6477
vn 0.0577 -0.7311 0.6799
vn 0.9820 0.1883 0.0161
vn 0.8791 -0.2117 0.4271
vn 0.8421 0.4273 -0.3292
vn 0.8412 0.4266 -0.3324
vn 0.5484 0.5544 -0.6260
vn -0.7006 0.2494 -0.6685
vn -0.0116 0.5894 -0.8078
vn -0.9477 -0.2237 -0.2277
vn -0.7823 -0.5775 0.2336
vn -0.7743 -0.5880 0.2341
vn -0.4583 -0.7273 0.5109
vn 0.5571 -0.5154 0.6511
vn 0.0825 -0.7136 0.6956
vn 0.9853 0.1671 0.0344
vn 0.8721 -0.2209 0.4366
vn 0.8565 0.4169 -0.3043
vn 0.8498 0.4288 -0.3064
vn 0.5535 0.5887 -0.5891
vn 0.1060 0.2872 0.9520
vn 0.3863 0.0550 0.9207
vn -0.3493 0.9199 -0.1783
vn -0.7069 0.7067 -0.0292
vn -0.9433 0.3315 0.0174
vn -0.6360 -0.7227 0.2705
vn -0.8798 -0.4369 0.1874
vn -0.6764 -0.6698 0.3063
vn -0.7385 -0.5958 0.3156
vn -0.8002 -0.5225 0.2943
vn -0.4738 -0.5710 0.6704
vn -0.4736 -0.4409 0.7624
vn 0.3395 0.0992 0.9354
vn -0.0150 -0.1534 0.9881
vn 0.0571 -0.4234 0.9042
vn 0.4631 -0.1884 0.8661
vn 0.8519 0.4689 0.2331
vn 0.6312 0.3012 0.7148
vn 0.7672 0.0342 0.6405
vn 0.9513 0.2752 0.1392
vn 0.8627 0.4203 -0.2814
vn 0.8421 0.4564 -0.2874
vn 0.7937 0.5015 -0.3443
vn 0.8094 0.4600 -0.3651
vn 0.2354 0.8868 -0.3977
vn 0.1960 0.8794 -0.4338
vn -0.0355 -0.8241 -0.5654
vn 0.5005 -0.3873 -0.7742
vn 0.7487 -0.5725 -0.3342
vn 0.3365 -0.9402 -0.0536
vn -0.2581 -0.9661 -0.0004
vn -0.4387 -0.8914 -0.1139
vn -0.7164 -0.5771 0.3921
vn -0.6780 -0.6063 0.4155
vn -0.6705 -0.5966 0.4410
vn -0.7369 -0.5603 0.3782
vn -0.6073 -0.2470 0.7551
vn -0.6456 -0.2152 0.7327
vn -0.0260 0.6322 0.7744
vn -0.3750 0.3020 0.8765
vn -0.2691 0.1857 0.9451
vn 0.1045 0.4866 0.8674
vn 0.6804 0.7294 0.0704
vn 0.3221 0.7874 0.5256
vn 0.4334 0.6617 0.6118
vn 0.7239 0.6754 0.1411
vn 0.7877 0.5204 -0.3298
vn 0.8118 0.4858 -0.3241
vn 0.8120 0.4813 -0.3302
vn 0.7896 0.4999 -0.3559
vn 0.8369 -0.0198 -0.5470
vn 0.7823 0.1143 -0.6124
vn -0.0161 -0.8095 -0.5870
vn 0.4714 -0.3621 -0.8042
vn -0.3817 -0.9198 -0.0913
vn -0.5639 -0.6663 0.4879
vn -0.5750 -0.6262 0.5265
vn -0.5785 -0.2014 0.7904
vn -0.0710 0.6777 0.7319
vn -0.3566 0.3469 0.8675
vn 0.6157 0.7876 0.0222
vn 0.2493 0.8399 0.4820
vn 0.7645 0.5331 -0.3624
vn 0.7689 0.5285 -0.3598
vn 0.7434 0.1528 -0.6512
vn 0.1075 -0.8312 -0.5456
vn 0.4715 -0.3832 -0.7943
vn -0.3239 -0.9453 -0.0395
vn -0.4818 -0.7149 0.5068
vn -0.4875 -0.6397 0.5943
vn -0.5330 -0.1638 0.8301
vn -0.0400 0.7011 0.7119
vn -0.2949 0.3845 0.8748
vn 0.5433 0.8384 -0.0437
vn 0.2143 0.8735 0.4372
vn 0.6986 0.5768 -0.4234
vn 0.7010 0.5746 -0.4224
vn 0.7031 0.1823 -0.6873
vn 0.3115 -0.7154 -0.6254
vn 0.6415 -0.2569 -0.7228
vn 0.5334 -0.3675 -0.7619
vn 0.2864 -0.7898 -0.5424
vn -0.3723 -0.9269 -0.0482
vn -0.3873 -0.9048 -0.1772
vn -0.4411 -0.7697 0.4615
vn -0.4683 -0.7868 0.4020
vn -0.7995 -0.0824 0.5950
vn -0.4562 -0.6085 0.6494
vn -0.5601 -0.1257 0.8188
vn -0.4955 0.0206 0.8683
vn -0.0761 0.8941 0.4413
vn -0.2915 0.5973 0.7471
vn -0.2305 0.3618 0.9033
vn 0.0198 0.7303 0.6828
vn 0.2735 0.9529 -0.1311
vn -0.0191 0.9794 0.2008
vn 0.1768 0.9079 0.3801
vn 0.4577 0.8873 -0.0568
vn 0.6534 0.6659 -0.3600
vn 0.6882 0.6014 -0.4058
vn 0.7240 0.1978 -0.6608
vn 0.7649 0.2567 -0.5908
vn -0.2189 0.7700 -0.5993
vn -0.7500 0.5612 -0.3500
vn -0.9686 -0.1042 -0.2259
vn -0.8136 -0.5304 0.2381
vn -0.7906 -0.5549 0.2588
vn -0.4982 -0.6285 0.5973
vn 0.0363 -0.5347 0.8442
vn 0.4991 -0.3151 0.8072
vn 0.8251 -0.0812 0.5591
vn 0.9799 0.1917 0.0547
vn 0.8785 0.3790 -0.2909
vn 0.8501 0.4077 -0.3334
vn 0.4431 0.6530 -0.6141
vn 0.3715 -0.0041 -0.9284
vn 0.7792 0.1121 -0.6166
vn 0.7278 0.0787 -0.6813
vn 0.2708 -0.0632 -0.9605
vn 0.9039 -0.3681 0.2179
vn 0.7768 -0.4827 0.4044
vn 0.6334 -0.7530 0.1786
vn 0.7564 -0.6252 0.1922
vn 0.9998 -0.0179 0.0044
vn 0.9989 -0.0030 0.0474
vn 0.9987 -0.0463 0.0214
vn 0.9846 0.1745 -0.0109
vn 0.9131 0.1805 -0.3655
vn 0.9507 0.1309 -0.2810
vn 0.4305 0.1912 -0.8821
vn 0.7855 0.1956 -0.5872
vn 0.9344 -0.0584 0.3513
vn 0.7342 -0.1017 0.6713
vn 0.9993 0.0110 0.0351
vn 0.9979 0.0085 0.0650
vn 0.9625 0.1253 -0.2405
vn 0.3777 0.3937 -0.8381
vn 0.7325 0.3678 -0.5729
vn 0.9016 0.1297 0.4126
vn 0.6387 0.2454 0.7293
vn 0.9716 0.2029 0.1220
vn 0.9734 0.1920 0.1253
vn 0.9380 0.2705 -0.2167
vn 0.3289 0.4916 -0.8063
vn 0.6953 0.4547 -0.5565
vn 0.8724 0.1707 0.4581
vn 0.6333 0.1684 0.7554
vn 0.7261 0.6708 0.1511
vn 0.9045 0.4095 0.1194
vn 0.8755 0.4666 -0.1251
vn 0.2496 0.4581 -0.8532
vn 0.5934 0.3040 -0.7453
vn 0.8590 0.2924 0.4203
vn 0.8304 -0.1436 0.5384
vn 0.9898 -0.0764 -0.1204
vn 0.7469 0.6626 0.0549
vn 0.8301 0.1078 -0.5471
vn 0.1720 0.4864 -0.8566
vn 0.3072 0.3339 -0.8911
vn 0.9940 0.0901 0.0620
vn 0.9225 -0.0791 0.3777
vn 0.9510 -0.0351 -0.3071
vn 0.8474 -0.2951 -0.4414
vn 0.3874 0.0634 -0.9197
vn 0.0139 0.6296 -0.7768
vn 0.1832 0.4265 -0.8858
vn 0.9924 -0.0445 0.1151
vn 0.9416 -0.0340 0.3351
vn 1.0000 -0.0025 -0.0040
vn 0.9977 0.0278 -0.0621
vn 0.9525 -0.2709 -0.1391
vn 0.4505 -0.5511 -0.7024
vn 0.2038 -0.3643 -0.9087
vn 0.3452 -0.5439 -0.7649
vn -0.1528 -0.2357 -0.9597
vn -0.1462 0.2614 -0.9541
vn -0.0484 0.8481 -0.5276
vn 0.2910 0.8627 -0.4136
vn 0.2169 0.6411 -0.7362
vn -0.0104 0.6257 -0.7800
vn 0.9532 0.2575 0.1585
vn 0.8232 0.1651 0.5432
vn 0.8113 0.1049 0.5751
vn 0.9990 0.0147 0.0412
vn -0.0424 0.9620 -0.2697
vn 0.1710 0.9728 -0.1563
vn 0.7638 0.5294 0.3693
vn 0.5435 0.2407 0.8042
vn 0.8851 0.4490 -0.1221
vn 0.7553 0.6498 0.0850
vn 0.8187 0.4787 0.3172
vn 0.5767 0.4112 0.7059
vn 0.4999 0.8466 -0.1826
vn 0.4286 0.9035 0.0056
vn 0.0069 0.9211 -0.3892
vn 0.2322 0.9461 -0.2257
vn 0.5242 0.4356 0.7318
vn 0.3198 0.0670 0.9451
vn 0.7262 0.4820 0.4902
vn 0.5337 0.7582 0.3745
vn 0.4009 0.9160 0.0145
vn 0.2944 -0.3290 -0.8973
vn 0.7462 0.0100 -0.6656
vn 0.6618 -0.1411 -0.7363
vn 0.2287 -0.5434 -0.8077
vn 0.1132 0.4508 -0.8854
vn -0.0203 -0.4406 -0.8975
vn -0.0382 -0.7232 -0.6895
vn 0.2308 -0.8237 -0.5179
vn -0.1173 0.4761 -0.8715
vn -0.7287 0.3917 -0.5617
vn -0.5674 0.6251 -0.5360
vn -0.0671 -0.8295 -0.5545
vn -0.7039 0.6113 -0.3617
vn -0.2783 0.9073 -0.3152
vn 0.8069 0.5433 -0.2320
vn 0.6192 0.6928 -0.3697
vn 0.8266 0.2311 -0.5132
vn 0.8898 0.2483 -0.3830
vn 0.8824 -0.0510 0.4678
vn 0.0910 0.4713 -0.8772
vn -0.0583 0.5383 -0.8407
vn 0.3648 0.2939 0.8835
vn 0.5205 0.8356 0.1753
vn 0.9690 -0.2360 -0.0733
vn 0.8851 0.3914 -0.2520
vn 0.9739 0.1958 -0.1150
vn 0.0238 0.8642 0.5026
vn 0.0234 -0.7598 -0.6497
vn -0.1939 0.4108 -0.8909
vn -0.0883 -0.4750 -0.8755
vn 0.0848 0.6682 -0.7392
vn 0.0704 0.7489 -0.6590
vn 0.5476 0.8063 -0.2238
vn 0.7515 0.6597 -0.0037
vn 0.6533 0.6469 -0.3934
vn 0.5365 0.7906 -0.2953
vn 0.2585 0.1821 -0.9487
vn -0.4054 0.0873 -0.9099
vn -0.4626 -0.0391 -0.8857
vn 0.1778 0.1576 -0.9714
vn -0.4026 0.0940 -0.9105
vn -0.8481 0.0186 -0.5295
vn -0.9175 -0.1192 -0.3794
vn -0.4964 -0.0167 -0.8679
vn -0.9993 -0.0005 0.0380
vn -0.9714 -0.0341 0.2349
vn 0.8815 0.2251 -0.4152
vn 0.6852 0.2435 -0.6864
vn 0.6478 0.2749 -0.7105
vn 0.8675 0.2885 -0.4052
vn -0.9663 0.1809 0.1832
vn -0.8859 0.2241 0.4062
vn -0.7298 0.6200 0.2883
vn -0.8789 0.4143 0.2365
vn 0.2262 0.3844 0.8950
vn 0.0959 0.9037 0.4173
vn -0.1666 0.8915 0.4212
vn -0.3135 0.3475 0.8837
vn 0.9524 0.2932 0.0835
vn 0.7313 0.6818 0.0192
vn 0.5071 0.8411 0.1883
vn 0.8454 0.3149 0.4314
vn -0.3507 -0.2368 -0.9060
vn 0.2914 -0.3637 -0.8848
vn -0.7423 -0.4619 -0.4855
vn -0.3531 -0.2333 -0.9060
vn -0.8213 -0.5704 -0.0079
vn -0.5451 -0.8299 0.1190
vn -0.5404 -0.7923 0.2833
vn 0.2382 -0.4914 0.8377
vn -0.2647 -0.5704 0.7776
vn 0.6490 -0.7575 0.0704
vn 0.7140 -0.6059 0.3510
vn 0.6039 -0.5384 -0.5878
vn 0.7319 -0.5845 -0.3503
vn 0.5303 0.5862 -0.6125
vn 0.7709 0.5613 -0.3012
vn 0.7734 0.5424 -0.3283
vn 0.8745 0.4656 0.1359
vn 0.7136 0.2111 0.6680
vn 0.3427 -0.0451 0.9384
vn -0.2048 -0.3142 0.9270
vn -0.6828 -0.3989 0.6121
vn -0.8955 -0.3717 0.2447
vn -0.8961 -0.3630 0.2555
vn -0.9104 -0.1629 -0.3802
vn -0.5198 0.2018 -0.8301
vn 0.1048 0.4887 -0.8661
vn -0.7530 0.4497 0.4804
vn -0.7671 0.1613 0.6209
vn -0.8886 0.1146 0.4442
vn -0.9505 0.1105 0.2904
vn 0.0513 0.8368 0.5452
vn 0.2124 0.4227 0.8810
vn -0.2958 0.3229 0.8990
vn -0.2518 0.8030 0.5402
vn 0.7459 0.6330 0.2072
vn 0.9317 0.3501 0.0964
vn 0.6600 0.4089 0.6302
vn 0.3446 0.8327 0.4334
vn 0.9308 0.3375 -0.1402
vn 0.9605 0.2093 -0.1837
vn -0.5939 -0.7898 0.1534
vn 0.6217 -0.7680 -0.1539
vn -0.5707 0.7610 0.3085
vn 0.0118 0.9766 0.2149
vn -0.1185 0.9639 0.2386
vn 0.5159 0.8502 0.1047
vn 0.1592 0.9681 0.1934
vn 0.8250 0.5648 -0.0186
vn 0.9600 0.2426 -0.1401
vn 0.6021 -0.7923 -0.0982
vn -0.4274 0.8265 0.3664
vn 0.2934 0.9000 0.3225
vn 0.0328 -0.9995 0.0008
vn -0.5423 -0.7895 0.2874
vn -0.5275 -0.8418 0.1141
vn 0.0415 -0.9991 -0.0016
vn -0.5520 -0.8219 0.1405
vn 0.0523 -0.9984 -0.0193
vn -0.7996 -0.6001 -0.0217
vn 0.0584 -0.9982 -0.0139
vn -0.7474 -0.4453 -0.4931
vn 0.0618 -0.9980 -0.0132
vn -0.3555 -0.1911 -0.9149
vn 0.0280 -0.9995 -0.0148
vn 0.2376 -0.4968 0.8347
vn -0.2638 -0.5748 0.7746
vn -0.4268 -0.6657 0.6121
vn 0.2900 -0.3244 -0.9004
vn 0.6198 -0.5046 -0.6010
vn 0.7454 -0.5613 -0.3595
vn 0.6405 -0.7526 -0.1528
vn 0.6079 -0.7879 -0.0977
vn 0.6483 -0.7579 0.0729
vn 0.6403 -0.5432 0.5432
vn 0.7114 -0.6096 0.3497
vn 0.6870 0.3533 0.6350
vn 0.6424 -0.5385 0.5453
vn -0.5793 0.2858 0.7634
vn -0.4287 -0.6629 0.6137
vn 0.6109 -0.5792 0.5398
vn 0.2305 -0.6187 0.7510
vn 0.2024 -0.9545 0.2191
vn 0.4822 -0.8748 0.0467
vn 0.5158 -0.0792 0.8530
vn 0.1706 -0.0843 0.9817
vn 0.4400 0.3164 0.8404
vn 0.1890 0.2358 0.9533
vn 0.4662 0.2496 0.8488
vn 0.2350 0.1607 0.9586
vn 0.5259 -0.2480 0.8136
vn 0.2911 -0.2648 0.9193
vn 0.5850 -0.1698 0.7931
vn 0.3025 -0.1856 0.9349
vn 0.6094 -0.0394 0.7919
vn 0.2652 -0.0258 0.9639
vn 0.4065 0.2636 0.8748
vn 0.1592 0.2507 0.9549
vn 0.1699 0.1347 0.9762
vn 0.4197 0.1516 0.8949
vn 0.3508 0.1602 0.9226
vn 0.2026 0.1326 0.9702
vn 0.2614 0.0397 0.9644
vn 0.0603 -0.0245 0.9979
vn 0.2057 -0.1069 0.9728
vn 0.5570 -0.0749 0.8271
vn 0.1146 -0.8612 -0.4953
vn -0.8460 0.3438 -0.4076
vn 0.4728 -0.8041 -0.3603
vn -0.1854 0.0227 0.9824
vn 0.5180 0.4876 -0.7028
vn 0.7575 0.4922 -0.4289
vn 0.9626 0.2616 0.0703
vn 0.8501 0.1406 0.5074
vn 0.6193 0.0971 0.7791
vn 0.2508 0.0499 0.9668
vn 0.0479 0.0338 0.9983
vn 0.0420 0.1661 0.9852
vn 0.1818 0.1399 0.9733
vn 0.2908 0.1140 0.9500
vn 0.6762 0.2111 0.7059
vn 0.8864 0.3297 0.3249
vn 0.8176 0.5402 -0.1993
vn 0.4338 0.7277 -0.5313
vn 0.0946 0.7346 -0.6719
vn 0.2217 0.9746 0.0320
vn 0.4293 0.7698 -0.4723
vn 0.4354 0.3391 -0.8339
vn 0.4362 0.3986 -0.8067
vn 0.1253 -0.5974 -0.7921
vn -0.2158 -0.9053 -0.3659
vn -0.7082 -0.4518 0.5426
vn -0.4394 -0.0896 0.8938
vn -0.3511 0.5089 0.7859
vn 0.0577 0.4455 -0.8934
vn 0.0114 0.4336 -0.9010
vn -0.6758 0.1422 -0.7233
vn -0.6614 0.1565 -0.7336
vn -0.9247 -0.2501 -0.2870
vn -0.7806 -0.5786 0.2365
vn -0.7634 -0.6037 0.2295
vn -0.4982 -0.6752 0.5440
vn 0.0343 -0.6107 0.7911
vn 0.5197 -0.4059 0.7518
vn 0.8503 -0.1580 0.5020
vn 0.9904 0.1379 0.0105
vn 0.8872 0.2839 -0.3637
vn 0.8771 0.2797 -0.3904
vn 0.8614 0.3125 -0.4003
vn 0.8753 0.3005 -0.3788
vn 0.5772 0.4277 -0.6956
vn 0.6074 0.4282 -0.6691
vn 0.3962 0.9119 0.1069
vn 0.3363 0.9144 0.2252
vn 0.3254 0.8944 0.3069
vn 0.1317 0.9302 0.3426
vn 0.1320 0.9326 0.3358
vn 0.1321 0.9343 0.3311
vn -0.0070 0.4353 0.9003
vn -0.0618 0.5286 0.8466
vn -0.7865 0.3065 0.5361
vn -0.6892 0.6272 0.3629
vn -0.0040 0.7198 0.6942
vn -0.0315 0.7257 0.6873
vn 0.1063 0.5730 0.8126
vn 0.1565 0.4750 0.8659
vn 0.2770 0.5673 -0.7756
vn 0.2763 0.5577 -0.7827
vn 0.2770 0.5725 -0.7717
vn 0.3860 0.5531 -0.7383
vn 0.3860 0.5566 -0.7357
vn 0.3860 0.5519 -0.7392
vn -0.0423 0.9881 0.1478
vn -0.0453 0.9859 0.1613
vn -0.1722 0.9655 0.1954
vn -0.1819 0.9610 0.2085
vn -0.2329 0.9654 0.1171
vn -0.2330 0.9654 0.1171
vn -0.2343 0.9648 0.1192
vn -0.2333 0.9651 0.1190
vn -0.2328 0.9652 0.1188
vn -0.0887 0.9949 -0.0484
vn -0.2317 0.9219 0.3107
vn -0.2513 0.9219 0.2949
vn -0.2503 0.9224 0.2940
vn -0.1910 0.9636 0.1870
vn 0.1862 0.3667 0.9115
vn 0.2129 0.2119 0.9538
vn 0.1729 0.2568 0.9509
vn 0.1422 0.3363 0.9310
vn -0.4802 0.0157 0.8770
vn -0.4622 0.0805 0.8831
vn -0.4419 0.1357 0.8868
vn 0.5308 -0.1747 0.8293
vn 0.5232 -0.2197 0.8234
vn 0.5091 -0.2597 0.8206
vn -0.1368 0.7148 0.6858
vn -0.1386 0.7137 0.6866
vn -0.3068 0.6240 0.7187
vn -0.3016 0.6272 0.7181
vn -0.1137 0.8121 0.5723
vn -0.1168 0.8141 0.5689
vn -0.2220 0.8556 0.4677
vn -0.2288 0.8538 0.4676
vn -0.2775 0.8221 0.4972
vn -0.2797 0.8198 0.4998
vn -0.2073 0.8406 0.5005
vn -0.2059 0.8421 0.4984
vn -0.2967 0.7811 0.5494
vn -0.2947 0.7815 0.5499
vn -0.3036 0.7822 0.5440
vn -0.3033 0.7820 0.5445
vn -0.3498 0.7713 0.5317
vn -0.3569 0.7716 0.5266
vn -0.2913 0.7801 0.5537
vn -0.2896 0.7820 0.5519
vn -0.4076 0.7163 0.5664
vn -0.4146 0.7127 0.5659
vn -0.4211 0.6471 0.6356
vn -0.4282 0.6431 0.6349
vn -0.4240 0.7192 0.5504
vn -0.4193 0.7240 0.5477
vn -0.6494 -0.7237 0.2335
vn -0.6641 -0.7102 0.2336
vn -0.5927 -0.7669 0.2462
vn -0.9187 -0.0150 0.3948
vn -0.6119 -0.7523 0.2443
vn -0.4802 -0.8705 0.1077
vn -0.4624 -0.8798 0.1099
vn -0.3938 -0.9172 0.0601
vn -0.3655 -0.8895 0.2743
vn -0.3712 -0.9275 0.0444
vn -0.2847 -0.9562 0.0679
vn -0.3296 -0.9395 0.0931
vn -0.2768 -0.9101 0.3083
vn 0.7554 -0.5839 -0.2976
vn -0.1924 -0.9235 0.3319
vn -0.2447 -0.9687 0.0424
vn -0.2492 -0.9671 0.0516
vn -0.0916 -0.9958 -0.0096
vn 0.4860 0.1627 0.8587
vn -0.0896 -0.9960 -0.0029
vn -0.4699 0.4949 0.7309
vn -0.4571 0.4961 0.7382
vn -0.7297 0.4405 0.5229
vn -0.7261 0.4434 0.5255
vn -0.8479 0.4480 -0.2836
vn -0.8450 0.4457 -0.2956
vn -0.8788 0.4772 0.0017
vn -0.8546 0.5191 -0.0117
vn -0.8994 0.4237 -0.1073
vn -0.8962 0.4290 -0.1129
vn -0.8998 0.3693 0.2324
vn -0.9054 0.3615 0.2226
vn -0.8929 0.4385 -0.1016
vn -0.8930 0.4404 -0.0931
vn -0.2481 0.9684 0.0263
vn -0.2406 0.9705 0.0167
vn -0.3854 0.9095 0.1558
vn -0.3518 0.9247 0.1453
vn -0.9176 0.3740 0.1346
vn -0.8897 0.3618 0.2785
vn -0.8917 0.3564 0.2792
vn -0.9000 0.3706 0.2295
vn -0.0342 0.9940 0.1040
vn 0.1187 0.9882 0.0968
vn 0.0676 0.9976 -0.0127
vn -0.0755 0.9933 0.0872
vn -0.0331 0.9847 0.1710
vn 0.2608 0.9522 0.1589
vn 0.0580 0.9973 -0.0453
vn -0.0927 0.9946 0.0466
vn -0.4046 -0.9145 0.0068
vn -0.4119 -0.9109 0.0247
vn -0.0775 0.9961 0.0432
vn -0.2962 -0.0324 -0.9546
vn -0.4794 -0.0524 -0.8760
vn 0.6708 -0.1735 -0.7211
vn 0.6707 -0.1735 -0.7211
vn -0.3520 0.0008 -0.9360
vn -0.4072 0.0009 -0.9133
vn 0.3119 0.3796 -0.8710
vn 0.6641 -0.2081 -0.7181
vn 0.6646 -0.1990 -0.7202
vn 0.6628 -0.2003 -0.7215
vn 0.6615 -0.2013 -0.7225
vn -0.0543 -0.9700 0.2369
vn -0.0868 -0.9616 0.2603
vn -0.2447 0.1220 0.9619
vn -0.6708 0.1735 0.7211
vn -0.6707 0.1736 0.7211
vn -0.5469 -0.4667 0.6951
vn -0.5508 -0.4679 0.6912
vn -0.5442 -0.4810 0.6874
vn -0.5351 -0.4809 0.6945
vn 0.3648 -0.0008 0.9311
vn 0.3821 -0.0009 0.9241
vn -0.6600 0.2082 0.7218
vn -0.1729 0.1512 0.9733
vn -0.6608 0.2084 0.7210
vn -0.6667 0.1984 0.7185
vn -0.6653 0.1979 0.7199
vn -0.6641 0.1977 0.7211
vn -0.1035 -0.7961 0.5963
vn 0.7812 0.4169 -0.4647
vn 0.4396 0.8249 -0.3553
vn 0.8860 0.0330 -0.4625
vn 0.8551 -0.3159 -0.4110
vn 0.7714 -0.4415 -0.4582
vn 0.6506 -0.1604 -0.7423
vn -0.3890 -0.9065 0.1641
vn 0.7758 -0.4224 0.4687
vn 0.6665 -0.4668 -0.5813
vn 0.1263 -0.6771 0.7249
vn 0.0261 -0.9781 -0.2066
vn 0.2053 0.6125 -0.7634
vn -0.0286 0.7072 -0.7065
vn 0.4485 -0.0223 0.8935
vn 0.4692 -0.3501 0.8107
vn 0.8391 -0.2955 0.4568
vn 0.8249 0.0405 0.5638
vn 0.3911 0.2132 0.8953
vn 0.7497 0.2041 0.6295
vn 0.3060 0.2826 0.9091
vn 0.7499 0.1762 0.6376
vn 0.1478 0.7025 0.6961
vn 0.2378 0.2904 0.9269
vn 0.6227 0.2131 0.7529
vn 0.5206 0.6497 0.5540
vn -0.0163 0.9363 0.3509
vn 0.4773 0.8432 0.2473
vn -0.1651 0.9827 -0.0842
vn 0.2158 0.9636 -0.1576
vn -0.2762 0.9070 -0.3180
vn 0.1334 0.9033 -0.4077
vn -0.3405 0.6699 -0.6597
vn 0.0270 0.6657 -0.7457
vn -0.2911 0.5869 -0.7555
vn 0.2040 0.5605 -0.8027
vn -0.2808 0.4280 -0.8591
vn 0.3112 0.4198 -0.8526
vn -0.2538 -0.6499 0.7163
vn 0.1358 -0.6040 0.7853
vn -0.2210 -0.5885 0.7777
vn 0.2589 -0.6499 0.7146
vn 0.3144 -0.5696 0.7595
vn -0.1832 -0.6417 0.7448
vn 0.4365 -0.6595 0.6120
vn -0.1029 -0.8928 0.4386
vn 0.3233 -0.9011 0.2889
vn -0.2510 -0.9496 0.1877
vn 0.1580 -0.9832 0.0915
vn -0.4815 -0.8682 -0.1201
vn -0.0428 -0.9491 -0.3120
vn -0.7099 -0.5903 -0.3842
vn -0.1590 -0.6822 -0.7137
vn -0.7915 -0.2183 -0.5708
vn -0.2445 -0.2804 -0.9282
vn -0.8213 -0.1612 -0.5472
vn -0.8111 -0.2141 -0.5444
vn -0.2728 -0.3109 -0.9104
vn -0.3406 -0.2689 -0.9009
vn -0.8619 -0.0034 -0.5071
vn -0.4023 -0.0452 -0.9144
vn -0.8740 -0.0034 -0.4860
vn -0.5153 0.0676 -0.8544
vn -0.5282 0.0765 -0.8457
vn -0.4700 -0.0409 -0.8817
vn -0.2412 -0.2731 -0.9312
vn -0.2208 -0.3202 -0.9212
vn 0.0672 -0.3015 -0.9511
vn 0.1639 -0.6353 -0.7547
vn 0.1904 -0.8952 -0.4030
vn 0.2107 -0.9761 0.0534
vn 0.2874 -0.9105 0.2973
vn 0.4203 -0.6589 0.6239
vn 0.2749 -0.5655 0.7776
vn -0.7856 -0.2477 0.5669
vn -0.2492 -0.3851 0.8886
vn -0.2905 -0.0924 0.9524
vn -0.7081 0.0190 0.7059
vn -0.1091 0.1490 0.9828
vn -0.6078 0.1665 0.7764
vn 0.0418 0.2478 0.9679
vn -0.5291 0.1367 0.8375
vn -0.3650 0.2558 0.8952
vn 0.2072 0.2921 0.9337
vn 0.0954 0.6916 0.7159
vn -0.3565 0.5963 0.7192
vn 0.0372 0.9670 0.2522
vn -0.3708 0.8559 0.3605
vn 0.0225 0.9889 -0.1470
vn -0.3672 0.9267 -0.0803
vn 0.0351 0.9221 -0.3853
vn -0.3719 0.8866 -0.2750
vn -0.0066 0.7223 -0.6915
vn -0.3306 0.7146 -0.6164
vn 0.0572 0.6145 -0.7868
vn -0.4637 0.5523 -0.6928
vn 0.0512 0.4739 -0.8791
vn -0.4955 0.4154 -0.7628
vn 0.4494 -0.6354 0.6280
vn -0.0005 -0.6713 0.7412
vn -0.0510 -0.6847 0.7270
vn 0.4453 -0.5561 0.7017
vn -0.0542 -0.6162 0.7857
vn 0.4835 -0.6049 0.6327
vn -0.0680 -0.7387 0.6706
vn 0.3327 -0.8535 0.4011
vn -0.0330 -0.9450 0.3254
vn 0.4180 -0.8974 0.1414
vn 0.0406 -0.9925 0.1150
vn 0.4617 -0.8743 -0.1495
vn -0.0908 -0.9289 -0.3591
vn 0.4793 -0.6053 -0.6355
vn -0.1169 -0.6634 -0.7391
vn 0.4492 -0.2062 -0.8693
vn -0.1714 -0.2626 -0.9496
vn 0.0100 -0.2332 -0.9724
vn 0.5780 -0.1681 -0.7985
vn 0.6150 -0.1656 -0.7710
vn 0.1224 -0.2119 -0.9696
vn 0.7762 -0.0104 -0.6304
vn 0.3333 0.0369 -0.9421
vn 0.7403 -0.0038 -0.6722
vn 0.3857 0.1135 -0.9156
vn 0.3520 0.0960 -0.9311
vn 0.2293 0.0295 -0.9729
vn 0.0769 -0.2029 -0.9762
vn -0.0635 -0.2462 -0.9671
vn -0.2410 -0.2714 -0.9318
vn -0.2360 -0.6739 -0.7001
vn -0.1996 -0.9248 -0.3239
vn -0.1232 -0.9863 0.1101
vn -0.1345 -0.9360 0.3253
vn -0.1674 -0.7356 0.6564
vn 0.0479 -0.6229 0.7808
vt 0.103610 0.001680
vt 0.102840 0.006210
vt 0.098040 0.004210
vt 0.096310 0.000960
vt 0.111410 0.009490
vt 0.106750 0.011360
vt 0.112960 0.019220
vt 0.108500 0.016760
vt 0.096440 0.000000
vt 0.103720 0.000720
vt 0.097480 0.004950
vt 0.095480 0.001530
vt 0.102230 0.006990
vt 0.105980 0.011950
vt 0.104330 0.001030
vt 0.112090 0.008790
vt 0.112320 0.019960
vt 0.107760 0.017370
vt 0.112390 0.009410
vt 0.113890 0.018990
vt 0.129060 0.002560
vt 0.131070 0.007370
vt 0.126530 0.008130
vt 0.125820 0.000830
vt 0.134350 0.015940
vt 0.136210 0.011270
vt 0.141610 0.013020
vt 0.144080 0.017480
vt 0.125570 0.008240
vt 0.124850 0.000960
vt 0.126380 0.000000
vt 0.129810 0.002000
vt 0.131840 0.006760
vt 0.136800 0.010500
vt 0.133650 0.016620
vt 0.125880 0.008850
vt 0.142230 0.012280
vt 0.144810 0.016840
vt 0.143850 0.018410
vt 0.134260 0.016910
vt 0.349350 0.060320
vt 0.337060 0.070460
vt 0.319280 0.041850
vt 0.332340 0.033140
vt 0.300210 0.014830
vt 0.316700 0.004240
vt 0.582450 0.017320
vt 0.597830 0.029480
vt 0.576200 0.054500
vt 0.564050 0.044540
vt 0.555690 0.081220
vt 0.544460 0.069930
vt 0.531350 0.107850
vt 0.521730 0.094110
vt 0.501370 0.127910
vt 0.495540 0.113030
vt 0.471450 0.138710
vt 0.469180 0.123450
vt 0.443260 0.139190
vt 0.443940 0.125280
vt 0.415240 0.135950
vt 0.419000 0.120980
vt 0.386530 0.122260
vt 0.393790 0.108020
vt 0.358670 0.099350
vt 0.369590 0.086620
vt 0.387190 0.037760
vt 0.373240 0.045970
vt 0.362340 0.023910
vt 0.378830 0.019000
vt 0.356140 0.002140
vt 0.375100 0.000000
vt 0.524750 0.007370
vt 0.543420 0.011360
vt 0.535110 0.032420
vt 0.519180 0.025910
vt 0.522090 0.053300
vt 0.509020 0.043760
vt 0.505960 0.072540
vt 0.495630 0.059910
vt 0.486380 0.086350
vt 0.479860 0.072260
vt 0.465810 0.094300
vt 0.463000 0.079580
vt 0.445420 0.095340
vt 0.446110 0.081240
vt 0.425220 0.092310
vt 0.429460 0.077930
vt 0.405530 0.082370
vt 0.413410 0.068990
vt 0.387410 0.066700
vt 0.398930 0.055150
vt 0.401290 0.031140
vt 0.395320 0.015940
vt 0.393930 0.000390
vt 0.505980 0.005900
vt 0.503060 0.021250
vt 0.495640 0.035790
vt 0.485250 0.048810
vt 0.473180 0.059150
vt 0.460120 0.065540
vt 0.446800 0.067290
vt 0.433710 0.064240
vt 0.421340 0.056600
vt 0.410350 0.045120
vt 0.415430 0.026410
vt 0.411740 0.015280
vt 0.412180 0.004170
vt 0.487440 0.007880
vt 0.486790 0.018970
vt 0.482030 0.029690
vt 0.474820 0.039330
vt 0.466390 0.047120
vt 0.457120 0.052160
vt 0.447470 0.053630
vt 0.438010 0.051220
vt 0.429280 0.045300
vt 0.421650 0.036710
vt 0.430130 0.023820
vt 0.428520 0.017520
vt 0.429610 0.011740
vt 0.469360 0.013700
vt 0.469870 0.019550
vt 0.467650 0.025660
vt 0.463860 0.031340
vt 0.459170 0.035970
vt 0.453850 0.039090
vt 0.448140 0.039950
vt 0.442550 0.038530
vt 0.437560 0.034900
vt 0.433350 0.029840
vt 0.448900 0.024630
vt 0.319430 0.091710
vt 0.300360 0.066880
vt 0.282760 0.049040
vt 0.611840 0.065240
vt 0.592560 0.081270
vt 0.571150 0.104100
vt 0.544050 0.127000
vt 0.513790 0.149590
vt 0.478110 0.163940
vt 0.441780 0.169140
vt 0.406150 0.160390
vt 0.372040 0.142620
vt 0.344150 0.117160
vt 0.001810 0.034390
vt 0.007580 0.026440
vt 0.016120 0.025730
vt 0.015410 0.030180
vt 0.003340 0.028520
vt 0.005710 0.025340
vt 0.258190 0.016210
vt 0.257050 0.009130
vt 0.260730 0.000000
vt 0.262050 0.014260
vt 0.808030 0.000000
vt 0.808810 0.003630
vt 0.807810 0.009690
vt 0.804200 0.000530
vt 0.017800 0.026380
vt 0.018010 0.021600
vt 0.019250 0.022940
vt 0.253740 0.181820
vt 0.287320 0.179180
vt 0.287300 0.187700
vt 0.015860 0.031970
vt 0.002320 0.036170
vt 0.017930 0.026460
vt 0.017080 0.030090
vt 0.000000 0.034040
vt 0.001540 0.028080
vt 0.001940 0.027340
vt 0.004130 0.024340
vt 0.736880 0.117930
vt 0.732320 0.115620
vt 0.730960 0.113330
vt 0.737260 0.117290
vt 0.246150 0.003980
vt 0.246170 0.006780
vt 0.241770 0.006700
vt 0.241710 0.003780
vt 0.745250 0.090280
vt 0.740760 0.088030
vt 0.742440 0.086930
vt 0.745220 0.088840
vt 0.749090 0.085910
vt 0.747370 0.083700
vt 0.747360 0.082440
vt 0.750350 0.086280
vt 0.744320 0.082520
vt 0.741260 0.082280
vt 0.739720 0.080840
vt 0.743040 0.080460
vt 0.739350 0.084200
vt 0.741150 0.084510
vt 0.744920 0.122010
vt 0.747840 0.117650
vt 0.754110 0.117940
vt 0.749660 0.125710
vt 0.762770 0.122200
vt 0.760750 0.106140
vt 0.777040 0.111880
vt 0.772790 0.126360
vt 0.748160 0.088910
vt 0.749090 0.090130
vt 0.236820 0.005400
vt 0.235020 0.003580
vt 0.236970 0.003410
vt 0.242050 0.000000
vt 0.246330 0.000910
vt 0.237220 0.000220
vt 0.745270 0.092510
vt 0.737130 0.088990
vt 0.750990 0.091500
vt 0.753370 0.086720
vt 0.749570 0.080190
vt 0.742040 0.076140
vt 0.736140 0.077730
vt 0.736250 0.083740
vt 0.738340 0.095390
vt 0.747390 0.099690
vt 0.758080 0.089640
vt 0.755020 0.078020
vt 0.744530 0.069460
vt 0.731650 0.080740
vt 0.732710 0.079900
vt 0.733460 0.085460
vt 0.731830 0.086150
vt 0.733350 0.090920
vt 0.731530 0.091850
vt 0.248450 0.004200
vt 0.745240 0.107460
vt 0.735650 0.099460
vt 0.733810 0.113820
vt 0.732650 0.113400
vt 0.731410 0.096820
vt 0.733020 0.096510
vt 0.732350 0.098970
vt 0.731010 0.098930
vt 0.730520 0.086990
vt 0.730500 0.081520
vt 0.730410 0.092530
vt 0.730140 0.097650
vt 0.735660 0.118480
vt 0.738480 0.119860
vt 0.734870 0.121620
vt 0.733230 0.117920
vt 0.735440 0.125260
vt 0.740380 0.124140
vt 0.742850 0.129220
vt 0.736980 0.130190
vt 0.738510 0.115860
vt 0.742010 0.117540
vt 0.736960 0.115800
vt 0.733620 0.079260
vt 0.734550 0.084300
vt 0.734890 0.089720
vt 0.730530 0.103980
vt 0.730200 0.103660
vt 0.730770 0.101760
vt 0.731060 0.101800
vt 0.733720 0.099090
vt 0.734880 0.096060
vt 0.733770 0.074680
vt 0.735080 0.075070
vt 0.733930 0.076760
vt 0.732920 0.077350
vt 0.731830 0.077850
vt 0.732070 0.074820
vt 0.730450 0.078520
vt 0.730390 0.075540
vt 0.729920 0.102210
vt 0.730020 0.099480
vt 0.739520 0.105590
vt 0.736210 0.101760
vt 0.742690 0.113880
vt 0.740680 0.118720
vt 0.150560 0.000000
vt 0.159940 0.002970
vt 0.164690 0.008350
vt 0.160720 0.010090
vt 0.697710 0.001340
vt 0.703710 0.000000
vt 0.707380 0.000580
vt 0.707060 0.004420
vt 0.730420 0.104680
vt 0.730330 0.104940
vt 0.732080 0.102310
vt 0.747290 0.084440
vt 0.744750 0.083330
vt 0.748490 0.085940
vt 0.747640 0.088200
vt 0.745190 0.087910
vt 0.742950 0.086800
vt 0.741740 0.084560
vt 0.742560 0.083200
vt 0.791270 0.028760
vt 0.811890 0.039440
vt 0.807350 0.051120
vt 0.789070 0.041760
vt 0.767640 0.027520
vt 0.770020 0.041430
vt 0.741050 0.030540
vt 0.750780 0.043460
vt 0.735150 0.051840
vt 0.742190 0.056190
vt 0.827100 0.059520
vt 0.820130 0.068020
vt 0.800480 0.061210
vt 0.786860 0.053770
vt 0.772420 0.053250
vt 0.758860 0.054650
vt 0.750920 0.063400
vt 0.811140 0.074750
vt 0.793920 0.070130
vt 0.784600 0.064570
vt 0.774800 0.063130
vt 0.766160 0.064930
vt 0.760910 0.072030
vt 0.800810 0.079950
vt 0.791030 0.089620
vt 0.785540 0.085620
vt 0.779600 0.084450
vt 0.777260 0.085420
vt 0.773840 0.091080
vt 0.772950 0.096840
vt 0.793280 0.095360
vt 0.781880 0.094490
vt 0.776050 0.094380
vt 0.779010 0.090240
vt 0.782190 0.090130
vt 0.787470 0.095470
vt 0.785520 0.092050
vt 0.781950 0.099730
vt 0.775150 0.098750
vt 0.788360 0.098820
vt 0.732180 0.133470
vt 0.738550 0.134900
vt 0.740620 0.141770
vt 0.732500 0.139300
vt 0.763430 0.136420
vt 0.755380 0.130510
vt 0.775440 0.104600
vt 0.745980 0.134640
vt 0.751600 0.142080
vt 0.745230 0.154140
vt 0.733070 0.152400
vt 0.783120 0.130480
vt 0.775640 0.144060
vt 0.778690 0.109950
vt 0.777600 0.104740
vt 0.782630 0.105270
vt 0.784000 0.111580
vt 0.761780 0.151890
vt 0.782930 0.116590
vt 0.736990 0.065620
vt 0.780360 0.152130
vt 0.789850 0.138100
vt 0.788440 0.103530
vt 0.788610 0.108570
vt 0.766100 0.159710
vt 0.749950 0.164760
vt 0.790900 0.114710
vt 0.829510 0.068870
vt 0.821000 0.076630
vt 0.813390 0.082780
vt 0.803890 0.087400
vt 0.793710 0.104960
vt 0.833570 0.094380
vt 0.823960 0.100960
vt 0.814510 0.106620
vt 0.804870 0.110600
vt 0.821860 0.123190
vt 0.812890 0.127190
vt 0.803870 0.130240
vt 0.732820 0.065440
vt 0.781740 0.087360
vt 0.778090 0.087590
vt 0.774610 0.092470
vt 0.789380 0.093040
vt 0.786250 0.089250
vt 0.773670 0.097520
vt 0.790140 0.096950
vt 0.776190 0.104980
vt 0.784420 0.113390
vt 0.790000 0.109940
vt 0.790700 0.103460
vt 0.731930 0.129400
vt 0.833130 0.116940
vt 0.015580 0.291890
vt 0.029800 0.288510
vt 0.029800 0.296490
vt 0.015580 0.297920
vt 0.572170 0.921960
vt 0.583860 0.922660
vt 0.584100 0.928450
vt 0.574320 0.928540
vt 0.957220 0.393500
vt 0.965880 0.398740
vt 0.963660 0.404600
vt 0.951700 0.398190
vt 0.029800 0.304530
vt 0.015580 0.304200
vt 0.520790 0.942990
vt 0.517310 0.945700
vt 0.512620 0.939810
vt 0.518330 0.939520
vt 0.912770 0.346000
vt 0.918750 0.343520
vt 0.919090 0.348630
vt 0.914690 0.352540
vt 0.513260 0.931180
vt 0.517160 0.932750
vt 0.908770 0.353230
vt 0.912120 0.356950
vt 0.541240 0.909610
vt 0.535800 0.912080
vt 0.531270 0.911400
vt 0.532280 0.905370
vt 0.911800 0.388590
vt 0.917700 0.387450
vt 0.920210 0.394000
vt 0.910970 0.393980
vt 0.029800 0.323020
vt 0.015580 0.322710
vt 0.961470 0.422950
vt 0.952510 0.405180
vt 0.934530 0.402990
vt 0.935200 0.397670
vt 0.918800 0.400780
vt 0.951090 0.421750
vt 0.932280 0.414850
vt 0.916330 0.413760
vt 0.905490 0.404920
vt 0.909120 0.398970
vt 0.932180 0.426480
vt 0.916140 0.426530
vt 0.903750 0.420560
vt 0.905890 0.412920
vt 0.951160 0.437160
vt 0.962070 0.439350
vt 0.950120 0.442660
vt 0.029800 0.338180
vt 0.015580 0.338850
vt 0.933670 0.437940
vt 0.934740 0.444130
vt 0.918630 0.439390
vt 0.920190 0.445190
vt 0.905850 0.436000
vt 0.905990 0.428040
vt 0.911830 0.446830
vt 0.909460 0.441710
vt 0.029800 0.346280
vt 0.015580 0.344440
vt 0.963230 0.444460
vt 0.951060 0.448120
vt 0.592940 0.879910
vt 0.601860 0.889280
vt 0.598280 0.893060
vt 0.591150 0.884820
vt 0.029800 0.354140
vt 0.015580 0.349850
vt 0.935560 0.450190
vt 0.579910 0.872570
vt 0.577000 0.876900
vt 0.921180 0.451010
vt 0.569600 0.864590
vt 0.565750 0.868580
vt 0.913820 0.451870
vt 0.564800 0.860140
vt 0.560190 0.862510
vt 0.023620 0.368140
vt 0.008540 0.364470
vt 0.589620 0.906200
vt 0.585380 0.895200
vt 0.574120 0.881100
vt 0.562140 0.872170
vt 0.568100 0.890310
vt 0.554100 0.881990
vt 0.549680 0.867820
vt 0.555870 0.864620
vt 0.577480 0.910590
vt 0.562620 0.900130
vt 0.547690 0.893050
vt 0.539710 0.880070
vt 0.545280 0.874330
vt 0.015580 0.273200
vt 0.029800 0.272560
vt 0.558190 0.910100
vt 0.555880 0.914700
vt 0.543280 0.904390
vt 0.533080 0.894460
vt 0.537060 0.887780
vt 0.532840 0.900940
vt 0.556780 0.821650
vt 0.554100 0.821610
vt 0.552650 0.818810
vt 0.557390 0.817720
vt 0.559350 0.822370
vt 0.561590 0.820120
vt 0.886410 0.484900
vt 0.881990 0.484420
vt 0.883960 0.480270
vt 0.886590 0.481040
vt 0.878840 0.481240
vt 0.881730 0.478660
vt 0.511790 0.834000
vt 0.509940 0.836060
vt 0.506860 0.835120
vt 0.509370 0.830790
vt 0.514260 0.832770
vt 0.514200 0.829560
vt 0.850920 0.450090
vt 0.847950 0.446690
vt 0.852380 0.445060
vt 0.853890 0.447390
vt 0.848020 0.442160
vt 0.852040 0.442300
vt 0.484120 0.866020
vt 0.483740 0.868850
vt 0.480520 0.869580
vt 0.480310 0.864470
vt 0.485830 0.863730
vt 0.484030 0.860950
vt 0.841870 0.404970
vt 0.840930 0.400430
vt 0.845710 0.401380
vt 0.845980 0.404210
vt 0.843540 0.396590
vt 0.847040 0.398880
vt 0.481340 0.913870
vt 0.482850 0.916300
vt 0.480770 0.918900
vt 0.477380 0.915070
vt 0.481260 0.911000
vt 0.478090 0.910000
vt 0.866120 0.358060
vt 0.868410 0.353970
vt 0.871380 0.357860
vt 0.869740 0.360200
vt 0.872940 0.352820
vt 0.874060 0.356870
vt 0.551410 0.862750
vt 0.555190 0.861280
vt 0.559210 0.859910
vt 0.557900 0.845100
vt 0.554170 0.845280
vt 0.554220 0.842820
vt 0.558010 0.842800
vt 0.550390 0.845330
vt 0.550440 0.842770
vt 0.564000 0.858750
vt 0.912410 0.452830
vt 0.909380 0.448400
vt 0.898860 0.460230
vt 0.902840 0.463200
vt 0.901610 0.465000
vt 0.897520 0.462190
vt 0.563070 0.842890
vt 0.562790 0.844870
vt 0.906730 0.444380
vt 0.904030 0.441240
vt 0.892890 0.455880
vt 0.895830 0.457940
vt 0.894510 0.460050
vt 0.891450 0.458080
vt 0.900790 0.439170
vt 0.899230 0.439740
vt 0.547510 0.863180
vt 0.546780 0.862040
vt 0.545310 0.845100
vt 0.545320 0.842490
vt 0.887070 0.455520
vt 0.888610 0.453100
vt 0.539610 0.874750
vt 0.542550 0.871530
vt 0.545320 0.868060
vt 0.532070 0.854130
vt 0.529330 0.856460
vt 0.527830 0.854660
vt 0.530770 0.852320
vt 0.526600 0.858830
vt 0.525020 0.857150
vt 0.547400 0.863040
vt 0.900390 0.439310
vt 0.901970 0.433810
vt 0.901930 0.429080
vt 0.900440 0.424820
vt 0.879780 0.431620
vt 0.881060 0.435010
vt 0.878930 0.435710
vt 0.877610 0.432330
vt 0.881880 0.438620
vt 0.879770 0.439250
vt 0.897720 0.420940
vt 0.896530 0.421020
vt 0.535820 0.877250
vt 0.534990 0.876660
vt 0.522880 0.861930
vt 0.521300 0.860640
vt 0.875460 0.427700
vt 0.877770 0.426840
vt 0.531430 0.890200
vt 0.533440 0.886250
vt 0.535120 0.882140
vt 0.515270 0.875020
vt 0.513870 0.878210
vt 0.511810 0.877360
vt 0.513410 0.874000
vt 0.512590 0.881450
vt 0.510560 0.880870
vt 0.535210 0.876860
vt 0.896730 0.420960
vt 0.900360 0.416620
vt 0.901730 0.412220
vt 0.901580 0.407440
vt 0.879600 0.404400
vt 0.879220 0.407960
vt 0.877160 0.407560
vt 0.877540 0.404020
vt 0.878290 0.411380
vt 0.876220 0.410970
vt 0.900090 0.402140
vt 0.899620 0.402010
vt 0.527900 0.894140
vt 0.527590 0.894040
vt 0.510970 0.885900
vt 0.509100 0.885640
vt 0.877810 0.398970
vt 0.880000 0.399320
vt 0.529090 0.905990
vt 0.529050 0.901780
vt 0.529000 0.898060
vt 0.509910 0.901940
vt 0.510640 0.905600
vt 0.508860 0.906030
vt 0.508110 0.902300
vt 0.511400 0.909270
vt 0.509750 0.909770
vt 0.526880 0.893950
vt 0.898680 0.401720
vt 0.903440 0.399810
vt 0.906000 0.396480
vt 0.908100 0.392510
vt 0.894180 0.380020
vt 0.891550 0.382790
vt 0.890410 0.381480
vt 0.892970 0.378830
vt 0.888890 0.385210
vt 0.887700 0.383840
vt 0.910330 0.387810
vt 0.529410 0.911130
vt 0.512510 0.914090
vt 0.511140 0.914630
vt 0.896370 0.375140
vt 0.897600 0.376320
vt 0.534940 0.849290
vt 0.535820 0.850950
vt 0.882920 0.443800
vt 0.880720 0.444320
vt 0.515740 0.869610
vt 0.517240 0.870750
vt 0.876760 0.416170
vt 0.874580 0.415740
vt 0.507130 0.897260
vt 0.508780 0.897050
vt 0.884990 0.388510
vt 0.883640 0.386940
vt 0.554370 0.840760
vt 0.550610 0.840600
vt 0.551270 0.833250
vt 0.555030 0.833740
vt 0.558120 0.840820
vt 0.558860 0.833970
vt 0.563830 0.834280
vt 0.563060 0.841070
vt 0.896510 0.464100
vt 0.900680 0.466800
vt 0.896990 0.473300
vt 0.892830 0.470680
vt 0.889610 0.468760
vt 0.893340 0.461990
vt 0.890120 0.460020
vt 0.886310 0.467120
vt 0.881800 0.465150
vt 0.885740 0.457700
vt 0.545550 0.840200
vt 0.546380 0.832430
vt 0.526660 0.853220
vt 0.523890 0.855710
vt 0.516870 0.846910
vt 0.519830 0.844560
vt 0.529640 0.850960
vt 0.522820 0.842260
vt 0.526810 0.839410
vt 0.533890 0.848080
vt 0.878040 0.439950
vt 0.878940 0.445030
vt 0.867660 0.448650
vt 0.866720 0.443830
vt 0.865690 0.440230
vt 0.877130 0.436300
vt 0.875760 0.432800
vt 0.864260 0.436780
vt 0.861970 0.432460
vt 0.873460 0.428210
vt 0.520230 0.859280
vt 0.513130 0.850090
vt 0.509890 0.876570
vt 0.508690 0.880080
vt 0.496700 0.875200
vt 0.498020 0.871680
vt 0.511530 0.873230
vt 0.499550 0.868250
vt 0.501790 0.863880
vt 0.514080 0.868840
vt 0.874130 0.410750
vt 0.872340 0.415540
vt 0.858790 0.412720
vt 0.860470 0.408120
vt 0.861420 0.404500
vt 0.875110 0.407160
vt 0.875530 0.403450
vt 0.861910 0.400790
vt 0.862090 0.395880
vt 0.875660 0.398340
vt 0.507400 0.885000
vt 0.495240 0.879880
vt 0.507320 0.906420
vt 0.508290 0.910090
vt 0.496850 0.913180
vt 0.495810 0.909560
vt 0.506580 0.902740
vt 0.494840 0.905910
vt 0.493690 0.901150
vt 0.505690 0.897710
vt 0.886520 0.382700
vt 0.882340 0.385610
vt 0.874020 0.375230
vt 0.878130 0.372640
vt 0.881110 0.370410
vt 0.889370 0.380300
vt 0.892030 0.377600
vt 0.883900 0.367910
vt 0.887340 0.364440
vt 0.895420 0.373910
vt 0.509830 0.914860
vt 0.498360 0.917820
vt 0.555240 0.832100
vt 0.551370 0.831520
vt 0.552820 0.825300
vt 0.556130 0.825920
vt 0.559190 0.832350
vt 0.559490 0.826190
vt 0.564140 0.832660
vt 0.564160 0.826040
vt 0.891920 0.472150
vt 0.895940 0.474960
vt 0.891890 0.481160
vt 0.888960 0.477670
vt 0.888840 0.470300
vt 0.886140 0.475720
vt 0.885590 0.468780
vt 0.882920 0.474630
vt 0.880980 0.467150
vt 0.878390 0.474480
vt 0.546530 0.830610
vt 0.548390 0.823870
vt 0.519080 0.843590
vt 0.516030 0.845940
vt 0.511920 0.839830
vt 0.514680 0.837820
vt 0.522110 0.841210
vt 0.517340 0.835690
vt 0.526080 0.838370
vt 0.520780 0.832500
vt 0.865460 0.444220
vt 0.866250 0.449050
vt 0.858050 0.451140
vt 0.858370 0.446520
vt 0.864480 0.440660
vt 0.857690 0.443110
vt 0.863020 0.437280
vt 0.856050 0.440070
vt 0.860580 0.433050
vt 0.852840 0.436740
vt 0.512280 0.849080
vt 0.507940 0.842300
vt 0.496830 0.871190
vt 0.495440 0.874770
vt 0.487840 0.871280
vt 0.489150 0.868060
vt 0.498350 0.867670
vt 0.490460 0.864850
vt 0.500570 0.863320
vt 0.492020 0.860390
vt 0.859120 0.407810
vt 0.857300 0.412360
vt 0.848170 0.409810
vt 0.850780 0.405930
vt 0.860090 0.404240
vt 0.851950 0.402620
vt 0.860540 0.400560
vt 0.852130 0.399120
vt 0.860590 0.395660
vt 0.851200 0.394540
vt 0.493970 0.879430
vt 0.485840 0.875560
vt 0.494580 0.909910
vt 0.495640 0.913620
vt 0.487620 0.915600
vt 0.486660 0.912260
vt 0.493550 0.906200
vt 0.485650 0.908930
vt 0.492400 0.901440
vt 0.484020 0.904490
vt 0.877330 0.371530
vt 0.873120 0.373960
vt 0.867800 0.366010
vt 0.872280 0.364730
vt 0.880310 0.369390
vt 0.875300 0.362960
vt 0.883030 0.366920
vt 0.877750 0.360450
vt 0.886370 0.363350
vt 0.880130 0.356430
vt 0.497180 0.918250
vt 0.488690 0.920210
vt 0.564990 0.923610
vt 0.553190 0.918190
vt 0.934320 0.393340
vt 0.946480 0.393230
vt 0.928680 0.380420
vt 0.935870 0.376210
vt 0.950870 0.389320
vt 0.568080 0.927960
vt 0.551090 0.931220
vt 0.547660 0.927670
vt 0.939990 0.372330
vt 0.541890 0.914060
vt 0.537510 0.912100
vt 0.917330 0.384590
vt 0.922400 0.389260
vt 0.921250 0.379380
vt 0.542030 0.925400
vt 0.535170 0.930390
vt 0.538100 0.934650
vt 0.536960 0.935590
vt 0.534360 0.931060
vt 0.931140 0.365240
vt 0.925030 0.371700
vt 0.924650 0.370570
vt 0.930630 0.363810
vt 0.542020 0.937520
vt 0.540720 0.938620
vt 0.935440 0.360920
vt 0.934890 0.359360
vt 0.536340 0.920370
vt 0.530390 0.923500
vt 0.533610 0.915230
vt 0.915050 0.378200
vt 0.918730 0.372840
vt 0.534560 0.937300
vt 0.526740 0.941420
vt 0.525560 0.936140
vt 0.532070 0.932340
vt 0.923150 0.368040
vt 0.919120 0.360610
vt 0.923810 0.353550
vt 0.928970 0.361210
vt 0.933100 0.356630
vt 0.927130 0.348670
vt 0.538010 0.941000
vt 0.528610 0.946120
vt 0.522050 0.928880
vt 0.527930 0.924960
vt 0.525660 0.919280
vt 0.519440 0.923730
vt 0.917430 0.370110
vt 0.911910 0.370160
vt 0.909340 0.363060
vt 0.914440 0.363380
vt 0.528180 0.917810
vt 0.913060 0.372750
vt 0.062370 0.304830
vt 0.062370 0.323990
vt 0.030380 0.322970
vt 0.030380 0.304510
vt 0.066250 0.340870
vt 0.030380 0.338070
vt 0.066250 0.354380
vt 0.095750 0.343630
vt 0.095750 0.362550
vt 0.066250 0.368120
vt 0.095750 0.381740
vt 0.054570 0.384800
vt 0.088760 0.401510
vt 0.062370 0.278060
vt 0.062370 0.264920
vt 0.095750 0.251190
vt 0.095750 0.267900
vt 0.062370 0.291740
vt 0.095750 0.285000
vt 0.095750 0.303540
vt 0.095750 0.324820
vt 0.124890 0.344930
vt 0.124890 0.365180
vt 0.124890 0.385710
vt 0.124890 0.407820
vt 0.124890 0.249110
vt 0.124890 0.266080
vt 0.124890 0.284750
vt 0.124890 0.303110
vt 0.124890 0.325040
vt 0.142140 0.365850
vt 0.142140 0.345110
vt 0.157950 0.346380
vt 0.157950 0.366760
vt 0.142140 0.386720
vt 0.157950 0.386850
vt 0.142140 0.408990
vt 0.157950 0.408280
vt 0.142140 0.265930
vt 0.142140 0.249380
vt 0.157950 0.250590
vt 0.157950 0.266400
vt 0.142140 0.285190
vt 0.157950 0.285630
vt 0.142140 0.304210
vt 0.157950 0.304790
vt 0.142140 0.325740
vt 0.157950 0.326840
vt 0.175120 0.368060
vt 0.175120 0.349120
vt 0.192190 0.351740
vt 0.192190 0.370000
vt 0.175120 0.386560
vt 0.192190 0.388060
vt 0.175120 0.409560
vt 0.192190 0.413310
vt 0.175120 0.267660
vt 0.175120 0.250410
vt 0.192190 0.246740
vt 0.192190 0.265930
vt 0.175120 0.285510
vt 0.192190 0.284450
vt 0.175120 0.303510
vt 0.192190 0.302420
vt 0.175120 0.327610
vt 0.192190 0.328080
vt 0.219760 0.354150
vt 0.219760 0.373870
vt 0.219760 0.393400
vt 0.219760 0.419460
vt 0.219760 0.236420
vt 0.219760 0.261120
vt 0.219760 0.279710
vt 0.219760 0.297770
vt 0.219760 0.327810
vt 0.252590 0.353540
vt 0.252590 0.375600
vt 0.252590 0.396980
vt 0.252590 0.424200
vt 0.245780 0.228580
vt 0.245780 0.254390
vt 0.252590 0.278260
vt 0.252590 0.296800
vt 0.252590 0.324170
vt 0.299670 0.343380
vt 0.299670 0.367470
vt 0.280230 0.393920
vt 0.280230 0.429870
vt 0.278090 0.219640
vt 0.278090 0.246230
vt 0.278090 0.273400
vt 0.299670 0.292730
vt 0.299670 0.319600
vt 0.844600 0.327020
vt 0.845330 0.279230
vt 0.859780 0.280050
vt 0.856280 0.326500
vt 0.876040 0.328710
vt 0.884260 0.284280
vt 0.900570 0.333340
vt 0.911940 0.293070
vt 0.891070 0.674580
vt 0.914300 0.668760
vt 0.926220 0.706690
vt 0.898190 0.711010
vt 0.879040 0.676040
vt 0.883660 0.713700
vt 0.870300 0.714440
vt 0.868390 0.676540
vt 0.857750 0.676520
vt 0.856940 0.714300
vt 0.842770 0.713980
vt 0.846270 0.675420
vt 0.822620 0.671140
vt 0.814280 0.712780
vt 0.832820 0.327430
vt 0.808840 0.328320
vt 0.803580 0.283990
vt 0.831200 0.279760
vt 0.847680 0.238230
vt 0.863260 0.239410
vt 0.891230 0.243140
vt 0.926170 0.249940
vt 0.938130 0.747530
vt 0.904410 0.754970
vt 0.887460 0.757500
vt 0.872670 0.758700
vt 0.857860 0.759040
vt 0.841420 0.758330
vt 0.807010 0.754680
vt 0.796690 0.239090
vt 0.831240 0.238160
vt 0.849600 0.193160
vt 0.866830 0.194560
vt 0.898350 0.198510
vt 0.936570 0.202150
vt 0.945670 0.794110
vt 0.908540 0.801880
vt 0.890640 0.804810
vt 0.875020 0.806460
vt 0.859300 0.806580
vt 0.841930 0.805470
vt 0.804200 0.801640
vt 0.793190 0.190800
vt 0.831240 0.192470
vt 0.182480 0.492040
vt 0.197690 0.493390
vt 0.196450 0.508140
vt 0.181150 0.506470
vt 0.177560 0.534910
vt 0.193080 0.537670
vt 0.171010 0.570690
vt 0.186650 0.575130
vt 0.542920 0.380760
vt 0.579180 0.374820
vt 0.579800 0.390140
vt 0.542380 0.396160
vt 0.525470 0.383110
vt 0.525480 0.398630
vt 0.511090 0.400020
vt 0.510160 0.384420
vt 0.494760 0.385390
vt 0.496490 0.400630
vt 0.480050 0.400780
vt 0.477880 0.385620
vt 0.441300 0.383870
vt 0.442190 0.399280
vt 0.183430 0.476090
vt 0.184860 0.439970
vt 0.200220 0.438980
vt 0.198810 0.476780
vt 0.221850 0.494480
vt 0.242530 0.496120
vt 0.241780 0.512220
vt 0.220900 0.511200
vt 0.217200 0.542820
vt 0.239440 0.543950
vt 0.210950 0.580710
vt 0.233580 0.581990
vt 0.544720 0.419360
vt 0.582130 0.414030
vt 0.585230 0.435550
vt 0.547250 0.441960
vt 0.527860 0.421440
vt 0.529170 0.444240
vt 0.513390 0.445610
vt 0.512720 0.422770
vt 0.497250 0.423600
vt 0.497430 0.446070
vt 0.479960 0.446140
vt 0.480700 0.423950
vt 0.442690 0.423350
vt 0.441450 0.444920
vt 0.222380 0.476880
vt 0.223210 0.438270
vt 0.243270 0.440160
vt 0.242990 0.478530
vt 0.275150 0.496220
vt 0.275730 0.514510
vt 0.273660 0.549490
vt 0.267010 0.588420
vt 0.590320 0.468300
vt 0.550850 0.471460
vt 0.532760 0.477840
vt 0.515130 0.479010
vt 0.497790 0.479850
vt 0.479520 0.480010
vt 0.440160 0.478590
vt 0.273630 0.437210
vt 0.274720 0.477320
vt 0.316880 0.497460
vt 0.318380 0.516750
vt 0.318210 0.554710
vt 0.307710 0.595440
vt 0.598940 0.508140
vt 0.559680 0.517210
vt 0.538030 0.521360
vt 0.519230 0.522720
vt 0.500300 0.522880
vt 0.481050 0.519830
vt 0.439960 0.517270
vt 0.307590 0.437470
vt 0.312010 0.477720
vt 0.352680 0.493290
vt 0.374570 0.485190
vt 0.375000 0.509520
vt 0.351250 0.514310
vt 0.344010 0.548780
vt 0.376420 0.546830
vt 0.320920 0.599230
vt 0.346610 0.608220
vt 0.560890 0.535450
vt 0.601940 0.521740
vt 0.609310 0.546920
vt 0.562480 0.567390
vt 0.539400 0.540580
vt 0.537730 0.578620
vt 0.520280 0.584590
vt 0.521150 0.550260
vt 0.503190 0.560490
vt 0.501620 0.587000
vt 0.479630 0.589260
vt 0.484000 0.560170
vt 0.351020 0.471840
vt 0.344990 0.426460
vt 0.367550 0.415080
vt 0.374620 0.462690
vt 0.164850 0.490620
vt 0.163510 0.504850
vt 0.159980 0.532800
vt 0.153160 0.567830
vt 0.539750 0.364360
vt 0.575000 0.358160
vt 0.523480 0.366590
vt 0.509640 0.368010
vt 0.495620 0.368850
vt 0.479870 0.368900
vt 0.444200 0.366640
vt 0.165820 0.474630
vt 0.167220 0.438860
vt 0.570970 0.800280
vt 0.570810 0.783030
vt 0.593270 0.785470
vt 0.592450 0.805940
vt 0.634620 0.809800
vt 0.635250 0.786620
vt 0.071820 0.593650
vt 0.080810 0.612180
vt 0.056360 0.619970
vt 0.046410 0.601750
vt 0.000000 0.613520
vt 0.007920 0.630970
vt 0.547220 0.800910
vt 0.500520 0.802820
vt 0.495740 0.784390
vt 0.545500 0.781280
vt 0.571810 0.762010
vt 0.594600 0.765300
vt 0.635850 0.764660
vt 0.083640 0.633410
vt 0.060080 0.641980
vt 0.012060 0.654570
vt 0.496100 0.761100
vt 0.546380 0.759390
vt 0.573410 0.740440
vt 0.597790 0.738010
vt 0.636600 0.737120
vt 0.082990 0.655620
vt 0.059590 0.660840
vt 0.013760 0.680950
vt 0.498630 0.735580
vt 0.549070 0.741430
vt 0.576180 0.713050
vt 0.597680 0.710750
vt 0.637290 0.711640
vt 0.078500 0.686200
vt 0.054790 0.692500
vt 0.011780 0.712090
vt 0.506250 0.705530
vt 0.552720 0.712100
vt 0.573120 0.689360
vt 0.596370 0.691860
vt 0.637870 0.690270
vt 0.637830 0.691900
vt 0.075870 0.709550
vt 0.050280 0.717570
vt 0.011290 0.728160
vt 0.508180 0.689760
vt 0.548220 0.688950
vt 0.571360 0.662900
vt 0.593840 0.662360
vt 0.638530 0.666100
vt 0.076630 0.739780
vt 0.044830 0.744220
vt 0.010940 0.743080
vt 0.508710 0.674900
vt 0.544870 0.667790
vt 0.571330 0.650260
vt 0.594290 0.644060
vt 0.639060 0.646680
vt 0.078560 0.761260
vt 0.053180 0.761010
vt 0.587090 0.821460
vt 0.619960 0.818620
vt 0.627810 0.835410
vt 0.577900 0.834050
vt 0.310540 0.823120
vt 0.290010 0.855350
vt 0.287980 0.839890
vt 0.302990 0.813500
vt 0.329180 0.777230
vt 0.331100 0.747080
vt 0.347270 0.753300
vt 0.344840 0.776940
vt 0.385840 0.777610
vt 0.384700 0.755570
vt 0.656990 0.848250
vt 0.658070 0.881220
vt 0.639780 0.895880
vt 0.638070 0.858260
vt 0.339130 0.719830
vt 0.352710 0.728800
vt 0.383570 0.733880
vt 0.670000 0.896370
vt 0.659510 0.905080
vt 0.616410 0.927670
vt 0.643840 0.926100
vt 0.314500 0.741520
vt 0.300260 0.718990
vt 0.316900 0.697990
vt 0.327940 0.710840
vt 0.359700 0.706660
vt 0.366760 0.711310
vt 0.382630 0.715840
vt 0.689900 0.912140
vt 0.682940 0.919840
vt 0.672970 0.935890
vt 0.344310 0.686130
vt 0.353510 0.700640
vt 0.390840 0.484350
vt 0.418590 0.474790
vt 0.412610 0.492160
vt 0.395060 0.507320
vt 0.415000 0.546850
vt 0.426510 0.524470
vt 0.539280 0.612290
vt 0.539640 0.643730
vt 0.519100 0.642620
vt 0.518660 0.612650
vt 0.499630 0.611010
vt 0.498930 0.640540
vt 0.475430 0.636810
vt 0.476520 0.607660
vt 0.389220 0.460560
vt 0.383160 0.415300
vt 0.408100 0.407590
vt 0.416220 0.452990
vt 0.652190 0.829740
vt 0.321680 0.801760
vt 0.343020 0.795710
vt 0.386830 0.796510
vt 0.301580 0.749370
vt 0.289480 0.728670
vt 0.601770 0.930220
vt 0.611930 0.909500
vt 0.616660 0.872860
vt 0.599890 0.853110
vt 0.572860 0.847160
vt 0.275410 0.833620
vt 0.288870 0.813120
vt 0.301540 0.783730
vt 0.313420 0.780290
vt 0.432880 0.601960
vt 0.429640 0.627900
vt 0.439930 0.560770
vt 0.439250 0.586890
vt 0.101690 0.936260
vt 0.074140 0.921100
vt 0.079040 0.911020
vt 0.106730 0.926040
vt 0.199800 0.917220
vt 0.222040 0.904940
vt 0.238830 0.918040
vt 0.211090 0.932560
vt 0.188200 0.897560
vt 0.211400 0.880510
vt 0.111900 0.915850
vt 0.085040 0.902010
vt 0.094330 0.881430
vt 0.124090 0.897890
vt 0.174280 0.803200
vt 0.178960 0.795880
vt 0.192390 0.825500
vt 0.184680 0.829630
vt 0.158930 0.793500
vt 0.151080 0.791810
vt 0.150450 0.778390
vt 0.159940 0.781110
vt 0.139130 0.797840
vt 0.129480 0.805430
vt 0.124210 0.798680
vt 0.134060 0.787220
vt 0.047740 0.908690
vt 0.052960 0.898130
vt 0.252860 0.885680
vt 0.264080 0.903580
vt 0.236890 0.862410
vt 0.191850 0.781540
vt 0.209440 0.815120
vt 0.149430 0.761020
vt 0.164300 0.762790
vt 0.110680 0.784510
vt 0.123260 0.771930
vt 0.058260 0.888290
vt 0.070500 0.866940
vt 0.830580 0.343890
vt 0.808800 0.344030
vt 0.825540 0.656060
vt 0.847120 0.658510
vt 0.857480 0.662010
vt 0.867630 0.663160
vt 0.877740 0.663250
vt 0.889930 0.660990
vt 0.911270 0.653150
vt 0.897130 0.349090
vt 0.874780 0.343420
vt 0.854730 0.343040
vt 0.842420 0.342990
vt 0.172440 0.881310
vt 0.177130 0.855120
vt 0.189750 0.863800
vt 0.204400 0.855720
vt 0.163150 0.873790
vt 0.154090 0.871500
vt 0.153510 0.848060
vt 0.163390 0.849040
vt 0.144930 0.874120
vt 0.135960 0.879440
vt 0.130960 0.853300
vt 0.144140 0.848500
vt 0.116890 0.865220
vt 0.101820 0.858100
vt 0.224660 0.844390
vt 0.079460 0.851140
vt 0.171150 0.823000
vt 0.152390 0.818350
vt 0.160070 0.818970
vt 0.134940 0.820910
vt 0.144870 0.819010
vt 0.121620 0.829260
vt 0.111070 0.826260
vt 0.094870 0.816520
vt 0.164200 0.797530
vt 0.143190 0.794510
vt 0.920410 0.516600
vt 0.922420 0.480530
vt 0.952020 0.485240
vt 0.952340 0.517040
vt 0.921300 0.551020
vt 0.951470 0.550460
vt 0.918040 0.573320
vt 0.951000 0.572510
vt 0.931300 0.598380
vt 0.951140 0.591740
vt 0.950780 0.606480
vt 0.941290 0.460360
vt 0.952560 0.456440
vt 0.951980 0.474800
vt 0.932970 0.468360
vt 0.962100 0.603370
vt 0.970390 0.595910
vt 0.981370 0.573770
vt 0.981490 0.555080
vt 0.983660 0.515990
vt 0.979540 0.482260
vt 0.962740 0.461720
vt 0.970300 0.470400
vt 0.140800 0.781480
vt 0.135450 0.764340
vt 0.168280 0.785400
vt 0.177150 0.769080
vt 0.118820 0.580900
vt 0.122130 0.604670
vt 0.101580 0.606430
vt 0.094790 0.586630
vt 0.123370 0.623320
vt 0.103770 0.626700
vt 0.122980 0.655310
vt 0.103490 0.654360
vt 0.122210 0.690700
vt 0.099960 0.685560
vt 0.121690 0.707470
vt 0.098890 0.705120
vt 0.119900 0.736190
vt 0.097050 0.738140
vt 0.119640 0.752620
vt 0.097440 0.756280
vt 0.692010 0.831330
vt 0.693540 0.862460
vt 0.675560 0.869730
vt 0.673500 0.836580
vt 0.697090 0.883500
vt 0.682280 0.889820
vt 0.704740 0.902160
vt 0.696480 0.904580
vt 0.690190 0.815090
vt 0.669030 0.820650
vt 0.414810 0.547180
vt 0.564250 0.595280
vt 0.564030 0.601920
vt 0.733600 0.166930
vt 0.746850 0.173210
vt 0.733850 0.174450
vt 0.837260 0.130820
vt 0.827360 0.136260
vt 0.818810 0.138730
vt 0.805360 0.144970
vt 0.788050 0.155100
vt 0.775640 0.163320
vt 0.761420 0.169260
vt 0.745100 0.187870
vt 0.734360 0.189780
vt 0.755340 0.186340
vt 0.767240 0.182030
vt 0.781330 0.177790
vt 0.805900 0.168960
vt 0.825210 0.161630
vt 0.834060 0.158410
vt 0.842000 0.155300
vt 0.317710 0.361340
vt 0.317710 0.397490
vt 0.302470 0.428090
vt 0.299710 0.210150
vt 0.299710 0.234370
vt 0.317710 0.256760
vt 0.317710 0.280510
vt 0.317710 0.314160
vt 0.317710 0.336040
vt 0.149900 0.503950
vt 0.150960 0.489710
vt 0.146430 0.531490
vt 0.139540 0.565230
vt 0.537240 0.350960
vt 0.571210 0.345060
vt 0.509430 0.354300
vt 0.522160 0.352990
vt 0.481600 0.355320
vt 0.496390 0.355160
vt 0.447100 0.353200
vt 0.152200 0.473540
vt 0.153450 0.438390
vt 0.044130 0.745430
vt 0.011240 0.744370
vt 0.508690 0.673580
vt 0.543970 0.663740
vt 0.571240 0.648840
vt 0.594510 0.642740
vt 0.052400 0.761880
vt 0.078690 0.762560
vt 0.119870 0.753960
vt 0.097800 0.757560
vt 0.144080 0.753610
vt 0.144080 0.752260
vt 0.550040 0.658530
vt 0.551090 0.659360
vt 0.850490 0.186240
vt 0.867900 0.187620
vt 0.898760 0.191170
vt 0.934620 0.194460
vt 0.945060 0.802100
vt 0.910010 0.808990
vt 0.891640 0.812650
vt 0.875400 0.813980
vt 0.859050 0.813980
vt 0.841040 0.812580
vt 0.805650 0.809160
vt 0.796030 0.183510
vt 0.831760 0.185570
vt 0.013880 0.298230
vt 0.013880 0.291450
vt 0.012170 0.291720
vt 0.013880 0.322870
vt 0.013880 0.305080
vt 0.013780 0.304550
vt 0.013880 0.344190
vt 0.013880 0.338580
vt 0.017740 0.338750
vt 0.007340 0.363600
vt 0.013880 0.349510
vt 0.015810 0.349710
vt 0.360370 0.705820
vt 0.367290 0.710360
vt 0.690610 0.912930
vt 0.683760 0.920570
vt 0.674040 0.936230
vt 0.345340 0.685720
vt 0.354290 0.699870
vt 0.704950 0.903170
vt 0.696980 0.905530
vt 0.713090 0.900620
vt 0.713100 0.899530
vt 0.030380 0.296120
vt 0.030380 0.288450
vt 0.030380 0.346060
vt 0.030380 0.354460
vt 0.024280 0.367830
vt 0.013880 0.273390
vt 0.030380 0.272310
vt 0.013760 0.018910
vt 0.010920 0.017120
vt 0.253660 0.195740
vt 0.669640 0.000610
vt 0.669770 0.005580
vt 0.660990 0.005170
vt 0.665970 0.000000
vt 0.251390 0.167720
vt 0.288530 0.171300
vt 0.688350 0.001530
vt 0.688290 0.004930
vt 0.679350 0.003840
vt 0.679700 0.000000
vt 0.004280 0.024160
vt 0.009240 0.016790
vt 0.272570 0.094380
vt 0.303900 0.107280
vt 0.300440 0.123050
vt 0.632980 0.004970
vt 0.629310 0.005630
vt 0.624270 0.000520
vt 0.633040 0.000000
vt 0.268350 0.106970
vt 0.291560 0.201990
vt 0.730240 0.112160
vt 0.730110 0.111070
vt 0.730470 0.111970
vt 0.730620 0.114810
vt 0.731320 0.121520
vt 0.730900 0.117140
vt 0.258860 0.213550
vt 0.614750 0.000000
vt 0.615060 0.003380
vt 0.606540 0.005550
vt 0.605910 0.001740
vt 0.267440 0.120680
vt 0.298810 0.130540
vt 0.297430 0.138810
vt 0.729760 0.104590
vt 0.731660 0.125220
vt 0.729990 0.105870
vt 0.729990 0.106120
vt 0.264470 0.133440
vt 0.794970 0.015860
vt 0.819310 0.031020
vt 0.765410 0.010300
vt 0.728520 0.014750
vt 0.729750 0.053370
vt 0.835590 0.053140
vt 0.838780 0.060940
vt 0.844850 0.086780
vt 0.730160 0.066840
vt 0.845650 0.108650
vt 0.351010 0.607440
vt 0.612690 0.549580
vt 0.713270 0.881720
vt 0.713480 0.860700
vt 0.713760 0.830550
vt 0.713920 0.814350
vt 0.144000 0.735720
vt 0.143890 0.713670
vt 0.143810 0.695810
vt 0.143620 0.657300
vt 0.143460 0.622690
vt 0.143370 0.603910
vt 0.143250 0.577210
vt 0.560800 0.642250
vt 0.848700 0.123740
vt 0.856710 0.147980
vt 0.639100 0.645340
vt 0.382580 0.714790
vt 0.020930 0.018120
vt 0.017910 0.010100
vt 0.022620 0.001480
vt 0.024650 0.015580
vt 0.016120 0.008890
vt 0.017970 0.005380
vt 0.202650 0.000000
vt 0.201480 0.009770
vt 0.197070 0.015440
vt 0.194620 0.011860
vt 0.465160 0.000750
vt 0.459660 0.003490
vt 0.455960 0.003810
vt 0.455350 0.000000
vt 0.022240 0.019370
vt 0.019750 0.022140
vt 0.024440 0.001180
vt 0.026460 0.015220
vt 0.025280 0.017130
vt 0.022370 0.019450
vt 0.016800 0.003940
vt 0.021530 0.000000
vt 0.014530 0.007890
vt 0.016300 0.004630
vt 0.729310 0.112770
vt 0.729000 0.115150
vt 0.727330 0.115570
vt 0.728040 0.113660
vt 0.219670 0.006700
vt 0.215280 0.006800
vt 0.215280 0.003990
vt 0.219730 0.003770
vt 0.719030 0.087610
vt 0.720740 0.088630
vt 0.716640 0.091090
vt 0.716540 0.089660
vt 0.714100 0.083420
vt 0.714180 0.084690
vt 0.712630 0.086960
vt 0.711410 0.087410
vt 0.721510 0.081350
vt 0.720120 0.082870
vt 0.717090 0.083300
vt 0.718220 0.081160
vt 0.721970 0.084740
vt 0.720240 0.085140
vt 0.710410 0.118750
vt 0.717090 0.117510
vt 0.720080 0.121280
vt 0.715360 0.125870
vt 0.686710 0.114610
vt 0.702610 0.107760
vt 0.701830 0.123780
vt 0.691990 0.128700
vt 0.712900 0.091180
vt 0.713700 0.089920
vt 0.224620 0.005390
vt 0.224460 0.003400
vt 0.226410 0.003560
vt 0.215090 0.000920
vt 0.219370 0.000000
vt 0.224200 0.000200
vt 0.724150 0.089510
vt 0.716810 0.093300
vt 0.711140 0.092660
vt 0.708460 0.088030
vt 0.711770 0.081310
vt 0.718920 0.076810
vt 0.724810 0.078060
vt 0.724930 0.084130
vt 0.723240 0.096170
vt 0.715440 0.100530
vt 0.704000 0.091240
vt 0.706220 0.079480
vt 0.716060 0.070320
vt 0.727640 0.085700
vt 0.728250 0.080050
vt 0.729320 0.080820
vt 0.729220 0.086270
vt 0.729290 0.092010
vt 0.727610 0.091280
vt 0.212990 0.004220
vt 0.725790 0.100840
vt 0.718760 0.107850
vt 0.729290 0.111320
vt 0.729880 0.109280
vt 0.727950 0.099570
vt 0.727570 0.097070
vt 0.728930 0.097100
vt 0.729060 0.099230
vt 0.728090 0.121140
vt 0.725720 0.118330
vt 0.727570 0.117160
vt 0.728890 0.117470
vt 0.721890 0.128880
vt 0.723990 0.123240
vt 0.728040 0.124970
vt 0.727140 0.130000
vt 0.723760 0.115660
vt 0.727420 0.112870
vt 0.729030 0.111290
vt 0.726580 0.084600
vt 0.727330 0.079460
vt 0.726240 0.090140
vt 0.729010 0.102150
vt 0.729400 0.104570
vt 0.729340 0.104670
vt 0.728790 0.102440
vt 0.727080 0.099970
vt 0.726120 0.096860
vt 0.726910 0.076980
vt 0.725700 0.075340
vt 0.726980 0.074890
vt 0.727940 0.077510
vt 0.729050 0.077940
vt 0.728670 0.074920
vt 0.726230 0.103790
vt 0.725080 0.107270
vt 0.723450 0.112260
vt 0.724460 0.116880
vt 0.172590 0.007480
vt 0.177660 0.002400
vt 0.187200 0.000000
vt 0.176440 0.009460
vt 0.436990 0.000360
vt 0.440680 0.000000
vt 0.446590 0.001700
vt 0.437080 0.004220
vt 0.729500 0.105590
vt 0.729470 0.105540
vt 0.728250 0.103380
vt 0.714350 0.085410
vt 0.716750 0.084130
vt 0.713220 0.086960
vt 0.714140 0.089200
vt 0.716460 0.088750
vt 0.718490 0.087500
vt 0.719680 0.085230
vt 0.718930 0.083820
vt 0.652340 0.056100
vt 0.647030 0.044750
vt 0.666880 0.032740
vt 0.669930 0.045570
vt 0.690360 0.029970
vt 0.688900 0.044000
vt 0.717060 0.031300
vt 0.708200 0.044790
vt 0.724270 0.052170
vt 0.717550 0.056940
vt 0.640720 0.073790
vt 0.633210 0.065780
vt 0.659860 0.065700
vt 0.672940 0.057390
vt 0.687290 0.055940
vt 0.700890 0.056460
vt 0.709340 0.064670
vt 0.650140 0.079910
vt 0.667000 0.074170
vt 0.675910 0.068020
vt 0.685570 0.065940
vt 0.694290 0.067180
vt 0.699990 0.073900
vt 0.660790 0.084410
vt 0.671200 0.093390
vt 0.676390 0.089050
vt 0.682240 0.087480
vt 0.684620 0.088290
vt 0.688430 0.093700
vt 0.689720 0.099380
vt 0.669340 0.099270
vt 0.683210 0.093210
vt 0.686450 0.097140
vt 0.680650 0.097630
vt 0.680040 0.093320
vt 0.675140 0.098980
vt 0.676850 0.095450
vt 0.687660 0.101430
vt 0.680940 0.102860
vt 0.674490 0.102380
vt 0.724730 0.141920
vt 0.726130 0.134840
vt 0.709790 0.131380
vt 0.702030 0.138020
vt 0.687800 0.107260
vt 0.714100 0.142840
vt 0.719180 0.134800
vt 0.721140 0.154710
vt 0.690260 0.146590
vt 0.681900 0.133560
vt 0.680650 0.108420
vt 0.685650 0.107550
vt 0.684920 0.112800
vt 0.679720 0.114800
vt 0.704590 0.153480
vt 0.681140 0.119710
vt 0.723280 0.066020
vt 0.686070 0.154990
vt 0.675670 0.141640
vt 0.674730 0.107080
vt 0.674920 0.112110
vt 0.700770 0.161630
vt 0.717160 0.165690
vt 0.673050 0.118380
vt 0.631430 0.075270
vt 0.640430 0.082440
vt 0.648430 0.088060
vt 0.658220 0.092040
vt 0.669570 0.108860
vt 0.629090 0.100970
vt 0.639120 0.106900
vt 0.648920 0.111910
vt 0.658810 0.115230
vt 0.642710 0.128930
vt 0.651930 0.132310
vt 0.661140 0.134740
vt 0.727410 0.065600
vt 0.680300 0.090530
vt 0.683960 0.090520
vt 0.687760 0.095140
vt 0.673070 0.096700
vt 0.675930 0.092700
vt 0.689040 0.100100
vt 0.672580 0.100640
vt 0.687070 0.107690
vt 0.679430 0.116630
vt 0.673610 0.113570
vt 0.672470 0.107160
vt 0.631050 0.123440
vt 0.299260 0.131000
vt 0.301240 0.123250
vt 0.315740 0.129180
vt 0.314770 0.135120
vt 0.008200 0.497580
vt 0.009950 0.492120
vt 0.021560 0.494080
vt 0.017550 0.499840
vt 0.857710 0.060130
vt 0.855620 0.054220
vt 0.864380 0.049170
vt 0.869800 0.053970
vt 0.298120 0.138950
vt 0.312040 0.141010
vt 0.057490 0.536520
vt 0.049990 0.537410
vt 0.049520 0.533060
vt 0.053720 0.532290
vt 0.903400 0.005100
vt 0.903830 0.000000
vt 0.909760 0.002590
vt 0.907720 0.009090
vt 0.063210 0.529780
vt 0.059340 0.528120
vt 0.913630 0.009900
vt 0.910200 0.013550
vt 0.063200 0.495490
vt 0.058710 0.495990
vt 0.053750 0.492190
vt 0.063450 0.489370
vt 0.901380 0.050450
vt 0.904020 0.043960
vt 0.909900 0.045240
vt 0.910610 0.050640
vt 0.292120 0.156660
vt 0.306860 0.158890
vt 0.859510 0.078510
vt 0.868840 0.060940
vt 0.886860 0.059140
vt 0.886310 0.053800
vt 0.902640 0.057270
vt 0.869910 0.077540
vt 0.888860 0.071040
vt 0.904830 0.070280
vt 0.915860 0.061690
vt 0.912350 0.055660
vt 0.888720 0.082670
vt 0.904750 0.083050
vt 0.917260 0.077360
vt 0.915280 0.069680
vt 0.869510 0.092940
vt 0.858560 0.094900
vt 0.870430 0.098460
vt 0.289180 0.171520
vt 0.302210 0.174450
vt 0.886980 0.094080
vt 0.885790 0.100250
vt 0.901990 0.095840
vt 0.900310 0.101610
vt 0.914850 0.092710
vt 0.914870 0.084770
vt 0.911120 0.098350
vt 0.908640 0.103410
vt 0.287670 0.179470
vt 0.302240 0.180120
vt 0.857290 0.099980
vt 0.869380 0.103900
vt 0.002750 0.461110
vt 0.000000 0.456680
vt 0.010880 0.449400
vt 0.011530 0.454570
vt 0.287970 0.187490
vt 0.302240 0.185600
vt 0.884840 0.106290
vt 0.025490 0.445550
vt 0.027280 0.450470
vt 0.899200 0.107400
vt 0.037340 0.440880
vt 0.040150 0.445690
vt 0.906540 0.108400
vt 0.042620 0.438430
vt 0.046740 0.441360
vt 0.292170 0.202400
vt 0.307630 0.201360
vt 0.008260 0.475490
vt 0.014880 0.465880
vt 0.029120 0.455190
vt 0.042920 0.449910
vt 0.032910 0.465410
vt 0.048640 0.461100
vt 0.055970 0.448320
vt 0.050570 0.444040
vt 0.019040 0.482250
vt 0.035950 0.476040
vt 0.052260 0.473450
vt 0.063170 0.462460
vt 0.058950 0.455590
vt 0.304460 0.107630
vt 0.319080 0.110800
vt 0.037680 0.486530
vt 0.038570 0.491440
vt 0.053390 0.486080
vt 0.066020 0.478410
vt 0.063910 0.470770
vt 0.064360 0.484890
vt 0.058010 0.398900
vt 0.056160 0.401480
vt 0.053490 0.401150
vt 0.053470 0.397160
vt 0.050820 0.401520
vt 0.048940 0.398960
vt 0.935740 0.137460
vt 0.937620 0.141650
vt 0.933190 0.142030
vt 0.933100 0.138160
vt 0.938010 0.135890
vt 0.940840 0.138550
vt 0.103150 0.422820
vt 0.099930 0.423100
vt 0.098520 0.420720
vt 0.101580 0.418080
vt 0.096320 0.419010
vt 0.097060 0.415870
vt 0.968090 0.102890
vt 0.972490 0.104630
vt 0.969430 0.107960
vt 0.966530 0.105180
vt 0.968500 0.100140
vt 0.972520 0.100110
vt 0.123510 0.471010
vt 0.120850 0.469010
vt 0.121650 0.466260
vt 0.125780 0.466420
vt 0.121000 0.463460
vt 0.123790 0.461660
vt 0.975720 0.059620
vt 0.980520 0.058790
vt 0.979470 0.063320
vt 0.975380 0.062440
vt 0.974450 0.057080
vt 0.978010 0.054890
vt 0.102060 0.523840
vt 0.101800 0.520500
vt 0.104410 0.519310
vt 0.107020 0.522550
vt 0.106070 0.516950
vt 0.109270 0.517900
vt 0.950880 0.015300
vt 0.953920 0.011470
vt 0.956130 0.015600
vt 0.952470 0.017680
vt 0.948220 0.014260
vt 0.949410 0.010230
vt 0.055210 0.442970
vt 0.051700 0.440900
vt 0.047920 0.439010
vt 0.053910 0.422560
vt 0.053840 0.425030
vt 0.050130 0.424560
vt 0.050100 0.422250
vt 0.057710 0.422820
vt 0.057640 0.425390
vt 0.043310 0.437470
vt 0.907940 0.109390
vt 0.911050 0.105020
vt 0.918460 0.121780
vt 0.917260 0.119960
vt 0.921310 0.117070
vt 0.922610 0.119060
vt 0.045030 0.422070
vt 0.045240 0.424090
vt 0.913800 0.101070
vt 0.916560 0.097980
vt 0.925660 0.116990
vt 0.924390 0.114860
vt 0.927380 0.112860
vt 0.928770 0.115090
vt 0.919850 0.095950
vt 0.921400 0.096550
vt 0.059950 0.443010
vt 0.058910 0.444210
vt 0.062880 0.422860
vt 0.062780 0.425490
vt 0.933210 0.112640
vt 0.931730 0.110180
vt 0.064450 0.457150
vt 0.062210 0.453380
vt 0.060170 0.449430
vt 0.079260 0.438640
vt 0.077560 0.440250
vt 0.075090 0.437400
vt 0.076620 0.435800
vt 0.081780 0.441600
vt 0.080050 0.443130
vt 0.058960 0.444170
vt 0.920240 0.096090
vt 0.918770 0.090600
vt 0.918900 0.085900
vt 0.920470 0.081700
vt 0.941780 0.092910
vt 0.939660 0.092180
vt 0.941030 0.088780
vt 0.943170 0.089540
vt 0.940860 0.096460
vt 0.938770 0.095790
vt 0.923290 0.077930
vt 0.924440 0.078040
vt 0.068640 0.459880
vt 0.067720 0.460280
vt 0.085190 0.445590
vt 0.083550 0.446900
vt 0.945420 0.084920
vt 0.943130 0.083970
vt 0.068820 0.474650
vt 0.067840 0.470100
vt 0.067200 0.465490
vt 0.091560 0.466800
vt 0.089320 0.467020
vt 0.088920 0.463470
vt 0.091070 0.463070
vt 0.091720 0.470550
vt 0.089620 0.470550
vt 0.068210 0.460070
vt 0.924240 0.077970
vt 0.920710 0.073520
vt 0.919450 0.069080
vt 0.919710 0.064310
vt 0.944130 0.065010
vt 0.942050 0.065360
vt 0.941760 0.061780
vt 0.943830 0.061460
vt 0.944980 0.068450
vt 0.942890 0.068810
vt 0.921320 0.059030
vt 0.921800 0.058930
vt 0.071650 0.479570
vt 0.071320 0.479600
vt 0.091830 0.475540
vt 0.090100 0.475310
vt 0.943690 0.056400
vt 0.941490 0.056690
vt 0.066440 0.490560
vt 0.067820 0.486560
vt 0.069100 0.482980
vt 0.084950 0.498210
vt 0.083530 0.497030
vt 0.085760 0.494030
vt 0.087260 0.495180
vt 0.082520 0.501150
vt 0.081300 0.500000
vt 0.072640 0.479630
vt 0.922740 0.058640
vt 0.918020 0.056630
vt 0.915530 0.053250
vt 0.913510 0.049240
vt 0.931410 0.038560
vt 0.930240 0.039850
vt 0.927670 0.037030
vt 0.928900 0.035860
vt 0.934080 0.040980
vt 0.932860 0.042320
vt 0.911380 0.044500
vt 0.064600 0.495290
vt 0.079100 0.504880
vt 0.078300 0.503870
vt 0.925570 0.032110
vt 0.924320 0.033260
vt 0.072860 0.432080
vt 0.071650 0.433500
vt 0.939800 0.101530
vt 0.937600 0.101000
vt 0.090270 0.458100
vt 0.088390 0.458660
vt 0.946490 0.073260
vt 0.944300 0.073640
vt 0.090380 0.491070
vt 0.088860 0.490010
vt 0.938070 0.044150
vt 0.936700 0.045690
vt 0.057540 0.413300
vt 0.057670 0.420640
vt 0.053880 0.420490
vt 0.053720 0.413420
vt 0.050100 0.420270
vt 0.049860 0.413280
vt 0.045100 0.420200
vt 0.044880 0.413120
vt 0.922880 0.130180
vt 0.919350 0.123600
vt 0.923580 0.120990
vt 0.927100 0.127660
vt 0.926800 0.118950
vt 0.930370 0.125820
vt 0.930060 0.117070
vt 0.933700 0.124250
vt 0.934490 0.114850
vt 0.938260 0.122390
vt 0.062520 0.412930
vt 0.062750 0.420580
vt 0.091160 0.432450
vt 0.083060 0.440260
vt 0.080600 0.437340
vt 0.088610 0.429640
vt 0.077940 0.434610
vt 0.086020 0.426880
vt 0.074110 0.431100
vt 0.082500 0.423430
vt 0.952740 0.106110
vt 0.941560 0.102250
vt 0.942570 0.097190
vt 0.953790 0.101320
vt 0.943560 0.093540
vt 0.954900 0.097730
vt 0.945010 0.090060
vt 0.956420 0.094320
vt 0.947420 0.085510
vt 0.958820 0.090060
vt 0.094400 0.436150
vt 0.086340 0.444280
vt 0.106540 0.469800
vt 0.093720 0.470350
vt 0.093660 0.466620
vt 0.106570 0.466040
vt 0.093160 0.462930
vt 0.106370 0.462270
vt 0.092170 0.457930
vt 0.105820 0.457380
vt 0.962360 0.070630
vt 0.948740 0.073110
vt 0.947070 0.068280
vt 0.960790 0.065980
vt 0.946180 0.064660
vt 0.959940 0.062340
vt 0.945850 0.060950
vt 0.959540 0.058620
vt 0.945860 0.055830
vt 0.959480 0.053710
vt 0.106260 0.474700
vt 0.093510 0.475430
vt 0.091840 0.510320
vt 0.083620 0.502090
vt 0.086150 0.499260
vt 0.094600 0.507750
vt 0.088460 0.496300
vt 0.097320 0.505100
vt 0.091570 0.492240
vt 0.100770 0.501580
vt 0.947920 0.032620
vt 0.939400 0.042840
vt 0.935280 0.039850
vt 0.943850 0.029950
vt 0.932480 0.037390
vt 0.940920 0.027670
vt 0.929870 0.034650
vt 0.938170 0.025110
vt 0.926540 0.030890
vt 0.934800 0.021580
vt 0.088150 0.513510
vt 0.080040 0.505600
vt 0.056910 0.405280
vt 0.057610 0.411580
vt 0.053670 0.411760
vt 0.053530 0.405490
vt 0.049700 0.411600
vt 0.050150 0.405340
vt 0.044730 0.411400
vt 0.045520 0.404600
vt 0.927790 0.138150
vt 0.923890 0.131860
vt 0.927970 0.129150
vt 0.930810 0.134730
vt 0.931100 0.127380
vt 0.933670 0.132850
vt 0.934380 0.125920
vt 0.936910 0.131840
vt 0.939030 0.124400
vt 0.941450 0.131790
vt 0.061500 0.404410
vt 0.062560 0.411170
vt 0.097240 0.426390
vt 0.092140 0.431630
vt 0.089510 0.428800
vt 0.094900 0.423890
vt 0.086900 0.425940
vt 0.092670 0.421290
vt 0.083430 0.422480
vt 0.089880 0.417490
vt 0.962280 0.108830
vt 0.954140 0.106550
vt 0.955040 0.101730
vt 0.962070 0.104200
vt 0.956100 0.098200
vt 0.962830 0.100820
vt 0.957640 0.094860
vt 0.964550 0.097820
vt 0.960190 0.090680
vt 0.967840 0.094570
vt 0.100710 0.429570
vt 0.095360 0.435330
vt 0.116150 0.469580
vt 0.107860 0.469860
vt 0.107870 0.466020
vt 0.116200 0.466100
vt 0.107730 0.462180
vt 0.116240 0.462610
vt 0.107240 0.457300
vt 0.116550 0.457870
vt 0.973050 0.067990
vt 0.963860 0.070310
vt 0.962150 0.065710
vt 0.970540 0.064040
vt 0.961270 0.062110
vt 0.969450 0.060710
vt 0.960910 0.058430
vt 0.969360 0.057200
vt 0.960990 0.053520
vt 0.970400 0.052640
vt 0.116310 0.474320
vt 0.107530 0.474750
vt 0.098230 0.517290
vt 0.092630 0.511320
vt 0.095470 0.508700
vt 0.100870 0.515000
vt 0.098280 0.506050
vt 0.103530 0.512740
vt 0.101760 0.502570
vt 0.107340 0.509900
vt 0.954310 0.023520
vt 0.948840 0.031360
vt 0.944670 0.028860
vt 0.949860 0.022150
vt 0.941730 0.026660
vt 0.946870 0.020330
vt 0.939060 0.024140
vt 0.944470 0.017770
vt 0.935790 0.020510
vt 0.942160 0.013710
vt 0.094800 0.520580
vt 0.088870 0.514460
vt 0.039670 0.495560
vt 0.028560 0.497130
vt 0.875120 0.049120
vt 0.887280 0.049490
vt 0.893180 0.036700
vt 0.886090 0.032340
vt 0.870820 0.045120
vt 0.022990 0.500460
vt 0.033970 0.507100
vt 0.024210 0.499750
vt 0.039070 0.505620
vt 0.882040 0.028380
vt 0.051570 0.496350
vt 0.057300 0.496410
vt 0.904450 0.041100
vt 0.899280 0.045670
vt 0.900630 0.035810
vt 0.045270 0.506420
vt 0.043240 0.517090
vt 0.043040 0.515700
vt 0.047900 0.514210
vt 0.048080 0.515240
vt 0.897410 0.026920
vt 0.897020 0.028050
vt 0.891030 0.021460
vt 0.891570 0.020050
vt 0.038430 0.517160
vt 0.038170 0.515790
vt 0.886810 0.017070
vt 0.887400 0.015520
vt 0.052930 0.505210
vt 0.055800 0.511720
vt 0.058310 0.502410
vt 0.906860 0.034750
vt 0.903280 0.029320
vt 0.051040 0.524840
vt 0.046460 0.527870
vt 0.043820 0.519820
vt 0.048950 0.517670
vt 0.898580 0.009920
vt 0.903140 0.017070
vt 0.898960 0.024430
vt 0.893280 0.017480
vt 0.889240 0.012820
vt 0.895360 0.004980
vt 0.041800 0.529900
vt 0.038770 0.520300
vt 0.058520 0.521730
vt 0.056750 0.514570
vt 0.062160 0.511630
vt 0.063930 0.519680
vt 0.912870 0.019720
vt 0.910160 0.026770
vt 0.904640 0.026600
vt 0.907760 0.019930
vt 0.061130 0.508560
vt 0.908960 0.029330
vt 0.291730 0.156540
vt 0.262450 0.152510
vt 0.225050 0.165960
vt 0.220890 0.184420
vt 0.218600 0.203490
vt 0.222370 0.224180
vt 0.240810 0.074970
vt 0.237940 0.091420
vt 0.236040 0.108430
vt 0.233360 0.126760
vt 0.229060 0.147580
vt 0.193790 0.161880
vt 0.190000 0.181750
vt 0.187700 0.202170
vt 0.188990 0.224810
vt 0.209460 0.067450
vt 0.206560 0.084150
vt 0.207290 0.103200
vt 0.201450 0.120810
vt 0.197760 0.142400
vt 0.162160 0.157880
vt 0.178420 0.159410
vt 0.174910 0.179830
vt 0.159100 0.178020
vt 0.173160 0.200680
vt 0.157340 0.198080
vt 0.171660 0.223000
vt 0.155930 0.219560
vt 0.177100 0.063360
vt 0.192570 0.064800
vt 0.190810 0.081270
vt 0.175140 0.079040
vt 0.187880 0.100300
vt 0.171460 0.097900
vt 0.185970 0.119250
vt 0.168420 0.116800
vt 0.182160 0.140420
vt 0.165260 0.138610
vt 0.125600 0.157000
vt 0.144710 0.157650
vt 0.141690 0.176320
vt 0.122690 0.175010
vt 0.141170 0.195000
vt 0.123100 0.193390
vt 0.140370 0.218170
vt 0.123860 0.219120
vt 0.147710 0.054380
vt 0.162290 0.060620
vt 0.155740 0.076970
vt 0.140550 0.072590
vt 0.155750 0.095070
vt 0.135800 0.090540
vt 0.151040 0.112500
vt 0.132080 0.108120
vt 0.147420 0.136310
vt 0.128550 0.133530
vt 0.097740 0.154630
vt 0.095490 0.174240
vt 0.096320 0.194180
vt 0.097760 0.220840
vt 0.125410 0.040050
vt 0.116880 0.063620
vt 0.109420 0.081180
vt 0.103650 0.098500
vt 0.100630 0.128430
vt 0.064340 0.148240
vt 0.065290 0.170760
vt 0.068360 0.192980
vt 0.067970 0.220500
vt 0.099480 0.027630
vt 0.090540 0.052250
vt 0.075000 0.073760
vt 0.068160 0.091380
vt 0.063500 0.118320
vt 0.019150 0.130130
vt 0.016580 0.154110
vt 0.032440 0.183660
vt 0.031780 0.220000
vt 0.068310 0.013180
vt 0.066560 0.039830
vt 0.053620 0.065140
vt 0.038720 0.082160
vt 0.030720 0.108020
vt 0.386770 0.916840
vt 0.401220 0.917690
vt 0.396430 0.965240
vt 0.384880 0.963380
vt 0.365000 0.963290
vt 0.361970 0.918210
vt 0.340100 0.965060
vt 0.333450 0.923750
vt 0.859170 0.875630
vt 0.868980 0.837080
vt 0.892480 0.841610
vt 0.887390 0.878400
vt 0.915430 0.880270
vt 0.902040 0.880260
vt 0.904550 0.843500
vt 0.915240 0.842350
vt 0.942890 0.878280
vt 0.928760 0.879380
vt 0.925850 0.841720
vt 0.937250 0.839970
vt 0.960620 0.834380
vt 0.971270 0.875490
vt 0.442140 0.927240
vt 0.431800 0.970660
vt 0.408080 0.967010
vt 0.415190 0.919850
vt 0.388000 0.876060
vt 0.403620 0.876680
vt 0.359780 0.876540
vt 0.324300 0.879270
vt 0.849540 0.917070
vt 0.883620 0.922640
vt 0.915520 0.924590
vt 0.900680 0.924210
vt 0.946700 0.922490
vt 0.930330 0.924110
vt 0.980850 0.916930
vt 0.454170 0.883430
vt 0.419950 0.878510
vt 0.389630 0.831100
vt 0.406900 0.831690
vt 0.357860 0.831380
vt 0.319480 0.830590
vt 0.844600 0.964000
vt 0.882100 0.969700
vt 0.915820 0.972420
vt 0.900140 0.971630
vt 0.948810 0.969580
vt 0.931530 0.971660
vt 0.986260 0.963660
vt 0.463210 0.835860
vt 0.425220 0.833130
vt 0.555230 0.261820
vt 0.554640 0.247030
vt 0.569900 0.246480
vt 0.570580 0.260940
vt 0.572870 0.289490
vt 0.557270 0.291420
vt 0.577570 0.325510
vt 0.561850 0.329120
vt 0.631000 0.243300
vt 0.631920 0.228000
vt 0.668060 0.234670
vt 0.668290 0.250080
vt 0.699500 0.254570
vt 0.685140 0.252890
vt 0.685460 0.237370
vt 0.700740 0.238990
vt 0.730510 0.255960
vt 0.714080 0.255470
vt 0.716120 0.240270
vt 0.733000 0.240840
vt 0.769600 0.239840
vt 0.768400 0.255220
vt 0.554790 0.192610
vt 0.570170 0.194410
vt 0.569710 0.230520
vt 0.554290 0.230400
vt 0.509790 0.263730
vt 0.509660 0.247620
vt 0.530430 0.246910
vt 0.530680 0.263640
vt 0.533050 0.295360
vt 0.510910 0.295490
vt 0.537560 0.333480
vt 0.515200 0.333660
vt 0.624650 0.288590
vt 0.628190 0.267150
vt 0.665480 0.273230
vt 0.662500 0.295780
vt 0.696280 0.300110
vt 0.680520 0.298420
vt 0.682300 0.275640
vt 0.697400 0.277280
vt 0.729690 0.301310
vt 0.712220 0.300890
vt 0.712860 0.278430
vt 0.729400 0.279110
vt 0.767410 0.279280
vt 0.768220 0.300870
vt 0.511280 0.191670
vt 0.531660 0.190760
vt 0.530660 0.229310
vt 0.509910 0.230030
vt 0.475800 0.264660
vt 0.476990 0.246400
vt 0.476750 0.299680
vt 0.482080 0.338780
vt 0.618900 0.321240
vt 0.658300 0.325200
vt 0.693860 0.333460
vt 0.676260 0.331940
vt 0.729450 0.335180
vt 0.711180 0.334660
vt 0.768830 0.334560
vt 0.480620 0.187540
vt 0.478070 0.227520
vt 0.433130 0.265580
vt 0.435110 0.246330
vt 0.432480 0.303610
vt 0.441840 0.344590
vt 0.609480 0.360890
vt 0.648540 0.370750
vt 0.688880 0.377080
vt 0.670110 0.375340
vt 0.727110 0.374970
vt 0.707800 0.377620
vt 0.768250 0.373230
vt 0.446110 0.186570
vt 0.440530 0.226740
vt 0.376350 0.257020
vt 0.377150 0.232830
vt 0.399180 0.241350
vt 0.400240 0.262390
vt 0.407090 0.297140
vt 0.375150 0.294860
vt 0.428760 0.348020
vt 0.403160 0.356390
vt 0.598330 0.399450
vt 0.606210 0.374430
vt 0.646980 0.388960
vt 0.644730 0.420870
vt 0.686580 0.438920
vt 0.669250 0.432600
vt 0.668350 0.394540
vt 0.686400 0.404580
vt 0.727120 0.444410
vt 0.705190 0.441700
vt 0.704150 0.415170
vt 0.723340 0.415230
vt 0.386040 0.162960
vt 0.408440 0.174800
vt 0.401370 0.219970
vt 0.377790 0.210370
vt 0.587580 0.246000
vt 0.588270 0.260250
vt 0.590500 0.288330
vt 0.595450 0.323660
vt 0.636440 0.211420
vt 0.671560 0.218340
vt 0.687780 0.220900
vt 0.701590 0.222600
vt 0.715600 0.223720
vt 0.731340 0.224090
vt 0.767050 0.222560
vt 0.587910 0.194280
vt 0.587370 0.230010
vt 0.677230 0.787760
vt 0.699790 0.786540
vt 0.698690 0.803760
vt 0.676940 0.808240
vt 0.230530 0.619140
vt 0.206010 0.611590
vt 0.214820 0.592970
vt 0.240300 0.600830
vt 0.286830 0.612160
vt 0.279070 0.629680
vt 0.774670 0.791980
vt 0.768900 0.810130
vt 0.722370 0.805680
vt 0.725160 0.786170
vt 0.677000 0.767540
vt 0.699930 0.765500
vt 0.227020 0.641190
vt 0.203380 0.632840
vt 0.275160 0.653320
vt 0.775580 0.768710
vt 0.725470 0.764260
vt 0.675300 0.740120
vt 0.699510 0.743870
vt 0.227690 0.660040
vt 0.204240 0.655040
vt 0.273700 0.679720
vt 0.774440 0.743080
vt 0.723760 0.746190
vt 0.676900 0.712910
vt 0.698230 0.716370
vt 0.232790 0.691650
vt 0.209020 0.685580
vt 0.275980 0.710840
vt 0.768470 0.712670
vt 0.721710 0.716700
vt 0.679230 0.694110
vt 0.702580 0.692880
vt 0.237540 0.716680
vt 0.211870 0.708910
vt 0.276620 0.726900
vt 0.767400 0.696820
vt 0.727460 0.693830
vt 0.683350 0.664800
vt 0.705780 0.666560
vt 0.243240 0.743280
vt 0.211390 0.739140
vt 0.277110 0.741820
vt 0.767680 0.681950
vt 0.731960 0.672890
vt 0.683900 0.646500
vt 0.706490 0.653940
vt 0.235040 0.760150
vt 0.209670 0.760640
vt 0.799610 0.837060
vt 0.807790 0.820430
vt 0.840590 0.823900
vt 0.849540 0.836670
vt 0.489640 0.829410
vt 0.489220 0.845000
vt 0.465460 0.815070
vt 0.471970 0.804720
vt 0.421690 0.749430
vt 0.437130 0.741570
vt 0.442160 0.771360
vt 0.426560 0.772690
vt 0.786480 0.897290
vt 0.768480 0.882280
vt 0.770190 0.849340
vt 0.788910 0.859710
vt 0.413740 0.725630
vt 0.426320 0.715300
vt 0.766580 0.906110
vt 0.756260 0.897200
vt 0.809230 0.929530
vt 0.781840 0.927420
vt 0.446160 0.691270
vt 0.464900 0.710440
vt 0.453060 0.734320
vt 0.436520 0.705200
vt 0.397950 0.709690
vt 0.404490 0.704340
vt 0.742870 0.920420
vt 0.736050 0.912580
vt 0.752520 0.936660
vt 0.417680 0.682320
vt 0.410030 0.697700
vt 0.336880 0.238910
vt 0.332990 0.221050
vt 0.360540 0.231730
vt 0.356040 0.254470
vt 0.337440 0.295300
vt 0.326820 0.272850
vt 0.686580 0.496960
vt 0.666030 0.497660
vt 0.667020 0.466230
vt 0.687640 0.467000
vt 0.730360 0.492030
vt 0.706790 0.495290
vt 0.706690 0.465750
vt 0.729860 0.462870
vt 0.345700 0.154460
vt 0.370420 0.162830
vt 0.363160 0.207920
vt 0.336370 0.199500
vt 0.775350 0.830930
vt 0.452170 0.794980
vt 0.430320 0.791180
vt 0.476620 0.718950
vt 0.466730 0.740790
vt 0.814060 0.911440
vt 0.823820 0.932350
vt 0.810040 0.874720
vt 0.827180 0.855300
vt 0.854330 0.849870
vt 0.485970 0.802870
vt 0.501480 0.821870
vt 0.458160 0.772770
vt 0.470330 0.774960
vt 0.773610 0.458050
vt 0.776320 0.484060
vt 0.767400 0.416730
vt 0.767550 0.442860
vt 0.890590 0.627750
vt 0.896350 0.637370
vt 0.870220 0.654880
vt 0.864310 0.645130
vt 0.731390 0.648280
vt 0.747070 0.633860
vt 0.770220 0.644320
vt 0.760200 0.660520
vt 0.755720 0.608650
vt 0.780190 0.623790
vt 0.872770 0.599610
vt 0.883820 0.619300
vt 0.858270 0.635430
vt 0.844560 0.618590
vt 0.770200 0.552300
vt 0.781070 0.521670
vt 0.786360 0.528560
vt 0.778230 0.555770
vt 0.807980 0.501800
vt 0.808500 0.515230
vt 0.800820 0.517580
vt 0.798750 0.505330
vt 0.835840 0.519780
vt 0.831170 0.526950
vt 0.820910 0.520220
vt 0.825050 0.509210
vt 0.921570 0.622700
vt 0.915450 0.612630
vt 0.714810 0.617150
vt 0.705060 0.635890
vt 0.728850 0.592680
vt 0.752340 0.543370
vt 0.767010 0.508460
vt 0.807510 0.484410
vt 0.792840 0.487440
vt 0.848110 0.504500
vt 0.834510 0.493040
vt 0.909310 0.603300
vt 0.895250 0.583100
vt 0.408410 0.983620
vt 0.430020 0.986270
vt 0.956860 0.819490
vt 0.935440 0.823140
vt 0.925290 0.827220
vt 0.915200 0.828940
vt 0.905130 0.830660
vt 0.892930 0.827990
vt 0.871170 0.821320
vt 0.341700 0.981100
vt 0.364560 0.978050
vt 0.384520 0.979980
vt 0.396760 0.981350
vt 0.787880 0.580570
vt 0.794570 0.606340
vt 0.775980 0.590240
vt 0.760710 0.583390
vt 0.810860 0.571520
vt 0.812440 0.594890
vt 0.803790 0.598790
vt 0.801070 0.573370
vt 0.833820 0.574760
vt 0.831140 0.601240
vt 0.821760 0.596710
vt 0.820250 0.571140
vt 0.848880 0.585420
vt 0.863280 0.577020
vt 0.739600 0.573750
vt 0.884940 0.568140
vt 0.791150 0.548030
vt 0.809440 0.541800
vt 0.801850 0.543080
vt 0.827050 0.542850
vt 0.816990 0.541810
vt 0.841040 0.550020
vt 0.851300 0.546110
vt 0.866600 0.535010
vt 0.795910 0.522060
vt 0.816580 0.517250
vt 0.969910 0.233520
vt 0.999700 0.230220
vt 1.000000 0.266340
vt 0.968090 0.265280
vt 0.997480 0.300690
vt 0.967370 0.298700
vt 0.999680 0.323120
vt 0.966800 0.320740
vt 0.985250 0.347510
vt 0.965750 0.339950
vt 0.965410 0.354690
vt 0.970440 0.223100
vt 0.970730 0.204720
vt 0.981810 0.209180
vt 0.989740 0.217560
vt 0.954250 0.351040
vt 0.946320 0.343190
vt 0.936400 0.320560
vt 0.937160 0.301880
vt 0.936860 0.262740
vt 0.942570 0.229250
vt 0.960320 0.209520
vt 0.952350 0.217840
vt 0.817850 0.504070
vt 0.821720 0.486530
vt 0.790820 0.510310
vt 0.780580 0.494810
vt 0.185180 0.606040
vt 0.164620 0.604470
vt 0.167700 0.580670
vt 0.191790 0.586170
vt 0.183190 0.626320
vt 0.163560 0.623130
vt 0.183730 0.653980
vt 0.164250 0.655110
vt 0.187560 0.685150
vt 0.165350 0.690490
vt 0.188810 0.704700
vt 0.166040 0.707260
vt 0.190960 0.737690
vt 0.168100 0.735960
vt 0.190750 0.755840
vt 0.168510 0.752390
vt 0.751210 0.870460
vt 0.733380 0.862840
vt 0.735500 0.831750
vt 0.753910 0.837350
vt 0.744100 0.890420
vt 0.729420 0.883810
vt 0.729620 0.904900
vt 0.721410 0.902320
vt 0.737630 0.815540
vt 0.758680 0.821510
vt 0.337580 0.295640
vt 0.642400 0.448710
vt 0.642490 0.455360
vt 0.720810 0.173970
vt 0.627850 0.137560
vt 0.638090 0.142320
vt 0.646790 0.144220
vt 0.660630 0.149540
vt 0.678580 0.158480
vt 0.691490 0.165870
vt 0.706050 0.170910
vt 0.723510 0.188530
vt 0.713210 0.187620
vt 0.701080 0.184050
vt 0.686760 0.180720
vt 0.661680 0.173520
vt 0.641920 0.167500
vt 0.632880 0.164870
vt 0.624740 0.162290
vt 0.000000 0.145030
vt 0.001470 0.181940
vt 0.007460 0.213990
vt 0.047750 0.000000
vt 0.042640 0.023680
vt 0.025120 0.043350
vt 0.015320 0.065730
vt 0.011830 0.099240
vt 0.010390 0.121170
vt 0.601490 0.245830
vt 0.601900 0.260060
vt 0.604090 0.287760
vt 0.609160 0.321850
vt 0.640500 0.198410
vt 0.674350 0.204990
vt 0.689380 0.207330
vt 0.702080 0.208890
vt 0.715100 0.210020
vt 0.729890 0.210470
vt 0.764420 0.209060
vt 0.601690 0.194620
vt 0.601030 0.229680
vt 0.276820 0.743110
vt 0.243950 0.744480
vt 0.733080 0.668890
vt 0.767780 0.680630
vt 0.683760 0.645170
vt 0.706660 0.652520
vt 0.235840 0.761010
vt 0.209550 0.761940
vt 0.190390 0.757120
vt 0.168290 0.753730
vt 0.727310 0.663350
vt 0.726200 0.664130
vt 0.389360 0.824080
vt 0.406820 0.824720
vt 0.358300 0.824050
vt 0.322300 0.823180
vt 0.881020 0.976880
vt 0.845650 0.971940
vt 0.915870 0.979930
vt 0.899570 0.979510
vt 0.950090 0.976640
vt 0.932190 0.979030
vt 0.985240 0.971250
vt 0.425500 0.826220
vt 0.461230 0.828290
vt 0.316020 0.135660
vt 0.316440 0.129130
vt 0.317510 0.129040
vt 0.308250 0.159290
vt 0.312670 0.141480
vt 0.313620 0.142190
vt 0.303690 0.180120
vt 0.302960 0.174480
vt 0.304080 0.174490
vt 0.308960 0.200700
vt 0.302980 0.185590
vt 0.304100 0.185590
vt 0.397330 0.708800
vt 0.403740 0.703560
vt 0.742040 0.921130
vt 0.735330 0.913360
vt 0.751450 0.936970
vt 0.409170 0.697020
vt 0.416600 0.682020
vt 0.729110 0.905840
vt 0.721180 0.903320
vt 0.320500 0.111250
vt 0.572150 0.006730
vt 0.569190 0.002740
vt 0.571700 0.000000
vt 0.578810 0.001000
vt 0.596200 0.000000
vt 0.596800 0.003340
vt 0.588510 0.006250
vt 0.587550 0.002510
vt 0.009900 0.015740
vt 0.014440 0.008100
vt 0.642720 0.004970
vt 0.642630 0.000000
vt 0.651400 0.000480
vt 0.646380 0.005610
vt 0.729980 0.110140
vt 0.729880 0.109290
vt 0.716380 0.003380
vt 0.716080 0.000000
vt 0.716070 0.000000
vt 0.725080 0.000120
vt 0.725150 0.003970
vt 0.729800 0.106480
vt 0.729600 0.105990
vt 0.639070 0.036830
vt 0.662340 0.020120
vt 0.691450 0.012650
vt 0.624310 0.059970
vt 0.621650 0.067970
vt 0.617330 0.094130
vt 0.618000 0.116000
vt 0.398820 0.355520
vt 0.594890 0.402040
vt 0.644900 0.495750
vt 0.615960 0.131260
vt 0.609580 0.155970
vt 0.256070 0.950410
vt 0.274800 0.949220
vt 0.273320 0.959080
vt 0.253830 0.960740
vt 0.226410 0.951850
vt 0.223980 0.961550
vt 0.209300 0.952960
vt 0.205740 0.962490
vt 0.169750 0.954620
vt 0.186310 0.954150
vt 0.186920 0.963600
vt 0.170280 0.963970
vt 0.141550 0.955930
vt 0.142300 0.966500
vt 0.116040 0.956210
vt 0.117260 0.966680
vt 0.088110 0.957000
vt 0.088860 0.967660
vt 0.070040 0.957670
vt 0.070930 0.968210
vt 0.038850 0.958360
vt 0.039340 0.969140
vt 0.020260 0.958580
vt 0.019750 0.968270
vt 0.018800 0.956380
vt 0.018360 0.970200
vt 0.038830 0.955550
vt 0.018630 0.945630
vt 0.038880 0.944940
vt 0.068240 0.954930
vt 0.068900 0.944450
vt 0.085670 0.954930
vt 0.085850 0.944150
vt 0.114130 0.953960
vt 0.114770 0.943500
vt 0.140660 0.953380
vt 0.140640 0.942680
vt 0.170140 0.951980
vt 0.169500 0.942430
vt 0.186620 0.950650
vt 0.185910 0.940830
vt 0.225540 0.949270
vt 0.209000 0.950200
vt 0.204760 0.941160
vt 0.222010 0.939880
vt 0.255740 0.947600
vt 0.252350 0.937630
vt 0.276160 0.947210
vt 0.272980 0.936820
vt 0.275130 0.961100
vt 0.253830 0.963580
vt 0.223380 0.964240
vt 0.206320 0.965110
vt 0.187730 0.967050
vt 0.170710 0.966700
vt 0.141640 0.969070
vt 0.115490 0.969130
vt 0.086560 0.969810
vt 0.069190 0.971050
vt 0.039370 0.972010
vt 0.809480 0.953330
vt 0.810980 0.963180
vt 0.792240 0.962030
vt 0.789980 0.951700
vt 0.762580 0.960640
vt 0.760130 0.950950
vt 0.745470 0.959560
vt 0.741890 0.950040
vt 0.723070 0.948970
vt 0.722470 0.958410
vt 0.705920 0.957980
vt 0.706430 0.948630
vt 0.677710 0.956710
vt 0.678440 0.946150
vt 0.652200 0.956480
vt 0.653400 0.946010
vt 0.624270 0.955740
vt 0.625000 0.945090
vt 0.606200 0.955110
vt 0.607070 0.944570
vt 0.575010 0.954480
vt 0.575480 0.943690
vt 0.556410 0.954280
vt 0.555890 0.944590
vt 0.554960 0.956490
vt 0.554500 0.942670
vt 0.554810 0.967240
vt 0.574990 0.957280
vt 0.575060 0.967900
vt 0.604410 0.957850
vt 0.605080 0.968330
vt 0.621830 0.957820
vt 0.622040 0.968600
vt 0.650300 0.958740
vt 0.650960 0.969190
vt 0.676820 0.959270
vt 0.676820 0.969970
vt 0.706310 0.960620
vt 0.705690 0.970170
vt 0.722790 0.961920
vt 0.722100 0.971730
vt 0.740950 0.971370
vt 0.745180 0.962320
vt 0.761710 0.963220
vt 0.758200 0.972620
vt 0.791920 0.964840
vt 0.788540 0.974820
vt 0.812330 0.965190
vt 0.809180 0.975590
vt 0.811290 0.951310
vt 0.789970 0.948860
vt 0.759520 0.948260
vt 0.742460 0.947420
vt 0.723870 0.945520
vt 0.706850 0.945890
vt 0.677780 0.943570
vt 0.651630 0.943560
vt 0.622700 0.942940
vt 0.605320 0.941730
vt 0.575500 0.940820
s 1
f 1/1/1 2/2/2 3/3/3
f 3/3/3 4/4/4 1/1/1
f 2/2/2 1/1/1 5/5/5
f 5/5/5 6/6/6 2/2/2
f 7/7/7 8/8/8 6/6/6
f 6/6/6 5/5/5 7/7/7
f 9/9/9 10/10/10 1/1/1
f 1/1/1 4/4/4 9/9/9
f 11/11/11 12/12/9 4/4/4
f 4/4/4 3/3/3 11/11/11
f 13/13/12 11/11/11 3/3/3
f 3/3/3 2/2/2 13/13/12
f 14/14/13 13/13/12 2/2/2
f 2/2/2 6/6/6 14/14/13
f 15/15/14 16/16/15 5/5/5
f 5/5/5 1/1/1 15/15/14
f 17/17/16 18/18/17 8/8/8
f 8/8/8 7/7/7 17/17/16
f 19/19/18 20/20/16 7/7/7
f 7/7/7 5/5/5 19/19/18
f 18/18/17 14/14/13 6/6/6
f 6/6/6 8/8/8 18/18/17
f 21/21/19 22/22/20 23/23/21
f 23/23/21 24/24/22 21/21/19
f 25/25/23 23/23/21 22/22/20
f 22/22/20 26/26/24 25/25/23
f 26/26/24 27/27/25 28/28/26
f 28/28/26 25/25/23 26/26/24
f 23/23/21 29/29/27 30/30/28
f 30/30/28 24/24/22 23/23/21
f 24/24/22 31/31/29 32/32/30
f 32/32/30 21/21/19 24/24/22
f 21/21/19 32/32/30 33/33/31
f 33/33/31 22/22/20 21/21/19
f 22/22/20 33/33/31 34/34/32
f 34/34/32 26/26/24 22/22/20
f 25/25/23 35/35/33 36/36/34
f 36/36/34 23/23/21 25/25/23
f 27/27/25 37/37/35 38/38/36
f 38/38/36 28/28/26 27/27/25
f 28/28/26 39/39/37 40/40/38
f 40/40/38 25/25/23 28/28/26
f 26/26/24 34/34/32 37/37/35
f 37/37/35 27/27/25 26/26/24
f 41/41/39 42/42/40 43/43/41
f 43/43/41 44/44/42 41/41/39
f 44/44/42 43/43/41 45/45/43
f 45/45/43 46/46/44 44/44/42
f 47/47/45 48/48/43 49/49/46
f 49/49/46 50/50/47 47/47/45
f 50/50/47 49/49/46 51/51/48
f 51/51/48 52/52/49 50/50/47
f 52/52/49 51/51/48 53/53/50
f 53/53/50 54/54/51 52/52/49
f 54/54/51 53/53/50 55/55/52
f 55/55/52 56/56/53 54/54/51
f 56/56/53 55/55/52 57/57/54
f 57/57/54 58/58/55 56/56/53
f 58/58/55 57/57/54 59/59/56
f 59/59/56 60/60/57 58/58/55
f 60/60/57 59/59/56 61/61/58
f 61/61/58 62/62/59 60/60/57
f 62/62/59 61/61/58 63/63/60
f 63/63/60 64/64/61 62/62/59
f 64/64/61 63/63/60 65/65/62
f 65/65/62 66/66/63 64/64/61
f 66/66/63 65/65/62 42/42/40
f 42/42/40 41/41/39 66/66/63
f 67/67/64 68/68/65 69/69/66
f 69/69/66 70/70/67 67/67/64
f 70/70/67 69/69/66 71/71/68
f 71/71/68 72/72/69 70/70/67
f 73/73/70 74/74/68 75/75/71
f 75/75/71 76/76/72 73/73/70
f 76/76/72 75/75/71 77/77/73
f 77/77/73 78/78/74 76/76/72
f 78/78/74 77/77/73 79/79/75
f 79/79/75 80/80/76 78/78/74
f 80/80/76 79/79/75 81/81/77
f 81/81/77 82/82/78 80/80/76
f 82/82/78 81/81/77 83/83/79
f 83/83/79 84/84/80 82/82/78
f 84/84/80 83/83/79 85/85/81
f 85/85/81 86/86/82 84/84/80
f 86/86/82 85/85/81 87/87/83
f 87/87/83 88/88/84 86/86/82
f 88/88/84 87/87/83 89/89/85
f 89/89/85 90/90/86 88/88/84
f 90/90/86 89/89/85 91/91/87
f 91/91/87 92/92/88 90/90/86
f 92/92/88 91/91/87 68/68/65
f 68/68/65 67/67/64 92/92/88
f 93/93/89 67/67/64 70/70/67
f 70/70/67 94/94/90 93/93/89
f 94/94/90 70/70/67 72/72/69
f 72/72/69 95/95/91 94/94/90
f 96/96/92 73/73/70 76/76/72
f 76/76/72 97/97/93 96/96/92
f 97/97/93 76/76/72 78/78/74
f 78/78/74 98/98/94 97/97/93
f 98/98/94 78/78/74 80/80/76
f 80/80/76 99/99/95 98/98/94
f 99/99/95 80/80/76 82/82/78
f 82/82/78 100/100/96 99/99/95
f 100/100/96 82/82/78 84/84/80
f 84/84/80 101/101/97 100/100/96
f 101/101/97 84/84/80 86/86/82
f 86/86/82 102/102/98 101/101/97
f 102/102/98 86/86/82 88/88/84
f 88/88/84 103/103/99 102/102/98
f 103/103/99 88/88/84 90/90/86
f 90/90/86 104/104/100 103/103/99
f 104/104/100 90/90/86 92/92/88
f 92/92/88 105/105/101 104/104/100
f 105/105/101 92/92/88 67/67/64
f 67/67/64 93/93/89 105/105/101
f 106/106/102 93/93/89 94/94/90
f 94/94/90 107/107/103 106/106/102
f 107/107/103 94/94/90 95/95/91
f 95/95/91 108/108/104 107/107/103
f 109/109/105 96/96/92 97/97/93
f 97/97/93 110/110/106 109/109/105
f 110/110/106 97/97/93 98/98/94
f 98/98/94 111/111/107 110/110/106
f 111/111/107 98/98/94 99/99/95
f 99/99/95 112/112/108 111/111/107
f 112/112/108 99/99/95 100/100/96
f 100/100/96 113/113/109 112/112/108
f 113/113/109 100/100/96 101/101/97
f 101/101/97 114/114/110 113/113/109
f 114/114/110 101/101/97 102/102/98
f 102/102/98 115/115/111 114/114/110
f 115/115/111 102/102/98 103/103/99
f 103/103/99 116/116/112 115/115/111
f 116/116/112 103/103/99 104/104/100
f 104/104/100 117/117/113 116/116/112
f 117/117/113 104/104/100 105/105/101
f 105/105/101 118/118/114 117/117/113
f 118/118/114 105/105/101 93/93/89
f 93/93/89 106/106/102 118/118/114
f 119/119/115 106/106/102 107/107/103
f 107/107/103 120/120/116 119/119/115
f 120/120/116 107/107/103 108/108/104
f 108/108/104 121/121/117 120/120/116
f 122/122/117 109/109/105 110/110/106
f 110/110/106 123/123/118 122/122/117
f 123/123/118 110/110/106 111/111/107
f 111/111/107 124/124/119 123/123/118
f 124/124/119 111/111/107 112/112/108
f 112/112/108 125/125/120 124/124/119
f 125/125/120 112/112/108 113/113/109
f 113/113/109 126/126/121 125/125/120
f 126/126/121 113/113/109 114/114/110
f 114/114/110 127/127/122 126/126/121
f 127/127/122 114/114/110 115/115/111
f 115/115/111 128/128/123 127/127/122
f 128/128/123 115/115/111 116/116/112
f 116/116/112 129/129/124 128/128/123
f 129/129/124 116/116/112 117/117/113
f 117/117/113 130/130/125 129/129/124
f 130/130/125 117/117/113 118/118/114
f 118/118/114 131/131/126 130/130/125
f 131/131/126 118/118/114 106/106/102
f 106/106/102 119/119/115 131/131/126
f 119/119/115 120/120/116 132/132/127
f 120/120/116 121/121/117 132/132/127
f 122/122/117 123/123/118 132/132/127
f 123/123/118 124/124/119 132/132/127
f 124/124/119 125/125/120 132/132/127
f 125/125/120 126/126/121 132/132/127
f 126/126/121 127/127/122 132/132/127
f 127/127/122 128/128/123 132/132/127
f 128/128/123 129/129/124 132/132/127
f 129/129/124 130/130/125 132/132/127
f 130/130/125 131/131/126 132/132/127
f 131/131/126 119/119/115 132/132/127
f 42/42/40 133/133/128 134/134/129
f 134/134/129 43/43/41 42/42/40
f 44/44/42 69/69/66 68/68/65
f 68/68/65 41/41/39 44/44/42
f 43/43/41 134/134/129 135/135/130
f 135/135/130 45/45/43 43/43/41
f 46/46/44 71/71/68 69/69/66
f 69/69/66 44/44/42 46/46/44
f 48/48/43 136/136/130 137/137/131
f 137/137/131 49/49/46 48/48/43
f 50/50/47 75/75/71 74/74/68
f 74/74/68 47/47/45 50/50/47
f 49/49/46 137/137/131 138/138/132
f 138/138/132 51/51/48 49/49/46
f 52/52/49 77/77/73 75/75/71
f 75/75/71 50/50/47 52/52/49
f 51/51/48 138/138/132 139/139/133
f 139/139/133 53/53/50 51/51/48
f 54/54/51 79/79/75 77/77/73
f 77/77/73 52/52/49 54/54/51
f 53/53/50 139/139/133 140/140/134
f 140/140/134 55/55/52 53/53/50
f 56/56/53 81/81/77 79/79/75
f 79/79/75 54/54/51 56/56/53
f 55/55/52 140/140/134 141/141/135
f 141/141/135 57/57/54 55/55/52
f 58/58/55 83/83/79 81/81/77
f 81/81/77 56/56/53 58/58/55
f 57/57/54 141/141/135 142/142/136
f 142/142/136 59/59/56 57/57/54
f 60/60/57 85/85/81 83/83/79
f 83/83/79 58/58/55 60/60/57
f 59/59/56 142/142/136 143/143/137
f 143/143/137 61/61/58 59/59/56
f 62/62/59 87/87/83 85/85/81
f 85/85/81 60/60/57 62/62/59
f 61/61/58 143/143/137 144/144/138
f 144/144/138 63/63/60 61/61/58
f 64/64/61 89/89/85 87/87/83
f 87/87/83 62/62/59 64/64/61
f 63/63/60 144/144/138 145/145/139
f 145/145/139 65/65/62 63/63/60
f 66/66/63 91/91/87 89/89/85
f 89/89/85 64/64/61 66/66/63
f 65/65/62 145/145/139 133/133/128
f 133/133/128 42/42/40 65/65/62
f 41/41/39 68/68/65 91/91/87
f 91/91/87 66/66/63 41/41/39
f 146/146/140 147/147/141 148/148/142
f 148/148/142 149/149/143 146/146/140
f 146/146/140 150/150/144 151/151/145
f 151/151/145 147/147/141 146/146/140
f 152/152/146 153/153/147 154/154/148
f 154/154/148 155/155/149 152/152/146
f 156/156/150 157/157/151 158/158/152
f 158/158/152 159/159/153 156/156/150
f 160/160/154 148/148/142 161/161/155
f 160/160/154 161/161/155 162/162/154
f 2301/163/156 2896/164/157 2897/165/158
f 163/166/159 164/167/160 146/146/140
f 146/146/140 149/149/143 163/166/159
f 165/168/161 166/169/162 149/149/143
f 149/149/143 148/148/142 165/168/161
f 167/170/163 168/171/164 150/150/144
f 150/150/144 146/146/140 167/170/163
f 169/172/165 170/173/166 151/151/145
f 151/151/145 150/150/144 169/172/165
f 171/174/167 172/175/168 173/176/169
f 173/176/169 174/177/170 171/174/167
f 175/178/171 176/179/172 177/180/173
f 177/180/173 178/181/174 175/178/171
f 179/182/175 180/183/176 181/184/177
f 181/184/177 182/185/178 179/182/175
f 183/186/179 184/187/180 185/188/181
f 185/188/181 186/189/182 183/186/179
f 187/190/183 188/191/184 189/192/185
f 189/192/185 190/193/186 187/190/183
f 191/194/187 189/192/185 188/191/184
f 188/191/184 192/195/188 191/194/187
f 193/196/189 194/197/190 195/198/191
f 195/198/191 196/199/192 193/196/189
f 197/200/193 198/201/194 199/202/195
f 199/202/195 200/203/196 197/200/193
f 182/185/178 201/204/197 202/205/198
f 202/205/198 179/182/175 182/185/178
f 203/206/199 204/207/200 205/208/201
f 190/193/186 185/188/181 184/187/180
f 184/187/180 187/190/183 190/193/186
f 192/195/188 181/184/177 180/183/176
f 180/183/176 191/194/187 192/195/188
f 206/209/202 207/210/203 175/178/171
f 175/178/171 178/181/174 206/209/202
f 204/207/200 208/211/204 205/208/201
f 186/189/182 202/205/198 201/204/197
f 201/204/197 183/186/179 186/189/182
f 209/212/205 210/213/206 180/183/176
f 180/183/176 179/182/175 209/212/205
f 179/182/175 202/205/198 211/214/207
f 211/214/207 209/212/205 179/182/175
f 212/215/208 211/214/207 202/205/198
f 202/205/198 186/189/182 212/215/208
f 186/189/182 185/188/181 213/216/209
f 213/216/209 212/215/208 186/189/182
f 214/217/210 213/216/209 185/188/181
f 185/188/181 190/193/186 214/217/210
f 190/193/186 189/192/185 215/218/211
f 215/218/211 214/217/210 190/193/186
f 216/219/212 215/218/211 189/192/185
f 189/192/185 191/194/187 216/219/212
f 191/194/187 180/183/176 210/213/206
f 210/213/206 216/219/212 191/194/187
f 217/220/213 210/213/206 209/212/205
f 209/212/205 218/221/214 217/220/213
f 209/212/205 211/214/207 198/201/194
f 198/201/194 218/221/214 209/212/205
f 219/222/215 198/201/194 211/214/207
f 211/214/207 212/215/208 219/222/215
f 212/215/208 213/216/209 220/223/216
f 220/223/216 219/222/215 212/215/208
f 221/224/217 220/223/216 213/216/209
f 213/216/209 214/217/210 221/224/217
f 222/225/218 223/226/219 224/227/220
f 224/227/220 225/228/221 222/225/218
f 224/227/220 226/229/222 227/230/223
f 227/230/223 225/228/221 224/227/220
f 178/181/174 177/180/173 203/206/199
f 203/206/199 205/208/201 178/181/174
f 205/208/201 208/211/204 206/209/202
f 206/209/202 178/181/174 205/208/201
f 228/231/224 176/179/172 175/178/171
f 207/210/203 228/231/224 175/178/171
f 229/232/225 230/233/226 217/220/213
f 217/220/213 218/221/214 229/232/225
f 231/234/227 174/177/228 173/176/229
f 173/176/229 232/235/230 231/234/227
f 233/236/231 234/237/232 235/238/233
f 235/238/233 236/239/234 233/236/231
f 226/229/222 234/237/232 233/236/231
f 233/236/231 227/230/223 226/229/222
f 222/225/218 225/228/221 237/240/235
f 237/240/235 238/241/236 222/225/218
f 225/228/221 227/230/223 239/242/237
f 239/242/237 237/240/235 225/228/221
f 227/230/223 233/236/231 240/243/238
f 240/243/238 239/242/237 227/230/223
f 241/244/239 242/245/240 243/246/241
f 243/246/241 244/247/242 241/244/239
f 245/248/243 246/249/244 247/250/245
f 247/250/245 248/251/246 245/248/243
f 249/252/247 250/253/248 174/177/249
f 174/177/249 251/254/250 249/252/247
f 252/255/251 253/256/252 224/227/220
f 224/227/220 223/226/219 252/255/251
f 253/256/252 254/257/253 226/229/222
f 226/229/222 224/227/220 253/256/252
f 255/258/254 256/259/255 257/260/256
f 257/260/256 258/261/257 255/258/254
f 259/262/258 235/238/233 234/237/232
f 234/237/232 260/263/259 259/262/258
f 254/257/253 260/263/259 234/237/232
f 234/237/232 226/229/222 254/257/253
f 261/264/260 262/265/261 263/266/262
f 263/266/262 264/267/263 261/264/260
f 261/264/260 264/267/263 265/268/264
f 265/268/264 266/269/265 261/264/260
f 266/269/265 265/268/264 267/270/266
f 267/270/266 268/271/267 266/269/265
f 236/239/234 257/260/256 269/272/268
f 269/272/268 270/273/269 236/239/234
f 236/239/234 235/238/233 258/261/257
f 258/261/257 257/260/256 236/239/234
f 259/262/258 255/258/254 258/261/257
f 258/261/257 235/238/233 259/262/258
f 271/274/270 272/275/271 230/233/226
f 230/233/226 229/232/225 271/274/270
f 229/232/225 194/197/190 250/253/248
f 250/253/248 273/276/272 229/232/225
f 274/277/273 250/253/248 194/197/190
f 194/197/190 193/196/189 274/277/273
f 243/246/241 242/245/240 246/249/244
f 246/249/244 245/248/243 243/246/241
f 275/278/274 276/279/275 277/280/276
f 277/280/276 278/281/277 275/278/274
f 279/282/278 280/283/279 281/284/280
f 281/284/280 282/285/281 279/282/278
f 174/177/249 250/253/248 274/277/273
f 274/277/273 171/174/282 174/177/249
f 283/286/283 284/287/284 256/259/255
f 256/259/255 255/258/254 283/286/283
f 230/233/226 285/288/285 255/258/254
f 255/258/254 259/262/258 230/233/226
f 259/262/258 260/263/259 217/220/213
f 217/220/213 230/233/226 259/262/258
f 210/213/206 217/220/213 260/263/259
f 260/263/259 254/257/253 210/213/206
f 216/219/212 210/213/206 254/257/253
f 254/257/253 253/256/252 216/219/212
f 215/218/211 216/219/212 253/256/252
f 253/256/252 252/255/251 215/218/211
f 187/190/183 184/187/180 286/289/286
f 286/289/286 287/290/287 187/190/183
f 183/186/179 288/291/288 286/289/286
f 286/289/286 184/187/180 183/186/179
f 183/186/179 201/204/197 289/292/289
f 289/292/289 288/291/288 183/186/179
f 182/185/178 290/293/290 289/292/289
f 289/292/289 201/204/197 182/185/178
f 182/185/178 181/184/177 291/294/291
f 291/294/291 290/293/290 182/185/178
f 192/195/188 292/295/292 291/294/291
f 291/294/291 181/184/177 192/195/188
f 192/195/188 188/191/184 293/296/293
f 293/296/293 292/295/292 192/195/188
f 187/190/183 287/290/287 293/296/293
f 293/296/293 188/191/184 187/190/183
f 294/297/294 295/298/295 296/299/296
f 296/299/296 297/300/297 294/297/294
f 298/301/298 294/297/294 297/300/297
f 297/300/297 299/302/299 298/301/298
f 300/303/300 298/301/298 299/302/299
f 299/302/299 301/304/301 300/303/300
f 302/305/302 300/303/300 301/304/301
f 301/304/301 303/306/303 302/305/302
f 295/298/295 304/307/304 305/308/305
f 305/308/305 296/299/296 295/298/295
f 297/300/297 296/299/296 306/309/306
f 306/309/306 307/310/307 297/300/297
f 299/302/299 297/300/297 307/310/307
f 307/310/307 308/311/308 299/302/299
f 301/304/301 299/302/299 308/311/308
f 308/311/308 309/312/309 301/304/301
f 303/306/303 301/304/301 309/312/309
f 309/312/309 310/313/310 303/306/303
f 296/299/296 305/308/305 311/314/311
f 311/314/311 306/309/306 296/299/296
f 307/310/307 306/309/306 312/315/312
f 312/315/312 313/316/313 307/310/307
f 308/311/308 307/310/307 313/316/313
f 313/316/313 314/317/314 308/311/308
f 309/312/309 308/311/308 314/317/314
f 314/317/314 315/318/315 309/312/309
f 310/313/310 309/312/309 315/318/315
f 315/318/315 316/319/316 310/313/310
f 306/309/306 311/314/311 317/320/317
f 317/320/317 312/315/312 306/309/306
f 313/316/313 312/315/312 318/321/318
f 318/321/318 319/322/319 313/316/313
f 314/317/314 313/316/313 319/322/319
f 319/322/319 320/323/320 314/317/314
f 315/318/315 314/317/314 320/323/320
f 320/323/320 321/324/321 315/318/315
f 316/319/316 315/318/315 321/324/321
f 321/324/321 322/325/322 316/319/316
f 322/325/322 323/326/323 220/223/216
f 220/223/216 316/319/316 322/325/322
f 312/315/312 317/320/317 324/327/324
f 324/327/324 318/321/318 312/315/312
f 325/328/325 326/329/326 327/330/327
f 327/330/327 328/331/328 325/328/325
f 329/332/329 325/328/325 328/331/328
f 328/331/328 330/333/330 329/332/329
f 325/328/325 331/334/331 332/335/332
f 332/335/332 326/329/326 325/328/325
f 333/336/333 331/334/331 325/328/325
f 325/328/325 329/332/329 333/336/333
f 334/337/334 335/338/335 336/339/336
f 336/339/336 337/340/337 334/337/334
f 338/341/338 339/342/339 197/200/193
f 197/200/193 200/203/196 338/341/338
f 198/201/194 219/222/215 340/343/340
f 340/343/340 199/202/195 198/201/194
f 219/222/215 220/223/216 323/326/323
f 323/326/323 340/343/340 219/222/215
f 335/338/335 341/344/341 342/345/342
f 342/345/342 336/339/336 335/338/335
f 337/340/337 336/339/336 343/346/343
f 343/346/343 344/347/344 337/340/337
f 200/203/196 345/348/345 346/349/346
f 346/349/346 338/341/338 200/203/196
f 347/350/347 348/351/348 349/352/349
f 349/352/349 350/353/350 347/350/347
f 348/351/348 332/335/332 331/334/331
f 331/334/331 349/352/349 348/351/348
f 336/339/336 342/345/342 351/354/351
f 351/354/351 343/346/343 336/339/336
f 200/203/196 199/202/195 352/355/352
f 352/355/352 345/348/345 200/203/196
f 316/319/316 220/223/216 221/224/217
f 221/224/217 310/313/310 316/319/316
f 310/313/310 221/224/217 353/356/353
f 353/356/353 303/306/303 310/313/310
f 354/357/354 346/349/346 345/348/345
f 345/348/345 355/358/355 354/357/354
f 350/353/350 349/352/349 356/359/356
f 356/359/356 357/360/357 350/353/350
f 349/352/349 331/334/331 333/336/333
f 333/336/333 356/359/356 349/352/349
f 343/346/343 351/354/351 358/361/358
f 358/361/358 359/362/359 343/346/343
f 345/348/345 352/355/352 360/363/360
f 360/363/360 355/358/355 345/348/345
f 305/308/305 304/307/304 361/364/361
f 361/364/361 362/365/362 305/308/305
f 311/314/311 305/308/305 362/365/362
f 362/365/362 363/366/363 311/314/311
f 317/320/317 311/314/311 363/366/363
f 363/366/363 364/367/364 317/320/317
f 324/327/324 317/320/317 364/367/364
f 364/367/364 365/368/365 324/327/324
f 362/365/362 361/364/361 366/369/366
f 366/369/366 367/370/367 362/365/362
f 363/366/363 362/365/362 367/370/367
f 367/370/367 368/371/368 363/366/363
f 364/367/364 363/366/363 368/371/368
f 368/371/368 369/372/369 364/367/364
f 365/368/365 364/367/364 369/372/369
f 369/372/369 360/363/360 365/368/365
f 368/371/368 367/370/367 370/373/370
f 370/373/370 371/374/371 368/371/368
f 369/372/369 368/371/368 371/374/371
f 371/374/371 372/375/372 369/372/369
f 360/363/360 369/372/369 372/375/372
f 372/375/372 355/358/355 360/363/360
f 303/306/303 353/356/353 373/376/373
f 373/376/373 302/305/302 303/306/303
f 321/324/321 320/323/320 374/377/374
f 374/377/374 375/378/375 321/324/321
f 322/325/322 321/324/321 375/378/375
f 375/378/375 376/379/376 322/325/322
f 319/322/319 318/321/318 377/380/377
f 377/380/377 378/381/378 319/322/319
f 320/323/320 319/322/319 378/381/378
f 378/381/378 374/377/374 320/323/320
f 323/326/323 322/325/322 376/379/376
f 376/379/376 379/382/379 323/326/323
f 318/321/318 324/327/324 380/383/380
f 380/383/380 377/380/377 318/321/318
f 340/343/340 381/384/381 199/202/195
f 199/202/195 382/385/382 352/355/352
f 340/343/340 323/326/323 379/382/379
f 379/382/379 381/384/381 340/343/340
f 360/363/360 352/355/352 382/385/382
f 382/385/382 383/386/383 360/363/360
f 365/368/365 360/363/360 383/386/383
f 383/386/383 384/387/384 365/368/365
f 324/327/324 365/368/365 384/387/384
f 384/387/384 380/383/380 324/327/324
f 375/378/375 374/377/374 328/331/328
f 328/331/328 327/330/327 375/378/375
f 376/379/376 375/378/375 327/330/327
f 327/330/327 326/329/326 376/379/376
f 378/381/378 377/380/377 329/332/329
f 329/332/329 330/333/330 378/381/378
f 374/377/374 378/381/378 330/333/330
f 330/333/330 328/331/328 374/377/374
f 379/382/379 376/379/376 326/329/326
f 326/329/326 332/335/332 379/382/379
f 377/380/377 380/383/380 333/336/333
f 333/336/333 329/332/329 377/380/377
f 199/202/195 381/384/381 348/351/348
f 348/351/348 347/350/347 199/202/195
f 382/385/382 199/202/195 347/350/347
f 347/350/347 350/353/350 382/385/382
f 381/384/381 379/382/379 332/335/332
f 332/335/332 348/351/348 381/384/381
f 383/386/383 382/385/382 350/353/350
f 350/353/350 357/360/357 383/386/383
f 384/387/384 383/386/383 357/360/357
f 357/360/357 356/359/356 384/387/384
f 380/383/380 384/387/384 356/359/356
f 356/359/356 333/336/333 380/383/380
f 218/221/214 198/201/194 197/200/193
f 197/200/193 195/198/191 218/221/214
f 195/198/191 197/200/193 339/342/339
f 339/342/339 196/199/192 195/198/191
f 248/251/246 247/250/245 341/344/341
f 341/344/341 335/338/335 248/251/246
f 385/388/385 248/251/246 335/338/335
f 335/338/335 334/337/334 385/388/385
f 218/221/214 195/198/191 194/197/190
f 194/197/190 229/232/225 218/221/214
f 241/244/386 244/247/387 172/175/168
f 172/175/168 171/174/167 241/244/386
f 171/174/282 274/277/273 242/245/240
f 242/245/240 241/244/239 171/174/282
f 274/277/273 193/196/189 246/249/244
f 246/249/244 242/245/240 274/277/273
f 193/196/189 196/199/192 247/250/245
f 247/250/245 246/249/244 193/196/189
f 196/199/192 339/342/339 341/344/341
f 341/344/341 247/250/245 196/199/192
f 338/341/338 342/345/342 341/344/341
f 341/344/341 339/342/339 338/341/338
f 338/341/338 346/349/346 351/354/351
f 351/354/351 342/345/342 338/341/338
f 354/357/354 358/361/358 351/354/351
f 351/354/351 346/349/346 354/357/354
f 366/369/366 386/389/388 370/373/370
f 370/373/370 367/370/367 366/369/366
f 387/390/389 388/391/390 389/392/391
f 389/392/391 390/393/392 387/390/389
f 391/394/393 392/395/394 393/396/395
f 393/396/395 394/397/396 391/394/393
f 395/398/397 396/399/398 397/400/399
f 397/400/399 398/401/400 395/398/397
f 390/393/392 389/392/391 399/402/401
f 399/402/401 400/403/402 390/393/392
f 401/404/403 402/405/404 403/406/405
f 403/406/405 404/407/406 401/404/403
f 405/408/407 406/409/408 407/410/409
f 407/410/409 408/411/410 405/408/407
f 404/407/406 403/406/405 409/412/411
f 409/412/411 410/413/412 404/407/406
f 411/414/413 405/408/407 408/411/410
f 408/411/410 412/415/414 411/414/413
f 413/416/415 414/417/416 415/418/417
f 415/418/417 416/419/418 413/416/415
f 417/420/419 418/421/420 419/422/421
f 419/422/421 420/423/422 417/420/419
f 400/403/402 399/402/401 421/424/423
f 421/424/423 422/425/424 400/403/402
f 398/401/400 397/400/399 423/426/425
f 423/426/425 424/427/426 398/401/400
f 398/401/400 424/427/426 425/428/427
f 425/428/427 426/429/428 398/401/400
f 426/429/428 425/428/427 427/430/429
f 427/430/429 419/422/421 426/429/428
f 427/430/429 420/423/422 419/422/421
f 424/427/426 423/426/425 428/431/430
f 429/432/431 425/428/427 424/427/426
f 424/427/426 428/431/430 429/432/431
f 430/433/432 427/430/429 425/428/427
f 425/428/427 429/432/431 430/433/432
f 431/434/433 432/435/434 427/430/429
f 429/432/431 428/431/430 433/436/435
f 434/437/436 430/433/432 429/432/431
f 429/432/431 433/436/435 434/437/436
f 435/438/437 436/439/438 430/433/432
f 428/431/430 423/426/425 437/440/439
f 437/440/439 423/426/425 438/441/440
f 438/441/440 439/442/441 437/440/439
f 422/425/424 421/424/423 440/443/442
f 440/443/442 441/444/443 422/425/424
f 442/445/444 433/436/435 428/431/430
f 428/431/430 437/440/439 442/445/444
f 442/445/444 437/440/439 439/442/441
f 439/442/441 443/446/445 442/445/444
f 444/447/446 434/437/436 433/436/435
f 433/436/435 442/445/444 444/447/446
f 444/447/446 442/445/444 443/446/445
f 443/446/445 445/448/447 444/447/446
f 446/449/448 447/450/449 434/437/436
f 444/447/446 448/451/450 449/452/451
f 441/444/443 440/443/442 450/453/452
f 450/453/452 451/454/453 441/444/443
f 439/442/441 438/441/440 452/455/454
f 452/455/454 453/456/455 439/442/441
f 454/457/456 455/458/457 456/459/458
f 456/459/458 457/460/459 454/457/456
f 451/454/453 450/453/452 458/461/460
f 458/461/460 459/462/461 451/454/453
f 439/442/441 453/456/455 460/463/462
f 460/463/462 443/446/445 439/442/441
f 461/464/463 454/457/456 457/460/459
f 457/460/459 462/465/464 461/464/463
f 443/446/445 460/463/462 463/466/465
f 463/466/465 445/448/447 443/446/445
f 464/467/466 461/464/463 462/465/464
f 462/465/464 465/468/467 464/467/466
f 445/448/447 463/466/465 466/469/468
f 466/469/468 448/451/450 445/448/447
f 467/470/469 464/467/466 465/468/467
f 465/468/467 468/471/470 467/470/469
f 459/462/461 458/461/460 469/472/471
f 469/472/471 470/473/472 459/462/461
f 457/460/459 456/459/458 471/474/473
f 471/474/473 472/475/474 457/460/459
f 457/460/459 472/475/474 473/476/475
f 473/476/475 462/465/464 457/460/459
f 462/465/464 473/476/475 474/477/476
f 474/477/476 465/468/467 462/465/464
f 474/477/476 468/471/470 465/468/467
f 473/476/475 472/475/474 475/478/477
f 476/479/478 474/477/476 473/476/475
f 473/476/475 475/478/477 476/479/478
f 477/480/479 478/481/480 474/477/476
f 472/475/474 471/474/473 479/482/481
f 480/483/482 475/478/477 472/475/474
f 472/475/474 479/482/481 480/483/482
f 481/484/483 476/479/478 475/478/477
f 475/478/477 480/483/482 481/484/483
f 482/485/484 483/486/485 476/479/478
f 479/482/481 471/474/473 392/395/394
f 392/395/394 391/394/393 479/482/481
f 484/487/486 485/488/487 388/391/390
f 388/391/390 387/390/389 484/487/486
f 480/483/482 479/482/481 486/489/488
f 486/489/488 479/482/481 391/394/393
f 391/394/393 487/490/489 486/489/488
f 488/491/490 481/484/483 480/483/482
f 480/483/482 486/489/488 488/491/490
f 488/491/490 486/489/488 487/490/489
f 487/490/489 413/416/415 488/491/490
f 489/492/491 490/493/492 481/484/483
f 488/491/490 416/419/418 491/494/493
f 492/495/494 493/496/495 494/497/496
f 494/497/496 495/498/497 492/495/494
f 496/499/498 492/495/494 495/498/497
f 495/498/497 497/500/499 496/499/498
f 498/501/500 499/502/501 500/503/502
f 500/503/502 501/504/503 498/501/500
f 499/502/501 502/505/504 503/506/505
f 503/506/505 500/503/502 499/502/501
f 504/507/506 505/508/507 506/509/508
f 506/509/508 507/510/509 504/507/506
f 508/511/510 504/507/506 507/510/509
f 507/510/509 509/512/511 508/511/510
f 510/513/512 511/514/513 512/515/514
f 512/515/514 513/516/515 510/513/512
f 511/514/513 514/517/516 515/518/517
f 515/518/517 512/515/514 511/514/513
f 516/519/518 517/520/519 518/521/520
f 518/521/520 519/522/521 516/519/518
f 520/523/522 516/519/518 519/522/521
f 519/522/521 521/524/523 520/523/522
f 522/525/524 523/526/525 524/527/526
f 524/527/526 525/528/527 522/525/524
f 523/526/525 526/529/528 527/530/529
f 527/530/529 524/527/526 523/526/525
f 528/531/530 529/532/531 530/533/532
f 530/533/532 531/534/533 528/531/530
f 532/535/534 528/531/530 531/534/533
f 531/534/533 533/536/535 532/535/534
f 534/537/536 535/538/537 536/539/538
f 536/539/538 537/540/539 534/537/536
f 535/538/537 538/541/540 539/542/541
f 539/542/541 536/539/538 535/538/537
f 478/481/480 477/480/479 540/543/542
f 540/543/542 541/544/543 478/481/480
f 468/471/470 478/481/480 541/544/543
f 541/544/543 542/545/544 468/471/470
f 543/546/545 544/547/546 545/548/547
f 545/548/547 546/549/548 543/546/545
f 544/547/546 547/550/549 548/551/550
f 548/551/550 545/548/547 544/547/546
f 467/470/469 468/471/470 542/545/544
f 542/545/544 549/552/551 467/470/469
f 448/451/450 466/469/468 550/553/552
f 550/553/552 551/554/553 448/451/450
f 552/555/554 553/556/555 554/557/556
f 554/557/556 555/558/557 552/555/554
f 543/546/545 546/549/548 556/559/558
f 556/559/558 557/560/559 543/546/545
f 449/452/451 448/451/450 551/554/553
f 551/554/553 558/561/560 449/452/451
f 446/449/448 449/452/451 558/561/560
f 558/561/560 559/562/561 446/449/448
f 560/563/562 561/564/563 562/565/564
f 562/565/564 563/566/565 560/563/562
f 552/555/554 555/558/557 562/565/564
f 562/565/564 561/564/563 552/555/554
f 564/567/566 446/449/448 559/562/561
f 559/562/561 565/568/567 564/567/566
f 477/480/479 566/569/568 567/570/569
f 567/570/569 540/543/542 477/480/479
f 547/550/549 568/571/570 569/572/571
f 569/572/571 548/551/550 547/550/549
f 560/563/562 563/566/565 570/573/572
f 570/573/572 571/574/573 560/563/562
f 483/486/485 482/485/484 572/575/574
f 572/575/574 573/576/575 483/486/485
f 477/480/479 483/486/485 573/576/575
f 573/576/575 574/577/576 477/480/479
f 575/578/577 576/579/578 577/580/579
f 577/580/579 578/581/580 575/578/577
f 576/579/578 579/582/581 580/583/582
f 580/583/582 577/580/579 576/579/578
f 566/569/568 477/480/479 574/577/576
f 574/577/576 581/584/583 566/569/568
f 446/449/448 564/567/566 582/585/584
f 582/585/584 583/586/585 446/449/448
f 447/450/449 446/449/448 583/586/585
f 583/586/585 584/587/586 447/450/449
f 435/438/437 447/450/449 584/587/586
f 584/587/586 585/588/587 435/438/437
f 586/589/588 587/590/589 588/591/590
f 588/591/590 589/592/591 586/589/588
f 590/593/592 591/594/593 588/591/590
f 588/591/590 587/590/589 590/593/592
f 592/595/594 435/438/437 585/588/587
f 585/588/587 593/596/595 592/595/594
f 482/485/484 594/597/596 595/598/597
f 595/598/597 572/575/574 482/485/484
f 579/582/581 596/599/598 597/600/599
f 597/600/599 580/583/582 579/582/581
f 586/589/588 589/592/591 598/601/600
f 598/601/600 599/602/601 586/589/588
f 490/493/492 489/492/491 600/603/602
f 600/603/602 601/604/603 490/493/492
f 482/485/484 490/493/492 601/604/603
f 601/604/603 602/605/604 482/485/484
f 603/606/605 604/607/606 605/608/607
f 605/608/607 606/609/608 603/606/605
f 604/607/606 607/610/609 608/611/610
f 608/611/610 605/608/607 604/607/606
f 594/597/596 482/485/484 602/605/604
f 602/605/604 609/612/611 594/597/596
f 435/438/437 592/595/594 610/613/612
f 610/613/612 611/614/613 435/438/437
f 436/439/438 435/438/437 611/614/613
f 611/614/613 612/615/614 436/439/438
f 431/434/433 436/439/438 612/615/614
f 612/615/614 613/616/615 431/434/433
f 614/617/616 615/618/617 616/619/618
f 616/619/618 617/620/619 614/617/616
f 618/621/620 619/622/621 616/619/618
f 616/619/618 615/618/617 618/621/620
f 620/623/622 431/434/433 613/616/615
f 613/616/615 621/624/623 620/623/622
f 489/492/491 622/625/624 623/626/625
f 623/626/625 600/603/602 489/492/491
f 607/610/609 624/627/626 625/628/627
f 625/628/627 608/611/610 607/610/609
f 614/617/616 617/620/619 626/629/628
f 626/629/628 627/630/629 614/617/616
f 491/494/493 416/419/418 628/631/630
f 628/631/630 629/632/631 491/494/493
f 489/492/491 491/494/493 629/632/631
f 629/632/631 630/633/632 489/492/491
f 631/634/633 632/635/634 633/636/635
f 633/636/635 634/637/636 631/634/633
f 632/635/634 635/638/637 636/639/638
f 636/639/638 633/636/635 632/635/634
f 622/625/624 489/492/491 630/633/632
f 630/633/632 637/640/639 622/625/624
f 431/434/433 620/623/622 638/641/640
f 638/641/640 639/642/641 431/434/433
f 432/435/434 431/434/433 639/642/641
f 639/642/641 640/643/642 432/435/434
f 420/423/422 432/435/434 640/643/642
f 640/643/642 641/644/643 420/423/422
f 642/645/644 643/646/645 644/647/646
f 644/647/646 645/648/647 642/645/644
f 646/649/648 647/650/649 644/647/646
f 644/647/646 643/646/645 646/649/648
f 417/420/419 420/423/422 641/644/643
f 641/644/643 648/651/650 417/420/419
f 416/419/418 415/418/417 649/652/651
f 649/652/651 628/631/630 416/419/418
f 635/638/637 650/653/652 651/654/653
f 651/654/653 636/639/638 635/638/637
f 642/645/644 645/648/647 652/655/654
f 652/655/654 653/656/655 642/645/644
f 575/578/577 578/581/580 654/657/656
f 654/657/656 655/658/657 575/578/577
f 590/593/592 656/659/658 657/660/659
f 657/660/659 591/594/593 590/593/592
f 603/606/605 606/609/608 658/661/660
f 658/661/660 659/662/661 603/606/605
f 618/621/620 660/663/662 661/664/663
f 661/664/663 619/622/621 618/621/620
f 631/634/633 634/637/636 662/665/664
f 662/665/664 663/666/665 631/634/633
f 646/649/648 664/667/666 665/668/667
f 665/668/667 647/650/649 646/649/648
f 666/669/668 667/670/669 668/671/670
f 668/671/670 669/672/671 666/669/668
f 670/673/672 666/669/668 669/672/671
f 669/672/671 671/674/673 670/673/672
f 671/674/673 672/675/674 673/676/675
f 673/676/675 670/673/672 671/674/673
f 674/677/676 675/678/677 676/679/678
f 676/679/678 677/680/679 674/677/676
f 677/680/679 678/681/680 679/682/681
f 679/682/681 674/677/676 677/680/679
f 680/683/682 679/682/681 678/681/680
f 678/681/680 681/684/683 680/683/682
f 681/684/683 682/685/684 683/686/685
f 683/686/685 680/683/682 681/684/683
f 667/670/669 684/687/686 685/688/687
f 685/688/687 668/671/670 667/670/669
f 686/689/688 687/690/689 688/691/690
f 688/691/690 689/692/691 686/689/688
f 690/693/692 686/689/688 689/692/691
f 689/692/691 691/694/693 690/693/692
f 691/694/693 692/695/694 693/696/695
f 693/696/695 690/693/692 691/694/693
f 694/697/696 695/698/697 696/699/698
f 696/699/698 697/700/699 694/697/696
f 697/700/699 698/701/700 699/702/701
f 699/702/701 694/697/696 697/700/699
f 700/703/702 699/702/701 698/701/700
f 698/701/700 701/704/703 700/703/702
f 701/704/703 702/705/704 703/706/705
f 703/706/705 700/703/702 701/704/703
f 687/690/689 704/707/706 705/708/707
f 705/708/707 688/691/690 687/690/689
f 706/709/708 707/710/709 708/711/710
f 708/711/710 709/712/711 706/709/708
f 710/713/712 706/709/708 709/712/711
f 709/712/711 711/714/713 710/713/712
f 711/714/713 712/715/714 713/716/715
f 713/716/715 710/713/712 711/714/713
f 714/717/716 715/718/717 716/719/718
f 716/719/718 717/720/719 714/717/716
f 717/720/719 718/721/720 719/722/721
f 719/722/721 714/717/716 717/720/719
f 720/723/722 719/722/721 718/721/720
f 718/721/720 721/724/723 720/723/722
f 721/724/723 722/725/724 723/726/725
f 723/726/725 720/723/722 721/724/723
f 707/710/709 724/727/726 725/728/727
f 725/728/727 708/711/710 707/710/709
f 726/729/728 727/730/729 728/731/730
f 728/731/730 729/732/731 726/729/728
f 730/733/732 726/729/728 729/732/731
f 729/732/731 731/734/733 730/733/732
f 731/734/733 732/735/734 733/736/735
f 733/736/735 730/733/732 731/734/733
f 734/737/736 735/738/737 736/739/738
f 736/739/738 737/740/739 734/737/736
f 737/740/739 738/741/740 739/742/741
f 739/742/741 734/737/736 737/740/739
f 740/743/742 739/742/741 738/741/740
f 738/741/740 741/744/743 740/743/742
f 741/744/743 742/745/744 743/746/745
f 743/746/745 740/743/742 741/744/743
f 727/730/729 744/747/746 745/748/747
f 745/748/747 728/731/730 727/730/729
f 746/749/748 747/750/749 748/751/750
f 748/751/750 749/752/751 746/749/748
f 750/753/752 746/749/748 749/752/751
f 749/752/751 751/754/753 750/753/752
f 751/754/753 749/752/751 492/495/494
f 492/495/494 496/499/498 751/754/753
f 749/752/751 748/751/750 493/496/495
f 493/496/495 492/495/494 749/752/751
f 752/755/754 750/753/752 751/754/753
f 751/754/753 753/756/755 752/755/754
f 754/757/756 755/758/757 756/759/758
f 756/759/758 757/760/759 754/757/756
f 757/760/759 756/759/758 498/501/500
f 498/501/500 501/504/503 757/760/759
f 753/756/755 751/754/753 496/499/498
f 496/499/498 497/500/499 753/756/755
f 758/761/760 754/757/756 757/760/759
f 757/760/759 759/762/761 758/761/760
f 760/763/762 758/761/760 759/762/761
f 759/762/761 761/764/763 760/763/762
f 761/764/763 759/762/761 500/503/502
f 500/503/502 503/506/505 761/764/763
f 759/762/761 757/760/759 501/504/503
f 501/504/503 500/503/502 759/762/761
f 762/765/764 760/763/762 761/764/763
f 761/764/763 763/766/765 762/765/764
f 747/750/749 764/767/766 765/768/767
f 765/768/767 748/751/750 747/750/749
f 748/751/750 765/768/767 494/497/496
f 494/497/496 493/496/495 748/751/750
f 763/766/765 761/764/763 503/506/505
f 503/506/505 502/505/504 763/766/765
f 766/769/768 767/770/769 768/771/770
f 768/771/770 769/772/771 766/769/768
f 770/773/772 766/769/768 769/772/771
f 769/772/771 771/774/773 770/773/772
f 771/774/773 769/772/771 504/507/506
f 504/507/506 508/511/510 771/774/773
f 769/772/771 768/771/770 505/508/507
f 505/508/507 504/507/506 769/772/771
f 772/775/774 770/773/772 771/774/773
f 771/774/773 773/776/775 772/775/774
f 774/777/776 775/778/777 776/779/778
f 776/779/778 777/780/779 774/777/776
f 777/780/779 776/779/778 510/513/512
f 510/513/512 513/516/515 777/780/779
f 773/776/775 771/774/773 508/511/510
f 508/511/510 509/512/511 773/776/775
f 778/781/780 774/777/776 777/780/779
f 777/780/779 779/782/781 778/781/780
f 780/783/782 778/781/780 779/782/781
f 779/782/781 781/784/783 780/783/782
f 781/784/783 779/782/781 512/515/514
f 512/515/514 515/518/517 781/784/783
f 779/782/781 777/780/779 513/516/515
f 513/516/515 512/515/514 779/782/781
f 782/785/784 780/783/782 781/784/783
f 781/784/783 783/786/785 782/785/784
f 767/770/769 784/787/786 785/788/787
f 785/788/787 768/771/770 767/770/769
f 768/771/770 785/788/787 506/509/508
f 506/509/508 505/508/507 768/771/770
f 783/786/785 781/784/783 515/518/517
f 515/518/517 514/517/516 783/786/785
f 786/789/788 787/790/789 788/791/790
f 788/791/790 789/792/791 786/789/788
f 790/793/792 786/789/788 789/792/791
f 789/792/791 791/794/793 790/793/792
f 791/794/793 789/792/791 516/519/518
f 516/519/518 520/523/522 791/794/793
f 789/792/791 788/791/790 517/520/519
f 517/520/519 516/519/518 789/792/791
f 792/795/794 790/793/792 791/794/793
f 791/794/793 793/796/795 792/795/794
f 794/797/796 795/798/797 796/799/798
f 796/799/798 797/800/799 794/797/796
f 797/800/799 796/799/798 522/525/524
f 522/525/524 525/528/527 797/800/799
f 793/796/795 791/794/793 520/523/522
f 520/523/522 521/524/523 793/796/795
f 798/801/800 794/797/796 797/800/799
f 797/800/799 799/802/801 798/801/800
f 800/803/802 798/801/800 799/802/801
f 799/802/801 801/804/803 800/803/802
f 801/804/803 799/802/801 524/527/526
f 524/527/526 527/530/529 801/804/803
f 799/802/801 797/800/799 525/528/527
f 525/528/527 524/527/526 799/802/801
f 802/805/804 800/803/802 801/804/803
f 801/804/803 803/806/805 802/805/804
f 787/790/789 804/807/806 805/808/807
f 805/808/807 788/791/790 787/790/789
f 788/791/790 805/808/807 518/521/520
f 518/521/520 517/520/519 788/791/790
f 803/806/805 801/804/803 527/530/529
f 527/530/529 526/529/528 803/806/805
f 806/809/808 807/810/809 808/811/810
f 808/811/810 809/812/811 806/809/808
f 810/813/812 806/809/808 809/812/811
f 809/812/811 811/814/813 810/813/812
f 811/814/813 809/812/811 528/531/530
f 528/531/530 532/535/534 811/814/813
f 809/812/811 808/811/810 529/532/531
f 529/532/531 528/531/530 809/812/811
f 812/815/814 810/813/812 811/814/813
f 811/814/813 813/816/815 812/815/814
f 814/817/816 815/818/817 816/819/818
f 816/819/818 817/820/819 814/817/816
f 817/820/819 816/819/818 534/537/536
f 534/537/536 537/540/539 817/820/819
f 813/816/815 811/814/813 532/535/534
f 532/535/534 533/536/535 813/816/815
f 818/821/820 814/817/816 817/820/819
f 817/820/819 819/822/821 818/821/820
f 820/823/822 818/821/820 819/822/821
f 819/822/821 821/824/823 820/823/822
f 821/824/823 819/822/821 536/539/538
f 536/539/538 539/542/541 821/824/823
f 819/822/821 817/820/819 537/540/539
f 537/540/539 536/539/538 819/822/821
f 822/825/824 820/823/822 821/824/823
f 821/824/823 823/826/825 822/825/824
f 807/810/809 824/827/826 825/828/827
f 825/828/827 808/811/810 807/810/809
f 808/811/810 825/828/827 530/533/532
f 530/533/532 529/532/531 808/811/810
f 823/826/825 821/824/823 539/542/541
f 539/542/541 538/541/540 823/826/825
f 391/394/393 826/829/828 827/830/829
f 827/830/829 487/490/489 391/394/393
f 426/429/428 828/831/830 829/832/831
f 829/832/831 398/401/400 426/429/428
f 829/832/831 828/831/830 830/833/832
f 830/833/832 831/834/833 829/832/831
f 395/398/397 398/401/400 829/832/831
f 829/832/831 832/835/834 395/398/397
f 391/394/393 394/397/396 833/836/835
f 833/836/835 826/829/828 391/394/393
f 826/829/828 833/836/835 834/837/836
f 834/837/836 835/838/837 826/829/828
f 832/835/834 829/832/831 831/834/833
f 831/834/833 836/839/838 832/835/834
f 487/490/489 827/830/829 837/840/839
f 837/840/839 413/416/415 487/490/489
f 414/417/416 413/416/415 837/840/839
f 837/840/839 838/841/840 414/417/416
f 419/422/421 418/421/420 839/842/841
f 839/842/841 840/843/842 419/422/421
f 419/422/421 840/843/842 828/831/830
f 828/831/830 426/429/428 419/422/421
f 828/831/830 840/843/842 841/844/843
f 841/844/843 830/833/832 828/831/830
f 842/845/844 827/830/829 826/829/828
f 826/829/828 835/838/837 842/845/844
f 843/846/845 844/847/846 845/848/847
f 845/848/847 846/849/848 843/846/845
f 847/850/849 848/851/850 849/852/851
f 849/852/851 850/853/852 847/850/849
f 844/847/846 851/854/853 852/855/854
f 852/855/854 845/848/847 844/847/846
f 853/856/855 847/850/849 850/853/852
f 850/853/852 854/857/856 853/856/855
f 855/858/857 837/840/839 827/830/829
f 827/830/829 842/845/844 855/858/857
f 843/846/845 846/849/848 856/859/858
f 857/860/859 838/841/840 837/840/839
f 837/840/839 855/858/857 857/860/859
f 841/844/843 840/843/842 839/842/841
f 839/842/841 858/861/860 841/844/843
f 859/862/861 849/852/851 848/851/850
f 860/863/862 861/864/863 862/865/864
f 862/865/864 863/866/865 860/863/862
f 862/865/864 861/864/863 401/404/403
f 401/404/403 404/407/406 862/865/864
f 864/867/866 865/868/867 866/869/868
f 866/869/868 867/870/869 864/867/866
f 866/869/868 865/868/867 408/411/410
f 408/411/410 407/410/409 866/869/868
f 868/871/870 867/870/869 866/869/868
f 866/869/868 869/872/871 868/871/870
f 860/863/862 870/873/872 871/874/873
f 871/874/873 861/864/863 860/863/862
f 861/864/863 871/874/873 402/405/404
f 402/405/404 401/404/403 861/864/863
f 869/872/871 866/869/868 407/410/409
f 407/410/409 406/409/408 869/872/871
f 863/866/865 862/865/864 872/875/874
f 872/875/874 873/876/875 863/866/865
f 872/875/874 862/865/864 404/407/406
f 404/407/406 410/413/412 872/875/874
f 874/877/876 873/876/875 872/875/874
f 872/875/874 875/878/877 874/877/876
f 876/879/878 877/880/879 878/881/880
f 878/881/880 879/882/881 876/879/878
f 879/882/881 878/881/880 411/414/413
f 411/414/413 412/415/414 879/882/881
f 875/878/877 872/875/874 410/413/412
f 410/413/412 409/412/411 875/878/877
f 876/879/878 879/882/881 865/868/867
f 865/868/867 864/867/866 876/879/878
f 865/868/867 879/882/881 412/415/414
f 412/415/414 408/411/410 865/868/867
f 631/634/633 663/666/665 637/640/639
f 637/640/639 630/633/632 631/634/633
f 639/642/641 638/641/640 664/667/666
f 664/667/666 646/649/648 639/642/641
f 646/649/648 643/646/645 640/643/642
f 640/643/642 639/642/641 646/649/648
f 641/644/643 640/643/642 643/646/645
f 643/646/645 642/645/644 641/644/643
f 642/645/644 653/656/655 648/651/650
f 648/651/650 641/644/643 642/645/644
f 628/631/630 649/652/651 650/653/652
f 650/653/652 635/638/637 628/631/630
f 629/632/631 628/631/630 635/638/637
f 635/638/637 632/635/634 629/632/631
f 630/633/632 629/632/631 632/635/634
f 632/635/634 631/634/633 630/633/632
f 730/733/732 733/736/735 662/665/664
f 662/665/664 634/637/636 730/733/732
f 647/650/649 665/668/667 735/738/737
f 735/738/737 734/737/736 647/650/649
f 734/737/736 739/742/741 644/647/646
f 644/647/646 647/650/649 734/737/736
f 645/648/647 644/647/646 739/742/741
f 739/742/741 740/743/742 645/648/647
f 740/743/742 743/746/745 652/655/654
f 652/655/654 645/648/647 740/743/742
f 636/639/638 651/654/653 744/747/746
f 744/747/746 727/730/729 636/639/638
f 633/636/635 636/639/638 727/730/729
f 727/730/729 726/729/728 633/636/635
f 634/637/636 633/636/635 726/729/728
f 726/729/728 730/733/732 634/637/636
f 603/606/605 659/662/661 609/612/611
f 609/612/611 602/605/604 603/606/605
f 611/614/613 610/613/612 660/663/662
f 660/663/662 618/621/620 611/614/613
f 618/621/620 615/618/617 612/615/614
f 612/615/614 611/614/613 618/621/620
f 613/616/615 612/615/614 615/618/617
f 615/618/617 614/617/616 613/616/615
f 614/617/616 627/630/629 621/624/623
f 621/624/623 613/616/615 614/617/616
f 600/603/602 623/626/625 624/627/626
f 624/627/626 607/610/609 600/603/602
f 601/604/603 600/603/602 607/610/609
f 607/610/609 604/607/606 601/604/603
f 602/605/604 601/604/603 604/607/606
f 604/607/606 603/606/605 602/605/604
f 710/713/712 713/716/715 658/661/660
f 658/661/660 606/609/608 710/713/712
f 619/622/621 661/664/663 715/718/717
f 715/718/717 714/717/716 619/622/621
f 714/717/716 719/722/721 616/619/618
f 616/619/618 619/622/621 714/717/716
f 617/620/619 616/619/618 719/722/721
f 719/722/721 720/723/722 617/620/619
f 720/723/722 723/726/725 626/629/628
f 626/629/628 617/620/619 720/723/722
f 608/611/610 625/628/627 724/727/726
f 724/727/726 707/710/709 608/611/610
f 605/608/607 608/611/610 707/710/709
f 707/710/709 706/709/708 605/608/607
f 606/609/608 605/608/607 706/709/708
f 706/709/708 710/713/712 606/609/608
f 575/578/577 655/658/657 581/584/583
f 581/584/583 574/577/576 575/578/577
f 583/586/585 582/585/584 656/659/658
f 656/659/658 590/593/592 583/586/585
f 590/593/592 587/590/589 584/587/586
f 584/587/586 583/586/585 590/593/592
f 585/588/587 584/587/586 587/590/589
f 587/590/589 586/589/588 585/588/587
f 586/589/588 599/602/601 593/596/595
f 593/596/595 585/588/587 586/589/588
f 572/575/574 595/598/597 596/599/598
f 596/599/598 579/582/581 572/575/574
f 573/576/575 572/575/574 579/582/581
f 579/582/581 576/579/578 573/576/575
f 574/577/576 573/576/575 576/579/578
f 576/579/578 575/578/577 574/577/576
f 690/693/692 693/696/695 654/657/656
f 654/657/656 578/581/580 690/693/692
f 591/594/593 657/660/659 695/698/697
f 695/698/697 694/697/696 591/594/593
f 694/697/696 699/702/701 588/591/590
f 588/591/590 591/594/593 694/697/696
f 589/592/591 588/591/590 699/702/701
f 699/702/701 700/703/702 589/592/591
f 700/703/702 703/706/705 598/601/600
f 598/601/600 589/592/591 700/703/702
f 580/583/582 597/600/599 704/707/706
f 704/707/706 687/690/689 580/583/582
f 577/580/579 580/583/582 687/690/689
f 687/690/689 686/689/688 577/580/579
f 578/581/580 577/580/579 686/689/688
f 686/689/688 690/693/692 578/581/580
f 543/546/545 557/560/559 549/552/551
f 549/552/551 542/545/544 543/546/545
f 551/554/553 550/553/552 553/556/555
f 553/556/555 552/555/554 551/554/553
f 552/555/554 561/564/563 558/561/560
f 558/561/560 551/554/553 552/555/554
f 559/562/561 558/561/560 561/564/563
f 561/564/563 560/563/562 559/562/561
f 560/563/562 571/574/573 565/568/567
f 565/568/567 559/562/561 560/563/562
f 540/543/542 567/570/569 568/571/570
f 568/571/570 547/550/549 540/543/542
f 541/544/543 540/543/542 547/550/549
f 547/550/549 544/547/546 541/544/543
f 542/545/544 541/544/543 544/547/546
f 544/547/546 543/546/545 542/545/544
f 670/673/672 673/676/675 556/559/558
f 556/559/558 546/549/548 670/673/672
f 555/558/557 554/557/556 675/678/677
f 675/678/677 674/677/676 555/558/557
f 674/677/676 679/682/681 562/565/564
f 562/565/564 555/558/557 674/677/676
f 563/566/565 562/565/564 679/682/681
f 679/682/681 680/683/682 563/566/565
f 680/683/682 683/686/685 570/573/572
f 570/573/572 563/566/565 680/683/682
f 548/551/550 569/572/571 684/687/686
f 684/687/686 667/670/669 548/551/550
f 545/548/547 548/551/550 667/670/669
f 667/670/669 666/669/668 545/548/547
f 546/549/548 545/548/547 666/669/668
f 666/669/668 670/673/672 546/549/548
f 729/732/731 728/731/730 807/810/809
f 807/810/809 806/809/808 729/732/731
f 728/731/730 745/748/747 824/827/826
f 824/827/826 807/810/809 728/731/730
f 741/744/743 820/823/822 822/825/824
f 822/825/824 742/745/744 741/744/743
f 741/744/743 738/741/740 818/821/820
f 818/821/820 820/823/822 741/744/743
f 737/740/739 814/817/816 818/821/820
f 818/821/820 738/741/740 737/740/739
f 737/740/739 736/739/738 815/818/817
f 815/818/817 814/817/816 737/740/739
f 731/734/733 810/813/812 812/815/814
f 812/815/814 732/735/734 731/734/733
f 731/734/733 729/732/731 806/809/808
f 806/809/808 810/813/812 731/734/733
f 709/712/711 708/711/710 787/790/789
f 787/790/789 786/789/788 709/712/711
f 708/711/710 725/728/727 804/807/806
f 804/807/806 787/790/789 708/711/710
f 721/724/723 800/803/802 802/805/804
f 802/805/804 722/725/724 721/724/723
f 721/724/723 718/721/720 798/801/800
f 798/801/800 800/803/802 721/724/723
f 717/720/719 794/797/796 798/801/800
f 798/801/800 718/721/720 717/720/719
f 717/720/719 716/719/718 795/798/797
f 795/798/797 794/797/796 717/720/719
f 711/714/713 790/793/792 792/795/794
f 792/795/794 712/715/714 711/714/713
f 711/714/713 709/712/711 786/789/788
f 786/789/788 790/793/792 711/714/713
f 689/692/691 688/691/690 767/770/769
f 767/770/769 766/769/768 689/692/691
f 688/691/690 705/708/707 784/787/786
f 784/787/786 767/770/769 688/691/690
f 701/704/703 780/783/782 782/785/784
f 782/785/784 702/705/704 701/704/703
f 701/704/703 698/701/700 778/781/780
f 778/781/780 780/783/782 701/704/703
f 697/700/699 774/777/776 778/781/780
f 778/781/780 698/701/700 697/700/699
f 697/700/699 696/699/698 775/778/777
f 775/778/777 774/777/776 697/700/699
f 691/694/693 770/773/772 772/775/774
f 772/775/774 692/695/694 691/694/693
f 691/694/693 689/692/691 766/769/768
f 766/769/768 770/773/772 691/694/693
f 669/672/671 668/671/670 747/750/749
f 747/750/749 746/749/748 669/672/671
f 668/671/670 685/688/687 764/767/766
f 764/767/766 747/750/749 668/671/670
f 681/684/683 760/763/762 762/765/764
f 762/765/764 682/685/684 681/684/683
f 681/684/683 678/681/680 758/761/760
f 758/761/760 760/763/762 681/684/683
f 677/680/679 754/757/756 758/761/760
f 758/761/760 678/681/680 677/680/679
f 677/680/679 676/679/678 755/758/757
f 755/758/757 754/757/756 677/680/679
f 671/674/673 750/753/752 752/755/754
f 752/755/754 672/675/674 671/674/673
f 671/674/673 669/672/671 746/749/748
f 746/749/748 750/753/752 671/674/673
f 842/845/844 835/838/837 844/847/846
f 844/847/846 843/846/845 842/845/844
f 855/858/857 842/845/844 843/846/845
f 843/846/845 856/859/858 855/858/857
f 857/860/859 855/858/857 856/859/858
f 856/859/858 880/883/882 857/860/859
f 841/844/843 858/861/860 881/884/883
f 881/884/883 859/862/861 841/844/843
f 830/833/832 841/844/843 859/862/861
f 859/862/861 848/851/850 830/833/832
f 831/834/833 830/833/832 848/851/850
f 848/851/850 847/850/849 831/834/833
f 836/839/838 831/834/833 847/850/849
f 847/850/849 853/856/855 836/839/838
f 835/838/837 834/837/836 851/854/853
f 851/854/853 844/847/846 835/838/837
f 860/863/862 863/866/865 846/849/848
f 846/849/848 845/848/847 860/863/862
f 863/866/865 873/876/875 856/859/858
f 856/859/858 846/849/848 863/866/865
f 880/883/882 856/859/858 873/876/875
f 873/876/875 874/877/876 880/883/882
f 859/862/861 881/884/883 877/880/879
f 877/880/879 876/879/878 859/862/861
f 876/879/878 864/867/866 849/852/851
f 849/852/851 859/862/861 876/879/878
f 864/867/866 867/870/869 850/853/852
f 850/853/852 849/852/851 864/867/866
f 854/857/856 850/853/852 867/870/869
f 867/870/869 868/871/870 854/857/856
f 845/848/847 852/855/854 870/873/872
f 870/873/872 860/863/862 845/848/847
f 431/434/433 430/433/432 436/439/438
f 431/434/433 427/430/429 430/433/432
f 435/438/437 430/433/432 434/437/436
f 435/438/437 434/437/436 447/450/449
f 427/430/429 432/435/434 420/423/422
f 446/449/448 434/437/436 444/447/446
f 446/449/448 444/447/446 449/452/451
f 444/447/446 445/448/447 448/451/450
f 474/477/476 478/481/480 468/471/470
f 477/480/479 474/477/476 476/479/478
f 477/480/479 476/479/478 483/486/485
f 482/485/484 476/479/478 481/484/483
f 482/485/484 481/484/483 490/493/492
f 489/492/491 481/484/483 488/491/490
f 489/492/491 488/491/490 491/494/493
f 488/491/490 413/416/415 416/419/418
f 882/885/884 883/886/885 884/887/886
f 884/887/886 885/888/887 882/885/884
f 883/886/885 886/889/888 887/890/889
f 887/890/889 884/887/886 883/886/885
f 888/891/890 886/889/888 889/892/891
f 889/892/891 890/893/892 888/891/890
f 891/894/893 888/891/890 890/893/892
f 890/893/892 892/895/894 891/894/893
f 893/896/895 891/894/893 892/895/894
f 892/895/894 894/897/896 893/896/895
f 895/898/897 896/899/898 897/900/899
f 897/900/899 898/901/900 895/898/897
f 899/902/901 895/898/897 898/901/900
f 898/901/900 900/903/902 899/902/901
f 882/885/884 899/902/901 900/903/902
f 900/903/902 901/904/903 882/885/884
f 883/886/885 882/885/884 901/904/903
f 901/904/903 902/905/904 883/886/885
f 886/889/888 883/886/885 902/905/904
f 902/905/904 889/892/891 886/889/888
f 890/893/892 889/892/891 903/906/905
f 903/906/905 904/907/906 890/893/892
f 892/895/894 890/893/892 904/907/906
f 904/907/906 905/908/907 892/895/894
f 894/897/896 892/895/894 905/908/907
f 905/908/907 906/909/908 894/897/896
f 898/901/900 897/900/899 907/910/909
f 907/910/909 908/911/910 898/901/900
f 900/903/902 898/901/900 908/911/910
f 908/911/910 909/912/911 900/903/902
f 901/904/903 900/903/902 909/912/911
f 909/912/911 910/913/912 901/904/903
f 902/905/904 901/904/903 910/913/912
f 910/913/912 911/914/913 902/905/904
f 889/892/891 902/905/904 911/914/913
f 911/914/913 903/906/905 889/892/891
f 912/915/914 913/916/915 914/917/916
f 914/917/916 915/918/917 912/915/914
f 916/919/918 912/915/914 915/918/917
f 915/918/917 917/920/919 916/919/918
f 918/921/920 916/919/918 917/920/919
f 917/920/919 919/922/921 918/921/920
f 920/923/922 921/924/923 922/925/924
f 922/925/924 923/926/925 920/923/922
f 924/927/926 920/923/922 923/926/925
f 923/926/925 925/928/927 924/927/926
f 926/929/928 924/927/926 925/928/927
f 925/928/927 927/930/929 926/929/928
f 928/931/930 926/929/928 927/930/929
f 927/930/929 929/932/931 928/931/930
f 913/916/915 928/931/930 929/932/931
f 929/932/931 914/917/916 913/916/915
f 930/933/932 931/934/933 932/935/934
f 932/935/934 933/936/935 930/933/932
f 934/937/936 930/933/932 933/936/935
f 933/936/935 935/938/937 934/937/936
f 936/939/938 934/937/936 935/938/937
f 935/938/937 937/940/939 936/939/938
f 938/941/940 939/942/941 940/943/942
f 940/943/942 941/944/943 938/941/940
f 942/945/944 938/941/940 941/944/943
f 941/944/943 943/946/945 942/945/944
f 944/947/946 942/945/944 943/946/945
f 943/946/945 945/948/947 944/947/946
f 946/949/948 944/947/946 945/948/947
f 945/948/947 947/950/949 946/949/948
f 931/934/933 946/949/948 947/950/949
f 947/950/949 932/935/934 931/934/933
f 933/936/935 932/935/934 948/951/950
f 948/951/950 949/952/951 933/936/935
f 935/938/937 933/936/935 949/952/951
f 949/952/951 950/953/952 935/938/937
f 937/940/939 935/938/937 950/953/952
f 950/953/952 951/954/953 937/940/939
f 941/944/943 940/943/942 952/955/954
f 952/955/954 953/956/955 941/944/943
f 943/946/945 941/944/943 953/956/955
f 953/956/955 954/957/956 943/946/945
f 945/948/947 943/946/945 954/957/956
f 954/957/956 955/958/957 945/948/947
f 947/950/949 945/948/947 955/958/957
f 955/958/957 956/959/958 947/950/949
f 932/935/934 947/950/949 956/959/958
f 956/959/958 948/951/950 932/935/934
f 949/952/951 948/951/950 957/960/959
f 957/960/959 958/961/960 949/952/951
f 950/953/952 949/952/951 958/961/960
f 958/961/960 959/962/961 950/953/952
f 951/954/953 950/953/952 959/962/961
f 959/962/961 960/963/962 951/954/953
f 953/956/955 952/955/954 961/964/963
f 961/964/963 962/965/964 953/956/955
f 954/957/956 953/956/955 962/965/964
f 962/965/964 963/966/965 954/957/956
f 955/958/957 954/957/956 963/966/965
f 963/966/965 964/967/966 955/958/957
f 956/959/958 955/958/957 964/967/966
f 964/967/966 965/968/967 956/959/958
f 948/951/950 956/959/958 965/968/967
f 965/968/967 957/960/959 948/951/950
f 958/961/960 957/960/959 966/969/968
f 966/969/968 967/970/969 958/961/960
f 959/962/961 958/961/960 967/970/969
f 967/970/969 968/971/970 959/962/961
f 960/963/962 959/962/961 968/971/970
f 968/971/970 969/972/971 960/963/962
f 962/965/964 961/964/963 970/973/972
f 970/973/972 971/974/973 962/965/964
f 963/966/965 962/965/964 971/974/973
f 971/974/973 972/975/974 963/966/965
f 964/967/966 963/966/965 972/975/974
f 972/975/974 973/976/975 964/967/966
f 965/968/967 964/967/966 973/976/975
f 973/976/975 974/977/976 965/968/967
f 957/960/959 965/968/967 974/977/976
f 974/977/976 966/969/968 957/960/959
f 975/978/977 976/979/978 977/980/979
f 977/980/979 978/981/980 975/978/977
f 979/982/981 978/981/980 977/980/979
f 977/980/979 980/983/982 979/982/981
f 981/984/983 979/982/981 980/983/982
f 980/983/982 982/985/984 981/984/983
f 983/986/985 984/987/986 985/988/987
f 985/988/987 986/989/988 983/986/985
f 987/990/989 988/991/990 989/992/991
f 989/992/991 990/993/992 987/990/989
f 991/994/993 992/995/994 993/996/995
f 993/996/995 994/997/996 991/994/993
f 995/998/997 994/997/996 993/996/995
f 993/996/995 996/999/998 995/998/997
f 997/1000/999 998/1001/1000 999/1002/1001
f 999/1002/1001 1000/1003/1002 997/1000/999
f 976/979/978 1001/1004/1003 1002/1005/1004
f 1002/1005/1004 977/980/979 976/979/978
f 980/983/982 977/980/979 1002/1005/1004
f 1002/1005/1004 1003/1006/1005 980/983/982
f 982/985/984 980/983/982 1003/1006/1005
f 1003/1006/1005 1004/1007/1006 982/985/984
f 986/989/988 985/988/987 1005/1008/1007
f 1005/1008/1007 1006/1009/1008 986/989/988
f 988/991/990 1007/1010/1009 1008/1011/1010
f 1008/1011/1010 989/992/991 988/991/990
f 992/995/994 1009/1012/1011 1010/1013/1012
f 1010/1013/1012 993/996/995 992/995/994
f 996/999/998 993/996/995 1010/1013/1012
f 1010/1013/1012 1011/1014/1013 996/999/998
f 1000/1003/1002 999/1002/1001 1012/1015/1014
f 1012/1015/1014 1013/1016/1015 1000/1003/1002
f 1001/1004/1003 1014/1017/1016 1015/1018/1017
f 1015/1018/1017 1002/1005/1004 1001/1004/1003
f 1003/1006/1005 1002/1005/1004 1015/1018/1017
f 1015/1018/1017 1016/1019/1018 1003/1006/1005
f 1004/1007/1006 1003/1006/1005 1016/1019/1018
f 1016/1019/1018 1017/1020/1019 1004/1007/1006
f 1006/1009/1008 1005/1008/1007 1018/1021/1020
f 1018/1021/1021 1019/1022/1022 1006/1009/1008
f 1007/1010/1009 1020/1023/1023 1021/1024/1024
f 1021/1024/1024 1008/1011/1010 1007/1010/1009
f 1009/1012/1011 1022/1025/1025 1023/1026/1026
f 1023/1026/1026 1010/1013/1012 1009/1012/1011
f 1011/1014/1013 1010/1013/1012 1023/1026/1026
f 1023/1026/1026 1024/1027/1027 1011/1014/1013
f 1013/1016/1015 1012/1015/1014 1025/1028/1028
f 1025/1028/1029 1026/1029/1030 1013/1016/1015
f 1027/1030/1031 1028/1031/1032 1029/1032/1033
f 1029/1032/1033 1030/1033/1034 1027/1030/1031
f 1031/1034/1035 1030/1033/1034 1029/1032/1033
f 1029/1032/1033 1032/1035/1036 1031/1034/1035
f 1033/1036/1037 1031/1034/1035 1032/1035/1036
f 1032/1035/1036 1034/1037/1038 1033/1036/1037
f 1035/1038/1039 1036/1039/1040 1037/1040/1041
f 1037/1040/1041 1038/1041/1042 1035/1038/1039
f 1039/1042/1043 1040/1043/1044 1041/1044/1045
f 1041/1044/1045 1042/1045/1046 1039/1042/1043
f 1043/1046/1047 1044/1047/1048 1045/1048/1049
f 1045/1048/1049 1046/1049/1050 1043/1046/1047
f 1047/1050/1051 1046/1049/1050 1045/1048/1049
f 1045/1048/1049 1048/1051/1052 1047/1050/1051
f 1049/1052/1053 1050/1053/1054 1051/1054/1055
f 1051/1054/1055 1052/1055/1056 1049/1052/1053
f 1053/1056/1057 1054/1057/1058 1055/1058/1059
f 1055/1058/1059 1056/1059/1060 1053/1056/1057
f 1057/1060/1061 1056/1059/1060 1055/1058/1059
f 1055/1058/1059 1058/1061/1062 1057/1060/1061
f 1059/1062/1063 1057/1060/1061 1058/1061/1062
f 1058/1061/1062 1060/1063/1064 1059/1062/1063
f 1061/1064/1065 1062/1065/1066 1063/1066/1067
f 1063/1066/1067 1064/1067/1068 1061/1064/1065
f 1065/1068/1069 1066/1069/1070 1067/1070/1071
f 1067/1070/1071 1068/1071/1072 1065/1068/1069
f 1069/1072/1073 1070/1073/1074 1071/1074/1075
f 1071/1074/1075 1072/1075/1076 1069/1072/1073
f 1073/1076/1077 1072/1075/1076 1071/1074/1075
f 1071/1074/1075 1074/1077/1078 1073/1076/1077
f 1075/1078/1079 1076/1079/1080 1077/1080/1081
f 1077/1080/1081 1078/1081/1082 1075/1078/1079
f 1054/1057/1058 1079/1082/1083 1080/1083/1084
f 1080/1083/1084 1055/1058/1059 1054/1057/1058
f 1058/1061/1062 1055/1058/1059 1080/1083/1084
f 1080/1083/1084 1081/1084/1085 1058/1061/1062
f 1060/1063/1064 1058/1061/1062 1081/1084/1085
f 1081/1084/1085 1082/1085/1086 1060/1063/1064
f 1064/1067/1068 1063/1066/1067 1083/1086/1087
f 1083/1086/1087 1084/1087/1088 1064/1067/1068
f 1066/1069/1070 1085/1088/1089 1086/1089/1090
f 1086/1089/1090 1067/1070/1071 1066/1069/1070
f 1070/1073/1074 1087/1090/1091 1088/1091/1092
f 1088/1091/1092 1071/1074/1075 1070/1073/1074
f 1074/1077/1078 1071/1074/1075 1088/1091/1092
f 1088/1091/1092 1089/1092/1093 1074/1077/1078
f 1078/1081/1082 1077/1080/1081 1090/1093/1094
f 1090/1093/1094 1091/1094/1095 1078/1081/1082
f 1079/1082/1083 1092/1095/1096 1093/1096/1097
f 1093/1096/1097 1080/1083/1084 1079/1082/1083
f 1081/1084/1085 1080/1083/1084 1093/1096/1097
f 1093/1096/1097 1094/1097/1098 1081/1084/1085
f 1082/1085/1086 1081/1084/1085 1094/1097/1098
f 1094/1097/1098 1095/1098/1099 1082/1085/1086
f 1084/1087/1088 1083/1086/1087 1096/1099/1100
f 1096/1099/1100 1097/1100/1101 1084/1087/1088
f 1085/1088/1089 1098/1101/1102 1099/1102/1103
f 1099/1102/1103 1086/1089/1090 1085/1088/1089
f 1087/1090/1091 1100/1103/1104 1101/1104/1105
f 1101/1104/1105 1088/1091/1092 1087/1090/1091
f 1089/1092/1093 1088/1091/1092 1101/1104/1105
f 1101/1104/1105 1102/1105/1106 1089/1092/1093
f 1091/1094/1095 1090/1093/1094 1103/1106/1107
f 1103/1106/1107 1104/1107/1108 1091/1094/1095
f 1105/1108/1109 1106/1109/1110 1107/1110/1111
f 1107/1110/1111 1108/1111/1112 1105/1108/1109
f 1109/1112/1113 1108/1111/1112 1107/1110/1111
f 1107/1110/1111 1110/1113/1114 1109/1112/1113
f 1111/1114/1115 1109/1112/1113 1110/1113/1114
f 1110/1113/1114 1112/1115/1116 1111/1114/1115
f 1113/1116/1117 1114/1117/1118 1115/1118/1119
f 1115/1118/1119 1116/1119/1120 1113/1116/1117
f 1117/1120/1121 1118/1121/1122 1119/1122/1123
f 1119/1122/1123 1120/1123/1124 1117/1120/1121
f 1121/1124/1125 1122/1125/1126 1123/1126/1127
f 1123/1126/1127 1124/1127/1128 1121/1124/1125
f 1125/1128/1129 1126/1129/1130 1127/1130/1131
f 1127/1130/1131 1128/1131/1132 1125/1128/1129
f 1028/1031/1032 1053/1056/1057 1056/1059/1060
f 1056/1059/1060 1029/1032/1033 1028/1031/1032
f 1032/1035/1036 1029/1032/1033 1056/1059/1060
f 1056/1059/1060 1057/1060/1061 1032/1035/1036
f 1034/1037/1038 1032/1035/1036 1057/1060/1061
f 1057/1060/1061 1059/1062/1063 1034/1037/1038
f 1038/1041/1042 1037/1040/1041 1062/1065/1066
f 1062/1065/1066 1061/1064/1065 1038/1041/1042
f 1040/1043/1044 1065/1068/1069 1068/1071/1072
f 1068/1071/1072 1041/1044/1045 1040/1043/1044
f 1044/1047/1048 1069/1072/1073 1072/1075/1076
f 1072/1075/1076 1045/1048/1049 1044/1047/1048
f 1048/1051/1052 1045/1048/1049 1072/1075/1076
f 1072/1075/1076 1073/1076/1077 1048/1051/1052
f 1052/1055/1056 1051/1054/1055 1076/1079/1080
f 1076/1079/1080 1075/1078/1079 1052/1055/1056
f 1129/1132/1133 1027/1030/1031 1030/1033/1034
f 1030/1033/1034 1130/1133/1134 1129/1132/1133
f 1131/1134/1135 1130/1133/1134 1030/1033/1034
f 1030/1033/1034 1031/1034/1035 1131/1134/1135
f 1132/1135/1136 1131/1134/1135 1031/1034/1035
f 1031/1034/1035 1033/1036/1037 1132/1135/1136
f 1133/1136/1137 1134/1137/1138 1036/1039/1040
f 1036/1039/1040 1035/1038/1039 1133/1136/1137
f 1135/1138/1139 1039/1042/1043 1042/1045/1046
f 1042/1045/1046 1136/1139/1140 1135/1138/1139
f 1137/1140/1141 1043/1046/1047 1046/1049/1050
f 1046/1049/1050 1138/1141/1142 1137/1140/1141
f 1139/1142/1143 1138/1141/1142 1046/1049/1050
f 1046/1049/1050 1047/1050/1051 1139/1142/1143
f 1140/1143/1144 1141/1144/1145 1050/1053/1054
f 1050/1053/1054 1049/1052/1053 1140/1143/1144
f 1092/1095/1096 1105/1108/1109 1108/1111/1112
f 1108/1111/1112 1093/1096/1097 1092/1095/1096
f 1094/1097/1098 1093/1096/1097 1108/1111/1112
f 1108/1111/1112 1109/1112/1113 1094/1097/1098
f 1095/1098/1099 1094/1097/1098 1109/1112/1113
f 1109/1112/1113 1111/1114/1115 1095/1098/1099
f 1097/1100/1101 1096/1099/1100 1114/1117/1118
f 1114/1117/1118 1113/1116/1117 1097/1100/1101
f 1098/1101/1102 1117/1120/1121 1120/1123/1124
f 1120/1123/1124 1099/1102/1103 1098/1101/1102
f 1100/1103/1104 1121/1124/1125 1124/1127/1128
f 1124/1127/1128 1101/1104/1105 1100/1103/1104
f 1104/1107/1108 1103/1106/1107 1126/1129/1130
f 1126/1129/1130 1125/1128/1129 1104/1107/1108
f 1142/1145/1146 1143/1146/1147 1144/1147/1148
f 1144/1147/1148 1145/1148/1149 1142/1145/1146
f 1146/1149/1150 1145/1148/1149 1144/1147/1148
f 1144/1147/1148 1147/1150/1151 1146/1149/1150
f 1148/1151/1152 1149/1152/1153 1150/1153/1154
f 1150/1153/1154 1151/1154/1155 1148/1151/1152
f 1152/1155/1156 1151/1154/1155 1150/1153/1154
f 1150/1153/1154 1153/1156/1157 1152/1155/1156
f 1154/1157/1158 1155/1158/1159 1156/1159/1160
f 1156/1159/1160 1157/1160/1161 1154/1157/1158
f 1143/1146/1147 1158/1161/1162 1159/1162/1163
f 1159/1162/1163 1144/1147/1148 1143/1146/1147
f 1147/1150/1151 1144/1147/1148 1159/1162/1163
f 1159/1162/1163 1160/1163/1164 1147/1150/1151
f 1149/1152/1153 1161/1164/1165 1162/1165/1166
f 1162/1165/1166 1150/1153/1154 1149/1152/1153
f 1153/1156/1157 1150/1153/1154 1162/1165/1166
f 1162/1165/1166 1163/1166/1167 1153/1156/1157
f 1157/1160/1161 1156/1159/1160 1164/1167/1168
f 1164/1167/1168 1165/1168/1169 1157/1160/1161
f 1158/1161/1162 1166/1169/1170 1167/1170/1171
f 1167/1170/1171 1159/1162/1163 1158/1161/1162
f 1160/1163/1164 1159/1162/1163 1167/1170/1171
f 1167/1170/1171 1168/1171/1172 1160/1163/1164
f 1161/1164/1165 1169/1172/1173 1170/1173/1174
f 1170/1173/1174 1162/1165/1166 1161/1164/1165
f 1163/1166/1167 1162/1165/1166 1170/1173/1174
f 1170/1173/1174 1171/1174/1175 1163/1166/1167
f 1165/1168/1169 1164/1167/1168 1172/1175/1176
f 1172/1175/1176 1173/1176/1177 1165/1168/1169
f 1166/1169/1170 1174/1177/1178 1175/1178/1179
f 1175/1178/1179 1167/1170/1171 1166/1169/1170
f 1168/1171/1172 1167/1170/1171 1175/1178/1179
f 1175/1178/1179 1176/1179/1180 1168/1171/1172
f 1169/1172/1173 1177/1180/1181 1178/1181/1182
f 1178/1181/1182 1170/1173/1174 1169/1172/1173
f 1171/1174/1175 1170/1173/1174 1178/1181/1182
f 1178/1181/1182 1179/1182/1183 1171/1174/1175
f 1173/1176/1177 1172/1175/1176 1180/1183/1184
f 1180/1183/1184 1181/1184/1185 1173/1176/1177
f 1174/1177/1178 1182/1185/1186 1183/1186/1187
f 1183/1186/1187 1175/1178/1179 1174/1177/1178
f 1176/1179/1180 1175/1178/1179 1183/1186/1187
f 1183/1186/1187 1184/1187/1188 1185/1188/1189
f 1183/1186/1187 1185/1188/1189 1176/1179/1180
f 1177/1180/1181 1186/1189/1190 1187/1190/1191
f 1187/1190/1191 1178/1181/1182 1177/1180/1181
f 1179/1182/1183 1178/1181/1182 1187/1190/1191
f 1187/1190/1191 1188/1191/1192 1179/1182/1183
f 1181/1184/1185 1180/1183/1184 1189/1192/1193
f 1189/1192/1193 1190/1193/1194 1181/1184/1185
f 1182/1185/1186 1191/1194/1195 1192/1195/1196
f 1192/1195/1196 1183/1186/1187 1182/1185/1186
f 1184/1187/1188 1183/1186/1187 1192/1195/1196
f 1192/1195/1196 1193/1196/1197 1184/1187/1188
f 1186/1189/1190 1194/1197/1198 1195/1198/1199
f 1195/1198/1199 1187/1190/1191 1186/1189/1190
f 1188/1191/1192 1187/1190/1191 1195/1198/1199
f 1195/1198/1199 1196/1199/1200 1188/1191/1192
f 1190/1193/1194 1189/1192/1193 1197/1200/1201
f 1197/1200/1202 1198/1201/1203 1190/1193/1194
f 1191/1194/1195 1199/1202/1204 1200/1203/1205
f 1200/1203/1205 1192/1195/1196 1191/1194/1195
f 1193/1196/1197 1192/1195/1196 1200/1203/1205
f 1200/1203/1205 1201/1204/1206 1193/1196/1197
f 1194/1197/1198 1202/1205/1207 1203/1206/1208
f 1203/1206/1208 1195/1198/1199 1194/1197/1198
f 1204/1207/1209 1205/1208/1210 1206/1209/1211
f 1206/1209/1211 1207/1210/1212 1204/1207/1209
f 1208/1211/1213 1209/1212/1214 1210/1213/1215
f 1210/1213/1215 1211/1214/1216 1208/1211/1213
f 1212/1215/1217 1213/1216/1218 1214/1217/1219
f 1214/1217/1219 1215/1218/1220 1212/1215/1217
f 1216/1219/1221 1215/1218/1220 1214/1217/1219
f 1214/1217/1219 1217/1220/1222 1216/1219/1221
f 1218/1221/1223 1219/1222/1224 1220/1223/1225
f 1220/1223/1225 1221/1224/1226 1218/1221/1223
f 1213/1216/1218 1222/1225/1227 1223/1226/1228
f 1223/1226/1228 1214/1217/1219 1213/1216/1218
f 1217/1220/1222 1214/1217/1219 1223/1226/1228
f 1223/1226/1228 1224/1227/1229 1217/1220/1222
f 1219/1222/1224 1225/1228/1230 1226/1229/1231
f 1226/1229/1231 1220/1223/1225 1219/1222/1224
f 1227/1230/1232 1220/1223/1225 1226/1229/1231
f 1226/1229/1231 1228/1231/1233 1227/1230/1232
f 1229/1232/1234 1230/1233/1235 1231/1234/1236
f 1231/1234/1236 1232/1235/1237 1229/1232/1234
f 1222/1225/1227 1233/1236/1238 1234/1237/1239
f 1234/1237/1239 1223/1226/1228 1222/1225/1227
f 1224/1227/1229 1223/1226/1228 1234/1237/1239
f 1234/1237/1239 1235/1238/1240 1224/1227/1229
f 1225/1228/1230 1236/1239/1241 1237/1240/1242
f 1237/1240/1242 1226/1229/1231 1225/1228/1230
f 1228/1231/1233 1226/1229/1231 1237/1240/1242
f 1237/1240/1242 1238/1241/1243 1228/1231/1233
f 1232/1235/1237 1231/1234/1236 1239/1242/1244
f 1239/1242/1245 1240/1243/1246 1232/1235/1237
f 1241/1244/1247 1242/1245/1248 1243/1246/1249
f 1243/1246/1249 1244/1247/1250 1241/1244/1247
f 1245/1248/1251 1244/1247/1250 1243/1246/1249
f 1243/1246/1252 1246/1249/1253 1245/1248/1254
f 1247/1250/1255 1248/1251/1256 1249/1252/1257
f 1249/1252/1257 1250/1253/1258 1247/1250/1255
f 1251/1254/1259 1252/1255/1260 1253/1256/1261
f 1253/1256/1261 1254/1257/1262 1251/1254/1259
f 1255/1258/1263 1256/1259/1264 1257/1260/1265
f 1257/1260/1265 1258/1261/1266 1255/1258/1263
f 1259/1262/1267 1218/1221/1223 1221/1224/1226
f 1221/1224/1226 1206/1209/1211 1259/1262/1267
f 1260/1263/1268 1212/1215/1217 1215/1218/1220
f 1215/1218/1220 1261/1264/1269 1260/1263/1268
f 1262/1265/1270 1261/1264/1269 1215/1218/1220
f 1215/1218/1220 1216/1219/1221 1262/1265/1270
f 1263/1266/1271 1264/1267/1272 1230/1233/1235
f 1230/1233/1235 1229/1232/1234 1263/1266/1271
f 1265/1268/1273 1266/1269/1274 1220/1223/1225
f 1220/1223/1225 1227/1230/1232 1265/1268/1273
f 1266/1269/1274 1267/1270/1275 1221/1224/1226
f 1221/1224/1226 1220/1223/1225 1266/1269/1274
f 1267/1270/1275 1268/1271/1276 1206/1209/1211
f 1206/1209/1211 1221/1224/1226 1267/1270/1275
f 1268/1271/1276 1269/1272/1277 1207/1210/1212
f 1207/1210/1212 1206/1209/1211 1268/1271/1276
f 1270/1273/1278 1271/1274/1279 1211/1214/1216
f 1211/1214/1216 1210/1213/1215 1270/1273/1278
f 1271/1274/1279 1272/1275/1280 1273/1276/1281
f 1273/1276/1281 1211/1214/1216 1271/1274/1279
f 1272/1275/1280 1263/1266/1271 1229/1232/1234
f 1229/1232/1234 1273/1276/1281 1272/1275/1280
f 915/918/917 914/917/916 931/934/933
f 931/934/933 930/933/932 915/918/917
f 917/920/919 915/918/917 930/933/932
f 930/933/932 934/937/936 917/920/919
f 919/922/921 917/920/919 934/937/936
f 934/937/936 936/939/938 919/922/921
f 923/926/925 922/925/924 939/942/941
f 939/942/941 938/941/940 923/926/925
f 925/928/927 923/926/925 938/941/940
f 938/941/940 942/945/944 925/928/927
f 927/930/929 925/928/927 942/945/944
f 942/945/944 944/947/946 927/930/929
f 929/932/931 927/930/929 944/947/946
f 944/947/946 946/949/948 929/932/931
f 914/917/916 929/932/931 946/949/948
f 946/949/948 931/934/933 914/917/916
f 904/907/906 903/906/905 913/916/915
f 913/916/915 912/915/914 904/907/906
f 905/908/907 904/907/906 912/915/914
f 912/915/914 916/919/918 905/908/907
f 906/909/908 905/908/907 916/919/918
f 916/919/918 918/921/920 906/909/908
f 908/911/910 907/910/909 921/924/923
f 921/924/923 920/923/922 908/911/910
f 909/912/911 908/911/910 920/923/922
f 920/923/922 924/927/926 909/912/911
f 910/913/912 909/912/911 924/927/926
f 924/927/926 926/929/928 910/913/912
f 911/914/913 910/913/912 926/929/928
f 926/929/928 928/931/930 911/914/913
f 903/906/905 911/914/913 928/931/930
f 928/931/930 913/916/915 903/906/905
f 1274/1277/1282 1254/1257/1262 1253/1256/1261
f 1253/1256/1261 1275/1278/1283 1274/1277/1282
f 1276/1279/1284 1124/1127/1128 1123/1126/1127
f 1123/1126/1127 1277/1280/1285 1276/1279/1284
f 1276/1279/1284 1102/1105/1106 1101/1104/1105
f 1101/1104/1105 1124/1127/1128 1276/1279/1284
f 1278/1281/1286 1279/1282/1287 1280/1283/1288
f 1280/1283/1288 1281/1284/1289 1278/1281/1286
f 1282/1285/1290 1283/1286/1291 1284/1287/1292
f 1284/1287/1292 1285/1288/1293 1282/1285/1290
f 1282/1285/1290 1286/1289/1294 1287/1290/1295
f 1287/1290/1295 1283/1286/1291 1282/1285/1290
f 1288/1291/1296 1289/1292/1297 1290/1293/1298
f 1290/1293/1298 1291/1294/1299 1288/1291/1296
f 1292/1295/1300 1293/1296/1301 1294/1297/1302
f 1294/1297/1302 1295/1298/1303 1292/1295/1300
f 1296/1299/1304 1297/1300/1305 1298/1301/1306
f 1298/1301/1306 1299/1302/1307 1296/1299/1304
f 1300/1303/1308 1301/1304/1309 1302/1305/1310
f 1302/1305/1310 1303/1306/1311 1300/1303/1308
f 1280/1283/1288 1279/1282/1287 1304/1307/1312
f 1304/1307/1312 1305/1308/1313 1280/1283/1288
f 1284/1287/1292 1283/1286/1291 1306/1309/1314
f 1306/1309/1314 1307/1310/1315 1284/1287/1292
f 1283/1286/1291 1287/1290/1295 1308/1311/1316
f 1308/1311/1316 1306/1309/1314 1283/1286/1291
f 1309/1312/1317 1310/1313/1318 1294/1297/1302
f 1294/1297/1302 1293/1296/1301 1309/1312/1317
f 1299/1302/1307 1298/1301/1306 1311/1314/1319
f 1311/1314/1319 1312/1315/1320 1299/1302/1307
f 1303/1306/1311 1302/1305/1310 1313/1316/1321
f 1313/1316/1321 1314/1317/1322 1303/1306/1311
f 1290/1293/1298 1289/1292/1297 1315/1318/1323
f 1315/1318/1323 1316/1319/1324 1290/1293/1298
f 998/1001/1000 997/1000/999 1317/1320/1325
f 1317/1320/1325 1318/1321/1326 998/1001/1000
f 994/997/996 995/998/997 1319/1322/1327
f 1319/1322/1327 1320/1323/1328 994/997/996
f 991/994/993 994/997/996 1320/1323/1328
f 1320/1323/1328 1321/1324/1329 991/994/993
f 987/990/989 990/993/992 1322/1325/1330
f 1322/1325/1330 1323/1326/1331 987/990/989
f 984/987/986 983/986/985 1324/1327/1332
f 1324/1327/1332 1325/1328/1333 984/987/986
f 979/982/981 981/984/983 1326/1329/1334
f 1326/1329/1334 1327/1330/1335 979/982/981
f 978/981/980 979/982/981 1327/1330/1335
f 1327/1330/1335 1328/1331/1336 978/981/980
f 975/978/977 978/981/980 1328/1331/1336
f 1328/1331/1336 1329/1332/1337 975/978/977
f 1286/1289/1294 1330/1333/1338 1331/1334/1339
f 1331/1334/1339 1332/1335/1340 1286/1289/1294
f 1286/1289/1294 1332/1335/1340 1333/1336/1341
f 1333/1336/1341 1287/1290/1295 1286/1289/1294
f 1334/1337/1342 1335/1338/1343 1336/1339/1344
f 1336/1339/1344 1337/1340/1345 1334/1337/1342
f 1338/1341/1346 1339/1342/1347 1340/1343/1348
f 1340/1343/1348 1341/1344/1349 1338/1341/1346
f 1339/1342/1347 1291/1294/1299 1342/1345/1350
f 1342/1345/1350 1340/1343/1348 1339/1342/1347
f 1343/1346/1351 1342/1345/1350 1291/1294/1299
f 1291/1294/1299 1290/1293/1298 1343/1346/1351
f 1308/1311/1316 1287/1290/1295 1333/1336/1341
f 1333/1336/1341 1344/1347/1352 1308/1311/1316
f 1290/1293/1298 1316/1319/1324 1345/1348/1353
f 1345/1348/1353 1343/1346/1351 1290/1293/1298
f 1332/1335/1340 1331/1334/1339 1346/1349/1354
f 1346/1349/1354 1295/1298/1303 1332/1335/1340
f 1337/1340/1345 1336/1339/1344 1347/1350/1355
f 1347/1350/1355 1348/1351/1356 1337/1340/1345
f 1341/1344/1349 1340/1343/1348 1349/1352/1357
f 1349/1352/1357 1350/1353/1358 1341/1344/1349
f 1340/1343/1348 1342/1345/1350 1351/1354/1359
f 1351/1354/1359 1349/1352/1357 1340/1343/1348
f 1333/1336/1341 1332/1335/1340 1295/1298/1303
f 1295/1298/1303 1294/1297/1302 1333/1336/1341
f 1342/1345/1350 1343/1346/1351 1352/1355/1360
f 1352/1355/1360 1351/1354/1359 1342/1345/1350
f 1344/1347/1352 1333/1336/1341 1294/1297/1302
f 1294/1297/1302 1310/1313/1318 1344/1347/1352
f 1343/1346/1351 1345/1348/1353 1353/1356/1361
f 1353/1356/1361 1352/1355/1360 1343/1346/1351
f 1354/1357/1362 1292/1295/1300 1295/1298/1303
f 1295/1298/1303 1346/1349/1354 1354/1357/1362
f 1350/1353/1358 1349/1352/1357 1300/1303/1308
f 1300/1303/1308 1355/1358/1363 1350/1353/1358
f 1351/1354/1359 1301/1304/1309 1300/1303/1308
f 1300/1303/1308 1349/1352/1357 1351/1354/1359
f 1351/1354/1359 1352/1355/1360 1302/1305/1310
f 1302/1305/1310 1301/1304/1309 1351/1354/1359
f 1353/1356/1361 1313/1316/1321 1302/1305/1310
f 1302/1305/1310 1352/1355/1360 1353/1356/1361
f 1356/1359/1364 1357/1360/1365 1358/1361/1366
f 1358/1361/1366 1359/1362/1367 1356/1359/1364
f 1360/1363/1368 1356/1359/1364 1359/1362/1367
f 1359/1362/1367 1361/1364/1369 1360/1363/1368
f 1362/1365/1370 1360/1363/1368 1361/1364/1369
f 1361/1364/1369 1363/1366/1371 1362/1365/1370
f 1364/1367/1372 1362/1365/1370 1363/1366/1371
f 1363/1366/1371 1365/1368/1373 1364/1367/1372
f 1366/1369/1374 1364/1367/1372 1365/1368/1373
f 1367/1370/1375 1368/1371/1376 1369/1372/1377
f 1369/1372/1377 1370/1373/1378 1367/1370/1375
f 1371/1374/1379 1366/1369/1374 1365/1368/1373
f 1365/1368/1373 1372/1375/1380 1371/1374/1379
f 1365/1368/1373 1363/1366/1371 1373/1376/1381
f 1373/1376/1381 1372/1375/1380 1365/1368/1373
f 1363/1366/1371 1361/1364/1369 1374/1377/1382
f 1374/1377/1382 1373/1376/1381 1363/1366/1371
f 1361/1364/1369 1359/1362/1367 1375/1378/1383
f 1375/1378/1383 1374/1377/1382 1361/1364/1369
f 1359/1362/1367 1358/1361/1366 1376/1379/1384
f 1376/1379/1384 1375/1378/1383 1359/1362/1367
f 1369/1372/1377 1368/1371/1376 1377/1380/1385
f 1377/1380/1385 1378/1381/1386 1369/1372/1377
f 1348/1351/1356 1347/1350/1355 1297/1300/1305
f 1297/1300/1305 1296/1299/1304 1348/1351/1356
f 1300/1303/1308 1303/1306/1311 1379/1382/1387
f 1379/1382/1387 1355/1358/1363 1300/1303/1308
f 1303/1306/1311 1314/1317/1322 1380/1383/1388
f 1380/1383/1388 1379/1382/1387 1303/1306/1311
f 1354/1357/1362 1381/1384/1389 1293/1296/1301
f 1293/1296/1301 1292/1295/1300 1354/1357/1362
f 1381/1384/1389 1382/1385/1390 1309/1312/1317
f 1309/1312/1317 1293/1296/1301 1381/1384/1389
f 1370/1373/1378 1369/1372/1377 1358/1361/1366
f 1358/1361/1366 1357/1360/1365 1370/1373/1378
f 1369/1372/1377 1378/1381/1386 1376/1379/1384
f 1376/1379/1384 1358/1361/1366 1369/1372/1377
f 1383/1386/1391 1384/1387/1392 1385/1388/1393
f 1385/1388/1393 1386/1389/1394 1383/1386/1391
f 1384/1387/1392 1387/1390/1395 1388/1391/1396
f 1388/1391/1396 1385/1388/1393 1384/1387/1392
f 1387/1390/1395 1389/1392/1397 1390/1393/1398
f 1390/1393/1398 1388/1391/1396 1387/1390/1395
f 1389/1392/1397 1391/1394/1399 1392/1395/1400
f 1392/1395/1400 1390/1393/1398 1389/1392/1397
f 1391/1394/1399 1393/1396/1401 1394/1397/1402
f 1394/1397/1402 1392/1395/1400 1391/1394/1399
f 1393/1396/1401 1395/1398/1403 1396/1399/1404
f 1396/1399/1404 1394/1397/1402 1393/1396/1401
f 1395/1398/1403 1397/1400/1405 1398/1401/1406
f 1398/1401/1406 1396/1399/1404 1395/1398/1403
f 1399/1402/1407 1400/1403/1408 1401/1404/1409
f 1401/1404/1409 1402/1405/1410 1399/1402/1407
f 1400/1403/1408 1403/1406/1411 1404/1407/1412
f 1404/1407/1412 1401/1404/1409 1400/1403/1408
f 1403/1406/1411 1405/1408/1413 1406/1409/1414
f 1406/1409/1414 1404/1407/1412 1403/1406/1411
f 1407/1410/1415 1399/1402/1407 1402/1405/1410
f 1402/1405/1410 1408/1411/1416 1407/1410/1415
f 1118/1121/1122 1247/1250/1255 1250/1253/1258
f 1250/1253/1258 1119/1122/1123 1118/1121/1122
f 1122/1125/1126 1251/1254/1259 1254/1257/1262
f 1254/1257/1262 1123/1126/1127 1122/1125/1126
f 1277/1280/1285 1123/1126/1127 1254/1257/1262
f 1254/1257/1262 1274/1277/1282 1277/1280/1285
f 1128/1131/1132 1127/1130/1131 1256/1259/1264
f 1256/1259/1264 1255/1258/1263 1128/1131/1132
f 1106/1109/1110 1241/1244/1247 1244/1247/1250
f 1244/1247/1250 1107/1110/1111 1106/1109/1110
f 1110/1113/1114 1107/1110/1111 1244/1247/1250
f 1110/1113/1114 1244/1247/1250 1245/1248/1251
f 1245/1248/1417 1409/1412/1418 1110/1113/1114
f 1118/1121/1122 1116/1119/1120 1410/1413/1419
f 1118/1121/1122 1410/1413/1419 1411/1414/1420
f 1411/1414/1420 1247/1250/1255 1118/1121/1122
f 1117/1120/1121 1113/1116/1117 1116/1119/1120
f 1116/1119/1120 1118/1121/1122 1117/1120/1121
f 1098/1101/1102 1097/1100/1101 1113/1116/1117
f 1113/1116/1117 1117/1120/1121 1098/1101/1102
f 1085/1088/1089 1084/1087/1088 1097/1100/1101
f 1097/1100/1101 1098/1101/1102 1085/1088/1089
f 1066/1069/1070 1064/1067/1068 1084/1087/1088
f 1084/1087/1088 1085/1088/1089 1066/1069/1070
f 1065/1068/1069 1061/1064/1065 1064/1067/1068
f 1064/1067/1068 1066/1069/1070 1065/1068/1069
f 1040/1043/1044 1038/1041/1042 1061/1064/1065
f 1061/1064/1065 1065/1068/1069 1040/1043/1044
f 1039/1042/1043 1035/1038/1039 1038/1041/1042
f 1038/1041/1042 1040/1043/1044 1039/1042/1043
f 1135/1138/1139 1133/1136/1137 1035/1038/1039
f 1035/1038/1039 1039/1042/1043 1135/1138/1139
f 1007/1010/1009 1006/1009/1008 1019/1022/1022
f 1019/1022/1022 1020/1023/1023 1007/1010/1009
f 988/991/990 986/989/988 1006/1009/1008
f 1006/1009/1008 1007/1010/1009 988/991/990
f 987/990/989 983/986/985 986/989/988
f 986/989/988 988/991/990 987/990/989
f 987/990/989 1323/1326/1331 1324/1327/1332
f 1324/1327/1332 983/986/985 987/990/989
f 1334/1337/1342 1337/1340/1345 1331/1334/1339
f 1331/1334/1339 1330/1333/1338 1334/1337/1342
f 1337/1340/1345 1348/1351/1356 1346/1349/1354
f 1346/1349/1354 1331/1334/1339 1337/1340/1345
f 1348/1351/1356 1296/1299/1304 1354/1357/1362
f 1354/1357/1362 1346/1349/1354 1348/1351/1356
f 1296/1299/1304 1299/1302/1307 1381/1384/1389
f 1381/1384/1389 1354/1357/1362 1296/1299/1304
f 1299/1302/1307 1312/1315/1320 1382/1385/1390
f 1382/1385/1390 1381/1384/1389 1299/1302/1307
f 1225/1228/1230 1404/1407/1412 1406/1409/1414
f 1406/1409/1414 1236/1239/1241 1225/1228/1230
f 1219/1222/1224 1401/1404/1409 1404/1407/1412
f 1404/1407/1412 1225/1228/1230 1219/1222/1224
f 1218/1221/1223 1402/1405/1410 1401/1404/1409
f 1401/1404/1409 1219/1222/1224 1218/1221/1223
f 1259/1262/1267 1408/1411/1416 1402/1405/1410
f 1402/1405/1410 1218/1221/1223 1259/1262/1267
f 1194/1197/1198 1396/1399/1404 1398/1401/1406
f 1398/1401/1406 1202/1205/1207 1194/1197/1198
f 1186/1189/1190 1394/1397/1402 1396/1399/1404
f 1396/1399/1404 1194/1197/1198 1186/1189/1190
f 1177/1180/1181 1392/1395/1400 1394/1397/1402
f 1394/1397/1402 1186/1189/1190 1177/1180/1181
f 1169/1172/1173 1390/1393/1398 1392/1395/1400
f 1392/1395/1400 1177/1180/1181 1169/1172/1173
f 1161/1164/1165 1388/1391/1396 1390/1393/1398
f 1390/1393/1398 1169/1172/1173 1161/1164/1165
f 1149/1152/1153 1385/1388/1393 1388/1391/1396
f 1388/1391/1396 1161/1164/1165 1149/1152/1153
f 1148/1151/1152 1386/1389/1394 1385/1388/1393
f 1385/1388/1393 1149/1152/1153 1148/1151/1152
f 1251/1254/1259 1250/1253/1258 1249/1252/1257
f 1249/1252/1257 1252/1255/1260 1251/1254/1259
f 1122/1125/1126 1119/1122/1123 1250/1253/1258
f 1250/1253/1258 1251/1254/1259 1122/1125/1126
f 1121/1124/1125 1120/1123/1124 1119/1122/1123
f 1119/1122/1123 1122/1125/1126 1121/1124/1125
f 1100/1103/1104 1099/1102/1103 1120/1123/1124
f 1120/1123/1124 1121/1124/1125 1100/1103/1104
f 1087/1090/1091 1086/1089/1090 1099/1102/1103
f 1099/1102/1103 1100/1103/1104 1087/1090/1091
f 1070/1073/1074 1067/1070/1071 1086/1089/1090
f 1086/1089/1090 1087/1090/1091 1070/1073/1074
f 1069/1072/1073 1068/1071/1072 1067/1070/1071
f 1067/1070/1071 1070/1073/1074 1069/1072/1073
f 1044/1047/1048 1041/1044/1045 1068/1071/1072
f 1068/1071/1072 1069/1072/1073 1044/1047/1048
f 1043/1046/1047 1042/1045/1046 1041/1044/1045
f 1041/1044/1045 1044/1047/1048 1043/1046/1047
f 1137/1140/1141 1136/1139/1140 1042/1045/1046
f 1042/1045/1046 1043/1046/1047 1137/1140/1141
f 1009/1012/1011 1008/1011/1010 1021/1024/1024
f 1021/1024/1024 1022/1025/1025 1009/1012/1011
f 992/995/994 989/992/991 1008/1011/1010
f 1008/1011/1010 1009/1012/1011 992/995/994
f 991/994/993 990/993/992 989/992/991
f 989/992/991 992/995/994 991/994/993
f 991/994/993 1321/1324/1329 1322/1325/1330
f 1322/1325/1330 990/993/992 991/994/993
f 1338/1341/1346 1341/1344/1349 1336/1339/1344
f 1336/1339/1344 1335/1338/1343 1338/1341/1346
f 1341/1344/1349 1350/1353/1358 1347/1350/1355
f 1347/1350/1355 1336/1339/1344 1341/1344/1349
f 1350/1353/1358 1355/1358/1363 1297/1300/1305
f 1297/1300/1305 1347/1350/1355 1350/1353/1358
f 1355/1358/1363 1379/1382/1387 1298/1301/1306
f 1298/1301/1306 1297/1300/1305 1355/1358/1363
f 1379/1382/1387 1380/1383/1388 1311/1314/1319
f 1311/1314/1319 1298/1301/1306 1379/1382/1387
f 1222/1225/1227 1232/1235/1237 1240/1243/1246
f 1240/1243/1246 1233/1236/1238 1222/1225/1227
f 1213/1216/1218 1229/1232/1234 1232/1235/1237
f 1232/1235/1237 1222/1225/1227 1213/1216/1218
f 1212/1215/1217 1273/1276/1281 1229/1232/1234
f 1229/1232/1234 1213/1216/1218 1212/1215/1217
f 1260/1263/1268 1211/1214/1216 1273/1276/1281
f 1273/1276/1281 1212/1215/1217 1260/1263/1268
f 1182/1185/1186 1190/1193/1194 1198/1201/1203
f 1198/1201/1203 1191/1194/1195 1182/1185/1186
f 1174/1177/1178 1181/1184/1185 1190/1193/1194
f 1190/1193/1194 1182/1185/1186 1174/1177/1178
f 1166/1169/1170 1173/1176/1177 1181/1184/1185
f 1181/1184/1185 1174/1177/1178 1166/1169/1170
f 1158/1161/1162 1165/1168/1169 1173/1176/1177
f 1173/1176/1177 1166/1169/1170 1158/1161/1162
f 1143/1146/1147 1157/1160/1161 1165/1168/1169
f 1165/1168/1169 1158/1161/1162 1143/1146/1147
f 1142/1145/1146 1154/1157/1158 1157/1160/1161
f 1157/1160/1161 1143/1146/1147 1142/1145/1146
f 1241/1244/1247 1255/1258/1263 1258/1261/1266
f 1258/1261/1266 1242/1245/1248 1241/1244/1247
f 1106/1109/1110 1128/1131/1132 1255/1258/1263
f 1255/1258/1263 1241/1244/1247 1106/1109/1110
f 1105/1108/1109 1125/1128/1129 1128/1131/1132
f 1128/1131/1132 1106/1109/1110 1105/1108/1109
f 1092/1095/1096 1104/1107/1108 1125/1128/1129
f 1125/1128/1129 1105/1108/1109 1092/1095/1096
f 1079/1082/1083 1091/1094/1095 1104/1107/1108
f 1104/1107/1108 1092/1095/1096 1079/1082/1083
f 1054/1057/1058 1078/1081/1082 1091/1094/1095
f 1091/1094/1095 1079/1082/1083 1054/1057/1058
f 1053/1056/1057 1075/1078/1079 1078/1081/1082
f 1078/1081/1082 1054/1057/1058 1053/1056/1057
f 1028/1031/1032 1052/1055/1056 1075/1078/1079
f 1075/1078/1079 1053/1056/1057 1028/1031/1032
f 1027/1030/1031 1049/1052/1053 1052/1055/1056
f 1052/1055/1056 1028/1031/1032 1027/1030/1031
f 1129/1132/1133 1140/1143/1144 1049/1052/1053
f 1049/1052/1053 1027/1030/1031 1129/1132/1133
f 1001/1004/1003 1013/1016/1015 1026/1029/1030
f 1026/1029/1030 1014/1017/1016 1001/1004/1003
f 976/979/978 1000/1003/1002 1013/1016/1015
f 1013/1016/1015 1001/1004/1003 976/979/978
f 975/978/977 997/1000/999 1000/1003/1002
f 1000/1003/1002 976/979/978 975/978/977
f 975/978/977 1329/1332/1337 1317/1320/1325
f 1317/1320/1325 997/1000/999 975/978/977
f 1281/1284/1289 1280/1283/1288 1289/1292/1297
f 1289/1292/1297 1288/1291/1296 1281/1284/1289
f 1280/1283/1288 1305/1308/1313 1315/1318/1323
f 1315/1318/1323 1289/1292/1297 1280/1283/1288
f 1412/1415/1421 359/362/359 1413/1416/1422
f 1413/1416/1422 1414/1417/1423 1412/1415/1421
f 370/373/370 386/389/388 1415/1418/1424
f 1415/1418/1424 1416/1419/1425 370/373/370
f 371/374/371 370/373/370 1416/1419/1425
f 1416/1419/1425 1417/1420/1426 371/374/371
f 372/375/372 371/374/371 1417/1420/1426
f 1417/1420/1426 1418/1421/1427 372/375/372
f 355/358/355 372/375/372 1418/1421/1427
f 1418/1421/1427 1419/1422/1428 355/358/355
f 354/357/354 355/358/355 1419/1422/1428
f 1419/1422/1428 1420/1423/1429 354/357/354
f 358/361/358 354/357/354 1420/1423/1429
f 1420/1423/1429 1421/1424/1430 358/361/358
f 359/362/359 358/361/358 1421/1424/1430
f 1421/1424/1430 1413/1416/1422 359/362/359
f 1414/1417/1423 1413/1416/1422 1422/1425/1431
f 1422/1425/1431 1423/1426/1432 1414/1417/1423
f 1413/1416/1422 1421/1424/1430 1424/1427/1433
f 1424/1427/1433 1422/1425/1431 1413/1416/1422
f 1421/1424/1430 1420/1423/1429 1425/1428/1434
f 1425/1428/1434 1424/1427/1433 1421/1424/1430
f 1420/1423/1429 1419/1422/1428 1426/1429/1435
f 1426/1429/1435 1425/1428/1434 1420/1423/1429
f 1419/1422/1428 1418/1421/1427 1427/1430/1436
f 1427/1430/1436 1426/1429/1435 1419/1422/1428
f 1418/1421/1427 1417/1420/1426 1428/1431/1437
f 1428/1431/1437 1427/1430/1436 1418/1421/1427
f 1417/1420/1426 1416/1419/1425 1429/1432/1438
f 1429/1432/1438 1428/1431/1437 1417/1420/1426
f 1416/1419/1425 1415/1418/1424 1430/1433/1439
f 1430/1433/1439 1429/1432/1438 1416/1419/1425
f 252/255/251 263/266/262 262/265/261
f 262/265/261 215/218/211 252/255/251
f 252/255/251 223/226/219 264/267/263
f 264/267/263 263/266/262 252/255/251
f 265/268/264 264/267/263 223/226/219
f 223/226/219 222/225/218 265/268/264
f 262/265/261 221/224/217 214/217/210
f 214/217/210 215/218/211 262/265/261
f 261/264/260 353/356/353 221/224/217
f 221/224/217 262/265/261 261/264/260
f 261/264/260 266/269/265 373/376/373
f 373/376/373 353/356/353 261/264/260
f 968/971/970 967/970/969 1431/1434/1440
f 1431/1434/1440 1432/1435/1441 968/971/970
f 969/972/971 968/971/970 1432/1435/1441
f 1432/1435/1441 1433/1436/1442 969/972/971
f 971/974/973 970/973/972 1434/1437/1443
f 1434/1437/1443 1435/1438/1444 971/974/973
f 972/975/974 971/974/973 1435/1438/1444
f 1435/1438/1444 1436/1439/1445 972/975/974
f 973/976/975 972/975/974 1436/1439/1445
f 1436/1439/1445 1437/1440/1446 973/976/975
f 974/977/976 973/976/975 1437/1440/1446
f 1437/1440/1446 1438/1441/1447 974/977/976
f 966/969/968 974/977/976 1438/1441/1447
f 1438/1441/1447 1439/1442/1448 966/969/968
f 967/970/969 966/969/968 1439/1442/1448
f 1439/1442/1448 1431/1434/1440 967/970/969
f 1440/1443/1449 1441/1444/1450 1129/1132/1133
f 1129/1132/1133 1130/1133/1134 1440/1443/1449
f 1442/1445/1451 1440/1443/1449 1130/1133/1134
f 1130/1133/1134 1131/1134/1135 1442/1445/1451
f 1443/1446/1452 1442/1445/1451 1131/1134/1135
f 1131/1134/1135 1132/1135/1136 1443/1446/1452
f 1444/1447/1453 1445/1448/1454 1134/1137/1138
f 1134/1137/1138 1133/1136/1137 1444/1447/1453
f 1446/1449/1455 1447/1450/1456 1135/1138/1139
f 1135/1138/1139 1136/1139/1140 1446/1449/1455
f 1448/1451/1457 1449/1452/1458 1137/1140/1141
f 1137/1140/1141 1138/1141/1142 1448/1451/1457
f 1450/1453/1459 1448/1451/1457 1138/1141/1142
f 1138/1141/1142 1139/1142/1143 1450/1453/1459
f 1451/1454/1460 1452/1455/1461 1141/1144/1145
f 1141/1144/1145 1140/1143/1144 1451/1454/1460
f 1453/1456/1462 1454/1457/1463 1196/1199/1464
f 1196/1199/1465 1195/1198/1466 1453/1456/1467
f 1455/1458/1468 1456/1459/1469 1198/1201/1470
f 1198/1201/1470 1197/1200/1471 1455/1458/1468
f 1457/1460/1472 1458/1461/1473 1200/1203/1474
f 1200/1203/1474 1199/1202/1475 1457/1460/1472
f 1459/1462/1476 1453/1456/1477 1195/1198/1478
f 1195/1198/1478 1203/1206/1479 1459/1462/1476
f 1460/1463/1480 1459/1462/1481 1203/1206/1482
f 1203/1206/1482 1202/1205/1483 1460/1463/1480
f 1461/1464/1484 1462/1465/1485 1398/1401/1486
f 1398/1401/1486 1397/1400/1487 1461/1464/1484
f 1463/1466/1488 1461/1464/1489 1397/1400/1490
f 1397/1400/1490 1464/1467/1491 1463/1466/1488
f 1447/1450/1456 1444/1447/1453 1133/1136/1137
f 1133/1136/1137 1135/1138/1139 1447/1450/1456
f 1462/1465/1492 1460/1463/1480 1202/1205/1483
f 1202/1205/1483 1398/1401/1493 1462/1465/1492
f 1449/1452/1458 1446/1449/1455 1136/1139/1140
f 1136/1139/1140 1137/1140/1141 1449/1452/1458
f 1465/1468/1494 1457/1460/1472 1199/1202/1475
f 1199/1202/1475 1466/1469/1495 1465/1468/1494
f 1456/1459/1496 1465/1468/1497 1466/1469/1498
f 1466/1469/1498 1198/1201/1499 1456/1459/1496
f 1441/1444/1450 1451/1454/1460 1140/1143/1144
f 1140/1143/1144 1129/1132/1133 1441/1444/1450
f 1467/1470/1500 1468/1471/1501 1015/1018/1502
f 1015/1018/1502 1014/1017/1503 1467/1470/1500
f 1468/1471/1501 1469/1472/1504 1016/1019/1505
f 1016/1019/1505 1015/1018/1502 1468/1471/1501
f 1469/1472/1506 1470/1473/1507 1017/1020/1508
f 1017/1020/1509 1016/1019/1505 1469/1472/1504
f 1471/1474/1510 1472/1475/1511 1019/1022/1512
f 1019/1022/1512 1018/1021/1513 1471/1474/1510
f 1473/1476/1514 1474/1477/1515 1021/1024/1516
f 1021/1024/1516 1020/1023/1517 1473/1476/1514
f 1475/1478/1518 1476/1479/1519 1023/1026/1520
f 1023/1026/1520 1022/1025/1521 1475/1478/1518
f 1476/1479/1522 1477/1480/1523 1024/1027/1524
f 1024/1027/1525 1023/1026/1520 1476/1479/1519
f 1478/1481/1526 1479/1482/1527 1026/1029/1528
f 1026/1029/1528 1025/1028/1529 1478/1481/1526
f 1472/1475/1511 1473/1476/1514 1020/1023/1517
f 1020/1023/1517 1019/1022/1512 1472/1475/1511
f 1474/1477/1515 1475/1478/1518 1022/1025/1521
f 1022/1025/1521 1021/1024/1516 1474/1477/1515
f 1479/1482/1527 1467/1470/1500 1014/1017/1503
f 1014/1017/1503 1026/1029/1528 1479/1482/1527
f 387/390/1530 390/393/1531 1480/1483/1532
f 1480/1483/1532 1481/1484/1533 1482/1485/1534
f 1480/1483/1532 1482/1485/1534 387/390/1530
f 400/403/1535 422/425/1536 1483/1486/1537
f 1483/1486/1537 1484/1487/1538 1485/1488/1539
f 1483/1486/1537 1485/1488/1539 400/403/1535
f 441/444/1540 451/454/1541 1486/1489/1542
f 1486/1489/1542 1487/1490/1543 1488/1491/1544
f 1486/1489/1542 1488/1491/1544 441/444/1540
f 459/462/1545 470/473/1546 1489/1492/1547
f 1489/1492/1547 1490/1493/1548 1491/1494/1549
f 1489/1492/1547 1491/1494/1549 459/462/1545
f 1492/1495/1550 1493/1496/1551 1234/1237/1552
f 1234/1237/1552 1233/1236/1553 1492/1495/1550
f 1494/1497/1554 1495/1498/1555 1237/1240/1556
f 1237/1240/1556 1236/1239/1557 1494/1497/1554
f 1495/1498/1558 1496/1499/1559 1238/1241/1560
f 1238/1241/1561 1237/1240/1556 1495/1498/1555
f 1497/1500/1562 1498/1501/1563 1240/1243/1564
f 1240/1243/1564 1239/1242/1565 1497/1500/1562
f 1499/1502/1566 1500/1503/1567 1406/1409/1568
f 1406/1409/1568 1405/1408/1569 1499/1502/1566
f 1501/1504/1570 1499/1502/1566 1405/1408/1569
f 1405/1408/1569 1502/1505/1571 1501/1504/1570
f 1500/1503/1572 1494/1497/1554 1236/1239/1557
f 1236/1239/1557 1406/1409/1573 1500/1503/1572
f 1498/1501/1563 1492/1495/1550 1233/1236/1553
f 1233/1236/1553 1240/1243/1564 1498/1501/1563
f 1503/1506/1574 389/392/1575 388/391/1576
f 388/391/1576 1504/1507/1577 1503/1506/1574
f 1480/1483/1532 390/393/1531 400/403/1535
f 1480/1483/1532 400/403/1535 1485/1488/1539
f 1485/1488/1539 1484/1487/1538 1480/1483/1532
f 1503/1506/1574 885/888/887 399/402/1578
f 399/402/1578 389/392/1575 1503/1506/1574
f 884/887/886 421/424/1579 399/402/1578
f 399/402/1578 885/888/887 884/887/886
f 1483/1486/1537 422/425/1536 441/444/1540
f 1483/1486/1537 441/444/1540 1488/1491/1544
f 1488/1491/1544 1487/1490/1543 1483/1486/1537
f 884/887/886 887/890/889 440/443/1580
f 440/443/1580 421/424/1579 884/887/886
f 1505/1508/1581 450/453/1582 440/443/1580
f 440/443/1580 887/890/889 1505/1508/1581
f 1486/1489/1542 451/454/1541 459/462/1545
f 1486/1489/1542 459/462/1545 1491/1494/1549
f 1491/1494/1549 1490/1493/1548 1486/1489/1542
f 1505/1508/1581 1506/1509/1583 458/461/1584
f 458/461/1584 450/453/1582 1505/1508/1581
f 1507/1510/1585 469/472/1586 458/461/1584
f 458/461/1584 1506/1509/1583 1507/1510/1585
f 1508/1511/1587 484/487/1588 387/390/1530
f 1508/1511/1587 387/390/1530 1482/1485/1534
f 1482/1485/1534 1481/1484/1533 1508/1511/1587
f 1509/1512/1589 1504/1507/1577 388/391/1576
f 388/391/1576 485/488/1590 1509/1512/1589
f 1510/1513/1591 161/161/155 148/148/142
f 148/148/142 147/147/141 1510/1513/1591
f 1511/1514/1592 1510/1513/1591 147/147/141
f 147/147/141 151/151/145 1511/1514/1592
f 2897/165/158 2303/1515/1593 2301/163/156
f 1512/1516/1594 1513/1517/1595 1514/1518/1594
f 1512/1516/1594 1514/1518/1594 1515/1519/1596
f 2299/1520/1597 2298/1521/1598 2896/164/157
f 2896/164/157 2301/163/156 2299/1520/1597
f 1516/1522/1599 1517/1523/1600 1518/1524/1601
f 1518/1524/1602 1519/1525/1603 1520/1522/1604
f 1518/1524/1601 1520/1522/1417 1516/1522/1599
f 1511/1514/1592 151/151/145 1521/1526/1605
f 1511/1514/1592 1521/1526/1605 1522/1527/1606
f 2308/1528/1607 2900/1529/1608 2895/1530/1609
f 270/273/269 240/243/238 233/236/231
f 233/236/231 236/239/234 270/273/269
f 1523/1531/1610 1524/1531/1611 1525/1532/1612
f 1523/1531/1613 1525/1532/1614 1526/1533/1613
f 1523/1531/1615 1526/1533/1615 1527/1534/1615
f 2895/1530/1609 2309/1535/1616 2308/1528/1607
f 2303/1515/1593 2897/165/158 2898/1536/1617
f 1528/1537/1618 1529/1538/1619 1530/1539/1620
f 1530/1539/1620 173/176/1621 1528/1537/1618
f 1531/1540/1622 1528/1537/1623 173/176/169
f 173/176/169 172/175/168 1531/1540/1622
f 1532/1541/1624 1533/1542/1625 244/247/242
f 244/247/242 243/246/241 1532/1541/1624
f 2898/1536/1617 2305/1543/1626 2303/1515/1593
f 1534/1544/1627 1535/1545/1628 1536/1546/1629
f 1534/1544/1627 1536/1546/1629 1537/1547/1630
f 2311/1548/1631 2894/1549/1632 2297/1550/1633
f 1538/1551/1634 269/272/268 257/260/256
f 257/260/256 256/259/255 1538/1551/1634
f 1539/1552/1635 1532/1541/1624 243/246/241
f 243/246/241 245/248/243 1539/1552/1635
f 1540/1553/1636 1538/1551/1634 256/259/255
f 1540/1553/1636 256/259/255 1541/1554/1636
f 2297/1550/1633 2296/1555/1637 2311/1548/1631
f 1533/1542/1638 1531/1540/1622 172/175/168
f 172/175/168 244/247/387 1533/1542/1638
f 385/388/385 1539/1552/1635 245/248/243
f 245/248/243 248/251/246 385/388/385
f 1542/1556/1639 1543/1557/1640 295/298/295
f 295/298/295 294/297/294 1542/1556/1639
f 1544/1558/1641 1542/1556/1639 294/297/294
f 294/297/294 298/301/298 1544/1558/1641
f 1545/1559/1642 1544/1558/1641 298/301/298
f 298/301/298 300/303/300 1545/1559/1642
f 1546/1560/1643 1545/1559/1642 300/303/300
f 300/303/300 302/305/302 1546/1560/1643
f 1543/1557/1640 1547/1561/1644 304/307/304
f 304/307/304 295/298/295 1543/1557/1640
f 1547/1561/1644 1548/1562/1645 361/364/361
f 361/364/361 304/307/304 1547/1561/1644
f 1548/1562/1645 1549/1563/1646 366/369/366
f 366/369/366 361/364/361 1548/1562/1645
f 1550/1564/1647 1546/1560/1643 302/305/302
f 302/305/302 373/376/373 1550/1564/1647
f 1549/1563/1646 1551/1565/1648 386/389/388
f 386/389/388 366/369/366 1549/1563/1646
f 1409/1412/1418 1552/1566/1649 1112/1115/1116
f 1112/1115/1116 1110/1113/1114 1409/1412/1418
f 1553/1567/1650 1410/1413/1419 1116/1119/1120
f 1116/1119/1120 1115/1118/1119 1553/1567/1650
f 1554/1568/1651 1502/1505/1652 1405/1408/1413
f 1405/1408/1413 1403/1406/1411 1554/1568/1651
f 1555/1569/1653 1554/1568/1651 1403/1406/1411
f 1403/1406/1411 1400/1403/1408 1555/1569/1653
f 1556/1570/1654 1555/1569/1653 1400/1403/1408
f 1400/1403/1408 1399/1402/1407 1556/1570/1654
f 1557/1571/1655 1556/1570/1654 1399/1402/1407
f 1399/1402/1407 1407/1410/1415 1557/1571/1655
f 1558/1572/1656 1464/1467/1657 1397/1400/1405
f 1397/1400/1405 1395/1398/1403 1558/1572/1656
f 1559/1573/1658 1558/1572/1656 1395/1398/1403
f 1395/1398/1403 1393/1396/1401 1559/1573/1658
f 1560/1574/1659 1559/1573/1658 1393/1396/1401
f 1393/1396/1401 1391/1394/1399 1560/1574/1659
f 1561/1575/1660 1560/1574/1659 1391/1394/1399
f 1391/1394/1399 1389/1392/1397 1561/1575/1660
f 1562/1576/1661 1561/1575/1660 1389/1392/1397
f 1389/1392/1397 1387/1390/1395 1562/1576/1661
f 1563/1577/1662 1562/1576/1661 1387/1390/1395
f 1387/1390/1395 1384/1387/1392 1563/1577/1662
f 1564/1578/1663 1563/1577/1662 1384/1387/1392
f 1384/1387/1392 1383/1386/1391 1564/1578/1663
f 1411/1414/1420 1565/1579/1664 1248/1251/1256
f 1248/1251/1256 1247/1250/1255 1411/1414/1420
f 1551/1565/1648 1566/1580/1665 1415/1418/1424
f 1415/1418/1424 386/389/388 1551/1565/1648
f 1566/1580/1665 1567/1581/1666 1430/1433/1439
f 1430/1433/1439 1415/1418/1424 1566/1580/1665
f 238/241/236 267/270/266 265/268/264
f 265/268/264 222/225/218 238/241/236
f 268/271/267 1550/1564/1647 373/376/373
f 373/376/373 266/269/265 268/271/267
f 1412/1415/1421 344/347/344 343/346/343
f 343/346/343 359/362/359 1412/1415/1421
f 1568/1582/1667 1201/1204/1668 1200/1203/1474
f 1200/1203/1474 1458/1461/1473 1568/1582/1667
f 1569/1583/1669 1235/1238/1670 1234/1237/1552
f 1234/1237/1552 1493/1496/1551 1569/1583/1669
f 1199/1202/1204 1191/1194/1195 1198/1201/1203
f 1198/1201/1203 1466/1469/1671 1199/1202/1204
f 895/898/897 899/902/901 1503/1506/1574
f 1503/1506/1574 1504/1507/1577 895/898/897
f 899/902/901 882/885/884 885/888/887
f 885/888/887 1503/1506/1574 899/902/901
f 891/894/893 893/896/895 1507/1510/1585
f 1507/1510/1585 1506/1509/1583 891/894/893
f 896/899/898 895/898/897 1504/1507/1577
f 1504/1507/1577 1509/1512/1589 896/899/898
f 886/889/888 888/891/890 1505/1508/1581
f 1505/1508/1581 887/890/889 886/889/888
f 888/891/890 891/894/893 1506/1509/1583
f 1506/1509/1583 1505/1508/1581 888/891/890
f 1570/1584/1672 1571/1585/1673 1572/1586/1674
f 1572/1586/1674 1573/1587/1675 1570/1584/1672
f 1574/1588/1676 1575/1589/1677 1572/1586/1674
f 1572/1586/1674 1571/1585/1673 1574/1588/1676
f 1576/1590/1678 1577/1591/1679 1578/1592/1680
f 1578/1592/1680 1579/1593/1681 1576/1590/1678
f 1580/1594/1682 1581/1595/1683 1582/1596/1684
f 1582/1596/1684 1583/1597/1685 1580/1594/1682
f 1570/1584/1672 1584/1598/1686 1585/1599/1687
f 2309/1535/1616 2895/1530/1609 2894/1549/1632
f 1585/1599/1687 161/161/155 1570/1584/1672
f 1572/1586/1674 1586/1600/1688 1587/1601/1689
f 1587/1601/1689 1573/1587/1675 1572/1586/1674
f 1573/1587/1675 1588/1602/1690 1589/1603/1691
f 1589/1603/1691 1570/1584/1672 1573/1587/1675
f 1575/1589/1677 1590/1604/1692 1591/1605/1693
f 1591/1605/1693 1572/1586/1674 1575/1589/1677
f 1574/1588/1676 1592/1606/1694 1593/1607/1695
f 1593/1607/1695 1575/1589/1677 1574/1588/1676
f 1594/1608/1696 1595/1609/1697 1596/1610/1698
f 1596/1610/1698 1597/1611/1699 1594/1608/1696
f 1598/1612/1700 1599/1613/1701 1600/1614/1702
f 1600/1614/1702 1601/1615/1703 1598/1612/1700
f 1602/1616/1704 1603/1617/1705 1604/1618/1706
f 1604/1618/1706 1605/1619/1707 1602/1616/1704
f 1606/1620/1708 1607/1621/1709 1608/1622/1710
f 1608/1622/1710 1609/1623/1711 1606/1620/1708
f 1610/1624/1712 1611/1625/1713 1612/1626/1714
f 1612/1626/1714 1613/1627/1715 1610/1624/1712
f 1611/1625/1713 1610/1624/1712 1614/1628/1716
f 1614/1628/1716 1615/1629/1717 1611/1625/1713
f 1616/1630/1718 1617/1631/1719 1618/1632/1720
f 1618/1632/1720 1619/1633/1721 1616/1630/1718
f 1620/1634/1722 1621/1635/1723 1622/1636/1724
f 1622/1636/1724 1623/1637/1725 1620/1634/1722
f 1624/1638/1726 1625/1639/1727 1605/1619/1707
f 1605/1619/1707 1604/1618/1706 1624/1638/1726
f 1626/1640/1728 1627/1641/1729 1628/1642/1730
f 1607/1621/1709 1606/1620/1708 1613/1627/1715
f 1613/1627/1715 1612/1626/1714 1607/1621/1709
f 1603/1617/1705 1602/1616/1704 1615/1629/1717
f 1615/1629/1717 1614/1628/1716 1603/1617/1705
f 1600/1614/1702 1629/1643/1731 1630/1644/1732
f 1630/1644/1732 1601/1615/1703 1600/1614/1702
f 1628/1642/1730 1627/1641/1729 1631/1645/1733
f 1625/1639/1727 1624/1638/1726 1609/1623/1711
f 1609/1623/1711 1608/1622/1710 1625/1639/1727
f 1603/1617/1705 1632/1646/1734 1633/1647/1735
f 1633/1647/1735 1604/1618/1706 1603/1617/1705
f 1634/1648/1736 1624/1638/1726 1604/1618/1706
f 1604/1618/1706 1633/1647/1735 1634/1648/1736
f 1624/1638/1726 1634/1648/1736 1635/1649/1737
f 1635/1649/1737 1609/1623/1711 1624/1638/1726
f 1636/1650/1738 1606/1620/1708 1609/1623/1711
f 1609/1623/1711 1635/1649/1737 1636/1650/1738
f 1606/1620/1708 1636/1650/1738 1637/1651/1739
f 1637/1651/1739 1613/1627/1715 1606/1620/1708
f 1638/1652/1740 1610/1624/1712 1613/1627/1715
f 1613/1627/1715 1637/1651/1739 1638/1652/1740
f 1610/1624/1712 1638/1652/1740 1639/1653/1741
f 1639/1653/1741 1614/1628/1716 1610/1624/1712
f 1632/1646/1734 1603/1617/1705 1614/1628/1716
f 1614/1628/1716 1639/1653/1741 1632/1646/1734
f 1633/1647/1735 1632/1646/1734 1640/1654/1742
f 1640/1654/1742 1641/1655/1743 1633/1647/1735
f 1621/1635/1723 1634/1648/1736 1633/1647/1735
f 1633/1647/1735 1641/1655/1743 1621/1635/1723
f 1634/1648/1736 1621/1635/1723 1642/1656/1744
f 1642/1656/1744 1635/1649/1737 1634/1648/1736
f 1643/1657/1745 1636/1650/1738 1635/1649/1737
f 1635/1649/1737 1642/1656/1744 1643/1657/1745
f 1636/1650/1738 1643/1657/1745 1644/1658/1746
f 1644/1658/1746 1637/1651/1739 1636/1650/1738
f 1645/1659/1747 1646/1660/1748 1647/1661/1749
f 1647/1661/1749 1648/1662/1750 1645/1659/1747
f 1649/1663/1751 1650/1664/1752 1645/1659/1747
f 1645/1659/1747 1648/1662/1750 1649/1663/1751
f 1626/1640/1728 1598/1612/1700 1601/1615/1703
f 1601/1615/1703 1627/1641/1729 1626/1640/1728
f 1630/1644/1732 1631/1645/1733 1627/1641/1729
f 1627/1641/1729 1601/1615/1703 1630/1644/1732
f 1651/1665/1753 1600/1614/1702 1599/1613/1701
f 1629/1643/1731 1600/1614/1702 1651/1665/1753
f 1640/1654/1742 1652/1666/1754 1653/1667/1755
f 1653/1667/1755 1641/1655/1743 1640/1654/1742
f 1594/1608/1756 1597/1611/1757 1654/1668/1758
f 1654/1668/1759 1655/1669/1760 1594/1608/1761
f 1656/1670/1762 1657/1671/1763 1658/1672/1764
f 1658/1672/1764 1659/1673/1765 1656/1670/1762
f 1658/1672/1764 1657/1671/1763 1650/1664/1752
f 1650/1664/1752 1649/1663/1751 1658/1672/1764
f 237/240/235 1648/1662/1750 1647/1661/1749
f 1647/1661/1749 238/241/236 237/240/235
f 239/242/237 1649/1663/1751 1648/1662/1750
f 1648/1662/1750 237/240/235 239/242/237
f 240/243/238 1658/1672/1764 1649/1663/1751
f 1649/1663/1751 239/242/237 240/243/238
f 1660/1674/1766 1661/1675/1767 1662/1676/1768
f 1662/1676/1768 1663/1677/1769 1660/1674/1766
f 1664/1678/1770 1665/1679/1771 1666/1680/1772
f 1666/1680/1772 1667/1681/1773 1664/1678/1770
f 1597/1611/1774 1668/1682/1775 1669/1683/1776
f 1669/1683/1777 1670/1684/1778 1597/1611/1779
f 1645/1659/1747 1671/1685/1780 1672/1686/1781
f 1672/1686/1781 1646/1660/1748 1645/1659/1747
f 1650/1664/1752 1673/1687/1782 1671/1685/1780
f 1671/1685/1780 1645/1659/1747 1650/1664/1752
f 1674/1688/1783 1675/1689/1784 1676/1690/1785
f 1676/1690/1785 1677/1691/1786 1674/1688/1783
f 1657/1671/1763 1656/1670/1762 1678/1692/1787
f 1678/1692/1787 1679/1693/1788 1657/1671/1763
f 1657/1671/1763 1679/1693/1788 1673/1687/1782
f 1673/1687/1782 1650/1664/1752 1657/1671/1763
f 1680/1694/1789 1681/1695/1790 1682/1696/1791
f 1682/1696/1791 1683/1697/1792 1680/1694/1789
f 1684/1698/1793 1683/1697/1792 1682/1696/1791
f 1682/1696/1791 1685/1699/1794 1684/1698/1793
f 267/270/266 1684/1698/1793 1685/1699/1794
f 1685/1699/1794 268/271/267 267/270/266
f 269/272/268 1674/1688/1783 1659/1673/1765
f 1659/1673/1765 270/273/269 269/272/268
f 1677/1691/1786 1656/1670/1762 1659/1673/1765
f 1659/1673/1765 1674/1688/1783 1677/1691/1786
f 1677/1691/1786 1676/1690/1785 1678/1692/1787
f 1678/1692/1787 1656/1670/1762 1677/1691/1786
f 1652/1666/1754 1686/1700/1795 1687/1701/1796
f 1687/1701/1796 1653/1667/1755 1652/1666/1754
f 1668/1682/1775 1617/1631/1719 1653/1667/1755
f 1653/1667/1755 1688/1702/1797 1668/1682/1775
f 1617/1631/1719 1668/1682/1775 1689/1703/1798
f 1689/1703/1798 1618/1632/1720 1617/1631/1719
f 1665/1679/1771 1661/1675/1767 1660/1674/1766
f 1660/1674/1766 1666/1680/1772 1665/1679/1771
f 1690/1704/1799 1691/1705/1800 1692/1706/1801
f 1692/1706/1801 1693/1707/1802 1690/1704/1799
f 1694/1708/1803 1695/1709/1804 1696/1710/1805
f 1696/1710/1805 1697/1711/1806 1694/1708/1803
f 1689/1703/1798 1668/1682/1775 1597/1611/1774
f 1597/1611/1774 1596/1610/1807 1689/1703/1798
f 1675/1689/1784 1698/1712/1808 1699/1713/1809
f 1699/1713/1809 1676/1690/1785 1675/1689/1784
f 1676/1690/1785 1700/1714/1810 1652/1666/1754
f 1652/1666/1754 1678/1692/1787 1676/1690/1785
f 1640/1654/1742 1679/1693/1788 1678/1692/1787
f 1678/1692/1787 1652/1666/1754 1640/1654/1742
f 1679/1693/1788 1640/1654/1742 1632/1646/1734
f 1632/1646/1734 1673/1687/1782 1679/1693/1788
f 1673/1687/1782 1632/1646/1734 1639/1653/1741
f 1639/1653/1741 1671/1685/1780 1673/1687/1782
f 1671/1685/1780 1639/1653/1741 1638/1652/1740
f 1638/1652/1740 1672/1686/1781 1671/1685/1780
f 1701/1715/1811 1607/1621/1709 1612/1626/1714
f 1612/1626/1714 1702/1716/1812 1701/1715/1811
f 1701/1715/1811 1703/1717/1813 1608/1622/1710
f 1608/1622/1710 1607/1621/1709 1701/1715/1811
f 1704/1718/1814 1625/1639/1727 1608/1622/1710
f 1608/1622/1710 1703/1717/1813 1704/1718/1814
f 1704/1718/1814 1705/1719/1815 1605/1619/1707
f 1605/1619/1707 1625/1639/1727 1704/1718/1814
f 1706/1720/1816 1602/1616/1704 1605/1619/1707
f 1605/1619/1707 1705/1719/1815 1706/1720/1816
f 1706/1720/1816 1707/1721/1817 1615/1629/1717
f 1615/1629/1717 1602/1616/1704 1706/1720/1816
f 1708/1722/1818 1611/1625/1713 1615/1629/1717
f 1615/1629/1717 1707/1721/1817 1708/1722/1818
f 1708/1722/1818 1702/1716/1812 1612/1626/1714
f 1612/1626/1714 1611/1625/1713 1708/1722/1818
f 1709/1723/1819 1710/1724/1820 1711/1725/1821
f 1711/1725/1821 1712/1726/1822 1709/1723/1819
f 1712/1726/1822 1711/1725/1821 1713/1727/1823
f 1713/1727/1823 1714/1728/1824 1712/1726/1822
f 1714/1728/1824 1713/1727/1823 1715/1729/1825
f 1715/1729/1825 1716/1730/1826 1714/1728/1824
f 1716/1730/1826 1715/1729/1825 1717/1731/1827
f 1717/1731/1827 1718/1732/1828 1716/1730/1826
f 1719/1733/1829 1720/1734/1830 1710/1724/1820
f 1710/1724/1820 1709/1723/1819 1719/1733/1829
f 1721/1735/1831 1709/1723/1819 1712/1726/1822
f 1712/1726/1822 1722/1736/1832 1721/1735/1831
f 1722/1736/1832 1712/1726/1822 1714/1728/1824
f 1714/1728/1824 1723/1737/1833 1722/1736/1832
f 1723/1737/1833 1714/1728/1824 1716/1730/1826
f 1716/1730/1826 1724/1738/1834 1723/1737/1833
f 1724/1738/1834 1716/1730/1826 1718/1732/1828
f 1718/1732/1828 1725/1739/1835 1724/1738/1834
f 1726/1740/1836 1719/1733/1829 1709/1723/1819
f 1709/1723/1819 1721/1735/1831 1726/1740/1836
f 1727/1741/1837 1721/1735/1831 1722/1736/1832
f 1722/1736/1832 1728/1742/1838 1727/1741/1837
f 1728/1742/1838 1722/1736/1832 1723/1737/1833
f 1723/1737/1833 1729/1743/1839 1728/1742/1838
f 1729/1743/1839 1723/1737/1833 1724/1738/1834
f 1724/1738/1834 1730/1744/1840 1729/1743/1839
f 1730/1744/1840 1724/1738/1834 1725/1739/1835
f 1725/1739/1835 1731/1745/1841 1730/1744/1840
f 1732/1746/1842 1726/1740/1836 1721/1735/1831
f 1721/1735/1831 1727/1741/1837 1732/1746/1842
f 1733/1747/1843 1727/1741/1837 1728/1742/1838
f 1728/1742/1838 1734/1748/1844 1733/1747/1843
f 1734/1748/1844 1728/1742/1838 1729/1743/1839
f 1729/1743/1839 1735/1749/1845 1734/1748/1844
f 1735/1749/1845 1729/1743/1839 1730/1744/1840
f 1730/1744/1840 1736/1750/1846 1735/1749/1845
f 1736/1750/1846 1730/1744/1840 1731/1745/1841
f 1731/1745/1841 1737/1751/1847 1736/1750/1846
f 1643/1657/1745 1738/1752/1848 1737/1751/1847
f 1737/1751/1847 1731/1745/1841 1643/1657/1745
f 1739/1753/1849 1732/1746/1842 1727/1741/1837
f 1727/1741/1837 1733/1747/1843 1739/1753/1849
f 1740/1754/1850 1741/1755/1851 1742/1756/1852
f 1742/1756/1852 1743/1757/1853 1740/1754/1850
f 1743/1757/1853 1742/1756/1852 1744/1758/1854
f 1744/1758/1854 1745/1759/1855 1743/1757/1853
f 1746/1760/1856 1747/1761/1857 1742/1756/1852
f 1742/1756/1852 1741/1755/1851 1746/1760/1856
f 1742/1756/1852 1747/1761/1857 1748/1762/1858
f 1748/1762/1858 1744/1758/1854 1742/1756/1852
f 1749/1763/1859 1750/1764/1860 334/337/334
f 334/337/334 337/340/337 1749/1763/1859
f 1622/1636/1724 1751/1765/1861 1752/1766/1862
f 1752/1766/1862 1623/1637/1725 1622/1636/1724
f 1753/1767/1863 1642/1656/1744 1621/1635/1723
f 1621/1635/1723 1620/1634/1722 1753/1767/1863
f 1738/1752/1848 1643/1657/1745 1642/1656/1744
f 1642/1656/1744 1753/1767/1863 1738/1752/1848
f 1754/1768/1864 1755/1769/1865 1750/1764/1860
f 1750/1764/1860 1749/1763/1859 1754/1768/1864
f 1756/1770/1866 1749/1763/1859 337/340/337
f 337/340/337 344/347/344 1756/1770/1866
f 1757/1771/1867 1758/1772/1868 1623/1637/1725
f 1623/1637/1725 1752/1766/1862 1757/1771/1867
f 1759/1773/1869 1760/1774/1870 1761/1775/1871
f 1761/1775/1871 1762/1776/1872 1759/1773/1869
f 1747/1761/1857 1746/1760/1856 1760/1774/1870
f 1760/1774/1870 1759/1773/1869 1747/1761/1857
f 1763/1777/1873 1754/1768/1864 1749/1763/1859
f 1749/1763/1859 1756/1770/1866 1763/1777/1873
f 1764/1778/1874 1620/1634/1722 1623/1637/1725
f 1623/1637/1725 1758/1772/1868 1764/1778/1874
f 1644/1658/1746 1643/1657/1745 1731/1745/1841
f 1731/1745/1841 1725/1739/1835 1644/1658/1746
f 1765/1779/1875 1644/1658/1746 1725/1739/1835
f 1725/1739/1835 1718/1732/1828 1765/1779/1875
f 1758/1772/1868 1757/1771/1867 1766/1780/1876
f 1766/1780/1876 1767/1781/1877 1758/1772/1868
f 1768/1782/1878 1759/1773/1869 1762/1776/1872
f 1762/1776/1872 1769/1783/1879 1768/1782/1878
f 1748/1762/1858 1747/1761/1857 1759/1773/1869
f 1759/1773/1869 1768/1782/1878 1748/1762/1858
f 1770/1784/1880 1763/1777/1873 1756/1770/1866
f 1756/1770/1866 1771/1785/1881 1770/1784/1880
f 1772/1786/1882 1764/1778/1874 1758/1772/1868
f 1758/1772/1868 1767/1781/1877 1772/1786/1882
f 1773/1787/1883 1720/1734/1830 1719/1733/1829
f 1719/1733/1829 1774/1788/1884 1773/1787/1883
f 1774/1788/1884 1719/1733/1829 1726/1740/1836
f 1726/1740/1836 1775/1789/1885 1774/1788/1884
f 1775/1789/1885 1726/1740/1836 1732/1746/1842
f 1732/1746/1842 1776/1790/1886 1775/1789/1885
f 1776/1790/1886 1732/1746/1842 1739/1753/1849
f 1739/1753/1849 1777/1791/1887 1776/1790/1886
f 1778/1792/1888 1773/1787/1883 1774/1788/1884
f 1774/1788/1884 1779/1793/1889 1778/1792/1888
f 1779/1793/1889 1774/1788/1884 1775/1789/1885
f 1775/1789/1885 1780/1794/1890 1779/1793/1889
f 1780/1794/1890 1775/1789/1885 1776/1790/1886
f 1776/1790/1886 1781/1795/1891 1780/1794/1890
f 1781/1795/1891 1776/1790/1886 1777/1791/1887
f 1777/1791/1887 1772/1786/1882 1781/1795/1891
f 1782/1796/1892 1779/1793/1889 1780/1794/1890
f 1780/1794/1890 1783/1797/1893 1782/1796/1892
f 1783/1797/1893 1780/1794/1890 1781/1795/1891
f 1781/1795/1891 1784/1798/1894 1783/1797/1893
f 1784/1798/1894 1781/1795/1891 1772/1786/1882
f 1772/1786/1882 1767/1781/1877 1784/1798/1894
f 1785/1799/1895 1765/1779/1875 1718/1732/1828
f 1718/1732/1828 1717/1731/1827 1785/1799/1895
f 1786/1800/1896 1735/1749/1845 1736/1750/1846
f 1736/1750/1846 1787/1801/1897 1786/1800/1896
f 1787/1801/1897 1736/1750/1846 1737/1751/1847
f 1737/1751/1847 1788/1802/1898 1787/1801/1897
f 1789/1803/1899 1733/1747/1843 1734/1748/1844
f 1734/1748/1844 1790/1804/1900 1789/1803/1899
f 1790/1804/1900 1734/1748/1844 1735/1749/1845
f 1735/1749/1845 1786/1800/1896 1790/1804/1900
f 1788/1802/1898 1737/1751/1847 1738/1752/1848
f 1738/1752/1848 1791/1805/1901 1788/1802/1898
f 1792/1806/1902 1739/1753/1849 1733/1747/1843
f 1733/1747/1843 1789/1803/1899 1792/1806/1902
f 1753/1767/1863 1620/1634/1722 1793/1807/1903
f 1620/1634/1722 1764/1778/1874 1794/1808/1904
f 1791/1805/1901 1738/1752/1848 1753/1767/1863
f 1753/1767/1863 1793/1807/1903 1791/1805/1901
f 1794/1808/1904 1764/1778/1874 1772/1786/1882
f 1772/1786/1882 1795/1809/1905 1794/1808/1904
f 1795/1809/1905 1772/1786/1882 1777/1791/1887
f 1777/1791/1887 1796/1810/1906 1795/1809/1905
f 1796/1810/1906 1777/1791/1887 1739/1753/1849
f 1739/1753/1849 1792/1806/1902 1796/1810/1906
f 1743/1757/1853 1786/1800/1896 1787/1801/1897
f 1787/1801/1897 1740/1754/1850 1743/1757/1853
f 1740/1754/1850 1787/1801/1897 1788/1802/1898
f 1788/1802/1898 1741/1755/1851 1740/1754/1850
f 1744/1758/1854 1789/1803/1899 1790/1804/1900
f 1790/1804/1900 1745/1759/1855 1744/1758/1854
f 1745/1759/1855 1790/1804/1900 1786/1800/1896
f 1786/1800/1896 1743/1757/1853 1745/1759/1855
f 1741/1755/1851 1788/1802/1898 1791/1805/1901
f 1791/1805/1901 1746/1760/1856 1741/1755/1851
f 1748/1762/1858 1792/1806/1902 1789/1803/1899
f 1789/1803/1899 1744/1758/1854 1748/1762/1858
f 1760/1774/1870 1793/1807/1903 1620/1634/1722
f 1620/1634/1722 1761/1775/1871 1760/1774/1870
f 1761/1775/1871 1620/1634/1722 1794/1808/1904
f 1794/1808/1904 1762/1776/1872 1761/1775/1871
f 1746/1760/1856 1791/1805/1901 1793/1807/1903
f 1793/1807/1903 1760/1774/1870 1746/1760/1856
f 1762/1776/1872 1794/1808/1904 1795/1809/1905
f 1795/1809/1905 1769/1783/1879 1762/1776/1872
f 1769/1783/1879 1795/1809/1905 1796/1810/1906
f 1796/1810/1906 1768/1782/1878 1769/1783/1879
f 1768/1782/1878 1796/1810/1906 1792/1806/1902
f 1792/1806/1902 1748/1762/1858 1768/1782/1878
f 1622/1636/1724 1621/1635/1723 1641/1655/1743
f 1641/1655/1743 1616/1630/1718 1622/1636/1724
f 1751/1765/1861 1622/1636/1724 1616/1630/1718
f 1616/1630/1718 1619/1633/1721 1751/1765/1861
f 1755/1769/1865 1664/1678/1770 1667/1681/1773
f 1667/1681/1773 1750/1764/1860 1755/1769/1865
f 1750/1764/1860 1667/1681/1773 385/388/385
f 385/388/385 334/337/334 1750/1764/1860
f 1617/1631/1719 1616/1630/1718 1641/1655/1743
f 1641/1655/1743 1653/1667/1755 1617/1631/1719
f 1595/1609/1697 1663/1677/1907 1662/1676/1908
f 1662/1676/1908 1596/1610/1698 1595/1609/1697
f 1661/1675/1767 1689/1703/1798 1596/1610/1807
f 1596/1610/1807 1662/1676/1768 1661/1675/1767
f 1665/1679/1771 1618/1632/1720 1689/1703/1798
f 1689/1703/1798 1661/1675/1767 1665/1679/1771
f 1664/1678/1770 1619/1633/1721 1618/1632/1720
f 1618/1632/1720 1665/1679/1771 1664/1678/1770
f 1755/1769/1865 1751/1765/1861 1619/1633/1721
f 1619/1633/1721 1664/1678/1770 1755/1769/1865
f 1755/1769/1865 1754/1768/1864 1752/1766/1862
f 1752/1766/1862 1751/1765/1861 1755/1769/1865
f 1763/1777/1873 1757/1771/1867 1752/1766/1862
f 1752/1766/1862 1754/1768/1864 1763/1777/1873
f 1763/1777/1873 1770/1784/1880 1766/1780/1876
f 1766/1780/1876 1757/1771/1867 1763/1777/1873
f 1782/1796/1892 1797/1811/1909 1778/1792/1888
f 1778/1792/1888 1779/1793/1889 1782/1796/1892
f 1798/1812/1910 1799/1813/1911 1800/1814/1912
f 1800/1814/1912 1801/1815/1913 1798/1812/1910
f 1802/1816/1914 1803/1817/1915 1804/1818/1916
f 1804/1818/1916 1805/1819/1917 1802/1816/1914
f 1806/1820/1918 1807/1821/1919 1808/1822/1920
f 1808/1822/1920 1809/1823/1921 1806/1820/1918
f 1810/1824/1922 1798/1812/1910 1801/1815/1913
f 1801/1815/1913 1811/1825/1923 1810/1824/1922
f 1812/1826/1924 1813/1827/1925 1814/1828/1926
f 1814/1828/1926 1815/1829/1927 1812/1826/1924
f 1816/1830/1928 1817/1831/1929 1818/1832/1930
f 1818/1832/1930 1819/1833/1931 1816/1830/1928
f 1820/1834/1932 1812/1826/1924 1815/1829/1927
f 1815/1829/1927 1821/1835/1933 1820/1834/1932
f 1819/1833/1931 1818/1832/1930 1822/1836/1934
f 1822/1836/1934 1823/1837/1935 1819/1833/1931
f 1824/1838/1936 1825/1839/1937 1826/1840/1938
f 1826/1840/1938 1827/1841/1939 1824/1838/1936
f 1828/1842/1940 1829/1843/1941 1830/1844/1942
f 1830/1844/1942 1831/1845/1943 1828/1842/1940
f 1832/1846/1944 1810/1824/1922 1811/1825/1923
f 1811/1825/1923 1833/1847/1945 1832/1846/1944
f 1834/1848/1946 1806/1820/1918 1809/1823/1921
f 1809/1823/1921 1835/1849/1947 1834/1848/1946
f 1836/1850/1948 1835/1849/1947 1809/1823/1921
f 1809/1823/1921 1837/1851/1949 1836/1850/1948
f 1838/1852/1950 1836/1850/1948 1837/1851/1949
f 1837/1851/1949 1828/1842/1940 1838/1852/1950
f 1838/1852/1950 1828/1842/1940 1831/1845/1943
f 1835/1849/1947 1839/1853/1951 1834/1848/1946
f 1835/1849/1947 1836/1850/1948 1840/1854/1952
f 1840/1854/1952 1839/1853/1951 1835/1849/1947
f 1836/1850/1948 1838/1852/1950 1841/1855/1953
f 1841/1855/1953 1840/1854/1952 1836/1850/1948
f 1842/1856/1954 1838/1852/1950 1843/1857/1955
f 1840/1854/1952 1844/1858/1956 1839/1853/1951
f 1840/1854/1952 1841/1855/1953 1845/1859/1957
f 1845/1859/1957 1844/1858/1956 1840/1854/1952
f 1846/1860/1958 1841/1855/1953 1847/1861/1959
f 1839/1853/1951 1848/1862/1960 1834/1848/1946
f 1849/1863/1961 1834/1848/1946 1848/1862/1960
f 1848/1862/1960 1850/1864/1962 1849/1863/1961
f 1851/1865/1963 1832/1846/1944 1833/1847/1945
f 1833/1847/1945 1852/1866/1964 1851/1865/1963
f 1839/1853/1951 1844/1858/1956 1853/1867/1965
f 1853/1867/1965 1848/1862/1960 1839/1853/1951
f 1850/1864/1962 1848/1862/1960 1853/1867/1965
f 1853/1867/1965 1854/1868/1966 1850/1864/1962
f 1844/1858/1956 1845/1859/1957 1855/1869/1967
f 1855/1869/1967 1853/1867/1965 1844/1858/1956
f 1854/1868/1966 1853/1867/1965 1855/1869/1967
f 1855/1869/1967 1856/1870/1968 1854/1868/1966
f 1857/1871/1969 1845/1859/1957 1858/1872/1970
f 1855/1869/1967 1859/1873/1971 1860/1874/1972
f 1861/1875/1973 1851/1865/1963 1852/1866/1964
f 1852/1866/1964 1862/1876/1974 1861/1875/1973
f 1863/1877/1975 1849/1863/1961 1850/1864/1962
f 1850/1864/1962 1864/1878/1976 1863/1877/1975
f 1865/1879/1977 1866/1880/1978 1867/1881/1979
f 1867/1881/1979 1868/1882/1980 1865/1879/1977
f 1869/1883/1981 1861/1875/1973 1862/1876/1974
f 1862/1876/1974 1870/1884/1982 1869/1883/1981
f 1871/1885/1983 1864/1878/1976 1850/1864/1962
f 1850/1864/1962 1854/1868/1966 1871/1885/1983
f 1868/1882/1980 1867/1881/1979 1872/1886/1984
f 1872/1886/1984 1873/1887/1985 1868/1882/1980
f 1874/1888/1986 1871/1885/1983 1854/1868/1966
f 1854/1868/1966 1856/1870/1968 1874/1888/1986
f 1873/1887/1985 1872/1886/1984 1875/1889/1987
f 1875/1889/1987 1876/1890/1988 1873/1887/1985
f 1877/1891/1989 1874/1888/1986 1856/1870/1968
f 1856/1870/1968 1860/1874/1972 1877/1891/1989
f 1876/1890/1988 1875/1889/1987 1878/1892/1990
f 1878/1892/1990 1879/1893/1991 1876/1890/1988
f 1880/1894/1992 1869/1883/1981 1870/1884/1982
f 1870/1884/1993 1881/1895/1994 1880/1894/1995
f 1882/1896/1996 1865/1879/1977 1868/1882/1980
f 1868/1882/1980 1883/1897/1997 1882/1896/1996
f 1884/1898/1998 1883/1897/1997 1868/1882/1980
f 1868/1882/1980 1873/1887/1985 1884/1898/1998
f 1885/1899/1999 1884/1898/1998 1873/1887/1985
f 1873/1887/1985 1876/1890/1988 1885/1899/1999
f 1885/1899/1999 1876/1890/1988 1879/1893/1991
f 1884/1898/1998 1886/1900/2000 1883/1897/1997
f 1884/1898/1998 1885/1899/1999 1887/1901/2001
f 1887/1901/2001 1886/1900/2000 1884/1898/1998
f 1888/1902/2002 1885/1899/1999 1889/1903/2003
f 1883/1897/1997 1890/1904/2004 1882/1896/1996
f 1883/1897/1997 1886/1900/2000 1891/1905/2005
f 1891/1905/2005 1890/1904/2004 1883/1897/1997
f 1886/1900/2000 1887/1901/2001 1892/1906/2006
f 1892/1906/2006 1891/1905/2005 1886/1900/2000
f 1893/1907/2007 1887/1901/2001 1894/1908/2008
f 1803/1817/1915 1882/1896/1996 1890/1904/2004
f 1890/1904/2004 1804/1818/1916 1803/1817/1915
f 1799/1813/2009 1895/1909/2010 1896/1910/2011
f 1896/1910/2012 1800/1814/1912 1799/1813/1911
f 1891/1905/2005 1897/1911/2013 1890/1904/2004
f 1804/1818/1916 1890/1904/2004 1897/1911/2013
f 1897/1911/2013 1898/1912/2014 1804/1818/1916
f 1891/1905/2005 1892/1906/2006 1899/1913/2015
f 1899/1913/2015 1897/1911/2013 1891/1905/2005
f 1898/1912/2014 1897/1911/2013 1899/1913/2015
f 1899/1913/2015 1826/1840/1938 1898/1912/2014
f 1900/1914/2016 1892/1906/2006 1901/1915/2017
f 1899/1913/2015 1902/1916/2018 1827/1841/1939
f 1903/1917/2019 1904/1918/2020 1905/1919/2021
f 1905/1919/2021 1906/1920/2022 1903/1917/2019
f 1906/1920/2022 1905/1919/2021 1907/1921/2023
f 1907/1921/2023 1908/1922/2024 1906/1920/2022
f 1909/1923/2025 1910/1924/2026 1911/1925/2027
f 1911/1925/2027 1912/1926/2028 1909/1923/2025
f 1913/1927/2029 1914/1928/2030 1910/1924/2026
f 1910/1924/2026 1909/1923/2025 1913/1927/2029
f 1915/1929/2031 1916/1930/2032 1917/1931/2033
f 1917/1931/2033 1918/1932/2034 1915/1929/2031
f 1918/1932/2034 1917/1931/2033 1919/1933/2035
f 1919/1933/2035 1920/1934/2036 1918/1932/2034
f 1921/1935/2037 1922/1936/2038 1923/1937/2039
f 1923/1937/2039 1924/1938/2040 1921/1935/2037
f 1925/1939/2041 1926/1940/2042 1922/1936/2038
f 1922/1936/2038 1921/1935/2037 1925/1939/2041
f 1927/1941/2043 1928/1942/2044 1929/1943/2045
f 1929/1943/2045 1930/1944/2046 1927/1941/2043
f 1930/1944/2046 1929/1943/2045 1931/1945/2047
f 1931/1945/2047 1932/1946/2048 1930/1944/2046
f 1933/1947/2049 1934/1948/2050 1935/1949/2051
f 1935/1949/2051 1936/1950/2052 1933/1947/2049
f 1937/1951/2053 1938/1952/2054 1934/1948/2050
f 1934/1948/2050 1933/1947/2049 1937/1951/2053
f 1939/1953/2055 1940/1954/2056 1941/1955/2057
f 1941/1955/2057 1942/1956/2058 1939/1953/2055
f 1942/1956/2058 1941/1955/2057 1943/1957/2059
f 1943/1957/2059 1944/1958/2060 1942/1956/2058
f 1945/1959/2061 1946/1960/2062 1947/1961/2063
f 1947/1961/2063 1948/1962/2064 1945/1959/2061
f 1949/1963/2065 1950/1964/2066 1946/1960/2062
f 1946/1960/2062 1945/1959/2061 1949/1963/2065
f 1951/1965/2067 1888/1902/2002 1889/1903/2003
f 1889/1903/2003 1952/1966/2068 1951/1965/2067
f 1952/1966/2068 1889/1903/2003 1879/1893/1991
f 1879/1893/1991 1953/1967/2069 1952/1966/2068
f 1954/1968/2070 1955/1969/2071 1956/1970/2072
f 1956/1970/2072 1957/1971/2073 1954/1968/2070
f 1958/1972/2074 1959/1973/2075 1955/1969/2071
f 1955/1969/2071 1954/1968/2070 1958/1972/2074
f 1953/1967/2069 1879/1893/1991 1878/1892/1990
f 1878/1892/1990 1960/1974/2076 1953/1967/2069
f 1961/1975/2077 1877/1891/1989 1860/1874/1972
f 1860/1874/1972 1962/1976/2078 1961/1975/2077
f 1963/1977/2079 1964/1978/2080 1965/1979/2081
f 1965/1979/2081 1966/1980/2082 1963/1977/2079
f 1967/1981/2083 1957/1971/2073 1956/1970/2072
f 1956/1970/2072 1968/1982/2084 1967/1981/2083
f 1962/1976/2078 1860/1874/1972 1859/1873/1971
f 1859/1873/1971 1969/1983/2085 1962/1976/2078
f 1969/1983/2085 1859/1873/1971 1857/1871/1969
f 1857/1871/1969 1970/1984/2086 1969/1983/2085
f 1971/1985/2087 1972/1986/2088 1973/1987/2089
f 1973/1987/2089 1974/1988/2090 1971/1985/2087
f 1971/1985/2087 1966/1980/2082 1965/1979/2081
f 1965/1979/2081 1972/1986/2088 1971/1985/2087
f 1970/1984/2086 1857/1871/1969 1975/1989/2091
f 1975/1989/2091 1976/1990/2092 1970/1984/2086
f 1977/1991/2093 1978/1992/2094 1888/1902/2002
f 1888/1902/2002 1951/1965/2067 1977/1991/2093
f 1979/1993/2095 1980/1994/2096 1959/1973/2075
f 1959/1973/2075 1958/1972/2074 1979/1993/2095
f 1981/1995/2097 1974/1988/2090 1973/1987/2089
f 1973/1987/2089 1982/1996/2098 1981/1995/2097
f 1983/1997/2099 1893/1907/2007 1894/1908/2008
f 1894/1908/2008 1984/1998/2100 1983/1997/2099
f 1984/1998/2100 1894/1908/2008 1888/1902/2002
f 1888/1902/2002 1985/1999/2101 1984/1998/2100
f 1986/2000/2102 1987/2001/2103 1988/2002/2104
f 1988/2002/2104 1989/2003/2105 1986/2000/2102
f 1990/2004/2106 1991/2005/2107 1987/2001/2103
f 1987/2001/2103 1986/2000/2102 1990/2004/2106
f 1985/1999/2101 1888/1902/2002 1978/1992/2094
f 1978/1992/2094 1992/2006/2108 1985/1999/2101
f 1993/2007/2109 1975/1989/2091 1857/1871/1969
f 1857/1871/1969 1994/2008/2110 1993/2007/2109
f 1994/2008/2110 1857/1871/1969 1858/1872/1970
f 1858/1872/1970 1995/2009/2111 1994/2008/2110
f 1995/2009/2111 1858/1872/1970 1846/1860/1958
f 1846/1860/1958 1996/2010/2112 1995/2009/2111
f 1997/2011/2113 1998/2012/2114 1999/2013/2115
f 1999/2013/2115 2000/2014/2116 1997/2011/2113
f 1997/2011/2113 2001/2015/2117 2002/2016/2118
f 2002/2016/2118 1998/2012/2114 1997/2011/2113
f 1996/2010/2112 1846/1860/1958 2003/2017/2119
f 2003/2017/2119 2004/2018/2120 1996/2010/2112
f 2005/2019/2121 2006/2020/2122 1893/1907/2007
f 1893/1907/2007 1983/1997/2099 2005/2019/2121
f 2007/2021/2123 2008/2022/2124 1991/2005/2107
f 1991/2005/2107 1990/2004/2106 2007/2021/2123
f 2009/2023/2125 2000/2014/2116 1999/2013/2115
f 1999/2013/2115 2010/2024/2126 2009/2023/2125
f 2011/2025/2127 1900/1914/2016 1901/1915/2017
f 1901/1915/2017 2012/2026/2128 2011/2025/2127
f 2012/2026/2128 1901/1915/2017 1893/1907/2007
f 1893/1907/2007 2013/2027/2129 2012/2026/2128
f 2014/2028/2130 2015/2029/2131 2016/2030/2132
f 2016/2030/2132 2017/2031/2133 2014/2028/2130
f 2018/2032/2134 2019/2033/2135 2015/2029/2131
f 2015/2029/2131 2014/2028/2130 2018/2032/2134
f 2013/2027/2129 1893/1907/2007 2006/2020/2122
f 2006/2020/2122 2020/2034/2136 2013/2027/2129
f 2021/2035/2137 2003/2017/2119 1846/1860/1958
f 1846/1860/1958 2022/2036/2138 2021/2035/2137
f 2022/2036/2138 1846/1860/1958 1847/1861/1959
f 1847/1861/1959 2023/2037/2139 2022/2036/2138
f 2023/2037/2139 1847/1861/1959 1842/1856/1954
f 1842/1856/1954 2024/2038/2140 2023/2037/2139
f 2025/2039/2141 2026/2040/2142 2027/2041/2143
f 2027/2041/2143 2028/2042/2144 2025/2039/2141
f 2025/2039/2141 2029/2043/2145 2030/2044/2146
f 2030/2044/2146 2026/2040/2142 2025/2039/2141
f 2024/2038/2140 1842/1856/1954 2031/2045/2147
f 2031/2045/2147 2032/2046/2148 2024/2038/2140
f 2033/2047/2149 2034/2048/2150 1900/1914/2016
f 1900/1914/2016 2011/2025/2127 2033/2047/2149
f 2035/2049/2151 2036/2050/2152 2019/2033/2135
f 2019/2033/2135 2018/2032/2134 2035/2049/2151
f 2037/2051/2153 2028/2042/2144 2027/2041/2143
f 2027/2041/2143 2038/2052/2154 2037/2051/2153
f 2039/2053/2155 1827/1841/1939 1902/1916/2018
f 1902/1916/2018 2040/2054/2156 2039/2053/2155
f 2040/2054/2156 1902/1916/2018 1900/1914/2016
f 1900/1914/2016 2041/2055/2157 2040/2054/2156
f 2042/2056/2158 2043/2057/2159 2044/2058/2160
f 2044/2058/2160 2045/2059/2161 2042/2056/2158
f 2046/2060/2162 2047/2061/2163 2043/2057/2159
f 2043/2057/2159 2042/2056/2158 2046/2060/2162
f 2041/2055/2157 1900/1914/2016 2034/2048/2150
f 2034/2048/2150 2048/2062/2164 2041/2055/2157
f 2049/2063/2165 2031/2045/2147 1842/1856/1954
f 1842/1856/1954 2050/2064/2166 2049/2063/2165
f 2050/2064/2166 1842/1856/1954 1843/1857/1955
f 1843/1857/1955 2051/2065/2167 2050/2064/2166
f 2051/2065/2167 1843/1857/1955 1831/1845/1943
f 1831/1845/1943 2052/2066/2168 2051/2065/2167
f 2053/2067/2169 2054/2068/2170 2055/2069/2171
f 2055/2069/2171 2056/2070/2172 2053/2067/2169
f 2053/2067/2169 2057/2071/2173 2058/2072/2174
f 2058/2072/2174 2054/2068/2170 2053/2067/2169
f 2052/2066/2168 1831/1845/1943 1830/1844/1942
f 1830/1844/1942 2059/2073/2175 2052/2066/2168
f 2060/2074/2176 1824/1838/1936 1827/1841/1939
f 1827/1841/1939 2039/2053/2155 2060/2074/2176
f 2061/2075/2177 2062/2076/2178 2047/2061/2163
f 2047/2061/2163 2046/2060/2162 2061/2075/2177
f 2063/2077/2179 2056/2070/2172 2055/2069/2171
f 2055/2069/2171 2064/2078/2180 2063/2077/2179
f 2065/2079/2181 1989/2003/2105 1988/2002/2104
f 1988/2002/2104 2066/2080/2182 2065/2079/2181
f 2067/2081/2183 2068/2082/2184 2002/2016/2118
f 2002/2016/2118 2001/2015/2117 2067/2081/2183
f 2069/2083/2185 2017/2031/2133 2016/2030/2132
f 2016/2030/2132 2070/2084/2186 2069/2083/2185
f 2071/2085/2187 2072/2086/2188 2030/2044/2146
f 2030/2044/2146 2029/2043/2145 2071/2085/2187
f 2073/2087/2189 2045/2059/2161 2044/2058/2160
f 2044/2058/2160 2074/2088/2190 2073/2087/2189
f 2075/2089/2191 2076/2090/2192 2058/2072/2174
f 2058/2072/2174 2057/2071/2173 2075/2089/2191
f 2077/2091/2193 2078/2092/2194 2079/2093/2195
f 2079/2093/2195 2080/2094/2196 2077/2091/2193
f 2080/2094/2196 2079/2093/2195 2081/2095/2197
f 2081/2095/2197 2082/2096/2198 2080/2094/2196
f 2083/2097/2199 2084/2098/2200 2082/2096/2198
f 2082/2096/2198 2081/2095/2197 2083/2097/2199
f 2085/2099/2201 2086/2100/2202 2087/2101/2203
f 2087/2101/2203 2088/2102/2204 2085/2099/2201
f 2089/2103/2205 2090/2104/2206 2088/2102/2204
f 2088/2102/2204 2087/2101/2203 2089/2103/2205
f 2090/2104/2206 2089/2103/2205 2091/2105/2207
f 2091/2105/2207 2092/2106/2208 2090/2104/2206
f 2093/2107/2209 2094/2108/2210 2092/2106/2208
f 2092/2106/2208 2091/2105/2207 2093/2107/2209
f 2095/2109/2211 2096/2110/2212 2078/2092/2194
f 2078/2092/2194 2077/2091/2193 2095/2109/2211
f 2097/2111/2213 2098/2112/2214 2099/2113/2215
f 2099/2113/2215 2100/2114/2216 2097/2111/2213
f 2100/2114/2216 2099/2113/2215 2101/2115/2217
f 2101/2115/2217 2102/2116/2218 2100/2114/2216
f 2103/2117/2219 2104/2118/2220 2102/2116/2218
f 2102/2116/2218 2101/2115/2217 2103/2117/2219
f 2105/2119/2221 2106/2120/2222 2107/2121/2223
f 2107/2121/2223 2108/2122/2224 2105/2119/2221
f 2109/2123/2225 2110/2124/2226 2108/2122/2224
f 2108/2122/2224 2107/2121/2223 2109/2123/2225
f 2110/2124/2226 2109/2123/2225 2111/2125/2227
f 2111/2125/2227 2112/2126/2228 2110/2124/2226
f 2113/2127/2229 2114/2128/2230 2112/2126/2228
f 2112/2126/2228 2111/2125/2227 2113/2127/2229
f 2115/2129/2231 2116/2130/2232 2098/2112/2214
f 2098/2112/2214 2097/2111/2213 2115/2129/2231
f 2117/2131/2233 2118/2132/2234 2119/2133/2235
f 2119/2133/2235 2120/2134/2236 2117/2131/2233
f 2120/2134/2236 2119/2133/2235 2121/2135/2237
f 2121/2135/2237 2122/2136/2238 2120/2134/2236
f 2123/2137/2239 2124/2138/2240 2122/2136/2238
f 2122/2136/2238 2121/2135/2237 2123/2137/2239
f 2125/2139/2241 2126/2140/2242 2127/2141/2243
f 2127/2141/2243 2128/2142/2244 2125/2139/2241
f 2129/2143/2245 2130/2144/2246 2128/2142/2244
f 2128/2142/2244 2127/2141/2243 2129/2143/2245
f 2130/2144/2246 2129/2143/2245 2131/2145/2247
f 2131/2145/2247 2132/2146/2248 2130/2144/2246
f 2133/2147/2249 2134/2148/2250 2132/2146/2248
f 2132/2146/2248 2131/2145/2247 2133/2147/2249
f 2135/2149/2251 2136/2150/2252 2118/2132/2234
f 2118/2132/2234 2117/2131/2233 2135/2149/2251
f 2137/2151/2253 2138/2152/2254 2139/2153/2255
f 2139/2153/2255 2140/2154/2256 2137/2151/2253
f 2140/2154/2256 2139/2153/2255 2141/2155/2257
f 2141/2155/2257 2142/2156/2258 2140/2154/2256
f 2143/2157/2259 2144/2158/2260 2142/2156/2258
f 2142/2156/2258 2141/2155/2257 2143/2157/2259
f 2145/2159/2261 2146/2160/2262 2147/2161/2263
f 2147/2161/2263 2148/2162/2264 2145/2159/2261
f 2149/2163/2265 2150/2164/2266 2148/2162/2264
f 2148/2162/2264 2147/2161/2263 2149/2163/2265
f 2150/2164/2266 2149/2163/2265 2151/2165/2267
f 2151/2165/2267 2152/2166/2268 2150/2164/2266
f 2153/2167/2269 2154/2168/2270 2152/2166/2268
f 2152/2166/2268 2151/2165/2267 2153/2167/2269
f 2155/2169/2271 2156/2170/2272 2138/2152/2254
f 2138/2152/2254 2137/2151/2253 2155/2169/2271
f 2157/2171/2273 2158/2172/2274 2159/2173/2275
f 2159/2173/2275 2160/2174/2276 2157/2171/2273
f 2160/2174/2276 2159/2173/2275 2161/2175/2277
f 2161/2175/2277 2162/2176/2278 2160/2174/2276
f 1905/1919/2021 2160/2174/2276 2162/2176/2278
f 2162/2176/2278 1907/1921/2023 1905/1919/2021
f 1904/1918/2020 2157/2171/2273 2160/2174/2276
f 2160/2174/2276 1905/1919/2021 1904/1918/2020
f 2162/2176/2278 2161/2175/2277 2163/2177/2279
f 2163/2177/2279 2164/2178/2280 2162/2176/2278
f 2165/2179/2281 2166/2180/2282 2167/2181/2283
f 2167/2181/2283 2168/2182/2284 2165/2179/2281
f 1911/1925/2027 2165/2179/2281 2168/2182/2284
f 2168/2182/2284 1912/1926/2028 1911/1925/2027
f 1907/1921/2023 2162/2176/2278 2164/2178/2280
f 2164/2178/2280 1908/1922/2024 1907/1921/2023
f 2168/2182/2284 2167/2181/2283 2169/2183/2285
f 2169/2183/2285 2170/2184/2286 2168/2182/2284
f 2170/2184/2286 2169/2183/2285 2171/2185/2287
f 2171/2185/2287 2172/2186/2288 2170/2184/2286
f 1909/1923/2025 2170/2184/2286 2172/2186/2288
f 2172/2186/2288 1913/1927/2029 1909/1923/2025
f 1912/1926/2028 2168/2182/2284 2170/2184/2286
f 2170/2184/2286 1909/1923/2025 1912/1926/2028
f 2172/2186/2288 2171/2185/2287 2173/2187/2289
f 2173/2187/2289 2174/2188/2290 2172/2186/2288
f 2175/2189/2291 2176/2190/2292 2158/2172/2274
f 2158/2172/2274 2157/2171/2273 2175/2189/2291
f 1903/1917/2019 2175/2189/2291 2157/2171/2273
f 2157/2171/2273 1904/1918/2020 1903/1917/2019
f 1913/1927/2029 2172/2186/2288 2174/2188/2290
f 2174/2188/2290 1914/1928/2030 1913/1927/2029
f 2177/2191/2293 2178/2192/2294 2179/2193/2295
f 2179/2193/2295 2180/2194/2296 2177/2191/2293
f 2180/2194/2296 2179/2193/2295 2181/2195/2297
f 2181/2195/2297 2182/2196/2298 2180/2194/2296
f 1917/1931/2033 2180/2194/2296 2182/2196/2298
f 2182/2196/2298 1919/1933/2035 1917/1931/2033
f 1916/1930/2032 2177/2191/2293 2180/2194/2296
f 2180/2194/2296 1917/1931/2033 1916/1930/2032
f 2182/2196/2298 2181/2195/2297 2183/2197/2299
f 2183/2197/2299 2184/2198/2300 2182/2196/2298
f 2185/2199/2301 2186/2200/2302 2187/2201/2303
f 2187/2201/2303 2188/2202/2304 2185/2199/2301
f 1923/1937/2039 2185/2199/2301 2188/2202/2304
f 2188/2202/2304 1924/1938/2040 1923/1937/2039
f 1919/1933/2035 2182/2196/2298 2184/2198/2300
f 2184/2198/2300 1920/1934/2036 1919/1933/2035
f 2188/2202/2304 2187/2201/2303 2189/2203/2305
f 2189/2203/2305 2190/2204/2306 2188/2202/2304
f 2190/2204/2306 2189/2203/2305 2191/2205/2307
f 2191/2205/2307 2192/2206/2308 2190/2204/2306
f 1921/1935/2037 2190/2204/2306 2192/2206/2308
f 2192/2206/2308 1925/1939/2041 1921/1935/2037
f 1924/1938/2040 2188/2202/2304 2190/2204/2306
f 2190/2204/2306 1921/1935/2037 1924/1938/2040
f 2192/2206/2308 2191/2205/2307 2193/2207/2309
f 2193/2207/2309 2194/2208/2310 2192/2206/2308
f 2195/2209/2311 2196/2210/2312 2178/2192/2294
f 2178/2192/2294 2177/2191/2293 2195/2209/2311
f 1915/1929/2031 2195/2209/2311 2177/2191/2293
f 2177/2191/2293 1916/1930/2032 1915/1929/2031
f 1925/1939/2041 2192/2206/2308 2194/2208/2310
f 2194/2208/2310 1926/1940/2042 1925/1939/2041
f 2197/2211/2313 2198/2212/2314 2199/2213/2315
f 2199/2213/2315 2200/2214/2316 2197/2211/2313
f 2200/2214/2316 2199/2213/2315 2201/2215/2317
f 2201/2215/2317 2202/2216/2318 2200/2214/2316
f 1929/1943/2045 2200/2214/2316 2202/2216/2318
f 2202/2216/2318 1931/1945/2047 1929/1943/2045
f 1928/1942/2044 2197/2211/2313 2200/2214/2316
f 2200/2214/2316 1929/1943/2045 1928/1942/2044
f 2202/2216/2318 2201/2215/2317 2203/2217/2319
f 2203/2217/2319 2204/2218/2320 2202/2216/2318
f 2205/2219/2321 2206/2220/2322 2207/2221/2323
f 2207/2221/2323 2208/2222/2324 2205/2219/2321
f 1935/1949/2051 2205/2219/2321 2208/2222/2324
f 2208/2222/2324 1936/1950/2052 1935/1949/2051
f 1931/1945/2047 2202/2216/2318 2204/2218/2320
f 2204/2218/2320 1932/1946/2048 1931/1945/2047
f 2208/2222/2324 2207/2221/2323 2209/2223/2325
f 2209/2223/2325 2210/2224/2326 2208/2222/2324
f 2210/2224/2326 2209/2223/2325 2211/2225/2327
f 2211/2225/2327 2212/2226/2328 2210/2224/2326
f 1933/1947/2049 2210/2224/2326 2212/2226/2328
f 2212/2226/2328 1937/1951/2053 1933/1947/2049
f 1936/1950/2052 2208/2222/2324 2210/2224/2326
f 2210/2224/2326 1933/1947/2049 1936/1950/2052
f 2212/2226/2328 2211/2225/2327 2213/2227/2329
f 2213/2227/2329 2214/2228/2330 2212/2226/2328
f 2215/2229/2331 2216/2230/2332 2198/2212/2314
f 2198/2212/2314 2197/2211/2313 2215/2229/2331
f 1927/1941/2043 2215/2229/2331 2197/2211/2313
f 2197/2211/2313 1928/1942/2044 1927/1941/2043
f 1937/1951/2053 2212/2226/2328 2214/2228/2330
f 2214/2228/2330 1938/1952/2054 1937/1951/2053
f 2217/2231/2333 2218/2232/2334 2219/2233/2335
f 2219/2233/2335 2220/2234/2336 2217/2231/2333
f 2220/2234/2336 2219/2233/2335 2221/2235/2337
f 2221/2235/2337 2222/2236/2338 2220/2234/2336
f 1941/1955/2057 2220/2234/2336 2222/2236/2338
f 2222/2236/2338 1943/1957/2059 1941/1955/2057
f 1940/1954/2056 2217/2231/2333 2220/2234/2336
f 2220/2234/2336 1941/1955/2057 1940/1954/2056
f 2222/2236/2338 2221/2235/2337 2223/2237/2339
f 2223/2237/2339 2224/2238/2340 2222/2236/2338
f 2225/2239/2341 2226/2240/2342 2227/2241/2343
f 2227/2241/2343 2228/2242/2344 2225/2239/2341
f 1947/1961/2063 2225/2239/2341 2228/2242/2344
f 2228/2242/2344 1948/1962/2064 1947/1961/2063
f 1943/1957/2059 2222/2236/2338 2224/2238/2340
f 2224/2238/2340 1944/1958/2060 1943/1957/2059
f 2228/2242/2344 2227/2241/2343 2229/2243/2345
f 2229/2243/2345 2230/2244/2346 2228/2242/2344
f 2230/2244/2346 2229/2243/2345 2231/2245/2347
f 2231/2245/2347 2232/2246/2348 2230/2244/2346
f 1945/1959/2061 2230/2244/2346 2232/2246/2348
f 2232/2246/2348 1949/1963/2065 1945/1959/2061
f 1948/1962/2064 2228/2242/2344 2230/2244/2346
f 2230/2244/2346 1945/1959/2061 1948/1962/2064
f 2232/2246/2348 2231/2245/2347 2233/2247/2349
f 2233/2247/2349 2234/2248/2350 2232/2246/2348
f 2235/2249/2351 2236/2250/2352 2218/2232/2334
f 2218/2232/2334 2217/2231/2333 2235/2249/2351
f 1939/1953/2055 2235/2249/2351 2217/2231/2333
f 2217/2231/2333 1940/1954/2056 1939/1953/2055
f 1949/1963/2065 2232/2246/2348 2234/2248/2350
f 2234/2248/2350 1950/1964/2066 1949/1963/2065
f 2237/2251/2353 2238/2252/2354 1804/1818/1916
f 1804/1818/1916 1898/1912/2014 2237/2251/2353
f 2239/2253/2355 2240/2254/2356 1837/1851/1949
f 1837/1851/1949 1809/1823/1921 2239/2253/2355
f 2241/2255/2357 2240/2254/2356 2239/2253/2355
f 2239/2253/2355 2242/2256/2358 2241/2255/2357
f 2239/2253/2355 1809/1823/1921 1808/1822/1920
f 1808/1822/1920 2243/2257/2359 2239/2253/2355
f 2244/2258/2360 1805/1819/1917 1804/1818/1916
f 1804/1818/1916 2238/2252/2354 2244/2258/2360
f 2245/2259/2361 2246/2260/2362 2238/2252/2354
f 2238/2252/2354 2247/2261/2363 2245/2259/2361
f 2242/2256/2358 2239/2253/2355 2243/2257/2359
f 2243/2257/2359 2248/2262/2364 2242/2256/2358
f 2249/2263/2365 2237/2251/2353 1898/1912/2014
f 1898/1912/2014 1826/1840/1938 2249/2263/2365
f 2249/2263/2365 1826/1840/1938 1825/1839/1937
f 1825/1839/1937 2250/2264/2366 2249/2263/2365
f 2251/2265/2367 1829/1843/1941 1828/1842/1940
f 1828/1842/1940 2252/2266/2368 2251/2265/2367
f 2240/2254/2356 2252/2266/2368 1828/1842/1940
f 1828/1842/1940 1837/1851/1949 2240/2254/2356
f 2253/2267/2369 2252/2266/2368 2240/2254/2356
f 2240/2254/2356 2241/2255/2357 2253/2267/2369
f 2238/2252/2354 2237/2251/2353 2254/2268/2370
f 2254/2268/2370 2247/2261/2363 2238/2252/2354
f 2255/2269/2371 2256/2270/2372 2257/2271/2373
f 2257/2271/2373 2258/2272/2374 2255/2269/2371
f 2259/2273/2375 2260/2274/2376 2261/2275/2377
f 2261/2275/2377 2262/2276/2378 2259/2273/2375
f 2263/2277/2379 2264/2278/2380 2256/2270/2372
f 2256/2270/2372 2255/2269/2371 2263/2277/2379
f 2262/2276/2378 2261/2275/2377 2265/2279/2381
f 2265/2279/2381 2266/2280/2382 2262/2276/2378
f 2237/2251/2353 2249/2263/2365 2267/2281/2383
f 2267/2281/2383 2254/2268/2370 2237/2251/2353
f 2257/2271/2373 2268/2282/2384 2258/2272/2374
f 2249/2263/2365 2250/2264/2366 2269/2283/2385
f 2269/2283/2385 2267/2281/2383 2249/2263/2365
f 2251/2265/2367 2252/2266/2368 2253/2267/2369
f 2253/2267/2369 2270/2284/2386 2251/2265/2367
f 2271/2285/2387 2260/2274/2376 2259/2273/2375
f 2272/2286/2388 2273/2287/2389 2274/2288/2390
f 2274/2288/2390 2275/2289/2391 2272/2286/2388
f 1814/1828/1926 2273/2287/2389 2272/2286/2388
f 2272/2286/2388 1815/1829/1927 1814/1828/1926
f 2276/2290/2392 2277/2291/2393 2278/2292/2394
f 2278/2292/2394 2279/2293/2395 2276/2290/2392
f 1819/1833/1931 2277/2291/2393 2276/2290/2392
f 2276/2290/2392 1816/1830/1928 1819/1833/1931
f 2276/2290/2392 2279/2293/2395 2280/2294/2396
f 2280/2294/2396 2281/2295/2397 2276/2290/2392
f 2282/2296/2398 2283/2297/2399 2274/2288/2390
f 2274/2288/2390 2273/2287/2389 2282/2296/2398
f 1813/1827/1925 2282/2296/2398 2273/2287/2389
f 2273/2287/2389 1814/1828/1926 1813/1827/1925
f 1816/1830/1928 2276/2290/2392 2281/2295/2397
f 2281/2295/2397 1817/1831/1929 1816/1830/1928
f 2284/2298/2400 2272/2286/2388 2275/2289/2391
f 2275/2289/2391 2285/2299/2401 2284/2298/2400
f 1815/1829/1927 2272/2286/2388 2284/2298/2400
f 2284/2298/2400 1821/1835/1933 1815/1829/1927
f 2284/2298/2400 2285/2299/2401 2286/2300/2402
f 2286/2300/2402 2287/2301/2403 2284/2298/2400
f 2288/2302/2404 2289/2303/2405 2290/2304/2406
f 2290/2304/2406 2291/2305/2407 2288/2302/2404
f 1822/1836/1934 2288/2302/2404 2291/2305/2407
f 2291/2305/2407 1823/1837/1935 1822/1836/1934
f 1821/1835/1933 2284/2298/2400 2287/2301/2403
f 2287/2301/2403 1820/1834/1932 1821/1835/1933
f 2277/2291/2393 2291/2305/2407 2290/2304/2406
f 2290/2304/2406 2278/2292/2394 2277/2291/2393
f 1823/1837/1935 2291/2305/2407 2277/2291/2393
f 2277/2291/2393 1819/1833/1931 1823/1837/1935
f 2048/2062/2164 2074/2088/2190 2044/2058/2160
f 2044/2058/2160 2041/2055/2157 2048/2062/2164
f 2076/2090/2192 2049/2063/2165 2050/2064/2166
f 2050/2064/2166 2058/2072/2174 2076/2090/2192
f 2051/2065/2167 2054/2068/2170 2058/2072/2174
f 2058/2072/2174 2050/2064/2166 2051/2065/2167
f 2054/2068/2170 2051/2065/2167 2052/2066/2168
f 2052/2066/2168 2055/2069/2171 2054/2068/2170
f 2059/2073/2175 2064/2078/2180 2055/2069/2171
f 2055/2069/2171 2052/2066/2168 2059/2073/2175
f 2062/2076/2178 2060/2074/2176 2039/2053/2155
f 2039/2053/2155 2047/2061/2163 2062/2076/2178
f 2047/2061/2163 2039/2053/2155 2040/2054/2156
f 2040/2054/2156 2043/2057/2159 2047/2061/2163
f 2043/2057/2159 2040/2054/2156 2041/2055/2157
f 2041/2055/2157 2044/2058/2160 2043/2057/2159
f 2073/2087/2189 2143/2157/2259 2141/2155/2257
f 2141/2155/2257 2045/2059/2161 2073/2087/2189
f 2146/2160/2262 2075/2089/2191 2057/2071/2173
f 2057/2071/2173 2147/2161/2263 2146/2160/2262
f 2053/2067/2169 2149/2163/2265 2147/2161/2263
f 2147/2161/2263 2057/2071/2173 2053/2067/2169
f 2149/2163/2265 2053/2067/2169 2056/2070/2172
f 2056/2070/2172 2151/2165/2267 2149/2163/2265
f 2063/2077/2179 2153/2167/2269 2151/2165/2267
f 2151/2165/2267 2056/2070/2172 2063/2077/2179
f 2156/2170/2272 2061/2075/2177 2046/2060/2162
f 2046/2060/2162 2138/2152/2254 2156/2170/2272
f 2138/2152/2254 2046/2060/2162 2042/2056/2158
f 2042/2056/2158 2139/2153/2255 2138/2152/2254
f 2139/2153/2255 2042/2056/2158 2045/2059/2161
f 2045/2059/2161 2141/2155/2257 2139/2153/2255
f 2020/2034/2136 2070/2084/2186 2016/2030/2132
f 2016/2030/2132 2013/2027/2129 2020/2034/2136
f 2072/2086/2188 2021/2035/2137 2022/2036/2138
f 2022/2036/2138 2030/2044/2146 2072/2086/2188
f 2023/2037/2139 2026/2040/2142 2030/2044/2146
f 2030/2044/2146 2022/2036/2138 2023/2037/2139
f 2026/2040/2142 2023/2037/2139 2024/2038/2140
f 2024/2038/2140 2027/2041/2143 2026/2040/2142
f 2032/2046/2148 2038/2052/2154 2027/2041/2143
f 2027/2041/2143 2024/2038/2140 2032/2046/2148
f 2036/2050/2152 2033/2047/2149 2011/2025/2127
f 2011/2025/2127 2019/2033/2135 2036/2050/2152
f 2019/2033/2135 2011/2025/2127 2012/2026/2128
f 2012/2026/2128 2015/2029/2131 2019/2033/2135
f 2015/2029/2131 2012/2026/2128 2013/2027/2129
f 2013/2027/2129 2016/2030/2132 2015/2029/2131
f 2069/2083/2185 2123/2137/2239 2121/2135/2237
f 2121/2135/2237 2017/2031/2133 2069/2083/2185
f 2126/2140/2242 2071/2085/2187 2029/2043/2145
f 2029/2043/2145 2127/2141/2243 2126/2140/2242
f 2025/2039/2141 2129/2143/2245 2127/2141/2243
f 2127/2141/2243 2029/2043/2145 2025/2039/2141
f 2129/2143/2245 2025/2039/2141 2028/2042/2144
f 2028/2042/2144 2131/2145/2247 2129/2143/2245
f 2037/2051/2153 2133/2147/2249 2131/2145/2247
f 2131/2145/2247 2028/2042/2144 2037/2051/2153
f 2136/2150/2252 2035/2049/2151 2018/2032/2134
f 2018/2032/2134 2118/2132/2234 2136/2150/2252
f 2118/2132/2234 2018/2032/2134 2014/2028/2130
f 2014/2028/2130 2119/2133/2235 2118/2132/2234
f 2119/2133/2235 2014/2028/2130 2017/2031/2133
f 2017/2031/2133 2121/2135/2237 2119/2133/2235
f 1992/2006/2108 2066/2080/2182 1988/2002/2104
f 1988/2002/2104 1985/1999/2101 1992/2006/2108
f 2068/2082/2184 1993/2007/2109 1994/2008/2110
f 1994/2008/2110 2002/2016/2118 2068/2082/2184
f 1995/2009/2111 1998/2012/2114 2002/2016/2118
f 2002/2016/2118 1994/2008/2110 1995/2009/2111
f 1998/2012/2114 1995/2009/2111 1996/2010/2112
f 1996/2010/2112 1999/2013/2115 1998/2012/2114
f 2004/2018/2120 2010/2024/2126 1999/2013/2115
f 1999/2013/2115 1996/2010/2112 2004/2018/2120
f 2008/2022/2124 2005/2019/2121 1983/1997/2099
f 1983/1997/2099 1991/2005/2107 2008/2022/2124
f 1991/2005/2107 1983/1997/2099 1984/1998/2100
f 1984/1998/2100 1987/2001/2103 1991/2005/2107
f 1987/2001/2103 1984/1998/2100 1985/1999/2101
f 1985/1999/2101 1988/2002/2104 1987/2001/2103
f 2065/2079/2181 2103/2117/2219 2101/2115/2217
f 2101/2115/2217 1989/2003/2105 2065/2079/2181
f 2106/2120/2222 2067/2081/2183 2001/2015/2117
f 2001/2015/2117 2107/2121/2223 2106/2120/2222
f 1997/2011/2113 2109/2123/2225 2107/2121/2223
f 2107/2121/2223 2001/2015/2117 1997/2011/2113
f 2109/2123/2225 1997/2011/2113 2000/2014/2116
f 2000/2014/2116 2111/2125/2227 2109/2123/2225
f 2009/2023/2125 2113/2127/2229 2111/2125/2227
f 2111/2125/2227 2000/2014/2116 2009/2023/2125
f 2116/2130/2232 2007/2021/2123 1990/2004/2106
f 1990/2004/2106 2098/2112/2214 2116/2130/2232
f 2098/2112/2214 1990/2004/2106 1986/2000/2102
f 1986/2000/2102 2099/2113/2215 2098/2112/2214
f 2099/2113/2215 1986/2000/2102 1989/2003/2105
f 1989/2003/2105 2101/2115/2217 2099/2113/2215
f 1960/1974/2076 1968/1982/2084 1956/1970/2072
f 1956/1970/2072 1953/1967/2069 1960/1974/2076
f 1964/1978/2080 1961/1975/2077 1962/1976/2078
f 1962/1976/2078 1965/1979/2081 1964/1978/2080
f 1969/1983/2085 1972/1986/2088 1965/1979/2081
f 1965/1979/2081 1962/1976/2078 1969/1983/2085
f 1972/1986/2088 1969/1983/2085 1970/1984/2086
f 1970/1984/2086 1973/1987/2089 1972/1986/2088
f 1976/1990/2092 1982/1996/2098 1973/1987/2089
f 1973/1987/2089 1970/1984/2086 1976/1990/2092
f 1980/1994/2096 1977/1991/2093 1951/1965/2067
f 1951/1965/2067 1959/1973/2075 1980/1994/2096
f 1959/1973/2075 1951/1965/2067 1952/1966/2068
f 1952/1966/2068 1955/1969/2071 1959/1973/2075
f 1955/1969/2071 1952/1966/2068 1953/1967/2069
f 1953/1967/2069 1956/1970/2072 1955/1969/2071
f 1967/1981/2083 2083/2097/2199 2081/2095/2197
f 2081/2095/2197 1957/1971/2073 1967/1981/2083
f 2086/2100/2202 1963/1977/2079 1966/1980/2082
f 1966/1980/2082 2087/2101/2203 2086/2100/2202
f 1971/1985/2087 2089/2103/2205 2087/2101/2203
f 2087/2101/2203 1966/1980/2082 1971/1985/2087
f 2089/2103/2205 1971/1985/2087 1974/1988/2090
f 1974/1988/2090 2091/2105/2207 2089/2103/2205
f 1981/1995/2097 2093/2107/2209 2091/2105/2207
f 2091/2105/2207 1974/1988/2090 1981/1995/2097
f 2096/2110/2212 1979/1993/2095 1958/1972/2074
f 1958/1972/2074 2078/2092/2194 2096/2110/2212
f 2078/2092/2194 1958/1972/2074 1954/1968/2070
f 1954/1968/2070 2079/2093/2195 2078/2092/2194
f 2079/2093/2195 1954/1968/2070 1957/1971/2073
f 1957/1971/2073 2081/2095/2197 2079/2093/2195
f 2218/2232/2334 2137/2151/2253 2140/2154/2256
f 2140/2154/2256 2219/2233/2335 2218/2232/2334
f 2236/2250/2352 2155/2169/2271 2137/2151/2253
f 2137/2151/2253 2218/2232/2334 2236/2250/2352
f 2233/2247/2349 2231/2245/2347 2152/2166/2268
f 2152/2166/2268 2154/2168/2270 2233/2247/2349
f 2229/2243/2345 2150/2164/2266 2152/2166/2268
f 2152/2166/2268 2231/2245/2347 2229/2243/2345
f 2229/2243/2345 2227/2241/2343 2148/2162/2264
f 2148/2162/2264 2150/2164/2266 2229/2243/2345
f 2226/2240/2342 2145/2159/2261 2148/2162/2264
f 2148/2162/2264 2227/2241/2343 2226/2240/2342
f 2223/2237/2339 2221/2235/2337 2142/2156/2258
f 2142/2156/2258 2144/2158/2260 2223/2237/2339
f 2219/2233/2335 2140/2154/2256 2142/2156/2258
f 2142/2156/2258 2221/2235/2337 2219/2233/2335
f 2198/2212/2314 2117/2131/2233 2120/2134/2236
f 2120/2134/2236 2199/2213/2315 2198/2212/2314
f 2216/2230/2332 2135/2149/2251 2117/2131/2233
f 2117/2131/2233 2198/2212/2314 2216/2230/2332
f 2213/2227/2329 2211/2225/2327 2132/2146/2248
f 2132/2146/2248 2134/2148/2250 2213/2227/2329
f 2209/2223/2325 2130/2144/2246 2132/2146/2248
f 2132/2146/2248 2211/2225/2327 2209/2223/2325
f 2209/2223/2325 2207/2221/2323 2128/2142/2244
f 2128/2142/2244 2130/2144/2246 2209/2223/2325
f 2206/2220/2322 2125/2139/2241 2128/2142/2244
f 2128/2142/2244 2207/2221/2323 2206/2220/2322
f 2203/2217/2319 2201/2215/2317 2122/2136/2238
f 2122/2136/2238 2124/2138/2240 2203/2217/2319
f 2199/2213/2315 2120/2134/2236 2122/2136/2238
f 2122/2136/2238 2201/2215/2317 2199/2213/2315
f 2178/2192/2294 2097/2111/2213 2100/2114/2216
f 2100/2114/2216 2179/2193/2295 2178/2192/2294
f 2196/2210/2312 2115/2129/2231 2097/2111/2213
f 2097/2111/2213 2178/2192/2294 2196/2210/2312
f 2193/2207/2309 2191/2205/2307 2112/2126/2228
f 2112/2126/2228 2114/2128/2230 2193/2207/2309
f 2189/2203/2305 2110/2124/2226 2112/2126/2228
f 2112/2126/2228 2191/2205/2307 2189/2203/2305
f 2189/2203/2305 2187/2201/2303 2108/2122/2224
f 2108/2122/2224 2110/2124/2226 2189/2203/2305
f 2186/2200/2302 2105/2119/2221 2108/2122/2224
f 2108/2122/2224 2187/2201/2303 2186/2200/2302
f 2183/2197/2299 2181/2195/2297 2102/2116/2218
f 2102/2116/2218 2104/2118/2220 2183/2197/2299
f 2179/2193/2295 2100/2114/2216 2102/2116/2218
f 2102/2116/2218 2181/2195/2297 2179/2193/2295
f 2158/2172/2274 2077/2091/2193 2080/2094/2196
f 2080/2094/2196 2159/2173/2275 2158/2172/2274
f 2176/2190/2292 2095/2109/2211 2077/2091/2193
f 2077/2091/2193 2158/2172/2274 2176/2190/2292
f 2173/2187/2289 2171/2185/2287 2092/2106/2208
f 2092/2106/2208 2094/2108/2210 2173/2187/2289
f 2169/2183/2285 2090/2104/2206 2092/2106/2208
f 2092/2106/2208 2171/2185/2287 2169/2183/2285
f 2169/2183/2285 2167/2181/2283 2088/2102/2204
f 2088/2102/2204 2090/2104/2206 2169/2183/2285
f 2166/2180/2282 2085/2099/2201 2088/2102/2204
f 2088/2102/2204 2167/2181/2283 2166/2180/2282
f 2163/2177/2279 2161/2175/2277 2082/2096/2198
f 2082/2096/2198 2084/2098/2200 2163/2177/2279
f 2159/2173/2275 2080/2094/2196 2082/2096/2198
f 2082/2096/2198 2161/2175/2277 2159/2173/2275
f 2256/2270/2372 2247/2261/2363 2254/2268/2370
f 2254/2268/2370 2257/2271/2373 2256/2270/2372
f 2257/2271/2373 2254/2268/2370 2267/2281/2383
f 2267/2281/2383 2268/2282/2384 2257/2271/2373
f 2268/2282/2384 2267/2281/2383 2269/2283/2385
f 2269/2283/2385 2292/2306/2408 2268/2282/2384
f 2293/2307/2409 2270/2284/2386 2253/2267/2369
f 2253/2267/2369 2271/2285/2387 2293/2307/2409
f 2271/2285/2387 2253/2267/2369 2241/2255/2357
f 2241/2255/2357 2260/2274/2376 2271/2285/2387
f 2260/2274/2376 2241/2255/2357 2242/2256/2358
f 2242/2256/2358 2261/2275/2377 2260/2274/2376
f 2261/2275/2377 2242/2256/2358 2248/2262/2364
f 2248/2262/2364 2265/2279/2381 2261/2275/2377
f 2264/2278/2380 2245/2259/2361 2247/2261/2363
f 2247/2261/2363 2256/2270/2372 2264/2278/2380
f 2258/2272/2374 2275/2289/2391 2274/2288/2390
f 2274/2288/2390 2255/2269/2371 2258/2272/2374
f 2268/2282/2384 2285/2299/2401 2275/2289/2391
f 2275/2289/2391 2258/2272/2374 2268/2282/2384
f 2285/2299/2401 2268/2282/2384 2292/2306/2408
f 2292/2306/2408 2286/2300/2402 2285/2299/2401
f 2289/2303/2405 2293/2307/2409 2271/2285/2387
f 2271/2285/2387 2290/2304/2406 2289/2303/2405
f 2259/2273/2375 2278/2292/2394 2290/2304/2406
f 2290/2304/2406 2271/2285/2387 2259/2273/2375
f 2262/2276/2378 2279/2293/2395 2278/2292/2394
f 2278/2292/2394 2259/2273/2375 2262/2276/2378
f 2279/2293/2395 2262/2276/2378 2266/2280/2382
f 2266/2280/2382 2280/2294/2396 2279/2293/2395
f 2283/2297/2399 2263/2277/2379 2255/2269/2371
f 2255/2269/2371 2274/2288/2390 2283/2297/2399
f 1842/1856/1954 1847/1861/1959 1841/1855/1953
f 1842/1856/1954 1841/1855/1953 1838/1852/1950
f 1846/1860/1958 1845/1859/1957 1841/1855/1953
f 1846/1860/1958 1858/1872/1970 1845/1859/1957
f 1838/1852/1950 1831/1845/1943 1843/1857/1955
f 1857/1871/1969 1855/1869/1967 1845/1859/1957
f 1857/1871/1969 1859/1873/1971 1855/1869/1967
f 1855/1869/1967 1860/1874/1972 1856/1870/1968
f 1885/1899/1999 1879/1893/1991 1889/1903/2003
f 1888/1902/2002 1887/1901/2001 1885/1899/1999
f 1888/1902/2002 1894/1908/2008 1887/1901/2001
f 1893/1907/2007 1892/1906/2006 1887/1901/2001
f 1893/1907/2007 1901/1915/2017 1892/1906/2006
f 1900/1914/2016 1899/1913/2015 1892/1906/2006
f 1900/1914/2016 1902/1916/2018 1899/1913/2015
f 1899/1913/2015 1827/1841/1939 1826/1840/1938
f 2294/2308/2410 2295/2309/2411 2296/1555/1637
f 2296/1555/1637 2297/1550/1633 2294/2308/2410
f 2298/1521/1598 2299/1520/1597 2295/2309/2411
f 2295/2309/2411 2294/2308/2410 2298/1521/1598
f 2300/2310/2412 2299/1520/1597 2301/163/156
f 2301/163/156 2302/2311/2413 2300/2310/2412
f 2302/2311/2413 2301/163/156 2303/1515/1593
f 2303/1515/1593 2304/2312/2414 2302/2311/2413
f 2304/2312/2414 2303/1515/1593 2305/1543/1626
f 2305/1543/1626 2306/2313/2415 2304/2312/2414
f 2307/2314/2416 2308/1528/1607 2309/1535/1616
f 2309/1535/1616 2310/2315/2417 2307/2314/2416
f 2310/2315/2417 2309/1535/1616 2311/1548/1631
f 2311/1548/1631 2312/2316/2418 2310/2315/2417
f 2312/2316/2418 2311/1548/1631 2296/1555/1637
f 2296/1555/1637 2313/2317/2419 2312/2316/2418
f 2313/2317/2419 2296/1555/1637 2295/2309/2411
f 2295/2309/2411 2314/2318/2420 2313/2317/2419
f 2314/2318/2420 2295/2309/2411 2299/1520/1597
f 2299/1520/1597 2300/2310/2412 2314/2318/2420
f 2315/2319/2421 2300/2310/2412 2302/2311/2413
f 2302/2311/2413 2316/2320/2422 2315/2319/2421
f 2316/2320/2422 2302/2311/2413 2304/2312/2414
f 2304/2312/2414 2317/2321/2423 2316/2320/2422
f 2317/2321/2423 2304/2312/2414 2306/2313/2415
f 2306/2313/2415 2318/2322/2424 2317/2321/2423
f 2319/2323/2425 2307/2314/2416 2310/2315/2417
f 2310/2315/2417 2320/2324/2426 2319/2323/2425
f 2320/2324/2426 2310/2315/2417 2312/2316/2418
f 2312/2316/2418 2321/2325/2427 2320/2324/2426
f 2321/2325/2427 2312/2316/2418 2313/2317/2419
f 2313/2317/2419 2322/2326/2428 2321/2325/2427
f 2322/2326/2428 2313/2317/2419 2314/2318/2420
f 2314/2318/2420 2323/2327/2429 2322/2326/2428
f 2323/2327/2429 2314/2318/2420 2300/2310/2412
f 2300/2310/2412 2315/2319/2421 2323/2327/2429
f 2324/2328/2430 2325/2329/2431 2326/2330/2432
f 2326/2330/2432 2327/2331/2433 2324/2328/2430
f 2327/2331/2433 2326/2330/2432 2328/2332/2434
f 2328/2332/2434 2329/2333/2435 2327/2331/2433
f 2329/2333/2435 2328/2332/2434 2330/2334/2436
f 2330/2334/2436 2331/2335/2437 2329/2333/2435
f 2332/2336/2438 2333/2337/2439 2334/2338/2440
f 2334/2338/2440 2335/2339/2441 2332/2336/2438
f 2335/2339/2441 2334/2338/2440 2336/2340/2442
f 2336/2340/2442 2337/2341/2443 2335/2339/2441
f 2337/2341/2443 2336/2340/2442 2338/2342/2444
f 2338/2342/2444 2339/2343/2445 2337/2341/2443
f 2339/2343/2445 2338/2342/2444 2340/2344/2446
f 2340/2344/2446 2341/2345/2447 2339/2343/2445
f 2341/2345/2447 2340/2344/2446 2325/2329/2431
f 2325/2329/2431 2324/2328/2430 2341/2345/2447
f 2342/2346/2448 2343/2347/2449 2344/2348/2450
f 2344/2348/2450 2345/2349/2451 2342/2346/2448
f 2345/2349/2451 2344/2348/2450 2346/2350/2452
f 2346/2350/2452 2347/2351/2453 2345/2349/2451
f 2347/2351/2453 2346/2350/2452 2348/2352/2454
f 2348/2352/2454 2349/2353/2455 2347/2351/2453
f 2350/2354/2456 2351/2355/2457 2352/2356/2458
f 2352/2356/2458 2353/2357/2459 2350/2354/2456
f 2353/2357/2459 2352/2356/2458 2354/2358/2460
f 2354/2358/2460 2355/2359/2461 2353/2357/2459
f 2355/2359/2461 2354/2358/2460 2356/2360/2462
f 2356/2360/2462 2357/2361/2463 2355/2359/2461
f 2357/2361/2463 2356/2360/2462 2358/2362/2464
f 2358/2362/2464 2359/2363/2465 2357/2361/2463
f 2359/2363/2465 2358/2362/2464 2343/2347/2449
f 2343/2347/2449 2342/2346/2448 2359/2363/2465
f 2360/2364/2466 2342/2346/2448 2345/2349/2451
f 2345/2349/2451 2361/2365/2467 2360/2364/2466
f 2361/2365/2467 2345/2349/2451 2347/2351/2453
f 2347/2351/2453 2362/2366/2468 2361/2365/2467
f 2362/2366/2468 2347/2351/2453 2349/2353/2455
f 2349/2353/2455 2363/2367/2469 2362/2366/2468
f 2364/2368/2470 2350/2354/2456 2353/2357/2459
f 2353/2357/2459 2365/2369/2471 2364/2368/2470
f 2365/2369/2471 2353/2357/2459 2355/2359/2461
f 2355/2359/2461 2366/2370/2472 2365/2369/2471
f 2366/2370/2472 2355/2359/2461 2357/2361/2463
f 2357/2361/2463 2367/2371/2473 2366/2370/2472
f 2367/2371/2473 2357/2361/2463 2359/2363/2465
f 2359/2363/2465 2368/2372/2474 2367/2371/2473
f 2368/2372/2474 2359/2363/2465 2342/2346/2448
f 2342/2346/2448 2360/2364/2466 2368/2372/2474
f 2369/2373/2475 2360/2364/2466 2361/2365/2467
f 2361/2365/2467 2370/2374/2476 2369/2373/2475
f 2370/2374/2476 2361/2365/2467 2362/2366/2468
f 2362/2366/2468 2371/2375/2477 2370/2374/2476
f 2371/2375/2477 2362/2366/2468 2363/2367/2469
f 2363/2367/2469 2372/2376/2478 2371/2375/2477
f 2373/2377/2479 2364/2368/2470 2365/2369/2471
f 2365/2369/2471 2374/2378/2480 2373/2377/2479
f 2374/2378/2480 2365/2369/2471 2366/2370/2472
f 2366/2370/2472 2375/2379/2481 2374/2378/2480
f 2375/2379/2481 2366/2370/2472 2367/2371/2473
f 2367/2371/2473 2376/2380/2482 2375/2379/2481
f 2376/2380/2482 2367/2371/2473 2368/2372/2474
f 2368/2372/2474 2377/2381/2483 2376/2380/2482
f 2377/2381/2483 2368/2372/2474 2360/2364/2466
f 2360/2364/2466 2369/2373/2475 2377/2381/2483
f 2378/2382/2484 2369/2373/2475 2370/2374/2476
f 2370/2374/2476 2379/2383/2485 2378/2382/2484
f 2379/2383/2485 2370/2374/2476 2371/2375/2477
f 2371/2375/2477 2380/2384/2486 2379/2383/2485
f 2380/2384/2486 2371/2375/2477 2372/2376/2478
f 2372/2376/2478 2381/2385/2487 2380/2384/2486
f 2382/2386/2488 2373/2377/2479 2374/2378/2480
f 2374/2378/2480 2383/2387/2489 2382/2386/2488
f 2383/2387/2489 2374/2378/2480 2375/2379/2481
f 2375/2379/2481 2384/2388/2490 2383/2387/2489
f 2384/2388/2490 2375/2379/2481 2376/2380/2482
f 2376/2380/2482 2385/2389/2491 2384/2388/2490
f 2385/2389/2491 2376/2380/2482 2377/2381/2483
f 2377/2381/2483 2386/2390/2492 2385/2389/2491
f 2386/2390/2492 2377/2381/2483 2369/2373/2475
f 2369/2373/2475 2378/2382/2484 2386/2390/2492
f 2387/2391/2493 2388/2392/2494 2389/2393/2495
f 2389/2393/2495 2390/2394/2496 2387/2391/2493
f 2387/2391/2493 2390/2394/2496 2391/2395/2497
f 2391/2395/2497 2392/2396/2498 2387/2391/2493
f 2392/2396/2498 2391/2395/2497 2393/2397/2499
f 2393/2397/2499 2394/2398/2500 2392/2396/2498
f 2395/2399/2501 2396/2400/2502 2397/2401/2503
f 2397/2401/2503 2398/2402/2504 2395/2399/2501
f 2399/2403/2505 2400/2404/2506 2401/2405/2507
f 2401/2405/2507 2402/2406/2508 2399/2403/2505
f 2403/2407/2509 2404/2408/2510 2405/2409/2511
f 2405/2409/2511 2406/2410/2512 2403/2407/2509
f 2403/2407/2509 2406/2410/2512 2407/2411/2513
f 2407/2411/2513 2408/2412/2514 2403/2407/2509
f 2409/2413/2515 2410/2414/2516 2411/2415/2517
f 2411/2415/2517 2412/2416/2518 2409/2413/2515
f 2413/2417/2519 2414/2418/2520 2388/2392/2494
f 2388/2392/2494 2387/2391/2493 2413/2417/2519
f 2413/2417/2519 2387/2391/2493 2392/2396/2498
f 2392/2396/2498 2415/2419/2521 2413/2417/2519
f 2415/2419/2521 2392/2396/2498 2394/2398/2500
f 2394/2398/2500 2416/2420/2522 2415/2419/2521
f 2417/2421/2523 2395/2399/2501 2398/2402/2504
f 2398/2402/2504 2418/2422/2524 2417/2421/2523
f 2419/2423/2525 2420/2424/2526 2400/2404/2506
f 2400/2404/2506 2399/2403/2505 2419/2423/2525
f 2421/2425/2527 2422/2426/2528 2404/2408/2510
f 2404/2408/2510 2403/2407/2509 2421/2425/2527
f 2421/2425/2527 2403/2407/2509 2408/2412/2514
f 2408/2412/2514 2423/2427/2529 2421/2425/2527
f 2424/2428/2530 2409/2413/2515 2412/2416/2518
f 2412/2416/2518 2425/2429/2531 2424/2428/2530
f 2426/2430/2532 2427/2431/2533 2414/2418/2520
f 2414/2418/2520 2413/2417/2519 2426/2430/2532
f 2426/2430/2532 2413/2417/2519 2415/2419/2521
f 2415/2419/2521 2428/2432/2534 2426/2430/2532
f 2428/2432/2534 2415/2419/2521 2416/2420/2522
f 2416/2420/2522 2429/2433/2535 2428/2432/2534
f 2430/2434/2536 2417/2421/2523 2418/2422/2524
f 2418/2422/2524 2431/2435/2537 2430/2434/2536
f 2432/2436/2538 2433/2437/2539 2420/2424/2526
f 2420/2424/2526 2419/2423/2525 2432/2436/2538
f 2434/2438/2540 2435/2439/2541 2422/2426/2528
f 2422/2426/2528 2421/2425/2527 2434/2438/2540
f 2434/2438/2540 2421/2425/2527 2423/2427/2529
f 2423/2427/2529 2436/2440/2542 2434/2438/2540
f 2437/2441/2543 2424/2428/2530 2425/2429/2531
f 2425/2429/2531 2438/2442/2544 2437/2441/2543
f 2439/2443/2545 2440/2444/2546 2441/2445/2547
f 2441/2445/2547 2442/2446/2548 2439/2443/2545
f 2439/2443/2545 2442/2446/2548 2443/2447/2549
f 2443/2447/2549 2444/2448/2550 2439/2443/2545
f 2444/2448/2550 2443/2447/2549 2445/2449/2551
f 2445/2449/2551 2446/2450/2552 2444/2448/2550
f 2447/2451/2553 2448/2452/2554 2449/2453/2555
f 2449/2453/2555 2450/2454/2556 2447/2451/2553
f 2451/2455/2557 2452/2456/2558 2453/2457/2559
f 2453/2457/2559 2454/2458/2560 2451/2455/2557
f 2455/2459/2561 2456/2460/2562 2457/2461/2563
f 2457/2461/2563 2458/2462/2564 2455/2459/2561
f 2455/2459/2561 2458/2462/2564 2459/2463/2565
f 2459/2463/2565 2460/2464/2566 2455/2459/2561
f 2461/2465/2567 2462/2466/2568 2463/2467/2569
f 2463/2467/2569 2464/2468/2570 2461/2465/2567
f 2465/2469/2571 2466/2470/2572 2467/2471/2573
f 2467/2471/2573 2468/2472/2574 2465/2469/2571
f 2465/2469/2571 2468/2472/2574 2469/2473/2575
f 2469/2473/2575 2470/2474/2576 2465/2469/2571
f 2470/2474/2576 2469/2473/2575 2471/2475/2577
f 2471/2475/2577 2472/2476/2578 2470/2474/2576
f 2473/2477/2579 2474/2478/2580 2475/2479/2581
f 2475/2479/2581 2476/2480/2582 2473/2477/2579
f 2477/2481/2583 2478/2482/2584 2479/2483/2585
f 2479/2483/2585 2480/2484/2586 2477/2481/2583
f 2481/2485/2587 2482/2486/2588 2483/2487/2589
f 2483/2487/2589 2484/2488/2590 2481/2485/2587
f 2481/2485/2587 2484/2488/2590 2485/2489/2591
f 2485/2489/2591 2486/2490/2592 2481/2485/2587
f 2487/2491/2593 2488/2492/2594 2489/2493/2595
f 2489/2493/2595 2490/2494/2596 2487/2491/2593
f 2491/2495/2597 2492/2496/2598 2466/2470/2572
f 2466/2470/2572 2465/2469/2571 2491/2495/2597
f 2491/2495/2597 2465/2469/2571 2470/2474/2576
f 2470/2474/2576 2493/2497/2599 2491/2495/2597
f 2493/2497/2599 2470/2474/2576 2472/2476/2578
f 2472/2476/2578 2494/2498/2600 2493/2497/2599
f 2495/2499/2601 2473/2477/2579 2476/2480/2582
f 2476/2480/2582 2496/2500/2602 2495/2499/2601
f 2497/2501/2603 2498/2502/2604 2478/2482/2584
f 2478/2482/2584 2477/2481/2583 2497/2501/2603
f 2499/2503/2605 2500/2504/2606 2482/2486/2588
f 2482/2486/2588 2481/2485/2587 2499/2503/2605
f 2499/2503/2605 2481/2485/2587 2486/2490/2592
f 2486/2490/2592 2501/2505/2607 2499/2503/2605
f 2502/2506/2608 2487/2491/2593 2490/2494/2596
f 2490/2494/2596 2503/2507/2609 2502/2506/2608
f 2504/2508/2610 2505/2509/2611 2492/2496/2598
f 2492/2496/2598 2491/2495/2597 2504/2508/2610
f 2504/2508/2610 2491/2495/2597 2493/2497/2599
f 2493/2497/2599 2506/2510/2612 2504/2508/2610
f 2506/2510/2612 2493/2497/2599 2494/2498/2600
f 2494/2498/2600 2507/2511/2613 2506/2510/2612
f 2508/2512/2614 2495/2499/2601 2496/2500/2602
f 2496/2500/2602 2509/2513/2615 2508/2512/2614
f 2510/2514/2616 2511/2515/2617 2498/2502/2604
f 2498/2502/2604 2497/2501/2603 2510/2514/2616
f 2512/2516/2618 2513/2517/2619 2500/2504/2606
f 2500/2504/2606 2499/2503/2605 2512/2516/2618
f 2512/2516/2618 2499/2503/2605 2501/2505/2607
f 2501/2505/2607 2514/2518/2620 2512/2516/2618
f 2515/2519/2621 2502/2506/2608 2503/2507/2609
f 2503/2507/2609 2516/2520/2622 2515/2519/2621
f 2517/2521/2623 2518/2522/2624 2519/2523/2625
f 2519/2523/2625 2520/2524/2626 2517/2521/2623
f 2517/2521/2623 2520/2524/2626 2521/2525/2627
f 2521/2525/2627 2522/2526/2628 2517/2521/2623
f 2522/2526/2628 2521/2525/2627 2523/2527/2629
f 2523/2527/2629 2524/2528/2630 2522/2526/2628
f 2525/2529/2631 2526/2530/2632 2527/2531/2633
f 2527/2531/2633 2528/2532/2634 2525/2529/2631
f 2529/2533/2635 2530/2534/2636 2531/2535/2637
f 2531/2535/2637 2532/2536/2638 2529/2533/2635
f 2533/2537/2639 2534/2538/2640 2535/2539/2641
f 2535/2539/2641 2536/2540/2642 2533/2537/2639
f 2537/2541/2643 2538/2542/2644 2539/2543/2645
f 2539/2543/2645 2540/2544/2646 2537/2541/2643
f 2468/2472/2574 2467/2471/2573 2440/2444/2546
f 2440/2444/2546 2439/2443/2545 2468/2472/2574
f 2468/2472/2574 2439/2443/2545 2444/2448/2550
f 2444/2448/2550 2469/2473/2575 2468/2472/2574
f 2469/2473/2575 2444/2448/2550 2446/2450/2552
f 2446/2450/2552 2471/2475/2577 2469/2473/2575
f 2474/2478/2580 2447/2451/2553 2450/2454/2556
f 2450/2454/2556 2475/2479/2581 2474/2478/2580
f 2480/2484/2586 2479/2483/2585 2452/2456/2558
f 2452/2456/2558 2451/2455/2557 2480/2484/2586
f 2484/2488/2590 2483/2487/2589 2456/2460/2562
f 2456/2460/2562 2455/2459/2561 2484/2488/2590
f 2484/2488/2590 2455/2459/2561 2460/2464/2566
f 2460/2464/2566 2485/2489/2591 2484/2488/2590
f 2488/2492/2594 2461/2465/2567 2464/2468/2570
f 2464/2468/2570 2489/2493/2595 2488/2492/2594
f 2442/2446/2548 2441/2445/2547 2541/2545/2647
f 2541/2545/2647 2542/2546/2648 2442/2446/2548
f 2442/2446/2548 2542/2546/2648 2543/2547/2649
f 2543/2547/2649 2443/2447/2549 2442/2446/2548
f 2443/2447/2549 2543/2547/2649 2544/2548/2650
f 2544/2548/2650 2445/2449/2551 2443/2447/2549
f 2448/2452/2554 2545/2549/2651 2546/2550/2652
f 2546/2550/2652 2449/2453/2555 2448/2452/2554
f 2454/2458/2560 2453/2457/2559 2547/2551/2653
f 2547/2551/2653 2548/2552/2654 2454/2458/2560
f 2458/2462/2564 2457/2461/2563 2549/2553/2655
f 2549/2553/2655 2550/2554/2656 2458/2462/2564
f 2458/2462/2564 2550/2554/2656 2551/2555/2657
f 2551/2555/2657 2459/2463/2565 2458/2462/2564
f 2462/2466/2568 2552/2556/2658 2553/2557/2659
f 2553/2557/2659 2463/2467/2569 2462/2466/2568
f 2520/2524/2626 2519/2523/2625 2505/2509/2611
f 2505/2509/2611 2504/2508/2610 2520/2524/2626
f 2520/2524/2626 2504/2508/2610 2506/2510/2612
f 2506/2510/2612 2521/2525/2627 2520/2524/2626
f 2521/2525/2627 2506/2510/2612 2507/2511/2613
f 2507/2511/2613 2523/2527/2629 2521/2525/2627
f 2526/2530/2632 2508/2512/2614 2509/2513/2615
f 2509/2513/2615 2527/2531/2633 2526/2530/2632
f 2532/2536/2638 2531/2535/2637 2511/2515/2617
f 2511/2515/2617 2510/2514/2616 2532/2536/2638
f 2536/2540/2642 2535/2539/2641 2513/2517/2619
f 2513/2517/2619 2512/2516/2618 2536/2540/2642
f 2538/2542/2644 2515/2519/2621 2516/2520/2622
f 2516/2520/2622 2539/2543/2645 2538/2542/2644
f 2554/2558/2660 2555/2559/2661 2556/2560/2662
f 2556/2560/2662 2557/2561/2663 2554/2558/2660
f 2554/2558/2660 2557/2561/2663 1146/1149/1150
f 1146/1149/1150 1147/1150/1151 2554/2558/2660
f 2558/2562/2664 2559/2563/2665 2560/2564/2666
f 2560/2564/2666 2561/2565/2667 2558/2562/2664
f 2558/2562/2664 2561/2565/2667 2562/2566/2668
f 2562/2566/2668 2563/2567/2669 2558/2562/2664
f 2564/2568/2670 2565/2569/2671 2566/2570/2672
f 2566/2570/2672 2567/2571/2673 2564/2568/2670
f 2568/2572/2674 2569/2573/2675 2555/2559/2661
f 2555/2559/2661 2554/2558/2660 2568/2572/2674
f 2568/2572/2674 2554/2558/2660 1147/1150/1151
f 1147/1150/1151 1160/1163/1164 2568/2572/2674
f 2570/2574/2676 2571/2575/2677 2559/2563/2665
f 2559/2563/2665 2558/2562/2664 2570/2574/2676
f 2570/2574/2676 2558/2562/2664 2563/2567/2669
f 2563/2567/2669 2572/2576/2678 2570/2574/2676
f 2573/2577/2679 2564/2568/2670 2567/2571/2673
f 2567/2571/2673 2574/2578/2680 2573/2577/2679
f 2575/2579/2681 2576/2580/2682 2569/2573/2675
f 2569/2573/2675 2568/2572/2674 2575/2579/2681
f 2575/2579/2681 2568/2572/2674 1160/1163/1164
f 1160/1163/1164 1168/1171/1172 2575/2579/2681
f 2577/2581/2683 2578/2582/2684 2571/2575/2677
f 2571/2575/2677 2570/2574/2676 2577/2581/2683
f 2577/2581/2683 2570/2574/2676 2572/2576/2678
f 2572/2576/2678 2579/2583/2685 2577/2581/2683
f 2580/2584/2686 2573/2577/2679 2574/2578/2680
f 2574/2578/2680 2581/2585/2687 2580/2584/2686
f 2582/2586/2688 2583/2587/2689 2576/2580/2682
f 2576/2580/2682 2575/2579/2681 2582/2586/2688
f 2582/2586/2688 2575/2579/2681 1168/1171/1172
f 1168/1171/1172 1176/1179/1180 2582/2586/2688
f 2584/2588/2690 2585/2589/2691 2578/2582/2684
f 2578/2582/2684 2577/2581/2683 2584/2588/2690
f 2584/2588/2690 2577/2581/2683 2579/2583/2685
f 2579/2583/2685 2586/2590/2692 2584/2588/2690
f 2587/2591/2693 2580/2584/2686 2581/2585/2687
f 2581/2585/2687 2588/2592/2694 2587/2591/2693
f 2589/2593/2695 2590/2594/2696 2583/2587/2689
f 2583/2587/2689 2582/2586/2688 2589/2593/2695
f 2589/2593/2695 2582/2586/2688 1176/1179/1180
f 2589/2593/2695 1176/1179/1180 1185/1188/1189
f 1185/1188/1189 1184/1187/1188 2589/2593/2695
f 2591/2595/2697 2592/2596/2698 2585/2589/2691
f 2585/2589/2691 2584/2588/2690 2591/2595/2697
f 2591/2595/2697 2584/2588/2690 2586/2590/2692
f 2586/2590/2692 2593/2597/2699 2591/2595/2697
f 2594/2598/2700 2587/2591/2693 2588/2592/2694
f 2588/2592/2694 2595/2599/2701 2594/2598/2700
f 2596/2600/2702 2597/2601/2703 2590/2594/2696
f 2590/2594/2696 2589/2593/2695 2596/2600/2702
f 2596/2600/2702 2589/2593/2695 1184/1187/1188
f 1184/1187/1188 1193/1196/1197 2596/2600/2702
f 2598/2602/2704 2599/2603/2705 2592/2596/2698
f 2592/2596/2698 2591/2595/2697 2598/2602/2704
f 2598/2602/2704 2591/2595/2697 2593/2597/2699
f 2593/2597/2699 2600/2604/2706 2598/2602/2704
f 2601/2605/2707 2594/2598/2700 2595/2599/2701
f 2595/2599/2701 2602/2606/2708 2601/2605/2707
f 2603/2607/2709 2604/2608/2710 2597/2601/2703
f 2597/2601/2703 2596/2600/2702 2603/2607/2709
f 2603/2607/2709 2596/2600/2702 1193/1196/1197
f 1193/1196/1197 1201/1204/1206 2603/2607/2709
f 2605/2609/2711 2606/2610/2712 2599/2603/2705
f 2599/2603/2705 2598/2602/2704 2605/2609/2711
f 2607/2611/2713 2608/2612/2714 2609/2613/2715
f 2609/2613/2715 2610/2614/2716 2607/2611/2713
f 2611/2615/2717 2612/2616/2718 2613/2617/2719
f 2613/2617/2719 2614/2618/2720 2611/2615/2717
f 2615/2619/2721 2616/2620/2722 2617/2621/2723
f 2617/2621/2723 2618/2622/2724 2615/2619/2721
f 2615/2619/2721 2618/2622/2724 1216/1219/1221
f 1216/1219/1221 1217/1220/1222 2615/2619/2721
f 2619/2623/2725 2620/2624/2726 2621/2625/2727
f 2621/2625/2727 2622/2626/2728 2619/2623/2725
f 2623/2627/2729 2624/2628/2730 2616/2620/2722
f 2616/2620/2722 2615/2619/2721 2623/2627/2729
f 2623/2627/2729 2615/2619/2721 1217/1220/1222
f 1217/1220/1222 1224/1227/1229 2623/2627/2729
f 2625/2629/2731 2626/2630/2732 2620/2624/2726
f 2620/2624/2726 2619/2623/2725 2625/2629/2731
f 2625/2629/2731 2619/2623/2725 2627/2631/2733
f 2627/2631/2733 2628/2632/2734 2625/2629/2731
f 2629/2633/2735 2630/2634/2736 2631/2635/2737
f 2631/2635/2737 2632/2636/2738 2629/2633/2735
f 2633/2637/2739 2634/2638/2740 2624/2628/2730
f 2624/2628/2730 2623/2627/2729 2633/2637/2739
f 2633/2637/2739 2623/2627/2729 1224/1227/1229
f 1224/1227/1229 1235/1238/1240 2633/2637/2739
f 2635/2639/2741 2636/2640/2742 2626/2630/2732
f 2626/2630/2732 2625/2629/2731 2635/2639/2741
f 2635/2639/2741 2625/2629/2731 2628/2632/2734
f 2628/2632/2734 2637/2641/2743 2635/2639/2741
f 2638/2642/2744 2629/2633/2735 2632/2636/2738
f 2632/2636/2738 2639/2643/2745 2638/2642/2744
f 2640/2644/2746 2641/2645/2747 2642/2646/2748
f 2642/2646/2748 2643/2647/2749 2640/2644/2746
f 2640/2644/2746 2643/2647/2749 2644/2648/2750
f 2644/2648/2750 2645/2649/2751 2640/2644/2746
f 2646/2650/2752 2647/2651/2753 2648/2652/2754
f 2648/2652/2754 2649/2653/2755 2646/2650/2752
f 2650/2654/2756 2651/2655/2757 2652/2656/2758
f 2652/2656/2758 2653/2657/2759 2650/2654/2756
f 2654/2658/2760 2655/2659/2761 2656/2660/2762
f 2656/2660/2762 2657/2661/2763 2654/2658/2760
f 2622/2626/2728 2621/2625/2727 2658/2662/2764
f 2658/2662/2764 2607/2611/2713 2622/2626/2728
f 2618/2622/2724 2617/2621/2723 2659/2663/2765
f 2659/2663/2765 2660/2664/2766 2618/2622/2724
f 2618/2622/2724 2660/2664/2766 1262/1265/1270
f 1262/1265/1270 1216/1219/1221 2618/2622/2724
f 2630/2634/2736 2661/2665/2767 2662/2666/2768
f 2662/2666/2768 2631/2635/2737 2630/2634/2736
f 2619/2623/2725 2663/2667/2769 2664/2668/2770
f 2664/2668/2770 2627/2631/2733 2619/2623/2725
f 2622/2626/2728 2665/2669/2771 2663/2667/2769
f 2663/2667/2769 2619/2623/2725 2622/2626/2728
f 2607/2611/2713 2666/2670/2772 2665/2669/2771
f 2665/2669/2771 2622/2626/2728 2607/2611/2713
f 2610/2614/2716 2667/2671/2773 2666/2670/2772
f 2666/2670/2772 2607/2611/2713 2610/2614/2716
f 2614/2618/2720 2668/2672/2774 2669/2673/2775
f 2669/2673/2775 2611/2615/2717 2614/2618/2720
f 2670/2674/2776 2671/2675/2777 2668/2672/2774
f 2668/2672/2774 2614/2618/2720 2670/2674/2776
f 2631/2635/2737 2662/2666/2768 2671/2675/2777
f 2671/2675/2777 2670/2674/2776 2631/2635/2737
f 2343/2347/2449 2324/2328/2430 2327/2331/2433
f 2327/2331/2433 2344/2348/2450 2343/2347/2449
f 2344/2348/2450 2327/2331/2433 2329/2333/2435
f 2329/2333/2435 2346/2350/2452 2344/2348/2450
f 2346/2350/2452 2329/2333/2435 2331/2335/2437
f 2331/2335/2437 2348/2352/2454 2346/2350/2452
f 2351/2355/2457 2332/2336/2438 2335/2339/2441
f 2335/2339/2441 2352/2356/2458 2351/2355/2457
f 2352/2356/2458 2335/2339/2441 2337/2341/2443
f 2337/2341/2443 2354/2358/2460 2352/2356/2458
f 2354/2358/2460 2337/2341/2443 2339/2343/2445
f 2339/2343/2445 2356/2360/2462 2354/2358/2460
f 2356/2360/2462 2339/2343/2445 2341/2345/2447
f 2341/2345/2447 2358/2362/2464 2356/2360/2462
f 2358/2362/2464 2341/2345/2447 2324/2328/2430
f 2324/2328/2430 2343/2347/2449 2358/2362/2464
f 2325/2329/2431 2315/2319/2421 2316/2320/2422
f 2316/2320/2422 2326/2330/2432 2325/2329/2431
f 2326/2330/2432 2316/2320/2422 2317/2321/2423
f 2317/2321/2423 2328/2332/2434 2326/2330/2432
f 2328/2332/2434 2317/2321/2423 2318/2322/2424
f 2318/2322/2424 2330/2334/2436 2328/2332/2434
f 2333/2337/2439 2319/2323/2425 2320/2324/2426
f 2320/2324/2426 2334/2338/2440 2333/2337/2439
f 2334/2338/2440 2320/2324/2426 2321/2325/2427
f 2321/2325/2427 2336/2340/2442 2334/2338/2440
f 2336/2340/2442 2321/2325/2427 2322/2326/2428
f 2322/2326/2428 2338/2342/2444 2336/2340/2442
f 2338/2342/2444 2322/2326/2428 2323/2327/2429
f 2323/2327/2429 2340/2344/2446 2338/2342/2444
f 2340/2344/2446 2323/2327/2429 2315/2319/2421
f 2315/2319/2421 2325/2329/2431 2340/2344/2446
f 2650/2654/2756 2653/2657/2759 2672/2676/2778
f 2672/2676/2778 2673/2677/2779 2650/2654/2756
f 2533/2537/2639 2536/2540/2642 2674/2678/2780
f 2674/2678/2780 2675/2679/2781 2533/2537/2639
f 2512/2516/2618 2514/2518/2620 2674/2678/2780
f 2674/2678/2780 2536/2540/2642 2512/2516/2618
f 2676/2680/2782 2677/2681/2783 2678/2682/2784
f 2678/2682/2784 2679/2683/2785 2676/2680/2782
f 2680/2684/2786 2681/2685/2787 2682/2686/2788
f 2682/2686/2788 2683/2687/2789 2680/2684/2786
f 2684/2688/2790 2685/2689/2791 2682/2686/2788
f 2682/2686/2788 2681/2685/2787 2684/2688/2790
f 2686/2690/2792 2687/2691/2793 2688/2692/2794
f 2688/2692/2794 2689/2693/2795 2686/2690/2792
f 2690/2694/2796 2691/2695/2797 2692/2696/2798
f 2692/2696/2798 2693/2697/2799 2690/2694/2796
f 2694/2698/2800 2695/2699/2801 2696/2700/2802
f 2696/2700/2802 2697/2701/2803 2694/2698/2800
f 2698/2702/2804 2699/2703/2805 2700/2704/2806
f 2700/2704/2806 2701/2705/2807 2698/2702/2804
f 2702/2706/2808 2677/2681/2783 2676/2680/2782
f 2676/2680/2782 2703/2707/2809 2702/2706/2808
f 2704/2708/2810 2681/2685/2787 2680/2684/2786
f 2680/2684/2786 2705/2709/2811 2704/2708/2810
f 2706/2710/2812 2684/2688/2790 2681/2685/2787
f 2681/2685/2787 2704/2708/2810 2706/2710/2812
f 2690/2694/2796 2707/2711/2813 2708/2712/2814
f 2708/2712/2814 2691/2695/2797 2690/2694/2796
f 2709/2713/2815 2694/2698/2800 2697/2701/2803
f 2697/2701/2803 2710/2714/2816 2709/2713/2815
f 2711/2715/2817 2698/2702/2804 2701/2705/2807
f 2701/2705/2807 2712/2716/2818 2711/2715/2817
f 2713/2717/2819 2687/2691/2793 2686/2690/2792
f 2686/2690/2792 2714/2718/2820 2713/2717/2819
f 2715/2719/2821 2411/2415/2517 2410/2414/2516
f 2410/2414/2516 2716/2720/2822 2715/2719/2821
f 2717/2721/2823 2407/2411/2513 2406/2410/2512
f 2406/2410/2512 2718/2722/2824 2717/2721/2823
f 2718/2722/2824 2406/2410/2512 2405/2409/2511
f 2405/2409/2511 2719/2723/2825 2718/2722/2824
f 2720/2724/2826 2402/2406/2508 2401/2405/2507
f 2401/2405/2507 2721/2725/2827 2720/2724/2826
f 2722/2726/2828 2397/2401/2503 2396/2400/2502
f 2396/2400/2502 2723/2727/2829 2722/2726/2828
f 2724/2728/2830 2393/2397/2499 2391/2395/2497
f 2391/2395/2497 2725/2729/2831 2724/2728/2830
f 2725/2729/2831 2391/2395/2497 2390/2394/2496
f 2390/2394/2496 2726/2730/2832 2725/2729/2831
f 2726/2730/2832 2390/2394/2496 2389/2393/2495
f 2389/2393/2495 2727/2731/2833 2726/2730/2832
f 2728/2732/2834 2729/2733/2835 2685/2689/2791
f 2685/2689/2791 2730/2734/2836 2728/2732/2834
f 2731/2735/2837 2730/2734/2836 2685/2689/2791
f 2685/2689/2791 2684/2688/2790 2731/2735/2837
f 2732/2736/2838 2733/2737/2839 2734/2738/2840
f 2734/2738/2840 2735/2739/2841 2732/2736/2838
f 2736/2740/2842 2737/2741/2843 2738/2742/2844
f 2738/2742/2844 2739/2743/2845 2736/2740/2842
f 2740/2744/2846 2689/2693/2795 2737/2741/2843
f 2737/2741/2843 2736/2740/2842 2740/2744/2846
f 2689/2693/2795 2740/2744/2846 2741/2745/2847
f 2741/2745/2847 2686/2690/2792 2689/2693/2795
f 2731/2735/2837 2684/2688/2790 2706/2710/2812
f 2706/2710/2812 2742/2746/2848 2731/2735/2837
f 2743/2747/2849 2714/2718/2820 2686/2690/2792
f 2686/2690/2792 2741/2745/2847 2743/2747/2849
f 2744/2748/2850 2728/2732/2834 2730/2734/2836
f 2730/2734/2836 2693/2697/2799 2744/2748/2850
f 2745/2749/2851 2732/2736/2838 2735/2739/2841
f 2735/2739/2841 2746/2750/2852 2745/2749/2851
f 2747/2751/2853 2736/2740/2842 2739/2743/2845
f 2739/2743/2845 2748/2752/2854 2747/2751/2853
f 2749/2753/2855 2740/2744/2846 2736/2740/2842
f 2736/2740/2842 2747/2751/2853 2749/2753/2855
f 2693/2697/2799 2730/2734/2836 2731/2735/2837
f 2731/2735/2837 2690/2694/2796 2693/2697/2799
f 2750/2754/2856 2741/2745/2847 2740/2744/2846
f 2740/2744/2846 2749/2753/2855 2750/2754/2856
f 2690/2694/2796 2731/2735/2837 2742/2746/2848
f 2742/2746/2848 2707/2711/2813 2690/2694/2796
f 2751/2755/2857 2743/2747/2849 2741/2745/2847
f 2741/2745/2847 2750/2754/2856 2751/2755/2857
f 2693/2697/2799 2692/2696/2798 2752/2756/2858
f 2752/2756/2858 2744/2748/2850 2693/2697/2799
f 2700/2704/2806 2747/2751/2853 2748/2752/2854
f 2748/2752/2854 2753/2757/2859 2700/2704/2806
f 2700/2704/2806 2699/2703/2805 2749/2753/2855
f 2749/2753/2855 2747/2751/2853 2700/2704/2806
f 2698/2702/2804 2750/2754/2856 2749/2753/2855
f 2749/2753/2855 2699/2703/2805 2698/2702/2804
f 2698/2702/2804 2711/2715/2817 2751/2755/2857
f 2751/2755/2857 2750/2754/2856 2698/2702/2804
f 2754/2758/2860 2755/2759/2861 2756/2760/2862
f 2756/2760/2862 2757/2761/2863 2754/2758/2860
f 2757/2761/2863 2756/2760/2862 2758/2762/2864
f 2758/2762/2864 2759/2763/2865 2757/2761/2863
f 2759/2763/2865 2758/2762/2864 2760/2764/2866
f 2760/2764/2866 2761/2765/2867 2759/2763/2865
f 2761/2765/2867 2760/2764/2866 2762/2766/2868
f 2762/2766/2868 2763/2767/2869 2761/2765/2867
f 2764/2768/2870 2763/2767/2869 2762/2766/2868
f 2765/2769/2871 2766/2770/2872 2767/2771/2873
f 2767/2771/2873 2768/2772/2874 2765/2769/2871
f 2763/2767/2869 2764/2768/2870 2769/2773/2875
f 2769/2773/2875 2770/2774/2876 2763/2767/2869
f 2771/2775/2877 2761/2765/2867 2763/2767/2869
f 2763/2767/2869 2770/2774/2876 2771/2775/2877
f 2772/2776/2878 2759/2763/2865 2761/2765/2867
f 2761/2765/2867 2771/2775/2877 2772/2776/2878
f 2773/2777/2879 2757/2761/2863 2759/2763/2865
f 2759/2763/2865 2772/2776/2878 2773/2777/2879
f 2774/2778/2880 2754/2758/2860 2757/2761/2863
f 2757/2761/2863 2773/2777/2879 2774/2778/2880
f 2775/2779/2881 2766/2770/2872 2765/2769/2871
f 2765/2769/2871 2776/2780/2882 2775/2779/2881
f 2695/2699/2801 2745/2749/2851 2746/2750/2852
f 2746/2750/2852 2696/2700/2802 2695/2699/2801
f 2777/2781/2883 2701/2705/2807 2700/2704/2806
f 2700/2704/2806 2753/2757/2859 2777/2781/2883
f 2778/2782/2884 2712/2716/2818 2701/2705/2807
f 2701/2705/2807 2777/2781/2883 2778/2782/2884
f 2691/2695/2797 2779/2783/2885 2752/2756/2858
f 2752/2756/2858 2692/2696/2798 2691/2695/2797
f 2708/2712/2814 2780/2784/2886 2779/2783/2885
f 2779/2783/2885 2691/2695/2797 2708/2712/2814
f 2754/2758/2860 2765/2769/2871 2768/2772/2874
f 2768/2772/2874 2755/2759/2861 2754/2758/2860
f 2774/2778/2880 2776/2780/2882 2765/2769/2871
f 2765/2769/2871 2754/2758/2860 2774/2778/2880
f 2781/2785/2887 2782/2786/2888 2783/2787/2889
f 2783/2787/2889 2784/2788/2890 2781/2785/2887
f 2785/2789/2891 2786/2790/2892 2782/2786/2888
f 2782/2786/2888 2781/2785/2887 2785/2789/2891
f 2787/2791/2893 2788/2792/2894 2786/2790/2892
f 2786/2790/2892 2785/2789/2891 2787/2791/2893
f 2789/2793/2895 2790/2794/2896 2788/2792/2894
f 2788/2792/2894 2787/2791/2893 2789/2793/2895
f 2791/2795/2897 2792/2796/2898 2790/2794/2896
f 2790/2794/2896 2789/2793/2895 2791/2795/2897
f 2793/2797/2899 2794/2798/2900 2792/2796/2898
f 2792/2796/2898 2791/2795/2897 2793/2797/2899
f 2795/2799/2901 2796/2800/2902 2794/2798/2900
f 2794/2798/2900 2793/2797/2899 2795/2799/2901
f 2797/2801/2903 2798/2802/2904 2799/2803/2905
f 2799/2803/2905 2800/2804/2906 2797/2801/2903
f 2801/2805/2907 2802/2806/2908 2798/2802/2904
f 2798/2802/2904 2797/2801/2903 2801/2805/2907
f 2803/2807/2909 2804/2808/2910 2802/2806/2908
f 2802/2806/2908 2801/2805/2907 2803/2807/2909
f 2800/2804/2906 2799/2803/2905 2805/2809/2911
f 2805/2809/2911 2806/2810/2912 2800/2804/2906
f 2649/2653/2755 2648/2652/2754 2530/2534/2636
f 2530/2534/2636 2529/2533/2635 2649/2653/2755
f 2653/2657/2759 2652/2656/2758 2534/2538/2640
f 2534/2538/2640 2533/2537/2639 2653/2657/2759
f 2653/2657/2759 2533/2537/2639 2675/2679/2781
f 2675/2679/2781 2672/2676/2778 2653/2657/2759
f 2655/2659/2761 2537/2541/2643 2540/2544/2646
f 2540/2544/2646 2656/2660/2762 2655/2659/2761
f 2643/2647/2749 2642/2646/2748 2518/2522/2624
f 2518/2522/2624 2517/2521/2623 2643/2647/2749
f 2643/2647/2749 2517/2521/2623 2522/2526/2628
f 2643/2647/2749 2522/2526/2628 2807/2811/2913
f 2807/2811/1417 2644/2648/2750 2643/2647/2749
f 2808/2812/2914 2528/2532/2634 2530/2534/2636
f 2808/2812/2914 2530/2534/2636 2648/2652/2754
f 2648/2652/2754 2809/2813/2915 2808/2812/2914
f 2528/2532/2634 2527/2531/2633 2531/2535/2637
f 2531/2535/2637 2530/2534/2636 2528/2532/2634
f 2527/2531/2633 2509/2513/2615 2511/2515/2617
f 2511/2515/2617 2531/2535/2637 2527/2531/2633
f 2509/2513/2615 2496/2500/2602 2498/2502/2604
f 2498/2502/2604 2511/2515/2617 2509/2513/2615
f 2496/2500/2602 2476/2480/2582 2478/2482/2584
f 2478/2482/2584 2498/2502/2604 2496/2500/2602
f 2476/2480/2582 2475/2479/2581 2479/2483/2585
f 2479/2483/2585 2478/2482/2584 2476/2480/2582
f 2475/2479/2581 2450/2454/2556 2452/2456/2558
f 2452/2456/2558 2479/2483/2585 2475/2479/2581
f 2450/2454/2556 2449/2453/2555 2453/2457/2559
f 2453/2457/2559 2452/2456/2558 2450/2454/2556
f 2449/2453/2555 2546/2550/2652 2547/2551/2653
f 2547/2551/2653 2453/2457/2559 2449/2453/2555
f 2431/2435/2537 2418/2422/2524 2420/2424/2526
f 2420/2424/2526 2433/2437/2539 2431/2435/2537
f 2418/2422/2524 2398/2402/2504 2400/2404/2506
f 2400/2404/2506 2420/2424/2526 2418/2422/2524
f 2398/2402/2504 2397/2401/2503 2401/2405/2507
f 2401/2405/2507 2400/2404/2506 2398/2402/2504
f 2722/2726/2828 2721/2725/2827 2401/2405/2507
f 2401/2405/2507 2397/2401/2503 2722/2726/2828
f 2728/2732/2834 2735/2739/2841 2734/2738/2840
f 2734/2738/2840 2729/2733/2835 2728/2732/2834
f 2744/2748/2850 2746/2750/2852 2735/2739/2841
f 2735/2739/2841 2728/2732/2834 2744/2748/2850
f 2752/2756/2858 2696/2700/2802 2746/2750/2852
f 2746/2750/2852 2744/2748/2850 2752/2756/2858
f 2779/2783/2885 2697/2701/2803 2696/2700/2802
f 2696/2700/2802 2752/2756/2858 2779/2783/2885
f 2780/2784/2886 2710/2714/2816 2697/2701/2803
f 2697/2701/2803 2779/2783/2885 2780/2784/2886
f 2803/2807/2909 2801/2805/2907 2626/2630/2732
f 2626/2630/2732 2636/2640/2742 2803/2807/2909
f 2801/2805/2907 2797/2801/2903 2620/2624/2726
f 2620/2624/2726 2626/2630/2732 2801/2805/2907
f 2797/2801/2903 2800/2804/2906 2621/2625/2727
f 2621/2625/2727 2620/2624/2726 2797/2801/2903
f 2800/2804/2906 2806/2810/2912 2658/2662/2764
f 2658/2662/2764 2621/2625/2727 2800/2804/2906
f 2795/2799/2901 2793/2797/2899 2599/2603/2705
f 2599/2603/2705 2606/2610/2712 2795/2799/2901
f 2793/2797/2899 2791/2795/2897 2592/2596/2698
f 2592/2596/2698 2599/2603/2705 2793/2797/2899
f 2791/2795/2897 2789/2793/2895 2585/2589/2691
f 2585/2589/2691 2592/2596/2698 2791/2795/2897
f 2789/2793/2895 2787/2791/2893 2578/2582/2684
f 2578/2582/2684 2585/2589/2691 2789/2793/2895
f 2787/2791/2893 2785/2789/2891 2571/2575/2677
f 2571/2575/2677 2578/2582/2684 2787/2791/2893
f 2785/2789/2891 2781/2785/2887 2559/2563/2665
f 2559/2563/2665 2571/2575/2677 2785/2789/2891
f 2781/2785/2887 2784/2788/2890 2560/2564/2666
f 2560/2564/2666 2559/2563/2665 2781/2785/2887
f 2646/2650/2752 2649/2653/2755 2652/2656/2758
f 2652/2656/2758 2651/2655/2757 2646/2650/2752
f 2649/2653/2755 2529/2533/2635 2534/2538/2640
f 2534/2538/2640 2652/2656/2758 2649/2653/2755
f 2529/2533/2635 2532/2536/2638 2535/2539/2641
f 2535/2539/2641 2534/2538/2640 2529/2533/2635
f 2532/2536/2638 2510/2514/2616 2513/2517/2619
f 2513/2517/2619 2535/2539/2641 2532/2536/2638
f 2510/2514/2616 2497/2501/2603 2500/2504/2606
f 2500/2504/2606 2513/2517/2619 2510/2514/2616
f 2497/2501/2603 2477/2481/2583 2482/2486/2588
f 2482/2486/2588 2500/2504/2606 2497/2501/2603
f 2477/2481/2583 2480/2484/2586 2483/2487/2589
f 2483/2487/2589 2482/2486/2588 2477/2481/2583
f 2480/2484/2586 2451/2455/2557 2456/2460/2562
f 2456/2460/2562 2483/2487/2589 2480/2484/2586
f 2451/2455/2557 2454/2458/2560 2457/2461/2563
f 2457/2461/2563 2456/2460/2562 2451/2455/2557
f 2454/2458/2560 2548/2552/2654 2549/2553/2655
f 2549/2553/2655 2457/2461/2563 2454/2458/2560
f 2432/2436/2538 2419/2423/2525 2422/2426/2528
f 2422/2426/2528 2435/2439/2541 2432/2436/2538
f 2419/2423/2525 2399/2403/2505 2404/2408/2510
f 2404/2408/2510 2422/2426/2528 2419/2423/2525
f 2399/2403/2505 2402/2406/2508 2405/2409/2511
f 2405/2409/2511 2404/2408/2510 2399/2403/2505
f 2720/2724/2826 2719/2723/2825 2405/2409/2511
f 2405/2409/2511 2402/2406/2508 2720/2724/2826
f 2732/2736/2838 2739/2743/2845 2738/2742/2844
f 2738/2742/2844 2733/2737/2839 2732/2736/2838
f 2745/2749/2851 2748/2752/2854 2739/2743/2845
f 2739/2743/2845 2732/2736/2838 2745/2749/2851
f 2695/2699/2801 2753/2757/2859 2748/2752/2854
f 2748/2752/2854 2745/2749/2851 2695/2699/2801
f 2694/2698/2800 2777/2781/2883 2753/2757/2859
f 2753/2757/2859 2695/2699/2801 2694/2698/2800
f 2709/2713/2815 2778/2782/2884 2777/2781/2883
f 2777/2781/2883 2694/2698/2800 2709/2713/2815
f 2639/2643/2745 2632/2636/2738 2624/2628/2730
f 2624/2628/2730 2634/2638/2740 2639/2643/2745
f 2632/2636/2738 2631/2635/2737 2616/2620/2722
f 2616/2620/2722 2624/2628/2730 2632/2636/2738
f 2631/2635/2737 2670/2674/2776 2617/2621/2723
f 2617/2621/2723 2616/2620/2722 2631/2635/2737
f 2670/2674/2776 2614/2618/2720 2659/2663/2765
f 2659/2663/2765 2617/2621/2723 2670/2674/2776
f 2602/2606/2708 2595/2599/2701 2590/2594/2696
f 2590/2594/2696 2597/2601/2703 2602/2606/2708
f 2595/2599/2701 2588/2592/2694 2583/2587/2689
f 2583/2587/2689 2590/2594/2696 2595/2599/2701
f 2588/2592/2694 2581/2585/2687 2576/2580/2682
f 2576/2580/2682 2583/2587/2689 2588/2592/2694
f 2581/2585/2687 2574/2578/2680 2569/2573/2675
f 2569/2573/2675 2576/2580/2682 2581/2585/2687
f 2574/2578/2680 2567/2571/2673 2555/2559/2661
f 2555/2559/2661 2569/2573/2675 2574/2578/2680
f 2567/2571/2673 2566/2570/2672 2556/2560/2662
f 2556/2560/2662 2555/2559/2661 2567/2571/2673
f 2657/2661/2763 2656/2660/2762 2642/2646/2748
f 2642/2646/2748 2641/2645/2747 2657/2661/2763
f 2656/2660/2762 2540/2544/2646 2518/2522/2624
f 2518/2522/2624 2642/2646/2748 2656/2660/2762
f 2540/2544/2646 2539/2543/2645 2519/2523/2625
f 2519/2523/2625 2518/2522/2624 2540/2544/2646
f 2539/2543/2645 2516/2520/2622 2505/2509/2611
f 2505/2509/2611 2519/2523/2625 2539/2543/2645
f 2516/2520/2622 2503/2507/2609 2492/2496/2598
f 2492/2496/2598 2505/2509/2611 2516/2520/2622
f 2503/2507/2609 2490/2494/2596 2466/2470/2572
f 2466/2470/2572 2492/2496/2598 2503/2507/2609
f 2490/2494/2596 2489/2493/2595 2467/2471/2573
f 2467/2471/2573 2466/2470/2572 2490/2494/2596
f 2489/2493/2595 2464/2468/2570 2440/2444/2546
f 2440/2444/2546 2467/2471/2573 2489/2493/2595
f 2464/2468/2570 2463/2467/2569 2441/2445/2547
f 2441/2445/2547 2440/2444/2546 2464/2468/2570
f 2463/2467/2569 2553/2557/2659 2541/2545/2647
f 2541/2545/2647 2441/2445/2547 2463/2467/2569
f 2438/2442/2544 2425/2429/2531 2414/2418/2520
f 2414/2418/2520 2427/2431/2533 2438/2442/2544
f 2425/2429/2531 2412/2416/2518 2388/2392/2494
f 2388/2392/2494 2414/2418/2520 2425/2429/2531
f 2412/2416/2518 2411/2415/2517 2389/2393/2495
f 2389/2393/2495 2388/2392/2494 2412/2416/2518
f 2715/2719/2821 2727/2731/2833 2389/2393/2495
f 2389/2393/2495 2411/2415/2517 2715/2719/2821
f 2687/2691/2793 2676/2680/2782 2679/2683/2785
f 2679/2683/2785 2688/2692/2794 2687/2691/2793
f 2713/2717/2819 2703/2707/2809 2676/2680/2782
f 2676/2680/2782 2687/2691/2793 2713/2717/2819
f 2810/2814/2916 1771/1785/1881 1412/1415/1421
f 1412/1415/1421 1414/1417/1423 2810/2814/2916
f 2811/2815/2917 1797/1811/1909 1782/1796/1892
f 1782/1796/1892 2812/2816/2918 2811/2815/2917
f 2812/2816/2918 1782/1796/1892 1783/1797/1893
f 1783/1797/1893 2813/2817/2919 2812/2816/2918
f 2813/2817/2919 1783/1797/1893 1784/1798/1894
f 1784/1798/1894 2814/2818/2920 2813/2817/2919
f 2814/2818/2920 1784/1798/1894 1767/1781/1877
f 1767/1781/1877 2815/2819/2921 2814/2818/2920
f 2815/2819/2921 1767/1781/1877 1766/1780/1876
f 1766/1780/1876 2816/2820/2922 2815/2819/2921
f 2816/2820/2922 1766/1780/1876 1770/1784/1880
f 1770/1784/1880 2817/2821/2923 2816/2820/2922
f 2817/2821/2923 1770/1784/1880 1771/1785/1881
f 1771/1785/1881 2810/2814/2916 2817/2821/2923
f 2818/2822/2924 2810/2814/2916 1414/1417/1423
f 1414/1417/1423 1423/1426/1432 2818/2822/2924
f 2819/2823/2925 2817/2821/2923 2810/2814/2916
f 2810/2814/2916 2818/2822/2924 2819/2823/2925
f 2820/2824/2926 2816/2820/2922 2817/2821/2923
f 2817/2821/2923 2819/2823/2925 2820/2824/2926
f 2821/2825/2927 2815/2819/2921 2816/2820/2922
f 2816/2820/2922 2820/2824/2926 2821/2825/2927
f 2822/2826/2928 2814/2818/2920 2815/2819/2921
f 2815/2819/2921 2821/2825/2927 2822/2826/2928
f 2823/2827/2929 2813/2817/2919 2814/2818/2920
f 2814/2818/2920 2822/2826/2928 2823/2827/2929
f 2824/2828/2930 2812/2816/2918 2813/2817/2919
f 2813/2817/2919 2823/2827/2929 2824/2828/2930
f 2825/2829/2931 2811/2815/2917 2812/2816/2918
f 2812/2816/2918 2824/2828/2930 2825/2829/2931
f 1681/1695/1790 1680/1694/1789 1672/1686/1781
f 1672/1686/1781 1638/1652/1740 1681/1695/1790
f 1683/1697/1792 1646/1660/1748 1672/1686/1781
f 1672/1686/1781 1680/1694/1789 1683/1697/1792
f 1646/1660/1748 1683/1697/1792 1684/1698/1793
f 1684/1698/1793 1647/1661/1749 1646/1660/1748
f 1637/1651/1739 1644/1658/1746 1681/1695/1790
f 1681/1695/1790 1638/1652/1740 1637/1651/1739
f 1644/1658/1746 1765/1779/1875 1682/1696/1791
f 1682/1696/1791 1681/1695/1790 1644/1658/1746
f 1785/1799/1895 1685/1699/1794 1682/1696/1791
f 1682/1696/1791 1765/1779/1875 1785/1799/1895
f 2826/2830/2932 2379/2383/2485 2380/2384/2486
f 2380/2384/2486 2827/2831/2933 2826/2830/2932
f 2827/2831/2933 2380/2384/2486 2381/2385/2487
f 2381/2385/2487 2828/2832/2934 2827/2831/2933
f 2829/2833/2935 2382/2386/2488 2383/2387/2489
f 2383/2387/2489 2830/2834/2936 2829/2833/2935
f 2830/2834/2936 2383/2387/2489 2384/2388/2490
f 2384/2388/2490 2831/2835/2937 2830/2834/2936
f 2831/2835/2937 2384/2388/2490 2385/2389/2491
f 2385/2389/2491 2832/2836/2938 2831/2835/2937
f 2832/2836/2938 2385/2389/2491 2386/2390/2492
f 2386/2390/2492 2833/2837/2939 2832/2836/2938
f 2833/2837/2939 2386/2390/2492 2378/2382/2484
f 2378/2382/2484 2834/2838/2940 2833/2837/2939
f 2834/2838/2940 2378/2382/2484 2379/2383/2485
f 2379/2383/2485 2826/2830/2932 2834/2838/2940
f 2541/2545/2941 2835/2839/2942 2836/2840/2943
f 2836/2840/2943 2542/2546/2944 2541/2545/2941
f 2542/2546/2944 2836/2840/2943 2837/2841/2945
f 2837/2841/2945 2543/2547/2649 2542/2546/2944
f 2543/2547/2649 2837/2841/2945 2838/2842/2946
f 2838/2842/2946 2544/2548/2650 2543/2547/2649
f 2545/2549/2651 2839/2843/2947 2840/2844/2948
f 2840/2844/2948 2546/2550/2652 2545/2549/2651
f 2547/2551/2653 2841/2845/2949 2842/2846/2950
f 2842/2846/2950 2548/2552/2654 2547/2551/2653
f 2549/2553/2655 2843/2847/2951 2844/2848/2952
f 2844/2848/2952 2550/2554/2656 2549/2553/2655
f 2550/2554/2656 2844/2848/2952 2845/2849/2953
f 2845/2849/2953 2551/2555/2954 2550/2554/2656
f 2552/2556/2955 2846/2850/2956 2847/2851/2957
f 2847/2851/2957 2553/2557/2958 2552/2556/2955
f 2600/2604/2959 2848/2852/2960 2849/2853/2961
f 2849/2853/2962 2598/2602/2963 2600/2604/2964
f 2602/2606/2965 2850/2854/2966 2851/2855/2967
f 2851/2855/2967 2601/2605/2968 2602/2606/2965
f 2603/2607/2969 2852/2856/2970 2853/2857/2971
f 2853/2857/2971 2604/2608/2972 2603/2607/2969
f 2598/2602/2973 2849/2853/2974 2854/2858/2975
f 2854/2858/2976 2605/2609/2977 2598/2602/2978
f 2605/2609/2979 2854/2858/2980 2855/2859/2981
f 2855/2859/2981 2606/2610/2982 2605/2609/2979
f 2795/2799/2983 2856/2860/2983 2857/2861/2984
f 2857/2861/2985 2796/2800/2986 2795/2799/2987
f 2796/2800/2988 2857/2861/2988 1463/1466/1488
f 1463/1466/1488 1464/1467/1491 2796/2800/2988
f 2546/2550/2652 2840/2844/2948 2841/2845/2949
f 2841/2845/2949 2547/2551/2653 2546/2550/2652
f 2606/2610/2982 2855/2859/2981 2856/2860/2989
f 2856/2860/2990 2795/2799/2991 2606/2610/2992
f 2548/2552/2654 2842/2846/2950 2843/2847/2951
f 2843/2847/2951 2549/2553/2655 2548/2552/2654
f 2604/2608/2972 2853/2857/2971 2858/2862/2993
f 2858/2862/2994 2859/2863/2995 2604/2608/2996
f 2859/2863/2997 2858/2862/2998 2850/2854/2999
f 2850/2854/3000 2602/2606/3001 2859/2863/3002
f 2553/2557/2958 2847/2851/2957 2835/2839/2942
f 2835/2839/2942 2541/2545/2941 2553/2557/2958
f 2426/2430/3003 2860/2864/3004 2861/2865/3005
f 2861/2865/3005 2427/2431/3006 2426/2430/3003
f 2428/2432/3007 2862/2866/3008 2860/2864/3004
f 2860/2864/3004 2426/2430/3003 2428/2432/3007
f 2429/2433/3009 2863/2867/3010 2862/2866/3008
f 2862/2866/3008 2428/2432/3007 2429/2433/3009
f 2431/2435/3011 2864/2868/3012 2865/2869/3013
f 2865/2869/3013 2430/2434/3014 2431/2435/3011
f 2432/2436/3015 2866/2870/3016 2867/2871/3017
f 2867/2871/3017 2433/2437/3018 2432/2436/3015
f 2434/2438/3019 2868/2872/3020 2869/2873/3021
f 2869/2873/3021 2435/2439/3022 2434/2438/3019
f 2436/2440/3023 2870/2874/3024 2868/2872/3020
f 2868/2872/3020 2434/2438/3019 2436/2440/3023
f 2438/2442/3025 2871/2875/3026 2872/2876/3027
f 2872/2876/3027 2437/2441/3028 2438/2442/3025
f 2433/2437/3018 2867/2871/3017 2864/2868/3012
f 2864/2868/3012 2431/2435/3011 2433/2437/3018
f 2435/2439/3022 2869/2873/3021 2866/2870/3016
f 2866/2870/3016 2432/2436/3015 2435/2439/3022
f 2427/2431/3006 2861/2865/3005 2871/2875/3026
f 2871/2875/3026 2438/2442/3025 2427/2431/3006
f 2873/2877/3029 1801/1815/3030 1800/1814/3031
f 2873/2877/3029 1800/1814/3031 2874/2878/3032
f 2874/2878/3032 2875/2879/3033 2873/2877/3029
f 2876/2880/3034 1833/1847/3035 1811/1825/3036
f 2876/2880/3034 1811/1825/3036 2877/2881/3037
f 2877/2881/3037 2878/2882/3038 2876/2880/3034
f 2879/2883/3039 1862/1876/3040 1852/1866/3041
f 2879/2883/3039 1852/1866/3041 2880/2884/3042
f 2880/2884/3042 2881/2885/3043 2879/2883/3039
f 2882/2886/3044 1881/1895/3045 1870/1884/3046
f 2882/2886/3044 1870/1884/3046 2883/2887/3047
f 2883/2887/3047 2884/2888/3048 2882/2886/3044
f 2633/2637/3049 2885/2889/3050 2886/2890/3051
f 2886/2890/3051 2634/2638/3052 2633/2637/3049
f 2635/2639/3053 2887/2891/3054 2888/2892/3055
f 2888/2892/3055 2636/2640/3056 2635/2639/3053
f 2637/2641/3057 2889/2893/3058 2887/2891/3054
f 2887/2891/3054 2635/2639/3053 2637/2641/3057
f 2639/2643/3059 2890/2894/3060 2891/2895/3061
f 2891/2895/3061 2638/2642/3062 2639/2643/3059
f 2803/2807/3063 2892/2896/3064 2893/2897/3065
f 2893/2897/3065 2804/2808/3066 2803/2807/3063
f 2804/2808/3066 2893/2897/3065 1501/1504/1570
f 1501/1504/1570 1502/1505/1571 2804/2808/3066
f 2636/2640/3056 2888/2892/3055 2892/2896/3067
f 2892/2896/3068 2803/2807/3069 2636/2640/3070
f 2634/2638/3052 2886/2890/3051 2890/2894/3060
f 2890/2894/3060 2639/2643/3059 2634/2638/3052
f 1799/1813/3071 1798/1812/3072 2894/1549/1632
f 2894/1549/1632 2895/1530/1609 1799/1813/3071
f 1811/1825/3036 1801/1815/3030 2873/2877/3029
f 1811/1825/3036 2873/2877/3029 2878/2882/3038
f 2878/2882/3038 2877/2881/3037 1811/1825/3036
f 1810/1824/3073 2297/1550/1633 2894/1549/1632
f 2894/1549/1632 1798/1812/3072 1810/1824/3073
f 1810/1824/3073 1832/1846/3074 2294/2308/2410
f 2294/2308/2410 2297/1550/1633 1810/1824/3073
f 1852/1866/3041 1833/1847/3035 2876/2880/3034
f 1852/1866/3041 2876/2880/3034 2881/2885/3043
f 2881/2885/3043 2880/2884/3042 1852/1866/3041
f 1851/1865/3075 2298/1521/1598 2294/2308/2410
f 2294/2308/2410 1832/1846/3074 1851/1865/3075
f 1851/1865/3075 1861/1875/3076 2896/164/157
f 2896/164/157 2298/1521/1598 1851/1865/3075
f 1870/1884/3046 1862/1876/3040 2879/2883/3039
f 1870/1884/3046 2879/2883/3039 2884/2888/3048
f 2884/2888/3048 2883/2887/3047 1870/1884/3046
f 1869/1883/3077 2897/165/158 2896/164/157
f 2896/164/157 1861/1875/3076 1869/1883/3077
f 1869/1883/3077 1880/1894/3078 2898/1536/1617
f 2898/1536/1617 2897/165/158 1869/1883/3077
f 1800/1814/3031 1896/1910/3079 2899/2898/3080
f 1800/1814/3031 2899/2898/3080 2875/2879/3033
f 2875/2879/3033 2874/2878/3032 1800/1814/3031
f 1799/1813/3071 2895/1530/1609 2900/1529/1608
f 2900/1529/1608 1895/1909/3081 1799/1813/3071
f 1570/1584/1672 161/161/155 1510/1513/1591
f 1510/1513/1591 1571/1585/1673 1570/1584/1672
f 1571/1585/1673 1510/1513/1591 1511/1514/1592
f 1511/1514/1592 1574/1588/1676 1571/1585/1673
f 2901/2899/1417 2902/2899/3082 2903/2900/3083
f 2904/2901/3084 2905/2902/3084 2901/2899/3084
f 2904/2901/3085 2901/2899/3084 2903/2900/3085
f 2894/1549/1632 2311/1548/1631 2309/1535/1616
f 2906/2903/1417 2907/2903/3086 2908/2904/3087
f 2604/2608/2710 2859/2863/3088 2602/2606/2708
f 2906/2903/3089 2908/2904/3089 2909/2905/3089
f 2909/2905/3090 2910/2906/3091 2906/2903/3092
f 1574/1588/1676 1511/1514/1592 2911/2907/3093
f 2911/2907/3093 2912/2908/3094 1574/1588/1676
f 2602/2606/2708 2597/2601/2703 2604/2608/2710
f 1658/1672/1764 240/243/238 270/273/269
f 270/273/269 1659/1673/1765 1658/1672/1764
f 1569/1583/1669 2885/2889/3050 2633/2637/3049
f 2913/2909/3095 2914/2910/3096 2915/2911/3096
f 2913/2909/3095 2915/2911/3096 2916/2912/3097
f 2913/2909/3095 2916/2912/3097 2917/2909/1610
f 2633/2637/3049 1235/1238/1670 1569/1583/1669
f 2918/2913/3098 1528/1537/3099 1594/1608/3100
f 1594/1608/3100 2919/2914/3101 2918/2913/3098
f 1594/1608/1696 1528/1537/1623 1531/1540/1622
f 1531/1540/1622 1595/1609/1697 1594/1608/1696
f 1663/1677/1769 1533/1542/1625 1532/1541/1624
f 1532/1541/1624 1660/1674/1766 1663/1677/1769
f 2920/2915/1610 2921/2915/3102 2922/2916/3103
f 2920/2915/3104 2922/2916/1610 2923/2917/3105
f 2920/2915/3104 2923/2917/3105 2924/2918/3106
f 2924/2918/3107 2925/2919/3108 2920/2915/3109
f 1674/1688/1783 269/272/268 1538/1551/1634
f 1538/1551/1634 1675/1689/1784 1674/1688/1783
f 1660/1674/1766 1532/1541/1624 1539/1552/1635
f 1539/1552/1635 1666/1680/1772 1660/1674/1766
f 1675/1689/1784 1538/1551/1634 2926/2920/3110
f 1568/1582/1667 2852/2856/2970 2603/2607/2969
f 2926/2920/3110 2927/2921/3110 1675/1689/1784
f 1595/1609/1697 1531/1540/1622 1533/1542/1638
f 1533/1542/1638 1663/1677/1907 1595/1609/1697
f 1666/1680/1772 1539/1552/1635 385/388/385
f 385/388/385 1667/1681/1773 1666/1680/1772
f 1710/1724/1820 2928/2922/3111 2929/2923/3112
f 2929/2923/3112 1711/1725/1821 1710/1724/1820
f 1711/1725/1821 2929/2923/3112 2930/2924/1641
f 2930/2924/1641 1713/1727/1823 1711/1725/1821
f 1713/1727/1823 2930/2924/1641 1545/1559/1642
f 1545/1559/1642 1715/1729/1825 1713/1727/1823
f 1715/1729/1825 1545/1559/1642 1546/1560/1643
f 1546/1560/1643 1717/1731/1827 1715/1729/1825
f 1720/1734/1830 2931/2925/3113 2928/2922/3111
f 2928/2922/3111 1710/1724/1820 1720/1734/1830
f 1773/1787/1883 2932/2926/3114 2931/2925/3113
f 2931/2925/3113 1720/1734/1830 1773/1787/1883
f 1778/1792/1888 2933/2927/3115 2932/2926/3114
f 2932/2926/3114 1773/1787/1883 1778/1792/1888
f 1717/1731/1827 1546/1560/1643 1550/1564/1647
f 1550/1564/1647 1785/1799/1895 1717/1731/1827
f 1797/1811/1909 2934/2928/3116 2933/2927/3115
f 2933/2927/3115 1778/1792/1888 1797/1811/1909
f 2524/2528/3117 2935/2929/3118 2807/2811/3119
f 2807/2811/2913 2522/2526/2628 2524/2528/2630
f 2528/2532/2634 2808/2812/2914 2936/2930/3120
f 2936/2930/3120 2525/2529/2631 2528/2532/2634
f 2804/2808/2910 1502/1505/1652 1554/1568/1651
f 1554/1568/1651 2802/2806/2908 2804/2808/2910
f 2802/2806/2908 1554/1568/1651 1555/1569/1653
f 1555/1569/1653 2798/2802/2904 2802/2806/2908
f 2798/2802/2904 1555/1569/1653 1556/1570/1654
f 1556/1570/1654 2799/2803/2905 2798/2802/2904
f 2799/2803/2905 1556/1570/1654 1557/1571/1655
f 1557/1571/1655 2805/2809/2911 2799/2803/2905
f 2796/2800/2902 1464/1467/1657 1558/1572/1656
f 1558/1572/1656 2794/2798/2900 2796/2800/2902
f 2794/2798/2900 1558/1572/1656 1559/1573/1658
f 1559/1573/1658 2792/2796/2898 2794/2798/2900
f 2792/2796/2898 1559/1573/1658 1560/1574/1659
f 1560/1574/1659 2790/2794/2896 2792/2796/2898
f 2790/2794/2896 1560/1574/1659 1561/1575/1660
f 1561/1575/1660 2788/2792/2894 2790/2794/2896
f 2788/2792/2894 1561/1575/1660 1562/1576/1661
f 1562/1576/1661 2786/2790/2892 2788/2792/2894
f 2786/2790/2892 1562/1576/1661 1563/1577/1662
f 1563/1577/1662 2782/2786/2888 2786/2790/2892
f 2782/2786/2888 1563/1577/1662 1564/1578/1663
f 1564/1578/1663 2783/2787/2889 2782/2786/2888
f 2647/2651/2753 2937/2931/3121 2809/2813/2915
f 2809/2813/2915 2648/2652/2754 2647/2651/2753
f 2811/2815/2917 2938/2932/3122 2934/2928/3116
f 2934/2928/3116 1797/1811/1909 2811/2815/2917
f 2825/2829/2931 2939/2933/3123 2938/2932/3122
f 2938/2932/3122 2811/2815/2917 2825/2829/2931
f 1684/1698/1793 267/270/266 238/241/236
f 238/241/236 1647/1661/1749 1684/1698/1793
f 1785/1799/1895 1550/1564/1647 268/271/267
f 268/271/267 1685/1699/1794 1785/1799/1895
f 1756/1770/1866 344/347/344 1412/1415/1421
f 1412/1415/1421 1771/1785/1881 1756/1770/1866
f 2603/2607/2969 1201/1204/1668 1568/1582/1667
f 2940/2934/3124 2941/2935/3125 2942/2936/3126
f 2942/2936/3126 2943/2937/3127 2940/2934/3124
f 2944/2938/3128 2940/2934/3124 2943/2937/3127
f 2943/2937/3127 2945/2939/3129 2944/2938/3128
f 2946/2940/3130 2944/2938/3128 2945/2939/3129
f 2945/2939/3129 2947/2941/3131 2946/2940/3130
f 2948/2942/3132 2949/2943/3133 2950/2944/3134
f 2950/2944/3134 2951/2945/3135 2948/2942/3132
f 2952/2946/3136 2948/2942/3132 2951/2945/3135
f 2951/2945/3135 2953/2947/3137 2952/2946/3136
f 2954/2948/3138 2952/2946/3136 2953/2947/3137
f 2953/2947/3137 2955/2949/3139 2954/2948/3138
f 2956/2950/3140 2954/2948/3138 2955/2949/3139
f 2955/2949/3139 2957/2951/3141 2956/2950/3140
f 2958/2952/3142 2956/2950/3140 2957/2951/3141
f 2957/2951/3141 2959/2953/3143 2958/2952/3142
f 2960/2954/3144 2958/2952/3142 2959/2953/3143
f 2959/2953/3143 2961/2955/3145 2960/2954/3144
f 2962/2956/3146 2960/2954/3144 2961/2955/3145
f 2961/2955/3145 2963/2957/3147 2962/2956/3146
f 2964/2958/3148 2962/2956/3146 2963/2957/3147
f 2963/2957/3147 2965/2959/3149 2964/2958/3148
f 2966/2960/3150 2964/2958/3148 2967/2961/3151
f 2967/2961/3151 2968/2962/3152 2966/2960/3150
f 2969/2963/3153 2966/2960/3150 2968/2962/3152
f 2968/2962/3152 2970/2964/3154 2969/2963/3153
f 2971/2965/3155 2969/2963/3153 2970/2964/3154
f 2970/2964/3154 2972/2966/3156 2971/2965/3155
f 2973/2967/3157 2971/2965/3155 2972/2966/3156
f 2972/2966/3156 2974/2968/3158 2973/2967/3157
f 2975/2969/3159 2973/2967/3157 2974/2968/3158
f 2974/2968/3158 2976/2970/3160 2975/2969/3159
f 2977/2971/3161 2975/2969/3159 2976/2970/3160
f 2976/2970/3160 2978/2972/3162 2977/2971/3161
f 2979/2973/3163 2977/2971/3161 2978/2972/3162
f 2978/2972/3162 2980/2974/3164 2979/2973/3163
f 2981/2975/3165 2982/2976/3166 2983/2977/3167
f 2983/2977/3167 2984/2978/3168 2981/2975/3165
f 2985/2979/3169 2981/2975/3165 2984/2978/3168
f 2984/2978/3168 2986/2980/3170 2985/2979/3169
f 2987/2981/3171 2985/2979/3169 2986/2980/3170
f 2986/2980/3170 2988/2982/3172 2987/2981/3171
f 2941/2935/3125 2987/2981/3171 2989/2983/3173
f 2989/2983/3173 2942/2936/3126 2941/2935/3125
f 2943/2937/3127 2942/2936/3126 2989/2983/3173
f 2989/2983/3173 2990/2984/3174 2943/2937/3127
f 2945/2939/3129 2943/2937/3127 2990/2984/3174
f 2990/2984/3174 2991/2985/3175 2945/2939/3129
f 2947/2941/3131 2945/2939/3129 2991/2985/3175
f 2991/2985/3175 2992/2986/3176 2947/2941/3131
f 2951/2945/3135 2950/2944/3134 2993/2987/3177
f 2993/2987/3177 2994/2988/3178 2951/2945/3135
f 2953/2947/3137 2951/2945/3135 2994/2988/3178
f 2994/2988/3178 2995/2989/3179 2953/2947/3137
f 2955/2949/3139 2953/2947/3137 2995/2989/3179
f 2995/2989/3179 2996/2990/3180 2955/2949/3139
f 2957/2951/3141 2955/2949/3139 2996/2990/3180
f 2996/2990/3180 2997/2991/3181 2957/2951/3141
f 2959/2953/3143 2957/2951/3141 2997/2991/3181
f 2997/2991/3181 2998/2992/3182 2959/2953/3143
f 2961/2955/3145 2959/2953/3143 2998/2992/3182
f 2998/2992/3182 2999/2993/3183 2961/2955/3145
f 2963/2957/3147 2961/2955/3145 2999/2993/3183
f 2999/2993/3183 2965/2959/3149 2963/2957/3147
f 2985/2979/3169 2987/2981/3171 2941/2935/3125
f 2941/2935/3125 2940/2934/3124 2985/2979/3169
f 2981/2975/3165 2985/2979/3169 2940/2934/3124
f 2940/2934/3124 2944/2938/3128 2981/2975/3165
f 2982/2976/3166 2981/2975/3165 2944/2938/3128
f 2944/2938/3128 2946/2940/3130 2982/2976/3166
f 2977/2971/3161 2979/2973/3163 2949/2943/3133
f 2949/2943/3133 2948/2942/3132 2977/2971/3161
f 2975/2969/3159 2977/2971/3161 2948/2942/3132
f 2948/2942/3132 2952/2946/3136 2975/2969/3159
f 2973/2967/3157 2975/2969/3159 2952/2946/3136
f 2952/2946/3136 2954/2948/3138 2973/2967/3157
f 2971/2965/3155 2973/2967/3157 2954/2948/3138
f 2954/2948/3138 2956/2950/3140 2971/2965/3155
f 2969/2963/3153 2971/2965/3155 2956/2950/3140
f 2956/2950/3140 2958/2952/3142 2969/2963/3153
f 2966/2960/3150 2969/2963/3153 2958/2952/3142
f 2958/2952/3142 2960/2954/3144 2966/2960/3150
f 2964/2958/3148 2966/2960/3150 2960/2954/3144
f 2960/2954/3144 2962/2956/3146 2964/2958/3148
f 2949/2943/3133 2946/2940/3130 2947/2941/3131
f 2947/2941/3131 2950/2944/3134 2949/2943/3133
f 2950/2944/3134 2947/2941/3131 2992/2986/3176
f 2992/2986/3176 2993/2987/3177 2950/2944/3134
f 2982/2976/3166 2979/2973/3163 2980/2974/3164
f 2980/2974/3164 2983/2977/3167 2982/2976/3166
f 2979/2973/3163 2982/2976/3166 2946/2940/3130
f 2946/2940/3130 2949/2943/3133 2979/2973/3163
f 3000/2994/3184 3001/2995/3185 3002/2996/3186
f 3002/2996/3186 3003/2997/3187 3000/2994/3184
f 3003/2997/3187 3002/2996/3186 3004/2998/3188
f 3004/2998/3188 3005/2999/3189 3003/2997/3187
f 3005/2999/3189 3004/2998/3188 3006/3000/3190
f 3006/3000/3190 3007/3001/3191 3005/2999/3189
f 3008/3002/3192 3009/3003/3193 3010/3004/3194
f 3010/3004/3194 3011/3005/3195 3008/3002/3192
f 3011/3005/3195 3010/3004/3194 3012/3006/3196
f 3012/3006/3196 3013/3007/3197 3011/3005/3195
f 3013/3007/3197 3012/3006/3196 3014/3008/3198
f 3014/3008/3198 3015/3009/3199 3013/3007/3197
f 3015/3009/3199 3014/3008/3198 3016/3010/3200
f 3016/3010/3200 3017/3011/3201 3015/3009/3199
f 3017/3011/3201 3016/3010/3200 3018/3012/3202
f 3018/3012/3202 3019/3013/3203 3017/3011/3201
f 3019/3013/3203 3018/3012/3202 3020/3014/3204
f 3020/3014/3204 3021/3015/3205 3019/3013/3203
f 3021/3015/3205 3020/3014/3204 3022/3016/3206
f 3022/3016/3206 3023/3017/3207 3021/3015/3205
f 3023/3017/3207 3022/3016/3206 3024/3018/3208
f 3024/3018/3208 3025/3019/3209 3023/3017/3207
f 3026/3020/3210 3024/3018/3208 3027/3021/3211
f 3027/3021/3211 3028/3022/3212 3026/3020/3210
f 3028/3022/3212 3027/3021/3211 3029/3023/3213
f 3029/3023/3213 3030/3024/3214 3028/3022/3212
f 3030/3024/3214 3029/3023/3213 3031/3025/3215
f 3031/3025/3215 3032/3026/3216 3030/3024/3214
f 3032/3026/3216 3031/3025/3215 3033/3027/3217
f 3033/3027/3217 3034/3028/3218 3032/3026/3216
f 3034/3028/3218 3033/3027/3217 3035/3029/3219
f 3035/3029/3219 3036/3030/3220 3034/3028/3218
f 3036/3030/3220 3035/3029/3219 3037/3031/3221
f 3037/3031/3221 3038/3032/3222 3036/3030/3220
f 3038/3032/3222 3037/3031/3221 3039/3033/3223
f 3039/3033/3223 3040/3034/3224 3038/3032/3222
f 3041/3035/3225 3042/3036/3226 3043/3037/3227
f 3043/3037/3227 3044/3038/3228 3041/3035/3225
f 3044/3038/3228 3043/3037/3227 3045/3039/3229
f 3045/3039/3229 3046/3040/3230 3044/3038/3228
f 3046/3040/3230 3045/3039/3229 3047/3041/3231
f 3047/3041/3231 3048/3042/3232 3046/3040/3230
f 3049/3043/3233 3047/3041/3231 3001/2995/3185
f 3001/2995/3185 3000/2994/3184 3049/3043/3233
f 3049/3043/3233 3000/2994/3184 3003/2997/3187
f 3003/2997/3187 3050/3044/3234 3049/3043/3233
f 3050/3044/3234 3003/2997/3187 3005/2999/3189
f 3005/2999/3189 3051/3045/3235 3050/3044/3234
f 3051/3045/3235 3005/2999/3189 3007/3001/3191
f 3007/3001/3191 3052/3046/3236 3051/3045/3235
f 3053/3047/3237 3008/3002/3192 3011/3005/3195
f 3011/3005/3195 3054/3048/3238 3053/3047/3237
f 3054/3048/3238 3011/3005/3195 3013/3007/3197
f 3013/3007/3197 3055/3049/3239 3054/3048/3238
f 3055/3049/3239 3013/3007/3197 3015/3009/3199
f 3015/3009/3199 3056/3050/3240 3055/3049/3239
f 3056/3050/3240 3015/3009/3199 3017/3011/3201
f 3017/3011/3201 3057/3051/3241 3056/3050/3240
f 3057/3051/3241 3017/3011/3201 3019/3013/3203
f 3019/3013/3203 3058/3052/3242 3057/3051/3241
f 3058/3052/3242 3019/3013/3203 3021/3015/3205
f 3021/3015/3205 3059/3053/3243 3058/3052/3242
f 3059/3053/3243 3021/3015/3205 3023/3017/3207
f 3023/3017/3207 3025/3019/3209 3059/3053/3243
f 3001/2995/3185 3047/3041/3231 3045/3039/3229
f 3045/3039/3229 3002/2996/3186 3001/2995/3185
f 3002/2996/3186 3045/3039/3229 3043/3037/3227
f 3043/3037/3227 3004/2998/3188 3002/2996/3186
f 3004/2998/3188 3043/3037/3227 3042/3036/3226
f 3042/3036/3226 3006/3000/3190 3004/2998/3188
f 3009/3003/3193 3039/3033/3223 3037/3031/3221
f 3037/3031/3221 3010/3004/3194 3009/3003/3193
f 3010/3004/3194 3037/3031/3221 3035/3029/3219
f 3035/3029/3219 3012/3006/3196 3010/3004/3194
f 3012/3006/3196 3035/3029/3219 3033/3027/3217
f 3033/3027/3217 3014/3008/3198 3012/3006/3196
f 3014/3008/3198 3033/3027/3217 3031/3025/3215
f 3031/3025/3215 3016/3010/3200 3014/3008/3198
f 3016/3010/3200 3031/3025/3215 3029/3023/3213
f 3029/3023/3213 3018/3012/3202 3016/3010/3200
f 3018/3012/3202 3029/3023/3213 3027/3021/3211
f 3027/3021/3211 3020/3014/3204 3018/3012/3202
f 3020/3014/3204 3027/3021/3211 3024/3018/3208
f 3024/3018/3208 3022/3016/3206 3020/3014/3204
f 3007/3001/3191 3006/3000/3190 3009/3003/3193
f 3009/3003/3193 3008/3002/3192 3007/3001/3191
f 3052/3046/3236 3007/3001/3191 3008/3002/3192
f 3008/3002/3192 3053/3047/3237 3052/3046/3236
f 3040/3034/3224 3039/3033/3223 3042/3036/3226
f 3042/3036/3226 3041/3035/3225 3040/3034/3224
f 3006/3000/3190 3042/3036/3226 3039/3033/3223
f 3039/3033/3223 3009/3003/3193 3006/3000/3190
